gem,version,released,status,gem_bytes,rb_files,native_files,functions,functions_ruby,functions_native,functions_public,functions_private,functions_protected,functions_module_function,native_languages,lines_code,lines_total,parse_errors,added,removed,net,running_total,drift
jmespath,1.6.2,2022-11-25,ok,20992.0,30.0,0.0,199.0,200.0,0.0,148.0,47.0,4.0,0.0,,2039.0,2505.0,0.0,199.0,0.0,199.0,199.0,0.0
aws-sigv4,1.12.1,2025-06-10,ok,19456.0,7.0,0.0,80.0,80.0,0.0,46.0,34.0,0.0,0.0,,599.0,1139.0,0.0,80.0,0.0,80.0,80.0,0.0
i18n,1.15.2,2026-06-19,ok,47616.0,34.0,0.0,312.0,320.0,0.0,235.0,16.0,61.0,0.0,,2323.0,3707.0,0.0,312.0,0.0,312.0,312.0,0.0
aws-partitions,1.1283.0,2026-09-01,ok,83968.0,7.0,0.0,80.0,80.0,0.0,56.0,24.0,0.0,0.0,,964.0,1394.0,0.0,80.0,0.0,80.0,80.0,0.0
bundler,4.0.20,2026-09-02,ok,467968.0,147.0,0.0,2244.0,2247.0,0.0,1626.0,575.0,43.0,43.0,,16395.0,22241.0,0.0,2244.0,0.0,2244.0,2244.0,0.0
rake,13.4.2,2026-04-16,ok,86528.0,44.0,0.0,443.0,444.0,0.0,409.0,32.0,2.0,4.0,,2950.0,4662.0,0.0,443.0,0.0,443.0,443.0,0.0
aws-sdk-core,3.254.1,2026-08-06,ok,427520.0,285.0,0.0,2242.0,2250.0,0.0,1505.0,737.0,0.0,0.0,,19554.0,36961.0,0.0,2242.0,0.0,2242.0,2242.0,0.0
activesupport,8.1.3,2026-03-24,ok,269312.0,289.0,0.0,2495.0,2597.0,0.0,2046.0,445.0,4.0,5.0,,16634.0,31756.0,0.0,2495.0,0.0,2495.0,2495.0,0.0
aws-eventstream,1.4.0,2025-06-02,ok,13312.0,7.0,0.0,33.0,33.0,0.0,20.0,13.0,0.0,0.0,,283.0,539.0,0.0,33.0,0.0,33.0,33.0,0.0
tzinfo,2.0.6,2023-01-28,ok,79360.0,49.0,0.0,442.0,452.0,0.0,348.0,63.0,31.0,0.0,,2700.0,7056.0,0.0,442.0,0.0,442.0,442.0,0.0
diff-lcs,2.0.0,2026-02-02,ok,70144.0,16.0,0.0,111.0,112.0,0.0,105.0,6.0,0.0,0.0,,1167.0,2196.0,0.0,111.0,0.0,111.0,111.0,0.0
addressable,2.9.0,2026-04-05,ok,78336.0,7.0,0.0,157.0,162.0,0.0,142.0,9.0,6.0,0.0,,6649.0,8486.0,0.0,157.0,0.0,157.0,157.0,0.0
faraday,2.14.3,2026-06-16,ok,75776.0,33.0,0.0,353.0,366.0,0.0,298.0,40.0,15.0,16.0,,2264.0,3835.0,0.0,353.0,0.0,353.0,353.0,0.0
public_suffix,7.0.5,2026-03-03,ok,108544.0,6.0,0.0,61.0,62.0,0.0,58.0,2.0,1.0,0.0,,287.0,1070.0,0.0,61.0,0.0,61.0,61.0,0.0
json,3.0.0,2026-09-07,ok,104448.0,9.0,5.0,166.0,112.0,56.0,156.0,10.0,0.0,9.0,c,1055.0,2361.0,0.0,166.0,0.0,166.0,166.0,0.0
rack,3.2.7,2026-08-13,ok,121344.0,49.0,0.0,621.0,631.0,0.0,540.0,79.0,2.0,29.0,,5671.0,8725.0,0.0,621.0,0.0,621.0,621.0,0.0
minitest,6.0.6,2026-05-01,ok,107520.0,25.0,0.0,415.0,420.0,0.0,415.0,0.0,0.0,0.0,,2679.0,5358.0,0.0,415.0,0.0,415.0,415.0,0.0
concurrent-ruby,1.3.8,2026-07-19,ok,350720.0,118.0,15.0,1191.0,1202.0,0.0,912.0,203.0,76.0,0.0,java,7749.0,16480.0,0.0,1191.0,0.0,1191.0,1191.0,0.0
rspec-core,3.13.6,2025-10-19,ok,167936.0,73.0,0.0,1236.0,1269.0,0.0,963.0,269.0,4.0,7.0,,8019.0,14265.0,0.0,1236.0,0.0,1236.0,1236.0,0.0
rspec-expectations,3.13.5,2025-05-27,ok,89600.0,49.0,0.0,802.0,823.0,0.0,513.0,285.0,4.0,9.0,,4575.0,8097.0,0.0,802.0,0.0,802.0,802.0,0.0
aws-sdk-kms,1.130.0,2026-07-09,ok,178176.0,11.0,0.0,165.0,165.0,0.0,163.0,2.0,0.0,0.0,,3683.0,22342.0,0.0,165.0,0.0,165.0,165.0,0.0
rspec,3.13.2,2025-10-21,ok,10752.0,2.0,0.0,0.0,0.0,0.0,0.0,0.0,0.0,0.0,,7.0,10.0,0.0,0.0,0.0,0.0,0.0,0.0
rspec-support,3.13.7,2026-01-28,ok,40960.0,23.0,0.0,247.0,291.0,0.0,199.0,48.0,0.0,25.0,,1742.0,2596.0,0.0,247.0,0.0,247.0,247.0,0.0
multi_json,1.21.1,2026-05-04,ok,26624.0,16.0,0.0,83.0,83.0,0.0,57.0,26.0,0.0,7.0,,612.0,1785.0,0.0,83.0,0.0,83.0,83.0,0.0
rspec-mocks,3.13.8,2026-02-27,ok,82944.0,41.0,0.0,783.0,800.0,0.0,630.0,149.0,4.0,0.0,,4297.0,7056.0,0.0,783.0,0.0,783.0,783.0,0.0
unicode-display_width,3.2.0,2025-09-09,ok,18432.0,7.0,0.0,14.0,14.0,0.0,14.0,0.0,0.0,0.0,,277.0,384.0,0.0,14.0,0.0,14.0,14.0,0.0
nokogiri,1.19.4,2026-06-18,ok,4369408.0,78.0,72.0,841.0,640.0,205.0,803.0,37.0,1.0,0.0,c,7157.0,13221.0,0.0,841.0,0.0,841.0,841.0,0.0
thor,1.5.0,2026-01-06,ok,56832.0,36.0,0.0,530.0,530.0,0.0,356.0,50.0,124.0,0.0,,3631.0,6303.0,0.0,530.0,0.0,530.0,530.0,0.0
builder,3.3.0,2024-06-06,ok,30208.0,6.0,0.0,37.0,38.0,0.0,24.0,13.0,0.0,0.0,,398.0,834.0,0.0,37.0,0.0,37.0,37.0,0.0
mime-types,3.7.0,2025-05-07,ok,41984.0,14.0,0.0,176.0,177.0,0.0,129.0,44.0,3.0,0.0,,1018.0,1851.0,0.0,176.0,0.0,176.0,176.0,0.0
multipart-post,2.4.1,2024-05-07,ok,15872.0,11.0,0.0,30.0,30.0,0.0,27.0,3.0,0.0,0.0,,247.0,503.0,0.0,30.0,0.0,30.0,30.0,0.0
mini_mime,1.1.5,2023-08-08,ok,35328.0,3.0,0.0,32.0,33.0,0.0,32.0,0.0,0.0,0.0,,191.0,244.0,0.0,32.0,0.0,32.0,32.0,0.0
aws-sdk-s3,1.229.0,2026-08-06,ok,603648.0,126.0,0.0,1440.0,1450.0,0.0,1088.0,352.0,0.0,0.0,,20379.0,83141.0,0.0,1440.0,0.0,1440.0,1440.0,0.0
ffi,1.17.4,2026-03-26,ok,894464.0,32.0,142.0,400.0,228.0,193.0,387.0,7.0,6.0,0.0,c,1817.0,4025.0,0.0,400.0,0.0,400.0,400.0,0.0
jwt,3.2.0,2026-05-13,ok,54784.0,47.0,0.0,314.0,327.0,0.0,248.0,66.0,0.0,2.0,,1771.0,2872.0,0.0,314.0,0.0,314.0,314.0,0.0
rack-test,2.2.0,2024-12-23,ok,20992.0,1.0,0.0,26.0,27.0,0.0,20.0,6.0,0.0,0.0,,229.0,383.0,0.0,26.0,0.0,26.0,26.0,0.0
parallel,2.2.0,2026-09-06,ok,12800.0,3.0,0.0,70.0,70.0,0.0,42.0,28.0,0.0,0.0,,680.0,869.0,0.0,70.0,0.0,70.0,70.0,0.0
tilt,2.9.0,2026-08-17,ok,31744.0,39.0,0.0,167.0,179.0,0.0,127.0,31.0,9.0,0.0,,1548.0,3319.0,0.0,167.0,0.0,167.0,167.0,0.0
ast,2.4.3,2025-03-19,ok,11776.0,5.0,0.0,28.0,33.0,0.0,27.0,0.0,1.0,0.0,,155.0,620.0,0.0,28.0,0.0,28.0,28.0,0.0
actionpack,8.1.3,2026-03-24,ok,261632.0,156.0,0.0,2393.0,2422.0,0.0,1818.0,564.0,11.0,0.0,,15615.0,28288.0,0.0,2393.0,0.0,2393.0,2393.0,0.0
activemodel,8.1.3,2026-03-24,ok,71168.0,73.0,0.0,673.0,682.0,0.0,516.0,152.0,5.0,0.0,,3974.0,8728.0,0.0,673.0,0.0,673.0,673.0,0.0
rexml,3.4.4,2025-09-10,ok,105984.0,50.0,0.0,735.0,748.0,0.0,628.0,90.0,17.0,0.0,,7034.0,11453.0,0.0,735.0,0.0,735.0,735.0,0.0
method_source,1.1.0,2024-04-15,ok,13824.0,4.0,0.0,24.0,28.0,0.0,22.0,2.0,0.0,0.0,,266.0,476.0,0.0,24.0,0.0,24.0,24.0,0.0
rainbow,3.1.1,2022-01-11,ok,13824.0,11.0,0.0,103.0,115.0,0.0,101.0,2.0,0.0,0.0,,559.0,723.0,0.0,103.0,0.0,103.0,103.0,0.0
faraday-net_http,3.4.4,2026-06-02,ok,8192.0,3.0,0.0,14.0,14.0,0.0,4.0,10.0,0.0,0.0,,182.0,225.0,0.0,14.0,0.0,14.0,14.0,0.0
rubyzip,3.6.0,2026-09-01,ok,59904.0,48.0,0.0,581.0,595.0,0.0,527.0,42.0,12.0,2.0,,3431.0,4994.0,0.0,581.0,0.0,581.0,581.0,0.0
rails,8.1.3,2026-03-24,ok,7168.0,0.0,0.0,0.0,0.0,0.0,0.0,0.0,0.0,0.0,,0.0,0.0,0.0,0.0,0.0,0.0,0.0,0.0
mime-types-data,3.2026.0701,2026-07-01,ok,179712.0,2.0,0.0,0.0,0.0,0.0,0.0,0.0,0.0,0.0,,9.0,26.0,0.0,0.0,0.0,0.0,0.0,0.0
loofah,2.25.2,2026-07-15,ok,36864.0,17.0,0.0,94.0,98.0,0.0,88.0,6.0,0.0,0.0,,1863.0,2705.0,0.0,94.0,0.0,94.0,94.0,0.0
ruby-progressbar,1.13.0,2023-03-04,ok,19456.0,25.0,0.0,261.0,263.0,0.0,195.0,23.0,43.0,0.0,,1011.0,1322.0,0.0,261.0,0.0,261.0,261.0,0.0
connection_pool,3.0.2,2025-12-05,ok,13312.0,5.0,0.0,44.0,45.0,0.0,35.0,9.0,0.0,0.0,,280.0,512.0,0.0,44.0,0.0,44.0,44.0,0.0
actionmailer,8.1.3,2026-03-24,ok,33280.0,23.0,0.0,162.0,163.0,0.0,111.0,51.0,0.0,0.0,,1187.0,2712.0,0.0,162.0,0.0,162.0,162.0,0.0
railties,8.1.3,2026-03-24,ok,202752.0,152.0,0.0,1572.0,1592.0,0.0,1091.0,462.0,19.0,0.0,,10489.0,15335.0,0.0,1572.0,0.0,1572.0,1572.0,0.0
rails-html-sanitizer,1.7.1,2026-07-16,ok,15360.0,4.0,0.0,55.0,55.0,0.0,41.0,5.0,9.0,0.0,,428.0,726.0,0.0,55.0,0.0,55.0,55.0,0.0
actionview,8.1.3,2026-03-24,ok,192000.0,122.0,0.0,1172.0,1186.0,0.0,871.0,301.0,0.0,0.0,,8826.0,19902.0,0.0,1172.0,0.0,1172.0,1172.0,0.0
racc,1.8.1,2024-07-30,ok,65536.0,17.0,1.0,539.0,553.0,2.0,433.0,106.0,0.0,0.0,c,3904.0,5394.0,0.0,539.0,0.0,539.0,539.0,0.0
mail,2.9.1,2026-07-01,ok,396288.0,111.0,0.0,1187.0,1189.0,0.0,1058.0,107.0,22.0,0.0,,61613.0,66419.0,0.0,1187.0,0.0,1187.0,1187.0,0.0
nio4r,2.7.5,2025-10-31,ok,116736.0,7.0,22.0,101.0,53.0,48.0,101.0,0.0,0.0,0.0,c+java,365.0,685.0,0.0,101.0,0.0,101.0,101.0,0.0
excon,1.7.1,2026-08-28,ok,154624.0,28.0,0.0,195.0,195.0,0.0,160.0,35.0,0.0,12.0,,2598.0,3309.0,0.0,195.0,0.0,195.0,195.0,0.0
http-cookie,1.1.6,2026-04-19,ok,26624.0,13.0,0.0,150.0,159.0,0.0,133.0,5.0,12.0,2.0,,1638.0,2481.0,0.0,150.0,0.0,150.0,150.0,0.0
zeitwerk,2.8.3,2026-08-01,ok,44032.0,25.0,0.0,181.0,182.0,0.0,151.0,30.0,0.0,1.0,,1332.0,2533.0,0.0,181.0,0.0,181.0,181.0,0.0
activejob,8.1.3,2026-03-24,ok,43520.0,54.0,0.0,352.0,352.0,0.0,256.0,96.0,0.0,0.0,,2642.0,4851.0,0.0,352.0,0.0,352.0,352.0,0.0
rails-dom-testing,2.3.0,2025-05-20,ok,17920.0,9.0,0.0,48.0,48.0,0.0,26.0,16.0,6.0,0.0,,423.0,831.0,0.0,48.0,0.0,48.0,48.0,0.0
globalid,1.4.0,2026-06-23,ok,16896.0,11.0,0.0,100.0,101.0,0.0,70.0,26.0,4.0,0.0,,512.0,943.0,0.0,100.0,0.0,100.0,100.0,0.0
websocket-driver,0.8.2,2026-06-23,ok,23040.0,19.0,2.0,157.0,156.0,1.0,114.0,43.0,0.0,0.0,c+java,1246.0,1620.0,0.0,157.0,0.0,157.0,157.0,0.0
activerecord,8.1.3,2026-03-24,ok,568832.0,397.0,0.0,6280.0,6369.0,0.0,4511.0,1734.0,35.0,0.0,,40176.0,68089.0,0.0,6280.0,0.0,6280.0,6280.0,0.0
domain_name,0.6.20260902,2026-09-03,ok,161792.0,5.0,0.0,35.0,36.0,0.0,35.0,0.0,0.0,0.0,,10658.0,10914.0,0.0,35.0,0.0,35.0,35.0,0.0
erubi,1.13.1,2024-12-19,ok,13312.0,3.0,0.0,25.0,30.0,0.0,10.0,15.0,0.0,0.0,,296.0,451.0,0.0,25.0,0.0,25.0,25.0,0.0
thread_safe,0.3.6,2017-02-22,ok,120832.0,17.0,10.0,177.0,184.0,0.0,133.0,44.0,0.0,0.0,java,1423.0,2114.0,0.0,177.0,0.0,177.0,177.0,0.0
coderay,1.1.3,2020-05-30,ok,92672.0,72.0,0.0,318.0,323.0,0.0,214.0,3.0,101.0,0.0,,6925.0,9601.0,0.0,318.0,0.0,318.0,318.0,0.0
mini_portile2,2.8.9,2025-05-12,ok,36864.0,4.0,0.0,96.0,96.0,0.0,62.0,34.0,0.0,0.0,,721.0,929.0,0.0,96.0,0.0,96.0,96.0,0.0
regexp_parser,2.12.0,2026-04-04,ok,60416.0,83.0,0.0,457.0,552.0,0.0,333.0,122.0,2.0,8.0,,5680.0,6872.0,0.0,457.0,0.0,457.0,457.0,0.0
sprockets,4.4.1,2026-08-25,ok,83968.0,80.0,0.0,581.0,582.0,0.0,484.0,57.0,40.0,0.0,,4827.0,8979.0,0.0,581.0,0.0,581.0,581.0,0.0
pry,0.16.0,2025-12-27,ok,155136.0,135.0,0.0,1271.0,1287.0,0.0,991.0,276.0,4.0,9.0,,9385.0,14946.0,2.0,1271.0,0.0,1271.0,1271.0,0.0
crass,1.0.7,2026-06-25,ok,20992.0,6.0,0.0,73.0,73.0,0.0,73.0,0.0,0.0,0.0,,1017.0,1690.0,0.0,73.0,0.0,73.0,73.0,0.0
actioncable,8.1.3,2026-03-24,ok,47616.0,45.0,0.0,421.0,422.0,0.0,300.0,120.0,1.0,1.0,,2484.0,4249.0,0.0,421.0,0.0,421.0,421.0,0.0
netrc,0.11.0,2015-10-29,ok,10752.0,1.0,0.0,25.0,25.0,0.0,25.0,0.0,0.0,0.0,,196.0,252.0,0.0,25.0,0.0,25.0,25.0,0.0
websocket-extensions,0.1.5,2020-06-02,ok,10752.0,2.0,0.0,20.0,20.0,0.0,18.0,2.0,0.0,0.0,,230.0,294.0,0.0,20.0,0.0,20.0,20.0,0.0
multi_xml,0.9.1,2026-05-04,ok,48128.0,23.0,0.0,296.0,296.0,0.0,107.0,189.0,0.0,25.0,,1821.0,3724.0,0.0,296.0,0.0,296.0,296.0,0.0
puma,8.0.2,2026-05-26,ok,265216.0,46.0,10.0,788.0,776.0,21.0,699.0,89.0,0.0,4.0,c+java,6964.0,11117.0,0.0,788.0,0.0,788.0,788.0,0.0
sprockets-rails,3.5.2,2024-07-31,ok,16384.0,12.0,0.0,66.0,67.0,0.0,49.0,9.0,8.0,0.0,,724.0,938.0,0.0,66.0,0.0,66.0,66.0,0.0
redis,6.0.0,2026-07-31,ok,105472.0,38.0,0.0,932.0,932.0,0.0,869.0,58.0,5.0,13.0,,5202.0,10956.0,0.0,932.0,0.0,932.0,932.0,0.0
dotenv,3.2.0,2025-12-03,ok,17408.0,17.0,0.0,69.0,69.0,0.0,57.0,12.0,0.0,0.0,,544.0,796.0,0.0,69.0,0.0,69.0,69.0,0.0
unf_ext,0.0.9.1,2023-11-16,ok,399872.0,3.0,1.0,2.0,0.0,2.0,2.0,0.0,0.0,0.0,cpp,53.0,68.0,0.0,2.0,0.0,2.0,2.0,0.0
activestorage,8.1.3,2026-03-24,ok,70144.0,87.0,0.0,532.0,532.0,0.0,344.0,188.0,0.0,0.0,,3781.0,5864.0,0.0,532.0,0.0,532.0,532.0,0.0
rack-protection,4.2.1,2025-10-10,ok,18432.0,22.0,0.0,94.0,96.0,0.0,73.0,21.0,0.0,0.0,,754.0,1272.0,0.0,94.0,0.0,94.0,94.0,0.0
httpclient,2.9.0,2025-02-22,ok,394240.0,20.0,0.0,726.0,743.0,0.0,623.0,103.0,0.0,0.0,,4821.0,6995.0,0.0,726.0,0.0,726.0,726.0,0.0
base64,0.3.0,2025-05-30,ok,11776.0,1.0,0.0,6.0,6.0,0.0,6.0,0.0,0.0,6.0,,31.0,382.0,0.0,6.0,0.0,6.0,6.0,0.0
rubocop-ast,1.50.0,2026-07-04,ok,62976.0,101.0,0.0,788.0,794.0,0.0,653.0,132.0,3.0,0.0,,4981.0,8243.0,1.0,788.0,0.0,788.0,788.0,0.0
signet,0.22.0,2026-06-04,ok,36352.0,12.0,0.0,215.0,243.0,0.0,209.0,6.0,0.0,0.0,,1994.0,3720.0,0.0,215.0,0.0,215.0,215.0,0.0
unf,0.2.0,2024-08-17,ok,8192.0,6.0,0.0,4.0,5.0,0.0,3.0,1.0,0.0,0.0,,107.0,162.0,0.0,4.0,0.0,4.0,4.0,0.0
docile,1.4.1,2024-07-25,ok,16896.0,6.0,0.0,10.0,10.0,0.0,10.0,0.0,0.0,0.0,,134.0,357.0,0.0,10.0,0.0,10.0,10.0,0.0
rb-fsevent,0.11.2,2022-08-29,ok,66560.0,5.0,13.0,15.0,16.0,0.0,10.0,5.0,0.0,0.0,c,363.0,486.0,0.0,15.0,0.0,15.0,15.0,0.0
ruby2_keywords,0.0.5,2021-07-16,ok,10752.0,1.0,0.0,5.0,5.0,0.0,4.0,1.0,0.0,0.0,,31.0,58.0,0.0,5.0,0.0,5.0,5.0,0.0
googleauth,1.17.4,2026-08-26,ok,73216.0,37.0,0.0,370.0,373.0,0.0,270.0,87.0,13.0,9.0,,3232.0,6665.0,0.0,370.0,0.0,370.0,370.0,0.0
bigdecimal,4.1.2,2026-04-18,ok,107008.0,7.0,10.0,134.0,67.0,67.0,134.0,0.0,0.0,46.0,c,1002.0,1852.0,0.0,134.0,0.0,134.0,134.0,0.0
msgpack,1.8.4,2026-07-28,ok,62464.0,12.0,37.0,127.0,57.0,76.0,115.0,12.0,0.0,0.0,c+java,574.0,756.0,0.0,127.0,0.0,127.0,127.0,0.0
simplecov-html,0.13.2,2025-07-16,ok,133632.0,2.0,0.0,19.0,19.0,0.0,2.0,17.0,0.0,0.0,,129.0,176.0,0.0,19.0,0.0,19.0,19.0,0.0
rb-inotify,0.11.1,2024-05-19,ok,15872.0,8.0,0.0,33.0,33.0,0.0,31.0,2.0,0.0,0.0,,285.0,733.0,0.0,33.0,0.0,33.0,33.0,0.0
rest-client,2.1.0,2019-08-21,ok,147456.0,16.0,0.0,198.0,200.0,0.0,183.0,15.0,0.0,0.0,,1467.0,2646.0,1.0,198.0,0.0,198.0,198.0,0.0
simplecov,1.2.0,2026-09-04,ok,212992.0,190.0,0.0,1415.0,1415.0,0.0,1088.0,323.0,4.0,0.0,,9641.0,15173.0,0.0,1415.0,0.0,1415.0,1415.0,0.0
rubygems-update,4.0.20,2026-09-02,ok,966144.0,329.0,0.0,4751.0,4777.0,0.0,3783.0,917.0,51.0,47.0,,37613.0,57359.0,0.0,4751.0,0.0,4751.0,4751.0,0.0
marcel,2.1.0,2026-08-22,ok,65536.0,9.0,0.0,72.0,72.0,0.0,37.0,35.0,0.0,0.0,,4033.0,4510.0,0.0,72.0,0.0,72.0,72.0,0.0
parser,3.3.12.0,2026-07-16,ok,911872.0,76.0,0.0,8884.0,9098.0,0.0,8677.0,131.0,76.0,0.0,,197111.0,226659.0,1.0,8884.0,0.0,8884.0,8884.0,0.0
httparty,0.24.2,2026-01-14,ok,50176.0,24.0,0.0,313.0,313.0,0.0,189.0,109.0,15.0,0.0,,1895.0,2930.0,0.0,313.0,0.0,313.0,313.0,0.0
hashie,5.1.0,2025-12-24,ok,55296.0,41.0,0.0,316.0,337.0,0.0,265.0,42.0,9.0,0.0,,2076.0,3316.0,0.0,316.0,0.0,316.0,316.0,0.0
webrick,1.9.2,2025-11-26,ok,71168.0,35.0,0.0,449.0,458.0,0.0,377.0,72.0,0.0,16.0,,4220.0,7240.0,0.0,449.0,0.0,449.0,449.0,0.0
byebug,13.0.0,2026-01-15,ok,85504.0,116.0,6.0,732.0,677.0,55.0,616.0,112.0,4.0,0.0,c,3954.0,6525.0,0.0,732.0,0.0,732.0,732.0,0.0
os,1.1.4,2021-11-07,ok,12800.0,2.0,0.0,29.0,30.0,0.0,28.0,1.0,0.0,0.0,,254.0,320.0,0.0,29.0,0.0,29.0,29.0,0.0
actiontext,8.1.3,2026-03-24,ok,41984.0,33.0,0.0,203.0,206.0,0.0,154.0,49.0,0.0,0.0,,1276.0,2117.0,0.0,203.0,0.0,203.0,203.0,0.0
actionmailbox,8.1.3,2026-03-24,ok,22528.0,43.0,0.0,142.0,142.0,0.0,98.0,44.0,0.0,0.0,,874.0,1579.0,0.0,142.0,0.0,142.0,142.0,0.0
faraday_middleware,1.2.1,2024-09-23,ok,17408.0,22.0,0.0,94.0,94.0,0.0,83.0,11.0,0.0,0.0,,814.0,1285.0,0.0,94.0,0.0,94.0,94.0,0.0
execjs,2.10.2,2026-08-12,ok,18944.0,11.0,0.0,84.0,86.0,0.0,65.0,9.0,10.0,0.0,,771.0,946.0,0.0,84.0,0.0,84.0,84.0,0.0
bcrypt,3.1.22,2026-03-18,ok,47616.0,5.0,10.0,23.0,19.0,4.0,21.0,2.0,0.0,0.0,c+java,153.0,305.0,0.0,23.0,0.0,23.0,23.0,0.0
pg,1.6.3,2025-12-29,ok,225280.0,35.0,25.0,455.0,189.0,288.0,435.0,18.0,2.0,0.0,c,1815.0,3121.0,0.0,455.0,0.0,455.0,455.0,0.0
logger,1.7.0,2025-03-27,ok,16896.0,7.0,0.0,67.0,70.0,0.0,49.0,18.0,0.0,2.0,,482.0,1196.0,0.0,67.0,0.0,67.0,67.0,0.0
sawyer,0.9.3,2025-10-23,ok,13312.0,8.0,0.0,104.0,106.0,0.0,104.0,0.0,0.0,0.0,,517.0,865.0,0.0,104.0,0.0,104.0,104.0,0.0
listen,3.10.0,2026-01-16,ok,31232.0,33.0,0.0,211.0,213.0,0.0,135.0,76.0,0.0,0.0,,1665.0,2395.0,0.0,211.0,0.0,211.0,211.0,0.0
retriable,5.0.1,2026-08-28,ok,50688.0,6.0,0.0,59.0,59.0,0.0,34.0,25.0,0.0,25.0,,526.0,797.0,1.0,59.0,0.0,59.0,59.0,0.0
faraday-excon,2.4.0,2025-10-13,ok,7680.0,3.0,0.0,10.0,10.0,0.0,3.0,7.0,0.0,0.0,,119.0,165.0,0.0,10.0,0.0,10.0,10.0,0.0
terminal-table,4.0.0,2025-01-27,ok,22528.0,10.0,0.0,125.0,127.0,0.0,118.0,7.0,0.0,0.0,,629.0,950.0,0.0,125.0,0.0,125.0,125.0,0.0
hashdiff,1.2.1,2025-09-06,ok,17920.0,9.0,0.0,47.0,47.0,0.0,20.0,27.0,0.0,0.0,,503.0,810.0,0.0,47.0,0.0,47.0,47.0,0.0
crack,1.0.1,2025-10-22,ok,10752.0,5.0,0.0,38.0,39.0,0.0,34.0,1.0,3.0,0.0,,282.0,385.0,0.0,38.0,0.0,38.0,38.0,0.0
faraday-retry,2.4.0,2025-12-25,ok,11776.0,5.0,0.0,26.0,26.0,0.0,18.0,8.0,0.0,0.0,,204.0,342.0,0.0,26.0,0.0,26.0,26.0,0.0
google-protobuf,4.36.1,2026-08-31,ok,327680.0,39.0,21.0,382.0,324.0,131.0,311.0,71.0,0.0,0.0,c,3209.0,4568.0,0.0,382.0,0.0,382.0,382.0,0.0
faraday-multipart,1.2.0,2025-12-25,ok,10752.0,5.0,0.0,26.0,26.0,0.0,15.0,11.0,0.0,0.0,,201.0,366.0,0.0,26.0,0.0,26.0,26.0,0.0
knapsack,4.0.0,2021-08-05,ok,595456.0,47.0,0.0,145.0,145.0,0.0,116.0,26.0,3.0,0.0,,1092.0,1358.0,0.0,145.0,0.0,145.0,145.0,0.0
webmock,3.26.4,2026-08-29,ok,72192.0,61.0,0.0,568.0,575.0,0.0,467.0,92.0,9.0,0.0,,4150.0,5376.0,0.0,568.0,0.0,568.0,568.0,0.0
octokit,10.0.0,2025-04-24,ok,89600.0,87.0,0.0,969.0,1092.0,0.0,920.0,39.0,10.0,1.0,,4121.0,11211.0,0.0,969.0,0.0,969.0,969.0,0.0
bootsnap,1.26.0,2026-09-04,ok,47616.0,22.0,1.0,210.0,214.0,8.0,177.0,33.0,0.0,0.0,c,1900.0,2516.0,0.0,210.0,0.0,210.0,210.0,0.0
representable,3.2.0,2022-05-16,ok,77824.0,36.0,0.0,236.0,236.0,0.0,201.0,35.0,0.0,3.0,,1473.0,2028.0,1.0,236.0,0.0,236.0,236.0,0.0
faraday-net_http_persistent,2.3.1,2025-06-17,ok,8704.0,3.0,0.0,17.0,17.0,0.0,3.0,14.0,0.0,0.0,,202.0,262.0,0.0,17.0,0.0,17.0,17.0,0.0
mini_magick,5.4.0,2026-08-31,ok,22016.0,8.0,0.0,93.0,97.0,0.0,90.0,3.0,0.0,2.0,,589.0,1324.0,0.0,93.0,0.0,93.0,93.0,0.0
rspec-rails,8.0.4,2026-03-11,ok,74752.0,74.0,0.0,357.0,358.0,0.0,258.0,86.0,13.0,13.0,,3123.0,4754.0,24.0,357.0,0.0,357.0,357.0,0.0
net-imap,0.6.6,2026-07-23,ok,193536.0,48.0,0.0,1033.0,1144.0,0.0,718.0,306.0,9.0,35.0,,6164.0,17436.0,3.0,1033.0,0.0,1033.0,1033.0,0.0
uber,0.1.0,2016-11-10,ok,14848.0,8.0,0.0,26.0,26.0,0.0,22.0,4.0,0.0,0.0,,169.0,224.0,0.0,26.0,0.0,26.0,26.0,0.0
timeout,0.6.1,2026-03-09,ok,10752.0,1.0,0.0,16.0,17.0,0.0,15.0,1.0,0.0,0.0,,168.0,315.0,0.0,16.0,0.0,16.0,16.0,0.0
faraday-em_synchrony,1.0.1,2025-06-17,ok,8704.0,4.0,0.0,10.0,10.0,0.0,5.0,5.0,0.0,0.0,,180.0,245.0,0.0,10.0,0.0,10.0,10.0,0.0
sinatra,4.2.1,2025-10-10,ok,136192.0,7.0,0.0,284.0,296.0,0.0,229.0,55.0,0.0,0.0,,2020.0,2839.0,0.0,284.0,0.0,284.0,284.0,0.0
sass,3.7.4,2019-04-04,ok,208896.0,133.0,0.0,1834.0,1837.0,0.0,1199.0,439.0,196.0,0.0,,13788.0,24199.0,0.0,1834.0,0.0,1834.0,1834.0,0.0
declarative,0.0.20,2020-06-29,ok,10752.0,9.0,0.0,41.0,41.0,0.0,34.0,7.0,0.0,0.0,,285.0,398.0,0.0,41.0,0.0,41.0,41.0,0.0
net-ssh,7.3.3,2026-06-27,ok,145920.0,90.0,0.0,812.0,826.0,0.0,689.0,118.0,5.0,0.0,,6782.0,11159.0,0.0,812.0,0.0,812.0,812.0,0.0
request_store,1.7.0,2024-05-01,ok,9728.0,4.0,0.0,15.0,15.0,0.0,15.0,0.0,0.0,0.0,,91.0,122.0,0.0,15.0,0.0,15.0,15.0,0.0
aws-sdk,3.3.0,2025-06-02,ok,9216.0,1.0,0.0,0.0,0.0,0.0,0.0,0.0,0.0,0.0,,1.0,4.0,0.0,0.0,0.0,0.0,0.0,0.0
faraday-em_http,2.0.1,2025-06-18,ok,9216.0,4.0,0.0,31.0,31.0,0.0,31.0,0.0,0.0,0.0,,288.0,372.0,0.0,31.0,0.0,31.0,31.0,0.0
xpath,3.2.0,2018-10-15,ok,14336.0,7.0,0.0,73.0,73.0,0.0,71.0,2.0,0.0,0.0,,302.0,393.0,0.0,73.0,0.0,73.0,73.0,0.0
aws-sdk-resources,3.271.0,2026-08-25,ok,24064.0,2.0,0.0,4.0,4.0,0.0,4.0,0.0,0.0,0.0,,585.0,645.0,0.0,4.0,0.0,4.0,4.0,0.0
google-cloud-env,2.4.0,2026-07-07,ok,33792.0,8.0,0.0,165.0,169.0,0.0,133.0,32.0,0.0,0.0,,994.0,2822.0,0.0,165.0,0.0,165.0,165.0,0.0
capybara,3.40.0,2024-01-27,ok,384000.0,123.0,0.0,1305.0,1313.0,0.0,943.0,332.0,30.0,8.0,,8766.0,14821.0,0.0,1305.0,0.0,1305.0,1305.0,0.0
highline,3.1.2,2025-01-06,ok,218624.0,27.0,0.0,419.0,419.0,0.0,349.0,70.0,0.0,0.0,,2138.0,4218.0,0.0,419.0,0.0,419.0,419.0,0.0
factory_bot,6.6.0,2026-05-04,ok,50688.0,53.0,0.0,368.0,370.0,0.0,255.0,97.0,16.0,0.0,,2089.0,3049.0,0.0,368.0,0.0,368.0,368.0,0.0
faraday-httpclient,2.0.2,2025-06-17,ok,7680.0,3.0,0.0,9.0,9.0,0.0,9.0,0.0,0.0,0.0,,116.0,174.0,0.0,9.0,0.0,9.0,9.0,0.0
faker,3.8.0,2026-04-16,ok,1359872.0,253.0,0.0,1430.0,1443.0,0.0,1308.0,119.0,3.0,0.0,,8280.0,22651.0,0.0,1430.0,0.0,1430.0,1430.0,0.0
aws-sdk-sqs,1.117.0,2026-07-09,ok,91648.0,16.0,0.0,193.0,193.0,0.0,169.0,24.0,0.0,0.0,,2500.0,10003.0,0.0,193.0,0.0,193.0,193.0,0.0
faraday-rack,2.1.3,2025-06-18,ok,7168.0,3.0,0.0,4.0,4.0,0.0,2.0,2.0,0.0,0.0,,63.0,98.0,0.0,4.0,0.0,4.0,4.0,0.0
faraday-patron,2.0.2,2025-06-18,ok,7168.0,3.0,0.0,6.0,6.0,0.0,5.0,1.0,0.0,0.0,,113.0,150.0,0.0,6.0,0.0,6.0,6.0,0.0
rubocop-performance,1.27.0,2026-08-16,ok,46080.0,61.0,0.0,330.0,336.0,0.0,125.0,205.0,0.0,0.0,,3025.0,5364.0,0.0,330.0,0.0,330.0,330.0,0.0
net-smtp,0.5.1,2025-02-05,ok,17408.0,6.0,0.0,118.0,125.0,0.0,100.0,18.0,0.0,0.0,,618.0,1312.0,0.0,118.0,0.0,118.0,118.0,0.0
arel,9.0.0,2017-11-14,ok,32768.0,82.0,0.0,893.0,1082.0,0.0,680.0,208.0,5.0,0.0,,3672.0,4630.0,0.0,893.0,0.0,893.0,893.0,0.0
daemons,1.4.1,2021-08-26,ok,29696.0,16.0,0.0,168.0,168.0,0.0,163.0,5.0,0.0,0.0,,1289.0,2140.0,0.0,168.0,0.0,168.0,168.0,0.0
responders,3.2.1,2026-08-27,ok,20992.0,10.0,0.0,65.0,66.0,0.0,34.0,0.0,31.0,0.0,,439.0,1038.0,0.0,65.0,0.0,65.0,65.0,0.0
eventmachine,1.2.7,2018-05-12,ok,247296.0,43.0,24.0,724.0,653.0,85.0,691.0,29.0,4.0,0.0,c+cpp+java,4813.0,10207.0,0.0,724.0,0.0,724.0,724.0,0.0
memoist,0.16.2,2019-12-04,ok,13824.0,3.0,0.0,19.0,19.0,0.0,19.0,0.0,0.0,0.0,,183.0,294.0,0.0,19.0,0.0,19.0,19.0,0.0
digest-crc,0.7.0,2025-01-28,ok,71168.0,57.0,82.0,42.0,15.0,27.0,42.0,0.0,0.0,0.0,c,1558.0,2099.0,0.0,42.0,0.0,42.0,42.0,0.0
jbuilder,2.15.1,2026-05-26,ok,29184.0,14.0,0.0,91.0,91.0,0.0,48.0,37.0,6.0,0.0,,718.0,1152.0,2.0,91.0,0.0,91.0,91.0,0.0
jquery-rails,4.6.1,2025-10-21,ok,523776.0,5.0,0.0,3.0,3.0,0.0,1.0,2.0,0.0,0.0,,100.0,179.0,0.0,3.0,0.0,3.0,3.0,0.0
warden,1.2.9,2020-08-31,ok,20480.0,11.0,0.0,128.0,128.0,0.0,116.0,11.0,1.0,0.0,,652.0,1326.0,0.0,128.0,0.0,128.0,128.0,0.0
rdoc,8.0.0,2026-06-26,ok,734720.0,110.0,0.0,2317.0,2389.0,0.0,2206.0,110.0,1.0,3.0,,33868.0,48550.0,1.0,2317.0,0.0,2317.0,2317.0,0.0
selenium-webdriver,4.48.0,2026-08-27,ok,8539136.0,198.0,0.0,1852.0,1872.0,0.0,1540.0,304.0,8.0,30.0,,12622.0,23776.0,0.0,1852.0,0.0,1852.0,1852.0,0.0
date,3.5.1,2025-12-10,ok,78336.0,2.0,6.0,178.0,13.0,165.0,178.0,0.0,0.0,0.0,c,58.0,85.0,0.0,178.0,0.0,178.0,178.0,0.0
childprocess,5.1.0,2024-08-06,ok,21504.0,12.0,0.0,70.0,70.0,0.0,51.0,19.0,0.0,0.0,,437.0,678.0,0.0,70.0,0.0,70.0,70.0,0.0
sidekiq,8.1.7,2026-08-17,ok,302592.0,69.0,0.0,893.0,893.0,0.0,775.0,118.0,0.0,0.0,,7305.0,10890.0,1.0,893.0,0.0,893.0,893.0,0.0
erubis,2.7.0,2011-04-01,ok,173056.0,28.0,0.0,492.0,508.0,0.0,451.0,24.0,17.0,6.0,,3568.0,5534.0,1.0,492.0,0.0,492.0,492.0,0.0
sass-rails,6.0.0,2019-08-16,ok,7168.0,6.0,0.0,0.0,0.0,0.0,0.0,0.0,0.0,0.0,,12.0,24.0,0.0,0.0,0.0,0.0,0.0,0.0
uglifier,4.2.1,2024-09-22,ok,198144.0,2.0,0.0,40.0,40.0,0.0,6.0,34.0,0.0,0.0,,421.0,525.0,0.0,40.0,0.0,40.0,40.0,0.0
launchy,3.1.1,2025-02-21,ok,17408.0,14.0,0.0,106.0,107.0,0.0,105.0,1.0,0.0,0.0,,575.0,880.0,0.0,106.0,0.0,106.0,106.0,0.0
oj,3.17.6,2026-08-10,ok,219136.0,12.0,66.0,191.0,101.0,113.0,177.0,14.0,0.0,0.0,c,703.0,1158.0,0.0,191.0,0.0,191.0,191.0,0.0
ethon,0.18.0,2025-11-03,ok,40448.0,54.0,0.0,165.0,166.0,0.0,143.0,22.0,0.0,0.0,,2108.0,3774.0,0.0,165.0,0.0,165.0,165.0,0.0
factory_bot_rails,6.5.1,2025-09-05,ok,12800.0,15.0,0.0,46.0,46.0,0.0,26.0,20.0,0.0,0.0,,336.0,428.0,0.0,46.0,0.0,46.0,46.0,0.0
mustermann,4.0.0,2026-04-27,ok,54272.0,41.0,0.0,410.0,413.0,0.0,386.0,22.0,2.0,0.0,,2557.0,4698.0,1.0,410.0,0.0,410.0,410.0,0.0
net-protocol,0.3.0,2026-08-25,ok,10752.0,1.0,0.0,62.0,62.0,0.0,45.0,17.0,0.0,0.0,,421.0,599.0,0.0,62.0,0.0,62.0,62.0,0.0
typhoeus,1.6.0,2026-03-10,ok,39424.0,43.0,0.0,216.0,222.0,0.0,184.0,32.0,0.0,0.0,,1313.0,3012.0,0.0,216.0,0.0,216.0,216.0,0.0
rouge,5.1.0,2026-08-06,ok,543744.0,301.0,0.0,943.0,943.0,0.0,923.0,13.0,7.0,0.0,,32840.0,41721.0,0.0,943.0,0.0,943.0,943.0,0.0
devise,5.0.4,2026-05-08,ok,88064.0,77.0,0.0,522.0,522.0,0.0,330.0,58.0,134.0,0.0,,3689.0,6905.0,9.0,522.0,0.0,522.0,522.0,0.0
language_server-protocol,3.17.0.1,2022-09-03,ok,78336.0,357.0,0.0,2143.0,2143.0,0.0,2142.0,1.0,0.0,0.0,,10737.0,18622.0,0.0,2143.0,0.0,2143.0,2143.0,0.0
rubocop-rails,2.37.0,2026-08-16,ok,123904.0,157.0,0.0,867.0,874.0,0.0,305.0,562.0,0.0,0.0,,9391.0,16248.0,0.0,867.0,0.0,867.0,867.0,0.0
pry-byebug,3.12.0,2026-01-16,ok,15872.0,24.0,0.0,77.0,79.0,0.0,60.0,17.0,0.0,3.0,,629.0,1064.0,0.0,77.0,0.0,77.0,77.0,0.0
awesome_print,1.9.2,2021-03-07,ok,47616.0,37.0,0.0,205.0,207.0,0.0,144.0,61.0,0.0,0.0,,1327.0,2001.0,0.0,205.0,0.0,205.0,205.0,0.0
google-cloud-core,1.9.0,2026-06-11,ok,20480.0,5.0,0.0,55.0,57.0,0.0,42.0,8.0,5.0,0.0,,428.0,965.0,0.0,55.0,0.0,55.0,55.0,0.0
rubocop,1.90.0,2026-08-24,ok,834560.0,942.0,0.0,8255.0,8432.0,0.0,3059.0,5191.0,5.0,69.0,,61609.0,111322.0,2.0,8255.0,0.0,8255.0,8255.0,0.0
google-apis-core,1.2.5,2026-07-20,ok,40448.0,25.0,0.0,262.0,262.0,0.0,219.0,27.0,16.0,0.0,,2118.0,3912.0,0.0,262.0,0.0,262.0,262.0,0.0
http-accept,2.2.2,2026-09-06,ok,15360.0,11.0,0.0,39.0,43.0,0.0,39.0,0.0,0.0,0.0,,352.0,590.0,0.0,39.0,0.0,39.0,39.0,0.0
rubocop-rspec,3.10.2,2026-06-06,ok,97280.0,147.0,0.0,687.0,695.0,0.0,263.0,423.0,1.0,2.0,,6469.0,12300.0,0.0,687.0,0.0,687.0,687.0,0.0
rack-cors,3.0.0,2025-05-16,ok,13824.0,6.0,0.0,64.0,64.0,0.0,49.0,0.0,15.0,0.0,,398.0,513.0,0.0,64.0,0.0,64.0,64.0,0.0
orm_adapter,0.5.0,2013-11-12,ok,15360.0,8.0,0.0,51.0,51.0,0.0,41.0,0.0,10.0,0.0,,278.0,426.0,0.0,51.0,0.0,51.0,51.0,0.0
formatador,1.2.3,2025-11-10,ok,14336.0,3.0,0.0,28.0,28.0,0.0,23.0,5.0,0.0,0.0,,282.0,350.0,0.0,28.0,0.0,28.0,28.0,0.0
simplecov_json_formatter,0.1.4,2022-02-14,ok,6656.0,5.0,0.0,22.0,22.0,0.0,7.0,15.0,0.0,0.0,,143.0,190.0,0.0,22.0,0.0,22.0,22.0,0.0
rspec_junit_formatter,0.6.0,2022-09-29,ok,14336.0,3.0,0.0,34.0,51.0,0.0,5.0,29.0,0.0,0.0,,339.0,442.0,0.0,34.0,0.0,34.0,34.0,0.0
google-cloud-errors,1.7.0,2026-07-09,ok,14848.0,3.0,0.0,31.0,31.0,0.0,31.0,0.0,0.0,0.0,,188.0,530.0,0.0,31.0,0.0,31.0,31.0,0.0
coffee-script-source,1.12.2,2016-12-16,ok,65024.0,1.0,0.0,1.0,1.0,0.0,1.0,0.0,0.0,0.0,,7.0,8.0,0.0,1.0,0.0,1.0,1.0,0.0
CFPropertyList,4.0.0,2025-11-19,ok,18432.0,9.0,0.0,142.0,142.0,0.0,128.0,0.0,14.0,0.0,,1428.0,2074.0,0.0,142.0,0.0,142.0,142.0,0.0
timecop,0.9.11,2026-04-12,ok,12800.0,5.0,0.0,91.0,91.0,0.0,81.0,10.0,0.0,0.0,,492.0,678.0,0.0,91.0,0.0,91.0,91.0,0.0
drb,2.2.3,2025-05-21,ok,30720.0,13.0,0.0,214.0,217.0,0.0,189.0,25.0,0.0,0.0,,1675.0,3191.0,0.0,214.0,0.0,214.0,214.0,0.0
oauth2,2.0.25,2026-07-15,ok,79360.0,15.0,0.0,118.0,118.0,0.0,89.0,29.0,0.0,0.0,,873.0,1869.0,0.0,118.0,0.0,118.0,118.0,0.0
trailblazer-option,0.1.2,2021-11-07,ok,9728.0,3.0,0.0,6.0,7.0,0.0,6.0,0.0,0.0,0.0,,41.0,67.0,0.0,6.0,0.0,6.0,6.0,0.0
coffee-script,2.4.1,2015-04-06,ok,6656.0,2.0,0.0,10.0,10.0,0.0,10.0,0.0,0.0,0.0,,66.0,84.0,0.0,10.0,0.0,10.0,10.0,0.0
spring,4.7.0,2026-06-23,ok,33792.0,30.0,0.0,300.0,301.0,0.0,259.0,41.0,0.0,0.0,,2327.0,3045.0,0.0,300.0,0.0,300.0,300.0,0.0
net-ntp,2.1.3,2015-02-19,ok,8192.0,3.0,0.0,26.0,26.0,0.0,23.0,0.0,3.0,0.0,,181.0,235.0,0.0,26.0,0.0,26.0,26.0,0.0
kaminari,1.2.2,2021-12-25,ok,23552.0,3.0,0.0,1.0,1.0,0.0,1.0,0.0,0.0,0.0,,49.0,70.0,0.0,1.0,0.0,1.0,1.0,0.0
shoulda-matchers,8.0.1,2026-06-12,ok,92672.0,133.0,0.0,1683.0,1683.0,0.0,859.0,511.0,313.0,0.0,,10048.0,18485.0,0.0,1683.0,0.0,1683.0,1683.0,0.0
mysql2,0.5.7,2025-09-22,ok,90112.0,12.0,13.0,91.0,33.0,59.0,88.0,3.0,0.0,0.0,c,704.0,943.0,0.0,91.0,0.0,91.0,91.0,0.0
colored2,4.0.3,2025-01-18,ok,9216.0,7.0,0.0,40.0,40.0,0.0,39.0,1.0,0.0,0.0,,216.0,285.0,0.0,40.0,0.0,40.0,40.0,0.0
claide,1.1.0,2022-01-12,ok,28160.0,14.0,0.0,157.0,157.0,0.0,135.0,16.0,6.0,0.0,,901.0,2049.0,0.0,157.0,0.0,157.0,157.0,0.0
temple,0.10.7,2026-08-17,ok,34304.0,51.0,0.0,231.0,240.0,0.0,203.0,18.0,10.0,0.0,,2033.0,2737.0,0.0,231.0,0.0,231.0,231.0,0.0
uri,1.1.1,2025-11-04,ok,37376.0,15.0,0.0,200.0,205.0,0.0,193.0,6.0,1.0,0.0,,2204.0,4601.0,0.0,200.0,0.0,200.0,200.0,0.0
htmlentities,4.4.2,2025-11-20,ok,28160.0,8.0,0.0,23.0,23.0,0.0,7.0,16.0,0.0,0.0,,1719.0,1854.0,0.0,23.0,0.0,23.0,23.0,0.0
dry-core,1.2.0,2025-12-28,ok,23552.0,28.0,0.0,165.0,168.0,0.0,143.0,21.0,1.0,0.0,,1197.0,2424.0,1.0,165.0,0.0,165.0,165.0,0.0
reline,0.7.0,2026-08-07,ok,52736.0,20.0,0.0,543.0,544.0,0.0,402.0,141.0,0.0,0.0,,6553.0,8208.0,0.0,543.0,0.0,543.0,543.0,0.0
net-pop,0.1.2,2022-09-28,ok,14336.0,1.0,0.0,85.0,90.0,0.0,79.0,6.0,0.0,0.0,,447.0,1026.0,0.0,85.0,0.0,85.0,85.0,0.0
kramdown,2.5.2,2026-01-19,ok,128512.0,55.0,0.0,385.0,401.0,0.0,327.0,40.0,18.0,0.0,,5855.0,8602.0,0.0,385.0,0.0,385.0,385.0,0.0
tty-screen,0.8.2,2023-12-17,ok,11264.0,3.0,0.0,29.0,37.0,0.0,29.0,0.0,0.0,0.0,,212.0,492.0,0.0,29.0,0.0,29.0,29.0,0.0
aws-sdk-ssm,1.220.0,2026-07-21,ok,336896.0,12.0,0.0,462.0,462.0,0.0,458.0,4.0,0.0,0.0,,13161.0,46198.0,0.0,462.0,0.0,462.0,462.0,0.0
coffee-rails,5.0.0,2019-04-23,ok,7168.0,6.0,0.0,3.0,3.0,0.0,3.0,0.0,0.0,0.0,,75.0,91.0,0.0,3.0,0.0,3.0,3.0,0.0
psych,5.5.0,2026-08-21,ok,43008.0,38.0,10.0,358.0,348.0,23.0,322.0,36.0,0.0,0.0,c,2161.0,3835.0,0.0,358.0,0.0,358.0,358.0,0.0
kaminari-core,1.2.2,2021-12-25,ok,17408.0,15.0,0.0,131.0,138.0,0.0,123.0,8.0,0.0,0.0,,638.0,1102.0,0.0,131.0,0.0,131.0,131.0,0.0
google-cloud-storage,1.62.0,2026-07-02,ok,111616.0,27.0,0.0,651.0,693.0,0.0,585.0,0.0,66.0,0.0,,4494.0,13719.0,0.0,651.0,0.0,651.0,651.0,0.0
kaminari-actionview,1.2.2,2021-12-25,ok,6656.0,3.0,0.0,1.0,1.0,0.0,1.0,0.0,0.0,0.0,,26.0,44.0,0.0,1.0,0.0,1.0,1.0,0.0
irb,1.18.0,2026-04-22,ok,104960.0,73.0,0.0,671.0,715.0,0.0,620.0,51.0,0.0,0.0,,6582.0,9168.0,0.0,671.0,0.0,671.0,671.0,0.0
tty-cursor,0.7.1,2020-01-25,ok,9728.0,3.0,0.0,32.0,36.0,0.0,32.0,0.0,0.0,26.0,,108.0,218.0,0.0,32.0,0.0,32.0,32.0,0.0
pry-rails,0.3.11,2024-06-20,ok,17408.0,13.0,0.0,42.0,42.0,0.0,32.0,10.0,0.0,0.0,,512.0,669.0,0.0,42.0,0.0,42.0,42.0,0.0
io-console,0.9.2,2026-08-10,ok,31744.0,2.0,1.0,54.0,4.0,50.0,54.0,0.0,0.0,0.0,c,60.0,85.0,0.0,54.0,0.0,54.0,54.0,0.0
benchmark,0.5.0,2025-10-21,ok,14336.0,1.0,0.0,38.0,38.0,0.0,37.0,0.0,1.0,0.0,,181.0,609.0,0.0,38.0,0.0,38.0,38.0,0.0
kaminari-activerecord,1.2.2,2021-12-25,ok,8192.0,5.0,0.0,10.0,10.0,0.0,9.0,1.0,0.0,0.0,,133.0,196.0,0.0,10.0,0.0,10.0,10.0,0.0
securerandom,0.4.1,2024-12-16,ok,7168.0,1.0,0.0,6.0,8.0,0.0,4.0,2.0,0.0,0.0,,41.0,103.0,0.0,6.0,0.0,6.0,6.0,0.0
et-orbi,1.4.2,2026-09-01,ok,19968.0,9.0,0.0,111.0,119.0,0.0,84.0,0.0,27.0,0.0,,783.0,1236.0,0.0,111.0,0.0,111.0,111.0,0.0
dry-inflector,1.3.1,2026-01-12,ok,12288.0,7.0,0.0,49.0,49.0,0.0,44.0,5.0,0.0,0.0,,316.0,825.0,0.0,49.0,0.0,49.0,49.0,0.0
net-scp,4.1.0,2025-01-22,ok,33280.0,8.0,0.0,202.0,207.0,0.0,180.0,22.0,0.0,0.0,,1437.0,2238.0,0.0,202.0,0.0,202.0,202.0,0.0
omniauth,2.1.4,2025-10-01,ok,23552.0,11.0,0.0,154.0,154.0,0.0,149.0,1.0,4.0,3.0,,818.0,1177.0,0.0,154.0,0.0,154.0,154.0,0.0
database_cleaner,2.1.0,2024-10-25,ok,4608.0,1.0,0.0,0.0,0.0,0.0,0.0,0.0,0.0,0.0,,1.0,2.0,0.0,0.0,0.0,0.0,0.0,0.0
googleapis-common-protos-types,1.23.0,2026-05-19,ok,101376.0,60.0,0.0,0.0,0.0,0.0,0.0,0.0,0.0,0.0,,722.0,9827.0,0.0,0.0,0.0,0.0,0.0,0.0
dry-logic,1.6.0,2025-01-04,ok,15872.0,26.0,0.0,227.0,230.0,0.0,219.0,8.0,0.0,0.0,,1036.0,1388.0,0.0,227.0,0.0,227.0,227.0,0.0
dry-types,1.9.1,2026-02-06,ok,48640.0,55.0,0.0,470.0,470.0,0.0,436.0,34.0,0.0,0.0,,2981.0,5538.0,3.0,470.0,0.0,470.0,470.0,0.0
elasticsearch,9.5.0,2026-08-04,ok,15872.0,6.0,0.0,32.0,32.0,0.0,18.0,14.0,0.0,0.0,,278.0,566.0,0.0,32.0,0.0,32.0,32.0,0.0
xcodeproj,1.28.1,2026-07-06,ok,83968.0,67.0,0.0,705.0,706.0,0.0,643.0,61.0,1.0,0.0,,5707.0,11618.0,0.0,705.0,0.0,705.0,705.0,0.0
plist,3.7.2,2024-12-26,ok,9216.0,4.0,0.0,45.0,45.0,0.0,38.0,7.0,0.0,0.0,,324.0,467.0,0.0,45.0,0.0,45.0,45.0,0.0
yard,0.9.45,2026-07-14,ok,792576.0,234.0,0.0,2306.0,2387.0,0.0,1756.0,493.0,57.0,14.0,,21019.0,31589.0,0.0,2306.0,0.0,2306.0,2306.0,0.0
http,6.0.4,2026-07-14,ok,78848.0,61.0,0.0,568.0,570.0,0.0,404.0,162.0,2.0,1.0,,3612.0,9100.0,0.0,568.0,0.0,568.0,568.0,0.0
aws-sdk-kinesis,1.106.0,2026-09-01,ok,101888.0,14.0,0.0,153.0,153.0,0.0,148.0,5.0,0.0,0.0,,4043.0,12606.0,0.0,153.0,0.0,153.0,153.0,0.0
redis-namespace,1.11.0,2023-06-08,ok,19456.0,3.0,0.0,39.0,40.0,0.0,29.0,9.0,1.0,0.0,,499.0,651.0,0.0,39.0,0.0,39.0,39.0,0.0
fugit,1.13.0,2026-07-10,ok,33280.0,7.0,0.0,374.0,377.0,0.0,349.0,0.0,25.0,0.0,,1611.0,2333.0,0.0,374.0,0.0,374.0,374.0,0.0
safe_yaml,1.0.5,2019-02-22,ok,30720.0,24.0,0.0,82.0,87.0,0.0,76.0,6.0,0.0,7.0,,832.0,1093.0,0.0,82.0,0.0,82.0,82.0,0.0
aws-sdk-ec2,1.644.0,2026-09-04,ok,1800704.0,40.0,0.0,1817.0,1836.0,0.0,1775.0,42.0,0.0,0.0,,54706.0,222649.0,0.0,1817.0,0.0,1817.0,1817.0,0.0
fastimage,2.4.1,2026-03-10,ok,18432.0,22.0,0.0,94.0,94.0,0.0,59.0,35.0,0.0,0.0,,1017.0,1417.0,0.0,94.0,0.0,94.0,94.0,0.0
ice_nine,0.11.2,2016-01-29,ok,17920.0,19.0,0.0,20.0,20.0,0.0,20.0,0.0,0.0,0.0,,221.0,566.0,0.0,20.0,0.0,20.0,20.0,0.0
elasticsearch-api,9.5.0,2026-08-04,ok,247296.0,564.0,0.0,592.0,599.0,0.0,592.0,0.0,0.0,0.0,,15053.0,48065.0,0.0,592.0,0.0,592.0,592.0,0.0
net-http-persistent,4.0.8,2025-12-30,ok,27648.0,4.0,0.0,117.0,121.0,0.0,111.0,6.0,0.0,0.0,,594.0,1380.0,0.0,117.0,0.0,117.0,117.0,0.0
thin,2.0.1,2025-06-24,ok,59904.0,27.0,4.0,302.0,296.0,7.0,276.0,10.0,16.0,0.0,c,1928.0,2834.0,0.0,302.0,0.0,302.0,302.0,0.0
sassc,2.4.0,2020-06-02,ok,304640.0,37.0,153.0,216.0,216.0,0.0,185.0,30.0,1.0,0.0,c+cpp,1537.0,2577.0,0.0,216.0,0.0,216.0,216.0,0.0
http-form_data,3.0.1,2026-03-20,ok,14336.0,9.0,0.0,46.0,46.0,0.0,32.0,14.0,0.0,0.0,,290.0,773.0,0.0,46.0,0.0,46.0,46.0,0.0
chunky_png,1.4.0,2020-12-28,ok,363008.0,23.0,0.0,416.0,432.0,0.0,352.0,1.0,63.0,0.0,,2381.0,5172.0,0.0,416.0,0.0,416.0,416.0,0.0
debug_inspector,1.2.0,2023-12-12,ok,9216.0,3.0,1.0,8.0,2.0,6.0,8.0,0.0,0.0,0.0,c,38.0,49.0,0.0,8.0,0.0,8.0,8.0,0.0
aws-sdk-dynamodb,1.172.0,2026-08-04,ok,245248.0,18.0,0.0,298.0,299.0,0.0,280.0,18.0,0.0,0.0,,6841.0,29897.0,0.0,298.0,0.0,298.0,298.0,0.0
timers,4.4.0,2025-02-07,ok,15872.0,8.0,0.0,68.0,69.0,0.0,61.0,5.0,2.0,0.0,,359.0,665.0,0.0,68.0,0.0,68.0,68.0,0.0
dotenv-rails,3.2.0,2025-12-03,ok,9728.0,1.0,0.0,0.0,0.0,0.0,0.0,0.0,0.0,0.0,,1.0,2.0,0.0,0.0,0.0,0.0,0.0,0.0
mutex_m,0.3.0,2024-11-20,ok,7680.0,1.0,0.0,18.0,18.0,0.0,16.0,2.0,0.0,0.0,,60.0,122.0,0.0,18.0,0.0,18.0,18.0,0.0
raabro,1.5.0,2026-07-22,ok,13824.0,1.0,0.0,86.0,90.0,0.0,86.0,0.0,0.0,0.0,,462.0,668.0,0.0,86.0,0.0,86.0,86.0,0.0
websocket,1.2.11,2024-07-08,ok,28672.0,37.0,0.0,192.0,193.0,0.0,118.0,74.0,0.0,0.0,,1280.0,1998.0,0.0,192.0,0.0,192.0,192.0,0.0
lograge,0.15.0,2026-07-08,ok,11264.0,23.0,0.0,85.0,87.0,0.0,54.0,20.0,11.0,25.0,,648.0,887.0,0.0,85.0,0.0,85.0,85.0,0.0
haml,7.5.1,2026-09-01,ok,76288.0,52.0,0.0,257.0,259.0,0.0,115.0,142.0,0.0,0.0,,2762.0,3631.0,0.0,257.0,0.0,257.0,257.0,0.0
binding_of_caller,2.0.0,2026-02-15,ok,9728.0,5.0,0.0,16.0,26.0,0.0,10.0,5.0,1.0,0.0,,197.0,273.0,0.0,16.0,0.0,16.0,16.0,0.0
google-apis-storage_v1,0.67.0,2026-09-06,ok,56320.0,6.0,0.0,990.0,990.0,0.0,989.0,0.0,1.0,0.0,,3632.0,9348.0,0.0,990.0,0.0,990.0,990.0,0.0
google-apis-iamcredentials_v1,0.28.0,2026-06-21,ok,16384.0,6.0,0.0,85.0,85.0,0.0,84.0,0.0,1.0,0.0,,391.0,966.0,0.0,85.0,0.0,85.0,85.0,0.0
mimemagic,0.4.3,2021-03-26,ok,11776.0,3.0,0.0,29.0,29.0,0.0,29.0,0.0,0.0,0.0,,225.0,305.0,0.0,29.0,0.0,29.0,29.0,0.0
rack-session,2.1.2,2026-04-06,ok,16896.0,7.0,0.0,140.0,145.0,0.0,85.0,55.0,0.0,0.0,,854.0,1389.0,0.0,140.0,0.0,140.0,140.0,0.0
rails-controller-testing,1.0.5,2020-06-23,ok,39936.0,7.0,0.0,7.0,7.0,0.0,7.0,0.0,0.0,0.0,,211.0,281.0,0.0,7.0,0.0,7.0,7.0,0.0
git,5.4.1,2026-09-04,ok,398336.0,233.0,0.0,1127.0,1173.0,0.0,843.0,284.0,0.0,173.0,,10677.0,45870.0,0.0,1127.0,0.0,1127.0,1127.0,0.0
fog-core,2.6.0,2024-10-25,ok,47104.0,77.0,0.0,334.0,334.0,0.0,307.0,25.0,2.0,0.0,,2720.0,3902.0,0.0,334.0,0.0,334.0,334.0,0.0
stringio,3.2.0,2025-12-17,ok,20480.0,1.0,1.0,66.0,0.0,66.0,66.0,0.0,0.0,0.0,c,7.0,10.0,0.0,66.0,0.0,66.0,66.0,0.0
csv,3.3.6,2026-07-26,ok,66560.0,10.0,0.0,242.0,245.0,0.0,176.0,66.0,0.0,0.0,,2473.0,6489.0,0.0,242.0,0.0,242.0,242.0,0.0
json-schema,6.2.0,2026-03-06,ok,33280.0,76.0,0.0,245.0,250.0,0.0,233.0,12.0,0.0,0.0,,2526.0,3193.0,0.0,245.0,0.0,245.0,245.0,0.0
omniauth-oauth2,1.9.0,2025-12-11,ok,12288.0,3.0,0.0,22.0,22.0,0.0,16.0,0.0,6.0,0.0,,144.0,187.0,0.0,22.0,0.0,22.0,22.0,0.0
net-http,0.9.1,2025-12-17,ok,52224.0,11.0,0.0,286.0,301.0,0.0,245.0,41.0,0.0,0.0,,2205.0,6705.0,0.0,286.0,0.0,286.0,286.0,0.0
nap,1.1.0,2016-01-29,ok,156160.0,4.0,0.0,41.0,41.0,0.0,39.0,2.0,0.0,0.0,,220.0,443.0,0.0,41.0,0.0,41.0,41.0,0.0
dry-configurable,1.4.0,2026-05-14,ok,16384.0,15.0,0.0,82.0,82.0,0.0,72.0,10.0,0.0,0.0,,488.0,938.0,0.0,82.0,0.0,82.0,82.0,0.0
graphql,2.6.10,2026-08-27,ok,416256.0,377.0,0.0,3186.0,3206.0,0.0,2707.0,420.0,59.0,18.0,,31115.0,41685.0,0.0,3186.0,0.0,3186.0,3186.0,0.0
fog-json,1.4.0,2026-07-01,ok,8704.0,2.0,0.0,3.0,3.0,0.0,3.0,0.0,0.0,0.0,,38.0,52.0,0.0,3.0,0.0,3.0,3.0,0.0
ipaddress,0.8.3,2016-02-17,ok,38400.0,6.0,0.0,144.0,145.0,0.0,140.0,4.0,0.0,0.0,,658.0,2584.0,0.0,144.0,0.0,144.0,144.0,0.0
state_machines,0.202.0,2026-07-18,ok,89088.0,52.0,0.0,479.0,484.0,0.0,363.0,66.0,50.0,8.0,,3303.0,8633.0,0.0,479.0,0.0,479.0,479.0,0.0
bullet,8.2.0,2026-08-29,ok,29184.0,37.0,0.0,222.0,355.0,0.0,188.0,30.0,4.0,0.0,,3028.0,3659.0,0.0,222.0,0.0,222.0,222.0,0.0
web-console,4.3.0,2026-02-23,ok,29696.0,22.0,0.0,83.0,83.0,0.0,54.0,29.0,0.0,1.0,,597.0,904.0,0.0,83.0,0.0,83.0,83.0,0.0
uniform_notifier,1.18.0,2025-08-31,ok,15360.0,19.0,0.0,52.0,52.0,0.0,29.0,6.0,17.0,0.0,,444.0,599.0,0.0,52.0,0.0,52.0,52.0,0.0
fog-xml,0.1.5,2024-12-30,ok,11264.0,7.0,0.0,21.0,21.0,0.0,21.0,0.0,0.0,0.0,,163.0,221.0,0.0,21.0,0.0,21.0,21.0,0.0
http_parser.rb,0.8.1,2025-12-23,ok,188416.0,5.0,4.0,25.0,4.0,21.0,25.0,0.0,0.0,0.0,c+java,93.0,132.0,0.0,25.0,0.0,25.0,25.0,0.0
sass-listen,4.0.0,2017-07-13,ok,27136.0,31.0,0.0,228.0,228.0,0.0,137.0,85.0,6.0,0.0,,1685.0,2332.0,0.0,228.0,0.0,228.0,228.0,0.0
sqlite3,2.9.6,2026-08-11,ok,3350016.0,12.0,13.0,283.0,238.0,56.0,278.0,5.0,0.0,0.0,c,1403.0,2487.0,0.0,283.0,0.0,283.0,283.0,0.0
net-sftp,4.0.0,2022-11-01,ok,55296.0,27.0,0.0,487.0,492.0,0.0,439.0,41.0,7.0,0.0,,2821.0,5293.0,0.0,487.0,0.0,487.0,487.0,0.0
ffi-compiler,1.4.2,2026-05-02,ok,15360.0,11.0,0.0,94.0,95.0,0.0,86.0,8.0,0.0,0.0,,640.0,797.0,0.0,94.0,0.0,94.0,94.0,0.0
css_parser,3.0.0,2026-06-01,ok,23040.0,5.0,0.0,96.0,100.0,0.0,76.0,13.0,7.0,0.0,,1249.0,1941.0,0.0,96.0,0.0,96.0,96.0,0.0
newrelic_rpm,10.7.1,2026-08-20,ok,516096.0,503.0,0.0,3904.0,3961.0,0.0,3334.0,533.0,37.0,82.0,,32090.0,45296.0,0.0,3904.0,0.0,3904.0,3904.0,0.0
rack-proxy,2.0.0,2026-09-05,ok,26624.0,4.0,0.0,50.0,50.0,0.0,34.0,11.0,5.0,0.0,,423.0,665.0,0.0,50.0,0.0,50.0,50.0,0.0
xml-simple,1.1.9,2021-09-06,ok,12288.0,1.0,0.0,40.0,40.0,0.0,12.0,28.0,0.0,0.0,,686.0,1063.0,0.0,40.0,0.0,40.0,40.0,0.0
prism,1.9.0,2026-01-27,ok,650240.0,42.0,48.0,5704.0,5694.0,21.0,5545.0,159.0,0.0,0.0,c,31765.0,50018.0,0.0,5704.0,0.0,5704.0,5704.0,0.0
matrix,0.4.3,2025-06-18,ok,28160.0,4.0,0.0,229.0,237.0,0.0,202.0,26.0,1.0,0.0,,2188.0,3606.0,0.0,229.0,0.0,229.0,229.0,0.0
nanaimo,0.4.0,2024-10-03,ok,20480.0,11.0,0.0,114.0,114.0,0.0,54.0,60.0,0.0,3.0,,914.0,1172.0,0.0,114.0,0.0,114.0,114.0,0.0
rackup,2.3.1,2025-12-05,ok,17920.0,8.0,0.0,63.0,63.0,0.0,49.0,14.0,0.0,0.0,,783.0,1149.0,0.0,63.0,0.0,63.0,63.0,0.0
sassc-rails,2.1.2,2019-06-18,ok,33280.0,13.0,0.0,40.0,40.0,0.0,34.0,6.0,0.0,0.0,,383.0,516.0,0.0,40.0,0.0,40.0,40.0,0.0
elasticsearch-transport,7.17.11,2024-06-03,ok,60416.0,18.0,0.0,146.0,147.0,0.0,119.0,27.0,0.0,0.0,,1230.0,2316.0,0.0,146.0,0.0,146.0,146.0,0.0
kramdown-parser-gfm,1.1.0,2019-05-29,ok,11776.0,3.0,0.0,10.0,10.0,0.0,9.0,1.0,0.0,0.0,,197.0,293.0,0.0,10.0,0.0,10.0,10.0,0.0
aws-sdk-sns,1.118.0,2026-07-09,ok,91136.0,16.0,0.0,216.0,216.0,0.0,193.0,23.0,0.0,0.0,,3067.0,11113.0,0.0,216.0,0.0,216.0,216.0,0.0
fastlane,2.239.0,2026-09-04,ok,1192448.0,789.0,0.0,8562.0,8626.0,0.0,8249.0,308.0,5.0,0.0,,73976.0,98065.0,1.0,8562.0,0.0,8562.0,8562.0,0.0
babosa,2.1.0,2026-05-08,ok,20992.0,21.0,0.0,36.0,36.0,0.0,35.0,1.0,0.0,0.0,,1107.0,1337.0,0.0,36.0,0.0,36.0,36.0,0.0
celluloid,0.18.0,2020-12-06,ok,84992.0,78.0,0.0,707.0,717.0,0.0,687.0,20.0,0.0,9.0,,4189.0,5527.0,0.0,707.0,0.0,707.0,707.0,0.0
brakeman,8.0.6,2026-08-12,ok,1630208.0,551.0,0.0,11635.0,11735.0,0.0,10800.0,775.0,60.0,0.0,,191665.0,239755.0,0.0,11635.0,0.0,11635.0,11635.0,0.0
oauth,1.1.8,2026-07-15,ok,69120.0,42.0,0.0,285.0,285.0,0.0,232.0,28.0,25.0,9.0,,1874.0,2858.0,0.0,285.0,0.0,285.0,285.0,0.0
colorize,1.1.0,2023-06-23,ok,17920.0,6.0,0.0,37.0,37.0,0.0,25.0,12.0,0.0,0.0,,276.0,463.0,0.0,37.0,0.0,37.0,37.0,0.0
aws-sdk-lambda,1.194.0,2026-09-01,ok,202240.0,13.0,0.0,304.0,304.0,0.0,300.0,4.0,0.0,0.0,,7190.0,26626.0,0.0,304.0,0.0,304.0,304.0,0.0
activerecord-import,2.3.0,2026-08-15,ok,38400.0,31.0,0.0,105.0,106.0,0.0,93.0,12.0,0.0,0.0,,1451.0,2242.0,0.0,105.0,0.0,105.0,105.0,0.0
aws-sdk-secretsmanager,1.134.0,2026-07-09,ok,68096.0,11.0,0.0,62.0,62.0,0.0,60.0,2.0,0.0,0.0,,1723.0,7645.0,0.0,62.0,0.0,62.0,62.0,0.0
aws-sdk-cloudformation,1.157.0,2026-07-31,ok,223744.0,16.0,0.0,298.0,302.0,0.0,286.0,12.0,0.0,0.0,,7220.0,29965.0,0.0,298.0,0.0,298.0,298.0,0.0
unicode-emoji,4.2.0,2025-12-17,ok,170496.0,46.0,0.0,12.0,12.0,0.0,12.0,0.0,0.0,0.0,,612.0,954.0,0.0,12.0,0.0,12.0,12.0,0.0
aws-sdk-cloudwatch,1.146.0,2026-08-21,ok,154624.0,15.0,0.0,240.0,243.0,0.0,228.0,12.0,0.0,0.0,,4304.0,17327.0,0.0,240.0,0.0,240.0,240.0,0.0
faraday-cookie_jar,0.0.8,2025-11-12,ok,7680.0,3.0,0.0,2.0,2.0,0.0,2.0,0.0,0.0,0.0,,39.0,46.0,0.0,2.0,0.0,2.0,2.0,0.0
vcr,6.4.0,2025-12-22,ok,41984.0,38.0,0.0,449.0,455.0,0.0,293.0,155.0,1.0,3.0,,2977.0,4866.0,0.0,449.0,0.0,449.0,449.0,0.0
tty-spinner,0.9.3,2020-01-28,ok,17408.0,5.0,0.0,66.0,66.0,0.0,53.0,13.0,0.0,0.0,,728.0,1183.0,0.0,66.0,0.0,66.0,66.0,0.0
fog-aws,3.33.3,2026-08-28,ok,438784.0,1306.0,0.0,3573.0,3575.0,0.0,3383.0,180.0,10.0,0.0,,59935.0,81722.0,0.0,3573.0,0.0,3573.0,3573.0,0.0
bindex,0.8.1,2019-07-10,ok,19968.0,10.0,8.0,22.0,20.0,2.0,18.0,4.0,0.0,0.0,c+java,144.0,197.0,0.0,22.0,0.0,22.0,22.0,0.0
ttfunk,1.8.0,2024-03-05,ok,84992.0,81.0,0.0,694.0,694.0,0.0,514.0,180.0,0.0,0.0,,6173.0,9752.0,0.0,694.0,0.0,694.0,694.0,0.0
parallel_tests,5.7.0,2026-04-09,ok,31744.0,23.0,0.0,161.0,161.0,0.0,112.0,48.0,1.0,0.0,,1496.0,1951.0,0.0,161.0,0.0,161.0,161.0,0.0
rchardet,1.10.2,2026-05-28,ok,164864.0,37.0,0.0,126.0,126.0,0.0,118.0,8.0,0.0,0.0,,6042.0,7771.0,0.0,126.0,0.0,126.0,126.0,0.0
atomos,1.0.0,2025-02-28,ok,11264.0,2.0,0.0,2.0,2.0,0.0,2.0,0.0,0.0,2.0,,34.0,54.0,0.0,2.0,0.0,2.0,2.0,0.0
fluent-plugin-s3,1.8.6,2026-09-04,ok,44544.0,11.0,0.0,103.0,103.0,0.0,77.0,26.0,0.0,0.0,,1415.0,1650.0,0.0,103.0,0.0,103.0,103.0,0.0
grpc,1.83.1,2026-08-31,ok,7657472.0,38.0,3534.0,297.0,246.0,62.0,274.0,15.0,8.0,0.0,c+cpp,2772.0,5061.0,0.0,297.0,0.0,297.0,297.0,0.0
slop,4.10.1,2023-02-26,ok,22016.0,7.0,0.0,112.0,115.0,0.0,100.0,12.0,0.0,0.0,,513.0,847.0,0.0,112.0,0.0,112.0,112.0,0.0
redis-client,0.30.1,2026-07-21,ok,30720.0,17.0,0.0,283.0,292.0,0.0,256.0,27.0,0.0,24.0,,2311.0,2802.0,0.0,283.0,0.0,283.0,283.0,0.0
fluent-plugin-kubernetes_metadata_filter,3.8.0,2025-08-21,ok,110592.0,7.0,0.0,38.0,38.0,0.0,38.0,0.0,0.0,0.0,,833.0,1174.0,0.0,38.0,0.0,38.0,38.0,0.0
autoprefixer-rails,10.4.21.0,2025-04-12,ok,1174016.0,7.0,0.0,30.0,30.0,0.0,25.0,5.0,0.0,0.0,,277.0,393.0,0.0,30.0,0.0,30.0,30.0,0.0
colored,1.2,2010-02-10,ok,5632.0,1.0,0.0,7.0,7.0,0.0,7.0,0.0,0.0,0.0,,66.0,92.0,0.0,7.0,0.0,7.0,7.0,0.0
gh_inspector,1.1.3,2018-03-06,ok,12800.0,6.0,0.0,70.0,70.0,0.0,60.0,10.0,0.0,0.0,,240.0,389.0,0.0,70.0,0.0,70.0,70.0,0.0
lumberjack,2.1.0,2026-08-31,ok,94208.0,48.0,0.0,457.0,457.0,0.0,387.0,70.0,0.0,0.0,,3123.0,7127.0,0.0,457.0,0.0,457.0,457.0,0.0
open4,1.3.4,2014-05-15,ok,18944.0,2.0,0.0,31.0,33.0,0.0,31.0,0.0,0.0,0.0,,378.0,456.0,0.0,31.0,0.0,31.0,31.0,0.0
rack-attack,6.8.0,2025-10-14,ok,27136.0,20.0,0.0,125.0,125.0,0.0,106.0,15.0,4.0,0.0,,735.0,971.0,0.0,125.0,0.0,125.0,125.0,0.0
sexp_processor,4.17.5,2025-12-24,ok,57344.0,7.0,0.0,266.0,279.0,0.0,265.0,1.0,0.0,0.0,,3883.0,5614.0,0.0,266.0,0.0,266.0,266.0,0.0
ostruct,0.6.3,2025-07-17,ok,12800.0,1.0,0.0,29.0,31.0,0.0,23.0,5.0,1.0,0.0,,210.0,493.0,0.0,29.0,0.0,29.0,29.0,0.0
stackprof,0.2.28,2026-02-13,ok,74240.0,7.0,1.0,70.0,63.0,7.0,66.0,4.0,0.0,0.0,c,754.0,922.0,0.0,70.0,0.0,70.0,70.0,0.0
google-apis-androidpublisher_v3,0.108.0,2026-09-06,ok,129024.0,6.0,0.0,3117.0,3117.0,0.0,3116.0,0.0,1.0,0.0,,11357.0,24629.0,0.0,3117.0,0.0,3117.0,3117.0,0.0
descendants_tracker,0.0.4,2014-03-27,ok,11264.0,2.0,0.0,5.0,5.0,0.0,4.0,1.0,0.0,0.0,,28.0,75.0,0.0,5.0,0.0,5.0,5.0,0.0
commander,6.0.0,2026-08-02,ok,33792.0,18.0,0.0,120.0,120.0,0.0,119.0,1.0,0.0,17.0,,727.0,1613.0,0.0,120.0,0.0,120.0,120.0,0.0
paper_trail,17.0.0,2025-10-24,ok,37376.0,40.0,0.0,261.0,261.0,0.0,144.0,110.0,7.0,0.0,,1946.0,3444.0,0.0,261.0,0.0,261.0,261.0,0.0
aws-sdk-ecr,1.132.0,2026-08-17,ok,101376.0,12.0,0.0,181.0,181.0,0.0,177.0,4.0,0.0,0.0,,4538.0,13991.0,0.0,181.0,0.0,181.0,181.0,0.0
guard,2.20.2,2026-07-16,ok,62464.0,61.0,0.0,389.0,391.0,0.0,312.0,75.0,2.0,0.0,,3129.0,5173.0,0.0,389.0,0.0,389.0,389.0,0.0
turbolinks,5.2.1,2019-09-18,ok,6656.0,4.0,0.0,8.0,8.0,0.0,5.0,3.0,0.0,0.0,,98.0,132.0,0.0,8.0,0.0,8.0,8.0,0.0
sentry-ruby,7.0.0,2026-09-01,ok,103936.0,94.0,0.0,1063.0,1065.0,0.0,938.0,121.0,4.0,13.0,,6307.0,10013.0,0.0,1063.0,0.0,1063.0,1063.0,0.0
bundler-audit,0.9.3,2025-11-28,ok,50176.0,18.0,0.0,102.0,102.0,0.0,84.0,13.0,5.0,0.0,,940.0,2236.0,0.0,102.0,0.0,102.0,102.0,0.0
climate_control,1.2.0,2022-07-15,ok,10752.0,3.0,0.0,4.0,4.0,0.0,3.0,1.0,0.0,0.0,,64.0,81.0,0.0,4.0,0.0,4.0,4.0,0.0
xcpretty,0.4.1,2025-03-26,ok,399872.0,25.0,0.0,227.0,227.0,0.0,189.0,38.0,0.0,0.0,,1721.0,2396.0,0.0,227.0,0.0,227.0,227.0,0.0
sorbet-runtime,0.6.13486,2026-09-06,ok,99328.0,88.0,0.0,794.0,796.0,0.0,732.0,62.0,0.0,0.0,,8939.0,13415.0,0.0,794.0,0.0,794.0,794.0,0.0
aws-sdk-iam,1.152.0,2026-08-12,ok,254464.0,34.0,0.0,766.0,777.0,0.0,731.0,35.0,0.0,0.0,,11503.0,45080.0,0.0,766.0,0.0,766.0,766.0,0.0
backports,3.25.3,2025-12-15,ok,140800.0,600.0,0.0,769.0,798.0,0.0,723.0,41.0,5.0,0.0,,9139.0,12241.0,0.0,769.0,0.0,769.0,769.0,0.0
carrierwave,3.1.4,2026-08-30,ok,54784.0,43.0,0.0,359.0,359.0,0.0,281.0,75.0,3.0,0.0,,2750.0,5424.0,0.0,359.0,0.0,359.0,359.0,0.0
aws-sdk-cloudwatchlogs,1.162.0,2026-08-27,ok,203776.0,12.0,0.0,182.0,182.0,0.0,180.0,2.0,0.0,0.0,,7058.0,25772.0,0.0,182.0,0.0,182.0,182.0,0.0
rufus-scheduler,3.9.2,2024-09-04,ok,40960.0,8.0,0.0,199.0,204.0,0.0,169.0,0.0,30.0,0.0,,1045.0,1874.0,0.0,199.0,0.0,199.0,199.0,0.0
browser,6.2.0,2024-12-04,ok,58368.0,98.0,0.0,468.0,478.0,0.0,452.0,16.0,0.0,0.0,,2238.0,3022.0,0.0,468.0,0.0,468.0,468.0,0.0
bindata,3.0.0,2026-07-13,ok,85504.0,40.0,0.0,615.0,624.0,0.0,476.0,139.0,0.0,0.0,,3737.0,5790.0,0.0,615.0,0.0,615.0,615.0,0.0
shellany,0.0.1,2014-12-25,ok,9216.0,3.0,0.0,14.0,14.0,0.0,14.0,0.0,0.0,0.0,,78.0,155.0,0.0,14.0,0.0,14.0,14.0,0.0
nenv,0.3.0,2016-02-08,ok,10240.0,10.0,0.0,23.0,23.0,0.0,18.0,5.0,0.0,0.0,,179.0,213.0,0.0,23.0,0.0,23.0,23.0,0.0
notiffany,0.1.3,2019-08-01,ok,22528.0,20.0,0.0,139.0,139.0,0.0,78.0,61.0,0.0,0.0,,936.0,1562.0,0.0,139.0,0.0,139.0,139.0,0.0
slack-notifier,2.4.0,2021-05-07,ok,13312.0,13.0,0.0,48.0,48.0,0.0,38.0,10.0,0.0,0.0,,386.0,511.0,0.0,48.0,0.0,48.0,48.0,0.0
unicode_utils,1.4.0,2012-09-30,ok,439808.0,47.0,0.0,96.0,96.0,0.0,94.0,2.0,0.0,0.0,,1384.0,2407.0,0.0,96.0,0.0,96.0,96.0,0.0
faraday-http-cache,2.7.0,2026-04-14,ok,27136.0,12.0,0.0,96.0,96.0,0.0,59.0,36.0,1.0,0.0,,565.0,1178.0,0.0,96.0,0.0,96.0,96.0,0.0
jaro_winkler,1.7.0,2026-02-11,ok,10240.0,5.0,7.0,11.0,7.0,4.0,8.0,3.0,0.0,0.0,c,150.0,188.0,0.0,11.0,0.0,11.0,11.0,0.0
rotp,6.3.0,2023-08-30,ok,21504.0,9.0,0.0,61.0,61.0,0.0,36.0,25.0,0.0,0.0,,367.0,521.0,0.0,61.0,0.0,61.0,61.0,0.0
version_gem,1.1.15,2026-08-01,ok,29696.0,8.0,0.0,17.0,17.0,0.0,15.0,2.0,0.0,0.0,,185.0,297.0,0.0,17.0,0.0,17.0,17.0,0.0
bootboot,0.2.2,2023-01-25,ok,10240.0,7.0,0.0,21.0,21.0,0.0,14.0,7.0,0.0,0.0,,187.0,271.0,0.0,21.0,0.0,21.0,21.0,0.0
dry-container,0.11.0,2022-09-16,ok,12800.0,14.0,0.0,66.0,66.0,0.0,63.0,3.0,0.0,0.0,,408.0,874.0,0.0,66.0,0.0,66.0,66.0,0.0
rails-i18n,8.1.0,2025-11-24,ok,123392.0,132.0,0.0,46.0,46.0,0.0,30.0,13.0,3.0,0.0,,885.0,1166.0,0.0,46.0,0.0,46.0,46.0,0.0
liquid,5.13.0,2026-06-29,ok,61952.0,64.0,0.0,691.0,692.0,0.0,589.0,87.0,15.0,0.0,,4481.0,7020.0,0.0,691.0,0.0,691.0,691.0,0.0
spring-commands-rspec,1.0.4,2014-12-13,ok,6144.0,2.0,0.0,4.0,4.0,0.0,4.0,0.0,0.0,0.0,,24.0,30.0,0.0,4.0,0.0,4.0,4.0,0.0
active_model_serializers,0.10.16,2025-12-08,ok,61952.0,59.0,0.0,345.0,351.0,0.0,267.0,52.0,26.0,19.0,,2438.0,4421.0,0.0,345.0,0.0,345.0,345.0,0.0
emoji_regex,15.0.0,2023-04-05,ok,8704.0,1.0,0.0,0.0,0.0,0.0,0.0,0.0,0.0,0.0,,3.0,7.0,0.0,0.0,0.0,0.0,0.0,0.0
aws-sdk-route53,1.137.0,2026-07-09,ok,146944.0,13.0,0.0,234.0,234.0,0.0,228.0,6.0,0.0,0.0,,4968.0,18937.0,0.0,234.0,0.0,234.0,234.0,0.0
cocoapods,1.17.0,2026-07-06,ok,299008.0,147.0,0.0,1816.0,1820.0,0.0,1283.0,529.0,4.0,0.0,,14667.0,26033.0,0.0,1816.0,0.0,1816.0,1816.0,0.0
dogstatsd-ruby,5.7.1,2025-08-20,ok,24064.0,20.0,0.0,177.0,182.0,0.0,108.0,60.0,9.0,0.0,,1408.0,2083.0,0.0,177.0,0.0,177.0,177.0,0.0
redis-store,1.12.0,2026-08-07,ok,17408.0,10.0,0.0,94.0,95.0,0.0,75.0,18.0,1.0,0.0,,532.0,663.0,0.0,94.0,0.0,94.0,94.0,0.0
dry-initializer,3.2.0,2025-01-01,ok,21504.0,27.0,0.0,125.0,125.0,0.0,70.0,55.0,0.0,3.0,,818.0,1292.0,0.0,125.0,0.0,125.0,125.0,0.0
ruby-saml,1.18.1,2025-07-29,ok,79360.0,22.0,0.0,389.0,389.0,0.0,309.0,69.0,11.0,0.0,,3054.0,4758.0,0.0,389.0,0.0,389.0,389.0,0.0
optimist,3.2.1,2025-03-19,ok,41984.0,1.0,0.0,123.0,123.0,0.0,115.0,8.0,0.0,0.0,,824.0,1277.0,0.0,123.0,0.0,123.0,123.0,0.0
coercible,1.0.0,2013-12-10,ok,24064.0,22.0,0.0,90.0,90.0,0.0,72.0,15.0,3.0,0.0,,561.0,1621.0,0.0,90.0,0.0,90.0,90.0,0.0
celluloid-io,0.17.3,2016-01-18,ok,57856.0,14.0,0.0,88.0,89.0,0.0,78.0,10.0,0.0,0.0,,782.0,1161.0,0.0,88.0,0.0,88.0,88.0,0.0
useragent,0.16.11,2024-12-04,ok,14336.0,21.0,0.0,156.0,156.0,0.0,147.0,9.0,0.0,0.0,,1150.0,1552.0,0.0,156.0,0.0,156.0,156.0,0.0
guard-compat,1.2.1,2015-01-14,ok,11776.0,4.0,0.0,14.0,14.0,0.0,14.0,0.0,0.0,0.0,,135.0,174.0,0.0,14.0,0.0,14.0,14.0,0.0
chronic,0.10.2,2013-09-09,ok,43008.0,36.0,0.0,301.0,301.0,0.0,282.0,19.0,0.0,46.0,,2571.0,3475.0,0.0,301.0,0.0,301.0,301.0,0.0
sanitize,7.0.0,2024-12-30,ok,48640.0,13.0,0.0,41.0,41.0,0.0,31.0,4.0,6.0,0.0,,1484.0,2056.0,0.0,41.0,0.0,41.0,41.0,0.0
naturally,2.3.0,2025-06-11,ok,11264.0,3.0,0.0,8.0,8.0,0.0,7.0,1.0,0.0,0.0,,52.0,124.0,0.0,8.0,0.0,8.0,8.0,0.0
terminal-notifier,3.1.0,2026-08-30,ok,400896.0,3.0,0.0,19.0,19.0,0.0,19.0,0.0,0.0,0.0,,129.0,295.0,0.0,19.0,0.0,19.0,19.0,0.0
cocoapods-core,1.17.0,2026-07-06,ok,104448.0,40.0,0.0,730.0,730.0,0.0,566.0,155.0,9.0,0.0,,5277.0,12646.0,0.0,730.0,0.0,730.0,730.0,0.0
security,0.2.0,2026-08-15,ok,8192.0,5.0,0.0,31.0,31.0,0.0,25.0,6.0,0.0,0.0,,164.0,226.0,0.0,31.0,0.0,31.0,31.0,0.0
equalizer,1.0.0,2026-03-20,ok,13312.0,1.0,0.0,13.0,13.0,0.0,12.0,1.0,0.0,0.0,,66.0,183.0,0.0,13.0,0.0,13.0,13.0,0.0
money,7.1.1,2026-07-31,ok,67072.0,20.0,0.0,214.0,223.0,0.0,179.0,35.0,0.0,0.0,,1160.0,2850.0,0.0,214.0,0.0,214.0,214.0,0.0
simctl,1.6.10,2023-01-26,ok,29184.0,42.0,0.0,135.0,138.0,0.0,123.0,12.0,0.0,0.0,,1011.0,1488.0,0.0,135.0,0.0,135.0,135.0,0.0
pp,0.6.4,2026-06-22,ok,12288.0,1.0,0.0,46.0,47.0,0.0,45.0,1.0,0.0,0.0,,507.0,739.0,0.0,46.0,0.0,46.0,46.0,0.0
redcarpet,3.6.1,2025-02-25,ok,55296.0,6.0,18.0,41.0,35.0,6.0,37.0,4.0,0.0,0.0,c,257.0,386.0,0.0,41.0,0.0,41.0,41.0,0.0
nori,2.9.1,2026-07-05,ok,19968.0,10.0,0.0,74.0,74.0,0.0,50.0,24.0,0.0,0.0,,457.0,791.0,0.0,74.0,0.0,74.0,74.0,0.0
database_cleaner-active_record,2.2.2,2025-07-30,ok,15872.0,7.0,0.0,61.0,61.0,0.0,30.0,31.0,0.0,0.0,,392.0,497.0,0.0,61.0,0.0,61.0,61.0,0.0
lint_roller,1.1.0,2023-07-07,ok,9728.0,8.0,0.0,5.0,5.0,0.0,5.0,0.0,0.0,0.0,,83.0,110.0,0.0,5.0,0.0,5.0,5.0,0.0
foreman,0.90.0,2025-07-27,ok,31744.0,20.0,0.0,131.0,132.0,0.0,86.0,45.0,0.0,0.0,,1010.0,1480.0,0.0,131.0,0.0,131.0,131.0,0.0
aws-sdk-ses,1.102.0,2026-07-09,ok,100864.0,12.0,0.0,155.0,155.0,0.0,151.0,4.0,0.0,0.0,,3455.0,13780.0,0.0,155.0,0.0,155.0,155.0,0.0
virtus,2.0.0,2021-06-07,ok,50176.0,34.0,0.0,276.0,277.0,0.0,237.0,36.0,3.0,0.0,,1375.0,3188.0,0.0,276.0,0.0,276.0,276.0,0.0
guard-rspec,4.7.3,2016-07-29,ok,30720.0,18.0,0.0,130.0,130.0,0.0,82.0,48.0,0.0,0.0,,770.0,1045.0,0.0,130.0,0.0,130.0,130.0,0.0
ed25519,1.4.0,2025-05-04,ok,182272.0,5.0,50.0,24.0,21.0,3.0,24.0,0.0,0.0,2.0,c+java,103.0,194.0,0.0,24.0,0.0,24.0,24.0,0.0
axiom-types,0.1.1,2014-03-27,ok,23552.0,25.0,0.0,62.0,62.0,0.0,50.0,11.0,1.0,0.0,,567.0,1363.0,0.0,62.0,0.0,62.0,62.0,0.0
redis-rack,3.0.0,2023-12-04,ok,14336.0,4.0,0.0,16.0,16.0,0.0,15.0,1.0,0.0,0.0,,128.0,154.0,0.0,16.0,0.0,16.0,16.0,0.0
rqrcode,3.2.0,2026-01-08,ok,15360.0,9.0,0.0,10.0,10.0,0.0,10.0,0.0,0.0,0.0,,364.0,576.0,0.0,10.0,0.0,10.0,10.0,0.0
ruby-vips,2.3.0,2025-12-10,ok,74240.0,61.0,0.0,249.0,249.0,0.0,242.0,7.0,0.0,0.0,,2425.0,8700.0,0.0,249.0,0.0,249.0,249.0,0.0
dalli,5.1.0,2026-08-16,ok,72704.0,30.0,0.0,414.0,417.0,0.0,288.0,126.0,0.0,3.0,,2769.0,4840.0,0.0,414.0,0.0,414.0,414.0,0.0
database_cleaner-core,2.1.0,2026-06-01,ok,24576.0,11.0,0.0,65.0,66.0,0.0,48.0,17.0,0.0,0.0,,321.0,432.0,0.0,65.0,0.0,65.0,65.0,0.0
gyoku,1.4.0,2022-04-01,ok,19456.0,7.0,0.0,25.0,25.0,0.0,13.0,12.0,0.0,0.0,,257.0,365.0,0.0,25.0,0.0,25.0,25.0,0.0
redis-actionpack,5.5.0,2024-11-10,ok,14848.0,3.0,0.0,7.0,7.0,0.0,2.0,5.0,0.0,0.0,,51.0,71.0,0.0,7.0,0.0,7.0,7.0,0.0
rspec-retry,0.6.2,2019-11-21,ok,14336.0,4.0,0.0,35.0,35.0,0.0,31.0,4.0,0.0,0.0,,220.0,295.0,0.0,35.0,0.0,35.0,35.0,0.0
premailer,1.30.0,2026-08-19,ok,25088.0,11.0,0.0,54.0,54.0,0.0,46.0,4.0,4.0,0.0,,1255.0,1938.0,0.0,54.0,0.0,54.0,54.0,0.0
xcpretty-travis-formatter,1.0.1,2021-01-01,ok,6656.0,1.0,0.0,23.0,23.0,0.0,23.0,0.0,0.0,0.0,,71.0,96.0,0.0,23.0,0.0,23.0,23.0,0.0
aws-sdk-elasticloadbalancing,1.92.0,2026-07-09,ok,54272.0,12.0,0.0,78.0,78.0,0.0,74.0,4.0,0.0,0.0,,1881.0,6696.0,0.0,78.0,0.0,78.0,78.0,0.0
aws-sdk-firehose,1.112.0,2026-07-09,ok,93696.0,11.0,0.0,45.0,45.0,0.0,43.0,2.0,0.0,0.0,,2803.0,11350.0,0.0,45.0,0.0,45.0,45.0,0.0
snaky_hash,2.0.7,2026-07-14,ok,40448.0,7.0,0.0,29.0,30.0,0.0,23.0,6.0,0.0,0.0,,226.0,482.0,0.0,29.0,0.0,29.0,29.0,0.0
ruby-rc4,0.1.5,2012-02-07,ok,7168.0,1.0,0.0,6.0,6.0,0.0,4.0,2.0,0.0,0.0,,34.0,44.0,0.0,6.0,0.0,6.0,6.0,0.0
countries,8.1.0,2026-01-02,ok,2644480.0,26.0,0.0,161.0,165.0,0.0,131.0,23.0,7.0,2.0,,888.0,1379.0,0.0,161.0,0.0,161.0,161.0,0.0
celluloid-pool,0.20.5,2015-09-30,ok,9728.0,3.0,0.0,34.0,34.0,0.0,34.0,0.0,0.0,0.0,,217.0,288.0,0.0,34.0,0.0,34.0,34.0,0.0
kgio,2.11.4,2021-05-25,ok,60416.0,3.0,19.0,279.0,251.0,50.0,274.0,5.0,0.0,0.0,c,1308.0,1687.0,0.0,279.0,0.0,279.0,279.0,0.0
raindrops,0.20.1,2023-02-25,ok,63488.0,12.0,5.0,325.0,331.0,16.0,320.0,5.0,0.0,0.0,c,2072.0,3023.0,0.0,325.0,0.0,325.0,325.0,0.0
tins,1.56.0,2026-07-25,ok,358912.0,118.0,0.0,397.0,406.0,0.0,387.0,10.0,0.0,7.0,,3376.0,7902.0,0.0,397.0,0.0,397.0,397.0,0.0
image_processing,2.1.0,2026-09-01,ok,19456.0,8.0,0.0,81.0,81.0,0.0,66.0,15.0,0.0,6.0,,580.0,887.0,0.0,81.0,0.0,81.0,81.0,0.0
celluloid-fsm,0.20.5,2015-09-30,ok,8704.0,1.0,0.0,23.0,23.0,0.0,16.0,0.0,7.0,0.0,,116.0,188.0,0.0,23.0,0.0,23.0,23.0,0.0
ruby_parser,3.22.0,2025-12-21,ok,827392.0,23.0,0.0,6598.0,6611.0,0.0,6598.0,0.0,0.0,0.0,,140633.0,163470.0,0.0,6598.0,0.0,6598.0,6598.0,0.0
celluloid-essentials,0.20.5,2015-09-30,ok,17920.0,27.0,0.0,208.0,209.0,0.0,205.0,3.0,0.0,9.0,,1084.0,1401.0,0.0,208.0,0.0,208.0,208.0,0.0
celluloid-supervision,0.20.6,2016-06-19,ok,15872.0,18.0,0.0,104.0,112.0,0.0,96.0,8.0,0.0,0.0,,892.0,1115.0,0.0,104.0,0.0,104.0,104.0,0.0
celluloid-extras,0.20.5,2015-09-30,ok,7680.0,3.0,0.0,20.0,20.0,0.0,20.0,0.0,0.0,0.0,,84.0,110.0,0.0,20.0,0.0,20.0,20.0,0.0
word_wrap,1.0.0,2015-04-22,ok,9216.0,4.0,0.0,9.0,9.0,0.0,9.0,0.0,0.0,0.0,,105.0,144.0,0.0,9.0,0.0,9.0,9.0,0.0
danger,9.6.1,2026-07-29,ok,91136.0,112.0,0.0,1100.0,1107.0,0.0,945.0,155.0,0.0,0.0,,6818.0,10936.0,0.0,1100.0,0.0,1100.0,1100.0,0.0
statsd-ruby,1.5.0,2021-01-07,ok,15872.0,3.0,0.0,64.0,66.0,0.0,54.0,7.0,3.0,0.0,,296.0,550.0,0.0,64.0,0.0,64.0,64.0,0.0
faraday_middleware-aws-sigv4,1.0.1,2022-10-01,ok,8704.0,3.0,0.0,6.0,6.0,0.0,4.0,2.0,0.0,0.0,,65.0,88.0,0.0,6.0,0.0,6.0,6.0,0.0
omniauth-google-oauth2,1.2.3,2026-08-31,ok,36864.0,4.0,0.0,36.0,36.0,0.0,7.0,29.0,0.0,0.0,,317.0,497.0,0.0,36.0,0.0,36.0,36.0,0.0
get_process_mem,1.0.0,2024-07-22,ok,11776.0,3.0,0.0,16.0,16.0,0.0,14.0,2.0,0.0,0.0,,158.0,192.0,0.0,16.0,0.0,16.0,16.0,0.0
deep_merge,1.2.2,2022-01-07,ok,14848.0,4.0,0.0,9.0,9.0,0.0,9.0,0.0,0.0,0.0,,192.0,308.0,0.0,9.0,0.0,9.0,9.0,0.0
encryptor,3.0.0,2016-03-27,ok,20480.0,3.0,0.0,12.0,12.0,0.0,8.0,0.0,4.0,0.0,,91.0,157.0,0.0,12.0,0.0,12.0,12.0,0.0
declarative-option,0.1.0,2017-01-28,ok,8704.0,4.0,0.0,9.0,9.0,0.0,4.0,5.0,0.0,0.0,,50.0,66.0,0.0,9.0,0.0,9.0,9.0,0.0
dry-schema,1.16.0,2026-03-03,ok,48128.0,68.0,0.0,527.0,528.0,0.0,463.0,61.0,3.0,0.0,,3343.0,5996.0,2.0,527.0,0.0,527.0,527.0,0.0
unicorn,6.1.0,2021-12-25,ok,227328.0,23.0,7.0,458.0,461.0,21.0,407.0,51.0,0.0,0.0,c,3123.0,4921.0,0.0,458.0,0.0,458.0,458.0,0.0
debug,1.11.1,2025-12-19,ok,100352.0,24.0,2.0,596.0,622.0,8.0,561.0,35.0,0.0,0.0,c,8268.0,10168.0,0.0,596.0,0.0,596.0,596.0,0.0
optparse,0.8.1,2025-12-10,ok,42496.0,9.0,0.0,167.0,174.0,0.0,155.0,12.0,0.0,0.0,,1364.0,2694.0,0.0,167.0,0.0,167.0,167.0,0.0
letter_opener,1.10.0,2024-03-30,ok,16384.0,5.0,0.0,35.0,35.0,0.0,34.0,1.0,0.0,0.0,,175.0,226.0,0.0,35.0,0.0,35.0,35.0,0.0
bson,5.2.0,2025-10-16,ok,179200.0,60.0,9.0,370.0,348.0,32.0,301.0,69.0,0.0,8.0,c,2315.0,6701.0,0.0,370.0,0.0,370.0,370.0,0.0
dry-validation,1.11.1,2025-01-21,ok,28160.0,22.0,0.0,124.0,124.0,0.0,106.0,18.0,0.0,0.0,,860.0,2030.0,0.0,124.0,0.0,124.0,124.0,0.0
aws-sdk-rds,1.321.0,2026-08-27,ok,690176.0,39.0,0.0,1209.0,1233.0,0.0,1172.0,37.0,0.0,0.0,,17376.0,99454.0,0.0,1209.0,0.0,1209.0,1209.0,0.0
sentry-rails,7.0.0,2026-09-01,ok,80384.0,33.0,0.0,145.0,149.0,0.0,119.0,24.0,2.0,0.0,,1693.0,2366.0,0.0,145.0,0.0,145.0,145.0,0.0
artifactory,3.0.17,2024-03-04,ok,30208.0,26.0,0.0,195.0,195.0,0.0,163.0,32.0,0.0,0.0,,1533.0,4123.0,0.0,195.0,0.0,195.0,195.0,0.0
aws-sdk-cloudfront,1.152.0,2026-08-20,ok,249344.0,15.0,0.0,514.0,514.0,0.0,500.0,14.0,0.0,0.0,,12713.0,41721.0,0.0,514.0,0.0,514.0,514.0,0.0
google-apis-playcustomapp_v1,0.18.0,2026-06-21,ok,13312.0,6.0,0.0,23.0,23.0,0.0,22.0,0.0,1.0,0.0,,137.0,343.0,0.0,23.0,0.0,23.0,23.0,0.0
cork,0.3.0,2017-04-11,ok,9216.0,4.0,0.0,37.0,40.0,0.0,35.0,2.0,0.0,0.0,,206.0,437.0,0.0,37.0,0.0,37.0,37.0,0.0
ransack,4.4.1,2025-09-29,ok,77312.0,33.0,0.0,409.0,427.0,0.0,320.0,89.0,0.0,1.0,,2843.0,3643.0,0.0,409.0,0.0,409.0,409.0,0.0
tty-color,0.6.0,2020-11-07,ok,9728.0,5.0,0.0,25.0,27.0,0.0,25.0,0.0,0.0,0.0,,163.0,296.0,0.0,25.0,0.0,25.0,25.0,0.0
rubygems-bundler,1.4.5,2018-06-24,ok,11264.0,3.0,0.0,11.0,11.0,0.0,11.0,0.0,0.0,0.0,,121.0,145.0,0.0,11.0,0.0,11.0,11.0,0.0
wisper,3.0.0,2024-05-23,ok,26624.0,13.0,0.0,76.0,76.0,0.0,53.0,23.0,0.0,0.0,,357.0,539.0,0.0,76.0,0.0,76.0,76.0,0.0
claide-plugins,0.9.2,2016-10-02,ok,20480.0,12.0,0.0,55.0,57.0,0.0,48.0,7.0,0.0,0.0,,434.0,776.0,0.0,55.0,0.0,55.0,55.0,0.0
pastel,0.8.0,2020-07-04,ok,15872.0,10.0,0.0,72.0,73.0,0.0,60.0,2.0,10.0,3.0,,415.0,896.0,0.0,72.0,0.0,72.0,72.0,0.0
tzinfo-data,1.2026.3,2026-07-09,ok,296448.0,603.0,0.0,133.0,134.0,0.0,111.0,22.0,0.0,0.0,,42381.0,47336.0,0.0,133.0,0.0,133.0,133.0,0.0
molinillo,0.8.0,2021-08-09,ok,29696.0,20.0,0.0,224.0,227.0,0.0,182.0,42.0,0.0,0.0,,1357.0,2362.0,0.0,224.0,0.0,224.0,224.0,0.0
debase-ruby_core_source,4.0.1,2026-06-01,ok,4926464.0,2.0,2196.0,5.0,5.0,0.0,5.0,0.0,0.0,0.0,c,80.0,102.0,0.0,5.0,0.0,5.0,5.0,0.0
eye,0.10.0,2018-01-22,ok,62976.0,85.0,0.0,697.0,713.0,0.0,601.0,96.0,0.0,0.0,,4776.0,6474.0,0.0,697.0,0.0,697.0,697.0,0.0
roo,3.0.0,2025-10-01,ok,93696.0,42.0,0.0,378.0,378.0,0.0,270.0,104.0,4.0,0.0,,2872.0,4000.0,0.0,378.0,0.0,378.0,378.0,0.0
gitlab,6.1.0,2025-12-05,ok,66048.0,82.0,0.0,732.0,764.0,0.0,708.0,24.0,0.0,18.0,,3073.0,9782.0,0.0,732.0,0.0,732.0,732.0,0.0
aws-sdk-cloudwatchevents,1.108.0,2026-07-09,ok,79872.0,11.0,0.0,77.0,77.0,0.0,75.0,2.0,0.0,0.0,,3164.0,10143.0,0.0,77.0,0.0,77.0,77.0,0.0
aws-sdk-codecommit,1.103.0,2026-08-13,ok,121344.0,11.0,0.0,285.0,285.0,0.0,283.0,2.0,0.0,0.0,,6752.0,19234.0,0.0,285.0,0.0,285.0,285.0,0.0
pdf-reader,2.16.0,2026-08-09,ok,244736.0,64.0,0.0,576.0,586.0,0.0,428.0,148.0,0.0,0.0,,4667.0,8548.0,0.0,576.0,0.0,576.0,576.0,0.0
Ascii85,2.0.1,2024-09-15,ok,15360.0,2.0,0.0,21.0,21.0,0.0,17.0,4.0,0.0,0.0,,224.0,476.0,0.0,21.0,0.0,21.0,21.0,0.0
aws-sdk-states,1.111.0,2026-09-03,ok,87552.0,11.0,0.0,122.0,122.0,0.0,120.0,2.0,0.0,0.0,,3347.0,11416.0,0.0,122.0,0.0,122.0,122.0,0.0
dogapi,1.45.0,2021-01-27,ok,57856.0,38.0,0.0,379.0,379.0,0.0,377.0,2.0,0.0,0.0,,2209.0,3672.0,0.0,379.0,0.0,379.0,379.0,0.0
sentry-raven,3.1.2,2021-03-29,ok,52224.0,62.0,0.0,522.0,531.0,0.0,442.0,78.0,2.0,0.0,,2507.0,3511.0,0.0,522.0,0.0,522.0,522.0,0.0
prettyprint,0.2.0,2023-11-07,ok,12288.0,1.0,0.0,44.0,44.0,0.0,44.0,0.0,0.0,0.0,,240.0,559.0,0.0,44.0,0.0,44.0,44.0,0.0
aws-sdk-ecs,1.245.0,2026-09-03,ok,345600.0,12.0,0.0,183.0,183.0,0.0,179.0,4.0,0.0,0.0,,7993.0,42114.0,0.0,183.0,0.0,183.0,183.0,0.0
doorkeeper,5.9.6,2026-08-11,ok,114688.0,115.0,0.0,739.0,739.0,0.0,533.0,199.0,7.0,0.0,,4745.0,8025.0,0.0,739.0,0.0,739.0,739.0,0.0
googleapis-common-protos,1.10.0,2026-05-19,ok,6656.0,2.0,0.0,0.0,0.0,0.0,0.0,0.0,0.0,0.0,,25.0,104.0,0.0,0.0,0.0,0.0,0.0,0.0
kostya-sigar,2.0.11,2024-09-10,ok,204800.0,1.0,35.0,24.0,0.0,24.0,24.0,0.0,0.0,0.0,c,99.0,136.0,0.0,24.0,0.0,24.0,24.0,0.0
aws-sdk-autoscaling,1.166.0,2026-08-25,ok,215040.0,22.0,0.0,447.0,459.0,0.0,424.0,23.0,0.0,0.0,,6513.0,27031.0,0.0,447.0,0.0,447.0,447.0,0.0
ansi,1.6.0,2026-03-31,ok,35840.0,23.0,0.0,291.0,299.0,0.0,251.0,40.0,0.0,12.0,,1672.0,2840.0,0.0,291.0,0.0,291.0,291.0,0.0
cocoapods-downloader,2.1,2023-11-19,ok,13312.0,11.0,0.0,85.0,85.0,0.0,42.0,43.0,0.0,0.0,,574.0,948.0,0.0,85.0,0.0,85.0,85.0,0.0
rack-timeout,0.7.0,2024-05-20,ok,26624.0,11.0,0.0,51.0,55.0,0.0,46.0,5.0,0.0,0.0,,415.0,567.0,0.0,51.0,0.0,51.0,51.0,0.0
systemu,2.6.5,2015-03-19,ok,15872.0,1.0,0.0,19.0,20.0,0.0,19.0,0.0,0.0,0.0,,289.0,380.0,0.0,19.0,0.0,19.0,19.0,0.0
premailer-rails,1.12.0,2022-11-10,ok,25088.0,11.0,0.0,47.0,47.0,0.0,28.0,19.0,0.0,0.0,,359.0,444.0,0.0,47.0,0.0,47.0,47.0,0.0
gli,2.22.2,2025-01-27,ok,133120.0,40.0,0.0,358.0,361.0,0.0,287.0,63.0,8.0,0.0,,2691.0,3894.0,0.0,358.0,0.0,358.0,358.0,0.0
httpi,4.0.4,2024-07-14,ok,25088.0,22.0,0.0,238.0,238.0,0.0,179.0,56.0,3.0,0.0,,1387.0,2153.0,0.0,238.0,0.0,238.0,238.0,0.0
nkf,0.3.0,2026-06-10,ok,198144.0,3.0,12.0,27.0,25.0,2.0,27.0,0.0,0.0,0.0,c+java,104.0,295.0,0.0,27.0,0.0,27.0,27.0,0.0
better_errors,2.10.1,2023-06-14,ok,32256.0,18.0,0.0,164.0,164.0,0.0,117.0,47.0,0.0,0.0,,944.0,1308.0,0.0,164.0,0.0,164.0,164.0,0.0
stripe,19.6.1,2026-09-01,ok,2054656.0,1049.0,0.0,47156.0,47157.0,0.0,47102.0,43.0,11.0,7.0,,105190.0,154998.0,0.0,47156.0,0.0,47156.0,47156.0,0.0
geocoder,1.8.6,2025-09-21,ok,94208.0,162.0,0.0,1474.0,1476.0,0.0,1087.0,383.0,4.0,0.0,,8350.0,11691.0,2.0,1474.0,0.0,1474.0,1474.0,0.0
erb,6.0.7,2026-08-04,ok,27648.0,7.0,1.0,80.0,82.0,1.0,75.0,5.0,0.0,0.0,c,499.0,1870.0,0.0,80.0,0.0,80.0,80.0,0.0
memory_profiler,1.1.0,2024-09-17,ok,16384.0,12.0,0.0,85.0,85.0,0.0,58.0,27.0,0.0,0.0,,592.0,828.0,0.0,85.0,0.0,85.0,85.0,0.0
capybara-screenshot,1.0.27,2026-02-25,ok,35840.0,19.0,0.0,117.0,119.0,0.0,94.0,23.0,0.0,0.0,,833.0,1087.0,0.0,117.0,0.0,117.0,117.0,0.0
json-jwt,1.17.2,2026-08-04,ok,14336.0,8.0,0.0,116.0,116.0,0.0,86.0,30.0,0.0,0.0,,979.0,1117.0,0.0,116.0,0.0,116.0,116.0,0.0
pundit,2.5.2,2025-09-24,ok,25088.0,16.0,0.0,63.0,64.0,0.0,41.0,5.0,17.0,0.0,,477.0,1110.0,0.0,63.0,0.0,63.0,63.0,0.0
twilio-ruby,7.11.1,2026-08-24,ok,1426944.0,757.0,0.0,28610.0,30105.0,0.0,28599.0,7.0,4.0,0.0,,187121.0,341960.0,0.0,28610.0,0.0,28610.0,28610.0,0.0
powerpack,0.1.3,2020-11-16,ok,16384.0,31.0,0.0,34.0,34.0,0.0,34.0,0.0,0.0,0.0,,315.0,632.0,0.0,34.0,0.0,34.0,34.0,0.0
strscan,3.1.8,2026-03-31,ok,26112.0,4.0,1.0,51.0,49.0,49.0,51.0,0.0,0.0,0.0,c,390.0,485.0,0.0,51.0,0.0,51.0,51.0,0.0
logging,2.4.0,2024-06-08,ok,89088.0,29.0,0.0,333.0,335.0,0.0,299.0,26.0,8.0,0.0,,2527.0,5646.0,0.0,333.0,0.0,333.0,333.0,0.0
yajl-ruby,1.4.3,2022-05-26,ok,558592.0,16.0,20.0,59.0,38.0,21.0,57.0,1.0,1.0,0.0,c,418.0,581.0,0.0,59.0,0.0,59.0,59.0,0.0
llhttp-ffi,0.5.1,2025-03-12,ok,97792.0,6.0,5.0,15.0,15.0,0.0,14.0,1.0,0.0,0.0,c,149.0,310.0,0.0,15.0,0.0,15.0,15.0,0.0
will_paginate,4.0.1,2024-06-10,ok,18944.0,19.0,0.0,124.0,124.0,0.0,92.0,12.0,20.0,0.0,,945.0,1418.0,0.0,124.0,0.0,124.0,124.0,0.0
diffy,3.4.4,2025-06-09,ok,17920.0,7.0,0.0,32.0,32.0,0.0,20.0,12.0,0.0,0.0,,370.0,452.0,0.0,32.0,0.0,32.0,32.0,0.0
ruby-macho,7.0.0,2026-09-06,ok,45568.0,12.0,0.0,340.0,343.0,0.0,303.0,37.0,0.0,0.0,,2813.0,5219.0,0.0,340.0,0.0,340.0,340.0,0.0
bcrypt_pbkdf,1.1.2,2025-12-05,ok,26112.0,2.0,12.0,3.0,1.0,2.0,3.0,0.0,0.0,0.0,c,14.0,29.0,0.0,3.0,0.0,3.0,3.0,0.0
little-plugger,1.1.4,2015-08-28,ok,10240.0,1.0,0.0,16.0,16.0,0.0,16.0,0.0,0.0,0.0,,103.0,324.0,0.0,16.0,0.0,16.0,16.0,0.0
turbolinks-source,5.2.0,2018-08-20,ok,13824.0,2.0,0.0,1.0,1.0,0.0,1.0,0.0,0.0,0.0,,13.0,16.0,0.0,1.0,0.0,1.0,1.0,0.0
aws-sdk-elasticloadbalancingv2,1.157.0,2026-09-03,ok,109056.0,12.0,0.0,140.0,140.0,0.0,136.0,4.0,0.0,0.0,,3787.0,14468.0,0.0,140.0,0.0,140.0,140.0,0.0
fuzzy_match,2.1.0,2014-07-14,ok,113152.0,13.0,0.0,89.0,89.0,0.0,83.0,1.0,5.0,0.0,,703.0,901.0,0.0,89.0,0.0,89.0,89.0,0.0
aes_key_wrap,1.1.0,2020-07-11,ok,8704.0,2.0,0.0,5.0,5.0,0.0,3.0,2.0,0.0,0.0,,73.0,160.0,0.0,5.0,0.0,5.0,5.0,0.0
wasabi,5.1.0,2024-10-27,ok,13312.0,6.0,0.0,82.0,82.0,0.0,77.0,5.0,0.0,0.0,,423.0,625.0,0.0,82.0,0.0,82.0,82.0,0.0
rspec-its,2.0.0,2024-11-04,ok,15360.0,5.0,0.0,8.0,8.0,0.0,8.0,0.0,0.0,0.0,,104.0,259.0,0.0,8.0,0.0,8.0,8.0,0.0
reverse_markdown,3.0.2,2026-01-20,ok,25600.0,34.0,0.0,80.0,80.0,0.0,64.0,16.0,0.0,0.0,,711.0,857.0,0.0,80.0,0.0,80.0,80.0,0.0
aasm,6.0.0,2026-07-05,ok,46592.0,49.0,0.0,382.0,383.0,0.0,255.0,127.0,0.0,0.0,,2228.0,3360.0,2.0,382.0,0.0,382.0,382.0,0.0
cocoapods-trunk,1.6.0,2021-09-01,ok,24576.0,11.0,0.0,54.0,54.0,0.0,32.0,22.0,0.0,0.0,,639.0,773.0,0.0,54.0,0.0,54.0,54.0,0.0
cucumber,11.1.1,2026-06-25,ok,84992.0,131.0,0.0,1255.0,1261.0,0.0,861.0,384.0,10.0,6.0,,7691.0,10551.0,0.0,1255.0,0.0,1255.0,1255.0,0.0
akami,1.3.3,2024-02-13,ok,11776.0,9.0,0.0,91.0,91.0,0.0,62.0,29.0,0.0,0.0,,447.0,627.0,0.0,91.0,0.0,91.0,91.0,0.0
polyglot,0.3.5,2014-05-30,ok,8192.0,2.0,0.0,8.0,8.0,0.0,8.0,0.0,0.0,0.0,,73.0,87.0,0.0,8.0,0.0,8.0,8.0,0.0
prawn,2.5.0,2024-03-05,ok,230400.0,53.0,0.0,714.0,715.0,0.0,508.0,205.0,1.0,21.0,,5581.0,11897.0,0.0,714.0,0.0,714.0,714.0,0.0
rails-deprecated_sanitizer,1.0.4,2021-02-15,ok,26112.0,11.0,0.0,80.0,80.0,0.0,60.0,7.0,13.0,0.0,,1131.0,1933.0,0.0,80.0,0.0,80.0,80.0,0.0
jsonapi-renderer,0.2.2,2019-06-13,ok,8704.0,7.0,0.0,39.0,39.0,0.0,24.0,15.0,0.0,7.0,,324.0,437.0,0.0,39.0,0.0,39.0,39.0,0.0
tomlrb,2.0.4,2025-12-18,ok,14336.0,10.0,0.0,61.0,61.0,0.0,51.0,10.0,0.0,0.0,,1090.0,1425.0,0.0,61.0,0.0,61.0,61.0,0.0
rubocop-capybara,3.0.0,2026-06-22,ok,22016.0,25.0,0.0,136.0,136.0,0.0,49.0,87.0,0.0,17.0,,1216.0,1980.0,0.0,136.0,0.0,136.0,136.0,0.0
hashery,2.1.2,2016-05-01,ok,43008.0,32.0,0.0,313.0,328.0,0.0,284.0,28.0,1.0,0.0,,1601.0,3866.0,0.0,313.0,0.0,313.0,313.0,0.0
savon,2.17.4,2026-07-03,ok,48128.0,26.0,0.0,303.0,307.0,0.0,209.0,94.0,0.0,0.0,,1836.0,2855.0,0.0,303.0,0.0,303.0,303.0,0.0
fluent-plugin-record-modifier,2.2.1,2025-08-23,ok,11776.0,2.0,0.0,19.0,19.0,0.0,12.0,7.0,0.0,0.0,,401.0,477.0,0.0,19.0,0.0,19.0,19.0,0.0
i18n_data,1.1.0,2024-09-05,ok,295936.0,4.0,0.0,30.0,30.0,0.0,11.0,19.0,0.0,0.0,,248.0,321.0,0.0,30.0,0.0,30.0,30.0,0.0
ssrf_filter,1.5.0,2026-04-03,ok,7680.0,3.0,0.0,8.0,8.0,0.0,8.0,0.0,0.0,0.0,,216.0,286.0,0.0,8.0,0.0,8.0,8.0,0.0
afm,1.0.0,2025-06-12,ok,17408.0,1.0,0.0,8.0,8.0,0.0,8.0,0.0,0.0,0.0,,89.0,105.0,0.0,8.0,0.0,8.0,8.0,0.0
uuidtools,3.0.0,2025-03-09,ok,27136.0,3.0,0.0,72.0,72.0,0.0,67.0,0.0,5.0,0.0,,661.0,1067.0,0.0,72.0,0.0,72.0,72.0,0.0
aws-sdk-cognitoidentityprovider,1.151.0,2026-08-28,ok,289792.0,11.0,0.0,266.0,266.0,0.0,264.0,2.0,0.0,0.0,,8352.0,36461.0,0.0,266.0,0.0,266.0,266.0,0.0
escape,0.0.4,2009-07-25,ok,9730.0,2.0,0.0,8.0,8.0,0.0,8.0,0.0,0.0,8.0,,637.0,880.0,0.0,8.0,0.0,8.0,8.0,0.0
mongo,2.25.0,2026-07-22,ok,429568.0,479.0,0.0,2970.0,2975.0,0.0,2169.0,798.0,3.0,24.0,,28109.0,64761.0,0.0,2970.0,0.0,2970.0,2970.0,0.0
aws-sdk-rekognition,1.134.0,2026-07-09,ok,174080.0,12.0,0.0,125.0,125.0,0.0,121.0,4.0,0.0,0.0,,5926.0,21428.0,0.0,125.0,0.0,125.0,125.0,0.0
rubocop-factory_bot,2.28.0,2025-11-12,ok,19456.0,21.0,0.0,103.0,103.0,0.0,33.0,70.0,0.0,0.0,,1044.0,1724.0,0.0,103.0,0.0,103.0,103.0,0.0
aws-sdk-configservice,1.156.0,2026-07-09,ok,264704.0,11.0,0.0,176.0,176.0,0.0,174.0,2.0,0.0,0.0,,6401.0,21849.0,0.0,176.0,0.0,176.0,176.0,0.0
cocoapods-deintegrate,1.0.5,2021-08-16,ok,7680.0,5.0,0.0,12.0,12.0,0.0,12.0,0.0,0.0,0.0,,169.0,216.0,0.0,12.0,0.0,12.0,12.0,0.0
unparser,0.9.0,2026-03-20,ok,37376.0,102.0,0.0,523.0,527.0,0.0,228.0,295.0,0.0,0.0,,4185.0,6658.0,0.0,523.0,0.0,523.0,523.0,0.0
pdf-core,0.10.0,2024-03-05,ok,48640.0,21.0,0.0,283.0,287.0,0.0,265.0,17.0,1.0,6.0,,1451.0,2915.0,0.0,283.0,0.0,283.0,283.0,0.0
simple_form,5.4.1,2026-01-05,ok,51712.0,58.0,0.0,270.0,270.0,0.0,136.0,102.0,32.0,0.0,,2406.0,3876.0,0.0,270.0,0.0,270.0,270.0,0.0
aws-sdk-apigateway,1.137.0,2026-07-09,ok,122880.0,12.0,0.0,157.0,157.0,0.0,155.0,2.0,0.0,0.0,,5275.0,17608.0,0.0,157.0,0.0,157.0,157.0,0.0
aws-sdk-athena,1.123.0,2026-07-09,ok,99328.0,11.0,0.0,100.0,100.0,0.0,98.0,2.0,0.0,0.0,,3945.0,12681.0,0.0,100.0,0.0,100.0,100.0,0.0
aws-sdk-elasticache,1.148.0,2026-07-09,ok,181248.0,12.0,0.0,183.0,183.0,0.0,179.0,4.0,0.0,0.0,,5749.0,26570.0,0.0,183.0,0.0,183.0,183.0,0.0
mocha,3.1.0,2026-03-14,ok,73216.0,86.0,0.0,444.0,445.0,0.0,402.0,37.0,5.0,0.0,,2574.0,5311.0,0.0,444.0,0.0,444.0,444.0,0.0
aws-sdk-redshift,1.166.0,2026-08-19,ok,236032.0,12.0,0.0,320.0,320.0,0.0,316.0,4.0,0.0,0.0,,8990.0,34698.0,0.0,320.0,0.0,320.0,320.0,0.0
algoliasearch,1.27.5,2020-10-28,ok,224768.0,10.0,0.0,285.0,285.0,0.0,266.0,19.0,0.0,0.0,,1565.0,3126.0,0.0,285.0,0.0,285.0,285.0,0.0
sidekiq-cron,2.4.0,2026-05-06,ok,30720.0,12.0,0.0,148.0,148.0,0.0,114.0,34.0,0.0,0.0,,980.0,1358.0,0.0,148.0,0.0,148.0,148.0,0.0
test-unit,3.7.8,2026-06-04,ok,101888.0,1.0,0.0,1.0,1.0,0.0,1.0,0.0,0.0,0.0,,13.0,20.0,0.0,1.0,0.0,1.0,1.0,0.0
term-ansicolor,1.11.3,2025-09-11,ok,49152.0,14.0,0.0,142.0,143.0,0.0,135.0,7.0,0.0,0.0,,1064.0,1289.0,0.0,142.0,0.0,142.0,142.0,0.0
cocoapods-try,1.2.0,2020-04-20,ok,16896.0,4.0,0.0,23.0,23.0,0.0,23.0,0.0,0.0,0.0,,200.0,342.0,0.0,23.0,0.0,23.0,23.0,0.0
fourflusher,2.3.1,2019-06-18,ok,12288.0,7.0,0.0,32.0,32.0,0.0,27.0,5.0,0.0,0.0,,255.0,460.0,0.0,32.0,0.0,32.0,32.0,0.0
webpacker,5.4.4,2023-01-31,ok,234496.0,26.0,0.0,118.0,118.0,0.0,77.0,41.0,0.0,0.0,,954.0,1389.0,0.0,118.0,0.0,118.0,118.0,0.0
activemodel-serializers-xml,1.0.3,2024-09-18,ok,11776.0,5.0,0.0,21.0,21.0,0.0,15.0,5.0,1.0,0.0,,204.0,471.0,0.0,21.0,0.0,21.0,21.0,0.0
aws-sdk-glue,1.270.0,2026-08-14,ok,488448.0,11.0,0.0,416.0,416.0,0.0,414.0,2.0,0.0,0.0,,21471.0,69378.0,0.0,416.0,0.0,416.0,416.0,0.0
ddtrace,1.23.3,2024-07-01,ok,549376.0,715.0,34.0,3648.0,3593.0,74.0,3006.0,567.0,75.0,451.0,c,34274.0,50550.0,0.0,3648.0,0.0,3648.0,3648.0,0.0
aws-sdk-elasticsearchservice,1.124.0,2026-07-13,ok,94208.0,11.0,0.0,78.0,78.0,0.0,76.0,2.0,0.0,0.0,,3669.0,11200.0,0.0,78.0,0.0,78.0,78.0,0.0
commonmarker,2.10.0,2026-08-24,ok,33280.0,11.0,7.0,54.0,13.0,41.0,54.0,0.0,0.0,0.0,rust,263.0,379.0,0.0,54.0,0.0,54.0,54.0,0.0
jsonpath,1.1.5,2023-10-12,ok,23552.0,6.0,0.0,54.0,54.0,0.0,35.0,19.0,0.0,0.0,,526.0,683.0,0.0,54.0,0.0,54.0,54.0,0.0
docker-api,2.4.0,2024-10-30,ok,29184.0,17.0,0.0,211.0,212.0,0.0,197.0,14.0,0.0,22.0,,1407.0,2015.0,0.0,211.0,0.0,211.0,211.0,0.0
cocoapods-search,1.0.1,2021-08-13,ok,15872.0,5.0,0.0,8.0,8.0,0.0,8.0,0.0,0.0,0.0,,105.0,126.0,0.0,8.0,0.0,8.0,8.0,0.0
sshkit,1.25.1,2026-07-24,ok,146944.0,38.0,0.0,328.0,339.0,0.0,267.0,55.0,6.0,0.0,,1657.0,2278.0,0.0,328.0,0.0,328.0,328.0,0.0
flipper,1.4.2,2026-05-11,ok,841216.0,112.0,0.0,794.0,809.0,0.0,700.0,94.0,0.0,0.0,,5075.0,7323.0,0.0,794.0,0.0,794.0,794.0,0.0
cancancan,3.6.1,2024-05-28,ok,30208.0,42.0,0.0,267.0,267.0,0.0,155.0,68.0,44.0,0.0,,1740.0,2950.0,0.0,267.0,0.0,267.0,267.0,0.0
aws-sdk-acm,1.109.0,2026-08-13,ok,82944.0,12.0,0.0,151.0,151.0,0.0,147.0,4.0,0.0,0.0,,3693.0,10263.0,0.0,151.0,0.0,151.0,151.0,0.0
case_transform,0.2,2016-09-22,ok,6144.0,2.0,0.0,9.0,9.0,0.0,9.0,0.0,0.0,0.0,,61.0,94.0,0.0,9.0,0.0,9.0,9.0,0.0
no_proxy_fix,0.1.2,2017-10-17,ok,9216.0,3.0,0.0,1.0,1.0,0.0,1.0,0.0,0.0,0.0,,76.0,122.0,0.0,1.0,0.0,1.0,1.0,0.0
aws-sdk-batch,1.151.0,2026-08-24,ok,174592.0,11.0,0.0,64.0,64.0,0.0,62.0,2.0,0.0,0.0,,4433.0,22156.0,0.0,64.0,0.0,64.0,64.0,0.0
aws-sdk-pinpoint,1.125.0,2026-07-09,ok,201728.0,11.0,0.0,161.0,161.0,0.0,159.0,2.0,0.0,0.0,,8958.0,33173.0,0.0,161.0,0.0,161.0,161.0,0.0
treetop,1.6.18,2025-11-12,ok,91648.0,41.0,0.0,463.0,464.0,0.0,424.0,3.0,36.0,0.0,,5659.0,6399.0,0.0,463.0,0.0,463.0,463.0,0.0
aws-sdk-cloudtrail,1.125.0,2026-07-09,ok,119808.0,11.0,0.0,161.0,161.0,0.0,159.0,2.0,0.0,0.0,,4522.0,15199.0,0.0,161.0,0.0,161.0,161.0,0.0
aws-sdk-mediaconvert,1.192.0,2026-09-01,ok,323584.0,11.0,0.0,63.0,63.0,0.0,61.0,2.0,0.0,0.0,,6736.0,28210.0,0.0,63.0,0.0,63.0,63.0,0.0
redis-activesupport,5.3.0,2022-01-17,ok,14336.0,3.0,0.0,23.0,23.0,0.0,14.0,3.0,6.0,0.0,,220.0,367.0,0.0,23.0,0.0,23.0,23.0,0.0
aws-sdk-emr,1.135.0,2026-07-16,ok,141824.0,12.0,0.0,98.0,98.0,0.0,94.0,4.0,0.0,0.0,,4682.0,16405.0,0.0,98.0,0.0,98.0,98.0,0.0
aws-sdk-organizations,1.147.0,2026-08-17,ok,108032.0,11.0,0.0,183.0,183.0,0.0,181.0,2.0,0.0,0.0,,3971.0,15943.0,0.0,183.0,0.0,183.0,183.0,0.0
openssl,4.0.2,2026-05-13,ok,206848.0,13.0,54.0,789.0,164.0,627.0,780.0,9.0,0.0,6.0,c,1312.0,2491.0,0.0,789.0,0.0,789.0,789.0,0.0
graphql-client,0.26.0,2025-05-29,ok,28160.0,36.0,0.0,247.0,253.0,0.0,232.0,15.0,0.0,0.0,,2077.0,3144.0,0.0,247.0,0.0,247.0,247.0,0.0
cocoapods-plugins,1.0.0,2016-05-10,ok,23552.0,11.0,0.0,42.0,42.0,0.0,26.0,16.0,0.0,0.0,,463.0,770.0,0.0,42.0,0.0,42.0,42.0,0.0
aws-sdk-efs,1.113.0,2026-07-09,ok,68096.0,11.0,0.0,144.0,144.0,0.0,142.0,2.0,0.0,0.0,,2310.0,8070.0,0.0,144.0,0.0,144.0,144.0,0.0
mixlib-shellout,3.4.10,2026-01-20,ok,28160.0,7.0,0.0,154.0,154.0,0.0,100.0,54.0,0.0,0.0,,1316.0,2130.0,0.0,154.0,0.0,154.0,154.0,0.0
aws-sdk-xray,1.102.0,2026-07-09,ok,71680.0,11.0,0.0,75.0,75.0,0.0,73.0,2.0,0.0,0.0,,2952.0,8961.0,0.0,75.0,0.0,75.0,75.0,0.0
aws-sdk-dynamodbstreams,1.94.0,2026-07-09,ok,35840.0,14.0,0.0,45.0,45.0,0.0,36.0,9.0,0.0,0.0,,901.0,2822.0,0.0,45.0,0.0,45.0,45.0,0.0
aws-sdk-codedeploy,1.103.0,2026-08-27,ok,100864.0,12.0,0.0,181.0,181.0,0.0,177.0,4.0,0.0,0.0,,4025.0,13011.0,0.0,181.0,0.0,181.0,181.0,0.0
require_all,3.0.0,2019-10-22,ok,13824.0,1.0,0.0,8.0,8.0,0.0,6.0,2.0,0.0,0.0,,133.0,253.0,0.0,8.0,0.0,8.0,8.0,0.0
fluent-plugin-elasticsearch,6.0.0,2025-05-09,ok,137728.0,16.0,0.0,148.0,150.0,0.0,148.0,0.0,0.0,0.0,,2420.0,2877.0,0.0,148.0,0.0,148.0,148.0,0.0
multi_test,2.0.0,2026-07-30,ok,7168.0,3.0,0.0,14.0,14.0,0.0,9.0,5.0,0.0,0.0,,77.0,104.0,0.0,14.0,0.0,14.0,14.0,0.0
aws-sdk-databasemigrationservice,1.149.0,2026-07-29,ok,263168.0,12.0,0.0,241.0,241.0,0.0,237.0,4.0,0.0,0.0,,8875.0,36909.0,0.0,241.0,0.0,241.0,241.0,0.0
rubyntlm,0.6.5,2024-06-12,ok,36352.0,24.0,0.0,159.0,164.0,0.0,125.0,34.0,0.0,0.0,,1231.0,1714.0,0.0,159.0,0.0,159.0,159.0,0.0
aws-sdk-applicationautoscaling,1.125.0,2026-07-09,ok,71168.0,11.0,0.0,49.0,49.0,0.0,47.0,2.0,0.0,0.0,,1525.0,9997.0,0.0,49.0,0.0,49.0,49.0,0.0
sixarm_ruby_unaccent,1.2.2,2023-05-23,ok,75264.0,2.0,0.0,4.0,4.0,0.0,4.0,0.0,0.0,0.0,,4029.0,17737.0,0.0,4.0,0.0,4.0,4.0,0.0
aws-sdk-codebuild,1.177.0,2026-07-09,ok,143872.0,11.0,0.0,80.0,80.0,0.0,78.0,2.0,0.0,0.0,,4009.0,18327.0,0.0,80.0,0.0,80.0,80.0,0.0
aws-sdk-cloudhsmv2,1.94.0,2026-07-09,ok,39424.0,11.0,0.0,47.0,47.0,0.0,45.0,2.0,0.0,0.0,,1280.0,3950.0,0.0,47.0,0.0,47.0,47.0,0.0
aws-sdk-servicecatalog,1.132.0,2026-07-09,ok,113664.0,11.0,0.0,113.0,113.0,0.0,111.0,2.0,0.0,0.0,,4941.0,17220.0,0.0,113.0,0.0,113.0,113.0,0.0
aws-sdk-polly,1.127.0,2026-07-09,ok,53248.0,14.0,0.0,91.0,91.0,0.0,88.0,3.0,0.0,0.0,,1526.0,4812.0,0.0,91.0,0.0,91.0,91.0,0.0
jquery-ui-rails,8.0.0,2025-04-30,ok,186880.0,4.0,0.0,0.0,0.0,0.0,0.0,0.0,0.0,0.0,,19.0,23.0,0.0,0.0,0.0,0.0,0.0,0.0
aws-sdk-elasticbeanstalk,1.106.0,2026-07-09,ok,93184.0,12.0,0.0,94.0,94.0,0.0,90.0,4.0,0.0,0.0,,3112.0,11870.0,0.0,94.0,0.0,94.0,94.0,0.0
ruby-prof,2.0.5,2026-06-22,ok,77312.0,23.0,21.0,231.0,156.0,75.0,203.0,28.0,0.0,0.0,c,1311.0,1991.0,0.0,231.0,0.0,231.0,231.0,0.0
aws-sdk-codepipeline,1.118.0,2026-07-09,ok,98816.0,11.0,0.0,115.0,115.0,0.0,113.0,2.0,0.0,0.0,,4028.0,12994.0,0.0,115.0,0.0,115.0,115.0,0.0
google-api-client,0.53.0,2021-01-18,ok,7762432.0,1237.0,0.0,186722.0,186770.0,0.0,186413.0,0.0,309.0,0.0,,626578.0,1504904.0,0.0,186722.0,0.0,186722.0,186722.0,0.0
aws-sdk-cognitoidentity,1.91.0,2026-07-09,ok,45056.0,12.0,0.0,66.0,66.0,0.0,63.0,3.0,0.0,0.0,,1534.0,4635.0,0.0,66.0,0.0,66.0,66.0,0.0
aws-sdk-route53domains,1.98.0,2026-07-09,ok,68096.0,11.0,0.0,67.0,67.0,0.0,65.0,2.0,0.0,0.0,,1970.0,7785.0,0.0,67.0,0.0,67.0,67.0,0.0
aws-sdk-budgets,1.111.0,2026-07-09,ok,55296.0,11.0,0.0,65.0,65.0,0.0,63.0,2.0,0.0,0.0,,2029.0,6322.0,0.0,65.0,0.0,65.0,65.0,0.0
aws-sdk-iot,1.173.0,2026-08-25,ok,323584.0,11.0,0.0,356.0,356.0,0.0,354.0,2.0,0.0,0.0,,15599.0,47444.0,0.0,356.0,0.0,356.0,356.0,0.0
aws-sdk-lightsail,1.135.0,2026-09-01,ok,234496.0,11.0,0.0,217.0,217.0,0.0,215.0,2.0,0.0,0.0,,9181.0,34341.0,0.0,217.0,0.0,217.0,217.0,0.0
recaptcha,5.21.2,2026-04-09,ok,24064.0,9.0,0.0,96.0,97.0,0.0,87.0,7.0,2.0,0.0,,664.0,885.0,0.0,96.0,0.0,96.0,96.0,0.0
aws-sdk-waf,1.96.0,2026-07-09,ok,101888.0,11.0,0.0,133.0,133.0,0.0,131.0,2.0,0.0,0.0,,4031.0,16510.0,0.0,133.0,0.0,133.0,133.0,0.0
fog-google,1.29.4,2026-02-10,ok,130048.0,399.0,0.0,1071.0,1080.0,0.0,1037.0,33.0,1.0,0.0,,13476.0,18114.0,0.0,1071.0,0.0,1071.0,1071.0,0.0
activeresource,6.2.0,2025-09-11,ok,44544.0,31.0,0.0,347.0,349.0,0.0,278.0,58.0,11.0,0.0,,1930.0,4094.0,0.0,347.0,0.0,347.0,347.0,0.0
slack-ruby-client,3.2.0,2026-07-05,ok,177664.0,239.0,0.0,392.0,393.0,0.0,386.0,6.0,0.0,0.0,,9496.0,14705.0,0.0,392.0,0.0,392.0,392.0,0.0
tty-reader,0.9.0,2020-12-08,ok,18432.0,11.0,0.0,112.0,117.0,0.0,108.0,2.0,2.0,0.0,,782.0,1425.0,0.0,112.0,0.0,112.0,112.0,0.0
aws-sdk-sagemaker,1.389.0,2026-09-02,ok,909312.0,12.0,0.0,468.0,468.0,0.0,464.0,4.0,0.0,0.0,,30267.0,113298.0,0.0,468.0,0.0,468.0,468.0,0.0
aws-sdk-workspaces,1.164.0,2026-08-18,ok,122880.0,11.0,0.0,152.0,152.0,0.0,150.0,2.0,0.0,0.0,,5277.0,15666.0,0.0,152.0,0.0,152.0,152.0,0.0
aws-sdk-shield,1.99.0,2026-07-09,ok,54784.0,11.0,0.0,83.0,83.0,0.0,81.0,2.0,0.0,0.0,,2030.0,6051.0,0.0,83.0,0.0,83.0,83.0,0.0
tty-prompt,0.23.1,2021-04-17,ok,49664.0,36.0,0.0,395.0,408.0,0.0,325.0,63.0,7.0,4.0,,2892.0,5025.0,0.0,395.0,0.0,395.0,395.0,0.0
aws-sdk-costandusagereportservice,1.91.0,2026-07-09,ok,28672.0,11.0,0.0,32.0,32.0,0.0,30.0,2.0,0.0,0.0,,657.0,1985.0,0.0,32.0,0.0,32.0,32.0,0.0
rugged,1.9.6,2026-07-19,ok,1986048.0,23.0,33.0,481.0,130.0,355.0,480.0,1.0,0.0,0.0,c,701.0,1394.0,0.0,481.0,0.0,481.0,481.0,0.0
ice_cube,0.17.0,2024-07-18,ok,32256.0,48.0,0.0,437.0,437.0,0.0,395.0,42.0,0.0,0.0,,2552.0,3370.0,0.0,437.0,0.0,437.0,437.0,0.0
capistrano,3.20.1,2026-05-16,ok,74752.0,53.0,0.0,317.0,317.0,0.0,238.0,79.0,0.0,1.0,,2112.0,2914.0,0.0,317.0,0.0,317.0,317.0,0.0
slim,5.2.2,2026-07-24,ok,101888.0,27.0,0.0,139.0,139.0,0.0,101.0,15.0,23.0,0.0,,1521.0,2134.0,0.0,139.0,0.0,139.0,139.0,0.0
aws-sdk-cloudhsm,1.88.0,2026-07-09,ok,33792.0,11.0,0.0,40.0,40.0,0.0,38.0,2.0,0.0,0.0,,1112.0,3560.0,0.0,40.0,0.0,40.0,40.0,0.0
aws-sdk-comprehend,1.117.0,2026-07-09,ok,122368.0,11.0,0.0,134.0,134.0,0.0,132.0,2.0,0.0,0.0,,5625.0,18893.0,0.0,134.0,0.0,134.0,134.0,0.0
aws-sdk-directoryservice,1.106.0,2026-07-09,ok,100864.0,12.0,0.0,221.0,221.0,0.0,217.0,4.0,0.0,0.0,,5105.0,15101.0,0.0,221.0,0.0,221.0,221.0,0.0
aws-sdk-resourcegroupstaggingapi,1.99.0,2026-07-09,ok,38400.0,11.0,0.0,36.0,36.0,0.0,34.0,2.0,0.0,0.0,,885.0,3157.0,0.0,36.0,0.0,36.0,36.0,0.0
aws-sdk-cloudsearch,1.91.0,2026-07-09,ok,46080.0,11.0,0.0,51.0,51.0,0.0,49.0,2.0,0.0,0.0,,1724.0,5504.0,0.0,51.0,0.0,51.0,51.0,0.0
aws-sdk-guardduty,1.160.0,2026-09-03,ok,196096.0,11.0,0.0,132.0,132.0,0.0,130.0,2.0,0.0,0.0,,8063.0,30976.0,0.0,132.0,0.0,132.0,132.0,0.0
annotate,3.2.0,2022-02-10,ok,36864.0,13.0,0.0,107.0,107.0,0.0,73.0,34.0,0.0,0.0,,1426.0,1908.0,0.0,107.0,0.0,107.0,107.0,0.0
aws-sdk-appstream,1.140.0,2026-07-23,ok,129536.0,12.0,0.0,143.0,143.0,0.0,139.0,4.0,0.0,0.0,,4988.0,17720.0,0.0,143.0,0.0,143.0,143.0,0.0
aws-sdk-gamelift,1.134.0,2026-08-06,ok,286208.0,11.0,0.0,167.0,167.0,0.0,165.0,2.0,0.0,0.0,,7138.0,31766.0,0.0,167.0,0.0,167.0,167.0,0.0
aws-sdk-storagegateway,1.129.0,2026-07-09,ok,142848.0,11.0,0.0,120.0,120.0,0.0,118.0,2.0,0.0,0.0,,4749.0,19473.0,0.0,120.0,0.0,120.0,120.0,0.0
aws-sdk-devicefarm,1.110.0,2026-08-21,ok,110080.0,11.0,0.0,119.0,119.0,0.0,117.0,2.0,0.0,0.0,,4462.0,16384.0,0.0,119.0,0.0,119.0,119.0,0.0
aws-sdk-applicationdiscoveryservice,1.104.0,2026-07-09,ok,56320.0,11.0,0.0,63.0,63.0,0.0,61.0,2.0,0.0,0.0,,2052.0,5758.0,0.0,63.0,0.0,63.0,63.0,0.0
aws-sdk-directconnect,1.115.0,2026-08-20,ok,83968.0,11.0,0.0,86.0,86.0,0.0,84.0,2.0,0.0,0.0,,3247.0,12805.0,0.0,86.0,0.0,86.0,86.0,0.0
aws-sdk-sagemakerruntime,1.102.0,2026-08-10,ok,33792.0,12.0,0.0,48.0,48.0,0.0,46.0,2.0,0.0,0.0,,735.0,2728.0,0.0,48.0,0.0,48.0,48.0,0.0
benchmark-ips,2.15.1,2026-05-21,ok,23040.0,0.0,0.0,0.0,0.0,0.0,0.0,0.0,0.0,0.0,,0.0,0.0,0.0,0.0,0.0,0.0,0.0,0.0
aws-sdk-costexplorer,1.154.0,2026-07-09,ok,132608.0,11.0,0.0,94.0,94.0,0.0,92.0,2.0,0.0,0.0,,4330.0,17932.0,0.0,94.0,0.0,94.0,94.0,0.0
aws-sdk-sms,1.77.0,2025-09-11,ok,50176.0,11.0,0.0,73.0,73.0,0.0,71.0,2.0,0.0,0.0,,2220.0,6287.0,0.0,73.0,0.0,73.0,73.0,0.0
fog-local,0.9.0,2025-03-20,ok,13312.0,8.0,0.0,48.0,48.0,0.0,37.0,11.0,0.0,0.0,,370.0,465.0,0.0,48.0,0.0,48.0,48.0,0.0
aws-sdk-lex,1.96.0,2026-07-09,ok,41472.0,11.0,0.0,43.0,43.0,0.0,41.0,2.0,0.0,0.0,,987.0,3865.0,0.0,43.0,0.0,43.0,43.0,0.0
aws-sdk-dax,1.89.0,2026-07-09,ok,44544.0,11.0,0.0,66.0,66.0,0.0,64.0,2.0,0.0,0.0,,1614.0,5116.0,0.0,66.0,0.0,66.0,66.0,0.0
cucumber-core,19.0.0,2026-08-19,ok,25600.0,36.0,0.0,158.0,158.0,0.0,103.0,55.0,0.0,0.0,,1052.0,1435.0,0.0,158.0,0.0,158.0,158.0,0.0
aws-sdk-marketplacemetering,1.103.0,2026-08-25,ok,35328.0,11.0,0.0,57.0,57.0,0.0,55.0,2.0,0.0,0.0,,853.0,2682.0,0.0,57.0,0.0,57.0,57.0,0.0
aws-sdk-transcribeservice,1.143.0,2026-09-03,ok,104960.0,12.0,0.0,92.0,92.0,0.0,88.0,4.0,0.0,0.0,,3110.0,13222.0,0.0,92.0,0.0,92.0,92.0,0.0
aws-sdk-iotdataplane,1.93.0,2026-07-09,ok,35328.0,11.0,0.0,50.0,50.0,0.0,48.0,2.0,0.0,0.0,,1062.0,3161.0,0.0,50.0,0.0,50.0,50.0,0.0
aws-sdk-glacier,1.96.0,2026-07-09,ok,81920.0,22.0,0.0,254.0,257.0,0.0,234.0,20.0,0.0,0.0,,3374.0,10526.0,0.0,254.0,0.0,254.0,254.0,0.0
aws-sdk-opsworks,1.79.0,2025-08-25,ok,128512.0,15.0,0.0,208.0,208.0,0.0,201.0,7.0,0.0,0.0,,4409.0,16924.0,0.0,208.0,0.0,208.0,208.0,0.0
aws-sdk-lexmodelbuildingservice,1.108.0,2026-07-09,ok,86528.0,11.0,0.0,75.0,75.0,0.0,73.0,2.0,0.0,0.0,,2980.0,11307.0,0.0,75.0,0.0,75.0,75.0,0.0
aws-sdk-health,1.102.0,2026-07-09,ok,41472.0,11.0,0.0,35.0,35.0,0.0,33.0,2.0,0.0,0.0,,1298.0,4539.0,0.0,35.0,0.0,35.0,35.0,0.0
aws-sdk-migrationhub,1.90.0,2026-07-09,ok,38400.0,11.0,0.0,57.0,57.0,0.0,55.0,2.0,0.0,0.0,,1455.0,4166.0,0.0,57.0,0.0,57.0,57.0,0.0
aws-sdk-snowball,1.105.0,2026-07-09,ok,64000.0,11.0,0.0,66.0,66.0,0.0,64.0,2.0,0.0,0.0,,1982.0,7301.0,0.0,66.0,0.0,66.0,66.0,0.0
aws-sdk-simpledb,1.79.0,2026-07-09,ok,28160.0,7.0,0.0,51.0,51.0,0.0,51.0,0.0,0.0,0.0,,819.0,2379.0,0.0,51.0,0.0,51.0,51.0,0.0
hike,2.1.3,2014-04-25,ok,9728.0,7.0,0.0,56.0,56.0,0.0,47.0,1.0,8.0,0.0,,276.0,512.0,0.0,56.0,0.0,56.0,56.0,0.0
net-ldap,0.20.0,2025-08-22,ok,68096.0,25.0,0.0,257.0,257.0,0.0,253.0,4.0,0.0,0.0,,2573.0,5263.0,0.0,257.0,0.0,257.0,257.0,0.0
aws-sdk-cloudsearchdomain,1.74.0,2026-07-09,ok,36352.0,9.0,0.0,19.0,19.0,0.0,18.0,1.0,0.0,0.0,,538.0,2374.0,0.0,19.0,0.0,19.0,19.0,0.0
aws-sdk-medialive,1.195.0,2026-09-02,ok,380928.0,12.0,0.0,226.0,226.0,0.0,222.0,4.0,0.0,0.0,,15001.0,49876.0,0.0,226.0,0.0,226.0,226.0,0.0
aws-sdk-swf,1.89.0,2026-07-09,ok,91136.0,12.0,0.0,77.0,77.0,0.0,75.0,2.0,0.0,0.0,,3211.0,13491.0,0.0,77.0,0.0,77.0,77.0,0.0
aws-sdk-greengrass,1.98.0,2026-07-09,ok,69120.0,11.0,0.0,113.0,113.0,0.0,111.0,2.0,0.0,0.0,,4110.0,11712.0,0.0,113.0,0.0,113.0,113.0,0.0
aws-sdk-elastictranscoder,1.80.0,2025-12-22,ok,81920.0,12.0,0.0,45.0,45.0,0.0,41.0,4.0,0.0,0.0,,1745.0,9023.0,0.0,45.0,0.0,45.0,45.0,0.0
aws-sdk-marketplacecommerceanalytics,1.91.0,2026-07-09,ok,26624.0,11.0,0.0,19.0,19.0,0.0,17.0,2.0,0.0,0.0,,401.0,1510.0,0.0,19.0,0.0,19.0,19.0,0.0
aws-sdk-machinelearning,1.89.0,2026-07-09,ok,62464.0,13.0,0.0,80.0,80.0,0.0,76.0,4.0,0.0,0.0,,2210.0,8184.0,0.0,80.0,0.0,80.0,80.0,0.0
aws-sdk-wafregional,1.97.0,2026-07-09,ok,104448.0,11.0,0.0,139.0,139.0,0.0,137.0,2.0,0.0,0.0,,4164.0,16955.0,0.0,139.0,0.0,139.0,139.0,0.0
aws-sdk-translate,1.99.0,2026-07-09,ok,49152.0,12.0,0.0,71.0,71.0,0.0,69.0,2.0,0.0,0.0,,1656.0,5375.0,0.0,71.0,0.0,71.0,71.0,0.0
aws-sdk-support,1.95.0,2026-08-31,ok,53248.0,11.0,0.0,60.0,60.0,0.0,58.0,2.0,0.0,0.0,,1677.0,6092.0,0.0,60.0,0.0,60.0,60.0,0.0
aws-sdk-workdocs,1.92.0,2026-07-09,ok,60928.0,11.0,0.0,108.0,108.0,0.0,106.0,2.0,0.0,0.0,,3009.0,8611.0,0.0,108.0,0.0,108.0,108.0,0.0
validate_url,1.0.15,2022-05-13,ok,8704.0,4.0,0.0,5.0,5.0,0.0,3.0,0.0,2.0,0.0,,72.0,107.0,0.0,5.0,0.0,5.0,5.0,0.0
aws-sdk-datapipeline,1.85.0,2026-07-09,ok,39936.0,11.0,0.0,44.0,44.0,0.0,42.0,2.0,0.0,0.0,,1235.0,3875.0,0.0,44.0,0.0,44.0,44.0,0.0
aws-sdk-inspector,1.93.0,2026-07-09,ok,58368.0,11.0,0.0,93.0,93.0,0.0,91.0,2.0,0.0,0.0,,2506.0,7992.0,0.0,93.0,0.0,93.0,93.0,0.0
aws-sdk-eks,1.176.0,2026-09-03,ok,177664.0,12.0,0.0,178.0,178.0,0.0,174.0,4.0,0.0,0.0,,5998.0,21894.0,0.0,178.0,0.0,178.0,178.0,0.0
aws-sdk-cognitosync,1.85.0,2026-07-09,ok,35328.0,11.0,0.0,58.0,58.0,0.0,56.0,2.0,0.0,0.0,,1281.0,3770.0,0.0,58.0,0.0,58.0,58.0,0.0
redis-rails,5.0.2,2017-04-06,ok,7680.0,2.0,0.0,0.0,0.0,0.0,0.0,0.0,0.0,0.0,,13.0,17.0,0.0,0.0,0.0,0.0,0.0,0.0
aws-sdk-mturk,1.89.0,2026-07-09,ok,64512.0,11.0,0.0,60.0,60.0,0.0,58.0,2.0,0.0,0.0,,2076.0,7318.0,0.0,60.0,0.0,60.0,60.0,0.0
aws-sdk-mediapackage,1.106.0,2026-07-09,ok,46592.0,11.0,0.0,46.0,46.0,0.0,44.0,2.0,0.0,0.0,,1875.0,5983.0,0.0,46.0,0.0,46.0,46.0,0.0
aws-sdk-kinesisanalytics,1.89.0,2026-07-09,ok,51712.0,11.0,0.0,61.0,61.0,0.0,59.0,2.0,0.0,0.0,,1824.0,6269.0,0.0,61.0,0.0,61.0,61.0,0.0
aws-sdk-marketplaceentitlementservice,1.89.0,2026-07-09,ok,24576.0,11.0,0.0,22.0,22.0,0.0,20.0,2.0,0.0,0.0,,445.0,1368.0,0.0,22.0,0.0,22.0,22.0,0.0
aws-sdk-opsworkscm,1.89.0,2025-08-25,ok,50176.0,12.0,0.0,52.0,52.0,0.0,48.0,4.0,0.0,0.0,,1319.0,4867.0,0.0,52.0,0.0,52.0,52.0,0.0
aws-sdk-clouddirectory,1.93.0,2026-08-11,ok,84992.0,11.0,0.0,153.0,153.0,0.0,151.0,2.0,0.0,0.0,,4807.0,14702.0,0.0,153.0,0.0,153.0,153.0,0.0
spring-watcher-listen,2.1.0,2022-09-23,ok,8704.0,1.0,0.0,10.0,10.0,0.0,10.0,0.0,0.0,0.0,,60.0,85.0,0.0,10.0,0.0,10.0,10.0,0.0
webdrivers,5.3.1,2023-07-31,ok,28672.0,13.0,0.0,114.0,115.0,0.0,65.0,49.0,0.0,0.0,,802.0,1165.0,0.0,114.0,0.0,114.0,114.0,0.0
ruby-kafka,1.5.0,2022-05-25,ok,115200.0,117.0,0.0,1007.0,1008.0,0.0,879.0,128.0,0.0,0.0,,7676.0,11817.0,0.0,1007.0,0.0,1007.0,1007.0,0.0
aws-sdk-pricing,1.95.0,2026-07-09,ok,29696.0,12.0,0.0,39.0,39.0,0.0,37.0,2.0,0.0,0.0,,749.0,2269.0,0.0,39.0,0.0,39.0,39.0,0.0
hiredis,0.6.3,2018-11-08,ok,59904.0,9.0,4.0,60.0,56.0,11.0,58.0,1.0,1.0,0.0,c,442.0,594.0,0.0,60.0,0.0,60.0,60.0,0.0
aws-sdk-mq,1.100.0,2026-07-14,ok,53248.0,11.0,0.0,64.0,64.0,0.0,62.0,2.0,0.0,0.0,,2407.0,7075.0,0.0,64.0,0.0,64.0,64.0,0.0
wicked_pdf,2.8.2,2024-10-26,ok,39424.0,15.0,0.0,107.0,107.0,0.0,64.0,43.0,0.0,0.0,,939.0,1172.0,0.0,107.0,0.0,107.0,107.0,0.0
aws-sdk-appsync,1.125.0,2026-07-09,ok,102912.0,11.0,0.0,117.0,117.0,0.0,115.0,2.0,0.0,0.0,,4287.0,14063.0,0.0,117.0,0.0,117.0,117.0,0.0
aws-sdk-servicediscovery,1.104.0,2026-07-14,ok,67584.0,11.0,0.0,82.0,82.0,0.0,80.0,2.0,0.0,0.0,,2137.0,9259.0,0.0,82.0,0.0,82.0,82.0,0.0
grape,3.3.5,2026-07-30,ok,180736.0,169.0,0.0,821.0,836.0,0.0,576.0,213.0,32.0,25.0,,5612.0,8917.0,2.0,821.0,0.0,821.0,821.0,0.0
rack-mini-profiler,5.0.0,2026-08-21,ok,420352.0,52.0,0.0,512.0,516.0,0.0,487.0,25.0,0.0,0.0,,3500.0,4570.0,0.0,512.0,0.0,512.0,512.0,0.0
ruby-ole,1.2.13.1,2024-03-28,ok,56832.0,12.0,0.0,250.0,260.0,0.0,248.0,2.0,0.0,0.0,,1649.0,2565.0,0.0,250.0,0.0,250.0,250.0,0.0
aws-sdk-kinesisvideoarchivedmedia,1.92.0,2026-07-09,ok,44544.0,11.0,0.0,39.0,39.0,0.0,37.0,2.0,0.0,0.0,,876.0,3773.0,0.0,39.0,0.0,39.0,39.0,0.0
aws-sdk-workmail,1.101.0,2026-07-09,ok,89088.0,11.0,0.0,151.0,151.0,0.0,149.0,2.0,0.0,0.0,,4776.0,14090.0,0.0,151.0,0.0,151.0,151.0,0.0
aws-sdk-kinesisvideo,1.97.0,2026-07-09,ok,55808.0,11.0,0.0,77.0,77.0,0.0,75.0,2.0,0.0,0.0,,2054.0,6179.0,0.0,77.0,0.0,77.0,77.0,0.0
aws-sdk-mediastore,1.90.0,2026-07-09,ok,34816.0,11.0,0.0,48.0,48.0,0.0,46.0,2.0,0.0,0.0,,1082.0,3107.0,0.0,48.0,0.0,48.0,48.0,0.0
power_assert,3.1.0,2026-08-15,ok,15872.0,8.0,0.0,53.0,54.0,0.0,35.0,18.0,0.0,0.0,,631.0,737.0,0.0,53.0,0.0,53.0,53.0,0.0
aws-sdk-resourcegroups,1.100.0,2026-07-09,ok,49664.0,11.0,0.0,52.0,52.0,0.0,50.0,2.0,0.0,0.0,,1656.0,5590.0,0.0,52.0,0.0,52.0,52.0,0.0
aws-sdk-serverlessapplicationrepository,1.93.0,2026-07-09,ok,38400.0,11.0,0.0,47.0,47.0,0.0,45.0,2.0,0.0,0.0,,1480.0,4529.0,0.0,47.0,0.0,47.0,47.0,0.0
aws-sdk-connect,1.275.0,2026-09-03,ok,560640.0,11.0,0.0,473.0,473.0,0.0,471.0,2.0,0.0,0.0,,25850.0,90532.0,0.0,473.0,0.0,473.0,473.0,0.0
rqrcode_core,2.1.0,2026-01-07,ok,18944.0,14.0,0.0,83.0,83.0,0.0,68.0,14.0,1.0,0.0,,1047.0,1482.0,0.0,83.0,0.0,83.0,83.0,0.0
aws-sdk-kinesisvideomedia,1.85.0,2026-07-09,ok,24576.0,11.0,0.0,28.0,28.0,0.0,26.0,2.0,0.0,0.0,,447.0,1429.0,0.0,28.0,0.0,28.0,28.0,0.0
sentry-sidekiq,7.0.0,2026-09-01,ok,38400.0,9.0,0.0,32.0,33.0,0.0,27.0,5.0,0.0,0.0,,412.0,586.0,0.0,32.0,0.0,32.0,32.0,0.0
attr_required,1.0.2,2023-12-27,ok,8704.0,2.0,0.0,19.0,19.0,0.0,19.0,0.0,0.0,0.0,,99.0,127.0,0.0,19.0,0.0,19.0,19.0,0.0
aws-sdk-mediastoredata,1.86.0,2026-07-09,ok,27648.0,11.0,0.0,28.0,28.0,0.0,26.0,2.0,0.0,0.0,,591.0,1921.0,0.0,28.0,0.0,28.0,28.0,0.0
aws-sdk-iotjobsdataplane,1.83.0,2026-07-09,ok,29696.0,11.0,0.0,44.0,44.0,0.0,42.0,2.0,0.0,0.0,,793.0,2300.0,0.0,44.0,0.0,44.0,44.0,0.0
aws-sdk-autoscalingplans,1.89.0,2026-07-09,ok,36864.0,11.0,0.0,33.0,33.0,0.0,31.0,2.0,0.0,0.0,,868.0,3112.0,0.0,33.0,0.0,33.0,33.0,0.0
parslet,2.0.0,2020-02-16,ok,79872.0,44.0,0.0,331.0,332.0,0.0,322.0,9.0,0.0,6.0,,1824.0,3702.0,0.0,331.0,0.0,331.0,331.0,0.0
rack-oauth2,2.3.0,2025-11-05,ok,30208.0,49.0,0.0,196.0,196.0,0.0,181.0,15.0,0.0,0.0,,1677.0,1910.0,0.0,196.0,0.0,196.0,196.0,0.0
turbo-rails,2.0.23,2026-01-29,ok,202240.0,32.0,0.0,161.0,161.0,0.0,143.0,18.0,0.0,0.0,,908.0,2314.0,0.0,161.0,0.0,161.0,161.0,0.0
aws-sdk-fms,1.109.0,2026-07-09,ok,93184.0,11.0,0.0,69.0,69.0,0.0,67.0,2.0,0.0,0.0,,3308.0,10948.0,0.0,69.0,0.0,69.0,69.0,0.0
strong_migrations,2.8.0,2026-05-14,ok,31744.0,16.0,0.0,205.0,205.0,0.0,143.0,62.0,0.0,0.0,,1663.0,2189.0,0.0,205.0,0.0,205.0,205.0,0.0
rack-accept,0.4.5,2012-06-15,ok,14336.0,10.0,0.0,58.0,58.0,0.0,54.0,4.0,0.0,0.0,,312.0,530.0,0.0,58.0,0.0,58.0,58.0,0.0
aws-sdk-cloud9,1.105.0,2026-07-09,ok,34816.0,11.0,0.0,36.0,36.0,0.0,34.0,2.0,0.0,0.0,,927.0,3160.0,0.0,36.0,0.0,36.0,36.0,0.0
aws-sdk-acmpca,1.113.0,2026-08-05,ok,73216.0,12.0,0.0,88.0,88.0,0.0,84.0,4.0,0.0,0.0,,1918.0,7318.0,0.0,88.0,0.0,88.0,88.0,0.0
libddwaf,1.30.0.0.0,2025-11-11,ok,3265536.0,10.0,0.0,44.0,44.0,0.0,38.0,6.0,0.0,6.0,,641.0,905.0,0.0,44.0,0.0,44.0,44.0,0.0
paperclip,6.1.0,2018-07-27,ok,309248.0,71.0,0.0,556.0,557.0,0.0,415.0,122.0,19.0,0.0,,3833.0,5523.0,0.0,556.0,0.0,556.0,556.0,0.0
whenever,1.1.2,2026-01-18,ok,38912.0,15.0,0.0,96.0,102.0,0.0,65.0,6.0,25.0,0.0,,728.0,927.0,0.0,96.0,0.0,96.0,96.0,0.0
test-prof,1.6.3,2026-07-21,ok,309760.0,112.0,0.0,897.0,908.0,0.0,732.0,163.0,2.0,2.0,,6247.0,8806.0,0.0,897.0,0.0,897.0,897.0,0.0
numerizer,0.2.0,2014-04-23,ok,8704.0,1.0,0.0,2.0,2.0,0.0,1.0,1.0,0.0,0.0,,130.0,169.0,0.0,2.0,0.0,2.0,2.0,0.0
mustache,1.1.3,2026-08-20,ok,47616.0,10.0,0.0,129.0,136.0,0.0,92.0,37.0,0.0,0.0,,774.0,1621.0,0.0,129.0,0.0,129.0,129.0,0.0
sdoc,2.6.5,2025-10-18,ok,293376.0,8.0,0.0,53.0,53.0,0.0,35.0,0.0,18.0,0.0,,518.0,657.0,0.0,53.0,0.0,53.0,53.0,0.0
libv8,8.4.255.0,2020-07-21,ok,1528832.0,7.0,0.0,24.0,24.0,0.0,23.0,1.0,0.0,5.0,,212.0,269.0,0.0,24.0,0.0,24.0,24.0,0.0
paranoia,3.1.0,2025-11-07,ok,19456.0,4.0,0.0,55.0,56.0,0.0,45.0,10.0,0.0,0.0,,399.0,497.0,0.0,55.0,0.0,55.0,55.0,0.0
spreadsheet,1.3.5,2026-04-21,ok,370688.0,42.0,0.0,506.0,559.0,0.0,489.0,17.0,0.0,0.0,,4786.0,7494.0,0.0,506.0,0.0,506.0,506.0,0.0
aws-sdk-neptune,1.108.0,2026-07-09,ok,141312.0,13.0,0.0,164.0,164.0,0.0,159.0,5.0,0.0,0.0,,4990.0,20723.0,0.0,164.0,0.0,164.0,164.0,0.0
icalendar,2.12.4,2026-07-31,ok,50176.0,43.0,0.0,239.0,240.0,0.0,204.0,34.0,1.0,0.0,,1996.0,2616.0,0.0,239.0,0.0,239.0,239.0,0.0
logstash-output-sqs,6.0.0,2019-01-11,ok,14336.0,1.0,0.0,5.0,5.0,0.0,2.0,3.0,0.0,0.0,,79.0,170.0,0.0,5.0,0.0,5.0,5.0,0.0
attr_encrypted,4.2.0,2025-01-23,ok,31232.0,4.0,0.0,48.0,48.0,0.0,35.0,0.0,13.0,0.0,,340.0,664.0,0.0,48.0,0.0,48.0,48.0,0.0
aws-sdk-iotanalytics,1.93.0,2026-01-16,ok,61440.0,11.0,0.0,65.0,65.0,0.0,63.0,2.0,0.0,0.0,,2593.0,7479.0,0.0,65.0,0.0,65.0,65.0,0.0
logstash-filter-translate,3.5.1,2026-07-30,ok,33792.0,13.0,0.0,71.0,71.0,0.0,51.0,14.0,6.0,0.0,,719.0,1042.0,0.0,71.0,0.0,71.0,71.0,0.0
aws-sdk-mediatailor,1.127.0,2026-09-04,ok,108544.0,11.0,0.0,65.0,65.0,0.0,63.0,2.0,0.0,0.0,,3385.0,13190.0,0.0,65.0,0.0,65.0,65.0,0.0
aws-sdk-lambdapreview,1.50.0,2024-09-03,ok,28672.0,7.0,0.0,30.0,30.0,0.0,30.0,0.0,0.0,0.0,,646.0,2311.0,0.0,30.0,0.0,30.0,30.0,0.0
aws-sdk-pi,1.98.0,2026-07-09,ok,45056.0,11.0,0.0,35.0,35.0,0.0,33.0,2.0,0.0,0.0,,1261.0,4607.0,0.0,35.0,0.0,35.0,35.0,0.0
gapic-common,1.3.0,2026-03-05,ok,46080.0,42.0,0.0,274.0,277.0,0.0,228.0,42.0,4.0,0.0,,2081.0,4890.0,0.0,274.0,0.0,274.0,274.0,0.0
socksify,1.8.1,2025-07-20,ok,24064.0,7.0,0.0,69.0,69.0,0.0,62.0,7.0,0.0,0.0,,460.0,619.0,0.0,69.0,0.0,69.0,69.0,0.0
rspec-parameterized,2.0.1,2025-11-30,ok,12800.0,3.0,0.0,0.0,0.0,0.0,0.0,0.0,0.0,0.0,,13.0,17.0,0.0,0.0,0.0,0.0,0.0,0.0
aws-sdk-codestar,1.59.0,2024-08-09,ok,34816.0,11.0,0.0,62.0,62.0,0.0,60.0,2.0,0.0,0.0,,1509.0,3944.0,0.0,62.0,0.0,62.0,62.0,0.0
aws-sdk-mobile,1.55.0,2024-07-18,ok,27648.0,11.0,0.0,50.0,50.0,0.0,48.0,2.0,0.0,0.0,,993.0,2502.0,0.0,50.0,0.0,50.0,50.0,0.0
amq-protocol,2.9.0,2026-08-27,ok,26624.0,18.0,0.0,371.0,371.0,0.0,369.0,0.0,2.0,0.0,,2663.0,3760.0,0.0,371.0,0.0,371.0,371.0,0.0
aws-sdk-alexaforbusiness,1.71.0,2024-05-14,ok,90112.0,11.0,0.0,230.0,230.0,0.0,228.0,2.0,0.0,0.0,,6061.0,14590.0,0.0,230.0,0.0,230.0,230.0,0.0
ruby_dep,1.5.0,2016-10-09,ok,11776.0,8.0,0.0,41.0,41.0,0.0,23.0,18.0,0.0,0.0,,266.0,337.0,0.0,41.0,0.0,41.0,41.0,0.0
hana,1.3.7,2020-12-03,ok,13824.0,1.0,0.0,22.0,22.0,0.0,12.0,10.0,0.0,0.0,,196.0,249.0,0.0,22.0,0.0,22.0,22.0,0.0
cgi,0.5.2,2026-06-23,ok,41984.0,9.0,1.0,154.0,153.0,8.0,154.0,0.0,0.0,0.0,c,1529.0,3791.0,0.0,154.0,0.0,154.0,154.0,0.0
dry-equalizer,0.3.0,2019-11-07,ok,14848.0,3.0,0.0,13.0,14.0,0.0,8.0,5.0,0.0,0.0,,69.0,153.0,0.0,13.0,0.0,13.0,13.0,0.0
aws-sdk-s3control,1.134.0,2026-07-09,ok,164352.0,16.0,0.0,251.0,251.0,0.0,248.0,3.0,0.0,0.0,,7472.0,23293.0,0.0,251.0,0.0,251.0,251.0,0.0
proc_to_ast,0.2.0,2024-05-04,ok,9216.0,3.0,0.0,10.0,10.0,0.0,7.0,3.0,0.0,0.0,,93.0,126.0,0.0,10.0,0.0,10.0,10.0,0.0
aws-sdk-dlm,1.105.0,2026-07-09,ok,44032.0,11.0,0.0,40.0,40.0,0.0,38.0,2.0,0.0,0.0,,1158.0,4261.0,0.0,40.0,0.0,40.0,40.0,0.0
aws-sigv2,1.3.1,2025-06-10,ok,11264.0,3.0,0.0,19.0,19.0,0.0,9.0,10.0,0.0,0.0,,146.0,307.0,0.0,19.0,0.0,19.0,19.0,0.0
aws-sdk-transfer,1.143.0,2026-09-03,ok,155648.0,12.0,0.0,117.0,117.0,0.0,113.0,4.0,0.0,0.0,,4629.0,17552.0,0.0,117.0,0.0,117.0,117.0,0.0
openid_connect,2.5.0,2026-06-03,ok,33280.0,28.0,0.0,125.0,125.0,0.0,110.0,15.0,0.0,0.0,,1099.0,1242.0,0.0,125.0,0.0,125.0,125.0,0.0
json_schemer,2.5.0,2025-12-09,ok,54272.0,50.0,0.0,309.0,310.0,0.0,286.0,23.0,0.0,0.0,,7354.0,8027.0,0.0,309.0,0.0,309.0,309.0,0.0
elasticsearch-model,8.0.1,2025-09-01,ok,68608.0,28.0,0.0,168.0,169.0,0.0,166.0,2.0,0.0,0.0,,1134.0,2918.0,0.0,168.0,0.0,168.0,168.0,0.0
rollbar,3.8.0,2026-05-06,ok,82432.0,85.0,0.0,793.0,796.0,0.0,588.0,204.0,1.0,8.0,,4875.0,6536.0,0.0,793.0,0.0,793.0,793.0,0.0
aws-sdk-kafka,1.119.0,2026-08-24,ok,96768.0,11.0,0.0,130.0,130.0,0.0,128.0,2.0,0.0,0.0,,5067.0,14637.0,0.0,130.0,0.0,130.0,130.0,0.0
bootstrap-sass,3.4.1,2019-02-13,ok,276992.0,11.0,0.0,96.0,96.0,0.0,79.0,6.0,11.0,0.0,,910.0,1190.0,0.0,96.0,0.0,96.0,96.0,0.0
terrapin,1.1.1,2025-07-09,ok,18432.0,12.0,0.0,72.0,72.0,0.0,48.0,24.0,0.0,0.0,,383.0,495.0,0.0,72.0,0.0,72.0,72.0,0.0
mustermann-grape,1.1.0,2023-11-24,ok,11776.0,2.0,0.0,0.0,0.0,0.0,0.0,0.0,0.0,0.0,,42.0,61.0,0.0,0.0,0.0,0.0,0.0,0.0
phonelib,0.10.27,2026-08-26,ok,980480.0,16.0,0.0,231.0,231.0,0.0,120.0,111.0,0.0,0.0,,1815.0,2818.0,0.0,231.0,0.0,231.0,231.0,0.0
bunny,3.3.0,2026-08-30,ok,96256.0,37.0,0.0,804.0,818.0,0.0,743.0,0.0,61.0,0.0,,5080.0,9169.0,0.0,804.0,0.0,804.0,804.0,0.0
macaddr,1.7.2,2019-06-05,ok,11776.0,1.0,0.0,10.0,10.0,0.0,10.0,0.0,0.0,0.0,,78.0,134.0,0.0,10.0,0.0,10.0,10.0,0.0
toml-rb,4.2.1,2026-07-31,ok,12288.0,12.0,0.0,60.0,60.0,0.0,47.0,13.0,0.0,0.0,,435.0,632.0,0.0,60.0,0.0,60.0,60.0,0.0
grpc-google-iam-v1,1.12.0,2026-05-19,ok,13824.0,6.0,0.0,0.0,0.0,0.0,0.0,0.0,0.0,0.0,,92.0,888.0,0.0,0.0,0.0,0.0,0.0,0.0
aws-sdk-signer,1.87.0,2026-07-09,ok,46080.0,12.0,0.0,70.0,70.0,0.0,66.0,4.0,0.0,0.0,,1675.0,4945.0,0.0,70.0,0.0,70.0,70.0,0.0
opentelemetry-api,1.11.0,2026-07-21,ok,29696.0,36.0,0.0,165.0,165.0,0.0,151.0,14.0,0.0,0.0,,987.0,2294.0,0.0,165.0,0.0,165.0,165.0,0.0
aws-sdk-quicksight,1.196.0,2026-08-31,ok,656384.0,11.0,0.0,386.0,386.0,0.0,384.0,2.0,0.0,0.0,,31446.0,100032.0,0.0,386.0,0.0,386.0,386.0,0.0
ohai,19.1.40,2026-06-24,ok,134656.0,163.0,0.0,415.0,421.0,0.0,389.0,26.0,0.0,0.0,,9445.0,16034.0,0.0,415.0,0.0,415.0,415.0,0.0
fluent-plugin-rewrite-tag-filter,2.4.0,2020-12-21,ok,15360.0,1.0,0.0,8.0,8.0,0.0,8.0,0.0,0.0,0.0,,145.0,174.0,0.0,8.0,0.0,8.0,8.0,0.0
mixlib-cli,2.1.8,2020-08-21,ok,13824.0,3.0,0.0,27.0,27.0,0.0,27.0,0.0,0.0,0.0,,241.0,494.0,0.0,27.0,0.0,27.0,27.0,0.0
aws-sdk-securityhub,1.163.0,2026-08-06,ok,435712.0,11.0,0.0,177.0,177.0,0.0,175.0,2.0,0.0,0.0,,17467.0,59908.0,0.0,177.0,0.0,177.0,177.0,0.0
aws-sdk-ram,1.91.0,2026-07-09,ok,65536.0,11.0,0.0,106.0,106.0,0.0,104.0,2.0,0.0,0.0,,2654.0,9958.0,0.0,106.0,0.0,106.0,106.0,0.0
omniauth-rails_csrf_protection,2.0.1,2025-12-10,ok,9216.0,4.0,0.0,5.0,5.0,0.0,4.0,1.0,0.0,0.0,,59.0,95.0,0.0,5.0,0.0,5.0,5.0,0.0
aws-sdk-chime,1.120.0,2026-07-09,ok,60928.0,11.0,0.0,110.0,110.0,0.0,108.0,2.0,0.0,0.0,,3279.0,8685.0,0.0,110.0,0.0,110.0,110.0,0.0
aws-sdk-route53resolver,1.102.0,2026-07-09,ok,112640.0,11.0,0.0,127.0,127.0,0.0,125.0,2.0,0.0,0.0,,4243.0,15645.0,0.0,127.0,0.0,127.0,127.0,0.0
citrus,3.0.2,2015-02-19,ok,45056.0,5.0,0.0,169.0,175.0,0.0,161.0,8.0,0.0,0.0,,1194.0,1957.0,0.0,169.0,0.0,169.0,169.0,0.0
swd,2.0.3,2023-12-27,ok,11264.0,5.0,0.0,37.0,37.0,0.0,33.0,4.0,0.0,0.0,,191.0,218.0,0.0,37.0,0.0,37.0,37.0,0.0
libdatadog,40.0.0.1.0,2026-08-07,ok,21873664.0,2.0,0.0,6.0,6.0,0.0,6.0,0.0,0.0,0.0,,48.0,100.0,0.0,6.0,0.0,6.0,6.0,0.0
strings-ansi,0.2.0,2019-11-12,ok,9728.0,4.0,0.0,6.0,6.0,0.0,6.0,0.0,0.0,0.0,,44.0,105.0,0.0,6.0,0.0,6.0,6.0,0.0
acts_as_list,1.2.6,2025-10-21,ok,28672.0,14.0,0.0,100.0,106.0,0.0,61.0,39.0,0.0,0.0,,653.0,985.0,0.0,100.0,0.0,100.0,100.0,0.0
rbs,4.2.0,2026-08-23,ok,1294336.0,102.0,39.0,2241.0,2222.0,21.0,2127.0,114.0,0.0,3.0,c,18509.0,22686.0,0.0,2241.0,0.0,2241.0,2241.0,0.0
email_spec,2.3.1,2026-03-21,ok,138240.0,19.0,0.0,146.0,148.0,0.0,125.0,18.0,3.0,0.0,,938.0,1262.0,0.0,146.0,0.0,146.0,146.0,0.0
marginalia,1.11.1,2021-08-20,ok,17408.0,4.0,0.0,55.0,56.0,0.0,34.0,21.0,0.0,0.0,,333.0,406.0,0.0,55.0,0.0,55.0,55.0,0.0
webfinger,2.1.3,2023-12-27,ok,11264.0,4.0,0.0,31.0,31.0,0.0,26.0,5.0,0.0,10.0,,163.0,192.0,0.0,31.0,0.0,31.0,31.0,0.0
ffaker,2.25.0,2025-09-01,ok,486400.0,205.0,0.0,1203.0,1226.0,0.0,1102.0,101.0,0.0,22.0,,6621.0,9315.0,0.0,1203.0,0.0,1203.0,1203.0,0.0
monetize,2.0.0,2025-12-11,ok,11264.0,11.0,0.0,49.0,49.0,0.0,30.0,19.0,0.0,0.0,,294.0,379.0,0.0,49.0,0.0,49.0,49.0,0.0
aws-sdk-datasync,1.127.0,2026-07-28,ok,112640.0,11.0,0.0,75.0,75.0,0.0,73.0,2.0,0.0,0.0,,3151.0,14289.0,0.0,75.0,0.0,75.0,75.0,0.0
aws-sdk-iot1clickdevicesservice,1.63.0,2025-01-07,ok,27136.0,11.0,0.0,49.0,49.0,0.0,47.0,2.0,0.0,0.0,,942.0,2437.0,0.0,49.0,0.0,49.0,49.0,0.0
aws-sdk-rdsdataservice,1.90.0,2026-07-09,ok,36352.0,11.0,0.0,53.0,53.0,0.0,51.0,2.0,0.0,0.0,,1130.0,3374.0,0.0,53.0,0.0,53.0,53.0,0.0
simpleidn,0.3.0,2026-09-01,ok,44544.0,3.0,0.0,8.0,8.0,0.0,8.0,0.0,0.0,8.0,,6859.0,6989.0,0.0,8.0,0.0,8.0,8.0,0.0
uuid,2.3.9,2018-05-15,ok,14848.0,1.0,0.0,27.0,27.0,0.0,24.0,0.0,3.0,0.0,,264.0,504.0,0.0,27.0,0.0,27.0,27.0,0.0
aws-sdk-amplify,1.106.0,2026-08-20,ok,64000.0,11.0,0.0,67.0,67.0,0.0,65.0,2.0,0.0,0.0,,2458.0,8427.0,0.0,67.0,0.0,67.0,67.0,0.0
fuubar,2.5.1,2020-12-31,ok,12800.0,2.0,0.0,33.0,33.0,0.0,25.0,8.0,0.0,0.0,,147.0,196.0,0.0,33.0,0.0,33.0,33.0,0.0
aws-sdk-iot1clickprojects,1.65.0,2025-01-07,ok,29184.0,11.0,0.0,46.0,46.0,0.0,44.0,2.0,0.0,0.0,,1023.0,2669.0,0.0,46.0,0.0,46.0,46.0,0.0
arr-pm,0.0.12,2022-09-19,ok,34304.0,18.0,0.0,167.0,171.0,0.0,151.0,16.0,0.0,3.0,,1218.0,1536.0,0.0,167.0,0.0,167.0,167.0,0.0
sequel,5.108.0,2026-09-01,ok,672256.0,308.0,0.0,5452.0,5551.0,0.0,3314.0,2105.0,33.0,0.0,,42161.0,75834.0,0.0,5452.0,0.0,5452.0,5452.0,0.0
aws-sdk-fsx,1.137.0,2026-07-09,ok,219136.0,11.0,0.0,160.0,160.0,0.0,158.0,2.0,0.0,0.0,,5235.0,25500.0,0.0,160.0,0.0,160.0,160.0,0.0
aws-sdk-apigatewayv2,1.96.0,2026-07-09,ok,129536.0,11.0,0.0,130.0,130.0,0.0,128.0,2.0,0.0,0.0,,6944.0,21724.0,0.0,130.0,0.0,130.0,130.0,0.0
factory_girl,4.9.0,2017-10-24,ok,40960.0,53.0,0.0,314.0,317.0,0.0,235.0,63.0,16.0,0.0,,1726.0,2391.0,0.0,314.0,0.0,314.0,314.0,0.0
aws-sdk-globalaccelerator,1.94.0,2026-07-09,ok,70144.0,11.0,0.0,111.0,111.0,0.0,109.0,2.0,0.0,0.0,,3059.0,9882.0,0.0,111.0,0.0,111.0,111.0,0.0
rbtrace,0.5.5,2026-08-07,ok,522752.0,11.0,1.0,58.0,57.0,1.0,48.0,10.0,0.0,0.0,c,1120.0,1489.0,0.0,58.0,0.0,58.0,58.0,0.0
json_pure,2.8.1,2024-11-05,ok,18944.0,1.0,0.0,0.0,0.0,0.0,0.0,0.0,0.0,0.0,,2.0,5.0,0.0,0.0,0.0,0.0,0.0,0.0
faraday-follow_redirects,0.5.0,2025-12-27,ok,9216.0,4.0,0.0,14.0,14.0,0.0,4.0,10.0,0.0,0.0,,110.0,198.0,0.0,14.0,0.0,14.0,14.0,0.0
aws-sdk-pinpointsmsvoice,1.80.0,2026-07-09,ok,27648.0,11.0,0.0,35.0,35.0,0.0,33.0,2.0,0.0,0.0,,755.0,2143.0,0.0,35.0,0.0,35.0,35.0,0.0
has_scope,0.9.0,2025-10-03,ok,10752.0,3.0,0.0,10.0,10.0,0.0,3.0,0.0,7.0,0.0,,150.0,250.0,0.0,10.0,0.0,10.0,10.0,0.0
fast_gettext,4.1.1,2025-10-24,ok,30208.0,18.0,0.0,125.0,125.0,0.0,102.0,7.0,16.0,0.0,,756.0,1073.0,0.0,125.0,0.0,125.0,125.0,0.0
recursive-open-struct,2.1.1,2026-04-19,ok,13824.0,6.0,0.0,30.0,35.0,0.0,22.0,8.0,0.0,0.0,,243.0,371.0,0.0,30.0,0.0,30.0,30.0,0.0
mixlib-config,3.0.27,2022-06-08,ok,14336.0,6.0,0.0,67.0,67.0,0.0,57.0,9.0,1.0,0.0,,451.0,932.0,0.0,67.0,0.0,67.0,67.0,0.0
aws-sdk-appmesh,1.95.0,2026-07-09,ok,84992.0,11.0,0.0,77.0,77.0,0.0,75.0,2.0,0.0,0.0,,4062.0,14742.0,0.0,77.0,0.0,77.0,77.0,0.0
aws-sdk-pinpointemail,1.84.0,2026-07-09,ok,67072.0,11.0,0.0,67.0,67.0,0.0,65.0,2.0,0.0,0.0,,2270.0,7357.0,0.0,67.0,0.0,67.0,67.0,0.0
strings,0.2.1,2021-03-09,ok,14336.0,9.0,0.0,54.0,54.0,0.0,54.0,0.0,0.0,0.0,,455.0,887.0,0.0,54.0,0.0,54.0,54.0,0.0
ruby-graphviz,1.2.5,2020-03-05,ok,121344.0,36.0,0.0,592.0,640.0,0.0,564.0,28.0,0.0,0.0,,4878.0,6385.0,0.0,592.0,0.0,592.0,592.0,0.0
aws-sdk-textract,1.95.0,2026-08-11,ok,70144.0,11.0,0.0,61.0,61.0,0.0,59.0,2.0,0.0,0.0,,2269.0,8008.0,0.0,61.0,0.0,61.0,61.0,0.0
aws-sdk-kinesisanalyticsv2,1.95.0,2026-07-17,ok,87040.0,11.0,0.0,76.0,76.0,0.0,74.0,2.0,0.0,0.0,,3385.0,11179.0,0.0,76.0,0.0,76.0,76.0,0.0
lru_redux,1.1.0,2015-04-07,ok,12288.0,13.0,0.0,55.0,61.0,0.0,51.0,0.0,4.0,0.0,,428.0,576.0,0.0,55.0,0.0,55.0,55.0,0.0
aws-sdk-comprehendmedical,1.85.0,2026-07-09,ok,44032.0,11.0,0.0,57.0,57.0,0.0,55.0,2.0,0.0,0.0,,1804.0,5590.0,0.0,57.0,0.0,57.0,57.0,0.0
aws-sdk-licensemanager,1.94.0,2026-07-10,ok,81920.0,11.0,0.0,113.0,113.0,0.0,111.0,2.0,0.0,0.0,,4039.0,12397.0,0.0,113.0,0.0,113.0,113.0,0.0
rbtree,0.4.7,2026-06-26,ok,30208.0,2.0,3.0,155.0,91.0,64.0,155.0,0.0,0.0,0.0,c,906.0,1111.0,0.0,155.0,0.0,155.0,155.0,0.0
acts-as-taggable-on,13.0.0,2025-11-05,ok,21504.0,30.0,0.0,195.0,198.0,0.0,149.0,46.0,0.0,0.0,,1443.0,2133.0,0.0,195.0,0.0,195.0,195.0,0.0
stimulus-rails,1.3.4,2024-08-16,ok,76288.0,8.0,0.0,6.0,6.0,0.0,4.0,2.0,0.0,0.0,,112.0,147.0,0.0,6.0,0.0,6.0,6.0,0.0
aws-sdk-mediaconnect,1.105.0,2026-08-12,ok,151040.0,12.0,0.0,167.0,167.0,0.0,163.0,4.0,0.0,0.0,,7275.0,22676.0,0.0,167.0,0.0,167.0,167.0,0.0
simplecov-cobertura,4.0.0,2026-07-12,ok,16384.0,2.0,0.0,14.0,14.0,0.0,2.0,12.0,0.0,0.0,,168.0,207.0,0.0,14.0,0.0,14.0,14.0,0.0
aws-sdk-docdb,1.107.0,2026-07-09,ok,113152.0,13.0,0.0,139.0,139.0,0.0,134.0,5.0,0.0,0.0,,3941.0,15898.0,0.0,139.0,0.0,139.0,139.0,0.0
aws-sdk-robomaker,1.92.0,2025-10-30,ok,89088.0,11.0,0.0,90.0,90.0,0.0,88.0,2.0,0.0,0.0,,3827.0,13872.0,0.0,90.0,0.0,90.0,90.0,0.0
flipper-active_record,1.4.2,2026-05-11,ok,13824.0,8.0,0.0,26.0,26.0,0.0,18.0,8.0,0.0,0.0,,340.0,453.0,0.0,26.0,0.0,26.0,26.0,0.0
tsort,0.2.0,2023-11-07,ok,10240.0,1.0,0.0,12.0,12.0,0.0,12.0,0.0,0.0,0.0,,87.0,456.0,0.0,12.0,0.0,12.0,12.0,0.0
sigdump,0.2.5,2023-07-03,ok,12288.0,2.0,0.0,9.0,9.0,0.0,9.0,0.0,0.0,0.0,,130.0,156.0,0.0,9.0,0.0,9.0,9.0,0.0
aws-sdk-apigatewaymanagementapi,1.77.0,2026-07-09,ok,22016.0,11.0,0.0,23.0,23.0,0.0,21.0,2.0,0.0,0.0,,423.0,1209.0,0.0,23.0,0.0,23.0,23.0,0.0
pg_query,6.2.3,2026-09-04,ok,2479616.0,17.0,520.0,104.0,94.0,10.0,85.0,16.0,3.0,0.0,c,1406.0,1689.0,0.0,104.0,0.0,104.0,104.0,0.0
warning,1.6.0,2026-05-11,ok,10752.0,1.0,0.0,9.0,9.0,0.0,7.0,2.0,0.0,0.0,,169.0,309.0,0.0,9.0,0.0,9.0,9.0,0.0
sync,0.5.0,2018-12-04,ok,8704.0,1.0,0.0,30.0,30.0,0.0,27.0,3.0,0.0,0.0,,236.0,329.0,0.0,30.0,0.0,30.0,30.0,0.0
omniauth-facebook,11.0.0,2026-07-18,ok,18944.0,5.0,0.0,21.0,21.0,0.0,11.0,9.0,1.0,0.0,,188.0,248.0,0.0,21.0,0.0,21.0,21.0,0.0
sorbet-static,0.6.13486,2026-09-06,ok,6025216.0,0.0,0.0,0.0,0.0,0.0,0.0,0.0,0.0,0.0,,0.0,0.0,0.0,0.0,0.0,0.0,0.0,0.0
state_machines-activemodel,0.200.0,2026-06-11,ok,18432.0,4.0,0.0,20.0,20.0,0.0,5.0,0.0,15.0,0.0,,132.0,521.0,0.0,20.0,0.0,20.0,20.0,0.0
aws-sdk-backup,1.117.0,2026-08-21,ok,168960.0,11.0,0.0,182.0,182.0,0.0,180.0,2.0,0.0,0.0,,6857.0,24597.0,0.0,182.0,0.0,182.0,182.0,0.0
bugsnag,6.30.0,2026-04-13,ok,62464.0,63.0,0.0,452.0,454.0,0.0,374.0,78.0,0.0,0.0,,3416.0,5820.0,0.0,452.0,0.0,452.0,452.0,0.0
fluent-config-regexp-type,1.0.0,2018-05-24,ok,10240.0,1.0,0.0,1.0,1.0,0.0,1.0,0.0,0.0,0.0,,20.0,22.0,0.0,1.0,0.0,1.0,1.0,0.0
delayed_job,4.2.0,2025-12-29,ok,43008.0,25.0,0.0,142.0,143.0,0.0,123.0,12.0,7.0,0.0,,1713.0,2155.0,0.0,142.0,0.0,142.0,142.0,0.0
prometheus-client,5.0.0,2026-08-29,ok,31744.0,18.0,0.0,158.0,158.0,0.0,103.0,47.0,8.0,0.0,,1156.0,1626.0,0.0,158.0,0.0,158.0,158.0,0.0
state_machines-activerecord,0.200.0,2026-06-12,ok,19456.0,5.0,0.0,51.0,51.0,0.0,26.0,15.0,10.0,0.0,,401.0,1108.0,0.0,51.0,0.0,51.0,51.0,0.0
charlock_holmes,0.7.9,2024-07-10,ok,11776.0,5.0,5.0,24.0,15.0,9.0,24.0,0.0,0.0,0.0,c+cpp,153.0,265.0,0.0,24.0,0.0,24.0,24.0,0.0
mini_portile,0.6.2,2014-12-30,ok,13824.0,1.0,0.0,51.0,51.0,0.0,28.0,23.0,0.0,0.0,,349.0,438.0,0.0,51.0,0.0,51.0,51.0,0.0
mixlib-log,3.2.3,2025-04-01,ok,12288.0,6.0,0.0,46.0,46.0,0.0,39.0,7.0,0.0,0.0,,299.0,510.0,0.0,46.0,0.0,46.0,46.0,0.0
aws-sdk-macie,1.48.0,2023-11-16,ok,23040.0,11.0,0.0,41.0,41.0,0.0,39.0,2.0,0.0,0.0,,780.0,2037.0,0.0,41.0,0.0,41.0,41.0,0.0
omniauth-saml,2.2.5,2026-02-21,ok,19456.0,4.0,0.0,26.0,26.0,0.0,7.0,19.0,0.0,0.0,,278.0,367.0,0.0,26.0,0.0,26.0,26.0,0.0
gherkin,9.0.0,2019-12-10,ok,31744.0,14.0,0.0,206.0,206.0,0.0,182.0,24.0,0.0,0.0,,4179.0,4555.0,0.0,206.0,0.0,206.0,206.0,0.0
thrift,0.24.0,2026-07-11,ok,118272.0,44.0,17.0,725.0,628.0,97.0,670.0,48.0,7.0,0.0,c,4372.0,6554.0,0.0,725.0,0.0,725.0,725.0,0.0
text,1.3.1,2015-04-13,ok,138752.0,8.0,0.0,17.0,17.0,0.0,8.0,9.0,0.0,0.0,,688.0,927.0,0.0,17.0,0.0,17.0,17.0,0.0
locale,2.1.5,2026-02-25,ok,104448.0,21.0,0.0,140.0,140.0,0.0,130.0,10.0,0.0,46.0,,1274.0,2164.0,0.0,140.0,0.0,140.0,140.0,0.0
elasticsearch-rails,8.0.1,2025-09-01,ok,4263424.0,20.0,0.0,16.0,18.0,0.0,12.0,2.0,2.0,0.0,,1560.0,2703.0,0.0,16.0,0.0,16.0,16.0,0.0
semantic_range,3.1.1,2026-02-24,ok,11776.0,5.0,0.0,95.0,95.0,0.0,95.0,0.0,0.0,0.0,,740.0,912.0,0.0,95.0,0.0,95.0,95.0,0.0
aws-sdk-eventbridge,1.102.0,2026-07-09,ok,97792.0,11.0,0.0,86.0,86.0,0.0,84.0,2.0,0.0,0.0,,3720.0,13015.0,0.0,86.0,0.0,86.0,86.0,0.0
sys-filesystem,1.6.0,2026-06-16,ok,44544.0,17.0,0.0,108.0,159.0,0.0,106.0,2.0,0.0,0.0,,1384.0,2001.0,0.0,108.0,0.0,108.0,108.0,0.0
gon,7.1.0,2026-06-11,ok,17920.0,16.0,0.0,105.0,106.0,0.0,68.0,37.0,0.0,0.0,,755.0,964.0,0.0,105.0,0.0,105.0,105.0,0.0
trollop,2.9.10,2019-11-25,ok,29696.0,1.0,0.0,93.0,93.0,0.0,84.0,9.0,0.0,0.0,,630.0,1017.0,0.0,93.0,0.0,93.0,93.0,0.0
jira-ruby,3.2.2,2026-08-19,ok,84480.0,46.0,0.0,255.0,256.0,0.0,230.0,16.0,9.0,0.0,,1877.0,3167.0,0.0,255.0,0.0,255.0,255.0,0.0
with_env,1.1.0,2015-07-15,ok,7168.0,2.0,0.0,2.0,2.0,0.0,2.0,0.0,0.0,0.0,,21.0,26.0,0.0,2.0,0.0,2.0,2.0,0.0
aws-sdk-transcribestreamingservice,1.105.0,2026-07-31,ok,68096.0,13.0,0.0,93.0,103.0,0.0,90.0,3.0,0.0,0.0,,1937.0,7818.0,0.0,93.0,0.0,93.0,93.0,0.0
fast_blank,1.0.1,2021-08-16,ok,8704.0,1.0,1.0,2.0,0.0,2.0,2.0,0.0,0.0,0.0,c,2.0,3.0,0.0,2.0,0.0,2.0,2.0,0.0
logstash-output-statsd,3.2.0,2018-06-05,ok,11776.0,1.0,0.0,3.0,3.0,0.0,3.0,0.0,0.0,0.0,,62.0,146.0,0.0,3.0,0.0,3.0,3.0,0.0
aws-sdk-sesv2,1.107.0,2026-09-01,ok,162816.0,11.0,0.0,146.0,146.0,0.0,144.0,2.0,0.0,0.0,,6145.0,20929.0,0.0,146.0,0.0,146.0,146.0,0.0
formtastic,6.0.0,2026-02-20,ok,128512.0,81.0,0.0,396.0,397.0,0.0,346.0,5.0,45.0,0.0,,2963.0,6402.0,1.0,396.0,0.0,396.0,396.0,0.0
font-awesome-rails,4.7.0.1,2016-12-13,ok,637952.0,4.0,0.0,5.0,5.0,0.0,5.0,0.0,0.0,0.0,,59.0,118.0,0.0,5.0,0.0,5.0,5.0,0.0
terser,1.2.8,2026-07-08,ok,262144.0,4.0,0.0,44.0,46.0,0.0,12.0,32.0,0.0,0.0,,477.0,603.0,0.0,44.0,0.0,44.0,44.0,0.0
grape-entity,1.1.0,2026-06-04,ok,28160.0,26.0,0.0,192.0,192.0,0.0,172.0,19.0,1.0,0.0,,1183.0,1798.0,0.0,192.0,0.0,192.0,192.0,0.0
escape_utils,1.3.0,2022-06-16,ok,26112.0,14.0,12.0,30.0,24.0,8.0,29.0,1.0,0.0,0.0,c,153.0,188.0,0.0,30.0,0.0,30.0,30.0,0.0
rack-cache,1.17.0,2024-04-05,ok,29696.0,18.0,0.0,198.0,200.0,0.0,161.0,30.0,7.0,0.0,,1256.0,2101.0,0.0,198.0,0.0,198.0,198.0,0.0
hitimes,3.2.0,2026-05-22,ok,18944.0,12.0,0.0,73.0,75.0,0.0,72.0,1.0,0.0,0.0,,412.0,1202.0,0.0,73.0,0.0,73.0,73.0,0.0
aws-sdk-personalize,1.101.0,2026-07-09,ok,92160.0,11.0,0.0,102.0,102.0,0.0,100.0,2.0,0.0,0.0,,4231.0,14201.0,0.0,102.0,0.0,102.0,102.0,0.0
fog-aliyun,0.4.1,2026-04-11,ok,47616.0,111.0,0.0,264.0,265.0,0.0,254.0,10.0,0.0,0.0,,4929.0,6818.0,0.0,264.0,0.0,264.0,264.0,0.0
graphiql-rails,1.10.5,2025-05-16,ok,640000.0,6.0,0.0,24.0,24.0,0.0,24.0,0.0,0.0,0.0,,90.0,115.0,0.0,24.0,0.0,24.0,24.0,0.0
aws-sdk-managedblockchain,1.88.0,2026-07-09,ok,50176.0,11.0,0.0,62.0,62.0,0.0,60.0,2.0,0.0,0.0,,2040.0,6506.0,0.0,62.0,0.0,62.0,62.0,0.0
opentracing,0.5.0,2019-01-14,ok,17408.0,9.0,0.0,30.0,30.0,0.0,30.0,0.0,0.0,0.0,,154.0,423.0,0.0,30.0,0.0,30.0,30.0,0.0
gettext,3.5.2,2026-02-25,ok,184832.0,25.0,0.0,453.0,461.0,0.0,337.0,116.0,0.0,0.0,,4221.0,6178.0,0.0,453.0,0.0,453.0,453.0,0.0
sorted_set,1.1.0,2026-03-04,ok,9216.0,4.0,0.0,19.0,42.0,0.0,18.0,1.0,0.0,0.0,,156.0,250.0,0.0,19.0,0.0,19.0,19.0,0.0
view_component,4.15.0,2026-08-25,ok,76288.0,46.0,0.0,352.0,357.0,0.0,250.0,102.0,0.0,4.0,,2870.0,4905.0,0.0,352.0,0.0,352.0,352.0,0.0
draper,4.0.6,2025-11-16,ok,32768.0,40.0,0.0,168.0,174.0,0.0,137.0,29.0,2.0,0.0,,948.0,1544.0,5.0,168.0,0.0,168.0,168.0,0.0
device_detector,1.1.3,2024-07-03,ok,395776.0,15.0,0.0,161.0,161.0,0.0,67.0,94.0,0.0,0.0,,3650.0,4028.0,0.0,161.0,0.0,161.0,161.0,0.0
aws-sdk-mediapackagevod,1.88.0,2026-07-09,ok,39424.0,11.0,0.0,44.0,44.0,0.0,42.0,2.0,0.0,0.0,,1532.0,4482.0,0.0,44.0,0.0,44.0,44.0,0.0
aws-sdk-personalizeruntime,1.86.0,2026-07-09,ok,28160.0,11.0,0.0,22.0,22.0,0.0,20.0,2.0,0.0,0.0,,533.0,1957.0,0.0,22.0,0.0,22.0,22.0,0.0
aws-sdk-ioteventsdata,1.77.0,2026-06-29,ok,33792.0,11.0,0.0,37.0,37.0,0.0,35.0,2.0,0.0,0.0,,1254.0,3417.0,0.0,37.0,0.0,37.0,37.0,0.0
devise-two-factor,6.4.1,2026-09-03,ok,25088.0,12.0,0.0,27.0,27.0,0.0,20.0,6.0,1.0,0.0,,444.0,634.0,0.0,27.0,0.0,27.0,27.0,0.0
aws-sdk-groundstation,1.88.0,2026-07-09,ok,79872.0,12.0,0.0,80.0,80.0,0.0,76.0,4.0,0.0,0.0,,3333.0,10263.0,0.0,80.0,0.0,80.0,80.0,0.0
aws-sdk-iotthingsgraph,1.73.0,2026-07-09,ok,45056.0,11.0,0.0,64.0,64.0,0.0,62.0,2.0,0.0,0.0,,1994.0,5386.0,0.0,64.0,0.0,64.0,64.0,0.0
aws-sdk-worklink,1.55.0,2024-09-11,ok,36352.0,11.0,0.0,92.0,92.0,0.0,89.0,3.0,0.0,0.0,,2074.0,4741.0,0.0,92.0,0.0,92.0,92.0,0.0
fluentd,1.19.3,2026-06-25,ok,585216.0,226.0,0.0,2613.0,2660.0,0.0,2368.0,245.0,0.0,0.0,,28159.0,38688.0,0.0,2613.0,0.0,2613.0,2613.0,0.0
delayed_job_active_record,4.1.11,2024-11-09,ok,10240.0,7.0,0.0,29.0,29.0,0.0,28.0,1.0,0.0,0.0,,233.0,330.0,2.0,29.0,0.0,29.0,29.0,0.0
sendgrid-ruby,6.7.0,2023-12-01,ok,246272.0,40.0,0.0,290.0,293.0,0.0,286.0,4.0,0.0,0.0,,974.0,1275.0,0.0,290.0,0.0,290.0,290.0,0.0
em-websocket,0.5.3,2021-11-11,ok,33280.0,30.0,0.0,125.0,126.0,0.0,106.0,19.0,0.0,0.0,,1287.0,1795.0,0.0,125.0,0.0,125.0,125.0,0.0
aws-sdk-ec2instanceconnect,1.74.0,2026-07-09,ok,24576.0,11.0,0.0,41.0,41.0,0.0,39.0,2.0,0.0,0.0,,576.0,1636.0,0.0,41.0,0.0,41.0,41.0,0.0
dry-struct,1.8.1,2026-03-03,ok,18432.0,15.0,0.0,78.0,78.0,0.0,66.0,11.0,1.0,0.0,,515.0,1064.0,0.0,78.0,0.0,78.0,78.0,0.0
memoizable,0.5.1,2026-03-04,ok,11264.0,6.0,0.0,28.0,28.0,0.0,19.0,9.0,0.0,0.0,,177.0,498.0,0.0,28.0,0.0,28.0,28.0,0.0
aws-sdk-iotevents,1.84.0,2026-06-29,ok,60416.0,11.0,0.0,61.0,61.0,0.0,59.0,2.0,0.0,0.0,,2259.0,8448.0,0.0,61.0,0.0,61.0,61.0,0.0
aws-sdk-v1,1.67.0,2017-04-03,ok,763904.0,507.0,0.0,3952.0,3961.0,0.0,3011.0,231.0,710.0,0.0,,28309.0,70473.0,0.0,3952.0,0.0,3952.0,3952.0,0.0
aws-sdk-personalizeevents,1.79.0,2026-07-09,ok,26624.0,11.0,0.0,26.0,26.0,0.0,24.0,2.0,0.0,0.0,,573.0,1875.0,0.0,26.0,0.0,26.0,26.0,0.0
aws-sdk-applicationinsights,1.83.0,2026-07-24,ok,51712.0,11.0,0.0,65.0,65.0,0.0,63.0,2.0,0.0,0.0,,2054.0,6093.0,0.0,65.0,0.0,65.0,65.0,0.0
therubyracer,0.12.3,2017-01-05,ok,58880.0,32.0,29.0,144.0,142.0,4.0,140.0,4.0,0.0,0.0,c+cpp,1187.0,1560.0,0.0,144.0,0.0,144.0,144.0,0.0
gemoji,4.1.0,2023-03-29,ok,43008.0,3.0,0.0,36.0,36.0,0.0,32.0,4.0,0.0,0.0,,186.0,276.0,0.0,36.0,0.0,36.0,36.0,0.0
ruby_http_client,3.6.0,2025-12-16,ok,167936.0,1.0,0.0,35.0,35.0,0.0,32.0,3.0,0.0,0.0,,164.0,338.0,0.0,35.0,0.0,35.0,35.0,0.0
aws-sdk-forecastservice,1.89.0,2026-07-09,ok,103936.0,11.0,0.0,90.0,90.0,0.0,88.0,2.0,0.0,0.0,,3769.0,15250.0,0.0,90.0,0.0,90.0,90.0,0.0
murmurhash3,0.1.7,2023-01-05,ok,11264.0,6.0,1.0,51.0,49.0,14.0,51.0,0.0,0.0,0.0,c,205.0,239.0,0.0,51.0,0.0,51.0,51.0,0.0
inherited_resources,2.1.0,2024-12-07,ok,26112.0,16.0,0.0,96.0,102.0,0.0,23.0,41.0,32.0,0.0,,841.0,1734.0,0.0,96.0,0.0,96.0,96.0,0.0
opentelemetry-common,0.25.1,2026-07-08,ok,13312.0,9.0,0.0,23.0,23.0,0.0,21.0,2.0,0.0,0.0,,187.0,393.0,0.0,23.0,0.0,23.0,23.0,0.0
opentelemetry-sdk,1.13.0,2026-07-21,ok,34816.0,31.0,0.0,190.0,191.0,0.0,149.0,32.0,9.0,0.0,,1349.0,2620.0,0.0,190.0,0.0,190.0,190.0,0.0
vault,0.20.1,2026-03-31,ok,41472.0,35.0,0.0,202.0,202.0,0.0,197.0,5.0,0.0,0.0,,1716.0,3896.0,0.0,202.0,0.0,202.0,202.0,0.0
rspec-sidekiq,5.3.0,2026-02-20,ok,22016.0,25.0,0.0,248.0,248.0,0.0,211.0,37.0,0.0,0.0,,1358.0,1817.0,0.0,248.0,0.0,248.0,248.0,0.0
gssapi,1.3.1,2020-11-24,ok,17920.0,7.0,0.0,35.0,35.0,0.0,31.0,4.0,0.0,0.0,,536.0,890.0,0.0,35.0,0.0,35.0,35.0,0.0
net-ssh-gateway,2.0.0,2017-01-26,ok,14848.0,2.0,0.0,9.0,9.0,0.0,6.0,3.0,0.0,0.0,,92.0,205.0,0.0,9.0,0.0,9.0,9.0,0.0
fog,2.3.0,2022-10-03,ok,481280.0,761.0,0.0,1943.0,1950.0,0.0,1753.0,190.0,0.0,0.0,,28559.0,37776.0,0.0,1943.0,0.0,1943.0,1943.0,0.0
haml-rails,3.1.0,2026-07-09,ok,17920.0,7.0,0.0,9.0,9.0,0.0,3.0,6.0,0.0,0.0,,160.0,227.0,0.0,9.0,0.0,9.0,9.0,0.0
health_check,3.1.0,2021-05-25,ok,34816.0,15.0,0.0,43.0,43.0,0.0,31.0,5.0,7.0,0.0,,565.0,707.0,0.0,43.0,0.0,43.0,43.0,0.0
aws-sdk-servicequotas,1.76.0,2026-09-04,ok,45056.0,11.0,0.0,75.0,75.0,0.0,73.0,2.0,0.0,0.0,,1801.0,5324.0,0.0,75.0,0.0,75.0,75.0,0.0
tty-command,0.10.1,2021-02-14,ok,22528.0,15.0,0.0,116.0,122.0,0.0,100.0,16.0,0.0,0.0,,796.0,1288.0,0.0,116.0,0.0,116.0,116.0,0.0
importmap-rails,2.2.3,2026-01-07,ok,20992.0,12.0,0.0,102.0,102.0,0.0,46.0,56.0,0.0,0.0,,784.0,1109.0,0.0,102.0,0.0,102.0,102.0,0.0
aws-sdk-lakeformation,1.93.0,2026-07-09,ok,86528.0,11.0,0.0,116.0,116.0,0.0,114.0,2.0,0.0,0.0,,3738.0,11657.0,0.0,116.0,0.0,116.0,116.0,0.0
config,5.6.1,2025-07-11,ok,24576.0,18.0,0.0,71.0,72.0,0.0,63.0,6.0,2.0,0.0,,587.0,829.0,0.0,71.0,0.0,71.0,71.0,0.0
friendly_id,5.7.0,2026-05-08,ok,31744.0,20.0,0.0,138.0,138.0,0.0,107.0,31.0,0.0,0.0,,727.0,2123.0,0.0,138.0,0.0,138.0,138.0,0.0
licensee,10.1.0,2026-08-07,ok,504320.0,46.0,0.0,311.0,320.0,0.0,199.0,112.0,0.0,3.0,,1997.0,2900.0,0.0,311.0,0.0,311.0,311.0,0.0
rinku,2.0.6,2019-04-23,ok,22016.0,3.0,9.0,5.0,4.0,1.0,5.0,0.0,0.0,0.0,c,42.0,57.0,0.0,5.0,0.0,5.0,5.0,0.0
license_finder,7.2.1,2024-05-09,ok,196096.0,120.0,0.0,905.0,907.0,0.0,638.0,263.0,4.0,0.0,,5980.0,7749.0,0.0,905.0,0.0,905.0,905.0,0.0
restforce,8.0.1,2025-12-29,ok,129024.0,44.0,0.0,237.0,238.0,0.0,188.0,49.0,0.0,0.0,,2113.0,3567.0,0.0,237.0,0.0,237.0,237.0,0.0
combine_pdf,1.0.31,2025-04-08,ok,115200.0,13.0,0.0,142.0,142.0,0.0,95.0,3.0,44.0,23.0,,2221.0,4082.0,0.0,142.0,0.0,142.0,142.0,0.0
aws-sdk-forecastqueryservice,1.71.0,2026-07-09,ok,23552.0,11.0,0.0,27.0,27.0,0.0,25.0,2.0,0.0,0.0,,485.0,1506.0,0.0,27.0,0.0,27.0,27.0,0.0
minitar,1.1.0,2025-09-08,ok,52224.0,8.0,0.0,99.0,99.0,0.0,85.0,14.0,0.0,0.0,,874.0,1635.0,1.0,99.0,0.0,99.0,99.0,0.0
chef-utils,19.3.15,2026-05-22,ok,35328.0,22.0,0.0,224.0,224.0,0.0,208.0,14.0,2.0,0.0,,1018.0,3033.0,0.0,224.0,0.0,224.0,224.0,0.0
ffi-yajl,3.0.1,2026-07-28,ok,136704.0,14.0,3.0,68.0,52.0,19.0,63.0,5.0,0.0,0.0,c,739.0,1254.0,0.0,68.0,0.0,68.0,68.0,0.0
opentelemetry-semantic_conventions,1.44.0,2026-08-17,ok,151552.0,263.0,0.0,0.0,0.0,0.0,0.0,0.0,0.0,0.0,,3264.0,21155.0,0.0,0.0,0.0,0.0,0.0,0.0
aws-sdk-appconfig,1.85.0,2026-07-09,ok,86528.0,12.0,0.0,98.0,98.0,0.0,94.0,4.0,0.0,0.0,,3130.0,11828.0,0.0,98.0,0.0,98.0,98.0,0.0
aws-sdk-importexport,1.74.0,2026-07-09,ok,27648.0,7.0,0.0,53.0,53.0,0.0,53.0,0.0,0.0,0.0,,849.0,2398.0,0.0,53.0,0.0,53.0,53.0,0.0
rmagick,7.1.4,2026-09-05,ok,267264.0,18.0,15.0,1004.0,450.0,570.0,974.0,27.0,3.0,0.0,c+cpp,3432.0,4771.0,0.0,1004.0,0.0,1004.0,1004.0,0.0
einhorn,1.1.1,2026-08-03,ok,35840.0,20.0,0.0,224.0,225.0,0.0,224.0,0.0,0.0,0.0,,2005.0,2642.0,0.0,224.0,0.0,224.0,224.0,0.0
ref,2.0.0,2015-07-10,ok,16384.0,15.0,3.0,67.0,71.0,0.0,59.0,8.0,0.0,0.0,java,515.0,846.0,0.0,67.0,0.0,67.0,67.0,0.0
gpgme,2.0.26,2026-02-14,ok,3166208.0,18.0,1.0,359.0,268.0,102.0,357.0,2.0,0.0,0.0,c,1742.0,2892.0,0.0,359.0,0.0,359.0,359.0,0.0
cucumber-wire,8.0.0,2025-10-14,ok,11264.0,14.0,0.0,100.0,100.0,0.0,90.0,10.0,0.0,0.0,,499.0,666.0,0.0,100.0,0.0,100.0,100.0,0.0
opensearch-ruby,3.4.0,2024-07-11,ok,132096.0,394.0,0.0,584.0,594.0,0.0,556.0,28.0,0.0,0.0,,10016.0,27568.0,0.0,584.0,0.0,584.0,584.0,0.0
aws-sdk-wafv2,1.137.0,2026-08-21,ok,194560.0,11.0,0.0,119.0,119.0,0.0,117.0,2.0,0.0,0.0,,5095.0,24160.0,0.0,119.0,0.0,119.0,119.0,0.0
prawn-table,0.2.2,2015-07-16,ok,64512.0,30.0,0.0,209.0,209.0,0.0,180.0,3.0,26.0,0.0,,1523.0,2961.0,0.0,209.0,0.0,209.0,209.0,0.0
clamp,1.5.2,2026-03-21,ok,25088.0,24.0,0.0,207.0,207.0,0.0,132.0,68.0,7.0,8.0,,1441.0,2032.0,0.0,207.0,0.0,207.0,207.0,0.0
aws-sdk-networkmanager,1.82.0,2026-07-09,ok,100864.0,11.0,0.0,140.0,140.0,0.0,138.0,2.0,0.0,0.0,,5761.0,17131.0,0.0,140.0,0.0,140.0,140.0,0.0
http-parser,1.2.3,2021-01-11,ok,31232.0,6.0,2.0,33.0,33.0,0.0,33.0,0.0,0.0,0.0,c,347.0,701.0,0.0,33.0,0.0,33.0,33.0,0.0
aws-sdk-workmailmessageflow,1.69.0,2026-07-09,ok,23040.0,11.0,0.0,25.0,25.0,0.0,23.0,2.0,0.0,0.0,,435.0,1329.0,0.0,25.0,0.0,25.0,25.0,0.0
chef-config,19.3.15,2026-05-22,ok,55808.0,13.0,0.0,110.0,110.0,0.0,99.0,11.0,0.0,0.0,,1240.0,2648.0,0.0,110.0,0.0,110.0,110.0,0.0
gems,2.0.0,2026-04-07,ok,11776.0,11.0,0.0,45.0,45.0,0.0,42.0,3.0,0.0,0.0,,317.0,588.0,0.0,45.0,0.0,45.0,45.0,0.0
aws-sdk-kendra,1.117.0,2026-07-09,ok,176640.0,11.0,0.0,106.0,106.0,0.0,104.0,2.0,0.0,0.0,,5828.0,22997.0,0.0,106.0,0.0,106.0,106.0,0.0
libyajl2,2.1.0,2021-04-07,ok,129024.0,3.0,25.0,8.0,8.0,0.0,8.0,0.0,0.0,0.0,c,119.0,158.0,0.0,8.0,0.0,8.0,8.0,0.0
aws-sdk-accessanalyzer,1.94.0,2026-07-09,ok,84992.0,11.0,0.0,86.0,86.0,0.0,84.0,2.0,0.0,0.0,,3451.0,10865.0,0.0,86.0,0.0,86.0,86.0,0.0
asciidoctor,2.0.26,2025-10-24,ok,284672.0,48.0,0.0,1033.0,1077.0,0.0,934.0,98.0,1.0,16.0,,12033.0,19270.0,0.0,1033.0,0.0,1033.0,1033.0,0.0
fluent-plugin-grafana-loki,1.3.0,2026-04-01,ok,14848.0,1.0,0.0,19.0,19.0,0.0,11.0,8.0,0.0,0.0,,312.0,442.0,0.0,19.0,0.0,19.0,19.0,0.0
minitest-reporters,1.8.0,2026-04-03,ok,25600.0,16.0,0.0,192.0,193.0,0.0,105.0,69.0,18.0,0.0,,1341.0,1912.0,0.0,192.0,0.0,192.0,192.0,0.0
aws-sdk-qldb,1.67.0,2025-10-30,ok,44544.0,11.0,0.0,57.0,57.0,0.0,55.0,2.0,0.0,0.0,,1300.0,4550.0,0.0,57.0,0.0,57.0,57.0,0.0
babel-source,5.8.35,2016-01-21,ok,477184.0,1.0,0.0,0.0,0.0,0.0,0.0,0.0,0.0,0.0,,7.0,8.0,0.0,0.0,0.0,0.0,0.0,0.0
aws-sdk-qldbsession,1.62.0,2025-10-30,ok,26112.0,11.0,0.0,30.0,30.0,0.0,28.0,2.0,0.0,0.0,,633.0,1862.0,0.0,30.0,0.0,30.0,30.0,0.0
money-rails,3.0.0,2026-01-14,ok,25600.0,22.0,0.0,80.0,80.0,0.0,63.0,17.0,0.0,0.0,,777.0,1197.0,0.0,80.0,0.0,80.0,80.0,0.0
resque,3.0.2,2026-08-30,ok,103424.0,26.0,0.0,457.0,458.0,0.0,441.0,16.0,0.0,6.0,,2715.0,4046.0,0.0,457.0,0.0,457.0,457.0,0.0
validate_email,0.1.6,2012-07-12,ok,4608.0,3.0,0.0,3.0,3.0,0.0,3.0,0.0,0.0,0.0,,31.0,41.0,0.0,3.0,0.0,3.0,3.0,0.0
sys-uname,1.5.1,2026-03-17,ok,29696.0,5.0,0.0,22.0,29.0,0.0,21.0,1.0,0.0,0.0,,650.0,864.0,0.0,22.0,0.0,22.0,22.0,0.0
fluent-plugin-ignore-filter,2.0.0,2017-11-04,ok,8192.0,1.0,0.0,5.0,5.0,0.0,4.0,1.0,0.0,0.0,,58.0,70.0,0.0,5.0,0.0,5.0,5.0,0.0
wmi-lite,1.0.7,2022-03-31,ok,10240.0,5.0,0.0,17.0,17.0,0.0,8.0,9.0,0.0,0.0,,134.0,248.0,0.0,17.0,0.0,17.0,17.0,0.0
arbre,2.2.1,2025-10-11,ok,20480.0,18.0,0.0,129.0,129.0,0.0,107.0,18.0,4.0,0.0,,815.0,1094.0,0.0,129.0,0.0,129.0,129.0,0.0
factory_girl_rails,4.9.0,2017-10-24,ok,45568.0,43.0,0.0,29.0,29.0,0.0,16.0,13.0,0.0,0.0,,403.0,778.0,0.0,29.0,0.0,29.0,29.0,0.0
fastlane-plugin-firebase_app_distribution,1.0.0,2026-03-04,ok,23040.0,13.0,0.0,112.0,112.0,0.0,102.0,10.0,0.0,0.0,,1531.0,1800.0,0.0,112.0,0.0,112.0,112.0,0.0
babel-transpiler,0.7.0,2015-04-03,ok,5632.0,3.0,0.0,6.0,6.0,0.0,6.0,0.0,0.0,0.0,,31.0,40.0,0.0,6.0,0.0,6.0,6.0,0.0
mono_logger,1.1.2,2023-04-06,ok,10752.0,2.0,0.0,7.0,7.0,0.0,4.0,3.0,0.0,0.0,,53.0,96.0,0.0,7.0,0.0,7.0,7.0,0.0
rb-readline,0.5.5,2017-07-29,ok,96768.0,6.0,0.0,624.0,648.0,0.0,619.0,5.0,0.0,318.0,,7796.0,11097.0,0.0,624.0,0.0,624.0,624.0,0.0
capistrano-bundler,2.2.0,2025-11-25,ok,9728.0,4.0,0.0,0.0,0.0,0.0,0.0,0.0,0.0,0.0,,4.0,8.0,0.0,0.0,0.0,0.0,0.0,0.0
aws-sdk-savingsplans,1.80.0,2026-07-09,ok,32256.0,11.0,0.0,33.0,33.0,0.0,31.0,2.0,0.0,0.0,,1045.0,2966.0,0.0,33.0,0.0,33.0,33.0,0.0
derailed_benchmarks,2.2.1,2024-10-15,ok,121344.0,14.0,0.0,94.0,96.0,0.0,87.0,7.0,0.0,4.0,,884.0,1254.0,0.0,94.0,0.0,94.0,94.0,0.0
sorbet,0.6.13486,2026-09-06,ok,37888.0,17.0,0.0,162.0,162.0,0.0,132.0,30.0,0.0,0.0,,3029.0,3615.0,0.0,162.0,0.0,162.0,162.0,0.0
atlassian-jwt,0.2.1,2021-08-13,ok,8704.0,2.0,0.0,7.0,7.0,0.0,7.0,0.0,0.0,0.0,,70.0,83.0,0.0,7.0,0.0,7.0,7.0,0.0
aws-sdk-dataexchange,1.87.0,2026-07-09,ok,65024.0,12.0,0.0,73.0,73.0,0.0,71.0,2.0,0.0,0.0,,3125.0,9444.0,0.0,73.0,0.0,73.0,73.0,0.0
aws-sdk-detective,1.85.0,2026-07-09,ok,48128.0,11.0,0.0,65.0,65.0,0.0,63.0,2.0,0.0,0.0,,1820.0,5274.0,0.0,65.0,0.0,65.0,65.0,0.0
aws-sdk-outposts,1.109.0,2026-08-18,ok,77824.0,11.0,0.0,74.0,74.0,0.0,72.0,2.0,0.0,0.0,,3114.0,9456.0,0.0,74.0,0.0,74.0,74.0,0.0
html-pipeline,3.2.4,2026-01-06,ok,36352.0,20.0,0.0,111.0,111.0,0.0,100.0,11.0,0.0,0.0,,880.0,1423.0,0.0,111.0,0.0,111.0,111.0,0.0
aws-sdk-computeoptimizer,1.100.0,2026-07-09,ok,106496.0,11.0,0.0,61.0,61.0,0.0,59.0,2.0,0.0,0.0,,3545.0,13941.0,0.0,61.0,0.0,61.0,61.0,0.0
rspec-collection_matchers,1.2.1,2023-09-28,ok,17920.0,6.0,0.0,40.0,43.0,0.0,35.0,5.0,0.0,0.0,,223.0,344.0,0.0,40.0,0.0,40.0,40.0,0.0
fuzzyurl,0.9.0,2016-06-28,ok,8704.0,6.0,0.0,23.0,23.0,0.0,23.0,0.0,0.0,0.0,,237.0,502.0,0.0,23.0,0.0,23.0,23.0,0.0
aws-sdk-augmentedairuntime,1.71.0,2026-07-09,ok,26112.0,11.0,0.0,32.0,32.0,0.0,30.0,2.0,0.0,0.0,,623.0,1783.0,0.0,32.0,0.0,32.0,32.0,0.0
aws-sdk-codegurureviewer,1.82.0,2026-07-09,ok,47616.0,12.0,0.0,52.0,52.0,0.0,48.0,4.0,0.0,0.0,,1491.0,5096.0,0.0,52.0,0.0,52.0,52.0,0.0
opentelemetry-registry,0.6.3,2026-07-15,ok,11264.0,4.0,0.0,8.0,8.0,0.0,6.0,2.0,0.0,0.0,,78.0,147.0,0.0,8.0,0.0,8.0,8.0,0.0
aws-sdk-imagebuilder,1.109.0,2026-07-09,ok,131072.0,11.0,0.0,132.0,132.0,0.0,130.0,2.0,0.0,0.0,,6145.0,19971.0,0.0,132.0,0.0,132.0,132.0,0.0
aws-sdk-iotsecuretunneling,1.70.0,2026-07-09,ok,27136.0,11.0,0.0,27.0,27.0,0.0,25.0,2.0,0.0,0.0,,695.0,1970.0,0.0,27.0,0.0,27.0,27.0,0.0
aws-sdk-migrationhubconfig,1.68.0,2026-07-09,ok,24576.0,11.0,0.0,32.0,32.0,0.0,30.0,2.0,0.0,0.0,,565.0,1611.0,0.0,32.0,0.0,32.0,32.0,0.0
aws-sdk-codeguruprofiler,1.71.0,2026-07-09,ok,49664.0,11.0,0.0,53.0,53.0,0.0,51.0,2.0,0.0,0.0,,1572.0,5134.0,0.0,53.0,0.0,53.0,53.0,0.0
aws-sdk-schemas,1.70.0,2026-07-09,ok,39424.0,12.0,0.0,82.0,82.0,0.0,78.0,4.0,0.0,0.0,,2236.0,5685.0,0.0,82.0,0.0,82.0,82.0,0.0
omniauth-github,2.0.1,2022-09-23,ok,9216.0,3.0,0.0,9.0,9.0,0.0,9.0,0.0,0.0,0.0,,76.0,94.0,0.0,9.0,0.0,9.0,9.0,0.0
aws-sdk-connectparticipant,1.82.0,2026-07-09,ok,38400.0,11.0,0.0,42.0,42.0,0.0,40.0,2.0,0.0,0.0,,1102.0,3540.0,0.0,42.0,0.0,42.0,42.0,0.0
heapy,0.2.0,2020-08-26,ok,12800.0,5.0,0.0,16.0,16.0,0.0,12.0,4.0,0.0,0.0,,269.0,381.0,0.0,16.0,0.0,16.0,16.0,0.0
caxlsx,4.5.0,2026-06-09,ok,333312.0,149.0,0.0,1843.0,1971.0,0.0,1749.0,94.0,0.0,0.0,,8529.0,17128.0,0.0,1843.0,0.0,1843.0,1843.0,0.0
aws-sdk-ebs,1.76.0,2026-07-09,ok,32256.0,11.0,0.0,42.0,42.0,0.0,40.0,2.0,0.0,0.0,,824.0,2759.0,0.0,42.0,0.0,42.0,42.0,0.0
shoulda-context,2.0.0,2020-06-13,ok,34304.0,14.0,0.0,75.0,75.0,0.0,74.0,1.0,0.0,0.0,,483.0,803.0,0.0,75.0,0.0,75.0,75.0,0.0
async,2.45.1,2026-08-28,ok,68608.0,35.0,0.0,311.0,314.0,0.0,285.0,21.0,5.0,0.0,,2067.0,3983.0,0.0,311.0,0.0,311.0,311.0,0.0
aws-sdk-kinesisvideosignalingchannels,1.67.0,2026-07-09,ok,23552.0,11.0,0.0,29.0,29.0,0.0,27.0,2.0,0.0,0.0,,486.0,1420.0,0.0,29.0,0.0,29.0,29.0,0.0
console,1.37.0,2026-07-10,ok,38400.0,36.0,0.0,195.0,197.0,0.0,169.0,16.0,10.0,0.0,,1578.0,2959.0,0.0,195.0,0.0,195.0,195.0,0.0
gitlab-labkit,5.0.1,2026-09-03,ok,111616.0,108.0,0.0,528.0,528.0,0.0,390.0,136.0,2.0,8.0,,4542.0,7220.0,0.0,528.0,0.0,528.0,528.0,0.0
fluent-plugin-kinesis-aggregation,0.4.1,2022-02-16,ok,17408.0,1.0,0.0,6.0,6.0,0.0,4.0,2.0,0.0,0.0,,138.0,207.0,0.0,6.0,0.0,6.0,6.0,0.0
activerecord-session_store,2.3.0,2026-07-13,ok,13312.0,9.0,0.0,62.0,64.0,0.0,47.0,13.0,2.0,0.0,,449.0,666.0,1.0,62.0,0.0,62.0,62.0,0.0
aws-sdk-codestarconnections,1.77.0,2026-07-09,ok,43008.0,11.0,0.0,76.0,76.0,0.0,74.0,2.0,0.0,0.0,,1838.0,5200.0,0.0,76.0,0.0,76.0,76.0,0.0
timeliness,0.5.3,2025-05-13,ok,29184.0,11.0,0.0,80.0,80.0,0.0,67.0,13.0,0.0,0.0,,663.0,898.0,0.0,80.0,0.0,80.0,80.0,0.0
fluent-plugin-prometheus,2.3.0,2026-09-02,ok,47616.0,11.0,0.0,121.0,121.0,0.0,102.0,18.0,1.0,0.0,,1403.0,1838.0,0.0,121.0,0.0,121.0,121.0,0.0
debase,0.2.9,2025-02-03,ok,26624.0,10.0,8.0,128.0,88.0,41.0,126.0,2.0,0.0,0.0,c,433.0,568.0,1.0,128.0,0.0,128.0,128.0,0.0
fpm,1.18.0,2026-08-26,ok,159232.0,32.0,0.0,302.0,304.0,0.0,161.0,141.0,0.0,0.0,,5794.0,8267.0,0.0,302.0,0.0,302.0,302.0,0.0
rswag-ui,2.17.0,2025-11-05,ok,2917888.0,8.0,0.0,29.0,29.0,0.0,22.0,7.0,0.0,0.0,,167.0,232.0,0.0,29.0,0.0,29.0,29.0,0.0
pg_search,2.3.8,2026-08-10,ok,58368.0,23.0,0.0,154.0,156.0,0.0,77.0,77.0,0.0,0.0,,1028.0,1351.0,0.0,154.0,0.0,154.0,154.0,0.0
base32,0.3.4,2020-08-25,ok,9216.0,3.0,0.0,10.0,10.0,0.0,10.0,0.0,0.0,0.0,,69.0,105.0,0.0,10.0,0.0,10.0,10.0,0.0
set,1.1.3,2026-04-15,ok,15872.0,2.0,0.0,71.0,85.0,0.0,71.0,0.0,0.0,0.0,,369.0,866.0,0.0,71.0,0.0,71.0,71.0,0.0
kubeclient,4.13.0,2025-10-15,ok,36864.0,16.0,0.0,111.0,111.0,0.0,80.0,31.0,0.0,0.0,,1099.0,1445.0,0.0,111.0,0.0,111.0,111.0,0.0
rubocop-rspec_rails,2.32.0,2025-11-12,ok,16384.0,15.0,0.0,117.0,117.0,0.0,77.0,40.0,0.0,0.0,,857.0,1415.0,0.0,117.0,0.0,117.0,117.0,0.0
gitlab-markup,2.1.0,2026-05-27,ok,36352.0,7.0,0.0,32.0,32.0,0.0,26.0,6.0,0.0,0.0,,202.0,256.0,0.0,32.0,0.0,32.0,32.0,0.0
seed-fu,2.3.9,2018-04-07,ok,13824.0,10.0,0.0,32.0,32.0,0.0,15.0,17.0,0.0,0.0,,284.0,473.0,0.0,32.0,0.0,32.0,32.0,0.0
RedCloth,4.3.4,2024-03-13,ok,234496.0,10.0,4.0,152.0,149.0,3.0,135.0,17.0,0.0,0.0,c,783.0,1088.0,0.0,152.0,0.0,152.0,152.0,0.0
haml_lint,0.78.0,2026-08-20,ok,83456.0,104.0,0.0,641.0,644.0,0.0,435.0,206.0,0.0,18.0,,4699.0,8353.0,0.0,641.0,0.0,641.0,641.0,0.0
airbrussh,1.6.2,2026-07-12,ok,15360.0,14.0,0.0,103.0,104.0,0.0,65.0,38.0,0.0,0.0,,524.0,765.0,0.0,103.0,0.0,103.0,103.0,0.0
activeadmin,3.5.2,2026-07-13,ok,263168.0,168.0,0.0,1053.0,1054.0,0.0,744.0,168.0,141.0,0.0,,6760.0,10811.0,0.0,1053.0,0.0,1053.0,1053.0,0.0
facter,4.10.0,2024-10-22,ok,172032.0,943.0,0.0,2100.0,2101.0,0.0,1328.0,772.0,0.0,16.0,,23483.0,31819.0,0.0,2100.0,0.0,2100.0,2100.0,0.0
better_html,2.2.0,2025-09-18,ok,27648.0,35.0,7.0,248.0,226.0,22.0,174.0,71.0,3.0,0.0,c,1834.0,2340.0,0.0,248.0,0.0,248.0,248.0,0.0
standard,1.56.0,2026-07-15,ok,49664.0,42.0,0.0,134.0,134.0,0.0,78.0,56.0,0.0,0.0,,1525.0,1873.0,0.0,134.0,0.0,134.0,134.0,0.0
table_print,1.5.7,2020-06-20,ok,26624.0,13.0,0.0,111.0,113.0,0.0,105.0,6.0,0.0,0.0,,709.0,937.0,0.0,111.0,0.0,111.0,111.0,0.0
e2mmap,0.1.0,2018-12-04,ok,7680.0,2.0,0.0,16.0,17.0,0.0,16.0,0.0,0.0,0.0,,74.0,182.0,0.0,16.0,0.0,16.0,16.0,0.0
uri_template,0.7.0,2014-03-21,ok,23040.0,11.0,0.0,185.0,190.0,0.0,163.0,9.0,13.0,0.0,,1391.0,2442.0,0.0,185.0,0.0,185.0,185.0,0.0
rswag-api,2.17.0,2025-11-05,ok,7168.0,6.0,0.0,19.0,19.0,0.0,15.0,4.0,0.0,0.0,,129.0,173.0,0.0,19.0,0.0,19.0,19.0,0.0
smart_properties,1.17.0,2021-12-16,ok,23040.0,8.0,0.0,81.0,81.0,0.0,69.0,4.0,8.0,0.0,,419.0,635.0,0.0,81.0,0.0,81.0,81.0,0.0
simplecov-lcov,0.9.0,2025-08-24,ok,10752.0,3.0,0.0,26.0,26.0,0.0,11.0,15.0,0.0,0.0,,139.0,177.0,0.0,26.0,0.0,26.0,26.0,0.0
letter_opener_web,3.0.0,2024-05-14,ok,92160.0,8.0,0.0,38.0,38.0,0.0,27.0,11.0,0.0,0.0,,214.0,297.0,0.0,38.0,0.0,38.0,38.0,0.0
airbrake,13.0.5,2024-12-13,ok,25088.0,50.0,0.0,148.0,150.0,0.0,103.0,45.0,0.0,0.0,,1619.0,2475.0,0.0,148.0,0.0,148.0,148.0,0.0
pry-stack_explorer,0.6.3,2026-04-11,ok,12288.0,5.0,0.0,51.0,54.0,0.0,29.0,22.0,0.0,0.0,,471.0,692.0,0.0,51.0,0.0,51.0,51.0,0.0
formtastic_i18n,0.7.0,2021-05-23,ok,7168.0,3.0,0.0,0.0,0.0,0.0,0.0,0.0,0.0,0.0,,11.0,15.0,0.0,0.0,0.0,0.0,0.0,0.0
aws-sdk-synthetics,1.87.0,2026-07-09,ok,60928.0,11.0,0.0,59.0,59.0,0.0,57.0,2.0,0.0,0.0,,1870.0,6978.0,0.0,59.0,0.0,59.0,59.0,0.0
jaeger-client,1.3.0,2022-02-01,ok,37888.0,47.0,0.0,236.0,236.0,0.0,209.0,27.0,0.0,0.0,,1943.0,2863.0,0.0,236.0,0.0,236.0,236.0,0.0
ruby-statistics,4.1.1,2026-04-25,ok,26624.0,28.0,0.0,165.0,165.0,0.0,163.0,2.0,0.0,0.0,,1152.0,1652.0,0.0,165.0,0.0,165.0,165.0,0.0
fog-brightbox,1.12.0,2024-12-10,ok,80384.0,216.0,0.0,484.0,484.0,0.0,449.0,34.0,1.0,0.0,,4888.0,7869.0,0.0,484.0,0.0,484.0,484.0,0.0
flipper-active_support_cache_store,1.4.2,2026-05-11,ok,7168.0,3.0,0.0,11.0,11.0,0.0,6.0,5.0,0.0,0.0,,84.0,105.0,0.0,11.0,0.0,11.0,11.0,0.0
apollo_upload_server,2.1.8,2026-01-29,ok,10752.0,7.0,0.0,13.0,13.0,0.0,7.0,6.0,0.0,0.0,,137.0,186.0,0.0,13.0,0.0,13.0,13.0,0.0
aws-sdk-iotsitewise,1.108.0,2026-09-01,ok,227328.0,13.0,0.0,236.0,236.0,0.0,232.0,4.0,0.0,0.0,,11067.0,35045.0,0.0,236.0,0.0,236.0,236.0,0.0
specinfra,2.95.1,2026-07-05,ok,96768.0,392.0,0.0,849.0,850.0,0.0,797.0,51.0,1.0,0.0,,6636.0,8197.0,0.0,849.0,0.0,849.0,849.0,0.0
aws-sdk-macie2,1.105.0,2026-07-09,ok,112128.0,12.0,0.0,118.0,118.0,0.0,114.0,4.0,0.0,0.0,,5485.0,15331.0,0.0,118.0,0.0,118.0,118.0,0.0
semantic,1.6.1,2018-02-14,ok,10752.0,3.0,0.0,34.0,36.0,0.0,29.0,5.0,0.0,0.0,,161.0,196.0,0.0,34.0,0.0,34.0,34.0,0.0
cucumber-messages,34.2.1,2026-08-05,ok,23552.0,75.0,0.0,378.0,378.0,0.0,374.0,4.0,0.0,0.0,,2099.0,3973.0,0.0,378.0,0.0,378.0,378.0,0.0
sidekiq-unique-jobs,8.1.0,2026-03-28,ok,103424.0,93.0,0.0,607.0,607.0,0.0,511.0,96.0,0.0,80.0,,3931.0,8659.0,0.0,607.0,0.0,607.0,607.0,0.0
mongoid,9.1.0,2026-05-12,ok,840192.0,377.0,0.0,2487.0,2530.0,0.0,1821.0,631.0,35.0,35.0,,18058.0,41528.0,0.0,2487.0,0.0,2487.0,2487.0,0.0
choice,0.2.0,2014-12-31,ok,25088.0,6.0,0.0,48.0,48.0,0.0,37.0,11.0,0.0,0.0,,414.0,760.0,0.0,48.0,0.0,48.0,48.0,0.0
rswag-specs,2.17.0,2025-11-05,ok,16384.0,4.0,0.0,14.0,14.0,0.0,9.0,5.0,0.0,0.0,,154.0,195.0,1.0,14.0,0.0,14.0,14.0,0.0
aws-sdk-codeartifact,1.78.0,2026-07-09,ok,67584.0,11.0,0.0,85.0,85.0,0.0,83.0,2.0,0.0,0.0,,3089.0,10809.0,0.0,85.0,0.0,85.0,85.0,0.0
opentelemetry-exporter-otlp,0.35.1,2026-09-01,ok,24064.0,14.0,0.0,23.0,23.0,0.0,5.0,18.0,0.0,0.0,,600.0,819.0,0.0,23.0,0.0,23.0,23.0,0.0
fiber-local,1.1.0,2024-05-02,ok,10752.0,2.0,0.0,4.0,4.0,0.0,4.0,0.0,0.0,0.0,,36.0,68.0,0.0,4.0,0.0,4.0,4.0,0.0
lockbox,2.2.0,2026-04-04,ok,30208.0,17.0,0.0,131.0,135.0,0.0,108.0,21.0,2.0,0.0,,1415.0,1955.0,0.0,131.0,0.0,131.0,131.0,0.0
rspec-parameterized-core,2.0.2,2026-04-01,ok,10752.0,10.0,0.0,27.0,27.0,0.0,23.0,4.0,0.0,0.0,,265.0,370.0,0.0,27.0,0.0,27.0,27.0,0.0
cocaine,0.6.0,2018-02-02,ok,12800.0,2.0,0.0,0.0,0.0,0.0,0.0,0.0,0.0,0.0,,12.0,18.0,0.0,0.0,0.0,0.0,0.0,0.0
sysexits,1.2.0,2014-08-08,ok,16896.0,1.0,0.0,3.0,3.0,0.0,3.0,0.0,0.0,3.0,,76.0,256.0,0.0,3.0,0.0,3.0,3.0,0.0
omniauth-oauth,1.2.1,2024-08-27,ok,9728.0,3.0,0.0,4.0,4.0,0.0,4.0,0.0,0.0,0.0,,72.0,89.0,0.0,4.0,0.0,4.0,4.0,0.0
select2-rails,4.0.13,2020-07-10,ok,96768.0,4.0,0.0,5.0,5.0,0.0,1.0,4.0,0.0,0.0,,55.0,68.0,0.0,5.0,0.0,5.0,5.0,0.0
aws-sdk-elasticinference,1.53.0,2025-02-21,ok,26112.0,11.0,0.0,27.0,27.0,0.0,25.0,2.0,0.0,0.0,,634.0,1801.0,0.0,27.0,0.0,27.0,27.0,0.0
cucumber-gherkin,42.0.1,2026-08-05,ok,33792.0,14.0,0.0,221.0,221.0,0.0,192.0,29.0,0.0,0.0,,4953.0,5352.0,0.0,221.0,0.0,221.0,221.0,0.0
cliver,0.3.2,2013-12-13,ok,16384.0,7.0,0.0,33.0,33.0,0.0,24.0,9.0,0.0,0.0,,248.0,505.0,0.0,33.0,0.0,33.0,33.0,0.0
hamlit,4.0.0,2025-10-28,ok,66560.0,62.0,3.0,386.0,383.0,6.0,238.0,148.0,0.0,0.0,c,3363.0,4986.0,0.0,386.0,0.0,386.0,386.0,0.0
rspec-parameterized-table_syntax,2.1.1,2026-02-15,ok,8192.0,5.0,0.0,13.0,14.0,0.0,13.0,0.0,0.0,0.0,,123.0,153.0,0.0,13.0,0.0,13.0,13.0,0.0
compass,1.0.3,2015-01-15,ok,378368.0,81.0,0.0,694.0,706.0,0.0,647.0,25.0,22.0,0.0,,4736.0,5895.0,0.0,694.0,0.0,694.0,694.0,0.0
rails-erd,2.2.0,2026-08-27,ok,61952.0,17.0,0.0,231.0,231.0,0.0,149.0,75.0,7.0,0.0,,1751.0,2656.0,0.0,231.0,0.0,231.0,231.0,0.0
snowplow-tracker,0.8.0,2021-10-29,ok,27648.0,9.0,0.0,65.0,65.0,0.0,65.0,0.0,0.0,0.0,,515.0,1882.0,0.0,65.0,0.0,65.0,65.0,0.0
opentelemetry-instrumentation-base,0.26.1,2026-05-21,ok,15872.0,4.0,0.0,31.0,31.0,0.0,21.0,10.0,0.0,0.0,,210.0,425.0,0.0,31.0,0.0,31.0,31.0,0.0
redlock,2.1.0,2026-01-27,ok,19968.0,5.0,0.0,33.0,36.0,0.0,24.0,9.0,0.0,0.0,,342.0,493.0,0.0,33.0,0.0,33.0,33.0,0.0
grpc-tools,1.83.1,2026-08-31,ok,19286016.0,2.0,0.0,2.0,2.0,0.0,2.0,0.0,0.0,0.0,,28.0,65.0,0.0,2.0,0.0,2.0,2.0,0.0
shoulda,4.0.0,2020-06-13,ok,20992.0,2.0,0.0,0.0,0.0,0.0,0.0,0.0,0.0,0.0,,6.0,8.0,0.0,0.0,0.0,0.0,0.0,0.0
grape_logging,3.0.0,2025-08-07,ok,19456.0,18.0,0.0,64.0,66.0,0.0,39.0,24.0,1.0,0.0,,511.0,647.0,0.0,64.0,0.0,64.0,64.0,0.0
fiber-storage,1.0.1,2025-04-15,ok,11264.0,2.0,0.0,9.0,9.0,0.0,9.0,0.0,0.0,0.0,,62.0,103.0,0.0,9.0,0.0,9.0,9.0,0.0
omniauth-auth0,3.2.0,2026-05-28,ok,40960.0,7.0,0.0,56.0,56.0,0.0,26.0,30.0,0.0,0.0,,426.0,599.0,0.0,56.0,0.0,56.0,56.0,0.0
nokogumbo,2.0.5,2021-03-19,ok,221696.0,7.0,36.0,32.0,30.0,2.0,26.0,6.0,0.0,0.0,c,452.0,620.0,0.0,32.0,0.0,32.0,32.0,0.0
rubyXL,3.4.38,2026-06-15,ok,2627072.0,43.0,0.0,458.0,458.0,0.0,451.0,7.0,0.0,0.0,,6414.0,8172.0,0.0,458.0,0.0,458.0,458.0,0.0
google-cloud-pubsub,3.4.0,2026-07-30,ok,68608.0,27.0,0.0,421.0,434.0,0.0,353.0,18.0,50.0,0.0,,2668.0,5971.0,1.0,421.0,0.0,421.0,421.0,0.0
aws-sdk-ivs,1.91.0,2026-07-09,ok,63488.0,11.0,0.0,166.0,166.0,0.0,164.0,2.0,0.0,0.0,,2978.0,8749.0,0.0,166.0,0.0,166.0,166.0,0.0
valid_email,0.2.1,2024-03-16,ok,17408.0,10.0,0.0,18.0,18.0,0.0,18.0,0.0,0.0,0.0,,209.0,281.0,0.0,18.0,0.0,18.0,18.0,0.0
opentelemetry-instrumentation-rack,0.31.1,2026-05-21,ok,18944.0,13.0,0.0,135.0,135.0,0.0,38.0,97.0,0.0,1.0,,1156.0,1749.0,0.0,135.0,0.0,135.0,135.0,0.0
batch-loader,2.0.6,2025-12-09,ok,18944.0,7.0,0.0,47.0,47.0,0.0,36.0,11.0,0.0,0.0,,257.0,338.0,0.0,47.0,0.0,47.0,47.0,0.0
deprecation_toolkit,2.4.0,2026-05-07,ok,12800.0,16.0,0.0,64.0,64.0,0.0,51.0,13.0,0.0,0.0,,506.0,694.0,0.0,64.0,0.0,64.0,64.0,0.0
ecma-re-validator,0.4.0,2022-01-12,ok,8704.0,2.0,0.0,1.0,1.0,0.0,1.0,0.0,0.0,0.0,,36.0,56.0,0.0,1.0,0.0,1.0,1.0,0.0
sidekiq-scheduler,6.0.2,2026-04-17,ok,29184.0,15.0,0.0,134.0,134.0,0.0,114.0,20.0,0.0,0.0,,787.0,1369.0,0.0,134.0,0.0,134.0,134.0,0.0
slim-rails,4.0.0,2025-12-11,ok,10240.0,7.0,0.0,13.0,13.0,0.0,4.0,2.0,7.0,0.0,,168.0,212.0,0.0,13.0,0.0,13.0,13.0,0.0
serverspec,2.43.0,2025-04-24,ok,40960.0,80.0,0.0,235.0,236.0,0.0,222.0,12.0,1.0,0.0,,1801.0,2217.0,0.0,235.0,0.0,235.0,235.0,0.0
ruby-openai,8.3.0,2025-08-29,ok,42496.0,25.0,0.0,182.0,182.0,0.0,163.0,19.0,0.0,0.0,,827.0,1052.0,0.0,182.0,0.0,182.0,182.0,0.0
grape-swagger,2.2.0,2026-08-07,ok,56832.0,28.0,0.0,225.0,225.0,0.0,116.0,109.0,0.0,0.0,,1877.0,2447.0,0.0,225.0,0.0,225.0,225.0,0.0
down,5.6.0,2026-04-25,ok,25600.0,10.0,0.0,106.0,107.0,0.0,74.0,32.0,0.0,5.0,,1023.0,1521.0,0.0,106.0,0.0,106.0,106.0,0.0
faye-websocket,0.12.0,2025-05-25,ok,19456.0,13.0,0.0,138.0,140.0,0.0,119.0,19.0,0.0,0.0,,751.0,1070.0,0.0,138.0,0.0,138.0,138.0,0.0
dpl,2.0.5.2,2024-12-04,ok,121856.0,77.0,0.0,991.0,994.0,0.0,675.0,316.0,0.0,1.0,,6176.0,8888.0,0.0,991.0,0.0,991.0,991.0,0.0
holidays,11.5.0,2026-08-29,ok,93696.0,149.0,0.0,523.0,526.0,0.0,448.0,75.0,0.0,0.0,,6868.0,8519.0,0.0,523.0,0.0,523.0,523.0,0.0
logstash-event,1.2.02,2013-09-11,ok,8704.0,5.0,0.0,37.0,39.0,0.0,37.0,0.0,0.0,0.0,,313.0,447.0,0.0,37.0,0.0,37.0,37.0,0.0
train-core,3.16.5,2026-06-11,ok,51200.0,41.0,0.0,377.0,378.0,0.0,324.0,53.0,0.0,0.0,,3419.0,5014.0,0.0,377.0,0.0,377.0,377.0,0.0
aws-sdk-appflow,1.93.0,2026-07-09,ok,97280.0,11.0,0.0,60.0,60.0,0.0,58.0,2.0,0.0,0.0,,3549.0,11906.0,0.0,60.0,0.0,60.0,60.0,0.0
executable-hooks,1.7.1,2024-01-07,ok,12800.0,10.0,0.0,36.0,36.0,0.0,30.0,6.0,0.0,0.0,,388.0,494.0,0.0,36.0,0.0,36.0,36.0,0.0
gettext_i18n_rails,2.2.0,2026-05-25,ok,12800.0,18.0,0.0,60.0,60.0,0.0,52.0,3.0,5.0,0.0,,543.0,742.0,0.0,60.0,0.0,60.0,60.0,0.0
zendesk_api,3.1.2,2026-07-23,ok,37376.0,40.0,0.0,421.0,421.0,0.0,354.0,66.0,1.0,0.0,,3033.0,4285.0,0.0,421.0,0.0,421.0,421.0,0.0
fog-profitbricks,4.1.1,2017-12-01,ok,81408.0,138.0,0.0,362.0,362.0,0.0,356.0,6.0,0.0,0.0,,6381.0,10938.0,0.0,362.0,0.0,362.0,362.0,0.0
mini_histogram,0.3.1,2020-09-24,ok,18944.0,3.0,0.0,85.0,86.0,0.0,69.0,16.0,0.0,1.0,,777.0,1024.0,0.0,85.0,0.0,85.0,85.0,0.0
aws-sdk-redshiftdataapiservice,1.78.0,2026-07-23,ok,43008.0,11.0,0.0,50.0,50.0,0.0,48.0,2.0,0.0,0.0,,1407.0,5099.0,0.0,50.0,0.0,50.0,50.0,0.0
aws-sdk-locationservice,1.90.0,2026-07-09,ok,118784.0,12.0,0.0,103.0,103.0,0.0,99.0,4.0,0.0,0.0,,4518.0,17292.0,0.0,103.0,0.0,103.0,103.0,0.0
pusher,2.1.1,2026-05-18,ok,19456.0,8.0,0.0,101.0,101.0,0.0,87.0,14.0,0.0,0.0,,579.0,1084.0,0.0,101.0,0.0,101.0,101.0,0.0
aws-sdk-networkfirewall,1.97.0,2026-08-26,ok,151552.0,11.0,0.0,124.0,124.0,0.0,122.0,2.0,0.0,0.0,,5693.0,22013.0,0.0,124.0,0.0,124.0,124.0,0.0
fog-sakuracloud,1.7.5,2015-12-26,ok,21504.0,71.0,0.0,180.0,181.0,0.0,177.0,3.0,0.0,0.0,,2441.0,2817.0,0.0,180.0,0.0,180.0,180.0,0.0
fog-softlayer,1.1.4,2016-08-28,ok,335872.0,153.0,0.0,562.0,571.0,0.0,497.0,65.0,0.0,0.0,,19826.0,22559.0,0.0,562.0,0.0,562.0,562.0,0.0
chronic_duration,0.10.6,2014-09-08,ok,11264.0,2.0,0.0,19.0,19.0,0.0,8.0,11.0,0.0,0.0,,241.0,294.0,0.0,19.0,0.0,19.0,19.0,0.0
inflection,1.0.0,2011-11-12,ok,8704.0,1.0,0.0,15.0,15.0,0.0,15.0,0.0,0.0,0.0,,194.0,359.0,0.0,15.0,0.0,15.0,15.0,0.0
aws-sdk-identitystore,1.72.0,2026-07-09,ok,42496.0,11.0,0.0,67.0,67.0,0.0,65.0,2.0,0.0,0.0,,1654.0,5132.0,0.0,67.0,0.0,67.0,67.0,0.0
analytics-ruby,2.5.0,2024-10-07,ok,12800.0,15.0,0.0,89.0,89.0,0.0,70.0,19.0,0.0,0.0,,688.0,1072.0,0.0,89.0,0.0,89.0,89.0,0.0
gitaly,19.3.1,2026-08-26,ok,55296.0,52.0,0.0,0.0,0.0,0.0,0.0,0.0,0.0,0.0,,1821.0,3000.0,0.0,0.0,0.0,0.0,0.0,0.0
fog-radosgw,0.0.5,2016-01-10,ok,13824.0,16.0,0.0,47.0,48.0,0.0,44.0,3.0,0.0,0.0,,685.0,793.0,0.0,47.0,0.0,47.0,47.0,0.0
google-gax,1.8.2,2021-09-13,ok,45056.0,12.0,0.0,134.0,134.0,0.0,134.0,0.0,0.0,0.0,,1363.0,2951.0,0.0,134.0,0.0,134.0,134.0,0.0
rubocop-graphql,1.8.0,2026-08-20,ok,32768.0,55.0,0.0,218.0,220.0,0.0,110.0,108.0,0.0,0.0,,2156.0,3965.0,0.0,218.0,0.0,218.0,218.0,0.0
google-logging-utils,0.2.0,2025-04-30,ok,14336.0,6.0,0.0,39.0,42.0,0.0,31.0,8.0,0.0,0.0,,276.0,558.0,0.0,39.0,0.0,39.0,39.0,0.0
aws-sdk-braket,1.74.0,2026-07-09,ok,45056.0,11.0,0.0,52.0,52.0,0.0,50.0,2.0,0.0,0.0,,1624.0,4681.0,0.0,52.0,0.0,52.0,52.0,0.0
doorkeeper-openid_connect,1.10.5,2026-07-09,ok,36864.0,44.0,0.0,196.0,198.0,0.0,123.0,73.0,0.0,0.0,,1521.0,2351.0,0.0,196.0,0.0,196.0,196.0,0.0
scenic,1.9.0,2025-06-30,ok,44544.0,27.0,0.0,175.0,175.0,0.0,97.0,78.0,0.0,0.0,,1110.0,1851.0,0.0,175.0,0.0,175.0,175.0,0.0
aws-sdk-ssoadmin,1.77.0,2026-08-04,ok,79360.0,12.0,0.0,112.0,112.0,0.0,110.0,2.0,0.0,0.0,,4077.0,12119.0,0.0,112.0,0.0,112.0,112.0,0.0
fission,0.5.0,2013-10-05,ok,45568.0,39.0,0.0,186.0,186.0,0.0,156.0,30.0,0.0,0.0,,1488.0,3280.0,0.0,186.0,0.0,186.0,186.0,0.0
iniparse,1.5.0,2020-02-27,ok,16384.0,6.0,0.0,89.0,89.0,0.0,83.0,6.0,0.0,3.0,,511.0,1033.0,0.0,89.0,0.0,89.0,89.0,0.0
rly,0.2.3,2013-01-03,ok,24064.0,15.0,0.0,174.0,178.0,0.0,154.0,20.0,0.0,0.0,,1328.0,1882.0,0.0,174.0,0.0,174.0,174.0,0.0
sitemap_generator,7.1.1,2026-07-27,ok,56832.0,30.0,0.0,221.0,227.0,0.0,194.0,6.0,21.0,20.0,,1685.0,2944.0,0.0,221.0,0.0,221.0,221.0,0.0
opentelemetry-instrumentation-action_pack,0.18.1,2026-08-18,ok,14336.0,8.0,0.0,9.0,9.0,0.0,5.0,4.0,0.0,2.0,,145.0,282.0,0.0,9.0,0.0,9.0,9.0,0.0
vegas,0.1.11,2012-01-23,ok,12800.0,2.0,0.0,36.0,36.0,0.0,31.0,5.0,0.0,0.0,,325.0,422.0,0.0,36.0,0.0,36.0,36.0,0.0
danger-gitlab,10.0.0,2025-07-09,ok,5632.0,0.0,0.0,0.0,0.0,0.0,0.0,0.0,0.0,0.0,,0.0,0.0,0.0,0.0,0.0,0.0,0.0,0.0
fog-vmfusion,0.1.0,2015-04-04,ok,11264.0,6.0,0.0,37.0,37.0,0.0,33.0,4.0,0.0,0.0,,293.0,400.0,0.0,37.0,0.0,37.0,37.0,0.0
fog-openstack,1.1.5,2025-03-18,ok,233472.0,1186.0,0.0,2661.0,2671.0,0.0,2601.0,60.0,0.0,0.0,,36639.0,42629.0,0.0,2661.0,0.0,2661.0,2661.0,0.0
cucumber-cucumber-expressions,20.1.0,2026-08-05,ok,15360.0,17.0,0.0,139.0,139.0,0.0,107.0,32.0,0.0,0.0,,1163.0,1484.0,0.0,139.0,0.0,139.0,139.0,0.0
fog-terremark,0.1.0,2015-04-04,ok,25088.0,78.0,0.0,190.0,190.0,0.0,155.0,35.0,0.0,0.0,,2618.0,3328.0,0.0,190.0,0.0,190.0,190.0,0.0
fog-voxel,0.1.0,2015-04-04,ok,19456.0,23.0,0.0,47.0,47.0,0.0,47.0,0.0,0.0,0.0,,680.0,773.0,0.0,47.0,0.0,47.0,47.0,0.0
cucumber-tag-expressions,11.0.1,2026-08-05,ok,6656.0,3.0,0.0,31.0,31.0,0.0,16.0,15.0,0.0,0.0,,190.0,241.0,0.0,31.0,0.0,31.0,31.0,0.0
prometheus-client-mmap,1.6.1,2026-08-05,ok,59904.0,30.0,12.0,216.0,207.0,10.0,166.0,45.0,5.0,0.0,rust,1409.0,1852.0,0.0,216.0,0.0,216.0,216.0,0.0
cucumber-html-formatter,24.1.1,2026-08-05,ok,306688.0,4.0,0.0,19.0,19.0,0.0,13.0,6.0,0.0,0.0,,108.0,144.0,0.0,19.0,0.0,19.0,19.0,0.0
simple_po_parser,1.1.6,2022-03-22,ok,44544.0,5.0,0.0,24.0,24.0,0.0,6.0,18.0,0.0,0.0,,324.0,457.0,0.0,24.0,0.0,24.0,24.0,0.0
invisible_captcha,2.3.0,2024-03-17,ok,26112.0,6.0,0.0,43.0,43.0,0.0,29.0,14.0,0.0,0.0,,263.0,363.0,0.0,43.0,0.0,43.0,43.0,0.0
fog-ecloud,0.3.0,2015-06-27,ok,65024.0,246.0,0.0,665.0,668.0,0.0,625.0,40.0,0.0,0.0,,7968.0,9266.0,0.0,665.0,0.0,665.0,665.0,0.0
fluent-plugin-kafka,0.19.8,2026-09-04,ok,53248.0,15.0,0.0,163.0,170.0,0.0,163.0,0.0,0.0,0.0,,3161.0,3729.0,0.0,163.0,0.0,163.0,163.0,0.0
acme-client,2.0.34,2026-08-09,ok,51712.0,29.0,0.0,264.0,265.0,0.0,204.0,60.0,0.0,0.0,,1499.0,2005.0,0.0,264.0,0.0,264.0,264.0,0.0
rubocop-rake,0.7.1,2025-02-16,ok,12288.0,15.0,0.0,28.0,28.0,0.0,25.0,3.0,0.0,0.0,,336.0,562.0,0.0,28.0,0.0,28.0,28.0,0.0
jekyll,4.4.1,2025-01-29,ok,128512.0,93.0,0.0,1108.0,1109.0,0.0,875.0,232.0,1.0,2.0,,6803.0,11054.0,0.0,1108.0,0.0,1108.0,1108.0,0.0
user_agent_parser,2.21.0,2026-02-12,ok,52224.0,7.0,0.0,70.0,73.0,0.0,56.0,14.0,0.0,0.0,,348.0,456.0,0.0,70.0,0.0,70.0,70.0,0.0
cookiejar,0.3.4,2024-01-05,ok,20992.0,5.0,0.0,60.0,60.0,0.0,54.0,0.0,6.0,0.0,,545.0,993.0,0.0,60.0,0.0,60.0,60.0,0.0
serverengine,2.4.0,2024-10-22,ok,45056.0,24.0,0.0,261.0,261.0,0.0,193.0,68.0,0.0,0.0,,2414.0,3451.0,0.0,261.0,0.0,261.0,261.0,0.0
simple_oauth,0.4.1,2026-04-20,ok,16384.0,8.0,0.0,53.0,53.0,0.0,29.0,24.0,0.0,0.0,,290.0,769.0,0.0,53.0,0.0,53.0,53.0,0.0
fog-storm_on_demand,0.1.1,2015-04-04,ok,23040.0,197.0,0.0,318.0,318.0,0.0,318.0,0.0,0.0,0.0,,3709.0,4162.0,0.0,318.0,0.0,318.0,318.0,0.0
fog-atmos,0.1.0,2014-12-02,ok,17920.0,14.0,0.0,43.0,43.0,0.0,42.0,1.0,0.0,0.0,,516.0,607.0,0.0,43.0,0.0,43.0,43.0,0.0
aws-sdk-timestreamquery,1.71.0,2026-07-09,ok,51712.0,11.0,0.0,49.0,49.0,0.0,47.0,2.0,0.0,0.0,,1633.0,4965.0,0.0,49.0,0.0,49.0,49.0,0.0
pagy,43.6.2,2026-08-24,ok,78336.0,80.0,0.0,233.0,233.0,0.0,145.0,30.0,58.0,29.0,,2119.0,3056.0,0.0,233.0,0.0,233.0,233.0,0.0
aws-sdk-timestreamwrite,1.66.0,2026-07-09,ok,46080.0,11.0,0.0,53.0,53.0,0.0,51.0,2.0,0.0,0.0,,1660.0,4841.0,0.0,53.0,0.0,53.0,53.0,0.0
chartkick,5.2.1,2025-10-13,ok,193024.0,7.0,0.0,17.0,17.0,0.0,16.0,1.0,0.0,0.0,,174.0,243.0,0.0,17.0,0.0,17.0,17.0,0.0
devise_invitable,2.0.12,2026-05-07,ok,58368.0,19.0,0.0,85.0,85.0,0.0,62.0,5.0,18.0,0.0,,680.0,1018.0,1.0,85.0,0.0,85.0,85.0,0.0
net-telnet,0.2.0,2018-07-25,ok,16896.0,3.0,0.0,15.0,15.0,0.0,15.0,0.0,0.0,0.0,,404.0,772.0,0.0,15.0,0.0,15.0,15.0,0.0
pry-doc,1.7.0,2026-01-14,ok,16153600.0,9.0,0.0,87.0,87.0,0.0,44.0,43.0,0.0,0.0,,535.0,764.0,0.0,87.0,0.0,87.0,87.0,0.0
danger-plugin-api,1.0.0,2016-08-25,ok,8192.0,2.0,0.0,0.0,0.0,0.0,0.0,0.0,0.0,0.0,,14.0,18.0,0.0,0.0,0.0,0.0,0.0,0.0
opentelemetry-instrumentation-sidekiq,0.29.0,2026-04-15,ok,14336.0,10.0,0.0,25.0,25.0,0.0,3.0,22.0,0.0,0.0,,307.0,514.0,0.0,25.0,0.0,25.0,25.0,0.0
fog-serverlove,0.1.2,2015-04-04,ok,16384.0,25.0,0.0,40.0,40.0,0.0,40.0,0.0,0.0,0.0,,468.0,542.0,0.0,40.0,0.0,40.0,40.0,0.0
watir,7.3.0,2023-08-04,ok,328192.0,108.0,0.0,1042.0,1088.0,0.0,805.0,231.0,6.0,8.0,,6702.0,10425.0,0.0,1042.0,0.0,1042.0,1042.0,0.0
aws-sdk-s3outposts,1.64.0,2026-07-09,ok,26624.0,11.0,0.0,34.0,34.0,0.0,32.0,2.0,0.0,0.0,,688.0,1997.0,0.0,34.0,0.0,34.0,34.0,0.0
rack-contrib,2.5.0,2024-05-24,ok,27648.0,38.0,0.0,152.0,152.0,0.0,118.0,33.0,1.0,0.0,,1300.0,2166.0,0.0,152.0,0.0,152.0,152.0,0.0
elastic-transport,8.5.3,2026-06-25,ok,35840.0,19.0,0.0,167.0,168.0,0.0,132.0,35.0,0.0,0.0,,1373.0,2510.0,0.0,167.0,0.0,167.0,167.0,0.0
aws-sdk-auditmanager,1.85.0,2026-07-09,ok,86016.0,11.0,0.0,93.0,93.0,0.0,91.0,2.0,0.0,0.0,,3733.0,11797.0,0.0,93.0,0.0,93.0,93.0,0.0
aws-sdk-devopsguru,1.77.0,2026-07-09,ok,74240.0,11.0,0.0,70.0,70.0,0.0,68.0,2.0,0.0,0.0,,3037.0,9724.0,0.0,70.0,0.0,70.0,70.0,0.0
aws-sdk-ecrpublic,1.68.0,2026-07-09,ok,44544.0,11.0,0.0,90.0,90.0,0.0,88.0,2.0,0.0,0.0,,1872.0,5396.0,0.0,90.0,0.0,90.0,90.0,0.0
aws-sdk-appregistry,1.66.0,2026-07-09,ok,38400.0,11.0,0.0,52.0,52.0,0.0,50.0,2.0,0.0,0.0,,1520.0,4393.0,0.0,52.0,0.0,52.0,52.0,0.0
akismet,3.0.0,2019-08-03,ok,10240.0,4.0,0.0,40.0,40.0,0.0,30.0,10.0,0.0,0.0,,216.0,473.0,0.0,40.0,0.0,40.0,40.0,0.0
aws-sdk-prometheusservice,1.77.0,2026-07-31,ok,67584.0,12.0,0.0,110.0,110.0,0.0,106.0,4.0,0.0,0.0,,3030.0,9233.0,0.0,110.0,0.0,110.0,110.0,0.0
cbor,0.5.10.1,2025-08-07,ok,48128.0,11.0,23.0,134.0,70.0,65.0,134.0,0.0,0.0,0.0,c,209.0,771.0,0.0,134.0,0.0,134.0,134.0,0.0
opentelemetry-instrumentation-active_record,0.13.0,2026-04-28,ok,12288.0,12.0,0.0,49.0,49.0,0.0,39.0,10.0,0.0,0.0,,368.0,538.0,0.0,49.0,0.0,49.0,49.0,0.0
aws-sdk-iotwireless,1.90.0,2026-07-09,ok,118784.0,11.0,0.0,146.0,146.0,0.0,144.0,2.0,0.0,0.0,,6631.0,17724.0,0.0,146.0,0.0,146.0,146.0,0.0
mechanize,2.14.1,2026-08-23,ok,148992.0,89.0,0.0,804.0,834.0,0.0,789.0,15.0,0.0,0.0,,4576.0,8523.0,0.0,804.0,0.0,804.0,804.0,0.0
gitlab-styles,14.1.0,2026-05-18,ok,52736.0,50.0,0.0,116.0,116.0,0.0,59.0,57.0,0.0,0.0,,1354.0,2772.0,0.0,116.0,0.0,116.0,116.0,0.0
aws-sdk-greengrassv2,1.74.0,2026-07-09,ok,62976.0,11.0,0.0,74.0,74.0,0.0,72.0,2.0,0.0,0.0,,2266.0,7216.0,0.0,74.0,0.0,74.0,74.0,0.0
sfl,2.3,2016-10-04,ok,10240.0,1.0,0.0,17.0,17.0,0.0,17.0,0.0,0.0,0.0,,185.0,215.0,0.0,17.0,0.0,17.0,17.0,0.0
js_regex,3.14.0,2025-08-03,ok,18432.0,25.0,0.0,177.0,178.0,0.0,63.0,114.0,0.0,0.0,,1198.0,1645.0,0.0,177.0,0.0,177.0,177.0,0.0
google-apis-generator,0.19.0,2026-06-08,ok,30720.0,7.0,0.0,106.0,106.0,0.0,106.0,0.0,0.0,0.0,,685.0,1004.0,0.0,106.0,0.0,106.0,106.0,0.0
aws-sdk-customerprofiles,1.93.0,2026-08-31,ok,172544.0,11.0,0.0,139.0,139.0,0.0,137.0,2.0,0.0,0.0,,7796.0,25065.0,0.0,139.0,0.0,139.0,139.0,0.0
fog-riakcs,0.1.0,2015-02-03,ok,17408.0,17.0,0.0,49.0,49.0,0.0,46.0,3.0,0.0,0.0,,566.0,669.0,0.0,49.0,0.0,49.0,49.0,0.0
retryable,3.0.5,2019-11-11,ok,13824.0,3.0,0.0,25.0,25.0,0.0,23.0,2.0,0.0,6.0,,153.0,232.0,0.0,25.0,0.0,25.0,25.0,0.0
curb,1.3.7,2026-07-10,ok,176640.0,7.0,14.0,439.0,212.0,232.0,424.0,15.0,0.0,0.0,c,2089.0,2999.0,0.0,439.0,0.0,439.0,439.0,0.0
aws-sdk-mwaa,1.79.0,2026-09-02,ok,45568.0,11.0,0.0,43.0,43.0,0.0,41.0,2.0,0.0,0.0,,1199.0,4535.0,0.0,43.0,0.0,43.0,43.0,0.0
rails-observers,0.1.5,2017-07-16,ok,14336.0,19.0,0.0,55.0,55.0,0.0,35.0,3.0,17.0,0.0,,449.0,983.0,2.0,55.0,0.0,55.0,55.0,0.0
aws-sdk-gluedatabrew,1.72.0,2026-07-09,ok,71680.0,11.0,0.0,71.0,71.0,0.0,69.0,2.0,0.0,0.0,,3033.0,9853.0,0.0,71.0,0.0,71.0,71.0,0.0
fog-powerdns,0.2.1,2024-03-24,ok,10752.0,25.0,0.0,32.0,32.0,0.0,32.0,0.0,0.0,0.0,,476.0,977.0,0.0,32.0,0.0,32.0,32.0,0.0
capistrano-rails,1.7.0,2024-12-30,ok,10752.0,4.0,0.0,0.0,0.0,0.0,0.0,0.0,0.0,0.0,,5.0,9.0,0.0,0.0,0.0,0.0,0.0,0.0
puma_worker_killer,1.0.0,2024-07-22,ok,13312.0,6.0,0.0,46.0,46.0,0.0,44.0,2.0,0.0,0.0,,169.0,236.0,0.0,46.0,0.0,46.0,46.0,0.0
aws-sdk-lexmodelsv2,1.95.0,2026-07-09,ok,232960.0,12.0,0.0,164.0,164.0,0.0,160.0,4.0,0.0,0.0,,9945.0,34785.0,0.0,164.0,0.0,164.0,164.0,0.0
opentelemetry-instrumentation-net_http,0.29.0,2026-04-15,ok,14336.0,9.0,0.0,34.0,34.0,0.0,6.0,28.0,0.0,0.0,,444.0,651.0,0.0,34.0,0.0,34.0,34.0,0.0
stringex,2.8.6,2023-04-19,ok,130048.0,27.0,0.0,199.0,199.0,0.0,123.0,68.0,8.0,0.0,,1266.0,1677.0,0.0,199.0,0.0,199.0,199.0,0.0
aws-sdk-iotdeviceadvisor,1.67.0,2026-07-09,ok,32768.0,11.0,0.0,37.0,37.0,0.0,35.0,2.0,0.0,0.0,,1061.0,3055.0,0.0,37.0,0.0,37.0,37.0,0.0
net-http-digest_auth,1.4.1,2017-02-08,ok,13824.0,1.0,0.0,4.0,4.0,0.0,4.0,0.0,0.0,0.0,,90.0,174.0,0.0,4.0,0.0,4.0,4.0,0.0
aws-sdk-sagemakeredgemanager,1.61.0,2026-07-09,ok,24576.0,11.0,0.0,20.0,20.0,0.0,18.0,2.0,0.0,0.0,,534.0,1598.0,0.0,20.0,0.0,20.0,20.0,0.0
google-apis-discovery_v1,0.21.0,2026-06-14,ok,20480.0,6.0,0.0,303.0,303.0,0.0,302.0,0.0,1.0,0.0,,797.0,1693.0,0.0,303.0,0.0,303.0,303.0,0.0
aws-sdk-emrcontainers,1.76.0,2026-07-27,ok,52224.0,11.0,0.0,50.0,50.0,0.0,48.0,2.0,0.0,0.0,,1959.0,5986.0,0.0,50.0,0.0,50.0,50.0,0.0
fastlane-sirp,1.1.0,2026-04-17,ok,38400.0,6.0,0.0,49.0,49.0,0.0,49.0,0.0,0.0,0.0,,369.0,596.0,0.0,49.0,0.0,49.0,49.0,0.0
path_expander,2.0.1,2026-01-08,ok,14336.0,1.0,0.0,16.0,16.0,0.0,16.0,0.0,0.0,0.0,,96.0,222.0,0.0,16.0,0.0,16.0,16.0,0.0
em-http-request,1.1.7,2020-08-31,ok,221696.0,19.0,0.0,206.0,207.0,0.0,200.0,3.0,3.0,0.0,,1261.0,1697.0,0.0,206.0,0.0,206.0,206.0,0.0
benchmark-memory,0.2.0,2021-11-03,ok,17920.0,1.0,0.0,0.0,0.0,0.0,0.0,0.0,0.0,0.0,,1.0,4.0,0.0,0.0,0.0,0.0,0.0,0.0
cose,1.3.1,2024-08-12,ok,17408.0,28.0,0.0,157.0,157.0,0.0,130.0,27.0,0.0,0.0,,989.0,1292.0,0.0,157.0,0.0,157.0,157.0,0.0
em-socksify,0.3.3,2024-07-18,ok,8704.0,7.0,0.0,23.0,23.0,0.0,20.0,3.0,0.0,0.0,,230.0,302.0,0.0,23.0,0.0,23.0,23.0,0.0
aws-sdk-wellarchitected,1.72.0,2026-08-12,ok,117248.0,11.0,0.0,136.0,136.0,0.0,134.0,2.0,0.0,0.0,,6461.0,20684.0,0.0,136.0,0.0,136.0,136.0,0.0
audited,5.8.0,2024-11-08,ok,25088.0,22.0,0.0,146.0,155.0,0.0,93.0,31.0,22.0,0.0,,998.0,1442.0,10.0,146.0,0.0,146.0,146.0,0.0
sysrandom,1.0.5,2017-02-25,ok,12288.0,4.0,2.0,11.0,7.0,4.0,11.0,0.0,0.0,7.0,c,60.0,88.0,0.0,11.0,0.0,11.0,11.0,0.0
aws-sdk-lexruntimev2,1.71.0,2026-07-09,ok,52736.0,13.0,0.0,57.0,57.0,0.0,54.0,3.0,0.0,0.0,,1421.0,5167.0,0.0,57.0,0.0,57.0,57.0,0.0
opentelemetry-instrumentation-faraday,0.33.0,2026-04-15,ok,14848.0,12.0,0.0,33.0,33.0,0.0,9.0,24.0,0.0,3.0,,427.0,638.0,0.0,33.0,0.0,33.0,33.0,0.0
aws-sdk-healthlake,1.70.0,2026-08-28,ok,59904.0,12.0,0.0,85.0,85.0,0.0,81.0,4.0,0.0,0.0,,2502.0,7297.0,0.0,85.0,0.0,85.0,85.0,0.0
aws-sdk-sagemakerfeaturestoreruntime,1.68.0,2026-09-02,ok,31232.0,11.0,0.0,34.0,34.0,0.0,32.0,2.0,0.0,0.0,,763.0,2512.0,0.0,34.0,0.0,34.0,34.0,0.0
regexp_property_values,1.5.2,2024-05-22,ok,16896.0,8.0,1.0,38.0,37.0,2.0,33.0,5.0,0.0,9.0,c,248.0,315.0,0.0,38.0,0.0,38.0,38.0,0.0
openssl-signature_algorithm,1.3.0,2023-02-15,ok,15872.0,9.0,0.0,38.0,38.0,0.0,35.0,3.0,0.0,0.0,,264.0,345.0,0.0,38.0,0.0,38.0,38.0,0.0
aws-sdk-amplifybackend,1.66.0,2026-07-09,ok,49152.0,11.0,0.0,56.0,56.0,0.0,54.0,2.0,0.0,0.0,,2710.0,7619.0,0.0,56.0,0.0,56.0,56.0,0.0
aws-sdk-lookoutforvision,1.57.0,2025-10-30,ok,47104.0,11.0,0.0,63.0,63.0,0.0,61.0,2.0,0.0,0.0,,1743.0,5458.0,0.0,63.0,0.0,63.0,63.0,0.0
ox,2.14.29,2026-08-08,ok,114688.0,16.0,37.0,113.0,80.0,38.0,96.0,17.0,0.0,0.0,c,579.0,1064.0,0.0,113.0,0.0,113.0,113.0,0.0
metaclass,0.0.4,2014-02-20,ok,6656.0,3.0,0.0,1.0,1.0,0.0,1.0,0.0,0.0,0.0,,17.0,21.0,0.0,1.0,0.0,1.0,1.0,0.0
aws-sdk-appintegrationsservice,1.72.0,2026-09-02,ok,40448.0,11.0,0.0,56.0,56.0,0.0,54.0,2.0,0.0,0.0,,1683.0,5027.0,0.0,56.0,0.0,56.0,56.0,0.0
aws-sdk-connectcontactlens,1.61.0,2026-08-24,ok,25600.0,11.0,0.0,26.0,26.0,0.0,24.0,2.0,0.0,0.0,,569.0,1649.0,0.0,26.0,0.0,26.0,26.0,0.0
honeybadger,6.9.1,2026-07-16,ok,268288.0,94.0,0.0,778.0,779.0,0.0,521.0,257.0,0.0,1.0,,7104.0,9896.0,0.0,778.0,0.0,778.0,778.0,0.0
webauthn,3.4.3,2025-10-23,ok,44032.0,48.0,0.0,415.0,415.0,0.0,236.0,179.0,0.0,0.0,,2456.0,3138.0,0.0,415.0,0.0,415.0,415.0,0.0
ltsv,0.1.2,2018-11-22,ok,9216.0,1.0,0.0,8.0,8.0,0.0,4.0,4.0,0.0,0.0,,85.0,149.0,0.0,8.0,0.0,8.0,8.0,0.0
omniauth-twitter,1.5.0,2026-07-06,ok,12288.0,3.0,0.0,8.0,9.0,0.0,7.0,1.0,0.0,0.0,,91.0,112.0,0.0,8.0,0.0,8.0,8.0,0.0
html2text,0.5.0,2026-07-08,ok,9216.0,2.0,0.0,19.0,19.0,0.0,8.0,11.0,0.0,0.0,,183.0,263.0,0.0,19.0,0.0,19.0,19.0,0.0
after_commit_everywhere,1.6.0,2025-02-07,ok,12800.0,3.0,0.0,14.0,14.0,0.0,13.0,1.0,0.0,0.0,,126.0,225.0,0.0,14.0,0.0,14.0,14.0,0.0
i18n-js,4.2.4,2025-10-31,ok,1314816.0,21.0,0.0,130.0,130.0,0.0,116.0,14.0,0.0,0.0,,1215.0,1631.0,0.0,130.0,0.0,130.0,130.0,0.0
character_set,1.8.0,2024-01-07,ok,46080.0,18.0,2.0,205.0,156.0,67.0,193.0,12.0,0.0,5.0,c,1095.0,1368.0,0.0,205.0,0.0,205.0,205.0,0.0
truncato,0.7.13,2025-02-11,ok,8704.0,4.0,0.0,44.0,44.0,0.0,15.0,29.0,0.0,0.0,,203.0,269.0,0.0,44.0,0.0,44.0,44.0,0.0
email_reply_trimmer,0.4.0,2026-08-14,ok,52224.0,7.0,0.0,13.0,13.0,0.0,9.0,4.0,0.0,0.0,,319.0,560.0,0.0,13.0,0.0,13.0,13.0,0.0
groupdate,6.8.0,2026-04-04,ok,18432.0,12.0,0.0,70.0,70.0,0.0,61.0,9.0,0.0,0.0,,797.0,956.0,0.0,70.0,0.0,70.0,70.0,0.0
vmstat,2.3.1,2019-02-06,ok,27648.0,16.0,7.0,63.0,58.0,8.0,63.0,0.0,0.0,0.0,c,435.0,829.0,0.0,63.0,0.0,63.0,63.0,0.0
android_key_attestation,0.3.0,2020-02-17,ok,14336.0,6.0,0.0,27.0,27.0,0.0,21.0,6.0,0.0,0.0,,209.0,271.0,0.0,27.0,0.0,27.0,27.0,0.0
pusher-signature,0.1.8,2015-09-29,ok,11776.0,4.0,0.0,27.0,28.0,0.0,18.0,9.0,0.0,0.0,,194.0,291.0,0.0,27.0,0.0,27.0,27.0,0.0
opentelemetry-instrumentation-active_support,0.12.1,2026-07-21,ok,13312.0,6.0,0.0,11.0,11.0,0.0,4.0,7.0,0.0,0.0,,156.0,267.0,0.0,11.0,0.0,11.0,11.0,0.0
tpm-key_attestation,0.14.2,2026-08-03,ok,36352.0,16.0,0.0,63.0,63.0,0.0,35.0,28.0,0.0,0.0,,527.0,701.0,0.0,63.0,0.0,63.0,63.0,0.0
safety_net_attestation,0.5.0,2025-09-22,ok,17920.0,6.0,0.0,15.0,15.0,0.0,12.0,3.0,0.0,0.0,,136.0,190.0,0.0,15.0,0.0,15.0,15.0,0.0
rack-ssl,1.4.1,2014-03-23,ok,6144.0,1.0,0.0,7.0,7.0,0.0,3.0,4.0,0.0,0.0,,71.0,90.0,0.0,7.0,0.0,7.0,7.0,0.0
business_time,0.13.0,2022-06-26,ok,11264.0,14.0,0.0,93.0,93.0,0.0,71.0,22.0,0.0,0.0,,548.0,778.0,0.0,93.0,0.0,93.0,93.0,0.0
opentelemetry-instrumentation-redis,0.29.0,2026-04-15,ok,13824.0,7.0,0.0,14.0,14.0,0.0,6.0,8.0,0.0,0.0,,188.0,323.0,0.0,14.0,0.0,14.0,14.0,0.0
sass-embedded,1.104.0,2026-09-04,ok,1047040.0,75.0,0.0,499.0,501.0,0.0,426.0,51.0,22.0,63.0,,5345.0,7356.0,0.0,499.0,0.0,499.0,499.0,0.0
azure-storage-common,2.0.4,2021-12-06,ok,47616.0,58.0,0.0,395.0,403.0,0.0,373.0,22.0,0.0,0.0,,3029.0,6107.0,0.0,395.0,0.0,395.0,395.0,0.0
kwalify,0.7.2,2011-02-04,ok,203776.0,19.0,0.0,518.0,546.0,0.0,410.0,79.0,29.0,8.0,,4481.0,6185.0,0.0,518.0,0.0,518.0,518.0,0.0
solargraph,0.60.4,2026-08-30,ok,275968.0,247.0,0.0,1999.0,1999.0,0.0,1454.0,484.0,61.0,51.0,,16928.0,26661.0,0.0,1999.0,0.0,1999.0,1999.0,0.0
cocoon,1.2.15,2020-09-08,ok,95744.0,3.0,0.0,9.0,9.0,0.0,6.0,3.0,0.0,0.0,,127.0,199.0,0.0,9.0,0.0,9.0,9.0,0.0
poltergeist,1.18.1,2018-05-24,ok,58880.0,17.0,0.0,335.0,335.0,0.0,323.0,12.0,0.0,0.0,,1528.0,1995.0,0.0,335.0,0.0,335.0,335.0,0.0
reek,6.5.0,2025-03-24,ok,162816.0,130.0,0.0,807.0,810.0,0.0,483.0,319.0,5.0,14.0,,4811.0,8561.0,0.0,807.0,0.0,807.0,807.0,0.0
ruby-next-core,1.2.1,2026-07-22,ok,97792.0,116.0,0.0,472.0,1150.0,0.0,331.0,141.0,0.0,2.0,,9293.0,12526.0,0.0,472.0,0.0,472.0,472.0,0.0
inifile,3.0.0,2014-08-01,ok,18432.0,1.0,0.0,45.0,47.0,0.0,45.0,0.0,0.0,0.0,,297.0,629.0,0.0,45.0,0.0,45.0,45.0,0.0
pyu-ruby-sasl,0.0.3.3,2011-05-25,ok,8192.0,6.0,0.0,30.0,30.0,0.0,23.0,7.0,0.0,0.0,,245.0,364.0,0.0,30.0,0.0,30.0,30.0,0.0
dry-cli,1.4.1,2026-01-21,ok,18432.0,14.0,0.0,139.0,139.0,0.0,119.0,18.0,2.0,0.0,,818.0,2013.0,0.0,139.0,0.0,139.0,139.0,0.0
ancestry,5.1.0,2026-03-08,ok,28672.0,9.0,0.0,157.0,159.0,0.0,150.0,7.0,0.0,0.0,,912.0,1311.0,0.0,157.0,0.0,157.0,157.0,0.0
io-event,1.21.1,2026-08-27,ok,65024.0,12.0,23.0,147.0,91.0,66.0,140.0,5.0,2.0,0.0,c,796.0,1392.0,0.0,147.0,0.0,147.0,147.0,0.0
re2,2.27.0,2026-04-09,ok,2752000.0,7.0,1.0,108.0,23.0,85.0,97.0,11.0,0.0,0.0,cpp,312.0,575.0,0.0,108.0,0.0,108.0,108.0,0.0
unleash,6.7.1,2026-08-24,ok,35840.0,25.0,0.0,239.0,240.0,0.0,202.0,37.0,0.0,0.0,,1003.0,1305.0,0.0,239.0,0.0,239.0,239.0,0.0
mixlib-versioning,1.2.12,2019-12-30,ok,15360.0,9.0,0.0,35.0,35.0,0.0,33.0,2.0,0.0,0.0,,341.0,958.0,0.0,35.0,0.0,35.0,35.0,0.0
aws-sdk-iotfleethub,1.51.0,2025-10-30,ok,25600.0,11.0,0.0,35.0,35.0,0.0,33.0,2.0,0.0,0.0,,702.0,1946.0,0.0,35.0,0.0,35.0,35.0,0.0
rubypants,0.7.1,2019-12-30,ok,14336.0,2.0,0.0,19.0,19.0,0.0,2.0,0.0,17.0,0.0,,284.0,505.0,0.0,19.0,0.0,19.0,19.0,0.0
gitlab_omniauth-ldap,2.3.0,2025-08-20,ok,15360.0,4.0,0.0,27.0,27.0,0.0,16.0,9.0,2.0,0.0,,292.0,363.0,0.0,27.0,0.0,27.0,27.0,0.0
aws-sdk-lookoutequipment,1.67.0,2026-07-09,ok,77312.0,11.0,0.0,78.0,78.0,0.0,76.0,2.0,0.0,0.0,,3216.0,10267.0,0.0,78.0,0.0,78.0,78.0,0.0
polyamorous,2.3.2,2020-01-13,ok,7168.0,14.0,0.0,24.0,28.0,0.0,21.0,3.0,0.0,0.0,,270.0,331.0,0.0,24.0,0.0,24.0,24.0,0.0
aws-sdk-mgn,1.74.0,2026-09-02,ok,124416.0,12.0,0.0,148.0,148.0,0.0,146.0,2.0,0.0,0.0,,6112.0,19824.0,0.0,148.0,0.0,148.0,148.0,0.0
vite_ruby,3.10.5,2026-08-28,ok,33280.0,25.0,0.0,158.0,158.0,0.0,96.0,55.0,7.0,0.0,,1096.0,1685.0,0.0,158.0,0.0,158.0,158.0,0.0
rubocop-minitest,0.40.0,2026-07-20,ok,33792.0,71.0,0.0,175.0,175.0,0.0,55.0,120.0,0.0,0.0,,2239.0,4211.0,0.0,175.0,0.0,175.0,175.0,0.0
opentelemetry-instrumentation-action_view,0.13.0,2026-04-28,ok,12288.0,6.0,0.0,2.0,2.0,0.0,0.0,2.0,0.0,0.0,,79.0,178.0,0.0,2.0,0.0,2.0,2.0,0.0
react-rails,3.3.1,2026-05-16,ok,675328.0,28.0,0.0,106.0,106.0,0.0,73.0,33.0,0.0,5.0,,982.0,1439.0,0.0,106.0,0.0,106.0,106.0,0.0
asciidoctor-plantuml,0.1.1,2022-05-01,ok,9216.0,3.0,0.0,46.0,46.0,0.0,28.0,18.0,0.0,0.0,,276.0,360.0,0.0,46.0,0.0,46.0,46.0,0.0
opentelemetry-instrumentation-rails,0.42.0,2026-04-28,ok,12800.0,6.0,0.0,1.0,1.0,0.0,0.0,1.0,0.0,0.0,,64.0,134.0,0.0,1.0,0.0,1.0,1.0,0.0
version_sorter,2.3.0,2021-10-20,ok,6656.0,1.0,1.0,5.0,0.0,5.0,5.0,0.0,0.0,0.0,c,2.0,4.0,0.0,5.0,0.0,5.0,5.0,0.0
webrobots,0.1.2,2016-01-04,ok,24064.0,4.0,0.0,58.0,58.0,0.0,51.0,7.0,0.0,0.0,,757.0,1004.0,0.0,58.0,0.0,58.0,58.0,0.0
aws-sdk-lookoutmetrics,1.61.0,2025-10-30,ok,55808.0,11.0,0.0,69.0,69.0,0.0,67.0,2.0,0.0,0.0,,2503.0,6992.0,0.0,69.0,0.0,69.0,69.0,0.0
gitlab-license,2.6.0,2024-11-14,ok,12288.0,4.0,0.0,86.0,86.0,0.0,83.0,3.0,0.0,0.0,,352.0,464.0,0.0,86.0,0.0,86.0,86.0,0.0
aws-sdk-fis,1.68.0,2026-07-09,ok,47616.0,11.0,0.0,49.0,49.0,0.0,47.0,2.0,0.0,0.0,,2313.0,6628.0,0.0,49.0,0.0,49.0,49.0,0.0
mock_redis,0.55.0,2026-06-04,ok,33280.0,28.0,0.0,340.0,343.0,0.0,259.0,79.0,2.0,4.0,,2954.0,3680.0,0.0,340.0,0.0,340.0,340.0,0.0
aws-sdk-frauddetector,1.88.0,2026-07-09,ok,81920.0,11.0,0.0,102.0,102.0,0.0,100.0,2.0,0.0,0.0,,4260.0,12286.0,0.0,102.0,0.0,102.0,102.0,0.0
fog-rackspace,0.1.6,2018-07-31,ok,230400.0,476.0,0.0,1468.0,1470.0,0.0,1348.0,119.0,1.0,0.0,,17168.0,23734.0,0.0,1468.0,0.0,1468.0,1468.0,0.0
aws-sdk-apprunner,1.75.0,2026-07-09,ok,63488.0,11.0,0.0,62.0,62.0,0.0,60.0,2.0,0.0,0.0,,2290.0,7929.0,0.0,62.0,0.0,62.0,62.0,0.0
pkg-config,1.6.5,2025-12-01,ok,24576.0,1.0,0.0,65.0,65.0,0.0,42.0,21.0,2.0,16.0,,637.0,731.0,0.0,65.0,0.0,65.0,65.0,0.0
gitlab-dangerfiles,4.12.0,2026-06-15,ok,159232.0,26.0,0.0,314.0,314.0,0.0,236.0,77.0,1.0,7.0,,1905.0,2904.0,0.0,314.0,0.0,314.0,314.0,0.0
moneta,1.6.0,2023-03-13,ok,79360.0,83.0,0.0,721.0,726.0,0.0,535.0,109.0,77.0,0.0,,6144.0,8848.0,0.0,721.0,0.0,721.0,721.0,0.0
creole,0.5.0,2012-10-29,ok,13824.0,3.0,0.0,28.0,28.0,0.0,9.0,0.0,19.0,0.0,,265.0,409.0,0.0,28.0,0.0,28.0,28.0,0.0
aws-sdk-finspacedata,1.69.0,2026-07-09,ok,53248.0,12.0,0.0,64.0,64.0,0.0,62.0,2.0,0.0,0.0,,2157.0,6775.0,0.0,64.0,0.0,64.0,64.0,0.0
jekyll-sass-converter,3.1.0,2025-02-02,ok,7680.0,5.0,0.0,40.0,40.0,0.0,21.0,19.0,0.0,0.0,,252.0,385.0,0.0,40.0,0.0,40.0,40.0,0.0
sinatra-contrib,4.2.1,2025-10-10,ok,33792.0,24.0,0.0,330.0,370.0,0.0,284.0,46.0,0.0,0.0,,1540.0,3534.0,0.0,330.0,0.0,330.0,330.0,0.0
awrence,5.0.0,2026-06-25,ok,7168.0,5.0,0.0,8.0,8.0,0.0,4.0,4.0,0.0,0.0,,68.0,97.0,0.0,8.0,0.0,8.0,8.0,0.0
aws-sdk-codestarnotifications,1.69.0,2026-07-09,ok,32256.0,11.0,0.0,44.0,44.0,0.0,42.0,2.0,0.0,0.0,,1005.0,2966.0,0.0,44.0,0.0,44.0,44.0,0.0
flipper-ui,1.4.2,2026-05-11,ok,327680.0,26.0,0.0,140.0,140.0,0.0,140.0,0.0,0.0,0.0,,902.0,1283.0,0.0,140.0,0.0,140.0,140.0,0.0
aws-sdk-ssmincidents,1.69.0,2026-07-09,ok,58880.0,12.0,0.0,80.0,80.0,0.0,76.0,4.0,0.0,0.0,,2441.0,7058.0,0.0,80.0,0.0,80.0,80.0,0.0
deckar01-task_list,2.3.4,2024-03-04,ok,66560.0,5.0,0.0,20.0,20.0,0.0,20.0,0.0,0.0,0.0,,124.0,253.0,0.0,20.0,0.0,20.0,20.0,0.0
aws-sdk-honeycode,1.32.0,2024-05-14,ok,41984.0,11.0,0.0,63.0,63.0,0.0,61.0,2.0,0.0,0.0,,1657.0,4654.0,0.0,63.0,0.0,63.0,63.0,0.0
expression_parser,0.9.0,2010-09-20,ok,6144.0,5.0,0.0,13.0,13.0,0.0,10.0,0.0,3.0,0.0,,262.0,330.0,0.0,13.0,0.0,13.0,13.0,0.0
aws-sdk-marketplacecatalog,1.84.0,2026-08-18,ok,59392.0,11.0,0.0,47.0,47.0,0.0,45.0,2.0,0.0,0.0,,2659.0,7396.0,0.0,47.0,0.0,47.0,47.0,0.0
prime,0.1.4,2025-06-18,ok,13312.0,1.0,0.0,42.0,42.0,0.0,39.0,3.0,0.0,0.0,,306.0,562.0,0.0,42.0,0.0,42.0,42.0,0.0
validates_hostname,2.0.45,2026-08-09,ok,18944.0,2.0,0.0,16.0,16.0,0.0,7.0,9.0,0.0,0.0,,125.0,243.0,0.0,16.0,0.0,16.0,16.0,0.0
phony,3.0.7,2026-08-20,ok,87552.0,59.0,0.0,131.0,132.0,0.0,124.0,7.0,0.0,0.0,,10464.0,12541.0,0.0,131.0,0.0,131.0,131.0,0.0
org-ruby,0.9.12,2014-12-23,ok,34816.0,13.0,0.0,176.0,177.0,0.0,148.0,28.0,0.0,0.0,,2237.0,2963.0,0.0,176.0,0.0,176.0,176.0,0.0
pact-support,1.21.7,2026-07-21,ok,44032.0,81.0,0.0,593.0,594.0,0.0,439.0,135.0,19.0,0.0,,3391.0,4307.0,0.0,593.0,0.0,593.0,593.0,0.0
rails_stdout_logging,0.0.5,2016-03-23,ok,78848.0,7.0,0.0,11.0,11.0,0.0,11.0,0.0,0.0,0.0,,90.0,109.0,0.0,11.0,0.0,11.0,11.0,0.0
settingslogic,2.0.9,2012-12-30,ok,10752.0,1.0,0.0,22.0,22.0,0.0,18.0,4.0,0.0,0.0,,133.0,192.0,0.0,22.0,0.0,22.0,22.0,0.0
zip-zip,0.3,2014-04-10,ok,5632.0,2.0,0.0,9.0,11.0,0.0,9.0,0.0,0.0,0.0,,36.0,45.0,0.0,9.0,0.0,9.0,9.0,0.0
timfel-krb5-auth,0.8.3,2015-01-13,ok,10240.0,1.0,1.0,19.0,0.0,19.0,19.0,0.0,0.0,0.0,c,10.0,12.0,0.0,19.0,0.0,19.0,19.0,0.0
wikicloth,0.8.3,2015-03-27,ok,123904.0,21.0,0.0,198.0,199.0,0.0,148.0,2.0,48.0,0.0,,2071.0,2561.0,0.0,198.0,0.0,198.0,198.0,0.0
peek,1.1.0,2019-09-27,ok,25600.0,12.0,0.0,48.0,48.0,0.0,42.0,4.0,2.0,0.0,,314.0,450.0,0.0,48.0,0.0,48.0,48.0,0.0
amazing_print,2.0.0,2025-10-07,ok,26624.0,38.0,0.0,223.0,224.0,0.0,155.0,68.0,0.0,0.0,,1534.0,2356.0,0.0,223.0,0.0,223.0,223.0,0.0
chef-handler-datadog,0.16.0,2026-02-25,ok,38912.0,6.0,0.0,42.0,42.0,0.0,25.0,17.0,0.0,0.0,,394.0,610.0,0.0,42.0,0.0,42.0,42.0,0.0
momentjs-rails,2.29.4.1,2022-07-26,ok,206336.0,1.0,0.0,0.0,0.0,0.0,0.0,0.0,0.0,0.0,,6.0,9.0,0.0,0.0,0.0,0.0,0.0,0.0
vite_rails,3.11.1,2026-07-03,ok,14336.0,6.0,0.0,17.0,17.0,0.0,14.0,3.0,0.0,0.0,,184.0,278.0,0.0,17.0,0.0,17.0,17.0,0.0
pact,2.0.2,2026-08-12,ok,53248.0,75.0,0.0,456.0,456.0,0.0,394.0,62.0,0.0,0.0,,3339.0,4442.0,0.0,456.0,0.0,456.0,456.0,0.0
aws-sdk-ssmcontacts,1.64.0,2026-07-09,ok,53248.0,11.0,0.0,85.0,85.0,0.0,83.0,2.0,0.0,0.0,,2438.0,7016.0,0.0,85.0,0.0,85.0,85.0,0.0
pact-mock_service,3.12.4,2026-01-08,ok,40960.0,63.0,0.0,490.0,491.0,0.0,348.0,142.0,0.0,0.0,,2858.0,3558.0,0.0,490.0,0.0,490.0,490.0,0.0
find_a_port,1.0.1,2012-07-27,ok,6656.0,1.0,0.0,1.0,1.0,0.0,1.0,0.0,0.0,0.0,,10.0,23.0,0.0,1.0,0.0,1.0,1.0,0.0
scientist,1.6.5,2024-12-16,ok,26624.0,7.0,0.0,77.0,77.0,0.0,74.0,3.0,0.0,0.0,,368.0,676.0,0.0,77.0,0.0,77.0,77.0,0.0
grape-path-helpers,2.1.0,2026-08-05,ok,18432.0,9.0,0.0,34.0,34.0,0.0,33.0,1.0,0.0,0.0,,257.0,349.0,0.0,34.0,0.0,34.0,34.0,0.0
sidekiq-failures,1.1.0,2025-08-21,ok,18944.0,7.0,0.0,36.0,36.0,0.0,24.0,12.0,0.0,0.0,,347.0,457.0,0.0,36.0,0.0,36.0,36.0,0.0
email_validator,2.2.4,2022-11-09,ok,15360.0,3.0,0.0,26.0,26.0,0.0,6.0,2.0,18.0,0.0,,117.0,176.0,0.0,26.0,0.0,26.0,26.0,0.0
rails_serve_static_assets,0.0.5,2016-02-01,ok,1285632.0,3.0,0.0,0.0,0.0,0.0,0.0,0.0,0.0,0.0,,20.0,23.0,0.0,0.0,0.0,0.0,0.0,0.0
omniauth-oauth2-generic,0.2.8,2020-09-14,ok,12288.0,5.0,0.0,15.0,15.0,0.0,4.0,11.0,0.0,0.0,,146.0,248.0,0.0,15.0,0.0,15.0,15.0,0.0
semantic_logger,5.1.0,2026-07-20,ok,139776.0,71.0,0.0,826.0,833.0,0.0,719.0,105.0,2.0,0.0,,4482.0,8748.0,0.0,826.0,0.0,826.0,826.0,0.0
aws-sdk-finspace,1.70.0,2026-07-09,ok,86528.0,12.0,0.0,88.0,88.0,0.0,86.0,2.0,0.0,0.0,,3645.0,12145.0,0.0,88.0,0.0,88.0,88.0,0.0
aws-sdk-applicationcostprofiler,1.57.0,2026-07-09,ok,25088.0,11.0,0.0,31.0,31.0,0.0,29.0,2.0,0.0,0.0,,650.0,1854.0,0.0,31.0,0.0,31.0,31.0,0.0
opentelemetry-instrumentation-http,0.30.0,2026-04-15,ok,13824.0,12.0,0.0,32.0,32.0,0.0,17.0,15.0,0.0,0.0,,430.0,633.0,0.0,32.0,0.0,32.0,32.0,0.0
omniauth-azure-activedirectory-v2,2.4.0,2024-10-22,ok,13824.0,4.0,0.0,3.0,3.0,0.0,3.0,0.0,0.0,0.0,,99.0,137.0,0.0,3.0,0.0,3.0,3.0,0.0
mercenary,0.4.0,2020-01-18,ok,17920.0,6.0,0.0,61.0,63.0,0.0,61.0,0.0,0.0,0.0,,304.0,562.0,0.0,61.0,0.0,61.0,61.0,0.0
resque-scheduler,5.0.0,2026-01-15,ok,49152.0,21.0,0.0,203.0,203.0,0.0,161.0,42.0,0.0,0.0,,1521.0,2205.0,0.0,203.0,0.0,203.0,203.0,0.0
inflecto,0.0.2,2013-01-22,ok,16384.0,3.0,0.0,25.0,25.0,0.0,25.0,0.0,0.0,0.0,,196.0,574.0,0.0,25.0,0.0,25.0,25.0,0.0
azure-storage-blob,2.0.3,2021-12-06,ok,38912.0,11.0,0.0,116.0,116.0,0.0,101.0,0.0,15.0,0.0,,1260.0,4281.0,0.0,116.0,0.0,116.0,116.0,0.0
rgeo,3.1.0,2026-01-20,ok,120832.0,74.0,24.0,1342.0,1206.0,150.0,1231.0,111.0,0.0,11.0,c,7928.0,13923.0,0.0,1342.0,0.0,1342.0,1342.0,0.0
parseconfig,1.1.2,2021-09-30,ok,10240.0,2.0,0.0,20.0,20.0,0.0,20.0,0.0,0.0,0.0,,140.0,214.0,0.0,20.0,0.0,20.0,20.0,0.0
rbnacl,7.1.2,2024-10-15,ok,43008.0,37.0,0.0,192.0,196.0,0.0,168.0,23.0,1.0,23.0,,1736.0,3623.0,0.0,192.0,0.0,192.0,192.0,0.0
asciidoctor-include-ext,0.4.0,2022-03-29,ok,11776.0,8.0,0.0,29.0,29.0,0.0,14.0,1.0,14.0,1.0,,257.0,471.0,0.0,29.0,0.0,29.0,29.0,0.0
datadog,2.42.0,2026-08-31,ok,948224.0,966.0,62.0,5308.0,5193.0,141.0,4293.0,936.0,79.0,597.0,c,52964.0,81607.0,0.0,5308.0,0.0,5308.0,5308.0,0.0
omniauth_openid_connect,0.8.0,2024-07-04,ok,23040.0,5.0,0.0,49.0,49.0,0.0,20.0,29.0,0.0,0.0,,398.0,527.0,0.0,49.0,0.0,49.0,49.0,0.0
slack-messenger,2.3.6,2024-07-04,ok,14848.0,14.0,0.0,54.0,54.0,0.0,41.0,13.0,0.0,0.0,,435.0,592.0,0.0,54.0,0.0,54.0,54.0,0.0
gitlab_chronic_duration,0.12.0,2023-09-18,ok,12288.0,2.0,0.0,20.0,20.0,0.0,8.0,12.0,0.0,0.0,,251.0,316.0,0.0,20.0,0.0,20.0,20.0,0.0
opentelemetry-instrumentation-http_client,0.29.0,2026-04-15,ok,13312.0,12.0,0.0,26.0,26.0,0.0,6.0,20.0,0.0,0.0,,388.0,575.0,0.0,26.0,0.0,26.0,26.0,0.0
backport,1.2.0,2021-06-13,ok,12288.0,11.0,0.0,63.0,63.0,0.0,51.0,12.0,0.0,0.0,,384.0,673.0,0.0,63.0,0.0,63.0,63.0,0.0
gitlab-mail_room,1.1.0,2026-06-18,ok,41984.0,28.0,0.0,190.0,198.0,0.0,118.0,72.0,0.0,0.0,,1220.0,1720.0,0.0,190.0,0.0,190.0,190.0,0.0
opentelemetry-instrumentation-active_job,0.13.0,2026-06-16,ok,17408.0,12.0,0.0,28.0,28.0,0.0,24.0,4.0,0.0,2.0,,331.0,636.0,0.0,28.0,0.0,28.0,28.0,0.0
graphql-docs,6.0.0,2026-01-22,ok,45568.0,8.0,0.0,80.0,80.0,0.0,51.0,29.0,0.0,0.0,,987.0,1754.0,0.0,80.0,0.0,80.0,80.0,0.0
font-awesome-sass,6.7.2,2024-12-17,ok,687616.0,5.0,0.0,11.0,11.0,0.0,9.0,2.0,0.0,0.0,,101.0,123.0,0.0,11.0,0.0,11.0,11.0,0.0
opentelemetry-instrumentation-pg,0.37.0,2026-08-05,ok,16896.0,8.0,0.0,27.0,28.0,0.0,6.0,21.0,0.0,1.0,,418.0,609.0,0.0,27.0,0.0,27.0,27.0,0.0
ruby-fogbugz,0.3.0,2017-02-10,ok,9728.0,5.0,0.0,21.0,21.0,0.0,21.0,0.0,0.0,0.0,,101.0,126.0,0.0,21.0,0.0,21.0,21.0,0.0
opentelemetry-instrumentation-concurrent_ruby,0.25.0,2026-04-15,ok,11264.0,6.0,0.0,3.0,3.0,0.0,1.0,2.0,0.0,0.0,,64.0,129.0,0.0,3.0,0.0,3.0,3.0,0.0
mini_racer,0.22.1,2026-08-27,ok,56832.0,6.0,5.0,83.0,63.0,21.0,53.0,30.0,0.0,0.0,c+cpp,885.0,1081.0,0.0,83.0,0.0,83.0,83.0,0.0
html2haml,2.3.0,2022-10-06,ok,21504.0,5.0,0.0,64.0,64.0,0.0,31.0,27.0,6.0,0.0,,598.0,972.0,0.0,64.0,0.0,64.0,64.0,0.0
pry-nav,1.0.0,2021-11-02,ok,11776.0,7.0,0.0,19.0,22.0,0.0,18.0,1.0,0.0,0.0,,169.0,233.0,0.0,19.0,0.0,19.0,19.0,0.0
gitlab-net-dns,0.15.0,2025-07-14,ok,60416.0,26.0,0.0,362.0,379.0,0.0,229.0,133.0,0.0,0.0,,2714.0,5397.0,0.0,362.0,0.0,362.0,362.0,0.0
compass-import-once,1.0.5,2014-08-04,ok,9728.0,6.0,0.0,19.0,19.0,0.0,11.0,0.0,8.0,0.0,,134.0,177.0,0.0,19.0,0.0,19.0,19.0,0.0
rails_12factor,0.0.3,2014-10-14,ok,8192.0,2.0,0.0,0.0,0.0,0.0,0.0,0.0,0.0,0.0,,7.0,10.0,0.0,0.0,0.0,0.0,0.0,0.0
extended-markdown-filter,0.7.0,2018-11-13,ok,11776.0,9.0,0.0,14.0,14.0,0.0,14.0,0.0,0.0,0.0,,158.0,198.0,0.0,14.0,0.0,14.0,14.0,0.0
figaro,1.3.0,2025-06-25,ok,19456.0,11.0,0.0,54.0,54.0,0.0,27.0,27.0,0.0,0.0,,289.0,379.0,0.0,54.0,0.0,54.0,54.0,0.0
gitlab-chronic,0.10.6,2020-01-03,ok,44544.0,37.0,0.0,302.0,302.0,0.0,283.0,19.0,0.0,46.0,,2580.0,3501.0,0.0,302.0,0.0,302.0,302.0,0.0
grape-swagger-entity,0.7.1,2026-01-28,ok,18944.0,6.0,0.0,42.0,42.0,0.0,15.0,27.0,0.0,0.0,,326.0,434.0,0.0,42.0,0.0,42.0,42.0,0.0
rspec_profiling,0.0.9,2024-03-12,ok,19968.0,14.0,0.0,108.0,109.0,0.0,66.0,42.0,0.0,0.0,,617.0,768.0,0.0,108.0,0.0,108.0,108.0,0.0
active_record_query_trace,1.9,2026-01-20,ok,7168.0,2.0,0.0,40.0,40.0,0.0,25.0,15.0,0.0,0.0,,181.0,250.0,0.0,40.0,0.0,40.0,40.0,0.0
activerecord-explain-analyze,0.1.0,2017-10-27,ok,8192.0,4.0,0.0,5.0,5.0,0.0,4.0,1.0,0.0,0.0,,69.0,87.0,0.0,5.0,0.0,5.0,5.0,0.0
aws-sdk-proton,1.72.0,2026-07-09,ok,94208.0,12.0,0.0,152.0,152.0,0.0,148.0,4.0,0.0,0.0,,5514.0,17200.0,0.0,152.0,0.0,152.0,152.0,0.0
colorator,1.1.0,2016-06-29,ok,7168.0,2.0,0.0,11.0,13.0,0.0,11.0,0.0,0.0,7.0,,75.0,122.0,0.0,11.0,0.0,11.0,11.0,0.0
pry-remote,0.1.8,2014-01-29,ok,8192.0,1.0,0.0,39.0,40.0,0.0,39.0,0.0,0.0,0.0,,217.0,327.0,0.0,39.0,0.0,39.0,39.0,0.0
mixlib-install,3.19.2,2026-08-06,ok,51712.0,17.0,0.0,173.0,173.0,0.0,144.0,29.0,0.0,0.0,,1812.0,2908.0,0.0,173.0,0.0,173.0,173.0,0.0
safely_block,1.0.0,2026-04-02,ok,8192.0,4.0,0.0,15.0,15.0,0.0,15.0,0.0,0.0,0.0,,114.0,141.0,0.0,15.0,0.0,15.0,15.0,0.0
gitlab-fog-azure-rm,2.5.0,2026-03-31,ok,138752.0,134.0,0.0,726.0,730.0,0.0,669.0,41.0,16.0,0.0,,6952.0,13975.0,0.0,726.0,0.0,726.0,726.0,0.0
jekyll-watch,2.2.1,2019-03-22,ok,6144.0,4.0,0.0,12.0,12.0,0.0,3.0,9.0,0.0,0.0,,116.0,171.0,0.0,12.0,0.0,12.0,12.0,0.0
opentelemetry-instrumentation-graphql,0.32.0,2026-04-15,ok,14336.0,8.0,0.0,38.0,38.0,0.0,23.0,15.0,0.0,0.0,,410.0,578.0,0.0,38.0,0.0,38.0,38.0,0.0
fiber-annotation,0.2.0,2023-06-05,ok,10240.0,2.0,0.0,5.0,5.0,0.0,5.0,0.0,0.0,0.0,,35.0,70.0,0.0,5.0,0.0,5.0,5.0,0.0
anyway_config,2.8.1,2026-07-23,ok,54272.0,66.0,0.0,230.0,686.0,0.0,186.0,44.0,0.0,1.0,,4779.0,6564.0,0.0,230.0,0.0,230.0,230.0,0.0
opentelemetry-instrumentation-ethon,0.29.0,2026-04-15,ok,14336.0,10.0,0.0,43.0,43.0,0.0,26.0,17.0,0.0,0.0,,483.0,698.0,0.0,43.0,0.0,43.0,43.0,0.0
dumb_delegator,1.1.0,2024-12-17,ok,9216.0,3.0,0.0,12.0,12.0,0.0,10.0,2.0,0.0,0.0,,68.0,149.0,0.0,12.0,0.0,12.0,12.0,0.0
aws-sdk-chimesdkmessaging,1.67.0,2026-07-09,ok,60416.0,11.0,0.0,93.0,93.0,0.0,91.0,2.0,0.0,0.0,,3105.0,9122.0,0.0,93.0,0.0,93.0,93.0,0.0
datadog-ci,1.38.1,2026-09-07,ok,163328.0,246.0,14.0,1852.0,1846.0,6.0,1500.0,348.0,4.0,23.0,c,14452.0,20624.0,0.0,1852.0,0.0,1852.0,1852.0,0.0
io-like,0.4.0,2025-06-07,ok,37376.0,14.0,0.0,228.0,228.0,0.0,184.0,42.0,2.0,0.0,,2130.0,5071.0,0.0,228.0,0.0,228.0,228.0,0.0
data_migrate,11.3.1,2025-10-27,ok,20480.0,21.0,0.0,120.0,121.0,0.0,94.0,21.0,5.0,0.0,,882.0,1137.0,2.0,120.0,0.0,120.0,120.0,0.0
ruby-debug-ide,0.7.5,2025-02-03,ok,46080.0,39.0,0.0,429.0,429.0,0.0,404.0,16.0,9.0,0.0,,3056.0,3707.0,1.0,429.0,0.0,429.0,429.0,0.0
sentry-ruby-core,7.0.0,2026-09-01,ok,103424.0,94.0,0.0,1063.0,1065.0,0.0,938.0,121.0,4.0,13.0,,6307.0,10013.0,0.0,1063.0,0.0,1063.0,1063.0,0.0
tty-table,0.12.0,2020-09-20,ok,29696.0,36.0,0.0,265.0,271.0,0.0,241.0,7.0,17.0,0.0,,1456.0,3422.0,0.0,265.0,0.0,265.0,265.0,0.0
circuitbox,2.0.0,2023-05-04,ok,13824.0,15.0,0.0,95.0,95.0,0.0,63.0,32.0,0.0,2.0,,533.0,813.0,0.0,95.0,0.0,95.0,95.0,0.0
aws-sdk-opensearchservice,1.108.0,2026-08-27,ok,173056.0,11.0,0.0,128.0,128.0,0.0,126.0,2.0,0.0,0.0,,6766.0,21937.0,0.0,128.0,0.0,128.0,128.0,0.0
compass-core,1.0.3,2015-01-16,ok,137728.0,41.0,0.0,424.0,424.0,0.0,385.0,36.0,3.0,0.0,,3550.0,4436.0,0.0,424.0,0.0,424.0,424.0,0.0
fog-dynect,0.5.0,2021-04-28,ok,17920.0,19.0,0.0,56.0,56.0,0.0,54.0,2.0,0.0,0.0,,906.0,1137.0,0.0,56.0,0.0,56.0,56.0,0.0
spoom,1.8.7,2026-07-31,ok,102400.0,98.0,0.0,934.0,942.0,0.0,808.0,126.0,0.0,0.0,,8773.0,13233.0,5.0,934.0,0.0,934.0,934.0,0.0
fluent-plugin-cloudwatch-logs,0.15.0,2025-05-14,ok,26624.0,4.0,0.0,40.0,40.0,0.0,12.0,28.0,0.0,0.0,,843.0,966.0,0.0,40.0,0.0,40.0,40.0,0.0
aws-sdk-account,1.62.0,2026-07-27,ok,35328.0,12.0,0.0,56.0,56.0,0.0,54.0,2.0,0.0,0.0,,1074.0,3916.0,0.0,56.0,0.0,56.0,56.0,0.0
fluent-plugin-opensearch,1.1.6,2026-05-28,ok,93696.0,13.0,0.0,127.0,129.0,0.0,127.0,0.0,0.0,0.0,,1951.0,2647.0,0.0,127.0,0.0,127.0,127.0,0.0
opentelemetry-instrumentation-aws_sdk,0.13.0,2026-08-18,ok,15872.0,10.0,0.0,36.0,36.0,0.0,22.0,14.0,0.0,0.0,,397.0,596.0,0.0,36.0,0.0,36.0,36.0,0.0
cssbundling-rails,1.4.3,2025-03-03,ok,11776.0,10.0,0.0,6.0,6.0,0.0,6.0,0.0,0.0,0.0,,178.0,227.0,0.0,6.0,0.0,6.0,6.0,0.0
flay,2.14.4,2026-04-14,ok,24576.0,4.0,0.0,74.0,76.0,0.0,74.0,0.0,0.0,0.0,,597.0,915.0,0.0,74.0,0.0,74.0,74.0,0.0
png_quantizator,0.2.1,2015-08-04,ok,131072.0,2.0,0.0,4.0,4.0,0.0,3.0,1.0,0.0,0.0,,54.0,70.0,0.0,4.0,0.0,4.0,4.0,0.0
gitlab-experiment,2.0.0,2026-07-22,ok,44544.0,26.0,0.0,200.0,203.0,0.0,148.0,44.0,8.0,0.0,,1324.0,2084.0,0.0,200.0,0.0,200.0,200.0,0.0
aws-sdk-route53recoverycluster,1.60.0,2026-07-09,ok,26624.0,11.0,0.0,47.0,47.0,0.0,45.0,2.0,0.0,0.0,,680.0,2018.0,0.0,47.0,0.0,47.0,47.0,0.0
omniauth-atlassian-oauth2,0.2.0,2019-03-02,ok,9216.0,4.0,0.0,1.0,1.0,0.0,1.0,0.0,0.0,0.0,,62.0,95.0,0.0,1.0,0.0,1.0,1.0,0.0
dry-monads,1.10.0,2026-04-24,ok,38912.0,29.0,0.0,370.0,371.0,0.0,330.0,34.0,6.0,3.0,,2106.0,4213.0,1.0,370.0,0.0,370.0,370.0,0.0
aws-sdk-route53recoverycontrolconfig,1.60.0,2026-07-09,ok,40960.0,12.0,0.0,75.0,75.0,0.0,71.0,4.0,0.0,0.0,,1735.0,4801.0,0.0,75.0,0.0,75.0,75.0,0.0
aws-sdk-route53recoveryreadiness,1.58.0,2026-07-09,ok,36352.0,11.0,0.0,59.0,59.0,0.0,57.0,2.0,0.0,0.0,,1813.0,4735.0,0.0,59.0,0.0,59.0,59.0,0.0
shoryuken,7.0.3,2026-07-10,ok,146432.0,53.0,0.0,363.0,363.0,0.0,279.0,84.0,0.0,2.0,,2550.0,5756.0,0.0,363.0,0.0,363.0,363.0,0.0
airbrake-ruby,6.2.2,2023-10-04,ok,43008.0,56.0,0.0,452.0,454.0,0.0,368.0,84.0,0.0,0.0,,2938.0,5194.0,0.0,452.0,0.0,452.0,452.0,0.0
cucumber-rails,4.1.0,2026-07-03,ok,16384.0,20.0,0.0,60.0,61.0,0.0,37.0,21.0,2.0,0.0,,510.0,698.0,0.0,60.0,0.0,60.0,60.0,0.0
nested_form,0.3.2,2013-04-05,ok,483840.0,6.0,0.0,13.0,13.0,0.0,11.0,2.0,0.0,0.0,,175.0,239.0,0.0,13.0,0.0,13.0,13.0,0.0
sorbet-static-and-runtime,0.6.13486,2026-09-06,ok,4608.0,0.0,0.0,0.0,0.0,0.0,0.0,0.0,0.0,0.0,,0.0,0.0,0.0,0.0,0.0,0.0,0.0,0.0
bcrypt-ruby,3.1.5,2014-02-21,ok,9216.0,1.0,0.0,0.0,0.0,0.0,0.0,0.0,0.0,0.0,,4.0,9.0,0.0,0.0,0.0,0.0,0.0,0.0
dante,0.2.0,2013-12-04,ok,11776.0,3.0,0.0,26.0,26.0,0.0,20.0,0.0,6.0,0.0,,208.0,307.0,0.0,26.0,0.0,26.0,26.0,0.0
aws-sdk-chimesdkidentity,1.60.0,2026-07-09,ok,39936.0,11.0,0.0,72.0,72.0,0.0,70.0,2.0,0.0,0.0,,1889.0,5039.0,0.0,72.0,0.0,72.0,72.0,0.0
google_drive,3.0.7,2021-04-13,ok,28672.0,17.0,0.0,261.0,284.0,0.0,244.0,16.0,1.0,8.0,,1888.0,3067.0,0.0,261.0,0.0,261.0,261.0,0.0
i18n-tasks,1.1.2,2025-11-27,ok,84992.0,95.0,0.0,709.0,711.0,0.0,492.0,123.0,94.0,15.0,,6264.0,8372.0,0.0,709.0,0.0,709.0,709.0,0.0
fastlane-plugin-appcenter,2.1.3,2025-01-23,ok,24064.0,7.0,0.0,64.0,64.0,0.0,64.0,0.0,0.0,0.0,,1957.0,2302.0,0.0,64.0,0.0,64.0,64.0,0.0
asciidoctor-kroki,1.0.1,2026-07-15,ok,44544.0,4.0,0.0,44.0,44.0,0.0,22.0,16.0,6.0,0.0,,382.0,521.0,0.0,44.0,0.0,44.0,44.0,0.0
http-2,1.2.2,2026-08-25,ok,56832.0,19.0,0.0,159.0,165.0,0.0,119.0,40.0,0.0,7.0,,2624.0,4170.0,0.0,159.0,0.0,159.0,159.0,0.0
aws-sdk-voiceid,1.60.0,2026-07-09,ok,47104.0,11.0,0.0,60.0,60.0,0.0,58.0,2.0,0.0,0.0,,2015.0,5928.0,0.0,60.0,0.0,60.0,60.0,0.0
test_file_finder,0.3.1,2024-03-28,ok,17920.0,10.0,0.0,36.0,36.0,0.0,25.0,11.0,0.0,0.0,,339.0,471.0,0.0,36.0,0.0,36.0,36.0,0.0
google-apis-dns_v1,0.55.0,2026-07-26,ok,40448.0,6.0,0.0,692.0,692.0,0.0,691.0,0.0,1.0,0.0,,2420.0,5867.0,0.0,692.0,0.0,692.0,692.0,0.0
fluent-plugin-aws-elasticsearch-service,2.4.1,2021-04-21,ok,10752.0,1.0,0.0,15.0,15.0,0.0,11.0,4.0,0.0,0.0,,172.0,234.0,0.0,15.0,0.0,15.0,15.0,0.0
mize,0.6.1,2024-10-17,ok,13312.0,10.0,0.0,29.0,29.0,0.0,21.0,8.0,0.0,0.0,,226.0,320.0,0.0,29.0,0.0,29.0,29.0,0.0
aws-sdk-memorydb,1.65.0,2026-07-09,ok,72192.0,11.0,0.0,119.0,119.0,0.0,117.0,2.0,0.0,0.0,,3381.0,10555.0,0.0,119.0,0.0,119.0,119.0,0.0
aws-sdk-snowdevicemanagement,1.54.0,2026-07-09,ok,34304.0,11.0,0.0,43.0,43.0,0.0,41.0,2.0,0.0,0.0,,1173.0,3253.0,0.0,43.0,0.0,43.0,43.0,0.0
google-apis-monitoring_v3,0.85.0,2026-06-14,ok,87552.0,6.0,0.0,1245.0,1245.0,0.0,1244.0,0.0,1.0,0.0,,4195.0,10794.0,0.0,1245.0,0.0,1245.0,1245.0,0.0
discard,2.0.0,2026-05-27,ok,14848.0,4.0,0.0,20.0,20.0,0.0,16.0,4.0,0.0,0.0,,98.0,233.0,0.0,20.0,0.0,20.0,20.0,0.0
coverband,6.2.2,2026-08-08,ok,253440.0,59.0,0.0,626.0,627.0,0.0,492.0,122.0,12.0,0.0,,4203.0,5712.0,0.0,626.0,0.0,626.0,626.0,0.0
google-apis-compute_v1,0.154.0,2026-08-30,ok,635904.0,6.0,0.0,16702.0,16718.0,0.0,16701.0,0.0,1.0,0.0,,57057.0,162451.0,0.0,16702.0,0.0,16702.0,16702.0,0.0
benchmark-perf,0.6.0,2020-02-24,ok,10752.0,1.0,0.0,0.0,0.0,0.0,0.0,0.0,0.0,0.0,,1.0,2.0,0.0,0.0,0.0,0.0,0.0,0.0
graphlient,0.9.0,2026-08-02,ok,236032.0,30.0,0.0,101.0,101.0,0.0,69.0,32.0,0.0,0.0,,682.0,926.0,0.0,101.0,0.0,101.0,101.0,0.0
aws-sdk-chimesdkmeetings,1.68.0,2026-07-09,ok,45056.0,11.0,0.0,82.0,82.0,0.0,80.0,2.0,0.0,0.0,,1492.0,4830.0,0.0,82.0,0.0,82.0,82.0,0.0
aws-sdk-connectwisdomservice,1.65.0,2026-07-09,ok,61952.0,11.0,0.0,75.0,75.0,0.0,73.0,2.0,0.0,0.0,,2836.0,8936.0,0.0,75.0,0.0,75.0,75.0,0.0
koala,3.7.0,2025-08-27,ok,5522944.0,18.0,0.0,253.0,254.0,0.0,215.0,19.0,19.0,0.0,,1236.0,2553.0,0.0,253.0,0.0,253.0,253.0,0.0
google-apis-pubsub_v1,0.71.0,2026-09-06,ok,46080.0,6.0,0.0,621.0,621.0,0.0,620.0,0.0,1.0,0.0,,2326.0,5843.0,0.0,621.0,0.0,621.0,621.0,0.0
popper_js,2.11.8,2023-08-13,ok,12288.0,3.0,0.0,0.0,0.0,0.0,0.0,0.0,0.0,0.0,,22.0,32.0,0.0,0.0,0.0,0.0,0.0,0.0
bootstrap,5.3.8,2026-01-11,ok,169984.0,8.0,0.0,47.0,47.0,0.0,32.0,3.0,12.0,0.0,,382.0,471.0,0.0,47.0,0.0,47.0,47.0,0.0
benchmark-trend,0.4.0,2020-03-07,ok,11776.0,1.0,0.0,0.0,0.0,0.0,0.0,0.0,0.0,0.0,,1.0,2.0,0.0,0.0,0.0,0.0,0.0,0.0
tapioca,0.19.2,2026-06-25,ok,138240.0,133.0,0.0,837.0,841.0,0.0,457.0,373.0,7.0,0.0,,9988.0,16564.0,3.0,837.0,0.0,837.0,837.0,0.0
statsd-instrument,4.0.0,2026-08-20,ok,89088.0,35.0,0.0,337.0,337.0,0.0,284.0,45.0,8.0,0.0,,2771.0,4401.0,0.0,337.0,0.0,337.0,337.0,0.0
opentelemetry-instrumentation-excon,0.29.1,2026-04-28,ok,14848.0,13.0,0.0,47.0,47.0,0.0,17.0,30.0,0.0,0.0,,586.0,836.0,0.0,47.0,0.0,47.0,47.0,0.0
amatch,0.7.0,2026-06-05,ok,41472.0,6.0,4.0,69.0,0.0,69.0,69.0,0.0,0.0,0.0,c,60.0,73.0,0.0,69.0,0.0,69.0,69.0,0.0
aws-sdk-nimblestudio,1.41.0,2024-10-15,ok,75264.0,12.0,0.0,181.0,181.0,0.0,176.0,5.0,0.0,0.0,,4301.0,11783.0,0.0,181.0,0.0,181.0,181.0,0.0
benchmark-malloc,0.2.0,2020-03-07,ok,8192.0,1.0,0.0,0.0,0.0,0.0,0.0,0.0,0.0,0.0,,1.0,2.0,0.0,0.0,0.0,0.0,0.0,0.0
google-apis-sqladmin_v1beta4,0.105.0,2026-09-06,ok,86016.0,6.0,0.0,2018.0,2018.0,0.0,2017.0,0.0,1.0,0.0,,6004.0,13581.0,0.0,2018.0,0.0,2018.0,2018.0,0.0
netaddr,2.0.6,2022-07-08,ok,23552.0,10.0,0.0,116.0,116.0,0.0,99.0,13.0,4.0,0.0,,1126.0,1588.0,0.0,116.0,0.0,116.0,116.0,0.0
aws-sdk-cloudcontrolapi,1.56.0,2026-07-09,ok,36352.0,12.0,0.0,71.0,71.0,0.0,67.0,4.0,0.0,0.0,,1166.0,3861.0,0.0,71.0,0.0,71.0,71.0,0.0
roo-xls,2.0.0,2026-01-05,ok,1062400.0,5.0,0.0,60.0,60.0,0.0,43.0,17.0,0.0,0.0,,567.0,727.0,0.0,60.0,0.0,60.0,60.0,0.0
undercover,0.8.5,2026-04-21,ok,2848768.0,14.0,0.0,162.0,162.0,0.0,116.0,46.0,0.0,0.0,,900.0,1222.0,0.0,162.0,0.0,162.0,162.0,0.0
rspec-benchmark,0.6.0,2020-03-09,ok,15872.0,2.0,0.0,4.0,4.0,0.0,4.0,0.0,0.0,0.0,,20.0,46.0,0.0,4.0,0.0,4.0,4.0,0.0
aws-sdk-kafkaconnect,1.61.0,2026-08-31,ok,44032.0,12.0,0.0,50.0,50.0,0.0,48.0,2.0,0.0,0.0,,1952.0,5445.0,0.0,50.0,0.0,50.0,50.0,0.0
naught,2.3.0,2026-03-04,ok,18432.0,21.0,0.0,130.0,131.0,0.0,101.0,29.0,0.0,9.0,,658.0,1466.0,0.0,130.0,0.0,130.0,130.0,0.0
enumerize,3.0.0,2026-08-04,ok,40960.0,27.0,0.0,167.0,167.0,0.0,115.0,52.0,0.0,0.0,,1170.0,1566.0,0.0,167.0,0.0,167.0,167.0,0.0
passenger,6.2.0,2026-08-18,ok,7342080.0,129.0,3788.0,1215.0,1236.0,11.0,707.0,464.0,44.0,0.0,c+cpp,34490.0,42367.0,0.0,1215.0,0.0,1215.0,1215.0,0.0
secure_headers,7.3.0,2026-06-03,ok,37888.0,23.0,0.0,207.0,207.0,0.0,126.0,81.0,0.0,0.0,,1739.0,2450.0,0.0,207.0,0.0,207.0,207.0,0.0
hirb,0.7.3,2015-01-23,ok,46080.0,31.0,0.0,233.0,240.0,0.0,231.0,2.0,0.0,0.0,,1369.0,2074.0,0.0,233.0,0.0,233.0,233.0,0.0
journey,1.0.4,2012-06-14,ok,28672.0,22.0,0.0,282.0,285.0,0.0,232.0,50.0,0.0,0.0,,1544.0,2028.0,0.0,282.0,0.0,282.0,282.0,0.0
pathutil,0.16.2,2018-10-30,ok,11776.0,3.0,0.0,81.0,97.0,0.0,73.0,8.0,0.0,0.0,,628.0,1048.0,0.0,81.0,0.0,81.0,81.0,0.0
aws-sdk-rails,5.2.0,2026-08-11,ok,13824.0,5.0,0.0,34.0,34.0,0.0,11.0,23.0,0.0,0.0,,288.0,463.0,0.0,34.0,0.0,34.0,34.0,0.0
waterdrop,2.10.4,2026-08-26,ok,92160.0,46.0,0.0,246.0,246.0,0.0,189.0,57.0,0.0,0.0,,2705.0,5476.0,0.0,246.0,0.0,246.0,246.0,0.0
aws-sdk-managedgrafana,1.66.0,2026-07-09,ok,53760.0,12.0,0.0,70.0,70.0,0.0,68.0,2.0,0.0,0.0,,1900.0,6161.0,0.0,70.0,0.0,70.0,70.0,0.0
imagen,0.2.0,2024-08-25,ok,10240.0,8.0,0.0,64.0,64.0,0.0,60.0,4.0,0.0,0.0,,307.0,423.0,0.0,64.0,0.0,64.0,64.0,0.0
aws-sdk-panorama,1.59.0,2026-06-29,ok,53248.0,11.0,0.0,76.0,76.0,0.0,74.0,2.0,0.0,0.0,,2584.0,7073.0,0.0,76.0,0.0,76.0,76.0,0.0
rbi,0.4.3,2026-08-05,ok,55296.0,30.0,0.0,892.0,893.0,0.0,677.0,215.0,0.0,0.0,,6079.0,9276.0,4.0,892.0,0.0,892.0,892.0,0.0
unicorn-worker-killer,0.4.5,2021-04-14,ok,9216.0,2.0,0.0,17.0,17.0,0.0,17.0,0.0,0.0,0.0,,92.0,127.0,0.0,17.0,0.0,17.0,17.0,0.0
forwardable-extended,2.6.0,2016-04-06,ok,6656.0,2.0,0.0,9.0,9.0,0.0,7.0,2.0,0.0,0.0,,132.0,213.0,0.0,9.0,0.0,9.0,9.0,0.0
fluent-plugin-gcloud-pubsub-custom,1.6.0,2021-06-17,ok,16384.0,3.0,0.0,37.0,37.0,0.0,26.0,11.0,0.0,0.0,,422.0,499.0,0.0,37.0,0.0,37.0,37.0,0.0
github-markup,6.0.0,2026-05-05,ok,68608.0,8.0,0.0,40.0,40.0,0.0,35.0,5.0,0.0,0.0,,320.0,393.0,0.0,40.0,0.0,40.0,40.0,0.0
ruby-magic,0.6.0,2023-03-14,ok,1224704.0,6.0,5.0,67.0,42.0,25.0,64.0,3.0,0.0,0.0,c,486.0,856.0,0.0,67.0,0.0,67.0,67.0,0.0
declarative_policy,2.1.0,2026-03-13,ok,33792.0,15.0,0.0,203.0,203.0,0.0,187.0,15.0,1.0,0.0,,991.0,1575.0,0.0,203.0,0.0,203.0,203.0,0.0
flamegraph,0.9.5,2016-05-13,ok,108544.0,8.0,0.0,10.0,10.0,0.0,8.0,2.0,0.0,0.0,,198.0,258.0,0.0,10.0,0.0,10.0,10.0,0.0
unaccent,0.4.0,2022-08-31,ok,73728.0,4.0,0.0,2.0,2.0,0.0,2.0,0.0,0.0,0.0,,4040.0,17719.0,0.0,2.0,0.0,2.0,2.0,0.0
cucumber-tag_expressions,2.0.2,2019-07-15,ok,8704.0,3.0,0.0,28.0,28.0,0.0,14.0,14.0,0.0,0.0,,163.0,206.0,0.0,28.0,0.0,28.0,28.0,0.0
aws-sdk-drs,1.70.0,2026-09-03,ok,94208.0,11.0,0.0,121.0,121.0,0.0,119.0,2.0,0.0,0.0,,4576.0,13236.0,0.0,121.0,0.0,121.0,121.0,0.0
prometheus_exporter,2.3.1,2025-11-12,ok,41472.0,47.0,0.0,332.0,332.0,0.0,295.0,29.0,8.0,0.0,,2747.0,3443.0,0.0,332.0,0.0,332.0,332.0,0.0
ld-eventsource,2.6.0,2026-03-26,ok,15360.0,8.0,0.0,39.0,39.0,0.0,25.0,14.0,0.0,0.0,,478.0,862.0,0.0,39.0,0.0,39.0,39.0,0.0
discordrb-webhooks,3.8.0,2026-06-19,ok,14336.0,7.0,0.0,155.0,155.0,0.0,150.0,5.0,0.0,0.0,,653.0,1294.0,0.0,155.0,0.0,155.0,155.0,0.0
aws-sdk-resiliencehub,1.68.0,2026-07-09,ok,93184.0,11.0,0.0,97.0,97.0,0.0,95.0,2.0,0.0,0.0,,4275.0,15231.0,0.0,97.0,0.0,97.0,97.0,0.0
fcm,2.0.3,2026-08-17,ok,17920.0,1.0,0.0,41.0,44.0,0.0,19.0,22.0,0.0,0.0,,285.0,392.0,0.0,41.0,0.0,41.0,41.0,0.0
cucumber-expressions,8.3.0,2019-12-10,ok,22528.0,13.0,0.0,86.0,86.0,0.0,68.0,18.0,0.0,0.0,,620.0,788.0,0.0,86.0,0.0,86.0,86.0,0.0
pdfkit,0.8.7.3,2023-05-30,ok,26624.0,9.0,0.0,71.0,71.0,0.0,51.0,14.0,6.0,0.0,,413.0,563.0,0.0,71.0,0.0,71.0,71.0,0.0
rbvmomi,3.0.0,2020-07-31,ok,267264.0,39.0,0.0,332.0,333.0,0.0,310.0,19.0,3.0,0.0,,3617.0,4959.0,0.0,332.0,0.0,332.0,332.0,0.0
with_advisory_lock,7.6.0,2026-08-05,ok,34304.0,10.0,0.0,36.0,36.0,0.0,23.0,13.0,0.0,0.0,,392.0,556.0,0.0,36.0,0.0,36.0,36.0,0.0
spamcheck,1.3.3,2025-02-25,ok,6656.0,6.0,0.0,0.0,0.0,0.0,0.0,0.0,0.0,0.0,,72.0,121.0,0.0,0.0,0.0,0.0,0.0,0.0
commander-fastlane,4.4.6,2018-02-15,ok,37376.0,18.0,0.0,122.0,122.0,0.0,122.0,0.0,0.0,18.0,,739.0,1507.0,0.0,122.0,0.0,122.0,122.0,0.0
fluent-plugin-grok-parser,2.6.2,2020-09-16,ok,28160.0,3.0,0.0,14.0,14.0,0.0,11.0,3.0,0.0,0.0,,237.0,269.0,0.0,14.0,0.0,14.0,14.0,0.0
rake-compiler,1.3.1,2025-12-14,ok,35840.0,15.0,0.0,114.0,114.0,0.0,87.0,27.0,0.0,0.0,,1116.0,1635.0,0.0,114.0,0.0,114.0,114.0,0.0
crystalball,0.7.0,2019-07-11,ok,39424.0,68.0,0.0,390.0,391.0,0.0,276.0,107.0,7.0,0.0,,1991.0,3020.0,0.0,390.0,0.0,390.0,390.0,0.0
propshaft,1.3.2,2026-04-17,ok,18432.0,20.0,0.0,141.0,141.0,0.0,106.0,35.0,0.0,0.0,,801.0,1210.0,0.0,141.0,0.0,141.0,141.0,0.0
columnize,0.9.0,2014-12-05,ok,16896.0,4.0,0.0,19.0,19.0,0.0,19.0,0.0,0.0,0.0,,184.0,342.0,0.0,19.0,0.0,19.0,19.0,0.0
geokit,1.14.0,2023-01-24,ok,96768.0,34.0,0.0,294.0,296.0,0.0,178.0,115.0,1.0,5.0,,1922.0,2752.0,0.0,294.0,0.0,294.0,294.0,0.0
event_stream_parser,1.0.0,2023-11-13,ok,8704.0,2.0,0.0,7.0,7.0,0.0,3.0,4.0,0.0,0.0,,70.0,229.0,0.0,7.0,0.0,7.0,7.0,0.0
aws-sdk-appconfigdata,1.54.0,2026-07-09,ok,24064.0,11.0,0.0,29.0,29.0,0.0,27.0,2.0,0.0,0.0,,489.0,1454.0,0.0,29.0,0.0,29.0,29.0,0.0
log4r,1.1.10,2012-01-02,ok,118272.0,33.0,0.0,222.0,224.0,0.0,164.0,57.0,1.0,0.0,,1761.0,2725.0,0.0,222.0,0.0,222.0,222.0,0.0
aws-sdk-migrationhubrefactorspaces,1.57.0,2026-07-09,ok,46080.0,11.0,0.0,66.0,66.0,0.0,64.0,2.0,0.0,0.0,,2023.0,6189.0,0.0,66.0,0.0,66.0,66.0,0.0
aws-sdk-backupgateway,1.56.0,2026-07-23,ok,37888.0,11.0,0.0,58.0,58.0,0.0,56.0,2.0,0.0,0.0,,1523.0,4241.0,0.0,58.0,0.0,58.0,58.0,0.0
contracts,0.17.3,2025-12-19,ok,59904.0,20.0,0.0,247.0,248.0,0.0,188.0,59.0,0.0,0.0,,1418.0,2228.0,0.0,247.0,0.0,247.0,247.0,0.0
aws-sdk-inspector2,1.81.0,2026-08-04,ok,166400.0,12.0,0.0,134.0,134.0,0.0,130.0,4.0,0.0,0.0,,7736.0,25527.0,0.0,134.0,0.0,134.0,134.0,0.0
sd_notify,0.1.1,2021-02-27,ok,7168.0,1.0,0.0,10.0,10.0,0.0,10.0,0.0,0.0,0.0,,62.0,123.0,0.0,10.0,0.0,10.0,10.0,0.0
aws-sdk-ssooidc,1.25.0,2025-06-02,ok,9216.0,1.0,0.0,0.0,0.0,0.0,0.0,0.0,0.0,0.0,,2.0,6.0,0.0,0.0,0.0,0.0,0.0,0.0
avro,1.12.2,2026-08-17,ok,52736.0,11.0,0.0,364.0,365.0,0.0,319.0,44.0,1.0,0.0,,2392.0,3339.0,0.0,364.0,0.0,364.0,364.0,0.0
ssh_data,2.0.0,2025-01-06,ok,18944.0,21.0,0.0,182.0,182.0,0.0,171.0,11.0,0.0,0.0,,1488.0,2404.0,0.0,182.0,0.0,182.0,182.0,0.0
libxml-ruby,6.0.0,2026-04-08,ok,277504.0,19.0,73.0,549.0,146.0,407.0,548.0,1.0,0.0,0.0,c,896.0,1642.0,0.0,549.0,0.0,549.0,549.0,0.0
aws-sdk-cloudwatchevidently,1.53.0,2026-01-26,ok,67584.0,11.0,0.0,81.0,81.0,0.0,79.0,2.0,0.0,0.0,,2793.0,9036.0,0.0,81.0,0.0,81.0,81.0,0.0
aws-sdk-workspacesweb,1.66.0,2026-07-09,ok,82432.0,12.0,0.0,121.0,121.0,0.0,119.0,2.0,0.0,0.0,,4136.0,12535.0,0.0,121.0,0.0,121.0,121.0,0.0
binding_ninja,0.2.3,2019-04-25,ok,11264.0,4.0,4.0,10.0,9.0,1.0,10.0,0.0,0.0,0.0,c+java,68.0,89.0,0.0,10.0,0.0,10.0,10.0,0.0
active_storage_validations,4.1.1,2026-09-02,ok,61440.0,63.0,0.0,510.0,510.0,0.0,175.0,287.0,48.0,0.0,,3528.0,4797.0,0.0,510.0,0.0,510.0,510.0,0.0
google-apis-sheets_v4,0.48.0,2026-06-21,ok,107008.0,6.0,0.0,2505.0,2505.0,0.0,2504.0,0.0,1.0,0.0,,7382.0,17521.0,0.0,2505.0,0.0,2505.0,2505.0,0.0
tanuki_emoji,0.13.0,2024-10-29,ok,13693952.0,12.0,0.0,99.0,99.0,0.0,72.0,27.0,0.0,0.0,,607.0,1022.0,0.0,99.0,0.0,99.0,99.0,0.0
hashids,1.0.6,2021-11-29,ok,13312.0,1.0,0.0,23.0,23.0,0.0,10.0,8.0,5.0,0.0,,211.0,296.0,0.0,23.0,0.0,23.0,23.0,0.0
stud,0.0.23,2017-08-02,ok,15872.0,9.0,0.0,45.0,46.0,0.0,32.0,13.0,0.0,0.0,,432.0,990.0,0.0,45.0,0.0,45.0,45.0,0.0
datadog-ruby_core_source,3.5.5,2026-08-18,ok,1011712.0,2.0,481.0,6.0,6.0,0.0,6.0,0.0,0.0,0.0,c,92.0,120.0,0.0,6.0,0.0,6.0,6.0,0.0
puppet,8.10.0,2024-10-22,ok,1533952.0,1016.0,0.0,11104.0,11813.0,0.0,10022.0,814.0,268.0,86.0,,105665.0,163667.0,0.0,11104.0,0.0,11104.0,11104.0,0.0
json_schema,0.21.0,2021-03-02,ok,37376.0,13.0,0.0,186.0,191.0,0.0,115.0,71.0,0.0,0.0,,1583.0,2228.0,0.0,186.0,0.0,186.0,186.0,0.0
country_select,11.0.0,2025-05-31,ok,20480.0,6.0,0.0,15.0,15.0,0.0,5.0,10.0,0.0,0.0,,147.0,203.0,0.0,15.0,0.0,15.0,15.0,0.0
pry-rescue,1.6.0,2024-01-10,ok,21504.0,17.0,0.0,43.0,44.0,0.0,32.0,11.0,0.0,0.0,,397.0,640.0,0.0,43.0,0.0,43.0,43.0,0.0
aws-sdk-amplifyuibuilder,1.60.0,2026-07-09,ok,76800.0,12.0,0.0,57.0,57.0,0.0,55.0,2.0,0.0,0.0,,2644.0,12133.0,0.0,57.0,0.0,57.0,57.0,0.0
redmine_crm,0.0.63,2023-12-26,ok,175616.0,47.0,0.0,451.0,451.0,0.0,407.0,35.0,9.0,0.0,,3335.0,4716.0,0.0,451.0,0.0,451.0,451.0,0.0
geoip,1.6.4,2018-03-20,ok,66048.0,1.0,0.0,42.0,42.0,0.0,23.0,19.0,0.0,0.0,,592.0,936.0,0.0,42.0,0.0,42.0,42.0,0.0
aws-sdk-migrationhubstrategyrecommendations,1.56.0,2026-07-09,ok,55296.0,11.0,0.0,55.0,55.0,0.0,53.0,2.0,0.0,0.0,,2133.0,5871.0,0.0,55.0,0.0,55.0,55.0,0.0
atomic,1.1.101,2018-05-10,ok,17920.0,10.0,3.0,23.0,27.0,9.0,23.0,0.0,0.0,0.0,c+java,147.0,302.0,0.0,23.0,0.0,23.0,23.0,0.0
sin_lru_redux,2.5.3,2026-08-10,ok,11776.0,18.0,0.0,82.0,83.0,0.0,67.0,15.0,0.0,0.0,,499.0,668.0,0.0,82.0,0.0,82.0,82.0,0.0
aws-sdk-cloudwatchrum,1.60.0,2026-07-09,ok,48640.0,12.0,0.0,68.0,68.0,0.0,66.0,2.0,0.0,0.0,,1608.0,5236.0,0.0,68.0,0.0,68.0,68.0,0.0
google-apis-drive_v3,0.87.0,2026-09-06,ok,68096.0,6.0,0.0,1419.0,1419.0,0.0,1418.0,0.0,1.0,0.0,,3810.0,9433.0,0.0,1419.0,0.0,1419.0,1419.0,0.0
rubocop-sorbet,0.16.0,2026-09-02,ok,74752.0,76.0,0.0,319.0,319.0,0.0,167.0,133.0,19.0,0.0,,3390.0,5857.0,0.0,319.0,0.0,319.0,319.0,0.0
oga,3.5,2026-06-10,ok,114176.0,45.0,6.0,715.0,713.0,2.0,588.0,127.0,0.0,0.0,c+java,9768.0,13205.0,0.0,715.0,0.0,715.0,715.0,0.0
bourbon,7.3.0,2023-01-23,ok,93184.0,6.0,0.0,14.0,14.0,0.0,5.0,9.0,0.0,0.0,,131.0,159.0,0.0,14.0,0.0,14.0,14.0,0.0
aws-sdk-recyclebin,1.57.0,2026-07-09,ok,30720.0,11.0,0.0,39.0,39.0,0.0,37.0,2.0,0.0,0.0,,916.0,3025.0,0.0,39.0,0.0,39.0,39.0,0.0
graphql-batch,0.6.1,2025-09-24,ok,16896.0,6.0,0.0,50.0,50.0,0.0,38.0,7.0,5.0,0.0,,277.0,364.0,0.0,50.0,0.0,50.0,50.0,0.0
aws-sdk-iottwinmaker,1.58.0,2026-07-09,ok,68096.0,12.0,0.0,78.0,78.0,0.0,76.0,2.0,0.0,0.0,,3587.0,10304.0,0.0,78.0,0.0,78.0,78.0,0.0
promise.rb,0.7.4,2017-08-25,ok,17920.0,5.0,0.0,43.0,43.0,0.0,32.0,8.0,3.0,0.0,,242.0,326.0,0.0,43.0,0.0,43.0,43.0,0.0
launchdarkly-server-sdk,8.15.1,2026-08-28,ok,150528.0,98.0,0.0,1236.0,1236.0,0.0,1069.0,163.0,4.0,0.0,,9654.0,18533.0,0.0,1236.0,0.0,1236.0,1236.0,0.0
faraday_middleware-multi_json,0.0.6,2014-05-13,ok,7680.0,2.0,0.0,3.0,3.0,0.0,3.0,0.0,0.0,0.0,,24.0,32.0,0.0,3.0,0.0,3.0,3.0,0.0
asana,2.0.3,2023-04-03,ok,70656.0,89.0,0.0,761.0,778.0,0.0,737.0,24.0,0.0,12.0,,3244.0,7574.0,0.0,761.0,0.0,761.0,761.0,0.0
yard-sorbet,0.9.0,2024-06-30,ok,15872.0,15.0,0.0,50.0,50.0,0.0,20.0,30.0,0.0,0.0,,490.0,716.0,0.0,50.0,0.0,50.0,50.0,0.0
interception,0.5,2014-03-06,ok,10752.0,3.0,2.0,20.0,23.0,2.0,17.0,3.0,0.0,0.0,c+java,114.0,232.0,0.0,20.0,0.0,20.0,20.0,0.0
observer,0.1.2,2023-11-07,ok,9728.0,1.0,0.0,7.0,7.0,0.0,7.0,0.0,0.0,0.0,,43.0,230.0,0.0,7.0,0.0,7.0,7.0,0.0
cucumber-ci-environment,15.0.0,2026-08-05,ok,7168.0,2.0,0.0,7.0,7.0,0.0,4.0,3.0,0.0,0.0,,98.0,128.0,0.0,7.0,0.0,7.0,7.0,0.0
standard-performance,1.9.0,2025-12-09,ok,10240.0,7.0,0.0,10.0,10.0,0.0,8.0,2.0,0.0,0.0,,119.0,156.0,0.0,10.0,0.0,10.0,10.0,0.0
chef-sugar,5.1.12,2020-11-11,ok,20992.0,26.0,0.0,186.0,187.0,0.0,180.0,6.0,0.0,0.0,,1019.0,2680.0,0.0,186.0,0.0,186.0,186.0,0.0
tty-markdown,0.7.2,2023-03-12,ok,16896.0,6.0,0.0,59.0,61.0,0.0,16.0,43.0,0.0,0.0,,647.0,1163.0,0.0,59.0,0.0,59.0,59.0,0.0
ruby-ll,2.2.0,2026-06-10,ok,43008.0,25.0,12.0,218.0,213.0,5.0,210.0,8.0,0.0,0.0,c+java,1554.0,2566.0,0.0,218.0,0.0,218.0,218.0,0.0
pry-shell,0.7.0,2026-06-19,ok,14848.0,29.0,0.0,131.0,131.0,0.0,76.0,55.0,0.0,0.0,,868.0,1152.0,0.0,131.0,0.0,131.0,131.0,0.0
barby,0.7.0,2024-10-26,ok,98816.0,28.0,0.0,441.0,446.0,0.0,422.0,19.0,0.0,0.0,,2315.0,3592.0,0.0,441.0,0.0,441.0,441.0,0.0
rack-rewrite,1.5.1,2015-01-01,ok,18432.0,4.0,0.0,39.0,44.0,0.0,18.0,10.0,11.0,0.0,,205.0,301.0,0.0,39.0,0.0,39.0,39.0,0.0
google-apis-firebaseappdistribution_v1,0.22.0,2026-08-02,ok,30720.0,6.0,0.0,412.0,412.0,0.0,411.0,0.0,1.0,0.0,,1442.0,3436.0,0.0,412.0,0.0,412.0,412.0,0.0
karafka,2.6.1,2026-08-24,ok,410112.0,475.0,0.0,1801.0,1802.0,0.0,1493.0,306.0,2.0,0.0,,20963.0,45098.0,1.0,1801.0,0.0,1801.0,1801.0,0.0
fluent-plugin-ec2-metadata,0.1.3,2019-12-13,ok,13824.0,3.0,0.0,18.0,18.0,0.0,10.0,8.0,0.0,0.0,,187.0,233.0,0.0,18.0,0.0,18.0,18.0,0.0
posix-spawn,0.3.15,2020-07-14,ok,29696.0,5.0,1.0,29.0,28.0,1.0,19.0,10.0,0.0,0.0,c,387.0,847.0,0.0,29.0,0.0,29.0,29.0,0.0
twitter,8.3.1,2026-04-30,ok,54784.0,92.0,0.0,614.0,614.0,0.0,509.0,105.0,0.0,0.0,,3145.0,8863.0,0.0,614.0,0.0,614.0,614.0,0.0
thwait,0.2.0,2020-07-16,ok,7680.0,2.0,0.0,9.0,9.0,0.0,9.0,0.0,0.0,0.0,,65.0,146.0,0.0,9.0,0.0,9.0,9.0,0.0
axe-core-api,4.13.0,2026-08-11,ok,174080.0,27.0,0.0,179.0,179.0,0.0,133.0,46.0,0.0,10.0,,1234.0,1512.0,0.0,179.0,0.0,179.0,179.0,0.0
bootstrap_form,5.6.1,2026-05-04,ok,60416.0,50.0,0.0,136.0,136.0,0.0,52.0,84.0,0.0,0.0,,1447.0,1896.0,0.0,136.0,0.0,136.0,136.0,0.0
buftok,1.0.1,2026-03-20,ok,10752.0,1.0,0.0,7.0,7.0,0.0,5.0,2.0,0.0,0.0,,45.0,170.0,0.0,7.0,0.0,7.0,7.0,0.0
searchkick,6.1.2,2026-06-05,ok,63488.0,27.0,0.0,436.0,436.0,0.0,351.0,70.0,15.0,0.0,,4109.0,5113.0,0.0,436.0,0.0,436.0,436.0,0.0
rspec-instafail,1.0.0,2016-05-20,ok,6144.0,5.0,0.0,4.0,6.0,0.0,2.0,2.0,0.0,0.0,,66.0,82.0,0.0,4.0,0.0,4.0,4.0,0.0
remotipart,1.4.4,2019-12-29,ok,40448.0,10.0,0.0,15.0,16.0,0.0,14.0,1.0,0.0,0.0,,172.0,231.0,0.0,15.0,0.0,15.0,15.0,0.0
flog,4.9.4,2026-01-07,ok,28160.0,4.0,0.0,84.0,89.0,0.0,84.0,0.0,0.0,0.0,,722.0,1105.0,0.0,84.0,0.0,84.0,84.0,0.0
standard-custom,1.0.2,2023-07-13,ok,8192.0,5.0,0.0,13.0,13.0,0.0,6.0,7.0,0.0,0.0,,103.0,147.0,0.0,13.0,0.0,13.0,13.0,0.0
deep_cloneable,3.2.2,2026-02-19,ok,13824.0,6.0,0.0,16.0,16.0,0.0,2.0,13.0,1.0,0.0,,194.0,253.0,0.0,16.0,0.0,16.0,16.0,0.0
http_accept_language,2.1.1,2017-06-28,ok,10752.0,8.0,0.0,30.0,30.0,0.0,29.0,1.0,0.0,0.0,,206.0,308.0,0.0,30.0,0.0,30.0,30.0,0.0
adamantium,0.2.0,2014-01-21,ok,16896.0,6.0,0.0,20.0,20.0,0.0,16.0,2.0,2.0,0.0,,137.0,401.0,0.0,20.0,0.0,20.0,20.0,0.0
google-cloud-location,1.5.1,2026-08-05,ok,31744.0,18.0,0.0,35.0,35.0,0.0,35.0,0.0,0.0,0.0,,774.0,2933.0,0.0,35.0,0.0,35.0,35.0,0.0
inspec,7.2.1,2026-09-02,ok,12800.0,3.0,0.0,0.0,0.0,0.0,0.0,0.0,0.0,0.0,,61.0,83.0,0.0,0.0,0.0,0.0,0.0,0.0
rb_sys,0.9.130,2026-08-21,ok,32768.0,14.0,0.0,176.0,177.0,0.0,115.0,61.0,0.0,0.0,,1004.0,1557.0,0.0,176.0,0.0,176.0,176.0,0.0
braintree,4.40.0,2026-08-05,ok,288768.0,195.0,0.0,2296.0,2296.0,0.0,2282.0,14.0,0.0,0.0,,11160.0,13112.0,0.0,2296.0,0.0,2296.0,2296.0,0.0
dead_end,4.0.0,2022-06-02,ok,34304.0,26.0,0.0,205.0,205.0,0.0,187.0,18.0,0.0,3.0,,1472.0,2863.0,0.0,205.0,0.0,205.0,205.0,0.0
ruby-lsp,0.26.11,2026-08-20,ok,151552.0,100.0,0.0,1215.0,1215.0,0.0,911.0,304.0,0.0,0.0,,12609.0,18813.0,0.0,1215.0,0.0,1215.0,1215.0,0.0
scout_apm,6.3.0,2026-08-25,ok,331264.0,177.0,2.0,1687.0,1704.0,3.0,1579.0,108.0,0.0,0.0,c,10874.0,15387.0,0.0,1687.0,0.0,1687.0,1687.0,0.0
bundler-unload,1.0.2,2013-09-22,ok,5632.0,2.0,0.0,8.0,8.0,0.0,8.0,0.0,0.0,0.0,,46.0,53.0,0.0,8.0,0.0,8.0,8.0,0.0
opentelemetry-instrumentation-rake,0.6.0,2026-04-15,ok,10752.0,6.0,0.0,7.0,7.0,0.0,2.0,5.0,0.0,0.0,,85.0,149.0,0.0,7.0,0.0,7.0,7.0,0.0
cabin,0.9.1,2025-09-23,ok,21504.0,27.0,0.0,100.0,101.0,0.0,82.0,18.0,0.0,0.0,,823.0,1344.0,0.0,100.0,0.0,100.0,100.0,0.0
hiera,3.12.0,2023-02-08,ok,40960.0,16.0,0.0,71.0,71.0,0.0,68.0,3.0,0.0,8.0,,742.0,1217.0,0.0,71.0,0.0,71.0,71.0,0.0
mixlib-authentication,3.0.10,2021-03-15,ok,15872.0,7.0,0.0,49.0,49.0,0.0,43.0,6.0,0.0,0.0,,457.0,839.0,0.0,49.0,0.0,49.0,49.0,0.0
abstract_type,0.0.7,2013-10-28,ok,11776.0,2.0,0.0,7.0,7.0,0.0,5.0,2.0,0.0,0.0,,43.0,129.0,0.0,7.0,0.0,7.0,7.0,0.0
archive-zip,0.13.1,2025-06-20,ok,39424.0,25.0,0.0,223.0,223.0,0.0,192.0,30.0,1.0,0.0,,1988.0,3873.0,0.0,223.0,0.0,223.0,223.0,0.0
intercom,4.2.2,2025-09-01,ok,189952.0,84.0,0.0,297.0,297.0,0.0,227.0,70.0,0.0,0.0,,2242.0,2841.0,0.0,297.0,0.0,297.0,297.0,0.0
digest,3.2.1,2025-10-31,ok,41472.0,12.0,19.0,48.0,18.0,30.0,48.0,0.0,0.0,0.0,c,172.0,396.0,0.0,48.0,0.0,48.0,48.0,0.0
rubocop-rails-omakase,1.1.0,2025-02-25,ok,6144.0,0.0,0.0,0.0,0.0,0.0,0.0,0.0,0.0,0.0,,0.0,0.0,0.0,0.0,0.0,0.0,0.0,0.0
interactor,3.2.0,2025-07-10,ok,21504.0,5.0,0.0,36.0,36.0,0.0,30.0,6.0,0.0,0.0,,176.0,767.0,0.0,36.0,0.0,36.0,36.0,0.0
expgen,0.1.1,2013-04-02,ok,9216.0,6.0,0.0,24.0,24.0,0.0,24.0,0.0,0.0,0.0,,267.0,322.0,0.0,24.0,0.0,24.0,24.0,0.0
procto,0.0.3,2016-02-29,ok,9728.0,2.0,0.0,4.0,5.0,0.0,3.0,1.0,0.0,0.0,,26.0,120.0,0.0,4.0,0.0,4.0,4.0,0.0
concord,0.1.6,2020-09-10,ok,5120.0,1.0,0.0,8.0,9.0,0.0,2.0,6.0,0.0,0.0,,54.0,123.0,0.0,8.0,0.0,8.0,8.0,0.0
net-ftp,0.3.9,2025-10-29,ok,19968.0,1.0,0.0,121.0,125.0,0.0,121.0,0.0,0.0,0.0,,986.0,1566.0,0.0,121.0,0.0,121.0,121.0,0.0
roadie,5.3.1,2026-07-11,ok,55296.0,27.0,0.0,200.0,200.0,0.0,121.0,72.0,7.0,0.0,,1144.0,2038.0,0.0,200.0,0.0,200.0,200.0,0.0
rgeo-activerecord,8.1.0,2025-10-23,ok,14336.0,8.0,0.0,77.0,78.0,0.0,72.0,5.0,0.0,0.0,,429.0,660.0,0.0,77.0,0.0,77.0,77.0,0.0
spoon,0.0.6,2016-09-06,ok,10240.0,3.0,0.0,21.0,25.0,0.0,19.0,2.0,0.0,0.0,,174.0,255.0,0.0,21.0,0.0,21.0,21.0,0.0
train,3.16.5,2026-06-11,ok,16896.0,11.0,0.0,79.0,79.0,0.0,58.0,21.0,0.0,0.0,,706.0,980.0,0.0,79.0,0.0,79.0,79.0,0.0
aliyun-sdk,0.8.0,2020-08-17,ok,80896.0,27.0,3.0,233.0,234.0,2.0,185.0,48.0,0.0,0.0,c,2451.0,4527.0,0.0,233.0,0.0,233.0,233.0,0.0
aws-sdk-ivschat,1.60.0,2026-07-09,ok,36352.0,12.0,0.0,60.0,60.0,0.0,58.0,2.0,0.0,0.0,,1329.0,3883.0,0.0,60.0,0.0,60.0,60.0,0.0
pstore,0.2.1,2026-02-16,ok,15360.0,1.0,0.0,27.0,28.0,0.0,18.0,9.0,0.0,0.0,,220.0,737.0,0.0,27.0,0.0,27.0,27.0,0.0
hocon,1.4.0,2023-03-21,ok,107008.0,88.0,0.0,994.0,997.0,0.0,979.0,15.0,0.0,0.0,,7901.0,11939.0,0.0,994.0,0.0,994.0,994.0,0.0
gitlab_quality-test_tooling,3.21.4,2026-09-03,ok,125440.0,119.0,0.0,1159.0,1159.0,0.0,472.0,687.0,0.0,0.0,,8011.0,11321.0,0.0,1159.0,0.0,1159.0,1159.0,0.0
aws-sdk-keyspaces,1.60.0,2026-07-09,ok,52224.0,12.0,0.0,47.0,47.0,0.0,45.0,2.0,0.0,0.0,,1602.0,6078.0,0.0,47.0,0.0,47.0,47.0,0.0
abbrev,0.1.2,2023-12-16,ok,8704.0,1.0,0.0,2.0,2.0,0.0,2.0,0.0,0.0,0.0,,36.0,134.0,0.0,2.0,0.0,2.0,2.0,0.0
aws-sdk-chimesdkmediapipelines,1.57.0,2026-07-09,ok,70144.0,11.0,0.0,82.0,82.0,0.0,80.0,2.0,0.0,0.0,,2778.0,8427.0,0.0,82.0,0.0,82.0,82.0,0.0
jsonb_accessor,1.4.2,2026-03-20,ok,20480.0,9.0,0.0,25.0,25.0,0.0,24.0,1.0,0.0,6.0,,393.0,543.0,0.0,25.0,0.0,25.0,25.0,0.0
overcommit,0.73.0,2026-09-06,ok,86528.0,225.0,0.0,601.0,603.0,0.0,398.0,202.0,1.0,20.0,,5681.0,9350.0,0.0,601.0,0.0,601.0,601.0,0.0
diplomat,2.6.6,2026-03-08,ok,26624.0,28.0,0.0,169.0,169.0,0.0,135.0,33.0,1.0,0.0,,1370.0,2339.0,2.0,169.0,0.0,169.0,169.0,0.0
omniauth-alicloud,3.0.0,2023-09-15,ok,8192.0,3.0,0.0,2.0,2.0,0.0,1.0,0.0,1.0,0.0,,44.0,61.0,0.0,2.0,0.0,2.0,2.0,0.0
activerecord-postgis-adapter,11.1.1,2025-11-27,ok,12288.0,15.0,0.0,75.0,78.0,0.0,66.0,8.0,1.0,0.0,,633.0,832.0,0.0,75.0,0.0,75.0,75.0,0.0
google-cloud-bigquery,1.64.0,2026-05-11,ok,218112.0,46.0,0.0,1444.0,1464.0,0.0,1322.0,3.0,119.0,0.0,,8032.0,32767.0,0.0,1444.0,0.0,1444.0,1444.0,0.0
aws-sdk-billingconductor,1.60.0,2026-07-09,ok,56832.0,12.0,0.0,74.0,74.0,0.0,72.0,2.0,0.0,0.0,,2583.0,7442.0,0.0,74.0,0.0,74.0,74.0,0.0
king_konf,1.0.1,2022-10-03,ok,13824.0,7.0,0.0,41.0,41.0,0.0,38.0,3.0,0.0,0.0,,272.0,350.0,0.0,41.0,0.0,41.0,41.0,0.0
ci_reporter,2.1.0,2023-02-09,ok,15872.0,7.0,0.0,36.0,37.0,0.0,35.0,1.0,0.0,2.0,,208.0,284.0,0.0,36.0,0.0,36.0,36.0,0.0
rspec-activemodel-mocks,1.3.0,2025-08-07,ok,20992.0,7.0,0.0,34.0,34.0,0.0,33.0,1.0,0.0,0.0,,260.0,411.0,0.0,34.0,0.0,34.0,34.0,0.0
gem-release,2.2.4,2024-12-28,ok,34304.0,42.0,0.0,316.0,316.0,0.0,171.0,145.0,0.0,0.0,,2017.0,2539.0,2.0,316.0,0.0,316.0,316.0,0.0
aws-sdk-pinpointsmsvoicev2,1.61.0,2026-08-31,ok,151040.0,12.0,0.0,151.0,151.0,0.0,149.0,2.0,0.0,0.0,,7202.0,23150.0,0.0,151.0,0.0,151.0,151.0,0.0
aws-sdk-emrserverless,1.70.0,2026-07-09,ok,55296.0,11.0,0.0,47.0,47.0,0.0,45.0,2.0,0.0,0.0,,1986.0,6295.0,0.0,47.0,0.0,47.0,47.0,0.0
fog-vsphere,3.7.3,2026-03-23,ok,320512.0,133.0,0.0,562.0,563.0,0.0,422.0,64.0,76.0,0.0,,6381.0,7882.0,0.0,562.0,0.0,562.0,562.0,0.0
fog-xenserver,1.0.0,2018-09-17,ok,113664.0,337.0,0.0,402.0,406.0,0.0,401.0,1.0,0.0,0.0,,5133.0,5806.0,0.0,402.0,0.0,402.0,402.0,0.0
rabl,0.17.0,2024-11-26,ok,33280.0,18.0,0.0,198.0,200.0,0.0,142.0,21.0,35.0,0.0,,1173.0,1728.0,0.0,198.0,0.0,198.0,198.0,0.0
sshkey,3.0.0,2023-08-24,ok,31232.0,2.0,0.0,49.0,49.0,0.0,40.0,9.0,0.0,0.0,,412.0,675.0,0.0,49.0,0.0,49.0,49.0,0.0
fakeredis,0.9.2,2023-05-04,ok,44032.0,16.0,0.0,281.0,281.0,0.0,252.0,29.0,0.0,0.0,,1938.0,2500.0,0.0,281.0,0.0,281.0,281.0,0.0
insist,1.0.0,2013-09-06,ok,9728.0,10.0,0.0,21.0,21.0,0.0,21.0,0.0,0.0,0.0,,134.0,251.0,0.0,21.0,0.0,21.0,21.0,0.0
asset_sync,2.19.3,2026-01-09,ok,46592.0,10.0,0.0,202.0,203.0,0.0,197.0,5.0,0.0,0.0,,921.0,1248.0,1.0,202.0,0.0,202.0,202.0,0.0
ruby-enum,1.2.1,2026-08-15,ok,1119744.0,10.0,0.0,44.0,44.0,0.0,31.0,13.0,0.0,0.0,,253.0,481.0,0.0,44.0,0.0,44.0,44.0,0.0
zlib,3.2.3,2026-03-05,ok,39424.0,1.0,1.0,100.0,0.0,100.0,100.0,0.0,0.0,0.0,c,125.0,145.0,0.0,100.0,0.0,100.0,100.0,0.0
ffi-libarchive,1.1.14,2024-01-31,ok,16384.0,7.0,0.0,145.0,145.0,0.0,143.0,2.0,0.0,0.0,,1120.0,1367.0,0.0,145.0,0.0,145.0,145.0,0.0
aws-sdk-redshiftserverless,1.73.0,2026-08-19,ok,86528.0,11.0,0.0,111.0,111.0,0.0,109.0,2.0,0.0,0.0,,3713.0,11878.0,0.0,111.0,0.0,111.0,111.0,0.0
rails_autolink,1.1.8,2023-02-15,ok,8704.0,3.0,0.0,6.0,6.0,0.0,1.0,5.0,0.0,0.0,,103.0,176.0,0.0,6.0,0.0,6.0,6.0,0.0
ms_rest_azure,0.12.0,2020-05-21,ok,20992.0,21.0,0.0,188.0,188.0,0.0,134.0,54.0,0.0,0.0,,906.0,1685.0,0.0,188.0,0.0,188.0,188.0,0.0
thruster,0.1.26,2026-08-24,ok,7680.0,2.0,0.0,0.0,0.0,0.0,0.0,0.0,0.0,0.0,,6.0,9.0,0.0,0.0,0.0,0.0,0.0,0.0
ms_rest,0.7.6,2020-03-05,ok,158720.0,17.0,0.0,113.0,113.0,0.0,99.0,14.0,0.0,0.0,,693.0,1248.0,0.0,113.0,0.0,113.0,113.0,0.0
chef,19.3.15,2026-05-22,ok,916480.0,798.0,0.0,7010.0,7055.0,0.0,5918.0,988.0,104.0,2.0,,71867.0,116446.0,1.0,7010.0,0.0,7010.0,7010.0,0.0
aws-sdk-connectcampaignservice,1.51.0,2026-07-09,ok,33792.0,11.0,0.0,67.0,67.0,0.0,65.0,2.0,0.0,0.0,,1423.0,3693.0,0.0,67.0,0.0,67.0,67.0,0.0
aws-sdk-mainframemodernization,1.54.0,2026-07-09,ok,61952.0,11.0,0.0,89.0,89.0,0.0,87.0,2.0,0.0,0.0,,2939.0,8271.0,0.0,89.0,0.0,89.0,89.0,0.0
traces,0.18.2,2025-09-10,ok,19968.0,11.0,0.0,50.0,56.0,0.0,50.0,0.0,0.0,0.0,,375.0,708.0,0.0,50.0,0.0,50.0,50.0,0.0
karafka-core,2.6.3,2026-08-31,ok,48640.0,24.0,0.0,104.0,105.0,0.0,82.0,22.0,0.0,0.0,,1025.0,2042.0,0.0,104.0,0.0,104.0,104.0,0.0
pleaserun,0.0.34,2026-05-25,ok,35840.0,16.0,0.0,82.0,82.0,0.0,82.0,0.0,0.0,14.0,,775.0,1138.0,0.0,82.0,0.0,82.0,82.0,0.0
site_prism,6.0.1,2026-06-25,ok,33280.0,18.0,0.0,142.0,142.0,0.0,70.0,72.0,0.0,0.0,,837.0,1430.0,0.0,142.0,0.0,142.0,142.0,0.0
retries,0.0.5,2013-03-19,ok,9728.0,2.0,0.0,3.0,3.0,0.0,3.0,0.0,0.0,0.0,,41.0,70.0,0.0,3.0,0.0,3.0,3.0,0.0
activerecord-nulldb-adapter,1.2.2,2025-12-03,ok,20480.0,20.0,0.0,121.0,124.0,0.0,105.0,15.0,1.0,0.0,,635.0,864.0,0.0,121.0,0.0,121.0,121.0,0.0
rails_semantic_logger,5.2.0,2026-09-05,ok,35840.0,25.0,0.0,188.0,189.0,0.0,125.0,63.0,0.0,0.0,,1704.0,2619.0,0.0,188.0,0.0,188.0,188.0,0.0
inline_svg,1.10.0,2024-09-03,ok,31744.0,30.0,0.0,91.0,91.0,0.0,75.0,16.0,0.0,0.0,,659.0,839.0,0.0,91.0,0.0,91.0,91.0,0.0
rolify,6.0.1,2023-02-02,ok,40448.0,26.0,0.0,129.0,156.0,0.0,112.0,17.0,0.0,0.0,,997.0,1241.0,5.0,129.0,0.0,129.0,129.0,0.0
awesome_nested_set,3.9.0,2025-12-20,ok,21504.0,16.0,0.0,168.0,168.0,0.0,107.0,38.0,23.0,0.0,,1044.0,1437.0,0.0,168.0,0.0,168.0,168.0,0.0
active_record_union,1.4.0,2025-10-01,ok,14848.0,3.0,0.0,5.0,5.0,0.0,2.0,3.0,0.0,0.0,,62.0,82.0,0.0,5.0,0.0,5.0,5.0,0.0
axe-core-rspec,4.13.0,2026-08-11,ok,11776.0,1.0,0.0,0.0,0.0,0.0,0.0,0.0,0.0,0.0,,5.0,8.0,0.0,0.0,0.0,0.0,0.0,0.0
transproc,1.1.1,2019-12-21,ok,35328.0,25.0,0.0,139.0,142.0,0.0,125.0,11.0,3.0,0.0,,773.0,2161.0,0.0,139.0,0.0,139.0,139.0,0.0
codecov,0.6.0,2021-08-18,ok,14336.0,5.0,0.0,25.0,25.0,0.0,14.0,11.0,0.0,0.0,,568.0,730.0,0.0,25.0,0.0,25.0,25.0,0.0
dry-auto_inject,1.2.1,2026-05-26,ok,17408.0,18.0,0.0,85.0,86.0,0.0,46.0,39.0,0.0,0.0,,667.0,1006.0,0.0,85.0,0.0,85.0,85.0,0.0
meta_request,0.8.6,2026-05-27,ok,10240.0,14.0,0.0,54.0,54.0,0.0,41.0,13.0,0.0,4.0,,398.0,545.0,0.0,54.0,0.0,54.0,54.0,0.0
composite_primary_keys,14.0.10,2024-12-20,ok,75264.0,44.0,0.0,130.0,131.0,0.0,126.0,4.0,0.0,0.0,,1910.0,2646.0,0.0,130.0,0.0,130.0,130.0,0.0
rvm,1.11.3.8,2013-05-30,ok,19968.0,22.0,0.0,219.0,231.0,0.0,188.0,2.0,29.0,0.0,,1001.0,1716.0,0.0,219.0,0.0,219.0,219.0,0.0
opentelemetry-helpers-sql-obfuscation,0.5.0,2025-10-22,ok,12288.0,4.0,0.0,2.0,2.0,0.0,2.0,0.0,0.0,2.0,,85.0,172.0,0.0,2.0,0.0,2.0,2.0,0.0
capistrano-rvm,0.1.2,2014-10-14,ok,7680.0,2.0,0.0,0.0,0.0,0.0,0.0,0.0,0.0,0.0,,1.0,3.0,0.0,0.0,0.0,0.0,0.0,0.0
logstash-logger,1.0.0,2026-03-04,ok,55296.0,35.0,0.0,247.0,247.0,0.0,199.0,42.0,6.0,0.0,,1588.0,2134.0,0.0,247.0,0.0,247.0,247.0,0.0
aws-sdk-rolesanywhere,1.55.0,2026-07-28,ok,38912.0,12.0,0.0,53.0,53.0,0.0,51.0,2.0,0.0,0.0,,1425.0,4714.0,0.0,53.0,0.0,53.0,53.0,0.0
progress_bar,1.3.4,2024-05-28,ok,143360.0,4.0,0.0,39.0,39.0,0.0,19.0,0.0,20.0,0.0,,180.0,238.0,0.0,39.0,0.0,39.0,39.0,0.0
google-apis-firebaseappdistribution_v1alpha,0.30.0,2026-07-26,ok,29696.0,6.0,0.0,490.0,490.0,0.0,489.0,0.0,1.0,0.0,,1728.0,3744.0,0.0,490.0,0.0,490.0,490.0,0.0
exception_notification,5.0.1,2025-08-03,ok,37888.0,25.0,0.0,158.0,158.0,0.0,98.0,58.0,2.0,0.0,,1350.0,1810.0,0.0,158.0,0.0,158.0,158.0,0.0
xmlrpc,0.3.4,2026-04-10,ok,30720.0,10.0,0.0,216.0,223.0,0.0,171.0,45.0,0.0,0.0,,1565.0,3091.0,0.0,216.0,0.0,216.0,216.0,0.0
gitlab-triage,1.53.1,2026-09-02,ok,71680.0,91.0,0.0,509.0,509.0,0.0,276.0,231.0,2.0,1.0,,4419.0,6123.0,0.0,509.0,0.0,509.0,509.0,0.0
kt-paperclip,8.0.0,2026-06-30,ok,62976.0,66.0,0.0,571.0,572.0,0.0,415.0,137.0,19.0,0.0,,3504.0,5256.0,0.0,571.0,0.0,571.0,571.0,0.0
default_value_for,4.2.0,2025-11-05,ok,15872.0,4.0,0.0,69.0,73.0,0.0,69.0,0.0,0.0,0.0,,530.0,739.0,0.0,69.0,0.0,69.0,69.0,0.0
simplecov-json,0.2.3,2020-10-26,ok,5632.0,1.0,0.0,5.0,5.0,0.0,4.0,1.0,0.0,0.0,,47.0,63.0,0.0,5.0,0.0,5.0,5.0,0.0
gemojione,4.3.3,2020-06-09,ok,17678848.0,7.0,0.0,61.0,61.0,0.0,44.0,17.0,0.0,0.0,,549.0,658.0,0.0,61.0,0.0,61.0,61.0,0.0
maxminddb,0.1.22,2018-09-15,ok,15872.0,9.0,0.0,57.0,57.0,0.0,46.0,11.0,0.0,0.0,,357.0,451.0,0.0,57.0,0.0,57.0,57.0,0.0
scss_lint,0.60.0,2023-01-27,ok,112640.0,98.0,0.0,673.0,715.0,0.0,367.0,300.0,6.0,0.0,,4665.0,6796.0,0.0,673.0,0.0,673.0,673.0,0.0
opentelemetry-instrumentation-grape,0.7.1,2026-07-14,ok,13312.0,7.0,0.0,19.0,19.0,0.0,5.0,14.0,0.0,0.0,,177.0,308.0,0.0,19.0,0.0,19.0,19.0,0.0
options,2.3.2,2014-02-22,ok,10752.0,1.0,0.0,46.0,48.0,0.0,45.0,0.0,1.0,0.0,,186.0,225.0,0.0,46.0,0.0,46.0,46.0,0.0
cvss-suite,5.0.0,2026-09-06,ok,35328.0,35.0,0.0,236.0,236.0,0.0,191.0,45.0,0.0,0.0,,2038.0,3119.0,0.0,236.0,0.0,236.0,236.0,0.0
sidekiq-status,4.0.0,2025-09-25,ok,407552.0,12.0,0.0,71.0,74.0,0.0,59.0,6.0,6.0,0.0,,545.0,787.0,0.0,71.0,0.0,71.0,71.0,0.0
jsbundling-rails,1.3.1,2024-07-29,ok,10752.0,9.0,0.0,0.0,0.0,0.0,0.0,0.0,0.0,0.0,,123.0,155.0,0.0,0.0,0.0,0.0,0.0,0.0
db-query-matchers,0.15.0,2025-11-03,ok,7168.0,6.0,0.0,32.0,32.0,0.0,29.0,3.0,0.0,0.0,,156.0,244.0,0.0,32.0,0.0,32.0,32.0,0.0
kamal,2.12.0,2026-06-18,ok,83968.0,109.0,0.0,1158.0,1158.0,0.0,752.0,406.0,0.0,0.0,,6917.0,8624.0,0.0,1158.0,0.0,1158.0,1158.0,0.0
clockwork,4.0.1,2026-02-28,ok,28160.0,11.0,0.0,97.0,97.0,0.0,75.0,22.0,0.0,0.0,,545.0,733.0,0.0,97.0,0.0,97.0,97.0,0.0
rubocop-thread_safety,0.7.3,2025-06-19,ok,13312.0,11.0,0.0,54.0,54.0,0.0,22.0,32.0,0.0,0.0,,547.0,935.0,0.0,54.0,0.0,54.0,54.0,0.0
solid_queue,1.7.0,2026-08-21,ok,65536.0,83.0,0.0,612.0,613.0,0.0,304.0,308.0,0.0,0.0,,3984.0,5257.0,0.0,612.0,0.0,612.0,612.0,0.0
pdf-inspector,1.3.0,2017-03-17,ok,30720.0,6.0,0.0,94.0,94.0,0.0,94.0,0.0,0.0,0.0,,293.0,360.0,0.0,94.0,0.0,94.0,94.0,0.0
aws-sdk-licensemanagerusersubscriptions,1.54.0,2026-08-26,ok,38912.0,12.0,0.0,46.0,46.0,0.0,44.0,2.0,0.0,0.0,,1412.0,4415.0,0.0,46.0,0.0,46.0,46.0,0.0
winrm,2.3.9,2024-08-02,ok,43008.0,50.0,0.0,347.0,347.0,0.0,190.0,103.0,54.0,0.0,,2701.0,4206.0,0.0,347.0,0.0,347.0,347.0,0.0
oauth-tty,1.0.13,2026-07-15,ok,42496.0,12.0,0.0,37.0,37.0,0.0,22.0,3.0,12.0,0.0,,523.0,687.0,0.0,37.0,0.0,37.0,37.0,0.0
allure-ruby-commons,2.29.1,2026-04-15,ok,15360.0,26.0,0.0,243.0,245.0,0.0,218.0,24.0,1.0,0.0,,837.0,1568.0,0.0,243.0,0.0,243.0,243.0,0.0
minitest-spec-rails,7.4.1,2024-11-17,ok,23552.0,13.0,0.0,20.0,20.0,0.0,19.0,1.0,0.0,0.0,,261.0,319.0,0.0,20.0,0.0,20.0,20.0,0.0
telesign,4.0.2,2026-05-04,ok,8704.0,8.0,0.0,30.0,30.0,0.0,27.0,3.0,0.0,0.0,,249.0,442.0,0.0,30.0,0.0,30.0,30.0,0.0
karafka-rdkafka,0.28.1,2026-09-04,ok,4983808.0,65.0,0.0,378.0,378.0,0.0,349.0,29.0,0.0,0.0,,4463.0,8071.0,0.0,378.0,0.0,378.0,378.0,0.0
ntlm-http,0.1.1,2009-08-05,ok,13824.0,2.0,0.0,91.0,176.0,0.0,85.0,6.0,0.0,0.0,,1254.0,1630.0,0.0,91.0,0.0,91.0,91.0,0.0
action_text-trix,2.1.19,2026-05-09,ok,112128.0,3.0,0.0,0.0,0.0,0.0,0.0,0.0,0.0,0.0,,14.0,17.0,0.0,0.0,0.0,0.0,0.0,0.0
puppet-lint,5.1.1,2025-11-06,ok,84992.0,58.0,0.0,208.0,267.0,0.0,185.0,23.0,0.0,0.0,,3380.0,5065.0,0.0,208.0,0.0,208.0,208.0,0.0
carmen,1.1.3,2019-07-02,ok,196608.0,9.0,0.0,81.0,81.0,0.0,67.0,14.0,0.0,0.0,,367.0,581.0,0.0,81.0,0.0,81.0,81.0,0.0
jsonapi-serializer,2.2.0,2021-03-11,ok,23040.0,18.0,0.0,114.0,114.0,0.0,75.0,39.0,0.0,0.0,,737.0,1005.0,0.0,114.0,0.0,114.0,114.0,0.0
flipper-redis,1.4.2,2026-05-11,ok,10240.0,5.0,0.0,32.0,32.0,0.0,15.0,17.0,0.0,0.0,,239.0,358.0,0.0,32.0,0.0,32.0,32.0,0.0
opentelemetry-instrumentation-action_mailer,0.8.1,2026-06-02,ok,12800.0,6.0,0.0,9.0,9.0,0.0,3.0,6.0,0.0,0.0,,129.0,247.0,0.0,9.0,0.0,9.0,9.0,0.0
dnsruby,1.74.0,2026-07-04,ok,265216.0,93.0,0.0,1542.0,1580.0,0.0,1539.0,2.0,1.0,24.0,,12083.0,19227.0,1.0,1542.0,0.0,1542.0,1542.0,0.0
rbtree3,1.1.0,2026-06-06,ok,34816.0,4.0,3.0,147.0,178.0,58.0,147.0,0.0,0.0,0.0,c,1606.0,1974.0,0.0,147.0,0.0,147.0,147.0,0.0
unicode,0.4.4,2013-02-10,ok,137728.0,4.0,5.0,30.0,5.0,25.0,30.0,0.0,0.0,0.0,c,354.0,417.0,0.0,30.0,0.0,30.0,30.0,0.0
hanami-utils,3.0.1,2026-07-02,ok,32256.0,21.0,0.0,122.0,122.0,0.0,111.0,5.0,6.0,0.0,,878.0,3473.0,0.0,122.0,0.0,122.0,122.0,0.0
chef-vault,4.2.12,2026-06-18,ok,31744.0,27.0,0.0,131.0,131.0,0.0,114.0,17.0,0.0,0.0,,1472.0,2363.0,0.0,131.0,0.0,131.0,131.0,0.0
influxdb-client,3.2.0,2024-11-27,ok,48128.0,27.0,0.0,404.0,404.0,0.0,368.0,36.0,0.0,0.0,,2796.0,4511.0,0.0,404.0,0.0,404.0,404.0,0.0
middleware,0.1.0,2012-03-16,ok,11264.0,4.0,0.0,15.0,15.0,0.0,11.0,0.0,4.0,0.0,,95.0,213.0,0.0,15.0,0.0,15.0,15.0,0.0
aws-sdk-supportapp,1.49.0,2026-07-09,ok,28160.0,11.0,0.0,37.0,37.0,0.0,35.0,2.0,0.0,0.0,,765.0,2406.0,0.0,37.0,0.0,37.0,37.0,0.0
google-apis-cloudresourcemanager_v1,0.45.0,2026-06-21,ok,39936.0,6.0,0.0,428.0,428.0,0.0,427.0,0.0,1.0,0.0,,1904.0,4654.0,0.0,428.0,0.0,428.0,428.0,0.0
oj-introspect,0.9.0,2026-03-13,ok,12800.0,3.0,1.0,2.0,0.0,2.0,2.0,0.0,0.0,0.0,c,32.0,45.0,0.0,2.0,0.0,2.0,2.0,0.0
validates_timeliness,8.0.0,2024-12-31,ok,29184.0,15.0,0.0,79.0,82.0,0.0,79.0,0.0,0.0,0.0,,445.0,600.0,0.0,79.0,0.0,79.0,79.0,0.0
activemerchant,1.137.0,2024-08-02,ok,797696.0,290.0,0.0,7149.0,7150.0,0.0,2511.0,4621.0,17.0,0.0,,63821.0,81918.0,0.0,7149.0,0.0,7149.0,7149.0,0.0
time,0.4.2,2025-12-17,ok,13824.0,1.0,0.0,20.0,22.0,0.0,20.0,0.0,0.0,0.0,,342.0,735.0,0.0,20.0,0.0,20.0,20.0,0.0
guard-rubocop,1.5.0,2021-08-28,ok,15872.0,3.0,0.0,27.0,27.0,0.0,22.0,5.0,0.0,0.0,,193.0,256.0,0.0,27.0,0.0,27.0,27.0,0.0
telesignenterprise,6.0.2,2026-07-08,ok,8192.0,10.0,0.0,33.0,33.0,0.0,31.0,2.0,0.0,0.0,,308.0,472.0,0.0,33.0,0.0,33.0,33.0,0.0
forwardable,1.4.0,2025-12-18,ok,7168.0,1.0,0.0,17.0,21.0,0.0,17.0,0.0,0.0,0.0,,86.0,315.0,0.0,17.0,0.0,17.0,17.0,0.0
net-ssh-multi,1.2.1,2015-04-11,ok,32768.0,11.0,0.0,134.0,134.0,0.0,134.0,0.0,0.0,0.0,,651.0,1631.0,0.0,134.0,0.0,134.0,134.0,0.0
aws-sdk-controltower,1.63.0,2026-08-31,ok,45568.0,12.0,0.0,63.0,63.0,0.0,61.0,2.0,0.0,0.0,,1949.0,5509.0,0.0,63.0,0.0,63.0,63.0,0.0
sucker_punch,3.3.0,2025-12-23,ok,18944.0,12.0,0.0,57.0,61.0,0.0,55.0,1.0,1.0,0.0,,412.0,610.0,1.0,57.0,0.0,57.0,57.0,0.0
aws-sdk-iotfleetwise,1.66.0,2026-07-09,ok,92160.0,12.0,0.0,109.0,109.0,0.0,107.0,2.0,0.0,0.0,,4207.0,12771.0,0.0,109.0,0.0,109.0,109.0,0.0
faraday-typhoeus,2.0.0,2026-03-18,ok,8704.0,3.0,0.0,11.0,11.0,0.0,2.0,9.0,0.0,0.0,,132.0,197.0,0.0,11.0,0.0,11.0,11.0,0.0
faraday-mashify,1.0.3,2026-08-23,ok,7680.0,3.0,0.0,7.0,7.0,0.0,6.0,1.0,0.0,0.0,,42.0,90.0,0.0,7.0,0.0,7.0,7.0,0.0
graphlyte,1.0.0,2022-07-19,ok,23552.0,27.0,0.0,467.0,491.0,0.0,452.0,15.0,0.0,0.0,,2305.0,3272.0,0.0,467.0,0.0,467.0,467.0,0.0
semver_dialects,4.1.3,2026-07-31,ok,22016.0,18.0,0.0,250.0,250.0,0.0,215.0,28.0,7.0,0.0,,1646.0,2429.0,0.0,250.0,0.0,250.0,250.0,0.0
xcode-install,2.8.1,2022-07-14,ok,147456.0,13.0,0.0,104.0,110.0,0.0,94.0,10.0,0.0,0.0,,907.0,1170.0,0.0,104.0,0.0,104.0,104.0,0.0
counter_culture,3.14.0,2026-06-27,ok,33280.0,9.0,0.0,96.0,96.0,0.0,52.0,44.0,0.0,0.0,,957.0,1397.0,0.0,96.0,0.0,96.0,96.0,0.0
string-scrub,0.1.1,2016-05-04,ok,10240.0,2.0,1.0,2.0,0.0,2.0,2.0,0.0,0.0,0.0,c,4.0,6.0,0.0,2.0,0.0,2.0,2.0,0.0
app_store_connect,0.38.0,2023-05-02,ok,44032.0,58.0,0.0,104.0,107.0,0.0,85.0,19.0,0.0,0.0,,1188.0,1579.0,0.0,104.0,0.0,104.0,104.0,0.0
knapsack_pro,10.0.1,2026-05-25,ok,43008.0,83.0,0.0,623.0,623.0,0.0,460.0,163.0,0.0,0.0,,4289.0,5626.0,0.0,623.0,0.0,623.0,623.0,0.0
aws-sdk-migrationhuborchestrator,1.48.0,2026-07-09,ok,45568.0,12.0,0.0,61.0,61.0,0.0,59.0,2.0,0.0,0.0,,2233.0,6502.0,0.0,61.0,0.0,61.0,61.0,0.0
aws-sdk-connectcases,1.71.0,2026-07-09,ok,71168.0,12.0,0.0,77.0,77.0,0.0,75.0,2.0,0.0,0.0,,3495.0,10365.0,0.0,77.0,0.0,77.0,77.0,0.0
to_regexp,0.2.1,2013-05-21,ok,9728.0,2.0,0.0,4.0,4.0,0.0,4.0,0.0,0.0,0.0,,66.0,93.0,0.0,4.0,0.0,4.0,4.0,0.0
busser,0.9.2,2026-08-28,ok,40960.0,23.0,0.0,78.0,78.0,0.0,44.0,34.0,0.0,27.0,,864.0,1912.0,0.0,78.0,0.0,78.0,78.0,0.0
aws-sdk-scheduler,1.49.0,2026-07-09,ok,38912.0,11.0,0.0,39.0,39.0,0.0,37.0,2.0,0.0,0.0,,1189.0,3884.0,0.0,39.0,0.0,39.0,39.0,0.0
filelock,1.1.1,2016-03-05,ok,9216.0,4.0,0.0,3.0,4.0,0.0,3.0,0.0,0.0,0.0,,39.0,44.0,0.0,3.0,0.0,3.0,3.0,0.0
roadie-rails,3.4.0,2025-10-25,ok,17920.0,13.0,0.0,48.0,48.0,0.0,36.0,12.0,0.0,4.0,,361.0,502.0,0.0,48.0,0.0,48.0,48.0,0.0
constant_resolver,0.3.0,2025-05-29,ok,12288.0,2.0,0.0,11.0,11.0,0.0,5.0,6.0,0.0,0.0,,112.0,185.0,0.0,11.0,0.0,11.0,11.0,0.0
google-apis-iam_v1,0.91.0,2026-09-06,ok,68608.0,6.0,0.0,982.0,982.0,0.0,981.0,0.0,1.0,0.0,,4263.0,11327.0,0.0,982.0,0.0,982.0,982.0,0.0
rqrcode-rails3,0.1.7,2013-11-20,ok,7168.0,3.0,0.0,3.0,3.0,0.0,3.0,0.0,0.0,0.0,,80.0,125.0,0.0,3.0,0.0,3.0,3.0,0.0
slather,2.8.5,2024-11-10,ok,252416.0,20.0,0.0,257.0,260.0,0.0,257.0,0.0,0.0,0.0,,2181.0,2661.0,0.0,257.0,0.0,257.0,257.0,0.0
libv8-node,24.12.0.1,2025-12-26,ok,18432.0,7.0,0.0,28.0,28.0,0.0,22.0,6.0,0.0,11.0,,175.0,245.0,0.0,28.0,0.0,28.0,28.0,0.0
neighbor,1.2.0,2026-06-05,ok,18432.0,22.0,0.0,72.0,72.0,0.0,58.0,14.0,0.0,0.0,,973.0,1157.0,0.0,72.0,0.0,72.0,72.0,0.0
opentelemetry-instrumentation-mysql2,0.34.0,2026-04-15,ok,12800.0,6.0,0.0,14.0,14.0,0.0,3.0,11.0,0.0,0.0,,164.0,250.0,0.0,14.0,0.0,14.0,14.0,0.0
po_to_json,3.0.6,2026-07-27,ok,10752.0,2.0,0.0,36.0,36.0,0.0,13.0,0.0,23.0,0.0,,234.0,346.0,0.0,36.0,0.0,36.0,36.0,0.0
devise-security,0.18.0,2023-04-15,ok,305664.0,31.0,0.0,90.0,94.0,0.0,61.0,23.0,6.0,0.0,,842.0,1479.0,0.0,90.0,0.0,90.0,90.0,0.0
semantic_puppet,1.1.1,2025-01-07,ok,32768.0,10.0,0.0,158.0,163.0,0.0,153.0,5.0,0.0,0.0,,937.0,1455.0,0.0,158.0,0.0,158.0,158.0,0.0
mixpanel-ruby,3.4.0,2026-09-02,ok,70656.0,23.0,0.0,150.0,150.0,0.0,125.0,25.0,0.0,13.0,,1542.0,2762.0,0.0,150.0,0.0,150.0,150.0,0.0
less,2.6.0,2014-06-03,ok,2153984.0,9.0,0.0,70.0,70.0,0.0,66.0,4.0,0.0,0.0,,489.0,677.0,0.0,70.0,0.0,70.0,70.0,0.0
actionpack-action_caching,1.2.2,2021-05-10,ok,16384.0,4.0,0.0,12.0,13.0,0.0,9.0,2.0,1.0,0.0,,137.0,272.0,0.0,12.0,0.0,12.0,12.0,0.0
fiddle,1.1.8,2025-04-25,ok,49152.0,12.0,12.0,238.0,168.0,73.0,234.0,4.0,0.0,0.0,c,2026.0,2681.0,0.0,238.0,0.0,238.0,238.0,0.0
barnes,1.0.1,2026-05-27,ok,14336.0,14.0,0.0,34.0,34.0,0.0,31.0,3.0,0.0,0.0,,368.0,749.0,0.0,34.0,0.0,34.0,34.0,0.0
sys-proctable,1.3.0,2022-12-26,ok,56320.0,21.0,0.0,78.0,96.0,0.0,76.0,2.0,0.0,0.0,,2115.0,3033.0,0.0,78.0,0.0,78.0,78.0,0.0
json_spec,1.1.5,2017-05-03,ok,18432.0,16.0,0.0,94.0,99.0,0.0,88.0,6.0,0.0,0.0,,500.0,617.0,0.0,94.0,0.0,94.0,94.0,0.0
plaid,51.0.0,2026-09-01,ok,1229312.0,2192.0,0.0,51871.0,52144.0,0.0,51871.0,0.0,0.0,0.0,,362901.0,555475.0,0.0,51871.0,0.0,51871.0,51871.0,0.0
phantomjs,2.1.1.0,2016-01-29,ok,11264.0,4.0,0.0,32.0,32.0,0.0,32.0,0.0,0.0,0.0,,186.0,242.0,0.0,32.0,0.0,32.0,32.0,0.0
duo_api,1.6.0,2026-08-18,ok,27648.0,7.0,0.0,207.0,207.0,0.0,187.0,20.0,0.0,0.0,,954.0,1457.0,0.0,207.0,0.0,207.0,207.0,0.0
commonjs,0.2.7,2013-09-03,ok,9728.0,4.0,0.0,14.0,14.0,0.0,12.0,2.0,0.0,0.0,,80.0,103.0,0.0,14.0,0.0,14.0,14.0,0.0
aws-sdk-bedrockruntime,1.83.0,2026-07-31,ok,107520.0,15.0,0.0,113.0,113.0,0.0,110.0,3.0,0.0,0.0,,3791.0,13005.0,0.0,113.0,0.0,113.0,113.0,0.0
toml,0.3.0,2021-06-01,ok,10240.0,9.0,0.0,26.0,26.0,0.0,26.0,0.0,0.0,0.0,,384.0,496.0,0.0,26.0,0.0,26.0,26.0,0.0
packwerk,3.3.1,2026-08-26,ok,36864.0,63.0,0.0,322.0,329.0,0.0,222.0,100.0,0.0,0.0,,2651.0,4175.0,7.0,322.0,0.0,322.0,322.0,0.0
caxlsx_rails,0.7.2,2026-06-18,ok,13824.0,6.0,0.0,3.0,3.0,0.0,3.0,0.0,0.0,0.0,,73.0,130.0,0.0,3.0,0.0,3.0,3.0,0.0
tty-which,0.5.0,2021-08-11,ok,8192.0,3.0,0.0,7.0,7.0,0.0,7.0,0.0,0.0,0.0,,67.0,181.0,0.0,7.0,0.0,7.0,7.0,0.0
ruby-hmac,0.4.0,2010-01-20,ok,7168.0,6.0,0.0,18.0,19.0,0.0,17.0,1.0,0.0,0.0,,136.0,184.0,0.0,18.0,0.0,18.0,18.0,0.0
fluent-plugin-out-http,1.3.5,2026-03-09,ok,16384.0,2.0,0.0,28.0,29.0,0.0,28.0,0.0,0.0,0.0,,253.0,333.0,0.0,28.0,0.0,28.0,28.0,0.0
filesize,0.2.0,2018-09-04,ok,8192.0,1.0,0.0,15.0,15.0,0.0,15.0,0.0,0.0,0.0,,111.0,185.0,0.0,15.0,0.0,15.0,15.0,0.0
google-apis-container_v1,0.120.0,2026-09-06,ok,126464.0,6.0,0.0,2883.0,2883.0,0.0,2882.0,0.0,1.0,0.0,,8441.0,19099.0,0.0,2883.0,0.0,2883.0,2883.0,0.0
google-apis-cloudbilling_v1,0.41.0,2026-09-06,ok,40960.0,6.0,0.0,610.0,610.0,0.0,609.0,0.0,1.0,0.0,,2054.0,4936.0,0.0,610.0,0.0,610.0,610.0,0.0
google-apis-container_v1beta1,0.107.0,2026-08-30,ok,133632.0,6.0,0.0,3086.0,3086.0,0.0,3085.0,0.0,1.0,0.0,,9034.0,20325.0,0.0,3086.0,0.0,3086.0,3086.0,0.0
roda,3.107.0,2026-08-13,ok,202752.0,160.0,0.0,983.0,1025.0,0.0,716.0,264.0,3.0,0.0,,10117.0,21867.0,2.0,983.0,0.0,983.0,983.0,0.0
meta-tags,2.24.0,2026-09-01,ok,44032.0,14.0,0.0,113.0,113.0,0.0,82.0,3.0,28.0,0.0,,681.0,1447.0,0.0,113.0,0.0,113.0,113.0,0.0
postmark,1.25.1,2024-06-20,ok,53248.0,21.0,0.0,302.0,302.0,0.0,269.0,9.0,24.0,0.0,,1312.0,1641.0,0.0,302.0,0.0,302.0,302.0,0.0
docker_registry2,1.19.0,2026-03-19,ok,17408.0,6.0,0.0,64.0,64.0,0.0,35.0,29.0,0.0,0.0,,479.0,651.0,0.0,64.0,0.0,64.0,64.0,0.0
prawn-svg,0.40.3,2026-06-30,ok,355328.0,76.0,0.0,590.0,591.0,0.0,336.0,174.0,80.0,0.0,,5604.0,7127.0,0.0,590.0,0.0,590.0,590.0,0.0
google-apis-serviceusage_v1,0.81.0,2026-08-30,ok,72704.0,6.0,0.0,1181.0,1181.0,0.0,1180.0,0.0,1.0,0.0,,3789.0,8628.0,0.0,1181.0,0.0,1181.0,1181.0,0.0
gmail_xoauth,0.4.3,2024-01-17,ok,11264.0,7.0,0.0,11.0,11.0,0.0,6.0,5.0,0.0,0.0,,141.0,218.0,0.0,11.0,0.0,11.0,11.0,0.0
ruby2ruby,2.6.1,2026-01-26,ok,29696.0,1.0,0.0,117.0,117.0,0.0,117.0,0.0,0.0,0.0,,1061.0,1459.0,0.0,117.0,0.0,117.0,117.0,0.0
rspec-json_expectations,2.2.0,2019-04-25,ok,14848.0,9.0,0.0,37.0,39.0,0.0,14.0,23.0,0.0,0.0,,379.0,472.0,0.0,37.0,0.0,37.0,37.0,0.0
gserver,0.0.1,2014-08-15,ok,11264.0,2.0,0.0,25.0,25.0,0.0,25.0,0.0,0.0,0.0,,155.0,315.0,0.0,25.0,0.0,25.0,25.0,0.0
rdkafka,0.29.1,2026-09-04,ok,4977664.0,64.0,0.0,374.0,374.0,0.0,346.0,28.0,0.0,0.0,,4318.0,7751.0,0.0,374.0,0.0,374.0,374.0,0.0
aws-record,2.15.2,2026-08-17,ok,48640.0,34.0,0.0,326.0,328.0,0.0,233.0,93.0,0.0,0.0,,2637.0,5205.0,0.0,326.0,0.0,326.0,326.0,0.0
phony_rails,0.15.0,2021-04-15,ok,32256.0,4.0,0.0,34.0,34.0,0.0,23.0,11.0,0.0,0.0,,273.0,418.0,0.0,34.0,0.0,34.0,34.0,0.0
solid_cache,1.0.10,2025-11-08,ok,23040.0,28.0,0.0,180.0,180.0,0.0,93.0,87.0,0.0,0.0,,1123.0,1509.0,0.0,180.0,0.0,180.0,180.0,0.0
fluent-plugin-kinesis,3.7.0,2026-04-11,ok,35840.0,10.0,0.0,67.0,67.0,0.0,39.0,28.0,0.0,0.0,,822.0,1078.0,0.0,67.0,0.0,67.0,67.0,0.0
erb_lint,0.9.0,2025-01-20,ok,29184.0,50.0,0.0,324.0,324.0,0.0,191.0,133.0,0.0,0.0,,2790.0,3539.0,0.0,324.0,0.0,324.0,324.0,0.0
aws-sdk-resourceexplorer2,1.54.0,2026-07-09,ok,52224.0,12.0,0.0,66.0,66.0,0.0,64.0,2.0,0.0,0.0,,1975.0,6312.0,0.0,66.0,0.0,66.0,66.0,0.0
ipaddr,1.2.9,2026-04-25,ok,11776.0,1.0,0.0,63.0,63.0,0.0,51.0,8.0,4.0,0.0,,608.0,862.0,0.0,63.0,0.0,63.0,63.0,0.0
rss,0.3.3,2026-06-10,ok,53248.0,44.0,0.0,985.0,998.0,0.0,743.0,241.0,1.0,8.0,,7943.0,10217.0,0.0,985.0,0.0,985.0,985.0,0.0
aws-sdk-chimesdkvoice,1.60.0,2026-07-16,ok,84992.0,11.0,0.0,123.0,123.0,0.0,121.0,2.0,0.0,0.0,,4697.0,12426.0,0.0,123.0,0.0,123.0,123.0,0.0
cocoapods-stats,1.1.0,2019-01-24,ok,12288.0,5.0,0.0,9.0,9.0,0.0,6.0,3.0,0.0,0.0,,117.0,156.0,0.0,9.0,0.0,9.0,9.0,0.0
rails_best_practices,1.23.4,2026-04-23,ok,82432.0,83.0,0.0,309.0,309.0,0.0,218.0,76.0,15.0,0.0,,3475.0,5515.0,0.0,309.0,0.0,309.0,309.0,0.0
aws-sdk-ssmsap,1.56.0,2026-07-09,ok,43520.0,11.0,0.0,52.0,52.0,0.0,50.0,2.0,0.0,0.0,,1865.0,5330.0,0.0,52.0,0.0,52.0,52.0,0.0
attr_extras,7.1.0,2023-02-09,ok,17920.0,9.0,0.0,44.0,44.0,0.0,38.0,6.0,0.0,0.0,,250.0,336.0,0.0,44.0,0.0,44.0,44.0,0.0
proxifier,1.0.3,2012-03-06,ok,8192.0,10.0,0.0,34.0,35.0,0.0,24.0,2.0,8.0,0.0,,333.0,411.0,0.0,34.0,0.0,34.0,34.0,0.0
smarter_csv,1.19.0,2026-08-10,ok,563712.0,17.0,1.0,120.0,113.0,7.0,78.0,26.0,16.0,0.0,c,2223.0,3830.0,0.0,120.0,0.0,120.0,120.0,0.0
allure-rspec,2.29.1,2026-04-15,ok,9728.0,6.0,0.0,62.0,62.0,0.0,36.0,26.0,0.0,0.0,,323.0,564.0,0.0,62.0,0.0,62.0,62.0,0.0
fog-cloudatcost,0.4.0,2018-06-22,ok,10752.0,21.0,0.0,45.0,45.0,0.0,44.0,1.0,0.0,0.0,,629.0,756.0,0.0,45.0,0.0,45.0,45.0,0.0
aws-sdk-omics,1.76.0,2026-07-16,ok,143360.0,12.0,0.0,203.0,203.0,0.0,199.0,4.0,0.0,0.0,,8701.0,24081.0,0.0,203.0,0.0,203.0,203.0,0.0
jekyll-feed,0.17.0,2022-10-15,ok,13824.0,5.0,0.0,14.0,14.0,0.0,3.0,11.0,0.0,0.0,,138.0,209.0,0.0,14.0,0.0,14.0,14.0,0.0
hanami-cli,3.0.0,2026-07-01,ok,61952.0,86.0,0.0,467.0,468.0,0.0,266.0,201.0,0.0,0.0,,4391.0,6593.0,0.0,467.0,0.0,467.0,467.0,0.0
dependabot-common,0.395.0,2026-09-07,ok,150528.0,107.0,0.0,1863.0,1863.0,0.0,1076.0,771.0,16.0,0.0,,17886.0,22861.0,0.0,1863.0,0.0,1863.0,1863.0,0.0
google-apis-bigquery_v2,0.107.0,2026-08-23,ok,156160.0,6.0,0.0,3244.0,3244.0,0.0,3243.0,0.0,1.0,0.0,,8582.0,20067.0,0.0,3244.0,0.0,3244.0,3244.0,0.0
aws-sdk-codecatalyst,1.52.0,2026-07-09,ok,51712.0,12.0,0.0,66.0,66.0,0.0,64.0,2.0,0.0,0.0,,2582.0,7593.0,0.0,66.0,0.0,66.0,66.0,0.0
aws-sdk-pipes,1.56.0,2026-07-09,ok,66048.0,12.0,0.0,48.0,48.0,0.0,46.0,2.0,0.0,0.0,,2072.0,7232.0,0.0,48.0,0.0,48.0,48.0,0.0
puppet_forge,6.2.0,2026-03-05,ok,777216.0,19.0,0.0,117.0,119.0,0.0,105.0,12.0,0.0,0.0,,860.0,1397.0,0.0,117.0,0.0,117.0,117.0,0.0
aws-sdk-securitylake,1.57.0,2026-07-09,ok,50176.0,11.0,0.0,69.0,69.0,0.0,67.0,2.0,0.0,0.0,,1906.0,5551.0,0.0,69.0,0.0,69.0,69.0,0.0
aws-sdk-arczonalshift,1.51.0,2026-07-09,ok,41472.0,12.0,0.0,45.0,45.0,0.0,43.0,2.0,0.0,0.0,,1178.0,4338.0,0.0,45.0,0.0,45.0,45.0,0.0
aws-sdk-opensearchserverless,1.62.0,2026-07-09,ok,59904.0,12.0,0.0,77.0,77.0,0.0,75.0,2.0,0.0,0.0,,2943.0,8904.0,0.0,77.0,0.0,77.0,77.0,0.0
devise-i18n,1.16.0,2026-02-07,ok,133120.0,5.0,0.0,11.0,11.0,0.0,6.0,0.0,5.0,0.0,,134.0,168.0,0.0,11.0,0.0,11.0,11.0,0.0
less-rails,5.0.0,2020-04-11,ok,27136.0,9.0,0.0,38.0,38.0,0.0,29.0,4.0,5.0,0.0,,288.0,370.0,0.0,38.0,0.0,38.0,38.0,0.0
aws-sdk-docdbelastic,1.48.0,2026-07-09,ok,38400.0,11.0,0.0,57.0,57.0,0.0,55.0,2.0,0.0,0.0,,1350.0,4236.0,0.0,57.0,0.0,57.0,57.0,0.0
aws-sdk-privatenetworks,1.33.0,2025-05-20,ok,43520.0,11.0,0.0,61.0,61.0,0.0,59.0,2.0,0.0,0.0,,1696.0,5454.0,0.0,61.0,0.0,61.0,61.0,0.0
aws-sdk-oam,1.52.0,2026-07-09,ok,33792.0,11.0,0.0,52.0,52.0,0.0,50.0,2.0,0.0,0.0,,1107.0,3508.0,0.0,52.0,0.0,52.0,52.0,0.0
fluent-plugin-concat,2.6.2,2026-06-12,ok,14848.0,1.0,0.0,23.0,23.0,0.0,7.0,16.0,0.0,0.0,,463.0,506.0,0.0,23.0,0.0,23.0,23.0,0.0
aws-sdk-simspaceweaver,1.49.0,2026-06-29,ok,34816.0,11.0,0.0,45.0,45.0,0.0,43.0,2.0,0.0,0.0,,1147.0,3496.0,0.0,45.0,0.0,45.0,45.0,0.0
fluent-plugin-multi-format-parser,1.1.0,2023-11-29,ok,7168.0,1.0,0.0,3.0,3.0,0.0,3.0,0.0,0.0,0.0,,42.0,50.0,0.0,3.0,0.0,3.0,3.0,0.0
net-http2,0.19.0,2025-02-25,ok,12800.0,8.0,0.0,57.0,57.0,0.0,37.0,20.0,0.0,0.0,,425.0,575.0,0.0,57.0,0.0,57.0,57.0,0.0
semaphore_test_boosters,2.7.1,2021-08-06,ok,13824.0,18.0,0.0,83.0,83.0,0.0,71.0,12.0,0.0,15.0,,520.0,727.0,0.0,83.0,0.0,83.0,83.0,0.0
syntax_tree,6.3.0,2025-07-17,ok,221696.0,49.0,0.0,4987.0,5144.0,0.0,4588.0,399.0,0.0,0.0,,27978.0,40501.0,0.0,4987.0,0.0,4987.0,4987.0,0.0
aws-sdk-sagemakergeospatial,1.48.0,2026-07-09,ok,51200.0,11.0,0.0,54.0,54.0,0.0,52.0,2.0,0.0,0.0,,2068.0,6005.0,0.0,54.0,0.0,54.0,54.0,0.0
active_hash,4.1.0,2026-03-31,ok,27648.0,15.0,0.0,176.0,179.0,0.0,163.0,13.0,0.0,0.0,,1091.0,1381.0,0.0,176.0,0.0,176.0,176.0,0.0
cloudinary,2.4.5,2026-04-27,ok,151040.0,40.0,0.0,566.0,567.0,0.0,455.0,96.0,15.0,0.0,,4596.0,7088.0,0.0,566.0,0.0,566.0,566.0,0.0
dependabot-omnibus,0.395.0,2026-09-07,ok,5120.0,1.0,0.0,0.0,0.0,0.0,0.0,0.0,0.0,0.0,,33.0,37.0,0.0,0.0,0.0,0.0,0.0,0.0
dependabot-nuget,0.395.0,2026-09-07,ok,327680.0,3.0,0.0,17.0,17.0,0.0,13.0,4.0,0.0,0.0,,181.0,262.0,0.0,17.0,0.0,17.0,17.0,0.0
dependabot-terraform,0.395.0,2026-09-07,ok,26112.0,16.0,0.0,169.0,169.0,0.0,54.0,115.0,0.0,0.0,,1973.0,2708.0,0.0,169.0,0.0,169.0,169.0,0.0
axlsx,2.0.1,2013-09-12,ok,373760.0,130.0,0.0,1570.0,1687.0,0.0,1504.0,66.0,0.0,0.0,,6069.0,13384.0,1.0,1570.0,0.0,1570.0,1570.0,0.0
prettier_print,1.2.1,2023-03-09,ok,25088.0,3.0,0.0,102.0,102.0,0.0,99.0,3.0,0.0,0.0,,651.0,1279.0,0.0,102.0,0.0,102.0,102.0,0.0
dependabot-git_submodules,0.395.0,2026-09-07,ok,10240.0,11.0,0.0,52.0,52.0,0.0,21.0,30.0,1.0,0.0,,649.0,836.0,0.0,52.0,0.0,52.0,52.0,0.0
aws-sdk-sagemakermetrics,1.49.0,2026-07-09,ok,23040.0,11.0,0.0,17.0,17.0,0.0,15.0,2.0,0.0,0.0,,431.0,1294.0,0.0,17.0,0.0,17.0,17.0,0.0
dependabot-gradle,0.395.0,2026-09-07,ok,48128.0,31.0,0.0,359.0,359.0,0.0,130.0,229.0,0.0,0.0,,4447.0,5769.0,0.0,359.0,0.0,359.0,359.0,0.0
dependabot-python,0.395.0,2026-09-07,ok,104960.0,49.0,0.0,979.0,979.0,0.0,238.0,741.0,0.0,0.0,,10084.0,13144.0,0.0,979.0,0.0,979.0,979.0,0.0
dalli-elasticache,2.0.2,2026-08-09,ok,9728.0,10.0,0.0,43.0,43.0,0.0,41.0,2.0,0.0,0.0,,228.0,389.0,0.0,43.0,0.0,43.0,43.0,0.0
dependabot-elm,0.395.0,2026-09-07,ok,13312.0,15.0,0.0,97.0,97.0,0.0,40.0,57.0,0.0,0.0,,999.0,1341.0,0.0,97.0,0.0,97.0,97.0,0.0
dependabot-docker,0.395.0,2026-09-07,ok,32768.0,20.0,0.0,245.0,245.0,0.0,78.0,153.0,14.0,0.0,,2598.0,3565.0,0.0,245.0,0.0,245.0,245.0,0.0
semaphore_cucumber_booster_config,1.4.2,2021-08-06,ok,8704.0,5.0,0.0,15.0,15.0,0.0,6.0,9.0,0.0,0.0,,128.0,173.0,0.0,15.0,0.0,15.0,15.0,0.0
dependabot-cargo,0.395.0,2026-09-07,ok,44544.0,20.0,0.0,375.0,375.0,0.0,71.0,302.0,2.0,0.0,,4153.0,5498.0,0.0,375.0,0.0,375.0,375.0,0.0
appsignal,4.10.1,2026-08-20,ok,354304.0,134.0,1.0,964.0,935.0,52.0,753.0,202.0,9.0,2.0,c,8997.0,14256.0,0.0,964.0,0.0,964.0,964.0,0.0
sort_alphabetical,1.1.0,2016-11-23,ok,5632.0,2.0,0.0,4.0,4.0,0.0,4.0,0.0,0.0,0.0,,33.0,40.0,0.0,4.0,0.0,4.0,4.0,0.0
chromedriver-helper,2.1.1,2019-03-24,ok,20480.0,4.0,0.0,22.0,22.0,0.0,20.0,2.0,0.0,0.0,,138.0,171.0,0.0,22.0,0.0,22.0,22.0,0.0
dependabot-composer,0.395.0,2026-09-07,ok,49152.0,20.0,0.0,255.0,255.0,0.0,79.0,176.0,0.0,0.0,,2915.0,3739.0,0.0,255.0,0.0,255.0,255.0,0.0
compass-rails,4.0.0,2020-02-18,ok,18432.0,14.0,0.0,45.0,47.0,0.0,39.0,6.0,0.0,0.0,,437.0,556.0,0.0,45.0,0.0,45.0,45.0,0.0
code_analyzer,0.5.5,2022-01-30,ok,17920.0,11.0,0.0,73.0,73.0,0.0,73.0,0.0,0.0,0.0,,590.0,1192.0,0.0,73.0,0.0,73.0,73.0,0.0
bson_ext,1.12.5,2015-12-01,ok,25600.0,2.0,7.0,12.0,0.0,12.0,12.0,0.0,0.0,0.0,c,14.0,20.0,0.0,12.0,0.0,12.0,12.0,0.0
gettext_i18n_rails_js,3.1.6,2026-07-20,ok,41792512.0,9.0,0.0,40.0,40.0,0.0,20.0,0.0,20.0,0.0,,322.0,691.0,0.0,40.0,0.0,40.0,40.0,0.0
state_machine,1.2.0,2013-03-30,ok,604160.0,64.0,0.0,505.0,548.0,0.0,333.0,40.0,132.0,0.0,,3538.0,10710.0,0.0,505.0,0.0,505.0,505.0,0.0
paint,2.3.0,2022-07-05,ok,22016.0,6.0,0.0,19.0,19.0,0.0,14.0,5.0,0.0,0.0,,310.0,419.0,0.0,19.0,0.0,19.0,19.0,0.0
singleton,0.3.0,2024-11-08,ok,10240.0,1.0,0.0,21.0,21.0,0.0,12.0,9.0,0.0,0.0,,103.0,240.0,0.0,21.0,0.0,21.0,21.0,0.0
net-ping,2.1.1,2026-08-16,ok,33792.0,9.0,0.0,64.0,70.0,0.0,61.0,3.0,0.0,0.0,,655.0,1045.0,0.0,64.0,0.0,64.0,64.0,0.0
fileutils,1.8.0,2025-10-29,ok,22528.0,1.0,0.0,121.0,136.0,0.0,100.0,21.0,0.0,0.0,,1183.0,2702.0,0.0,121.0,0.0,121.0,121.0,0.0
dependabot-go_modules,0.395.0,2026-09-07,ok,30720.0,21.0,0.0,198.0,198.0,0.0,66.0,131.0,1.0,0.0,,2155.0,2936.0,0.0,198.0,0.0,198.0,198.0,0.0
gettext-setup,1.1.1,2026-03-04,ok,17920.0,5.0,0.0,29.0,29.0,0.0,29.0,0.0,0.0,0.0,,283.0,399.0,0.0,29.0,0.0,29.0,29.0,0.0
dependabot-maven,0.395.0,2026-09-07,ok,61440.0,35.0,0.0,434.0,434.0,0.0,151.0,271.0,12.0,0.0,,5181.0,7062.0,0.0,434.0,0.0,434.0,434.0,0.0
dependabot-hex,0.395.0,2026-09-07,ok,24576.0,22.0,0.0,195.0,195.0,0.0,56.0,139.0,0.0,0.0,,1959.0,2524.0,0.0,195.0,0.0,195.0,195.0,0.0
dependabot-npm_and_yarn,0.395.0,2026-09-07,ok,448512.0,51.0,0.0,1076.0,1076.0,0.0,311.0,765.0,0.0,0.0,,13474.0,17729.0,0.0,1076.0,0.0,1076.0,1076.0,0.0
headless,3.0.0,2025-05-10,ok,17408.0,3.0,0.0,46.0,46.0,0.0,35.0,11.0,0.0,0.0,,290.0,450.0,0.0,46.0,0.0,46.0,46.0,0.0
creek,2.6.3,2023-05-03,ok,359936.0,11.0,0.0,71.0,72.0,0.0,57.0,14.0,0.0,0.0,,573.0,830.0,0.0,71.0,0.0,71.0,71.0,0.0
aws-sdk-kinesisvideowebrtcstorage,1.48.0,2026-07-09,ok,22016.0,11.0,0.0,25.0,25.0,0.0,23.0,2.0,0.0,0.0,,401.0,1245.0,0.0,25.0,0.0,25.0,25.0,0.0
strip_attributes,2.0.1,2025-08-27,ok,12800.0,5.0,0.0,27.0,29.0,0.0,23.0,4.0,0.0,0.0,,179.0,252.0,0.0,27.0,0.0,27.0,27.0,0.0
gibbon,4.0.0,2026-07-23,ok,22016.0,8.0,0.0,84.0,84.0,0.0,68.0,1.0,15.0,0.0,,300.0,386.0,0.0,84.0,0.0,84.0,84.0,0.0
dependabot-bundler,0.395.0,2026-09-07,ok,85504.0,66.0,0.0,678.0,792.0,0.0,243.0,435.0,0.0,0.0,,7588.0,10136.0,0.0,678.0,0.0,678.0,678.0,0.0
opentelemetry-instrumentation-dalli,0.30.0,2026-04-15,ok,12800.0,7.0,0.0,8.0,8.0,0.0,3.0,5.0,0.0,0.0,,158.0,252.0,0.0,8.0,0.0,8.0,8.0,0.0
omniauth-shibboleth-redux,2.0.0,2023-03-20,ok,11776.0,3.0,0.0,6.0,6.0,0.0,6.0,0.0,0.0,0.0,,110.0,125.0,0.0,6.0,0.0,6.0,6.0,0.0
aws_cf_signer,0.1.3,2014-05-26,ok,6656.0,2.0,0.0,9.0,9.0,0.0,9.0,0.0,0.0,0.0,,65.0,80.0,0.0,9.0,0.0,9.0,9.0,0.0
pghero,4.0.1,2026-08-15,ok,279040.0,32.0,0.0,238.0,238.0,0.0,179.0,42.0,17.0,0.0,,2835.0,3442.0,0.0,238.0,0.0,238.0,238.0,0.0
rack-utf8_sanitizer,1.11.1,2025-12-05,ok,14848.0,1.0,0.0,23.0,23.0,0.0,10.0,0.0,13.0,0.0,,214.0,299.0,0.0,23.0,0.0,23.0,23.0,0.0
async-io,1.43.2,2024-04-23,ok,26112.0,29.0,0.0,192.0,197.0,0.0,188.0,3.0,1.0,0.0,,1450.0,2254.0,0.0,192.0,0.0,192.0,192.0,0.0
strptime,0.2.5,2020-09-26,ok,19456.0,3.0,4.0,10.0,0.0,10.0,10.0,0.0,0.0,0.0,c,16.0,23.0,0.0,10.0,0.0,10.0,10.0,0.0
ruby-dbus,0.25.0,2025-04-03,ok,116736.0,31.0,0.0,466.0,469.0,0.0,443.0,23.0,0.0,2.0,,3276.0,5796.0,0.0,466.0,0.0,466.0,466.0,0.0
aws-sdk-cleanrooms,1.79.0,2026-08-13,ok,166400.0,12.0,0.0,142.0,142.0,0.0,140.0,2.0,0.0,0.0,,8380.0,25504.0,0.0,142.0,0.0,142.0,142.0,0.0
fluent-plugin-detect-exceptions,0.0.16,2024-11-21,ok,28672.0,2.0,0.0,33.0,33.0,0.0,25.0,8.0,0.0,0.0,,389.0,520.0,0.0,33.0,0.0,33.0,33.0,0.0
page-object,2.3.1,2021-03-19,ok,41472.0,51.0,0.0,388.0,404.0,0.0,337.0,44.0,7.0,0.0,,2189.0,4408.0,0.0,388.0,0.0,388.0,388.0,0.0
aws-sdk-kendraranking,1.48.0,2026-07-23,ok,29184.0,11.0,0.0,40.0,40.0,0.0,38.0,2.0,0.0,0.0,,825.0,2415.0,0.0,40.0,0.0,40.0,40.0,0.0
aws-sdk-licensemanagerlinuxsubscriptions,1.47.0,2026-07-09,ok,30720.0,11.0,0.0,34.0,34.0,0.0,32.0,2.0,0.0,0.0,,867.0,2617.0,0.0,34.0,0.0,34.0,34.0,0.0
rubocop-gitlab-security,0.1.1,2017-12-14,ok,14848.0,23.0,0.0,93.0,93.0,0.0,49.0,42.0,2.0,0.0,,707.0,1105.0,0.0,93.0,0.0,93.0,93.0,0.0
errbase,0.2.2,2022-02-03,ok,6144.0,2.0,0.0,1.0,1.0,0.0,1.0,0.0,0.0,0.0,,39.0,54.0,0.0,1.0,0.0,1.0,1.0,0.0
hashie-forbidden_attributes,0.1.1,2015-03-23,ok,14848.0,3.0,0.0,4.0,4.0,0.0,4.0,0.0,0.0,0.0,,21.0,28.0,0.0,4.0,0.0,4.0,4.0,0.0
protocol-http,0.71.0,2026-08-17,ok,65536.0,53.0,0.0,446.0,451.0,0.0,436.0,7.0,3.0,0.0,,3044.0,5827.0,0.0,446.0,0.0,446.0,446.0,0.0
google-cloud-profiler-v2,1.7.0,2026-06-11,ok,54272.0,28.0,0.0,73.0,73.0,0.0,73.0,0.0,0.0,0.0,,1442.0,5136.0,0.0,73.0,0.0,73.0,73.0,0.0
zstd-ruby,2.0.8,2026-08-09,ok,500736.0,5.0,76.0,30.0,9.0,21.0,30.0,0.0,0.0,0.0,c,84.0,117.0,0.0,30.0,0.0,30.0,30.0,0.0
mailgun-ruby,1.4.4,2026-05-26,ok,212992.0,29.0,0.0,283.0,286.0,0.0,254.0,29.0,0.0,8.0,,1526.0,3270.0,0.0,283.0,0.0,283.0,283.0,0.0
jquery-fileupload-rails,1.0.0,2018-11-15,ok,56832.0,5.0,0.0,9.0,9.0,0.0,8.0,1.0,0.0,0.0,,75.0,90.0,0.0,9.0,0.0,9.0,9.0,0.0
redis-cluster-client,0.17.1,2026-08-19,ok,31232.0,26.0,0.0,350.0,352.0,0.0,232.0,118.0,0.0,14.0,,2788.0,3549.0,0.0,350.0,0.0,350.0,350.0,0.0
elasticsearch-dsl,0.1.10,2021-07-06,ok,66560.0,128.0,0.0,151.0,151.0,0.0,150.0,1.0,0.0,0.0,,2662.0,8168.0,0.0,151.0,0.0,151.0,151.0,0.0
ejson,1.5.3,2024-11-06,ok,7948800.0,1.0,0.0,0.0,0.0,0.0,0.0,0.0,0.0,0.0,,3.0,4.0,0.0,0.0,0.0,0.0,0.0,0.0
pretender,1.0.0,2026-04-02,ok,8192.0,2.0,0.0,1.0,1.0,0.0,1.0,0.0,0.0,0.0,,59.0,85.0,0.0,1.0,0.0,1.0,1.0,0.0
currencies,0.4.2,2013-06-07,ok,14336.0,6.0,0.0,33.0,33.0,0.0,33.0,0.0,0.0,0.0,,136.0,170.0,0.0,33.0,0.0,33.0,33.0,0.0
rake-compiler-dock,1.12.0,2026-04-16,ok,54272.0,9.0,1.0,77.0,77.0,0.0,76.0,1.0,0.0,0.0,c,756.0,1015.0,0.0,77.0,0.0,77.0,77.0,0.0
solid_cable,4.0.2,2026-07-18,ok,13312.0,11.0,0.0,47.0,47.0,0.0,29.0,18.0,0.0,0.0,,311.0,420.0,0.0,47.0,0.0,47.0,47.0,0.0
quiet_assets,1.1.0,2014-12-22,ok,7168.0,1.0,0.0,1.0,1.0,0.0,1.0,0.0,0.0,0.0,,29.0,37.0,0.0,1.0,0.0,1.0,1.0,0.0
syslog-logger,1.6.8,2012-02-14,ok,9216.0,2.0,0.0,24.0,25.0,0.0,19.0,3.0,2.0,0.0,,122.0,201.0,0.0,24.0,0.0,24.0,24.0,0.0
jekyll-seo-tag,2.9.0,2026-05-08,ok,23040.0,10.0,0.0,84.0,84.0,0.0,47.0,37.0,0.0,0.0,,520.0,750.0,0.0,84.0,0.0,84.0,84.0,0.0
stripe-ruby-mock,5.0.0,2025-04-26,ok,141824.0,77.0,0.0,549.0,550.0,0.0,499.0,50.0,0.0,0.0,,6145.0,7484.0,0.0,549.0,0.0,549.0,549.0,0.0
async-http,0.103.0,2026-09-01,ok,53248.0,52.0,0.0,293.0,298.0,0.0,276.0,10.0,7.0,0.0,,2597.0,4376.0,0.0,293.0,0.0,293.0,293.0,0.0
codeclimate-test-reporter,1.0.9,2018-10-08,ok,149504.0,13.0,0.0,85.0,85.0,0.0,54.0,31.0,0.0,0.0,,637.0,773.0,0.0,85.0,0.0,85.0,85.0,0.0
junit_merge,0.1.2,2014-05-24,ok,10752.0,3.0,0.0,12.0,13.0,0.0,6.0,6.0,0.0,0.0,,133.0,165.0,0.0,12.0,0.0,12.0,12.0,0.0
semverse,3.0.2,2022-05-23,ok,11264.0,5.0,0.0,43.0,43.0,0.0,42.0,1.0,0.0,0.0,,269.0,453.0,0.0,43.0,0.0,43.0,43.0,0.0
chef-zero,15.1.11,2026-05-28,ok,73728.0,108.0,0.0,527.0,527.0,0.0,451.0,65.0,11.0,0.0,,5609.0,7439.0,0.0,527.0,0.0,527.0,527.0,0.0
redis-clustering,6.0.0,2026-07-31,ok,11776.0,5.0,0.0,44.0,44.0,0.0,38.0,6.0,0.0,0.0,,273.0,443.0,0.0,44.0,0.0,44.0,44.0,0.0
pagerduty,4.0.1,2024-02-17,ok,15360.0,5.0,0.0,31.0,31.0,0.0,23.0,8.0,0.0,0.0,,204.0,702.0,0.0,31.0,0.0,31.0,31.0,0.0
gitlab-glfm-markdown,0.0.43,2026-09-06,ok,24064.0,4.0,4.0,7.0,4.0,3.0,7.0,0.0,0.0,0.0,rust,61.0,84.0,0.0,7.0,0.0,7.0,7.0,0.0
tailwindcss-rails,4.6.0,2026-06-17,ok,22016.0,15.0,0.0,22.0,22.0,0.0,13.0,9.0,0.0,0.0,,359.0,463.0,0.0,22.0,0.0,22.0,22.0,0.0
sidekiq-limit_fetch,4.4.1,2023-01-22,ok,19968.0,20.0,0.0,102.0,103.0,0.0,79.0,23.0,0.0,0.0,,726.0,980.0,0.0,102.0,0.0,102.0,102.0,0.0
mixlib-archive,1.3.3,2025-10-30,ok,11264.0,4.0,0.0,23.0,23.0,0.0,17.0,6.0,0.0,0.0,,246.0,324.0,0.0,23.0,0.0,23.0,23.0,0.0
cldr-plurals-runtime-rb,1.1.0,2020-11-24,ok,8192.0,3.0,0.0,24.0,24.0,0.0,21.0,3.0,0.0,0.0,,119.0,170.0,0.0,24.0,0.0,24.0,24.0,0.0
gitlab-sdk,0.3.1,2024-02-29,ok,7680.0,4.0,0.0,9.0,9.0,0.0,4.0,5.0,0.0,0.0,,87.0,123.0,0.0,9.0,0.0,9.0,9.0,0.0
camertron-eprun,1.1.1,2016-08-24,ok,96768.0,8.0,0.0,19.0,30.0,0.0,19.0,0.0,0.0,0.0,,1563.0,1695.0,0.0,19.0,0.0,19.0,19.0,0.0
opentelemetry-instrumentation-ruby_kafka,0.25.0,2026-04-15,ok,12800.0,10.0,0.0,14.0,14.0,0.0,8.0,6.0,0.0,1.0,,224.0,344.0,0.0,14.0,0.0,14.0,14.0,0.0
simplecov-rcov,0.3.7,2024-01-31,ok,48128.0,2.0,0.0,20.0,20.0,0.0,1.0,19.0,0.0,0.0,,124.0,161.0,0.0,20.0,0.0,20.0,20.0,0.0
opentelemetry-instrumentation-resque,0.9.0,2026-04-15,ok,12800.0,7.0,0.0,9.0,9.0,0.0,5.0,4.0,0.0,0.0,,154.0,295.0,0.0,9.0,0.0,9.0,9.0,0.0
scrypt,3.1.0,2025-07-22,ok,40960.0,7.0,24.0,33.0,33.0,0.0,21.0,12.0,0.0,0.0,c,235.0,430.0,0.0,33.0,0.0,33.0,33.0,0.0
js-routes,2.4.1,2026-06-21,ok,35328.0,14.0,0.0,156.0,156.0,0.0,96.0,0.0,60.0,0.0,,997.0,1271.0,0.0,156.0,0.0,156.0,156.0,0.0
shrine,3.9.0,2026-07-13,ok,267264.0,61.0,0.0,855.0,860.0,0.0,587.0,258.0,10.0,3.0,,5241.0,8408.0,0.0,855.0,0.0,855.0,855.0,0.0
opentelemetry-instrumentation-restclient,0.28.0,2026-04-15,ok,12800.0,8.0,0.0,20.0,20.0,0.0,3.0,17.0,0.0,0.0,,250.0,370.0,0.0,20.0,0.0,20.0,20.0,0.0
winrm-fs,1.3.5,2020-09-10,ok,21504.0,6.0,0.0,54.0,54.0,0.0,19.0,35.0,0.0,0.0,,512.0,1033.0,0.0,54.0,0.0,54.0,54.0,0.0
jruby-openssl,0.19.1,2026-09-01,ok,13030912.0,15.0,0.0,149.0,150.0,0.0,130.0,18.0,1.0,4.0,,1193.0,2462.0,0.0,149.0,0.0,149.0,149.0,0.0
jekyll-sitemap,1.4.0,2019-11-22,ok,73216.0,4.0,0.0,9.0,9.0,0.0,2.0,7.0,0.0,0.0,,63.0,98.0,0.0,9.0,0.0,9.0,9.0,0.0
deb_version,1.0.3,2025-08-25,ok,8192.0,3.0,0.0,10.0,10.0,0.0,10.0,0.0,0.0,0.0,,91.0,139.0,0.0,10.0,0.0,10.0,10.0,0.0
twitter_cldr,6.14.0,2025-02-21,ok,12976640.0,256.0,0.0,2262.0,2271.0,0.0,1277.0,874.0,111.0,0.0,,16255.0,22782.0,0.0,2262.0,0.0,2262.0,2262.0,0.0
thread,0.2.2,2015-07-17,ok,14336.0,9.0,0.0,153.0,162.0,0.0,135.0,18.0,0.0,0.0,,859.0,1375.0,0.0,153.0,0.0,153.0,153.0,0.0
coveralls,0.8.23,2019-05-01,ok,17408.0,8.0,0.0,67.0,67.0,0.0,58.0,9.0,0.0,0.0,,570.0,776.0,0.0,67.0,0.0,67.0,67.0,0.0
iconv,1.1.1,2025-12-05,ok,22016.0,5.0,1.0,24.0,6.0,19.0,24.0,0.0,0.0,0.0,c,200.0,229.0,0.0,24.0,0.0,24.0,24.0,0.0
rack-mount,0.8.3,2011-08-30,ok,24576.0,15.0,0.0,150.0,151.0,0.0,116.0,27.0,7.0,0.0,,1399.0,1848.0,0.0,150.0,0.0,150.0,150.0,0.0
rubocop-shopify,3.0.2,2026-08-07,ok,22528.0,5.0,0.0,12.0,13.0,0.0,10.0,2.0,0.0,0.0,,112.0,287.0,0.0,12.0,0.0,12.0,12.0,0.0
makara,0.5.1,2021-06-04,ok,47104.0,34.0,0.0,216.0,222.0,0.0,160.0,14.0,42.0,0.0,,1532.0,2071.0,0.0,216.0,0.0,216.0,216.0,0.0
pronto,0.11.5,2025-12-05,ok,33280.0,50.0,0.0,281.0,284.0,0.0,194.0,84.0,3.0,1.0,,1878.0,2316.0,0.0,281.0,0.0,281.0,281.0,0.0
date_validator,0.12.0,2021-07-16,ok,12800.0,4.0,0.0,6.0,6.0,0.0,5.0,1.0,0.0,0.0,,91.0,157.0,0.0,6.0,0.0,6.0,6.0,0.0
rack_session_access,0.2.0,2018-04-09,ok,11264.0,7.0,0.0,23.0,23.0,0.0,15.0,5.0,3.0,0.0,,210.0,281.0,0.0,23.0,0.0,23.0,23.0,0.0
opentelemetry-instrumentation-trilogy,0.69.0,2026-05-21,ok,15360.0,8.0,0.0,33.0,33.0,0.0,11.0,22.0,0.0,0.0,,422.0,636.0,0.0,33.0,0.0,33.0,33.0,0.0
google-cloud-common,1.10.0,2026-05-19,ok,8192.0,3.0,0.0,0.0,0.0,0.0,0.0,0.0,0.0,0.0,,30.0,276.0,0.0,0.0,0.0,0.0,0.0,0.0
tiny_tds,3.4.0,2026-01-01,ok,57856.0,9.0,6.0,66.0,46.0,20.0,58.0,8.0,0.0,0.0,c,384.0,513.0,0.0,66.0,0.0,66.0,66.0,0.0
gelf,3.1.0,2018-09-05,ok,19968.0,7.0,0.0,72.0,72.0,0.0,39.0,22.0,11.0,0.0,,494.0,666.0,0.0,72.0,0.0,72.0,72.0,0.0
r10k,5.0.3,2026-04-02,ok,175104.0,123.0,0.0,812.0,816.0,0.0,718.0,92.0,2.0,5.0,,6555.0,10554.0,0.0,812.0,0.0,812.0,812.0,0.0
datadog_api_client,2.59.1,2026-09-03,ok,4175872.0,9075.0,0.0,108987.0,108988.0,0.0,108985.0,2.0,0.0,0.0,,707822.0,1236225.0,0.0,108987.0,0.0,108987.0,108987.0,0.0
google-cloud-artifact_registry-v1,1.14.0,2026-06-11,ok,123904.0,65.0,0.0,387.0,387.0,0.0,387.0,0.0,0.0,0.0,,7385.0,22769.0,0.0,387.0,0.0,387.0,387.0,0.0
opentelemetry-instrumentation-active_model_serializers,0.25.0,2026-04-15,ok,11264.0,6.0,0.0,7.0,7.0,0.0,2.0,5.0,0.0,0.0,,90.0,163.0,0.0,7.0,0.0,7.0,7.0,0.0
opentelemetry-instrumentation-delayed_job,0.26.0,2026-04-15,ok,11776.0,6.0,0.0,10.0,10.0,0.0,2.0,2.0,6.0,0.0,,121.0,204.0,0.0,10.0,0.0,10.0,10.0,0.0
brpoplpush-redis_script,0.1.3,2022-11-07,ok,12288.0,11.0,0.0,68.0,68.0,0.0,61.0,7.0,0.0,6.0,,375.0,791.0,0.0,68.0,0.0,68.0,68.0,0.0
yaml,0.4.0,2024-11-06,ok,12800.0,3.0,0.0,29.0,29.0,0.0,29.0,0.0,0.0,0.0,,184.0,466.0,0.0,29.0,0.0,29.0,29.0,0.0
process_executer,4.1.1,2026-08-31,ok,57344.0,31.0,0.0,195.0,195.0,0.0,122.0,71.0,2.0,0.0,,1006.0,4066.0,0.0,195.0,0.0,195.0,195.0,0.0
rspec-html-matchers,0.10.0,2022-07-26,ok,20480.0,7.0,0.0,74.0,74.0,0.0,51.0,23.0,0.0,0.0,,566.0,812.0,0.0,74.0,0.0,74.0,74.0,0.0
actionpack-xml_parser,2.0.1,2017-05-10,ok,6144.0,4.0,0.0,2.0,2.0,0.0,2.0,0.0,0.0,0.0,,32.0,39.0,0.0,2.0,0.0,2.0,2.0,0.0
swagger-blocks,3.0.0,2019-09-26,ok,23040.0,42.0,0.0,96.0,96.0,0.0,90.0,6.0,0.0,0.0,,865.0,1057.0,0.0,96.0,0.0,96.0,96.0,0.0
dynamic_form,1.3.1,2023-12-29,ok,17408.0,4.0,0.0,13.0,13.0,0.0,10.0,3.0,0.0,0.0,,185.0,364.0,0.0,13.0,0.0,13.0,13.0,0.0
exifr,1.5.1,2025-12-11,ok,265216.0,3.0,0.0,94.0,94.0,0.0,86.0,8.0,0.0,0.0,,703.0,884.0,0.0,94.0,0.0,94.0,94.0,0.0
github-linguist,9.7.0,2026-08-26,ok,4096000.0,28.0,4.0,291.0,290.0,1.0,272.0,15.0,4.0,0.0,c,205843.0,207728.0,0.0,291.0,0.0,291.0,291.0,0.0
opentelemetry-instrumentation-bunny,0.25.0,2026-04-15,ok,12288.0,10.0,0.0,20.0,20.0,0.0,14.0,6.0,0.0,0.0,,211.0,345.0,0.0,20.0,0.0,20.0,20.0,0.0
sneakers,2.12.0,2019-12-24,ok,37376.0,25.0,0.0,133.0,133.0,0.0,119.0,14.0,0.0,0.0,,1045.0,1428.0,0.0,133.0,0.0,133.0,133.0,0.0
pronto-rubocop,0.11.6,2025-01-11,ok,9728.0,4.0,0.0,37.0,39.0,0.0,10.0,27.0,0.0,0.0,,213.0,279.0,0.0,37.0,0.0,37.0,37.0,0.0
appraisal,2.5.0,2023-07-14,ok,26112.0,21.0,0.0,145.0,145.0,0.0,105.0,39.0,1.0,0.0,,871.0,1103.0,0.0,145.0,0.0,145.0,145.0,0.0
jasmine-core,3.99.0,2022-01-01,ok,92160.0,2.0,0.0,11.0,11.0,0.0,11.0,0.0,0.0,0.0,,66.0,89.0,0.0,11.0,0.0,11.0,11.0,0.0
google-cloud-compute-v1,3.9.1,2026-08-05,ok,2044928.0,710.0,0.0,6227.0,6227.0,0.0,6227.0,0.0,0.0,0.0,,116401.0,357630.0,0.0,6227.0,0.0,6227.0,6227.0,0.0
hkdf,1.0.0,2021-04-16,ok,9728.0,2.0,0.0,10.0,10.0,0.0,8.0,2.0,0.0,0.0,,63.0,108.0,0.0,10.0,0.0,10.0,10.0,0.0
opentelemetry-instrumentation-mongo,0.26.0,2026-04-15,ok,13312.0,7.0,0.0,27.0,27.0,0.0,9.0,18.0,0.0,0.0,,223.0,340.0,0.0,27.0,0.0,27.0,27.0,0.0
syslog_protocol,0.9.2,2012-04-24,ok,11264.0,5.0,0.0,26.0,27.0,0.0,23.0,3.0,0.0,0.0,,266.0,301.0,0.0,26.0,0.0,26.0,26.0,0.0
ferrum,0.18.0,2026-08-20,ok,81408.0,56.0,0.0,763.0,769.0,0.0,641.0,122.0,0.0,17.0,,4244.0,9458.0,0.0,763.0,0.0,763.0,763.0,0.0
jekyll-paginate,1.1.0,2014-10-14,ok,11776.0,4.0,0.0,22.0,22.0,0.0,22.0,0.0,0.0,0.0,,130.0,240.0,0.0,22.0,0.0,22.0,22.0,0.0
geokit-rails,2.5.0,2023-01-21,ok,41984.0,19.0,0.0,58.0,60.0,0.0,41.0,17.0,0.0,0.0,,557.0,902.0,0.0,58.0,0.0,58.0,58.0,0.0
opentelemetry-instrumentation-sinatra,0.30.0,2026-04-15,ok,12800.0,7.0,0.0,6.0,6.0,0.0,6.0,0.0,0.0,0.0,,103.0,211.0,0.0,6.0,0.0,6.0,6.0,0.0
eventmachine_httpserver,0.2.1,2010-12-23,ok,25088.0,3.0,3.0,36.0,29.0,7.0,36.0,0.0,0.0,0.0,c+cpp,246.0,484.0,0.0,36.0,0.0,36.0,36.0,0.0
xcresult,0.2.5,2026-02-04,ok,11776.0,4.0,0.0,191.0,191.0,0.0,188.0,3.0,0.0,0.0,,418.0,671.0,0.0,191.0,0.0,191.0,191.0,0.0
openapi_parser,2.3.1,2025-11-14,ok,32768.0,63.0,0.0,277.0,277.0,0.0,195.0,82.0,0.0,0.0,,1808.0,2786.0,0.0,277.0,0.0,277.0,277.0,0.0
iso8601,0.13.0,2020-07-05,ok,25600.0,16.0,0.0,173.0,178.0,0.0,125.0,48.0,0.0,0.0,,828.0,1874.0,0.0,173.0,0.0,173.0,173.0,0.0
handlebars_assets,0.23.10,2026-07-04,ok,81408.0,6.0,0.0,95.0,95.0,0.0,81.0,5.0,9.0,0.0,,442.0,568.0,0.0,95.0,0.0,95.0,95.0,0.0
maxmind-db,1.4.0,2025-11-20,ok,17408.0,7.0,0.0,60.0,60.0,0.0,37.0,23.0,0.0,0.0,,474.0,800.0,0.0,60.0,0.0,60.0,60.0,0.0
telephone_number,1.4.26,2026-08-13,ok,4277248.0,16.0,0.0,116.0,117.0,0.0,91.0,25.0,0.0,0.0,,596.0,727.0,0.0,116.0,0.0,116.0,116.0,0.0
cmdparse,3.0.7,2020-12-08,ok,54784.0,2.0,0.0,303.0,327.0,0.0,295.0,5.0,3.0,0.0,,1669.0,2498.0,0.0,303.0,0.0,303.0,303.0,0.0
selectize-rails,0.12.6,2018-11-07,ok,39936.0,4.0,0.0,0.0,0.0,0.0,0.0,0.0,0.0,0.0,,26.0,31.0,0.0,0.0,0.0,0.0,0.0,0.0
opentelemetry-instrumentation-all,0.96.0,2026-08-18,ok,14336.0,3.0,0.0,0.0,0.0,0.0,0.0,0.0,0.0,0.0,,59.0,89.0,0.0,0.0,0.0,0.0,0.0,0.0
minitest-retry,0.3.1,2026-01-12,ok,9728.0,2.0,0.0,20.0,20.0,0.0,20.0,0.0,0.0,0.0,,128.0,163.0,0.0,20.0,0.0,20.0,20.0,0.0
aws-sdk-sts,1.12.0,2025-06-02,ok,9216.0,1.0,0.0,0.0,0.0,0.0,0.0,0.0,0.0,0.0,,2.0,6.0,0.0,0.0,0.0,0.0,0.0,0.0
fastlane-plugin-sentry,2.6.3,2026-09-03,ok,42046464.0,14.0,0.0,83.0,83.0,0.0,83.0,0.0,0.0,0.0,,1203.0,1430.0,0.0,83.0,0.0,83.0,83.0,0.0
htmlbeautifier,1.4.3,2024-02-13,ok,9216.0,6.0,0.0,31.0,31.0,0.0,10.0,21.0,0.0,0.0,,255.0,329.0,0.0,31.0,0.0,31.0,31.0,0.0
ace-rails-ap,4.5,2023-01-12,ok,2619392.0,4.0,0.0,0.0,0.0,0.0,0.0,0.0,0.0,0.0,,33.0,42.0,0.0,0.0,0.0,0.0,0.0,0.0
super_diff,0.19.0,2026-05-01,ok,51712.0,196.0,0.0,931.0,944.0,0.0,551.0,254.0,126.0,0.0,,7833.0,9884.0,0.0,931.0,0.0,931.0,931.0,0.0
redis-prescription,2.6.0,2023-04-30,ok,8704.0,9.0,0.0,23.0,23.0,0.0,20.0,3.0,0.0,0.0,,183.0,306.0,0.0,23.0,0.0,23.0,23.0,0.0
image_size,3.6.0,2026-05-25,ok,174080.0,11.0,0.0,104.0,105.0,0.0,69.0,35.0,0.0,0.0,,828.0,1069.0,0.0,104.0,0.0,104.0,104.0,0.0
opentelemetry-instrumentation-lmdb,0.26.0,2026-04-15,ok,11264.0,7.0,0.0,12.0,12.0,0.0,5.0,7.0,0.0,0.0,,133.0,220.0,0.0,12.0,0.0,12.0,12.0,0.0
opentelemetry-instrumentation-que,0.13.0,2026-04-15,ok,13824.0,9.0,0.0,18.0,18.0,0.0,15.0,3.0,0.0,0.0,,228.0,392.0,0.0,18.0,0.0,18.0,18.0,0.0
globalize,7.1.3,2026-05-25,ok,30720.0,26.0,0.0,182.0,184.0,0.0,142.0,10.0,30.0,0.0,,1237.0,1594.0,0.0,182.0,0.0,182.0,182.0,0.0
shakapacker,10.3.2,2026-08-29,ok,137216.0,32.0,0.0,520.0,521.0,0.0,195.0,310.0,15.0,6.0,,5494.0,8225.0,0.0,520.0,0.0,520.0,520.0,0.0
opentelemetry-instrumentation-koala,0.24.0,2026-04-15,ok,10752.0,6.0,0.0,3.0,3.0,0.0,1.0,2.0,0.0,0.0,,61.0,121.0,0.0,3.0,0.0,3.0,3.0,0.0
activerecord-deprecated_finders,1.0.4,2015-04-01,ok,10752.0,7.0,0.0,55.0,55.0,0.0,53.0,1.0,1.0,0.0,,542.0,680.0,0.0,55.0,0.0,55.0,55.0,0.0
hipchat,1.6.0,2017-07-05,ok,27136.0,13.0,0.0,105.0,105.0,0.0,98.0,7.0,0.0,0.0,,1161.0,1568.0,0.0,105.0,0.0,105.0,105.0,0.0
cool.io,1.9.5,2026-07-31,ok,118272.0,17.0,23.0,163.0,114.0,50.0,145.0,3.0,15.0,5.0,c,855.0,1433.0,0.0,163.0,0.0,163.0,163.0,0.0
patience_diff,1.2.0,2021-02-28,ok,14848.0,10.0,0.0,80.0,80.0,0.0,68.0,12.0,0.0,0.0,,466.0,595.0,0.0,80.0,0.0,80.0,80.0,0.0
xcov,1.9.0,2025-11-19,ok,158720.0,19.0,0.0,134.0,134.0,0.0,123.0,11.0,0.0,0.0,,1193.0,1528.0,0.0,134.0,0.0,134.0,134.0,0.0
fabrication,3.0.0,2025-05-29,ok,14848.0,27.0,0.0,206.0,207.0,0.0,177.0,16.0,13.0,0.0,,1088.0,1357.0,0.0,206.0,0.0,206.0,206.0,0.0
hamster,3.0.0,2016-02-20,ok,129024.0,22.0,0.0,602.0,680.0,0.0,576.0,21.0,5.0,0.0,,3466.0,7242.0,0.0,602.0,0.0,602.0,602.0,0.0
sidekiq-throttled,2.1.0,2026-01-20,ok,20992.0,21.0,0.0,97.0,97.0,0.0,75.0,22.0,0.0,0.0,,736.0,1442.0,0.0,97.0,0.0,97.0,97.0,0.0
rr,3.1.2,2025-04-07,ok,91648.0,88.0,0.0,503.0,516.0,0.0,431.0,1.0,71.0,0.0,,3095.0,4133.0,0.0,503.0,0.0,503.0,503.0,0.0
nilify_blanks,1.4.0,2020-04-19,ok,13824.0,5.0,0.0,8.0,8.0,0.0,7.0,1.0,0.0,0.0,,121.0,163.0,0.0,8.0,0.0,8.0,8.0,0.0
ruby-openid,2.9.2,2019-10-16,ok,331776.0,48.0,0.0,793.0,794.0,0.0,723.0,8.0,62.0,0.0,,6027.0,9308.0,0.0,793.0,0.0,793.0,793.0,0.0
gitlab-kas-grpc,19.3.1,2026-08-26,ok,15360.0,32.0,0.0,0.0,0.0,0.0,0.0,0.0,0.0,0.0,,582.0,888.0,0.0,0.0,0.0,0.0,0.0,0.0
ahoy_matey,5.5.0,2026-04-08,ok,29696.0,23.0,0.0,119.0,119.0,0.0,81.0,5.0,33.0,0.0,,1072.0,1334.0,0.0,119.0,0.0,119.0,119.0,0.0
rdiscount,2.2.7,2022-10-24,ok,73728.0,3.0,34.0,41.0,39.0,2.0,41.0,0.0,0.0,0.0,c,57.0,173.0,0.0,41.0,0.0,41.0,41.0,0.0
docx,0.13.0,2026-05-31,ok,18432.0,21.0,0.0,167.0,168.0,0.0,155.0,12.0,0.0,0.0,,1001.0,1370.0,0.0,167.0,0.0,167.0,167.0,0.0
doorkeeper-device_authorization_grant,1.0.3,2023-04-11,ok,17408.0,23.0,0.0,111.0,111.0,0.0,72.0,39.0,0.0,0.0,,709.0,1180.0,0.0,111.0,0.0,111.0,111.0,0.0
rgeo-geojson,2.2.0,2024-07-22,ok,12288.0,8.0,0.0,69.0,71.0,0.0,55.0,14.0,0.0,0.0,,412.0,671.0,0.0,69.0,0.0,69.0,69.0,0.0
hexapdf,1.10.0,2026-08-21,ok,2942464.0,261.0,0.0,2826.0,2859.0,0.0,2363.0,426.0,37.0,19.0,,26649.0,59586.0,0.0,2826.0,0.0,2826.0,2826.0,0.0
committee,5.6.3,2026-04-16,ok,64000.0,48.0,0.0,373.0,373.0,0.0,267.0,106.0,0.0,0.0,,2433.0,3586.0,0.0,373.0,0.0,373.0,373.0,0.0
tty-box,0.7.0,2020-12-20,ok,13312.0,4.0,0.0,54.0,61.0,0.0,53.0,1.0,0.0,33.0,,372.0,610.0,0.0,54.0,0.0,54.0,54.0,0.0
skylight,7.1.1,2026-04-17,ok,275968.0,116.0,3.0,785.0,773.0,25.0,630.0,149.0,6.0,0.0,c,6531.0,9143.0,0.0,785.0,0.0,785.0,785.0,0.0
devise_token_auth,1.3.0,2026-07-31,ok,108544.0,32.0,0.0,217.0,217.0,0.0,94.0,44.0,79.0,0.0,,1908.0,2839.0,0.0,217.0,0.0,217.0,217.0,0.0
opentelemetry-instrumentation-rdkafka,0.10.0,2026-04-15,ok,11776.0,7.0,0.0,8.0,8.0,0.0,3.0,5.0,0.0,0.0,,146.0,231.0,0.0,8.0,0.0,8.0,8.0,0.0
rails_admin,3.3.0,2024-12-08,ok,736256.0,136.0,0.0,621.0,624.0,0.0,511.0,93.0,17.0,0.0,,6639.0,8836.0,0.0,621.0,0.0,621.0,621.0,0.0
syslog,0.4.0,2026-01-29,ok,18944.0,4.0,1.0,64.0,47.0,17.0,63.0,1.0,0.0,0.0,c,325.0,617.0,0.0,64.0,0.0,64.0,64.0,0.0
bundle-audit,0.2.0,2025-12-02,ok,8704.0,2.0,0.0,0.0,0.0,0.0,0.0,0.0,0.0,0.0,,10.0,14.0,0.0,0.0,0.0,0.0,0.0,0.0
protected_attributes,1.1.4,2017-05-04,ok,15360.0,17.0,0.0,77.0,78.0,0.0,58.0,12.0,7.0,0.0,,689.0,1223.0,0.0,77.0,0.0,77.0,77.0,0.0
annotaterb,4.24.0,2026-07-24,ok,63488.0,98.0,0.0,479.0,479.0,0.0,369.0,110.0,0.0,0.0,,4365.0,5981.0,0.0,479.0,0.0,479.0,479.0,0.0
em-synchrony,1.0.6,2016-12-02,ok,35840.0,25.0,0.0,179.0,190.0,0.0,169.0,4.0,6.0,0.0,,1385.0,1906.0,0.0,179.0,0.0,179.0,179.0,0.0
google-cloud-storage_transfer-v1,1.11.0,2026-06-11,ok,91136.0,32.0,0.0,154.0,154.0,0.0,154.0,0.0,0.0,0.0,,3009.0,10816.0,0.0,154.0,0.0,154.0,154.0,0.0
google-cloud-storage_transfer,1.7.1,2026-08-05,ok,14848.0,3.0,0.0,3.0,3.0,0.0,3.0,0.0,0.0,0.0,,66.0,207.0,0.0,3.0,0.0,3.0,3.0,0.0
gitlab-security_report_schemas,,,no_versions,,,,,,,,,,,,,,,,,,,
open_uri_redirections,0.2.1,2014-11-26,ok,9216.0,3.0,0.0,7.0,7.0,0.0,6.0,1.0,0.0,0.0,,45.0,81.0,0.0,7.0,0.0,7.0,7.0,0.0
valid_email2,7.1.0,2026-08-23,ok,1021952.0,6.0,0.0,41.0,41.0,0.0,30.0,11.0,0.0,0.0,,312.0,419.0,0.0,41.0,0.0,41.0,41.0,0.0
cronex,0.15.0,2024-10-20,ok,28160.0,16.0,0.0,92.0,92.0,0.0,92.0,0.0,0.0,0.0,,539.0,663.0,0.0,92.0,0.0,92.0,92.0,0.0
terminal-notifier-guard,1.7.0,2016-02-20,ok,512512.0,1.0,0.0,14.0,14.0,0.0,14.0,0.0,0.0,0.0,,105.0,156.0,0.0,14.0,0.0,14.0,14.0,0.0
simplecov-console,0.9.5,2026-02-02,ok,13312.0,3.0,0.0,11.0,11.0,0.0,11.0,0.0,0.0,0.0,,240.0,312.0,0.0,11.0,0.0,11.0,11.0,0.0
debugger-linecache,1.2.0,2013-03-11,ok,15872.0,3.0,0.0,23.0,23.0,0.0,23.0,0.0,0.0,0.0,,296.0,469.0,0.0,23.0,0.0,23.0,23.0,0.0
shopify_api,16.3.0,2026-08-04,ok,760320.0,1394.0,0.0,1629.0,23728.0,0.0,1584.0,40.0,5.0,0.0,,188187.0,217204.0,0.0,1629.0,0.0,1629.0,1629.0,0.0
okcomputer,1.19.2,2026-05-31,ok,21504.0,38.0,0.0,224.0,224.0,0.0,208.0,16.0,0.0,0.0,,986.0,1544.0,0.0,224.0,0.0,224.0,224.0,0.0
google-id-token,1.4.2,2017-09-11,ok,12288.0,2.0,0.0,6.0,6.0,0.0,2.0,4.0,0.0,0.0,,119.0,196.0,0.0,6.0,0.0,6.0,6.0,0.0
stoplight,5.8.3,2026-08-17,ok,82944.0,101.0,0.0,646.0,646.0,0.0,423.0,216.0,7.0,0.0,,4331.0,6851.0,1.0,646.0,0.0,646.0,646.0,0.0
open3,0.2.1,2023-12-16,ok,14848.0,3.0,0.0,16.0,19.0,0.0,16.0,0.0,0.0,0.0,,377.0,1543.0,0.0,16.0,0.0,16.0,16.0,0.0
opentelemetry-instrumentation-racecar,0.7.0,2026-04-15,ok,11776.0,7.0,0.0,11.0,11.0,0.0,7.0,4.0,0.0,0.0,,144.0,228.0,0.0,11.0,0.0,11.0,11.0,0.0
ruby_llm,1.16.0,2026-06-09,ok,197632.0,137.0,0.0,1490.0,1498.0,0.0,1071.0,412.0,7.0,412.0,,11432.0,14520.0,2.0,1490.0,0.0,1490.0,1490.0,0.0
wannabe_bool,0.7.1,2018-03-13,ok,12800.0,11.0,0.0,15.0,15.0,0.0,15.0,0.0,0.0,0.0,,120.0,165.0,0.0,15.0,0.0,15.0,15.0,0.0
httpx,1.8.3,2026-08-26,ok,224768.0,118.0,0.0,1522.0,1546.0,0.0,1115.0,406.0,1.0,76.0,,13300.0,19123.0,0.0,1522.0,0.0,1522.0,1522.0,0.0
code_teams,1.3.1,2026-08-24,ok,9728.0,6.0,0.0,44.0,44.0,0.0,44.0,0.0,0.0,3.0,,323.0,439.0,0.0,44.0,0.0,44.0,44.0,0.0
rspec-wait,1.0.2,2025-06-29,ok,10752.0,6.0,0.0,12.0,12.0,0.0,11.0,1.0,0.0,3.0,,120.0,188.0,0.0,12.0,0.0,12.0,12.0,0.0
packs-specification,0.0.11,2026-02-04,ok,7168.0,6.0,0.0,28.0,28.0,0.0,25.0,3.0,0.0,0.0,,223.0,287.0,0.0,28.0,0.0,28.0,28.0,0.0
json_matchers,0.11.1,2019-07-19,ok,18944.0,10.0,0.0,41.0,41.0,0.0,19.0,22.0,0.0,0.0,,209.0,292.0,0.0,41.0,0.0,41.0,41.0,0.0
yabeda,0.16.0,2026-03-12,ok,30720.0,27.0,0.0,144.0,144.0,0.0,136.0,8.0,0.0,0.0,,967.0,1414.0,0.0,144.0,0.0,144.0,144.0,0.0
solve,4.0.4,2020-08-17,ok,17920.0,11.0,0.0,138.0,138.0,0.0,113.0,25.0,0.0,0.0,,747.0,1344.0,0.0,138.0,0.0,138.0,138.0,0.0
geom2d,0.4.1,2023-07-31,ok,21504.0,12.0,0.0,153.0,159.0,0.0,143.0,10.0,0.0,0.0,,832.0,1411.0,0.0,153.0,0.0,153.0,153.0,0.0
streamio-ffmpeg,3.0.2,2016-11-18,ok,17920.0,7.0,0.0,104.0,106.0,0.0,61.0,37.0,6.0,0.0,,578.0,762.0,0.0,104.0,0.0,104.0,104.0,0.0
jasmine,3.99.0,2022-01-01,ok,49664.0,29.0,0.0,240.0,241.0,0.0,198.0,42.0,0.0,0.0,,1252.0,1515.0,0.0,240.0,0.0,240.0,240.0,0.0
tailwindcss-ruby,4.3.3,2026-07-21,ok,9216.0,3.0,0.0,2.0,2.0,0.0,2.0,0.0,0.0,0.0,,82.0,110.0,0.0,2.0,0.0,2.0,2.0,0.0
gitlab-cloud-connector,1.53.0,2026-08-10,ok,20992.0,11.0,0.0,77.0,77.0,0.0,57.0,11.0,9.0,0.0,,385.0,531.0,0.0,77.0,0.0,77.0,77.0,0.0
guard-bundler,3.1.0,2026-01-17,ok,7680.0,4.0,0.0,16.0,16.0,0.0,12.0,4.0,0.0,0.0,,143.0,186.0,0.0,16.0,0.0,16.0,16.0,0.0
pundit-matchers,4.0.0,2024-12-17,ok,9216.0,11.0,0.0,77.0,77.0,0.0,56.0,21.0,0.0,0.0,,407.0,797.0,0.0,77.0,0.0,77.0,77.0,0.0
mysql,2.9.1,2013-02-16,ok,39936.0,3.0,1.0,148.0,2.0,148.0,148.0,0.0,0.0,0.0,c,85.0,111.0,0.0,148.0,0.0,148.0,148.0,0.0
resolv,0.7.2,2026-08-27,ok,30208.0,3.0,1.0,360.0,356.0,5.0,356.0,4.0,0.0,1.0,c,2363.0,3703.0,0.0,360.0,0.0,360.0,360.0,0.0
minima,2.5.2,2024-09-06,ok,19968.0,0.0,0.0,0.0,0.0,0.0,0.0,0.0,0.0,0.0,,0.0,0.0,0.0,0.0,0.0,0.0,0.0,0.0
winrm-elevated,1.2.3,2020-11-11,ok,12800.0,2.0,0.0,14.0,14.0,0.0,11.0,3.0,0.0,0.0,,58.0,122.0,0.0,14.0,0.0,14.0,14.0,0.0
rails-settings-cached,2.9.6,2024-12-10,ok,13824.0,18.0,0.0,71.0,71.0,0.0,66.0,5.0,0.0,0.0,,434.0,575.0,2.0,71.0,0.0,71.0,71.0,0.0
event_emitter,0.2.6,2017-07-25,ok,9728.0,3.0,0.0,9.0,9.0,0.0,9.0,0.0,0.0,0.0,,66.0,82.0,0.0,9.0,0.0,9.0,9.0,0.0
license-acceptance,2.1.13,2020-12-07,ok,15360.0,15.0,0.0,99.0,99.0,0.0,93.0,6.0,0.0,0.0,,623.0,834.0,0.0,99.0,0.0,99.0,99.0,0.0
acts_as_tree,2.9.1,2019-12-28,ok,14848.0,4.0,0.0,29.0,32.0,0.0,26.0,3.0,0.0,0.0,,236.0,421.0,0.0,29.0,0.0,29.0,29.0,0.0
auto_strip_attributes,2.6.0,2020-03-25,ok,12288.0,2.0,0.0,9.0,9.0,0.0,9.0,0.0,0.0,0.0,,86.0,106.0,0.0,9.0,0.0,9.0,9.0,0.0
sax-machine,1.3.2,2015-04-19,ok,26112.0,14.0,0.0,126.0,127.0,0.0,115.0,10.0,1.0,0.0,,602.0,769.0,0.0,126.0,0.0,126.0,126.0,0.0
fakefs,3.2.1,2026-03-30,ok,32768.0,21.0,0.0,449.0,473.0,0.0,423.0,26.0,0.0,3.0,,2619.0,3779.0,0.0,449.0,0.0,449.0,449.0,0.0
jekyll-redirect-from,0.16.0,2020-01-26,ok,17408.0,8.0,0.0,23.0,23.0,0.0,17.0,6.0,0.0,0.0,,159.0,240.0,0.0,23.0,0.0,23.0,23.0,0.0
opentelemetry-helpers-mysql,0.6.0,2026-04-15,ok,11264.0,4.0,0.0,3.0,3.0,0.0,3.0,0.0,0.0,3.0,,68.0,132.0,0.0,3.0,0.0,3.0,3.0,0.0
sinatra-activerecord,2.0.28,2024-11-29,ok,9728.0,8.0,0.0,10.0,14.0,0.0,10.0,0.0,0.0,0.0,,207.0,271.0,0.0,10.0,0.0,10.0,10.0,0.0
puma-plugin-statsd,2.8.0,2026-04-25,ok,10752.0,1.0,0.0,21.0,21.0,0.0,17.0,4.0,0.0,0.0,,167.0,231.0,0.0,21.0,0.0,21.0,21.0,0.0
jar-dependencies,0.6.0,2026-09-02,ok,3580416.0,16.0,0.0,157.0,158.0,0.0,133.0,24.0,0.0,0.0,,1311.0,1846.0,0.0,157.0,0.0,157.0,157.0,0.0
job-iteration,1.15.0,2026-06-04,ok,30208.0,24.0,0.0,179.0,179.0,0.0,131.0,47.0,1.0,0.0,,1363.0,2037.0,0.0,179.0,0.0,179.0,179.0,0.0
puppet-resource_api,2.0.1,2026-06-30,ok,101888.0,17.0,0.0,166.0,168.0,0.0,161.0,3.0,2.0,0.0,,1372.0,2075.0,0.0,166.0,0.0,166.0,166.0,0.0
prosopite,2.2.0,2026-04-16,ok,16384.0,4.0,0.0,38.0,38.0,0.0,38.0,0.0,0.0,0.0,,267.0,347.0,0.0,38.0,0.0,38.0,38.0,0.0
disposable,0.6.3,2022-05-24,ok,49664.0,25.0,0.0,153.0,153.0,0.0,116.0,37.0,0.0,0.0,,895.0,1285.0,0.0,153.0,0.0,153.0,153.0,0.0
progress,3.6.0,2021-04-02,ok,17408.0,10.0,0.0,71.0,71.0,0.0,47.0,13.0,11.0,1.0,,475.0,683.0,0.0,71.0,0.0,71.0,71.0,0.0
nats-pure,2.5.0,2025-02-21,ok,57344.0,42.0,0.0,423.0,433.0,0.0,357.0,66.0,0.0,0.0,,3899.0,6133.0,0.0,423.0,0.0,423.0,423.0,0.0
sslshake,1.3.1,2020-06-14,ok,13312.0,6.0,0.0,12.0,12.0,0.0,11.0,1.0,0.0,0.0,,750.0,862.0,0.0,12.0,0.0,12.0,12.0,0.0
lookbook,2.3.15,2026-08-31,ok,1861632.0,152.0,0.0,895.0,895.0,0.0,741.0,30.0,124.0,0.0,,4977.0,6876.0,0.0,895.0,0.0,895.0,895.0,0.0
code_ownership,2.1.4,2026-08-11,ok,23345152.0,9.0,3192.0,48.0,42.0,6.0,44.0,4.0,0.0,0.0,c+rust,469.0,817.0,0.0,48.0,0.0,48.0,48.0,0.0
callsite,0.0.11,2011-11-10,ok,8704.0,7.0,0.0,27.0,27.0,0.0,27.0,0.0,0.0,0.0,,176.0,204.0,0.0,27.0,0.0,27.0,27.0,0.0
resolv-replace,0.2.0,2026-01-15,ok,8192.0,1.0,0.0,16.0,18.0,0.0,16.0,0.0,0.0,0.0,,56.0,77.0,0.0,16.0,0.0,16.0,16.0,0.0
cuprite,0.18,2026-09-03,ok,24576.0,9.0,0.0,220.0,229.0,0.0,202.0,18.0,0.0,0.0,,1137.0,1460.0,0.0,220.0,0.0,220.0,220.0,0.0
seed_dump,3.4.2,2026-05-13,ok,19968.0,5.0,0.0,47.0,47.0,0.0,6.0,41.0,0.0,0.0,,533.0,1095.0,0.0,47.0,0.0,47.0,47.0,0.0
inspec-core,7.2.1,2026-09-02,ok,457216.0,374.0,0.0,3385.0,3416.0,0.0,2688.0,697.0,0.0,0.0,,30501.0,42472.0,0.0,3385.0,0.0,3385.0,3385.0,0.0
jekyll-gist,1.5.0,2017-12-03,ok,12288.0,3.0,0.0,8.0,8.0,0.0,1.0,7.0,0.0,0.0,,110.0,147.0,0.0,8.0,0.0,8.0,8.0,0.0
cleanroom,1.0.0,2014-08-12,ok,15360.0,4.0,0.0,19.0,19.0,0.0,17.0,2.0,0.0,0.0,,120.0,309.0,0.0,19.0,0.0,19.0,19.0,0.0
devfile,0.5.5,2026-08-26,ok,113810944.0,2.0,0.0,9.0,9.0,0.0,6.0,3.0,0.0,0.0,,57.0,85.0,0.0,9.0,0.0,9.0,9.0,0.0
iso-639,0.3.8,2024-10-07,ok,17920.0,1.0,0.0,11.0,11.0,0.0,11.0,0.0,0.0,0.0,,85.0,142.0,0.0,11.0,0.0,11.0,11.0,0.0
jwe,1.1.1,2025-08-07,ok,17408.0,25.0,0.0,104.0,110.0,0.0,104.0,0.0,0.0,0.0,,585.0,819.0,0.0,104.0,0.0,104.0,104.0,0.0
goldiloader,6.0.0,2025-11-05,ok,9216.0,9.0,0.0,57.0,57.0,0.0,46.0,11.0,0.0,0.0,,366.0,510.0,0.0,57.0,0.0,57.0,57.0,0.0
scanf,1.0.0,2017-12-11,ok,12288.0,1.0,0.0,37.0,37.0,0.0,26.0,11.0,0.0,0.0,,290.0,777.0,0.0,37.0,0.0,37.0,37.0,0.0
websocket-client-simple,0.9.0,2024-12-31,ok,10752.0,3.0,0.0,9.0,9.0,0.0,9.0,0.0,0.0,0.0,,121.0,137.0,0.0,9.0,0.0,9.0,9.0,0.0
jose,1.2.0,2024-01-08,ok,78848.0,70.0,0.0,803.0,803.0,0.0,758.0,45.0,0.0,0.0,,6682.0,9952.0,0.0,803.0,0.0,803.0,803.0,0.0
blazer,3.5.1,2026-07-31,ok,907264.0,54.0,0.0,425.0,425.0,0.0,326.0,69.0,30.0,0.0,,3591.0,4475.0,0.0,425.0,0.0,425.0,425.0,0.0
rspec-github,3.0.0,2025-01-14,ok,5632.0,4.0,0.0,11.0,11.0,0.0,7.0,4.0,0.0,0.0,,74.0,105.0,0.0,11.0,0.0,11.0,11.0,0.0
in_threads,1.6.0,2022-01-17,ok,15872.0,1.0,0.0,26.0,26.0,0.0,21.0,3.0,2.0,0.0,,246.0,332.0,0.0,26.0,0.0,26.0,26.0,0.0
minitest-stub-const,0.6,2016-11-29,ok,6656.0,2.0,0.0,4.0,4.0,0.0,4.0,0.0,0.0,0.0,,47.0,101.0,0.0,4.0,0.0,4.0,4.0,0.0
fspath,3.1.2,2019-07-14,ok,12800.0,1.0,0.0,46.0,46.0,0.0,42.0,4.0,0.0,0.0,,249.0,361.0,0.0,46.0,0.0,46.0,46.0,0.0
httplog,1.8.0,2026-01-13,ok,17920.0,10.0,0.0,121.0,126.0,0.0,106.0,15.0,0.0,0.0,,634.0,784.0,0.0,121.0,0.0,121.0,121.0,0.0
dragonfly,1.4.2,2026-07-21,ok,432640.0,53.0,0.0,495.0,497.0,0.0,368.0,121.0,6.0,14.0,,2822.0,3707.0,0.0,495.0,0.0,495.0,495.0,0.0
image_optim,0.32.0,2026-05-27,ok,235520.0,43.0,0.0,233.0,233.0,0.0,177.0,47.0,9.0,1.0,,2320.0,3197.0,0.0,233.0,0.0,233.0,233.0,0.0
test-kitchen,4.1.4,2026-09-04,ok,108032.0,69.0,0.0,797.0,797.0,0.0,414.0,383.0,0.0,0.0,,5909.0,12577.0,0.0,797.0,0.0,797.0,797.0,0.0
algoliasearch-rails,3.0.4,2026-09-01,ok,430080.0,10.0,0.0,121.0,123.0,0.0,100.0,20.0,1.0,0.0,,1024.0,1279.0,0.0,121.0,0.0,121.0,121.0,0.0
easy_translate,0.5.2,2026-07-19,ok,9216.0,9.0,0.0,40.0,40.0,0.0,26.0,14.0,0.0,0.0,,437.0,591.0,0.0,40.0,0.0,40.0,40.0,0.0
administrate,1.0.0,2025-10-31,ok,985600.0,54.0,0.0,379.0,379.0,0.0,214.0,165.0,0.0,0.0,,2233.0,2818.0,0.0,379.0,0.0,379.0,379.0,0.0
gitlab-secret_detection,0.45.0,2026-08-28,ok,56832.0,20.0,0.0,117.0,117.0,0.0,69.0,46.0,2.0,0.0,,1239.0,1816.0,0.0,117.0,0.0,117.0,117.0,0.0
mcp,1.5.0,2026-09-05,ok,159232.0,69.0,0.0,935.0,939.0,0.0,605.0,330.0,0.0,0.0,,8358.0,13502.0,0.0,935.0,0.0,935.0,935.0,0.0
with_model,2.4.0,2026-09-03,ok,35328.0,18.0,0.0,95.0,99.0,0.0,75.0,20.0,0.0,0.0,,632.0,997.0,0.0,95.0,0.0,95.0,95.0,0.0
equivalent-xml,0.6.0,2015-04-21,ok,12288.0,2.0,0.0,14.0,14.0,0.0,11.0,3.0,0.0,0.0,,202.0,278.0,0.0,14.0,0.0,14.0,14.0,0.0
httmultiparty,0.3.16,2014-10-02,ok,6656.0,5.0,0.0,24.0,24.0,0.0,16.0,8.0,0.0,0.0,,161.0,196.0,0.0,24.0,0.0,24.0,24.0,0.0
elastic-apm,4.9.0,2026-06-19,ok,123392.0,141.0,0.0,1176.0,1178.0,0.0,979.0,197.0,0.0,1.0,,7867.0,12968.0,0.0,1176.0,0.0,1176.0,1176.0,0.0
customerio,6.2.0,2026-07-24,ok,15872.0,13.0,0.0,85.0,85.0,0.0,46.0,39.0,0.0,0.0,,595.0,811.0,0.0,85.0,0.0,85.0,85.0,0.0
sidekiq_alive,2.5.0,2025-05-20,ok,13824.0,14.0,0.0,136.0,136.0,0.0,110.0,26.0,0.0,0.0,,634.0,862.0,0.0,136.0,0.0,136.0,136.0,0.0
fivemat,1.3.7,2018-07-23,ok,10240.0,11.0,0.0,47.0,48.0,0.0,43.0,4.0,0.0,0.0,,363.0,448.0,0.0,47.0,0.0,47.0,47.0,0.0
github-pages,232,2024-08-06,ok,11264.0,5.0,0.0,17.0,17.0,0.0,12.0,5.0,0.0,0.0,,257.0,383.0,0.0,17.0,0.0,17.0,17.0,0.0
hairtrigger,1.3.1,2025-03-31,ok,23552.0,11.0,0.0,118.0,118.0,0.0,94.0,24.0,0.0,0.0,,1031.0,1237.0,0.0,118.0,0.0,118.0,118.0,0.0
versionist,2.0.1,2019-07-22,ok,12800.0,38.0,0.0,72.0,72.0,0.0,65.0,7.0,0.0,0.0,,810.0,1014.0,20.0,72.0,0.0,72.0,72.0,0.0
eco-source,,,no_versions,,,,,,,,,,,,,,,,,,,
rpush,9.2.0,2024-11-28,ok,105472.0,174.0,0.0,623.0,623.0,0.0,466.0,90.0,67.0,0.0,,5757.0,7103.0,0.0,623.0,0.0,623.0,623.0,0.0
selenium-devtools,0.152.0,2026-08-27,ok,98816.0,177.0,0.0,2351.0,2351.0,0.0,2349.0,2.0,0.0,0.0,,13348.0,19592.0,0.0,2351.0,0.0,2351.0,2351.0,0.0
eco,1.0.0,2011-06-04,ok,5120.0,1.0,0.0,10.0,10.0,0.0,10.0,0.0,0.0,0.0,,41.0,52.0,0.0,10.0,0.0,10.0,10.0,0.0
train-winrm,0.4.3,2026-01-21,ok,15360.0,5.0,0.0,42.0,42.0,0.0,15.0,27.0,0.0,0.0,,402.0,669.0,0.0,42.0,0.0,42.0,42.0,0.0
jemoji,0.13.0,2022-11-19,ok,5632.0,1.0,0.0,7.0,7.0,0.0,5.0,2.0,0.0,0.0,,59.0,96.0,0.0,7.0,0.0,7.0,7.0,0.0
link_header,0.0.8,2013-12-04,ok,9216.0,3.0,0.0,16.0,16.0,0.0,16.0,0.0,0.0,0.0,,93.0,249.0,0.0,16.0,0.0,16.0,16.0,0.0
opentelemetry-instrumentation-gruf,0.6.2,2026-07-07,ok,11776.0,7.0,0.0,9.0,9.0,0.0,2.0,7.0,0.0,0.0,,149.0,239.0,0.0,9.0,0.0,9.0,9.0,0.0
angularjs-rails,1.8.0,2020-07-27,ok,679424.0,4.0,0.0,0.0,0.0,0.0,0.0,0.0,0.0,0.0,,24.0,30.0,0.0,0.0,0.0,0.0,0.0,0.0
berkshelf,8.1.23,2026-06-18,ok,92160.0,56.0,0.0,553.0,553.0,0.0,520.0,32.0,1.0,0.0,,4105.0,6823.0,0.0,553.0,0.0,553.0,553.0,0.0
jquery-datatables-rails,3.4.0,2016-03-17,ok,465408.0,4.0,0.0,6.0,6.0,0.0,1.0,5.0,0.0,0.0,,85.0,99.0,0.0,6.0,0.0,6.0,6.0,0.0
apnotic,1.8.0,2025-12-16,ok,15872.0,12.0,0.0,107.0,107.0,0.0,85.0,22.0,0.0,0.0,,384.0,476.0,0.0,107.0,0.0,107.0,107.0,0.0
bump,0.10.0,2020-10-08,ok,9728.0,2.0,0.0,32.0,32.0,0.0,12.0,20.0,0.0,0.0,,288.0,359.0,0.0,32.0,0.0,32.0,32.0,0.0
roar,1.2.0,2023-01-17,ok,37888.0,16.0,0.0,87.0,87.0,0.0,65.0,22.0,0.0,0.0,,539.0,847.0,0.0,87.0,0.0,87.0,87.0,0.0
ruby-mysql,4.2.1,2025-12-21,ok,43008.0,13.0,0.0,283.0,286.0,0.0,280.0,3.0,0.0,0.0,,3247.0,4038.0,0.0,283.0,0.0,283.0,283.0,0.0
closure_tree,9.8.0,2026-08-05,ok,41472.0,21.0,0.0,167.0,173.0,0.0,159.0,8.0,0.0,0.0,,1338.0,1843.0,0.0,167.0,0.0,167.0,167.0,0.0
ruby-limiter,2.3.0,2023-10-29,ok,10752.0,6.0,0.0,13.0,13.0,0.0,7.0,6.0,0.0,0.0,,91.0,134.0,0.0,13.0,0.0,13.0,13.0,0.0
maruku,0.7.3,2017-01-15,ok,140288.0,41.0,0.0,456.0,457.0,0.0,434.0,20.0,2.0,0.0,,5264.0,7517.0,1.0,456.0,0.0,456.0,456.0,0.0
active_model_otp,2.3.4,2024-04-18,ok,14336.0,3.0,0.0,21.0,21.0,0.0,15.0,6.0,0.0,0.0,,168.0,212.0,0.0,21.0,0.0,21.0,21.0,0.0
html-proofer,5.2.2,2026-07-28,ok,24576.0,25.0,0.0,235.0,238.0,0.0,199.0,36.0,0.0,0.0,,1912.0,2575.0,0.0,235.0,0.0,235.0,235.0,0.0
yabeda-puma-plugin,0.9.0,2025-11-21,ok,130048.0,7.0,0.0,17.0,18.0,0.0,13.0,4.0,0.0,0.0,,222.0,276.0,0.0,17.0,0.0,17.0,17.0,0.0
jekyll-remote-theme,0.5.2,2026-07-30,ok,10240.0,6.0,0.0,76.0,76.0,0.0,26.0,50.0,0.0,0.0,,492.0,683.0,0.0,76.0,0.0,76.0,76.0,0.0
rspec-sorbet,1.9.2,2023-03-24,ok,11264.0,6.0,0.0,19.0,19.0,0.0,7.0,12.0,0.0,0.0,,189.0,264.0,0.0,19.0,0.0,19.0,19.0,0.0
rack-openid,1.4.2,2014-01-20,ok,11264.0,3.0,0.0,35.0,35.0,0.0,9.0,26.0,0.0,0.0,,286.0,395.0,0.0,35.0,0.0,35.0,35.0,0.0
good_job,4.19.2,2026-07-20,ok,403456.0,82.0,0.0,678.0,681.0,0.0,582.0,96.0,0.0,0.0,,6307.0,9585.0,0.0,678.0,0.0,678.0,678.0,0.0
jekyll-coffeescript,2.0.0,2019-09-06,ok,4608.0,3.0,0.0,4.0,4.0,0.0,4.0,0.0,0.0,0.0,,34.0,48.0,0.0,4.0,0.0,4.0,4.0,0.0
chewy,8.4.1,2026-06-19,ok,104448.0,112.0,0.0,689.0,692.0,0.0,464.0,218.0,7.0,0.0,,5327.0,9842.0,0.0,689.0,0.0,689.0,689.0,0.0
yell,2.2.2,2020-02-16,ok,24576.0,23.0,0.0,194.0,196.0,0.0,131.0,63.0,0.0,0.0,,996.0,2013.0,0.0,194.0,0.0,194.0,194.0,0.0
google-apis-calendar_v3,0.57.0,2026-07-26,ok,43008.0,6.0,0.0,656.0,656.0,0.0,655.0,0.0,1.0,0.0,,2149.0,5751.0,0.0,656.0,0.0,656.0,656.0,0.0
faraday-gzip,3.1.0,2026-01-05,ok,8704.0,3.0,0.0,12.0,12.0,0.0,8.0,4.0,0.0,0.0,,112.0,177.0,0.0,12.0,0.0,12.0,12.0,0.0
getoptlong,0.2.1,2023-11-07,ok,13824.0,1.0,0.0,18.0,21.0,0.0,18.0,0.0,0.0,0.0,,245.0,868.0,0.0,18.0,0.0,18.0,18.0,0.0
abstract,1.0.0,2009-07-25,ok,12288.0,2.0,0.0,160.0,165.0,0.0,160.0,0.0,0.0,0.0,,1027.0,1408.0,0.0,160.0,0.0,160.0,160.0,0.0
yabeda-prometheus,0.9.1,2024-01-04,ok,19968.0,4.0,0.0,23.0,23.0,0.0,22.0,1.0,0.0,0.0,,197.0,242.0,0.0,23.0,0.0,23.0,23.0,0.0
mobility,1.3.2,2025-01-25,ok,86016.0,88.0,0.0,534.0,537.0,0.0,402.0,125.0,7.0,0.0,,4179.0,7411.0,5.0,534.0,0.0,534.0,534.0,0.0
aws-s3,0.6.3,2012-05-29,ok,137216.0,20.0,0.0,437.0,442.0,0.0,314.0,123.0,0.0,0.0,,2375.0,4103.0,0.0,437.0,0.0,437.0,437.0,0.0
namae,1.2.0,2024-01-10,ok,26624.0,5.0,0.0,25.0,25.0,0.0,21.0,4.0,0.0,4.0,,663.0,953.0,0.0,25.0,0.0,25.0,25.0,0.0
soap4r-ruby1.9,2.0.5,2012-03-29,ok,442368.0,162.0,0.0,2557.0,2595.0,0.0,2064.0,484.0,9.0,8.0,,19170.0,24730.0,0.0,2557.0,0.0,2557.0,2557.0,0.0
maxmind-geoip2,1.6.0,2026-07-16,ok,26112.0,29.0,0.0,138.0,138.0,0.0,127.0,9.0,2.0,0.0,,893.0,2192.0,0.0,138.0,0.0,138.0,138.0,0.0
spring-commands-rubocop,0.4.0,2022-06-21,ok,6144.0,2.0,0.0,2.0,2.0,0.0,2.0,0.0,0.0,0.0,,16.0,20.0,0.0,2.0,0.0,2.0,2.0,0.0
gitlab-qa,15.8.0,2026-07-10,ok,137728.0,68.0,0.0,649.0,649.0,0.0,491.0,158.0,0.0,1.0,,4563.0,6292.0,0.0,649.0,0.0,649.0,649.0,0.0
jekyll-include-cache,0.2.2,2026-07-30,ok,5632.0,4.0,0.0,11.0,11.0,0.0,7.0,4.0,0.0,0.0,,100.0,135.0,0.0,11.0,0.0,11.0,11.0,0.0
em-hiredis,0.3.1,2016-01-27,ok,28160.0,9.0,0.0,80.0,81.0,0.0,69.0,9.0,2.0,0.0,,651.0,922.0,0.0,80.0,0.0,80.0,80.0,0.0
hash_diff,1.1.1,2022-08-29,ok,10240.0,3.0,0.0,20.0,21.0,0.0,10.0,9.0,1.0,2.0,,92.0,118.0,0.0,20.0,0.0,20.0,20.0,0.0
activerecord-sqlserver-adapter,8.1.3,2026-08-21,ok,125952.0,66.0,0.0,489.0,489.0,0.0,326.0,120.0,43.0,0.0,,3913.0,4953.0,0.0,489.0,0.0,489.0,489.0,0.0
minitest-server,1.0.10,2026-01-21,ok,12288.0,2.0,0.0,17.0,17.0,0.0,17.0,0.0,0.0,0.0,,101.0,134.0,0.0,17.0,0.0,17.0,17.0,0.0
feedjira,4.0.2,2026-04-15,ok,421888.0,35.0,0.0,133.0,133.0,0.0,119.0,14.0,0.0,0.0,,923.0,1313.0,0.0,133.0,0.0,133.0,133.0,0.0
jekyll-github-metadata,2.16.1,2023-12-29,ok,14336.0,13.0,0.0,157.0,157.0,0.0,120.0,37.0,0.0,0.0,,989.0,1301.0,0.0,157.0,0.0,157.0,157.0,0.0
github-pages-health-check,1.19.2,2026-04-15,ok,22528.0,26.0,0.0,175.0,181.0,0.0,143.0,32.0,0.0,0.0,,1091.0,1532.0,0.0,175.0,0.0,175.0,175.0,0.0
ruby-lsp-rails,0.4.8,2025-07-18,ok,24576.0,16.0,0.0,162.0,163.0,0.0,97.0,65.0,0.0,0.0,,1787.0,2612.0,0.0,162.0,0.0,162.0,162.0,0.0
ruby-lsp-rspec,0.1.29,2026-03-05,ok,14336.0,10.0,0.0,45.0,45.0,0.0,34.0,11.0,0.0,0.0,,550.0,768.0,0.0,45.0,0.0,45.0,45.0,0.0
yaml-lint,0.1.2,2023-01-16,ok,5632.0,1.0,0.0,9.0,9.0,0.0,8.0,1.0,0.0,0.0,,84.0,100.0,0.0,9.0,0.0,9.0,9.0,0.0
anycable-rails,1.6.2,2026-04-02,ok,9216.0,0.0,0.0,0.0,0.0,0.0,0.0,0.0,0.0,0.0,,0.0,0.0,0.0,0.0,0.0,0.0,0.0,0.0
state_machines-rspec,0.6.0,2019-05-30,ok,14848.0,11.0,0.0,68.0,68.0,0.0,52.0,13.0,3.0,0.0,,373.0,465.0,0.0,68.0,0.0,68.0,68.0,0.0
grpc_reflection,0.4.0,2025-12-03,ok,10240.0,11.0,0.0,15.0,15.0,0.0,10.0,5.0,0.0,0.0,,219.0,342.0,0.0,15.0,0.0,15.0,15.0,0.0
opentelemetry-helpers-sql,0.4.0,2026-04-15,ok,10752.0,4.0,0.0,3.0,3.0,0.0,3.0,0.0,0.0,0.0,,36.0,99.0,0.0,3.0,0.0,3.0,3.0,0.0
easypost,7.7.0,2026-06-25,ok,43520.0,108.0,0.0,237.0,237.0,0.0,220.0,15.0,2.0,0.0,,2036.0,3174.0,0.0,237.0,0.0,237.0,237.0,0.0
sequel_pg,1.20.0,2026-09-06,ok,29184.0,4.0,1.0,44.0,47.0,6.0,32.0,8.0,4.0,0.0,c,317.0,458.0,0.0,44.0,0.0,44.0,44.0,0.0
pygments.rb,5.0.0,2026-07-22,ok,1087488.0,5.0,0.0,45.0,46.0,0.0,35.0,10.0,0.0,0.0,,351.0,616.0,0.0,45.0,0.0,45.0,45.0,0.0
tiktoken_ruby,0.0.17,2026-07-19,ok,16384.0,5.0,2.0,24.0,13.0,11.0,23.0,1.0,0.0,0.0,rust,158.0,269.0,0.0,24.0,0.0,24.0,24.0,0.0
mdl,0.18.1,2026-08-09,ok,23040.0,14.0,0.0,62.0,62.0,0.0,61.0,1.0,0.0,0.0,,1622.0,2074.0,0.0,62.0,0.0,62.0,62.0,0.0
padrino-helpers,0.16.1,2026-03-27,ok,88064.0,27.0,0.0,279.0,285.0,0.0,216.0,47.0,16.0,0.0,,1930.0,4357.0,0.0,279.0,0.0,279.0,279.0,0.0
licensed,5.1.0,2026-04-28,ok,81408.0,53.0,0.0,459.0,459.0,0.0,357.0,65.0,37.0,0.0,,3601.0,5428.0,0.0,459.0,0.0,459.0,459.0,0.0
ruby_llm-schema,1.0.0,2026-08-11,ok,5632.0,1.0,0.0,0.0,0.0,0.0,0.0,0.0,0.0,0.0,,20.0,32.0,0.0,0.0,0.0,0.0,0.0,0.0
lefthook,2.1.12,2026-08-28,ok,50752000.0,1.0,0.0,0.0,0.0,0.0,0.0,0.0,0.0,0.0,,0.0,1.0,0.0,0.0,0.0,0.0,0.0,0.0
jekyll-relative-links,0.8.0,2026-07-30,ok,8192.0,6.0,0.0,41.0,41.0,0.0,20.0,21.0,0.0,0.0,,290.0,420.0,0.0,41.0,0.0,41.0,41.0,0.0
package_json,0.2.0,2025-11-05,ok,22528.0,8.0,0.0,93.0,93.0,0.0,63.0,30.0,0.0,0.0,,524.0,722.0,0.0,93.0,0.0,93.0,93.0,0.0
anycable,1.6.4,2026-04-02,ok,8704.0,0.0,0.0,0.0,0.0,0.0,0.0,0.0,0.0,0.0,,0.0,0.0,0.0,0.0,0.0,0.0,0.0,0.0
yabeda-rails,0.11.0,2025-12-03,ok,18432.0,5.0,0.0,19.0,19.0,0.0,13.0,6.0,0.0,0.0,,157.0,215.0,0.0,19.0,0.0,19.0,19.0,0.0
pwned,2.4.1,2022-08-29,ok,19456.0,8.0,0.0,26.0,26.0,0.0,13.0,13.0,0.0,0.0,,198.0,517.0,0.0,26.0,0.0,26.0,26.0,0.0
auth-sanitizer,0.2.3,2026-07-14,ok,44544.0,7.0,0.0,43.0,43.0,0.0,35.0,8.0,0.0,0.0,,266.0,591.0,0.0,43.0,0.0,43.0,43.0,0.0
iostruct,0.7.0,2026-01-28,ok,17920.0,4.0,0.0,24.0,24.0,0.0,20.0,4.0,0.0,0.0,,325.0,428.0,0.0,24.0,0.0,24.0,24.0,0.0
suo,0.4.0,2021-01-21,ok,12800.0,6.0,0.0,42.0,42.0,0.0,19.0,23.0,0.0,0.0,,233.0,308.0,0.0,42.0,0.0,42.0,42.0,0.0
ruby-duration,3.2.3,2016-03-09,ok,12288.0,5.0,0.0,30.0,30.0,0.0,28.0,2.0,0.0,0.0,,192.0,324.0,0.0,30.0,0.0,30.0,30.0,0.0
jekyll-mentions,1.6.0,2020-03-05,ok,6144.0,1.0,0.0,8.0,8.0,0.0,6.0,2.0,0.0,0.0,,82.0,129.0,0.0,8.0,0.0,8.0,8.0,0.0
algolia,3.43.0,2026-08-18,ok,529920.0,888.0,0.0,16203.0,16203.0,0.0,16088.0,115.0,0.0,0.0,,132937.0,190861.0,0.0,16203.0,0.0,16203.0,16203.0,0.0
wkhtmltopdf-binary,0.12.6.3,2020-08-05,ok,257172480.0,1.0,0.0,0.0,0.0,0.0,0.0,0.0,0.0,0.0,,0.0,1.0,0.0,0.0,0.0,0.0,0.0,0.0
opentelemetry-instrumentation-active_storage,0.5.1,2026-06-02,ok,12288.0,6.0,0.0,10.0,10.0,0.0,3.0,7.0,0.0,0.0,,133.0,251.0,0.0,10.0,0.0,10.0,10.0,0.0
require-hooks,0.5.1,2026-08-26,ok,14336.0,8.0,0.0,69.0,71.0,0.0,61.0,8.0,0.0,3.0,,548.0,785.0,0.0,69.0,0.0,69.0,69.0,0.0
memoist3,1.0.0,2022-01-09,ok,14336.0,3.0,0.0,19.0,19.0,0.0,19.0,0.0,0.0,0.0,,183.0,294.0,0.0,19.0,0.0,19.0,19.0,0.0
rubocop-i18n,3.3.0,2026-04-10,ok,19968.0,13.0,0.0,47.0,47.0,0.0,17.0,30.0,0.0,0.0,,469.0,757.0,0.0,47.0,0.0,47.0,47.0,0.0
jekyll-avatar,0.8.0,2022-04-15,ok,7680.0,2.0,0.0,18.0,18.0,0.0,3.0,15.0,0.0,0.0,,123.0,170.0,0.0,18.0,0.0,18.0,18.0,0.0
anycable-core,1.6.4,2026-04-02,ok,36864.0,40.0,0.0,258.0,271.0,0.0,181.0,77.0,0.0,1.0,,1971.0,2880.0,0.0,258.0,0.0,258.0,258.0,0.0
chef-telemetry,1.1.1,2021-07-26,ok,13312.0,8.0,0.0,67.0,67.0,0.0,57.0,10.0,0.0,0.0,,389.0,533.0,0.0,67.0,0.0,67.0,67.0,0.0
bootstrap-kaminari-views,0.0.5,2014-09-06,ok,7168.0,2.0,0.0,0.0,0.0,0.0,0.0,0.0,0.0,0.0,,7.0,9.0,0.0,0.0,0.0,0.0,0.0,0.0
jekyll-titles-from-headings,0.5.4,2026-07-30,ok,8192.0,5.0,0.0,23.0,23.0,0.0,13.0,10.0,0.0,0.0,,130.0,181.0,0.0,23.0,0.0,23.0,23.0,0.0
trilogy,2.13.0,2026-08-18,ok,75264.0,6.0,26.0,52.0,26.0,26.0,52.0,0.0,0.0,0.0,c,365.0,460.0,0.0,52.0,0.0,52.0,52.0,0.0
pandoc-ruby,2.1.10,2023-11-25,ok,19456.0,1.0,0.0,27.0,27.0,0.0,19.0,8.0,0.0,0.0,,257.0,367.0,0.0,27.0,0.0,27.0,27.0,0.0
statesman,13.3.0,2026-08-04,ok,54784.0,19.0,0.0,206.0,206.0,0.0,137.0,69.0,0.0,0.0,,1143.0,1588.0,0.0,206.0,0.0,206.0,206.0,0.0
jekyll-optional-front-matter,0.3.3,2026-07-30,ok,5632.0,3.0,0.0,17.0,17.0,0.0,4.0,13.0,0.0,0.0,,83.0,124.0,0.0,17.0,0.0,17.0,17.0,0.0
opentelemetry-instrumentation-aws_lambda,0.7.0,2026-04-15,ok,13312.0,7.0,0.0,16.0,16.0,0.0,8.0,8.0,0.0,0.0,,213.0,331.0,0.0,16.0,0.0,16.0,16.0,0.0
padrino-support,0.16.1,2026-03-27,ok,16384.0,6.0,0.0,26.0,26.0,0.0,26.0,0.0,0.0,13.0,,259.0,423.0,0.0,26.0,0.0,26.0,26.0,0.0
rkelly-remix,0.0.7,2015-01-14,ok,69632.0,64.0,0.0,408.0,409.0,0.0,394.0,14.0,0.0,0.0,,5368.0,6445.0,0.0,408.0,0.0,408.0,408.0,0.0
certified,1.0.0,2014-07-19,ok,143360.0,1.0,0.0,5.0,6.0,0.0,5.0,0.0,0.0,0.0,,16.0,21.0,0.0,5.0,0.0,5.0,5.0,0.0
arel-helpers,2.17.0,2025-11-01,ok,12800.0,7.0,0.0,22.0,22.0,0.0,9.0,12.0,1.0,0.0,,337.0,482.0,0.0,22.0,0.0,22.0,22.0,0.0
faye,1.4.1,2025-06-17,ok,128000.0,26.0,0.0,217.0,218.0,0.0,189.0,28.0,0.0,0.0,,1871.0,2507.0,0.0,217.0,0.0,217.0,217.0,0.0
jekyll-default-layout,0.2.0,2026-07-31,ok,5632.0,3.0,0.0,17.0,17.0,0.0,17.0,0.0,0.0,0.0,,75.0,111.0,0.0,17.0,0.0,17.0,17.0,0.0
jekyll-readme-index,0.4.0,2026-07-30,ok,6656.0,4.0,0.0,19.0,19.0,0.0,6.0,13.0,0.0,0.0,,140.0,209.0,0.0,19.0,0.0,19.0,19.0,0.0
pedump,0.7.6,2026-01-28,ok,526848.0,31.0,4.0,393.0,408.0,0.0,393.0,0.0,0.0,0.0,c,6852.0,8337.0,3.0,393.0,0.0,393.0,393.0,0.0
argon2-kdf,1.0.0,2026-04-04,ok,182784.0,3.0,0.0,7.0,7.0,0.0,5.0,2.0,0.0,0.0,,81.0,103.0,0.0,7.0,0.0,7.0,7.0,0.0
json-canonicalization,1.0.0,2023-12-04,ok,10240.0,2.0,0.0,10.0,10.0,0.0,10.0,0.0,0.0,0.0,,83.0,121.0,0.0,10.0,0.0,10.0,10.0,0.0
amqp,1.8.0,2018-01-02,ok,1175040.0,31.0,0.0,472.0,496.0,0.0,451.0,6.0,15.0,0.0,,2548.0,6832.0,0.0,472.0,0.0,472.0,472.0,0.0
jekyll-swiss,1.0.0,2018-06-02,ok,15360.0,0.0,0.0,0.0,0.0,0.0,0.0,0.0,0.0,0.0,,0.0,0.0,0.0,0.0,0.0,0.0,0.0,0.0
jekyll-theme-primer,0.6.0,2021-07-29,ok,27136.0,0.0,0.0,0.0,0.0,0.0,0.0,0.0,0.0,0.0,,0.0,0.0,0.0,0.0,0.0,0.0,0.0,0.0
csv-safe,3.3.3,2026-06-12,ok,5120.0,1.0,0.0,9.0,9.0,0.0,4.0,5.0,0.0,0.0,,46.0,70.0,0.0,9.0,0.0,9.0,9.0,0.0
puppet-strings,5.1.0,2026-08-14,ok,61952.0,79.0,0.0,392.0,404.0,0.0,339.0,43.0,10.0,0.0,,3254.0,5189.0,0.0,392.0,0.0,392.0,392.0,0.0
omniauth-apple,1.4.0,2026-01-06,ok,11264.0,4.0,0.0,26.0,26.0,0.0,5.0,21.0,0.0,0.0,,156.0,202.0,0.0,26.0,0.0,26.0,26.0,0.0
jekyll-theme-hacker,0.2.0,2021-07-29,ok,15360.0,0.0,0.0,0.0,0.0,0.0,0.0,0.0,0.0,0.0,,0.0,0.0,0.0,0.0,0.0,0.0,0.0,0.0
jekyll-theme-cayman,0.2.0,2021-07-29,ok,15360.0,0.0,0.0,0.0,0.0,0.0,0.0,0.0,0.0,0.0,,0.0,0.0,0.0,0.0,0.0,0.0,0.0,0.0
zhexdump,0.3.0,2025-07-23,ok,9728.0,2.0,0.0,8.0,8.0,0.0,8.0,0.0,0.0,0.0,,118.0,145.0,0.0,8.0,0.0,8.0,8.0,0.0
jekyll-theme-time-machine,0.2.0,2021-07-29,ok,24576.0,0.0,0.0,0.0,0.0,0.0,0.0,0.0,0.0,0.0,,0.0,0.0,0.0,0.0,0.0,0.0,0.0,0.0
jekyll-theme-minimal,0.2.0,2021-07-29,ok,333824.0,0.0,0.0,0.0,0.0,0.0,0.0,0.0,0.0,0.0,,0.0,0.0,0.0,0.0,0.0,0.0,0.0,0.0
jekyll-theme-architect,0.2.0,2021-07-29,ok,83456.0,0.0,0.0,0.0,0.0,0.0,0.0,0.0,0.0,0.0,,0.0,0.0,0.0,0.0,0.0,0.0,0.0,0.0
readline,0.0.4,2023-12-16,ok,6656.0,1.0,0.0,0.0,0.0,0.0,0.0,0.0,0.0,0.0,,7.0,8.0,0.0,0.0,0.0,0.0,0.0,0.0
paypal-sdk-core,0.3.6,2024-11-18,ok,41472.0,34.0,0.0,341.0,343.0,0.0,333.0,8.0,0.0,0.0,,1709.0,2472.0,0.0,341.0,0.0,341.0,341.0,0.0
jekyll-theme-slate,0.2.0,2021-07-29,ok,29696.0,0.0,0.0,0.0,0.0,0.0,0.0,0.0,0.0,0.0,,0.0,0.0,0.0,0.0,0.0,0.0,0.0,0.0
windows_error,0.1.6,2026-07-09,ok,354304.0,7.0,0.0,22.0,22.0,0.0,22.0,0.0,0.0,0.0,,7622.0,22675.0,0.0,22.0,0.0,22.0,22.0,0.0
rdf,3.3.4,2025-07-13,ok,160256.0,63.0,0.0,1199.0,1199.0,0.0,1112.0,33.0,54.0,0.0,,9119.0,20245.0,0.0,1199.0,0.0,1199.0,1199.0,0.0
jekyll-theme-modernist,0.2.0,2021-07-29,ok,13312.0,0.0,0.0,0.0,0.0,0.0,0.0,0.0,0.0,0.0,,0.0,0.0,0.0,0.0,0.0,0.0,0.0,0.0
ruby_smb,3.3.22,2026-07-31,ok,417280.0,457.0,0.0,1454.0,1469.0,0.0,1378.0,76.0,0.0,0.0,,20861.0,29948.0,0.0,1454.0,0.0,1454.0,1454.0,0.0
jekyll-commonmark-ghpages,0.5.1,2024-07-18,ok,9216.0,1.0,0.0,10.0,11.0,0.0,8.0,2.0,0.0,0.0,,96.0,121.0,0.0,10.0,0.0,10.0,10.0,0.0
jekyll-theme-tactile,0.2.0,2021-07-29,ok,46080.0,0.0,0.0,0.0,0.0,0.0,0.0,0.0,0.0,0.0,,0.0,0.0,0.0,0.0,0.0,0.0,0.0,0.0
jekyll-theme-dinky,0.2.0,2021-07-29,ok,14336.0,0.0,0.0,0.0,0.0,0.0,0.0,0.0,0.0,0.0,,0.0,0.0,0.0,0.0,0.0,0.0,0.0,0.0
faraday-encoding,0.0.6,2024-08-02,ok,8704.0,2.0,0.0,6.0,6.0,0.0,2.0,4.0,0.0,0.0,,36.0,54.0,0.0,6.0,0.0,6.0,6.0,0.0
twitter-text,3.1.0,2020-03-31,ok,59392.0,13.0,0.0,82.0,82.0,0.0,70.0,12.0,0.0,0.0,,1191.0,1876.0,0.0,82.0,0.0,82.0,82.0,0.0
flag_shih_tzu,1.0.5,2026-07-31,ok,44032.0,3.0,0.0,104.0,104.0,0.0,63.0,41.0,0.0,0.0,,857.0,1146.0,0.0,104.0,0.0,104.0,104.0,0.0
ratelimit,1.1.0,2024-01-18,ok,12288.0,2.0,0.0,11.0,11.0,0.0,6.0,5.0,0.0,0.0,,102.0,177.0,0.0,11.0,0.0,11.0,11.0,0.0
servolux,0.13.0,2017-03-19,ok,39936.0,10.0,0.0,190.0,198.0,0.0,172.0,18.0,0.0,0.0,,1102.0,2564.0,0.0,190.0,0.0,190.0,190.0,0.0
remote_syslog_logger,1.0.4,2018-10-10,ok,10752.0,2.0,0.0,5.0,5.0,0.0,5.0,0.0,0.0,0.0,,46.0,59.0,0.0,5.0,0.0,5.0,5.0,0.0
nesty,1.0.2,2013-04-12,ok,9216.0,4.0,0.0,5.0,5.0,0.0,4.0,1.0,0.0,0.0,,33.0,42.0,0.0,5.0,0.0,5.0,5.0,0.0
jekyll-theme-merlot,0.2.0,2021-07-29,ok,454656.0,0.0,0.0,0.0,0.0,0.0,0.0,0.0,0.0,0.0,,0.0,0.0,0.0,0.0,0.0,0.0,0.0,0.0
jekyll-theme-leap-day,0.2.0,2021-07-29,ok,630784.0,0.0,0.0,0.0,0.0,0.0,0.0,0.0,0.0,0.0,,0.0,0.0,0.0,0.0,0.0,0.0,0.0,0.0
patron,0.13.4,2025-02-27,ok,66560.0,11.0,4.0,119.0,106.0,13.0,112.0,7.0,0.0,0.0,c,498.0,1008.0,0.0,119.0,0.0,119.0,119.0,0.0
valvat,2.0.1,2024-12-19,ok,25600.0,40.0,0.0,178.0,179.0,0.0,98.0,80.0,0.0,0.0,,1212.0,1626.0,0.0,178.0,0.0,178.0,178.0,0.0
sprite-factory,1.7.1,2015-09-09,ok,969216.0,9.0,0.0,103.0,103.0,0.0,64.0,38.0,1.0,0.0,,611.0,829.0,0.0,103.0,0.0,103.0,103.0,0.0
active_record_doctor,2.0.1,2025-09-26,ok,30720.0,33.0,0.0,173.0,173.0,0.0,62.0,111.0,0.0,0.0,,1885.0,2510.0,0.0,173.0,0.0,173.0,173.0,0.0
aruba,2.4.1,2026-05-15,ok,67584.0,94.0,0.0,483.0,484.0,0.0,421.0,59.0,3.0,1.0,,4093.0,7366.0,0.0,483.0,0.0,483.0,483.0,0.0
yabeda-sidekiq,0.12.0,2024-03-08,ok,12800.0,5.0,0.0,10.0,10.0,0.0,9.0,1.0,0.0,0.0,,180.0,251.0,0.0,10.0,0.0,10.0,10.0,0.0
rinda,0.2.0,2023-11-07,ok,16384.0,3.0,0.0,114.0,114.0,0.0,102.0,12.0,0.0,0.0,,737.0,1457.0,0.0,114.0,0.0,114.0,114.0,0.0
dartsass-rails,0.5.1,2024-07-30,ok,9216.0,5.0,0.0,4.0,4.0,0.0,4.0,0.0,0.0,4.0,,67.0,88.0,0.0,4.0,0.0,4.0,4.0,0.0
manpages,0.7.0,2026-05-14,ok,16384.0,8.0,0.0,22.0,22.0,0.0,16.0,6.0,0.0,0.0,,155.0,212.0,0.0,22.0,0.0,22.0,22.0,0.0
jekyll-commonmark,1.4.0,2022-01-30,ok,7680.0,3.0,0.0,9.0,9.0,0.0,3.0,6.0,0.0,0.0,,108.0,138.0,0.0,9.0,0.0,9.0,9.0,0.0
squasher,0.8.0,2024-04-10,ok,17408.0,6.0,0.0,63.0,63.0,0.0,43.0,20.0,0.0,0.0,,418.0,524.0,0.0,63.0,0.0,63.0,63.0,0.0
ahoy_email,4.0.0,2026-08-08,ok,16896.0,21.0,0.0,73.0,73.0,0.0,57.0,5.0,11.0,0.0,,721.0,921.0,0.0,73.0,0.0,73.0,73.0,0.0
repl_type_completor,0.1.16,2026-07-29,ok,26624.0,8.0,0.0,301.0,325.0,0.0,288.0,12.0,1.0,0.0,,2326.0,2677.0,0.0,301.0,0.0,301.0,301.0,0.0
doorkeeper-i18n,5.2.9,2026-06-04,ok,45568.0,2.0,0.0,2.0,2.0,0.0,0.0,0.0,2.0,0.0,,21.0,29.0,0.0,2.0,0.0,2.0,2.0,0.0
hiredis-client,0.30.1,2026-07-21,ok,106496.0,3.0,1.0,33.0,21.0,12.0,28.0,5.0,0.0,0.0,c,224.0,273.0,0.0,33.0,0.0,33.0,33.0,0.0
open-uri,0.5.0,2024-11-06,ok,14848.0,1.0,0.0,34.0,34.0,0.0,34.0,0.0,0.0,0.0,,512.0,896.0,0.0,34.0,0.0,34.0,34.0,0.0
git_diff,0.4.3,2021-01-28,ok,12288.0,20.0,0.0,100.0,100.0,0.0,78.0,22.0,0.0,0.0,,421.0,558.0,0.0,100.0,0.0,100.0,100.0,0.0
activerecord-jdbc-adapter,72.1,2025-09-26,ok,364032.0,92.0,35.0,710.0,719.0,0.0,523.0,163.0,24.0,0.0,java,5727.0,8310.0,0.0,710.0,0.0,710.0,710.0,0.0
mission_control-jobs,1.2.0,2026-08-29,ok,107520.0,71.0,0.0,480.0,486.0,0.0,330.0,150.0,0.0,0.0,,2246.0,2993.0,0.0,480.0,0.0,480.0,480.0,0.0
line-bot-api,2.10.0,2026-07-07,ok,193024.0,362.0,0.0,3631.0,3631.0,0.0,3595.0,36.0,0.0,0.0,,20166.0,34711.0,0.0,3631.0,0.0,3631.0,3631.0,0.0
bluecloth,2.2.0,2011-11-01,ok,94208.0,2.0,22.0,10.0,3.0,7.0,10.0,0.0,0.0,0.0,c,144.0,265.0,0.0,10.0,0.0,10.0,10.0,0.0
web-push,3.1.0,2025-12-18,ok,15872.0,7.0,0.0,58.0,58.0,0.0,33.0,25.0,0.0,0.0,,327.0,482.0,0.0,58.0,0.0,58.0,58.0,0.0
nakayoshi_fork,0.0.4,2018-04-13,ok,8192.0,2.0,0.0,1.0,1.0,0.0,1.0,0.0,0.0,0.0,,28.0,35.0,0.0,1.0,0.0,1.0,1.0,0.0
vernier,1.11.0,2026-08-17,ok,53248.0,24.0,5.0,276.0,245.0,32.0,234.0,42.0,0.0,0.0,c+cpp,2267.0,2853.0,0.0,276.0,0.0,276.0,276.0,0.0
fakeweb,1.3.0,2010-08-23,ok,58368.0,8.0,0.0,68.0,68.0,0.0,55.0,13.0,0.0,0.0,,432.0,654.0,0.0,68.0,0.0,68.0,68.0,0.0
jruby-rack,2.0.0,2026-08-31,ok,179712.0,2.0,0.0,1.0,1.0,0.0,1.0,0.0,0.0,0.0,,11.0,22.0,0.0,1.0,0.0,1.0,1.0,0.0
rubocop-packaging,0.6.0,2025-03-23,ok,9728.0,10.0,0.0,26.0,26.0,0.0,26.0,0.0,0.0,0.0,,219.0,468.0,0.0,26.0,0.0,26.0,26.0,0.0
libhoney,2.4.0,2024-07-26,ok,37376.0,17.0,0.0,126.0,129.0,0.0,104.0,22.0,0.0,0.0,,826.0,1492.0,0.0,126.0,0.0,126.0,126.0,0.0
mqtt,0.7.0,2025-10-29,ok,41472.0,7.0,0.0,368.0,382.0,0.0,336.0,15.0,17.0,0.0,,1740.0,2614.0,0.0,368.0,0.0,368.0,368.0,0.0
puffing-billy,4.0.4,2026-03-13,ok,31744.0,31.0,0.0,219.0,219.0,0.0,172.0,42.0,5.0,0.0,,1164.0,1589.0,0.0,219.0,0.0,219.0,219.0,0.0
yard-activesupport-concern,0.0.1,2015-06-02,ok,7168.0,2.0,0.0,2.0,2.0,0.0,2.0,0.0,0.0,0.0,,29.0,49.0,0.0,2.0,0.0,2.0,2.0,0.0
time_diff,0.3.0,2012-11-13,ok,8704.0,1.0,0.0,8.0,8.0,0.0,8.0,0.0,0.0,0.0,,78.0,90.0,0.0,8.0,0.0,8.0,8.0,0.0
omniauth-openid,2.0.2,2025-06-08,ok,25600.0,4.0,0.0,9.0,9.0,0.0,9.0,0.0,0.0,0.0,,153.0,193.0,0.0,9.0,0.0,9.0,9.0,0.0
brotli,0.8.0,2026-03-07,ok,585216.0,5.0,4.0,41.0,26.0,15.0,27.0,14.0,0.0,0.0,c,242.0,320.0,0.0,41.0,0.0,41.0,41.0,0.0
paypalhttp,2.0.1,2022-07-27,ok,13312.0,11.0,0.0,53.0,53.0,0.0,53.0,0.0,0.0,0.0,,342.0,433.0,0.0,53.0,0.0,53.0,53.0,0.0
simple-navigation,4.5.0,2026-06-25,ok,47616.0,26.0,0.0,216.0,217.0,0.0,156.0,37.0,23.0,0.0,,962.0,1792.0,0.0,216.0,0.0,216.0,216.0,0.0
jekyll-theme-midnight,0.2.0,2021-07-29,ok,2676224.0,0.0,0.0,0.0,0.0,0.0,0.0,0.0,0.0,0.0,,0.0,0.0,0.0,0.0,0.0,0.0,0.0,0.0
rubytree,2.2.2,2026-08-09,ok,54272.0,11.0,0.0,97.0,105.0,0.0,95.0,2.0,0.0,0.0,,591.0,2123.0,0.0,97.0,0.0,97.0,97.0,0.0
openssl-ccm,1.3.0,2025-11-26,ok,7680.0,2.0,0.0,11.0,11.0,0.0,4.0,7.0,0.0,0.0,,103.0,178.0,0.0,11.0,0.0,11.0,11.0,0.0
model_attribute,3.2.0,2017-06-15,ok,17920.0,5.0,0.0,20.0,20.0,0.0,17.0,3.0,0.0,0.0,,265.0,327.0,0.0,20.0,0.0,20.0,20.0,0.0
apple_id,1.6.4,2023-12-27,ok,12288.0,9.0,0.0,46.0,46.0,0.0,37.0,9.0,0.0,0.0,,362.0,422.0,0.0,46.0,0.0,46.0,46.0,0.0
combustion,1.5.0,2024-07-07,ok,17920.0,21.0,0.0,70.0,70.0,0.0,30.0,40.0,0.0,0.0,,554.0,768.0,0.0,70.0,0.0,70.0,70.0,0.0
que,2.4.1,2024-10-28,ok,74240.0,31.0,0.0,228.0,228.0,0.0,169.0,59.0,0.0,0.0,,2543.0,3491.0,0.0,228.0,0.0,228.0,228.0,0.0
pcaprub,0.13.3,2024-07-29,ok,36864.0,5.0,1.0,42.0,1.0,41.0,42.0,0.0,0.0,0.0,c,141.0,194.0,0.0,42.0,0.0,42.0,42.0,0.0
json-ld,3.3.2,2024-07-29,ok,94208.0,21.0,0.0,310.0,311.0,0.0,271.0,32.0,7.0,0.0,,5586.0,8781.0,0.0,310.0,0.0,310.0,310.0,0.0
tracking_number,3.0.0,2026-08-15,ok,97280.0,9.0,0.0,81.0,83.0,0.0,70.0,5.0,6.0,0.0,,552.0,727.0,0.0,81.0,0.0,81.0,81.0,0.0
sprockets-helpers,1.4.0,2020-08-31,ok,16896.0,10.0,0.0,71.0,71.0,0.0,55.0,1.0,15.0,0.0,,371.0,679.0,0.0,71.0,0.0,71.0,71.0,0.0
ims-lti,2.3.7,2026-03-06,ok,25088.0,95.0,0.0,308.0,312.0,0.0,268.0,40.0,0.0,0.0,,2187.0,2633.0,0.0,308.0,0.0,308.0,308.0,0.0
license_scout,2.6.10,2023-01-30,ok,1826304.0,27.0,0.0,217.0,217.0,0.0,157.0,60.0,0.0,0.0,,1560.0,2638.0,0.0,217.0,0.0,217.0,217.0,0.0
gvltools,0.5.0,2026-06-16,ok,12288.0,3.0,1.0,36.0,24.0,12.0,30.0,6.0,0.0,0.0,c,115.0,154.0,0.0,36.0,0.0,36.0,36.0,0.0
signature,0.1.8,2015-01-16,ok,11264.0,3.0,0.0,27.0,28.0,0.0,18.0,9.0,0.0,0.0,,185.0,283.0,0.0,27.0,0.0,27.0,27.0,0.0
rb-kqueue,0.2.8,2022-02-07,ok,19456.0,13.0,0.0,53.0,53.0,0.0,51.0,2.0,0.0,0.0,,468.0,1094.0,0.0,53.0,0.0,53.0,53.0,0.0
jsobfu,0.4.2,2017-01-18,ok,27648.0,8.0,0.0,129.0,129.0,0.0,126.0,0.0,3.0,0.0,,779.0,1276.0,0.0,129.0,0.0,129.0,129.0,0.0
glob,0.5.0,2026-06-01,ok,15872.0,6.0,0.0,29.0,31.0,0.0,24.0,5.0,0.0,0.0,,151.0,196.0,0.0,29.0,0.0,29.0,29.0,0.0
prawn-rails,1.6.0,2024-12-20,ok,9728.0,6.0,0.0,7.0,7.0,0.0,7.0,0.0,0.0,0.0,,103.0,148.0,0.0,7.0,0.0,7.0,7.0,0.0
paypal-checkout-sdk,1.0.6,2024-11-18,ok,256512.0,20.0,0.0,187.0,187.0,0.0,187.0,0.0,0.0,0.0,,428.0,664.0,0.0,187.0,0.0,187.0,187.0,0.0
yard-solargraph,0.1.0,2025-02-26,ok,6656.0,3.0,0.0,0.0,0.0,0.0,0.0,0.0,0.0,0.0,,15.0,47.0,0.0,0.0,0.0,0.0,0.0,0.0
honeycomb-beeline,3.1.0,2024-03-07,ok,44032.0,30.0,0.0,211.0,211.0,0.0,141.0,68.0,2.0,0.0,,1600.0,2551.0,0.0,211.0,0.0,211.0,211.0,0.0
rubocop-sequel,0.4.1,2025-03-13,ok,12800.0,11.0,0.0,18.0,18.0,0.0,11.0,7.0,0.0,0.0,,256.0,356.0,0.0,18.0,0.0,18.0,18.0,0.0
async-http-faraday,0.23.0,2026-08-25,ok,15872.0,6.0,0.0,35.0,35.0,0.0,26.0,9.0,0.0,0.0,,320.0,542.0,0.0,35.0,0.0,35.0,35.0,0.0
m,1.7.0,2025-12-20,ok,194560.0,17.0,0.0,73.0,73.0,0.0,61.0,12.0,0.0,0.0,,402.0,581.0,0.0,73.0,0.0,73.0,73.0,0.0
judoscale-ruby,1.13.3,2026-06-03,ok,12288.0,16.0,0.0,113.0,113.0,0.0,92.0,21.0,0.0,0.0,,688.0,949.0,0.0,113.0,0.0,113.0,113.0,0.0
google-apis-gmail_v1,0.53.0,2026-08-09,ok,42496.0,6.0,0.0,559.0,559.0,0.0,558.0,0.0,1.0,0.0,,2375.0,6315.0,0.0,559.0,0.0,559.0,559.0,0.0
sassc-embedded,1.80.9,2026-06-11,ok,31232.0,3.0,0.0,51.0,51.0,0.0,34.0,17.0,0.0,10.0,,527.0,650.0,0.0,51.0,0.0,51.0,51.0,0.0
rrule,0.8.0,2026-04-13,ok,19968.0,24.0,0.0,140.0,140.0,0.0,80.0,39.0,21.0,0.0,,851.0,1117.0,0.0,140.0,0.0,140.0,140.0,0.0
metasm,1.0.6,2026-05-20,ok,808448.0,201.0,0.0,5547.0,5697.0,0.0,5512.0,35.0,0.0,0.0,,58611.0,73829.0,3.0,5547.0,0.0,5547.0,5547.0,0.0
ar_lazy_preload,2.1.2,2026-05-10,ok,13312.0,20.0,0.0,74.0,74.0,0.0,49.0,22.0,3.0,0.0,,491.0,739.0,0.0,74.0,0.0,74.0,74.0,0.0
solargraph-rails,1.3,2026-01-01,ok,39936.0,34.0,0.0,159.0,160.0,0.0,150.0,9.0,0.0,0.0,,1422.0,2351.0,0.0,159.0,0.0,159.0,159.0,0.0
ya2yaml,0.31,2012-02-19,ok,12288.0,1.0,0.0,16.0,16.0,0.0,3.0,13.0,0.0,0.0,,323.0,376.0,0.0,16.0,0.0,16.0,16.0,0.0
rex-core,0.1.36,2026-04-01,ok,27648.0,19.0,0.0,241.0,241.0,0.0,207.0,7.0,27.0,0.0,,1542.0,2839.0,0.0,241.0,0.0,241.0,241.0,0.0
test-unit-rr,1.0.5,2016-01-18,ok,16896.0,0.0,0.0,0.0,0.0,0.0,0.0,0.0,0.0,0.0,,0.0,0.0,0.0,0.0,0.0,0.0,0.0,0.0
escape_code,0.2,2016-02-19,ok,6656.0,7.0,0.0,29.0,29.0,0.0,28.0,1.0,0.0,0.0,,197.0,248.0,0.0,29.0,0.0,29.0,29.0,0.0
rex-text,0.2.64,2026-05-18,ok,44032.0,24.0,0.0,255.0,256.0,0.0,226.0,1.0,28.0,0.0,,2227.0,3722.0,0.0,255.0,0.0,255.0,255.0,0.0
turbo_tests,2.2.5,2025-03-10,ok,16896.0,7.0,0.0,53.0,53.0,0.0,40.0,12.0,1.0,0.0,,682.0,836.0,0.0,53.0,0.0,53.0,53.0,0.0
alba,4.0.0,2026-08-28,ok,37376.0,14.0,0.0,136.0,141.0,0.0,88.0,48.0,0.0,0.0,,881.0,1441.0,0.0,136.0,0.0,136.0,136.0,0.0
anycable-rails-core,1.6.2,2026-04-02,ok,33280.0,45.0,0.0,236.0,259.0,0.0,177.0,59.0,0.0,2.0,,2086.0,2920.0,0.0,236.0,0.0,236.0,236.0,0.0
opentelemetry-instrumentation-grpc,0.5.2,2026-07-08,ok,13312.0,7.0,0.0,11.0,11.0,0.0,5.0,6.0,0.0,0.0,,129.0,216.0,0.0,11.0,0.0,11.0,11.0,0.0
structured_warnings,0.5.0,2025-04-15,ok,11776.0,10.0,0.0,28.0,28.0,0.0,28.0,0.0,0.0,0.0,,210.0,422.0,0.0,28.0,0.0,28.0,28.0,0.0
judoscale-rails,1.13.3,2026-06-03,ok,5632.0,4.0,0.0,8.0,8.0,0.0,8.0,0.0,0.0,0.0,,62.0,90.0,0.0,8.0,0.0,8.0,8.0,0.0
idn-ruby,0.1.5,2022-11-15,ok,18432.0,1.0,5.0,9.0,0.0,9.0,9.0,0.0,0.0,0.0,c,30.0,59.0,0.0,9.0,0.0,9.0,9.0,0.0
validates_zipcode,0.6.0,2026-03-10,ok,30720.0,9.0,0.0,16.0,16.0,0.0,13.0,3.0,0.0,0.0,,388.0,459.0,0.0,16.0,0.0,16.0,16.0,0.0
metainspector,5.17.2,2026-05-14,ok,279552.0,14.0,0.0,84.0,84.0,0.0,61.0,23.0,0.0,0.0,,621.0,850.0,0.0,84.0,0.0,84.0,84.0,0.0
argon2,2.3.3,2026-01-10,ok,1780736.0,9.0,22.0,23.0,23.0,0.0,22.0,0.0,1.0,0.0,c,247.0,371.0,0.0,23.0,0.0,23.0,23.0,0.0
paypal-sdk-merchant,1.117.4,2024-11-18,ok,69632.0,8.0,0.0,545.0,545.0,0.0,545.0,0.0,0.0,0.0,,3807.0,6468.0,0.0,545.0,0.0,545.0,545.0,0.0
strongbox,0.7.3,2017-12-28,ok,17920.0,5.0,0.0,18.0,18.0,0.0,17.0,1.0,0.0,0.0,,220.0,289.0,0.0,18.0,0.0,18.0,18.0,0.0
rex-socket,0.1.71,2026-07-23,ok,41984.0,20.0,0.0,358.0,361.0,0.0,318.0,2.0,38.0,0.0,,2636.0,4766.0,0.0,358.0,0.0,358.0,358.0,0.0
working_hours,1.5.0,2024-11-24,ok,24064.0,9.0,0.0,72.0,74.0,0.0,57.0,15.0,0.0,0.0,,536.0,671.0,0.0,72.0,0.0,72.0,72.0,0.0
test-queue,0.12.0,2026-01-10,ok,18944.0,16.0,0.0,151.0,161.0,0.0,144.0,7.0,0.0,0.0,,1238.0,1655.0,0.0,151.0,0.0,151.0,151.0,0.0
opus-ruby,1.0.1,2014-07-13,ok,7680.0,4.0,0.0,18.0,18.0,0.0,18.0,0.0,0.0,0.0,,102.0,161.0,0.0,18.0,0.0,18.0,18.0,0.0
packetfu,2.0.0,2023-06-28,ok,777216.0,59.0,0.0,910.0,926.0,0.0,905.0,5.0,0.0,0.0,,4798.0,7404.0,2.0,910.0,0.0,910.0,910.0,0.0
posthog-ruby,3.23.7,2026-09-07,ok,48128.0,22.0,0.0,259.0,259.0,0.0,210.0,49.0,0.0,15.0,,3151.0,4779.0,0.0,259.0,0.0,259.0,259.0,0.0
dry-system,1.2.5,2025-11-30,ok,48640.0,42.0,0.0,332.0,343.0,0.0,265.0,65.0,2.0,0.0,,2065.0,4548.0,3.0,332.0,0.0,332.0,332.0,0.0
dm-core,1.2.1,2013-06-10,ok,196608.0,85.0,0.0,1141.0,1144.0,0.0,795.0,312.0,34.0,0.0,,7374.0,16316.0,0.0,1141.0,0.0,1141.0,1141.0,0.0
rubocop-md,2.0.4,2026-01-28,ok,10752.0,6.0,0.0,24.0,24.0,0.0,17.0,7.0,0.0,0.0,,199.0,300.0,0.0,24.0,0.0,24.0,24.0,0.0
corefoundation,0.3.19,2026-06-30,ok,12800.0,17.0,0.0,73.0,80.0,0.0,70.0,3.0,0.0,0.0,,597.0,1010.0,0.0,73.0,0.0,73.0,73.0,0.0
xmpp4r,0.5.6,2014-02-14,ok,187904.0,123.0,0.0,1249.0,1271.0,0.0,1199.0,50.0,0.0,0.0,,9123.0,15517.0,0.0,1249.0,0.0,1249.0,1249.0,0.0
taxjar-ruby,3.0.4,2022-08-22,ok,29184.0,27.0,0.0,90.0,90.0,0.0,83.0,7.0,0.0,7.0,,771.0,978.0,0.0,90.0,0.0,90.0,90.0,0.0
network_interface,0.0.4,2023-08-17,ok,23040.0,4.0,2.0,3.0,0.0,3.0,3.0,0.0,0.0,0.0,c,111.0,159.0,0.0,3.0,0.0,3.0,3.0,0.0
opentelemetry-helpers-sql-processor,0.5.0,2026-04-15,ok,13312.0,6.0,0.0,6.0,6.0,0.0,6.0,0.0,0.0,3.0,,131.0,296.0,0.0,6.0,0.0,6.0,6.0,0.0
google-cloud-translate-v3,1.10.1,2026-08-05,ok,112640.0,34.0,0.0,313.0,313.0,0.0,313.0,0.0,0.0,0.0,,5847.0,18811.0,0.0,313.0,0.0,313.0,313.0,0.0
toxiproxy,2.0.2,2022-09-02,ok,11776.0,5.0,0.0,66.0,66.0,0.0,58.0,8.0,0.0,0.0,,353.0,478.0,0.0,66.0,0.0,66.0,66.0,0.0
carrierwave-bombshelter,0.2.2,2016-05-18,ok,8192.0,3.0,0.0,8.0,8.0,0.0,2.0,6.0,0.0,0.0,,68.0,90.0,0.0,8.0,0.0,8.0,8.0,0.0
elftools,2.2.0,2026-09-05,ok,90624.0,117.0,0.0,308.0,309.0,0.0,227.0,81.0,0.0,0.0,,7044.0,9987.0,0.0,308.0,0.0,308.0,308.0,0.0
google-cloud-translate-v2,1.2.0,2026-06-11,ok,18944.0,9.0,0.0,77.0,81.0,0.0,69.0,0.0,8.0,0.0,,390.0,1082.0,0.0,77.0,0.0,77.0,77.0,0.0
clamby,1.6.11,2024-03-03,ok,20992.0,4.0,0.0,20.0,20.0,0.0,16.0,4.0,0.0,0.0,,146.0,203.0,0.0,20.0,0.0,20.0,20.0,0.0
fastly,17.1.0,2026-08-18,ok,816128.0,1084.0,0.0,28801.0,29134.0,0.0,28796.0,5.0,0.0,0.0,,204203.0,313691.0,0.0,28801.0,0.0,28801.0,28801.0,0.0
gitlab-crystalball,1.1.3,2026-03-05,ok,25600.0,57.0,0.0,339.0,340.0,0.0,252.0,86.0,1.0,0.0,,1689.0,2609.0,0.0,339.0,0.0,339.0,339.0,0.0
rspec-rerun,1.1.0,2015-07-02,ok,7168.0,3.0,0.0,12.0,12.0,0.0,10.0,2.0,0.0,0.0,,138.0,171.0,0.0,12.0,0.0,12.0,12.0,0.0
cookstyle,9.0.0,2026-08-24,ok,142336.0,286.0,0.0,377.0,380.0,0.0,341.0,36.0,0.0,0.0,,8260.0,18810.0,0.0,377.0,0.0,377.0,377.0,0.0
bootstrap-switch-rails,3.3.5,2019-06-08,ok,14848.0,4.0,0.0,0.0,0.0,0.0,0.0,0.0,0.0,0.0,,35.0,40.0,0.0,0.0,0.0,0.0,0.0,0.0
playwright-ruby-client,1.62.0,2026-08-01,ok,421376.0,118.0,0.0,1515.0,1759.0,0.0,1282.0,233.0,0.0,5.0,,11647.0,20277.0,0.0,1515.0,0.0,1515.0,1515.0,0.0
haversine,0.3.2,2016-10-04,ok,9216.0,2.0,0.0,16.0,16.0,0.0,16.0,0.0,0.0,0.0,,64.0,97.0,0.0,16.0,0.0,16.0,16.0,0.0
administrate-field-active_storage,1.0.6,2025-05-11,ok,247808.0,35.0,0.0,33.0,33.0,0.0,31.0,2.0,0.0,0.0,,383.0,955.0,0.0,33.0,0.0,33.0,33.0,0.0
flexmock,3.0.2,2025-08-11,ok,69632.0,44.0,0.0,350.0,357.0,0.0,320.0,30.0,0.0,6.0,,2300.0,3938.0,0.0,350.0,0.0,350.0,350.0,0.0
unix-crypt,1.3.2,2026-03-03,ok,12800.0,6.0,0.0,41.0,41.0,0.0,9.0,4.0,28.0,0.0,,281.0,353.0,0.0,41.0,0.0,41.0,41.0,0.0
warbler,2.1.2,2026-08-30,ok,77312.0,25.0,4.0,273.0,274.0,0.0,246.0,27.0,0.0,0.0,java,1566.0,2468.0,0.0,273.0,0.0,273.0,273.0,0.0
actionpack-cloudflare,1.1.0,2016-10-28,ok,9728.0,4.0,0.0,2.0,2.0,0.0,1.0,1.0,0.0,0.0,,31.0,42.0,0.0,2.0,0.0,2.0,2.0,0.0
kitchen-vagrant,2.4.1,2026-08-30,ok,20480.0,3.0,0.0,68.0,68.0,0.0,25.0,1.0,42.0,0.0,,557.0,1249.0,0.0,68.0,0.0,68.0,68.0,0.0
coveralls_reborn,1.0.0,2026-07-17,ok,14848.0,8.0,0.0,76.0,76.0,0.0,62.0,14.0,0.0,14.0,,624.0,877.0,0.0,76.0,0.0,76.0,76.0,0.0
judoscale-sidekiq,1.13.3,2026-06-03,ok,5120.0,3.0,0.0,2.0,2.0,0.0,2.0,0.0,0.0,0.0,,54.0,74.0,0.0,2.0,0.0,2.0,2.0,0.0
protobug,0.2.0,2026-06-19,ok,17408.0,9.0,0.0,218.0,219.0,0.0,217.0,1.0,0.0,9.0,,1363.0,1700.0,0.0,218.0,0.0,218.0,218.0,0.0
protobug_googleapis_field_behavior_protos,0.2.0,2026-06-19,ok,6656.0,2.0,0.0,1.0,1.0,0.0,1.0,0.0,0.0,0.0,,25.0,123.0,0.0,1.0,0.0,1.0,1.0,0.0
metasploit_data_models,6.0.18,2026-04-21,ok,177152.0,244.0,0.0,435.0,435.0,0.0,404.0,30.0,1.0,0.0,,5604.0,12501.0,0.0,435.0,0.0,435.0,435.0,0.0
minitest-bisect,1.8.0,2025-12-11,ok,21504.0,6.0,0.0,34.0,34.0,0.0,34.0,0.0,0.0,0.0,,311.0,638.0,0.0,34.0,0.0,34.0,34.0,0.0
protobug_well_known_protos,0.2.0,2026-06-19,ok,37376.0,18.0,0.0,35.0,55.0,0.0,35.0,0.0,0.0,0.0,,1945.0,4171.0,0.0,35.0,0.0,35.0,35.0,0.0
protobug_sigstore_protos,0.2.0,2026-06-19,ok,21504.0,8.0,0.0,7.0,7.0,0.0,7.0,0.0,0.0,0.0,,1174.0,2203.0,0.0,7.0,0.0,7.0,7.0,0.0
nexpose,7.3.0,2021-04-02,ok,125440.0,71.0,0.0,2243.0,2296.0,0.0,2221.0,22.0,0.0,28.0,,8924.0,14054.0,0.0,2243.0,0.0,2243.0,2243.0,0.0
business,2.3.0,2022-01-31,ok,15872.0,3.0,0.0,27.0,27.0,0.0,27.0,0.0,0.0,0.0,,155.0,240.0,0.0,27.0,0.0,27.0,27.0,0.0
sigstore-cli,0.2.3,2026-03-10,ok,8192.0,2.0,0.0,20.0,20.0,0.0,18.0,2.0,0.0,0.0,,290.0,361.0,0.0,20.0,0.0,20.0,20.0,0.0
sigstore,0.2.3,2026-03-10,ok,47616.0,30.0,0.0,282.0,286.0,0.0,233.0,49.0,0.0,5.0,,2737.0,4045.0,0.0,282.0,0.0,282.0,282.0,0.0
octicons,19.36.0,2026-09-08,ok,267776.0,3.0,0.0,17.0,17.0,0.0,8.0,9.0,0.0,0.0,,94.0,127.0,0.0,17.0,0.0,17.0,17.0,0.0
recog,3.1.35,2026-08-17,ok,396288.0,15.0,0.0,105.0,105.0,0.0,85.0,20.0,0.0,0.0,,716.0,1154.0,0.0,105.0,0.0,105.0,105.0,0.0
rack-mobile-detect,0.4.0,2012-06-08,ok,11264.0,2.0,0.0,3.0,3.0,0.0,3.0,0.0,0.0,0.0,,53.0,198.0,0.0,3.0,0.0,3.0,3.0,0.0
w3c_validators,1.3.7,2022-03-19,ok,80896.0,11.0,0.0,91.0,91.0,0.0,73.0,1.0,17.0,0.0,,736.0,1123.0,0.0,91.0,0.0,91.0,91.0,0.0
track_open_instances,0.1.15,2025-04-17,ok,16384.0,2.0,0.0,12.0,12.0,0.0,12.0,0.0,0.0,0.0,,70.0,262.0,0.0,12.0,0.0,12.0,12.0,0.0
devise-pwned_password,0.2.0,2026-02-21,ok,9216.0,4.0,0.0,4.0,4.0,0.0,3.0,1.0,0.0,0.0,,82.0,121.0,0.0,4.0,0.0,4.0,4.0,0.0
base58,0.2.3,2018-05-16,ok,15872.0,1.0,0.0,7.0,7.0,0.0,7.0,0.0,0.0,0.0,,57.0,84.0,0.0,7.0,0.0,7.0,7.0,0.0
rex-powershell,0.1.105,2026-08-31,ok,26624.0,13.0,0.0,79.0,79.0,0.0,79.0,0.0,0.0,0.0,,940.0,1638.0,0.0,79.0,0.0,79.0,79.0,0.0
opentelemetry-instrumentation-httpx,0.8.0,2026-04-15,ok,13824.0,10.0,0.0,32.0,32.0,0.0,23.0,9.0,0.0,0.0,,436.0,675.0,0.0,32.0,0.0,32.0,32.0,0.0
ruby-oembed,0.18.1,2024-11-26,ok,43520.0,29.0,0.0,105.0,106.0,0.0,87.0,17.0,1.0,0.0,,1149.0,1803.0,0.0,105.0,0.0,105.0,105.0,0.0
dm-migrations,1.2.0,2011-10-13,ok,35840.0,23.0,0.0,250.0,251.0,0.0,223.0,25.0,2.0,0.0,,1544.0,2451.0,0.0,250.0,0.0,250.0,250.0,0.0
anonymous_loader,0.1.3,2026-07-14,ok,35840.0,2.0,0.0,27.0,27.0,0.0,3.0,24.0,0.0,0.0,,154.0,241.0,0.0,27.0,0.0,27.0,27.0,0.0
openssl-cmac,2.1.0,2025-11-26,ok,7680.0,2.0,0.0,13.0,13.0,0.0,11.0,2.0,0.0,0.0,,89.0,189.0,0.0,13.0,0.0,13.0,13.0,0.0
metasploit-credential,6.0.26,2026-05-28,ok,115200.0,81.0,0.0,209.0,211.0,0.0,180.0,29.0,0.0,0.0,,2639.0,5463.0,0.0,209.0,0.0,209.0,209.0,0.0
bootstrap-wysihtml5-rails,0.3.3.3,2015-02-03,ok,73216.0,5.0,0.0,1.0,1.0,0.0,1.0,0.0,0.0,0.0,,40.0,46.0,0.0,1.0,0.0,1.0,1.0,0.0
guard-cucumber,3.0.0,2020-04-07,ok,13312.0,6.0,0.0,39.0,39.0,0.0,22.0,17.0,0.0,0.0,,303.0,593.0,0.0,39.0,0.0,39.0,39.0,0.0
xdr,3.0.3,2022-02-18,ok,16384.0,36.0,0.0,102.0,103.0,0.0,97.0,5.0,0.0,0.0,,713.0,996.0,0.0,102.0,0.0,102.0,102.0,0.0
metasploit-model,5.0.5,2026-04-14,ok,76800.0,73.0,0.0,145.0,145.0,0.0,125.0,16.0,4.0,0.0,,1316.0,3304.0,1.0,145.0,0.0,145.0,145.0,0.0
rex-exploitation,0.1.44,2025-09-24,ok,75264.0,33.0,0.0,278.0,278.0,0.0,250.0,8.0,20.0,0.0,,2412.0,4399.0,0.0,278.0,0.0,278.0,278.0,0.0
win32-process,0.10.0,2022-04-19,ok,20480.0,7.0,0.0,20.0,20.0,0.0,14.0,6.0,0.0,0.0,,1013.0,1586.0,0.0,20.0,0.0,20.0,20.0,0.0
generator_spec,0.10.0,2024-01-25,ok,10752.0,5.0,0.0,30.0,30.0,0.0,28.0,0.0,2.0,0.0,,191.0,243.0,0.0,30.0,0.0,30.0,30.0,0.0
zip_kit,6.3.4,2025-11-17,ok,115712.0,31.0,0.0,179.0,180.0,0.0,140.0,37.0,2.0,0.0,,1569.0,3477.0,0.0,179.0,0.0,179.0,179.0,0.0
fauxhai-ng,9.3.0,2022-01-26,ok,523776.0,8.0,0.0,47.0,47.0,0.0,41.0,6.0,0.0,0.0,,571.0,688.0,0.0,47.0,0.0,47.0,47.0,0.0
metasploit-concern,5.0.6,2026-04-14,ok,12800.0,8.0,0.0,14.0,14.0,0.0,12.0,2.0,0.0,0.0,,175.0,386.0,0.0,14.0,0.0,14.0,14.0,0.0
liferaft,0.0.6,2016-10-25,ok,7680.0,3.0,0.0,8.0,8.0,0.0,8.0,0.0,0.0,0.0,,34.0,44.0,0.0,8.0,0.0,8.0,8.0,0.0
opentelemetry-instrumentation-anthropic,0.5.0,2026-04-15,ok,10240.0,6.0,0.0,4.0,4.0,0.0,1.0,3.0,0.0,0.0,,67.0,129.0,0.0,4.0,0.0,4.0,4.0,0.0
rspec-openapi,0.33.1,2026-08-19,ok,40448.0,30.0,0.0,239.0,239.0,0.0,133.0,106.0,0.0,0.0,,1735.0,2497.0,0.0,239.0,0.0,239.0,239.0,0.0
rex-java,0.1.8,2025-02-13,ok,21504.0,27.0,0.0,160.0,160.0,0.0,142.0,18.0,0.0,0.0,,1337.0,2087.0,0.0,160.0,0.0,160.0,160.0,0.0
xcinvoke,0.3.0,2016-11-30,ok,9216.0,3.0,0.0,17.0,17.0,0.0,14.0,3.0,0.0,0.0,,100.0,129.0,0.0,17.0,0.0,17.0,17.0,0.0
rex-registry,0.1.6,2025-02-13,ok,14848.0,8.0,0.0,84.0,84.0,0.0,84.0,0.0,0.0,0.0,,268.0,386.0,0.0,84.0,0.0,84.0,84.0,0.0
ronn,0.7.3,2010-06-24,ok,61440.0,7.0,0.0,141.0,145.0,0.0,114.0,0.0,27.0,0.0,,918.0,1279.0,0.0,141.0,0.0,141.0,141.0,0.0
rex-struct2,0.1.5,2025-02-13,ok,16384.0,10.0,0.0,85.0,85.0,0.0,85.0,0.0,0.0,0.0,,406.0,623.0,0.0,85.0,0.0,85.0,85.0,0.0
rex-random_identifier,0.1.21,2025-10-02,ok,16384.0,3.0,0.0,9.0,10.0,0.0,9.0,0.0,0.0,0.0,,275.0,450.0,0.0,9.0,0.0,9.0,9.0,0.0
pgvector,0.3.3,2026-03-19,ok,9216.0,9.0,0.0,55.0,55.0,0.0,51.0,4.0,0.0,0.0,,378.0,458.0,0.0,55.0,0.0,55.0,55.0,0.0
openvas-omp,0.0.4,2011-01-10,ok,10752.0,1.0,0.0,49.0,49.0,0.0,49.0,0.0,0.0,0.0,,524.0,916.0,0.0,49.0,0.0,49.0,49.0,0.0
cld3,3.7.0,2024-11-07,ok,624640.0,2.0,63.0,7.0,4.0,3.0,7.0,0.0,0.0,0.0,c+cpp,58.0,154.0,0.0,7.0,0.0,7.0,7.0,0.0
nessus_rest,0.1.6,2016-09-20,ok,11264.0,1.0,0.0,69.0,69.0,0.0,69.0,0.0,0.0,0.0,,432.0,830.0,0.0,69.0,0.0,69.0,69.0,0.0
patch_finder,1.0.2,2016-03-30,ok,14848.0,8.0,0.0,74.0,74.0,0.0,54.0,20.0,0.0,0.0,,643.0,1015.0,0.0,74.0,0.0,74.0,74.0,0.0
localhost,1.8.0,2026-05-02,ok,15360.0,9.0,0.0,41.0,41.0,0.0,41.0,0.0,0.0,0.0,,362.0,641.0,0.0,41.0,0.0,41.0,41.0,0.0
mina,1.2.5,2023-10-03,ok,65024.0,28.0,0.0,87.0,87.0,0.0,78.0,9.0,0.0,0.0,,1055.0,1406.0,0.0,87.0,0.0,87.0,87.0,0.0
jdbc-mysql,9.1.0,2024-10-29,ok,2446336.0,2.0,0.0,3.0,3.0,0.0,3.0,0.0,0.0,0.0,,27.0,34.0,0.0,3.0,0.0,3.0,3.0,0.0
rex-arch,0.1.20,2026-05-07,ok,16896.0,15.0,0.0,63.0,63.0,0.0,63.0,0.0,0.0,0.0,,1059.0,1517.0,0.0,63.0,0.0,63.0,63.0,0.0
patchelf,1.7.0,2026-09-06,ok,27648.0,11.0,0.0,143.0,143.0,0.0,40.0,103.0,0.0,12.0,,1395.0,2167.0,0.0,143.0,0.0,143.0,143.0,0.0
rex-ole,0.1.9,2025-02-13,ok,24576.0,14.0,0.0,154.0,154.0,0.0,154.0,0.0,0.0,0.0,,1365.0,2021.0,0.0,154.0,0.0,154.0,154.0,0.0
lz4-ruby,0.3.3,2014-07-10,ok,38912.0,8.0,7.0,40.0,36.0,6.0,35.0,5.0,0.0,0.0,c+java,347.0,492.0,0.0,40.0,0.0,40.0,40.0,0.0
rex-zip,0.1.6,2025-02-13,ok,20992.0,6.0,0.0,58.0,58.0,0.0,57.0,1.0,0.0,0.0,,435.0,827.0,0.0,58.0,0.0,58.0,58.0,0.0
classifier-reborn,2.3.0,2022-07-12,ok,51200.0,22.0,0.0,154.0,154.0,0.0,147.0,7.0,0.0,26.0,,1091.0,1683.0,0.0,154.0,0.0,154.0,154.0,0.0
rex-bin_tools,0.1.17,2026-08-14,ok,76288.0,30.0,0.0,463.0,463.0,0.0,463.0,0.0,0.0,0.0,,3074.0,4665.0,0.0,463.0,0.0,463.0,463.0,0.0
rex-mime,0.1.12,2025-05-02,ok,10752.0,6.0,0.0,39.0,39.0,0.0,39.0,0.0,0.0,0.0,,224.0,313.0,0.0,39.0,0.0,39.0,39.0,0.0
name_of_person,1.1.3,2024-01-30,ok,9216.0,6.0,0.0,15.0,15.0,0.0,15.0,0.0,0.0,0.0,,85.0,121.0,0.0,15.0,0.0,15.0,15.0,0.0
rex-rop_builder,0.1.6,2025-02-13,ok,15872.0,3.0,0.0,14.0,14.0,0.0,12.0,2.0,0.0,0.0,,234.0,292.0,0.0,14.0,0.0,14.0,14.0,0.0
rex-sslscan,0.1.13,2025-05-10,ok,12288.0,4.0,0.0,48.0,48.0,0.0,44.0,0.0,4.0,0.0,,376.0,484.0,0.0,48.0,0.0,48.0,48.0,0.0
rex-encoder,0.1.10,2026-04-21,ok,35328.0,31.0,0.0,218.0,218.0,0.0,198.0,0.0,20.0,0.0,,2279.0,3879.0,0.0,218.0,0.0,218.0,218.0,0.0
text-hyphen,1.5.0,2023-03-18,ok,836096.0,103.0,0.0,36.0,36.0,0.0,36.0,0.0,0.0,0.0,,21019.0,24847.0,0.0,36.0,0.0,36.0,36.0,0.0
rex-nop,0.1.4,2025-02-13,ok,26112.0,4.0,0.0,6.0,6.0,0.0,6.0,0.0,0.0,0.0,,348.0,427.0,0.0,6.0,0.0,6.0,6.0,0.0
console1984,0.2.4,2026-05-29,ok,24576.0,43.0,0.0,163.0,163.0,0.0,99.0,64.0,0.0,0.0,,1082.0,1618.0,0.0,163.0,0.0,163.0,163.0,0.0
therubyrhino,2.1.2,2019-06-23,ok,33280.0,12.0,0.0,160.0,163.0,0.0,143.0,15.0,2.0,0.0,,1071.0,1523.0,0.0,160.0,0.0,160.0,160.0,0.0
win32api,0.1.0,2020-12-03,ok,7168.0,2.0,0.0,4.0,4.0,0.0,4.0,0.0,0.0,0.0,,41.0,58.0,0.0,4.0,0.0,4.0,4.0,0.0
spree,5.6.1,2026-07-28,ok,9216.0,3.0,0.0,13.0,13.0,0.0,12.0,1.0,0.0,0.0,,150.0,312.0,1.0,13.0,0.0,13.0,13.0,0.0
yabeda-http_requests,0.3.0,2025-10-20,ok,17920.0,4.0,0.0,5.0,5.0,0.0,2.0,3.0,0.0,0.0,,99.0,130.0,0.0,5.0,0.0,5.0,5.0,0.0
discordrb,3.8.0,2026-06-19,ok,215040.0,90.0,0.0,2159.0,2163.0,0.0,2040.0,118.0,1.0,176.0,,11932.0,20841.0,0.0,2159.0,0.0,2159.0,2159.0,0.0
chef-cleanroom,1.0.5,2022-05-26,ok,17408.0,4.0,0.0,19.0,19.0,0.0,17.0,2.0,0.0,0.0,,120.0,310.0,0.0,19.0,0.0,19.0,19.0,0.0
beaneater,1.1.4,2026-03-07,ok,31744.0,14.0,0.0,136.0,136.0,0.0,123.0,5.0,8.0,0.0,,606.0,1420.0,0.0,136.0,0.0,136.0,136.0,0.0
activerecord-jdbcpostgresql-adapter,72.1,2025-09-26,ok,6144.0,2.0,0.0,0.0,0.0,0.0,0.0,0.0,0.0,0.0,,3.0,9.0,0.0,0.0,0.0,0.0,0.0,0.0
jdbc-postgres,42.7.11,2026-06-03,ok,1072640.0,4.0,0.0,4.0,4.0,0.0,3.0,1.0,0.0,0.0,,56.0,67.0,0.0,4.0,0.0,4.0,4.0,0.0
ibandit,1.33.0,2026-09-07,ok,420352.0,17.0,0.0,265.0,265.0,0.0,197.0,68.0,0.0,0.0,,2726.0,3485.0,0.0,265.0,0.0,265.0,265.0,0.0
anthropic,1.69.0,2026-09-04,ok,1208832.0,1373.0,0.0,1121.0,1123.0,0.0,958.0,158.0,5.0,0.0,,36821.0,101169.0,2.0,1121.0,0.0,1121.0,1121.0,0.0
shellwords,0.2.2,2024-12-13,ok,10240.0,2.0,0.0,12.0,14.0,0.0,12.0,0.0,0.0,0.0,,62.0,260.0,0.0,12.0,0.0,12.0,12.0,0.0
turbo_power,0.8.0,2026-07-13,ok,14336.0,9.0,0.0,64.0,64.0,0.0,60.0,4.0,0.0,0.0,,314.0,454.0,0.0,64.0,0.0,64.0,64.0,0.0
gollum-lib,6.1.0,2025-10-20,ok,52224.0,42.0,0.0,353.0,354.0,0.0,294.0,55.0,4.0,0.0,,2562.0,4277.0,0.0,353.0,0.0,353.0,353.0,0.0
s3_direct_upload,0.1.7,2014-03-13,ok,14336.0,6.0,0.0,10.0,10.0,0.0,10.0,0.0,0.0,0.0,,127.0,146.0,0.0,10.0,0.0,10.0,10.0,0.0
spree_core,5.6.1,2026-07-28,ok,1325056.0,952.0,0.0,4416.0,4464.0,0.0,3202.0,1144.0,70.0,16.0,,37687.0,54540.0,1.0,4416.0,0.0,4416.0,4416.0,0.0
rubydns,2.1.1,2025-02-16,ok,12800.0,4.0,0.0,12.0,12.0,0.0,12.0,0.0,0.0,0.0,,112.0,222.0,0.0,12.0,0.0,12.0,12.0,0.0
message_bus,5.0.0,2026-09-06,ok,189440.0,27.0,0.0,417.0,417.0,0.0,353.0,63.0,1.0,0.0,,2777.0,4237.0,0.0,417.0,0.0,417.0,417.0,0.0
haikunator,1.1.1,2021-02-25,ok,8704.0,2.0,0.0,6.0,6.0,0.0,1.0,5.0,0.0,0.0,,51.0,61.0,0.0,6.0,0.0,6.0,6.0,0.0
logging-rails,0.6.0,2017-05-24,ok,11776.0,5.0,0.0,15.0,16.0,0.0,15.0,0.0,0.0,0.0,,139.0,203.0,0.0,15.0,0.0,15.0,15.0,0.0
capybara-select-2,0.5.1,2020-06-26,ok,10752.0,7.0,0.0,16.0,16.0,0.0,16.0,0.0,0.0,9.0,,171.0,228.0,0.0,16.0,0.0,16.0,16.0,0.0
samovar,2.5.1,2026-06-17,ok,29696.0,24.0,0.0,151.0,151.0,0.0,148.0,1.0,2.0,0.0,,1150.0,2458.0,0.0,151.0,0.0,151.0,151.0,0.0
autotuner,1.1.0,2025-10-28,ok,16384.0,20.0,0.0,116.0,116.0,0.0,96.0,20.0,0.0,0.0,,782.0,1093.0,0.0,116.0,0.0,116.0,116.0,0.0
gemoji-parser,1.3.1,2015-04-06,ok,39424.0,6.0,0.0,18.0,18.0,0.0,17.0,1.0,0.0,0.0,,189.0,319.0,0.0,18.0,0.0,18.0,18.0,0.0
citeproc-ruby,2.1.8,2025-12-04,ok,34816.0,23.0,0.0,193.0,193.0,0.0,163.0,15.0,15.0,0.0,,1590.0,2374.0,0.0,193.0,0.0,193.0,193.0,0.0
bcp47_spec,0.2.1,2018-09-26,ok,7168.0,3.0,0.0,5.0,5.0,0.0,3.0,2.0,0.0,0.0,,62.0,169.0,0.0,5.0,0.0,5.0,5.0,0.0
proxifier2,1.1.0,2023-02-28,ok,9728.0,9.0,0.0,34.0,35.0,0.0,24.0,2.0,8.0,0.0,,336.0,414.0,0.0,34.0,0.0,34.0,34.0,0.0
train-rest,0.5.0,2022-09-06,ok,13824.0,14.0,0.0,80.0,80.0,0.0,61.0,19.0,0.0,0.0,,519.0,756.0,0.0,80.0,0.0,80.0,80.0,0.0
rubycas-client,2.3.9,2012-06-20,ok,53760.0,11.0,0.0,143.0,145.0,0.0,125.0,13.0,5.0,0.0,,932.0,1355.0,1.0,143.0,0.0,143.0,143.0,0.0
rails-timeago,2.20.0,2022-03-04,ok,24064.0,3.0,0.0,7.0,7.0,0.0,7.0,0.0,0.0,0.0,,94.0,184.0,0.0,7.0,0.0,7.0,7.0,0.0
tdiff,0.4.0,2024-01-25,ok,10752.0,4.0,0.0,7.0,7.0,0.0,5.0,0.0,2.0,0.0,,129.0,288.0,0.0,7.0,0.0,7.0,7.0,0.0
digest-murmurhash,1.1.1,2016-01-05,ok,15360.0,3.0,12.0,30.0,0.0,30.0,30.0,0.0,0.0,0.0,c,55.0,67.0,0.0,30.0,0.0,30.0,30.0,0.0
informers,1.3.0,2026-04-15,ok,46080.0,19.0,0.0,266.0,266.0,0.0,238.0,28.0,0.0,0.0,,4061.0,5284.0,0.0,266.0,0.0,266.0,266.0,0.0
yabeda-prometheus-mmap,0.4.0,2023-12-11,ok,18432.0,5.0,0.0,19.0,19.0,0.0,18.0,1.0,0.0,0.0,,182.0,231.0,0.0,19.0,0.0,19.0,19.0,0.0
csl,2.2.1,2025-10-16,ok,60416.0,31.0,0.0,540.0,580.0,0.0,494.0,39.0,7.0,7.0,,2957.0,4482.0,0.0,540.0,0.0,540.0,540.0,0.0
activerecord-jdbcmysql-adapter,72.1,2025-09-26,ok,6144.0,2.0,0.0,0.0,0.0,0.0,0.0,0.0,0.0,0.0,,3.0,10.0,0.0,0.0,0.0,0.0,0.0,0.0
activerecord-mysql-index-hint,0.0.4,2016-04-30,ok,8192.0,2.0,0.0,4.0,4.0,0.0,3.0,1.0,0.0,0.0,,25.0,32.0,0.0,4.0,0.0,4.0,4.0,0.0
nokogiri-diff,0.3.0,2024-01-25,ok,10240.0,5.0,0.0,5.0,5.0,0.0,5.0,0.0,0.0,0.0,,64.0,148.0,0.0,5.0,0.0,5.0,5.0,0.0
backburner,1.7.0,2026-01-02,ok,52736.0,19.0,0.0,196.0,196.0,0.0,180.0,0.0,16.0,0.0,,1136.0,1842.0,0.0,196.0,0.0,196.0,196.0,0.0
scimitar,2.15.0,2026-03-05,ok,130048.0,63.0,0.0,309.0,313.0,0.0,244.0,52.0,13.0,0.0,,2618.0,5650.0,0.0,309.0,0.0,309.0,309.0,0.0
private_address_check,0.8.0,2026-05-21,ok,10240.0,3.0,0.0,5.0,5.0,0.0,5.0,0.0,0.0,3.0,,89.0,110.0,0.0,5.0,0.0,5.0,5.0,0.0
fast-mcp,1.6.0,2025-09-28,ok,30720.0,18.0,0.0,215.0,215.0,0.0,159.0,56.0,0.0,0.0,,1579.0,2401.0,0.0,215.0,0.0,215.0,215.0,0.0
omniauth-identity,3.2.1,2026-07-15,ok,53760.0,12.0,0.0,68.0,68.0,0.0,62.0,6.0,0.0,0.0,,609.0,1470.0,0.0,68.0,0.0,68.0,68.0,0.0
rbpdf,1.21.4,2025-05-06,ok,227328.0,6.0,0.0,266.0,267.0,0.0,266.0,0.0,0.0,0.0,,29861.0,35778.0,1.0,266.0,0.0,266.0,266.0,0.0
capybara-playwright-driver,0.5.10,2026-07-05,ok,26624.0,14.0,0.0,212.0,212.0,0.0,159.0,52.0,1.0,0.0,,1989.0,2435.0,0.0,212.0,0.0,212.0,212.0,0.0
aws-actionmailer-ses,1.2.0,2026-05-21,ok,10752.0,4.0,0.0,10.0,10.0,0.0,6.0,4.0,0.0,0.0,,104.0,212.0,0.0,10.0,0.0,10.0,10.0,0.0
google-cloud-dialogflow-v2,1.17.1,2026-08-05,ok,668160.0,280.0,0.0,1828.0,1828.0,0.0,1828.0,0.0,0.0,0.0,,32913.0,96781.0,0.0,1828.0,0.0,1828.0,1828.0,0.0
activerecord-jdbcsqlite3-adapter,72.1,2025-09-26,ok,6144.0,2.0,0.0,0.0,0.0,0.0,0.0,0.0,0.0,0.0,,3.0,9.0,0.0,0.0,0.0,0.0,0.0,0.0
rice,4.12.0,2026-04-20,ok,313344.0,14.0,99.0,60.0,43.0,39.0,59.0,1.0,0.0,0.0,cpp,480.0,692.0,0.0,60.0,0.0,60.0,60.0,0.0
falcon,0.57.0,2026-08-09,ok,45056.0,44.0,0.0,169.0,170.0,0.0,167.0,2.0,0.0,0.0,,1432.0,2614.0,0.0,169.0,0.0,169.0,169.0,0.0
procore-sift,1.2.1,2026-08-10,ok,11776.0,15.0,0.0,123.0,125.0,0.0,67.0,56.0,0.0,0.0,,632.0,813.0,0.0,123.0,0.0,123.0,123.0,0.0
rack-host-redirect,1.3.0,2017-04-04,ok,5120.0,2.0,0.0,5.0,5.0,0.0,2.0,3.0,0.0,0.0,,51.0,67.0,0.0,5.0,0.0,5.0,5.0,0.0
facebook-messenger,2.1.2,2025-12-19,ok,22016.0,37.0,0.0,137.0,137.0,0.0,110.0,27.0,0.0,7.0,,1028.0,1781.0,0.0,137.0,0.0,137.0,137.0,0.0
carrierwave_direct,3.0.0,2021-06-14,ok,36864.0,13.0,0.0,69.0,69.0,0.0,60.0,9.0,0.0,0.0,,622.0,837.0,0.0,69.0,0.0,69.0,69.0,0.0
hrr_rb_ssh,0.4.2,2020-01-20,ok,58368.0,201.0,0.0,480.0,490.0,0.0,480.0,0.0,0.0,0.0,,7266.0,9101.0,0.0,480.0,0.0,480.0,480.0,0.0
color_diff,0.2,2025-12-19,ok,7680.0,7.0,0.0,31.0,31.0,0.0,31.0,0.0,0.0,0.0,,223.0,339.0,0.0,31.0,0.0,31.0,31.0,0.0
citeproc,1.1.0,2025-01-18,ok,44544.0,19.0,0.0,398.0,447.0,0.0,387.0,10.0,1.0,0.0,,2018.0,3462.0,0.0,398.0,0.0,398.0,398.0,0.0
field_test,1.0.0,2026-04-02,ok,18944.0,19.0,2.0,61.0,60.0,1.0,55.0,6.0,0.0,0.0,c,551.0,706.0,0.0,61.0,0.0,61.0,61.0,0.0
curses,1.7.0,2026-08-24,ok,1639424.0,2.0,1.0,235.0,20.0,215.0,235.0,0.0,0.0,1.0,c,295.0,388.0,0.0,235.0,0.0,235.0,235.0,0.0
json_refs,0.1.9,2024-05-28,ok,8704.0,4.0,0.0,22.0,22.0,0.0,14.0,8.0,0.0,0.0,,165.0,202.0,0.0,22.0,0.0,22.0,22.0,0.0
iso,0.4.0,2020-11-17,ok,20992.0,6.0,0.0,29.0,29.0,0.0,26.0,3.0,0.0,0.0,,117.0,149.0,0.0,29.0,0.0,29.0,29.0,0.0
fixture_builder,0.5.2,2019-08-11,ok,16896.0,7.0,0.0,49.0,49.0,0.0,29.0,4.0,16.0,0.0,,385.0,454.0,0.0,49.0,0.0,49.0,49.0,0.0
datagrid,2.0.9,2025-12-18,ok,47104.0,39.0,0.0,449.0,449.0,0.0,382.0,6.0,61.0,0.0,,2825.0,4832.0,0.0,449.0,0.0,449.0,449.0,0.0
logster,2.21.0,2026-04-30,ok,818176.0,22.0,0.0,322.0,324.0,0.0,254.0,31.0,37.0,0.0,,2166.0,2713.0,0.0,322.0,0.0,322.0,322.0,0.0
hotwire-livereload,2.1.1,2025-10-14,ok,14848.0,6.0,0.0,15.0,15.0,0.0,10.0,5.0,0.0,0.0,,221.0,263.0,0.0,15.0,0.0,15.0,15.0,0.0
gergich,2.2.1,2024-07-03,ok,19456.0,17.0,0.0,105.0,105.0,0.0,101.0,4.0,0.0,0.0,,1251.0,1641.0,0.0,105.0,0.0,105.0,105.0,0.0
json-ld-preloaded,3.3.2,2025-07-22,ok,140288.0,40.0,0.0,3.0,3.0,0.0,3.0,0.0,0.0,0.0,,8572.0,8738.0,0.0,3.0,0.0,3.0,3.0,0.0
daemons-rails,1.2.1,2013-08-23,ok,10752.0,10.0,0.0,33.0,33.0,0.0,33.0,0.0,0.0,0.0,,207.0,265.0,0.0,33.0,0.0,33.0,33.0,0.0
webrat,0.7.3,2011-01-02,ok,14868992.0,70.0,0.0,488.0,488.0,0.0,420.0,9.0,59.0,0.0,,2919.0,4108.0,0.0,488.0,0.0,488.0,488.0,0.0
swearjar,1.4.0,2020-07-03,ok,30720.0,2.0,0.0,8.0,8.0,0.0,6.0,2.0,0.0,0.0,,79.0,100.0,0.0,8.0,0.0,8.0,8.0,0.0
administrate-field-belongs_to_search,0.10.0,2024-11-26,ok,11776.0,1.0,0.0,2.0,2.0,0.0,2.0,0.0,0.0,0.0,,24.0,28.0,0.0,2.0,0.0,2.0,2.0,0.0
gravatar_image_tag,1.2.0,2013-11-11,ok,9216.0,1.0,0.0,31.0,31.0,0.0,26.0,5.0,0.0,0.0,,105.0,127.0,0.0,31.0,0.0,31.0,31.0,0.0
inertia_rails,3.22.0,2026-07-17,ok,69120.0,60.0,0.0,380.0,380.0,0.0,228.0,151.0,1.0,6.0,,3024.0,4044.0,0.0,380.0,0.0,380.0,380.0,0.0
audits1984,0.1.7,2024-07-17,ok,39424.0,19.0,0.0,24.0,24.0,0.0,17.0,7.0,0.0,0.0,,250.0,319.0,0.0,24.0,0.0,24.0,24.0,0.0
hanami-router,3.0.0,2026-07-01,ok,29184.0,31.0,0.0,172.0,172.0,0.0,136.0,35.0,1.0,0.0,,1181.0,2835.0,0.0,172.0,0.0,172.0,172.0,0.0
yard-activerecord,0.0.17,2024-10-14,ok,10752.0,16.0,0.0,36.0,36.0,0.0,20.0,16.0,0.0,0.0,,399.0,498.0,0.0,36.0,0.0,36.0,36.0,0.0
wdm,0.2.0,2024-08-04,ok,24064.0,2.0,16.0,9.0,3.0,6.0,9.0,0.0,0.0,0.0,c,30.0,36.0,0.0,9.0,0.0,9.0,9.0,0.0
click_house-client,0.12.0,2026-08-04,ok,27648.0,14.0,0.0,114.0,114.0,0.0,83.0,31.0,0.0,0.0,,796.0,1295.0,0.0,114.0,0.0,114.0,114.0,0.0
bourne,1.6.0,2014-11-20,ok,15872.0,6.0,0.0,20.0,20.0,0.0,15.0,5.0,0.0,0.0,,110.0,161.0,0.0,20.0,0.0,20.0,20.0,0.0
yabeda-activerecord,0.1.2,2025-10-15,ok,18432.0,4.0,0.0,0.0,0.0,0.0,0.0,0.0,0.0,0.0,,100.0,134.0,0.0,0.0,0.0,0.0,0.0,0.0
switchman,4.3.5,2026-09-01,ok,48640.0,55.0,0.0,378.0,378.0,0.0,316.0,45.0,17.0,0.0,,3929.0,5128.0,0.0,378.0,0.0,378.0,378.0,0.0
newrelic-sidekiq-metrics,1.6.2,2023-10-30,ok,9728.0,5.0,0.0,14.0,14.0,0.0,10.0,4.0,0.0,0.0,,87.0,110.0,0.0,14.0,0.0,14.0,14.0,0.0
requestjs-rails,0.0.14,2025-12-11,ok,9216.0,6.0,0.0,0.0,0.0,0.0,0.0,0.0,0.0,0.0,,29.0,36.0,0.0,0.0,0.0,0.0,0.0,0.0
rdf-normalize,0.7.0,2023-09-01,ok,15360.0,8.0,0.0,62.0,62.0,0.0,50.0,5.0,7.0,0.0,,569.0,893.0,0.0,62.0,0.0,62.0,62.0,0.0
front_matter_parser,1.0.1,2021-07-20,ok,29184.0,11.0,0.0,34.0,34.0,0.0,29.0,5.0,0.0,0.0,,225.0,398.0,0.0,34.0,0.0,34.0,34.0,0.0
leaflet-rails,1.9.5,2024-07-15,ok,291840.0,3.0,0.0,2.0,2.0,0.0,1.0,1.0,0.0,0.0,,129.0,152.0,0.0,2.0,0.0,2.0,2.0,0.0
dm-sqlite-adapter,1.2.0,2011-10-13,ok,7680.0,2.0,0.0,3.0,3.0,0.0,3.0,0.0,0.0,0.0,,27.0,45.0,0.0,3.0,0.0,3.0,3.0,0.0
zonebie,0.6.1,2016-04-13,ok,9728.0,6.0,0.0,15.0,15.0,0.0,15.0,0.0,0.0,0.0,,104.0,135.0,0.0,15.0,0.0,15.0,15.0,0.0
acts_as_api,1.0.1,2017-08-04,ok,43008.0,12.0,0.0,42.0,42.0,0.0,37.0,2.0,3.0,0.0,,324.0,521.0,0.0,42.0,0.0,42.0,42.0,0.0
llhttp,0.6.2,2026-06-28,ok,54784.0,6.0,5.0,18.0,7.0,11.0,14.0,4.0,0.0,0.0,c,59.0,192.0,0.0,18.0,0.0,18.0,18.0,0.0
twitty,0.1.5,2023-03-15,ok,13312.0,9.0,0.0,48.0,48.0,0.0,36.0,12.0,0.0,0.0,,273.0,347.0,0.0,48.0,0.0,48.0,48.0,0.0
compare-xml,1.0.0,2026-06-30,ok,13824.0,2.0,0.0,20.0,20.0,0.0,1.0,19.0,0.0,0.0,,301.0,591.0,0.0,20.0,0.0,20.0,20.0,0.0
messagebird-rest,5.0.0,2025-04-09,ok,17920.0,42.0,0.0,568.0,589.0,0.0,562.0,6.0,0.0,0.0,,1078.0,1553.0,0.0,568.0,0.0,568.0,568.0,0.0
guess_html_encoding,0.0.11,2015-02-02,ok,28672.0,2.0,0.0,12.0,12.0,0.0,5.0,7.0,0.0,0.0,,199.0,339.0,0.0,12.0,0.0,12.0,12.0,0.0
modis,4.3.2,2024-09-06,ok,24064.0,11.0,0.0,99.0,100.0,0.0,81.0,16.0,2.0,0.0,,586.0,753.0,0.0,99.0,0.0,99.0,99.0,0.0
ruby-readability,0.7.3,2025-12-24,ok,591872.0,2.0,0.0,35.0,35.0,0.0,35.0,0.0,0.0,0.0,,429.0,571.0,0.0,35.0,0.0,35.0,35.0,0.0
appbundler,0.13.4,2021-06-30,ok,21504.0,4.0,0.0,51.0,51.0,0.0,46.0,5.0,0.0,0.0,,391.0,617.0,0.0,51.0,0.0,51.0,51.0,0.0
tokenizers,0.7.0,2026-04-27,ok,43520.0,33.0,14.0,190.0,54.0,236.0,184.0,6.0,0.0,0.0,rust,512.0,614.0,0.0,190.0,0.0,190.0,190.0,0.0
win32-api,1.10.1,2021-04-23,ok,1238016.0,2.0,1.0,14.0,0.0,14.0,14.0,0.0,0.0,0.0,c,13.0,27.0,0.0,14.0,0.0,14.0,14.0,0.0
spectrum-rails,1.8.1,2021-02-18,ok,37376.0,2.0,0.0,0.0,0.0,0.0,0.0,0.0,0.0,0.0,,12.0,15.0,0.0,0.0,0.0,0.0,0.0,0.0
i18n-spec,0.6.0,2014-10-27,ok,11776.0,14.0,0.0,24.0,24.0,0.0,21.0,0.0,3.0,0.0,,292.0,352.0,0.0,24.0,0.0,24.0,24.0,0.0
win32-service,2.4.0,2026-07-31,ok,19456.0,8.0,0.0,40.0,42.0,0.0,40.0,0.0,0.0,0.0,,1474.0,2374.0,0.0,40.0,0.0,40.0,40.0,0.0
minitest-proveit,1.0.1,2026-01-12,ok,10752.0,1.0,0.0,5.0,6.0,0.0,5.0,0.0,0.0,0.0,,32.0,57.0,0.0,5.0,0.0,5.0,5.0,0.0
store_attribute,2.2.0,2026-07-18,ok,12288.0,6.0,0.0,46.0,46.0,0.0,37.0,0.0,9.0,0.0,,319.0,504.0,0.0,46.0,0.0,46.0,46.0,0.0
jasmine-jquery-rails,2.0.3,2014-04-29,ok,10240.0,3.0,0.0,0.0,0.0,0.0,0.0,0.0,0.0,0.0,,23.0,29.0,0.0,0.0,0.0,0.0,0.0,0.0
tidewave,0.9.0,2026-08-18,ok,29184.0,19.0,0.0,161.0,161.0,0.0,77.0,84.0,0.0,1.0,,1571.0,2116.0,0.0,161.0,0.0,161.0,161.0,0.0
sass-globbing,1.1.5,2016-02-29,ok,76800.0,5.0,0.0,14.0,14.0,0.0,12.0,0.0,2.0,0.0,,114.0,138.0,0.0,14.0,0.0,14.0,14.0,0.0
html_truncator,0.4.2,2017-11-30,ok,8192.0,2.0,0.0,13.0,13.0,0.0,13.0,0.0,0.0,0.0,,90.0,104.0,0.0,13.0,0.0,13.0,13.0,0.0
mobile-fu,1.4.0,2017-08-20,ok,17920.0,4.0,0.0,23.0,23.0,0.0,23.0,0.0,0.0,0.0,,154.0,267.0,0.0,23.0,0.0,23.0,23.0,0.0
minitest-mock,5.27.0,2025-12-18,ok,38400.0,1.0,0.0,10.0,10.0,0.0,10.0,0.0,0.0,0.0,,207.0,330.0,0.0,10.0,0.0,10.0,10.0,0.0
azure-blob,0.8.0,2026-01-19,ok,19968.0,21.0,0.0,172.0,173.0,0.0,99.0,73.0,0.0,0.0,,1077.0,1557.0,0.0,172.0,0.0,172.0,172.0,0.0
aws-actionmailbox-ses,0.2.0,2026-04-28,ok,11264.0,10.0,0.0,45.0,45.0,0.0,24.0,21.0,0.0,0.0,,300.0,443.0,0.0,45.0,0.0,45.0,45.0,0.0
fake_ftp,0.3.0,2017-08-01,ok,94720.0,27.0,0.0,76.0,78.0,0.0,72.0,4.0,0.0,0.0,,596.0,743.0,0.0,76.0,0.0,76.0,76.0,0.0
herb,0.10.3,2026-08-01,ok,817152.0,48.0,144.0,1762.0,1754.0,8.0,1512.0,234.0,16.0,12.0,c,19867.0,24536.0,0.0,1762.0,0.0,1762.0,1762.0,0.0
liquid-c,4.2.0,2024-01-24,ok,51200.0,6.0,38.0,81.0,35.0,49.0,76.0,5.0,0.0,0.0,c,301.0,387.0,0.0,81.0,0.0,81.0,81.0,0.0
after_transaction_commit,2.2.2,2021-02-26,ok,8192.0,4.0,0.0,4.0,5.0,0.0,4.0,0.0,0.0,0.0,,43.0,54.0,0.0,4.0,0.0,4.0,4.0,0.0
sidekiq-bulk,0.2.0,2018-11-17,ok,10752.0,2.0,0.0,2.0,2.0,0.0,2.0,0.0,0.0,0.0,,19.0,26.0,0.0,2.0,0.0,2.0,2.0,0.0
omniauth-cas,3.0.2,2025-07-26,ok,12288.0,6.0,0.0,32.0,32.0,0.0,21.0,11.0,0.0,0.0,,292.0,430.0,0.0,32.0,0.0,32.0,32.0,0.0
rubocop-discourse,3.20.0,2026-09-08,ok,16896.0,27.0,0.0,63.0,63.0,0.0,34.0,29.0,0.0,0.0,,803.0,1376.0,0.0,63.0,0.0,63.0,63.0,0.0
win32-registry,0.1.2,2025-12-10,ok,14336.0,1.0,0.0,67.0,68.0,0.0,66.0,1.0,0.0,20.0,,515.0,943.0,0.0,67.0,0.0,67.0,67.0,0.0
hrr_rb_ssh-ed25519,0.4.2,2020-01-20,ok,13824.0,10.0,0.0,17.0,17.0,0.0,17.0,0.0,0.0,0.0,,289.0,386.0,0.0,17.0,0.0,17.0,17.0,0.0
prawn-emoji,6.0.0,2025-03-29,ok,3211264.0,8.0,0.0,39.0,39.0,0.0,30.0,9.0,0.0,0.0,,191.0,275.0,0.0,39.0,0.0,39.0,39.0,0.0
chef-licensing,1.4.1,2026-03-11,ok,33280.0,54.0,0.0,443.0,443.0,0.0,350.0,93.0,0.0,0.0,,2390.0,3196.0,0.0,443.0,0.0,443.0,443.0,0.0
aroi,1.0.0,2021-03-25,ok,5632.0,3.0,0.0,7.0,7.0,0.0,7.0,0.0,0.0,0.0,,42.0,57.0,0.0,7.0,0.0,7.0,7.0,0.0
inst-jobs,3.3.2,2025-10-20,ok,51200.0,75.0,0.0,411.0,413.0,0.0,368.0,18.0,25.0,0.0,,4782.0,6079.0,0.0,411.0,0.0,411.0,411.0,0.0
xorcist,1.1.3,2022-08-02,ok,6656.0,5.0,1.0,3.0,3.0,0.0,3.0,0.0,0.0,1.0,c,45.0,54.0,0.0,3.0,0.0,3.0,3.0,0.0
redis-scripting,1.0.1,2013-09-10,ok,7680.0,4.0,0.0,13.0,13.0,0.0,12.0,1.0,0.0,0.0,,75.0,97.0,0.0,13.0,0.0,13.0,13.0,0.0
rubydex,0.4.1,2026-09-02,ok,378368.0,57.0,93.0,380.0,277.0,103.0,310.0,69.0,1.0,0.0,c+rust,2574.0,3983.0,0.0,380.0,0.0,380.0,380.0,0.0
saml2,3.3.1,2026-01-23,ok,56320.0,39.0,0.0,403.0,403.0,0.0,376.0,16.0,11.0,0.0,,2543.0,3810.0,0.0,403.0,0.0,403.0,403.0,0.0
pitchfork,0.18.2,2026-01-28,ok,113152.0,25.0,9.0,403.0,385.0,24.0,329.0,74.0,0.0,0.0,c,2873.0,4011.0,0.0,403.0,0.0,403.0,403.0,0.0
allocation_stats,0.1.5,2014-07-24,ok,27648.0,5.0,0.0,57.0,58.0,0.0,57.0,0.0,0.0,0.0,,420.0,776.0,0.0,57.0,0.0,57.0,57.0,0.0
meilisearch,0.33.0,2025-12-30,ok,26112.0,11.0,0.0,298.0,351.0,0.0,272.0,26.0,0.0,0.0,,1224.0,2699.0,0.0,298.0,0.0,298.0,298.0,0.0
delegate,0.6.1,2025-12-18,ok,12800.0,1.0,0.0,33.0,33.0,0.0,32.0,1.0,0.0,0.0,,195.0,460.0,0.0,33.0,0.0,33.0,33.0,0.0
minitest-profile,0.0.2,2015-02-05,ok,7168.0,2.0,0.0,10.0,10.0,0.0,10.0,0.0,0.0,0.0,,38.0,50.0,0.0,10.0,0.0,10.0,10.0,0.0
cypress-rails,0.7.1,2024-09-06,ok,20480.0,21.0,0.0,91.0,91.0,0.0,74.0,17.0,0.0,0.0,,602.0,756.0,0.0,91.0,0.0,91.0,91.0,0.0
blurhash,0.1.8,2024-09-26,ok,11776.0,3.0,2.0,4.0,3.0,1.0,4.0,0.0,0.0,0.0,c,44.0,61.0,0.0,4.0,0.0,4.0,4.0,0.0
yard-junk,0.1.0,2026-03-15,ok,74240.0,13.0,0.0,108.0,112.0,0.0,67.0,41.0,0.0,0.0,,719.0,967.0,0.0,108.0,0.0,108.0,108.0,0.0
sqids,0.2.2,2025-04-19,ok,13824.0,1.0,0.0,10.0,10.0,0.0,3.0,7.0,0.0,0.0,,147.0,201.0,0.0,10.0,0.0,10.0,10.0,0.0
chef-gyoku,1.5.0,2025-04-23,ok,20480.0,7.0,0.0,26.0,26.0,0.0,22.0,4.0,0.0,11.0,,270.0,362.0,0.0,26.0,0.0,26.0,26.0,0.0
ffi-icu,0.6.1,2026-07-02,ok,25600.0,15.0,0.0,157.0,157.0,0.0,142.0,15.0,0.0,0.0,,1752.0,2317.0,0.0,157.0,0.0,157.0,157.0,0.0
chef-winrm,2.5.0,2026-01-14,ok,43008.0,50.0,0.0,347.0,347.0,0.0,189.0,104.0,54.0,0.0,,2701.0,4214.0,0.0,347.0,0.0,347.0,347.0,0.0
rubocop-require_tools,0.2.0,2026-05-27,ok,15360.0,4.0,0.0,27.0,27.0,0.0,22.0,5.0,0.0,0.0,,277.0,377.0,0.0,27.0,0.0,27.0,27.0,0.0
uri-idna,0.3.1,2025-06-17,ok,78848.0,25.0,0.0,78.0,78.0,0.0,58.0,20.0,0.0,0.0,,13794.0,14141.0,0.0,78.0,0.0,78.0,78.0,0.0
once-ler,2.3.0,2026-07-01,ok,10240.0,8.0,0.0,62.0,62.0,0.0,60.0,2.0,0.0,0.0,,433.0,560.0,0.0,62.0,0.0,62.0,62.0,0.0
chef-winrm-fs,1.4.2,2025-10-29,ok,22016.0,6.0,0.0,54.0,54.0,0.0,19.0,35.0,0.0,0.0,,512.0,1033.0,0.0,54.0,0.0,54.0,54.0,0.0
queue_classic,4.0.0,2022-05-18,ok,32256.0,15.0,0.0,89.0,89.0,0.0,80.0,9.0,0.0,0.0,,652.0,927.0,0.0,89.0,0.0,89.0,89.0,0.0
rpush-redis,1.2.0,2021-04-29,ok,6656.0,2.0,0.0,1.0,1.0,0.0,1.0,0.0,0.0,0.0,,19.0,25.0,0.0,1.0,0.0,1.0,1.0,0.0
csl-styles,2.0.2,2025-11-12,ok,5442048.0,2.0,0.0,0.0,0.0,0.0,0.0,0.0,0.0,0.0,,9.0,12.0,0.0,0.0,0.0,0.0,0.0,0.0
imgproxy,3.0.0,2023-12-28,ok,28672.0,53.0,0.0,137.0,137.0,0.0,101.0,36.0,0.0,0.0,,1468.0,2212.0,0.0,137.0,0.0,137.0,137.0,0.0
chef-winrm-elevated,1.2.5,2025-02-04,ok,13312.0,2.0,0.0,14.0,14.0,0.0,11.0,3.0,0.0,0.0,,58.0,122.0,0.0,14.0,0.0,14.0,14.0,0.0
ai-agents,0.12.0,2026-06-29,ok,534016.0,20.0,0.0,210.0,210.0,0.0,148.0,62.0,0.0,11.0,,1236.0,2645.0,0.0,210.0,0.0,210.0,210.0,0.0
chrome_remote,0.3.0,2019-12-08,ok,11776.0,5.0,0.0,29.0,29.0,0.0,22.0,7.0,0.0,0.0,,160.0,213.0,0.0,29.0,0.0,29.0,29.0,0.0
rails_multisite,9.0.0,2026-08-19,ok,10240.0,9.0,0.0,56.0,56.0,0.0,55.0,1.0,0.0,0.0,,439.0,570.0,0.0,56.0,0.0,56.0,56.0,0.0
skooma,0.4.0,2026-06-10,ok,47104.0,93.0,0.0,212.0,212.0,0.0,145.0,67.0,0.0,0.0,,2509.0,3352.0,0.0,212.0,0.0,212.0,212.0,0.0
mario-redis-lock,1.2.1,2018-01-08,ok,14848.0,2.0,0.0,11.0,11.0,0.0,11.0,0.0,0.0,0.0,,96.0,136.0,0.0,11.0,0.0,11.0,11.0,0.0
json_skooma,0.2.7,2026-06-10,ok,38400.0,102.0,0.0,262.0,262.0,0.0,230.0,31.0,1.0,0.0,,2877.0,3705.0,0.0,262.0,0.0,262.0,262.0,0.0
gepub,2.0.1,2025-11-05,ok,39424.0,24.0,0.0,285.0,286.0,0.0,273.0,12.0,0.0,0.0,,2209.0,2900.0,0.0,285.0,0.0,285.0,285.0,0.0
mini_sql,1.6.0,2024-08-21,ok,30720.0,39.0,0.0,188.0,212.0,0.0,161.0,27.0,0.0,0.0,,2470.0,3188.0,0.0,188.0,0.0,188.0,188.0,0.0
gitlab_query_language,0.35.0,2026-09-03,ok,14848.0,3.0,1.0,7.0,4.0,3.0,6.0,1.0,0.0,0.0,rust,38.0,72.0,0.0,7.0,0.0,7.0,7.0,0.0
kindlerb,1.2.0,2016-12-16,ok,11776.0,2.0,0.0,5.0,5.0,0.0,5.0,0.0,0.0,0.0,,203.0,267.0,0.0,5.0,0.0,5.0,5.0,0.0
globby,0.1.2,2016-06-15,ok,9216.0,4.0,0.0,19.0,19.0,0.0,16.0,3.0,0.0,0.0,,145.0,179.0,0.0,19.0,0.0,19.0,19.0,0.0
ffi-win32-extensions,1.1.0,2025-02-14,ok,12800.0,2.0,0.0,10.0,10.0,0.0,10.0,0.0,0.0,0.0,,75.0,136.0,0.0,10.0,0.0,10.0,10.0,0.0
awesome_bot,1.20.0,2021-03-19,ok,25600.0,11.0,0.0,46.0,46.0,0.0,46.0,0.0,0.0,0.0,,636.0,798.0,0.0,46.0,0.0,46.0,46.0,0.0
net-ftp-list,3.4.1,2026-06-07,ok,13312.0,8.0,0.0,34.0,37.0,0.0,32.0,2.0,0.0,0.0,,245.0,373.0,0.0,34.0,0.0,34.0,34.0,0.0
logtail,0.1.17,2025-03-10,ok,32256.0,33.0,0.0,177.0,180.0,0.0,150.0,27.0,0.0,0.0,,1239.0,1970.0,0.0,177.0,0.0,177.0,177.0,0.0
email-provider-info,0.0.1,2022-01-24,ok,85504.0,3.0,0.0,2.0,2.0,0.0,2.0,0.0,0.0,0.0,,19.0,33.0,0.0,2.0,0.0,2.0,2.0,0.0
moodle2cc,0.2.47,2025-10-02,ok,64512.0,179.0,0.0,1633.0,1635.0,0.0,1487.0,146.0,0.0,0.0,,6852.0,8047.0,0.0,1633.0,0.0,1633.0,1633.0,0.0
inspec-core-bin,7.2.1,2026-09-02,ok,6144.0,1.0,0.0,0.0,0.0,0.0,0.0,0.0,0.0,0.0,,4.0,6.0,0.0,0.0,0.0,0.0,0.0,0.0
resend,1.14.0,2026-09-04,ok,29184.0,39.0,0.0,221.0,222.0,0.0,169.0,52.0,0.0,0.0,,1389.0,2785.0,0.0,221.0,0.0,221.0,221.0,0.0
hcaptcha,7.1.0,2020-11-27,ok,11776.0,8.0,0.0,47.0,48.0,0.0,40.0,5.0,2.0,0.0,,310.0,438.0,0.0,47.0,0.0,47.0,47.0,0.0
nokogiri-xmlsec-instructure,0.12.0,2025-08-26,ok,16384.0,4.0,14.0,13.0,7.0,6.0,13.0,0.0,0.0,0.0,c,61.0,140.0,0.0,13.0,0.0,13.0,13.0,0.0
i18nliner,0.3.0,2026-03-10,ok,28160.0,29.0,0.0,165.0,168.0,0.0,155.0,8.0,2.0,11.0,,1228.0,1574.0,0.0,165.0,0.0,165.0,165.0,0.0
perfect_toml,0.9.1,2026-02-25,ok,15872.0,3.0,0.0,75.0,75.0,0.0,44.0,31.0,0.0,0.0,,717.0,1083.0,0.0,75.0,0.0,75.0,75.0,0.0
hanami-view,3.0.2,2026-08-21,ok,38912.0,32.0,0.0,202.0,202.0,0.0,162.0,40.0,0.0,0.0,,1471.0,3693.0,0.0,202.0,0.0,202.0,202.0,0.0
pronto-scss,0.11.0,2021-02-01,ok,7168.0,2.0,0.0,9.0,9.0,0.0,9.0,0.0,0.0,0.0,,69.0,87.0,0.0,9.0,0.0,9.0,9.0,0.0
google-apis-cloudkms_v1,0.79.0,2026-09-06,ok,62976.0,6.0,0.0,987.0,987.0,0.0,986.0,0.0,1.0,0.0,,3582.0,9384.0,0.0,987.0,0.0,987.0,987.0,0.0
pronto-haml,0.11.1,2021-11-15,ok,7168.0,2.0,0.0,6.0,6.0,0.0,3.0,3.0,0.0,0.0,,41.0,51.0,0.0,6.0,0.0,6.0,6.0,0.0
yard-appendix,0.1.8,2013-02-06,ok,12800.0,11.0,0.0,26.0,29.0,0.0,23.0,0.0,3.0,0.0,,260.0,656.0,0.0,26.0,0.0,26.0,26.0,0.0
logtail-rack,0.2.6,2025-02-11,ok,14848.0,14.0,0.0,74.0,74.0,0.0,62.0,12.0,0.0,0.0,,588.0,873.0,0.0,74.0,0.0,74.0,74.0,0.0
rasn1,0.17.0,2026-08-11,ok,33792.0,34.0,0.0,316.0,322.0,0.0,212.0,100.0,4.0,0.0,,2162.0,4461.0,0.0,316.0,0.0,316.0,316.0,0.0
sparkr,0.4.1,2014-02-04,ok,9728.0,4.0,0.0,10.0,10.0,0.0,9.0,1.0,0.0,0.0,,94.0,192.0,0.0,10.0,0.0,10.0,10.0,0.0
mini_scheduler,0.20.0,2026-05-13,ok,15872.0,12.0,0.0,106.0,106.0,0.0,104.0,2.0,0.0,0.0,,788.0,1041.0,0.0,106.0,0.0,106.0,106.0,0.0
encrypted_cookie_store-instructure,1.2.16,2026-07-09,ok,10240.0,1.0,0.0,22.0,26.0,0.0,8.0,14.0,0.0,0.0,,210.0,262.0,0.0,22.0,0.0,22.0,22.0,0.0
inst_statsd,3.4.0,2025-02-26,ok,18432.0,14.0,0.0,86.0,86.0,0.0,76.0,10.0,0.0,0.0,,559.0,801.0,0.0,86.0,0.0,86.0,86.0,0.0
danger-changelog,0.8.0,2025-12-18,ok,131584.0,17.0,0.0,84.0,84.0,0.0,74.0,10.0,0.0,6.0,,562.0,765.0,0.0,84.0,0.0,84.0,84.0,0.0
logtail-rails,0.2.12,2025-11-24,ok,34304.0,55.0,0.0,77.0,77.0,0.0,63.0,14.0,0.0,1.0,,952.0,1660.0,0.0,77.0,0.0,77.0,77.0,0.0
jira_ref_parser,1.0.1,2016-11-21,ok,6656.0,2.0,0.0,1.0,1.0,0.0,1.0,0.0,0.0,0.0,,23.0,31.0,0.0,1.0,0.0,1.0,1.0,0.0
platform_agent,1.0.1,2019-06-04,ok,8192.0,1.0,0.0,26.0,26.0,0.0,22.0,4.0,0.0,0.0,,88.0,120.0,0.0,26.0,0.0,26.0,26.0,0.0
yabeda-gc,0.4.0,2024-11-01,ok,13312.0,2.0,0.0,0.0,0.0,0.0,0.0,0.0,0.0,0.0,,58.0,78.0,0.0,0.0,0.0,0.0,0.0,0.0
rails_failover,2.3.0,2025-06-18,ok,18944.0,15.0,0.0,98.0,102.0,0.0,72.0,26.0,0.0,0.0,,720.0,917.0,0.0,98.0,0.0,98.0,98.0,0.0
adobe_connect,1.0.12,2023-04-17,ok,22016.0,13.0,0.0,128.0,128.0,0.0,113.0,15.0,0.0,0.0,,488.0,877.0,0.0,128.0,0.0,128.0,128.0,0.0
win32-eventlog,0.6.7,2016-12-14,ok,33280.0,7.0,0.0,37.0,37.0,0.0,34.0,3.0,0.0,0.0,,976.0,1470.0,0.0,37.0,0.0,37.0,37.0,0.0
canvas_connect,0.3.16,2022-03-22,ok,22528.0,7.0,0.0,34.0,34.0,0.0,15.0,5.0,14.0,0.0,,302.0,568.0,0.0,34.0,0.0,34.0,34.0,0.0
friendly_id-mobility,1.0.5,2026-01-18,ok,10240.0,5.0,0.0,11.0,11.0,0.0,11.0,0.0,0.0,0.0,,104.0,129.0,1.0,11.0,0.0,11.0,11.0,0.0
switchman-inst-jobs,4.4.0,2026-07-09,ok,25600.0,67.0,0.0,168.0,168.0,0.0,161.0,7.0,0.0,0.0,,2882.0,3547.0,0.0,168.0,0.0,168.0,168.0,0.0
hypershield,0.6.1,2026-05-23,ok,9216.0,6.0,0.0,22.0,22.0,0.0,12.0,10.0,0.0,0.0,,187.0,245.0,0.0,22.0,0.0,22.0,22.0,0.0
hotwire_combobox,0.4.1,2026-02-13,ok,44544.0,27.0,0.0,134.0,134.0,0.0,60.0,74.0,0.0,0.0,,730.0,888.0,0.0,134.0,0.0,134.0,134.0,0.0
hanami-assets,3.0.0,2026-07-01,ok,14336.0,7.0,0.0,28.0,28.0,0.0,25.0,3.0,0.0,0.0,,170.0,421.0,0.0,28.0,0.0,28.0,28.0,0.0
canvas_webex,0.18.2,2022-03-22,ok,29696.0,10.0,0.0,53.0,53.0,0.0,46.0,0.0,7.0,0.0,,501.0,814.0,0.0,53.0,0.0,53.0,53.0,0.0
ritex,1.0.1,2010-04-13,ok,27136.0,6.0,0.0,35.0,35.0,0.0,26.0,9.0,0.0,0.0,,1976.0,2403.0,0.0,35.0,0.0,35.0,35.0,0.0
testrailtagging,0.3.8,2016-12-09,ok,23040.0,9.0,0.0,118.0,118.0,0.0,110.0,8.0,0.0,0.0,,1159.0,1621.0,0.0,118.0,0.0,118.0,118.0,0.0
sinon-rails,1.15.0,2015-06-15,ok,40448.0,3.0,0.0,0.0,0.0,0.0,0.0,0.0,0.0,0.0,,17.0,22.0,0.0,0.0,0.0,0.0,0.0,0.0
soap4r-middleware,0.8.7,2018-01-02,ok,8192.0,3.0,0.0,33.0,38.0,0.0,33.0,0.0,0.0,0.0,,140.0,190.0,0.0,33.0,0.0,33.0,33.0,0.0
hanami-mailer,3.0.0,2026-07-01,ok,26112.0,15.0,0.0,148.0,148.0,0.0,113.0,35.0,0.0,0.0,,899.0,1773.0,0.0,148.0,0.0,148.0,148.0,0.0
luminosity_contrast,0.2.1,2016-04-27,ok,9728.0,3.0,0.0,11.0,11.0,0.0,10.0,1.0,0.0,0.0,,67.0,137.0,0.0,11.0,0.0,11.0,11.0,0.0
sequel-annotate,1.7.0,2021-05-20,ok,16384.0,1.0,0.0,13.0,13.0,0.0,5.0,8.0,0.0,0.0,,235.0,318.0,0.0,13.0,0.0,13.0,13.0,0.0
swagger_yard,1.1.1,2021-10-28,ok,22016.0,18.0,0.0,217.0,220.0,0.0,192.0,25.0,0.0,0.0,,1146.0,1430.0,0.0,217.0,0.0,217.0,217.0,0.0
folio-pagination,0.0.12,2017-03-06,ok,20992.0,16.0,0.0,72.0,72.0,0.0,72.0,0.0,0.0,0.0,,474.0,782.0,0.0,72.0,0.0,72.0,72.0,0.0
mobility-ransack,1.2.2,2023-03-04,ok,8704.0,3.0,0.0,11.0,13.0,0.0,6.0,5.0,0.0,0.0,,72.0,92.0,0.0,11.0,0.0,11.0,11.0,0.0
rubocop-erb,0.7.1,2026-03-29,ok,12800.0,8.0,0.0,34.0,34.0,0.0,27.0,7.0,0.0,0.0,,358.0,474.0,0.0,34.0,0.0,34.0,34.0,0.0
htmldiff,0.0.1,2009-11-19,ok,7680.0,1.0,0.0,29.0,29.0,0.0,29.0,0.0,0.0,0.0,,246.0,317.0,0.0,29.0,0.0,29.0,29.0,0.0
sterile,1.0.26,2024-02-20,ok,204800.0,14.0,0.0,27.0,27.0,0.0,23.0,4.0,0.0,0.0,,47167.0,47392.0,0.0,27.0,0.0,27.0,27.0,0.0
testrail_client,0.0.1,2015-04-23,ok,7168.0,3.0,0.0,8.0,8.0,0.0,7.0,1.0,0.0,0.0,,66.0,116.0,0.0,8.0,0.0,8.0,8.0,0.0
lucide-rails,0.7.4,2026-03-25,ok,214528.0,6.0,0.0,9.0,9.0,0.0,9.0,0.0,0.0,8.0,,90.0,139.0,0.0,9.0,0.0,9.0,9.0,0.0
color_conversion,0.1.2,2024-07-08,ok,13312.0,14.0,0.0,47.0,47.0,0.0,25.0,12.0,10.0,0.0,,487.0,590.0,0.0,47.0,0.0,47.0,47.0,0.0
instructure-happymapper,0.5.10,2015-08-04,ok,54272.0,8.0,0.0,74.0,74.0,0.0,60.0,14.0,0.0,0.0,,603.0,1274.0,0.0,74.0,0.0,74.0,74.0,0.0
svg-graph,2.2.2,2023-04-30,ok,48128.0,13.0,0.0,318.0,320.0,0.0,213.0,15.0,90.0,0.0,,2764.0,4545.0,2.0,318.0,0.0,318.0,318.0,0.0
inch,0.8.0,2018-04-10,ok,97792.0,178.0,0.0,1044.0,1044.0,0.0,825.0,158.0,61.0,0.0,,7180.0,10197.0,0.0,1044.0,0.0,1044.0,1044.0,0.0
academic_benchmarks,1.1.3,2023-10-06,ok,10752.0,21.0,0.0,193.0,193.0,0.0,161.0,32.0,0.0,0.0,,806.0,1015.0,0.0,193.0,0.0,193.0,193.0,0.0
geared_pagination,1.2.0,2023-11-28,ok,27136.0,13.0,0.0,97.0,97.0,0.0,73.0,24.0,0.0,0.0,,409.0,526.0,0.0,97.0,0.0,97.0,97.0,0.0
discourse-fonts,0.0.19,2025-04-02,ok,1349120.0,1.0,0.0,2.0,2.0,0.0,2.0,0.0,0.0,0.0,,271.0,280.0,0.0,2.0,0.0,2.0,2.0,0.0
flatware,2.4.0,2026-03-21,ok,12288.0,12.0,0.0,92.0,95.0,0.0,69.0,23.0,0.0,14.0,,494.0,633.0,0.0,92.0,0.0,92.0,92.0,0.0
actionview_precompiler,0.4.0,2024-02-29,ok,14336.0,18.0,0.0,164.0,166.0,0.0,139.0,25.0,0.0,0.0,,1049.0,1348.0,0.0,164.0,0.0,164.0,164.0,0.0
inst-jobs-statsd,4.0.2,2024-11-18,ok,8704.0,18.0,0.0,60.0,60.0,0.0,59.0,1.0,0.0,0.0,,452.0,621.0,0.0,60.0,0.0,60.0,60.0,0.0
vericite_api,1.5.3,2017-09-18,ok,18432.0,15.0,0.0,286.0,289.0,0.0,286.0,0.0,0.0,0.0,,1842.0,2796.0,0.0,286.0,0.0,286.0,286.0,0.0
outrigger,3.2.0,2026-01-20,ok,7680.0,7.0,0.0,14.0,14.0,0.0,11.0,3.0,0.0,0.0,,124.0,165.0,0.0,14.0,0.0,14.0,14.0,0.0
devise_lastseenable,0.0.6,2015-07-27,ok,7680.0,7.0,0.0,6.0,6.0,0.0,6.0,0.0,0.0,0.0,,65.0,79.0,1.0,6.0,0.0,6.0,6.0,0.0
omniauth-weibo-oauth2,0.5.3,2025-07-12,ok,8704.0,3.0,0.0,7.0,7.0,0.0,6.0,0.0,1.0,0.0,,94.0,123.0,0.0,7.0,0.0,7.0,7.0,0.0
win32-ipc,0.7.0,2016-06-23,ok,14848.0,2.0,0.0,8.0,8.0,0.0,7.0,1.0,0.0,0.0,,100.0,188.0,0.0,8.0,0.0,8.0,8.0,0.0
flatware-rspec,2.4.0,2026-03-21,ok,12288.0,16.0,0.0,70.0,73.0,0.0,50.0,20.0,0.0,5.0,,518.0,650.0,0.0,70.0,0.0,70.0,70.0,0.0
cocoapods-dependencies,1.3.0,2018-08-16,ok,9216.0,3.0,0.0,16.0,16.0,0.0,16.0,0.0,0.0,0.0,,175.0,208.0,0.0,16.0,0.0,16.0,16.0,0.0
blade,0.7.3,2022-04-12,ok,14336.0,16.0,0.0,137.0,138.0,0.0,101.0,36.0,0.0,0.0,,807.0,1012.0,0.0,137.0,0.0,137.0,137.0,0.0
standardwebhooks,1.1.0,2026-04-28,ok,6656.0,4.0,0.0,8.0,8.0,0.0,7.0,1.0,0.0,0.0,,88.0,130.0,0.0,8.0,0.0,8.0,8.0,0.0
katex,0.11.0,2026-05-24,ok,954368.0,3.0,0.0,8.0,8.0,0.0,6.0,2.0,0.0,0.0,,88.0,138.0,0.0,8.0,0.0,8.0,8.0,0.0
mini_suffix,0.3.3,2021-12-01,ok,283136.0,2.0,0.0,1.0,1.0,0.0,1.0,0.0,0.0,0.0,,22.0,33.0,0.0,1.0,0.0,1.0,1.0,0.0
bacon,1.2.0,2012-12-21,ok,18432.0,4.0,0.0,59.0,61.0,0.0,57.0,2.0,0.0,0.0,,325.0,400.0,0.0,59.0,0.0,59.0,59.0,0.0
dry-logger,1.2.2,2026-03-13,ok,16896.0,20.0,0.0,125.0,125.0,0.0,102.0,23.0,0.0,0.0,,858.0,1690.0,0.0,125.0,0.0,125.0,125.0,0.0
blade-qunit_adapter,2.0.1,2016-11-12,ok,39936.0,2.0,0.0,0.0,0.0,0.0,0.0,0.0,0.0,0.0,,6.0,8.0,0.0,0.0,0.0,0.0,0.0,0.0
sprockets-export,1.0.0,2016-11-28,ok,8192.0,7.0,0.0,15.0,15.0,0.0,10.0,5.0,0.0,0.0,,113.0,144.0,0.0,15.0,0.0,15.0,15.0,0.0
rspec_around_all,0.2.0,2014-06-10,ok,6144.0,1.0,0.0,3.0,3.0,0.0,3.0,0.0,0.0,0.0,,26.0,35.0,0.0,3.0,0.0,3.0,3.0,0.0
yabeda-activejob,0.6.0,2024-10-29,ok,8704.0,2.0,0.0,4.0,4.0,0.0,4.0,0.0,0.0,0.0,,101.0,131.0,0.0,4.0,0.0,4.0,4.0,0.0
dress_code,1.2.1,2021-04-08,ok,10240.0,5.0,0.0,27.0,27.0,0.0,27.0,0.0,0.0,0.0,,123.0,162.0,0.0,27.0,0.0,27.0,27.0,0.0
inst-jobs-autoscaling,2.1.1,2021-09-30,ok,8192.0,5.0,0.0,15.0,15.0,0.0,10.0,0.0,5.0,0.0,,97.0,126.0,0.0,15.0,0.0,15.0,15.0,0.0
rspec-multi-mock,0.3.1,2018-05-19,ok,8704.0,8.0,0.0,17.0,21.0,0.0,15.0,2.0,0.0,0.0,,106.0,131.0,0.0,17.0,0.0,17.0,17.0,0.0
rack-unreloader,2.1.0,2023-01-18,ok,17408.0,3.0,0.0,50.0,50.0,0.0,26.0,24.0,0.0,0.0,,492.0,752.0,0.0,50.0,0.0,50.0,50.0,0.0
aarch64,3.0.0,2026-03-09,ok,135680.0,272.0,0.0,1486.0,1487.0,0.0,1037.0,449.0,0.0,0.0,,16232.0,20379.0,0.0,1486.0,0.0,1486.0,1486.0,0.0
win32-event,0.6.3,2015-10-25,ok,15360.0,2.0,0.0,12.0,13.0,0.0,12.0,0.0,0.0,0.0,,101.0,192.0,0.0,12.0,0.0,12.0,12.0,0.0
simple_captcha2,0.5.0,2019-12-05,ok,16384.0,19.0,0.0,57.0,65.0,0.0,38.0,14.0,5.0,0.0,,589.0,855.0,0.0,57.0,0.0,57.0,57.0,0.0
ronn-ng,0.10.1,2024-01-08,ok,43520.0,7.0,0.0,147.0,147.0,0.0,117.0,0.0,30.0,0.0,,1036.0,1452.0,0.0,147.0,0.0,147.0,147.0,0.0
devise-secure_password,2.2.3,2026-03-18,ok,510464.0,15.0,0.0,75.0,75.0,0.0,40.0,8.0,27.0,0.0,,574.0,787.0,0.0,75.0,0.0,75.0,75.0,0.0
literate_randomizer,0.4.0,2012-10-28,ok,186368.0,6.0,0.0,47.0,47.0,0.0,38.0,9.0,0.0,0.0,,210.0,405.0,0.0,47.0,0.0,47.0,47.0,0.0
sus,0.37.2,2026-06-21,ok,51712.0,46.0,0.0,415.0,420.0,0.0,387.0,19.0,9.0,0.0,,2802.0,5038.0,0.0,415.0,0.0,415.0,415.0,0.0
freezolite,0.7.0,2026-04-29,ok,7680.0,3.0,0.0,3.0,3.0,0.0,3.0,0.0,0.0,0.0,,40.0,56.0,0.0,3.0,0.0,3.0,3.0,0.0
jdbc-sqlite3,3.46.1.1,2024-10-02,ok,14099968.0,2.0,0.0,3.0,3.0,0.0,3.0,0.0,0.0,0.0,,27.0,34.0,0.0,3.0,0.0,3.0,3.0,0.0
saharspec,0.0.10,2023-02-18,ok,16896.0,16.0,0.0,59.0,59.0,0.0,56.0,3.0,0.0,0.0,,419.0,935.0,0.0,59.0,0.0,59.0,59.0,0.0
canvas_statsd,2.0.4,2017-03-29,ok,14336.0,11.0,0.0,67.0,67.0,0.0,58.0,9.0,0.0,0.0,,407.0,544.0,0.0,67.0,0.0,67.0,67.0,0.0
string-direction,1.2.2,2020-03-18,ok,24576.0,9.0,0.0,46.0,46.0,0.0,27.0,19.0,0.0,0.0,,207.0,334.0,0.0,46.0,0.0,46.0,46.0,0.0
test-unit-rails,7.0.2,2023-06-20,ok,18432.0,0.0,0.0,0.0,0.0,0.0,0.0,0.0,0.0,0.0,,0.0,0.0,0.0,0.0,0.0,0.0,0.0,0.0
arabic-letter-connector,0.1.1,2013-05-29,ok,5632.0,4.0,0.0,11.0,11.0,0.0,9.0,2.0,0.0,0.0,,118.0,141.0,0.0,11.0,0.0,11.0,11.0,0.0
win32-taskscheduler,2.0.4,2019-01-04,ok,19456.0,7.0,0.0,99.0,108.0,0.0,86.0,13.0,0.0,0.0,,1282.0,2060.0,0.0,99.0,0.0,99.0,99.0,0.0
qunit-selenium,0.0.4,2014-07-27,ok,8704.0,4.0,0.0,9.0,9.0,0.0,6.0,3.0,0.0,0.0,,106.0,126.0,0.0,9.0,0.0,9.0,9.0,0.0
lexxy,0.9.31,2026-08-20,ok,1826816.0,12.0,0.0,31.0,33.0,0.0,28.0,3.0,0.0,0.0,,245.0,312.0,0.0,31.0,0.0,31.0,31.0,0.0
firecrawl-sdk,1.17.0,2026-09-08,ok,22528.0,33.0,0.0,370.0,370.0,0.0,353.0,17.0,0.0,0.0,,1531.0,2214.0,0.0,370.0,0.0,370.0,370.0,0.0
axe-core-selenium,4.13.0,2026-08-11,ok,11264.0,1.0,0.0,2.0,2.0,0.0,1.0,1.0,0.0,0.0,,17.0,31.0,0.0,2.0,0.0,2.0,2.0,0.0
metasploit_payloads-mettle,1.0.48,2026-07-29,ok,24729088.0,3.0,0.0,19.0,19.0,0.0,5.0,14.0,0.0,0.0,,175.0,260.0,0.0,19.0,0.0,19.0,19.0,0.0
eslintrb,2.1.0,2016-06-20,ok,453120.0,5.0,0.0,25.0,25.0,0.0,25.0,0.0,0.0,0.0,,176.0,238.0,0.0,25.0,0.0,25.0,25.0,0.0
discourse_dev_assets,0.0.6,2025-12-18,ok,200192.0,3.0,0.0,10.0,12.0,0.0,9.0,1.0,0.0,0.0,,52.0,79.0,0.0,10.0,0.0,10.0,10.0,0.0
fastlane-plugin-ruby,0.1.3,2016-06-01,ok,5632.0,4.0,0.0,11.0,11.0,0.0,11.0,0.0,0.0,0.0,,58.0,83.0,0.0,11.0,0.0,11.0,11.0,0.0
evernote-thrift,1.25.2,2015-11-06,ok,86016.0,49.0,0.0,1202.0,1209.0,0.0,1172.0,26.0,4.0,0.0,,9789.0,15435.0,0.0,1202.0,0.0,1202.0,1202.0,0.0
rails_icons,1.9.0,2026-06-24,ok,89600.0,16.0,0.0,69.0,69.0,0.0,33.0,36.0,0.0,0.0,,476.0,725.0,0.0,69.0,0.0,69.0,69.0,0.0
markaby,0.9.4,2024-06-14,ok,25600.0,13.0,0.0,77.0,79.0,0.0,64.0,13.0,0.0,0.0,,686.0,911.0,0.0,77.0,0.0,77.0,77.0,0.0
rtlcss,0.2.1,2023-05-31,ok,30720.0,2.0,0.0,1.0,1.0,0.0,1.0,0.0,0.0,0.0,,26.0,34.0,0.0,1.0,0.0,1.0,1.0,0.0
hashicorp-checkpoint,0.1.6,2025-04-03,ok,40960.0,3.0,0.0,5.0,5.0,0.0,4.0,0.0,1.0,0.0,,100.0,159.0,0.0,5.0,0.0,5.0,5.0,0.0
multipart,0.2.1,2009-07-25,ok,5632.0,1.0,0.0,11.0,11.0,0.0,11.0,0.0,0.0,0.0,,89.0,219.0,0.0,11.0,0.0,11.0,11.0,0.0
win32-mutex,0.4.3,2015-11-17,ok,15360.0,2.0,0.0,6.0,6.0,0.0,6.0,0.0,0.0,0.0,,80.0,149.0,0.0,6.0,0.0,6.0,6.0,0.0
automatiek,0.3.0,2019-09-04,ok,9216.0,4.0,0.0,21.0,21.0,0.0,20.0,1.0,0.0,0.0,,94.0,116.0,0.0,21.0,0.0,21.0,21.0,0.0
win32-certstore,0.6.16,2024-03-04,ok,16896.0,9.0,0.0,60.0,60.0,0.0,42.0,18.0,0.0,0.0,,605.0,994.0,0.0,60.0,0.0,60.0,60.0,0.0
typelizer,0.13.1,2026-05-18,ok,41472.0,42.0,0.0,314.0,314.0,0.0,186.0,128.0,0.0,0.0,,2592.0,3463.0,0.0,314.0,0.0,314.0,314.0,0.0
evernote_oauth,0.2.3,2014-01-13,ok,13312.0,21.0,0.0,39.0,39.0,0.0,33.0,6.0,0.0,0.0,,440.0,607.0,0.0,39.0,0.0,39.0,39.0,0.0
win32-mmap,0.4.2,2015-11-13,ok,18944.0,5.0,0.0,31.0,31.0,0.0,26.0,5.0,0.0,0.0,,295.0,531.0,0.0,31.0,0.0,31.0,31.0,0.0
octopress-hooks,2.6.2,2016-09-15,ok,9728.0,2.0,0.0,85.0,85.0,0.0,85.0,0.0,0.0,0.0,,269.0,427.0,0.0,85.0,0.0,85.0,85.0,0.0
discourse-seed-fu,2.3.12,2022-10-06,ok,13824.0,10.0,0.0,32.0,32.0,0.0,15.0,17.0,0.0,0.0,,282.0,471.0,0.0,32.0,0.0,32.0,32.0,0.0
ip2location_ruby,8.8.1,2026-08-20,ok,2739200.0,8.0,0.0,121.0,121.0,0.0,121.0,0.0,0.0,0.0,,1291.0,1410.0,0.0,121.0,0.0,121.0,121.0,0.0
cucumber-api-steps,0.14.0,2017-10-25,ok,9728.0,4.0,0.0,2.0,3.0,0.0,2.0,0.0,0.0,0.0,,199.0,242.0,0.0,2.0,0.0,2.0,2.0,0.0
erblint-github,1.0.1,2024-02-08,ok,13312.0,18.0,0.0,31.0,31.0,0.0,24.0,7.0,0.0,0.0,,544.0,723.0,0.0,31.0,0.0,31.0,31.0,0.0
puppetserver-ca,2.7.2,2026-01-12,ok,47616.0,29.0,0.0,244.0,244.0,0.0,227.0,17.0,0.0,0.0,,3510.0,4489.0,0.0,244.0,0.0,244.0,244.0,0.0
rubysl,2.2.0,2016-01-22,ok,5120.0,0.0,0.0,0.0,0.0,0.0,0.0,0.0,0.0,0.0,,0.0,0.0,0.0,0.0,0.0,0.0,0.0,0.0
guardrail,3.1.1,2026-04-28,ok,6144.0,4.0,0.0,8.0,8.0,0.0,8.0,0.0,0.0,0.0,,50.0,72.0,0.0,8.0,0.0,8.0,8.0,0.0
vagrant_cloud,3.1.3,2025-03-28,ok,22528.0,21.0,0.0,164.0,166.0,0.0,150.0,1.0,13.0,0.0,,1483.0,2297.0,0.0,164.0,0.0,164.0,164.0,0.0
gdk-toogle,1.0.2,2026-07-14,ok,16384.0,9.0,0.0,22.0,22.0,0.0,20.0,2.0,0.0,0.0,,148.0,192.0,0.0,22.0,0.0,22.0,22.0,0.0
epub-parser,0.5.0,2025-10-28,ok,72192.0,46.0,0.0,413.0,423.0,0.0,402.0,10.0,1.0,0.0,,2282.0,2930.0,0.0,413.0,0.0,413.0,413.0,0.0
minio_runner,1.1.0,2026-04-27,ok,15872.0,13.0,0.0,106.0,106.0,0.0,103.0,3.0,0.0,0.0,,651.0,874.0,0.0,106.0,0.0,106.0,106.0,0.0
markly,0.18.1,2026-09-09,ok,168448.0,9.0,69.0,126.0,79.0,48.0,117.0,9.0,0.0,0.0,c,618.0,1110.0,0.0,126.0,0.0,126.0,126.0,0.0
jekyll_test_plugin,0.3.1,2026-03-30,ok,8192.0,2.0,0.0,2.0,2.0,0.0,2.0,0.0,0.0,0.0,,24.0,29.0,0.0,2.0,0.0,2.0,2.0,0.0
jekyll_test_plugin_malicious,0.2.0,2016-03-19,ok,6144.0,2.0,0.0,1.0,1.0,0.0,1.0,0.0,0.0,0.0,,13.0,17.0,0.0,1.0,0.0,1.0,1.0,0.0
cucumber-rails-training-wheels,1.0.0,2011-10-05,ok,16384.0,7.0,0.0,14.0,14.0,0.0,12.0,0.0,2.0,0.0,,125.0,195.0,0.0,14.0,0.0,14.0,14.0,0.0
selma,0.5.2,2026-09-07,ok,36352.0,15.0,10.0,35.0,4.0,31.0,35.0,0.0,0.0,0.0,rust,317.0,421.0,0.0,35.0,0.0,35.0,35.0,0.0
cppjieba_rb,0.4.4,2024-09-21,ok,8040448.0,4.0,29.0,12.0,7.0,5.0,12.0,0.0,0.0,0.0,c+cpp,72.0,108.0,0.0,12.0,0.0,12.0,12.0,0.0
pronto-eslint,0.11.1,2023-01-11,ok,7168.0,2.0,0.0,5.0,5.0,0.0,5.0,0.0,0.0,0.0,,45.0,57.0,0.0,5.0,0.0,5.0,5.0,0.0
warden-basic_auth,0.2.1,2015-05-27,ok,7680.0,3.0,0.0,11.0,11.0,0.0,11.0,0.0,0.0,0.0,,54.0,70.0,0.0,11.0,0.0,11.0,11.0,0.0
openproject-token,8.13.0,2026-08-21,ok,22016.0,6.0,0.0,79.0,79.0,0.0,68.0,11.0,0.0,0.0,,452.0,643.0,0.0,79.0,0.0,79.0,79.0,0.0
activerecord-pg-extensions,0.8.1,2026-08-11,ok,14336.0,11.0,0.0,56.0,56.0,0.0,34.0,22.0,0.0,0.0,,576.0,833.0,0.0,56.0,0.0,56.0,56.0,0.0
themoviedb,1.0.2,2024-10-13,ok,97792.0,17.0,0.0,95.0,95.0,0.0,94.0,1.0,0.0,0.0,,652.0,851.0,0.0,95.0,0.0,95.0,95.0,0.0
dry-operation,1.1.0,2026-02-06,ok,12288.0,9.0,0.0,41.0,41.0,0.0,38.0,3.0,0.0,0.0,,372.0,851.0,0.0,41.0,0.0,41.0,41.0,0.0
plaintext,0.3.7,2025-11-25,ok,19456.0,20.0,0.0,50.0,50.0,0.0,41.0,7.0,2.0,0.0,,442.0,578.0,0.0,50.0,0.0,50.0,50.0,0.0
valid,1.2.0,2016-06-27,ok,9216.0,12.0,0.0,46.0,46.0,0.0,39.0,2.0,5.0,0.0,,311.0,462.0,0.0,46.0,0.0,46.0,46.0,0.0
numo-narray-alt,0.11.2,2026-08-12,ok,230912.0,4.0,178.0,298.0,57.0,1322.0,295.0,3.0,0.0,0.0,c,783.0,1529.0,0.0,298.0,0.0,298.0,298.0,0.0
digest-xxhash,0.2.9,2024-12-31,ok,100352.0,2.0,4.0,49.0,0.0,49.0,49.0,0.0,0.0,0.0,c,14.0,31.0,0.0,49.0,0.0,49.0,49.0,0.0
mocha-on-bacon,0.2.3,2016-11-13,ok,6656.0,1.0,0.0,9.0,9.0,0.0,9.0,0.0,0.0,0.0,,56.0,70.0,0.0,9.0,0.0,9.0,9.0,0.0
speedshop-cloudwatch,0.2.2,2026-09-07,ok,22016.0,20.0,0.0,116.0,116.0,0.0,79.0,37.0,0.0,15.0,,1020.0,1281.0,0.0,116.0,0.0,116.0,116.0,0.0
kicker,3.0.0,2013-12-03,ok,15360.0,17.0,0.0,140.0,140.0,0.0,125.0,15.0,0.0,0.0,,798.0,1107.0,0.0,140.0,0.0,140.0,140.0,0.0
mails_viewer,0.2.0,2018-01-27,ok,25600.0,8.0,0.0,14.0,14.0,0.0,11.0,3.0,0.0,0.0,,147.0,180.0,0.0,14.0,0.0,14.0,14.0,0.0
bigbluebutton-api-ruby,2.1.0,2026-03-11,ok,57856.0,15.0,0.0,90.0,90.0,0.0,83.0,4.0,3.0,0.0,,897.0,1588.0,0.0,90.0,0.0,90.0,90.0,0.0
linzer,0.8.1,2026-08-25,ok,76288.0,54.0,0.0,321.0,321.0,0.0,184.0,137.0,0.0,0.0,,2487.0,6241.0,0.0,321.0,0.0,321.0,321.0,0.0
lobby_boy,0.1.3,2018-07-09,ok,24576.0,12.0,0.0,68.0,68.0,0.0,68.0,0.0,0.0,6.0,,359.0,498.0,0.0,68.0,0.0,68.0,68.0,0.0
authie,5.0.0,2025-02-20,ok,11264.0,20.0,0.0,106.0,112.0,0.0,93.0,13.0,0.0,0.0,,585.0,896.0,0.0,106.0,0.0,106.0,106.0,0.0
h3,3.7.4,2025-04-04,ok,17341952.0,15.0,103.0,60.0,60.0,0.0,42.0,18.0,0.0,0.0,c,625.0,1829.0,0.0,60.0,0.0,60.0,60.0,0.0
notify,0.5.2,2013-06-13,ok,7168.0,10.0,0.0,3.0,10.0,0.0,3.0,0.0,0.0,0.0,,107.0,125.0,0.0,3.0,0.0,3.0,3.0,0.0
openproject-primer_view_components,0.91.1,2026-07-31,ok,1089536.0,456.0,0.0,2103.0,2112.0,0.0,1815.0,288.0,0.0,0.0,,21740.0,34657.0,0.0,2103.0,0.0,2103.0,2103.0,0.0
gitlab-glaz,1.2.0,2026-09-04,ok,32256.0,9.0,1.0,21.0,12.0,9.0,19.0,2.0,0.0,2.0,rust,183.0,379.0,0.0,21.0,0.0,21.0,21.0,0.0
flakey_spec_catcher,0.12.1,2021-11-15,ok,24576.0,18.0,0.0,214.0,214.0,0.0,155.0,59.0,0.0,0.0,,1151.0,1605.0,0.0,214.0,0.0,214.0,214.0,0.0
messageformat-wrapper,1.1.0,2024-07-25,ok,47616.0,2.0,0.0,8.0,8.0,0.0,7.0,1.0,0.0,0.0,,41.0,54.0,0.0,8.0,0.0,8.0,8.0,0.0
solargraph-rspec,0.6.0,2026-08-12,ok,29184.0,23.0,0.0,101.0,101.0,0.0,69.0,32.0,0.0,0.0,,1039.0,1652.0,0.0,101.0,0.0,101.0,101.0,0.0
ladle,1.0.1,2015-05-01,ok,11854848.0,5.0,3.0,43.0,43.0,0.0,36.0,7.0,0.0,0.0,java,285.0,517.0,0.0,43.0,0.0,43.0,43.0,0.0
posthog-rails,3.18.6,2026-09-07,ok,26624.0,20.0,0.0,170.0,171.0,0.0,121.0,49.0,0.0,15.0,,1334.0,2347.0,0.0,170.0,0.0,170.0,170.0,0.0
devise_pam_authenticatable2,9.2.0,2018-09-05,ok,8704.0,4.0,0.0,12.0,12.0,0.0,12.0,0.0,0.0,0.0,,126.0,165.0,0.0,12.0,0.0,12.0,12.0,0.0
starry,0.2.0,2024-04-15,ok,6656.0,5.0,0.0,49.0,49.0,0.0,43.0,6.0,0.0,0.0,,358.0,416.0,0.0,49.0,0.0,49.0,49.0,0.0
wcag_color_contrast,0.1.0,2017-11-13,ok,7168.0,2.0,0.0,7.0,7.0,0.0,4.0,3.0,0.0,0.0,,47.0,68.0,0.0,7.0,0.0,7.0,7.0,0.0
turbo_dev_assets,0.0.2,2014-04-21,ok,6656.0,2.0,0.0,2.0,2.0,0.0,2.0,0.0,0.0,0.0,,23.0,41.0,0.0,2.0,0.0,2.0,2.0,0.0
hanami-webconsole,3.0.0,2026-07-01,ok,8704.0,3.0,0.0,4.0,4.0,0.0,3.0,1.0,0.0,0.0,,50.0,101.0,0.0,4.0,0.0,4.0,4.0,0.0
jd-paperclip-azure,3.0.0,2024-09-24,ok,178176.0,4.0,0.0,23.0,23.0,0.0,22.0,1.0,0.0,0.0,,205.0,300.0,0.0,23.0,0.0,23.0,23.0,0.0
rodauth-omniauth,0.6.2,2025-08-03,ok,14336.0,2.0,0.0,49.0,50.0,0.0,17.0,32.0,0.0,0.0,,365.0,464.0,0.0,49.0,0.0,49.0,49.0,0.0
prettybacon,0.0.2,2014-04-03,ok,7680.0,5.0,0.0,14.0,14.0,0.0,14.0,0.0,0.0,0.0,,173.0,251.0,0.0,14.0,0.0,14.0,14.0,0.0
gitlab-grape-openapi,0.5.0,2026-09-03,ok,40448.0,39.0,0.0,414.0,414.0,0.0,220.0,194.0,0.0,0.0,,2394.0,3420.0,0.0,414.0,0.0,414.0,414.0,0.0
rpam2,4.0.2,2018-03-27,ok,9216.0,2.0,1.0,15.0,11.0,4.0,10.0,5.0,0.0,0.0,c,97.0,122.0,0.0,15.0,0.0,15.0,15.0,0.0
easy_table,0.0.10,2018-07-18,ok,11776.0,9.0,0.0,28.0,28.0,0.0,13.0,15.0,0.0,0.0,,252.0,299.0,0.0,28.0,0.0,28.0,28.0,0.0
nifty-utils,1.1.7,2015-06-08,ok,9728.0,15.0,0.0,49.0,49.0,0.0,49.0,0.0,0.0,0.0,,433.0,609.0,0.0,49.0,0.0,49.0,49.0,0.0
openproject-octicons,19.37.0,2026-08-18,ok,328192.0,3.0,0.0,17.0,17.0,0.0,8.0,9.0,0.0,0.0,,94.0,127.0,0.0,17.0,0.0,17.0,17.0,0.0
meta_where,1.0.4,2011-02-28,ok,27648.0,19.0,0.0,138.0,138.0,0.0,116.0,22.0,0.0,0.0,,936.0,1158.0,0.0,138.0,0.0,138.0,138.0,0.0
mittens,0.3.4,2026-08-06,ok,362496.0,3.0,1.0,4.0,0.0,4.0,4.0,0.0,0.0,0.0,c,20.0,33.0,0.0,4.0,0.0,4.0,4.0,0.0
inst_access,0.4.4,2024-09-19,ok,9216.0,5.0,0.0,27.0,27.0,0.0,26.0,1.0,0.0,0.0,,173.0,326.0,0.0,27.0,0.0,27.0,27.0,0.0
svg_sprite,1.0.3,2023-01-17,ok,17920.0,4.0,0.0,38.0,38.0,0.0,25.0,13.0,0.0,0.0,,240.0,295.0,0.0,38.0,0.0,38.0,38.0,0.0
certstore_c,0.1.7,2020-05-15,ok,16384.0,5.0,4.0,18.0,12.0,6.0,18.0,0.0,0.0,0.0,c,94.0,168.0,0.0,18.0,0.0,18.0,18.0,0.0
epub-cfi,0.1.4,2025-10-28,ok,18432.0,3.0,0.0,65.0,65.0,0.0,64.0,1.0,0.0,1.0,,328.0,459.0,0.0,65.0,0.0,65.0,65.0,0.0
kramdown-syntax-coderay,1.0.1,2019-01-31,ok,7680.0,2.0,0.0,3.0,3.0,0.0,3.0,0.0,0.0,0.0,,121.0,181.0,0.0,3.0,0.0,3.0,3.0,0.0
feedbag,1.0.2,2025-11-30,ok,9216.0,1.0,0.0,12.0,12.0,0.0,11.0,1.0,0.0,0.0,,190.0,256.0,0.0,12.0,0.0,12.0,12.0,0.0
paranoid2,1.1.5,2014-04-14,ok,9216.0,4.0,0.0,26.0,27.0,0.0,26.0,0.0,0.0,0.0,,138.0,178.0,0.0,26.0,0.0,26.0,26.0,0.0
rack-freeze,1.3.1,2020-01-10,ok,7680.0,4.0,0.0,6.0,6.0,0.0,6.0,0.0,0.0,0.0,,44.0,136.0,0.0,6.0,0.0,6.0,6.0,0.0
openproject-octicons_helper,19.37.0,2026-08-18,ok,326656.0,4.0,0.0,1.0,1.0,0.0,1.0,0.0,0.0,0.0,,32.0,51.0,0.0,1.0,0.0,1.0,1.0,0.0
uk_phone_numbers,0.1.1,2013-07-02,ok,6144.0,2.0,0.0,3.0,3.0,0.0,3.0,0.0,0.0,0.0,,49.0,59.0,0.0,3.0,0.0,3.0,3.0,0.0
chef-ruby-shadow,3.0.0,2025-07-10,ok,11264.0,1.0,2.0,14.0,0.0,19.0,14.0,0.0,0.0,0.0,c,51.0,70.0,0.0,14.0,0.0,14.0,14.0,0.0
diaspora_federation,1.2.0,2026-04-06,ok,61440.0,96.0,0.0,297.0,297.0,0.0,174.0,123.0,0.0,0.0,,2597.0,5249.0,0.0,297.0,0.0,297.0,297.0,0.0
diaspora_federation-rails,1.2.0,2026-04-06,ok,23552.0,10.0,0.0,9.0,9.0,0.0,6.0,3.0,0.0,0.0,,123.0,245.0,0.0,9.0,0.0,9.0,9.0,0.0
rubocop-inst,1.2.3,2026-01-26,ok,5632.0,0.0,0.0,0.0,0.0,0.0,0.0,0.0,0.0,0.0,,0.0,0.0,0.0,0.0,0.0,0.0,0.0,0.0
sentry-inst_jobs,6.0.0,2026-03-06,ok,10752.0,4.0,0.0,9.0,9.0,0.0,9.0,0.0,0.0,0.0,,104.0,135.0,0.0,9.0,0.0,9.0,9.0,0.0
spring-commands-parallel-rspec,1.1.0,2019-12-07,ok,6656.0,2.0,0.0,8.0,8.0,0.0,8.0,0.0,0.0,0.0,,40.0,56.0,0.0,8.0,0.0,8.0,8.0,0.0
stormbreaker,1.0.0,2023-08-18,ok,9216.0,11.0,0.0,74.0,74.0,0.0,74.0,0.0,0.0,0.0,,332.0,443.0,0.0,74.0,0.0,74.0,74.0,0.0
op-clamav-client,3.4.2,2024-04-22,ok,26112.0,16.0,0.0,61.0,61.0,0.0,55.0,4.0,2.0,0.0,,380.0,716.0,0.0,61.0,0.0,61.0,61.0,0.0
forme,2.7.0,2025-09-16,ok,55808.0,26.0,0.0,258.0,261.0,0.0,149.0,109.0,0.0,0.0,,2568.0,3778.0,0.0,258.0,0.0,258.0,258.0,0.0
canvas_link_migrator,1.0.20,2026-05-15,ok,22016.0,7.0,0.0,63.0,63.0,0.0,63.0,0.0,0.0,0.0,,613.0,883.0,0.0,63.0,0.0,63.0,63.0,0.0
mlb,0.11.0,2025-12-30,ok,69632.0,157.0,0.0,249.0,249.0,0.0,236.0,13.0,0.0,0.0,,3624.0,9769.0,0.0,249.0,0.0,249.0,249.0,0.0
omniauth-evernote,1.2.1,2014-04-17,ok,7680.0,3.0,0.0,1.0,1.0,0.0,1.0,0.0,0.0,0.0,,42.0,50.0,0.0,1.0,0.0,1.0,1.0,0.0
liability-proof,0.0.9,2014-04-18,ok,8704.0,9.0,0.0,35.0,35.0,0.0,22.0,13.0,0.0,1.0,,281.0,374.0,0.0,35.0,0.0,35.0,35.0,0.0
configurate,0.6.0,2023-11-22,ok,17920.0,10.0,0.0,44.0,44.0,0.0,36.0,8.0,0.0,0.0,,334.0,578.0,0.0,44.0,0.0,44.0,44.0,0.0
rack-piwik,0.3.0,2014-06-01,ok,8192.0,1.0,0.0,5.0,5.0,0.0,3.0,2.0,0.0,0.0,,29.0,39.0,0.0,5.0,0.0,5.0,5.0,0.0
i18n-language-mapping,0.1.3.1,2021-06-03,ok,13312.0,2.0,0.0,2.0,2.0,0.0,2.0,0.0,0.0,0.0,,882.0,887.0,0.0,2.0,0.0,2.0,2.0,0.0
json_completer,1.2.0,2026-03-15,ok,12800.0,4.0,0.0,74.0,78.0,0.0,42.0,32.0,0.0,6.0,,930.0,1153.0,0.0,74.0,0.0,74.0,74.0,0.0
fit4ruby,3.13.0,2023-07-07,ok,67072.0,57.0,0.0,286.0,286.0,0.0,274.0,12.0,0.0,0.0,,5023.0,7225.0,0.0,286.0,0.0,286.0,286.0,0.0
icons,0.9.0,2026-06-24,ok,18432.0,29.0,0.0,175.0,175.0,0.0,90.0,85.0,0.0,0.0,,1231.0,1762.0,0.0,175.0,0.0,175.0,175.0,0.0
huginn_agent,0.6.4,2026-04-05,ok,14848.0,9.0,0.0,32.0,32.0,0.0,29.0,3.0,0.0,0.0,,259.0,318.0,0.0,32.0,0.0,32.0,32.0,0.0
google-apis-cloudresourcemanager_v3,0.63.0,2026-08-09,ok,44544.0,6.0,0.0,526.0,526.0,0.0,525.0,0.0,1.0,0.0,,2278.0,5909.0,0.0,526.0,0.0,526.0,526.0,0.0
gitlab-rspec-metrics-exporter,0.2.0,2026-05-27,ok,11776.0,9.0,0.0,72.0,72.0,0.0,34.0,38.0,0.0,0.0,,391.0,647.0,0.0,72.0,0.0,72.0,72.0,0.0
rubocop-discourse-base,1.0.0,2025-12-09,ok,8192.0,2.0,0.0,0.0,0.0,0.0,0.0,0.0,0.0,0.0,,14.0,21.0,0.0,0.0,0.0,0.0,0.0,0.0
mustache-sinatra,2.0.0,2023-03-13,ok,10240.0,3.0,0.0,5.0,5.0,0.0,5.0,0.0,0.0,0.0,,97.0,177.0,0.0,5.0,0.0,5.0,5.0,0.0
refrigerator,1.9.0,2026-03-15,ok,13312.0,1.0,0.0,2.0,2.0,0.0,2.0,0.0,0.0,0.0,,29.0,48.0,0.0,2.0,0.0,2.0,2.0,0.0
rubocop-openproject,0.7.1,2026-08-06,ok,14336.0,12.0,0.0,32.0,32.0,0.0,10.0,22.0,0.0,0.0,,344.0,694.0,0.0,32.0,0.0,32.0,32.0,0.0
diaspora_federation-test,1.2.0,2026-04-06,ok,6656.0,1.0,0.0,0.0,0.0,0.0,0.0,0.0,0.0,0.0,,7.0,13.0,0.0,0.0,0.0,0.0,0.0,0.0
langfuse-ruby,0.2.0,2026-07-20,ok,60928.0,16.0,0.0,386.0,386.0,0.0,317.0,68.0,1.0,0.0,,3014.0,3778.0,0.0,386.0,0.0,386.0,386.0,0.0
js_image_paths,0.2.0,2022-07-17,ok,6144.0,5.0,0.0,4.0,4.0,0.0,4.0,0.0,0.0,0.0,,46.0,59.0,0.0,4.0,0.0,4.0,4.0,0.0
jgeoip,0.2.5,2014-03-17,ok,12288.0,2.0,0.0,0.0,0.0,0.0,0.0,0.0,0.0,0.0,,7.0,11.0,0.0,0.0,0.0,0.0,0.0,0.0
autoforme,1.15.0,2026-03-04,ok,31744.0,13.0,0.0,226.0,226.0,0.0,211.0,15.0,0.0,0.0,,1760.0,2378.0,0.0,226.0,0.0,226.0,226.0,0.0
email_typo,0.2.3,2020-11-09,ok,15360.0,22.0,0.0,4.0,4.0,0.0,4.0,0.0,0.0,0.0,,216.0,291.0,0.0,4.0,0.0,4.0,4.0,0.0
rack3-brotli,1.0.1,2024-02-28,ok,6144.0,3.0,0.0,7.0,7.0,0.0,7.0,0.0,0.0,0.0,,83.0,129.0,0.0,7.0,0.0,7.0,7.0,0.0
diaspora_federation-json_schema,1.2.0,2026-04-06,ok,6144.0,1.0,0.0,1.0,1.0,0.0,1.0,0.0,0.0,0.0,,12.0,20.0,0.0,1.0,0.0,1.0,1.0,0.0
inst_llm,0.2.4,2024-04-29,ok,7168.0,11.0,0.0,37.0,37.0,0.0,25.0,12.0,0.0,0.0,,332.0,424.0,0.0,37.0,0.0,37.0,37.0,0.0
supermodel,0.1.6,2011-08-26,ok,11264.0,14.0,0.0,123.0,123.0,0.0,96.0,5.0,22.0,0.0,,697.0,870.0,0.0,123.0,0.0,123.0,123.0,0.0
sqlite_ext,1.5.0,2016-06-28,ok,11264.0,4.0,0.0,17.0,17.0,0.0,12.0,5.0,0.0,0.0,,148.0,300.0,0.0,17.0,0.0,17.0,17.0,0.0
octopress-date-format,3.0.3,2015-05-26,ok,7680.0,2.0,0.0,15.0,15.0,0.0,15.0,0.0,0.0,0.0,,137.0,163.0,0.0,15.0,0.0,15.0,15.0,0.0
tty-markdown-meinac,0.7.2,2026-06-19,ok,20480.0,12.0,0.0,114.0,118.0,0.0,42.0,72.0,0.0,0.0,,833.0,2281.0,0.0,114.0,0.0,114.0,114.0,0.0
cocoapods_debug,0.1.0,2016-02-25,ok,7680.0,5.0,0.0,1.0,1.0,0.0,1.0,0.0,0.0,0.0,,17.0,24.0,0.0,1.0,0.0,1.0,1.0,0.0
sidekiq-pro,0.0.3,2017-05-18,ok,6656.0,2.0,0.0,0.0,0.0,0.0,0.0,0.0,0.0,0.0,,10.0,14.0,0.0,0.0,0.0,0.0,0.0,0.0
toon-ruby,0.1.1,2025-10-27,ok,11776.0,7.0,0.0,35.0,35.0,0.0,35.0,0.0,0.0,32.0,,405.0,552.0,0.0,35.0,0.0,35.0,35.0,0.0
hanami-db,3.0.0,2026-07-01,ok,8704.0,8.0,0.0,11.0,11.0,0.0,8.0,3.0,0.0,0.0,,124.0,225.0,0.0,11.0,0.0,11.0,11.0,0.0
ractor-dispatch,0.3.0,2026-09-03,ok,8192.0,4.0,0.0,13.0,13.0,0.0,12.0,1.0,0.0,0.0,,119.0,151.0,0.0,13.0,0.0,13.0,13.0,0.0
rubinius-coverage,2.1,2016-05-07,ok,8704.0,2.0,0.0,29.0,29.0,0.0,29.0,0.0,0.0,0.0,,148.0,194.0,0.0,29.0,0.0,29.0,29.0,0.0
landlock,0.5.1,2026-09-09,ok,32256.0,16.0,4.0,121.0,110.0,11.0,121.0,0.0,0.0,83.0,c,1483.0,1746.0,0.0,121.0,0.0,121.0,121.0,0.0
rubinius-developer_tools,2.0.0,2013-10-15,ok,4608.0,0.0,0.0,0.0,0.0,0.0,0.0,0.0,0.0,0.0,,0.0,0.0,0.0,0.0,0.0,0.0,0.0,0.0
selenium_statistics,0.3.0,2019-01-04,ok,8704.0,4.0,0.0,16.0,16.0,0.0,15.0,1.0,0.0,0.0,,140.0,222.0,0.0,16.0,0.0,16.0,16.0,0.0
alterity,1.4.2,2022-01-25,ok,9728.0,6.0,0.0,12.0,12.0,0.0,8.0,4.0,0.0,0.0,,185.0,235.0,0.0,12.0,0.0,12.0,12.0,0.0
jruby-jars,10.1.1.0,2026-07-22,ok,41406464.0,2.0,0.0,2.0,2.0,0.0,2.0,0.0,0.0,0.0,,14.0,19.0,0.0,2.0,0.0,2.0,2.0,0.0
guard-ronn,2.1.0,2015-12-14,ok,7680.0,5.0,0.0,18.0,18.0,0.0,11.0,7.0,0.0,0.0,,107.0,147.0,0.0,18.0,0.0,18.0,18.0,0.0
enum_csv,1.2.0,2023-09-19,ok,6656.0,1.0,0.0,1.0,1.0,0.0,1.0,0.0,0.0,0.0,,30.0,51.0,0.0,1.0,0.0,1.0,1.0,0.0
pirate_weather_forecast_ruby,0.1.0,2023-09-11,ok,20480.0,3.0,0.0,13.0,13.0,0.0,12.0,1.0,0.0,0.0,,51.0,105.0,0.0,13.0,0.0,13.0,13.0,0.0
omniauth-dropbox2,2.0.6,2026-09-01,ok,7680.0,5.0,0.0,4.0,4.0,0.0,3.0,1.0,0.0,0.0,,65.0,95.0,0.0,4.0,0.0,4.0,4.0,0.0
omniauth-mlh,4.1.1,2026-05-20,ok,11776.0,3.0,0.0,4.0,4.0,0.0,1.0,3.0,0.0,0.0,,76.0,123.0,0.0,4.0,0.0,4.0,4.0,0.0
keela,0.4.1,2026-08-21,ok,25600.0,19.0,0.0,146.0,146.0,0.0,111.0,35.0,0.0,0.0,,876.0,1409.0,0.0,146.0,0.0,146.0,146.0,0.0
capybara-validate_html5,2.1.0,2025-05-06,ok,7168.0,2.0,0.0,8.0,11.0,0.0,7.0,1.0,0.0,0.0,,82.0,119.0,0.0,8.0,0.0,8.0,8.0,0.0
ratatui_ruby,1.5.0,2026-04-19,ok,235008.0,96.0,42.0,681.0,691.0,79.0,658.0,23.0,0.0,0.0,rust,3962.0,14894.0,0.0,681.0,0.0,681.0,681.0,0.0
klogger-logger,1.5.0,2024-09-16,ok,11264.0,12.0,0.0,52.0,52.0,0.0,44.0,8.0,0.0,0.0,,385.0,537.0,0.0,52.0,0.0,52.0,52.0,0.0
gitlab-orbit-proto,0.118.2,2026-09-08,ok,9216.0,4.0,0.0,0.0,0.0,0.0,0.0,0.0,0.0,0.0,,91.0,153.0,0.0,0.0,0.0,0.0,0.0,0.0
by,1.1.0,2024-11-06,ok,13312.0,2.0,0.0,38.0,40.0,0.0,38.0,0.0,0.0,0.0,,285.0,414.0,0.0,38.0,0.0,38.0,38.0,0.0
rodish,2.0.1,2025-06-25,ok,16384.0,21.0,0.0,154.0,155.0,0.0,105.0,49.0,0.0,0.0,,843.0,1494.0,0.0,154.0,0.0,154.0,154.0,0.0
danger-pr-comment,0.1.0,2025-12-25,ok,7168.0,3.0,0.0,4.0,4.0,0.0,2.0,2.0,0.0,0.0,,36.0,52.0,0.0,4.0,0.0,4.0,4.0,0.0
queenbee,1.5.1,2023-12-01,ok,9216.0,16.0,0.0,40.0,40.0,0.0,40.0,0.0,0.0,0.0,,264.0,321.0,0.0,40.0,0.0,40.0,40.0,0.0
smarter_json,1.2.6,2026-07-03,ok,101888.0,10.0,2.0,121.0,120.0,1.0,56.0,65.0,0.0,42.0,c,1758.0,2591.0,0.0,121.0,0.0,121.0,121.0,0.0
paginated_collection,0.3.0,2015-05-27,ok,7168.0,4.0,0.0,4.0,4.0,0.0,4.0,0.0,0.0,0.0,,28.0,38.0,0.0,4.0,0.0,4.0,4.0,0.0
yabeda-actioncable,0.2.2,2025-03-19,ok,7680.0,7.0,0.0,50.0,50.0,0.0,34.0,16.0,0.0,0.0,,316.0,404.0,0.0,50.0,0.0,50.0,50.0,0.0
konfig-config,3.0.0,2024-03-08,ok,8192.0,19.0,0.0,62.0,62.0,0.0,54.0,8.0,0.0,0.0,,384.0,572.0,0.0,62.0,0.0,62.0,62.0,0.0
hanami-devtools,2023.02.16,2023-02-17,ok,16896.0,32.0,0.0,131.0,131.0,0.0,50.0,81.0,0.0,5.0,,1019.0,1485.0,0.0,131.0,0.0,131.0,131.0,0.0
grids,1.2.1,2013-03-07,ok,9728.0,3.0,0.0,9.0,9.0,0.0,2.0,7.0,0.0,0.0,,62.0,79.0,0.0,9.0,0.0,9.0,9.0,0.0
sqlite3-ffi,0.1.8,2026-08-12,ok,33280.0,24.0,0.0,293.0,304.0,0.0,274.0,19.0,0.0,0.0,,2317.0,3538.0,0.0,293.0,0.0,293.0,293.0,0.0
hanami-action,3.0.1,2026-07-02,ok,53760.0,32.0,0.0,261.0,261.0,0.0,197.0,60.0,4.0,0.0,,1745.0,4796.0,0.0,261.0,0.0,261.0,261.0,0.0
markbridge,0.4.1,2026-09-03,ok,89088.0,164.0,0.0,655.0,655.0,0.0,446.0,209.0,0.0,0.0,,5520.0,9845.0,0.0,655.0,0.0,655.0,655.0,0.0
hotcell-core,0.4.1,2026-09-08,ok,22528.0,17.0,0.0,90.0,91.0,0.0,64.0,26.0,0.0,0.0,,593.0,1151.0,0.0,90.0,0.0,90.0,90.0,0.0
hotcell-server,0.4.1,2026-09-08,ok,53760.0,18.0,0.0,250.0,250.0,0.0,137.0,113.0,0.0,0.0,,1819.0,3304.0,0.0,250.0,0.0,250.0,250.0,0.0
canvas_mimetype_fu,,,versions_error:HTTPError,,,,,,,,,,,,,,,,,,,
activestorage-hotcell-server,0.4.1,2026-09-08,ok,20480.0,17.0,0.0,45.0,45.0,0.0,9.0,36.0,0.0,0.0,,509.0,1006.0,0.0,45.0,0.0,45.0,45.0,0.0
rails_structured_logging,,,versions_error:HTTPError,,,,,,,,,,,,,,,,,,,
canvas_http,,,versions_error:HTTPError,,,,,,,,,,,,,,,,,,,
html_text_helper,,,versions_error:HTTPError,,,,,,,,,,,,,,,,,,,
liquid-spec,0.1.0,2026-02-08,ok,4608.0,2.0,0.0,1.0,1.0,0.0,1.0,0.0,0.0,0.0,,8.0,10.0,0.0,1.0,0.0,1.0,1.0,0.0
open_graph_reader,0.9.1,2025-06-20,ok,9999872.0,13.0,0.0,134.0,135.0,0.0,106.0,28.0,0.0,0.0,,826.0,1706.0,0.0,134.0,0.0,134.0,134.0,0.0
onnxruntime,0.11.6,2026-08-12,ok,38808576.0,9.0,0.0,68.0,68.0,0.0,50.0,18.0,0.0,0.0,,937.0,1115.0,0.0,68.0,0.0,68.0,68.0,0.0
discourse_math_bundle,1.0.1,2026-01-02,ok,7380992.0,2.0,0.0,7.0,7.0,0.0,7.0,0.0,0.0,0.0,,51.0,64.0,0.0,7.0,0.0,7.0,7.0,0.0
extralite-bundle,3.0.1,2026-07-21,ok,2762752.0,6.0,11.0,156.0,67.0,89.0,135.0,20.0,1.0,0.0,c,671.0,967.0,0.0,156.0,0.0,156.0,156.0,0.0
discourse_ai-tokenizers,0.4.2,2026-02-27,ok,21583360.0,15.0,0.0,29.0,29.0,0.0,27.0,2.0,0.0,0.0,,319.0,443.0,0.0,29.0,0.0,29.0,29.0,0.0
metasploit-payloads,2.0.253,2026-08-26,ok,57024000.0,4.0,0.0,29.0,29.0,0.0,23.0,6.0,0.0,0.0,,276.0,446.0,0.0,29.0,0.0,29.0,29.0,0.0
chef-powershell,18.6.6,2025-10-31,ok,44967424.0,9.0,0.0,44.0,44.0,0.0,43.0,1.0,0.0,0.0,,375.0,814.0,0.0,44.0,0.0,44.0,44.0,0.0
discourse-emojis,1.0.46,2026-04-22,ok,53465088.0,11.0,0.0,59.0,59.0,0.0,17.0,42.0,0.0,0.0,,1341.0,1598.0,0.0,59.0,0.0,59.0,59.0,0.0
