package,downloads,registry_name,in_stars,in_forks,in_downloads_90pct,sources
microsoft.extensions.dependencyinjection.abstractions,12493950814.0,Microsoft.Extensions.DependencyInjection.Abstractions,True,True,True,stars+forks+downloads
microsoft.extensions.logging.abstractions,12022217678.0,Microsoft.Extensions.Logging.Abstractions,True,True,True,stars+forks+downloads
microsoft.extensions.primitives,11914509581.0,Microsoft.Extensions.Primitives,True,True,True,stars+forks+downloads
microsoft.extensions.options,10789620694.0,Microsoft.Extensions.Options,True,True,True,stars+forks+downloads
microsoft.netcore.platforms,9994246659.0,Microsoft.NETCore.Platforms,True,True,True,stars+forks+downloads
system.diagnostics.diagnosticsource,9990574796.0,System.Diagnostics.DiagnosticSource,True,True,True,stars+forks+downloads
microsoft.extensions.configuration.abstractions,9347055818.0,Microsoft.Extensions.Configuration.Abstractions,True,True,True,stars+forks+downloads
newtonsoft.json,9039911147.0,Newtonsoft.Json,True,True,True,stars+forks+downloads
system.runtime.compilerservices.unsafe,8439658732.0,System.Runtime.CompilerServices.Unsafe,True,True,True,stars+forks+downloads
microsoft.extensions.dependencyinjection,7718816604.0,Microsoft.Extensions.DependencyInjection,True,True,True,stars+forks+downloads
microsoft.extensions.logging,7559206517.0,Microsoft.Extensions.Logging,True,True,True,stars+forks+downloads
microsoft.extensions.configuration,6842061867.0,Microsoft.Extensions.Configuration,True,True,True,stars+forks+downloads
system.threading.tasks.extensions,6731249292.0,System.Threading.Tasks.Extensions,True,True,True,stars+forks+downloads
microsoft.extensions.configuration.binder,6657565856.0,Microsoft.Extensions.Configuration.Binder,True,True,True,stars+forks+downloads
microsoft.extensions.fileproviders.abstractions,6453878994.0,Microsoft.Extensions.FileProviders.Abstractions,True,True,True,stars+forks+downloads
system.memory,6303101504.0,System.Memory,True,True,True,stars+forks+downloads
system.text.json,6259852603.0,System.Text.Json,True,True,True,stars+forks+downloads
system.text.encodings.web,6069101170.0,System.Text.Encodings.Web,True,True,True,stars+forks+downloads
system.buffers,5991057763.0,System.Buffers,True,True,True,stars+forks+downloads
microsoft.csharp,5711679517.0,Microsoft.CSharp,True,True,True,stars+forks+downloads
microsoft.extensions.hosting.abstractions,5274088619.0,Microsoft.Extensions.Hosting.Abstractions,True,True,True,stars+forks+downloads
system.security.cryptography.protecteddata,5071769367.0,System.Security.Cryptography.ProtectedData,True,True,True,stars+forks+downloads
microsoft.netcore.targets,5050957012.0,Microsoft.NETCore.Targets,True,False,True,stars+downloads
system.security.cryptography.cng,4841890492.0,System.Security.Cryptography.Cng,True,True,True,stars+forks+downloads
system.security.principal.windows,4816120074.0,System.Security.Principal.Windows,True,True,True,stars+forks+downloads
system.runtime,4767287329.0,System.Runtime,True,True,True,stars+forks+downloads
microsoft.bcl.asyncinterfaces,4572466627.0,Microsoft.Bcl.AsyncInterfaces,True,True,True,stars+forks+downloads
system.configuration.configurationmanager,4393529930.0,System.Configuration.ConfigurationManager,True,True,True,stars+forks+downloads
system.security.accesscontrol,4340157553.0,System.Security.AccessControl,True,True,True,stars+forks+downloads
microsoft.identitymodel.tokens,4282138082.0,Microsoft.IdentityModel.Tokens,True,True,True,stars+forks+downloads
system.reflection.typeextensions,4203727898.0,System.Reflection.TypeExtensions,True,True,True,stars+forks+downloads
microsoft.identitymodel.logging,4193398299.0,Microsoft.IdentityModel.Logging,False,True,True,forks+downloads
system.collections.immutable,4179828415.0,System.Collections.Immutable,True,True,True,stars+forks+downloads
azure.core,4179177472.0,Azure.Core,True,True,True,stars+forks+downloads
system.io,4033918018.0,System.IO,True,True,True,stars+forks+downloads
system.text.encoding,4014387650.0,System.Text.Encoding,True,True,True,stars+forks+downloads
system.reflection.emit,4013707525.0,System.Reflection.Emit,True,True,True,stars+forks+downloads
system.reflection.emit.lightweight,3987000705.0,System.Reflection.Emit.Lightweight,True,True,True,stars+forks+downloads
system.reflection,3967371942.0,System.Reflection,True,True,True,stars+forks+downloads
system.runtime.extensions,3965758827.0,System.Runtime.Extensions,True,True,True,stars+forks+downloads
system.threading.tasks,3947553189.0,System.Threading.Tasks,True,True,True,stars+forks+downloads
system.reflection.primitives,3918512364.0,System.Reflection.Primitives,True,True,True,stars+forks+downloads
system.resources.resourcemanager,3903420606.0,System.Resources.ResourceManager,True,True,True,stars+forks+downloads
system.globalization,3901225857.0,System.Globalization,True,True,True,stars+forks+downloads
system.identitymodel.tokens.jwt,3898279911.0,System.IdentityModel.Tokens.Jwt,True,True,True,stars+forks+downloads
system.threading,3877522964.0,System.Threading,True,True,True,stars+forks+downloads
system.collections,3869206276.0,System.Collections,True,True,True,stars+forks+downloads
microsoft.extensions.filesystemglobbing,3854893816.0,Microsoft.Extensions.FileSystemGlobbing,True,True,True,stars+forks+downloads
system.diagnostics.debug,3850512843.0,System.Diagnostics.Debug,True,True,True,stars+forks+downloads
microsoft.identitymodel.jsonwebtokens,3813969141.0,Microsoft.IdentityModel.JsonWebTokens,True,True,True,stars+forks+downloads
microsoft.extensions.fileproviders.physical,3769514709.0,Microsoft.Extensions.FileProviders.Physical,True,True,True,stars+forks+downloads
system.linq,3765062709.0,System.Linq,True,True,True,stars+forks+downloads
microsoft.extensions.caching.memory,3741880931.0,Microsoft.Extensions.Caching.Memory,True,True,True,stars+forks+downloads
microsoft.extensions.caching.abstractions,3721895851.0,Microsoft.Extensions.Caching.Abstractions,True,True,True,stars+forks+downloads
system.runtime.interopservices,3670955694.0,System.Runtime.InteropServices,True,True,True,stars+forks+downloads
microsoft.win32.registry,3667881997.0,Microsoft.Win32.Registry,True,True,True,stars+forks+downloads
netstandard.library,3649844578.0,NETStandard.Library,True,True,True,stars+forks+downloads
system.linq.expressions,3648869132.0,System.Linq.Expressions,True,True,True,stars+forks+downloads
system.reflection.emit.ilgeneration,3635974923.0,System.Reflection.Emit.ILGeneration,True,True,True,stars+forks+downloads
system.text.encoding.codepages,3607685878.0,System.Text.Encoding.CodePages,True,True,True,stars+forks+downloads
system.text.regularexpressions,3588203288.0,System.Text.RegularExpressions,True,True,True,stars+forks+downloads
system.runtime.handles,3582876813.0,System.Runtime.Handles,True,True,True,stars+forks+downloads
microsoft.extensions.options.configurationextensions,3571406518.0,Microsoft.Extensions.Options.ConfigurationExtensions,True,True,True,stars+forks+downloads
system.reflection.extensions,3569612252.0,System.Reflection.Extensions,True,True,True,stars+forks+downloads
system.net.http,3564779224.0,System.Net.Http,True,True,True,stars+forks+downloads
microsoft.extensions.configuration.fileextensions,3527045221.0,Microsoft.Extensions.Configuration.FileExtensions,True,True,True,stars+forks+downloads
system.io.filesystem,3491526730.0,System.IO.FileSystem,True,True,True,stars+forks+downloads
microsoft.extensions.dependencymodel,3484947486.0,Microsoft.Extensions.DependencyModel,True,True,True,stars+forks+downloads
system.io.filesystem.primitives,3482418253.0,System.IO.FileSystem.Primitives,True,True,True,stars+forks+downloads
system.reflection.metadata,3482157430.0,System.Reflection.Metadata,True,True,True,stars+forks+downloads
system.objectmodel,3479871945.0,System.ObjectModel,True,True,True,stars+forks+downloads
system.componentmodel.annotations,3363450107.0,System.ComponentModel.Annotations,True,True,True,stars+forks+downloads
system.text.encoding.extensions,3289263151.0,System.Text.Encoding.Extensions,True,True,True,stars+forks+downloads
system.xml.readerwriter,3243106538.0,System.Xml.ReaderWriter,True,True,True,stars+forks+downloads
system.security.permissions,3205243295.0,System.Security.Permissions,True,True,True,stars+forks+downloads
runtime.native.system,3187108702.0,runtime.native.System,True,False,True,stars+downloads
serilog,3164125986.0,Serilog,True,True,True,stars+forks+downloads
system.runtime.interopservices.runtimeinformation,3052817013.0,System.Runtime.InteropServices.RuntimeInformation,True,True,True,stars+forks+downloads
microsoft.extensions.configuration.json,3039313600.0,Microsoft.Extensions.Configuration.Json,True,True,True,stars+forks+downloads
system.xml.xdocument,3038317563.0,System.Xml.XDocument,True,True,True,stars+forks+downloads
system.diagnostics.tools,3031995936.0,System.Diagnostics.Tools,True,True,True,stars+forks+downloads
system.security.cryptography.algorithms,3003894862.0,System.Security.Cryptography.Algorithms,True,True,True,stars+forks+downloads
microsoft.identitymodel.abstractions,3001618967.0,Microsoft.IdentityModel.Abstractions,True,False,True,stars+downloads
system.diagnostics.tracing,2977065209.0,System.Diagnostics.Tracing,True,True,True,stars+forks+downloads
microsoft.identitymodel.protocols.openidconnect,2973968103.0,Microsoft.IdentityModel.Protocols.OpenIdConnect,True,True,True,stars+forks+downloads
system.collections.concurrent,2960923724.0,System.Collections.Concurrent,True,True,True,stars+forks+downloads
system.security.cryptography.x509certificates,2942587113.0,System.Security.Cryptography.X509Certificates,True,True,True,stars+forks+downloads
system.appcontext,2906525225.0,System.AppContext,True,True,True,stars+forks+downloads
microsoft.identitymodel.protocols,2903112266.0,Microsoft.IdentityModel.Protocols,False,False,True,downloads
system.security.cryptography.primitives,2864386308.0,System.Security.Cryptography.Primitives,True,True,True,stars+forks+downloads
system.io.pipelines,2847067242.0,System.IO.Pipelines,True,True,True,stars+forks+downloads
runtime.native.system.security.cryptography.openssl,2845420867.0,runtime.native.System.Security.Cryptography.OpenSsl,True,False,True,stars+downloads
microsoft.extensions.objectpool,2844415404.0,Microsoft.Extensions.ObjectPool,True,True,True,stars+forks+downloads
system.security.cryptography.encoding,2834518995.0,System.Security.Cryptography.Encoding,True,True,True,stars+forks+downloads
system.net.primitives,2820492551.0,System.Net.Primitives,True,True,True,stars+forks+downloads
system.drawing.common,2807606591.0,System.Drawing.Common,True,True,True,stars+forks+downloads
system.runtime.numerics,2790355930.0,System.Runtime.Numerics,True,True,True,stars+forks+downloads
microsoft.aspnetcore.http.features,2784314058.0,Microsoft.AspNetCore.Http.Features,True,True,True,stars+forks+downloads
microsoft.identity.client,2732355934.0,Microsoft.Identity.Client,True,True,True,stars+forks+downloads
runtime.rhel.7-x64.runtime.native.system.security.cryptography.openssl,2725855453.0,runtime.rhel.7-x64.runtime.native.System.Security.Cryptography.OpenSsl,False,False,True,downloads
runtime.opensuse.13.2-x64.runtime.native.system.security.cryptography.openssl,2725854184.0,runtime.opensuse.13.2-x64.runtime.native.System.Security.Cryptography.OpenSsl,False,False,True,downloads
runtime.ubuntu.16.10-x64.runtime.native.system.security.cryptography.openssl,2725200355.0,runtime.ubuntu.16.10-x64.runtime.native.System.Security.Cryptography.OpenSsl,True,False,True,stars+downloads
runtime.ubuntu.14.04-x64.runtime.native.system.security.cryptography.openssl,2725111068.0,runtime.ubuntu.14.04-x64.runtime.native.System.Security.Cryptography.OpenSsl,True,False,True,stars+downloads
runtime.ubuntu.16.04-x64.runtime.native.system.security.cryptography.openssl,2725106031.0,runtime.ubuntu.16.04-x64.runtime.native.System.Security.Cryptography.OpenSsl,False,False,True,downloads
runtime.opensuse.42.1-x64.runtime.native.system.security.cryptography.openssl,2724961125.0,runtime.opensuse.42.1-x64.runtime.native.System.Security.Cryptography.OpenSsl,True,False,True,stars+downloads
runtime.osx.10.10-x64.runtime.native.system.security.cryptography.openssl,2724775383.0,runtime.osx.10.10-x64.runtime.native.System.Security.Cryptography.OpenSsl,False,False,True,downloads
runtime.fedora.23-x64.runtime.native.system.security.cryptography.openssl,2723795305.0,runtime.fedora.23-x64.runtime.native.System.Security.Cryptography.OpenSsl,True,False,True,stars+downloads
system.dynamic.runtime,2723259080.0,System.Dynamic.Runtime,True,True,True,stars+forks+downloads
runtime.fedora.24-x64.runtime.native.system.security.cryptography.openssl,2723026256.0,runtime.fedora.24-x64.runtime.native.System.Security.Cryptography.OpenSsl,True,False,True,stars+downloads
runtime.debian.8-x64.runtime.native.system.security.cryptography.openssl,2722588478.0,runtime.debian.8-x64.runtime.native.System.Security.Cryptography.OpenSsl,True,False,True,stars+downloads
system.globalization.calendars,2672810798.0,System.Globalization.Calendars,True,True,True,stars+forks+downloads
microsoft.extensions.configuration.environmentvariables,2648779126.0,Microsoft.Extensions.Configuration.EnvironmentVariables,True,True,True,stars+forks+downloads
system.security.cryptography.openssl,2629678854.0,System.Security.Cryptography.OpenSsl,True,False,True,stars+downloads
microsoft.win32.primitives,2609520751.0,Microsoft.Win32.Primitives,True,True,True,stars+forks+downloads
microsoft.win32.systemevents,2580375805.0,Microsoft.Win32.SystemEvents,True,False,True,stars+downloads
system.threading.timer,2568574700.0,System.Threading.Timer,True,True,True,stars+forks+downloads
system.diagnostics.eventlog,2566772822.0,System.Diagnostics.EventLog,True,True,True,stars+forks+downloads
runtime.native.system.net.http,2566035841.0,runtime.native.System.Net.Http,True,False,True,stars+downloads
system.globalization.extensions,2565849704.0,System.Globalization.Extensions,False,False,True,downloads
system.security.cryptography.csp,2561592914.0,System.Security.Cryptography.Csp,True,True,True,stars+forks+downloads
microsoft.aspnetcore.http.abstractions,2561314642.0,Microsoft.AspNetCore.Http.Abstractions,True,True,True,stars+forks+downloads
system.numerics.vectors,2530692102.0,System.Numerics.Vectors,True,True,True,stars+forks+downloads
microsoft.extensions.http,2512940188.0,Microsoft.Extensions.Http,True,True,True,stars+forks+downloads
system.console,2486416790.0,System.Console,True,True,True,stars+forks+downloads
microsoft.extensions.logging.configuration,2467065706.0,Microsoft.Extensions.Logging.Configuration,True,True,True,stars+forks+downloads
microsoft.entityframeworkcore,2443406932.0,Microsoft.EntityFrameworkCore,True,True,True,stars+forks+downloads
microsoft.net.http.headers,2440305113.0,Microsoft.Net.Http.Headers,True,True,True,stars+forks+downloads
system.io.compression,2433577399.0,System.IO.Compression,True,True,True,stars+forks+downloads
system.net.sockets,2389318359.0,System.Net.Sockets,True,True,True,stars+forks+downloads
microsoft.entityframeworkcore.abstractions,2328895601.0,Microsoft.EntityFrameworkCore.Abstractions,True,True,True,stars+forks+downloads
microsoft.entityframeworkcore.relational,2328854590.0,Microsoft.EntityFrameworkCore.Relational,True,True,True,stars+forks+downloads
system.runtime.serialization.primitives,2320086602.0,System.Runtime.Serialization.Primitives,True,True,True,stars+forks+downloads
system.io.compression.zipfile,2304153435.0,System.IO.Compression.ZipFile,True,True,True,stars+forks+downloads
microsoft.aspnetcore.http,2298112355.0,Microsoft.AspNetCore.Http,True,True,True,stars+forks+downloads
system.security.cryptography.pkcs,2270835903.0,System.Security.Cryptography.Pkcs,True,True,True,stars+forks+downloads
runtime.native.system.io.compression,2261272582.0,runtime.native.System.IO.Compression,True,False,True,stars+downloads
microsoft.entityframeworkcore.analyzers,2214075750.0,Microsoft.EntityFrameworkCore.Analyzers,False,False,True,downloads
system.windows.extensions,2186296111.0,System.Windows.Extensions,True,False,True,stars+downloads
microsoft.aspnetcore.webutilities,2162029594.0,Microsoft.AspNetCore.WebUtilities,True,True,True,stars+forks+downloads
system.componentmodel,2101237751.0,System.ComponentModel,True,True,True,stars+forks+downloads
microsoft.aspnetcore.hosting.abstractions,2043998528.0,Microsoft.AspNetCore.Hosting.Abstractions,True,True,True,stars+forks+downloads
microsoft.aspnetcore.hosting.server.abstractions,2031231073.0,Microsoft.AspNetCore.Hosting.Server.Abstractions,True,True,True,stars+forks+downloads
awssdk.core,1987604373.0,AWSSDK.Core,True,True,True,stars+forks+downloads
microsoft.testplatform.objectmodel,1977520914.0,Microsoft.TestPlatform.ObjectModel,True,True,True,stars+forks+downloads
microsoft.aspnetcore.http.extensions,1938984187.0,Microsoft.AspNetCore.Http.Extensions,True,True,True,stars+forks+downloads
azure.identity,1931558283.0,Azure.Identity,True,True,True,stars+forks+downloads
system.collections.nongeneric,1922209574.0,System.Collections.NonGeneric,False,True,True,forks+downloads
runtime.native.system.security.cryptography.apple,1917009403.0,runtime.native.System.Security.Cryptography.Apple,False,False,True,downloads
runtime.osx.10.10-x64.runtime.native.system.security.cryptography.apple,1912546980.0,runtime.osx.10.10-x64.runtime.native.System.Security.Cryptography.Apple,False,False,True,downloads
system.memory.data,1897237345.0,System.Memory.Data,True,True,True,stars+forks+downloads
microsoft.codeanalysis.common,1876890420.0,Microsoft.CodeAnalysis.Common,True,True,True,stars+forks+downloads
microsoft.net.test.sdk,1815864107.0,Microsoft.NET.Test.Sdk,True,True,True,stars+forks+downloads
system.xml.xmldocument,1812669948.0,System.Xml.XmlDocument,True,True,True,stars+forks+downloads
microsoft.codecoverage,1787111981.0,Microsoft.CodeCoverage,True,True,True,stars+forks+downloads
microsoft.codeanalysis.csharp,1772531317.0,Microsoft.CodeAnalysis.CSharp,True,True,True,stars+forks+downloads
microsoft.extensions.diagnostics.abstractions,1756513994.0,Microsoft.Extensions.Diagnostics.Abstractions,False,False,True,downloads
microsoft.testplatform.testhost,1753574461.0,Microsoft.TestPlatform.TestHost,False,False,True,downloads
microsoft.extensions.logging.console,1723953785.0,Microsoft.Extensions.Logging.Console,True,True,True,stars+forks+downloads
microsoft.identity.client.extensions.msal,1711223124.0,Microsoft.Identity.Client.Extensions.Msal,True,True,True,stars+forks+downloads
castle.core,1701747433.0,Castle.Core,True,True,True,stars+forks+downloads
system.security.cryptography.xml,1673878841.0,System.Security.Cryptography.Xml,True,True,True,stars+forks+downloads
microsoft.codeanalysis.analyzers,1666605617.0,Microsoft.CodeAnalysis.Analyzers,True,True,True,stars+forks+downloads
system.collections.specialized,1625153987.0,System.Collections.Specialized,False,True,True,forks+downloads
polly,1606018783.0,Polly,True,True,True,stars+forks+downloads
microsoft.aspnetcore.authorization,1604352596.0,Microsoft.AspNetCore.Authorization,True,True,True,stars+forks+downloads
microsoft.openapi,1590495167.0,Microsoft.OpenApi,True,True,True,stars+forks+downloads
microsoft.extensions.logging.debug,1576564761.0,Microsoft.Extensions.Logging.Debug,True,True,True,stars+forks+downloads
microsoft.data.sqlclient,1550564088.0,Microsoft.Data.SqlClient,True,True,True,stars+forks+downloads
microsoft.extensions.configuration.usersecrets,1550515771.0,Microsoft.Extensions.Configuration.UserSecrets,True,True,True,stars+forks+downloads
system.threading.thread,1546088155.0,System.Threading.Thread,True,True,True,stars+forks+downloads
system.threading.channels,1543968265.0,System.Threading.Channels,True,True,True,stars+forks+downloads
microsoft.extensions.hosting,1539682912.0,Microsoft.Extensions.Hosting,True,True,True,stars+forks+downloads
microsoft.aspnetcore.jsonpatch,1521251522.0,Microsoft.AspNetCore.JsonPatch,False,True,True,forks+downloads
swashbuckle.aspnetcore.swaggergen,1510187810.0,Swashbuckle.AspNetCore.SwaggerGen,True,True,True,stars+forks+downloads
system.componentmodel.primitives,1506425971.0,System.ComponentModel.Primitives,True,True,True,stars+forks+downloads
system.componentmodel.typeconverter,1505198406.0,System.ComponentModel.TypeConverter,True,True,True,stars+forks+downloads
swashbuckle.aspnetcore.swagger,1491419534.0,Swashbuckle.AspNetCore.Swagger,False,False,True,downloads
system.formats.asn1,1480421140.0,System.Formats.Asn1,True,True,True,stars+forks+downloads
microsoft.extensions.configuration.commandline,1478165738.0,Microsoft.Extensions.Configuration.CommandLine,True,True,True,stars+forks+downloads
microsoft.dotnet.platformabstractions,1478160457.0,Microsoft.DotNet.PlatformAbstractions,True,True,True,stars+forks+downloads
system.codedom,1460392209.0,System.CodeDom,True,True,True,stars+forks+downloads
system.runtime.caching,1410754332.0,System.Runtime.Caching,True,True,True,stars+forks+downloads
google.protobuf,1405145607.0,Google.Protobuf,True,True,True,stars+forks+downloads
system.valuetuple,1384641967.0,System.ValueTuple,True,True,True,stars+forks+downloads
newtonsoft.json.bson,1377381256.0,Newtonsoft.Json.Bson,True,True,True,stars+forks+downloads
microsoft.aspnetcore.cryptography.internal,1373504107.0,Microsoft.AspNetCore.Cryptography.Internal,True,True,True,stars+forks+downloads
microsoft.extensions.logging.eventsource,1341113661.0,Microsoft.Extensions.Logging.EventSource,False,True,True,forks+downloads
system.threading.threadpool,1323560164.0,System.Threading.ThreadPool,False,False,True,downloads
microsoft.aspnetcore.authentication.jwtbearer,1306282487.0,Microsoft.AspNetCore.Authentication.JwtBearer,True,True,True,stars+forks+downloads
microsoft.applicationinsights,1299962531.0,Microsoft.ApplicationInsights,True,True,True,stars+forks+downloads
system.security.principal,1290786306.0,System.Security.Principal,False,True,True,forks+downloads
nuget.frameworks,1285455759.0,NuGet.Frameworks,True,True,True,stars+forks+downloads
swashbuckle.aspnetcore.swaggerui,1283448490.0,Swashbuckle.AspNetCore.SwaggerUI,True,True,True,stars+forks+downloads
system.security.claims,1276578916.0,System.Security.Claims,True,True,True,stars+forks+downloads
system.diagnostics.tracesource,1257432548.0,System.Diagnostics.TraceSource,True,True,True,stars+forks+downloads
system.diagnostics.performancecounter,1248736064.0,System.Diagnostics.PerformanceCounter,True,True,True,stars+forks+downloads
system.clientmodel,1237712374.0,System.ClientModel,False,True,True,forks+downloads
system.data.sqlclient,1235944295.0,System.Data.SqlClient,True,True,True,stars+forks+downloads
xunit.extensibility.core,1233317998.0,xunit.extensibility.core,True,True,True,stars+forks+downloads
microsoft.extensions.logging.eventlog,1230939250.0,Microsoft.Extensions.Logging.EventLog,True,True,True,stars+forks+downloads
moq,1210973840.0,Moq,True,True,True,stars+forks+downloads
microsoft.aspnetcore.routing.abstractions,1210061756.0,Microsoft.AspNetCore.Routing.Abstractions,False,True,True,forks+downloads
microsoft.aspnetcore.routing,1193119746.0,Microsoft.AspNetCore.Routing,False,True,True,forks+downloads
swashbuckle.aspnetcore,1193004641.0,Swashbuckle.AspNetCore,True,True,True,stars+forks+downloads
serilog.sinks.file,1192631166.0,Serilog.Sinks.File,True,True,True,stars+forks+downloads
microsoft.data.sqlclient.sni.runtime,1186047014.0,Microsoft.Data.SqlClient.SNI.runtime,False,False,True,downloads
serilog.sinks.console,1175557867.0,Serilog.Sinks.Console,True,True,True,stars+forks+downloads
stackexchange.redis,1173904021.0,StackExchange.Redis,True,True,True,stars+forks+downloads
microsoft.extensions.apidescription.server,1160153781.0,Microsoft.Extensions.ApiDescription.Server,True,True,True,stars+forks+downloads
microsoft.aspnetcore.authentication.abstractions,1152675316.0,Microsoft.AspNetCore.Authentication.Abstractions,False,False,True,downloads
xunit.extensibility.execution,1147208099.0,xunit.extensibility.execution,True,True,True,stars+forks+downloads
grpc.core.api,1141748390.0,Grpc.Core.Api,True,True,True,stars+forks+downloads
microsoft.extensions.diagnostics.healthchecks.abstractions,1137349617.0,Microsoft.Extensions.Diagnostics.HealthChecks.Abstractions,False,False,True,downloads
microsoft.extensions.diagnostics,1134548379.0,Microsoft.Extensions.Diagnostics,False,False,True,downloads
microsoft.extensions.diagnostics.healthchecks,1133993538.0,Microsoft.Extensions.Diagnostics.HealthChecks,False,True,True,forks+downloads
automapper,1133570592.0,AutoMapper,True,True,True,stars+forks+downloads
microsoft.aspnetcore.dataprotection.abstractions,1116853934.0,Microsoft.AspNetCore.DataProtection.Abstractions,True,True,True,stars+forks+downloads
microsoft.aspnetcore.mvc.abstractions,1102411331.0,Microsoft.AspNetCore.Mvc.Abstractions,False,False,True,downloads
microsoft.aspnetcore.authentication.core,1100915724.0,Microsoft.AspNetCore.Authentication.Core,False,True,True,forks+downloads
microsoft.aspnetcore.dataprotection,1099013319.0,Microsoft.AspNetCore.DataProtection,True,True,True,stars+forks+downloads
serilog.extensions.logging,1098917893.0,Serilog.Extensions.Logging,True,True,True,stars+forks+downloads
microsoft.aspnetcore.mvc.core,1089722987.0,Microsoft.AspNetCore.Mvc.Core,False,False,True,downloads
microsoft.net.sdk.aspire.manifest-8.0.100,1083190393.0,Microsoft.NET.Sdk.Aspire.Manifest-8.0.100,False,False,True,downloads
system.runtime.serialization.formatters,1067300313.0,System.Runtime.Serialization.Formatters,True,True,True,stars+forks+downloads
xunit.core,1066302378.0,xunit.core,True,True,True,stars+forks+downloads
runtime.native.system.data.sqlclient.sni,1061054179.0,runtime.native.System.Data.SqlClient.sni,False,False,True,downloads
xunit.abstractions,1059282909.0,xunit.abstractions,True,True,True,stars+forks+downloads
humanizer.core,1057538780.0,Humanizer.Core,True,True,True,stars+forks+downloads
xunit.assert,1041804177.0,xunit.assert,True,True,True,stars+forks+downloads
xunit.runner.visualstudio,1036404162.0,xunit.runner.visualstudio,True,True,True,stars+forks+downloads
fluentvalidation,1032402134.0,FluentValidation,True,True,True,stars+forks+downloads
microsoft.entityframeworkcore.design,1027709358.0,Microsoft.EntityFrameworkCore.Design,True,True,True,stars+forks+downloads
xunit,1018725772.0,xunit,True,True,True,stars+forks+downloads
coverlet.collector,1014260780.0,coverlet.collector,True,True,True,stars+forks+downloads
system.net.nameresolution,1008514031.0,System.Net.NameResolution,True,True,True,stars+forks+downloads
xunit.analyzers,1004114416.0,xunit.analyzers,True,True,True,stars+forks+downloads
microsoft.aspnet.webapi.client,1003655352.0,Microsoft.AspNet.WebApi.Client,True,True,True,stars+forks+downloads
microsoft.entityframeworkcore.sqlserver,1000360853.0,Microsoft.EntityFrameworkCore.SqlServer,True,True,True,stars+forks+downloads
system.io.filesystem.accesscontrol,992641581.0,System.IO.FileSystem.AccessControl,True,True,True,stars+forks+downloads
serilog.settings.configuration,967001982.0,Serilog.Settings.Configuration,True,True,True,stars+forks+downloads
microsoft.aspnetcore.authorization.policy,962694068.0,Microsoft.AspNetCore.Authorization.Policy,False,True,True,forks+downloads
npgsql,959449516.0,Npgsql,True,True,True,stars+forks+downloads
serilog.formatting.compact,952202198.0,Serilog.Formatting.Compact,False,True,True,forks+downloads
system.runtime.loader,947964624.0,System.Runtime.Loader,True,True,True,stars+forks+downloads
system.xml.xmlserializer,934869753.0,System.Xml.XmlSerializer,False,False,True,downloads
microsoft.aspnetcore.responsecaching.abstractions,910516161.0,Microsoft.AspNetCore.ResponseCaching.Abstractions,False,True,True,forks+downloads
pipelines.sockets.unofficial,897805201.0,Pipelines.Sockets.Unofficial,True,True,True,stars+forks+downloads
system.diagnostics.process,883426677.0,System.Diagnostics.Process,True,True,True,stars+forks+downloads
grpc.net.common,870638886.0,Grpc.Net.Common,False,False,True,downloads
system.xml.xpath,863443722.0,System.Xml.XPath,True,True,True,stars+forks+downloads
microsoft.codeanalysis.workspaces.common,862956035.0,Microsoft.CodeAnalysis.Workspaces.Common,True,True,True,stars+forks+downloads
system.private.datacontractserialization,859501361.0,System.Private.DataContractSerialization,False,False,True,downloads
grpc.net.client,856600228.0,Grpc.Net.Client,True,True,True,stars+forks+downloads
runtime.native.system.security.cryptography,853753538.0,runtime.native.System.Security.Cryptography,False,False,True,downloads
system.threading.tasks.dataflow,852939508.0,System.Threading.Tasks.Dataflow,True,True,True,stars+forks+downloads
serilog.extensions.hosting,847510240.0,Serilog.Extensions.Hosting,True,True,True,stars+forks+downloads
microsoft.codeanalysis.csharp.workspaces,838524684.0,Microsoft.CodeAnalysis.CSharp.Workspaces,True,True,True,stars+forks+downloads
azure.storage.common,823033063.0,Azure.Storage.Common,True,True,True,stars+forks+downloads
microsoft.aspnetcore.mvc.newtonsoftjson,820978818.0,Microsoft.AspNetCore.Mvc.NewtonsoftJson,True,True,True,stars+forks+downloads
microsoft.net.workload.mono.toolchain.current.manifest-8.0.100,818059238.0,Microsoft.NET.Workload.Mono.ToolChain.Current.Manifest-8.0.100,False,False,True,downloads
microsoft.net.workload.emscripten.current.manifest-8.0.100,817831455.0,Microsoft.NET.Workload.Emscripten.Current.Manifest-8.0.100,False,False,True,downloads
microsoft.net.workload.emscripten.net7.manifest-8.0.100,817487346.0,Microsoft.NET.Workload.Emscripten.net7.Manifest-8.0.100,False,False,True,downloads
microsoft.net.workload.mono.toolchain.net7.manifest-8.0.100,816999963.0,Microsoft.NET.Workload.Mono.ToolChain.net7.Manifest-8.0.100,False,False,True,downloads
microsoft.net.workload.emscripten.net6.manifest-8.0.100,816638092.0,Microsoft.NET.Workload.Emscripten.net6.Manifest-8.0.100,False,False,True,downloads
microsoft.net.workload.mono.toolchain.net6.manifest-8.0.100,816105686.0,Microsoft.NET.Workload.Mono.ToolChain.net6.Manifest-8.0.100,False,False,True,downloads
system.composition,812795468.0,System.Composition,True,True,True,stars+forks+downloads
system.composition.attributedmodel,806535003.0,System.Composition.AttributedModel,True,True,True,stars+forks+downloads
system.composition.hosting,805301729.0,System.Composition.Hosting,True,True,True,stars+forks+downloads
system.composition.runtime,804959999.0,System.Composition.Runtime,True,True,True,stars+forks+downloads
system.composition.typedparts,804753829.0,System.Composition.TypedParts,True,True,True,stars+forks+downloads
system.composition.convention,803697716.0,System.Composition.Convention,True,True,True,stars+forks+downloads
opentelemetry.api,797888981.0,OpenTelemetry.Api,True,True,True,stars+forks+downloads
microsoft.aspnetcore.hosting,790389904.0,Microsoft.AspNetCore.Hosting,True,True,True,stars+forks+downloads
serilog.aspnetcore,785385527.0,Serilog.AspNetCore,True,True,True,stars+forks+downloads
microsoft.net.sdk.ios.manifest-8.0.100,773764832.0,Microsoft.NET.Sdk.iOS.Manifest-8.0.100,False,False,True,downloads
microsoft.net.sdk.android.manifest-8.0.100,772709607.0,Microsoft.NET.Sdk.Android.Manifest-8.0.100,False,False,True,downloads
microsoft.net.sdk.macos.manifest-8.0.100,772574820.0,Microsoft.NET.Sdk.macOS.Manifest-8.0.100,False,False,True,downloads
microsoft.net.sdk.maccatalyst.manifest-8.0.100,772566786.0,Microsoft.NET.Sdk.MacCatalyst.Manifest-8.0.100,False,False,True,downloads
microsoft.net.sdk.tvos.manifest-8.0.100,772223456.0,Microsoft.NET.Sdk.tvOS.Manifest-8.0.100,False,False,True,downloads
microsoft.net.sdk.maui.manifest-8.0.100,772053972.0,Microsoft.NET.Sdk.Maui.Manifest-8.0.100,False,False,True,downloads
azure.storage.blobs,764198799.0,Azure.Storage.Blobs,True,True,True,stars+forks+downloads
microsoft.extensions.webencoders,758307821.0,Microsoft.Extensions.WebEncoders,False,False,True,downloads
fluentassertions,756222186.0,FluentAssertions,True,True,True,stars+forks+downloads
dapper,749832501.0,Dapper,True,True,True,stars+forks+downloads
system.io.hashing,748720875.0,System.IO.Hashing,True,True,True,stars+forks+downloads
serilog.sinks.debug,746914322.0,Serilog.Sinks.Debug,True,True,True,stars+forks+downloads
microsoft.aspnetcore.razor.language,743539503.0,Microsoft.AspNetCore.Razor.Language,True,True,True,stars+forks+downloads
runtime.win-x86.runtime.native.system.data.sqlclient.sni,741492423.0,runtime.win-x86.runtime.native.System.Data.SqlClient.sni,False,False,True,downloads
runtime.win-x64.runtime.native.system.data.sqlclient.sni,741466033.0,runtime.win-x64.runtime.native.System.Data.SqlClient.sni,False,False,True,downloads
runtime.win-arm64.runtime.native.system.data.sqlclient.sni,741237495.0,runtime.win-arm64.runtime.native.System.Data.SqlClient.sni,False,False,True,downloads
microsoft.build.framework,739388810.0,Microsoft.Build.Framework,True,True,True,stars+forks+downloads
system.servicemodel.primitives,737438490.0,System.ServiceModel.Primitives,True,True,True,stars+forks+downloads
system.diagnostics.stacktrace,717060645.0,System.Diagnostics.StackTrace,True,True,True,stars+forks+downloads
microsoft.extensions.localization.abstractions,715515359.0,Microsoft.Extensions.Localization.Abstractions,False,False,True,downloads
system.private.uri,713483048.0,System.Private.Uri,True,True,True,stars+forks+downloads
system.threading.overlapped,710956571.0,System.Threading.Overlapped,False,False,True,downloads
system.runtime.serialization.json,710798189.0,System.Runtime.Serialization.Json,False,False,True,downloads
system.linq.queryable,705686017.0,System.Linq.Queryable,True,True,True,stars+forks+downloads
microsoft.azure.amqp,700615782.0,Microsoft.Azure.Amqp,False,True,True,forks+downloads
microsoft.aspnetcore.mvc.formatters.json,699584233.0,Microsoft.AspNetCore.Mvc.Formatters.Json,False,False,True,downloads
microsoft.codeanalysis.razor,698863209.0,Microsoft.CodeAnalysis.Razor,True,True,True,stars+forks+downloads
azure.security.keyvault.secrets,693165002.0,Azure.Security.KeyVault.Secrets,True,True,True,stars+forks+downloads
nunit,686366137.0,NUnit,True,True,True,stars+forks+downloads
csvhelper,679050189.0,CsvHelper,True,True,True,stars+forks+downloads
system.net.webheadercollection,675664270.0,System.Net.WebHeaderCollection,False,False,True,downloads
microsoft.applicationinsights.perfcountercollector,670209097.0,Microsoft.ApplicationInsights.PerfCounterCollector,True,True,True,stars+forks+downloads
system.reflection.dispatchproxy,669769645.0,System.Reflection.DispatchProxy,False,False,True,downloads
microsoft.applicationinsights.dependencycollector,666934385.0,Microsoft.ApplicationInsights.DependencyCollector,True,True,True,stars+forks+downloads
system.net.security,657506888.0,System.Net.Security,True,True,True,stars+forks+downloads
microsoft.applicationinsights.windowsserver.telemetrychannel,651736407.0,Microsoft.ApplicationInsights.WindowsServer.TelemetryChannel,True,True,True,stars+forks+downloads
awssdk.s3,643207737.0,AWSSDK.S3,True,True,True,stars+forks+downloads
opentelemetry,642718107.0,OpenTelemetry,True,True,True,stars+forks+downloads
microsoft.applicationinsights.windowsserver,641167328.0,Microsoft.ApplicationInsights.WindowsServer,True,True,True,stars+forks+downloads
microsoft.rest.clientruntime,638653701.0,Microsoft.Rest.ClientRuntime,False,True,True,forks+downloads
microsoft.entityframeworkcore.tools,632428727.0,Microsoft.EntityFrameworkCore.Tools,True,True,True,stars+forks+downloads
microsoft.aspnetcore.authentication.openidconnect,622557299.0,Microsoft.AspNetCore.Authentication.OpenIdConnect,True,True,True,stars+forks+downloads
polly.core,618460041.0,Polly.Core,True,False,True,stars+downloads
nlog,614656580.0,NLog,True,True,True,stars+forks+downloads
microsoft.sqlserver.server,614199979.0,Microsoft.SqlServer.Server,False,False,True,downloads
opentelemetry.api.providerbuilderextensions,604767008.0,OpenTelemetry.Api.ProviderBuilderExtensions,True,True,True,stars+forks+downloads
microsoft.extensions.localization,604698937.0,Microsoft.Extensions.Localization,True,True,True,stars+forks+downloads
microsoft.aspnetcore.connections.abstractions,604417429.0,Microsoft.AspNetCore.Connections.Abstractions,True,True,True,stars+forks+downloads
microsoft.azure.webjobs,603926994.0,Microsoft.Azure.WebJobs,False,True,True,forks+downloads
microsoft.identitymodel.clients.activedirectory,594542020.0,Microsoft.IdentityModel.Clients.ActiveDirectory,False,True,True,forks+downloads
system.net.requests,593461546.0,System.Net.Requests,True,True,True,stars+forks+downloads
microsoft.extensions.http.polly,587270347.0,Microsoft.Extensions.Http.Polly,True,True,True,stars+forks+downloads
restsharp,585784056.0,RestSharp,True,True,True,stars+forks+downloads
system.security.securestring,580294298.0,System.Security.SecureString,False,True,True,forks+downloads
google.apis.auth,579109364.0,Google.Apis.Auth,True,True,True,stars+forks+downloads
system.management,579065775.0,System.Management,True,True,True,stars+forks+downloads
autofac,570256487.0,Autofac,True,True,True,stars+forks+downloads
microsoft.azure.webjobs.core,563419035.0,Microsoft.Azure.WebJobs.Core,False,False,True,downloads
microsoft.aspnetcore.metadata,561164096.0,Microsoft.AspNetCore.Metadata,False,False,True,downloads
google.apis.core,554953849.0,Google.Apis.Core,False,False,True,downloads
google.apis,552650751.0,Google.Apis,False,False,True,downloads
nunit3testadapter,551898587.0,NUnit3TestAdapter,True,True,True,stars+forks+downloads
microsoft.aspnetcore.testhost,545342495.0,Microsoft.AspNetCore.TestHost,True,True,True,stars+forks+downloads
yamldotnet,544916293.0,YamlDotNet,True,True,True,stars+forks+downloads
runtime.native.system.net.security,539218732.0,runtime.native.System.Net.Security,False,False,True,downloads
microsoft.aspnetcore.app.ref,538729593.0,Microsoft.AspNetCore.App.Ref,True,True,True,stars+forks+downloads
system.io.packaging,536758839.0,System.IO.Packaging,True,True,True,stars+forks+downloads
microsoft.extensions.logging.applicationinsights,534364259.0,Microsoft.Extensions.Logging.ApplicationInsights,False,False,True,downloads
system.xml.xpath.xmldocument,533557028.0,System.Xml.XPath.XmlDocument,True,True,True,stars+forks+downloads
system.private.servicemodel,532586818.0,System.Private.ServiceModel,True,True,True,stars+forks+downloads
mono.texttemplating,528118041.0,Mono.TextTemplating,True,True,True,stars+forks+downloads
microsoft.bcl.hashcode,522503728.0,Microsoft.Bcl.HashCode,True,True,True,stars+forks+downloads
system.servicemodel.http,512156724.0,System.ServiceModel.Http,True,True,True,stars+forks+downloads
nuget.commandline,510925465.0,NuGet.CommandLine,True,True,True,stars+forks+downloads
portable.bouncycastle,510793447.0,Portable.BouncyCastle,True,True,True,stars+forks+downloads
polly.extensions.http,509361509.0,Polly.Extensions.Http,True,True,True,stars+forks+downloads
rabbitmq.client,509308135.0,RabbitMQ.Client,True,True,True,stars+forks+downloads
microsoft.applicationinsights.eventcountercollector,506846571.0,Microsoft.ApplicationInsights.EventCounterCollector,False,False,True,downloads
system.threading.tasks.parallel,506637716.0,System.Threading.Tasks.Parallel,True,True,True,stars+forks+downloads
microsoft.aspnetcore.mvc.razor.extensions,500620981.0,Microsoft.AspNetCore.Mvc.Razor.Extensions,True,True,True,stars+forks+downloads
microsoft.netcore.app.ref,498481581.0,Microsoft.NETCore.App.Ref,True,False,True,stars+downloads
microsoft.applicationinsights.aspnetcore,493680076.0,Microsoft.ApplicationInsights.AspNetCore,True,True,True,stars+forks+downloads
microsoft.aspnetcore.mvc.dataannotations,489981262.0,Microsoft.AspNetCore.Mvc.DataAnnotations,True,True,True,stars+forks+downloads
sharpziplib,488520605.0,SharpZipLib,True,True,True,stars+forks+downloads
windowsazure.storage,487855481.0,WindowsAzure.Storage,False,True,True,forks+downloads
jetbrains.annotations,485731044.0,JetBrains.Annotations,True,True,True,stars+forks+downloads
mongodb.bson,484962590.0,MongoDB.Bson,False,True,True,forks+downloads
mstest.testframework,482903262.0,MSTest.TestFramework,True,True,True,stars+forks+downloads
system.diagnostics.fileversioninfo,481212845.0,System.Diagnostics.FileVersionInfo,True,True,True,stars+forks+downloads
system.data.common,480906024.0,System.Data.Common,True,True,True,stars+forks+downloads
mediatr,478390411.0,MediatR,True,True,True,stars+forks+downloads
npgsql.entityframeworkcore.postgresql,477295481.0,Npgsql.EntityFrameworkCore.PostgreSQL,True,True,True,stars+forks+downloads
dnsclient,477192751.0,DnsClient,True,True,True,stars+forks+downloads
microsoft.aspnetcore.cryptography.keyderivation,476204481.0,Microsoft.AspNetCore.Cryptography.KeyDerivation,True,True,True,stars+forks+downloads
serilog.sinks.periodicbatching,471161463.0,Serilog.Sinks.PeriodicBatching,False,False,True,downloads
sqlitepclraw.core,470974467.0,SQLitePCLRaw.core,True,True,True,stars+forks+downloads
microsoft.aspnetcore.html.abstractions,468153127.0,Microsoft.AspNetCore.Html.Abstractions,False,False,True,downloads
microsoft.extensions.fileproviders.embedded,467328051.0,Microsoft.Extensions.FileProviders.Embedded,True,True,True,stars+forks+downloads
fluentvalidation.dependencyinjectionextensions,464174559.0,FluentValidation.DependencyInjectionExtensions,True,True,True,stars+forks+downloads
system.diagnostics.contracts,462370937.0,System.Diagnostics.Contracts,True,True,True,stars+forks+downloads
microsoft.visualstudio.azure.containers.tools.targets,460908605.0,Microsoft.VisualStudio.Azure.Containers.Tools.Targets,True,True,True,stars+forks+downloads
microsoft.aspnetcore.diagnostics.abstractions,460002271.0,Microsoft.AspNetCore.Diagnostics.Abstractions,False,False,True,downloads
mstest.testadapter,459683395.0,MSTest.TestAdapter,True,True,True,stars+forks+downloads
system.xml.xpath.xdocument,459589248.0,System.Xml.XPath.XDocument,True,True,True,stars+forks+downloads
microsoft.entityframeworkcore.inmemory,457710247.0,Microsoft.EntityFrameworkCore.InMemory,True,True,True,stars+forks+downloads
awssdk.polly,453817239.0,AWSSDK.Polly,False,False,True,downloads
microsoft.netcore.app,453111401.0,Microsoft.NETCore.App,False,False,True,downloads
microsoft.netcore.dotnethostpolicy,452396034.0,Microsoft.NETCore.DotNetHostPolicy,False,False,True,downloads
microsoft.netcore.dotnethostresolver,440044457.0,Microsoft.NETCore.DotNetHostResolver,False,False,True,downloads
microsoft.aspnetcore.razor,437984596.0,Microsoft.AspNetCore.Razor,False,False,True,downloads
microsoft.extensions.identity.core,433908378.0,Microsoft.Extensions.Identity.Core,True,True,True,stars+forks+downloads
microsoft.aspnetcore.razor.runtime,433543705.0,Microsoft.AspNetCore.Razor.Runtime,False,True,True,forks+downloads
entityframework,429322903.0,EntityFramework,True,True,True,stars+forks+downloads
microsoft.data.sqlite.core,429274814.0,Microsoft.Data.Sqlite.Core,True,True,True,stars+forks+downloads
microsoft.aspnetcore.mvc.apiexplorer,428440686.0,Microsoft.AspNetCore.Mvc.ApiExplorer,False,False,True,downloads
system.reactive,423116438.0,System.Reactive,True,True,True,stars+forks+downloads
log4net,422542837.0,log4net,True,True,True,stars+forks+downloads
documentformat.openxml,420843899.0,DocumentFormat.OpenXml,True,True,True,stars+forks+downloads
opentelemetry.extensions.hosting,417926440.0,OpenTelemetry.Extensions.Hosting,True,True,True,stars+forks+downloads
mongodb.driver,416565940.0,MongoDB.Driver,True,True,True,stars+forks+downloads
bouncycastle.cryptography,415167880.0,BouncyCastle.Cryptography,True,True,True,stars+forks+downloads
microsoft.io.recyclablememorystream,413089712.0,Microsoft.IO.RecyclableMemoryStream,True,True,True,stars+forks+downloads
microsoft.aspnet.webapi.core,401209457.0,Microsoft.AspNet.WebApi.Core,True,True,True,stars+forks+downloads
hangfire.core,399073585.0,Hangfire.Core,True,True,True,stars+forks+downloads
microsoft.net.sdk.ios.manifest-6.0.400,398931176.0,Microsoft.NET.Sdk.iOS.Manifest-6.0.400,False,False,True,downloads
microsoft.net.sdk.maccatalyst.manifest-6.0.400,398905171.0,Microsoft.NET.Sdk.MacCatalyst.Manifest-6.0.400,False,False,True,downloads
microsoft.net.sdk.macos.manifest-6.0.400,398825409.0,Microsoft.NET.Sdk.macOS.Manifest-6.0.400,False,False,True,downloads
microsoft.net.sdk.android.manifest-6.0.400,398759185.0,Microsoft.NET.Sdk.Android.Manifest-6.0.400,False,False,True,downloads
microsoft.net.sdk.maui.manifest-6.0.400,398596428.0,Microsoft.NET.Sdk.Maui.Manifest-6.0.400,False,False,True,downloads
microsoft.net.sdk.tvos.manifest-6.0.400,398523639.0,Microsoft.NET.Sdk.tvOS.Manifest-6.0.400,False,False,True,downloads
azure.messaging.servicebus,396413402.0,Azure.Messaging.ServiceBus,True,True,True,stars+forks+downloads
system.runtime.serialization.xml,396162498.0,System.Runtime.Serialization.Xml,False,False,True,downloads
grpc.net.clientfactory,394926781.0,Grpc.Net.ClientFactory,True,True,True,stars+forks+downloads
system.net.websockets,392240831.0,System.Net.WebSockets,False,False,True,downloads
microsoft.aspnetcore.mvc.viewfeatures,389409976.0,Microsoft.AspNetCore.Mvc.ViewFeatures,True,True,True,stars+forks+downloads
microsoft.net.workload.mono.toolchain.manifest-6.0.400,387298943.0,Microsoft.NET.Workload.Mono.ToolChain.Manifest-6.0.400,False,False,True,downloads
microsoft.net.workload.emscripten.manifest-6.0.400,387128414.0,Microsoft.NET.Workload.Emscripten.Manifest-6.0.400,False,False,True,downloads
microsoft.aspnetcore.antiforgery,386247468.0,Microsoft.AspNetCore.Antiforgery,True,False,True,stars+downloads
mongodb.driver.core,385909610.0,MongoDB.Driver.Core,False,False,True,downloads
system.servicemodel.nettcp,382357881.0,System.ServiceModel.NetTcp,True,True,True,stars+forks+downloads
njsonschema,381390758.0,NJsonSchema,False,True,True,forks+downloads
microsoft.aspnetcore.authentication,381345603.0,Microsoft.AspNetCore.Authentication,True,False,True,stars+downloads
awssdk.securitytoken,380206563.0,AWSSDK.SecurityToken,True,True,True,stars+forks+downloads
microsoft.extensions.fileproviders.composite,379345706.0,Microsoft.Extensions.FileProviders.Composite,True,True,True,stars+forks+downloads
microsoft.aspnetcore.mvc.testing,376699326.0,Microsoft.AspNetCore.Mvc.Testing,True,True,True,stars+forks+downloads
system.linq.async,372713286.0,System.Linq.Async,True,True,True,stars+forks+downloads
sharpcompress,370865608.0,SharpCompress,True,True,True,stars+forks+downloads
automapper.extensions.microsoft.dependencyinjection,367021389.0,AutoMapper.Extensions.Microsoft.DependencyInjection,True,True,True,stars+forks+downloads
opentelemetry.instrumentation.aspnetcore,365617078.0,OpenTelemetry.Instrumentation.AspNetCore,True,True,True,stars+forks+downloads
azure.core.amqp,364288283.0,Azure.Core.Amqp,False,True,True,forks+downloads
grpc.tools,361303893.0,Grpc.Tools,True,True,True,stars+forks+downloads
opentelemetry.instrumentation.http,357771754.0,OpenTelemetry.Instrumentation.Http,True,True,True,stars+forks+downloads
htmlagilitypack,352602086.0,HtmlAgilityPack,True,True,True,stars+forks+downloads
microsoft.aspnetcore.mvc.razor,350443644.0,Microsoft.AspNetCore.Mvc.Razor,True,True,True,stars+forks+downloads
microsoft.entityframeworkcore.sqlite.core,348775841.0,Microsoft.EntityFrameworkCore.Sqlite.Core,True,True,True,stars+forks+downloads
swashbuckle.aspnetcore.annotations,347903161.0,Swashbuckle.AspNetCore.Annotations,True,True,True,stars+forks+downloads
system.io.filesystem.watcher,347075892.0,System.IO.FileSystem.Watcher,False,False,True,downloads
microsoft.net.stringtools,346815312.0,Microsoft.NET.StringTools,True,True,True,stars+forks+downloads
microsoft.aspnetcore.components.web,345232150.0,Microsoft.AspNetCore.Components.Web,True,True,True,stars+forks+downloads
microsoft.rest.clientruntime.azure,343885445.0,Microsoft.Rest.ClientRuntime.Azure,False,True,True,forks+downloads
microsoft.extensions.azure,343023214.0,Microsoft.Extensions.Azure,True,True,True,stars+forks+downloads
microsoft.aspnetcore.components,341634792.0,Microsoft.AspNetCore.Components,True,True,True,stars+forks+downloads
system.componentmodel.eventbasedasync,341082450.0,System.ComponentModel.EventBasedAsync,False,True,True,forks+downloads
elasticsearch.net,340955085.0,Elasticsearch.Net,False,False,True,downloads
system.diagnostics.textwritertracelistener,340481620.0,System.Diagnostics.TextWriterTraceListener,False,True,True,forks+downloads
runtime.any.system.runtime,339991027.0,runtime.any.System.Runtime,False,False,True,downloads
microsoft.aspnet.razor,338879745.0,Microsoft.AspNet.Razor,True,True,True,stars+forks+downloads
opentelemetry.exporter.opentelemetryprotocol,338132765.0,OpenTelemetry.Exporter.OpenTelemetryProtocol,True,True,True,stars+forks+downloads
awssdk.sqs,336907423.0,AWSSDK.SQS,True,True,True,stars+forks+downloads
fare,336096173.0,Fare,False,False,True,downloads
microsoft.extensions.identity.stores,332638886.0,Microsoft.Extensions.Identity.Stores,True,True,True,stars+forks+downloads
runtime.any.system.text.encoding,332046296.0,runtime.any.System.Text.Encoding,False,False,True,downloads
system.servicemodel.duplex,330617704.0,System.ServiceModel.Duplex,True,True,True,stars+forks+downloads
microsoft.codeanalysis.visualbasic,330248774.0,Microsoft.CodeAnalysis.VisualBasic,True,True,True,stars+forks+downloads
microsoft.aspnetcore.cors,328376470.0,Microsoft.AspNetCore.Cors,False,True,True,forks+downloads
microsoft.extensions.platformabstractions,325988199.0,Microsoft.Extensions.PlatformAbstractions,False,True,True,forks+downloads
system.linq.dynamic.core,325175159.0,System.Linq.Dynamic.Core,True,True,True,stars+forks+downloads
runtime.any.system.io,325014718.0,runtime.any.System.IO,False,False,True,downloads
google.api.gax,324892400.0,Google.Api.Gax,False,False,True,downloads
ssh.net,323820674.0,SSH.NET,True,True,True,stars+forks+downloads
timezoneconverter,323537894.0,TimeZoneConverter,True,True,True,stars+forks+downloads
prometheus-net,322581161.0,prometheus-net,True,True,True,stars+forks+downloads
runtime.any.system.threading.tasks,322507745.0,runtime.any.System.Threading.Tasks,False,False,True,downloads
runtime.any.system.reflection,322142783.0,runtime.any.System.Reflection,False,False,True,downloads
ecng.collections,322061936.0,Ecng.Collections,False,False,True,downloads
runtime.any.system.reflection.primitives,321825836.0,runtime.any.System.Reflection.Primitives,False,False,True,downloads
autofixture,321271111.0,AutoFixture,True,True,True,stars+forks+downloads
skiasharp,320893857.0,SkiaSharp,True,True,True,stars+forks+downloads
nodatime,320715139.0,NodaTime,True,True,True,stars+forks+downloads
system.servicemodel.security,320162402.0,System.ServiceModel.Security,True,True,True,stars+forks+downloads
messagepack,319239443.0,MessagePack,True,True,True,stars+forks+downloads
sqlitepclraw.lib.e_sqlite3,318735217.0,SQLitePCLRaw.lib.e_sqlite3,True,True,True,stars+forks+downloads
microsoft.build,317845553.0,Microsoft.Build,True,True,True,stars+forks+downloads
microsoft.aspnetcore.mvc.cors,316610155.0,Microsoft.AspNetCore.Mvc.Cors,False,False,True,downloads
microsoft.aspnet.webpages,316514526.0,Microsoft.AspNet.WebPages,True,True,True,stars+forks+downloads
microsoft.aspnetcore.mvc.taghelpers,314056313.0,Microsoft.AspNetCore.Mvc.TagHelpers,False,False,True,downloads
microsoft.aspnetcore.components.forms,313552410.0,Microsoft.AspNetCore.Components.Forms,False,False,True,downloads
runtime.any.system.resources.resourcemanager,311909722.0,runtime.any.System.Resources.ResourceManager,False,False,True,downloads
runtime.any.system.globalization,311695449.0,runtime.any.System.Globalization,False,False,True,downloads
mimekit,309649806.0,MimeKit,True,True,True,stars+forks+downloads
runtime.any.system.collections,308838377.0,runtime.any.System.Collections,False,False,True,downloads
microsoft.aspnet.mvc,307369662.0,Microsoft.AspNet.Mvc,True,True,True,stars+forks+downloads
anglesharp,306626705.0,AngleSharp,True,True,True,stars+forks+downloads
microsoft.jsinterop,306309621.0,Microsoft.JSInterop,True,False,True,stars+downloads
microsoft.aspnetcore.mvc.razorpages,305706886.0,Microsoft.AspNetCore.Mvc.RazorPages,False,False,True,downloads
namotion.reflection,305204006.0,Namotion.Reflection,False,False,True,downloads
sqlitepclraw.bundle_e_sqlite3,302413591.0,SQLitePCLRaw.bundle_e_sqlite3,True,True,True,stars+forks+downloads
sixlabors.imagesharp,301431845.0,SixLabors.ImageSharp,True,True,True,stars+forks+downloads
microsoft.aspnetcore.mvc.localization,300984248.0,Microsoft.AspNetCore.Mvc.Localization,False,False,True,downloads
mediatr.contracts,300978297.0,MediatR.Contracts,True,True,True,stars+forks+downloads
fluentvalidation.aspnetcore,300846477.0,FluentValidation.AspNetCore,True,True,True,stars+forks+downloads
scrutor,300114483.0,Scrutor,True,True,True,stars+forks+downloads
serilog.enrichers.environment,299381610.0,Serilog.Enrichers.Environment,False,True,True,forks+downloads
microsoft.aspnetcore.mvc,298425888.0,Microsoft.AspNetCore.Mvc,True,True,True,stars+forks+downloads
microsoft.aspnetcore.server.kestrel,297860317.0,Microsoft.AspNetCore.Server.Kestrel,True,True,True,stars+forks+downloads
microsoft.aspnetcore.localization,296733503.0,Microsoft.AspNetCore.Localization,True,True,True,stars+forks+downloads
nsubstitute,296732466.0,NSubstitute,True,True,True,stars+forks+downloads
runtime.any.system.runtime.interopservices,296477158.0,runtime.any.System.Runtime.InteropServices,False,False,True,downloads
runtime.any.system.runtime.handles,296208305.0,runtime.any.System.Runtime.Handles,False,False,True,downloads
system.interactive.async,293045908.0,System.Interactive.Async,True,False,True,stars+downloads
system.serviceprocess.servicecontroller,290023672.0,System.ServiceProcess.ServiceController,True,True,True,stars+forks+downloads
microsoft.web.infrastructure,289477909.0,Microsoft.Web.Infrastructure,True,True,True,stars+forks+downloads
mongodb.libmongocrypt,289025613.0,MongoDB.Libmongocrypt,False,False,True,downloads
microsoft.visualstudio.web.codegeneration.design,286990867.0,Microsoft.VisualStudio.Web.CodeGeneration.Design,True,True,True,stars+forks+downloads
nuget.versioning,286827192.0,NuGet.Versioning,True,True,True,stars+forks+downloads
microsoft.visualstudio.web.codegenerators.mvc,286761865.0,Microsoft.VisualStudio.Web.CodeGenerators.Mvc,False,False,True,downloads
microsoft.extensions.caching.stackexchangeredis,286244090.0,Microsoft.Extensions.Caching.StackExchangeRedis,True,True,True,stars+forks+downloads
microsoft.visualstudio.web.codegeneration,285721818.0,Microsoft.VisualStudio.Web.CodeGeneration,False,False,True,downloads
microsoft.visualstudio.web.codegeneration.entityframeworkcore,285535066.0,Microsoft.VisualStudio.Web.CodeGeneration.EntityFrameworkCore,False,False,True,downloads
microsoft.aspnetcore.signalr.common,285135345.0,Microsoft.AspNetCore.SignalR.Common,False,False,True,downloads
microsoft.azure.functions.worker.core,285002594.0,Microsoft.Azure.Functions.Worker.Core,False,False,True,downloads
microsoft.visualstudio.web.codegeneration.core,284895314.0,Microsoft.VisualStudio.Web.CodeGeneration.Core,False,False,True,downloads
microsoft.visualstudio.web.codegeneration.utils,284591111.0,Microsoft.VisualStudio.Web.CodeGeneration.Utils,True,True,True,stars+forks+downloads
microsoft.aspnetcore.identity.entityframeworkcore,284455755.0,Microsoft.AspNetCore.Identity.EntityFrameworkCore,True,True,True,stars+forks+downloads
microsoft.visualstudio.web.codegeneration.templating,284412441.0,Microsoft.VisualStudio.Web.CodeGeneration.Templating,False,False,True,downloads
eo.webbrowser,282252512.0,EO.WebBrowser,False,False,True,downloads
runtime.any.system.text.encoding.extensions,281921543.0,runtime.any.System.Text.Encoding.Extensions,False,False,True,downloads
microsoft.entityframeworkcore.sqlite,281424157.0,Microsoft.EntityFrameworkCore.Sqlite,True,True,True,stars+forks+downloads
awssdk.extensions.netcore.setup,279983966.0,AWSSDK.Extensions.NETCore.Setup,True,True,True,stars+forks+downloads
runtime.any.system.diagnostics.tracing,278628268.0,runtime.any.System.Diagnostics.Tracing,False,False,True,downloads
runtime.any.system.reflection.extensions,277454663.0,runtime.any.System.Reflection.Extensions,False,False,True,downloads
microsoft.owin,276350481.0,Microsoft.Owin,True,True,True,stars+forks+downloads
microsoft.aspnetcore.mvc.versioning,276129466.0,Microsoft.AspNetCore.Mvc.Versioning,True,False,True,stars+downloads
azure.security.keyvault.certificates,275907447.0,Azure.Security.KeyVault.Certificates,False,True,True,forks+downloads
microsoft.aspnetcore.components.analyzers,275823296.0,Microsoft.AspNetCore.Components.Analyzers,False,False,True,downloads
microsoft.extensions.diagnosticadapter,274938947.0,Microsoft.Extensions.DiagnosticAdapter,True,True,True,stars+forks+downloads
microsoft.netcore.dotnetapphost,274465058.0,Microsoft.NETCore.DotNetAppHost,False,False,True,downloads
grpc.core,274323779.0,Grpc.Core,True,True,True,stars+forks+downloads
grpc.aspnetcore.server,273047127.0,Grpc.AspNetCore.Server,True,True,True,stars+forks+downloads
bogus,272784207.0,Bogus,True,True,True,stars+forks+downloads
microsoft.aspnet.webapi.webhost,268678914.0,Microsoft.AspNet.WebApi.WebHost,True,True,True,stars+forks+downloads
stylecop.analyzers,268596784.0,StyleCop.Analyzers,True,True,True,stars+forks+downloads
microsoft.aspnetcore.http.connections.common,268115395.0,Microsoft.AspNetCore.Http.Connections.Common,False,True,True,forks+downloads
messagepack.annotations,266450785.0,MessagePack.Annotations,False,False,True,downloads
microsoft.aspnetcore.server.kestrel.core,263753382.0,Microsoft.AspNetCore.Server.Kestrel.Core,False,True,True,forks+downloads
protobuf-net,263687981.0,protobuf-net,True,True,True,stars+forks+downloads
microsoft.net.workload.mono.toolchain.current.manifest-9.0.100,262697233.0,Microsoft.NET.Workload.Mono.ToolChain.Current.Manifest-9.0.100,False,False,True,downloads
confluent.kafka,262692981.0,Confluent.Kafka,True,True,True,stars+forks+downloads
microsoft.net.workload.emscripten.current.manifest-9.0.100,262494695.0,Microsoft.NET.Workload.Emscripten.Current.Manifest-9.0.100,False,False,True,downloads
microsoft.net.workload.emscripten.net8.manifest-9.0.100,262287313.0,Microsoft.NET.Workload.Emscripten.net8.Manifest-9.0.100,False,False,True,downloads
microsoft.net.workload.mono.toolchain.net8.manifest-9.0.100,262211310.0,Microsoft.NET.Workload.Mono.ToolChain.net8.Manifest-9.0.100,False,False,True,downloads
microsoft.net.workload.emscripten.net7.manifest-9.0.100,261016475.0,Microsoft.NET.Workload.Emscripten.net7.Manifest-9.0.100,False,False,True,downloads
microsoft.net.workload.emscripten.net6.manifest-9.0.100,261009223.0,Microsoft.NET.Workload.Emscripten.net6.Manifest-9.0.100,False,False,True,downloads
microsoft.net.workload.mono.toolchain.net7.manifest-9.0.100,260979894.0,Microsoft.NET.Workload.Mono.ToolChain.net7.Manifest-9.0.100,False,False,True,downloads
microsoft.net.workload.mono.toolchain.net6.manifest-9.0.100,260974356.0,Microsoft.NET.Workload.Mono.ToolChain.net6.Manifest-9.0.100,False,False,True,downloads
microsoft.build.utilities.core,259960708.0,Microsoft.Build.Utilities.Core,True,True,True,stars+forks+downloads
jquery,259944339.0,jQuery,True,True,True,stars+forks+downloads
mailkit,259687237.0,MailKit,True,True,True,stars+forks+downloads
microsoft.aspnetcore.staticfiles,259121768.0,Microsoft.AspNetCore.StaticFiles,True,True,True,stars+forks+downloads
system.directoryservices.protocols,257723723.0,System.DirectoryServices.Protocols,True,True,True,stars+forks+downloads
awssdk.dynamodbv2,257706507.0,AWSSDK.DynamoDBv2,True,True,True,stars+forks+downloads
coverlet.msbuild,257689858.0,coverlet.msbuild,True,True,True,stars+forks+downloads
sixlabors.fonts,257605242.0,SixLabors.Fonts,False,False,True,downloads
zstdsharp.port,257444509.0,ZstdSharp.Port,True,False,True,stars+downloads
microsoft.identitymodel.validators,257431077.0,Microsoft.IdentityModel.Validators,True,False,True,stars+downloads
microsoft.spatial,257412510.0,Microsoft.Spatial,False,True,True,forks+downloads
system.data.datasetextensions,257269835.0,System.Data.DataSetExtensions,True,True,True,stars+forks+downloads
microsoft.graph.core,255891608.0,Microsoft.Graph.Core,True,True,True,stars+forks+downloads
librdkafka.redist,255567295.0,librdkafka.redist,False,False,True,downloads
microsoft.aspnetcore.server.kestrel.https,254337753.0,Microsoft.AspNetCore.Server.Kestrel.Https,True,True,True,stars+forks+downloads
mysqlconnector,253495527.0,MySqlConnector,True,True,True,stars+forks+downloads
microsoft.testing.platform,253487993.0,Microsoft.Testing.Platform,False,False,True,downloads
system.linq.parallel,253373693.0,System.Linq.Parallel,True,True,True,stars+forks+downloads
runtime.any.system.globalization.calendars,252835015.0,runtime.any.System.Globalization.Calendars,False,False,True,downloads
nuget.common,252740119.0,NuGet.Common,True,True,True,stars+forks+downloads
commandlineparser,252599852.0,CommandLineParser,True,True,True,stars+forks+downloads
microsoft.codeanalysis.workspaces.msbuild,250755402.0,Microsoft.CodeAnalysis.Workspaces.MSBuild,True,True,True,stars+forks+downloads
microsoft.aspnetcore.server.kestrel.transport.abstractions,250708845.0,Microsoft.AspNetCore.Server.Kestrel.Transport.Abstractions,False,False,True,downloads
awssdk.secretsmanager,250655668.0,AWSSDK.SecretsManager,True,False,True,stars+downloads
microsoft.azure.keyvault.core,248971877.0,Microsoft.Azure.KeyVault.Core,False,True,True,forks+downloads
system.resources.reader,248889687.0,System.Resources.Reader,False,True,True,forks+downloads
system.net.http.json,248838105.0,System.Net.Http.Json,True,True,True,stars+forks+downloads
autofac.extensions.dependencyinjection,247704162.0,Autofac.Extensions.DependencyInjection,True,True,True,stars+forks+downloads
sqlitepclraw.provider.e_sqlite3,246838647.0,SQLitePCLRaw.provider.e_sqlite3,False,False,True,downloads
microsoft.graph,245980963.0,Microsoft.Graph,True,True,True,stars+forks+downloads
nlog.extensions.logging,245445090.0,NLog.Extensions.Logging,True,True,True,stars+forks+downloads
nuget.packaging,242756187.0,NuGet.Packaging,True,True,True,stars+forks+downloads
masstransit,239472895.0,MassTransit,False,False,True,downloads
sendgrid,239197488.0,Sendgrid,True,True,True,stars+forks+downloads
runtime.any.system.diagnostics.tools,239001924.0,runtime.any.System.Diagnostics.Tools,False,False,True,downloads
microsoft.visualstudio.web.codegeneration.contracts,237967969.0,Microsoft.VisualStudio.Web.CodeGeneration.Contracts,False,False,True,downloads
microsoft.aspnetcore.signalr.protocols.json,236964179.0,Microsoft.AspNetCore.SignalR.Protocols.Json,False,False,True,downloads
system.directoryservices,236104840.0,System.DirectoryServices,True,True,True,stars+forks+downloads
runtime.unix.system.private.uri,235685759.0,runtime.unix.System.Private.Uri,False,False,True,downloads
microsoft.bcl.cryptography,235541384.0,Microsoft.Bcl.Cryptography,False,False,True,downloads
nuget.configuration,234751540.0,NuGet.Configuration,True,True,True,stars+forks+downloads
microsoft.odata.edm,234504118.0,Microsoft.OData.Edm,False,False,True,downloads
microsoft.aspnetcore.razor.design,234459901.0,Microsoft.AspNetCore.Razor.Design,True,True,True,stars+forks+downloads
microsoft.netcore.runtime.coreclr,233927111.0,Microsoft.NETCore.Runtime.CoreCLR,False,False,True,downloads
system.net.networkinformation,233736652.0,System.Net.NetworkInformation,False,False,True,downloads
microsoft.testing.extensions.trxreport.abstractions,233112681.0,Microsoft.Testing.Extensions.TrxReport.Abstractions,False,False,True,downloads
skiasharp.nativeassets.win32,232662012.0,SkiaSharp.NativeAssets.Win32,False,False,True,downloads
nettopologysuite,232112064.0,NetTopologySuite,True,True,True,stars+forks+downloads
skiasharp.nativeassets.macos,231600056.0,SkiaSharp.NativeAssets.macOS,True,True,True,stars+forks+downloads
microsoft.bcl.timeprovider,231523121.0,Microsoft.Bcl.TimeProvider,True,True,True,stars+forks+downloads
microsoft.testing.platform.msbuild,230661104.0,Microsoft.Testing.Platform.MSBuild,True,True,True,stars+forks+downloads
microsoft.aspnet.webapi,230389498.0,Microsoft.AspNet.WebApi,True,True,True,stars+forks+downloads
google.api.commonprotos,229842743.0,Google.Api.CommonProtos,True,True,True,stars+forks+downloads
newrelic.agent.api,229468508.0,NewRelic.Agent.Api,False,False,True,downloads
serilog.enrichers.thread,227419516.0,Serilog.Enrichers.Thread,True,True,True,stars+forks+downloads
awssdk.simplenotificationservice,224351312.0,AWSSDK.SimpleNotificationService,False,False,True,downloads
runtime.any.system.threading.timer,224023827.0,runtime.any.System.Threading.Timer,False,False,True,downloads
remotion.linq,223809172.0,Remotion.Linq,False,False,True,downloads
microsoft.aspnetcore.openapi,223106550.0,Microsoft.AspNetCore.OpenApi,True,True,True,stars+forks+downloads
system.net.websockets.client,221907814.0,System.Net.WebSockets.Client,False,True,True,forks+downloads
microsoft.azure.webjobs.extensions,221625903.0,Microsoft.Azure.WebJobs.Extensions,False,True,True,forks+downloads
serilog.sinks.async,221133684.0,Serilog.Sinks.Async,True,True,True,stars+forks+downloads
azure.storage.queues,220909565.0,Azure.Storage.Queues,True,True,True,stars+forks+downloads
microsoft.aspnetcore.authentication.google,220577657.0,Microsoft.AspNetCore.Authentication.Google,True,True,True,stars+forks+downloads
microsoft.identity.web,220570309.0,Microsoft.Identity.Web,True,True,True,stars+forks+downloads
awssdk.simplesystemsmanagement,219948609.0,AWSSDK.SimpleSystemsManagement,False,False,True,downloads
microsoft.azure.cosmos,219909070.0,Microsoft.Azure.Cosmos,True,True,True,stars+forks+downloads
runtime.unix.system.runtime.extensions,216702044.0,runtime.unix.System.Runtime.Extensions,False,False,True,downloads
runtime.unix.system.diagnostics.debug,215825426.0,runtime.unix.System.Diagnostics.Debug,False,False,True,downloads
system.spatial,215144037.0,System.Spatial,False,True,True,forks+downloads
microsoft.net.sdk.ios.manifest-9.0.100,215077163.0,Microsoft.NET.Sdk.iOS.Manifest-9.0.100,False,False,True,downloads
microsoft.odata.core,214289679.0,Microsoft.OData.Core,False,False,True,downloads
microsoft.aspnetcore.server.kestrel.transport.sockets,214078250.0,Microsoft.AspNetCore.Server.Kestrel.Transport.Sockets,False,True,True,forks+downloads
microsoft.netcore.jit,213937940.0,Microsoft.NETCore.Jit,False,False,True,downloads
microsoft.net.sdk.android.manifest-9.0.100,213486845.0,Microsoft.NET.Sdk.Android.Manifest-9.0.100,False,False,True,downloads
microsoft.net.sdk.maccatalyst.manifest-9.0.100,213431954.0,Microsoft.NET.Sdk.MacCatalyst.Manifest-9.0.100,False,False,True,downloads
microsoft.net.sdk.macos.manifest-9.0.100,213388692.0,Microsoft.NET.Sdk.macOS.Manifest-9.0.100,False,False,True,downloads
microsoft.net.sdk.tvos.manifest-9.0.100,213330765.0,Microsoft.NET.Sdk.tvOS.Manifest-9.0.100,False,False,True,downloads
microsoft.net.sdk.maui.manifest-9.0.100,213314335.0,Microsoft.NET.Sdk.Maui.Manifest-9.0.100,False,False,True,downloads
closedxml,212957537.0,ClosedXML,False,True,True,forks+downloads
microsoft.testing.extensions.telemetry,212942155.0,Microsoft.Testing.Extensions.Telemetry,False,False,True,downloads
microsoft.aspnetcore.mvc.webapicompatshim,211871623.0,Microsoft.AspNetCore.Mvc.WebApiCompatShim,False,False,True,downloads
libuv,211751299.0,Libuv,False,True,True,forks+downloads
microsoft.azure.webjobs.extensions.http,211703342.0,Microsoft.Azure.WebJobs.Extensions.Http,False,True,True,forks+downloads
microsoft.data.edm,210880555.0,Microsoft.Data.Edm,False,True,True,forks+downloads
microsoft.data.odata,209879088.0,Microsoft.Data.OData,False,True,True,forks+downloads
microsoft.aspnetcore.diagnostics,209103967.0,Microsoft.AspNetCore.Diagnostics,True,True,True,stars+forks+downloads
microsoft.azure.keyvault,208602736.0,Microsoft.Azure.KeyVault,False,True,True,forks+downloads
microsoft.net.sdk.functions,208453518.0,Microsoft.NET.Sdk.Functions,False,True,True,forks+downloads
microsoft.aspnetcore.server.iisintegration,208373015.0,Microsoft.AspNetCore.Server.IISIntegration,True,True,True,stars+forks+downloads
microsoft.owin.security,207702075.0,Microsoft.Owin.Security,True,True,True,stars+forks+downloads
microsoft.azure.functions.worker.projecttemplates,206837891.0,Microsoft.Azure.Functions.Worker.ProjectTemplates,False,False,True,downloads
nito.disposables,206733789.0,Nito.Disposables,True,True,True,stars+forks+downloads
grpc.aspnetcore.server.clientfactory,206624379.0,Grpc.AspNetCore.Server.ClientFactory,False,False,True,downloads
nswag.core,206403703.0,NSwag.Core,False,False,True,downloads
epplus,205686930.0,EPPlus,False,True,True,forks+downloads
ncrontab.signed,205368798.0,ncrontab.signed,False,False,True,downloads
microsoft.azure.keyvault.webkey,205295974.0,Microsoft.Azure.KeyVault.WebKey,False,True,True,forks+downloads
microsoft.aspnetcore.httpoverrides,204454654.0,Microsoft.AspNetCore.HttpOverrides,False,False,True,downloads
microsoft.visualbasic,204254329.0,Microsoft.VisualBasic,True,True,True,stars+forks+downloads
microsoft.netcore.app.runtime.linux-x64,203449197.0,Microsoft.NETCore.App.Runtime.linux-x64,True,True,True,stars+forks+downloads
snappier,202700490.0,Snappier,False,True,True,forks+downloads
microsoft.identity.web.tokencache,202605853.0,Microsoft.Identity.Web.TokenCache,False,False,True,downloads
grpc.aspnetcore,202474910.0,Grpc.AspNetCore,True,True,True,stars+forks+downloads
google.api.gax.rest,202084401.0,Google.Api.Gax.Rest,False,False,True,downloads
microsoft.aspnetcore.app.runtime.linux-x64,200283900.0,Microsoft.AspNetCore.App.Runtime.linux-x64,True,True,True,stars+forks+downloads
microsoft.extensions.features,199998854.0,Microsoft.Extensions.Features,False,False,True,downloads
microsoft.identity.web.certificate,199656555.0,Microsoft.Identity.Web.Certificate,False,False,True,downloads
system.threading.ratelimiting,198907176.0,System.Threading.RateLimiting,True,False,True,stars+downloads
microsoft.netcore.windows.apisets,197305059.0,Microsoft.NETCore.Windows.ApiSets,False,False,True,downloads
microsoft.azure.webjobs.host.storage,197144756.0,Microsoft.Azure.WebJobs.Host.Storage,False,True,True,forks+downloads
microsoft.aspnetcore.authentication.cookies,196547016.0,Microsoft.AspNetCore.Authentication.Cookies,True,True,True,stars+forks+downloads
swashbuckle.aspnetcore.newtonsoft,196494339.0,Swashbuckle.AspNetCore.Newtonsoft,False,False,True,downloads
runtime.unix.system.io.filesystem,196464069.0,runtime.unix.System.IO.FileSystem,False,False,True,downloads
microsoft.net.sdk.ios.manifest-7.0.100,196287656.0,Microsoft.NET.Sdk.iOS.Manifest-7.0.100,False,False,True,downloads
microsoft.net.workload.mono.toolchain.net7.manifest-7.0.100,195441256.0,Microsoft.NET.Workload.Mono.ToolChain.net7.Manifest-7.0.100,False,False,True,downloads
microsoft.net.workload.mono.toolchain.net6.manifest-7.0.100,195430968.0,Microsoft.NET.Workload.Mono.ToolChain.net6.Manifest-7.0.100,False,False,True,downloads
microsoft.net.workload.emscripten.net6.manifest-7.0.100,195330609.0,Microsoft.NET.Workload.Emscripten.net6.Manifest-7.0.100,False,False,True,downloads
microsoft.net.workload.emscripten.net7.manifest-7.0.100,195272069.0,Microsoft.NET.Workload.Emscripten.net7.Manifest-7.0.100,False,False,True,downloads
microsoft.net.sdk.macos.manifest-7.0.100,195092188.0,Microsoft.NET.Sdk.macOS.Manifest-7.0.100,False,False,True,downloads
microsoft.net.sdk.maccatalyst.manifest-7.0.100,195058211.0,Microsoft.NET.Sdk.MacCatalyst.Manifest-7.0.100,False,False,True,downloads
excelnumberformat,195013448.0,ExcelNumberFormat,False,False,True,downloads
microsoft.net.sdk.maui.manifest-7.0.100,194926542.0,Microsoft.NET.Sdk.Maui.Manifest-7.0.100,False,False,True,downloads
microsoft.net.sdk.tvos.manifest-7.0.100,194849430.0,Microsoft.NET.Sdk.tvOS.Manifest-7.0.100,False,False,True,downloads
microsoft.net.sdk.android.manifest-7.0.100,194770454.0,Microsoft.NET.Sdk.Android.Manifest-7.0.100,False,False,True,downloads
microsoft.owin.host.systemweb,193881481.0,Microsoft.Owin.Host.SystemWeb,True,True,True,stars+forks+downloads
microsoft.netcore.app.host.linux-x64,192832396.0,Microsoft.NETCore.App.Host.linux-x64,True,False,True,stars+downloads
microsoft.build.tasks.core,192083577.0,Microsoft.Build.Tasks.Core,True,True,True,stars+forks+downloads
webgrease,191883140.0,WebGrease,True,True,True,stars+forks+downloads
nito.asyncex.tasks,191447213.0,Nito.AsyncEx.Tasks,True,True,True,stars+forks+downloads
microsoft.dotnet.internalabstractions,190177082.0,Microsoft.DotNet.InternalAbstractions,True,True,True,stars+forks+downloads
microsoft.identity.web.certificateless,188923528.0,Microsoft.Identity.Web.Certificateless,False,False,True,downloads
system.componentmodel.composition,188709201.0,System.ComponentModel.Composition,True,True,True,stars+forks+downloads
microsoft.identitymodel.tokens.saml,188679751.0,Microsoft.IdentityModel.Tokens.Saml,False,False,True,downloads
refit,188675884.0,Refit,False,False,True,downloads
amazon.lambda.core,188472905.0,Amazon.Lambda.Core,False,False,True,downloads
hangfire.aspnetcore,188006518.0,Hangfire.AspNetCore,True,True,True,stars+forks+downloads
nest,187877715.0,NEST,True,True,True,stars+forks+downloads
microsoft.identitymodel.xml,187864335.0,Microsoft.IdentityModel.Xml,False,False,True,downloads
microsoft.net.sdk.aspire.manifest-8.0.100.msi.x64,187479959.0,Microsoft.NET.Sdk.Aspire.Manifest-8.0.100.Msi.x64,False,False,True,downloads
microsoft.aspnetcore,186871976.0,Microsoft.AspNetCore,True,True,True,stars+forks+downloads
antlr,186178092.0,Antlr,True,True,True,stars+forks+downloads
microsoft.codeanalysis.scripting.common,185962735.0,Microsoft.CodeAnalysis.Scripting.Common,False,False,True,downloads
serilog.exceptions,185766807.0,Serilog.Exceptions,False,True,True,forks+downloads
system.net.http.winhttphandler,185475507.0,System.Net.Http.WinHttpHandler,True,True,True,stars+forks+downloads
opentelemetry.instrumentation.runtime,184607468.0,OpenTelemetry.Instrumentation.Runtime,True,True,True,stars+forks+downloads
selenium.webdriver,183850782.0,Selenium.WebDriver,True,True,True,stars+forks+downloads
azure.extensions.aspnetcore.configuration.secrets,183156050.0,Azure.Extensions.AspNetCore.Configuration.Secrets,True,True,True,stars+forks+downloads
system.threading.accesscontrol,181942506.0,System.Threading.AccessControl,False,False,True,downloads
microsoft.azure.webjobs.script.extensionsmetadatagenerator,180943816.0,Microsoft.Azure.WebJobs.Script.ExtensionsMetadataGenerator,False,True,True,forks+downloads
nuget.protocol,180868577.0,NuGet.Protocol,True,True,True,stars+forks+downloads
microsoft.testing.extensions.vstestbridge,180847148.0,Microsoft.Testing.Extensions.VSTestBridge,True,True,True,stars+forks+downloads
google.api.gax.grpc,180139351.0,Google.Api.Gax.Grpc,False,False,True,downloads
opentelemetry.exporter.console,178932836.0,OpenTelemetry.Exporter.Console,True,True,True,stars+forks+downloads
runtime.unix.microsoft.win32.primitives,178922720.0,runtime.unix.Microsoft.Win32.Primitives,False,False,True,downloads
microsoft.aspnetcore.mvc.versioning.apiexplorer,178790049.0,Microsoft.AspNetCore.Mvc.Versioning.ApiExplorer,False,False,True,downloads
quartz,178581813.0,Quartz,True,True,True,stars+forks+downloads
microsoft.codedom.providers.dotnetcompilerplatform,178383176.0,Microsoft.CodeDom.Providers.DotNetCompilerPlatform,True,True,True,stars+forks+downloads
microsoft.identitymodel.loggingextensions,178148954.0,Microsoft.IdentityModel.LoggingExtensions,False,False,True,downloads
runtime.unix.system.net.primitives,177454082.0,runtime.unix.System.Net.Primitives,False,False,True,downloads
system.io.unmanagedmemorystream,176877115.0,System.IO.UnmanagedMemoryStream,True,False,True,stars+downloads
system.io.pipes,174383430.0,System.IO.Pipes,True,True,True,stars+forks+downloads
nlog.web.aspnetcore,174212336.0,NLog.Web.AspNetCore,True,True,True,stars+forks+downloads
prometheus-net.aspnetcore,174106640.0,prometheus-net.AspNetCore,True,True,True,stars+forks+downloads
flurl,173829089.0,Flurl,True,True,True,stars+forks+downloads
starkbank-ecdsa,173627378.0,starkbank-ecdsa,False,False,True,downloads
microsoft.extensions.compliance.abstractions,173550189.0,Microsoft.Extensions.Compliance.Abstractions,False,False,True,downloads
microsoft.netcore.app.runtime.win-x64,171596337.0,Microsoft.NETCore.App.Runtime.win-x64,True,True,True,stars+forks+downloads
microsoft.extensions.telemetry.abstractions,171423922.0,Microsoft.Extensions.Telemetry.Abstractions,False,False,True,downloads
azure.messaging.eventgrid,171377479.0,Azure.Messaging.EventGrid,True,True,True,stars+forks+downloads
microsoft.featuremanagement,171168631.0,Microsoft.FeatureManagement,False,False,True,downloads
microsoft.aspnet.web.optimization,171085372.0,Microsoft.AspNet.Web.Optimization,True,True,True,stars+forks+downloads
azure.data.appconfiguration,170708159.0,Azure.Data.AppConfiguration,False,False,True,downloads
microsoft.build.locator,170252219.0,Microsoft.Build.Locator,True,True,True,stars+forks+downloads
microsoft.extensions.configuration.azureappconfiguration,169991987.0,Microsoft.Extensions.Configuration.AzureAppConfiguration,False,False,True,downloads
cake.tool,169823973.0,Cake.Tool,False,False,True,downloads
runtime.unix.system.console,169250290.0,runtime.unix.System.Console,False,False,True,downloads
mediatr.extensions.microsoft.dependencyinjection,168119652.0,MediatR.Extensions.Microsoft.DependencyInjection,False,True,True,forks+downloads
system.io.memorymappedfiles,167556152.0,System.IO.MemoryMappedFiles,False,False,True,downloads
grpc.auth,167363287.0,Grpc.Auth,True,True,True,stars+forks+downloads
microsoft.aspnetcore.app.runtime.win-x64,167214754.0,Microsoft.AspNetCore.App.Runtime.win-x64,False,True,True,forks+downloads
polly.contrib.waitandretry,167071927.0,Polly.Contrib.WaitAndRetry,True,True,True,stars+forks+downloads
microsoft.netcore.dotnethost,167028153.0,Microsoft.NETCore.DotNetHost,False,False,True,downloads
microsoft.aspnetcore.mvc.analyzers,164246776.0,Microsoft.AspNetCore.Mvc.Analyzers,False,False,True,downloads
nito.collections.deque,163712756.0,Nito.Collections.Deque,True,True,True,stars+forks+downloads
microsoft.aspnetcore.websockets,163506207.0,Microsoft.AspNetCore.WebSockets,True,True,True,stars+forks+downloads
aspnetcore.healthchecks.ui.client,162185165.0,AspNetCore.HealthChecks.UI.Client,False,False,True,downloads
masstransit.abstractions,162147309.0,MassTransit.Abstractions,False,False,True,downloads
system.reflection.metadataloadcontext,161442837.0,System.Reflection.MetadataLoadContext,True,True,True,stars+forks+downloads
nito.asyncex.context,161122641.0,Nito.AsyncEx.Context,True,True,True,stars+forks+downloads
microsoft.netcore.app.host.win-x64,160890706.0,Microsoft.NETCore.App.Host.win-x64,False,True,True,forks+downloads
microsoft.identity.web.tokenacquisition,160209584.0,Microsoft.Identity.Web.TokenAcquisition,False,False,True,downloads
system.resources.extensions,160177763.0,System.Resources.Extensions,True,True,True,stars+forks+downloads
microsoft.identity.web.diagnostics,160147081.0,Microsoft.Identity.Web.Diagnostics,False,False,True,downloads
microsoft.extensions.options.dataannotations,160144058.0,Microsoft.Extensions.Options.DataAnnotations,True,True,True,stars+forks+downloads
microsoft.identity.abstractions,159788399.0,Microsoft.Identity.Abstractions,False,False,True,downloads
nunit.analyzers,159421370.0,NUnit.Analyzers,True,True,True,stars+forks+downloads
nito.asyncex.coordination,158195028.0,Nito.AsyncEx.Coordination,True,True,True,stars+forks+downloads
humanizer,157403657.0,Humanizer,True,True,True,stars+forks+downloads
serilog.sinks.applicationinsights,157384750.0,Serilog.Sinks.ApplicationInsights,True,True,True,stars+forks+downloads
microsoft.azure.servicebus,156840915.0,Microsoft.Azure.ServiceBus,False,False,True,downloads
aspnetcore.healthchecks.ui.core,156598811.0,AspNetCore.HealthChecks.UI.Core,False,False,True,downloads
humanizer.core.uk,156325122.0,Humanizer.Core.uk,False,False,True,downloads
sshnet.security.cryptography,155966525.0,SshNet.Security.Cryptography,False,False,True,downloads
microsoft.aspnetcore.mvc.razor.runtimecompilation,155834447.0,Microsoft.AspNetCore.Mvc.Razor.RuntimeCompilation,True,True,True,stars+forks+downloads
hangfire.sqlserver,154899377.0,Hangfire.SqlServer,True,True,True,stars+forks+downloads
microsoft.aspnetcore.http.connections.client,154736270.0,Microsoft.AspNetCore.Http.Connections.Client,False,True,True,forks+downloads
humanizer.core.fr,154088680.0,Humanizer.Core.fr,False,False,True,downloads
polly.extensions,154067416.0,Polly.Extensions,True,True,True,stars+forks+downloads
microsoft.azure.functions.worker.itemtemplates,154006950.0,Microsoft.Azure.Functions.Worker.ItemTemplates,False,False,True,downloads
humanizer.core.de,153823188.0,Humanizer.Core.de,False,False,True,downloads
humanizer.core.es,153770772.0,Humanizer.Core.es,False,False,True,downloads
microsoft.diasymreader,153598193.0,Microsoft.DiaSymReader,True,True,True,stars+forks+downloads
humanizer.core.ru,153520643.0,Humanizer.Core.ru,False,False,True,downloads
humanizer.core.pt,153169395.0,Humanizer.Core.pt,False,False,True,downloads
serilog.expressions,153162235.0,Serilog.Expressions,True,True,True,stars+forks+downloads
humanizer.core.zh-cn,152988355.0,Humanizer.Core.zh-CN,False,False,True,downloads
humanizer.core.it,152851279.0,Humanizer.Core.it,False,False,True,downloads
humanizer.core.nl,152848262.0,Humanizer.Core.nl,False,False,True,downloads
microsoft.codeanalysis.visualbasic.workspaces,152807224.0,Microsoft.CodeAnalysis.VisualBasic.Workspaces,True,True,True,stars+forks+downloads
humanizer.core.zh-hans,152743025.0,Humanizer.Core.zh-Hans,False,False,True,downloads
humanizer.core.zh-hant,152713868.0,Humanizer.Core.zh-Hant,False,False,True,downloads
humanizer.core.pl,152628622.0,Humanizer.Core.pl,False,False,True,downloads
humanizer.core.ja,152578658.0,Humanizer.Core.ja,False,False,True,downloads
humanizer.core.sv,152509787.0,Humanizer.Core.sv,False,False,True,downloads
humanizer.core.cs,152461673.0,Humanizer.Core.cs,False,False,True,downloads
humanizer.core.da,152459247.0,Humanizer.Core.da,False,False,True,downloads
humanizer.core.id,152451437.0,Humanizer.Core.id,False,False,True,downloads
humanizer.core.he,152425625.0,Humanizer.Core.he,False,False,True,downloads
humanizer.core.tr,152422570.0,Humanizer.Core.tr,False,False,True,downloads
humanizer.core.hr,152421382.0,Humanizer.Core.hr,False,False,True,downloads
humanizer.core.el,152406588.0,Humanizer.Core.el,False,False,True,downloads
serilog.sinks.seq,152396493.0,Serilog.Sinks.Seq,False,True,True,forks+downloads
humanizer.core.ro,152394704.0,Humanizer.Core.ro,False,False,True,downloads
humanizer.core.fa,152390687.0,Humanizer.Core.fa,False,False,True,downloads
humanizer.core.hu,152379957.0,Humanizer.Core.hu,False,False,True,downloads
humanizer.core.ar,152356604.0,Humanizer.Core.ar,False,False,True,downloads
humanizer.core.nb,152350149.0,Humanizer.Core.nb,False,False,True,downloads
humanizer.core.uz-cyrl-uz,152300817.0,Humanizer.Core.uz-Cyrl-UZ,False,False,True,downloads
humanizer.core.sk,152300642.0,Humanizer.Core.sk,False,False,True,downloads
humanizer.core.bg,152273703.0,Humanizer.Core.bg,False,False,True,downloads
humanizer.core.sl,152271024.0,Humanizer.Core.sl,False,False,True,downloads
humanizer.core.vi,152259985.0,Humanizer.Core.vi,False,False,True,downloads
humanizer.core.sr-latn,152256641.0,Humanizer.Core.sr-Latn,False,False,True,downloads
humanizer.core.uz-latn-uz,152253553.0,Humanizer.Core.uz-Latn-UZ,False,False,True,downloads
humanizer.core.sr,152247087.0,Humanizer.Core.sr,False,False,True,downloads
humanizer.core.af,152148949.0,Humanizer.Core.af,False,False,True,downloads
anglesharp.css,151924044.0,AngleSharp.Css,False,False,True,downloads
kubernetesclient,151783580.0,KubernetesClient,True,True,True,stars+forks+downloads
humanizer.core.lv,151576852.0,Humanizer.Core.lv,False,False,True,downloads
microsoft.extensions.dependencyinjection.autoactivation,151559183.0,Microsoft.Extensions.DependencyInjection.AutoActivation,False,False,True,downloads
diffengine,150818141.0,DiffEngine,False,False,True,downloads
runtime.unix.system.net.sockets,150714154.0,runtime.unix.System.Net.Sockets,False,False,True,downloads
protobuf-net.core,150536720.0,protobuf-net.Core,False,False,True,downloads
mysql.data,150241337.0,MySql.Data,True,True,True,stars+forks+downloads
system.data.oledb,149943890.0,System.Data.OleDb,True,True,True,stars+forks+downloads
nswag.annotations,149419788.0,NSwag.Annotations,False,False,True,downloads
humanizer.core.mt,148868946.0,Humanizer.Core.mt,False,False,True,downloads
humanizer.core.nb-no,148412422.0,Humanizer.Core.nb-NO,False,False,True,downloads
humanizer.core.fi-fi,148381289.0,Humanizer.Core.fi-FI,False,False,True,downloads
humanizer.core.fr-be,148357270.0,Humanizer.Core.fr-BE,False,False,True,downloads
humanizer.core.bn-bd,148260055.0,Humanizer.Core.bn-BD,False,False,True,downloads
asp.versioning.abstractions,146755105.0,Asp.Versioning.Abstractions,False,False,True,downloads
asp.versioning.http,146737034.0,Asp.Versioning.Http,True,True,True,stars+forks+downloads
system.io.abstractions,146357485.0,System.IO.Abstractions,True,True,True,stars+forks+downloads
emptyfiles,145685071.0,EmptyFiles,False,False,True,downloads
k4os.compression.lz4,145251251.0,K4os.Compression.LZ4,True,True,True,stars+forks+downloads
microsoft.net.http,145220882.0,Microsoft.Net.Http,True,True,True,stars+forks+downloads
humanizer.core.hy,145125228.0,Humanizer.Core.hy,False,False,True,downloads
microsoft.extensions.configuration.xml,144906422.0,Microsoft.Extensions.Configuration.Xml,True,False,True,stars+downloads
humanizer.core.ms-my,144867614.0,Humanizer.Core.ms-MY,False,False,True,downloads
microsoft.extensions.http.diagnostics,144621683.0,Microsoft.Extensions.Http.Diagnostics,False,False,True,downloads
microsoft.net.workloads.10.0.300,144614822.0,Microsoft.NET.Workloads.10.0.300,False,False,True,downloads
webactivatorex,144250222.0,WebActivatorEx,False,False,True,downloads
microsoft.extensions.telemetry,144186471.0,Microsoft.Extensions.Telemetry,False,True,True,forks+downloads
humanizer.core.az,144060634.0,Humanizer.Core.az,False,False,True,downloads
microsoft.kiota.abstractions,143633889.0,Microsoft.Kiota.Abstractions,False,False,True,downloads
microsoft.extensions.ambientmetadata.application,142270592.0,Microsoft.Extensions.AmbientMetadata.Application,False,False,True,downloads
asp.versioning.mvc,142187073.0,Asp.Versioning.Mvc,True,True,True,stars+forks+downloads
azure.data.tables,142059259.0,Azure.Data.Tables,True,True,True,stars+forks+downloads
jsonsubtypes,141931389.0,JsonSubTypes,False,False,True,downloads
masstransit.rabbitmq,141661858.0,MassTransit.RabbitMQ,False,False,True,downloads
microsoft.aspnetcore.diagnostics.entityframeworkcore,141348335.0,Microsoft.AspNetCore.Diagnostics.EntityFrameworkCore,True,True,True,stars+forks+downloads
microsoft.aspnetcore.spaservices.extensions,141294308.0,Microsoft.AspNetCore.SpaServices.Extensions,False,False,True,downloads
microsoft.extensions.diagnostics.healthchecks.entityframeworkcore,141079276.0,Microsoft.Extensions.Diagnostics.HealthChecks.EntityFrameworkCore,True,True,True,stars+forks+downloads
microsoft.windowsdesktop.app.ref,141039676.0,Microsoft.WindowsDesktop.App.Ref,False,False,True,downloads
runtime.win.system.runtime.extensions,140998611.0,runtime.win.System.Runtime.Extensions,False,False,True,downloads
microsoft.owin.security.oauth,140917455.0,Microsoft.Owin.Security.OAuth,True,True,True,stars+forks+downloads
microsoft.extensions.resilience,140332454.0,Microsoft.Extensions.Resilience,False,False,True,downloads
humanizer.core.ku,140005997.0,Humanizer.Core.ku,False,False,True,downloads
microsoft.extensions.diagnostics.exceptionsummarization,139966872.0,Microsoft.Extensions.Diagnostics.ExceptionSummarization,False,False,True,downloads
microsoft.aspnetcore.identity,139647151.0,Microsoft.AspNetCore.Identity,True,True,True,stars+forks+downloads
system.reactive.linq,139234140.0,System.Reactive.Linq,True,True,True,stars+forks+downloads
nswag.generation,139188048.0,NSwag.Generation,False,False,True,downloads
microsoft.azure.storage.common,138913279.0,Microsoft.Azure.Storage.Common,False,False,True,downloads
runtime.win.system.diagnostics.debug,138602252.0,runtime.win.System.Diagnostics.Debug,False,False,True,downloads
microsoft.extensions.http.resilience,138099937.0,Microsoft.Extensions.Http.Resilience,True,True,True,stars+forks+downloads
microsoft.azure.webjobs.itemtemplates,137859298.0,Microsoft.Azure.WebJobs.ItemTemplates,False,False,True,downloads
microsoft.azure.webjobs.projecttemplates,137447064.0,Microsoft.Azure.WebJobs.ProjectTemplates,False,False,True,downloads
documentformat.openxml.framework,137278318.0,DocumentFormat.OpenXml.Framework,False,False,True,downloads
microsoft.netframework.referenceassemblies,137254724.0,Microsoft.NETFramework.ReferenceAssemblies,True,True,True,stars+forks+downloads
microsoft.azure.functions.analyzers,137023645.0,Microsoft.Azure.Functions.Analyzers,False,False,True,downloads
system.directoryservices.accountmanagement,137018225.0,System.DirectoryServices.AccountManagement,True,True,True,stars+forks+downloads
humanizer.core.ko-kr,136228771.0,Humanizer.Core.ko-KR,False,False,True,downloads
humanizer.core.th-th,136015507.0,Humanizer.Core.th-TH,False,False,True,downloads
microsoft.net.workloads.10.0.100,135935987.0,Microsoft.NET.Workloads.10.0.100,False,False,True,downloads
pomelo.entityframeworkcore.mysql,135916136.0,Pomelo.EntityFrameworkCore.MySql,True,True,True,stars+forks+downloads
nswag.aspnetcore,135902889.0,NSwag.AspNetCore,True,True,True,stars+forks+downloads
microsoft.testplatform,135793378.0,Microsoft.TestPlatform,False,True,True,forks+downloads
twilio,135067854.0,Twilio,True,True,True,stars+forks+downloads
microsoft.data.services.client,134999825.0,Microsoft.Data.Services.Client,False,True,True,forks+downloads
system.data.odbc,134524409.0,System.Data.Odbc,True,True,True,stars+forks+downloads
serilog.formatting.elasticsearch,134467337.0,Serilog.Formatting.Elasticsearch,False,True,True,forks+downloads
awssdk.cloudwatchlogs,134434975.0,AWSSDK.CloudWatchLogs,False,False,True,downloads
polly.ratelimiting,134175033.0,Polly.RateLimiting,True,False,True,stars+downloads
modernizr,133864691.0,Modernizr,True,True,True,stars+forks+downloads
microsoft.aspnetcore.signalr.client,133765990.0,Microsoft.AspNetCore.SignalR.Client,True,True,True,stars+forks+downloads
bootstrap,133535930.0,bootstrap,True,True,True,stars+forks+downloads
fractions,133234427.0,Fractions,False,False,True,downloads
humanizer.core.is,133201865.0,Humanizer.Core.is,False,False,True,downloads
microsoft.applicationinsights.workerservice,132624124.0,Microsoft.ApplicationInsights.WorkerService,True,True,True,stars+forks+downloads
microsoft.visualstudio.threading.analyzers,132470824.0,Microsoft.VisualStudio.Threading.Analyzers,True,True,True,stars+forks+downloads
microsoft.aspnetcore.signalr.client.core,132467864.0,Microsoft.AspNetCore.SignalR.Client.Core,False,False,True,downloads
nuget.projectmodel,132414280.0,NuGet.ProjectModel,True,True,True,stars+forks+downloads
sentry,132368891.0,Sentry,True,True,True,stars+forks+downloads
nuget.dependencyresolver.core,132115864.0,NuGet.DependencyResolver.Core,False,False,True,downloads
nuget.librarymodel,131874711.0,NuGet.LibraryModel,False,False,True,downloads
microsoft.net.illink.tasks,131109835.0,Microsoft.NET.ILLink.Tasks,True,False,True,stars+downloads
microsoft.owin.security.cookies,130383163.0,Microsoft.Owin.Security.Cookies,True,True,True,stars+forks+downloads
fsharp.core,129554925.0,FSharp.Core,True,True,True,stars+forks+downloads
microsoft.aspnetcore.authentication.facebook,129446211.0,Microsoft.AspNetCore.Authentication.Facebook,True,True,True,stars+forks+downloads
serilog.sinks.rollingfile,129341933.0,Serilog.Sinks.RollingFile,False,False,True,downloads
nswag.generation.aspnetcore,129134707.0,NSwag.Generation.AspNetCore,False,False,True,downloads
runtime.win.system.io.filesystem,129106567.0,runtime.win.System.IO.FileSystem,False,False,True,downloads
system.net.websockets.websocketprotocol,128957865.0,System.Net.WebSockets.WebSocketProtocol,True,True,True,stars+forks+downloads
aspnetcore.healthchecks.sqlserver,127856650.0,AspNetCore.HealthChecks.SqlServer,True,True,True,stars+forks+downloads
oracle.manageddataaccess.core,127646115.0,Oracle.ManagedDataAccess.Core,True,True,True,stars+forks+downloads
jquery.validation,127555602.0,jQuery.Validation,True,True,True,stars+forks+downloads
microsoft.net.compilers,127403031.0,Microsoft.Net.Compilers,True,True,True,stars+forks+downloads
microsoft.azure.storage.blob,127170171.0,Microsoft.Azure.Storage.Blob,False,True,True,forks+downloads
htmlsanitizer,127135244.0,HtmlSanitizer,True,True,True,stars+forks+downloads
selenium.support,126574616.0,Selenium.Support,True,True,True,stars+forks+downloads
microsoft.aspnetcore.identity.ui,125977080.0,Microsoft.AspNetCore.Identity.UI,True,True,True,stars+forks+downloads
flurl.http,125734826.0,Flurl.Http,True,True,True,stars+forks+downloads
morelinq,125642465.0,morelinq,False,False,True,downloads
microsoft.aspnetcore.hostfiltering,124950298.0,Microsoft.AspNetCore.HostFiltering,True,False,True,stars+downloads
serilog.sinks.elasticsearch,124736313.0,Serilog.Sinks.Elasticsearch,False,True,True,forks+downloads
google.apis.storage.v1,124489972.0,Google.Apis.Storage.v1,False,False,True,downloads
microsoft.bcl.build,124463449.0,Microsoft.Bcl.Build,True,True,True,stars+forks+downloads
microsoft.kiota.http.httpclientlibrary,124068837.0,Microsoft.Kiota.Http.HttpClientLibrary,True,True,True,stars+forks+downloads
njsonschema.yaml,123554814.0,NJsonSchema.Yaml,False,False,True,downloads
microsoft.kiota.serialization.json,123414442.0,Microsoft.Kiota.Serialization.Json,True,True,True,stars+forks+downloads
microsoft.codeanalysis.features,123242762.0,Microsoft.CodeAnalysis.Features,True,True,True,stars+forks+downloads
dotnet-ef,122934593.0,dotnet-ef,False,False,True,downloads
shouldly,122619511.0,Shouldly,True,True,True,stars+forks+downloads
microsoft.azure.functions.worker,122348301.0,Microsoft.Azure.Functions.Worker,False,True,True,forks+downloads
microsoft.data.sqlite,122258095.0,Microsoft.Data.Sqlite,True,True,True,stars+forks+downloads
microsoft.azure.functions.worker.extensions.abstractions,122120255.0,Microsoft.Azure.Functions.Worker.Extensions.Abstractions,False,True,True,forks+downloads
gitversion.tool,121937308.0,GitVersion.Tool,False,False,True,downloads
microsoft.extensions.configuration.ini,121619205.0,Microsoft.Extensions.Configuration.Ini,True,False,True,stars+downloads
microsoft.kiota.serialization.text,121309694.0,Microsoft.Kiota.Serialization.Text,False,False,True,downloads
microsoft.aspnetcore.authentication.twitter,121039255.0,Microsoft.AspNetCore.Authentication.Twitter,False,True,True,forks+downloads
microsoft.kiota.serialization.form,120693233.0,Microsoft.Kiota.Serialization.Form,False,False,True,downloads
awssdk.lambda,120497666.0,AWSSDK.Lambda,False,False,True,downloads
system.io.ports,120470493.0,System.IO.Ports,False,True,True,forks+downloads
stylecop.analyzers.unstable,120230605.0,StyleCop.Analyzers.Unstable,False,False,True,downloads
microsoft.codeanalysis.csharp.features,120117359.0,Microsoft.CodeAnalysis.CSharp.Features,True,True,True,stars+forks+downloads
microsoft.aspnetcore.http.connections,119337406.0,Microsoft.AspNetCore.Http.Connections,False,False,True,downloads
njsonschema.annotations,119268368.0,NJsonSchema.Annotations,False,False,True,downloads
runtime.win.microsoft.win32.primitives,119208856.0,runtime.win.Microsoft.Win32.Primitives,False,False,True,downloads
asp.versioning.mvc.apiexplorer,119053049.0,Asp.Versioning.Mvc.ApiExplorer,True,True,True,stars+forks+downloads
unity,119005509.0,Unity,True,False,True,stars+downloads
handlebars.net,118394701.0,Handlebars.Net,True,True,True,stars+forks+downloads
specflow,118370934.0,SpecFlow,False,False,True,downloads
microsoft.build.tasks.git,117279664.0,Microsoft.Build.Tasks.Git,False,False,True,downloads
microsoft.diagnostics.tracing.traceevent,117186287.0,Microsoft.Diagnostics.Tracing.TraceEvent,True,True,True,stars+forks+downloads
runtime.win.system.net.primitives,117081874.0,runtime.win.System.Net.Primitives,False,False,True,downloads
swashbuckle.aspnetcore.filters,116903140.0,Swashbuckle.AspNetCore.Filters,True,False,True,stars+downloads
npoi,116751964.0,NPOI,True,True,True,stars+forks+downloads
microsoft.codeanalysis.csharp.scripting,116473552.0,Microsoft.CodeAnalysis.CSharp.Scripting,True,True,True,stars+forks+downloads
azure.security.keyvault.keys,116373232.0,Azure.Security.KeyVault.Keys,False,True,True,forks+downloads
refit.httpclientfactory,116328194.0,Refit.HttpClientFactory,True,False,True,stars+downloads
common.logging,116084371.0,Common.Logging,True,True,True,stars+forks+downloads
microsoft.aspnet.cors,115850512.0,Microsoft.AspNet.Cors,False,True,True,forks+downloads
microsoft.sourcelink.common,115745129.0,Microsoft.SourceLink.Common,False,False,True,downloads
google.cloud.storage.v1,115311485.0,Google.Cloud.Storage.V1,True,True,True,stars+forks+downloads
dotnet-reportgenerator-globaltool,114858956.0,dotnet-reportgenerator-globaltool,False,False,True,downloads
opentelemetry.instrumentation.sqlclient,114774052.0,OpenTelemetry.Instrumentation.SqlClient,False,False,True,downloads
microsoft.kiota.serialization.multipart,114628575.0,Microsoft.Kiota.Serialization.Multipart,False,False,True,downloads
nswag.core.yaml,114528987.0,NSwag.Core.Yaml,False,False,True,downloads
microsoft.azure.functions.worker.grpc,114245530.0,Microsoft.Azure.Functions.Worker.Grpc,False,False,True,downloads
microsoft.aspnetcore.authentication.oauth,113965363.0,Microsoft.AspNetCore.Authentication.OAuth,False,False,True,downloads
serilog.enrichers.process,113750351.0,Serilog.Enrichers.Process,False,True,True,forks+downloads
runtime.win.system.console,113483459.0,runtime.win.System.Console,False,False,True,downloads
microsoft.bcl,113234709.0,Microsoft.Bcl,True,True,True,stars+forks+downloads
microsoft.diagnostics.netcore.client,113179945.0,Microsoft.Diagnostics.NETCore.Client,True,True,True,stars+forks+downloads
microsoft.dotnet.scaffolding.shared,113021273.0,Microsoft.DotNet.Scaffolding.Shared,False,False,True,downloads
microsoft.codeanalysis.analyzerutilities,112962595.0,Microsoft.CodeAnalysis.AnalyzerUtilities,False,False,True,downloads
system.runtime.interopservices.windowsruntime,112868231.0,System.Runtime.InteropServices.WindowsRuntime,False,True,True,forks+downloads
microsoft.jquery.unobtrusive.validation,112534386.0,Microsoft.jQuery.Unobtrusive.Validation,True,True,True,stars+forks+downloads
microsoft.visualstudio.validation,112406889.0,Microsoft.VisualStudio.Validation,True,True,True,stars+forks+downloads
newrelic.agent,112305322.0,NewRelic.Agent,False,False,True,downloads
microsoft.aspnetcore.signalr.core,112063890.0,Microsoft.AspNetCore.SignalR.Core,False,False,True,downloads
microsoft.applicationinsights.web,111984423.0,Microsoft.ApplicationInsights.Web,True,True,True,stars+forks+downloads
microsoft.aspnet.identity.core,111902946.0,Microsoft.AspNet.Identity.Core,True,True,True,stars+forks+downloads
microsoft.applicationinsights.agent.intercept,111672886.0,Microsoft.ApplicationInsights.Agent.Intercept,True,True,True,stars+forks+downloads
exceldatareader,111404451.0,ExcelDataReader,False,True,True,forks+downloads
std.uritemplate,111313752.0,Std.UriTemplate,False,False,True,downloads
commonservicelocator,110888738.0,CommonServiceLocator,True,False,True,stars+downloads
microsoft.kiota.authentication.azure,110747099.0,Microsoft.Kiota.Authentication.Azure,True,True,True,stars+forks+downloads
microsoft.entityframeworkcore.proxies,110543352.0,Microsoft.EntityFrameworkCore.Proxies,True,True,True,stars+forks+downloads
common.logging.core,109893354.0,Common.Logging.Core,True,True,True,stars+forks+downloads
xamarin.androidx.annotation,108890288.0,Xamarin.AndroidX.Annotation,False,False,True,downloads
testcontainers,108786237.0,TestContainers,True,True,True,stars+forks+downloads
system.reactive.core,108646585.0,System.Reactive.Core,False,True,True,forks+downloads
microsoft.net.sdk.android.manifest-8.0.100.msi.x64,108177219.0,Microsoft.NET.Sdk.Android.Manifest-8.0.100.Msi.x64,False,False,True,downloads
system.servicemodel.syndication,108151896.0,System.ServiceModel.Syndication,True,False,True,stars+downloads
microsoft.azure.functions.worker.sdk,108143924.0,Microsoft.Azure.Functions.Worker.Sdk,False,True,True,forks+downloads
microsoft.net.sdk.ios.manifest-8.0.100.msi.x64,107995729.0,Microsoft.NET.Sdk.iOS.Manifest-8.0.100.Msi.x64,False,False,True,downloads
microsoft.net.sdk.maccatalyst.manifest-8.0.100.msi.x64,107931942.0,Microsoft.NET.Sdk.MacCatalyst.Manifest-8.0.100.Msi.x64,False,False,True,downloads
microsoft.net.sdk.macos.manifest-8.0.100.msi.x64,107807771.0,Microsoft.NET.Sdk.macOS.Manifest-8.0.100.Msi.x64,False,False,True,downloads
microsoft.net.workload.mono.toolchain.current.manifest-8.0.100.msi.x64,107793867.0,Microsoft.NET.Workload.Mono.ToolChain.Current.Manifest-8.0.100.Msi.x64,False,False,True,downloads
microsoft.net.workload.emscripten.current.manifest-8.0.100.msi.x64,107666552.0,Microsoft.NET.Workload.Emscripten.Current.Manifest-8.0.100.Msi.x64,False,False,True,downloads
microsoft.net.sdk.maui.manifest-8.0.100.msi.x64,107663297.0,Microsoft.NET.Sdk.Maui.Manifest-8.0.100.Msi.x64,False,False,True,downloads
microsoft.net.sdk.tvos.manifest-8.0.100.msi.x64,107661392.0,Microsoft.NET.Sdk.tvOS.Manifest-8.0.100.Msi.x64,False,False,True,downloads
grpc,107586401.0,Grpc,True,False,True,stars+downloads
microsoft.net.workload.emscripten.net6.manifest-8.0.100.msi.x64,107548354.0,Microsoft.NET.Workload.Emscripten.net6.Manifest-8.0.100.Msi.x64,False,False,True,downloads
microsoft.net.workload.emscripten.net7.manifest-8.0.100.msi.x64,107449866.0,Microsoft.NET.Workload.Emscripten.net7.Manifest-8.0.100.Msi.x64,False,False,True,downloads
microsoft.net.workload.mono.toolchain.net6.manifest-8.0.100.msi.x64,107329564.0,Microsoft.NET.Workload.Mono.ToolChain.net6.Manifest-8.0.100.Msi.x64,False,False,True,downloads
microsoft.net.workload.mono.toolchain.net7.manifest-8.0.100.msi.x64,107135538.0,Microsoft.NET.Workload.Mono.ToolChain.net7.Manifest-8.0.100.Msi.x64,False,False,True,downloads
microsoft.azure.documentdb.core,107111893.0,Microsoft.Azure.DocumentDB.Core,False,False,True,downloads
microsoft.aspnetcore.dataprotection.extensions,106448844.0,Microsoft.AspNetCore.DataProtection.Extensions,True,True,True,stars+forks+downloads
junitxml.testlogger,106260991.0,JunitXml.TestLogger,True,False,True,stars+downloads
sonaranalyzer.csharp,105724995.0,SonarAnalyzer.CSharp,True,False,True,stars+downloads
microsoft.extensions.hosting.windowsservices,104698539.0,Microsoft.Extensions.Hosting.WindowsServices,True,True,True,stars+forks+downloads
microsoft.codeanalysis,103922010.0,Microsoft.CodeAnalysis,True,True,True,stars+forks+downloads
amazon.lambda.serialization.systemtextjson,103902742.0,Amazon.Lambda.Serialization.SystemTextJson,False,False,True,downloads
autofixture.automoq,103771686.0,AutoFixture.AutoMoq,True,True,True,stars+forks+downloads
datadog.trace,103671586.0,Datadog.Trace,False,False,True,downloads
microsoft.extensions.caching.sqlserver,102450677.0,Microsoft.Extensions.Caching.SqlServer,True,True,True,stars+forks+downloads
hangfire,102444701.0,Hangfire,True,True,True,stars+forks+downloads
runtime.osx-x64.runtime.native.system.io.ports,102440553.0,runtime.osx-x64.runtime.native.System.IO.Ports,False,False,True,downloads
runtime.linux-arm.runtime.native.system.io.ports,102412852.0,runtime.linux-arm.runtime.native.System.IO.Ports,False,False,True,downloads
runtime.native.system.io.ports,102406581.0,runtime.native.System.IO.Ports,False,False,True,downloads
runtime.linux-x64.runtime.native.system.io.ports,102390638.0,runtime.linux-x64.runtime.native.System.IO.Ports,False,False,True,downloads
runtime.linux-arm64.runtime.native.system.io.ports,102373409.0,runtime.linux-arm64.runtime.native.System.IO.Ports,False,False,True,downloads
mono.cecil,101847185.0,Mono.Cecil,True,True,True,stars+forks+downloads
libphonenumber-csharp,101727158.0,libphonenumber-csharp,False,True,True,forks+downloads
azure.messaging.eventhubs,101574978.0,Azure.Messaging.EventHubs,True,True,True,stars+forks+downloads
validation,101051647.0,Validation,False,True,True,forks+downloads
nswag.msbuild,100365056.0,NSwag.MSBuild,False,True,True,forks+downloads
runtime.win.system.net.sockets,99981172.0,runtime.win.System.Net.Sockets,False,False,True,downloads
hangfire.netcore,99713060.0,Hangfire.NetCore,False,False,True,downloads
microsoft.azure.functions.extensions,99544456.0,Microsoft.Azure.Functions.Extensions,False,True,True,forks+downloads
microsoft.aspnetcore.spaservices,99253596.0,Microsoft.AspNetCore.SpaServices,True,True,True,stars+forks+downloads
gherkin,99188325.0,gherkin,True,False,True,stars+downloads
microsoft.aspnetcore.nodeservices,99159541.0,Microsoft.AspNetCore.NodeServices,False,False,True,downloads
k4os.hash.xxhash,98436734.0,K4os.Hash.xxHash,False,False,True,downloads
microsoft.win32.registry.accesscontrol,98135878.0,Microsoft.Win32.Registry.AccessControl,True,True,True,stars+forks+downloads
stripe.net,97989079.0,Stripe.net,True,False,True,stars+downloads
microsoft.windowsdesktop.app.runtime.win-x64,97769303.0,Microsoft.WindowsDesktop.App.Runtime.win-x64,True,True,True,stars+forks+downloads
bouncycastle.netcore,97714929.0,BouncyCastle.NetCore,True,False,True,stars+downloads
sfa.core.servicemodel,97705984.0,Sfa.Core.ServiceModel,False,False,True,downloads
microsoft.azure.functions.worker.extensions.http,97169978.0,Microsoft.Azure.Functions.Worker.Extensions.Http,False,True,True,forks+downloads
system.commandline,96858427.0,System.CommandLine,True,True,True,stars+forks+downloads
devexpress.xpo,96325822.0,DevExpress.Xpo,True,True,True,stars+forks+downloads
microsoft.net.sdk.android.manifest-9.0.100.msi.x64,96325530.0,Microsoft.NET.Sdk.Android.Manifest-9.0.100.Msi.x64,False,False,True,downloads
microsoft.aspnet.webapi.owin,96294881.0,Microsoft.AspNet.WebApi.Owin,False,False,True,downloads
microsoft.net.sdk.ios.manifest-9.0.100.msi.x64,96285491.0,Microsoft.NET.Sdk.iOS.Manifest-9.0.100.Msi.x64,False,False,True,downloads
microsoft.net.sdk.maccatalyst.manifest-9.0.100.msi.x64,96249822.0,Microsoft.NET.Sdk.MacCatalyst.Manifest-9.0.100.Msi.x64,False,False,True,downloads
microsoft.net.sdk.macos.manifest-9.0.100.msi.x64,96200219.0,Microsoft.NET.Sdk.macOS.Manifest-9.0.100.Msi.x64,False,False,True,downloads
microsoft.featuremanagement.aspnetcore,96112883.0,Microsoft.FeatureManagement.AspNetCore,False,True,True,forks+downloads
microsoft.azure.functions.worker.sdk.generators,96065204.0,Microsoft.Azure.Functions.Worker.Sdk.Generators,False,False,True,downloads
microsoft.net.sdk.tvos.manifest-9.0.100.msi.x64,96052826.0,Microsoft.NET.Sdk.tvOS.Manifest-9.0.100.Msi.x64,False,False,True,downloads
system.reactive.interfaces,95976785.0,System.Reactive.Interfaces,False,True,True,forks+downloads
microsoft.net.workload.mono.toolchain.current.manifest-9.0.100.msi.x64,95721864.0,Microsoft.NET.Workload.Mono.ToolChain.Current.Manifest-9.0.100.Msi.x64,False,False,True,downloads
microsoft.net.sdk.maui.manifest-9.0.100.msi.x64,95676804.0,Microsoft.NET.Sdk.Maui.Manifest-9.0.100.Msi.x64,False,False,True,downloads
microsoft.net.workload.emscripten.current.manifest-9.0.100.msi.x64,95644128.0,Microsoft.NET.Workload.Emscripten.Current.Manifest-9.0.100.Msi.x64,False,False,True,downloads
microsoft.net.workload.emscripten.net6.manifest-9.0.100.msi.x64,95521206.0,Microsoft.NET.Workload.Emscripten.net6.Manifest-9.0.100.Msi.x64,False,False,True,downloads
microsoft.net.workload.emscripten.net7.manifest-9.0.100.msi.x64,95514220.0,Microsoft.NET.Workload.Emscripten.net7.Manifest-9.0.100.Msi.x64,False,False,True,downloads
launchdarkly.eventsource,95400031.0,LaunchDarkly.EventSource,False,False,True,downloads
microsoft.windows.compatibility,95352016.0,Microsoft.Windows.Compatibility,True,True,True,stars+forks+downloads
microsoft.net.workload.emscripten.net8.manifest-9.0.100.msi.x64,95343374.0,Microsoft.NET.Workload.Emscripten.net8.Manifest-9.0.100.Msi.x64,False,False,True,downloads
newtonsoft.json.schema,95273587.0,Newtonsoft.Json.Schema,False,True,True,forks+downloads
microsoft.net.workload.mono.toolchain.net6.manifest-9.0.100.msi.x64,95193987.0,Microsoft.NET.Workload.Mono.ToolChain.net6.Manifest-9.0.100.Msi.x64,False,False,True,downloads
skiasharp.nativeassets.linux.nodependencies,95174589.0,SkiaSharp.NativeAssets.Linux.NoDependencies,True,True,True,stars+forks+downloads
microsoft.windowsazure.configurationmanager,95167866.0,Microsoft.WindowsAzure.ConfigurationManager,True,True,True,stars+forks+downloads
microsoft.net.workload.mono.toolchain.net7.manifest-9.0.100.msi.x64,95145811.0,Microsoft.NET.Workload.Mono.ToolChain.net7.Manifest-9.0.100.Msi.x64,False,False,True,downloads
sqlitepclraw.provider.dynamic_cdecl,95109284.0,SQLitePCLRaw.provider.dynamic_cdecl,True,True,True,stars+forks+downloads
microsoft.aspnetcore.server.kestrel.transport.libuv,95052933.0,Microsoft.AspNetCore.Server.Kestrel.Transport.Libuv,False,False,True,downloads
microsoft.net.workload.mono.toolchain.net8.manifest-9.0.100.msi.x64,95015724.0,Microsoft.NET.Workload.Mono.ToolChain.net8.Manifest-9.0.100.Msi.x64,False,False,True,downloads
microsoft.extensions.configuration.azurekeyvault,94761979.0,Microsoft.Extensions.Configuration.AzureKeyVault,False,False,True,downloads
microsoft.azure.functions.worker.sdk.analyzers,94585973.0,Microsoft.Azure.Functions.Worker.Sdk.Analyzers,False,False,True,downloads
k4os.compression.lz4.streams,93999203.0,K4os.Compression.LZ4.Streams,False,False,True,downloads
json.more.net,93693421.0,Json.More.Net,False,False,True,downloads
microsoft.aspnetcore.signalr,93350405.0,Microsoft.AspNetCore.SignalR,True,True,True,stars+forks+downloads
ben.demystifier,93200072.0,Ben.Demystifier,True,True,True,stars+forks+downloads
aspnetcore.healthchecks.redis,92665363.0,AspNetCore.HealthChecks.Redis,False,False,True,downloads
swashbuckle.aspnetcore.filters.abstractions,91905549.0,Swashbuckle.AspNetCore.Filters.Abstractions,False,False,True,downloads
harfbuzzsharp,91819993.0,HarfBuzzSharp,True,False,True,stars+downloads
cake,91532094.0,Cake,True,False,True,stars+downloads
jwt,91416689.0,JWT,False,False,True,downloads
microsoft.azure.appconfiguration.aspnetcore,90949870.0,Microsoft.Azure.AppConfiguration.AspNetCore,False,True,True,forks+downloads
sqlitepclraw.bundle_green,90923176.0,SQLitePCLRaw.bundle_green,True,True,True,stars+forks+downloads
aspnetcore.healthchecks.uris,90819289.0,AspNetCore.HealthChecks.Uris,True,False,True,stars+downloads
specflow.tools.msbuild.generation,90697970.0,SpecFlow.Tools.MsBuild.Generation,False,False,True,downloads
fody,90659822.0,Fody,True,True,True,stars+forks+downloads
graphql-parser,90476088.0,GraphQL-Parser,False,False,True,downloads
microsoft.net.workload.mono.toolchain.manifest-6.0.300,90298271.0,Microsoft.NET.Workload.Mono.ToolChain.Manifest-6.0.300,False,False,True,downloads
microsoft.net.workload.emscripten.manifest-6.0.300,90276463.0,Microsoft.NET.Workload.Emscripten.Manifest-6.0.300,False,False,True,downloads
njsonschema.newtonsoftjson,89585039.0,NJsonSchema.NewtonsoftJson,False,False,True,downloads
graphql,89312418.0,GraphQL,False,True,True,forks+downloads
castle.windsor,89170033.0,Castle.Windsor,True,True,True,stars+forks+downloads
xamarin.androidx.lifecycle.common,88962873.0,Xamarin.AndroidX.Lifecycle.Common,False,False,True,downloads
syncfusion.licensing,88823247.0,Syncfusion.Licensing,False,False,True,downloads
microsoft.bcl.memory,88445104.0,Microsoft.Bcl.Memory,True,True,True,stars+forks+downloads
microsoft.extensions.ai.abstractions,88089485.0,Microsoft.Extensions.AI.Abstractions,True,True,True,stars+forks+downloads
messagepackanalyzer,87971002.0,MessagePackAnalyzer,True,True,True,stars+forks+downloads
nettopologysuite.io.sqlserverbytes,87908628.0,NetTopologySuite.IO.SqlServerBytes,True,True,True,stars+forks+downloads
xamarin.androidx.collection,87718010.0,Xamarin.AndroidX.Collection,False,False,True,downloads
microsoft.aspnetcore.components.authorization,87529654.0,Microsoft.AspNetCore.Components.Authorization,True,True,True,stars+forks+downloads
microsoft.sourcelink.github,87499083.0,Microsoft.SourceLink.GitHub,True,True,True,stars+forks+downloads
microsoft.aspnet.telemetrycorrelation,87471260.0,Microsoft.AspNet.TelemetryCorrelation,True,True,True,stars+forks+downloads
microsoft.aspnet.identity.owin,87247157.0,Microsoft.AspNet.Identity.Owin,True,True,True,stars+forks+downloads
microsoft.aspnetcore.authentication.microsoftaccount,87169962.0,Microsoft.AspNetCore.Authentication.MicrosoftAccount,True,True,True,stars+forks+downloads
microsoft.azure.webjobs.extensions.servicebus,86866238.0,Microsoft.Azure.WebJobs.Extensions.ServiceBus,False,False,True,downloads
microsoft.diagnostics.runtime,86723156.0,Microsoft.Diagnostics.Runtime,True,True,True,stars+forks+downloads
google.cloud.iam.v1,86722778.0,Google.Cloud.Iam.V1,False,False,True,downloads
microsoft.sqlserver.types,86651217.0,Microsoft.SqlServer.Types,True,True,True,stars+forks+downloads
xamarin.androidx.lifecycle.runtime,86565351.0,Xamarin.AndroidX.Lifecycle.Runtime,False,False,True,downloads
microsoft.codeanalysis.netanalyzers,86550053.0,Microsoft.CodeAnalysis.NetAnalyzers,True,True,True,stars+forks+downloads
microsoft.net.workloads.10.0.200,86543224.0,Microsoft.NET.Workloads.10.0.200,False,False,True,downloads
swashbuckle.core,86401276.0,Swashbuckle.Core,False,False,True,downloads
runtime.win7-x86.runtime.native.system.data.sqlclient.sni,86399162.0,runtime.win7-x86.runtime.native.System.Data.SqlClient.sni,False,False,True,downloads
runtime.win7-x64.runtime.native.system.data.sqlclient.sni,86338915.0,runtime.win7-x64.runtime.native.System.Data.SqlClient.sni,False,False,True,downloads
servicestack.text,86284411.0,ServiceStack.Text,False,False,True,downloads
xamarin.forms,85882880.0,Xamarin.Forms,True,True,True,stars+forks+downloads
awssdk.keymanagementservice,85618772.0,AWSSDK.KeyManagementService,False,False,True,downloads
microsoft.aspnet.webapi.cors,85393123.0,Microsoft.AspNet.WebApi.Cors,False,True,True,forks+downloads
quartz.extensions.dependencyinjection,85349579.0,Quartz.Extensions.DependencyInjection,True,True,True,stars+forks+downloads
xamarin.androidx.core,84995064.0,Xamarin.AndroidX.Core,False,False,True,downloads
nito.asyncex,84272161.0,Nito.AsyncEx,True,True,True,stars+forks+downloads
nservicebus,84039313.0,NServiceBus,False,False,True,downloads
sentry.extensions.logging,83968797.0,Sentry.Extensions.Logging,False,False,True,downloads
stackexchange.redis.strongname,83908867.0,StackExchange.Redis.StrongName,False,True,True,forks+downloads
microsoft.aspnetcore.responsecompression,83893204.0,Microsoft.AspNetCore.ResponseCompression,True,True,True,stars+forks+downloads
microsoft.aspnetcore.server.iis,83840770.0,Microsoft.AspNetCore.Server.IIS,True,True,True,stars+forks+downloads
bouncycastle,83824603.0,BouncyCastle,False,True,True,forks+downloads
linqkit.core,83591131.0,LinqKit.Core,False,False,True,downloads
launchdarkly.logging,83412535.0,LaunchDarkly.Logging,False,False,True,downloads
autofixture.xunit2,83329148.0,AutoFixture.Xunit2,True,False,True,stars+downloads
microsoft.aspnetcore.odata,82970952.0,Microsoft.AspNetCore.OData,True,True,True,stars+forks+downloads
selenium.webdriver.chromedriver,82505129.0,Selenium.WebDriver.ChromeDriver,True,False,True,stars+downloads
jsonpointer.net,82388466.0,JsonPointer.Net,False,False,True,downloads
iesi.collections,81831236.0,Iesi.Collections,True,True,True,stars+forks+downloads
azure.resourcemanager,81674916.0,Azure.ResourceManager,False,True,True,forks+downloads
launchdarkly.serversdk,81591311.0,LaunchDarkly.ServerSdk,False,False,True,downloads
microsoft.visualstudio.web.codegeneration.tools,81434796.0,Microsoft.VisualStudio.Web.CodeGeneration.Tools,False,False,True,downloads
azure.monitor.opentelemetry.exporter,81278809.0,Azure.Monitor.OpenTelemetry.Exporter,True,True,True,stars+forks+downloads
nhibernate,80914410.0,NHibernate,True,True,True,stars+forks+downloads
nuglify,80859592.0,NUglify,True,True,True,stars+forks+downloads
simpleinjector,80829956.0,SimpleInjector,True,True,False,stars+forks
rebus,80595273.0,Rebus,True,True,False,stars+forks
skiasharp.nativeassets.linux,80442612.0,SkiaSharp.NativeAssets.Linux,True,True,False,stars+forks
newid,78483899.0,NewId,False,True,False,forks
benchmarkdotnet,78144383.0,BenchmarkDotNet,True,True,False,stars+forks
mapster,77993605.0,Mapster,False,True,False,forks
quartz.extensions.hosting,77387861.0,Quartz.Extensions.Hosting,True,False,False,stars
microsoft.diasymreader.native,77235099.0,Microsoft.DiaSymReader.Native,True,True,False,stars+forks
system.resources.writer,77181663.0,System.Resources.Writer,False,True,False,forks
nunit.consolerunner,76868296.0,NUnit.ConsoleRunner,True,False,False,stars
qrcoder,76761949.0,QRCoder,True,True,False,stars+forks
docker.dotnet,76308561.0,Docker.DotNet,True,True,False,stars+forks
perfolizer,75409720.0,Perfolizer,True,True,False,stars+forks
opentelemetry.persistentstorage.filesystem,75359975.0,OpenTelemetry.PersistentStorage.FileSystem,False,True,False,forks
yarp.reverseproxy,75294304.0,Yarp.ReverseProxy,True,True,False,stars+forks
microsoft.codequality.analyzers,74993096.0,Microsoft.CodeQuality.Analyzers,True,False,False,stars
octokit,74786154.0,Octokit,True,True,False,stars+forks
markdig,74771946.0,Markdig,True,True,False,stars+forks
dotnetzip,74737924.0,DotNetZip,True,True,False,stars+forks
microsoft.netcore.analyzers,74582343.0,Microsoft.NetCore.Analyzers,True,False,False,stars
microsoft.extensions.logging.tracesource,74257862.0,Microsoft.Extensions.Logging.TraceSource,False,True,False,forks
mathnet.numerics,73745860.0,MathNet.Numerics,True,True,False,stars+forks
microsoft.codeanalysis.fxcopanalyzers,73501005.0,Microsoft.CodeAnalysis.FxCopAnalyzers,True,True,False,stars+forks
awssdk.simpleemail,73340285.0,AWSSDK.SimpleEmail,True,False,False,stars
jose-jwt,73169690.0,jose-jwt,True,False,False,stars
microsoft.aspnetcore.middlewareanalysis,73135307.0,Microsoft.AspNetCore.MiddlewareAnalysis,True,False,False,stars
ncrontab,72805800.0,ncrontab,False,True,False,forks
microsoft.netframework.analyzers,72545070.0,Microsoft.NetFramework.Analyzers,True,False,False,stars
microsoft.aspnetcore.components.webassembly,72503461.0,Microsoft.AspNetCore.Components.WebAssembly,True,True,False,stars+forks
ninject,72486840.0,Ninject,True,False,False,stars
microsoft.aspnetcore.session,72467319.0,Microsoft.AspNetCore.Session,True,False,False,stars
azure.storage.files.shares,72327210.0,Azure.Storage.Files.Shares,True,True,False,stars+forks
windowsazure.servicebus,72199055.0,WindowsAzure.ServiceBus,False,True,False,forks
microsoft.ui.xaml,72023551.0,Microsoft.UI.Xaml,True,True,False,stars+forks
system.data.sqlite.core,71847291.0,System.Data.SQLite.Core,True,True,False,stars+forks
microsoft.aspnetcore.owin,71776250.0,Microsoft.AspNetCore.Owin,True,False,False,stars
distributedlock.core,71604778.0,DistributedLock.Core,True,True,False,stars+forks
xamarin.androidx.fragment,70647495.0,Xamarin.AndroidX.Fragment,True,False,False,stars
semver,70617446.0,semver,True,True,False,stars+forks
oneof,70236245.0,OneOf,True,False,False,stars
miniprofiler.shared,69968347.0,MiniProfiler.Shared,False,True,False,forks
microsoft.aspnet.signalr.core,69845029.0,Microsoft.AspNet.SignalR.Core,False,True,False,forks
benchmarkdotnet.annotations,69757093.0,BenchmarkDotNet.Annotations,True,False,False,stars
iced,69346256.0,Iced,True,True,False,stars+forks
opentelemetry.instrumentation.entityframeworkcore,68739848.0,OpenTelemetry.Instrumentation.EntityFrameworkCore,False,True,False,forks
microsoft.visualstudio.solutionpersistence,68322308.0,Microsoft.VisualStudio.SolutionPersistence,True,True,False,stars+forks
microsoft.azure.signalr.protocols,68014854.0,Microsoft.Azure.SignalR.Protocols,False,True,False,forks
microsoft.azure.signalr,67891292.0,Microsoft.Azure.SignalR,True,True,False,stars+forks
microsoft.aspnetcore.dataprotection.stackexchangeredis,67739550.0,Microsoft.AspNetCore.DataProtection.StackExchangeRedis,True,True,False,stars+forks
consul,67697682.0,Consul,True,True,False,stars+forks
microsoft.aspnetcore.server.httpsys,67647364.0,Microsoft.AspNetCore.Server.HttpSys,True,True,False,stars+forks
openai,67269399.0,OpenAI,True,True,False,stars+forks
microsoft.aspnetcore.rewrite,67091532.0,Microsoft.AspNetCore.Rewrite,True,False,False,stars
xamarin.androidx.activity,66962247.0,Xamarin.AndroidX.Activity,True,False,False,stars
testableio.system.io.abstractions.wrappers,66914071.0,TestableIO.System.IO.Abstractions.Wrappers,False,True,False,forks
microsoft.visualstudio.threading,66680024.0,Microsoft.VisualStudio.Threading,True,True,False,stars+forks
xamarin.androidx.loader,66577634.0,Xamarin.AndroidX.Loader,False,True,False,forks
apache.avro,66436923.0,Apache.Avro,False,True,False,forks
cronos,65801590.0,Cronos,True,False,False,stars
respond,64619971.0,Respond,False,True,False,forks
fastmember,64092540.0,FastMember,True,True,False,stars+forks
opentelemetry.instrumentation.process,63031249.0,OpenTelemetry.Instrumentation.Process,False,True,False,forks
microsoft.aspnet.identity.entityframework,62925369.0,Microsoft.AspNet.Identity.EntityFramework,True,True,False,stars+forks
xunit.runner.console,62593868.0,xunit.runner.console,True,True,False,stars+forks
reportgenerator,62244710.0,ReportGenerator,True,True,False,stars+forks
opentelemetry.exporter.prometheus.aspnetcore,62059910.0,OpenTelemetry.Exporter.Prometheus.AspNetCore,True,True,False,stars+forks
microsoft.playwright,61718739.0,Microsoft.Playwright,True,True,False,stars+forks
jquery.ui.combined,61343146.0,jQuery.UI.Combined,False,True,False,forks
microsoft.rest.clientruntime.azure.authentication,61249133.0,Microsoft.Rest.ClientRuntime.Azure.Authentication,False,True,False,forks
microsoft.azure.cosmos.table,61144103.0,Microsoft.Azure.Cosmos.Table,False,True,False,forks
microsoft.codeanalysis.versioncheckanalyzer,61135923.0,Microsoft.CodeAnalysis.VersionCheckAnalyzer,True,False,False,stars
bcrypt.net-next,61104576.0,BCrypt.Net-Next,False,True,False,forks
opentelemetry.instrumentation.grpcnetclient,60654531.0,OpenTelemetry.Instrumentation.GrpcNetClient,True,True,False,stars+forks
xunit.skippablefact,60330610.0,Xunit.SkippableFact,True,True,False,stars+forks
awssdk.kinesis,59899637.0,AWSSDK.Kinesis,True,True,False,stars+forks
xunit.v3.extensibility.core,59190514.0,xunit.v3.extensibility.core,True,True,False,stars+forks
microsoft.aspnetcore.mvc.razor.viewcompilation,59185835.0,Microsoft.AspNetCore.Mvc.Razor.ViewCompilation,True,True,False,stars+forks
lazycache,58900484.0,LazyCache,True,False,False,stars
magick.net.core,58347658.0,Magick.NET.Core,True,False,False,stars
fluentftp,57923438.0,FluentFTP,True,True,False,stars+forks
microsoft.testplatform.adapterutilities,57804394.0,Microsoft.TestPlatform.AdapterUtilities,True,False,False,stars
microsoft.aspnet.webapi.helppage,57510254.0,Microsoft.AspNet.WebApi.HelpPage,False,True,False,forks
microsoft.aspnetcore.authentication.negotiate,56812183.0,Microsoft.AspNetCore.Authentication.Negotiate,True,True,False,stars+forks
handlebars.net.helpers,56265380.0,Handlebars.Net.Helpers,True,True,False,stars+forks
microsoft.aspnetcore.dataprotection.entityframeworkcore,56023381.0,Microsoft.AspNetCore.DataProtection.EntityFrameworkCore,True,True,False,stars+forks
microsoft.owin.hosting,55779739.0,Microsoft.Owin.Hosting,True,True,False,stars+forks
microsoft.openapi.readers,55695137.0,Microsoft.OpenApi.Readers,True,True,False,stars+forks
microsoft.azure.webjobs.extensions.storage,55072328.0,Microsoft.Azure.WebJobs.Extensions.Storage,False,True,False,forks
spectre.console,54651993.0,Spectre.Console,True,True,False,stars+forks
microsoft.netcore.app.host.linux-arm64,54499053.0,Microsoft.NETCore.App.Host.linux-arm64,False,True,False,forks
sqlitepclraw.lib.e_sqlite3.linux,54168974.0,SQLitePCLRaw.lib.e_sqlite3.linux,True,True,False,stars+forks
sqlitepclraw.lib.e_sqlite3.v110_xp,54146489.0,SQLitePCLRaw.lib.e_sqlite3.v110_xp,True,True,False,stars+forks
sqlitepclraw.lib.e_sqlite3.osx,54013682.0,SQLitePCLRaw.lib.e_sqlite3.osx,True,True,False,stars+forks
microsoft.odata.modelbuilder,53928428.0,Microsoft.OData.ModelBuilder,True,True,False,stars+forks
utf8json,53853170.0,Utf8Json,True,True,False,stars+forks
z.entityframework.plus.efcore,53852182.0,Z.EntityFramework.Plus.EFCore,True,False,False,stars
microsoft.aspnetcore.httpspolicy,53785289.0,Microsoft.AspNetCore.HttpsPolicy,True,True,False,stars+forks
sixlabors.imagesharp.drawing,53309112.0,SixLabors.ImageSharp.Drawing,True,True,False,stars+forks
skiasharp.harfbuzz,53273005.0,SkiaSharp.HarfBuzz,True,True,False,stars+forks
serilog.sinks.opentelemetry,52926331.0,Serilog.Sinks.OpenTelemetry,True,True,False,stars+forks
wiremock.net,52713692.0,WireMock.Net,False,True,False,forks
cucumber.messages,52600811.0,Cucumber.Messages,True,False,False,stars
awssdk.ec2,52528799.0,AWSSDK.EC2,True,False,False,stars
microsoft.netframework.referenceassemblies.net472,52321173.0,Microsoft.NETFramework.ReferenceAssemblies.net472,True,True,False,stars+forks
npgsql.opentelemetry,52227855.0,Npgsql.OpenTelemetry,False,True,False,forks
microsoft.visualstudio.web.browserlink,52169382.0,Microsoft.VisualStudio.Web.BrowserLink,True,True,False,stars+forks
scriban,52161173.0,Scriban,True,True,False,stars+forks
itext7,51959749.0,itext7,True,True,False,stars+forks
azure.ai.openai,51719669.0,Azure.AI.OpenAI,True,True,False,stars+forks
microsoft.azure.functions.worker.extensions.http.aspnetcore,51668292.0,Microsoft.Azure.Functions.Worker.Extensions.Http.AspNetCore,False,True,False,forks
fluentmigrator,51571940.0,FluentMigrator,True,True,False,stars+forks
microsoft.aspnet.signalr.systemweb,50882535.0,Microsoft.AspNet.SignalR.SystemWeb,False,True,False,forks
lucene.net,50668076.0,Lucene.Net,False,True,False,forks
microsoft.owin.cors,50443812.0,Microsoft.Owin.Cors,False,True,False,forks
castle.core.asyncinterceptor,50328019.0,Castle.Core.AsyncInterceptor,True,True,False,stars+forks
richardszalay.mockhttp,49924069.0,RichardSzalay.MockHttp,True,True,False,stars+forks
ardalis.guardclauses,49880344.0,Ardalis.GuardClauses,True,True,False,stars+forks
nodatime.serialization.jsonnet,49694841.0,NodaTime.Serialization.JsonNet,False,True,False,forks
microsoft.owin.security.openidconnect,49611829.0,Microsoft.Owin.Security.OpenIdConnect,False,True,False,forks
microsoft.aspnetcore.components.webassembly.authentication,49396700.0,Microsoft.AspNetCore.Components.WebAssembly.Authentication,True,True,False,stars+forks
zxing.net,49132277.0,ZXing.Net,True,True,False,stars+forks
opentelemetry.instrumentation.stackexchangeredis,48996990.0,OpenTelemetry.Instrumentation.StackExchangeRedis,False,True,False,forks
microsoft.jquery.unobtrusive.ajax,48974759.0,Microsoft.jQuery.Unobtrusive.Ajax,False,True,False,forks
miniprofiler.aspnetcore,48907557.0,MiniProfiler.AspNetCore,True,False,False,stars
jmespath.net,48853351.0,JmesPath.Net,True,True,False,stars+forks
gee.external.capstone,48594773.0,Gee.External.Capstone,True,False,False,stars
microsoft.owin.host.httplistener,48444992.0,Microsoft.Owin.Host.HttpListener,True,True,False,stars+forks
microsoft.aspnet.signalr.js,48368486.0,Microsoft.AspNet.SignalR.JS,False,True,False,forks
xunit.v3.assert,48303695.0,xunit.v3.assert,True,True,False,stars+forks
jsonschema.net,48080146.0,JsonSchema.Net,True,True,False,stars+forks
awssdk.bedrockruntime,47963879.0,AWSSDK.BedrockRuntime,True,True,False,stars+forks
serilog.enrichers.span,47902618.0,Serilog.Enrichers.Span,False,True,False,forks
system.numerics.tensors,47741426.0,System.Numerics.Tensors,True,True,False,stars+forks
azure.extensions.aspnetcore.dataprotection.blobs,47298949.0,Azure.Extensions.AspNetCore.DataProtection.Blobs,True,True,False,stars+forks
microsoft.web.webview2,46901949.0,Microsoft.Web.WebView2,True,True,False,stars+forks
hangfire.postgresql,46792978.0,Hangfire.PostgreSql,False,True,False,forks
serilog.formatting.compact.reader,46648403.0,Serilog.Formatting.Compact.Reader,False,True,False,forks
harfbuzzsharp.nativeassets.linux,46344421.0,HarfBuzzSharp.NativeAssets.Linux,True,True,False,stars+forks
dbup-sqlserver,46330083.0,dbup-sqlserver,True,False,False,stars
magick.net-q16-anycpu,46179321.0,Magick.NET-Q16-AnyCPU,True,True,False,stars+forks
microsoft.azure.management.resourcemanager.fluent,45864041.0,Microsoft.Azure.Management.ResourceManager.Fluent,False,True,False,forks
microsoft.aspnet.signalr,45541578.0,Microsoft.AspNet.SignalR,False,True,False,forks
miniprofiler.aspnetcore.mvc,45417739.0,MiniProfiler.AspNetCore.Mvc,True,True,False,stars+forks
microsoft.aspnetcore.signalr.stackexchangeredis,45290073.0,Microsoft.AspNetCore.SignalR.StackExchangeRedis,True,True,False,stars+forks
litedb,45192137.0,LiteDB,True,False,False,stars
xamarin.androidx.appcompat,44736963.0,Xamarin.AndroidX.AppCompat,True,True,False,stars+forks
aspnetcoreratelimit,44655963.0,AspNetCoreRateLimit,True,False,False,stars
microsoft.codeanalysis.bannedapianalyzers,44633747.0,Microsoft.CodeAnalysis.BannedApiAnalyzers,True,True,False,stars+forks
fluid.core,44632696.0,Fluid.Core,True,True,False,stars+forks
serilog.settings.appsettings,44580855.0,Serilog.Settings.AppSettings,False,True,False,forks
nlog.schema,44549094.0,NLog.Schema,True,False,False,stars
microsoft.bcl.async,44321578.0,Microsoft.Bcl.Async,False,True,False,forks
microsoft.codeanalysis.visualbasic.features,44296961.0,Microsoft.CodeAnalysis.VisualBasic.Features,True,True,False,stars+forks
microsoft.visualstudio.debugger.contracts,43993493.0,Microsoft.VisualStudio.Debugger.Contracts,True,True,False,stars+forks
microsoft.netcore.app.runtime.linux-arm64,43978768.0,Microsoft.NETCore.App.Runtime.linux-arm64,False,True,False,forks
uaparser,43881363.0,UAParser,False,True,False,forks
azure.search.documents,43860919.0,Azure.Search.Documents,False,True,False,forks
microsoft.aspnetcore.app.runtime.linux-arm64,43814495.0,Microsoft.AspNetCore.App.Runtime.linux-arm64,False,True,False,forks
superpower,43768864.0,Superpower,True,False,False,stars
microsoft.aspnetcore.components.webassembly.devserver,43502204.0,Microsoft.AspNetCore.Components.WebAssembly.DevServer,True,True,False,stars+forks
cloudnative.cloudevents,43158280.0,CloudNative.CloudEvents,False,True,False,forks
microsoft.azure.webjobs.extensions.rpc,42827615.0,Microsoft.Azure.WebJobs.Extensions.Rpc,False,True,False,forks
microsoft.aspnetcore.app,42819030.0,Microsoft.AspNetCore.App,True,True,False,stars+forks
fluentmigrator.runner.core,42815067.0,FluentMigrator.Runner.Core,True,False,False,stars
serilog.enrichers.correlationid,42765648.0,Serilog.Enrichers.CorrelationId,False,True,False,forks
nunit.extension.teamcityeventlistener,42723415.0,NUnit.Extension.TeamCityEventListener,True,False,False,stars
ziggycreatures.fusioncache,42600880.0,ZiggyCreatures.FusionCache,True,False,False,stars
grpc.aspnetcore.server.reflection,42528212.0,Grpc.AspNetCore.Server.Reflection,True,True,False,stars+forks
microsoft.extensions.servicediscovery,42321230.0,Microsoft.Extensions.ServiceDiscovery,True,True,False,stars+forks
nswag.apidescription.client,42275627.0,NSwag.ApiDescription.Client,True,True,False,stars+forks
xamarin.essentials,42243761.0,Xamarin.Essentials,True,True,False,stars+forks
antlr4.runtime.standard,42021408.0,Antlr4.Runtime.Standard,True,True,False,stars+forks
vaultsharp,41852256.0,VaultSharp,True,False,False,stars
microsoft.aspnetcore.signalr.protocols.newtonsoftjson,41798440.0,Microsoft.AspNetCore.SignalR.Protocols.NewtonsoftJson,True,True,False,stars+forks
openiddict.abstractions,41795536.0,OpenIddict.Abstractions,True,True,False,stars+forks
microsoft.teamfoundationserver.client,41720163.0,Microsoft.TeamFoundationServer.Client,True,True,False,stars+forks
fluentmigrator.runner,41467472.0,FluentMigrator.Runner,True,True,False,stars+forks
xunit.v3,41286524.0,xunit.v3,True,True,False,stars+forks
apache.arrow,40911116.0,Apache.Arrow,False,True,False,forks
microsoft.extensions.timeprovider.testing,40766783.0,Microsoft.Extensions.TimeProvider.Testing,True,True,False,stars+forks
system.management.automation,40712790.0,System.Management.Automation,True,True,False,stars+forks
scalar.aspnetcore,40658566.0,Scalar.AspNetCore,True,True,False,stars+forks
diffplex,40598643.0,DiffPlex,True,True,False,stars+forks
microsoft.typescript.msbuild,40533731.0,Microsoft.TypeScript.MSBuild,True,True,False,stars+forks
system.data.sqlite,40399908.0,System.Data.SQLite,True,True,False,stars+forks
prometheus-net.dotnetruntime,40157154.0,prometheus-net.DotNetRuntime,True,True,False,stars+forks
awssdk.identitymanagement,40146162.0,AWSSDK.IdentityManagement,True,False,False,stars
xamarin.androidx.documentfile,40052646.0,Xamarin.AndroidX.DocumentFile,True,True,False,stars+forks
streamjsonrpc,40029614.0,StreamJsonRpc,True,True,False,stars+forks
microsoft.identitymodel.protocol.extensions,40011413.0,Microsoft.IdentityModel.Protocol.Extensions,False,True,False,forks
splat,39904778.0,Splat,True,True,False,stars+forks
fluentmigrator.runner.sqlserver,39882764.0,FluentMigrator.Runner.SqlServer,False,True,False,forks
fluentmigrator.runner.postgres,39847878.0,FluentMigrator.Runner.Postgres,True,True,False,stars+forks
otp.net,39497745.0,Otp.NET,True,False,False,stars
microsoft.owin.security.google,39473413.0,Microsoft.Owin.Security.Google,True,True,False,stars+forks
autofac.extras.dynamicproxy,39454559.0,Autofac.Extras.DynamicProxy,True,True,False,stars+forks
testcontainers.postgresql,39313097.0,Testcontainers.PostgreSql,False,True,False,forks
nunit.console,39311749.0,NUnit.Console,True,True,False,stars+forks
duende.identitymodel,39248206.0,Duende.IdentityModel,True,True,False,stars+forks
markdig.signed,38996665.0,Markdig.Signed,True,True,False,stars+forks
microsoft.visualstudio.setup.configuration.interop,38881241.0,Microsoft.VisualStudio.Setup.Configuration.Interop,True,True,False,stars+forks
microsoft.netframework.referenceassemblies.net461,38867864.0,Microsoft.NETFramework.ReferenceAssemblies.net461,False,True,False,forks
nuke.common,38541896.0,Nuke.Common,True,True,False,stars+forks
automapper.collection,38490214.0,AutoMapper.Collection,True,True,False,stars+forks
fluentmigrator.runner.sqlite,38391167.0,FluentMigrator.Runner.SQLite,True,True,False,stars+forks
nerdbank.streams,38274925.0,Nerdbank.Streams,True,True,False,stars+forks
fluentmigrator.runner.mysql,38211702.0,FluentMigrator.Runner.MySql,False,True,False,forks
knockoutjs,37955162.0,knockoutjs,False,True,False,forks
microsoft.appcenter,37786631.0,Microsoft.AppCenter,True,False,False,stars
specflow.nunit,37770815.0,SpecFlow.NUnit,True,False,False,stars
puppeteersharp,37722334.0,PuppeteerSharp,True,True,False,stars+forks
xamarin.androidx.browser,37413532.0,Xamarin.AndroidX.Browser,True,False,False,stars
microsoft.xaml.behaviors.wpf,37256892.0,Microsoft.Xaml.Behaviors.Wpf,True,True,False,stars+forks
quartz.serialization.json,36997411.0,Quartz.Serialization.Json,True,True,False,stars+forks
microsoft.aspnetcore.all,36926858.0,Microsoft.AspNetCore.All,True,True,False,stars+forks
xamarin.androidx.recyclerview,36747498.0,Xamarin.AndroidX.RecyclerView,True,False,False,stars
microsoft.azure.eventhubs,36424467.0,Microsoft.Azure.EventHubs,False,True,False,forks
microsoft.azure.core.newtonsoftjson,36051232.0,Microsoft.Azure.Core.NewtonsoftJson,False,True,False,forks
snowflake.data,35741287.0,Snowflake.Data,True,True,False,stars+forks
microsoft.owin.security.facebook,35707715.0,Microsoft.Owin.Security.Facebook,True,True,False,stars+forks
microsoft.owin.security.microsoftaccount,35583106.0,Microsoft.Owin.Security.MicrosoftAccount,True,True,False,stars+forks
xamarin.androidx.swiperefreshlayout,35545194.0,Xamarin.AndroidX.SwipeRefreshLayout,True,False,False,stars
prism.core,35506201.0,Prism.Core,True,False,False,stars
mudblazor,35499001.0,MudBlazor,True,True,False,stars+forks
nlog.config,35441653.0,NLog.Config,True,False,False,stars
ical.net,35247803.0,Ical.Net,True,False,False,stars
system.data.sqlite.ef6,35105492.0,System.Data.SQLite.EF6,True,True,False,stars+forks
bitmiracle.libtiff.net,35039809.0,BitMiracle.LibTiff.NET,False,True,False,forks
microsoft.azure.storage.queue,34950418.0,Microsoft.Azure.Storage.Queue,False,True,False,forks
crc32.net,34876126.0,Crc32.NET,True,True,False,stars+forks
nsubstitute.analyzers.csharp,34682438.0,NSubstitute.Analyzers.CSharp,True,True,False,stars+forks
system.net.serversentevents,34610724.0,System.Net.ServerSentEvents,False,True,False,forks
oracle.entityframeworkcore,34512076.0,Oracle.EntityFrameworkCore,True,True,False,stars+forks
xamarin.androidx.transition,34428771.0,Xamarin.AndroidX.Transition,True,False,False,stars
azure.extensions.aspnetcore.dataprotection.keys,34271545.0,Azure.Extensions.AspNetCore.DataProtection.Keys,True,True,False,stars+forks
ipnetwork2,34257404.0,IPNetwork2,True,True,False,stars+forks
microsoft.appcenter.crashes,34190085.0,Microsoft.AppCenter.Crashes,True,False,False,stars
xamarin.kotlinx.coroutines.android,34097498.0,Xamarin.KotlinX.Coroutines.Android,True,False,False,stars
impromptuinterface,34082685.0,ImpromptuInterface,True,False,False,stars
mqttnet,34073486.0,MQTTnet,False,True,False,forks
system.formats.nrbf,34001278.0,System.Formats.Nrbf,True,True,False,stars+forks
oracle.manageddataaccess,33991590.0,Oracle.ManagedDataAccess,True,True,False,stars+forks
openiddict.core,33949479.0,OpenIddict.Core,True,True,False,stars+forks
xamarin.androidx.lifecycle.livedata,33695961.0,Xamarin.AndroidX.Lifecycle.LiveData,True,False,False,stars
mono.unix,33621087.0,Mono.Unix,True,False,False,stars
microsoft.netcore.app.host.osx-x64,33571203.0,Microsoft.NETCore.App.Host.osx-x64,False,True,False,forks
microsoft.management.infrastructure,33445610.0,Microsoft.Management.Infrastructure,True,True,False,stars+forks
microsoft.owin.security.twitter,33387403.0,Microsoft.Owin.Security.Twitter,True,True,False,stars+forks
system.io.abstractions.testinghelpers,33220491.0,System.IO.Abstractions.TestingHelpers,True,True,False,stars+forks
xamarin.google.android.material,33159830.0,Xamarin.Google.Android.Material,True,False,False,stars
jint,33007414.0,Jint,False,True,False,forks
microsoft.appcenter.analytics,32872650.0,Microsoft.AppCenter.Analytics,True,False,False,stars
microsoft.aspnet.signalr.client,32722699.0,Microsoft.AspNet.SignalR.Client,True,True,False,stars+forks
testcontainers.mssql,32281608.0,Testcontainers.MsSql,True,True,False,stars+forks
microsoft.netcore.app.runtime.osx-x64,32255187.0,Microsoft.NETCore.App.Runtime.osx-x64,False,True,False,forks
jsonpatch.net,32059938.0,JsonPatch.Net,False,True,False,forks
microsoft.powershell.coreclr.eventing,31910141.0,Microsoft.PowerShell.CoreCLR.Eventing,True,True,False,stars+forks
questpdf,31883709.0,QuestPDF,True,True,False,stars+forks
fluentnhibernate,31794216.0,FluentNHibernate,True,True,False,stars+forks
maxmind.geoip2,31785594.0,MaxMind.GeoIP2,True,True,False,stars+forks
serilog.extensions.logging.file,31781298.0,Serilog.Extensions.Logging.File,True,True,False,stars+forks
google.apis.drive.v3,31776190.0,Google.Apis.Drive.v3,True,False,False,stars
dapr.client,31738505.0,Dapr.Client,True,True,False,stars+forks
microsoft.orleans.core.abstractions,31629401.0,Microsoft.Orleans.Core.Abstractions,True,True,False,stars+forks
castle.loggingfacility,31521101.0,Castle.LoggingFacility,True,True,False,stars+forks
buildbundlerminifier,31447430.0,BuildBundlerMinifier,True,True,False,stars+forks
microsoft.orleans.core,31399728.0,Microsoft.Orleans.Core,True,True,False,stars+forks
system.drawing.primitives,31175182.0,System.Drawing.Primitives,True,True,False,stars+forks
libgit2sharp,31092020.0,LibGit2Sharp,True,True,False,stars+forks
microsoft.netcore.app.runtime.win-x86,30910017.0,Microsoft.NETCore.App.Runtime.win-x86,False,True,False,forks
minio,30861249.0,Minio,True,True,False,stars+forks
swashbuckle.aspnetcore.redoc,30804649.0,Swashbuckle.AspNetCore.ReDoc,True,True,False,stars+forks
ecng.interop,30699887.0,Ecng.Interop,True,True,False,stars+forks
elastic.clients.elasticsearch,30669748.0,Elastic.Clients.Elasticsearch,False,True,False,forks
microsoft.aspnetcore.app.runtime.osx-x64,30633639.0,Microsoft.AspNetCore.App.Runtime.osx-x64,False,True,False,forks
microsoft.servicefabric.services,30513576.0,Microsoft.ServiceFabric.Services,True,True,False,stars+forks
hangfire.memorystorage,30282709.0,Hangfire.MemoryStorage,False,True,False,forks
microsoft.aspnetcore.components.webassembly.server,30258068.0,Microsoft.AspNetCore.Components.WebAssembly.Server,True,True,False,stars+forks
riok.mapperly,30195910.0,Riok.Mapperly,True,True,False,stars+forks
pdfpig,30049663.0,PdfPig,True,True,False,stars+forks
microsoft.maui.essentials,30028221.0,Microsoft.Maui.Essentials,True,True,False,stars+forks
microsoft.powershell.native,29826094.0,Microsoft.PowerShell.Native,True,True,False,stars+forks
microsoft.maui.core,29768036.0,Microsoft.Maui.Core,True,False,False,stars
ipaddressrange,29679207.0,IPAddressRange,True,False,False,stars
microsoft.extensions.caching.hybrid,29119293.0,Microsoft.Extensions.Caching.Hybrid,True,True,False,stars+forks
msgpack.cli,28998523.0,MsgPack.Cli,True,True,False,stars+forks
microsoft.aspnetcore.app.runtime.win-x86,28918762.0,Microsoft.AspNetCore.App.Runtime.win-x86,False,True,False,forks
mono.posix.netstandard,28834729.0,Mono.Posix.NETStandard,True,False,False,stars
autofixture.autonsubstitute,28814642.0,AutoFixture.AutoNSubstitute,True,False,False,stars
duende.identityserver.storage,28803201.0,Duende.IdentityServer.Storage,True,True,False,stars+forks
mcmaster.extensions.commandlineutils,28795296.0,McMaster.Extensions.CommandLineUtils,True,True,False,stars+forks
microsoft.web.xdt,28719127.0,Microsoft.Web.Xdt,True,True,False,stars+forks
ardalis.smartenum,28636277.0,Ardalis.SmartEnum,True,True,False,stars+forks
appium.webdriver,28566327.0,Appium.WebDriver,True,True,False,stars+forks
magick.net-q8-anycpu,28440796.0,Magick.NET-Q8-AnyCPU,True,False,False,stars
nuget.resolver,28409667.0,NuGet.Resolver,True,True,False,stars+forks
openiddict.validation.aspnetcore,28338463.0,OpenIddict.Validation.AspNetCore,True,True,False,stars+forks
microsoft.web.administration,28204804.0,Microsoft.Web.Administration,True,True,False,stars+forks
nettopologysuite.io.spatialite,28021762.0,NetTopologySuite.IO.SpatiaLite,True,True,False,stars+forks
microsoft.azure.management.containerregistry.fluent,28018380.0,Microsoft.Azure.Management.ContainerRegistry.Fluent,False,True,False,forks
microsoft.azure.management.fluent,27769635.0,Microsoft.Azure.Management.Fluent,False,True,False,forks
xunitxml.testlogger,27490674.0,XunitXml.TestLogger,True,True,False,stars+forks
xamarin.build.download,27373732.0,Xamarin.Build.Download,True,False,False,stars
lucene.net.analysis.common,27308137.0,Lucene.Net.Analysis.Common,False,True,False,forks
duende.identityserver,27114241.0,Duende.IdentityServer,True,True,False,stars+forks
communitytoolkit.mvvm,26976122.0,CommunityToolkit.Mvvm,True,True,False,stars+forks
propertychanged.fody,26963184.0,PropertyChanged.Fody,True,False,False,stars
microsoft.azure.notificationhubs,26959618.0,Microsoft.Azure.NotificationHubs,True,False,False,stars
microsoft.extensions.ai,26866053.0,Microsoft.Extensions.AI,True,True,False,stars+forks
xamarin.androidx.migration,26851647.0,Xamarin.AndroidX.Migration,True,False,False,stars
modelcontextprotocol,26658866.0,ModelContextProtocol,True,True,False,stars+forks
microsoft.azure.devices.shared,26583127.0,Microsoft.Azure.Devices.Shared,False,True,False,forks
serilog.filters.expressions,26550056.0,Serilog.Filters.Expressions,False,True,False,forks
linq2db,26530594.0,linq2db,True,True,False,stars+forks
microsoft.playwright.testadapter,26501078.0,Microsoft.Playwright.TestAdapter,True,True,False,stars+forks
modelcontextprotocol.core,26376307.0,ModelContextProtocol.Core,False,True,False,forks
openiddict.validation.systemnethttp,26277346.0,OpenIddict.Validation.SystemNetHttp,False,True,False,forks
aspire.hosting.apphost,26200485.0,Aspire.Hosting.AppHost,True,True,False,stars+forks
microsoft.windowsappsdk,26194468.0,Microsoft.WindowsAppSDK,True,True,False,stars+forks
mimemapping,26174066.0,MimeMapping,True,False,False,stars
xamarin.androidx.viewpager2,26018546.0,Xamarin.AndroidX.ViewPager2,True,False,False,stars
opentelemetry.exporter.zipkin,26005130.0,OpenTelemetry.Exporter.Zipkin,True,True,False,stars+forks
xamarin.android.support.compat,25951850.0,Xamarin.Android.Support.Compat,True,True,False,stars+forks
dapr.aspnetcore,25798793.0,Dapr.AspNetCore,True,True,False,stars+forks
google.cloud.secretmanager.v1,25732905.0,Google.Cloud.SecretManager.V1,True,False,False,stars
protobuf-net.reflection,25687199.0,protobuf-net.Reflection,True,True,False,stars+forks
azure.messaging.eventhubs.processor,25660700.0,Azure.Messaging.EventHubs.Processor,False,True,False,forks
azure.messaging.eventgrid.systemevents,25559440.0,Azure.Messaging.EventGrid.SystemEvents,False,True,False,forks
microsoft.ml.dataview,25519600.0,Microsoft.ML.DataView,False,True,False,forks
microsoft.aspnetcore.signalr.protocols.messagepack,25407855.0,Microsoft.AspNetCore.SignalR.Protocols.MessagePack,True,True,False,stars+forks
microsoft.sharepointonline.csom,25385173.0,Microsoft.SharePointOnline.CSOM,False,True,False,forks
awssdk.secretsmanager.caching,25337305.0,AWSSDK.SecretsManager.Caching,True,False,False,stars
openiddict.validation.serverintegration,25330385.0,OpenIddict.Validation.ServerIntegration,True,True,False,stars+forks
xamarin.android.support.core.utils,25293864.0,Xamarin.Android.Support.Core.Utils,True,True,False,stars+forks
zstring,25292667.0,ZString,True,True,False,stars+forks
elmah.corelibrary,25256695.0,elmah.corelibrary,False,True,False,forks
microsoft.maui.controls,24977019.0,Microsoft.Maui.Controls,True,True,False,stars+forks
microsoft.powershell.sdk,24942376.0,Microsoft.PowerShell.SDK,True,True,False,stars+forks
xamarin.androidx.constraintlayout,24865665.0,Xamarin.AndroidX.ConstraintLayout,True,False,False,stars
openiddict.server.aspnetcore,24675976.0,OpenIddict.Server.AspNetCore,True,True,False,stars+forks
xamarin.android.support.annotations,24660363.0,Xamarin.Android.Support.Annotations,True,True,False,stars+forks
microsoft.wsman.management,24604663.0,Microsoft.WSMan.Management,True,True,False,stars+forks
cliwrap,24549002.0,CliWrap,True,True,False,stars+forks
microsoft.wsman.runtime,24405453.0,Microsoft.WSMan.Runtime,True,True,False,stars+forks
awssdk,24405218.0,AWSSDK,False,True,False,forks
xamarin.android.support.v4,24330461.0,Xamarin.Android.Support.v4,True,True,False,stars+forks
miniprofiler,24328501.0,MiniProfiler,False,True,False,forks
grpc.net.client.web,24109737.0,Grpc.Net.Client.Web,True,True,False,stars+forks
microsoft.aspnet.providers.core,24058103.0,Microsoft.AspNet.Providers.Core,False,True,False,forks
google.apis.calendar.v3,24031157.0,Google.Apis.Calendar.v3,True,False,False,stars
specflow.plus.livingdocplugin,24023646.0,SpecFlow.Plus.LivingDocPlugin,True,False,False,stars
microsoft.azure.signalr.management,24022124.0,Microsoft.Azure.SignalR.Management,False,True,False,forks
sqlite-net-pcl,23959746.0,sqlite-net-pcl,True,True,False,stars+forks
lucene.net.queryparser,23938764.0,Lucene.Net.QueryParser,False,True,False,forks
asyncfixer,23852972.0,AsyncFixer,False,True,False,forks
microsoft.powershell.commands.utility,23798653.0,Microsoft.PowerShell.Commands.Utility,True,True,False,stars+forks
microsoft.powershell.consolehost,23696539.0,Microsoft.PowerShell.ConsoleHost,True,True,False,stars+forks
microsoft.powershell.security,23691024.0,Microsoft.PowerShell.Security,True,True,False,stars+forks
microsoft.powershell.commands.management,23603020.0,Microsoft.PowerShell.Commands.Management,True,True,False,stars+forks
microsoft.aspnetcore.authentication.certificate,23586790.0,Microsoft.AspNetCore.Authentication.Certificate,True,True,False,stars+forks
xamarin.android.support.core.ui,23551497.0,Xamarin.Android.Support.Core.UI,True,True,False,stars+forks
microsoft.powershell.commands.diagnostics,23507642.0,Microsoft.PowerShell.Commands.Diagnostics,True,True,False,stars+forks
xunit.runner.utility,23433595.0,xunit.runner.utility,True,True,False,stars+forks
microsoft.visualstudio.composition,23404168.0,Microsoft.VisualStudio.Composition,True,True,False,stars+forks
xamarin.androidx.dynamicanimation,23335207.0,Xamarin.AndroidX.DynamicAnimation,True,False,False,stars
distributedlock.redis,23146144.0,DistributedLock.Redis,True,True,False,stars+forks
strongnamer,23110282.0,StrongNamer,True,False,False,stars
meziantou.analyzer,23018378.0,Meziantou.Analyzer,False,True,False,forks
xamarin.androidx.legacy.support.core.ui,22833519.0,Xamarin.AndroidX.Legacy.Support.Core.UI,True,False,False,stars
examine,22749723.0,Examine,False,True,False,forks
microsoft.azure.webjobs.sources,22731008.0,Microsoft.Azure.WebJobs.Sources,False,True,False,forks
system.runtime.windowsruntime,22725056.0,System.Runtime.WindowsRuntime,True,False,False,stars
httpmultipartparser,22609686.0,HttpMultipartParser,False,True,False,forks
excss,22609582.0,ExCSS,True,True,False,stars+forks
microsoft.semantickernel.abstractions,22516959.0,Microsoft.SemanticKernel.Abstractions,True,True,False,stars+forks
verify.xunit,22478860.0,Verify.Xunit,True,True,False,stars+forks
dynamicdata,22446046.0,DynamicData,True,True,False,stars+forks
xamarin.android.support.fragment,22362679.0,Xamarin.Android.Support.Fragment,True,True,False,stars+forks
microsoft.powershell.markdownrender,22301340.0,Microsoft.PowerShell.MarkdownRender,True,True,False,stars+forks
bytesize,22279054.0,ByteSize,True,True,False,stars+forks
azure.storage.files.datalake,22131795.0,Azure.Storage.Files.DataLake,False,True,False,forks
microsoft.net.compilers.toolset,22098309.0,Microsoft.Net.Compilers.Toolset,True,True,False,stars+forks
google.apis.gmail.v1,22096297.0,Google.Apis.Gmail.v1,True,False,False,stars
autofixture.nunit3,22086791.0,AutoFixture.NUnit3,False,True,False,forks
microsoft.extensions.vectordata.abstractions,21909110.0,Microsoft.Extensions.VectorData.Abstractions,True,True,False,stars+forks
microsoft.semantickernel.core,21891245.0,Microsoft.SemanticKernel.Core,True,True,False,stars+forks
teamcity.vstest.testadapter,21781474.0,TeamCity.VSTest.TestAdapter,True,False,False,stars
popper.js,21741275.0,popper.js,True,True,False,stars+forks
xunit.dependencyinjection,21688018.0,Xunit.DependencyInjection,False,True,False,forks
system.data.sqlite.linq,21621711.0,System.Data.SQLite.Linq,True,True,False,stars+forks
avalonia,21599468.0,Avalonia,True,True,False,stars+forks
microsoft.aspnetcore.spaproxy,21587400.0,Microsoft.AspNetCore.SpaProxy,True,True,False,stars+forks
xamarin.android.support.media.compat,21566844.0,Xamarin.Android.Support.Media.Compat,False,True,False,forks
xamarin.androidx.navigation.common,21556281.0,Xamarin.AndroidX.Navigation.Common,True,False,False,stars
xamarin.androidx.navigation.runtime,21514447.0,Xamarin.AndroidX.Navigation.Runtime,True,False,False,stars
microsoft.net.sdk.razor,21441624.0,Microsoft.NET.Sdk.Razor,True,True,False,stars+forks
bitfaster.caching,21416037.0,BitFaster.Caching,True,True,False,stars+forks
sharpdx,21396458.0,SharpDX,True,True,False,stars+forks
protobuf-net.grpc,21364984.0,protobuf-net.Grpc,True,True,False,stars+forks
plugin.permissions,21322873.0,Plugin.Permissions,True,False,False,stars
xamarin.android.support.v7.appcompat,21318086.0,Xamarin.Android.Support.v7.AppCompat,True,True,False,stars+forks
umbraco.cms.web.common,21286034.0,Umbraco.Cms.Web.Common,False,True,False,forks
openiddict.entityframeworkcore,21165772.0,OpenIddict.EntityFrameworkCore,True,True,False,stars+forks
asynckeyedlock,21163036.0,AsyncKeyedLock,True,True,False,stars+forks
cloudnative.cloudevents.systemtextjson,21145897.0,CloudNative.CloudEvents.SystemTextJson,False,True,False,forks
nancy,21106810.0,Nancy,True,False,False,stars
xamarin.androidx.navigation.ui,21100684.0,Xamarin.AndroidX.Navigation.UI,True,False,False,stars
acr.userdialogs,21099974.0,Acr.UserDialogs,False,True,False,forks
xam.plugin.media,20993260.0,Xam.Plugin.Media,True,False,False,stars
npoco,20909669.0,NPoco,False,True,False,forks
xamarin.google.crypto.tink.android,20895887.0,Xamarin.Google.Crypto.Tink.Android,True,False,False,stars
openiddict.aspnetcore,20841752.0,OpenIddict.AspNetCore,True,True,False,stars+forks
textcopy,20816411.0,TextCopy,True,False,False,stars
serilogtimings,20780408.0,SerilogTimings,False,True,False,forks
microsoft.dotnet.ilcompiler,20645437.0,Microsoft.DotNet.ILCompiler,True,False,False,stars
geojson.net,20644302.0,GeoJSON.Net,False,True,False,forks
serilog.sinks.map,20555468.0,Serilog.Sinks.Map,False,True,False,forks
dryioc.dll,20376779.0,DryIoc.dll,True,False,False,stars
nettopologysuite.io.geojson,20316189.0,NetTopologySuite.IO.GeoJSON,True,True,False,stars+forks
umbraco.cms.core,20271540.0,Umbraco.Cms.Core,False,True,False,forks
xamarin.androidx.exifinterface,20219153.0,Xamarin.AndroidX.ExifInterface,True,False,False,stars
openiddict.server.dataprotection,20215212.0,OpenIddict.Server.DataProtection,False,True,False,forks
microsoft.extensions.ai.openai,20200571.0,Microsoft.Extensions.AI.OpenAI,True,True,False,stars+forks
openiddict.validation.dataprotection,20006666.0,OpenIddict.Validation.DataProtection,False,True,False,forks
awesomeassertions,19693511.0,AwesomeAssertions,True,True,False,stars+forks
nbuilder,19637719.0,NBuilder,True,False,False,stars
xamarin.android.support.animated.vector.drawable,19601361.0,Xamarin.Android.Support.Animated.Vector.Drawable,True,True,False,stars+forks
azure.provisioning,19530637.0,Azure.Provisioning,False,True,False,forks
microsoft.testing.extensions.trxreport,19518610.0,Microsoft.Testing.Extensions.TrxReport,True,True,False,stars+forks
microsoft.reactive.testing,19468251.0,Microsoft.Reactive.Testing,True,True,False,stars+forks
reactiveui,19454552.0,ReactiveUI,True,True,False,stars+forks
sixlabors.imagesharp.web,19430367.0,SixLabors.ImageSharp.Web,True,True,False,stars+forks
microsoft.identity.client.broker,19396463.0,Microsoft.Identity.Client.Broker,False,True,False,forks
microsoft.azure.devices,19358026.0,Microsoft.Azure.Devices,False,True,False,forks
xamarin.android.support.vector.drawable,19309886.0,Xamarin.Android.Support.Vector.Drawable,True,True,False,stars+forks
google.cloud.firestore,19309108.0,Google.Cloud.Firestore,True,True,False,stars+forks
nuget.core,19268758.0,Nuget.Core,False,True,False,forks
aspire.hosting.orchestration.linux-x64,19236491.0,Aspire.Hosting.Orchestration.linux-x64,False,True,False,forks
ardalis.specification,19227594.0,Ardalis.Specification,True,True,False,stars+forks
microsoft.visualstudio.composition.netfxattributes,19186024.0,Microsoft.VisualStudio.Composition.NetFxAttributes,True,True,False,stars+forks
dotnet.glob,19171926.0,DotNet.Glob,True,True,False,stars+forks
deepequal,19100676.0,DeepEqual,True,True,False,stars+forks
microsoft.clearscript.v8,18957922.0,Microsoft.ClearScript.V8,True,False,False,stars
aspire.dashboard.sdk.linux-x64,18956571.0,Aspire.Dashboard.Sdk.linux-x64,False,True,False,forks
firebirdsql.data.firebirdclient,18812687.0,FirebirdSql.Data.FirebirdClient,True,True,False,stars+forks
minver,18760277.0,MinVer,True,True,False,stars+forks
microsoft.azure.storage.file,18714738.0,Microsoft.Azure.Storage.File,False,True,False,forks
microsoft.aspnetcore.hosting.windowsservices,18710544.0,Microsoft.AspNetCore.Hosting.WindowsServices,True,True,False,stars+forks
sharpdx.dxgi,18684674.0,SharpDX.DXGI,True,True,False,stars+forks
xamarin.forms.maps,18187354.0,Xamarin.Forms.Maps,False,True,False,forks
seriloganalyzer,18018654.0,SerilogAnalyzer,True,True,False,stars+forks
microsoft.netcore.app.runtime.osx-arm64,18011349.0,Microsoft.NETCore.App.Runtime.osx-arm64,False,True,False,forks
websocket4net,17897993.0,WebSocket4Net,False,True,False,forks
xamarin.androidx.legacy.support.v4,17777755.0,Xamarin.AndroidX.Legacy.Support.V4,True,False,False,stars
microsoft.extensions.validation,17767956.0,Microsoft.Extensions.Validation,True,True,False,stars+forks
microsoft.windows.sdk.buildtools,17760217.0,Microsoft.Windows.SDK.BuildTools,True,True,False,stars+forks
microsoft.semantickernel.connectors.openai,17700993.0,Microsoft.SemanticKernel.Connectors.OpenAI,True,True,False,stars+forks
nunit.runners,17651612.0,NUnit.Runners,True,False,False,stars
microsoft.entityframeworkcore.sqlserver.design,17637382.0,Microsoft.EntityFrameworkCore.SqlServer.Design,True,True,False,stars+forks
umbraco.cms.web.website,17606200.0,Umbraco.Cms.Web.Website,False,True,False,forks
graphql.systemtextjson,17604233.0,GraphQL.SystemTextJson,False,True,False,forks
xamarin.android.support.v7.recyclerview,17587930.0,Xamarin.Android.Support.v7.RecyclerView,True,True,False,stars+forks
mimetypes,17586832.0,MimeTypes,True,True,False,stars+forks
microsoft.netcore.app.host.osx-arm64,17561068.0,Microsoft.NETCore.App.Host.osx-arm64,False,True,False,forks
google.apis.admin.directory.directory_v1,17518357.0,Google.Apis.Admin.Directory.directory_v1,True,False,False,stars
communitytoolkit.diagnostics,17484210.0,CommunityToolkit.Diagnostics,True,False,False,stars
cake.filehelpers,17428769.0,Cake.FileHelpers,True,True,False,stars+forks
envdte,17412964.0,EnvDTE,True,True,False,stars+forks
polysharp,17393697.0,PolySharp,True,True,False,stars+forks
xamarin.android.arch.lifecycle.common,17382713.0,Xamarin.Android.Arch.Lifecycle.Common,False,True,False,forks
itext.bouncy-castle-adapter,17380539.0,itext.bouncy-castle-adapter,True,True,False,stars+forks
markdown,17366900.0,Markdown,False,True,False,forks
microsoft.aspnetcore.app.runtime.osx-arm64,17344726.0,Microsoft.AspNetCore.App.Runtime.osx-arm64,False,True,False,forks
ziggycreatures.fusioncache.backplane.stackexchangeredis,17285279.0,ZiggyCreatures.FusionCache.Backplane.StackExchangeRedis,True,False,False,stars
elmah,17260307.0,elmah,False,True,False,forks
xamarin.android.arch.lifecycle.runtime,17225329.0,Xamarin.Android.Arch.Lifecycle.Runtime,False,True,False,forks
itext7.pdfhtml,17188608.0,itext7.pdfhtml,True,True,False,stars+forks
microsoft.aspnetcore.components.webview,17161972.0,Microsoft.AspNetCore.Components.WebView,True,False,False,stars
avalonedit,17144300.0,AvalonEdit,True,True,False,stars+forks
xamarin.android.support.design,17143768.0,Xamarin.Android.Support.Design,True,True,False,stars+forks
xamarin.android.arch.core.common,17076426.0,Xamarin.Android.Arch.Core.Common,False,True,False,forks
simpleinjector.integration.servicecollection,17036436.0,SimpleInjector.Integration.ServiceCollection,True,True,False,stars+forks
microsoft.netcore.universalwindowsplatform,17029365.0,Microsoft.NETCore.UniversalWindowsPlatform,True,True,False,stars+forks
githubactionstestlogger,17012745.0,GitHubActionsTestLogger,True,False,False,stars
cassandracsharpdriver,17008911.0,CassandraCSharpDriver,True,True,False,stars+forks
mstest,17002214.0,MSTest,True,True,False,stars+forks
serilog.sinks.graylog,16992713.0,Serilog.Sinks.Graylog,True,True,False,stars+forks
extended.wpf.toolkit,16939191.0,Extended.Wpf.Toolkit,True,False,False,stars
sharpdx.direct3d11,16905707.0,SharpDX.Direct3D11,True,True,False,stars+forks
microsoft.owin.staticfiles,16892022.0,Microsoft.Owin.StaticFiles,False,True,False,forks
mongocsharpdriver,16847587.0,mongocsharpdriver,True,True,False,stars+forks
grpc.aspnetcore.healthchecks,16825578.0,Grpc.AspNetCore.HealthChecks,True,True,False,stars+forks
microsoft.netframework.referenceassemblies.net45,16749950.0,Microsoft.NETFramework.ReferenceAssemblies.net45,True,True,False,stars+forks
hyak.common,16724401.0,Hyak.Common,False,True,False,forks
xamarin.android.support.v7.cardview,16672848.0,Xamarin.Android.Support.v7.CardView,True,True,False,stars+forks
rebus.serviceprovider,16634809.0,Rebus.ServiceProvider,True,True,False,stars+forks
microsoft.ml,16563250.0,Microsoft.ML,False,True,False,forks
sharpraven,16561969.0,SharpRaven,True,False,False,stars
xamarin.android.glide,16556500.0,Xamarin.Android.Glide,True,False,False,stars
microsoft.maui.controls.compatibility,16523765.0,Microsoft.Maui.Controls.Compatibility,True,True,False,stars+forks
microsoft.clearscript.v8.native.win-x64,16520082.0,Microsoft.ClearScript.V8.Native.win-x64,True,False,False,stars
fastendpoints,16481688.0,FastEndpoints,True,True,False,stars+forks
supersocket.clientengine.core,16468695.0,SuperSocket.ClientEngine.Core,False,True,False,forks
testableio.system.io.abstractions.testinghelpers,16420248.0,TestableIO.System.IO.Abstractions.TestingHelpers,True,True,False,stars+forks
system.commandline.namingconventionbinder,16366097.0,System.CommandLine.NamingConventionBinder,True,False,False,stars
microsoft.codeanalysis.analyzer.testing,16299974.0,Microsoft.CodeAnalysis.Analyzer.Testing,True,True,False,stars+forks
bunit,16260225.0,bunit,True,False,False,stars
cronexpressiondescriptor,16223940.0,CronExpressionDescriptor,True,False,False,stars
stub.system.data.sqlite.core.netframework,16207004.0,Stub.System.Data.SQLite.Core.NetFramework,True,True,False,stars+forks
akavache.sqlite3,16185775.0,akavache.sqlite3,True,False,False,stars
microsoft.azure.common,16172045.0,Microsoft.Azure.Common,False,True,False,forks
xamarin.androidx.window,16124659.0,Xamarin.AndroidX.Window,True,True,False,stars+forks
akavache,16094131.0,akavache,True,False,False,stars
akavache.core,16042115.0,akavache.core,True,False,False,stars
duende.identityserver.entityframework,15973802.0,Duende.IdentityServer.EntityFramework,True,True,False,stars+forks
microsoft.netcore.app.host.win-x86,15956044.0,Microsoft.NETCore.App.Host.win-x86,False,True,False,forks
fscheck,15900926.0,FsCheck,True,True,False,stars+forks
fluentassertions.analyzers,15891684.0,FluentAssertions.Analyzers,True,False,False,stars
examine.core,15874318.0,Examine.Core,False,True,False,forks
fuzzysharp,15796772.0,FuzzySharp,True,False,False,stars
avalonia.skia,15792064.0,Avalonia.Skia,True,True,False,stars+forks
microsoft.extensions.diagnostics.testing,15784552.0,Microsoft.Extensions.Diagnostics.Testing,True,True,False,stars+forks
microsoft.security.extensions,15773443.0,Microsoft.Security.Extensions,True,True,False,stars+forks
xamarin.androidx.navigation.fragment,15735751.0,Xamarin.AndroidX.Navigation.Fragment,True,False,False,stars
azure.resourcemanager.resources,15727979.0,Azure.ResourceManager.Resources,False,True,False,forks
microsoft.semantickernel,15684427.0,Microsoft.SemanticKernel,True,True,False,stars+forks
faker.net,15655603.0,Faker.Net,False,True,False,forks
microsoft.dotnet.upgradeassistant.extensions.default.analyzers,15651081.0,Microsoft.DotNet.UpgradeAssistant.Extensions.Default.Analyzers,True,True,False,stars+forks
ardalis.specification.entityframeworkcore,15493013.0,Ardalis.Specification.EntityFrameworkCore,True,True,False,stars+forks
microsoft.bot.connector,15477197.0,Microsoft.Bot.Connector,True,False,False,stars
sharpdx.d3dcompiler,15465834.0,SharpDX.D3DCompiler,True,True,False,stars+forks
lightinject,15417554.0,LightInject,True,True,False,stars+forks
dynamiclanguageruntime,15269843.0,DynamicLanguageRuntime,True,True,False,stars+forks
svg.skia,15264592.0,Svg.Skia,True,True,False,stars+forks
grpc.aspnetcore.web,15243834.0,Grpc.AspNetCore.Web,True,True,False,stars+forks
imageprocessor,15235462.0,ImageProcessor,False,True,False,forks
castle.windsor.msdependencyinjection,15146374.0,Castle.Windsor.MsDependencyInjection,True,True,False,stars+forks
azure.communication.email,15143825.0,Azure.Communication.Email,False,True,False,forks
examine.lucene,15117233.0,Examine.Lucene,False,True,False,forks
xamarin.kotlinx.coroutines.core,15091283.0,Xamarin.KotlinX.Coroutines.Core,True,False,False,stars
netarchtest.rules,14912737.0,NetArchTest.Rules,False,True,False,forks
mysql.entityframeworkcore,14850628.0,MySql.EntityFrameworkCore,True,True,False,stars+forks
xamarin.androidx.security.securitycrypto,14743553.0,Xamarin.AndroidX.Security.SecurityCrypto,True,False,False,stars
microsoft.bot.builder,14702731.0,Microsoft.Bot.Builder,True,False,False,stars
hangfire.inmemory,14672577.0,Hangfire.InMemory,True,True,False,stars+forks
testcontainers.redis,14653238.0,Testcontainers.Redis,False,True,False,forks
wix,14646829.0,wix,False,True,False,forks
ironpython,14638678.0,IronPython,False,True,False,forks
azure.storage.blobs.batch,14556565.0,Azure.Storage.Blobs.Batch,True,False,False,stars
microsoft.azure.devices.client,14543195.0,Microsoft.Azure.Devices.Client,False,True,False,forks
fasterflect,14504853.0,fasterflect,True,True,False,stars+forks
configureawait.fody,14449812.0,ConfigureAwait.Fody,True,True,False,stars+forks
microsoft.codeanalysis.csharp.analyzer.testing,14371806.0,Microsoft.CodeAnalysis.CSharp.Analyzer.Testing,True,True,False,stars+forks
bugsnag,14318659.0,Bugsnag,True,False,False,stars
microsoft.ml.onnxruntime,14215794.0,Microsoft.ML.OnnxRuntime,True,True,False,stars+forks
duende.identityserver.aspnetidentity,14176205.0,Duende.IdentityServer.AspNetIdentity,True,True,False,stars+forks
skiasharp.views,14174777.0,SkiaSharp.Views,True,True,False,stars+forks
microsoft.netcore.app.runtime.win-arm64,14170673.0,Microsoft.NETCore.App.Runtime.win-arm64,True,True,False,stars+forks
mahapps.metro,14151050.0,MahApps.Metro,True,True,False,stars+forks
microsoft.azure.management.resourcemanager,14147702.0,Microsoft.Azure.Management.ResourceManager,False,True,False,forks
braintree,14132883.0,Braintree,True,False,False,stars
system.runtime.windowsruntime.ui.xaml,14064711.0,System.Runtime.WindowsRuntime.UI.Xaml,True,False,False,stars
ligershark.weboptimizer.core,14054378.0,LigerShark.WebOptimizer.Core,False,True,False,forks
microsoft.aspnetcore.components.webview.maui,14021154.0,Microsoft.AspNetCore.Components.WebView.Maui,True,True,False,stars+forks
microsoft.owin.diagnostics,13844603.0,Microsoft.Owin.Diagnostics,False,True,False,forks
envdte80,13790332.0,EnvDTE80,True,True,False,stars+forks
xamarin.android.support.transition,13763035.0,Xamarin.Android.Support.Transition,True,True,False,stars+forks
opentk,13758655.0,OpenTK,True,True,False,stars+forks
epplus.core,13698109.0,EPPlus.Core,False,True,False,forks
mimetypemapofficial,13628640.0,MimeTypeMapOfficial,True,False,False,stars
system.linq.asyncenumerable,13581979.0,System.Linq.AsyncEnumerable,True,True,False,stars+forks
martincostello.logging.xunit,13562386.0,MartinCostello.Logging.XUnit,True,False,False,stars
spectre.console.cli,13453758.0,Spectre.Console.Cli,True,True,False,stars+forks
naudio,13267156.0,NAudio,True,True,False,stars+forks
microsoft.visualstudio.utilities,13102772.0,Microsoft.VisualStudio.Utilities,True,True,False,stars+forks
microsoft.ml.onnxruntime.managed,13021043.0,Microsoft.ML.OnnxRuntime.Managed,True,False,False,stars
graphql.microsoftdi,12993305.0,GraphQL.MicrosoftDI,False,True,False,forks
googleauthenticator,12893326.0,GoogleAuthenticator,False,True,False,forks
microsoft.aspnetcore.app.runtime.win-arm64,12882922.0,Microsoft.AspNetCore.App.Runtime.win-arm64,False,True,False,forks
miniexcel,12840055.0,MiniExcel,True,False,False,stars
microsoft.azure.storage.datamovement,12789819.0,Microsoft.Azure.Storage.DataMovement,False,True,False,forks
avalonia.desktop,12743202.0,Avalonia.Desktop,True,True,False,stars+forks
memorypack,12666375.0,MemoryPack,True,True,False,stars+forks
xamarin.android.support.v7.mediarouter,12589581.0,Xamarin.Android.Support.v7.MediaRouter,False,True,False,forks
semanticversioning,12507581.0,SemanticVersioning,True,False,False,stars
azure.resourcemanager.storage,12453267.0,Azure.ResourceManager.Storage,False,True,False,forks
microsoft.visualstudio.ole.interop,12445392.0,Microsoft.VisualStudio.OLE.Interop,True,True,False,stars+forks
gitinfo,12424946.0,GitInfo,True,True,False,stars+forks
avalonia.win32,12423585.0,Avalonia.Win32,True,True,False,stars+forks
fastendpoints.swagger,12421128.0,FastEndpoints.Swagger,True,True,False,stars+forks
nbitcoin,12401031.0,NBitcoin,False,True,False,forks
protobuf-net.grpc.aspnetcore,12395923.0,protobuf-net.Grpc.AspNetCore,True,True,False,stars+forks
lamar,12366434.0,Lamar,True,True,False,stars+forks
xamarin.android.support.collections,12282783.0,Xamarin.Android.Support.Collections,False,True,False,forks
avalonia.x11,12277370.0,Avalonia.X11,True,True,False,stars+forks
microsoft.orleans.sdk,12267583.0,Microsoft.Orleans.Sdk,True,True,False,stars+forks
avalonia.native,12237537.0,Avalonia.Native,True,False,False,stars
xamarin.uitest,12233592.0,Xamarin.UITest,False,True,False,forks
corewcf.primitives,12208308.0,CoreWCF.Primitives,True,False,False,stars
taskscheduler,12180253.0,TaskScheduler,True,True,False,stars+forks
vswhere,12131473.0,vswhere,True,True,False,stars+forks
modelcontextprotocol.aspnetcore,12081860.0,ModelContextProtocol.AspNetCore,True,True,False,stars+forks
microsoft.azure.activedirectory.graphclient,11894431.0,Microsoft.Azure.ActiveDirectory.GraphClient,False,True,False,forks
graphql.dataloader,11887614.0,GraphQL.DataLoader,False,True,False,forks
sharpdx.direct2d1,11874784.0,SharpDX.Direct2D1,True,True,False,stars+forks
microsoft.azure.management.servicebus,11828152.0,Microsoft.Azure.Management.ServiceBus,False,True,False,forks
geoapi.coordinatesystems,11809728.0,GeoAPI.CoordinateSystems,False,True,False,forks
microsoft.ml.tokenizers,11666880.0,Microsoft.ML.Tokenizers,True,True,False,stars+forks
microsoft.azure.eventhubs.processor,11662628.0,Microsoft.Azure.EventHubs.Processor,False,True,False,forks
securitycodescan,11655483.0,SecurityCodeScan,False,True,False,forks
netmq,11645837.0,NetMQ,True,True,False,stars+forks
microsoft.web.librarymanager.build,11606562.0,Microsoft.Web.LibraryManager.Build,True,True,False,stars+forks
idisposableanalyzers,11599440.0,IDisposableAnalyzers,True,True,False,stars+forks
microsoft.codeanalysis.publicapianalyzers,11574195.0,Microsoft.CodeAnalysis.PublicApiAnalyzers,True,True,False,stars+forks
sustainsys.saml2.aspnetcore2,11504193.0,Sustainsys.Saml2.AspNetCore2,True,False,False,stars
aspire.stackexchange.redis,11460210.0,Aspire.StackExchange.Redis,True,True,False,stars+forks
imageresizer,11455445.0,ImageResizer,True,False,False,stars
microsoft.owin.testing,11439364.0,Microsoft.Owin.Testing,True,True,False,stars+forks
microsoft.visualstudio.services.interactiveclient,11409697.0,Microsoft.VisualStudio.Services.InteractiveClient,True,True,False,stars+forks
materialdesignthemes,11358566.0,MaterialDesignThemes,True,True,False,stars+forks
volo.abp.autofac,11346385.0,Volo.Abp.Autofac,True,True,False,stars+forks
aliyun.oss.sdk.netcore,11288463.0,Aliyun.OSS.SDK.NetCore,True,True,False,stars+forks
microsoft.windows.cppwinrt,11280941.0,Microsoft.Windows.CppWinRT,True,True,False,stars+forks
microsoft.aspnet.providers.localdb,11277561.0,Microsoft.AspNet.Providers.LocalDB,False,True,False,forks
avalonia.angle.windows.natives,11265233.0,Avalonia.Angle.Windows.Natives,True,True,False,stars+forks
sharpdx.direct3d9,11230784.0,SharpDX.Direct3D9,True,False,False,stars
selenium.chrome.webdriver,11189876.0,Selenium.Chrome.WebDriver,True,False,False,stars
opencvsharp4.runtime.win,11140720.0,OpenCvSharp4.runtime.win,False,True,False,forks
runtime.linux-x64.microsoft.dotnet.ilcompiler,11110438.0,runtime.linux-x64.Microsoft.DotNet.ILCompiler,True,False,False,stars
microsoft.reportingservices.reportviewercontrol.webforms,11104305.0,Microsoft.ReportingServices.ReportViewerControl.WebForms,False,True,False,forks
opencvsharp4,11040762.0,OpenCvSharp4,False,True,False,forks
microsoft.vssdk.buildtools,11029970.0,Microsoft.VSSDK.BuildTools,True,True,False,stars+forks
cefsharp.common,10955811.0,CefSharp.Common,True,True,False,stars+forks
xamarin.android.support.customtabs,10922811.0,Xamarin.Android.Support.CustomTabs,True,False,False,stars
microsoft.icu.icu4c.runtime,10922398.0,Microsoft.ICU.ICU4C.Runtime,True,True,False,stars+forks
microsoft.orleans.runtime,10736733.0,Microsoft.Orleans.Runtime,True,True,False,stars+forks
avalonia.buildservices,10688055.0,Avalonia.BuildServices,True,True,False,stars+forks
pinvoke.windows.core,10673327.0,PInvoke.Windows.Core,False,True,False,forks
microsoft.orleans.client,10662243.0,Microsoft.Orleans.Client,True,True,False,stars+forks
jsonpath.net,10644403.0,JsonPath.Net,False,True,False,forks
plugin.currentactivity,10642110.0,Plugin.CurrentActivity,True,False,False,stars
ziggycreatures.fusioncache.serialization.systemtextjson,10641258.0,ZiggyCreatures.FusionCache.Serialization.SystemTextJson,True,False,False,stars
msbuild.structuredlogger,10607445.0,MSBuild.StructuredLogger,True,True,False,stars+forks
mediator.abstractions,10601900.0,Mediator.Abstractions,True,True,False,stars+forks
azure.resourcemanager.authorization,10498290.0,Azure.ResourceManager.Authorization,False,True,False,forks
microsoft.codeanalysis.csharp.codefix.testing,10486555.0,Microsoft.CodeAnalysis.CSharp.CodeFix.Testing,True,True,False,stars+forks
accord,10481332.0,Accord,True,True,False,stars+forks
mongo2go,10473476.0,Mongo2Go,True,True,False,stars+forks
microsoft.orleans.server,10463991.0,Microsoft.Orleans.Server,True,True,False,stars+forks
corewcf.http,10412850.0,CoreWCF.Http,True,False,False,stars
pinvoke.kernel32,10406146.0,PInvoke.Kernel32,True,True,False,stars+forks
umbracocms.core,10303412.0,UmbracoCms.Core,False,True,False,forks
tmds.dbus.protocol,10219588.0,Tmds.DBus.Protocol,True,True,False,stars+forks
opentelemetry.exporter.inmemory,10218899.0,OpenTelemetry.Exporter.InMemory,True,True,False,stars+forks
testcontainers.azurite,10180756.0,Testcontainers.Azurite,False,True,False,forks
finbuckle.multitenant,10162660.0,Finbuckle.MultiTenant,False,True,False,forks
dazinator.extensions.fileproviders,10135620.0,Dazinator.Extensions.FileProviders,False,True,False,forks
ironpython.stdlib,10074625.0,IronPython.StdLib,True,True,False,stars+forks
ardalis.result,10057802.0,Ardalis.Result,True,True,False,stars+forks
webmarkupmin.core,9995171.0,WebMarkupMin.Core,True,False,False,stars
prism.wpf,9921955.0,Prism.Wpf,True,False,False,stars
accord.math,9870502.0,Accord.Math,True,True,False,stars+forks
materialdesigncolors,9802464.0,MaterialDesignColors,True,True,False,stars+forks
xamarin.googleplayservices.maps,9722805.0,Xamarin.GooglePlayServices.Maps,True,False,False,stars
microsoft.codeanalysis.resxsourcegenerator,9695950.0,Microsoft.CodeAnalysis.ResxSourceGenerator,True,False,False,stars
microsoft.visualstudio.telemetry,9683475.0,Microsoft.VisualStudio.Telemetry,True,True,False,stars+forks
windowsapicodepack-core,9675241.0,WindowsAPICodePack-Core,True,False,False,stars
xretry,9667161.0,xRetry,True,True,False,stars+forks
communitytoolkit.maui,9640599.0,CommunityToolkit.Maui,True,True,False,stars+forks
microsoft.visualstudio.imaging.interop.14.0.designtime,9629857.0,Microsoft.VisualStudio.Imaging.Interop.14.0.DesignTime,True,True,False,stars+forks
microsoft.azure.common.dependencies,9626972.0,Microsoft.Azure.Common.Dependencies,False,True,False,forks
zookeepernetex,9621941.0,ZooKeeperNetEx,True,True,False,stars+forks
xamarin.android.support.v7.palette,9607409.0,Xamarin.Android.Support.v7.Palette,True,True,False,stars+forks
volo.abp.identity.domain,9603778.0,Volo.Abp.Identity.Domain,True,True,False,stars+forks
finbuckle.multitenant.aspnetcore,9541630.0,Finbuckle.MultiTenant.AspNetCore,False,True,False,forks
microsoft.visualstudio.text.data,9524201.0,Microsoft.VisualStudio.Text.Data,True,True,False,stars+forks
utf.unknown,9520078.0,UTF.Unknown,True,True,False,stars+forks
hardcodet.notifyicon.wpf,9465871.0,Hardcodet.NotifyIcon.Wpf,True,False,False,stars
microsoft.visualstudio.shell.framework,9442595.0,Microsoft.VisualStudio.Shell.Framework,True,True,False,stars+forks
msgreader,9432245.0,MsgReader,True,False,False,stars
microsoft.visualstudio.coreutility,9401518.0,Microsoft.VisualStudio.CoreUtility,True,True,False,stars+forks
azure.resourcemanager.keyvault,9366099.0,Azure.ResourceManager.KeyVault,False,True,False,forks
microsoft.visualstudio.interop,9363686.0,Microsoft.VisualStudio.Interop,True,True,False,stars+forks
cake.git,9291397.0,Cake.Git,True,True,False,stars+forks
websocket.client,9255173.0,Websocket.Client,True,False,False,stars
lamar.microsoft.dependencyinjection,9253748.0,Lamar.Microsoft.DependencyInjection,True,True,False,stars+forks
smartformat,9251454.0,SmartFormat,False,True,False,forks
windowsapicodepack-shell,9237280.0,WindowsAPICodePack-Shell,True,False,False,stars
microsoft.codeanalysis.compilers,9233356.0,Microsoft.CodeAnalysis.Compilers,True,True,False,stars+forks
costura.fody,9209143.0,Costura.Fody,True,True,False,stars+forks
yamldotnet.netcore,9149865.0,YamlDotNet.NetCore,False,True,False,forks
mathnet.numerics.fsharp,9126963.0,MathNet.Numerics.FSharp,True,True,False,stars+forks
controlzex,9067189.0,ControlzEx,True,True,False,stars+forks
microsoft.bot.builder.integration.aspnet.core,9005308.0,Microsoft.Bot.Builder.Integration.AspNet.Core,True,False,False,stars
jsonschema.net.generation,8992516.0,JsonSchema.Net.Generation,True,True,False,stars+forks
sqlitepclraw.provider.e_sqlite3.net45,8975750.0,SQLitePCLRaw.provider.e_sqlite3.net45,True,True,False,stars+forks
gitversion.msbuild,8971357.0,GitVersion.MsBuild,True,False,False,stars
microsoft-windowsapicodepack-core,8918463.0,Microsoft-WindowsAPICodePack-Core,False,True,False,forks
mono.options,8866807.0,Mono.Options,True,True,False,stars+forks
microsoft.graphics.win2d,8857167.0,Microsoft.Graphics.Win2D,True,True,False,stars+forks
razorenginecore,8797992.0,RazorEngineCore,False,True,False,forks
google.apis.youtube.v3,8780466.0,Google.Apis.YouTube.v3,True,False,False,stars
microsoft.azure.management.sql,8774508.0,Microsoft.Azure.Management.Sql,False,True,False,forks
pinvoke.ncrypt,8765335.0,PInvoke.NCrypt,False,True,False,forks
microsoft.owin.selfhost,8750529.0,Microsoft.Owin.SelfHost,False,True,False,forks
skiasharp.views.forms,8748206.0,SkiaSharp.Views.Forms,False,True,False,forks
structuremap.microsoft.dependencyinjection,8684746.0,StructureMap.Microsoft.DependencyInjection,True,True,False,stars+forks
microsoft.windowsdesktop.app.runtime.win-arm64,8681426.0,Microsoft.WindowsDesktop.App.Runtime.win-arm64,True,True,False,stars+forks
easycaching.inmemory,8652308.0,EasyCaching.InMemory,True,False,False,stars
acornima,8649224.0,Acornima,False,True,False,forks
microsoft-windowsapicodepack-shell,8644291.0,Microsoft-WindowsAPICodePack-Shell,True,True,False,stars+forks
microsoft.azure.management.datafactory,8627151.0,Microsoft.Azure.Management.DataFactory,False,True,False,forks
aspnetcoreratelimit.redis,8611004.0,AspNetCoreRateLimit.Redis,True,False,False,stars
avalonia.controls.datagrid,8575672.0,Avalonia.Controls.DataGrid,True,True,False,stars+forks
pinvoke.bcrypt,8574040.0,PInvoke.BCrypt,False,True,False,forks
microsoft.azure.management.network,8555280.0,Microsoft.Azure.Management.Network,False,True,False,forks
microsoft.windows.sdk.contracts,8539057.0,Microsoft.Windows.SDK.Contracts,True,False,False,stars
microsoft.aspnetcore.grpc.jsontranscoding,8532278.0,Microsoft.AspNetCore.Grpc.JsonTranscoding,True,True,False,stars+forks
microsoft.teamfoundationserver.extendedclient,8515247.0,Microsoft.TeamFoundationServer.ExtendedClient,True,True,False,stars+forks
microsoft.visualstudio.shell.15.0,8504517.0,Microsoft.VisualStudio.Shell.15.0,True,True,False,stars+forks
microsoft.cognitiveservices.speech,8492679.0,Microsoft.CognitiveServices.Speech,False,True,False,forks
cake.common,8478179.0,Cake.Common,True,True,False,stars+forks
castle.loggingfacility.mslogging,8454296.0,Castle.LoggingFacility.MsLogging,True,True,False,stars+forks
microsoft.visualstudio.remotecontrol,8448682.0,Microsoft.VisualStudio.RemoteControl,True,True,False,stars+forks
servicestack.ormlite.sqlserver,8439054.0,ServiceStack.OrmLite.SqlServer,True,True,False,stars+forks
brotlisharplib,8437569.0,BrotliSharpLib,True,True,False,stars+forks
microsoft.servicehub.framework,8414875.0,Microsoft.ServiceHub.Framework,True,True,False,stars+forks
nats.net,8410414.0,NATS.Net,True,True,False,stars+forks
microsoft.visualstudio.shell.interop,8401926.0,Microsoft.VisualStudio.Shell.Interop,True,True,False,stars+forks
microsoft.visualstudio.imaging,8394063.0,Microsoft.VisualStudio.Imaging,True,True,False,stars+forks
microsoft.visualstudio.textmanager.interop,8381622.0,Microsoft.VisualStudio.TextManager.Interop,True,True,False,stars+forks
nunitlite,8370227.0,NUnitLite,True,True,False,stars+forks
twitter.bootstrap,8352577.0,Twitter.Bootstrap,False,True,False,forks
pidgin,8341145.0,Pidgin,False,True,False,forks
npoco.sqlserver,8331513.0,NPoco.SqlServer,False,True,False,forks
microsoft.azure.management.keyvault,8233579.0,Microsoft.Azure.Management.KeyVault,False,True,False,forks
accord.statistics,8217689.0,Accord.Statistics,True,True,False,stars+forks
microsoft.io.redist,8148253.0,Microsoft.IO.Redist,True,True,False,stars+forks
testcontainers.mongodb,8132993.0,Testcontainers.MongoDb,True,True,False,stars+forks
avalonia.themes.fluent,8125075.0,Avalonia.Themes.Fluent,True,True,False,stars+forks
microsoft.agents.ai.abstractions,8114633.0,Microsoft.Agents.AI.Abstractions,True,True,False,stars+forks
mediator.sourcegenerator,8072573.0,Mediator.SourceGenerator,True,True,False,stars+forks
clientdependency,8063851.0,ClientDependency,False,True,False,forks
pclcrypto,8030016.0,PCLCrypto,False,True,False,forks
mvvmcross,7988162.0,MvvmCross,True,False,False,stars
naudio.wasapi,7985615.0,NAudio.Wasapi,True,False,False,stars
microsoft.ilverification,7895592.0,Microsoft.ILVerification,True,True,False,stars+forks
microsoft.visualstudio.utilities.internal,7890977.0,Microsoft.VisualStudio.Utilities.Internal,True,True,False,stars+forks
quartz.plugins.timezoneconverter,7862422.0,Quartz.Plugins.TimeZoneConverter,True,True,False,stars+forks
avalara.avatax,7851142.0,Avalara.AvaTax,False,True,False,forks
commonmark.net,7841434.0,CommonMark.NET,True,True,False,stars+forks
microsoft.orleans.reminders,7794442.0,Microsoft.Orleans.Reminders,True,True,False,stars+forks
microsoft.azure.management.storage,7771143.0,Microsoft.Azure.Management.Storage,False,True,False,forks
pgvector,7746576.0,Pgvector,True,True,False,stars+forks
linq2db.entityframeworkcore,7710107.0,linq2db.EntityFrameworkCore,True,False,False,stars
volo.abp.settingmanagement.entityframeworkcore,7697832.0,Volo.Abp.SettingManagement.EntityFrameworkCore,True,True,False,stars+forks
wcwidth,7656686.0,Wcwidth,True,False,False,stars
sqlite,7645846.0,SQLite,True,True,False,stars+forks
volo.abp.permissionmanagement.entityframeworkcore,7641812.0,Volo.Abp.PermissionManagement.EntityFrameworkCore,True,True,False,stars+forks
aspire.hosting.testing,7610467.0,Aspire.Hosting.Testing,True,True,False,stars+forks
nett,7566162.0,Nett,True,True,False,stars+forks
fscheck.xunit,7530217.0,FsCheck.Xunit,True,True,False,stars+forks
dryioc.microsoft.dependencyinjection,7511470.0,DryIoc.Microsoft.DependencyInjection,True,True,False,stars+forks
avalonia.diagnostics,7482824.0,Avalonia.Diagnostics,True,True,False,stars+forks
microsoft.visualstudio.shell.interop.8.0,7477424.0,Microsoft.VisualStudio.Shell.Interop.8.0,True,True,False,stars+forks
nullable,7472085.0,Nullable,True,True,False,stars+forks
umbraco.cms,7441390.0,Umbraco.Cms,False,True,False,forks
microsoft.visualstudio.shell.interop.10.0,7401001.0,Microsoft.VisualStudio.Shell.Interop.10.0,True,True,False,stars+forks
microsoft.visualstudio.textmanager.interop.8.0,7364821.0,Microsoft.VisualStudio.TextManager.Interop.8.0,True,True,False,stars+forks
exiflibnet,7307007.0,ExifLibNet,False,True,False,forks
aspire.hosting.postgresql,7278003.0,Aspire.Hosting.PostgreSQL,True,True,False,stars+forks
xunit.combinatorial,7268569.0,Xunit.Combinatorial,True,True,False,stars+forks
xam.plugins.settings,7232231.0,Xam.Plugins.Settings,True,False,False,stars
aspire.hosting.sqlserver,7221506.0,Aspire.Hosting.SqlServer,True,True,False,stars+forks
aspire.hosting.redis,7206789.0,Aspire.Hosting.Redis,True,True,False,stars+forks
zxing.net.bindings.skiasharp,7199343.0,ZXing.Net.Bindings.SkiaSharp,True,True,False,stars+forks
benchmarkdotnet.diagnostics.windows,7180930.0,BenchmarkDotNet.Diagnostics.Windows,True,True,False,stars+forks
microsoft.azure.signalr.serverless.protocols,7140198.0,Microsoft.Azure.SignalR.Serverless.Protocols,False,True,False,forks
ilmerge,7138779.0,ILMerge,True,False,False,stars
microsoft.azure.management.monitor,7097775.0,Microsoft.Azure.Management.Monitor,False,True,False,forks
microsoft.netcore.app.host.win-arm64,7085234.0,Microsoft.NETCore.App.Host.win-arm64,False,True,False,forks
azure.resourcemanager.appservice,7055365.0,Azure.ResourceManager.AppService,False,True,False,forks
microsoft.visualstudio.sdk.analyzers,7050086.0,Microsoft.VisualStudio.SDK.Analyzers,True,True,False,stars+forks
blazorise,7035322.0,Blazorise,True,True,False,stars+forks
xmlrpcnet,7008533.0,xmlrpcnet,True,False,False,stars
win2d.uwp,6993173.0,Win2D.uwp,True,False,False,stars
pdftoimage,6991815.0,PDFtoImage,True,True,False,stars+forks
microsoft.azure.management.websites,6964216.0,Microsoft.Azure.Management.WebSites,False,True,False,forks
sourcegear.sqlite3,6948670.0,SourceGear.sqlite3,True,True,False,stars+forks
azure.resourcemanager.sql,6861570.0,Azure.ResourceManager.Sql,False,True,False,forks
slugify.core,6833446.0,Slugify.Core,True,True,False,stars+forks
google.cloud.translation.v2,6802603.0,Google.Cloud.Translation.V2,False,True,False,forks
fido2,6801104.0,Fido2,False,True,False,forks
avalonia.controls.colorpicker,6786580.0,Avalonia.Controls.ColorPicker,True,True,False,stars+forks
vogen,6781009.0,Vogen,True,True,False,stars+forks
enyimmemcached,6763540.0,EnyimMemcached,False,True,False,forks
aspire.npgsql.entityframeworkcore.postgresql,6723573.0,Aspire.Npgsql.EntityFrameworkCore.PostgreSQL,True,True,False,stars+forks
aspire.azure.storage.blobs,6718312.0,Aspire.Azure.Storage.Blobs,True,True,False,stars+forks
microsoft.agents.ai,6715441.0,Microsoft.Agents.AI,False,True,False,forks
microsoft.visualstudio.text.logic,6697231.0,Microsoft.VisualStudio.Text.Logic,True,True,False,stars+forks
microsoft.visualstudio.imagecatalog,6684781.0,Microsoft.VisualStudio.ImageCatalog,True,True,False,stars+forks
discordrichpresence,6672359.0,DiscordRichPresence,True,True,False,stars+forks
serilog.sinks.spectreconsole,6617341.0,Serilog.Sinks.SpectreConsole,False,True,False,forks
volo.abp.identity.entityframeworkcore,6599654.0,Volo.Abp.Identity.EntityFrameworkCore,True,True,False,stars+forks
microsoft.codeanalysis.metrics,6586185.0,Microsoft.CodeAnalysis.Metrics,False,True,False,forks
microsoft.azure.management.logic,6555491.0,Microsoft.Azure.Management.Logic,False,True,False,forks
wangkanai.detection,6532766.0,Wangkanai.Detection,True,False,False,stars
azure.resourcemanager.compute,6512089.0,Azure.ResourceManager.Compute,False,True,False,forks
jetbrains.profiler.selfapi,6479912.0,JetBrains.Profiler.SelfApi,True,True,False,stars+forks
xamarin.testcloud.agent,6468599.0,Xamarin.TestCloud.Agent,True,True,False,stars+forks
google.apis.peopleservice.v1,6430711.0,Google.Apis.PeopleService.v1,True,False,False,stars
smblibrary,6356593.0,SMBLibrary,True,False,False,stars
azure.resourcemanager.network,6341238.0,Azure.ResourceManager.Network,False,True,False,forks
avalonia.fonts.inter,6330333.0,Avalonia.Fonts.Inter,True,True,False,stars+forks
lib.harmony,6323066.0,Lib.Harmony,True,True,False,stars+forks
slapper.automapper,6308846.0,Slapper.AutoMapper,True,True,False,stars+forks
microsoft.azure.management.recoveryservices.backup,6261173.0,Microsoft.Azure.Management.RecoveryServices.Backup,False,True,False,forks
uiacomwrapper,6236734.0,UIAComWrapper,True,True,False,stars+forks
microsoft.powershell.5.referenceassemblies,6212453.0,Microsoft.PowerShell.5.ReferenceAssemblies,False,True,False,forks
umbraco.cms.api.common,6206719.0,Umbraco.Cms.Api.Common,False,True,False,forks
microsoft.visualstudio.componentmodelhost,6151530.0,Microsoft.VisualStudio.ComponentModelHost,True,True,False,stars+forks
microsoft.visualstudio.text.ui,6119963.0,Microsoft.VisualStudio.Text.UI,True,True,False,stars+forks
microsoft.visualstudio.shell.interop.9.0,6119507.0,Microsoft.VisualStudio.Shell.Interop.9.0,True,True,False,stars+forks
microsoft.orleans.clustering.azurestorage,6099884.0,Microsoft.Orleans.Clustering.AzureStorage,True,True,False,stars+forks
xamarin.google.dagger,5989142.0,Xamarin.Google.Dagger,True,False,False,stars
powershellstandard.library,5977722.0,PowerShellStandard.Library,True,True,False,stars+forks
microsoft.orleans.clustering.adonet,5934751.0,Microsoft.Orleans.Clustering.AdoNet,True,True,False,stars+forks
google.cloud.kms.v1,5934605.0,Google.Cloud.Kms.V1,False,True,False,forks
csvtextfieldparser,5928650.0,CsvTextFieldParser,True,True,False,stars+forks
azure.provisioning.storage,5926799.0,Azure.Provisioning.Storage,False,True,False,forks
aspire.hosting.azure.storage,5917957.0,Aspire.Hosting.Azure.Storage,True,True,False,stars+forks
sqlitepclraw.bundle_e_sqlcipher,5863495.0,SQLitePCLRaw.bundle_e_sqlcipher,True,True,False,stars+forks
microsoft.aspnetcore.app.runtime.linux-arm,5862993.0,Microsoft.AspNetCore.App.Runtime.linux-arm,False,True,False,forks
clientdependency-mvc5,5784295.0,ClientDependency-Mvc5,False,True,False,forks
avalonia.themes.simple,5767566.0,Avalonia.Themes.Simple,True,True,False,stars+forks
microsoft.visualstudio.text.ui.wpf,5762831.0,Microsoft.VisualStudio.Text.UI.Wpf,True,True,False,stars+forks
caliburn.micro,5751003.0,Caliburn.Micro,False,True,False,forks
microsoft.netcore.app.runtime.linux-arm,5715334.0,Microsoft.NETCore.App.Runtime.linux-arm,False,True,False,forks
microsoft.diasymreader.portablepdb,5659553.0,Microsoft.DiaSymReader.PortablePdb,True,True,False,stars+forks
microsoft.data.sqlclient.extensions.azure,5651214.0,Microsoft.Data.SqlClient.Extensions.Azure,True,True,False,stars+forks
volo.abp.entityframeworkcore.sqlserver,5647965.0,Volo.Abp.EntityFrameworkCore.SqlServer,True,True,False,stars+forks
imgui.net,5645065.0,ImGui.NET,False,True,False,forks
scottplot,5642580.0,ScottPlot,True,False,False,stars
docnet.core,5635035.0,Docnet.Core,True,False,False,stars
unidecode.net,5602518.0,Unidecode.NET,True,True,False,stars+forks
ardalis.apiendpoints,5593772.0,Ardalis.ApiEndpoints,True,True,False,stars+forks
neolua,5583836.0,NeoLua,False,True,False,forks
btprogresshud,5552039.0,BTProgressHUD,True,False,False,stars
azure.communication.common,5532615.0,Azure.Communication.Common,False,True,False,forks
microsoft.netcore.app.host.linux-arm,5523074.0,Microsoft.NETCore.App.Host.linux-arm,False,True,False,forks
net.codecrete.qrcodegenerator,5522898.0,Net.Codecrete.QrCodeGenerator,True,False,False,stars
entityframework.dynamicfilters,5509718.0,EntityFramework.DynamicFilters,True,True,False,stars+forks
skiasharp.views.desktop.common,5503206.0,SkiaSharp.Views.Desktop.Common,False,True,False,forks
ude.netstandard,5471736.0,Ude.NetStandard,False,True,False,forks
azure.resourcemanager.cosmosdb,5470189.0,Azure.ResourceManager.CosmosDB,True,True,False,stars+forks
avalonia.reactiveui,5443140.0,Avalonia.ReactiveUI,True,False,False,stars
microsoft.orleans.hosting.kubernetes,5407467.0,Microsoft.Orleans.Hosting.Kubernetes,True,True,False,stars+forks
ecng.componentmodel,5380010.0,Ecng.ComponentModel,True,True,False,stars+forks
cloneextensions,5369883.0,CloneExtensions,True,True,False,stars+forks
square.okhttp3,5335812.0,Square.OkHttp3,True,False,False,stars
microsoft.aspnet.signalr.sqlserver,5333420.0,Microsoft.AspNet.SignalR.SqlServer,False,True,False,forks
azure.containers.containerregistry,5326972.0,Azure.Containers.ContainerRegistry,False,True,False,forks
microsoft.owin.security.interop,5286898.0,Microsoft.Owin.Security.Interop,True,True,False,stars+forks
microsoft.ml.fasttree,5252148.0,Microsoft.ML.FastTree,False,True,False,forks
microsoft.toolkit.uwp.notifications,5248168.0,Microsoft.Toolkit.Uwp.Notifications,True,False,False,stars
veldrid,5235092.0,Veldrid,False,True,False,forks
tunit,5220528.0,TUnit,True,True,False,stars+forks
chromiumembeddedframework.runtime.win-x64,5214101.0,chromiumembeddedframework.runtime.win-x64,True,True,False,stars+forks
wixtoolset.dtf.windowsinstaller,5194354.0,WixToolset.Dtf.WindowsInstaller,True,False,False,stars
microsoft.aspnet.signalr.redis,5137216.0,Microsoft.AspNet.SignalR.Redis,False,True,False,forks
opentk.glcontrol,5103180.0,OpenTK.GLControl,True,True,False,stars+forks
publicapigenerator,5090378.0,PublicApiGenerator,True,False,False,stars
cefsharp.wpf,5090157.0,CefSharp.Wpf,True,True,False,stars+forks
fo-dicom,5084841.0,fo-dicom,True,False,False,stars
realm,5079178.0,Realm,True,True,False,stars+forks
cefsharp.winforms,5063194.0,CefSharp.WinForms,True,False,False,stars
microsoft.visualstudio.editor,5050083.0,Microsoft.VisualStudio.Editor,True,True,False,stars+forks
powerargs,5023149.0,PowerArgs,False,True,False,forks
dapr.actors,5022646.0,Dapr.Actors,True,True,False,stars+forks
microsoft.aspnetcore.components.quickgrid,5008593.0,Microsoft.AspNetCore.Components.QuickGrid,True,True,False,stars+forks
linguini.bundle,5002502.0,Linguini.Bundle,True,True,False,stars+forks
microsoft.visualstudio.rpccontracts,4984709.0,Microsoft.VisualStudio.RpcContracts,True,True,False,stars+forks
icsharpcode.decompiler,4983441.0,ICSharpCode.Decompiler,True,True,False,stars+forks
ecng.configuration,4976006.0,Ecng.Configuration,True,True,False,stars+forks
xamarin.communitytoolkit,4950375.0,Xamarin.CommunityToolkit,False,True,False,forks
flurl.http.signed,4925446.0,Flurl.Http.Signed,True,False,False,stars
volo.abp.testbase,4917904.0,Volo.Abp.TestBase,True,True,False,stars+forks
microsoft.visualstudio.language.intellisense,4878491.0,Microsoft.VisualStudio.Language.Intellisense,True,True,False,stars+forks
robust.shared.authlib,4874249.0,Robust.Shared.AuthLib,False,True,False,forks
chromiumembeddedframework.runtime.win-x86,4839979.0,chromiumembeddedframework.runtime.win-x86,True,True,False,stars+forks
xamarin.androidx.mediarouter,4824743.0,Xamarin.AndroidX.MediaRouter,False,True,False,forks
mathparser.org-mxparser,4769103.0,MathParser.org-mXparser,False,True,False,forks
sqlitepclraw.provider.sqlite3,4733854.0,SQLitePCLRaw.provider.sqlite3,True,True,False,stars+forks
xunit.v3.mtp-v2,4732301.0,xunit.v3.mtp-v2,True,True,False,stars+forks
pclstorage,4706791.0,PCLStorage,True,True,False,stars+forks
hyperion,4656860.0,Hyperion,True,True,False,stars+forks
veldrid.spirv,4656058.0,Veldrid.SPIRV,False,True,False,forks
xunit.runner.msbuild,4640546.0,xunit.runner.msbuild,False,True,False,forks
ncalc,4626866.0,NCalc,True,False,False,stars
senparc.co2net,4626165.0,Senparc.CO2NET,False,True,False,forks
microsoft.azure.management.authorization,4588350.0,Microsoft.Azure.Management.Authorization,False,True,False,forks
microsoft.aspnetcore.systemwebadapters.coreservices,4587352.0,Microsoft.AspNetCore.SystemWebAdapters.CoreServices,True,True,False,stars+forks
microsoft.orleans.streaming,4572093.0,Microsoft.Orleans.Streaming,True,True,False,stars+forks
finbuckle.multitenant.entityframeworkcore,4556732.0,Finbuckle.MultiTenant.EntityFrameworkCore,False,True,False,forks
vslangproj,4544289.0,VSLangProj,True,True,False,stars+forks
ecng.net,4526340.0,Ecng.Net,True,True,False,stars+forks
cake.frosting,4517857.0,Cake.Frosting,True,True,False,stars+forks
elsa,4513501.0,Elsa,True,False,False,stars
azure.communication.sms,4512449.0,Azure.Communication.Sms,False,True,False,forks
jquery.cookie,4493092.0,jquery.cookie,False,True,False,forks
microsoft.windows.sdk.win32metadata,4442698.0,Microsoft.Windows.SDK.Win32Metadata,False,True,False,forks
carter,4432947.0,Carter,False,True,False,forks
verify.xunitv3,4417152.0,Verify.XunitV3,True,True,False,stars+forks
microsoft.orleans.testinghost,4409498.0,Microsoft.Orleans.TestingHost,True,True,False,stars+forks
microsoft.azure.management.compute,4388082.0,Microsoft.Azure.Management.Compute,False,True,False,forks
microsoft.visualstudio.language.standardclassification,4386851.0,Microsoft.VisualStudio.Language.StandardClassification,True,True,False,stars+forks
ndesk.options,4371168.0,NDesk.Options,True,False,False,stars
xamarin.androidx.biometric,4359209.0,Xamarin.AndroidX.Biometric,True,False,False,stars
xamlanimatedgif,4345844.0,XamlAnimatedGif,True,False,False,stars
csharpier.msbuild,4330464.0,CSharpier.MsBuild,True,True,False,stars+forks
ini-parser,4312080.0,ini-parser,True,False,False,stars
volo.abp.identity.application,4311813.0,Volo.Abp.Identity.Application,True,True,False,stars+forks
sqlitepclraw.provider.sqlite3.ios_unified,4277989.0,SQLitePCLRaw.provider.sqlite3.ios_unified,False,True,False,forks
flaui.uia3,4272186.0,FlaUI.UIA3,True,False,False,stars
xunit.stafact,4265345.0,Xunit.StaFact,True,True,False,stars+forks
antlr4buildtasks,4257015.0,Antlr4BuildTasks,True,True,False,stars+forks
oxyplot.wpf,4248512.0,OxyPlot.Wpf,True,True,False,stars+forks
opencvsharp4.extensions,4219246.0,OpenCvSharp4.Extensions,True,False,False,stars
pgvector.entityframeworkcore,4218030.0,Pgvector.EntityFrameworkCore,True,True,False,stars+forks
microsoft.servicehub.client,4215046.0,Microsoft.ServiceHub.Client,True,True,False,stars+forks
dapr.actors.aspnetcore,4204257.0,Dapr.Actors.AspNetCore,True,True,False,stars+forks
nlog.targets.syslog,4191414.0,NLog.Targets.Syslog,True,False,False,stars
azure.messaging.webpubsub,4190107.0,Azure.Messaging.WebPubSub,False,True,False,forks
nlipsum,4183367.0,NLipsum,True,False,False,stars
taglibsharp,4170017.0,TagLibSharp,True,True,False,stars+forks
microsoft.windows.implementationlibrary,4158974.0,Microsoft.Windows.ImplementationLibrary,True,True,False,stars+forks
diacritics,4157791.0,Diacritics,True,True,False,stars+forks
microsoft.azure.datalake.store,4150723.0,Microsoft.Azure.DataLake.Store,False,True,False,forks
testcontainers.localstack,4117647.0,Testcontainers.LocalStack,False,True,False,forks
xamarin.androidx.camera.camera2,4116416.0,Xamarin.AndroidX.Camera.Camera2,True,False,False,stars
mono.posix,4097784.0,Mono.Posix,True,True,False,stars+forks
skiasharp.extended,4082181.0,SkiaSharp.Extended,True,False,False,stars
microsoft.azure.batch,4068734.0,Microsoft.Azure.Batch,False,True,False,forks
xamarin.androidx.camera.lifecycle,4054061.0,Xamarin.AndroidX.Camera.Lifecycle,True,False,False,stars
microsoft.orleans.persistence.azurestorage,4040899.0,Microsoft.Orleans.Persistence.AzureStorage,True,True,False,stars+forks
xamarin.androidx.appcompat.resources,4040097.0,Xamarin.AndroidX.AppCompat.Resources,False,True,False,forks
ldapfornet,4027945.0,LdapForNet,True,True,False,stars+forks
fido2.aspnet,4022537.0,Fido2.AspNet,True,True,False,stars+forks
isexternalinit,4018691.0,IsExternalInit,True,True,False,stars+forks
xamarin.androidx.camera.view,4015535.0,Xamarin.AndroidX.Camera.View,True,False,False,stars
skiasharp.views.wpf,4009183.0,SkiaSharp.Views.WPF,True,False,False,stars
yessql.abstractions,4006785.0,YesSql.Abstractions,False,True,False,forks
microsoft.visualstudio.language,3995461.0,Microsoft.VisualStudio.Language,True,True,False,stars+forks
microsoft.extensions.compliance.redaction,3985576.0,Microsoft.Extensions.Compliance.Redaction,True,True,False,stars+forks
gong-wpf-dragdrop,3972009.0,gong-wpf-dragdrop,True,False,False,stars
microsoft.visualstudio.language.navigateto.interfaces,3966142.0,Microsoft.VisualStudio.Language.NavigateTo.Interfaces,True,True,False,stars+forks
gitversiontask,3962662.0,GitVersionTask,True,False,False,stars
ardalis.result.aspnetcore,3959779.0,Ardalis.Result.AspNetCore,True,True,False,stars+forks
ngettext,3939649.0,NGettext,True,False,False,stars
umbraco.code,3921886.0,Umbraco.Code,False,True,False,forks
aspire.azure.data.tables,3915602.0,Aspire.Azure.Data.Tables,True,True,False,stars+forks
senparc.weixin,3891887.0,Senparc.Weixin,False,True,False,forks
microsoft.orleans.persistence.adonet,3889263.0,Microsoft.Orleans.Persistence.AdoNet,True,True,False,stars+forks
ilrepack,3875105.0,ILRepack,True,True,False,stars+forks
yessql.core,3862081.0,YesSql.Core,False,True,False,forks
wpfanimatedgif,3843840.0,WpfAnimatedGif,True,False,False,stars
inputsimulator,3840015.0,InputSimulator,True,False,False,stars
microsoft.netcore.app.runtime.nativeaot.linux-x64,3824024.0,Microsoft.NETCore.App.Runtime.NativeAOT.linux-x64,True,False,False,stars
vanara.pinvoke.kernel32,3794234.0,Vanara.PInvoke.Kernel32,True,False,False,stars
azure.resourcemanager.datafactory,3792039.0,Azure.ResourceManager.DataFactory,False,True,False,forks
azure.ai.projects,3776989.0,Azure.AI.Projects,True,True,False,stars+forks
mycsharp.httpuseragentparser,3774582.0,MyCSharp.HttpUserAgentParser,True,True,False,stars+forks
microsoft.visualstudio.sdk,3765762.0,Microsoft.VisualStudio.SDK,True,True,False,stars+forks
json2,3751543.0,json2,False,True,False,forks
azure.resourcemanager.containerservice,3718892.0,Azure.ResourceManager.ContainerService,False,True,False,forks
devart.data.oracle.efcore,3706585.0,Devart.Data.Oracle.EFCore,True,True,False,stars+forks
microsoft.ml.onnxruntime.gpu,3696304.0,Microsoft.ML.OnnxRuntime.Gpu,True,True,False,stars+forks
wiremock.net.fluentassertions,3635377.0,WireMock.Net.FluentAssertions,True,False,False,stars
polyfill,3623975.0,Polyfill,True,True,False,stars+forks
duckdb.net.data.full,3608236.0,DuckDB.NET.Data.Full,True,True,False,stars+forks
microsoft.visualstudio.languageserver.client,3599297.0,Microsoft.VisualStudio.LanguageServer.Client,True,True,False,stars+forks
microsoft.windows.cswin32,3598298.0,Microsoft.Windows.CsWin32,True,True,False,stars+forks
accord.machinelearning,3586415.0,Accord.MachineLearning,True,True,False,stars+forks
aspire.hosting.nodejs,3574050.0,Aspire.Hosting.NodeJs,True,True,False,stars+forks
utf8stringinterpolation,3543645.0,Utf8StringInterpolation,True,False,False,stars
ollamasharp,3539903.0,OllamaSharp,True,True,False,stars+forks
azure.core.expressions.datafactory,3515499.0,Azure.Core.Expressions.DataFactory,False,True,False,forks
microsoft.ml.tokenizers.data.o200kbase,3495626.0,Microsoft.ML.Tokenizers.Data.O200kBase,False,True,False,forks
messageformat,3486462.0,MessageFormat,True,True,False,stars+forks
aspire.npgsql,3469958.0,Aspire.Npgsql,True,True,False,stars+forks
aspire.hosting.javascript,3460830.0,Aspire.Hosting.JavaScript,True,True,False,stars+forks
volo.abp.account.web,3447976.0,Volo.Abp.Account.Web,True,True,False,stars+forks
microsoft.orleans.reminders.adonet,3425856.0,Microsoft.Orleans.Reminders.AdoNet,True,True,False,stars+forks
zstdnet,3406507.0,ZstdNet,True,False,False,stars
reactiveui.fody,3398846.0,ReactiveUI.Fody,True,True,False,stars+forks
blazorinputfile,3397223.0,BlazorInputFile,False,True,False,forks
zxing.net.bindings.windows.compatibility,3361639.0,ZXing.Net.Bindings.Windows.Compatibility,True,True,False,stars+forks
deviceid,3344207.0,DeviceId,True,False,False,stars
monomod.runtimedetour,3343247.0,MonoMod.RuntimeDetour,False,True,False,forks
microsoft.azure.functions.worker.opentelemetry,3318631.0,Microsoft.Azure.Functions.Worker.OpenTelemetry,False,True,False,forks
wecantspell.hunspell,3311255.0,WeCantSpell.Hunspell,True,False,False,stars
senparc.neuchar,3282801.0,Senparc.NeuChar,False,True,False,forks
xam.plugin.deviceinfo,3264192.0,Xam.Plugin.DeviceInfo,True,False,False,stars
reactiveproperty,3243977.0,ReactiveProperty,True,False,False,stars
blazorise.snackbar,3238118.0,Blazorise.Snackbar,True,True,False,stars+forks
orchardcore.localization.core,3227873.0,OrchardCore.Localization.Core,True,True,False,stars+forks
blazorise.components,3219647.0,Blazorise.Components,True,True,False,stars+forks
meziantou.framework.win32.credentialmanager,3196924.0,Meziantou.Framework.Win32.CredentialManager,True,False,False,stars
google.apis.auth.aspnetcore3,3194667.0,Google.Apis.Auth.AspNetCore3,True,True,False,stars+forks
keralua,3193385.0,KeraLua,True,False,False,stars
neovolve.logging.xunit,3171919.0,Neovolve.Logging.Xunit,True,False,False,stars
photosauce.magicscaler,3158011.0,PhotoSauce.MagicScaler,True,False,False,stars
netvips,3156479.0,NetVips,True,True,False,stars+forks
lightinject.webapi,3145000.0,LightInject.WebApi,False,True,False,forks
webdav.client,3123028.0,WebDav.Client,True,True,False,stars+forks
ardalis.liststartupservices,3114933.0,Ardalis.ListStartupServices,True,True,False,stars+forks
senparc.co2net.apm,3102798.0,Senparc.CO2NET.APM,False,True,False,forks
titanium.web.proxy,3097541.0,Titanium.Web.Proxy,False,True,False,forks
microsoft.dotnet.analyzers.compatibility,3089339.0,Microsoft.DotNet.Analyzers.Compatibility,False,True,False,forks
nsdepcop,3075449.0,NsDepCop,True,True,False,stars+forks
microsoft.codeanalysis.csharp.sourcegenerators.testing,3069556.0,Microsoft.CodeAnalysis.CSharp.SourceGenerators.Testing,True,True,False,stars+forks
aspnet.security.oauth.github,3043780.0,AspNet.Security.OAuth.GitHub,False,True,False,forks
microsoft.net.sdk.compilers.toolset,3040570.0,Microsoft.Net.Sdk.Compilers.Toolset,True,True,False,stars+forks
xamarin.forms.visual.material,3039533.0,Xamarin.Forms.Visual.Material,True,False,False,stars
cefsharp.common.netcore,3038307.0,CefSharp.Common.NETCore,False,True,False,forks
anyascii,3000221.0,AnyAscii,False,True,False,forks
expression.blend.sdk,2984709.0,Expression.Blend.Sdk,True,False,False,stars
microsoft.ml.tokenizers.data.cl100kbase,2965115.0,Microsoft.ML.Tokenizers.Data.Cl100kBase,True,True,False,stars+forks
microsoft.agents.ai.openai,2950845.0,Microsoft.Agents.AI.OpenAI,True,True,False,stars+forks
aspire.hosting.rabbitmq,2948394.0,Aspire.Hosting.RabbitMQ,True,True,False,stars+forks
dnlib,2935916.0,dnlib,True,True,False,stars+forks
lightinject.web,2932554.0,LightInject.Web,False,True,False,forks
azure.resourcemanager.containerregistry,2929060.0,Azure.ResourceManager.ContainerRegistry,False,True,False,forks
senparc.weixin.mp,2913314.0,Senparc.Weixin.MP,False,True,False,forks
microsoft.azure.management.eventhub,2910837.0,Microsoft.Azure.Management.EventHub,False,True,False,forks
microsoft.visualstudio.languageserver.protocol,2896352.0,Microsoft.VisualStudio.LanguageServer.Protocol,True,True,False,stars+forks
azure.resourcemanager.managedserviceidentities,2886952.0,Azure.ResourceManager.ManagedServiceIdentities,False,True,False,forks
microsoft.extensions.caching.cosmos,2857104.0,Microsoft.Extensions.Caching.Cosmos,True,False,False,stars
opencvsharp4_.runtime.ubuntu.20.04-x64,2855403.0,OpenCvSharp4_.runtime.ubuntu.20.04-x64,False,True,False,forks
blazorise.datagrid,2837314.0,Blazorise.DataGrid,True,True,False,stars+forks
tusdotnet,2823528.0,tusdotnet,False,True,False,forks
lightinject.microsoft.dependencyinjection,2813474.0,LightInject.Microsoft.DependencyInjection,True,True,False,stars+forks
microsoft.ml.timeseries,2795386.0,Microsoft.ML.TimeSeries,False,True,False,forks
chromiumembeddedframework.runtime,2795325.0,chromiumembeddedframework.runtime,False,True,False,forks
microsoft.windows.wdk.win32metadata,2786432.0,Microsoft.Windows.WDK.Win32Metadata,False,True,False,forks
spanjson,2754497.0,SpanJson,True,True,False,stars+forks
deedle,2740208.0,Deedle,True,True,False,stars+forks
azure.ai.agents.persistent,2739771.0,Azure.AI.Agents.Persistent,True,True,False,stars+forks
socketioclient,2720437.0,SocketIOClient,False,True,False,forks
ppy.osu.framework,2710923.0,ppy.osu.Framework,True,True,False,stars+forks
microsoft.agents.ai.workflows,2694809.0,Microsoft.Agents.AI.Workflows,True,True,False,stars+forks
qlnet,2689500.0,QLNet,True,True,False,stars+forks
xamarin.auth,2688574.0,Xamarin.Auth,False,True,False,forks
aspnet.security.oauth.apple,2677053.0,AspNet.Security.OAuth.Apple,True,False,False,stars
mcmaster.extensions.hosting.commandline,2674851.0,McMaster.Extensions.Hosting.CommandLine,True,True,False,stars+forks
automoq,2643684.0,AutoMoq,True,False,False,stars
lightinject.annotation,2642583.0,LightInject.Annotation,False,True,False,forks
ncrunch.framework,2640189.0,NCrunch.Framework,True,False,False,stars
microsoft.azure.management.media,2632091.0,Microsoft.Azure.Management.Media,False,True,False,forks
google.genai,2630298.0,Google.GenAI,True,True,False,stars+forks
reactiveui.wpf,2629452.0,ReactiveUI.WPF,True,True,False,stars+forks
opencvsharp4.windows,2627582.0,OpenCvSharp4.Windows,True,False,False,stars
lightinject.mvc,2617917.0,LightInject.Mvc,False,True,False,forks
mod_spatialite,2576147.0,mod_spatialite,True,True,False,stars+forks
chocolatey,2575854.0,chocolatey,True,False,False,stars
community.odata.linq,2567501.0,Community.OData.Linq,True,True,False,stars+forks
qdrant.client,2551965.0,Qdrant.Client,False,True,False,forks
umbraco.cms.api.management,2549559.0,Umbraco.Cms.Api.Management,False,True,False,forks
azure.resourcemanager.eventgrid,2547648.0,Azure.ResourceManager.EventGrid,False,True,False,forks
asyncify,2535739.0,Asyncify,False,True,False,forks
linq2db.sqlserver,2535256.0,linq2db.SqlServer,True,True,False,stars+forks
nvorbis,2533548.0,NVorbis,True,True,False,stars+forks
xam.plugins.forms.imagecircle,2532019.0,Xam.Plugins.Forms.ImageCircle,True,False,False,stars
autofixture.xunit3,2523973.0,AutoFixture.Xunit3,True,True,False,stars+forks
communitytoolkit.common,2510646.0,CommunityToolkit.Common,True,False,False,stars
ecng.stringsearch,2503479.0,Ecng.StringSearch,True,True,False,stars+forks
jquery.mobile,2497789.0,jquery.mobile,False,True,False,forks
youtubeexplode,2491288.0,YoutubeExplode,True,True,False,stars+forks
azure.resourcemanager.eventhubs,2489425.0,Azure.ResourceManager.EventHubs,False,True,False,forks
yessql,2470452.0,YesSql,False,True,False,forks
azure.resourcemanager.dns,2468570.0,Azure.ResourceManager.Dns,False,True,False,forks
nuget.visualstudio,2462141.0,NuGet.VisualStudio,True,True,False,stars+forks
azure.resourcemanager.monitor,2453525.0,Azure.ResourceManager.Monitor,False,True,False,forks
polly.testing,2438439.0,Polly.Testing,True,False,False,stars
microsoft.azure.devices.provisioning.service,2429727.0,Microsoft.Azure.Devices.Provisioning.Service,False,True,False,forks
microsoft.azure.management.eventgrid,2427617.0,Microsoft.Azure.Management.EventGrid,False,True,False,forks
anglesharp.xml,2419184.0,AngleSharp.Xml,True,False,False,stars
azure.resourcemanager.apimanagement,2401384.0,Azure.ResourceManager.ApiManagement,False,True,False,forks
microsoft.visualstudio.web.browserlink.loader,2397084.0,Microsoft.VisualStudio.Web.BrowserLink.Loader,True,True,False,stars+forks
deepl.net,2393161.0,DeepL.net,True,True,False,stars+forks
microsoft.aspnet.signalr.servicebus3,2390704.0,Microsoft.AspNet.SignalR.ServiceBus3,False,True,False,forks
hangfire.console.extensions.serilog,2389526.0,Hangfire.Console.Extensions.Serilog,False,True,False,forks
system.web.providers,2389004.0,System.Web.Providers,False,True,False,forks
microsoft.ml.imageanalytics,2381606.0,Microsoft.ML.ImageAnalytics,False,True,False,forks
csharptest.net.collections,2375189.0,CSharpTest.Net.Collections,False,True,False,forks
webmarkupmin.nuglify,2369653.0,WebMarkupMin.NUglify,False,True,False,forks
mvvmcross.platform,2367144.0,MvvmCross.Platform,True,False,False,stars
microsoft.orleans.serialization.systemtextjson,2363086.0,Microsoft.Orleans.Serialization.SystemTextJson,True,True,False,stars+forks
teststack.white,2362613.0,TestStack.White,True,False,False,stars
microsoft.net.build.containers,2357290.0,Microsoft.NET.Build.Containers,False,True,False,forks
ppy.osu.game.resources,2349623.0,ppy.osu.Game.Resources,True,True,False,stars+forks
opentelemetry.exporter.geneva,2334915.0,OpenTelemetry.Exporter.Geneva,True,True,False,stars+forks
microsoft.syndicationfeed.readerwriter,2333575.0,Microsoft.SyndicationFeed.ReaderWriter,True,True,False,stars+forks
alibabacloud.sdk.dysmsapi20170525,2328668.0,AlibabaCloud.SDK.Dysmsapi20170525,True,True,False,stars+forks
squirrel.windows,2317381.0,squirrel.windows,True,False,False,stars
petapoco,2312614.0,PetaPoco,True,True,False,stars+forks
yessql.filters.query,2309998.0,YesSql.Filters.Query,False,True,False,forks
microsoft.azure.mobile.client,2278390.0,Microsoft.Azure.Mobile.Client,True,False,False,stars
microsoft.orleans.reminders.azurestorage,2273269.0,Microsoft.Orleans.Reminders.AzureStorage,True,True,False,stars+forks
microsoft.ml.tensorflow,2271693.0,Microsoft.ML.TensorFlow,False,True,False,forks
microsoft.azure.management.datalake.store,2254798.0,Microsoft.Azure.Management.DataLake.Store,False,True,False,forks
microsoft.codeanalysis.csharp.coderefactoring.testing,2253320.0,Microsoft.CodeAnalysis.CSharp.CodeRefactoring.Testing,True,True,False,stars+forks
scisharp.tensorflow.redist,2247997.0,SciSharp.TensorFlow.Redist,False,True,False,forks
gtksharp,2235656.0,GtkSharp,True,True,False,stars+forks
sharpavi,2228609.0,SharpAvi,True,False,False,stars
fsharpplus,2216407.0,FSharpPlus,True,True,False,stars+forks
volo.abp.aspnetcore.mvc.ui.theme.basic,2215708.0,Volo.Abp.AspNetCore.Mvc.UI.Theme.Basic,True,True,False,stars+forks
dynamicinterop,2214038.0,DynamicInterop,True,True,False,stars+forks
microsoft.azure.signalr.aspnet,2211426.0,Microsoft.Azure.SignalR.AspNet,False,True,False,forks
nancy.authentication.forms,2183523.0,Nancy.Authentication.Forms,True,False,False,stars
nancy.owin,2181878.0,Nancy.Owin,True,False,False,stars
umbraco.sqlserverce,2168420.0,Umbraco.SqlServerCE,False,True,False,forks
netcord,2161056.0,NetCord,False,True,False,forks
fleck,2145923.0,Fleck,True,False,False,stars
microsoft.windowsappsdk.ai,2122018.0,Microsoft.WindowsAppSDK.AI,True,True,False,stars+forks
microsoft.windowsappsdk.ml,2105986.0,Microsoft.WindowsAppSDK.ML,True,True,False,stars+forks
verify.sourcegenerators,2105225.0,Verify.SourceGenerators,True,True,False,stars+forks
lucene.net.spatial,2100270.0,Lucene.Net.Spatial,False,True,False,forks
microsoft.windowsappsdk.widgets,2080299.0,Microsoft.WindowsAppSDK.Widgets,True,True,False,stars+forks
binaryformatter,2079021.0,BinaryFormatter,False,True,False,forks
shortcodes,2071608.0,Shortcodes,False,True,False,forks
hangfire.maximumconcurrentexecutions,2069922.0,Hangfire.MaximumConcurrentExecutions,True,False,False,stars
spectre.console.json,2069705.0,Spectre.Console.Json,True,True,False,stars+forks
brutile,2063630.0,BruTile,False,True,False,forks
icedtasks,2058683.0,IcedTasks,True,False,False,stars
ookii.dialogs.wpf,2057948.0,Ookii.Dialogs.Wpf,True,True,False,stars+forks
microsoft.azure.management.containerregistry,2055256.0,Microsoft.Azure.Management.ContainerRegistry,False,True,False,forks
vortice.dxgi,2054241.0,Vortice.DXGI,True,True,False,stars+forks
microsoft.extensions.servicediscovery.yarp,2049641.0,Microsoft.Extensions.ServiceDiscovery.Yarp,True,True,False,stars+forks
microsoft.ml.recommender,2049310.0,Microsoft.ML.Recommender,False,True,False,forks
system.device.gpio,2043732.0,System.Device.Gpio,False,True,False,forks
clifx,2042761.0,CliFx,True,False,False,stars
google.apis.customsearchapi.v1,2027999.0,Google.Apis.CustomSearchAPI.v1,True,True,False,stars+forks
azure.resourcemanager.cognitiveservices,2023018.0,Azure.ResourceManager.CognitiveServices,False,True,False,forks
azure.identity.broker,2022391.0,Azure.Identity.Broker,False,True,False,forks
microsoft.orleans.streaming.azurestorage,2014355.0,Microsoft.Orleans.Streaming.AzureStorage,True,True,False,stars+forks
xamlmarkupextensions,2006892.0,XAMLMarkupExtensions,True,True,False,stars+forks
spectre.console.testing,2000756.0,Spectre.Console.Testing,False,True,False,forks
microsoft.openapi.yamlreader,1985799.0,Microsoft.OpenApi.YamlReader,True,True,False,stars+forks
microsoft.windowsazure.management.compute,1983692.0,Microsoft.WindowsAzure.Management.Compute,False,True,False,forks
awssdk.bedrockagentruntime,1967154.0,AWSSDK.BedrockAgentRuntime,True,True,False,stars+forks
videolan.libvlc.windows,1952688.0,VideoLAN.LibVLC.Windows,True,False,False,stars
grace.dependencyinjection.extensions,1950184.0,Grace.DependencyInjection.Extensions,True,True,False,stars+forks
zeroformatter,1942768.0,ZeroFormatter,True,True,False,stars+forks
testcontainers.cosmosdb,1937551.0,Testcontainers.CosmosDb,True,True,False,stars+forks
orchardcore.module.targets,1935904.0,OrchardCore.Module.Targets,True,False,False,stars
microsoft.azure.management.dns,1933589.0,Microsoft.Azure.Management.Dns,False,True,False,forks
equ,1928346.0,Equ,True,False,False,stars
avalonia.xaml.behaviors,1926416.0,Avalonia.Xaml.Behaviors,True,False,False,stars
mvvmcross.core,1921106.0,MvvmCross.Core,True,False,False,stars
awssdk.bedrockagent,1920957.0,AWSSDK.BedrockAgent,True,True,False,stars+forks
xamarin.ios.materialcomponents,1918252.0,Xamarin.iOS.MaterialComponents,True,False,False,stars
ardalis.efcore.extensions,1910810.0,Ardalis.EFCore.Extensions,True,True,False,stars+forks
aspire.microsoft.data.sqlclient,1896232.0,Aspire.Microsoft.Data.SqlClient,True,True,False,stars+forks
quantconnect.pythonnet,1894949.0,QuantConnect.pythonnet,True,True,False,stars+forks
microsoft.windowsazure.management.storage,1874962.0,Microsoft.WindowsAzure.Management.Storage,False,True,False,forks
orchardcore.translations.all,1863121.0,OrchardCore.Translations.All,False,True,False,forks
microsoft.openapi.apimanifest,1857788.0,Microsoft.OpenApi.ApiManifest,True,True,False,stars+forks
nbitcoin.altcoins,1855327.0,NBitcoin.Altcoins,False,True,False,forks
castle.windsor.extensions.dependencyinjection,1848834.0,Castle.Windsor.Extensions.DependencyInjection,True,True,False,stars+forks
microsoft.maui.controls.maps,1841148.0,Microsoft.Maui.Controls.Maps,True,True,False,stars+forks
aspire.azure.storage.queues,1835377.0,Aspire.Azure.Storage.Queues,True,True,False,stars+forks
magick.net-q16-x86,1830089.0,Magick.NET-Q16-x86,True,False,False,stars
vortice.direct3d11,1813641.0,Vortice.Direct3D11,True,True,False,stars+forks
nullable.extended.analyzer,1812657.0,Nullable.Extended.Analyzer,True,True,False,stars+forks
microsoft.aspnet.signalr.servicebus,1811005.0,Microsoft.AspNet.SignalR.ServiceBus,False,True,False,forks
cefsharp.offscreen,1807974.0,CefSharp.OffScreen,True,False,False,stars
wpflocalizeextension,1802857.0,WPFLocalizeExtension,True,True,False,stars+forks
microsoft.aspnetcore.components.customelements,1802480.0,Microsoft.AspNetCore.Components.CustomElements,True,False,False,stars
magick.net-q8-x86,1796417.0,Magick.NET-Q8-x86,True,False,False,stars
xamarin.plugin.filepicker,1786195.0,Xamarin.Plugin.FilePicker,False,True,False,forks
appveyor.testlogger,1782994.0,Appveyor.TestLogger,False,True,False,forks
avalonia.avaloniaedit,1782958.0,Avalonia.AvaloniaEdit,True,True,False,stars+forks
microsoft.azure.management.applicationinsights,1769415.0,Microsoft.Azure.Management.ApplicationInsights,False,True,False,forks
testcontainers.minio,1767298.0,Testcontainers.Minio,False,True,False,forks
commanddotnet,1762915.0,CommandDotNet,True,False,False,stars
vanara.pinvoke.security,1757606.0,Vanara.PInvoke.Security,True,False,False,stars
microsoft.aspnetcore.server.weblistener,1747122.0,Microsoft.AspNetCore.Server.WebListener,False,True,False,forks
senparc.neuchar.app,1745462.0,Senparc.NeuChar.App,False,True,False,forks
microsoft.azure.management.apimanagement,1736264.0,Microsoft.Azure.Management.ApiManagement,False,True,False,forks
ilrepack.lib.msbuild.task,1723142.0,ILRepack.Lib.MSBuild.Task,True,True,False,stars+forks
microsoft.aspnet.mvc.zh-hans,1706645.0,Microsoft.AspNet.Mvc.zh-Hans,False,True,False,forks
mvvmcross.binding,1700856.0,MvvmCross.Binding,True,False,False,stars
microsoft.azure.management.redis,1699929.0,Microsoft.Azure.Management.Redis,False,True,False,forks
avalonia.harfbuzz,1689017.0,Avalonia.HarfBuzz,True,False,False,stars
microsoft.aspnet.razor.zh-hans,1677214.0,Microsoft.AspNet.Razor.zh-Hans,False,True,False,forks
tencent.qcloud.cos.sdk,1673064.0,Tencent.QCloud.Cos.Sdk,True,False,False,stars
microsoft.azure.management.resourcegraph,1672790.0,Microsoft.Azure.Management.ResourceGraph,False,True,False,forks
azure.ai.contentsafety,1668377.0,Azure.AI.ContentSafety,True,True,False,stars+forks
microsoft.aspnet.webpages.zh-hans,1663127.0,Microsoft.AspNet.WebPages.zh-Hans,False,True,False,forks
skiasharp.views.winui,1658159.0,SkiaSharp.Views.WinUI,True,False,False,stars
xamarin.androidx.core.splashscreen,1652802.0,Xamarin.AndroidX.Core.SplashScreen,True,True,False,stars+forks
yubicodotnetclient,1639912.0,YubicoDotNetClient,True,False,False,stars
hidsharpcore,1627935.0,HidSharpCore,True,False,False,stars
microsoft.visualstudio.projectsystem,1627477.0,Microsoft.VisualStudio.ProjectSystem,True,True,False,stars+forks
xamarin.google.mlkit.barcodescanning,1622516.0,Xamarin.Google.MLKit.BarcodeScanning,True,False,False,stars
stashbox,1611835.0,Stashbox,True,True,False,stars+forks
dialoghost.avalonia,1589075.0,DialogHost.Avalonia,True,True,False,stars+forks
alphafs,1587465.0,AlphaFS,True,True,False,stars+forks
avalonia.headless,1576015.0,Avalonia.Headless,True,False,False,stars
mono.nat,1572108.0,Mono.Nat,True,True,False,stars+forks
microsoft.codeanalysis.csharp.analyzer.testing.mstest,1566478.0,Microsoft.CodeAnalysis.CSharp.Analyzer.Testing.MSTest,False,True,False,forks
microsoft.azure.management.automation,1546696.0,Microsoft.Azure.Management.Automation,False,True,False,forks
virtualizingwrappanel,1545698.0,VirtualizingWrapPanel,True,True,False,stars+forks
discutils.udf,1534788.0,DiscUtils.Udf,True,True,False,stars+forks
microsoft.orleans.eventsourcing,1534009.0,Microsoft.Orleans.EventSourcing,True,True,False,stars+forks
microsoft.windowsazure.management,1531357.0,Microsoft.WindowsAzure.Management,False,True,False,forks
microsoft.applicationblocks.data,1525458.0,Microsoft.ApplicationBlocks.Data,False,True,False,forks
sharpdx.xinput,1525163.0,SharpDX.XInput,True,True,False,stars+forks
cefsharp.wpf.netcore,1510200.0,CefSharp.Wpf.NETCore,False,True,False,forks
icu4n.transliterator,1505510.0,ICU4N.Transliterator,True,True,False,stars+forks
repodb.sqlserver,1505210.0,RepoDb.SqlServer,True,True,False,stars+forks
microsoft.azure.management.cdn,1494558.0,Microsoft.Azure.Management.Cdn,False,True,False,forks
velopack,1492561.0,Velopack,True,True,False,stars+forks
colorcode.uwp,1477382.0,ColorCode.UWP,True,False,False,stars
zlib.net,1467096.0,zlib.net,False,True,False,forks
microsoft.windows.cswinrt,1465636.0,Microsoft.Windows.CsWinRT,True,True,False,stars+forks
deviceid.windows,1449844.0,DeviceId.Windows,True,False,False,stars
plotly.net,1445660.0,Plotly.NET,True,True,False,stars+forks
netvips.native,1430788.0,NetVips.Native,True,True,False,stars+forks
azure.provisioning.cosmosdb,1430338.0,Azure.Provisioning.CosmosDB,False,True,False,forks
vanara.pinvoke.gdi32,1415971.0,Vanara.PInvoke.Gdi32,True,False,False,stars
clipper2,1399989.0,Clipper2,True,False,False,stars
ardalis.httpclienttestextensions,1398512.0,Ardalis.HttpClientTestExtensions,True,True,False,stars+forks
ecng.compilation,1396705.0,Ecng.Compilation,True,True,False,stars+forks
microsoft.azure.management.subscription,1392809.0,Microsoft.Azure.Management.Subscription,False,True,False,forks
torchsharp,1390883.0,TorchSharp,True,False,False,stars
sqlitepclraw.provider.internal.ios_unified,1377772.0,SQLitePCLRaw.provider.internal.ios_unified,True,False,False,stars
microsoft.windowsazure.management.sql,1374478.0,Microsoft.WindowsAzure.Management.Sql,False,True,False,forks
steamkit2,1374174.0,SteamKit2,True,False,False,stars
duouniversal,1372260.0,DuoUniversal,True,False,False,stars
microsoft.codeanalysis.visualbasic.codefix.testing,1371755.0,Microsoft.CodeAnalysis.VisualBasic.CodeFix.Testing,True,True,False,stars+forks
azure.ai.extensions.openai,1368826.0,Azure.AI.Extensions.OpenAI,False,True,False,forks
eto.forms,1360315.0,Eto.Forms,True,True,False,stars+forks
microsoft.windowsazure.management.scheduler,1358277.0,Microsoft.WindowsAzure.Management.Scheduler,False,True,False,forks
dotnet.bundle,1356335.0,Dotnet.Bundle,True,True,False,stars+forks
microsoft.azure.insights,1344749.0,Microsoft.Azure.Insights,False,True,False,forks
microsoft.codeanalysis.visualbasic.analyzer.testing,1339826.0,Microsoft.CodeAnalysis.VisualBasic.Analyzer.Testing,True,True,False,stars+forks
microsoft.codeanalysis.visualbasic.coderefactoring.testing,1338760.0,Microsoft.CodeAnalysis.VisualBasic.CodeRefactoring.Testing,True,True,False,stars+forks
volo.abp.identity.web,1329545.0,Volo.Abp.Identity.Web,True,True,False,stars+forks
microsoft.aspnet.webapi.webhost.zh-hans,1329332.0,Microsoft.AspNet.WebApi.WebHost.zh-Hans,False,True,False,forks
microsoft.visualstudio.workspace.vsintegration,1322641.0,Microsoft.VisualStudio.Workspace.VSIntegration,True,True,False,stars+forks
microsoft.orleans.clustering.dynamodb,1321761.0,Microsoft.Orleans.Clustering.DynamoDB,True,True,False,stars+forks
dragablz,1319392.0,Dragablz,True,True,False,stars+forks
microsoft.aspnetcore.buffering,1314529.0,Microsoft.AspNetCore.Buffering,True,False,False,stars
microsoft.windowsazure.management.websites,1302186.0,Microsoft.WindowsAzure.Management.WebSites,False,True,False,forks
microsoft.extensions.ai.azureaiinference,1290510.0,Microsoft.Extensions.AI.AzureAIInference,True,True,False,stars+forks
bitpay.light,1283449.0,BitPay.Light,True,False,False,stars
vanara.pinvoke.user32,1270830.0,Vanara.PInvoke.User32,True,False,False,stars
microsoft.aspnet.webapi.client.zh-hans,1268571.0,Microsoft.AspNet.WebApi.Client.zh-Hans,False,True,False,forks
microsoft.aspnet.webapi.core.zh-hans,1267751.0,Microsoft.AspNet.WebApi.Core.zh-Hans,False,True,False,forks
google.cloud.texttospeech.v1,1266110.0,Google.Cloud.TextToSpeech.V1,True,False,False,stars
tewr.blazor.filereader,1258922.0,Tewr.Blazor.FileReader,False,True,False,forks
azure.resourcemanager.operationalinsights,1253544.0,Azure.ResourceManager.OperationalInsights,False,True,False,forks
avalonia.controls.itemsrepeater,1248964.0,Avalonia.Controls.ItemsRepeater,True,False,False,stars
microsoft.web.deployment,1240716.0,Microsoft.Web.Deployment,False,True,False,forks
windowsapicodepack,1238696.0,WindowsAPICodePack,True,False,False,stars
microsoft.docascode.ecma2yaml,1238494.0,Microsoft.DocAsCode.ECMA2Yaml,False,True,False,forks
orleanstestkit,1236926.0,OrleansTestKit,True,True,False,stars+forks
google.apis.tasks.v1,1225757.0,Google.Apis.Tasks.v1,True,False,False,stars
microsoft.testplatform.translationlayer,1215557.0,Microsoft.TestPlatform.TranslationLayer,True,True,False,stars+forks
microsoft.orleans.clustering.redis,1207126.0,Microsoft.Orleans.Clustering.Redis,True,True,False,stars+forks
blazor.extensions.canvas,1206518.0,Blazor.Extensions.Canvas,False,True,False,forks
adystech.credentialmanager,1201693.0,AdysTech.CredentialManager,False,True,False,forks
pharmacist.common,1199949.0,Pharmacist.Common,True,True,False,stars+forks
microsoft.codeanalysis.flowanalysis.utilities,1199697.0,Microsoft.CodeAnalysis.FlowAnalysis.Utilities,False,True,False,forks
screenrecorderlib,1196932.0,ScreenRecorderLib,True,False,False,stars
dockpanelsuite,1195255.0,DockPanelSuite,True,False,False,stars
gdal,1195008.0,GDAL,False,True,False,forks
opencvsharp4.wpfextensions,1186666.0,OpenCvSharp4.WpfExtensions,True,False,False,stars
textmatesharp,1183179.0,TextMateSharp,True,False,False,stars
squid-box.sevenzipsharp,1182853.0,Squid-Box.SevenZipSharp,True,False,False,stars
downloader,1179422.0,Downloader,True,True,False,stars+forks
skiasharp.views.windowsforms,1173638.0,SkiaSharp.Views.WindowsForms,True,True,False,stars+forks
fluentavaloniaui,1172633.0,FluentAvaloniaUI,True,False,False,stars
gdal.native,1172207.0,GDAL.Native,False,True,False,forks
senparc.weixin.wxopen,1167891.0,Senparc.Weixin.WxOpen,False,True,False,forks
aspire.hosting.azure.appcontainers,1166805.0,Aspire.Hosting.Azure.AppContainers,True,True,False,stars+forks
icsharpcode.sharpziplib.patched,1147741.0,ICSharpCode.SharpZipLib.Patched,True,False,False,stars
largeaddressaware,1144545.0,LargeAddressAware,True,True,False,stars+forks
aspire.rabbitmq.client,1137195.0,Aspire.RabbitMQ.Client,True,True,False,stars+forks
senparc.co2net.aspnet,1136140.0,Senparc.CO2NET.AspNet,False,True,False,forks
microsoft.azure.management.managedserviceidentity,1135935.0,Microsoft.Azure.Management.ManagedServiceIdentity,False,True,False,forks
google.apis.groupssettings.v1,1135186.0,Google.Apis.Groupssettings.v1,True,False,False,stars
sharpdx.directinput,1131478.0,SharpDX.DirectInput,True,True,False,stars+forks
sharpvectors.wpf,1119121.0,SharpVectors.Wpf,True,False,False,stars
cryptsharpstandard,1117540.0,CryptSharpStandard,True,False,False,stars
blazor-analytics,1108113.0,Blazor-Analytics,True,False,False,stars
wpf-ui,1103240.0,WPF-UI,True,False,False,stars
microsoft.windowsazure.management.network,1096202.0,Microsoft.WindowsAzure.Management.Network,False,True,False,forks
volo.abp.aspnetcore.mvc.ui.theme.leptonxlite,1096110.0,Volo.Abp.AspNetCore.Mvc.UI.Theme.LeptonXLite,True,True,False,stars+forks
entityframework.zh-hans,1092020.0,EntityFramework.zh-Hans,False,True,False,forks
deviceid.windows.wmi,1091723.0,DeviceId.Windows.Wmi,True,False,False,stars
dbreeze,1087126.0,DBreeze,True,False,False,stars
microsoft.aspnetcore.diagnostics.middleware,1076632.0,Microsoft.AspNetCore.Diagnostics.Middleware,True,True,False,stars+forks
microsoft.ml.onnxruntimegenai,1074798.0,Microsoft.ML.OnnxRuntimeGenAI,True,True,False,stars+forks
accord.fuzzy,1069749.0,Accord.Fuzzy,True,True,False,stars+forks
reactiveui.xamforms,1056853.0,ReactiveUI.XamForms,True,False,False,stars
azure.resourcemanager.privatedns,1054335.0,Azure.ResourceManager.PrivateDns,False,True,False,forks
youtubeexplode.converter,1054116.0,YoutubeExplode.Converter,True,True,False,stars+forks
azure.monitor.query.logs,1052761.0,Azure.Monitor.Query.Logs,False,True,False,forks
microsoft.ml.onnxruntime.directml,1048727.0,Microsoft.ML.OnnxRuntime.DirectML,True,True,False,stars+forks
microsoft.visualstudioeng.microbuild.core,1048090.0,Microsoft.VisualStudioEng.MicroBuild.Core,True,True,False,stars+forks
microsoft.orleans.transactions,1047804.0,Microsoft.Orleans.Transactions,True,True,False,stars+forks
accord.imaging,1047089.0,Accord.Imaging,False,True,False,forks
microsoft.azure.management.datafactories,1040233.0,Microsoft.Azure.Management.DataFactories,False,True,False,forks
utf8json.aspnetcoremvcformatter,1036299.0,Utf8Json.AspNetCoreMvcFormatter,True,False,False,stars
textmatesharp.grammars,1035599.0,TextMateSharp.Grammars,True,False,False,stars
azure.resourcemanager.appconfiguration,1028857.0,Azure.ResourceManager.AppConfiguration,False,True,False,forks
tizen.net,1024093.0,Tizen.NET,True,False,False,stars
volo.abp.aspnetcore.testbase,1013843.0,Volo.Abp.AspNetCore.TestBase,True,True,False,stars+forks
fastberttokenizer,1012357.0,FastBertTokenizer,True,True,False,stars+forks
colorhelper,1007340.0,ColorHelper,True,False,False,stars
winuiex,1005498.0,WinUIEx,True,False,False,stars
microsoft.azure.management.relay,1000306.0,Microsoft.Azure.Management.Relay,False,True,False,forks
microsoft.windowsazure.management.mediaservices,997919.0,Microsoft.WindowsAzure.Management.MediaServices,False,True,False,forks
microsoft.visualstudio.projectsystem.sdk.tools,997368.0,Microsoft.VisualStudio.ProjectSystem.SDK.Tools,True,True,False,stars+forks
minimalapi.endpoint,995461.0,MinimalApi.Endpoint,False,True,False,forks
microsoft.sbom.targets,995369.0,Microsoft.Sbom.Targets,True,True,False,stars+forks
microsoft.aspnetcore.components.webview.wpf,993778.0,Microsoft.AspNetCore.Components.WebView.Wpf,True,False,False,stars
splat.drawing,990287.0,Splat.Drawing,True,False,False,stars
tickerq,967446.0,TickerQ,True,True,False,stars+forks
monogame.content.builder.task,966427.0,MonoGame.Content.Builder.Task,True,True,False,stars+forks
asp.versioning.http.client,966147.0,Asp.Versioning.Http.Client,True,True,False,stars+forks
smartanalyzers.multithreadinganalyzer,963092.0,SmartAnalyzers.MultithreadingAnalyzer,True,True,False,stars+forks
microsoft.codeanalysis.csharp.codefix.testing.mstest,961449.0,Microsoft.CodeAnalysis.CSharp.CodeFix.Testing.MSTest,False,True,False,forks
c1.win,958925.0,C1.Win,False,True,False,forks
microsoft.azure.management.hdinsight,957893.0,Microsoft.Azure.Management.HDInsight,False,True,False,forks
slowcheetah.xdt,954649.0,SlowCheetah.Xdt,False,True,False,forks
silk.net.vulkan,954395.0,Silk.NET.Vulkan,True,True,False,stars+forks
magick.net.systemdrawing,952267.0,Magick.NET.SystemDrawing,True,False,False,stars
httptosocks5proxy,946475.0,HttpToSocks5Proxy,True,True,False,stars+forks
microsoft.azure.management.billing,940554.0,Microsoft.Azure.Management.Billing,False,True,False,forks
kgysoft.corelibraries,938355.0,KGySoft.CoreLibraries,True,True,False,stars+forks
google.apis.hangoutschat.v1,925558.0,Google.Apis.HangoutsChat.v1,True,False,False,stars
microsoft.testing.extensions.hangdump,918756.0,Microsoft.Testing.Extensions.HangDump,True,False,False,stars
azure.resourcemanager.logic,917328.0,Azure.ResourceManager.Logic,False,True,False,forks
objectlistview.official,916732.0,ObjectListView.Official,True,False,False,stars
ppy.localisationanalyser,911076.0,ppy.LocalisationAnalyser,True,True,False,stars+forks
microsoft.aspnet.web.optimization.zh-hans,909316.0,Microsoft.AspNet.Web.Optimization.zh-Hans,False,True,False,forks
microsoft.codeanalysis.editorfeatures.text,901417.0,Microsoft.CodeAnalysis.EditorFeatures.Text,True,True,False,stars+forks
azure.security.keyvault.administration,891553.0,Azure.Security.KeyVault.Administration,False,True,False,forks
avalonia.headless.xunit,891261.0,Avalonia.Headless.XUnit,True,False,False,stars
finbuckle.multitenant.abstractions,891126.0,Finbuckle.MultiTenant.Abstractions,False,True,False,forks
communitytoolkit.aspire.hosting.nodejs.extensions,886205.0,CommunityToolkit.Aspire.Hosting.NodeJS.Extensions,True,True,False,stars+forks
microsoft.windowsapicodepack.core,884899.0,Microsoft.WindowsAPICodePack.Core,True,False,False,stars
blazor.extensions.storage,884836.0,Blazor.Extensions.Storage,False,True,False,forks
sqlitepclraw.lib.e_sqlite3.ios_unified.static,882756.0,SQLitePCLRaw.lib.e_sqlite3.ios_unified.static,True,False,False,stars
senparc.weixin.work,878448.0,Senparc.Weixin.Work,False,True,False,forks
sharpdx.mediafoundation,876349.0,SharpDX.MediaFoundation,True,False,False,stars
microsoft.orleans.persistence.dynamodb,874939.0,Microsoft.Orleans.Persistence.DynamoDB,True,True,False,stars+forks
monotorrent,874268.0,MonoTorrent,True,False,False,stars
xunit.console,871088.0,xunit.console,True,True,False,stars+forks
xamarin.forms.applinks,866402.0,Xamarin.Forms.AppLinks,False,True,False,forks
microsoft.azure.graph.rbac,865740.0,Microsoft.Azure.Graph.RBAC,False,True,False,forks
gfoidl.base64,862313.0,gfoidl.Base64,True,False,False,stars
sqlite-net,861394.0,sqlite-net,False,True,False,forks
communitytoolkit.winui.extensions,858870.0,CommunityToolkit.WinUI.Extensions,True,True,False,stars+forks
assimpnet,858797.0,AssimpNet,True,False,False,stars
system.web.providers.core,857941.0,System.Web.Providers.Core,False,True,False,forks
microsoft.azure.webpubsub.common,854296.0,Microsoft.Azure.WebPubSub.Common,False,True,False,forks
testcontainers.container.abstractions,850016.0,TestContainers.Container.Abstractions,True,False,False,stars
microsoft.orleans.reminders.dynamodb,849194.0,Microsoft.Orleans.Reminders.DynamoDB,True,True,False,stars+forks
mousekeyhook,848375.0,MouseKeyHook,True,True,False,stars+forks
microsoft.xaml.behaviors.winui.managed,843654.0,Microsoft.Xaml.Behaviors.WinUI.Managed,True,True,False,stars+forks
xamarin.androidx.databinding.viewbinding,841628.0,Xamarin.AndroidX.DataBinding.ViewBinding,True,False,False,stars
microsoft.azure.management.datalake.analytics,841190.0,Microsoft.Azure.Management.DataLake.Analytics,False,True,False,forks
microsoft.visualstudio.languageservices,839822.0,Microsoft.VisualStudio.LanguageServices,True,True,False,stars+forks
microsoft.azure.test.httprecorder,837941.0,Microsoft.Azure.Test.HttpRecorder,False,True,False,forks
btcpayserver.lightning.common,834980.0,BTCPayServer.Lightning.Common,False,True,False,forks
senparc.weixin.open,832371.0,Senparc.Weixin.Open,False,True,False,forks
microsoft.agents.ai.hosting,831863.0,Microsoft.Agents.AI.Hosting,False,True,False,forks
orchardcore.application.targets,830504.0,OrchardCore.Application.Targets,True,False,False,stars
xamarin.firebase.appindexing,829647.0,Xamarin.Firebase.AppIndexing,True,False,False,stars
microsoft.azure.management.batch,826837.0,Microsoft.Azure.Management.Batch,False,True,False,forks
pdfrpt.core,826516.0,PdfRpt.Core,False,True,False,forks
tencentcloudsdk.sms,823984.0,TencentCloudSDK.Sms,True,True,False,stars+forks
microsoft.azure.operationalinsights,821039.0,Microsoft.Azure.OperationalInsights,False,True,False,forks
microsoft.codeanalysis.csharp.coderefactoring.testing.mstest,821016.0,Microsoft.CodeAnalysis.CSharp.CodeRefactoring.Testing.MSTest,False,True,False,forks
elfsharp,820119.0,ELFSharp,True,False,False,stars
tmdblib,819461.0,TMDbLib,True,True,False,stars+forks
tizen.net.sdk,811463.0,Tizen.NET.Sdk,True,False,False,stars
nito.comparers,809561.0,Nito.Comparers,True,False,False,stars
aspire.hosting.azure.cognitiveservices,803009.0,Aspire.Hosting.Azure.CognitiveServices,True,True,False,stars+forks
microsoft.maps.mapcontrol.wpf,802180.0,Microsoft.Maps.MapControl.WPF,True,False,False,stars
microsoft.azure.management.reservations,801860.0,Microsoft.Azure.Management.Reservations,False,True,False,forks
reactiveui.validation,801130.0,ReactiveUI.Validation,True,True,False,stars+forks
microsoft.azure.containerregistry,798752.0,Microsoft.Azure.ContainerRegistry,False,True,False,forks
windowsfirewallhelper,796721.0,WindowsFirewallHelper,True,True,False,stars+forks
microsoft.orleans.serialization.newtonsoftjson,796518.0,Microsoft.Orleans.Serialization.NewtonsoftJson,True,True,False,stars+forks
stashbox.extensions.dependencyinjection,795403.0,Stashbox.Extensions.Dependencyinjection,True,True,False,stars+forks
material.icons.avalonia,792804.0,Material.Icons.Avalonia,True,True,False,stars+forks
silk.net.vulkan.extensions.khr,789966.0,Silk.NET.Vulkan.Extensions.KHR,True,True,False,stars+forks
microsoft.rest.clientruntime.azure.testframework,783491.0,Microsoft.Rest.ClientRuntime.Azure.TestFramework,False,True,False,forks
microsoft.aspnetcore.jsonpatch.systemtextjson,780812.0,Microsoft.AspNetCore.JsonPatch.SystemTextJson,True,True,False,stars+forks
microsoft.azure.management.resources,778105.0,Microsoft.Azure.Management.Resources,False,True,False,forks
microsoft.plugins.manifest,777891.0,Microsoft.Plugins.Manifest,True,True,False,stars+forks
a2a,775556.0,A2A,True,True,False,stars+forks
aspire.azure.ai.openai,774912.0,Aspire.Azure.AI.OpenAI,True,True,False,stars+forks
microsoft.orleans.persistence.redis,774379.0,Microsoft.Orleans.Persistence.Redis,True,True,False,stars+forks
blazor.extensions.webusb,770464.0,Blazor.Extensions.WebUSB,False,True,False,forks
microsoft.windowsapicodepack.shell,770083.0,Microsoft.WindowsAPICodePack.Shell,True,False,False,stars
asmresolver.dotnet,769428.0,AsmResolver.DotNet,True,False,False,stars
colorcode.html,766640.0,ColorCode.HTML,True,False,False,stars
microsoft.azure.management.recoveryservices,761703.0,Microsoft.Azure.Management.RecoveryServices,False,True,False,forks
syncfusion.maui.toolkit,754871.0,Syncfusion.Maui.Toolkit,True,False,False,stars
brevo_csharp,753434.0,brevo_csharp,False,True,False,forks
tools.innosetup,753299.0,Tools.InnoSetup,False,True,False,forks
ignore,752868.0,Ignore,True,True,False,stars+forks
playlistsnet,751052.0,PlaylistsNET,True,True,False,stars+forks
librehardwaremonitorlib,750098.0,LibreHardwareMonitorLib,True,False,False,stars
azure.resourcemanager.securitycenter,747446.0,Azure.ResourceManager.SecurityCenter,False,True,False,forks
senparc.weixin.tenpay,745044.0,Senparc.Weixin.TenPay,False,True,False,forks
sqlite.native,741831.0,SQLite.Native,False,True,False,forks
azure.resourcemanager.batch,740152.0,Azure.ResourceManager.Batch,False,True,False,forks
fsharp.control.taskseq,736174.0,FSharp.Control.TaskSeq,True,True,False,stars+forks
cscheck,725891.0,CsCheck,True,True,False,stars+forks
mahapps.metro.iconpacks.modern,725655.0,MahApps.Metro.IconPacks.Modern,False,True,False,forks
ardalis.sharedkernel,720996.0,Ardalis.SharedKernel,True,True,False,stars+forks
microsoft.azure.management.marketplaceordering,715621.0,Microsoft.Azure.Management.MarketplaceOrdering,False,True,False,forks
bencodenet,714349.0,BencodeNET,True,False,False,stars
grpcdotnetnamedpipes,708034.0,GrpcDotNetNamedPipes,True,False,False,stars
jquery.color,699564.0,jQuery.Color,False,True,False,forks
pfim,696659.0,Pfim,True,True,False,stars+forks
dockpanelsuite.themevs2015,694535.0,DockPanelSuite.ThemeVS2015,True,False,False,stars
dnne,693749.0,DNNE,True,True,False,stars+forks
rnwood.smtpserver,689980.0,Rnwood.SmtpServer,True,False,False,stars
dns,689840.0,DNS,True,True,False,stars+forks
communitytoolkit.aspire.hosting.dapr,684918.0,CommunityToolkit.Aspire.Hosting.Dapr,True,True,False,stars+forks
eventaggregator.blazor,679892.0,EventAggregator.Blazor,True,False,False,stars
dotnet4.socksproxy,679450.0,DotNet4.SocksProxy,True,False,False,stars
microsoft.packaging.tools.trimming,675017.0,Microsoft.Packaging.Tools.Trimming,True,False,False,stars
rix0rrr.beaconlib,674921.0,rix0rrr.BeaconLib,True,True,False,stars+forks
avaloniaui.diagnosticssupport,669375.0,AvaloniaUI.DiagnosticsSupport,True,True,False,stars+forks
nil.js,667466.0,NiL.JS,True,True,False,stars+forks
microsoft.visualstudio.templatewizardinterface,667444.0,Microsoft.VisualStudio.TemplateWizardInterface,True,True,False,stars+forks
z440.atl.core,664910.0,z440.atl.core,True,True,False,stars+forks
ecng.data,664526.0,Ecng.Data,True,True,False,stars+forks
reactiveui.events.wpf,663626.0,ReactiveUI.Events.WPF,True,True,False,stars+forks
square.picasso,658939.0,Square.Picasso,True,False,False,stars
senparc.co2net.cache.redis,657773.0,Senparc.CO2NET.Cache.Redis,False,True,False,forks
nebml,655199.0,NEbml,True,True,False,stars+forks
microsoft.azure.management.operationalinsights,652054.0,Microsoft.Azure.Management.OperationalInsights,False,True,False,forks
watson,650770.0,Watson,True,False,False,stars
xamarin.androidx.webkit,648945.0,Xamarin.AndroidX.WebKit,True,False,False,stars
microsoft.azure.management.search,646401.0,Microsoft.Azure.Management.Search,False,True,False,forks
diacritical.net,645533.0,Diacritical.Net,True,False,False,stars
iot.device.bindings,642937.0,Iot.Device.Bindings,False,True,False,forks
milvus.client,642551.0,Milvus.Client,True,True,False,stars+forks
system.security.cryptography.cose,640976.0,System.Security.Cryptography.Cose,False,True,False,forks
open.nat,640031.0,Open.NAT,False,True,False,forks
aliyun-net-sdk-sts,635965.0,aliyun-net-sdk-sts,True,True,False,stars+forks
cmdline,632323.0,CmdLine,False,True,False,forks
dock.avalonia,629736.0,Dock.Avalonia,True,True,False,stars+forks
livechartscore.skiasharpview.avalonia,627312.0,LiveChartsCore.SkiaSharpView.Avalonia,True,False,False,stars
tickerq.dashboard,624791.0,TickerQ.Dashboard,True,True,False,stars+forks
nunit.xamarin,621314.0,nunit.xamarin,True,False,False,stars
reactiveui.avalonia,618727.0,ReactiveUI.Avalonia,True,True,False,stars+forks
blurhashsharp,615440.0,BlurHashSharp,True,True,False,stars+forks
microsoft.windows.ai.machinelearning,615143.0,Microsoft.Windows.AI.MachineLearning,True,True,False,stars+forks
senparc.co2net.cache.redis.redlock,613937.0,Senparc.CO2NET.Cache.Redis.RedLock,False,True,False,forks
microsoft.azure.management.iothub,609804.0,Microsoft.Azure.Management.IotHub,False,True,False,forks
difflib,605556.0,DiffLib,True,True,False,stars+forks
modernwpfui,604992.0,ModernWpfUI,True,False,False,stars
avaloniaedit.textmate,604678.0,AvaloniaEdit.TextMate,True,True,False,stars+forks
nlog.outputdebugstring,602228.0,NLog.OutputDebugString,True,False,False,stars
a2a.aspnetcore,602152.0,A2A.AspNetCore,True,True,False,stars+forks
communitytoolkit.winui.ui.controls.datagrid,599753.0,CommunityToolkit.WinUI.UI.Controls.DataGrid,True,False,False,stars
blurhashsharp.skiasharp,599266.0,BlurHashSharp.SkiaSharp,True,True,False,stars+forks
magick.net-q16-hdri-openmp-x64,599068.0,Magick.NET-Q16-HDRI-OpenMP-x64,True,False,False,stars
aspire.hosting.azure.eventhubs,596501.0,Aspire.Hosting.Azure.EventHubs,True,True,False,stars+forks
azure.analytics.synapse.artifacts,593473.0,Azure.Analytics.Synapse.Artifacts,False,True,False,forks
microsoft.azure.management.securitycenter,590539.0,Microsoft.Azure.Management.SecurityCenter,False,True,False,forks
colorcode.winui,587618.0,ColorCode.WinUI,True,True,False,stars+forks
bdinfo,585603.0,BDInfo,True,True,False,stars+forks
silk.net.vulkan.extensions.ext,583748.0,Silk.NET.Vulkan.Extensions.EXT,True,True,False,stars+forks
libse,583191.0,libse,True,True,False,stars+forks
azure.provisioning.eventhubs,582182.0,Azure.Provisioning.EventHubs,False,True,False,forks
jellyfin.xmltv,581240.0,Jellyfin.XmlTv,True,True,False,stars+forks
loxsmoke.docxml,579234.0,LoxSmoke.DocXml,True,False,False,stars
microsoft.visualstudio.diagnosticshub.benchmarkdotnetdiagnosers,577092.0,Microsoft.VisualStudio.DiagnosticsHub.BenchmarkDotNetDiagnosers,True,True,False,stars+forks
microsoft.codeanalysis.visualbasic.codefix.testing.mstest,576819.0,Microsoft.CodeAnalysis.VisualBasic.CodeFix.Testing.MSTest,False,True,False,forks
microsoft.codeanalysis.visualbasic.analyzer.testing.mstest,576730.0,Microsoft.CodeAnalysis.VisualBasic.Analyzer.Testing.MSTest,False,True,False,forks
microsoft.codeanalysis.visualbasic.coderefactoring.testing.mstest,575556.0,Microsoft.CodeAnalysis.VisualBasic.CodeRefactoring.Testing.MSTest,False,True,False,forks
senparc.neuchar.aspnet,572019.0,Senparc.NeuChar.AspNet,False,True,False,forks
flaresolverrsharp,568495.0,FlareSolverrSharp,True,False,False,stars
cake.frosting.git,566007.0,Cake.Frosting.Git,True,False,False,stars
webmarkupmin.aspnetcorelatest,565097.0,WebMarkupMin.AspNetCoreLatest,False,True,False,forks
xunit.repeat,563268.0,Xunit.Repeat,False,True,False,forks
plotly.net.csharp,562616.0,Plotly.NET.CSharp,True,True,False,stars+forks
microsoft.orleans.dashboard,560507.0,Microsoft.Orleans.Dashboard,True,True,False,stars+forks
coverlet.mtp,554529.0,coverlet.MTP,True,True,False,stars+forks
senparc.weixin.cache.redis,553292.0,Senparc.Weixin.Cache.Redis,False,True,False,forks
senparc.weixin.mp.mvc,550013.0,Senparc.Weixin.MP.MVC,False,True,False,forks
modernui.wpf,544640.0,ModernUI.WPF,True,False,False,stars
twentytwenty.storage,539375.0,TwentyTwenty.Storage,False,True,False,forks
bugsnag.configurationsection,539355.0,Bugsnag.ConfigurationSection,True,False,False,stars
nancy.authentication.basic,530326.0,Nancy.Authentication.Basic,True,False,False,stars
material.avalonia,523931.0,Material.Avalonia,True,True,False,stars+forks
aspire.hosting.seq,522534.0,Aspire.Hosting.Seq,False,True,False,forks
lorem.universal.net,519951.0,Lorem.Universal.NET,False,True,False,forks
showmethexaml,516602.0,ShowMeTheXAML,True,True,False,stars+forks
semi.avalonia,516362.0,Semi.Avalonia,True,True,False,stars+forks
dotnetzip.netstandard,515658.0,DotNetZip.NetStandard,False,True,False,forks
communitytoolkit.winui.controls.primitives,512468.0,CommunityToolkit.WinUI.Controls.Primitives,True,True,False,stars+forks
microsoft.toolkit.win32.ui.xamlapplication,502271.0,Microsoft.Toolkit.Win32.UI.XamlApplication,True,False,False,stars
microsoft.orleans.connections.security,502229.0,Microsoft.Orleans.Connections.Security,True,True,False,stars+forks
spectre.console.imagesharp,501104.0,Spectre.Console.ImageSharp,True,True,False,stars+forks
quamotion.remoteviewing,499530.0,Quamotion.RemoteViewing,True,True,False,stars+forks
fastendpoints.apiexplorer,498473.0,FastEndpoints.ApiExplorer,True,True,False,stars+forks
winforms.datavisualization,497261.0,WinForms.DataVisualization,True,False,False,stars
microsoft.orleans.streaming.eventhubs,494926.0,Microsoft.Orleans.Streaming.EventHubs,True,True,False,stars+forks
neosmart.caching.sqlite,494140.0,NeoSmart.Caching.Sqlite,True,False,False,stars
fusillade,489656.0,fusillade,True,False,False,stars
azure.resourcemanager.iothub,489499.0,Azure.ResourceManager.IotHub,False,True,False,forks
megaapiclient,488824.0,MegaApiClient,True,False,False,stars
communitytoolkit.winui.helpers,488525.0,CommunityToolkit.WinUI.Helpers,True,True,False,stars+forks
orchardcore.application.cms.targets,488139.0,OrchardCore.Application.Cms.Targets,True,True,False,stars+forks
nbxplorer.client,485134.0,NBXplorer.Client,False,True,False,forks
microsoft.dism,482729.0,Microsoft.Dism,True,False,False,stars
aspire.hosting.yarp,481171.0,Aspire.Hosting.Yarp,True,True,False,stars+forks
markdownbuilder,479723.0,MarkdownBuilder,False,True,False,forks
microsoft.azure.management.managementgroups,478214.0,Microsoft.Azure.Management.ManagementGroups,False,True,False,forks
xamarin.sdwebimage,476468.0,Xamarin.SDWebImage,True,False,False,stars
mahapps.metro.iconpacks.octicons,476273.0,MahApps.Metro.IconPacks.Octicons,False,True,False,forks
blazor.serialization,476199.0,Blazor.Serialization,True,True,False,stars+forks
microsoft.netcore.ilasm,474159.0,Microsoft.NETCore.ILAsm,True,True,False,stars+forks
microsoft.azure.digitaltwins.parser,473321.0,Microsoft.Azure.DigitalTwins.Parser,False,True,False,forks
mdxaml,472109.0,MdXaml,True,True,False,stars+forks
diskann-garnet,471378.0,diskann-garnet,True,False,False,stars
monogame.library.sdl,468185.0,MonoGame.Library.SDL,True,True,False,stars+forks
appforsharepointwebtoolkit,466896.0,AppForSharePointWebToolkit,False,True,False,forks
reactiveui.maui,466466.0,ReactiveUI.Maui,True,False,False,stars
basic.reference.assemblies.net80,465504.0,Basic.Reference.Assemblies.Net80,True,True,False,stars+forks
communitytoolkit.winui.animations,464217.0,CommunityToolkit.WinUI.Animations,True,False,False,stars
mahapps.metro.iconpacks.entypo,462370.0,MahApps.Metro.IconPacks.Entypo,False,True,False,forks
microsoft.azure.management.cognitiveservices,460939.0,Microsoft.Azure.Management.CognitiveServices,False,True,False,forks
communitytoolkit.aspire.ollamasharp,456921.0,CommunityToolkit.Aspire.OllamaSharp,True,True,False,stars+forks
microsoft.orleans.reminders.redis,456740.0,Microsoft.Orleans.Reminders.Redis,True,True,False,stars+forks
avalonia.browser,456107.0,Avalonia.Browser,True,True,False,stars+forks
mp3sharp,455553.0,MP3Sharp,True,True,False,stars+forks
fastendpoints.swagger.swashbuckle,453881.0,FastEndpoints.Swagger.Swashbuckle,True,True,False,stars+forks
microsoft.agents.ai.hosting.agui.aspnetcore,452501.0,Microsoft.Agents.AI.Hosting.AGUI.AspNetCore,False,True,False,forks
microsoft.azure.management.hdinsight.job,451814.0,Microsoft.Azure.Management.HDInsight.Job,False,True,False,forks
microsoft.orleans.broadcastchannel,451615.0,Microsoft.Orleans.BroadcastChannel,True,True,False,stars+forks
microsoft.orleans.transactions.azurestorage,450111.0,Microsoft.Orleans.Transactions.AzureStorage,True,True,False,stars+forks
eto.platform.gtk,449710.0,Eto.Platform.Gtk,True,True,False,stars+forks
directshowlib,445878.0,DirectShowLib,True,True,False,stars+forks
emoji.wpf,442806.0,Emoji.Wpf,True,False,False,stars
netoffice.excel,441766.0,NetOffice.Excel,True,False,False,stars
aspire.azure.search.documents,438613.0,Aspire.Azure.Search.Documents,True,True,False,stars+forks
eto.platform.wpf,437689.0,Eto.Platform.Wpf,True,True,False,stars+forks
razorslices,437519.0,RazorSlices,True,False,False,stars
toast.ios,434922.0,Toast.iOS,True,False,False,stars
metabrainz.musicbrainz,433478.0,MetaBrainz.MusicBrainz,True,True,False,stars+forks
microsoft.azure.management.trafficmanager,432021.0,Microsoft.Azure.Management.TrafficManager,False,True,False,forks
microsoft.visualstudio.liveshare,426736.0,Microsoft.VisualStudio.LiveShare,True,True,False,stars+forks
svg.controls.skia.avalonia,425492.0,Svg.Controls.Skia.Avalonia,True,True,False,stars+forks
senparc.weixin.aspnet,419789.0,Senparc.Weixin.AspNet,False,True,False,forks
microsoft.orleans.graindirectory.redis,419001.0,Microsoft.Orleans.GrainDirectory.Redis,True,True,False,stars+forks
microsoft.codeanalysis.test.resources.proprietary,418949.0,Microsoft.CodeAnalysis.Test.Resources.Proprietary,True,True,False,stars+forks
orchardcore.logging.nlog,418947.0,OrchardCore.Logging.NLog,False,True,False,forks
htmlbuilders,418153.0,HtmlBuilders,True,False,False,stars
avalonia.android,417084.0,Avalonia.Android,True,True,False,stars+forks
pinvoke.advapi32,416564.0,PInvoke.AdvApi32,True,False,False,stars
sharpfuzz,413974.0,SharpFuzz,True,True,False,stars+forks
nhotkey.wpf,413869.0,NHotkey.Wpf,True,True,False,stars+forks
tunnelvisionlabs.referenceassemblyannotator,407406.0,TunnelVisionLabs.ReferenceAssemblyAnnotator,True,True,False,stars+forks
h.notifyicon.wpf,402520.0,H.NotifyIcon.Wpf,True,True,False,stars+forks
resource.embedder,402348.0,Resource.Embedder,True,True,False,stars+forks
azure.provisioning.network,402167.0,Azure.Provisioning.Network,False,True,False,forks
lrcparser,401770.0,LrcParser,True,True,False,stars+forks
mdxaml.plugins,397774.0,MdXaml.Plugins,True,False,False,stars
microsoft.agents.copilotstudio.client,395861.0,Microsoft.Agents.CopilotStudio.Client,True,True,False,stars+forks
accord.vision,394530.0,Accord.Vision,False,True,False,forks
vestris.resourcelib,394440.0,Vestris.ResourceLib,False,True,False,forks
basicundo,390531.0,BasicUndo,True,True,False,stars+forks
libvlcsharp.wpf,390218.0,LibVLCSharp.WPF,True,False,False,stars
mediatr.courier,387418.0,MediatR.Courier,False,True,False,forks
microsoft.orleans.persistence.cosmos,386394.0,Microsoft.Orleans.Persistence.Cosmos,True,True,False,stars+forks
fscheck.xunit.v3,385812.0,FsCheck.Xunit.v3,True,True,False,stars+forks
lnurl,384784.0,LNURL,False,True,False,forks
pooledawait,384376.0,PooledAwait,True,False,False,stars
microsoft.security.utilities.core,384038.0,Microsoft.Security.Utilities.Core,False,True,False,forks
tinypinyin.net,382914.0,TinyPinyin.Net,True,False,False,stars
dokannet,380728.0,DokanNet,False,True,False,forks
communitytoolkit.winui.converters,379331.0,CommunityToolkit.WinUI.Converters,True,True,False,stars+forks
microsoft.azure.management.containerinstance,379193.0,Microsoft.Azure.Management.ContainerInstance,False,True,False,forks
metroframework.runtime,376837.0,MetroFramework.RunTime,False,True,False,forks
kralizek.autofixture.extensions.mockhttp,375871.0,Kralizek.AutoFixture.Extensions.MockHttp,True,False,False,stars
plotly.net.interactive,375788.0,Plotly.NET.Interactive,True,True,False,stars+forks
metroframework.design,374873.0,MetroFramework.Design,False,True,False,forks
showmethexaml.msbuild,374702.0,ShowMeTheXAML.MSBuild,True,True,False,stars+forks
microsoft.azure.management.frontdoor,372401.0,Microsoft.Azure.Management.FrontDoor,False,True,False,forks
microsoft.visualstudio.designtools.extensibility,371985.0,Microsoft.VisualStudio.DesignTools.Extensibility,True,False,False,stars
communitytoolkit.aspire.hosting.ollama,370090.0,CommunityToolkit.Aspire.Hosting.Ollama,True,True,False,stars+forks
desktopbridge.helpers,368887.0,DesktopBridge.Helpers,True,False,False,stars
vortice.direct2d1,367404.0,Vortice.Direct2D1,True,True,False,stars+forks
basic.reference.assemblies.net100,365849.0,Basic.Reference.Assemblies.Net100,True,True,False,stars+forks
reactiveui.sourcegenerators,365838.0,ReactiveUI.SourceGenerators,True,True,False,stars+forks
imagelibrary,365152.0,ImageLibrary,False,True,False,forks
wixsharp_wix4,365115.0,WixSharp_wix4,True,True,False,stars+forks
communitytoolkit.winui.triggers,364899.0,CommunityToolkit.WinUI.Triggers,True,True,False,stars+forks
xaml.behaviors.avalonia,364461.0,Xaml.Behaviors.Avalonia,True,True,False,stars+forks
csharp.operationresult,364372.0,CSharp.OperationResult,True,False,False,stars
nuget.solutionrestoremanager.interop,362340.0,NuGet.SolutionRestoreManager.Interop,True,True,False,stars+forks
metroframework,359922.0,MetroFramework,False,True,False,forks
metroframework.fonts,358704.0,MetroFramework.Fonts,False,True,False,forks
twentytwenty.storage.azure,358014.0,TwentyTwenty.Storage.Azure,False,True,False,forks
digitalruby.exchangesharp,357646.0,DigitalRuby.ExchangeSharp,False,True,False,forks
testcontainers.milvus,357202.0,Testcontainers.Milvus,True,True,False,stars+forks
microsoft.azure.management.scheduler,355837.0,Microsoft.Azure.Management.Scheduler,False,True,False,forks
jetbrains.annotations.sources,355503.0,JetBrains.Annotations.Sources,True,True,False,stars+forks
photino.net,354992.0,Photino.NET,True,True,False,stars+forks
sqlitepclraw.provider.winsqlite3,353882.0,SQLitePCLRaw.provider.winsqlite3,True,True,False,stars+forks
microsoft.semantickernel.planners.openai,348351.0,Microsoft.SemanticKernel.Planners.OpenAI,True,True,False,stars+forks
semi.avalonia.datagrid,347946.0,Semi.Avalonia.DataGrid,True,True,False,stars+forks
communitytoolkit.winui.controls.settingscontrols,347678.0,CommunityToolkit.WinUI.Controls.SettingsControls,True,True,False,stars+forks
aspire.hosting.orleans,346884.0,Aspire.Hosting.Orleans,True,True,False,stars+forks
microsoft.azure.management.streamanalytics,345372.0,Microsoft.Azure.Management.StreamAnalytics,False,True,False,forks
morestachio,343409.0,Morestachio,True,True,False,stars+forks
alphavss,339463.0,AlphaVSS,True,False,False,stars
uplink.net,338908.0,uplink.NET,True,False,False,stars
xamarin.androidx.window.windowjava,337099.0,Xamarin.AndroidX.Window.WindowJava,True,False,False,stars
xamarin.forms.datagrid,334165.0,Xamarin.Forms.DataGrid,False,True,False,forks
ilgpu.algorithms,327796.0,ILGPU.Algorithms,True,True,False,stars+forks
nager.articlenumber,327093.0,Nager.ArticleNumber,True,False,False,stars
basic.compilerlog.util,326901.0,Basic.CompilerLog.Util,True,True,False,stars+forks
monomac.netstandard,324360.0,MonoMac.NetStandard,True,True,False,stars+forks
microsoft.netcore.ildasm,322936.0,Microsoft.NETCore.ILDAsm,True,True,False,stars+forks
twentytwenty.storage.local,322474.0,TwentyTwenty.Storage.Local,False,True,False,forks
showmethexaml.avalonedit,311010.0,ShowMeTheXAML.AvalonEdit,True,True,False,stars+forks
microsoft.toolkit.wpf.ui.xamlhost,310999.0,Microsoft.Toolkit.Wpf.UI.XamlHost,True,False,False,stars
microsoft.agents.ai.foundry,310501.0,Microsoft.Agents.AI.Foundry,True,True,False,stars+forks
azure.ai.agentserver.core,309741.0,Azure.AI.AgentServer.Core,False,True,False,forks
sotsera.blazor.toaster,308449.0,Sotsera.Blazor.Toaster,False,True,False,forks
thisassembly.project,307098.0,ThisAssembly.Project,True,True,False,stars+forks
microsoft.vssdk.vsixsigntool,306503.0,Microsoft.VSSDK.Vsixsigntool,False,True,False,forks
inputsimulatorplus,306413.0,InputSimulatorPlus,True,True,False,stars+forks
asyncimageloader.avalonia,305226.0,AsyncImageLoader.Avalonia,True,True,False,stars+forks
microsoft.azure.management.privatedns,304338.0,Microsoft.Azure.Management.PrivateDns,False,True,False,forks
fftsharp,304187.0,FftSharp,True,False,False,stars
dock.model.mvvm,301546.0,Dock.Model.Mvvm,True,True,False,stars+forks
microsoft.orleans.clustering.cosmos,299796.0,Microsoft.Orleans.Clustering.Cosmos,True,True,False,stars+forks
microsoft.ai.foundry.local,299344.0,Microsoft.AI.Foundry.Local,False,True,False,forks
nicolasdorier.standardconfiguration,299184.0,NicolasDorier.StandardConfiguration,False,True,False,forks
btcpayserver.lightning.all,295869.0,BTCPayServer.Lightning.All,False,True,False,forks
netcoreaudio,293028.0,NetCoreAudio,True,False,False,stars
aspire.hosting.azure.search,292325.0,Aspire.Hosting.Azure.Search,True,True,False,stars+forks
versone.epub,291969.0,VersOne.Epub,True,False,False,stars
microsoft.azure.management.servicefabric,291865.0,Microsoft.Azure.Management.ServiceFabric,False,True,False,forks
microsoft.azure.management.consumption,291081.0,Microsoft.Azure.Management.Consumption,False,True,False,forks
bunnycdn.net.storage,290172.0,BunnyCDN.Net.Storage,True,True,False,stars+forks
senparc.co2net.cache.csredis,288452.0,Senparc.CO2NET.Cache.CsRedis,False,True,False,forks
netoffice.word,282210.0,NetOffice.Word,True,False,False,stars
splat.nlog,281988.0,Splat.NLog,True,True,False,stars+forks
azure.resourcemanager.redisenterprise,280562.0,Azure.ResourceManager.RedisEnterprise,False,True,False,forks
microsoft.windowsazure.management.hdinsight,280184.0,Microsoft.WindowsAzure.Management.HDInsight,False,True,False,forks
nicolasdorier.commandline.configuration,278607.0,NicolasDorier.CommandLine.Configuration,False,True,False,forks
gircore.gtk-4.0,278507.0,GirCore.Gtk-4.0,True,False,False,stars
nicolasdorier.commandline,277337.0,NicolasDorier.CommandLine,False,True,False,forks
belgrade.sql.client,274476.0,Belgrade.Sql.Client,True,True,False,stars+forks
avalonia.ios,274060.0,Avalonia.iOS,True,True,False,stars+forks
tmds.dbus.generator,272196.0,Tmds.DBus.Generator,True,True,False,stars+forks
azure.resourcemanager.webpubsub,271310.0,Azure.ResourceManager.WebPubSub,False,True,False,forks
microsoft.net.http.zh-hans,270776.0,Microsoft.Net.Http.zh-Hans,False,True,False,forks
openra-sdl2-cs,270768.0,OpenRA-SDL2-CS,True,True,False,stars+forks
microsoft.extensions.dataingestion,269530.0,Microsoft.Extensions.DataIngestion,False,True,False,forks
magick.net-q16-hdri-openmp-arm64,269464.0,Magick.NET-Q16-HDRI-OpenMP-arm64,True,False,False,stars
sqlite-net-e,269056.0,sqlite-net-e,True,True,False,stars+forks
melanchall.drywetmidi,268571.0,Melanchall.DryWetMidi,True,False,False,stars
basic.reference.assemblies.net60,268440.0,Basic.Reference.Assemblies.Net60,True,True,False,stars+forks
uachelper,267964.0,UACHelper,True,True,False,stars+forks
bytexdigital.blazor.components.cookieconsent,267448.0,BytexDigital.Blazor.Components.CookieConsent,True,False,False,stars
vanara.security,267200.0,Vanara.Security,True,False,False,stars
pdfiumviewer.updated,266918.0,PdfiumViewer.Updated,True,False,False,stars
microsoft.hadoop.client,266808.0,Microsoft.Hadoop.Client,False,True,False,forks
communitytoolkit.winui.behaviors,265394.0,CommunityToolkit.WinUI.Behaviors,True,True,False,stars+forks
bcnencoder.net,264785.0,BCnEncoder.Net,True,True,False,stars+forks
openra-freetype6,263996.0,OpenRA-Freetype6,True,True,False,stars+forks
microsoft.azure.management.signalr,263685.0,Microsoft.Azure.Management.SignalR,False,True,False,forks
excubo.blazor.canvas,263421.0,Excubo.Blazor.Canvas,False,True,False,forks
openra-eluant,263277.0,OpenRA-Eluant,True,True,False,stars+forks
dock.controls.recycling,263193.0,Dock.Controls.Recycling,True,True,False,stars+forks
microsoft.extensions.dataingestion.markdig,263017.0,Microsoft.Extensions.DataIngestion.Markdig,False,True,False,forks
nvapiwrapper.net,262787.0,NvAPIWrapper.Net,True,False,False,stars
neosmart.caching.sqlite.aspnetcore,260849.0,NeoSmart.Caching.Sqlite.AspNetCore,True,False,False,stars
stocksharp.xaml,260375.0,StockSharp.Xaml,True,True,False,stars+forks
communitytoolkit.winui.controls.sizers,259304.0,CommunityToolkit.WinUI.Controls.Sizers,True,True,False,stars+forks
azure.analytics.synapse.spark,258935.0,Azure.Analytics.Synapse.Spark,False,True,False,forks
microsoft.azure.management.analysis,257720.0,Microsoft.Azure.Management.Analysis,False,True,False,forks
communitytoolkit.winui.controls.segmented,257262.0,CommunityToolkit.WinUI.Controls.Segmented,True,False,False,stars
markdownlog.ns20,257023.0,MarkdownLog.NS20,True,True,False,stars+forks
avalonia.headless.nunit,256191.0,Avalonia.Headless.NUnit,True,True,False,stars+forks
docfx.app,256129.0,Docfx.App,True,False,False,stars
deniszykov.websocketlistener,255280.0,deniszykov.WebSocketListener,True,False,False,stars
vanara.pinvoke.dwmapi,255099.0,Vanara.PInvoke.DwmApi,True,False,False,stars
umbraco.cms.developmentmode.backoffice,253765.0,Umbraco.Cms.DevelopmentMode.Backoffice,False,True,False,forks
norm.net,253288.0,Norm.net,True,True,False,stars+forks
microsoft.visualstudio.interactivewindow,253189.0,Microsoft.VisualStudio.InteractiveWindow,True,True,False,stars+forks
magick.net-q16-hdri-arm64,252953.0,Magick.NET-Q16-HDRI-arm64,True,False,False,stars
netescapades.enumgenerators.generators,251687.0,NetEscapades.EnumGenerators.Generators,True,False,False,stars
nbitpayclient,249556.0,NBitpayClient,False,True,False,forks
openra-openal-cs,246267.0,OpenRA-OpenAL-CS,True,True,False,stars+forks
microsoft.agents.ai.hosting.openai,246015.0,Microsoft.Agents.AI.Hosting.OpenAI,False,True,False,forks
microsoft.windowsazure.management.servicebus,245782.0,Microsoft.WindowsAzure.Management.ServiceBus,False,True,False,forks
microsoft.toolkit.wpf.ui.controls,245533.0,Microsoft.Toolkit.Wpf.UI.Controls,True,False,False,stars
numpydotnet,241412.0,NumpyDotNet,True,True,False,stars+forks
azure.resourcemanager.recoveryservices,240707.0,Azure.ResourceManager.RecoveryServices,False,True,False,forks
twentytwenty.storage.amazon,240687.0,TwentyTwenty.Storage.Amazon,False,True,False,forks
microsoft.visualstudio.liveshare.languageservices,238537.0,Microsoft.VisualStudio.LiveShare.LanguageServices,True,True,False,stars+forks
uplink.net.linux,237710.0,uplink.NET.Linux,True,False,False,stars
twentytwenty.storage.google,237705.0,TwentyTwenty.Storage.Google,False,True,False,forks
mathconverter,237533.0,MathConverter,True,False,False,stars
microsoft.orleans.reminders.cosmos,235354.0,Microsoft.Orleans.Reminders.Cosmos,True,True,False,stars+forks
senparc.websocket,234733.0,Senparc.WebSocket,False,True,False,forks
microsoft.azure.management.recoveryservices.siterecovery,233526.0,Microsoft.Azure.Management.RecoveryServices.SiteRecovery,False,True,False,forks
stocksharp.xaml.charting,232227.0,StockSharp.Xaml.Charting,True,True,False,stars+forks
meziantou.wpffontawesome,229540.0,Meziantou.WpfFontAwesome,True,False,False,stars
senparc.weixin.mp.middleware,227840.0,Senparc.Weixin.MP.Middleware,False,True,False,forks
microsoft.azure.management.notificationhubs,226403.0,Microsoft.Azure.Management.NotificationHubs,False,True,False,forks
microsoft.maui.controls.foldable,225456.0,Microsoft.Maui.Controls.Foldable,True,False,False,stars
microsoft.visualstudio.texttemplating.14.0,225431.0,Microsoft.VisualStudio.TextTemplating.14.0,False,True,False,forks
senparc.co2net.cache.memcached,224743.0,Senparc.CO2NET.Cache.Memcached,False,True,False,forks
jsonextensions,222280.0,JsonExtensions,True,True,False,stars+forks
openra-fuzzylogiclibrary,221795.0,OpenRA-FuzzyLogicLibrary,True,True,False,stars+forks
prompty.core,220008.0,Prompty.Core,True,True,False,stars+forks
microsoft.templateengine.tasks,219039.0,Microsoft.TemplateEngine.Tasks,True,True,False,stars+forks
microsoft.aspnet.providers.core.zh-hans,214991.0,Microsoft.AspNet.Providers.Core.zh-Hans,False,True,False,forks
axe.windows,213061.0,Axe.Windows,True,True,False,stars+forks
microsoft.winforms.designer.sdk,212764.0,Microsoft.WinForms.Designer.SDK,False,True,False,forks
mongosandbox.core,210135.0,MongoSandbox.Core,True,True,False,stars+forks
senparc.weixin.cache.memcached,209454.0,Senparc.Weixin.Cache.Memcached,False,True,False,forks
toolgood.words.pinyin,207452.0,ToolGood.Words.Pinyin,True,False,False,stars
xab.flexboxlayout,205830.0,XAB.FlexboxLayout,True,False,False,stars
senparc.weixin.tenpayv3,205224.0,Senparc.Weixin.TenPayV3,False,True,False,forks
sourcebrowser,204543.0,SourceBrowser,True,True,False,stars+forks
sharpshell,204401.0,SharpShell,True,False,False,stars
uplink.net.win,202808.0,uplink.NET.Win,True,False,False,stars
mages,202037.0,Mages,True,False,False,stars
bd.common,201089.0,BD.Common,True,False,False,stars
xunit.v3.priority,200503.0,Xunit.v3.Priority,True,True,False,stars+forks
libvlcsharp.winforms,200104.0,LibVLCSharp.WinForms,True,False,False,stars
cocol,199993.0,CoCoL,True,False,False,stars
rawinput.sharp,199730.0,RawInput.Sharp,True,False,False,stars
microsoft.azure.management.machinelearning,199441.0,Microsoft.Azure.Management.MachineLearning,False,True,False,forks
sharpaescrypt,196886.0,SharpAESCrypt,True,False,False,stars
vanara.pinvoke.powrprof,194393.0,Vanara.PInvoke.PowrProf,True,False,False,stars
operatingsystem2,191553.0,OperatingSystem2,True,False,False,stars
microsoft.azure.management.devtestlabs,191446.0,Microsoft.Azure.Management.DevTestLabs,False,True,False,forks
csmatio,191383.0,CSMatIO,False,True,False,forks
asp.versioning.openapi,189902.0,Asp.Versioning.OpenApi,True,True,False,stars+forks
nlog.layouts.clefjsonlayout,187354.0,NLog.Layouts.ClefJsonLayout,True,False,False,stars
microsoft.agents.ai.workflows.generators,187146.0,Microsoft.Agents.AI.Workflows.Generators,False,True,False,forks
enyim.caching.web,186499.0,Enyim.Caching.Web,False,True,False,forks
microsoft.agents.ai.devui,183299.0,Microsoft.Agents.AI.DevUI,False,True,False,forks
avalonia.controls.webview,182367.0,Avalonia.Controls.WebView,True,False,False,stars
microsoft.crank.eventsources,182065.0,Microsoft.Crank.EventSources,True,True,False,stars+forks
microsoft.datatransfer.gateway.encryption,180416.0,Microsoft.DataTransfer.Gateway.Encryption,False,True,False,forks
communitytoolkit.aspire.hosting.ngrok,179834.0,CommunityToolkit.Aspire.Hosting.Ngrok,True,False,False,stars
senparc.weixin.cache.csredis,177921.0,Senparc.Weixin.Cache.CsRedis,False,True,False,forks
microsoft.azure.management.deviceprovisioningservices,177358.0,Microsoft.Azure.Management.DeviceProvisioningServices,False,True,False,forks
microsoft.visualstudio.projectsystem.managed,177137.0,Microsoft.VisualStudio.ProjectSystem.Managed,True,True,False,stars+forks
azure.ai.agentserver.responses,177114.0,Azure.AI.AgentServer.Responses,False,True,False,forks
microsoft.azure.management.policyinsights,176471.0,Microsoft.Azure.Management.PolicyInsights,False,True,False,forks
gameloop.vdf,174649.0,Gameloop.Vdf,True,False,False,stars
microsoft.azure.management.maps,174466.0,Microsoft.Azure.Management.Maps,False,True,False,forks
uplink.net.mac,174010.0,uplink.NET.Mac,True,False,False,stars
system.web.providers.localdb,173829.0,System.Web.Providers.LocalDb,False,True,False,forks
microsoft.azure.management.powerbidedicated,173110.0,Microsoft.Azure.Management.PowerBIDedicated,False,True,False,forks
reactiveui.androidx,172752.0,ReactiveUI.AndroidX,True,False,False,stars
harmony.extensions,170822.0,Harmony.Extensions,False,True,False,forks
c1.win.ribbon,170566.0,C1.Win.Ribbon,False,True,False,forks
basic.reference.assemblies.netstandard20,170564.0,Basic.Reference.Assemblies.NetStandard20,True,True,False,stars+forks
microsoft.agents.ai.hosting.a2a.aspnetcore,169039.0,Microsoft.Agents.AI.Hosting.A2A.AspNetCore,False,True,False,forks
azure.resourcemanager.extendedlocations,168517.0,Azure.ResourceManager.ExtendedLocations,False,True,False,forks
sqlitepclraw.bundle_e_sqlite3mc,168121.0,SQLitePCLRaw.bundle_e_sqlite3mc,True,True,False,stars+forks
azure.analytics.synapse.accesscontrol,168031.0,Azure.Analytics.Synapse.AccessControl,False,True,False,forks
xamltest,167839.0,XAMLTest,True,True,False,stars+forks
xamarin.android.reactivex.rxjava3.rxjava,165287.0,Xamarin.Android.ReactiveX.RxJava3.RxJava,True,False,False,stars
smblibrary.win32,164924.0,SMBLibrary.Win32,True,False,False,stars
onova,163368.0,Onova,True,True,False,stars+forks
sqlite3mc.pclraw.bundle,162441.0,SQLite3MC.PCLRaw.bundle,True,True,False,stars+forks
vanara.windows.extensions,161458.0,Vanara.Windows.Extensions,True,False,False,stars
c1.win.flexgrid,161395.0,C1.Win.FlexGrid,False,True,False,forks
bblanchon.pdfiumv8.win32,160756.0,bblanchon.PDFiumV8.Win32,True,False,False,stars
orchardcore.application.mvc.targets,160748.0,OrchardCore.Application.Mvc.Targets,True,True,False,stars+forks
jsonpeek,160543.0,JsonPeek,True,False,False,stars
silk.net.direct3d11,160036.0,Silk.NET.Direct3D11,True,True,False,stars+forks
microsoft.azure.management.datamigration,159776.0,Microsoft.Azure.Management.DataMigration,False,True,False,forks
appinsights.windowsdesktop,158201.0,AppInsights.WindowsDesktop,False,True,False,forks
xam.plugin.tabview,157983.0,Xam.Plugin.TabView,False,True,False,forks
microsoft.agents.ai.a2a,157459.0,Microsoft.Agents.AI.A2A,False,True,False,forks
cryptobase,157444.0,CryptoBase,True,True,False,stars+forks
artalk.xmpp,156903.0,Artalk.Xmpp,True,False,False,stars
nicolasdorier.ratelimits,156666.0,NicolasDorier.RateLimits,False,True,False,forks
semi.avalonia.avaloniaedit,155755.0,Semi.Avalonia.AvaloniaEdit,True,True,False,stars+forks
basic.reference.assemblies.net70,155094.0,Basic.Reference.Assemblies.Net70,True,True,False,stars+forks
wpfmediakit,154745.0,WPFMediaKit,True,False,False,stars
hungarianalgorithm,154620.0,HungarianAlgorithm,True,False,False,stars
umbraco.jsonschema.extensions,154549.0,Umbraco.JsonSchema.Extensions,False,True,False,forks
ecng.drawing,154325.0,Ecng.Drawing,True,True,False,stars+forks
vanara.pinvoke.ntdll,154220.0,Vanara.PInvoke.NtDll,True,False,False,stars
microsoft.azure.management.devspaces,152592.0,Microsoft.Azure.Management.DevSpaces,False,True,False,forks
microsoft.agents.ai.workflows.declarative,152396.0,Microsoft.Agents.AI.Workflows.Declarative,False,True,False,forks
caseless.fody,152269.0,Caseless.Fody,True,True,False,stars+forks
lokiloggingprovider,151992.0,LokiLoggingProvider,True,False,False,stars
microsoft.orleans.journaling,151874.0,Microsoft.Orleans.Journaling,True,True,False,stars+forks
freetypesharp,151391.0,FreeTypeSharp,True,False,False,stars
microsoft.windowsazure.management.trafficmanager,151276.0,Microsoft.WindowsAzure.Management.TrafficManager,False,True,False,forks
owin,151269.0,Owin,True,True,False,stars+forks
geoidheightsdotnet,151039.0,GeoidHeightsDotNet,False,True,False,forks
basic.reference.assemblies.net90,150661.0,Basic.Reference.Assemblies.Net90,True,True,False,stars+forks
material.avalonia.datagrid,150596.0,Material.Avalonia.DataGrid,True,True,False,stars+forks
xamarin.androidx.emoji.appcompat,150211.0,Xamarin.AndroidX.Emoji.AppCompat,True,False,False,stars
consolecontrol,148221.0,ConsoleControl,True,False,False,stars
microsoft.ml.onnxruntimegenai.cuda,147597.0,Microsoft.ML.OnnxRuntimeGenAI.Cuda,True,True,False,stars+forks
gress,146186.0,Gress,True,True,False,stars+forks
buildtools.stylecop,145303.0,BuildTools.StyleCop,False,True,False,forks
hardcodet.notifyicon.wpf.netcore,144536.0,Hardcodet.NotifyIcon.Wpf.NetCore,True,False,False,stars
stocksharp.web.api.client,143422.0,StockSharp.Web.Api.Client,True,True,False,stars+forks
microsoft.azure.commerce.usageaggregates,143349.0,Microsoft.Azure.Commerce.UsageAggregates,False,True,False,forks
microsoft.azure.management.alertsmanagement,142931.0,Microsoft.Azure.Management.AlertsManagement,False,True,False,forks
microsoft.ml.onnxruntimegenai.directml,142145.0,Microsoft.ML.OnnxRuntimeGenAI.DirectML,True,True,False,stars+forks
ecng.linq,141491.0,Ecng.Linq,True,True,False,stars+forks
btcpayserver.hwi,141232.0,BTCPayServer.Hwi,False,True,False,forks
microsoft.azure.management.powerbiembedded,140577.0,Microsoft.Azure.Management.PowerBIEmbedded,False,True,False,forks
dashing,139592.0,Dashing,True,True,False,stars+forks
aspnetcore.localizer.json,135422.0,AspNetCore.Localizer.Json,True,True,False,stars+forks
advancedcolorpicker,134615.0,AdvancedColorPicker,True,False,False,stars
nuget.visualstudio.contracts,133214.0,NuGet.VisualStudio.Contracts,True,True,False,stars+forks
microsoft.azure.management.managementpartner,131232.0,Microsoft.Azure.Management.ManagementPartner,False,True,False,forks
microsoft.opentelemetry,130322.0,Microsoft.OpenTelemetry,False,True,False,forks
repobot.sqlite.unofficial,129786.0,Repobot.SQLite.Unofficial,True,True,False,stars+forks
bannerlord.buildresources,126996.0,Bannerlord.BuildResources,False,True,False,forks
microsoft.azure.management.advisor,126177.0,Microsoft.Azure.Management.Advisor,False,True,False,forks
microsoft.testing.extensions.githubactionsreport,125350.0,Microsoft.Testing.Extensions.GitHubActionsReport,False,True,False,forks
onvif.core,125009.0,Onvif.Core,False,True,False,forks
reshiru.blazor.indexeddb.framework,124294.0,Reshiru.Blazor.IndexedDB.Framework,False,True,False,forks
ecng.compilation.roslyn,123949.0,Ecng.Compilation.Roslyn,True,True,False,stars+forks
mahapps.metro.iconpacks.fontawesome5,123645.0,MahApps.Metro.IconPacks.FontAwesome5,False,True,False,forks
tizen.net.materialcomponents,122951.0,Tizen.NET.MaterialComponents,True,False,False,stars
spectre.verify.extensions,122177.0,Spectre.Verify.Extensions,True,False,False,stars
elfinder.netcore,122040.0,elFinder.NetCore,False,True,False,forks
bluwolficons,121595.0,BluwolfIcons,True,True,False,stars+forks
nsubsys,121072.0,NSubsys,True,True,False,stars+forks
razorblade,120270.0,RazorBlade,True,False,False,stars
orchardcore.logging.serilog,119663.0,OrchardCore.Logging.Serilog,False,True,False,forks
tewr.blazorworker.backgroundservice,119607.0,Tewr.BlazorWorker.BackgroundService,False,True,False,forks
ecng.logging,118784.0,Ecng.Logging,True,True,False,stars+forks
vswebsite.interop,117866.0,VsWebSite.Interop,True,True,False,stars+forks
xamarin.duosdk,117610.0,Xamarin.DuoSdk,True,False,False,stars
microsoft.aspnetcore.testing,116929.0,Microsoft.AspNetCore.Testing,True,True,False,stars+forks
skiasharp.views.gtk3,116648.0,SkiaSharp.Views.Gtk3,True,False,False,stars
bip78.sender,115465.0,BIP78.Sender,False,True,False,forks
silk.net.direct3d.compilers,114309.0,Silk.NET.Direct3D.Compilers,True,True,False,stars+forks
memoryanalyzers,111546.0,MemoryAnalyzers,True,False,False,stars
bannerlord.butterlib,110987.0,Bannerlord.ButterLib,False,True,False,forks
odata2linq,110925.0,OData2Linq,True,True,False,stars+forks
magick.net.systemwindowsmedia,110610.0,Magick.NET.SystemWindowsMedia,True,False,False,stars
cocossharp,109939.0,CocosSharp,False,True,False,forks
microsoft.visualstudio.debuggervisualizers,109932.0,Microsoft.VisualStudio.DebuggerVisualizers,False,True,False,forks
wcwidth.sources,108010.0,Wcwidth.Sources,True,False,False,stars
owlcore.storage,107510.0,OwlCore.Storage,True,True,False,stars+forks
mighty,107347.0,Mighty,True,True,False,stars+forks
duplicati.streamutil,107308.0,Duplicati.StreamUtil,True,False,False,stars
vanara.pinvoke.shcore,106332.0,Vanara.PInvoke.SHCore,True,False,False,stars
webview.avalonia,105501.0,WebView.Avalonia,True,True,False,stars+forks
testcontainers.consul,104229.0,Testcontainers.Consul,True,True,False,stars+forks
kgysoft.drawing,103864.0,KGySoft.Drawing,True,True,False,stars+forks
senparc.weixin.wxopen.middleware,103683.0,Senparc.Weixin.WxOpen.Middleware,False,True,False,forks
livetcask.behaviors,103128.0,LivetCask.Behaviors,True,False,False,stars
tlbimp-microsoft.search.interop,103034.0,tlbimp-Microsoft.Search.Interop,True,False,False,stars
xamarin.social,102994.0,Xamarin.Social,False,True,False,forks
susanoo.sqlserver,102276.0,Susanoo.SqlServer,True,True,False,stars+forks
microsoft.visualstudio.vsinteractivewindow,100338.0,Microsoft.VisualStudio.VsInteractiveWindow,True,True,False,stars+forks
mbprogresshud,99569.0,mbprogresshud,False,True,False,forks
meziantou.framework.win32.jobs,99143.0,Meziantou.Framework.Win32.Jobs,True,False,False,stars
communitytoolkit.winui.media,99039.0,CommunityToolkit.WinUI.Media,True,False,False,stars
communitytoolkit.winui.collections,98708.0,CommunityToolkit.WinUI.Collections,True,False,False,stars
webview.avalonia.desktop,98438.0,WebView.Avalonia.Desktop,True,True,False,stars+forks
microsoft.native.quic.msquic.openssl,97761.0,Microsoft.Native.Quic.MsQuic.OpenSSL,True,True,False,stars+forks
bannerlord.mcm,97179.0,Bannerlord.MCM,False,True,False,forks
monodevelop.addins,97123.0,MonoDevelop.Addins,True,True,False,stars+forks
deorcify,96817.0,Deorcify,True,True,False,stars+forks
tinytwitter,96752.0,TinyTwitter,True,False,False,stars
blazor.localstorage,96558.0,Blazor.LocalStorage,True,True,False,stars+forks
justarchinet.madness,94654.0,JustArchiNET.Madness,True,False,False,stars
livetcask.eventlisteners,93305.0,LivetCask.EventListeners,True,False,False,stars
globalhotkey,92655.0,GlobalHotKey,True,True,False,stars+forks
basic.reference.assemblies.net50,92601.0,Basic.Reference.Assemblies.Net50,True,True,False,stars+forks
finbuckle.multitenant.identity.entityframeworkcore,92312.0,Finbuckle.MultiTenant.Identity.EntityFrameworkCore,False,True,False,forks
wpf-ui.tray,92193.0,WPF-UI.Tray,True,False,False,stars
sdl.multiselectcombobox,91078.0,Sdl.MultiSelectComboBox,True,False,False,stars
microsoft.azure.synapse,91054.0,Microsoft.Azure.Synapse,False,True,False,forks
mongosandbox8.runtime.linux-x64,89973.0,MongoSandbox8.runtime.linux-x64,True,True,False,stars+forks
senparc.weixin.work.middleware,89903.0,Senparc.Weixin.Work.Middleware,False,True,False,forks
sshnet.agent,88908.0,SshNet.Agent,True,False,False,stars
webrtcvadsharp,88500.0,WebRtcVadSharp,True,True,False,stars+forks
kgysoft.drawing.core,86576.0,KGySoft.Drawing.Core,True,True,False,stars+forks
cocossharp.forms,86353.0,CocosSharp.Forms,False,True,False,forks
microsoft.windowsazure.management.expressroute,84703.0,Microsoft.WindowsAzure.Management.ExpressRoute,False,True,False,forks
ncache.microsoft.extensions.caching.opensource,84117.0,NCache.Microsoft.Extensions.Caching.OpenSource,True,True,False,stars+forks
livetcask.messaging,83852.0,LivetCask.Messaging,True,False,False,stars
microsoft.azure.management.machinelearningcompute,83846.0,Microsoft.Azure.Management.MachineLearningCompute,False,True,False,forks
h.hooks,83715.0,H.Hooks,True,False,False,stars
microsoft.agents.ai.agui,82680.0,Microsoft.Agents.AI.AGUI,False,True,False,forks
xamltools.msbuild,81250.0,XAMLTools.MSBuild,False,True,False,forks
unofficial.objectlistview,81055.0,Unofficial.ObjectListView,False,True,False,forks
senparc.co2net.webapi,80701.0,Senparc.CO2NET.WebApi,False,True,False,forks
squid-box.sevenzipsharp.lite,80160.0,Squid-Box.SevenZipSharp.Lite,True,False,False,stars
assimpnetter,79935.0,AssimpNetter,True,True,False,stars+forks
microsoft.extensions.telemetry.testing,79404.0,Microsoft.Extensions.Telemetry.Testing,True,True,False,stars+forks
wpf-ui.dependencyinjection,78170.0,WPF-UI.DependencyInjection,True,False,False,stars
communitytoolkit.winui.controls.colorpicker,76803.0,CommunityToolkit.WinUI.Controls.ColorPicker,True,True,False,stars+forks
azure.ai.voicelive,76499.0,Azure.AI.VoiceLive,False,True,False,forks
cocossharp.pcl.shared,76262.0,CocosSharp.PCL.Shared,False,True,False,forks
toolbelt.blazor.speechsynthesis,76123.0,Toolbelt.Blazor.SpeechSynthesis,False,True,False,forks
microsoft.agents.ai.declarative,75907.0,Microsoft.Agents.AI.Declarative,False,True,False,forks
azure.resourcemanager.kubernetes,75705.0,Azure.ResourceManager.Kubernetes,False,True,False,forks
libusbdfu,75569.0,LibUsbDfu,False,True,False,forks
microsoft.azure.management.storagecache,74680.0,Microsoft.Azure.Management.StorageCache,False,True,False,forks
livetcask.mvvm,74174.0,LivetCask.Mvvm,True,False,False,stars
ookii.dialogs.windowsforms,73984.0,Ookii.Dialogs.WindowsForms,True,False,False,stars
microsoft.azure.attestation,73075.0,Microsoft.Azure.Attestation,False,True,False,forks
azure.ai.agentserver.invocations,71645.0,Azure.AI.AgentServer.Invocations,False,True,False,forks
inkore.ui.wpf.modern,68600.0,Inkore.UI.WPF.Modern,True,True,False,stars+forks
staticcs,68405.0,StaticCS,True,True,False,stars+forks
fo-dicom.imaging.desktop,68100.0,fo-dicom.Imaging.Desktop,True,False,False,stars
communitytoolkit.uwp.controls.settingscontrols,67299.0,CommunityToolkit.Uwp.Controls.SettingsControls,True,True,False,stars+forks
cogwheel,65285.0,Cogwheel,True,True,False,stars+forks
btcpayserver.ntag424,65166.0,BTCPayServer.NTag424,False,True,False,forks
jsonsignature,63564.0,JsonSignature,True,False,False,stars
bsdiff,63280.0,BsDiff,True,False,False,stars
agui.abstractions,62184.0,AGUI.Abstractions,True,True,False,stars+forks
microsoft.visualstudio.extensibility,62138.0,Microsoft.VisualStudio.Extensibility,True,True,False,stars+forks
google.apis.keep.v1,61905.0,Google.Apis.Keep.v1,True,False,False,stars
microsoft.native.quic.msquic.schannel,61124.0,Microsoft.Native.Quic.MsQuic.Schannel,True,True,False,stars+forks
mp.dotspatial.projections,59416.0,MP.DotSpatial.Projections,False,True,False,forks
bannerlord.uiextenderex,59395.0,Bannerlord.UIExtenderEx,False,True,False,forks
serilog.sinks.signalr.core,58711.0,Serilog.Sinks.SignalR.Core,True,False,False,stars
mongosandbox8.runtime.win-x64,58583.0,MongoSandbox8.runtime.win-x64,True,True,False,stars+forks
strongof,57920.0,StrongOf,False,True,False,forks
chocolatey.nuget.packagemanagement,57701.0,Chocolatey.NuGet.PackageManagement,True,False,False,stars
hmbsbige.singleinstance,57582.0,HMBSbige.SingleInstance,True,True,False,stars+forks
microsoft.visualstudio.extensibility.jsongenerators.sdk,57404.0,Microsoft.VisualStudio.Extensibility.JsonGenerators.Sdk,True,True,False,stars+forks
microsoft.visualstudio.projectsystem.managed.vs,57126.0,Microsoft.VisualStudio.ProjectSystem.Managed.VS,True,True,False,stars+forks
microsoft.windowsazure.management.store,56929.0,Microsoft.WindowsAzure.Management.Store,False,True,False,forks
sharpshelltools,56929.0,SharpShellTools,True,False,False,stars
microsoft.windowspackagemanager.inproccom,56057.0,Microsoft.WindowsPackageManager.InProcCom,True,False,False,stars
nimblepros.metronome,55692.0,NimblePros.Metronome,True,True,False,stars+forks
openur.ffprobestatic,55678.0,Openur.FFprobeStatic,True,False,False,stars
c1.win.supertooltip,55625.0,C1.Win.SuperTooltip,False,True,False,forks
microsoft.windows.mixedreality.dotnetwinrt,54966.0,Microsoft.Windows.MixedReality.DotNetWinRT,False,True,False,forks
ansiconsoletohtml,54328.0,AnsiConsoleToHtml,True,False,False,stars
playnitesdk,54193.0,PlayniteSDK,True,False,False,stars
winapi,53071.0,WinApi,False,True,False,forks
mpv.net,52349.0,Mpv.NET,True,False,False,stars
openur.ffmpegcore,52027.0,Openur.FFMpegCore,True,False,False,stars
netoffice.powerpoint,51965.0,NetOffice.PowerPoint,True,False,False,stars
mdxaml.html,50279.0,MdXaml.Html,True,False,False,stars
netcoreex.geometry,50148.0,NetCoreEx.Geometry,False,True,False,forks
agui.server,49279.0,AGUI.Server,True,True,False,stars+forks
eto.platform.xammac2,49254.0,Eto.Platform.XamMac2,True,True,False,stars+forks
portablesettingsprovider,48965.0,PortableSettingsProvider,True,False,False,stars
flaui.adapter.white,48785.0,FlaUI.Adapter.White,True,False,False,stars
stun.net,47814.0,Stun.Net,True,True,False,stars+forks
aspire.hosting.foundry,47403.0,Aspire.Hosting.Foundry,True,True,False,stars+forks
microsoft.ml.sampleutils,47113.0,Microsoft.ML.SampleUtils,False,True,False,forks
microsoft.orleans.serialization.messagepack,46813.0,Microsoft.Orleans.Serialization.MessagePack,True,True,False,stars+forks
vanara.pinvoke.vssapi,46542.0,Vanara.PInvoke.VssApi,True,False,False,stars
libktx,45478.0,LibKTX,True,True,False,stars+forks
fluenticons.winui,45039.0,FluentIcons.WinUI,True,False,False,stars
azure.analytics.synapse.managedprivateendpoints,44821.0,Azure.Analytics.Synapse.ManagedPrivateEndpoints,False,True,False,forks
microsoft.azure.gallery,44529.0,Microsoft.Azure.Gallery,False,True,False,forks
artifactory,43565.0,Artifactory,False,True,False,forks
mediafoundation,43432.0,MediaFoundation,True,False,False,stars
monogame.library.freetype,43283.0,MonoGame.Library.FreeType,True,True,False,stars+forks
sqlmarshal,43145.0,SqlMarshal,True,True,False,stars+forks
notifyicon.base,42468.0,NotifyIcon.Base,True,False,False,stars
observablevector,42454.0,ObservableVector,True,False,False,stars
microsoft.windowspackagemanager.cominterop,41847.0,Microsoft.WindowsPackageManager.ComInterop,True,False,False,stars
avalonia.markup.declarative,41375.0,Avalonia.Markup.Declarative,True,False,False,stars
c1.win.rulesmanager,40482.0,C1.Win.RulesManager,False,True,False,forks
mp.dotspatial.data,40132.0,MP.DotSpatial.Data,False,True,False,forks
de.hdodenhof.circleimageview,39324.0,de.hdodenhof.circleimageview,True,False,False,stars
c1.win.themes,38675.0,C1.Win.Themes,False,True,False,forks
webgldotnet,38637.0,WebGLDotNET,False,True,False,forks
ae.dns.client,38575.0,Ae.Dns.Client,True,False,False,stars
inkore.ui.wpf,38262.0,iNKORE.UI.WPF,True,True,False,stars+forks
azure.provisioning.eventgrid,38163.0,Azure.Provisioning.EventGrid,False,True,False,forks
stocksharp.samples.historydata,37996.0,StockSharp.Samples.HistoryData,True,True,False,stars+forks
monogame.tool.ffmpeg,37983.0,MonoGame.Tool.FFmpeg,True,True,False,stars+forks
monogame.tool.ffprobe,37731.0,MonoGame.Tool.FFprobe,True,True,False,stars+forks
monogame.tool.basisu,37508.0,MonoGame.Tool.Basisu,True,True,False,stars+forks
monogame.tool.crunch,37356.0,MonoGame.Tool.Crunch,True,True,False,stars+forks
senparc.ai.kernel,36433.0,Senparc.AI.Kernel,False,True,False,forks
terminal.gui.editor,35203.0,Terminal.Gui.Editor,True,False,False,stars
prodatagrid,34958.0,ProDataGrid,True,True,False,stars+forks
microsoft.diagnostics.runtime.utilities,34719.0,Microsoft.Diagnostics.Runtime.Utilities,True,False,False,stars
prowlin,34298.0,Prowlin,True,False,False,stars
windowsjobapi,33975.0,WindowsJobAPI,True,True,False,stars+forks
nwayland,33845.0,NWayland,True,True,False,stars+forks
wpf-ui.violeta,32327.0,WPF-UI.Violeta,True,False,False,stars
sentinel.nlogviewer,32017.0,Sentinel.NLogViewer,True,False,False,stars
monogame.tool.dxc,31930.0,MonoGame.Tool.Dxc,True,True,False,stars+forks
optris.icons.avalonia,31646.0,Optris.Icons.Avalonia,True,False,False,stars
azure.codesigning.sdk,31292.0,Azure.CodeSigning.Sdk,False,True,False,forks
bd.common.pinyin.cfstringtransform,30516.0,BD.Common.Pinyin.CFStringTransform,True,False,False,stars
devolutions.avaloniatheme.macos,30490.0,Devolutions.AvaloniaTheme.MacOS,True,False,False,stars
windowsapicodepack.shell.commonfiledialogs,30463.0,WindowsAPICodePack.Shell.CommonFileDialogs,True,False,False,stars
butr.harmony.analyzer,29582.0,BUTR.Harmony.Analyzer,False,True,False,forks
yolosharp,29527.0,YoloSharp,True,False,False,stars
microsoft.azure.management.backupservices,29435.0,Microsoft.Azure.Management.BackupServices,False,True,False,forks
microsoft.mixedreality.toolkit.foundation,29405.0,Microsoft.MixedReality.Toolkit.Foundation,False,True,False,forks
microsoft.visualstudio.languageserver.protocol.extensions,28925.0,Microsoft.VisualStudio.LanguageServer.Protocol.Extensions,True,True,False,stars+forks
tizen.uiextensions.nui,28839.0,Tizen.UIExtensions.NUI,True,False,False,stars
dock.avalonia.themes.simple,28792.0,Dock.Avalonia.Themes.Simple,True,True,False,stars+forks
dock.serializer.systemtextjson,27666.0,Dock.Serializer.SystemTextJson,True,True,False,stars+forks
microsoft.windowsazure.management.storsimple,27599.0,Microsoft.WindowsAzure.Management.StorSimple,False,True,False,forks
aigio.avalonia.appcenter,27431.0,Aigio.Avalonia.AppCenter,True,False,False,stars
enterwell.clients.wpf.notifications,27311.0,Enterwell.Clients.Wpf.Notifications,True,False,False,stars
samoatesgames.modernui.xceed.toolkit,27114.0,SamOatesGames.ModernUI.Xceed.Toolkit,True,False,False,stars
agui.formatting,26846.0,AGUI.Formatting,True,True,False,stars+forks
agui.client,26590.0,AGUI.Client,True,True,False,stars+forks
senparc.weixin.all,26407.0,Senparc.Weixin.All,False,True,False,forks
optris.icons.avalonia.fontawesome,25713.0,Optris.Icons.Avalonia.FontAwesome,True,False,False,stars
dongle.guidrvagen,25342.0,Dongle.GuidRVAGen,True,True,False,stars+forks
monogame.library.mojoshader,25277.0,MonoGame.Library.MojoShader,True,True,False,stars+forks
gircore.webkit-6.0,25070.0,GirCore.WebKit-6.0,True,False,False,stars
devolutions.avaloniatheme.linux,24908.0,Devolutions.AvaloniaTheme.Linux,True,False,False,stars
githubclient,24721.0,GitHubClient,True,False,False,stars
aigio.avalonia.appcenter.crashes,24428.0,Aigio.Avalonia.AppCenter.Crashes,True,False,False,stars
aigio.avalonia.appcenter.analytics,24264.0,Aigio.Avalonia.AppCenter.Analytics,True,False,False,stars
monotouch.slideoutnavigation,23287.0,MonoTouch.SlideoutNavigation,True,False,False,stars
droplex,23261.0,Droplex,True,False,False,stars
microsoft.windowsazure.management.automation,23030.0,Microsoft.WindowsAzure.Management.Automation,False,True,False,forks
eto.platform.macos,22450.0,Eto.Platform.macOS,True,True,False,stars+forks
nimblepros.sharedkernel,22373.0,NimblePros.SharedKernel,True,True,False,stars+forks
notifyicon.windows,22229.0,NotifyIcon.Windows,True,False,False,stars
microsoft.orleans.journaling.azurestorage,22214.0,Microsoft.Orleans.Journaling.AzureStorage,True,True,False,stars+forks
basic.reference.assemblies.net461,21781.0,Basic.Reference.Assemblies.Net461,True,True,False,stars+forks
vncsharpcore,21550.0,VncSharpCore,True,False,False,stars
hydro,21469.0,Hydro,True,False,False,stars
mdxaml.animatedgif,21224.0,MdXaml.AnimatedGif,True,False,False,stars
monomod.patcher,21149.0,MonoMod.Patcher,False,True,False,forks
optris.icons.avalonia.materialdesign,21000.0,Optris.Icons.Avalonia.MaterialDesign,True,False,False,stars
nativememoryarray,20985.0,NativeMemoryArray,True,False,False,stars
vanara.pinvoke.coreaudio,20937.0,Vanara.PInvoke.CoreAudio,True,False,False,stars
jumplists.win32.avalonia,20343.0,JumpLists.Win32.Avalonia,True,False,False,stars
7-zip.nativeassets.win32,20028.0,7-Zip.NativeAssets.Win32,True,False,False,stars
mdxaml.svg,19595.0,MdXaml.Svg,True,False,False,stars
powerkit,19467.0,PowerKit,True,True,False,stars+forks
d2phap.filewatcherex,18633.0,D2Phap.FileWatcherEx,True,False,False,stars
ecng.compilation.all,18516.0,Ecng.Compilation.All,True,True,False,stars+forks
d2phap.dxcontrol,18481.0,D2Phap.DXControl,True,False,False,stars
kgysoft.drawing.wpf,18273.0,KGySoft.Drawing.Wpf,True,True,False,stars+forks
senparc.co2net.cache.dapr,17945.0,Senparc.CO2NET.Cache.Dapr,False,True,False,forks
wicnet,17238.0,WicNet,True,False,False,stars
ecng.data.ado,17114.0,Ecng.Data.Ado,True,True,False,stars+forks
ecng.io.compression,16934.0,Ecng.IO.Compression,True,True,False,stars+forks
communitytoolkit.vectordata.inmemory,16807.0,CommunityToolkit.VectorData.InMemory,True,True,False,stars+forks
aigio.windivertsharp,16669.0,Aigio.WinDivertSharp,True,False,False,stars
microsoft.ai.foundry.local.winml,15773.0,Microsoft.AI.Foundry.Local.WinML,False,True,False,forks
winapi.desktop,15326.0,WinApi.Desktop,False,True,False,forks
winapi.utils,15222.0,WinApi.Utils,False,True,False,forks
wineventhook,14993.0,WinEventHook,True,False,False,stars
basic.reference.assemblies.netstandard13,14725.0,Basic.Reference.Assemblies.NetStandard13,True,True,False,stars+forks
openur.mono.unix,14610.0,Openur.Mono.Unix,True,False,False,stars
communitytoolkit.vectordata.qdrant,14597.0,CommunityToolkit.VectorData.Qdrant,True,True,False,stars+forks
leakcanarybinding,14353.0,LeakCanaryBinding,True,False,False,stars
xab.tinypinyin,14245.0,XAB.TinyPinyin,True,False,False,stars
presentmonfps,14200.0,PresentMonFps,True,False,False,stars
ecng.excel,14072.0,Ecng.Excel,True,True,False,stars+forks
microsoft.codeanalysis.visualbasic.sourcegenerators.testing,13861.0,Microsoft.CodeAnalysis.VisualBasic.SourceGenerators.Testing,True,True,False,stars+forks
bettergi.assets.model,12759.0,BetterGI.Assets.Model,True,False,False,stars
numerge,12753.0,Numerge,True,True,False,stars+forks
compilerpaths,12606.0,CompilerPaths,False,True,False,forks
tunit.assertions.should,12552.0,TUnit.Assertions.Should,True,True,False,stars+forks
webview2.avalonia,12418.0,WebView2.Avalonia,True,False,False,stars
microsoft.azurestack.management.fabric.admin,12243.0,Microsoft.AzureStack.Management.Fabric.Admin,False,True,False,forks
mono.apitools.msbuildtasks,12175.0,Mono.ApiTools.MSBuildTasks,True,False,False,stars
serilog.sinks.richtextboxex.wpf,11820.0,Serilog.Sinks.RichTextBoxEx.Wpf,True,False,False,stars
ecng.data.sqlserver,11657.0,Ecng.Data.SqlServer,True,True,False,stars+forks
ecng.excel.openxml,11337.0,Ecng.Excel.OpenXml,True,True,False,stars+forks
microsoft.azurestack.management.backup.admin,11206.0,Microsoft.AzureStack.Management.Backup.Admin,False,True,False,forks
bettergi.assets.map,10798.0,BetterGI.Assets.Map,True,False,False,stars
microsoft.azurestack.management.subscriptions.admin,10665.0,Microsoft.AzureStack.Management.Subscriptions.Admin,False,True,False,forks
directnstandard,10489.0,DirectNStandard,True,False,False,stars
notifyicon.linux,10102.0,NotifyIcon.Linux,True,False,False,stars
flow.launcher.localization,10094.0,Flow.Launcher.Localization,True,False,False,stars
npsmlib,9645.0,NPSMLib,True,False,False,stars
senparc.ai.agents,9316.0,Senparc.AI.Agents,False,True,False,forks
chefkeys,9262.0,ChefKeys,True,False,False,stars
basic.reference.assemblies.net40,9057.0,Basic.Reference.Assemblies.Net40,True,True,False,stars+forks
basic.reference.assemblies.net20,8512.0,Basic.Reference.Assemblies.Net20,True,True,False,stars+forks
microsoft.azurestack.management.infrastructureinsights.admin,8477.0,Microsoft.AzureStack.Management.InfrastructureInsights.Admin,False,True,False,forks
bettergi.assets.other,8442.0,BetterGI.Assets.Other,True,False,False,stars
basic.reference.assemblies.net110,8249.0,Basic.Reference.Assemblies.Net110,True,True,False,stars+forks
microsoft.azurestack.management.update.admin,7976.0,Microsoft.AzureStack.Management.Update.Admin,False,True,False,forks
microsoft.azurestack.management.commerce.admin,7903.0,Microsoft.AzureStack.Management.Commerce.Admin,False,True,False,forks
puresharpcompress,7593.0,PureSharpCompress,True,False,False,stars
ecng.geneticsharp,7478.0,Ecng.GeneticSharp,True,True,False,stars+forks
tinywebserver.dll,7451.0,TinyWebServer.dll,False,True,False,forks
microsoft.azure.management.locationbasedservices,7409.0,Microsoft.Azure.Management.LocationBasedServices,False,True,False,forks
microsoft.azurestack.management.storage.admin,7396.0,Microsoft.AzureStack.Management.Storage.Admin,False,True,False,forks
microsoft.azurestack.management.keyvault.admin,7361.0,Microsoft.AzureStack.Management.KeyVault.Admin,False,True,False,forks
microsoft.azurestack.management.compute.admin,7212.0,Microsoft.AzureStack.Management.Compute.Admin,False,True,False,forks
tencentopenapisdk.android,7181.0,TencentOpenApiSDK.Android,True,False,False,stars
communitytoolkit.vectordata.pgvector,6973.0,CommunityToolkit.VectorData.PgVector,True,True,False,stars+forks
basic.reference.assemblies.aspnet80,6838.0,Basic.Reference.Assemblies.AspNet80,True,True,False,stars+forks
communitytoolkit.labs.winui.controls.markdowntextblock,6835.0,CommunityToolkit.Labs.WinUI.Controls.MarkdownTextBlock,True,True,False,stars+forks
devolutions.pinget.cli.rust,6659.0,Devolutions.Pinget.Cli.Rust,True,False,False,stars
bettergi.vcruntime,6599.0,BetterGI.VCRuntime,True,False,False,stars
microsoft.aspnetcore.aspnetcoremodule,6400.0,Microsoft.AspNetCore.AspNetCoreModule,True,True,False,stars+forks
communitytoolkit.vectordata.azureaisearch,6154.0,CommunityToolkit.VectorData.AzureAISearch,True,True,False,stars+forks
unblockzoneidentifier,5912.0,UnblockZoneIdentifier,True,False,False,stars
microsoft.azurestack.management.gallery.admin,5852.0,Microsoft.AzureStack.Management.Gallery.Admin,False,True,False,forks
prefetch,5760.0,Prefetch,True,False,False,stars
microsoft.azurestack.management.subscription,5724.0,Microsoft.AzureStack.Management.Subscription,False,True,False,forks
quicklook.lavfilters,5716.0,QuickLook.LAVFilters,True,False,False,stars
microsoft.azurestack.management.network.admin,5579.0,Microsoft.AzureStack.Management.Network.Admin,False,True,False,forks
microsoft.azurestack.management.azurebridge.admin,5572.0,Microsoft.AzureStack.Management.AzureBridge.Admin,False,True,False,forks
material.icons.winui3,5548.0,Material.Icons.WinUI3,True,False,False,stars
imageglass.tools,5513.0,ImageGlass.Tools,True,False,False,stars
quicklook.wpfmediakit,5167.0,QuickLook.WPFMediaKit,True,False,False,stars
microsoft.azure.management.recoveryservicesvaultupgrade,4989.0,Microsoft.Azure.Management.RecoveryServicesVaultUpgrade,False,True,False,forks
codechicken.diffpatch,4846.0,CodeChicken.DiffPatch,False,True,False,forks
devolutions.pinget.core,4716.0,Devolutions.Pinget.Core,True,False,False,stars
quicklook.imageglass.webp,4591.0,QuickLook.ImageGlass.WebP,True,False,False,stars
appsettingstronglytyped,4044.0,AppSettingStronglyTyped,False,True,False,forks
quicklook.typography.openfont,4020.0,QuickLook.Typography.OpenFont,True,False,False,stars
rumpsharp,4004.0,RumpSharp,True,False,False,stars
aws.bedrock.meai,3969.0,AWS.Bedrock.MEAI,True,True,False,stars+forks
mongosandbox8.runtime.osx-arm64,3911.0,MongoSandbox8.runtime.osx-arm64,True,True,False,stars+forks
devolutions.unigetui.elevator,3627.0,Devolutions.UniGetUI.Elevator,True,False,False,stars
communitytoolkit.vectordata.redis,3520.0,CommunityToolkit.VectorData.Redis,True,True,False,stars+forks
communitytoolkit.vectordata.weaviate,3368.0,CommunityToolkit.VectorData.Weaviate,True,True,False,stars+forks
elbruno.text2image.foundry,3324.0,ElBruno.Text2Image.Foundry,False,True,False,forks
quicklook.apkreader,3298.0,QuickLook.ApkReader,True,False,False,stars
basic,3190.0,Basic,True,False,False,stars
quicklook.discutils,3165.0,QuickLook.DiscUtils,True,False,False,stars
pcdsharp,3131.0,PcdSharp,True,False,False,stars
quicklook.rpmreader,3104.0,QuickLook.RpmReader,True,False,False,stars
senparc.ai.agentkernel,2525.0,Senparc.AI.AgentKernel,False,True,False,forks
unofficial.mesa.softwarerenderer,2500.0,unofficial.mesa.softwarerenderer,True,True,False,stars+forks
azuresorasdk,2413.0,AzureSoraSDK,False,True,False,forks
krclib,2275.0,KRCLib,True,False,False,stars
elbruno.extensions.ai.claude,2268.0,elbruno.Extensions.AI.Claude,False,True,False,forks
elbruno.whisper,2074.0,ElBruno.Whisper,False,True,False,forks
devolutions.now.policy.api,2013.0,Devolutions.Now.Policy.Api,True,False,False,stars
devolutions.now.policy.client,1946.0,Devolutions.Now.Policy.Client,True,False,False,stars
blazings.echarts,1844.0,blazings.echarts,False,True,False,forks
d2phap.eggshell-x64,1672.0,D2Phap.EggShell-x64,True,False,False,stars
microsoft.accordant,1548.0,Microsoft.Accordant,True,True,False,stars+forks
hostingstartuppackage,1540.0,HostingStartupPackage,True,True,False,stars+forks
communitytoolkit.labs.winui.dependencypropertygenerator,1377.0,CommunityToolkit.Labs.WinUI.DependencyPropertyGenerator,True,True,False,stars+forks
imageglass.sdk,1300.0,ImageGlass.SDK,True,False,False,stars
microsoft.mixedreality.toolkit.tests.utilities,1225.0,Microsoft.MixedReality.Toolkit.Tests.Utilities,False,True,False,forks
d2phap.eggshell-arm64,1188.0,D2Phap.EggShell-ARM64,True,False,False,stars
quicklook.libapng,1168.0,QuickLook.LibAPNG,True,False,False,stars
cstrees,1090.0,CsTrees,True,False,False,stars
recipeengine.modules.wrench,930.0,RecipeEngine.Modules.Wrench,True,True,False,stars+forks
packagemanagement,890.0,PackageManagement,True,True,False,stars+forks
macbundle,833.0,MacBundle,True,True,False,stars+forks
quicklook.helixtoolkit,670.0,QuickLook.HelixToolkit,True,False,False,stars
elbruno.connectors.sqlitevec,631.0,ElBruno.Connectors.SqliteVec,False,True,False,forks
elbruno.maf.foundrylocal.adapter,626.0,ElBruno.MAF.FoundryLocal.Adapter,False,True,False,forks
quicklook.mediainfo,565.0,QuickLook.MediaInfo,True,False,False,stars
quicklook.mediainfo.native.win-x64,556.0,QuickLook.MediaInfo.Native.win-x64,True,False,False,stars
quicklook.mediainfo.native.win-x86,490.0,QuickLook.MediaInfo.Native.win-x86,True,False,False,stars
quicklook.hexeditor,389.0,QuickLook.HexEditor,True,False,False,stars
communitytoolkit.vectordata.azurecosmosdb,385.0,CommunityToolkit.VectorData.AzureCosmosDB,True,True,False,stars+forks
azure.resourcemanager.servicegroups,379.0,Azure.ResourceManager.ServiceGroups,False,True,False,forks
microsoft.aspnetcore.components.testing,306.0,Microsoft.AspNetCore.Components.Testing,True,True,False,stars+forks
azure.resourcemanager.kubernetesconfiguration.extensions,271.0,Azure.ResourceManager.KubernetesConfiguration.Extensions,False,True,False,forks
microsoft.orleans.streaming.kinesis,225.0,Microsoft.Orleans.Streaming.Kinesis,True,True,False,stars+forks
microsoft.orleans.graindirectory.firestore,224.0,Microsoft.Orleans.GrainDirectory.Firestore,True,True,False,stars+forks
microsoft.orleans.clustering.firestore,223.0,Microsoft.Orleans.Clustering.Firestore,True,True,False,stars+forks
microsoft.orleans.persistence.firestore,223.0,Microsoft.Orleans.Persistence.Firestore,True,True,False,stars+forks
microsoft.orleans.reminders.firestore,219.0,Microsoft.Orleans.Reminders.Firestore,True,True,False,stars+forks
cyqwel,219.0,Cyqwel,False,True,False,forks
azure.resourcemanager.resources.deployments,169.0,Azure.ResourceManager.Resources.Deployments,False,True,False,forks
communitytoolkit.vectordata.azuredocumentdb,169.0,CommunityToolkit.VectorData.AzureDocumentDB,True,True,False,stars+forks
microsoft.aspnetcore.components.server.autopause,123.0,Microsoft.AspNetCore.Components.Server.AutoPause,True,False,False,stars
jquery.templates,7.0,jQuery.Templates,False,True,False,forks
az.accounts,,,False,True,False,forks
azure.batch,,,False,True,False,forks
azure.developer.trustedsigning.cryptoprovider,,,False,True,False,forks
blazored.localstorage,,,True,True,False,stars+forks
identitymodel,,,True,True,False,stars+forks
identitymodel.oidcclient,,,True,True,False,stars+forks
identityserver4,,,True,True,False,stars+forks
identityserver4.accesstokenvalidation,,,True,True,False,stars+forks
identityserver4.aspnetidentity,,,True,True,False,stars+forks
membase,,,False,True,False,forks
microbuild.core,,,True,True,False,stars+forks
microsoft.azure.resourcemanager,,,False,True,False,forks
microsoft.azure.services.appauthentication,,,False,True,False,forks
microsoft.azure.test.framework,,,False,True,False,forks
microsoft.codeanalysis.elfie,,,True,True,False,stars+forks
microsoft.extensions.closedgenericmatcher.sources,,,False,True,False,forks
microsoft.extensions.copyonwritedictionary.sources,,,False,True,False,forks
microsoft.extensions.hashcodecombiner.sources,,,False,True,False,forks
microsoft.extensions.logging.testing,,,True,True,False,stars+forks
microsoft.extensions.propertyactivator.sources,,,False,True,False,forks
microsoft.extensions.propertyhelper.sources,,,False,True,False,forks
microsoft.extensions.securityhelper.sources,,,False,True,False,forks
microsoft.extensions.typenamehelper.sources,,,False,True,False,forks
microsoft.toolkit.highperformance,,,True,True,False,stars+forks
microsoft.toolkit.mvvm,,,True,False,False,stars
microsoft.toolkit.uwp.ui,,,True,False,False,stars
microsoft.toolkit.uwp.ui.behaviors,,,True,False,False,stars
microsoft.toolkit.uwp.ui.controls,,,True,False,False,stars
microsoft.visualstudio.languageserver.client.implementation,,,True,True,False,stars+forks
microsoft.visualstudio.search,,,True,True,False,stars+forks
microsoft.winui,,,True,False,False,stars
monogame.content.builder,,,True,True,False,stars+forks
monogame.framework.desktopgl.core,,,True,True,False,stars+forks
oauth,,,True,False,False,stars
officedevpnpcore16,,,False,True,False,forks
reactiveui-core,,,True,False,False,stars
rick.docs.samples.routeinfo,,,True,True,False,stars+forks
rx-core,,,True,True,False,stars+forks
rx-interfaces,,,True,True,False,stars+forks
rx-linq,,,True,True,False,stars+forks
rx-main,,,True,True,False,stars+forks
rx-platformservices,,,True,True,False,stars+forks
selfsignedcertificate,,,True,True,False,stars+forks
serilog.opentelemetry.consolesink,,,False,True,False,forks
serilog.sinks.aspnetcore.signalr,,,True,False,False,stars
sevenzipsharp,,,True,True,False,stars+forks
sqlitepcl.bundle_green,,,False,True,False,forks
sqlitepcl.raw,,,False,True,False,forks
sqlitepcl.raw_basic,,,True,True,False,stars+forks
system.commandline.experimental,,,True,True,False,stars+forks
system.management.automation.dll,,,False,True,False,forks
system.management.automation_powershell_3.0,,,False,True,False,forks
webrequest.webrequesthandler,,,False,True,False,forks
xab.androidlibv2raylite,,,True,False,False,stars
xamarin.insights,,,True,False,False,stars
yamldotnet.signed,,,False,True,False,forks
