package,version,status,asset_kind,tfm,assembly,assembly_bytes,bytes_fetched,nupkg_bytes,public_types,methods_public,properties,events,ctors,operators,api_total,methods_private,methods_protected,methods_internal,m_static,m_virtual,m_abstract,m_sealed,m_generic,t_interface,t_abstract,t_sealed,fields_public,all_types,methoddef_rows,typedef_rows
Microsoft.NETCore.Platforms,7.0.4,metapackage,,,,,49157.0,49157.0,,,,,,,,,,,,,,,,,,,,,,
System.Threading.Tasks.Extensions,4.6.3,ok,,netstandard2.0,lib/netstandard2.0/System.Threading.Tasks.Extensions.dll,27936.0,81498.0,74604.0,15.0,49.0,17.0,0.0,6.0,4.0,66.0,,,,,,,,,,,,,,111.0,27.0
System.Runtime.CompilerServices.Unsafe,6.1.2,ok,,netstandard2.0,lib/netstandard2.0/System.Runtime.CompilerServices.Unsafe.dll,19256.0,76999.0,75106.0,1.0,42.0,0.0,0.0,0.0,0.0,42.0,,,,,,,,,,,,,,47.0,6.0
Microsoft.Extensions.Configuration.Binder,10.0.11,ok,,netstandard2.0,lib/netstandard2.0/Microsoft.Extensions.Configuration.Binder.dll,49488.0,90486.0,387004.0,6.0,14.0,44.0,0.0,1.0,0.0,58.0,,,,,,,,,,,,,,161.0,43.0
Microsoft.Extensions.DependencyInjection.Abstractions,10.0.11,ok,,netstandard2.1,lib/netstandard2.1/Microsoft.Extensions.DependencyInjection.Abstractions.dll,66344.0,95790.0,283734.0,28.0,182.0,60.0,0.0,14.0,0.0,242.0,,,,,,,,,,,,,,359.0,57.0
Microsoft.Extensions.Options,10.0.11,ok,,netstandard2.1,lib/netstandard2.1/Microsoft.Extensions.Options.dll,70440.0,99420.0,491484.0,50.0,106.0,136.0,1.0,34.0,0.0,243.0,,,,,,,,,,,,,,403.0,99.0
Microsoft.Extensions.Logging.Abstractions,10.0.11,ok,,netstandard2.0,lib/netstandard2.0/Microsoft.Extensions.Logging.Abstractions.dll,69968.0,99623.0,807800.0,28.0,82.0,90.0,0.0,14.0,3.0,172.0,,,,,,,,,,,,,,448.0,104.0
Microsoft.Extensions.Configuration.Abstractions,10.0.11,ok,,netstandard2.0,lib/netstandard2.0/Microsoft.Extensions.Configuration.Abstractions.dll,32040.0,83182.0,144901.0,16.0,27.0,29.0,0.0,2.0,0.0,56.0,,,,,,,,,,,,,,117.0,43.0
Microsoft.Extensions.FileProviders.Abstractions,10.0.11,ok,,netstandard2.0,lib/netstandard2.0/Microsoft.Extensions.FileProviders.Abstractions.dll,26920.0,80657.0,126766.0,11.0,13.0,34.0,0.0,3.0,0.0,47.0,,,,,,,,,,,,,,104.0,36.0
Microsoft.Extensions.Primitives,10.0.11,ok,,netstandard2.0,lib/netstandard2.0/Microsoft.Extensions.Primitives.dll,51024.0,91652.0,206833.0,16.0,71.0,53.0,0.0,11.0,23.0,124.0,,,,,,,,,,,,,,305.0,58.0
Microsoft.Extensions.DependencyInjection,10.0.11,ok,,netstandard2.1,lib/netstandard2.1/Microsoft.Extensions.DependencyInjection.dll,100136.0,112518.0,349298.0,9.0,13.0,127.0,0.0,3.0,0.0,140.0,,,,,,,,,,,,,,491.0,92.0
Microsoft.Extensions.Configuration,10.0.11,ok,,netstandard2.0,lib/netstandard2.0/Microsoft.Extensions.Configuration.dll,47912.0,90481.0,186788.0,19.0,44.0,69.0,0.0,13.0,0.0,113.0,,,,,,,,,,,,,,270.0,59.0
Microsoft.Extensions.Logging,10.0.11,ok,,netstandard2.1,lib/netstandard2.1/Microsoft.Extensions.Logging.dll,53544.0,93253.0,227956.0,12.0,33.0,57.0,0.0,9.0,0.0,90.0,,,,,,,,,,,,,,262.0,74.0
System.Memory,4.6.3,ok,,netstandard2.0,lib/netstandard2.0/System.Memory.dll,145176.0,127565.0,192935.0,29.0,283.0,69.0,0.0,21.0,17.0,352.0,,,,,,,,,,,,,,708.0,78.0
System.Diagnostics.DiagnosticSource,10.0.11,ok,,netstandard2.0,lib/netstandard2.0/System.Diagnostics.DiagnosticSource.dll,209704.0,158629.0,601345.0,53.0,220.0,274.0,1.0,43.0,8.0,495.0,,,,,,,,,,,,,,1346.0,219.0
Newtonsoft.Json,13.0.4,ok,,netstandard2.0,lib/netstandard2.0/Newtonsoft.Json.dll,717736.0,337950.0,2484726.0,143.0,751.0,722.0,8.0,168.0,72.0,1481.0,,,,,,,,,,,,,,4222.0,507.0
System.Buffers,4.6.1,ok,,netstandard2.0,lib/netstandard2.0/System.Buffers.dll,23832.0,79791.0,67724.0,1.0,4.0,5.0,0.0,1.0,0.0,9.0,,,,,,,,,,,,,,42.0,13.0
Microsoft.NETCore.Targets,5.0.0,metapackage,,,,,35893.0,35893.0,,,,,,,,,,,,,,,,,,,,,,
System.Security.Cryptography.Cng,5.0.0,ok,,netstandard2.1,ref/netstandard2.1/System.Security.Cryptography.Cng.dll,29576.0,80745.0,957764.0,29.0,111.0,89.0,0.0,40.0,10.0,200.0,,,,,,,,,,,,,,282.0,38.0
Microsoft.Extensions.Hosting.Abstractions,10.0.11,ok,,netstandard2.1,lib/netstandard2.1/Microsoft.Extensions.Hosting.Abstractions.dll,58704.0,91412.0,231993.0,25.0,45.0,38.0,0.0,5.0,0.0,83.0,,,,,,,,,,,,,,160.0,51.0
System.Text.Encodings.Web,10.0.11,ok,,netstandard2.0,lib/netstandard2.0/System.Text.Encodings.Web.dll,87336.0,104864.0,410701.0,15.0,31.0,211.0,0.0,8.0,0.0,242.0,,,,,,,,,,,,,,544.0,79.0
System.Text.Json,10.0.11,ok,,netstandard2.0,lib/netstandard2.0/System.Text.Json.dll,767784.0,340542.0,2222777.0,96.0,525.0,1001.0,0.0,67.0,66.0,1526.0,,,,,,,,,,,,,,4566.0,441.0
Microsoft.Bcl.AsyncInterfaces,10.0.11,ok,,netstandard2.1,lib/netstandard2.1/Microsoft.Bcl.AsyncInterfaces.dll,20264.0,77770.0,99110.0,4.0,3.0,9.0,0.0,0.0,0.0,12.0,,,,,,,,,,,,,,33.0,14.0
Microsoft.CSharp,4.7.0,ok,,netstandard2.0,ref/netstandard2.0/Microsoft.CSharp.dll,16488.0,75226.0,627100.0,6.0,12.0,0.0,0.0,8.0,0.0,12.0,,,,,,,,,,,,,,21.0,7.0
System.Security.Principal.Windows,5.0.0,ok,,netstandard2.0,ref/netstandard2.0/System.Security.Principal.Windows.dll,28552.0,80545.0,535022.0,12.0,46.0,37.0,0.0,20.0,6.0,83.0,,,,,,,,,,,,,,136.0,32.0
System.Runtime,4.3.1,ok,,netstandard1.5,ref/netstandard1.5/System.Runtime.dll,120664.0,113091.0,7272877.0,275.0,1050.0,302.0,0.0,353.0,126.0,1352.0,,,,,,,,,,,,,,2221.0,276.0
System.Security.Cryptography.ProtectedData,10.0.11,ok,,netstandard2.0,lib/netstandard2.0/System.Security.Cryptography.ProtectedData.dll,42792.0,88459.0,153874.0,6.0,5.0,21.0,0.0,0.0,0.0,26.0,,,,,,,,,,,,,,100.0,48.0
Microsoft.IdentityModel.Logging,8.22.0,ok,,netstandard2.0,lib/netstandard2.0/Microsoft.IdentityModel.Logging.dll,39200.0,85175.0,197620.0,6.0,47.0,27.0,0.0,6.0,0.0,74.0,,,,,,,,,,,,,,127.0,18.0
System.Reflection.TypeExtensions,4.7.0,ok,,netstandard2.0,ref/netstandard2.0/System.Reflection.TypeExtensions.dll,17480.0,75463.0,249287.0,7.0,53.0,0.0,0.0,0.0,0.0,53.0,,,,,,,,,,,,,,53.0,8.0
System.Security.AccessControl,6.0.1,ok,,netstandard2.0,lib/netstandard2.0/System.Security.AccessControl.dll,60176.0,91224.0,235270.0,46.0,140.0,155.0,0.0,57.0,2.0,295.0,,,,,,,,,,,,,,428.0,71.0
System.Configuration.ConfigurationManager,10.0.11,ok,,netstandard2.0,lib/netstandard2.0/System.Configuration.ConfigurationManager.dll,430928.0,231242.0,986559.0,167.0,452.0,926.0,8.0,177.0,0.0,1386.0,,,,,,,,,,,,,,2677.0,306.0
Microsoft.IdentityModel.Tokens,8.22.0,ok,,netstandard2.0,lib/netstandard2.0/Microsoft.IdentityModel.Tokens.dll,404248.0,198442.0,1384366.0,149.0,312.0,428.0,0.0,239.0,12.0,740.0,,,,,,,,,,,,,,1881.0,301.0
System.IO,4.3.0,ok,,netstandard1.5,ref/netstandard1.5/System.IO.dll,30528.0,81761.0,703652.0,14.0,202.0,31.0,0.0,41.0,0.0,233.0,,,,,,,,,,,,,,282.0,15.0
System.Reflection.Emit.Lightweight,4.7.0,ok,,netstandard2.0,ref/netstandard2.0/System.Reflection.Emit.Lightweight.dll,17992.0,75917.0,155693.0,1.0,13.0,10.0,0.0,8.0,0.0,23.0,,,,,,,,,,,,,,37.0,6.0
System.Text.Encoding,4.3.0,ok,,netstandard1.3,ref/netstandard1.3/System.Text.Encoding.dll,26992.0,80577.0,327281.0,14.0,73.0,36.0,0.0,23.0,0.0,109.0,,,,,,,,,,,,,,134.0,15.0
System.Runtime.Extensions,4.3.1,ok,,netstandard1.5,ref/netstandard1.5/System.Runtime.Extensions.dll,38280.0,84711.0,1069513.0,13.0,413.0,28.0,1.0,16.0,2.0,442.0,,,,,,,,,,,,,,473.0,14.0
System.Reflection,4.3.0,ok,,netstandard1.5,ref/netstandard1.5/System.Reflection.dll,41312.0,86437.0,700821.0,34.0,190.0,174.0,0.0,24.0,4.0,364.0,,,,,,,,,,,,,,426.0,35.0
System.Reflection.Emit,4.7.0,ok,,netstandard2.0,ref/netstandard2.0/System.Reflection.Emit.dll,35400.0,82703.0,406832.0,11.0,298.0,115.0,0.0,0.0,0.0,413.0,,,,,,,,,,,,,,430.0,16.0
System.Collections.Immutable,10.0.11,ok,,netstandard2.0,lib/netstandard2.0/System.Collections.Immutable.dll,252752.0,172894.0,794891.0,49.0,648.0,435.0,0.0,0.0,4.0,1083.0,,,,,,,,,,,,,,2224.0,228.0
System.Threading.Tasks,4.3.0,ok,,netstandard1.3,ref/netstandard1.3/System.Threading.Tasks.dll,43384.0,85879.0,840017.0,33.0,280.0,49.0,1.0,61.0,4.0,330.0,,,,,,,,,,,,,,396.0,34.0
System.Reflection.Primitives,4.3.0,ok,,netstandard1.0,ref/netstandard1.0/System.Reflection.Primitives.dll,30104.0,82530.0,281679.0,16.0,5.0,8.0,0.0,0.0,2.0,13.0,,,,,,,,,,,,,,16.0,17.0
System.Globalization,4.3.0,ok,,netstandard1.3,ref/netstandard1.3/System.Globalization.dll,35184.0,83980.0,589136.0,14.0,115.0,97.0,0.0,13.0,0.0,212.0,,,,,,,,,,,,,,281.0,15.0
System.Resources.ResourceManager,4.3.0,ok,,netstandard1.0,ref/netstandard1.0/System.Resources.ResourceManager.dll,22432.0,78820.0,85908.0,4.0,2.0,2.0,0.0,7.0,0.0,4.0,,,,,,,,,,,,,,11.0,5.0
System.Threading,4.3.0,ok,,netstandard1.3,ref/netstandard1.3/System.Threading.dll,32096.0,82787.0,708088.0,31.0,176.0,38.0,0.0,54.0,0.0,214.0,,,,,,,,,,,,,,271.0,32.0
System.IdentityModel.Tokens.Jwt,8.22.0,ok,,netstandard2.0,lib/netstandard2.0/System.IdentityModel.Tokens.Jwt.dll,90952.0,104678.0,392311.0,9.0,41.0,85.0,0.0,22.0,0.0,126.0,,,,,,,,,,,,,,265.0,22.0
System.Collections,4.3.0,ok,,netstandard1.3,ref/netstandard1.3/System.Collections.dll,43880.0,86122.0,810001.0,30.0,192.0,142.0,0.0,48.0,0.0,334.0,,,,,,,,,,,,,,496.0,31.0
Azure.Core,1.62.0,ok,,netstandard2.0,lib/netstandard2.0/Azure.Core.dll,890216.0,386590.0,2132729.0,178.0,428.0,968.0,8.0,231.0,49.0,1404.0,,,,,,,,,,,,,,4432.0,726.0
Microsoft.Extensions.FileSystemGlobbing,10.0.11,ok,,netstandard2.0,lib/netstandard2.0/Microsoft.Extensions.FileSystemGlobbing.dll,51536.0,91909.0,191144.0,36.0,69.0,71.0,0.0,27.0,0.0,140.0,,,,,,,,,,,,,,282.0,74.0
Microsoft.Extensions.FileProviders.Physical,10.0.11,ok,,netstandard2.0,lib/netstandard2.0/Microsoft.Extensions.FileProviders.Physical.dll,49448.0,91616.0,194325.0,12.0,17.0,64.0,0.0,10.0,0.0,81.0,,,,,,,,,,,,,,223.0,57.0
System.Diagnostics.Debug,4.3.0,ok,,netstandard1.3,ref/netstandard1.3/System.Diagnostics.Debug.dll,23776.0,79405.0,149774.0,9.0,25.0,10.0,0.0,7.0,0.0,35.0,,,,,,,,,,,,,,48.0,10.0
Microsoft.IdentityModel.JsonWebTokens,8.22.0,ok,,netstandard2.0,lib/netstandard2.0/Microsoft.IdentityModel.JsonWebTokens.dll,168768.0,127751.0,562710.0,7.0,43.0,131.0,0.0,8.0,0.0,174.0,,,,,,,,,,,,,,404.0,53.0
NETStandard.Library,2.0.3,native_only,,,,,65558.0,3146139.0,,,,,,,,,,,,,,,,,,,,,,
Microsoft.Win32.Registry,5.0.0,ok,,netstandard2.0,ref/netstandard2.0/Microsoft.Win32.Registry.dll,22920.0,78047.0,354731.0,13.0,55.0,18.0,0.0,8.0,0.0,73.0,,,,,,,,,,,,,,104.0,33.0
System.Linq,4.3.0,ok,,netstandard1.6,ref/netstandard1.6/System.Linq.dll,34120.0,82394.0,512550.0,5.0,182.0,5.0,0.0,0.0,0.0,187.0,,,,,,,,,,,,,,189.0,6.0
Microsoft.Extensions.Caching.Abstractions,10.0.11,ok,,netstandard2.0,lib/netstandard2.0/Microsoft.Extensions.Caching.Abstractions.dll,41296.0,87149.0,178625.0,27.0,72.0,45.0,0.0,8.0,0.0,117.0,,,,,,,,,,,,,,203.0,57.0
Microsoft.Extensions.Caching.Memory,10.0.11,ok,,netstandard2.0,lib/netstandard2.0/Microsoft.Extensions.Caching.Memory.dll,52560.0,92895.0,194912.0,9.0,24.0,54.0,0.0,6.0,0.0,78.0,,,,,,,,,,,,,,237.0,44.0
System.Runtime.InteropServices,4.3.0,ok,,netstandard1.5,ref/netstandard1.5/System.Runtime.InteropServices.dll,60824.0,93646.0,2597020.0,112.0,326.0,35.0,0.0,71.0,6.0,361.0,,,,,,,,,,,,,,440.0,113.0
System.Reflection.Emit.ILGeneration,4.7.0,ok,,netstandard2.0,ref/netstandard2.0/System.Reflection.Emit.ILGeneration.dll,19528.0,76656.0,204011.0,6.0,60.0,10.0,0.0,4.0,2.0,70.0,,,,,,,,,,,,,,86.0,12.0
System.Linq.Expressions,4.3.0,ok,,netstandard1.6,ref/netstandard1.6/System.Linq.Expressions.dll,46976.0,88027.0,1928029.0,46.0,411.0,147.0,0.0,2.0,0.0,558.0,,,,,,,,,,,,,,599.0,47.0
Microsoft.Extensions.Options.ConfigurationExtensions,10.0.11,ok,,netstandard2.0,lib/netstandard2.0/Microsoft.Extensions.Options.ConfigurationExtensions.dll,29480.0,82030.0,131302.0,9.0,11.0,27.0,0.0,5.0,0.0,38.0,,,,,,,,,,,,,,106.0,43.0
System.Runtime.Handles,4.3.0,ok,,netstandard1.3,ref/netstandard1.3/System.Runtime.Handles.dll,22904.0,68375.0,54854.0,5.0,18.0,5.0,0.0,3.0,0.0,23.0,,,,,,,,,,,,,,26.0,6.0
System.Reflection.Extensions,4.3.0,ok,,netstandard1.0,ref/netstandard1.0/System.Reflection.Extensions.dll,24464.0,79486.0,99740.0,3.0,47.0,0.0,0.0,0.0,0.0,47.0,,,,,,,,,,,,,,47.0,4.0
System.Net.Http,4.3.4,ok,,netstandard1.3,ref/netstandard1.3/System.Net.Http.dll,44800.0,87665.0,620644.0,44.0,195.0,182.0,0.0,79.0,2.0,377.0,,,,,,,,,,,,,,555.0,45.0
Microsoft.Extensions.DependencyModel,10.0.11,ok,,netstandard2.0,lib/netstandard2.0/Microsoft.Extensions.DependencyModel.dll,89384.0,107995.0,268938.0,29.0,46.0,106.0,0.0,33.0,0.0,152.0,,,,,,,,,,,,,,455.0,95.0
System.Text.RegularExpressions,4.3.1,ok,,netstandard1.6,ref/netstandard1.6/System.Text.RegularExpressions.dll,28056.0,81536.0,539599.0,12.0,76.0,29.0,0.0,11.0,0.0,105.0,,,,,,,,,,,,,,128.0,13.0
System.Text.Encoding.CodePages,10.0.11,ok,,netstandard2.0,lib/netstandard2.0/System.Text.Encoding.CodePages.dll,765736.0,596922.0,4282745.0,5.0,5.0,232.0,0.0,0.0,0.0,237.0,,,,,,,,,,,,,,513.0,77.0
Microsoft.Extensions.Configuration.FileExtensions,10.0.11,ok,,netstandard2.0,lib/netstandard2.0/Microsoft.Extensions.Configuration.FileExtensions.dll,31568.0,83052.0,138741.0,8.0,16.0,27.0,0.0,3.0,0.0,43.0,,,,,,,,,,,,,,107.0,32.0
System.ObjectModel,4.3.0,ok,,netstandard1.3,ref/netstandard1.3/System.ObjectModel.dll,33128.0,82446.0,321655.0,19.0,39.0,38.0,12.0,24.0,0.0,89.0,,,,,,,,,,,,,,155.0,20.0
System.Text.Encoding.Extensions,4.3.0,ok,,netstandard1.3,ref/netstandard1.3/System.Text.Encoding.Extensions.dll,24992.0,79438.0,244195.0,5.0,82.0,1.0,0.0,12.0,0.0,83.0,,,,,,,,,,,,,,95.0,6.0
System.IO.FileSystem.Primitives,4.3.0,ok,,netstandard1.3,ref/netstandard1.3/System.IO.FileSystem.Primitives.dll,22432.0,78886.0,94996.0,4.0,0.0,0.0,0.0,0.0,0.0,0.0,,,,,,,,,,,,,,0.0,5.0
System.IO.FileSystem,4.3.0,ok,,netstandard1.3,ref/netstandard1.3/System.IO.FileSystem.dll,30064.0,81805.0,274316.0,9.0,139.0,30.0,0.0,13.0,0.0,169.0,,,,,,,,,,,,,,191.0,10.0
runtime.native.System,4.3.1,metapackage,,,,,29727.0,29727.0,,,,,,,,,,,,,,,,,,,,,,
System.ComponentModel.Annotations,5.0.0,ok,,netstandard2.1,ref/netstandard2.1/System.ComponentModel.Annotations.dll,28544.0,80348.0,771145.0,43.0,56.0,79.0,0.0,62.0,0.0,135.0,,,,,,,,,,,,,,235.0,48.0
System.Diagnostics.Tools,4.3.0,ok,,netstandard1.0,ref/netstandard1.0/System.Diagnostics.Tools.dll,22400.0,78777.0,67227.0,2.0,0.0,8.0,0.0,2.0,0.0,8.0,,,,,,,,,,,,,,14.0,3.0
System.Xml.ReaderWriter,4.3.1,ok,,netstandard1.3,ref/netstandard1.3/System.Xml.ReaderWriter.dll,39296.0,85645.0,1390023.0,27.0,262.0,78.0,0.0,19.0,2.0,340.0,,,,,,,,,,,,,,399.0,28.0
System.Xml.XDocument,4.3.0,ok,,netstandard1.3,ref/netstandard1.3/System.Xml.XDocument.dll,35696.0,84077.0,591350.0,23.0,149.0,57.0,2.0,29.0,57.0,208.0,,,,,,,,,,,,,,326.0,24.0
System.Reflection.Metadata,10.0.11,ok,,netstandard2.0,lib/netstandard2.0/System.Reflection.Metadata.dll,514896.0,273640.0,1390080.0,272.0,852.0,911.0,0.0,80.0,228.0,1763.0,,,,,,,,,,,,,,3603.0,554.0
System.Security.Cryptography.X509Certificates,4.3.2,ok,,netstandard1.4,ref/netstandard1.4/System.Security.Cryptography.X509Certificates.dll,36800.0,85006.0,362871.0,39.0,82.0,74.0,0.0,55.0,0.0,156.0,,,,,,,,,,,,,,246.0,40.0
Microsoft.IdentityModel.Abstractions,8.22.0,ok,,netstandard2.0,lib/netstandard2.0/Microsoft.IdentityModel.Abstractions.dll,19736.0,77600.0,128905.0,8.0,20.0,10.0,0.0,2.0,0.0,30.0,,,,,,,,,,,,,,48.0,13.0
System.Runtime.InteropServices.RuntimeInformation,4.3.0,ok,,netstandard1.1,ref/netstandard1.1/System.Runtime.InteropServices.RuntimeInformation.dll,22504.0,78920.0,179546.0,3.0,6.0,7.0,0.0,0.0,2.0,13.0,,,,,,,,,,,,,,15.0,4.0
Microsoft.Extensions.Configuration.Json,10.0.11,ok,,netstandard2.1,lib/netstandard2.1/Microsoft.Extensions.Configuration.Json.dll,30544.0,82750.0,154900.0,9.0,13.0,15.0,0.0,4.0,0.0,28.0,,,,,,,,,,,,,,84.0,27.0
Serilog,4.4.0,ok,,netstandard2.0,lib/netstandard2.0/Serilog.dll,167424.0,136742.0,769695.0,58.0,374.0,155.0,1.0,27.0,0.0,530.0,,,,,,,,,,,,,,1215.0,232.0
Microsoft.IdentityModel.Protocols.OpenIdConnect,8.22.0,ok,,netstandard2.0,lib/netstandard2.0/Microsoft.IdentityModel.Protocols.OpenIdConnect.dll,136488.0,113235.0,425233.0,22.0,59.0,241.0,0.0,32.0,0.0,300.0,,,,,,,,,,,,,,450.0,69.0
System.Diagnostics.Tracing,4.3.0,ok,,netstandard1.5,ref/netstandard1.5/System.Diagnostics.Tracing.dll,30600.0,82479.0,581864.0,25.0,55.0,45.0,1.0,18.0,0.0,101.0,,,,,,,,,,,,,,144.0,27.0
System.Collections.Concurrent,4.3.0,ok,,netstandard1.3,ref/netstandard1.3/System.Collections.Concurrent.dll,31640.0,82097.0,502676.0,10.0,84.0,37.0,0.0,19.0,0.0,121.0,,,,,,,,,,,,,,168.0,11.0
System.Security.Permissions,10.0.11,ok,,netstandard2.0,lib/netstandard2.0/System.Security.Permissions.dll,122152.0,115808.0,542592.0,187.0,693.0,307.0,0.0,220.0,0.0,1000.0,,,,,,,,,,,,,,1494.0,221.0
System.AppContext,4.3.0,ok,,netstandard1.6,ref/netstandard1.6/System.AppContext.dll,21864.0,78490.0,147030.0,1.0,3.0,2.0,0.0,0.0,0.0,5.0,,,,,,,,,,,,,,5.0,2.0
System.Security.Cryptography.Algorithms,4.3.1,ok,,netstandard1.6,ref/netstandard1.6/System.Security.Cryptography.Algorithms.dll,29632.0,81787.0,403068.0,28.0,91.0,50.0,0.0,26.0,4.0,141.0,,,,,,,,,,,,,,182.0,29.0
System.Security.Cryptography.Primitives,4.3.0,ok,,netstandard1.3,ref/netstandard1.3/System.Security.Cryptography.Primitives.dll,26560.0,80752.0,81382.0,13.0,39.0,33.0,0.0,13.0,2.0,72.0,,,,,,,,,,,,,,98.0,14.0
System.IO.Pipelines,10.0.11,ok,,netstandard2.0,lib/netstandard2.0/System.IO.Pipelines.dll,85288.0,107067.0,267203.0,15.0,33.0,124.0,0.0,11.0,0.0,157.0,,,,,,,,,,,,,,522.0,88.0
runtime.native.System.Security.Cryptography.OpenSsl,4.3.3,metapackage,,,,,26290.0,26290.0,,,,,,,,,,,,,,,,,,,,,,
Microsoft.IdentityModel.Protocols,8.22.0,ok,,netstandard2.0,lib/netstandard2.0/Microsoft.IdentityModel.Protocols.dll,53536.0,90805.0,245880.0,18.0,25.0,23.0,0.0,22.0,0.0,48.0,,,,,,,,,,,,,,132.0,34.0
System.Security.Cryptography.Encoding,4.3.0,ok,,netstandard1.3,ref/netstandard1.3/System.Security.Cryptography.Encoding.dll,24344.0,79690.0,144382.0,7.0,15.0,17.0,0.0,11.0,0.0,32.0,,,,,,,,,,,,,,53.0,8.0
System.Runtime.Numerics,4.3.0,ok,,netstandard1.1,ref/netstandard1.1/System.Runtime.Numerics.dll,29568.0,80950.0,283763.0,2.0,68.0,12.0,0.0,9.0,86.0,80.0,,,,,,,,,,,,,,176.0,3.0
Microsoft.AspNetCore.Http.Features,5.0.17,ok,,netstandard2.0,lib/netstandard2.0/Microsoft.AspNetCore.Http.Features.dll,34720.0,84155.0,108332.0,46.0,53.0,96.0,0.0,5.0,0.0,149.0,,,,,,,,,,,,,,236.0,64.0
Microsoft.Extensions.ObjectPool,10.0.11,ok,,netstandard2.0,lib/netstandard2.0/Microsoft.Extensions.ObjectPool.dll,24872.0,80141.0,87188.0,13.0,22.0,11.0,0.0,10.0,0.0,33.0,,,,,,,,,,,,,,80.0,34.0
runtime.opensuse.42.1-x64.runtime.native.System.Security.Cryptography.OpenSsl,4.3.3,metapackage,,,,,53391.0,53391.0,,,,,,,,,,,,,,,,,,,,,,
runtime.ubuntu.14.04-x64.runtime.native.System.Security.Cryptography.OpenSsl,4.3.3,metapackage,,,,,52395.0,52395.0,,,,,,,,,,,,,,,,,,,,,,
runtime.opensuse.13.2-x64.runtime.native.System.Security.Cryptography.OpenSsl,4.3.3,metapackage,,,,,53445.0,53445.0,,,,,,,,,,,,,,,,,,,,,,
runtime.ubuntu.16.10-x64.runtime.native.System.Security.Cryptography.OpenSsl,4.3.3,metapackage,,,,,52228.0,52228.0,,,,,,,,,,,,,,,,,,,,,,
runtime.rhel.7-x64.runtime.native.System.Security.Cryptography.OpenSsl,4.3.3,metapackage,,,,,51921.0,51921.0,,,,,,,,,,,,,,,,,,,,,,
runtime.ubuntu.16.04-x64.runtime.native.System.Security.Cryptography.OpenSsl,4.3.3,metapackage,,,,,52190.0,52190.0,,,,,,,,,,,,,,,,,,,,,,
runtime.osx.10.10-x64.runtime.native.System.Security.Cryptography.OpenSsl,4.3.3,metapackage,,,,,47013.0,47013.0,,,,,,,,,,,,,,,,,,,,,,
runtime.fedora.23-x64.runtime.native.System.Security.Cryptography.OpenSsl,4.3.3,metapackage,,,,,52088.0,52088.0,,,,,,,,,,,,,,,,,,,,,,
runtime.fedora.24-x64.runtime.native.System.Security.Cryptography.OpenSsl,4.3.3,metapackage,,,,,52102.0,52102.0,,,,,,,,,,,,,,,,,,,,,,
System.Net.Primitives,4.3.1,ok,,netstandard1.3,ref/netstandard1.3/System.Net.Primitives.dll,34008.0,84556.0,778577.0,30.0,59.0,51.0,0.0,27.0,0.0,110.0,,,,,,,,,,,,,,163.0,31.0
runtime.debian.8-x64.runtime.native.System.Security.Cryptography.OpenSsl,4.3.3,metapackage,,,,,53676.0,53676.0,,,,,,,,,,,,,,,,,,,,,,
System.Dynamic.Runtime,4.3.0,ok,,netstandard1.3,ref/netstandard1.3/System.Dynamic.Runtime.dll,34168.0,82905.0,548103.0,27.0,100.0,55.0,1.0,23.0,0.0,156.0,,,,,,,,,,,,,,200.0,28.0
System.Globalization.Calendars,4.3.0,ok,,netstandard1.3,ref/netstandard1.3/System.Globalization.Calendars.dll,31640.0,80900.0,177689.0,16.0,197.0,55.0,0.0,15.0,0.0,252.0,,,,,,,,,,,,,,281.0,17.0
System.Security.Cryptography.OpenSsl,5.0.0,ok,,netstandard2.0,ref/netstandard2.0/System.Security.Cryptography.OpenSsl.dll,23592.0,79551.0,350364.0,4.0,28.0,7.0,0.0,16.0,0.0,35.0,,,,,,,,,,,,,,54.0,7.0
runtime.native.System.Net.Http,4.3.1,metapackage,,,,,29770.0,29770.0,,,,,,,,,,,,,,,,,,,,,,
System.Globalization.Extensions,4.3.0,ok,,netstandard1.3,ref/netstandard1.3/System.Globalization.Extensions.dll,22784.0,78923.0,142949.0,4.0,13.0,2.0,0.0,1.0,0.0,15.0,,,,,,,,,,,,,,18.0,5.0
System.Drawing.Common,10.0.11,ok,,netstandard2.0,lib/netstandard2.0/System.Drawing.Common.dll,177448.0,132197.0,3739519.0,155.0,781.0,851.0,4.0,212.0,4.0,1636.0,,,,,,,,,,,,,,2112.0,186.0
Microsoft.Win32.Primitives,4.3.0,ok,,netstandard1.3,ref/netstandard1.3/Microsoft.Win32.Primitives.dll,21896.0,76225.0,63333.0,1.0,0.0,1.0,0.0,5.0,0.0,1.0,,,,,,,,,,,,,,6.0,2.0
Microsoft.Extensions.Configuration.EnvironmentVariables,10.0.11,ok,,netstandard2.0,lib/netstandard2.0/Microsoft.Extensions.Configuration.EnvironmentVariables.dll,26920.0,80573.0,120447.0,7.0,9.0,14.0,0.0,3.0,0.0,23.0,,,,,,,,,,,,,,65.0,29.0
System.Threading.Timer,4.3.0,ok,,netstandard1.2,ref/netstandard1.2/System.Threading.Timer.dll,21880.0,78642.0,77054.0,2.0,6.0,0.0,0.0,3.0,0.0,6.0,,,,,,,,,,,,,,9.0,3.0
System.Diagnostics.EventLog,10.0.11,ok,,netstandard2.0,lib/netstandard2.0/System.Diagnostics.EventLog.dll,59176.0,92482.0,546365.0,48.0,92.0,234.0,2.0,53.0,0.0,328.0,,,,,,,,,,,,,,489.0,80.0
Microsoft.Win32.SystemEvents,10.0.11,ok,,netstandard2.0,lib/netstandard2.0/Microsoft.Win32.SystemEvents.dll,32552.0,82757.0,253714.0,23.0,27.0,35.0,14.0,14.0,0.0,76.0,,,,,,,,,,,,,,169.0,56.0
System.Security.Cryptography.Csp,4.3.0,ok,,netstandard1.3,ref/netstandard1.3/System.Security.Cryptography.Csp.dll,24832.0,79996.0,117553.0,6.0,21.0,21.0,0.0,9.0,0.0,42.0,,,,,,,,,,,,,,55.0,7.0
Microsoft.Identity.Client,4.88.0,ok,,netstandard2.0,lib/netstandard2.0/Microsoft.Identity.Client.dll,1243424.0,469435.0,3350560.0,145.0,345.0,1040.0,0.0,76.0,4.0,1385.0,,,,,,,,,,,,,,5528.0,1025.0
Microsoft.Extensions.Http,10.0.11,ok,,netstandard2.0,lib/netstandard2.0/Microsoft.Extensions.Http.dll,85288.0,105747.0,316393.0,22.0,64.0,78.0,0.0,7.0,0.0,142.0,,,,,,,,,,,,,,420.0,109.0
Microsoft.Extensions.Logging.Configuration,10.0.11,ok,,netstandard2.0,lib/netstandard2.0/Microsoft.Extensions.Logging.Configuration.dll,34088.0,84104.0,140489.0,10.0,7.0,25.0,0.0,1.0,0.0,32.0,,,,,,,,,,,,,,104.0,47.0
Microsoft.EntityFrameworkCore.Abstractions,10.0.11,ok,,net10.0,lib/net10.0/Microsoft.EntityFrameworkCore.Abstractions.dll,34616.0,72765.0,53761.0,20.0,17.0,34.0,0.0,20.0,0.0,51.0,,,,,,,,,,,,,,110.0,30.0
runtime.native.System.IO.Compression,4.3.2,metapackage,,,,,29794.0,29794.0,,,,,,,,,,,,,,,,,,,,,,
Microsoft.Net.Http.Headers,10.0.11,ok,,net10.0,lib/net10.0/Microsoft.Net.Http.Headers.dll,85288.0,106472.0,89419.0,19.0,111.0,78.0,0.0,23.0,0.0,189.0,,,,,,,,,,,,,,418.0,34.0
Microsoft.AspNetCore.Http.Abstractions,2.3.12,ok,,netstandard2.0,lib/netstandard2.0/Microsoft.AspNetCore.Http.Abstractions.dll,76600.0,102447.0,74836.0,41.0,128.0,104.0,0.0,26.0,19.0,232.0,,,,,,,,,,,,,,457.0,77.0
System.IO.Compression.ZipFile,4.3.0,ok,,netstandard1.3,ref/netstandard1.3/System.IO.Compression.ZipFile.dll,22424.0,78736.0,113746.0,2.0,13.0,0.0,0.0,0.0,0.0,13.0,,,,,,,,,,,,,,13.0,3.0
System.Console,4.3.1,ok,,netstandard1.3,ref/netstandard1.3/System.Console.dll,29528.0,82335.0,102562.0,8.0,61.0,32.0,1.0,2.0,2.0,94.0,,,,,,,,,,,,,,117.0,9.0
Microsoft.EntityFrameworkCore.Analyzers,10.0.11,tools_only,,,,,51749.0,51749.0,,,,,,,,,,,,,,,,,,,,,,
System.Security.Cryptography.Pkcs,10.0.11,ok,,netstandard2.1,lib/netstandard2.1/System.Security.Cryptography.Pkcs.dll,288040.0,176887.0,1142475.0,53.0,138.0,312.0,0.0,61.0,0.0,450.0,,,,,,,,,,,,,,1425.0,202.0
System.Numerics.Vectors,4.6.1,ok,,netstandard2.0,lib/netstandard2.0/System.Numerics.Vectors.dll,159496.0,111545.0,136872.0,9.0,296.0,35.0,0.0,20.0,77.0,331.0,,,,,,,,,,,,,,496.0,24.0
System.IO.Compression,4.3.0,ok,,netstandard1.3,ref/netstandard1.3/System.IO.Compression.dll,24280.0,79474.0,485197.0,7.0,24.0,20.0,0.0,12.0,0.0,44.0,,,,,,,,,,,,,,60.0,8.0
Microsoft.AspNetCore.Http,2.3.12,ok,,netstandard2.0,lib/netstandard2.0/Microsoft.AspNetCore.Http.dll,84320.0,105393.0,71270.0,42.0,99.0,184.0,0.0,50.0,0.0,283.0,,,,,,,,,,,,,,589.0,74.0
System.Windows.Extensions,10.0.11,ok,,net10.0,lib/net10.0/System.Windows.Extensions.dll,28968.0,81068.0,206165.0,6.0,18.0,27.0,3.0,5.0,0.0,48.0,,,,,,,,,,,,,,78.0,13.0
System.Net.Sockets,4.3.0,ok,,netstandard1.3,ref/netstandard1.3/System.Net.Sockets.dll,38248.0,85788.0,135695.0,25.0,114.0,87.0,1.0,27.0,4.0,202.0,,,,,,,,,,,,,,282.0,26.0
System.ComponentModel,4.3.0,ok,,netstandard1.0,ref/netstandard1.0/System.ComponentModel.dll,21872.0,78590.0,95320.0,5.0,6.0,2.0,0.0,2.0,0.0,8.0,,,,,,,,,,,,,,11.0,6.0
System.Runtime.Serialization.Primitives,4.3.0,ok,,netstandard1.3,ref/netstandard1.3/System.Runtime.Serialization.Primitives.dll,25024.0,79642.0,222471.0,15.0,5.0,29.0,0.0,18.0,0.0,34.0,,,,,,,,,,,,,,67.0,16.0
Microsoft.AspNetCore.Hosting.Server.Abstractions,2.3.12,ok,,netstandard2.0,lib/netstandard2.0/Microsoft.AspNetCore.Hosting.Server.Abstractions.dll,16224.0,49302.0,38978.0,3.0,5.0,3.0,0.0,0.0,0.0,8.0,,,,,,,,,,,,,,9.0,4.0
runtime.native.System.Security.Cryptography.Apple,4.3.1,metapackage,,,,,16967.0,16967.0,,,,,,,,,,,,,,,,,,,,,,
runtime.osx.10.10-x64.runtime.native.System.Security.Cryptography.Apple,4.3.1,metapackage,,,,,19584.0,19584.0,,,,,,,,,,,,,,,,,,,,,,
Microsoft.TestPlatform.ObjectModel,18.9.0,ok,,netstandard2.0,lib/netstandard2.0/Microsoft.TestPlatform.CoreUtilities.dll,99640.0,113547.0,1812592.0,22.0,208.0,47.0,0.0,8.0,0.0,255.0,,,,,,,,,,,,,,377.0,62.0
Microsoft.AspNetCore.WebUtilities,10.0.11,ok,,net10.0,lib/net10.0/Microsoft.AspNetCore.WebUtilities.dll,107304.0,114085.0,94618.0,22.0,113.0,79.0,0.0,30.0,0.0,192.0,,,,,,,,,,,,,,458.0,77.0
Microsoft.AspNetCore.Hosting.Abstractions,2.3.12,ok,,netstandard2.0,lib/netstandard2.0/Microsoft.AspNetCore.Hosting.Abstractions.dll,23904.0,57855.0,44314.0,15.0,32.0,14.0,0.0,2.0,0.0,46.0,,,,,,,,,,,,,,61.0,17.0
System.Collections.NonGeneric,4.3.0,ok,,netstandard1.3,ref/netstandard1.3/System.Collections.NonGeneric.dll,30104.0,81714.0,239265.0,11.0,126.0,56.0,0.0,34.0,0.0,182.0,,,,,,,,,,,,,,237.0,12.0
Microsoft.NET.Test.Sdk,18.9.0,metapackage,,,,,40379.0,40379.0,,,,,,,,,,,,,,,,,,,,,,
Microsoft.AspNetCore.Http.Extensions,2.3.12,ok,,netstandard2.0,lib/netstandard2.0/Microsoft.AspNetCore.Http.Extensions.dll,40800.0,72488.0,50957.0,10.0,42.0,34.0,0.0,4.0,0.0,76.0,,,,,,,,,,,,,,156.0,18.0
Azure.Identity,1.21.0,ok,,netstandard2.0,lib/netstandard2.0/Azure.Identity.dll,17992.0,76102.0,85828.0,0.0,0.0,0.0,0.0,0.0,0.0,0.0,,,,,,,,,,,,,,0.0,1.0
System.Xml.XmlDocument,4.3.0,ok,,netstandard1.3,ref/netstandard1.3/System.Xml.XmlDocument.dll,33656.0,83400.0,285212.0,21.0,131.0,129.0,6.0,19.0,0.0,266.0,,,,,,,,,,,,,,323.0,22.0
System.Memory.Data,10.0.11,ok,,netstandard2.0,lib/netstandard2.0/System.Memory.Data.dll,38184.0,86487.0,153204.0,6.0,30.0,38.0,0.0,9.0,2.0,68.0,,,,,,,,,,,,,,164.0,38.0
Microsoft.CodeCoverage,18.9.0,ok,,net8.0,lib/net8.0/Microsoft.VisualStudio.CodeCoverage.Shim.dll,17208.0,76631.0,11261098.0,1.0,1.0,0.0,0.0,1.0,0.0,1.0,,,,,,,,,,,,,,5.0,5.0
Microsoft.Extensions.Diagnostics.Abstractions,10.0.11,ok,,netstandard2.0,lib/netstandard2.0/Microsoft.Extensions.Diagnostics.Abstractions.dll,35624.0,84289.0,150334.0,12.0,19.0,34.0,0.0,3.0,0.0,53.0,,,,,,,,,,,,,,130.0,46.0
AWSSDK.Core,4.0.102.1,ok,,netstandard2.0,lib/netstandard2.0/AWSSDK.Core.dll,979624.0,432526.0,2264595.0,641.0,1555.0,1471.0,16.0,539.0,18.0,3042.0,,,,,,,,,,,,,,6176.0,973.0
Microsoft.CodeAnalysis.Analyzers,5.9.0,tools_only,,,,,65558.0,2532011.0,,,,,,,,,,,,,,,,,,,,,,
Microsoft.TestPlatform.TestHost,18.9.0,ok,,net8.0,lib/net8.0/testhost.dll,49464.0,97194.0,5701178.0,3.0,5.0,1.0,0.0,1.0,0.0,6.0,,,,,,,,,,,,,,59.0,15.0
Microsoft.Identity.Client.Extensions.Msal,4.88.0,ok,,netstandard2.0,lib/netstandard2.0/Microsoft.Identity.Client.Extensions.Msal.dll,65864.0,96199.0,108451.0,11.0,27.0,17.0,1.0,9.0,0.0,45.0,,,,,,,,,,,,,,197.0,49.0
Microsoft.Extensions.Logging.Console,10.0.11,ok,,netstandard2.0,lib/netstandard2.0/Microsoft.Extensions.Logging.Console.dll,87336.0,108244.0,275453.0,18.0,31.0,102.0,0.0,9.0,0.0,133.0,,,,,,,,,,,,,,434.0,98.0
System.Security.Cryptography.Xml,10.0.11,ok,,netstandard2.0,lib/netstandard2.0/System.Security.Cryptography.Xml.dll,212304.0,147602.0,476741.0,46.0,168.0,300.0,0.0,79.0,0.0,468.0,,,,,,,,,,,,,,1029.0,135.0
System.Collections.Specialized,4.3.0,ok,,netstandard1.3,ref/netstandard1.3/System.Collections.Specialized.dll,28576.0,81323.0,183462.0,12.0,85.0,58.0,0.0,24.0,2.0,143.0,,,,,,,,,,,,,,195.0,13.0
Castle.Core,5.2.1,ok,,netstandard2.1,lib/netstandard2.1/Castle.Core.dll,387584.0,231331.0,813789.0,259.0,1114.0,688.0,14.0,219.0,2.0,1816.0,,,,,,,,,,,,,,3797.0,538.0
Microsoft.Data.SqlClient,7.0.2,ok,,netstandard2.0,ref/netstandard2.0/Microsoft.Data.SqlClient.dll,78272.0,100402.0,8357923.0,88.0,437.0,404.0,6.0,108.0,2.0,847.0,,,,,,,,,,,,,,1139.0,94.0
Polly,8.7.0,ok,,netstandard2.0,lib/netstandard2.0/Polly.dll,287648.0,170946.0,768089.0,132.0,849.0,97.0,0.0,46.0,0.0,946.0,,,,,,,,,,,,,,2211.0,638.0
Microsoft.Extensions.Logging.Debug,10.0.11,ok,,netstandard2.0,lib/netstandard2.0/Microsoft.Extensions.Logging.Debug.dll,24360.0,79602.0,116809.0,6.0,9.0,15.0,0.0,1.0,0.0,24.0,,,,,,,,,,,,,,71.0,31.0
System.Threading.Thread,4.3.0,ok,,netstandard1.3,ref/netstandard1.3/System.Threading.Thread.dll,22912.0,79208.0,98902.0,6.0,12.0,6.0,0.0,7.0,0.0,18.0,,,,,,,,,,,,,,28.0,7.0
Microsoft.Extensions.Configuration.UserSecrets,10.0.11,ok,,netstandard2.0,lib/netstandard2.0/Microsoft.Extensions.Configuration.UserSecrets.dll,29992.0,81938.0,135562.0,7.0,12.0,19.0,0.0,2.0,0.0,31.0,,,,,,,,,,,,,,83.0,31.0
Microsoft.EntityFrameworkCore.Relational,10.0.11,ok,,net10.0,lib/net10.0/Microsoft.EntityFrameworkCore.Relational.dll,2194784.0,809903.0,1043473.0,768.0,4602.0,2396.0,0.0,606.0,98.0,6998.0,,,,,,,,,,,,,,12230.0,1431.0
Microsoft.Extensions.Hosting,10.0.11,ok,,netstandard2.1,lib/netstandard2.1/Microsoft.Extensions.Hosting.dll,78120.0,102362.0,302857.0,15.0,42.0,74.0,0.0,11.0,0.0,116.0,,,,,,,,,,,,,,367.0,89.0
Microsoft.AspNetCore.Authorization,10.0.11,ok,,netstandard2.0,lib/netstandard2.0/Microsoft.AspNetCore.Authorization.dll,58192.0,93737.0,143575.0,34.0,80.0,45.0,0.0,26.0,0.0,125.0,,,,,,,,,,,,,,258.0,76.0
System.ComponentModel.TypeConverter,4.3.0,ok,,netstandard1.5,ref/netstandard1.5/System.ComponentModel.TypeConverter.dll,44976.0,87207.0,292985.0,58.0,308.0,80.0,1.0,73.0,0.0,389.0,,,,,,,,,,,,,,490.0,60.0
Swashbuckle.AspNetCore.SwaggerGen,10.2.3,ok,,net10.0,lib/net10.0/Swashbuckle.AspNetCore.SwaggerGen.dll,157696.0,132990.0,358005.0,48.0,109.0,136.0,0.0,25.0,0.0,245.0,,,,,,,,,,,,,,825.0,155.0
Swashbuckle.AspNetCore.Swagger,10.2.3,ok,,net10.0,lib/net10.0/Swashbuckle.AspNetCore.Swagger.dll,23040.0,76544.0,92741.0,10.0,9.0,17.0,0.0,3.0,0.0,26.0,,,,,,,,,,,,,,81.0,20.0
Microsoft.AspNetCore.JsonPatch,10.0.11,ok,,netstandard2.0,lib/netstandard2.0/Microsoft.AspNetCore.JsonPatch.dll,61736.0,93661.0,141729.0,28.0,114.0,80.0,0.0,33.0,0.0,194.0,,,,,,,,,,,,,,335.0,64.0
System.Threading.Channels,10.0.11,ok,,netstandard2.1,lib/netstandard2.1/System.Threading.Channels.dll,89384.0,105290.0,280241.0,14.0,18.0,85.0,0.0,12.0,2.0,103.0,,,,,,,,,,,,,,355.0,75.0
System.ComponentModel.Primitives,4.3.0,ok,,netstandard1.0,ref/netstandard1.0/System.ComponentModel.Primitives.dll,28064.0,81157.0,93137.0,22.0,36.0,38.0,1.0,21.0,0.0,75.0,,,,,,,,,,,,,,103.0,23.0
Microsoft.Extensions.Configuration.CommandLine,10.0.11,ok,,netstandard2.0,lib/netstandard2.0/Microsoft.Extensions.Configuration.CommandLine.dll,28968.0,81896.0,134615.0,7.0,8.0,20.0,0.0,2.0,0.0,28.0,,,,,,,,,,,,,,80.0,31.0
Microsoft.DotNet.PlatformAbstractions,3.1.6,ok,,netstandard2.0,lib/netstandard2.0/Microsoft.DotNet.PlatformAbstractions.dll,23424.0,78351.0,72146.0,6.0,7.0,6.0,0.0,0.0,0.0,13.0,,,,,,,,,,,,,,37.0,11.0
System.Formats.Asn1,10.0.11,ok,,netstandard2.0,lib/netstandard2.0/System.Formats.Asn1.dll,109352.0,112648.0,365067.0,14.0,122.0,63.0,0.0,9.0,2.0,185.0,,,,,,,,,,,,,,410.0,59.0
System.CodeDom,10.0.11,ok,,netstandard2.0,lib/netstandard2.0/System.CodeDom.dll,188712.0,139677.0,512518.0,109.0,307.0,326.0,8.0,230.0,0.0,641.0,,,,,,,,,,,,,,1522.0,159.0
Microsoft.OpenApi,3.10.2,ok,,netstandard2.0,lib/netstandard2.0/Microsoft.OpenApi.dll,657248.0,293587.0,782721.0,178.0,517.0,873.0,0.0,149.0,0.0,1390.0,,,,,,,,,,,,,,4623.0,398.0
Microsoft.EntityFrameworkCore,10.0.11,ok,,net10.0,lib/net10.0/Microsoft.EntityFrameworkCore.dll,2829112.0,991304.0,1427485.0,1132.0,7118.0,2732.0,33.0,841.0,91.0,9883.0,,,,,,,,,,,,,,17613.0,1967.0
Newtonsoft.Json.Bson,1.0.3,ok,,netstandard2.0,lib/netstandard2.0/Newtonsoft.Json.Bson.dll,101592.0,113720.0,240753.0,5.0,57.0,25.0,0.0,9.0,0.0,82.0,,,,,,,,,,,,,,413.0,85.0
System.ValueTuple,4.6.2,ok,,net462,lib/net462/System.ValueTuple.dll,75024.0,94660.0,86474.0,11.0,117.0,14.0,0.0,9.0,0.0,131.0,,,,,,,,,,,,,,239.0,20.0
Microsoft.AspNetCore.Cryptography.Internal,10.0.11,ok,,netstandard2.0,lib/netstandard2.0/Microsoft.AspNetCore.Cryptography.Internal.dll,45352.0,88378.0,114418.0,0.0,0.0,24.0,0.0,0.0,0.0,24.0,,,,,,,,,,,,,,178.0,47.0
System.Runtime.Caching,10.0.11,ok,,netstandard2.0,lib/netstandard2.0/System.Runtime.Caching.dll,92496.0,109297.0,388823.0,23.0,60.0,150.0,0.0,16.0,0.0,210.0,,,,,,,,,,,,,,523.0,92.0
Microsoft.Extensions.Logging.EventSource,10.0.11,ok,,netstandard2.0,lib/netstandard2.0/Microsoft.Extensions.Logging.EventSource.dll,41768.0,87387.0,167267.0,8.0,8.0,36.0,0.0,1.0,0.0,44.0,,,,,,,,,,,,,,134.0,41.0
System.Threading.ThreadPool,4.3.0,ok,,netstandard1.3,ref/netstandard1.3/System.Threading.ThreadPool.dll,22416.0,78875.0,89926.0,4.0,14.0,0.0,0.0,2.0,0.0,14.0,,,,,,,,,,,,,,17.0,5.0
System.Diagnostics.TraceSource,4.3.0,ok,,netstandard1.3,ref/netstandard1.3/System.Diagnostics.TraceSource.dll,29432.0,81793.0,227705.0,17.0,86.0,40.0,0.0,17.0,0.0,126.0,,,,,,,,,,,,,,171.0,18.0
NuGet.Frameworks,7.9.0,ok,,net8.0,lib/net8.0/NuGet.Frameworks.dll,123192.0,120260.0,200096.0,45.0,129.0,106.0,0.0,30.0,2.0,235.0,,,,,,,,,,,,,,600.0,94.0
Microsoft.AspNetCore.Authentication.JwtBearer,10.0.11,ok,,net10.0,lib/net10.0/Microsoft.AspNetCore.Authentication.JwtBearer.dll,52048.0,91439.0,68968.0,11.0,16.0,41.0,0.0,10.0,0.0,57.0,,,,,,,,,,,,,,153.0,26.0
Google.Protobuf,3.36.1,ok,,netstandard2.0,lib/netstandard2.0/Google.Protobuf.dll,501248.0,256492.0,730863.0,194.0,1274.0,904.0,0.0,164.0,14.0,2178.0,,,,,,,,,,,,,,3878.0,394.0
System.Diagnostics.PerformanceCounter,10.0.11,ok,,netstandard2.0,lib/netstandard2.0/System.Diagnostics.PerformanceCounter.dll,57680.0,90098.0,437589.0,24.0,68.0,135.0,0.0,21.0,2.0,203.0,,,,,,,,,,,,,,300.0,53.0
System.Security.Principal,4.3.0,ok,,netstandard1.0,ref/netstandard1.0/System.Security.Principal.dll,21896.0,78584.0,94590.0,3.0,1.0,4.0,0.0,0.0,0.0,5.0,,,,,,,,,,,,,,5.0,4.0
Microsoft.ApplicationInsights,3.1.2,ok,,netstandard2.0,lib/netstandard2.0/Microsoft.ApplicationInsights.dll,132408.0,122810.0,827039.0,28.0,67.0,141.0,0.0,36.0,0.0,208.0,,,,,,,,,,,,,,589.0,82.0
System.Security.Claims,4.3.0,ok,,netstandard1.3,ref/netstandard1.3/System.Security.Claims.dll,36728.0,82363.0,147933.0,7.0,34.0,30.0,0.0,29.0,0.0,64.0,,,,,,,,,,,,,,98.0,8.0
System.ClientModel,1.15.0,ok,,netstandard2.0,lib/netstandard2.0/System.ClientModel.dll,309600.0,195327.0,756269.0,74.0,330.0,258.0,0.0,73.0,1.0,588.0,,,,,,,,,,,,,,1761.0,283.0
Microsoft.Extensions.Logging.EventLog,10.0.11,ok,,netstandard2.0,lib/netstandard2.0/Microsoft.Extensions.Logging.EventLog.dll,30504.0,82981.0,134325.0,7.0,12.0,30.0,0.0,4.0,0.0,42.0,,,,,,,,,,,,,,118.0,43.0
Microsoft.AspNetCore.Routing.Abstractions,2.3.12,ok,,netstandard2.0,lib/netstandard2.0/Microsoft.AspNetCore.Routing.Abstractions.dll,38200.0,72230.0,52009.0,13.0,17.0,39.0,0.0,11.0,0.0,56.0,,,,,,,,,,,,,,157.0,24.0
Swashbuckle.AspNetCore,10.2.3,metapackage,,,,,16490.0,16490.0,,,,,,,,,,,,,,,,,,,,,,
xunit.extensibility.core,2.9.3,ok,,netstandard1.1,lib/netstandard1.1/xunit.core.dll,70352.0,107891.0,298787.0,59.0,57.0,29.0,0.0,45.0,0.0,86.0,,,,,,,,,,,,,,263.0,86.0
Microsoft.AspNetCore.Routing,2.3.12,ok,,netstandard2.0,lib/netstandard2.0/Microsoft.AspNetCore.Routing.dll,108856.0,114950.0,87072.0,70.0,105.0,150.0,0.0,64.0,0.0,255.0,,,,,,,,,,,,,,580.0,109.0
System.Data.SqlClient,4.9.1,ok,,netstandard2.0,lib/netstandard2.0/System.Data.SqlClient.dll,170296.0,123970.0,1970943.0,48.0,345.0,613.0,6.0,66.0,0.0,964.0,,,,,,,,,,,,,,1189.0,55.0
Microsoft.Data.SqlClient.SNI.runtime,6.0.3,native_only,,,,,65558.0,705316.0,,,,,,,,,,,,,,,,,,,,,,
Serilog.Sinks.File,7.0.0,ok,,netstandard2.0,lib/netstandard2.0/Serilog.Sinks.File.dll,38912.0,83829.0,166445.0,7.0,23.0,34.0,0.0,4.0,0.0,57.0,,,,,,,,,,,,,,183.0,44.0
Swashbuckle.AspNetCore.SwaggerUI,10.2.3,ok,,net10.0,lib/net10.0/Swashbuckle.AspNetCore.SwaggerUI.dll,727552.0,731146.0,2184824.0,10.0,35.0,109.0,0.0,5.0,0.0,144.0,,,,,,,,,,,,,,463.0,36.0
Serilog.Sinks.Console,6.1.1,ok,,netstandard2.0,lib/netstandard2.0/Serilog.Sinks.Console.dll,40960.0,83575.0,139415.0,7.0,10.0,31.0,0.0,3.0,0.0,41.0,,,,,,,,,,,,,,158.0,55.0
Moq,4.20.72,ok,,netstandard2.1,lib/netstandard2.1/Moq.dll,310784.0,223519.0,646905.0,75.0,401.0,246.0,0.0,24.0,2.0,647.0,,,,,,,,,,,,,,1916.0,341.0
Microsoft.Extensions.ApiDescription.Server,10.0.11,tools_only,,,,,65558.0,5242841.0,,,,,,,,,,,,,,,,,,,,,,
Grpc.Core.Api,2.83.0,ok,,netstandard2.1,lib/netstandard2.1/Grpc.Core.Api.dll,59904.0,91889.0,220500.0,62.0,145.0,153.0,0.0,64.0,0.0,298.0,,,,,,,,,,,,,,507.0,100.0
Microsoft.AspNetCore.Authentication.Abstractions,2.3.12,ok,,netstandard2.0,lib/netstandard2.0/Microsoft.AspNetCore.Authentication.Abstractions.dll,30048.0,65112.0,48602.0,18.0,67.0,34.0,0.0,10.0,0.0,101.0,,,,,,,,,,,,,,140.0,21.0
Microsoft.Extensions.Diagnostics.HealthChecks,10.0.11,ok,,netstandard2.0,lib/netstandard2.0/Microsoft.Extensions.Diagnostics.HealthChecks.dll,61224.0,93633.0,134655.0,7.0,20.0,42.0,0.0,3.0,0.0,62.0,,,,,,,,,,,,,,207.0,65.0
Microsoft.Extensions.Diagnostics,10.0.11,ok,,netstandard2.0,lib/netstandard2.0/Microsoft.Extensions.Diagnostics.dll,39208.0,87266.0,157592.0,9.0,8.0,21.0,0.0,0.0,0.0,29.0,,,,,,,,,,,,,,125.0,47.0
Microsoft.Extensions.Diagnostics.HealthChecks.Abstractions,10.0.11,ok,,netstandard2.0,lib/netstandard2.0/Microsoft.Extensions.Diagnostics.HealthChecks.Abstractions.dll,25896.0,80126.0,90963.0,8.0,5.0,29.0,0.0,10.0,0.0,34.0,,,,,,,,,,,,,,80.0,29.0
Microsoft.AspNetCore.DataProtection.Abstractions,10.0.11,ok,,netstandard2.0,lib/netstandard2.0/Microsoft.AspNetCore.DataProtection.Abstractions.dll,33576.0,83418.0,104267.0,4.0,10.0,32.0,0.0,0.0,0.0,42.0,,,,,,,,,,,,,,118.0,37.0
Microsoft.NET.Sdk.Aspire.Manifest-8.0.100,8.2.2,metapackage,,,,,34941.0,34941.0,,,,,,,,,,,,,,,,,,,,,,
Microsoft.AspNetCore.Authentication.Core,2.3.12,ok,,netstandard2.0,lib/netstandard2.0/Microsoft.AspNetCore.Authentication.Core.dll,38712.0,66693.0,48115.0,6.0,19.0,6.0,0.0,6.0,0.0,25.0,,,,,,,,,,,,,,74.0,21.0
runtime.native.System.Data.SqlClient.sni,4.7.0,metapackage,,,,,26713.0,26713.0,,,,,,,,,,,,,,,,,,,,,,
Microsoft.AspNetCore.Mvc.Abstractions,2.3.12,ok,,netstandard2.0,lib/netstandard2.0/Microsoft.AspNetCore.Mvc.Abstractions.dll,105312.0,111887.0,104305.0,128.0,157.0,368.0,0.0,92.0,8.0,525.0,,,,,,,,,,,,,,917.0,148.0
xunit.extensibility.execution,2.9.3,ok,,netstandard1.1,lib/netstandard1.1/xunit.execution.dotnet.dll,279760.0,214843.0,379849.0,122.0,298.0,259.0,0.0,141.0,0.0,557.0,,,,,,,,,,,,,,1505.0,263.0
Microsoft.CodeAnalysis.Common,5.9.0,ok,,netstandard2.0,lib/netstandard2.0/Microsoft.CodeAnalysis.dll,3407144.0,1347854.0,4530869.0,542.0,1828.0,5489.0,4.0,171.0,68.0,7321.0,,,,,,,,,,,,,,19824.0,2424.0
Serilog.Extensions.Logging,10.0.0,ok,,netstandard2.1,lib/netstandard2.1/Serilog.Extensions.Logging.dll,27648.0,79570.0,121453.0,7.0,15.0,20.0,0.0,3.0,0.0,35.0,,,,,,,,,,,,,,122.0,29.0
AutoMapper,16.2.0,ok,,netstandard2.0,lib/netstandard2.0/AutoMapper.dll,311808.0,196801.0,744613.0,169.0,786.0,538.0,0.0,137.0,38.0,1324.0,,,,,,,,,,,,,,2625.0,396.0
xunit.core,2.9.3,metapackage,,,,,33553.0,33553.0,,,,,,,,,,,,,,,,,,,,,,
Microsoft.AspNetCore.DataProtection,10.0.11,ok,,netstandard2.0,lib/netstandard2.0/Microsoft.AspNetCore.DataProtection.dll,208680.0,150177.0,357776.0,67.0,97.0,150.0,0.0,45.0,0.0,247.0,,,,,,,,,,,,,,915.0,213.0
xunit.runner.visualstudio,4.0.0,native_only,,,,,65558.0,1390337.0,,,,,,,,,,,,,,,,,,,,,,
System.Runtime.Serialization.Formatters,10.0.11,ok,,net8.0,lib/net8.0/System.Runtime.Serialization.Formatters.dll,136016.0,127801.0,113270.0,19.0,84.0,137.0,0.0,10.0,0.0,221.0,,,,,,,,,,,,,,714.0,102.0
xunit,2.9.3,metapackage,,,,,31659.0,31659.0,,,,,,,,,,,,,,,,,,,,,,
xunit.abstractions,2.0.3,ok,,netstandard2.0,lib/netstandard2.0/xunit.abstractions.dll,21928.0,77098.0,75155.0,73.0,33.0,78.0,0.0,0.0,0.0,111.0,,,,,,,,,,,,,,114.0,74.0
coverlet.collector,10.0.1,native_only,,,,,65558.0,4888920.0,,,,,,,,,,,,,,,,,,,,,,
xunit.analyzers,2.0.0,tools_only,,,,,65558.0,333279.0,,,,,,,,,,,,,,,,,,,,,,
xunit.assert,2.9.3,ok,,netstandard1.1,lib/netstandard1.1/xunit.assert.dll,169168.0,151474.0,246078.0,50.0,264.0,26.0,0.0,6.0,0.0,290.0,,,,,,,,,,,,,,648.0,133.0
FluentValidation,12.1.1,ok,,net8.0,lib/net8.0/FluentValidation.dll,531456.0,241364.0,262911.0,114.0,341.0,247.0,1.0,88.0,0.0,589.0,,,,,,,,,,,,,,1433.0,353.0
System.Net.NameResolution,4.3.0,ok,,netstandard1.3,ref/netstandard1.3/System.Net.NameResolution.dll,21736.0,78620.0,177639.0,2.0,4.0,3.0,0.0,1.0,0.0,7.0,,,,,,,,,,,,,,11.0,3.0
Microsoft.AspNet.WebApi.Client,6.0.0,ok,,netstandard2.0,lib/netstandard2.0/System.Net.Http.Formatting.dll,189360.0,146049.0,331048.0,54.0,222.0,249.0,3.0,76.0,0.0,474.0,,,,,,,,,,,,,,1091.0,162.0
Microsoft.AspNetCore.Mvc.Core,2.3.12,ok,,netstandard2.0,lib/netstandard2.0/Microsoft.AspNetCore.Mvc.Core.dll,576864.0,283203.0,318344.0,403.0,748.0,878.0,0.0,415.0,2.0,1626.0,,,,,,,,,,,,,,3549.0,647.0
Serilog.Settings.Configuration,10.0.1,ok,,netstandard2.0,lib/netstandard2.0/Serilog.Settings.Configuration.dll,80384.0,99385.0,223299.0,4.0,9.0,70.0,0.0,4.0,0.0,79.0,,,,,,,,,,,,,,417.0,92.0
Humanizer.Core,3.0.10,ok,,netstandard2.0,lib/netstandard2.0/Humanizer.dll,718520.0,488229.0,1927272.0,164.0,672.0,609.0,0.0,30.0,11.0,1281.0,,,,,,,,,,,,,,3245.0,457.0
System.IO.FileSystem.AccessControl,5.0.0,ok,,netstandard2.0,ref/netstandard2.0/System.IO.FileSystem.AccessControl.dll,22408.0,77543.0,309442.0,8.0,41.0,13.0,0.0,14.0,0.0,54.0,,,,,,,,,,,,,,91.0,28.0
System.Runtime.Loader,4.3.0,ok,,netstandard1.5,ref/netstandard1.5/System.Runtime.Loader.dll,22896.0,61640.0,48094.0,2.0,13.0,1.0,2.0,1.0,0.0,16.0,,,,,,,,,,,,,,19.0,3.0
Serilog.Formatting.Compact,3.0.0,ok,,netstandard2.0,lib/netstandard2.0/Serilog.Formatting.Compact.dll,10240.0,71039.0,69080.0,3.0,5.0,0.0,0.0,2.0,0.0,5.0,,,,,,,,,,,,,,15.0,9.0
Microsoft.AspNetCore.Authorization.Policy,2.3.12,ok,,netstandard2.0,lib/netstandard2.0/Microsoft.AspNetCore.Authorization.Policy.dll,21304.0,55002.0,42062.0,4.0,8.0,3.0,0.0,1.0,0.0,11.0,,,,,,,,,,,,,,24.0,9.0
Microsoft.EntityFrameworkCore.Design,10.0.11,ok,,net10.0,lib/net10.0/Microsoft.EntityFrameworkCore.Design.dll,631648.0,310629.0,310218.0,125.0,558.0,476.0,0.0,89.0,14.0,1034.0,,,,,,,,,,,,,,2756.0,365.0
System.Xml.XmlSerializer,4.3.0,ok,,netstandard1.3,ref/netstandard1.3/System.Xml.XmlSerializer.dll,31104.0,82195.0,718651.0,21.0,42.0,78.0,0.0,46.0,0.0,120.0,,,,,,,,,,,,,,240.0,22.0
System.Diagnostics.Process,4.3.0,ok,,netstandard1.4,ref/netstandard1.4/System.Diagnostics.Process.dll,30600.0,82524.0,543776.0,13.0,41.0,79.0,3.0,10.0,0.0,123.0,,,,,,,,,,,,,,164.0,14.0
System.Xml.XPath,4.3.0,ok,,netstandard1.3,ref/netstandard1.3/System.Xml.XPath.dll,28512.0,81543.0,250182.0,14.0,101.0,38.0,0.0,11.0,0.0,139.0,,,,,,,,,,,,,,154.0,15.0
Microsoft.AspNetCore.ResponseCaching.Abstractions,2.3.12,ok,,netstandard2.0,lib/netstandard2.0/Microsoft.AspNetCore.ResponseCaching.Abstractions.dll,15672.0,48177.0,38211.0,1.0,0.0,1.0,0.0,0.0,0.0,1.0,,,,,,,,,,,,,,2.0,2.0
Grpc.Net.Common,2.83.0,ok,,netstandard2.1,lib/netstandard2.1/Grpc.Net.Common.dll,12800.0,71831.0,108919.0,3.0,5.0,7.0,0.0,1.0,0.0,12.0,,,,,,,,,,,,,,38.0,13.0
Microsoft.EntityFrameworkCore.SqlServer,10.0.11,ok,,net10.0,lib/net10.0/Microsoft.EntityFrameworkCore.SqlServer.dll,642360.0,300642.0,323251.0,187.0,1105.0,336.0,0.0,174.0,2.0,1441.0,,,,,,,,,,,,,,2908.0,413.0
Serilog.Extensions.Hosting,10.0.0,ok,,netstandard2.1,lib/netstandard2.1/Serilog.Extensions.Hosting.dll,40960.0,82466.0,177042.0,9.0,111.0,17.0,0.0,2.0,0.0,128.0,,,,,,,,,,,,,,262.0,59.0
runtime.native.System.Security.Cryptography,4.3.4,metapackage,,,,,29901.0,29901.0,,,,,,,,,,,,,,,,,,,,,,
StackExchange.Redis,3.1.31,ok,,netstandard2.0,lib/netstandard2.0/StackExchange.Redis.dll,2168832.0,946216.0,6178283.0,219.0,1297.0,1695.0,35.0,109.0,136.0,3027.0,,,,,,,,,,,,,,11274.0,1359.0
System.Threading.Tasks.Dataflow,10.0.11,ok,,netstandard2.1,lib/netstandard2.1/System.Threading.Tasks.Dataflow.dll,192296.0,150220.0,624305.0,27.0,93.0,407.0,0.0,35.0,2.0,500.0,,,,,,,,,,,,,,1261.0,172.0
Grpc.Net.Client,2.83.0,ok,,netstandard2.1,lib/netstandard2.1/Grpc.Net.Client.dll,211456.0,151713.0,1027807.0,12.0,6.0,215.0,0.0,10.0,0.0,221.0,,,,,,,,,,,,,,1000.0,162.0
Microsoft.NET.Workload.Mono.ToolChain.Current.Manifest-8.0.100,8.0.30,metapackage,,,,,55995.0,55995.0,,,,,,,,,,,,,,,,,,,,,,
Pipelines.Sockets.Unofficial,2.3.1,ok,,netstandard2.1,lib/netstandard2.1/Pipelines.Sockets.Unofficial.dll,167424.0,161706.0,648890.0,47.0,221.0,189.0,0.0,28.0,17.0,410.0,,,,,,,,,,,,,,1024.0,131.0
Azure.Storage.Common,12.28.0,ok,,netstandard2.0,lib/netstandard2.0/Azure.Storage.Common.dll,252728.0,185620.0,461077.0,28.0,48.0,158.0,0.0,26.0,4.0,206.0,,,,,,,,,,,,,,1036.0,238.0
Microsoft.NET.Workload.Emscripten.Current.Manifest-8.0.100,8.0.30,metapackage,,,,,35932.0,35932.0,,,,,,,,,,,,,,,,,,,,,,
Microsoft.NET.Workload.Emscripten.net7.Manifest-8.0.100,8.0.30,metapackage,,,,,35898.0,35898.0,,,,,,,,,,,,,,,,,,,,,,
Microsoft.NET.Workload.Mono.ToolChain.net6.Manifest-8.0.100,8.0.30,metapackage,,,,,52338.0,52338.0,,,,,,,,,,,,,,,,,,,,,,
System.Private.DataContractSerialization,4.3.0,ok,,netstandard1.3,lib/netstandard1.3/System.Private.DataContractSerialization.dll,690984.0,316007.0,503156.0,27.0,232.0,1127.0,0.0,34.0,2.0,1359.0,,,,,,,,,,,,,,4741.0,348.0
Microsoft.AspNetCore.Mvc.NewtonsoftJson,10.0.11,ok,,net10.0,lib/net10.0/Microsoft.AspNetCore.Mvc.NewtonsoftJson.dll,69928.0,99755.0,78907.0,13.0,28.0,27.0,0.0,9.0,0.0,55.0,,,,,,,,,,,,,,179.0,46.0
Microsoft.NET.Workload.Emscripten.net6.Manifest-8.0.100,8.0.30,metapackage,,,,,35582.0,35582.0,,,,,,,,,,,,,,,,,,,,,,
Microsoft.NET.Workload.Mono.ToolChain.net7.Manifest-8.0.100,8.0.30,metapackage,,,,,52515.0,52515.0,,,,,,,,,,,,,,,,,,,,,,
System.Composition,10.0.11,metapackage,,,,,46406.0,46406.0,,,,,,,,,,,,,,,,,,,,,,
Npgsql,10.0.3,ok,,net10.0,lib/net10.0/Npgsql.dll,1478656.0,587006.0,1847911.0,213.0,883.0,1596.0,9.0,171.0,62.0,2488.0,,,,,,,,,,,,,,7633.0,1147.0
System.Composition.Runtime,10.0.11,ok,,netstandard2.0,lib/netstandard2.0/System.Composition.Runtime.dll,29992.0,82525.0,135755.0,10.0,24.0,22.0,0.0,10.0,0.0,46.0,,,,,,,,,,,,,,107.0,34.0
Microsoft.NET.Sdk.macOS.Manifest-8.0.100,15.0.8319,metapackage,,,,,32107.0,32107.0,,,,,,,,,,,,,,,,,,,,,,
System.Composition.AttributedModel,10.0.11,ok,,netstandard2.0,lib/netstandard2.0/System.Composition.AttributedModel.dll,23888.0,79090.0,117189.0,17.0,5.0,26.0,0.0,19.0,0.0,31.0,,,,,,,,,,,,,,81.0,36.0
Microsoft.CodeAnalysis.CSharp.Workspaces,5.9.0,ok,,netstandard2.0,lib/netstandard2.0/Microsoft.CodeAnalysis.CSharp.Workspaces.dll,1026896.0,473013.0,1406485.0,5.0,0.0,435.0,0.0,0.0,0.0,435.0,,,,,,,,,,,,,,4365.0,560.0
Microsoft.NET.Sdk.iOS.Manifest-8.0.100,18.0.8319,metapackage,,,,,32223.0,32223.0,,,,,,,,,,,,,,,,,,,,,,
Serilog.AspNetCore,10.0.0,ok,,netstandard2.1,lib/netstandard2.1/Serilog.AspNetCore.dll,17920.0,74430.0,98772.0,2.0,2.0,17.0,0.0,1.0,0.0,19.0,,,,,,,,,,,,,,64.0,13.0
Microsoft.NET.Sdk.MacCatalyst.Manifest-8.0.100,18.0.8319,metapackage,,,,,32137.0,32137.0,,,,,,,,,,,,,,,,,,,,,,
System.Composition.Hosting,10.0.11,ok,,netstandard2.0,lib/netstandard2.0/System.Composition.Hosting.dll,59216.0,95003.0,203299.0,13.0,33.0,57.0,0.0,5.0,0.0,90.0,,,,,,,,,,,,,,291.0,82.0
Microsoft.NET.Sdk.Android.Manifest-8.0.100,34.0.154,metapackage,,,,,31179.0,31179.0,,,,,,,,,,,,,,,,,,,,,,
Microsoft.NET.Sdk.Maui.Manifest-8.0.100,8.0.100,metapackage,,,,,40711.0,40711.0,,,,,,,,,,,,,,,,,,,,,,
Microsoft.NET.Sdk.tvOS.Manifest-8.0.100,18.0.8319,metapackage,,,,,32101.0,32101.0,,,,,,,,,,,,,,,,,,,,,,
OpenTelemetry.Api,1.18.0,ok,,netstandard2.0,lib/netstandard2.0/OpenTelemetry.Api.dll,81408.0,101075.0,299683.0,36.0,117.0,69.0,0.0,23.0,11.0,186.0,,,,,,,,,,,,,,459.0,76.0
System.Composition.TypedParts,10.0.11,ok,,netstandard2.0,lib/netstandard2.0/System.Composition.TypedParts.dll,68392.0,99151.0,215003.0,6.0,23.0,60.0,0.0,1.0,0.0,83.0,,,,,,,,,,,,,,344.0,81.0
System.Composition.Convention,10.0.11,ok,,netstandard2.0,lib/netstandard2.0/System.Composition.Convention.dll,56616.0,92404.0,188787.0,11.0,58.0,42.0,0.0,1.0,0.0,100.0,,,,,,,,,,,,,,237.0,48.0
Microsoft.AspNetCore.Hosting,2.3.12,ok,,netstandard2.0,lib/netstandard2.0/Microsoft.AspNetCore.Hosting.dll,134456.0,120670.0,86194.0,27.0,54.0,116.0,0.0,23.0,0.0,170.0,,,,,,,,,,,,,,557.0,110.0
Microsoft.Extensions.WebEncoders,10.0.11,ok,,netstandard2.0,lib/netstandard2.0/Microsoft.Extensions.WebEncoders.dll,23848.0,79336.0,82488.0,5.0,20.0,12.0,0.0,4.0,0.0,32.0,,,,,,,,,,,,,,68.0,27.0
runtime.win-x86.runtime.native.System.Data.SqlClient.sni,4.4.0,native_only,,,,,65558.0,90533.0,,,,,,,,,,,,,,,,,,,,,,
runtime.win-x64.runtime.native.System.Data.SqlClient.sni,4.4.0,native_only,,,,,65558.0,100353.0,,,,,,,,,,,,,,,,,,,,,,
Microsoft.CodeAnalysis.CSharp,5.9.0,ok,,netstandard2.0,lib/netstandard2.0/Microsoft.CodeAnalysis.CSharp.dll,7554344.0,2846668.0,12210215.0,345.0,4360.0,13072.0,0.0,22.0,2.0,17432.0,,,,,,,,,,,,,,44427.0,2840.0
runtime.win-arm64.runtime.native.System.Data.SqlClient.sni,4.4.0,native_only,,,,,65558.0,97899.0,,,,,,,,,,,,,,,,,,,,,,
Serilog.Sinks.Debug,3.0.0,ok,,netstandard2.0,lib/netstandard2.0/Serilog.Sinks.Debug.dll,7168.0,60730.0,56946.0,1.0,2.0,0.0,0.0,0.0,0.0,2.0,,,,,,,,,,,,,,4.0,3.0
System.IO.Hashing,10.0.11,ok,,netstandard2.0,lib/netstandard2.0/System.IO.Hashing.dll,52008.0,94191.0,206258.0,15.0,81.0,25.0,0.0,11.0,0.0,106.0,,,,,,,,,,,,,,245.0,50.0
System.ServiceModel.Primitives,10.0.652802,ok,,netstandard2.0,ref/netstandard2.0/System.ServiceModel.Duplex.dll,15424.0,75528.0,2405338.0,0.0,0.0,0.0,0.0,0.0,0.0,0.0,,,,,,,,,,,,,,0.0,1.0
System.Private.Uri,4.3.2,metapackage,,,,,26095.0,26095.0,,,,,,,,,,,,,,,,,,,,,,
Dapper,2.1.79,ok,,netstandard2.0,lib/netstandard2.0/Dapper.dll,230912.0,185292.0,590040.0,23.0,220.0,150.0,1.0,12.0,0.0,371.0,,,,,,,,,,,,,,1068.0,131.0
System.Diagnostics.StackTrace,4.3.0,ok,,netstandard1.3,ref/netstandard1.3/System.Diagnostics.StackTrace.dll,22424.0,78736.0,101411.0,3.0,14.0,0.0,0.0,1.0,0.0,14.0,,,,,,,,,,,,,,16.0,4.0
FluentAssertions,8.10.0,ok,,netstandard2.1,lib/netstandard2.1/FluentAssertions.dll,761856.0,317017.0,1970760.0,252.0,1309.0,530.0,0.0,203.0,2.0,1839.0,,,,,,,,,,,,,,4711.0,953.0
System.Runtime.Serialization.Json,4.3.0,ok,,netstandard1.0,ref/netstandard1.0/System.Runtime.Serialization.Json.dll,23456.0,79245.0,114013.0,4.0,2.0,15.0,0.0,6.0,0.0,17.0,,,,,,,,,,,,,,31.0,5.0
System.Linq.Queryable,4.3.0,ok,,netstandard1.0,ref/netstandard1.0/System.Linq.Queryable.dll,32112.0,81862.0,275542.0,5.0,124.0,3.0,0.0,5.0,0.0,127.0,,,,,,,,,,,,,,138.0,6.0
System.Threading.Overlapped,4.3.0,ok,,netstandard1.3,ref/netstandard1.3/System.Threading.Overlapped.dll,22256.0,78913.0,167673.0,4.0,10.0,1.0,0.0,2.0,0.0,11.0,,,,,,,,,,,,,,14.0,5.0
Azure.Storage.Blobs,12.29.2,ok,,netstandard2.1,lib/netstandard2.1/Azure.Storage.Blobs.dll,1423160.0,537359.0,2562915.0,163.0,566.0,1606.0,1.0,145.0,24.0,2173.0,,,,,,,,,,,,,,6313.0,1119.0
Microsoft.AspNetCore.Mvc.Formatters.Json,2.3.12,ok,,netstandard2.0,lib/netstandard2.0/Microsoft.AspNetCore.Mvc.Formatters.Json.dll,41272.0,75563.0,53564.0,14.0,25.0,16.0,0.0,17.0,0.0,41.0,,,,,,,,,,,,,,93.0,25.0
Microsoft.CodeAnalysis.Razor,6.0.36,ok,,netstandard2.0,lib/netstandard2.0/Microsoft.CodeAnalysis.Razor.dll,92432.0,103656.0,73657.0,10.0,7.0,58.0,0.0,3.0,0.0,65.0,,,,,,,,,,,,,,346.0,81.0
Azure.Security.KeyVault.Secrets,4.11.1,ok,,netstandard2.0,lib/netstandard2.0/Azure.Security.KeyVault.Secrets.dll,223032.0,161361.0,381010.0,23.0,77.0,151.0,0.0,23.0,3.0,228.0,,,,,,,,,,,,,,1102.0,208.0
Microsoft.Extensions.Localization.Abstractions,10.0.11,ok,,netstandard2.0,lib/netstandard2.0/Microsoft.Extensions.Localization.Abstractions.dll,21800.0,78132.0,79664.0,6.0,8.0,16.0,0.0,4.0,1.0,24.0,,,,,,,,,,,,,,52.0,25.0
Microsoft.ApplicationInsights.PerfCounterCollector,2.23.0,ok,,netstandard2.0,lib/netstandard2.0/Microsoft.AI.PerfCounterCollector.dll,215072.0,150399.0,504543.0,8.0,8.0,238.0,0.0,8.0,0.0,246.0,,,,,,,,,,,,,,995.0,168.0
System.Net.WebHeaderCollection,4.3.0,ok,,netstandard1.3,ref/netstandard1.3/System.Net.WebHeaderCollection.dll,23960.0,79643.0,85080.0,3.0,2.0,5.0,0.0,1.0,0.0,7.0,,,,,,,,,,,,,,12.0,4.0
Microsoft.Build.Framework,18.9.6,ok,,netstandard2.0,ref/netstandard2.0/Microsoft.Build.Framework.dll,671528.0,277787.0,4189438.0,187.0,302.0,955.0,17.0,224.0,7.0,1274.0,,,,,,,,,,,,,,5435.0,836.0
System.Reflection.DispatchProxy,4.8.2,ok,,netstandard2.0,lib/netstandard2.0/System.Reflection.DispatchProxy.dll,20744.0,78036.0,70349.0,1.0,2.0,6.0,0.0,1.0,0.0,8.0,,,,,,,,,,,,,,26.0,8.0
Microsoft.AspNetCore.Razor.Language,6.0.36,ok,,netstandard2.0,lib/netstandard2.0/Microsoft.AspNetCore.Razor.Language.dll,1010448.0,413163.0,383124.0,227.0,557.0,1646.0,0.0,142.0,4.0,2203.0,,,,,,,,,,,,,,7190.0,868.0
CsvHelper,33.1.0,ok,,netstandard2.1,lib/netstandard2.1/CsvHelper.dll,225280.0,156659.0,903000.0,215.0,606.0,340.0,0.0,224.0,2.0,946.0,,,,,,,,,,,,,,1652.0,291.0
Microsoft.Azure.Amqp,2.7.4,ok,,netstandard2.0,lib/netstandard2.0/Microsoft.Azure.Amqp.dll,429368.0,245834.0,1289921.0,186.0,910.0,663.0,4.0,186.0,20.0,1577.0,,,,,,,,,,,,,,3513.0,398.0
Microsoft.ApplicationInsights.WindowsServer.TelemetryChannel,2.23.0,ok,,netstandard2.0,lib/netstandard2.0/Microsoft.AI.ServerTelemetryChannel.dll,120864.0,116934.0,327104.0,11.0,20.0,129.0,5.0,10.0,0.0,154.0,,,,,,,,,,,,,,648.0,82.0
NUnit,4.6.1,ok,,net8.0,lib/net8.0/nunit.framework.dll,623104.0,310096.0,1254495.0,447.0,1245.0,978.0,6.0,493.0,8.0,2229.0,,,,,,,,,,,,,,4692.0,870.0
Microsoft.Rest.ClientRuntime,3.0.3,ok,,netstandard1.5,lib/netstandard1.5/Microsoft.Rest.ClientRuntime.dll,79040.0,102354.0,122232.0,55.0,100.0,85.0,2.0,80.0,0.0,187.0,,,,,,,,,,,,,,399.0,80.0
Microsoft.ApplicationInsights.WindowsServer,2.23.0,ok,,netstandard2.0,lib/netstandard2.0/Microsoft.AI.WindowsServer.dll,71224.0,97890.0,239687.0,10.0,13.0,25.0,0.0,9.0,0.0,38.0,,,,,,,,,,,,,,220.0,51.0
System.Net.Security,4.3.2,ok,,netstandard1.3,ref/netstandard1.3/System.Net.Security.dll,28368.0,81366.0,257494.0,13.0,36.0,54.0,0.0,21.0,0.0,90.0,,,,,,,,,,,,,,118.0,14.0
Microsoft.EntityFrameworkCore.Tools,10.0.11,tools_only,,,,,65558.0,282618.0,,,,,,,,,,,,,,,,,,,,,,
Microsoft.ApplicationInsights.DependencyCollector,2.23.0,ok,,netstandard2.0,lib/netstandard2.0/Microsoft.AI.DependencyCollector.dll,136736.0,115767.0,338509.0,13.0,26.0,19.0,0.0,6.0,0.0,45.0,,,,,,,,,,,,,,379.0,97.0
Microsoft.SqlServer.Server,1.0.0,ok,,netstandard2.0,lib/netstandard2.0/Microsoft.SqlServer.Server.dll,23976.0,78702.0,68652.0,10.0,4.0,36.0,0.0,5.0,0.0,40.0,,,,,,,,,,,,,,86.0,14.0
OpenTelemetry,1.18.0,ok,,netstandard2.1,lib/netstandard2.1/OpenTelemetry.dll,260096.0,173269.0,913838.0,91.0,186.0,289.0,0.0,47.0,2.0,475.0,,,,,,,,,,,,,,1599.0,283.0
OpenTelemetry.Api.ProviderBuilderExtensions,1.18.0,ok,,netstandard2.0,lib/netstandard2.0/OpenTelemetry.Api.ProviderBuilderExtensions.dll,24064.0,74932.0,118637.0,7.0,21.0,10.0,0.0,0.0,0.0,31.0,,,,,,,,,,,,,,138.0,48.0
Microsoft.AspNetCore.Authentication.OpenIdConnect,10.0.11,ok,,net10.0,lib/net10.0/Microsoft.AspNetCore.Authentication.OpenIdConnect.dll,126760.0,115795.0,98586.0,20.0,36.0,92.0,0.0,18.0,0.0,128.0,,,,,,,,,,,,,,383.0,50.0
Microsoft.AspNetCore.Connections.Abstractions,10.0.11,ok,,netstandard2.1,lib/netstandard2.1/Microsoft.AspNetCore.Connections.Abstractions.dll,45352.0,88262.0,163329.0,53.0,51.0,84.0,0.0,25.0,0.0,135.0,,,,,,,,,,,,,,259.0,82.0
Microsoft.Extensions.Localization,10.0.11,ok,,netstandard2.0,lib/netstandard2.0/Microsoft.Extensions.Localization.dll,34128.0,84466.0,102639.0,8.0,16.0,22.0,0.0,6.0,0.0,38.0,,,,,,,,,,,,,,105.0,36.0
Microsoft.Extensions.Http.Polly,10.0.11,ok,,netstandard2.0,lib/netstandard2.0/Microsoft.Extensions.Http.Polly.dll,32552.0,79212.0,61322.0,4.0,14.0,11.0,0.0,2.0,0.0,25.0,,,,,,,,,,,,,,91.0,38.0
System.Net.Requests,4.3.0,ok,,netstandard1.3,ref/netstandard1.3/System.Net.Requests.dll,25808.0,80508.0,382676.0,8.0,23.0,36.0,0.0,9.0,0.0,59.0,,,,,,,,,,,,,,86.0,9.0
RestSharp,114.0.0,ok,,netstandard2.0,lib/netstandard2.0/RestSharp.dll,252928.0,170171.0,791217.0,108.0,484.0,323.0,0.0,85.0,28.0,807.0,,,,,,,,,,,,,,1971.0,352.0
System.Security.SecureString,4.3.0,ok,,netstandard1.3,ref/netstandard1.3/System.Security.SecureString.dll,21744.0,78602.0,124728.0,2.0,13.0,1.0,0.0,2.0,0.0,14.0,,,,,,,,,,,,,,16.0,3.0
NUnit3TestAdapter,6.3.0,native_only,,,,,65558.0,581248.0,,,,,,,,,,,,,,,,,,,,,,
Polly.Core,8.7.0,ok,,netstandard2.0,lib/netstandard2.0/Polly.Core.dll,228256.0,166065.0,830967.0,95.0,126.0,296.0,0.0,91.0,8.0,422.0,,,,,,,,,,,,,,1332.0,338.0
System.Management,10.0.11,ok,,netstandard2.0,lib/netstandard2.0/System.Management.dll,78160.0,97610.0,799394.0,63.0,180.0,235.0,6.0,99.0,1.0,421.0,,,,,,,,,,,,,,686.0,94.0
Microsoft.Azure.WebJobs.Core,3.0.47,ok,,netstandard2.0,lib/netstandard2.0/Microsoft.Azure.WebJobs.dll,30008.0,85183.0,64001.0,22.0,7.0,27.0,0.0,18.0,0.0,34.0,,,,,,,,,,,,,,74.0,25.0
Microsoft.AspNetCore.Metadata,10.0.11,ok,,netstandard2.0,lib/netstandard2.0/Microsoft.AspNetCore.Metadata.dll,18216.0,76702.0,72071.0,2.0,0.0,10.0,0.0,0.0,0.0,10.0,,,,,,,,,,,,,,32.0,19.0
Google.Apis.Core,1.76.0,ok,,netstandard2.0,lib/netstandard2.0/Google.Apis.Core.dll,86528.0,105265.0,254162.0,65.0,123.0,125.0,0.0,45.0,3.0,248.0,,,,,,,,,,,,,,534.0,109.0
Google.Apis.Auth,1.76.0,ok,,netstandard2.0,lib/netstandard2.0/Google.Apis.Auth.dll,244736.0,163605.0,548518.0,84.0,153.0,393.0,0.0,71.0,0.0,546.0,,,,,,,,,,,,,,1466.0,261.0
Autofac,9.3.2,ok,,netstandard2.1,lib/netstandard2.1/Autofac.dll,461824.0,232026.0,1046280.0,184.0,545.0,676.0,27.0,127.0,6.0,1248.0,,,,,,,,,,,,,,2924.0,601.0
runtime.native.System.Net.Security,4.3.1,metapackage,,,,,29784.0,29784.0,,,,,,,,,,,,,,,,,,,,,,
Microsoft.AspNetCore.App.Ref,10.0.11,ok,,net10.0,ref/net10.0/Microsoft.JSInterop.dll,41808.0,85625.0,7209416.0,28.0,97.0,39.0,0.0,11.0,0.0,136.0,,,,,,,,,,,,,,269.0,70.0
NLog,6.2.0,ok,,netstandard2.1,lib/netstandard2.1/NLog.dll,934912.0,397738.0,2272682.0,282.0,1676.0,1047.0,17.0,317.0,17.0,2740.0,,,,,,,,,,,,,,6060.0,680.0
Microsoft.AspNetCore.TestHost,10.0.11,ok,,net10.0,lib/net10.0/Microsoft.AspNetCore.TestHost.dll,84264.0,105837.0,81796.0,9.0,29.0,61.0,0.0,9.0,0.0,90.0,,,,,,,,,,,,,,375.0,72.0
Google.Apis,1.76.0,ok,,netstandard2.0,lib/netstandard2.0/Google.Apis.dll,84480.0,104583.0,237430.0,30.0,84.0,120.0,6.0,16.0,0.0,210.0,,,,,,,,,,,,,,454.0,76.0
AWSSDK.S3,4.0.102.4,ok,,netstandard2.0,lib/netstandard2.0/AWSSDK.S3.dll,1164968.0,425335.0,3579406.0,986.0,1184.0,2553.0,35.0,1123.0,69.0,3772.0,,,,,,,,,,,,,,10522.0,1195.0
System.Xml.XPath.XmlDocument,4.7.0,ok,,netstandard2.0,lib/netstandard2.0/System.Xml.XPath.XmlDocument.dll,17184.0,76565.0,69605.0,1.0,8.0,0.0,0.0,0.0,0.0,8.0,,,,,,,,,,,,,,12.0,5.0
YamlDotNet,18.1.0,ok,,netstandard2.1,lib/netstandard2.1/YamlDotNet.dll,297472.0,186638.0,795624.0,244.0,670.0,308.0,2.0,274.0,18.0,980.0,,,,,,,,,,,,,,2361.0,434.0
Microsoft.IdentityModel.Clients.ActiveDirectory,5.3.0,ok,,netstandard1.3,lib/netstandard1.3/Microsoft.IdentityModel.Clients.ActiveDirectory.dll,998288.0,421948.0,2219292.0,36.0,68.0,1045.0,6.0,36.0,0.0,1119.0,,,,,,,,,,,,,,5736.0,808.0
System.IO.Packaging,10.0.11,ok,,netstandard2.0,lib/netstandard2.0/System.IO.Packaging.dll,162128.0,133800.0,375331.0,19.0,70.0,284.0,0.0,14.0,0.0,354.0,,,,,,,,,,,,,,827.0,82.0
Microsoft.Azure.WebJobs,3.0.47,ok,,netstandard2.0,lib/netstandard2.0/Microsoft.Azure.WebJobs.Host.dll,725304.0,419256.0,396675.0,222.0,338.0,609.0,0.0,123.0,0.0,947.0,,,,,,,,,,,,,,3593.0,927.0
Microsoft.Bcl.HashCode,6.0.0,ok,,netstandard2.1,lib/netstandard2.1/Microsoft.Bcl.HashCode.dll,19728.0,77588.0,91879.0,0.0,0.0,3.0,0.0,0.0,0.0,3.0,,,,,,,,,,,,,,20.0,7.0
Microsoft.Extensions.Logging.ApplicationInsights,2.23.0,ok,,netstandard2.0,lib/netstandard2.0/Microsoft.Extensions.Logging.ApplicationInsights.dll,26656.0,70034.0,54768.0,4.0,12.0,5.0,0.0,3.0,0.0,17.0,,,,,,,,,,,,,,48.0,14.0
System.ServiceModel.Http,10.0.652802,ok,,netstandard2.0,ref/netstandard2.0/System.ServiceModel.Http.dll,28192.0,81089.0,447216.0,29.0,28.0,85.0,0.0,32.0,0.0,113.0,,,,,,,,,,,,,,223.0,30.0
Mono.TextTemplating,3.0.0,ok,,netstandard2.0,lib/netstandard2.0/Mono.TextTemplating.dll,172032.0,155105.0,289166.0,30.0,156.0,164.0,0.0,24.0,8.0,320.0,,,,,,,,,,,,,,874.0,107.0
NuGet.CommandLine,7.9.0,metapackage,,,,,65558.0,5142151.0,,,,,,,,,,,,,,,,,,,,,,
Polly.Extensions.Http,3.0.0,ok,,netstandard2.0,lib/netstandard2.0/Polly.Extensions.Http.dll,6144.0,23108.0,19648.0,1.0,5.0,0.0,0.0,0.0,0.0,5.0,,,,,,,,,,,,,,9.0,3.0
Microsoft.CodeAnalysis.Workspaces.Common,5.9.0,ok,,netstandard2.0,lib/netstandard2.0/Microsoft.CodeAnalysis.Workspaces.dll,4825896.0,1868011.0,5536513.0,268.0,1305.0,2984.0,15.0,146.0,44.0,4304.0,,,,,,,,,,,,,,22445.0,3845.0
Microsoft.ApplicationInsights.EventCounterCollector,2.23.0,ok,,netstandard2.0,lib/netstandard2.0/Microsoft.AI.EventCounterCollector.dll,44056.0,87416.0,75619.0,5.0,4.0,8.0,0.0,5.0,0.0,12.0,,,,,,,,,,,,,,94.0,30.0
System.Threading.Tasks.Parallel,4.3.0,ok,,netstandard1.1,ref/netstandard1.1/System.Threading.Tasks.Parallel.dll,26016.0,79798.0,176896.0,4.0,36.0,9.0,0.0,1.0,0.0,45.0,,,,,,,,,,,,,,50.0,5.0
RabbitMQ.Client,7.2.2,ok,,netstandard2.0,lib/netstandard2.0/RabbitMQ.Client.dll,356352.0,204697.0,362472.0,99.0,209.0,486.0,56.0,91.0,3.0,751.0,,,,,,,,,,,,,,2135.0,413.0
SharpZipLib,1.4.2,ok,,netstandard2.1,lib/netstandard2.1/ICSharpCode.SharpZipLib.dll,256512.0,173643.0,741182.0,119.0,497.0,321.0,3.0,168.0,0.0,821.0,,,,,,,,,,,,,,1632.0,219.0
Microsoft.ApplicationInsights.AspNetCore,3.1.2,ok,,net10.0,lib/net10.0/Microsoft.ApplicationInsights.AspNetCore.dll,81208.0,102777.0,283727.0,5.0,4.0,60.0,0.0,3.0,0.0,64.0,,,,,,,,,,,,,,269.0,33.0
Microsoft.AspNetCore.Mvc.Razor.Extensions,6.0.36,ok,,netstandard2.0,lib/netstandard2.0/Microsoft.AspNetCore.Mvc.Razor.Extensions.dll,87312.0,104724.0,74736.0,20.0,29.0,88.0,0.0,12.0,0.0,117.0,,,,,,,,,,,,,,386.0,63.0
System.Diagnostics.FileVersionInfo,4.3.0,ok,,netstandard1.3,ref/netstandard1.3/System.Diagnostics.FileVersionInfo.dll,22800.0,78874.0,138783.0,1.0,2.0,27.0,0.0,0.0,0.0,29.0,,,,,,,,,,,,,,30.0,2.0
System.Data.Common,4.3.0,ok,,netstandard1.2,ref/netstandard1.2/System.Data.Common.dll,42344.0,86925.0,457683.0,34.0,187.0,124.0,1.0,16.0,0.0,312.0,,,,,,,,,,,,,,418.0,35.0
JetBrains.Annotations,2026.2.0,ok,,netstandard2.0,lib/netstandard2.0/JetBrains.Annotations.dll,133504.0,102530.0,230439.0,112.0,0.0,74.0,0.0,130.0,0.0,74.0,,,,,,,,,,,,,,229.0,113.0
Microsoft.NETCore.App.Ref,10.0.11,ok,,net10.0,ref/net10.0/System.dll,49448.0,85103.0,7188368.0,0.0,0.0,0.0,0.0,0.0,0.0,0.0,,,,,,,,,,,,,,0.0,1.0
Microsoft.AspNetCore.Mvc.DataAnnotations,2.3.12,ok,,netstandard2.0,lib/netstandard2.0/Microsoft.AspNetCore.Mvc.DataAnnotations.dll,47968.0,79770.0,55557.0,29.0,43.0,25.0,0.0,25.0,0.0,68.0,,,,,,,,,,,,,,171.0,42.0
Microsoft.AspNetCore.Cryptography.KeyDerivation,10.0.11,ok,,netstandard2.0,lib/netstandard2.0/Microsoft.AspNetCore.Cryptography.KeyDerivation.dll,25896.0,80574.0,85275.0,2.0,1.0,1.0,0.0,0.0,0.0,2.0,,,,,,,,,,,,,,44.0,16.0
MediatR,14.2.0,ok,,netstandard2.0,lib/netstandard2.0/MediatR.dll,94208.0,106052.0,265122.0,38.0,88.0,53.0,0.0,23.0,2.0,141.0,,,,,,,,,,,,,,474.0,112.0
Microsoft.AspNetCore.Html.Abstractions,2.3.12,ok,,netstandard2.0,lib/netstandard2.0/Microsoft.AspNetCore.Html.Abstractions.dll,21344.0,54934.0,42380.0,7.0,26.0,3.0,0.0,6.0,0.0,29.0,,,,,,,,,,,,,,41.0,9.0
MSTest.TestFramework,4.4.0,ok,,netstandard2.0,lib/netstandard2.0/MSTest.TestFramework.dll,325984.0,194320.0,2324091.0,109.0,458.0,429.0,1.0,130.0,2.0,888.0,,,,,,,,,,,,,,1879.0,272.0
Serilog.Sinks.PeriodicBatching,5.0.0,ok,,netstandard2.0,lib/netstandard2.0/Serilog.Sinks.PeriodicBatching.dll,13824.0,72281.0,76515.0,3.0,10.0,11.0,0.0,4.0,0.0,21.0,,,,,,,,,,,,,,60.0,23.0
Microsoft.Extensions.FileProviders.Embedded,10.0.11,ok,,netstandard2.0,lib/netstandard2.0/Microsoft.Extensions.FileProviders.Embedded.dll,39248.0,86554.0,118244.0,3.0,7.0,56.0,0.0,7.0,0.0,63.0,,,,,,,,,,,,,,175.0,41.0
FluentValidation.DependencyInjectionExtensions,12.1.1,ok,,net8.0,lib/net8.0/FluentValidation.DependencyInjectionExtensions.dll,15360.0,77489.0,79391.0,2.0,5.0,0.0,0.0,1.0,0.0,5.0,,,,,,,,,,,,,,9.0,4.0
DnsClient,1.8.0,ok,,netstandard2.1,lib/netstandard2.1/DnsClient.dll,155136.0,132153.0,514877.0,83.0,181.0,284.0,0.0,85.0,7.0,465.0,,,,,,,,,,,,,,992.0,175.0
SQLitePCLRaw.core,3.0.5,ok,,netstandard2.0,lib/netstandard2.0/SQLitePCLRaw.core.dll,51712.0,80672.0,58944.0,48.0,454.0,17.0,0.0,40.0,0.0,471.0,,,,,,,,,,,,,,571.0,65.0
Microsoft.VisualStudio.Azure.Containers.Tools.Targets,1.23.0,tools_only,,,,,65558.0,992702.0,,,,,,,,,,,,,,,,,,,,,,
Npgsql.EntityFrameworkCore.PostgreSQL,10.0.3,ok,,net10.0,lib/net10.0/Npgsql.EntityFrameworkCore.PostgreSQL.dll,679424.0,317104.0,352460.0,242.0,1348.0,357.0,0.0,250.0,8.0,1705.0,,,,,,,,,,,,,,3148.0,465.0
MSTest.TestAdapter,4.4.0,native_only,,,,,65558.0,1994070.0,,,,,,,,,,,,,,,,,,,,,,
System.Diagnostics.Contracts,4.3.0,ok,,netstandard1.0,ref/netstandard1.0/System.Diagnostics.Contracts.dll,25488.0,80142.0,168794.0,15.0,26.0,14.0,1.0,13.0,0.0,41.0,,,,,,,,,,,,,,55.0,16.0
Microsoft.AspNetCore.Diagnostics.Abstractions,2.3.12,ok,,netstandard2.0,lib/netstandard2.0/Microsoft.AspNetCore.Diagnostics.Abstractions.dll,17720.0,50921.0,39954.0,7.0,0.0,19.0,0.0,3.0,0.0,19.0,,,,,,,,,,,,,,26.0,8.0
MongoDB.Bson,3.11.1,ok,,netstandard2.1,lib/netstandard2.1/MongoDB.Bson.dll,553472.0,280271.0,913969.0,398.0,2171.0,793.0,0.0,521.0,137.0,2964.0,,,,,,,,,,,,,,4978.0,612.0
System.Xml.XPath.XDocument,4.3.0,ok,,netstandard1.3,ref/netstandard1.3/System.Xml.XPath.XDocument.dll,22408.0,78738.0,89906.0,2.0,9.0,0.0,0.0,0.0,0.0,9.0,,,,,,,,,,,,,,9.0,3.0
Microsoft.NETCore.DotNetHostPolicy,8.0.30,metapackage,,,,,47397.0,47397.0,,,,,,,,,,,,,,,,,,,,,,
Microsoft.NETCore.DotNetHostResolver,8.0.30,metapackage,,,,,47362.0,47362.0,,,,,,,,,,,,,,,,,,,,,,
Portable.BouncyCastle,1.9.0,ok,,netstandard2.0,lib/netstandard2.0/BouncyCastle.Crypto.dll,3318504.0,1617427.0,3590353.0,1711.0,7099.0,2747.0,0.0,2345.0,0.0,9846.0,,,,,,,,,,,,,,18488.0,2246.0
WindowsAzure.Storage,9.3.3,ok,,netstandard1.3,lib/netstandard1.3/Microsoft.WindowsAzure.Storage.dll,777800.0,324375.0,4165078.0,211.0,1003.0,754.0,8.0,202.0,2.0,1765.0,,,,,,,,,,,,,,4312.0,580.0
Microsoft.AspNetCore.Razor,2.3.0,ok,,netstandard2.0,lib/netstandard2.0/Microsoft.AspNetCore.Razor.dll,34872.0,64963.0,46338.0,20.0,68.0,41.0,0.0,23.0,0.0,109.0,,,,,,,,,,,,,,176.0,24.0
Microsoft.NETCore.App,2.2.8,ok,,netcoreapp2.2,ref/netcoreapp2.2/System.dll,47184.0,83218.0,3506907.0,0.0,0.0,0.0,0.0,0.0,0.0,0.0,,,,,,,,,,,,,,0.0,1.0
Microsoft.AspNetCore.Razor.Runtime,2.3.0,ok,,netstandard2.0,lib/netstandard2.0/Microsoft.AspNetCore.Razor.Runtime.dll,33344.0,64292.0,45912.0,13.0,14.0,45.0,0.0,11.0,0.0,59.0,,,,,,,,,,,,,,119.0,23.0
Microsoft.EntityFrameworkCore.InMemory,10.0.11,ok,,net10.0,lib/net10.0/Microsoft.EntityFrameworkCore.InMemory.dll,240952.0,171582.0,151671.0,64.0,220.0,233.0,0.0,42.0,2.0,453.0,,,,,,,,,,,,,,1309.0,190.0
Microsoft.AspNetCore.Mvc.ApiExplorer,2.3.12,ok,,netstandard2.0,lib/netstandard2.0/Microsoft.AspNetCore.Mvc.ApiExplorer.dll,41784.0,75971.0,53155.0,7.0,5.0,23.0,0.0,5.0,0.0,28.0,,,,,,,,,,,,,,118.0,21.0
AWSSDK.Polly,4.0.100.11,ok,,netstandard2.0,lib/netstandard2.0/AWSSDK.Polly.dll,118440.0,113024.0,343023.0,145.0,151.0,186.0,5.0,277.0,11.0,342.0,,,,,,,,,,,,,,981.0,152.0
Microsoft.Data.Sqlite.Core,10.0.11,ok,,netstandard2.0,lib/netstandard2.0/Microsoft.Data.Sqlite.dll,175968.0,140189.0,208174.0,13.0,209.0,112.0,0.0,18.0,0.0,321.0,,,,,,,,,,,,,,922.0,181.0
log4net,3.4.0,ok,,netstandard2.0,lib/netstandard2.0/log4net.dll,307200.0,184798.0,723971.0,210.0,799.0,486.0,10.0,197.0,6.0,1295.0,,,,,,,,,,,,,,2293.0,328.0
Microsoft.NET.Sdk.MacCatalyst.Manifest-6.0.400,16.4.60,metapackage,,,,,27408.0,27408.0,,,,,,,,,,,,,,,,,,,,,,
Microsoft.Extensions.Identity.Core,10.0.11,ok,,netstandard2.0,lib/netstandard2.0/Microsoft.Extensions.Identity.Core.dll,226088.0,151745.0,374652.0,69.0,280.0,219.0,0.0,35.0,0.0,499.0,,,,,,,,,,,,,,1057.0,229.0
Microsoft.NET.Sdk.iOS.Manifest-6.0.400,16.4.60,metapackage,,,,,27448.0,27448.0,,,,,,,,,,,,,,,,,,,,,,
OpenTelemetry.Extensions.Hosting,1.18.0,ok,,netstandard2.0,lib/netstandard2.0/OpenTelemetry.Extensions.Hosting.dll,11264.0,71182.0,93133.0,3.0,10.0,1.0,0.0,0.0,0.0,11.0,,,,,,,,,,,,,,34.0,13.0
System.Private.ServiceModel,4.10.3,ok,,netstandard2.0,lib/netstandard2.0/System.Private.ServiceModel.dll,2686400.0,985583.0,2204805.0,499.0,1320.0,4466.0,51.0,563.0,3.0,5837.0,,,,,,,,,,,,,,15762.0,1976.0
Microsoft.NET.Sdk.macOS.Manifest-6.0.400,13.3.60,metapackage,,,,,27360.0,27360.0,,,,,,,,,,,,,,,,,,,,,,
Microsoft.NET.Sdk.Android.Manifest-6.0.400,32.0.509,metapackage,,,,,33904.0,33904.0,,,,,,,,,,,,,,,,,,,,,,
Microsoft.IO.RecyclableMemoryStream,3.0.1,ok,,netstandard2.1,lib/netstandard2.1/Microsoft.IO.RecyclableMemoryStream.dll,63920.0,101295.0,177094.0,17.0,54.0,74.0,11.0,18.0,0.0,139.0,,,,,,,,,,,,,,231.0,25.0
Microsoft.NET.Sdk.tvOS.Manifest-6.0.400,16.4.60,metapackage,,,,,27366.0,27366.0,,,,,,,,,,,,,,,,,,,,,,
Microsoft.NET.Sdk.Maui.Manifest-6.0.400,6.0.553,metapackage,,,,,26272.0,26272.0,,,,,,,,,,,,,,,,,,,,,,
System.Reactive,7.0.0,ok,,netstandard2.0,ref/netstandard2.0/System.Reactive.dll,559056.0,211396.0,2863618.0,147.0,1754.0,400.0,10.0,86.0,18.0,2164.0,,,,,,,,,,,,,,6287.0,1015.0
Microsoft.NET.Workload.Mono.ToolChain.Manifest-6.0.400,6.0.36,metapackage,,,,,48756.0,48756.0,,,,,,,,,,,,,,,,,,,,,,
Microsoft.AspNet.WebApi.Core,5.3.0,ok,,net45,lib/net45/System.Web.Http.dll,454080.0,246866.0,268067.0,288.0,546.0,819.0,2.0,285.0,0.0,1367.0,,,,,,,,,,,,,,3324.0,604.0
Microsoft.NET.Workload.Emscripten.Manifest-6.0.400,6.0.36,metapackage,,,,,35677.0,35677.0,,,,,,,,,,,,,,,,,,,,,,
System.Runtime.Serialization.Xml,4.3.0,ok,,netstandard1.3,ref/netstandard1.3/System.Runtime.Serialization.Xml.dll,35232.0,83382.0,519410.0,16.0,214.0,29.0,0.0,25.0,2.0,243.0,,,,,,,,,,,,,,282.0,17.0
Hangfire.Core,1.8.25,ok,,netstandard2.0,lib/netstandard2.0/Hangfire.Core.dll,1478432.0,626491.0,3562461.0,219.0,774.0,790.0,0.0,236.0,0.0,1564.0,,,,,,,,,,,,,,3486.0,558.0
System.Net.WebSockets,4.3.0,ok,,netstandard1.3,ref/netstandard1.3/System.Net.WebSockets.dll,24432.0,79756.0,105598.0,7.0,6.0,11.0,0.0,16.0,0.0,17.0,,,,,,,,,,,,,,33.0,8.0
Grpc.Net.ClientFactory,2.83.0,ok,,netstandard2.1,lib/netstandard2.1/Grpc.Net.ClientFactory.dll,47104.0,87483.0,224114.0,7.0,20.0,25.0,0.0,3.0,0.0,45.0,,,,,,,,,,,,,,216.0,60.0
System.ServiceModel.NetTcp,10.0.652802,ok,,netstandard2.0,ref/netstandard2.0/System.ServiceModel.NetTcp.dll,21064.0,77892.0,298229.0,10.0,14.0,26.0,0.0,11.0,0.0,40.0,,,,,,,,,,,,,,75.0,11.0
Microsoft.AspNetCore.Antiforgery,2.3.12,ok,,netstandard2.0,lib/netstandard2.0/Microsoft.AspNetCore.Antiforgery.dll,55096.0,85563.0,58893.0,24.0,48.0,59.0,0.0,17.0,0.0,107.0,,,,,,,,,,,,,,227.0,33.0
Microsoft.AspNetCore.Authentication,2.3.12,ok,,netstandard2.0,lib/netstandard2.0/Microsoft.AspNetCore.Authentication.dll,63800.0,93892.0,63485.0,34.0,91.0,70.0,0.0,28.0,0.0,161.0,,,,,,,,,,,,,,296.0,55.0
Microsoft.AspNetCore.Mvc.Testing,10.0.11,ok,,net10.0,lib/net10.0/Microsoft.AspNetCore.Mvc.Testing.dll,66856.0,99437.0,90794.0,5.0,23.0,31.0,0.0,7.0,0.0,54.0,,,,,,,,,,,,,,234.0,42.0
Azure.Messaging.ServiceBus,7.20.2,ok,,netstandard2.0,lib/netstandard2.0/Azure.Messaging.ServiceBus.dll,719160.0,312273.0,1058850.0,79.0,293.0,657.0,11.0,89.0,36.0,961.0,,,,,,,,,,,,,,3182.0,536.0
Microsoft.AspNetCore.Mvc.ViewFeatures,2.3.12,ok,,netstandard2.0,lib/netstandard2.0/Microsoft.AspNetCore.Mvc.ViewFeatures.dll,289592.0,184480.0,198560.0,162.0,692.0,393.0,0.0,132.0,0.0,1085.0,,,,,,,,,,,,,,1944.0,268.0
System.Linq.Async,7.0.1,ok,,netstandard2.1,ref/netstandard2.1/System.Linq.Async.dll,88016.0,96336.0,1943563.0,4.0,207.0,17.0,0.0,0.0,0.0,224.0,,,,,,,,,,,,,,660.0,108.0
OpenTelemetry.Instrumentation.AspNetCore,1.18.0,ok,,netstandard2.0,lib/netstandard2.0/OpenTelemetry.Instrumentation.AspNetCore.dll,70144.0,96491.0,156993.0,4.0,7.0,33.0,0.0,2.0,0.0,40.0,,,,,,,,,,,,,,276.0,69.0
AWSSDK.SecurityToken,4.0.100.11,ok,,netstandard2.0,lib/netstandard2.0/AWSSDK.SecurityToken.dll,105640.0,108899.0,441321.0,98.0,122.0,154.0,0.0,176.0,0.0,276.0,,,,,,,,,,,,,,780.0,112.0
AutoMapper.Extensions.Microsoft.DependencyInjection,12.0.1,ok,,netstandard2.1,lib/netstandard2.1/AutoMapper.Extensions.Microsoft.DependencyInjection.dll,12800.0,28422.0,22314.0,1.0,12.0,0.0,0.0,0.0,0.0,12.0,,,,,,,,,,,,,,47.0,15.0
Grpc.Tools,2.83.0,native_only,,,,,65558.0,23904464.0,,,,,,,,,,,,,,,,,,,,,,
Azure.Core.Amqp,1.3.1,ok,,netstandard2.0,lib/netstandard2.0/Azure.Core.Amqp.dll,48672.0,87628.0,62521.0,9.0,19.0,41.0,0.0,4.0,4.0,60.0,,,,,,,,,,,,,,167.0,27.0
Microsoft.Extensions.FileProviders.Composite,10.0.11,ok,,netstandard2.0,lib/netstandard2.0/Microsoft.Extensions.FileProviders.Composite.dll,23336.0,79400.0,115357.0,6.0,7.0,15.0,0.0,3.0,0.0,22.0,,,,,,,,,,,,,,62.0,28.0
NJsonSchema,11.6.1,ok,,netstandard2.0,lib/netstandard2.0/NJsonSchema.dll,254464.0,166597.0,380977.0,78.0,183.0,310.0,2.0,63.0,0.0,495.0,,,,,,,,,,,,,,1325.0,261.0
MongoDB.Driver.Core,2.30.0,ok,,netstandard2.1,lib/netstandard2.1/MongoDB.Driver.Core.dll,1024512.0,445207.0,1407613.0,408.0,880.0,1873.0,7.0,395.0,18.0,2760.0,,,,,,,,,,,,,,6461.0,1059.0
Swashbuckle.AspNetCore.Annotations,10.2.3,ok,,net10.0,lib/net10.0/Swashbuckle.AspNetCore.Annotations.dll,24576.0,77437.0,101893.0,16.0,8.0,30.0,0.0,16.0,0.0,38.0,,,,,,,,,,,,,,126.0,25.0
OpenTelemetry.Instrumentation.Http,1.18.0,ok,,netstandard2.0,lib/netstandard2.0/OpenTelemetry.Instrumentation.Http.dll,64512.0,93960.0,198208.0,4.0,7.0,34.0,0.0,2.0,0.0,41.0,,,,,,,,,,,,,,276.0,67.0
System.IO.FileSystem.Watcher,4.3.0,ok,,netstandard1.3,ref/netstandard1.3/System.IO.FileSystem.Watcher.dll,24976.0,79944.0,193875.0,10.0,19.0,15.0,5.0,9.0,0.0,39.0,,,,,,,,,,,,,,63.0,11.0
Microsoft.NET.StringTools,18.9.6,ok,,netstandard2.0,ref/netstandard2.0/Microsoft.NET.StringTools.dll,22312.0,78261.0,180164.0,6.0,30.0,8.0,0.0,2.0,0.0,38.0,,,,,,,,,,,,,,78.0,20.0
MongoDB.Driver,3.11.1,ok,,netstandard2.1,lib/netstandard2.1/MongoDB.Driver.dll,2744832.0,1008646.0,3349916.0,706.0,2779.0,4982.0,8.0,656.0,101.0,7769.0,,,,,,,,,,,,,,17828.0,2795.0
Microsoft.AspNetCore.Mvc.Razor,2.3.0,ok,,netstandard2.0,lib/netstandard2.0/Microsoft.AspNetCore.Mvc.Razor.dll,144936.0,130582.0,108087.0,75.0,133.0,183.0,0.0,59.0,0.0,316.0,,,,,,,,,,,,,,697.0,135.0
HtmlAgilityPack,1.13.0,ok,,netstandard2.0,lib/netstandard2.0/HtmlAgilityPack.dll,166912.0,130996.0,1439706.0,36.0,266.0,177.0,0.0,38.0,0.0,443.0,,,,,,,,,,,,,,838.0,76.0
Microsoft.AspNetCore.Components.Web,10.0.11,ok,,net10.0,lib/net10.0/Microsoft.AspNetCore.Components.Web.dll,189224.0,144982.0,134331.0,80.0,136.0,274.0,0.0,62.0,0.0,410.0,,,,,,,,,,,,,,1018.0,159.0
Microsoft.EntityFrameworkCore.Sqlite.Core,10.0.11,ok,,net10.0,lib/net10.0/Microsoft.EntityFrameworkCore.Sqlite.dll,311648.0,195107.0,185627.0,109.0,332.0,235.0,0.0,93.0,0.0,567.0,,,,,,,,,,,,,,1506.0,239.0
Microsoft.Extensions.Azure,1.14.1,ok,,netstandard2.0,lib/netstandard2.0/Microsoft.Extensions.Azure.dll,68928.0,99279.0,147715.0,6.0,25.0,45.0,1.0,2.0,0.0,71.0,,,,,,,,,,,,,,269.0,67.0
Microsoft.Rest.ClientRuntime.Azure,4.0.3,ok,,netstandard1.5,lib/netstandard1.5/Microsoft.Rest.ClientRuntime.Azure.dll,76480.0,99605.0,113184.0,20.0,33.0,74.0,0.0,18.0,1.0,107.0,,,,,,,,,,,,,,231.0,46.0
System.ComponentModel.EventBasedAsync,4.3.0,ok,,netstandard1.3,ref/netstandard1.3/System.ComponentModel.EventBasedAsync.dll,25016.0,79951.0,185773.0,11.0,28.0,17.0,3.0,9.0,0.0,48.0,,,,,,,,,,,,,,66.0,12.0
runtime.any.System.Runtime,4.3.1,ok,,netstandard1.5,lib/netstandard1.5/System.Runtime.dll,39704.0,82977.0,64473.0,23.0,63.0,5.0,0.0,36.0,0.0,68.0,,,,,,,,,,,,,,106.0,24.0
System.Diagnostics.TextWriterTraceListener,4.3.0,ok,,netstandard1.3,ref/netstandard1.3/System.Diagnostics.TextWriterTraceListener.dll,22472.0,78885.0,94195.0,2.0,8.0,2.0,0.0,9.0,0.0,10.0,,,,,,,,,,,,,,21.0,3.0
Microsoft.AspNetCore.Components,10.0.11,ok,,net10.0,lib/net10.0/Microsoft.AspNetCore.Components.dll,399144.0,227751.0,239972.0,105.0,369.0,406.0,6.0,69.0,1.0,781.0,,,,,,,,,,,,,,2257.0,380.0
Microsoft.AspNet.Razor,3.3.0,ok,,net45,lib/net45/System.Web.Razor.dll,265248.0,178126.0,182098.0,109.0,505.0,422.0,3.0,112.0,15.0,930.0,,,,,,,,,,,,,,2017.0,253.0
Microsoft.AspNetCore.Cors,2.3.12,ok,,netstandard2.0,lib/netstandard2.0/Microsoft.AspNetCore.Cors.dll,37216.0,70793.0,51091.0,16.0,35.0,24.0,0.0,14.0,0.0,59.0,,,,,,,,,,,,,,115.0,25.0
runtime.any.System.Text.Encoding,4.3.0,ok,,netstandard1.3,lib/netstandard1.3/System.Text.Encoding.dll,22384.0,56318.0,43396.0,0.0,0.0,0.0,0.0,0.0,0.0,0.0,,,,,,,,,,,,,,0.0,1.0
Microsoft.Extensions.Identity.Stores,10.0.11,ok,,netstandard2.0,lib/netstandard2.0/Microsoft.Extensions.Identity.Stores.dll,52520.0,90413.0,137727.0,14.0,97.0,79.0,0.0,18.0,0.0,176.0,,,,,,,,,,,,,,303.0,47.0
AWSSDK.SQS,4.0.100.11,ok,,netstandard2.0,lib/netstandard2.0/AWSSDK.SQS.dll,158888.0,121850.0,599285.0,194.0,278.0,258.0,0.0,361.0,3.0,536.0,,,,,,,,,,,,,,1394.0,208.0
Fare,2.2.2,ok,,netstandard2.0,lib/netstandard2.0/Fare.dll,55296.0,92251.0,121343.0,15.0,120.0,38.0,0.0,11.0,6.0,158.0,,,,,,,,,,,,,,338.0,36.0
OpenTelemetry.Exporter.OpenTelemetryProtocol,1.18.0,ok,,netstandard2.1,lib/netstandard2.1/OpenTelemetry.Exporter.OpenTelemetryProtocol.dll,167936.0,134725.0,608930.0,11.0,26.0,86.0,0.0,5.0,0.0,112.0,,,,,,,,,,,,,,751.0,127.0
System.ServiceModel.Duplex,6.0.0,ok,,net6.0,lib/net6.0/System.ServiceModel.Duplex.dll,15240.0,58614.0,48955.0,0.0,0.0,0.0,0.0,0.0,0.0,0.0,,,,,,,,,,,,,,0.0,1.0
Microsoft.Extensions.PlatformAbstractions,1.1.0,ok,,netstandard1.3,lib/netstandard1.3/Microsoft.Extensions.PlatformAbstractions.dll,16376.0,39709.0,30191.0,2.0,0.0,6.0,0.0,1.0,0.0,6.0,,,,,,,,,,,,,,11.0,3.0
System.Linq.Dynamic.Core,1.7.4,ok,,netstandard2.1,lib/netstandard2.1/System.Linq.Dynamic.Core.dll,249856.0,157747.0,2512702.0,32.0,279.0,118.0,0.0,22.0,0.0,397.0,,,,,,,,,,,,,,1155.0,164.0
runtime.any.System.IO,4.3.0,ok,,netstandard1.5,lib/netstandard1.5/System.IO.dll,39232.0,74914.0,54553.0,2.0,11.0,17.0,0.0,5.0,0.0,28.0,,,,,,,,,,,,,,71.0,10.0
Elasticsearch.Net,7.17.5,ok,,netstandard2.1,lib/netstandard2.1/Elasticsearch.Net.dll,1007104.0,394189.0,1659417.0,566.0,1728.0,2548.0,10.0,513.0,18.0,4286.0,,,,,,,,,,,,,,8212.0,995.0
SharpCompress,1.0.0,ok,,netstandard2.0,lib/netstandard2.0/SharpCompress.dll,1548800.0,813824.0,3018365.0,465.0,973.0,1407.0,0.0,152.0,1.0,2380.0,,,,,,,,,,,,,,6788.0,1074.0
Google.Api.Gax,4.15.0,ok,,netstandard2.0,lib/netstandard2.0/Google.Api.Gax.dll,81408.0,101195.0,162525.0,48.0,158.0,107.0,0.0,30.0,14.0,265.0,,,,,,,,,,,,,,463.0,78.0
runtime.any.System.Threading.Tasks,4.3.0,ok,,netstandard1.3,lib/netstandard1.3/System.Threading.Tasks.dll,26488.0,63070.0,47940.0,1.0,2.0,0.0,0.0,0.0,0.0,2.0,,,,,,,,,,,,,,10.0,5.0
TimeZoneConverter,7.2.0,ok,,netstandard2.0,lib/netstandard2.0/TimeZoneConverter.dll,130048.0,130983.0,272646.0,5.0,27.0,102.0,0.0,1.0,0.0,129.0,,,,,,,,,,,,,,747.0,134.0
BouncyCastle.Cryptography,2.7.0,ok,,netstandard2.0,lib/netstandard2.0/BouncyCastle.Cryptography.dll,4885904.0,2627175.0,8730569.0,1905.0,8518.0,3320.0,0.0,2716.0,0.0,11838.0,,,,,,,,,,,,,,23814.0,2828.0
runtime.any.System.Reflection.Primitives,4.3.0,ok,,netstandard1.3,lib/netstandard1.3/System.Reflection.Primitives.dll,22256.0,56031.0,43106.0,0.0,0.0,0.0,0.0,0.0,0.0,0.0,,,,,,,,,,,,,,0.0,1.0
runtime.any.System.Reflection,4.3.0,ok,,netstandard1.5,lib/netstandard1.5/System.Reflection.dll,22880.0,56644.0,43499.0,0.0,0.0,0.0,0.0,0.0,0.0,0.0,,,,,,,,,,,,,,0.0,1.0
EntityFramework,6.5.2,ok,,netstandard2.1,lib/netstandard2.1/EntityFramework.dll,4985376.0,1719076.0,6533605.0,602.0,3593.0,4584.0,19.0,481.0,38.0,8196.0,,,,,,,,,,,,,,28740.0,3507.0
Ecng.Collections,1.0.308,ok,,net10.0,lib/net10.0/Ecng.Collections.dll,116736.0,115544.0,161959.0,43.0,368.0,117.0,27.0,70.0,0.0,512.0,,,,,,,,,,,,,,891.0,94.0
prometheus-net,8.2.1,ok,,netstandard2.0,lib/netstandard2.0/Prometheus.NetStandard.dll,182784.0,143171.0,424722.0,65.0,198.0,167.0,0.0,30.0,2.0,365.0,,,,,,,,,,,,,,1171.0,218.0
SQLitePCLRaw.lib.e_sqlite3,3.53.3,native_only,,,,,65558.0,39311643.0,,,,,,,,,,,,,,,,,,,,,,
SSH.NET,2026.0.0,ok,,netstandard2.0,lib/netstandard2.0/Renci.SshNet.dll,540160.0,273711.0,1604179.0,184.0,621.0,1067.0,102.0,247.0,0.0,1790.0,,,,,,,,,,,,,,4364.0,562.0
AutoFixture,4.18.1,ok,,netstandard2.0,lib/netstandard2.0/AutoFixture.dll,199168.0,144357.0,700318.0,251.0,486.0,222.0,4.0,289.0,0.0,712.0,,,,,,,,,,,,,,1695.0,417.0
System.ServiceModel.Security,6.0.0,ok,,net6.0,lib/net6.0/System.ServiceModel.Security.dll,16832.0,59401.0,49338.0,0.0,0.0,0.0,0.0,0.0,0.0,0.0,,,,,,,,,,,,,,0.0,1.0
Microsoft.AspNetCore.Mvc.TagHelpers,2.3.12,ok,,netstandard2.0,lib/netstandard2.0/Microsoft.AspNetCore.Mvc.TagHelpers.dll,127288.0,120547.0,93329.0,41.0,52.0,183.0,0.0,33.0,0.0,235.0,,,,,,,,,,,,,,567.0,78.0
MessagePack,3.1.8,ok,,netstandard2.1,lib/netstandard2.1/MessagePack.dll,368640.0,212842.0,947554.0,251.0,750.0,171.0,0.0,126.0,2.0,921.0,,,,,,,,,,,,,,2376.0,501.0
Microsoft.AspNet.WebPages,3.3.0,ok,,net45,lib/net45/System.Web.Helpers.dll,138168.0,126288.0,266019.0,17.0,71.0,150.0,0.0,13.0,2.0,221.0,,,,,,,,,,,,,,615.0,72.0
Microsoft.AspNetCore.Mvc.Cors,2.3.12,ok,,netstandard2.0,lib/netstandard2.0/Microsoft.AspNetCore.Mvc.Cors.dll,26424.0,59694.0,44137.0,8.0,10.0,7.0,0.0,6.0,0.0,17.0,,,,,,,,,,,,,,32.0,11.0
runtime.any.System.Resources.ResourceManager,4.3.0,ok,,netstandard1.3,lib/netstandard1.3/System.Resources.ResourceManager.dll,22784.0,55754.0,42939.0,0.0,0.0,0.0,0.0,0.0,0.0,0.0,,,,,,,,,,,,,,0.0,1.0
SkiaSharp,4.151.2,ok,,netstandard2.1,ref/netstandard2.1/SkiaSharp.dll,267104.0,167084.0,9327585.0,217.0,1820.0,618.0,0.0,165.0,149.0,2438.0,,,,,,,,,,,,,,4559.0,371.0
Microsoft.AspNetCore.Components.Forms,10.0.11,ok,,net10.0,lib/net10.0/Microsoft.AspNetCore.Components.Forms.dll,47912.0,89447.0,64278.0,9.0,33.0,23.0,5.0,8.0,0.0,61.0,,,,,,,,,,,,,,174.0,26.0
runtime.any.System.Globalization,4.3.0,ok,,netstandard1.3,lib/netstandard1.3/System.Globalization.dll,22384.0,56675.0,43718.0,0.0,0.0,0.0,0.0,0.0,0.0,0.0,,,,,,,,,,,,,,0.0,1.0
NodaTime,3.3.3,ok,,netstandard2.0,lib/netstandard2.0/NodaTime.dll,527064.0,273859.0,811484.0,92.0,665.0,655.0,0.0,55.0,121.0,1320.0,,,,,,,,,,,,,,3194.0,391.0
runtime.any.System.Collections,4.3.0,ok,,netstandard1.3,lib/netstandard1.3/System.Collections.dll,98504.0,109568.0,107990.0,19.0,116.0,154.0,0.0,29.0,0.0,270.0,,,,,,,,,,,,,,578.0,65.0
Microsoft.JSInterop,10.0.11,ok,,net10.0,lib/net10.0/Microsoft.JSInterop.dll,75048.0,100895.0,80332.0,28.0,97.0,40.0,0.0,11.0,0.0,137.0,,,,,,,,,,,,,,296.0,70.0
SQLitePCLRaw.bundle_e_sqlite3,3.0.5,metapackage,,,,,16152.0,16152.0,,,,,,,,,,,,,,,,,,,,,,
Namotion.Reflection,3.5.1,ok,,netstandard2.0,lib/netstandard2.0/Namotion.Reflection.dll,81408.0,101740.0,149367.0,19.0,99.0,89.0,0.0,3.0,1.0,188.0,,,,,,,,,,,,,,469.0,100.0
Scrutor,7.0.0,ok,,netstandard2.0,lib/netstandard2.0/Scrutor.dll,62976.0,93116.0,202142.0,23.0,124.0,68.0,0.0,15.0,0.0,192.0,,,,,,,,,,,,,,562.0,105.0
Microsoft.AspNetCore.Mvc.Localization,2.3.12,ok,,netstandard2.0,lib/netstandard2.0/Microsoft.AspNetCore.Mvc.Localization.dll,32568.0,66012.0,48807.0,13.0,49.0,17.0,0.0,7.0,0.0,66.0,,,,,,,,,,,,,,113.0,20.0
Microsoft.AspNetCore.Mvc.RazorPages,2.3.0,ok,,netstandard2.0,lib/netstandard2.0/Microsoft.AspNetCore.Mvc.RazorPages.dll,176176.0,140065.0,120385.0,76.0,332.0,234.0,0.0,67.0,0.0,566.0,,,,,,,,,,,,,,1116.0,189.0
Microsoft.AspNet.Mvc,5.3.0,ok,,net45,lib/net45/System.Web.Mvc.dll,548800.0,281527.0,328064.0,321.0,1063.0,905.0,2.0,333.0,0.0,1970.0,,,,,,,,,,,,,,4439.0,682.0
MediatR.Contracts,2.0.1,ok,,netstandard2.0,lib/netstandard2.0/MediatR.Contracts.dll,6656.0,29167.0,25621.0,6.0,5.0,2.0,0.0,0.0,2.0,7.0,,,,,,,,,,,,,,16.0,11.0
Microsoft.Build,18.9.6,ok,,net10.0,ref/net10.0/Microsoft.Build.dll,893736.0,341745.0,5416946.0,285.0,843.0,2978.0,108.0,240.0,4.0,3929.0,,,,,,,,,,,,,,11832.0,1650.0
Microsoft.AspNetCore.Mvc,2.3.12,ok,,netstandard2.0,lib/netstandard2.0/Microsoft.AspNetCore.Mvc.dll,20280.0,52813.0,40669.0,1.0,2.0,0.0,0.0,0.0,0.0,2.0,,,,,,,,,,,,,,10.0,5.0
MimeKit,4.17.0,ok,,netstandard2.1,lib/netstandard2.1/MimeKit.dll,1326080.0,521064.0,7344129.0,257.0,1666.0,816.0,16.0,293.0,15.0,2498.0,,,,,,,,,,,,,,5004.0,577.0
Serilog.Enrichers.Environment,3.0.1,ok,,netstandard2.0,lib/netstandard2.0/Serilog.Enrichers.Environment.dll,10752.0,67958.0,62895.0,1.0,4.0,9.0,0.0,0.0,0.0,13.0,,,,,,,,,,,,,,44.0,22.0
FluentValidation.AspNetCore,11.3.1,ok,,net6.0,lib/net6.0/FluentValidation.AspNetCore.dll,67584.0,103992.0,191431.0,12.0,40.0,27.0,0.0,14.0,0.0,67.0,,,,,,,,,,,,,,233.0,52.0
NSubstitute,6.2.0,ok,,netstandard2.0,lib/netstandard2.0/NSubstitute.dll,169984.0,136422.0,183633.0,215.0,552.0,119.0,0.0,151.0,3.0,671.0,,,,,,,,,,,,,,1484.0,396.0
Microsoft.AspNetCore.Server.Kestrel,2.3.12,ok,,netstandard2.0,lib/netstandard2.0/Microsoft.AspNetCore.Server.Kestrel.dll,18232.0,50185.0,39205.0,1.0,3.0,0.0,0.0,0.0,0.0,3.0,,,,,,,,,,,,,,12.0,6.0
runtime.any.System.Runtime.Handles,4.3.0,ok,,netstandard1.3,lib/netstandard1.3/System.Runtime.Handles.dll,22904.0,44112.0,30945.0,2.0,2.0,0.0,0.0,0.0,0.0,2.0,,,,,,,,,,,,,,2.0,3.0
System.Interactive.Async,7.0.1,ok,,netstandard2.1,ref/netstandard2.1/System.Interactive.Async.dll,38864.0,84600.0,921265.0,1.0,155.0,6.0,0.0,0.0,0.0,161.0,,,,,,,,,,,,,,251.0,35.0
runtime.any.System.Runtime.InteropServices,4.3.0,ok,,netstandard1.6,lib/netstandard1.6/System.Runtime.InteropServices.dll,34200.0,83721.0,71496.0,12.0,19.0,16.0,0.0,4.0,0.0,35.0,,,,,,,,,,,,,,47.0,15.0
Microsoft.VisualStudio.Web.CodeGeneration.Design,10.0.2,ok,,net10.0,lib/net10.0/dotnet-aspnet-codegenerator-design.dll,54304.0,94404.0,75300.0,3.0,10.0,55.0,0.0,3.0,0.0,65.0,,,,,,,,,,,,,,205.0,31.0
Microsoft.AspNetCore.Localization,2.3.12,ok,,netstandard2.0,lib/netstandard2.0/Microsoft.AspNetCore.Localization.dll,31072.0,65726.0,48423.0,13.0,16.0,20.0,0.0,16.0,0.0,36.0,,,,,,,,,,,,,,84.0,19.0
System.ServiceProcess.ServiceController,10.0.11,ok,,netstandard2.0,lib/netstandard2.0/System.ServiceProcess.ServiceController.dll,38696.0,85110.0,298577.0,14.0,35.0,78.0,0.0,9.0,2.0,113.0,,,,,,,,,,,,,,193.0,46.0
Microsoft.Web.Infrastructure,2.0.1,ok,,net40,lib/net40/Microsoft.Web.Infrastructure.dll,50648.0,81567.0,55957.0,4.0,7.0,13.0,0.0,0.0,0.0,20.0,,,,,,,,,,,,,,180.0,36.0
Microsoft.Extensions.Caching.StackExchangeRedis,10.0.11,ok,,netstandard2.0,lib/netstandard2.0/Microsoft.Extensions.Caching.StackExchangeRedis.dll,44368.0,88980.0,113108.0,3.0,10.0,15.0,0.0,2.0,0.0,25.0,,,,,,,,,,,,,,116.0,34.0
MongoDB.Libmongocrypt,1.12.0,ok,,netstandard2.1,lib/netstandard2.1/MongoDB.Libmongocrypt.dll,60928.0,89888.0,48459864.0,87.0,240.0,93.0,0.0,81.0,0.0,333.0,,,,,,,,,,,,,,592.0,120.0
Microsoft.AspNetCore.SignalR.Common,10.0.11,ok,,netstandard2.0,lib/netstandard2.0/Microsoft.AspNetCore.SignalR.Common.dll,44840.0,89038.0,122766.0,24.0,20.0,43.0,0.0,25.0,0.0,63.0,,,,,,,,,,,,,,204.0,59.0
AngleSharp,1.7.3,ok,,netstandard2.0,lib/netstandard2.0/AngleSharp.dll,1069056.0,450586.0,2638578.0,473.0,1334.0,2154.0,317.0,180.0,26.0,3805.0,,,,,,,,,,,,,,8039.0,996.0
Microsoft.VisualStudio.Web.CodeGeneration.EntityFrameworkCore,10.0.2,ok,,net10.0,lib/net10.0/Microsoft.VisualStudio.Web.CodeGeneration.EntityFrameworkCore.dll,82976.0,104602.0,89263.0,22.0,17.0,103.0,0.0,14.0,0.0,120.0,,,,,,,,,,,,,,321.0,53.0
NuGet.Versioning,7.9.0,ok,,net8.0,lib/net8.0/NuGet.Versioning.dll,62264.0,97421.0,154759.0,22.0,88.0,52.0,0.0,36.0,6.0,140.0,,,,,,,,,,,,,,310.0,41.0
Microsoft.VisualStudio.Web.CodeGeneration.Utils,10.0.2,ok,,net10.0,lib/net10.0/Microsoft.VisualStudio.Web.CodeGeneration.Utils.dll,35400.0,85079.0,65427.0,12.0,14.0,27.0,0.0,5.0,0.0,41.0,,,,,,,,,,,,,,86.0,24.0
Microsoft.VisualStudio.Web.CodeGeneration,10.0.2,ok,,net10.0,lib/net10.0/Microsoft.VisualStudio.Web.CodeGeneration.dll,37408.0,86350.0,66570.0,1.0,1.0,38.0,0.0,1.0,0.0,39.0,,,,,,,,,,,,,,147.0,20.0
Microsoft.EntityFrameworkCore.Sqlite,10.0.11,metapackage,,,,,29896.0,29896.0,,,,,,,,,,,,,,,,,,,,,,
Microsoft.VisualStudio.Web.CodeGeneration.Core,10.0.2,ok,,net10.0,lib/net10.0/Microsoft.VisualStudio.Web.CodeGeneration.Core.dll,63520.0,97703.0,79316.0,20.0,14.0,81.0,0.0,13.0,0.0,95.0,,,,,,,,,,,,,,282.0,52.0
Microsoft.VisualStudio.Web.CodeGeneration.Templating,10.0.2,ok,,net10.0,lib/net10.0/Microsoft.VisualStudio.Web.CodeGeneration.Templating.dll,30752.0,81093.0,63288.0,9.0,19.0,19.0,0.0,6.0,0.0,38.0,,,,,,,,,,,,,,75.0,16.0
Microsoft.Azure.Functions.Worker.Core,2.52.0,ok,,netstandard2.0,lib/netstandard2.0/Microsoft.Azure.Functions.Worker.Core.dll,166432.0,157976.0,590891.0,76.0,68.0,200.0,0.0,42.0,0.0,268.0,,,,,,,,,,,,,,808.0,247.0
Microsoft.VisualStudio.Web.CodeGenerators.Mvc,10.0.2,ok,,net10.0,lib/net10.0/Microsoft.VisualStudio.Web.CodeGenerators.Mvc.dll,658464.0,214065.0,3526618.0,218.0,709.0,842.0,0.0,221.0,0.0,1551.0,,,,,,,,,,,,,,2569.0,308.0
runtime.any.System.Text.Encoding.Extensions,4.3.0,ok,,netstandard1.3,lib/netstandard1.3/System.Text.Encoding.Extensions.dll,22944.0,56164.0,43296.0,0.0,0.0,0.0,0.0,0.0,0.0,0.0,,,,,,,,,,,,,,0.0,1.0
Microsoft.AspNetCore.Identity.EntityFrameworkCore,10.0.11,ok,,net10.0,lib/net10.0/Microsoft.AspNetCore.Identity.EntityFrameworkCore.dll,137512.0,117119.0,96557.0,27.0,87.0,51.0,0.0,33.0,0.0,138.0,,,,,,,,,,,,,,396.0,122.0
AWSSDK.Extensions.NETCore.Setup,4.0.101.1,ok,,netstandard2.0,lib/netstandard2.0/AWSSDK.Extensions.NETCore.Setup.dll,46248.0,87844.0,112289.0,6.0,15.0,48.0,0.0,5.0,0.0,63.0,,,,,,,,,,,,,,133.0,12.0
runtime.any.System.Diagnostics.Tracing,4.3.0,ok,,netstandard1.5,lib/netstandard1.5/System.Diagnostics.Tracing.dll,37264.0,69522.0,49844.0,1.0,1.0,29.0,0.0,1.0,0.0,30.0,,,,,,,,,,,,,,77.0,9.0
Microsoft.AspNetCore.Components.Analyzers,10.0.11,tools_only,,,,,63387.0,63387.0,,,,,,,,,,,,,,,,,,,,,,
Microsoft.Extensions.DiagnosticAdapter,3.1.32,ok,,netstandard2.0,lib/netstandard2.0/Microsoft.Extensions.DiagnosticAdapter.dll,29088.0,81628.0,92534.0,16.0,19.0,26.0,0.0,17.0,0.0,45.0,,,,,,,,,,,,,,87.0,21.0
runtime.any.System.Reflection.Extensions,4.3.0,ok,,netstandard1.3,lib/netstandard1.3/System.Reflection.Extensions.dll,24816.0,58322.0,44123.0,0.0,0.0,6.0,0.0,0.0,0.0,6.0,,,,,,,,,,,,,,12.0,3.0
Microsoft.AspNetCore.Mvc.Versioning,5.1.0,ok,,net6.0,lib/net6.0/Microsoft.AspNetCore.Mvc.Versioning.dll,151968.0,135870.0,421124.0,92.0,227.0,193.0,0.0,86.0,6.0,420.0,,,,,,,,,,,,,,916.0,173.0
Microsoft.NETCore.DotNetAppHost,10.0.11,metapackage,,,,,43696.0,43696.0,,,,,,,,,,,,,,,,,,,,,,
Microsoft.Owin,4.2.3,ok,,net45,lib/net45/Microsoft.Owin.dll,123424.0,133328.0,119334.0,59.0,184.0,206.0,0.0,48.0,16.0,390.0,,,,,,,,,,,,,,792.0,114.0
Azure.Security.KeyVault.Certificates,4.9.1,ok,,netstandard2.0,lib/netstandard2.0/Azure.Security.KeyVault.Certificates.dll,310584.0,192419.0,502560.0,42.0,135.0,271.0,0.0,39.0,15.0,406.0,,,,,,,,,,,,,,1570.0,268.0
Microsoft.NET.Workload.Mono.ToolChain.Current.Manifest-9.0.100,9.0.19,metapackage,,,,,54171.0,54171.0,,,,,,,,,,,,,,,,,,,,,,
Microsoft.AspNet.WebApi.WebHost,5.3.0,ok,,net45,lib/net45/System.Web.Http.WebHost.dll,80416.0,104695.0,76972.0,7.0,10.0,102.0,0.0,4.0,0.0,112.0,,,,,,,,,,,,,,385.0,66.0
StyleCop.Analyzers,1.1.118,tools_only,,,,,65558.0,377566.0,,,,,,,,,,,,,,,,,,,,,,
MessagePack.Annotations,3.1.8,ok,,netstandard2.0,lib/netstandard2.0/MessagePack.Annotations.dll,18432.0,38224.0,29824.0,10.0,2.0,41.0,0.0,12.0,0.0,43.0,,,,,,,,,,,,,,124.0,51.0
Microsoft.NET.Workload.Emscripten.Current.Manifest-9.0.100,9.0.19,metapackage,,,,,31914.0,31914.0,,,,,,,,,,,,,,,,,,,,,,
Microsoft.AspNetCore.Http.Connections.Common,10.0.11,ok,,netstandard2.0,lib/netstandard2.0/Microsoft.AspNetCore.Http.Connections.Common.dll,31016.0,82546.0,92807.0,5.0,2.0,19.0,0.0,2.0,0.0,21.0,,,,,,,,,,,,,,84.0,27.0
Grpc.AspNetCore.Server,2.83.0,ok,,net10.0,lib/net10.0/Grpc.AspNetCore.Server.dll,157184.0,130373.0,350956.0,21.0,33.0,117.0,0.0,9.0,0.0,150.0,,,,,,,,,,,,,,618.0,146.0
Microsoft.NET.Workload.Emscripten.net8.Manifest-9.0.100,9.0.19,metapackage,,,,,31545.0,31545.0,,,,,,,,,,,,,,,,,,,,,,
Grpc.Core,2.46.6,ok,,netstandard2.0,lib/netstandard2.0/Grpc.Core.dll,484632.0,296156.0,17751214.0,138.0,402.0,140.0,1.0,132.0,2.0,543.0,,,,,,,,,,,,,,2117.0,311.0
Microsoft.NET.Workload.Emscripten.net7.Manifest-9.0.100,9.0.19,metapackage,,,,,31500.0,31500.0,,,,,,,,,,,,,,,,,,,,,,
DocumentFormat.OpenXml,3.5.1,ok,,netstandard2.0,lib/netstandard2.0/DocumentFormat.OpenXml.dll,7986656.0,1994573.0,15375355.0,5075.0,6830.0,20283.0,0.0,11905.0,1164.0,27113.0,,,,,,,,,,,,,,83164.0,8035.0
Microsoft.NET.Workload.Mono.ToolChain.net8.Manifest-9.0.100,9.0.19,metapackage,,,,,48847.0,48847.0,,,,,,,,,,,,,,,,,,,,,,
Microsoft.NET.Workload.Emscripten.net6.Manifest-9.0.100,9.0.19,metapackage,,,,,31454.0,31454.0,,,,,,,,,,,,,,,,,,,,,,
Microsoft.NET.Workload.Mono.ToolChain.net6.Manifest-9.0.100,9.0.19,metapackage,,,,,48686.0,48686.0,,,,,,,,,,,,,,,,,,,,,,
Microsoft.NET.Workload.Mono.ToolChain.net7.Manifest-9.0.100,9.0.19,metapackage,,,,,48866.0,48866.0,,,,,,,,,,,,,,,,,,,,,,
protobuf-net,3.4.21,ok,,netstandard2.1,lib/netstandard2.1/protobuf-net.dll,285696.0,219476.0,696997.0,17.0,116.0,375.0,4.0,6.0,2.0,495.0,,,,,,,,,,,,,,1487.0,148.0
Microsoft.AspNetCore.Server.Kestrel.Core,2.3.12,ok,,netstandard2.0,lib/netstandard2.0/Microsoft.AspNetCore.Server.Kestrel.Core.dll,437600.0,225935.0,202769.0,129.0,439.0,632.0,0.0,69.0,0.0,1071.0,,,,,,,,,,,,,,2333.0,302.0
coverlet.msbuild,10.0.1,no_lib_dll,,,,,65558.0,4536724.0,,,,,,,,,,,,,,,,,,,,,,
jQuery,3.7.1,metapackage,,,,,65558.0,385645.0,,,,,,,,,,,,,,,,,,,,,,
Microsoft.AspNetCore.StaticFiles,2.3.12,ok,,netstandard2.0,lib/netstandard2.0/Microsoft.AspNetCore.StaticFiles.dll,71480.0,91434.0,61432.0,19.0,21.0,30.0,0.0,17.0,0.0,51.0,,,,,,,,,,,,,,149.0,32.0
System.DirectoryServices.Protocols,10.0.11,ok,,netstandard2.0,lib/netstandard2.0/System.DirectoryServices.Protocols.dll,77608.0,98339.0,988106.0,88.0,101.0,267.0,0.0,118.0,0.0,368.0,,,,,,,,,,,,,,639.0,116.0
Bogus,35.6.5,ok,,netstandard2.0,lib/netstandard2.0/Bogus.dll,2429952.0,952933.0,3692907.0,98.0,420.0,103.0,0.0,60.0,15.0,523.0,,,,,,,,,,,,,,972.0,175.0
SixLabors.ImageSharp,4.1.1,ok,,net8.0,lib/net8.0/SixLabors.ImageSharp.dll,2599936.0,978781.0,1358931.0,1037.0,4534.0,3464.0,3.0,447.0,231.0,8001.0,,,,,,,,,,,,,,17634.0,2129.0
Confluent.Kafka,2.15.0,ok,,netstandard2.0,lib/netstandard2.0/Confluent.Kafka.dll,459776.0,217864.0,925673.0,223.0,268.0,560.0,0.0,185.0,65.0,828.0,,,,,,,,,,,,,,4321.0,535.0
Microsoft.Spatial,9.0.0,ok,,net10.0,lib/net10.0/Microsoft.Spatial.dll,146768.0,125673.0,131195.0,55.0,223.0,168.0,7.0,41.0,8.0,398.0,,,,,,,,,,,,,,1145.0,179.0
librdkafka.redist,2.15.0,native_only,,,,,65558.0,43047350.0,,,,,,,,,,,,,,,,,,,,,,
System.Data.DataSetExtensions,4.5.0,ok,,netstandard2.0,ref/netstandard2.0/System.Data.DataSetExtensions.dll,25232.0,76715.0,62293.0,10.0,37.0,2.0,0.0,2.0,0.0,39.0,,,,,,,,,,,,,,49.0,12.0
Microsoft.CodeAnalysis.VisualBasic,5.9.0,ok,,netstandard2.0,lib/netstandard2.0/Microsoft.CodeAnalysis.VisualBasic.dll,5157672.0,1933508.0,8501756.0,357.0,4203.0,9682.0,0.0,40.0,4.0,13885.0,,,,,,,,,,,,,,32343.0,2095.0
Microsoft.IdentityModel.Validators,8.22.0,ok,,netstandard2.0,lib/netstandard2.0/Microsoft.IdentityModel.Validators.dll,44856.0,86640.0,191374.0,3.0,6.0,14.0,0.0,0.0,0.0,20.0,,,,,,,,,,,,,,83.0,19.0
Microsoft.Build.Utilities.Core,18.9.6,ok,,netstandard2.0,ref/netstandard2.0/Microsoft.Build.Utilities.Core.dll,59728.0,92479.0,660219.0,25.0,203.0,147.0,15.0,27.0,1.0,365.0,,,,,,,,,,,,,,598.0,63.0
ZstdSharp.Port,0.8.8,ok,,netstandard2.1,lib/netstandard2.1/ZstdSharp.dll,428544.0,220577.0,1389022.0,250.0,283.0,19.0,0.0,18.0,0.0,302.0,,,,,,,,,,,,,,1280.0,289.0
Microsoft.AspNetCore.Server.Kestrel.Https,2.3.12,ok,,netstandard2.0,lib/netstandard2.0/Microsoft.AspNetCore.Server.Kestrel.Https.dll,15672.0,47936.0,37980.0,0.0,0.0,0.0,0.0,0.0,0.0,0.0,,,,,,,,,,,,,,0.0,1.0
Microsoft.Graph.Core,4.0.1,ok,,netstandard2.1,lib/netstandard2.1/Microsoft.Graph.Core.dll,132408.0,126926.0,413975.0,51.0,70.0,71.0,0.0,31.0,0.0,141.0,,,,,,,,,,,,,,473.0,132.0
System.Linq.Parallel,4.3.0,ok,,netstandard1.1,ref/netstandard1.1/System.Linq.Parallel.dll,36720.0,83154.0,522513.0,6.0,205.0,0.0,0.0,0.0,0.0,205.0,,,,,,,,,,,,,,209.0,7.0
NuGet.Common,7.9.0,ok,,net8.0,lib/net8.0/NuGet.Common.dll,107832.0,117940.0,208453.0,70.0,196.0,115.0,0.0,25.0,1.0,311.0,,,,,,,,,,,,,,604.0,123.0
runtime.any.System.Globalization.Calendars,4.3.0,ok,,netstandard1.3,lib/netstandard1.3/System.Globalization.Calendars.dll,23448.0,56447.0,43456.0,0.0,0.0,0.0,0.0,0.0,0.0,0.0,,,,,,,,,,,,,,0.0,1.0
Microsoft.Azure.KeyVault.Core,3.0.5,ok,,netstandard2.0,lib/netstandard2.0/Microsoft.Azure.KeyVault.Core.dll,16968.0,68977.0,59335.0,2.0,7.0,4.0,0.0,0.0,0.0,11.0,,,,,,,,,,,,,,11.0,3.0
CommandLineParser,2.9.1,ok,,netstandard2.0,lib/netstandard2.0/CommandLine.dll,225280.0,158670.0,496069.0,52.0,113.0,239.0,0.0,47.0,3.0,352.0,,,,,,,,,,,,,,1603.0,280.0
Microsoft.AspNetCore.Server.Kestrel.Transport.Abstractions,2.3.12,ok,,netstandard2.0,lib/netstandard2.0/Microsoft.AspNetCore.Server.Kestrel.Transport.Abstractions.dll,34616.0,65076.0,47662.0,12.0,7.0,52.0,0.0,1.0,0.0,59.0,,,,,,,,,,,,,,127.0,19.0
AWSSDK.DynamoDBv2,4.0.103.5,ok,,netstandard2.0,lib/netstandard2.0/AWSSDK.DynamoDBv2.dll,1070760.0,399516.0,2474318.0,858.0,1532.0,1876.0,0.0,1050.0,178.0,3408.0,,,,,,,,,,,,,,9013.0,1171.0
System.Resources.Reader,4.3.0,ok,,netstandard1.0,lib/netstandard1.0/System.Resources.Reader.dll,32992.0,52367.0,34433.0,1.0,2.0,23.0,0.0,1.0,0.0,25.0,,,,,,,,,,,,,,51.0,6.0
MailKit,4.17.0,ok,,netstandard2.1,lib/netstandard2.1/MailKit.dll,970752.0,395966.0,5882107.0,176.0,1327.0,841.0,66.0,250.0,12.0,2234.0,,,,,,,,,,,,,,5018.0,616.0
AWSSDK.SecretsManager,4.0.100.11,ok,,netstandard2.0,lib/netstandard2.0/AWSSDK.SecretsManager.dll,146600.0,117139.0,474422.0,163.0,197.0,308.0,0.0,232.0,4.0,505.0,,,,,,,,,,,,,,1363.0,172.0
System.Net.Http.Json,10.0.11,ok,,netstandard2.0,lib/netstandard2.0/System.Net.Http.Json.dll,74536.0,100460.0,208512.0,7.0,66.0,58.0,0.0,0.0,0.0,124.0,,,,,,,,,,,,,,321.0,62.0
Microsoft.CodeAnalysis.Workspaces.MSBuild,5.9.0,ok,,net10.0,lib/net10.0/Microsoft.CodeAnalysis.Workspaces.MSBuild.dll,134992.0,127640.0,1351821.0,8.0,32.0,65.0,2.0,1.0,0.0,99.0,,,,,,,,,,,,,,433.0,92.0
SixLabors.Fonts,3.1.0,ok,,net8.0,lib/net8.0/SixLabors.Fonts.dll,1993216.0,593793.0,906059.0,149.0,338.0,1698.0,0.0,64.0,23.0,2036.0,,,,,,,,,,,,,,5911.0,844.0
SQLitePCLRaw.provider.e_sqlite3,3.0.5,ok,,netstandard2.0,lib/netstandard2.0/SQLitePCLRaw.provider.e_sqlite3.dll,40960.0,82176.0,78260.0,16.0,45.0,0.0,0.0,16.0,0.0,45.0,,,,,,,,,,,,,,381.0,19.0
Autofac.Extensions.DependencyInjection,11.0.2,ok,,netstandard2.1,lib/netstandard2.1/Autofac.Extensions.DependencyInjection.dll,39936.0,83960.0,119411.0,8.0,18.0,26.0,0.0,10.0,0.0,44.0,,,,,,,,,,,,,,187.0,47.0
MySqlConnector,2.6.2,ok,,netstandard2.1,lib/netstandard2.1/MySqlConnector.dll,868200.0,442589.0,3842388.0,75.0,307.0,699.0,4.0,49.0,7.0,1010.0,,,,,,,,,,,,,,2854.0,449.0
NLog.Extensions.Logging,6.2.0,ok,,netstandard2.1,lib/netstandard2.1/NLog.Extensions.Logging.dll,78336.0,99818.0,250929.0,11.0,34.0,63.0,0.0,15.0,0.0,97.0,,,,,,,,,,,,,,393.0,60.0
runtime.any.System.Diagnostics.Tools,4.3.0,ok,,netstandard1.3,lib/netstandard1.3/System.Diagnostics.Tools.dll,22400.0,56747.0,43707.0,1.0,0.0,2.0,0.0,1.0,0.0,2.0,,,,,,,,,,,,,,3.0,2.0
runtime.unix.System.Private.Uri,4.3.2,native_only,,,,,65558.0,85378.0,,,,,,,,,,,,,,,,,,,,,,
Microsoft.VisualStudio.Web.CodeGeneration.Contracts,5.0.2,ok,,net5.0,lib/net5.0/Microsoft.VisualStudio.Web.CodeGeneration.Contracts.dll,23952.0,54072.0,41473.0,12.0,2.0,66.0,0.0,9.0,0.0,68.0,,,,,,,,,,,,,,111.0,13.0
Microsoft.AspNetCore.SignalR.Protocols.Json,10.0.11,ok,,netstandard2.0,lib/netstandard2.0/Microsoft.AspNetCore.SignalR.Protocols.Json.dll,43304.0,88261.0,112705.0,3.0,6.0,29.0,0.0,3.0,0.0,35.0,,,,,,,,,,,,,,148.0,35.0
Microsoft.Testing.Platform,2.4.0,ok,,netstandard2.0,lib/netstandard2.0/Microsoft.Testing.Platform.dll,1351480.0,546755.0,3582539.0,180.0,267.0,1657.0,9.0,97.0,16.0,1933.0,,,,,,,,,,,,,,6421.0,1195.0
Microsoft.NETCore.Runtime.CoreCLR,2.0.8,metapackage,,,,,28932.0,28932.0,,,,,,,,,,,,,,,,,,,,,,
System.DirectoryServices,10.0.11,ok,,netstandard2.0,lib/netstandard2.0/System.DirectoryServices.dll,134992.0,116387.0,1013591.0,140.0,496.0,511.0,0.0,135.0,0.0,1007.0,,,,,,,,,,,,,,1380.0,173.0
Microsoft.AspNetCore.Razor.Design,2.3.0,tools_only,,,,,65558.0,4395179.0,,,,,,,,,,,,,,,,,,,,,,
NuGet.Configuration,7.9.0,ok,,net8.0,lib/net8.0/NuGet.Configuration.dll,171832.0,138651.0,244720.0,60.0,198.0,211.0,7.0,57.0,0.0,416.0,,,,,,,,,,,,,,1019.0,142.0
Microsoft.Bcl.Cryptography,10.0.11,ok,,netstandard2.1,lib/netstandard2.1/Microsoft.Bcl.Cryptography.dll,267088.0,171392.0,769080.0,28.0,280.0,216.0,0.0,9.0,8.0,496.0,,,,,,,,,,,,,,1439.0,212.0
Sendgrid,9.29.3,ok,,netstandard2.0,lib/netstandard2.0/SendGrid.dll,79872.0,97870.0,316429.0,55.0,94.0,112.0,0.0,87.0,2.0,206.0,,,,,,,,,,,,,,468.0,73.0
NuGet.Packaging,7.9.0,ok,,net8.0,lib/net8.0/NuGet.Packaging.dll,735032.0,341379.0,724238.0,244.0,625.0,1054.0,0.0,220.0,5.0,1679.0,,,,,,,,,,,,,,3866.0,607.0
SkiaSharp.NativeAssets.Win32,4.151.2,native_only,,,,,65558.0,81286500.0,,,,,,,,,,,,,,,,,,,,,,
SkiaSharp.NativeAssets.macOS,4.151.2,metapackage,,,,,65558.0,7650306.0,,,,,,,,,,,,,,,,,,,,,,
System.Net.NetworkInformation,4.3.0,ok,,netstandard1.3,ref/netstandard1.3/System.Net.NetworkInformation.dll,35736.0,84383.0,299825.0,33.0,54.0,179.0,1.0,23.0,0.0,234.0,,,,,,,,,,,,,,263.0,34.0
Microsoft.AspNet.WebApi,5.3.0,metapackage,,,,,36514.0,36514.0,,,,,,,,,,,,,,,,,,,,,,
Microsoft.Testing.Extensions.TrxReport.Abstractions,2.4.0,ok,,netstandard2.0,lib/netstandard2.0/Microsoft.Testing.Extensions.TrxReport.Abstractions.dll,35640.0,84736.0,113416.0,13.0,15.0,41.0,0.0,10.0,0.0,56.0,,,,,,,,,,,,,,162.0,60.0
Microsoft.Bcl.TimeProvider,10.0.11,ok,,netstandard2.0,lib/netstandard2.0/Microsoft.Bcl.TimeProvider.dll,33616.0,84075.0,103899.0,7.0,14.0,29.0,0.0,1.0,0.0,43.0,,,,,,,,,,,,,,118.0,39.0
Microsoft.OData.Edm,9.0.0,ok,,net10.0,lib/net10.0/Microsoft.OData.Edm.dll,1208616.0,428783.0,502675.0,287.0,530.0,1628.0,0.0,190.0,0.0,2158.0,,,,,,,,,,,,,,6259.0,1082.0
Serilog.Enrichers.Thread,4.0.0,ok,,netstandard2.0,lib/netstandard2.0/Serilog.Enrichers.Thread.dll,7168.0,61586.0,57824.0,1.0,2.0,0.0,0.0,0.0,0.0,2.0,,,,,,,,,,,,,,11.0,8.0
runtime.any.System.Threading.Timer,4.3.0,ok,,netstandard1.3,lib/netstandard1.3/System.Threading.Timer.dll,22392.0,55905.0,43098.0,0.0,0.0,0.0,0.0,0.0,0.0,0.0,,,,,,,,,,,,,,0.0,1.0
NewRelic.Agent.Api,10.54.0,ok,,netstandard2.0,lib/netstandard2.0/NewRelic.Api.Agent.dll,23040.0,63812.0,54218.0,11.0,40.0,22.0,0.0,2.0,0.0,62.0,,,,,,,,,,,,,,113.0,46.0
Microsoft.Testing.Platform.MSBuild,2.4.0,ok,,netstandard2.0,lib/netstandard2.0/Microsoft.Testing.Extensions.MSBuild.dll,108896.0,115367.0,2187308.0,4.0,7.0,104.0,0.0,0.0,0.0,111.0,,,,,,,,,,,,,,478.0,132.0
System.Net.WebSockets.Client,4.3.2,ok,,netstandard1.3,ref/netstandard1.3/System.Net.WebSockets.Client.dll,23264.0,79328.0,172924.0,2.0,9.0,10.0,0.0,1.0,0.0,19.0,,,,,,,,,,,,,,26.0,3.0
NetTopologySuite,2.6.0,ok,,netstandard2.1,lib/netstandard2.1/NetTopologySuite.dll,902656.0,432356.0,1504896.0,561.0,2554.0,1283.0,0.0,723.0,64.0,3837.0,,,,,,,,,,,,,,7632.0,803.0
Microsoft.AspNetCore.OpenApi,10.0.11,ok,,net10.0,lib/net10.0/Microsoft.AspNetCore.OpenApi.dll,193320.0,150020.0,173696.0,12.0,28.0,75.0,0.0,5.0,0.0,103.0,,,,,,,,,,,,,,630.0,131.0
Remotion.Linq,2.2.0,ok,,netstandard1.0,lib/netstandard1.0/Remotion.Linq.dll,176640.0,132500.0,565124.0,175.0,702.0,209.0,0.0,137.0,0.0,911.0,,,,,,,,,,,,,,1522.0,271.0
Serilog.Sinks.Async,2.1.0,ok,,netstandard2.0,lib/netstandard2.0/Serilog.Sinks.Async.dll,16896.0,73428.0,79141.0,3.0,3.0,26.0,0.0,0.0,0.0,29.0,,,,,,,,,,,,,,79.0,24.0
Microsoft.Azure.WebJobs.Extensions,5.2.1,ok,,netstandard2.0,lib/netstandard2.0/Microsoft.Azure.WebJobs.Extensions.dll,101408.0,124916.0,101697.0,23.0,32.0,64.0,0.0,24.0,0.0,96.0,,,,,,,,,,,,,,348.0,79.0
AWSSDK.SimpleNotificationService,4.0.100.11,ok,,netstandard2.0,lib/netstandard2.0/AWSSDK.SimpleNotificationService.dll,220840.0,138846.0,659588.0,284.0,412.0,360.0,0.0,475.0,4.0,772.0,,,,,,,,,,,,,,2053.0,318.0
runtime.unix.System.Diagnostics.Debug,4.3.0,native_only,,,,,38808.0,38808.0,,,,,,,,,,,,,,,,,,,,,,
Microsoft.AspNetCore.Authentication.Google,10.0.11,ok,,net10.0,lib/net10.0/Microsoft.AspNetCore.Authentication.Google.dll,28968.0,73300.0,56752.0,5.0,6.0,10.0,0.0,6.0,0.0,16.0,,,,,,,,,,,,,,45.0,10.0
Microsoft.NET.Sdk.iOS.Manifest-9.0.100,26.5.9004,metapackage,,,,,32652.0,32652.0,,,,,,,,,,,,,,,,,,,,,,
Microsoft.Identity.Web,4.14.2,ok,,netstandard2.0,lib/netstandard2.0/Microsoft.Identity.Web.dll,20808.0,77554.0,348528.0,0.0,0.0,0.0,0.0,0.0,0.0,0.0,,,,,,,,,,,,,,8.0,7.0
Google.Api.CommonProtos,2.17.0,ok,,netstandard2.0,lib/netstandard2.0/Google.Api.CommonProtos.dll,450048.0,217539.0,709269.0,232.0,1118.0,880.0,0.0,242.0,0.0,1998.0,,,,,,,,,,,,,,3394.0,360.0
Microsoft.NETCore.Jit,2.0.8,metapackage,,,,,28531.0,28531.0,,,,,,,,,,,,,,,,,,,,,,
runtime.unix.System.Runtime.Extensions,4.3.1,native_only,,,,,63231.0,63231.0,,,,,,,,,,,,,,,,,,,,,,
Microsoft.Azure.Cosmos,3.62.1,ok,,netstandard2.0,lib/netstandard2.0/Microsoft.Azure.Cosmos.Core.dll,138560.0,115550.0,5214962.0,17.0,111.0,37.0,0.0,15.0,78.0,148.0,,,,,,,,,,,,,,403.0,68.0
Microsoft.NET.Sdk.Maui.Manifest-9.0.100,9.0.120,metapackage,,,,,41522.0,41522.0,,,,,,,,,,,,,,,,,,,,,,
Microsoft.NET.Sdk.MacCatalyst.Manifest-9.0.100,26.5.9004,metapackage,,,,,32555.0,32555.0,,,,,,,,,,,,,,,,,,,,,,
Microsoft.NET.Sdk.macOS.Manifest-9.0.100,26.5.9004,metapackage,,,,,32510.0,32510.0,,,,,,,,,,,,,,,,,,,,,,
Microsoft.NET.Sdk.Android.Manifest-9.0.100,35.0.105,metapackage,,,,,55345.0,55345.0,,,,,,,,,,,,,,,,,,,,,,
Microsoft.NET.Sdk.tvOS.Manifest-9.0.100,26.5.9004,metapackage,,,,,32508.0,32508.0,,,,,,,,,,,,,,,,,,,,,,
Microsoft.AspNetCore.Server.Kestrel.Transport.Sockets,2.3.12,ok,,netstandard2.0,lib/netstandard2.0/Microsoft.AspNetCore.Server.Kestrel.Transport.Sockets.dll,42296.0,73442.0,51040.0,10.0,35.0,9.0,0.0,7.0,0.0,44.0,,,,,,,,,,,,,,121.0,29.0
Azure.Storage.Queues,12.27.1,ok,,netstandard2.1,lib/netstandard2.1/Azure.Storage.Queues.dll,505144.0,256073.0,987336.0,49.0,150.0,426.0,2.0,43.0,10.0,578.0,,,,,,,,,,,,,,2339.0,461.0
System.Spatial,5.8.5,ok,,netstandard1.1,lib/netstandard1.1/System.Spatial.dll,127864.0,119114.0,894564.0,49.0,121.0,147.0,7.0,41.0,6.0,275.0,,,,,,,,,,,,,,1005.0,164.0
Microsoft.NET.Sdk.Functions,4.6.0,tools_only,,,,,65558.0,533006.0,,,,,,,,,,,,,,,,,,,,,,
Microsoft.Testing.Extensions.Telemetry,2.4.0,ok,,netstandard2.0,lib/netstandard2.0/Microsoft.Testing.Extensions.Telemetry.dll,47416.0,90941.0,515767.0,4.0,7.0,37.0,0.0,0.0,0.0,44.0,,,,,,,,,,,,,,179.0,65.0
Libuv,1.10.0,native_only,,,,,65558.0,1224699.0,,,,,,,,,,,,,,,,,,,,,,
Microsoft.AspNetCore.Mvc.WebApiCompatShim,2.3.12,ok,,netstandard2.0,lib/netstandard2.0/Microsoft.AspNetCore.Mvc.WebApiCompatShim.dll,64352.0,97097.0,66209.0,39.0,64.0,55.0,0.0,31.0,0.0,119.0,,,,,,,,,,,,,,270.0,52.0
Microsoft.Azure.WebJobs.Extensions.Http,3.3.0,ok,,netstandard2.0,lib/netstandard2.0/Microsoft.Azure.WebJobs.Extensions.Http.dll,79392.0,114590.0,91372.0,14.0,30.0,29.0,0.0,11.0,0.0,59.0,,,,,,,,,,,,,,247.0,59.0
Microsoft.AspNetCore.Diagnostics,2.3.12,ok,,netstandard2.0,lib/netstandard2.0/Microsoft.AspNetCore.Diagnostics.dll,241464.0,156250.0,123830.0,20.0,41.0,124.0,0.0,16.0,1.0,165.0,,,,,,,,,,,,,,431.0,63.0
Microsoft.Owin.Security,4.2.3,ok,,net45,lib/net45/Microsoft.Owin.Security.dll,66080.0,104136.0,77170.0,45.0,72.0,58.0,0.0,32.0,2.0,130.0,,,,,,,,,,,,,,254.0,71.0
Microsoft.Azure.Functions.Worker.ProjectTemplates,4.0.5590,metapackage,,,,,39769.0,39769.0,,,,,,,,,,,,,,,,,,,,,,
Microsoft.AspNetCore.Server.IISIntegration,2.3.12,ok,,netstandard2.0,lib/netstandard2.0/Microsoft.AspNetCore.Server.IISIntegration.dll,97592.0,109341.0,73485.0,5.0,3.0,91.0,0.0,5.0,0.0,94.0,,,,,,,,,,,,,,341.0,102.0
AWSSDK.SimpleSystemsManagement,4.0.103.6,ok,,netstandard2.0,lib/netstandard2.0/AWSSDK.SimpleSystemsManagement.dll,1277096.0,405318.0,2545451.0,1450.0,1657.0,2962.0,0.0,2129.0,102.0,4619.0,,,,,,,,,,,,,,13180.0,1604.0
Nito.Disposables,2.5.0,ok,,netstandard2.1,lib/netstandard2.1/Nito.Disposables.dll,31232.0,78957.0,80077.0,31.0,70.0,23.0,0.0,22.0,0.0,93.0,,,,,,,,,,,,,,213.0,70.0
Grpc.AspNetCore.Server.ClientFactory,2.83.0,ok,,net10.0,lib/net10.0/Grpc.AspNetCore.Server.ClientFactory.dll,21504.0,76060.0,112567.0,2.0,2.0,4.0,0.0,1.0,0.0,6.0,,,,,,,,,,,,,,62.0,19.0
Microsoft.Azure.KeyVault,3.0.5,ok,,netstandard2.0,lib/netstandard2.0/Microsoft.Azure.KeyVault.dll,485448.0,197816.0,552947.0,104.0,360.0,308.0,1.0,193.0,0.0,669.0,,,,,,,,,,,,,,1588.0,323.0
Microsoft.Data.Edm,5.8.5,ok,,netstandard1.1,lib/netstandard1.1/Microsoft.Data.Edm.dll,671120.0,289791.0,2366621.0,222.0,326.0,1225.0,0.0,136.0,0.0,1551.0,,,,,,,,,,,,,,3895.0,640.0
Microsoft.Azure.KeyVault.WebKey,3.0.5,ok,,netstandard2.0,lib/netstandard2.0/Microsoft.Azure.KeyVault.WebKey.dll,58952.0,90931.0,122351.0,11.0,39.0,51.0,0.0,10.0,0.0,90.0,,,,,,,,,,,,,,227.0,26.0
Microsoft.VisualBasic,10.3.0,ok,,netstandard2.0,ref/netstandard2.0/Microsoft.VisualBasic.dll,27272.0,81045.0,452791.0,17.0,96.0,0.0,0.0,7.0,0.0,96.0,,,,,,,,,,,,,,113.0,19.0
NSwag.Core,14.7.1,ok,,netstandard2.0,lib/netstandard2.0/NSwag.Core.dll,102400.0,103202.0,149844.0,38.0,51.0,232.0,2.0,34.0,0.0,285.0,,,,,,,,,,,,,,626.0,66.0
ncrontab.signed,3.4.0,ok,,netstandard2.0,lib/netstandard2.0/NCrontab.Signed.dll,39936.0,89991.0,94770.0,8.0,34.0,14.0,0.0,5.0,0.0,48.0,,,,,,,,,,,,,,158.0,38.0
Grpc.AspNetCore,2.83.0,metapackage,,,,,37359.0,37359.0,,,,,,,,,,,,,,,,,,,,,,
Microsoft.AspNetCore.HttpOverrides,2.3.12,ok,,netstandard2.0,lib/netstandard2.0/Microsoft.AspNetCore.HttpOverrides.dll,32056.0,64827.0,47120.0,10.0,9.0,23.0,0.0,5.0,0.0,32.0,,,,,,,,,,,,,,66.0,13.0
Microsoft.Identity.Web.TokenCache,4.14.2,ok,,netstandard2.0,lib/netstandard2.0/Microsoft.Identity.Web.TokenCache.dll,56640.0,92053.0,225060.0,11.0,40.0,15.0,0.0,7.0,0.0,55.0,,,,,,,,,,,,,,160.0,46.0
Microsoft.NETCore.App.Runtime.linux-x64,10.0.11,native_only,,,,,65558.0,40081770.0,,,,,,,,,,,,,,,,,,,,,,
Microsoft.OData.Core,9.0.0,ok,,net10.0,lib/net10.0/Microsoft.OData.Core.dll,2215208.0,783726.0,1169850.0,311.0,830.0,2402.0,0.0,327.0,0.0,3232.0,,,,,,,,,,,,,,11317.0,1670.0
Snappier,1.3.1,ok,,netstandard2.0,lib/netstandard2.0/Snappier.dll,48128.0,89229.0,141449.0,9.0,36.0,28.0,0.0,2.0,0.0,64.0,,,,,,,,,,,,,,240.0,54.0
Microsoft.AspNetCore.App.Runtime.linux-x64,10.0.11,native_only,,,,,65558.0,12928716.0,,,,,,,,,,,,,,,,,,,,,,
Microsoft.Data.OData,5.8.5,ok,,netstandard1.1,lib/netstandard1.1/Microsoft.Data.OData.dll,1536888.0,530638.0,7077481.0,164.0,339.0,1558.0,0.0,168.0,2.0,1897.0,,,,,,,,,,,,,,7707.0,981.0
Google.Api.Gax.Rest,4.15.0,ok,,netstandard2.0,lib/netstandard2.0/Google.Api.Gax.Rest.dll,27136.0,78895.0,66641.0,6.0,22.0,15.0,0.0,5.0,0.0,37.0,,,,,,,,,,,,,,109.0,27.0
ClosedXML,0.105.1,ok,,netstandard2.1,lib/netstandard2.1/ClosedXML.dll,1692160.0,703995.0,2112576.0,243.0,1549.0,3004.0,2.0,50.0,41.0,4555.0,,,,,,,,,,,,,,12713.0,1331.0
Microsoft.NETCore.Windows.ApiSets,1.0.1,metapackage,,,,,17111.0,17111.0,,,,,,,,,,,,,,,,,,,,,,
Microsoft.Extensions.Features,10.0.11,ok,,netstandard2.0,lib/netstandard2.0/Microsoft.Extensions.Features.dll,30032.0,81927.0,91732.0,5.0,13.0,21.0,0.0,4.0,0.0,34.0,,,,,,,,,,,,,,104.0,31.0
Swashbuckle.AspNetCore.Newtonsoft,10.2.3,ok,,net10.0,lib/net10.0/Swashbuckle.AspNetCore.Newtonsoft.dll,14848.0,73138.0,79190.0,3.0,4.0,0.0,0.0,1.0,0.0,4.0,,,,,,,,,,,,,,20.0,7.0
Microsoft.Identity.Web.Certificate,4.14.2,ok,,netstandard2.0,lib/netstandard2.0/Microsoft.Identity.Web.Certificate.dll,51504.0,90141.0,194357.0,5.0,19.0,17.0,0.0,12.0,0.0,36.0,,,,,,,,,,,,,,134.0,36.0
runtime.unix.System.IO.FileSystem,4.3.0,native_only,,,,,62460.0,62460.0,,,,,,,,,,,,,,,,,,,,,,
Microsoft.Azure.WebJobs.Host.Storage,5.0.2,ok,,netstandard2.0,lib/netstandard2.0/Microsoft.Azure.WebJobs.Host.Storage.dll,60960.0,102095.0,79580.0,4.0,5.0,7.0,0.0,1.0,0.0,12.0,,,,,,,,,,,,,,111.0,40.0
Microsoft.AspNetCore.Authentication.Cookies,2.3.12,ok,,netstandard2.0,lib/netstandard2.0/Microsoft.AspNetCore.Authentication.Cookies.dll,49464.0,81596.0,57163.0,14.0,36.0,31.0,0.0,9.0,0.0,67.0,,,,,,,,,,,,,,159.0,30.0
System.Threading.RateLimiting,10.0.11,ok,,netstandard2.0,lib/netstandard2.0/System.Threading.RateLimiting.dll,74536.0,101230.0,252705.0,27.0,73.0,98.0,0.0,15.0,2.0,171.0,,,,,,,,,,,,,,414.0,94.0
Microsoft.NET.Workload.Mono.ToolChain.net7.Manifest-7.0.100,7.0.20,metapackage,,,,,52468.0,52468.0,,,,,,,,,,,,,,,,,,,,,,
Microsoft.NET.Sdk.iOS.Manifest-7.0.100,16.4.7142,metapackage,,,,,30482.0,30482.0,,,,,,,,,,,,,,,,,,,,,,
EO.WebBrowser,26.2.42,ok,,,lib/EO.Base.dll,7164320.0,4079504.0,149283086.0,2071.0,8813.0,3692.0,10.0,2789.0,9.0,12515.0,,,,,,,,,,,,,,26413.0,3323.0
Microsoft.NET.Workload.Mono.ToolChain.net6.Manifest-7.0.100,7.0.20,metapackage,,,,,52292.0,52292.0,,,,,,,,,,,,,,,,,,,,,,
MassTransit,9.2.1,ok,,netstandard2.0,lib/netstandard2.0/MassTransit.dll,4373504.0,1898978.0,10302057.0,2381.0,7186.0,3813.0,20.0,1644.0,18.0,11019.0,,,,,,,,,,,,,,23399.0,5267.0
Microsoft.NET.Workload.Emscripten.net6.Manifest-7.0.100,7.0.20,metapackage,,,,,35475.0,35475.0,,,,,,,,,,,,,,,,,,,,,,
Microsoft.NET.Sdk.macOS.Manifest-7.0.100,13.3.7142,metapackage,,,,,30372.0,30372.0,,,,,,,,,,,,,,,,,,,,,,
Microsoft.NET.Sdk.Maui.Manifest-7.0.100,7.0.101,metapackage,,,,,35471.0,35471.0,,,,,,,,,,,,,,,,,,,,,,
Microsoft.NET.Sdk.MacCatalyst.Manifest-7.0.100,16.4.7142,metapackage,,,,,30415.0,30415.0,,,,,,,,,,,,,,,,,,,,,,
Microsoft.NET.Sdk.Android.Manifest-7.0.100,33.0.95,metapackage,,,,,35324.0,35324.0,,,,,,,,,,,,,,,,,,,,,,
Microsoft.NET.Workload.Emscripten.net7.Manifest-7.0.100,7.0.20,metapackage,,,,,35780.0,35780.0,,,,,,,,,,,,,,,,,,,,,,
ExcelNumberFormat,1.1.0,ok,,netstandard2.0,lib/netstandard2.0/ExcelNumberFormat.dll,30720.0,75165.0,60488.0,1.0,1.0,46.0,0.0,1.0,0.0,47.0,,,,,,,,,,,,,,153.0,17.0
Microsoft.NET.Sdk.tvOS.Manifest-7.0.100,16.4.7142,metapackage,,,,,30378.0,30378.0,,,,,,,,,,,,,,,,,,,,,,
Microsoft.NETCore.App.Host.linux-x64,10.0.11,metapackage,,,,,65558.0,5563958.0,,,,,,,,,,,,,,,,,,,,,,
Microsoft.Owin.Host.SystemWeb,4.2.3,ok,,net45,lib/net45/Microsoft.Owin.Host.SystemWeb.dll,161864.0,149443.0,122225.0,8.0,28.0,162.0,0.0,4.0,0.0,190.0,,,,,,,,,,,,,,751.0,101.0
Microsoft.DotNet.InternalAbstractions,1.0.0,ok,,netstandard1.3,lib/netstandard1.3/Microsoft.DotNet.InternalAbstractions.dll,23616.0,49818.0,36684.0,6.0,7.0,13.0,0.0,0.0,0.0,20.0,,,,,,,,,,,,,,66.0,21.0
Amazon.Lambda.Core,3.3.0,ok,,netstandard2.0,lib/netstandard2.0/Amazon.Lambda.Core.dll,21672.0,78601.0,79792.0,9.0,5.0,24.0,0.0,2.0,0.0,29.0,,,,,,,,,,,,,,37.0,12.0
Microsoft.Identity.Web.Certificateless,4.14.2,ok,,netstandard2.0,lib/netstandard2.0/Microsoft.Identity.Web.Certificateless.dll,30488.0,82268.0,69965.0,5.0,6.0,8.0,0.0,8.0,0.0,14.0,,,,,,,,,,,,,,50.0,17.0
Microsoft.NET.Sdk.Aspire.Manifest-8.0.100.Msi.x64,8.2.2,metapackage,,,,,65558.0,370464.0,,,,,,,,,,,,,,,,,,,,,,
System.ComponentModel.Composition,2010.2.11.1,ok,,net35,lib/net35/System.ComponentModel.Composition.dll,240128.0,158173.0,131503.0,52.0,121.0,366.0,10.0,105.0,4.0,497.0,,,,,,,,,,,,,,1456.0,198.0
Microsoft.IdentityModel.Xml,8.22.0,ok,,netstandard2.0,lib/netstandard2.0/Microsoft.IdentityModel.Xml.dll,80704.0,99682.0,350182.0,29.0,117.0,99.0,0.0,46.0,0.0,216.0,,,,,,,,,,,,,,347.0,38.0
Microsoft.IdentityModel.Tokens.Saml,8.22.0,ok,,netstandard2.0,lib/netstandard2.0/Microsoft.IdentityModel.Tokens.Saml.dll,223008.0,139289.0,734078.0,65.0,166.0,192.0,0.0,101.0,0.0,358.0,,,,,,,,,,,,,,735.0,100.0
Hangfire.AspNetCore,1.8.25,ok,,netstandard2.0,lib/netstandard2.0/Hangfire.AspNetCore.dll,36128.0,90769.0,185561.0,4.0,8.0,9.0,0.0,3.0,0.0,17.0,,,,,,,,,,,,,,38.0,12.0
Microsoft.AspNetCore,2.3.12,ok,,netstandard2.0,lib/netstandard2.0/Microsoft.AspNetCore.dll,22880.0,55234.0,42064.0,1.0,9.0,0.0,0.0,0.0,0.0,9.0,,,,,,,,,,,,,,29.0,9.0
Microsoft.Build.Tasks.Core,18.9.6,ok,,netstandard2.0,ref/netstandard2.0/Microsoft.Build.Tasks.Core.dll,288592.0,168305.0,2358682.0,161.0,352.0,1575.0,1.0,128.0,0.0,1928.0,,,,,,,,,,,,,,4289.0,504.0
WebGrease,1.6.0,ok,,,lib/WebGrease.dll,1274520.0,513642.0,474536.0,268.0,1285.0,1566.0,12.0,210.0,0.0,2863.0,,,,,,,,,,,,,,6392.0,609.0
Refit,15.2.0,ok,,net11.0,lib/net11.0/Refit.dll,202752.0,180256.0,2179708.0,89.0,153.0,213.0,0.0,84.0,2.0,366.0,,,,,,,,,,,,,,980.0,150.0
Nito.AsyncEx.Tasks,5.1.2,ok,,netstandard2.0,lib/netstandard2.0/Nito.AsyncEx.Tasks.dll,35840.0,81321.0,82084.0,15.0,71.0,12.0,0.0,2.0,1.0,83.0,,,,,,,,,,,,,,187.0,58.0
EPPlus,8.7.0,ok,,netstandard2.1,lib/netstandard2.1/EPPlus.dll,4564296.0,2051866.0,16805621.0,1069.0,1717.0,6063.0,9.0,303.0,6.0,7789.0,,,,,,,,,,,,,,21611.0,3205.0
Antlr,3.5.0.2,ok,,,lib/Antlr3.Runtime.dll,103424.0,110294.0,156224.0,95.0,564.0,209.0,0.0,219.0,0.0,773.0,,,,,,,,,,,,,,1142.0,107.0
Microsoft.CodeAnalysis.Scripting.Common,5.9.0,ok,,netstandard2.0,lib/netstandard2.0/Microsoft.CodeAnalysis.Scripting.dll,137040.0,130783.0,523495.0,19.0,82.0,135.0,0.0,8.0,0.0,217.0,,,,,,,,,,,,,,721.0,106.0
Serilog.Exceptions,8.4.0,ok,,netstandard2.1,lib/netstandard2.1/Serilog.Exceptions.dll,44032.0,84577.0,263734.0,19.0,27.0,38.0,0.0,15.0,0.0,65.0,,,,,,,,,,,,,,155.0,38.0
System.Net.Http.WinHttpHandler,10.0.11,ok,,netstandard2.0,lib/netstandard2.0/System.Net.Http.WinHttpHandler.dll,39720.0,85503.0,417794.0,7.0,5.0,80.0,0.0,1.0,0.0,85.0,,,,,,,,,,,,,,179.0,41.0
OpenTelemetry.Instrumentation.Runtime,1.18.0,ok,,netstandard2.0,lib/netstandard2.0/OpenTelemetry.Instrumentation.Runtime.dll,17920.0,74542.0,99986.0,2.0,2.0,4.0,0.0,1.0,0.0,6.0,,,,,,,,,,,,,,51.0,19.0
Microsoft.Azure.WebJobs.Script.ExtensionsMetadataGenerator,4.0.1,tools_only,,,,,65558.0,1491341.0,,,,,,,,,,,,,,,,,,,,,,
System.Threading.AccessControl,10.0.11,ok,,netstandard2.0,lib/netstandard2.0/System.Threading.AccessControl.dll,38224.0,83936.0,229751.0,20.0,57.0,54.0,0.0,14.0,0.0,111.0,,,,,,,,,,,,,,182.0,51.0
runtime.unix.Microsoft.Win32.Primitives,4.3.0,native_only,,,,,31929.0,31929.0,,,,,,,,,,,,,,,,,,,,,,
Azure.Extensions.AspNetCore.Configuration.Secrets,1.5.2,ok,,netstandard2.0,lib/netstandard2.0/Azure.Extensions.AspNetCore.Configuration.Secrets.dll,32616.0,84206.0,98327.0,5.0,14.0,6.0,0.0,4.0,0.0,20.0,,,,,,,,,,,,,,73.0,19.0
OpenTelemetry.Exporter.Console,1.18.0,ok,,netstandard2.0,lib/netstandard2.0/OpenTelemetry.Exporter.Console.dll,40448.0,84731.0,158906.0,9.0,18.0,4.0,0.0,5.0,0.0,22.0,,,,,,,,,,,,,,124.0,29.0
Microsoft.Testing.Extensions.VSTestBridge,2.4.0,ok,,netstandard2.0,lib/netstandard2.0/Microsoft.Testing.Extensions.VSTestBridge.dll,110392.0,116287.0,725641.0,8.0,27.0,138.0,0.0,3.0,0.0,165.0,,,,,,,,,,,,,,500.0,132.0
Microsoft.AspNetCore.Mvc.Versioning.ApiExplorer,5.1.0,ok,,net6.0,lib/net6.0/Microsoft.AspNetCore.Mvc.Versioning.ApiExplorer.dll,49568.0,92361.0,169629.0,10.0,20.0,74.0,0.0,7.0,0.0,94.0,,,,,,,,,,,,,,173.0,28.0
Google.Api.Gax.Grpc,4.15.0,ok,,netstandard2.0,lib/netstandard2.0/Google.Api.Gax.Grpc.dll,241664.0,171668.0,388175.0,55.0,199.0,222.0,0.0,33.0,0.0,421.0,,,,,,,,,,,,,,1303.0,276.0
runtime.unix.System.Net.Primitives,4.3.1,native_only,,,,,65558.0,134217.0,,,,,,,,,,,,,,,,,,,,,,
System.IO.UnmanagedMemoryStream,4.3.0,ok,,netstandard1.3,ref/netstandard1.3/System.IO.UnmanagedMemoryStream.dll,24480.0,79650.0,127811.0,2.0,42.0,11.0,0.0,8.0,0.0,53.0,,,,,,,,,,,,,,63.0,3.0
System.IO.Pipes,4.3.0,ok,,netstandard1.3,ref/netstandard1.3/System.IO.Pipes.dll,25280.0,80199.0,201041.0,9.0,30.0,20.0,0.0,24.0,0.0,50.0,,,,,,,,,,,,,,77.0,10.0
Microsoft.IdentityModel.LoggingExtensions,8.22.0,ok,,netstandard2.0,lib/netstandard2.0/Microsoft.IdentityModel.LoggingExtensions.dll,17200.0,71777.0,60839.0,1.0,2.0,0.0,0.0,1.0,0.0,2.0,,,,,,,,,,,,,,9.0,6.0
Microsoft.CodeDom.Providers.DotNetCompilerPlatform,4.1.0,ok,,net472,lib/net472/Microsoft.CodeDom.Providers.DotNetCompilerPlatform.dll,37312.0,86012.0,8975240.0,5.0,2.0,24.0,0.0,11.0,0.0,26.0,,,,,,,,,,,,,,87.0,11.0
starkbank-ecdsa,1.3.3,ok,,netstandard2.1,lib/netstandard2.1/StarkbankEcdsa.dll,26112.0,77718.0,70338.0,15.0,57.0,17.0,0.0,5.0,0.0,74.0,,,,,,,,,,,,,,105.0,20.0
Microsoft.NETCore.App.Runtime.win-x64,10.0.11,native_only,,,,,65558.0,39895464.0,,,,,,,,,,,,,,,,,,,,,,
prometheus-net.AspNetCore,8.2.1,ok,,net6.0,lib/net6.0/Prometheus.AspNetCore.dll,47104.0,77316.0,56288.0,16.0,20.0,38.0,0.0,15.0,1.0,58.0,,,,,,,,,,,,,,215.0,49.0
Flurl,4.0.0,ok,,netstandard2.0,lib/netstandard2.0/Flurl.dll,39936.0,83638.0,87994.0,9.0,121.0,36.0,0.0,5.0,3.0,157.0,,,,,,,,,,,,,,281.0,35.0
NLog.Web.AspNetCore,6.2.0,ok,,netstandard2.0,lib/netstandard2.0/NLog.Web.AspNetCore.dll,105984.0,109472.0,323397.0,67.0,98.0,116.0,0.0,62.0,0.0,214.0,,,,,,,,,,,,,,611.0,116.0
Microsoft.Extensions.Compliance.Abstractions,10.9.0,ok,,netstandard2.0,lib/netstandard2.0/Microsoft.Extensions.Compliance.Abstractions.dll,47416.0,89791.0,152153.0,12.0,32.0,44.0,0.0,11.0,3.0,76.0,,,,,,,,,,,,,,224.0,58.0
Microsoft.Extensions.Telemetry.Abstractions,10.9.0,ok,,netstandard2.0,lib/netstandard2.0/Microsoft.Extensions.Telemetry.Abstractions.dll,63328.0,95500.0,339095.0,39.0,39.0,112.0,0.0,30.0,4.0,151.0,,,,,,,,,,,,,,372.0,91.0
Cake.Tool,6.2.0,tools_only,,,,,65558.0,34691662.0,,,,,,,,,,,,,,,,,,,,,,
Quartz,3.20.0,ok,,netstandard2.0,lib/netstandard2.0/Quartz.dll,1146880.0,436649.0,3232013.0,260.0,1974.0,778.0,0.0,277.0,0.0,2752.0,,,,,,,,,,,,,,5297.0,894.0
Microsoft.Build.Locator,1.11.2,ok,,net8.0,lib/net8.0/Microsoft.Build.Locator.dll,50720.0,92291.0,86814.0,4.0,7.0,29.0,0.0,1.0,0.0,36.0,,,,,,,,,,,,,,156.0,30.0
Microsoft.FeatureManagement,4.7.0,ok,,netstandard2.1,lib/netstandard2.1/Microsoft.FeatureManagement.dll,116016.0,117791.0,326155.0,58.0,47.0,91.0,0.0,34.0,0.0,138.0,,,,,,,,,,,,,,559.0,137.0
NuGet.Protocol,7.9.0,ok,,net8.0,lib/net8.0/NuGet.Protocol.dll,1148216.0,456967.0,972021.0,343.0,675.0,982.0,25.0,314.0,0.0,1682.0,,,,,,,,,,,,,,5353.0,1069.0
Microsoft.AspNet.Web.Optimization,1.1.3,ok,,net40,lib/net40/System.Web.Optimization.dll,70864.0,87202.0,52874.0,32.0,61.0,114.0,0.0,33.0,0.0,175.0,,,,,,,,,,,,,,432.0,66.0
Azure.Messaging.EventGrid,5.0.0,ok,,netstandard2.0,lib/netstandard2.0/Azure.Messaging.EventGrid.dll,229408.0,159910.0,254345.0,16.0,45.0,132.0,0.0,19.0,0.0,177.0,,,,,,,,,,,,,,964.0,194.0
runtime.unix.System.Console,4.3.1,native_only,,,,,62430.0,62430.0,,,,,,,,,,,,,,,,,,,,,,
Microsoft.AspNetCore.App.Runtime.win-x64,10.0.11,native_only,,,,,65558.0,12760129.0,,,,,,,,,,,,,,,,,,,,,,
MediatR.Extensions.Microsoft.DependencyInjection,11.1.0,ok,,netstandard2.1,lib/netstandard2.1/MediatR.Extensions.Microsoft.DependencyInjection.dll,18432.0,38791.0,29946.0,4.0,13.0,6.0,0.0,1.0,0.0,19.0,,,,,,,,,,,,,,75.0,18.0
Grpc.Auth,2.83.0,ok,,netstandard2.0,lib/netstandard2.0/Grpc.Auth.dll,11264.0,66982.0,61231.0,2.0,7.0,0.0,0.0,0.0,0.0,7.0,,,,,,,,,,,,,,26.0,13.0
Polly.Contrib.WaitAndRetry,1.1.1,ok,,netstandard2.0,lib/netstandard2.0/Polly.Contrib.WaitAndRetry.dll,14848.0,59351.0,52358.0,1.0,5.0,12.0,0.0,0.0,0.0,17.0,,,,,,,,,,,,,,63.0,9.0
System.IO.MemoryMappedFiles,4.3.0,ok,,netstandard1.3,ref/netstandard1.3/System.IO.MemoryMappedFiles.dll,24304.0,79656.0,196993.0,8.0,30.0,6.0,0.0,0.0,0.0,36.0,,,,,,,,,,,,,,41.0,9.0
Microsoft.AspNetCore.Mvc.Analyzers,2.3.0,tools_only,,,,,38833.0,38833.0,,,,,,,,,,,,,,,,,,,,,,
Microsoft.Extensions.Configuration.AzureAppConfiguration,8.6.0,ok,,netstandard2.1,lib/netstandard2.1/Microsoft.Extensions.Configuration.AzureAppConfiguration.dll,187168.0,145010.0,226535.0,17.0,41.0,128.0,0.0,11.0,0.0,169.0,,,,,,,,,,,,,,746.0,171.0
Nito.Collections.Deque,1.2.1,ok,,netstandard2.0,lib/netstandard2.0/Nito.Collections.Deque.dll,16896.0,64569.0,56845.0,1.0,13.0,19.0,0.0,3.0,0.0,32.0,,,,,,,,,,,,,,90.0,12.0
Azure.Data.AppConfiguration,1.11.1,ok,,netstandard2.0,lib/netstandard2.0/Azure.Data.AppConfiguration.dll,402272.0,203535.0,529854.0,35.0,140.0,224.0,0.0,37.0,23.0,364.0,,,,,,,,,,,,,,1664.0,298.0
AspNetCore.HealthChecks.UI.Client,9.0.0,ok,,net8.0,lib/net8.0/HealthChecks.UI.Client.dll,22528.0,52835.0,34857.0,1.0,2.0,0.0,0.0,0.0,0.0,2.0,,,,,,,,,,,,,,15.0,8.0
Microsoft.NETCore.DotNetHost,8.0.30,metapackage,,,,,47304.0,47304.0,,,,,,,,,,,,,,,,,,,,,,
Microsoft.AspNetCore.WebSockets,2.3.12,ok,,netstandard2.0,lib/netstandard2.0/Microsoft.AspNetCore.WebSockets.dll,24888.0,57711.0,43028.0,6.0,3.0,8.0,0.0,3.0,0.0,11.0,,,,,,,,,,,,,,34.0,11.0
Microsoft.NETCore.App.Host.win-x64,10.0.11,native_only,,,,,65558.0,5790353.0,,,,,,,,,,,,,,,,,,,,,,
Nito.AsyncEx.Context,5.1.2,ok,,netstandard2.0,lib/netstandard2.0/Nito.AsyncEx.Context.dll,13824.0,55512.0,48885.0,2.0,9.0,14.0,0.0,2.0,0.0,23.0,,,,,,,,,,,,,,74.0,16.0
Microsoft.Identity.Web.Diagnostics,4.14.2,ok,,netstandard2.0,lib/netstandard2.0/Microsoft.Identity.Web.Diagnostics.dll,27936.0,79659.0,123636.0,0.0,0.0,8.0,0.0,0.0,0.0,8.0,,,,,,,,,,,,,,58.0,22.0
System.Reflection.MetadataLoadContext,10.0.11,ok,,netstandard2.0,lib/netstandard2.0/System.Reflection.MetadataLoadContext.dll,260904.0,180068.0,620388.0,9.0,18.0,696.0,3.0,5.0,0.0,717.0,,,,,,,,,,,,,,2341.0,226.0
NUnit.Analyzers,4.14.0,tools_only,,,,,65558.0,155387.0,,,,,,,,,,,,,,,,,,,,,,
Microsoft.Extensions.Options.DataAnnotations,10.0.11,ok,,netstandard2.1,lib/netstandard2.1/Microsoft.Extensions.Options.DataAnnotations.dll,26960.0,81347.0,147209.0,6.0,5.0,21.0,0.0,1.0,0.0,26.0,,,,,,,,,,,,,,67.0,25.0
Humanizer,3.0.10,metapackage,,,,,35728.0,35728.0,,,,,,,,,,,,,,,,,,,,,,
Microsoft.Identity.Abstractions,12.6.1,ok,,netstandard2.1,lib/netstandard2.1/Microsoft.Identity.Abstractions.dll,55088.0,91743.0,352729.0,37.0,61.0,134.0,0.0,29.0,7.0,195.0,,,,,,,,,,,,,,362.0,43.0
Microsoft.Identity.Web.TokenAcquisition,4.14.2,ok,,netstandard2.0,lib/netstandard2.0/Microsoft.Identity.Web.TokenAcquisition.dll,213312.0,151473.0,749790.0,38.0,66.0,110.0,7.0,26.0,0.0,183.0,,,,,,,,,,,,,,690.0,158.0
System.Resources.Extensions,10.0.11,ok,,netstandard2.0,lib/netstandard2.0/System.Resources.Extensions.dll,115536.0,114950.0,288131.0,6.0,17.0,133.0,2.0,4.0,0.0,152.0,,,,,,,,,,,,,,391.0,83.0
AspNetCore.HealthChecks.UI.Core,9.0.0,ok,,net8.0,lib/net8.0/HealthChecks.UI.Core.dll,16896.0,42920.0,29870.0,4.0,2.0,10.0,0.0,3.0,0.0,12.0,,,,,,,,,,,,,,24.0,7.0
Nito.AsyncEx.Coordination,5.1.2,ok,,netstandard2.0,lib/netstandard2.0/Nito.AsyncEx.Coordination.dll,40960.0,83309.0,97039.0,14.0,94.0,63.0,0.0,20.0,0.0,157.0,,,,,,,,,,,,,,279.0,53.0
Serilog.Sinks.ApplicationInsights,5.0.1,ok,,netstandard2.0,lib/netstandard2.0/Serilog.Sinks.ApplicationInsights.dll,24064.0,77202.0,85311.0,14.0,24.0,10.0,0.0,10.0,0.0,34.0,,,,,,,,,,,,,,99.0,26.0
Humanizer.Core.uk,3.0.10,ok,,netstandard2.0,lib/netstandard2.0/uk/Humanizer.resources.dll,26288.0,79084.0,87805.0,0.0,0.0,0.0,0.0,0.0,0.0,0.0,,,,,,,,,,,,,,0.0,1.0
Microsoft.AspNetCore.Http.Connections.Client,10.0.11,ok,,netstandard2.1,lib/netstandard2.1/Microsoft.AspNetCore.Http.Connections.Client.dll,118608.0,115644.0,251905.0,7.0,4.0,56.0,0.0,10.0,0.0,60.0,,,,,,,,,,,,,,384.0,86.0
Microsoft.AspNetCore.Mvc.Razor.RuntimeCompilation,10.0.11,ok,,net10.0,lib/net10.0/Microsoft.AspNetCore.Mvc.Razor.RuntimeCompilation.dll,72488.0,101456.0,78214.0,5.0,6.0,40.0,0.0,3.0,0.0,46.0,,,,,,,,,,,,,,227.0,58.0
MassTransit.Abstractions,9.2.1,ok,,netstandard2.0,lib/netstandard2.0/MassTransit.Abstractions.dll,797696.0,412358.0,2080738.0,1000.0,2047.0,1606.0,0.0,614.0,17.0,3653.0,,,,,,,,,,,,,,6081.0,1399.0
SshNet.Security.Cryptography,1.3.0,ok,,netstandard2.0,lib/netstandard2.0/SshNet.Security.Cryptography.dll,34816.0,78866.0,211911.0,13.0,28.0,41.0,0.0,17.0,0.0,69.0,,,,,,,,,,,,,,193.0,26.0
Humanizer.Core.fr,3.0.10,ok,,netstandard2.0,lib/netstandard2.0/fr/Humanizer.resources.dll,23224.0,78792.0,86612.0,0.0,0.0,0.0,0.0,0.0,0.0,0.0,,,,,,,,,,,,,,0.0,1.0
Microsoft.Azure.Functions.Worker.ItemTemplates,4.0.5590,metapackage,,,,,65558.0,391766.0,,,,,,,,,,,,,,,,,,,,,,
Microsoft.Azure.ServiceBus,5.2.0,ok,,netstandard2.0,lib/netstandard2.0/Microsoft.Azure.ServiceBus.dll,466312.0,228186.0,236130.0,107.0,254.0,551.0,1.0,120.0,22.0,806.0,,,,,,,,,,,,,,2354.0,404.0
Polly.Extensions,8.7.0,ok,,netstandard2.0,lib/netstandard2.0/Polly.Extensions.dll,63904.0,97671.0,287458.0,9.0,16.0,61.0,0.0,5.0,0.0,77.0,,,,,,,,,,,,,,254.0,73.0
Humanizer.Core.pt,3.0.10,ok,,netstandard2.0,lib/netstandard2.0/pt/Humanizer.resources.dll,31408.0,80511.0,93527.0,0.0,0.0,0.0,0.0,0.0,0.0,0.0,,,,,,,,,,,,,,0.0,1.0
Humanizer.Core.ru,3.0.10,ok,,netstandard2.0,lib/netstandard2.0/ru/Humanizer.resources.dll,33456.0,80892.0,95010.0,0.0,0.0,0.0,0.0,0.0,0.0,0.0,,,,,,,,,,,,,,0.0,1.0
Humanizer.Core.es,3.0.10,ok,,netstandard2.0,lib/netstandard2.0/es/Humanizer.resources.dll,31416.0,80548.0,93652.0,0.0,0.0,0.0,0.0,0.0,0.0,0.0,,,,,,,,,,,,,,0.0,1.0
Hangfire.SqlServer,1.8.25,ok,,netstandard2.0,lib/netstandard2.0/Hangfire.SqlServer.dll,451872.0,267458.0,638572.0,25.0,92.0,300.0,1.0,16.0,0.0,393.0,,,,,,,,,,,,,,1981.0,266.0
Humanizer.Core.de,3.0.10,ok,,netstandard2.0,lib/netstandard2.0/de/Humanizer.resources.dll,23216.0,79118.0,87937.0,0.0,0.0,0.0,0.0,0.0,0.0,0.0,,,,,,,,,,,,,,0.0,1.0
Humanizer.Core.it,3.0.10,ok,,netstandard2.0,lib/netstandard2.0/it/Humanizer.resources.dll,21168.0,78121.0,83957.0,0.0,0.0,0.0,0.0,0.0,0.0,0.0,,,,,,,,,,,,,,0.0,1.0
Humanizer.Core.nl,3.0.10,ok,,netstandard2.0,lib/netstandard2.0/nl/Humanizer.resources.dll,20144.0,77964.0,83283.0,0.0,0.0,0.0,0.0,0.0,0.0,0.0,,,,,,,,,,,,,,0.0,1.0
Humanizer.Core.zh-CN,3.0.10,ok,,netstandard2.0,lib/netstandard2.0/zh-CN/Humanizer.resources.dll,20144.0,77934.0,83223.0,0.0,0.0,0.0,0.0,0.0,0.0,0.0,,,,,,,,,,,,,,0.0,1.0
Microsoft.DiaSymReader,2.2.11,ok,,netstandard2.0,lib/netstandard2.0/Microsoft.DiaSymReader.dll,89936.0,105023.0,369838.0,40.0,293.0,14.0,0.0,9.0,0.0,307.0,,,,,,,,,,,,,,793.0,77.0
Serilog.Expressions,5.0.0,ok,,netstandard2.0,lib/netstandard2.0/Serilog.Expressions.dll,201216.0,147641.0,512681.0,14.0,27.0,172.0,0.0,8.0,0.0,199.0,,,,,,,,,,,,,,1197.0,267.0
Humanizer.Core.pl,3.0.10,ok,,netstandard2.0,lib/netstandard2.0/pl/Humanizer.resources.dll,22712.0,78405.0,85073.0,0.0,0.0,0.0,0.0,0.0,0.0,0.0,,,,,,,,,,,,,,0.0,1.0
Humanizer.Core.zh-Hans,3.0.10,ok,,netstandard2.0,lib/netstandard2.0/zh-Hans/Humanizer.resources.dll,20144.0,77938.0,83243.0,0.0,0.0,0.0,0.0,0.0,0.0,0.0,,,,,,,,,,,,,,0.0,1.0
Humanizer.Core.sv,3.0.10,ok,,netstandard2.0,lib/netstandard2.0/sv/Humanizer.resources.dll,20144.0,77957.0,83291.0,0.0,0.0,0.0,0.0,0.0,0.0,0.0,,,,,,,,,,,,,,0.0,1.0
Humanizer.Core.da,3.0.10,ok,,netstandard2.0,lib/netstandard2.0/da/Humanizer.resources.dll,21168.0,78467.0,85334.0,0.0,0.0,0.0,0.0,0.0,0.0,0.0,,,,,,,,,,,,,,0.0,1.0
Humanizer.Core.cs,3.0.10,ok,,netstandard2.0,lib/netstandard2.0/cs/Humanizer.resources.dll,22192.0,78382.0,84980.0,0.0,0.0,0.0,0.0,0.0,0.0,0.0,,,,,,,,,,,,,,0.0,1.0
Humanizer.Core.zh-Hant,3.0.10,ok,,netstandard2.0,lib/netstandard2.0/zh-Hant/Humanizer.resources.dll,20144.0,77935.0,83246.0,0.0,0.0,0.0,0.0,0.0,0.0,0.0,,,,,,,,,,,,,,0.0,1.0
Humanizer.Core.ja,3.0.10,ok,,netstandard2.0,lib/netstandard2.0/ja/Humanizer.resources.dll,20144.0,77922.0,83162.0,0.0,0.0,0.0,0.0,0.0,0.0,0.0,,,,,,,,,,,,,,0.0,1.0
Humanizer.Core.id,3.0.10,ok,,netstandard2.0,lib/netstandard2.0/id/Humanizer.resources.dll,20664.0,77961.0,83312.0,0.0,0.0,0.0,0.0,0.0,0.0,0.0,,,,,,,,,,,,,,0.0,1.0
Humanizer.Core.he,3.0.10,ok,,netstandard2.0,lib/netstandard2.0/he/Humanizer.resources.dll,24752.0,78811.0,86711.0,0.0,0.0,0.0,0.0,0.0,0.0,0.0,,,,,,,,,,,,,,0.0,1.0
Humanizer.Core.tr,3.0.10,ok,,netstandard2.0,lib/netstandard2.0/tr/Humanizer.resources.dll,20144.0,77936.0,83232.0,0.0,0.0,0.0,0.0,0.0,0.0,0.0,,,,,,,,,,,,,,0.0,1.0
Humanizer.Core.hr,3.0.10,ok,,netstandard2.0,lib/netstandard2.0/hr/Humanizer.resources.dll,22200.0,78349.0,84866.0,0.0,0.0,0.0,0.0,0.0,0.0,0.0,,,,,,,,,,,,,,0.0,1.0
Humanizer.Core.el,3.0.10,ok,,netstandard2.0,lib/netstandard2.0/el/Humanizer.resources.dll,21168.0,78117.0,83932.0,0.0,0.0,0.0,0.0,0.0,0.0,0.0,,,,,,,,,,,,,,0.0,1.0
Humanizer.Core.fa,3.0.10,ok,,netstandard2.0,lib/netstandard2.0/fa/Humanizer.resources.dll,20656.0,77970.0,83369.0,0.0,0.0,0.0,0.0,0.0,0.0,0.0,,,,,,,,,,,,,,0.0,1.0
Humanizer.Core.ro,3.0.10,ok,,netstandard2.0,lib/netstandard2.0/ro/Humanizer.resources.dll,20664.0,77971.0,83318.0,0.0,0.0,0.0,0.0,0.0,0.0,0.0,,,,,,,,,,,,,,0.0,1.0
Humanizer.Core.ar,3.0.10,ok,,netstandard2.0,lib/netstandard2.0/ar/Humanizer.resources.dll,25264.0,78970.0,87338.0,0.0,0.0,0.0,0.0,0.0,0.0,0.0,,,,,,,,,,,,,,0.0,1.0
Serilog.Sinks.Seq,9.1.0,ok,,netstandard2.0,lib/netstandard2.0/Serilog.Sinks.Seq.dll,51200.0,90406.0,108795.0,2.0,4.0,41.0,0.0,1.0,0.0,45.0,,,,,,,,,,,,,,233.0,54.0
Humanizer.Core.hu,3.0.10,ok,,netstandard2.0,lib/netstandard2.0/hu/Humanizer.resources.dll,30896.0,80255.0,92506.0,0.0,0.0,0.0,0.0,0.0,0.0,0.0,,,,,,,,,,,,,,0.0,1.0
Microsoft.CodeAnalysis.VisualBasic.Workspaces,5.9.0,ok,,netstandard2.0,lib/netstandard2.0/Microsoft.CodeAnalysis.VisualBasic.Workspaces.dll,844584.0,403927.0,1297884.0,0.0,0.0,396.0,0.0,0.0,0.0,396.0,,,,,,,,,,,,,,4137.0,489.0
Humanizer.Core.nb,3.0.10,ok,,netstandard2.0,lib/netstandard2.0/nb/Humanizer.resources.dll,21168.0,78121.0,83996.0,0.0,0.0,0.0,0.0,0.0,0.0,0.0,,,,,,,,,,,,,,0.0,1.0
Humanizer.Core.sl,3.0.10,ok,,netstandard2.0,lib/netstandard2.0/sl/Humanizer.resources.dll,24760.0,78836.0,86820.0,0.0,0.0,0.0,0.0,0.0,0.0,0.0,,,,,,,,,,,,,,0.0,1.0
Humanizer.Core.bg,3.0.10,ok,,netstandard2.0,lib/netstandard2.0/bg/Humanizer.resources.dll,21680.0,78194.0,84226.0,0.0,0.0,0.0,0.0,0.0,0.0,0.0,,,,,,,,,,,,,,0.0,1.0
Humanizer.Core.uz-Cyrl-UZ,3.0.10,ok,,netstandard2.0,lib/netstandard2.0/uz-Cyrl-UZ/Humanizer.resources.dll,20656.0,78063.0,83803.0,0.0,0.0,0.0,0.0,0.0,0.0,0.0,,,,,,,,,,,,,,0.0,1.0
Humanizer.Core.sk,3.0.10,ok,,netstandard2.0,lib/netstandard2.0/sk/Humanizer.resources.dll,22192.0,78415.0,85121.0,0.0,0.0,0.0,0.0,0.0,0.0,0.0,,,,,,,,,,,,,,0.0,1.0
Humanizer.Core.sr-Latn,3.0.10,ok,,netstandard2.0,lib/netstandard2.0/sr-Latn/Humanizer.resources.dll,22200.0,78356.0,84915.0,0.0,0.0,0.0,0.0,0.0,0.0,0.0,,,,,,,,,,,,,,0.0,1.0
Humanizer.Core.vi,3.0.10,ok,,netstandard2.0,lib/netstandard2.0/vi/Humanizer.resources.dll,20664.0,77972.0,83370.0,0.0,0.0,0.0,0.0,0.0,0.0,0.0,,,,,,,,,,,,,,0.0,1.0
Humanizer.Core.sr,3.0.10,ok,,netstandard2.0,lib/netstandard2.0/sr/Humanizer.resources.dll,22712.0,78434.0,85182.0,0.0,0.0,0.0,0.0,0.0,0.0,0.0,,,,,,,,,,,,,,0.0,1.0
Humanizer.Core.uz-Latn-UZ,3.0.10,ok,,netstandard2.0,lib/netstandard2.0/uz-Latn-UZ/Humanizer.resources.dll,20144.0,77969.0,83454.0,0.0,0.0,0.0,0.0,0.0,0.0,0.0,,,,,,,,,,,,,,0.0,1.0
Humanizer.Core.lv,3.0.10,ok,,netstandard2.0,lib/netstandard2.0/lv/Humanizer.resources.dll,27832.0,79273.0,88528.0,0.0,0.0,0.0,0.0,0.0,0.0,0.0,,,,,,,,,,,,,,0.0,1.0
Humanizer.Core.af,3.0.10,ok,,netstandard2.0,lib/netstandard2.0/af/Humanizer.resources.dll,20144.0,77956.0,83234.0,0.0,0.0,0.0,0.0,0.0,0.0,0.0,,,,,,,,,,,,,,0.0,1.0
runtime.unix.System.Net.Sockets,4.3.0,native_only,,,,,65558.0,105673.0,,,,,,,,,,,,,,,,,,,,,,
Microsoft.Extensions.DependencyInjection.AutoActivation,10.9.0,ok,,netstandard2.0,lib/netstandard2.0/Microsoft.Extensions.DependencyInjection.AutoActivation.dll,38712.0,85054.0,141684.0,1.0,30.0,29.0,0.0,0.0,0.0,59.0,,,,,,,,,,,,,,172.0,38.0
System.Data.OleDb,10.0.11,ok,,netstandard2.0,lib/netstandard2.0/System.Data.OleDb.dll,128808.0,104735.0,812323.0,29.0,147.0,251.0,3.0,28.0,0.0,401.0,,,,,,,,,,,,,,549.0,65.0
NSwag.Annotations,14.7.1,ok,,netstandard2.0,lib/netstandard2.0/NSwag.Annotations.dll,11776.0,35096.0,29728.0,20.0,0.0,24.0,0.0,29.0,0.0,24.0,,,,,,,,,,,,,,75.0,23.0
Humanizer.Core.mt,3.0.10,ok,,netstandard2.0,lib/netstandard2.0/mt/Humanizer.resources.dll,30384.0,80201.0,92257.0,0.0,0.0,0.0,0.0,0.0,0.0,0.0,,,,,,,,,,,,,,0.0,1.0
Humanizer.Core.nb-NO,2.14.1,ok,,netstandard2.0,lib/netstandard2.0/nb-NO/Humanizer.resources.dll,17512.0,65000.0,55548.0,0.0,0.0,0.0,0.0,0.0,0.0,0.0,,,,,,,,,,,,,,0.0,1.0
Humanizer.Core.fi-FI,2.14.1,ok,,netstandard2.0,lib/netstandard2.0/fi-FI/Humanizer.resources.dll,13928.0,61712.0,53077.0,0.0,0.0,0.0,0.0,0.0,0.0,0.0,,,,,,,,,,,,,,0.0,1.0
Humanizer.Core.fr-BE,2.14.1,ok,,netstandard2.0,lib/netstandard2.0/fr-BE/Humanizer.resources.dll,17000.0,64543.0,55204.0,0.0,0.0,0.0,0.0,0.0,0.0,0.0,,,,,,,,,,,,,,0.0,1.0
Humanizer.Core.bn-BD,2.14.1,ok,,netstandard2.0,lib/netstandard2.0/bn-BD/Humanizer.resources.dll,17000.0,64609.0,55253.0,0.0,0.0,0.0,0.0,0.0,0.0,0.0,,,,,,,,,,,,,,0.0,1.0
protobuf-net.Core,3.4.21,ok,,netstandard2.1,lib/netstandard2.1/protobuf-net.Core.dll,305664.0,220508.0,1289976.0,88.0,399.0,250.0,1.0,97.0,6.0,650.0,,,,,,,,,,,,,,2016.0,194.0
Asp.Versioning.Abstractions,10.2.1,ok,,netstandard2.0,lib/netstandard2.0/Asp.Versioning.Abstractions.dll,103320.0,114211.0,263846.0,73.0,193.0,136.0,0.0,65.0,6.0,329.0,,,,,,,,,,,,,,669.0,126.0
AngleSharp.Css,1.0.2,ok,,netstandard2.0,lib/netstandard2.0/AngleSharp.Css.dll,588288.0,275832.0,1451351.0,259.0,846.0,753.0,7.0,88.0,26.0,1606.0,,,,,,,,,,,,,,3887.0,995.0
Asp.Versioning.Http,10.2.3,ok,,net10.0,lib/net10.0/Asp.Versioning.Http.dll,153496.0,139753.0,185186.0,90.0,184.0,173.0,0.0,43.0,0.0,357.0,,,,,,,,,,,,,,885.0,202.0
DiffEngine,20.2.1,ok,,net10.0,lib/net10.0/DiffEngine.dll,334848.0,234461.0,6966985.0,64.0,180.0,247.0,0.0,27.0,16.0,427.0,,,,,,,,,,,,,,1619.0,227.0
K4os.Compression.LZ4,1.3.8,ok,,netstandard2.1,lib/netstandard2.1/K4os.Compression.LZ4.dll,72704.0,94445.0,206853.0,42.0,136.0,40.0,0.0,12.0,0.0,176.0,,,,,,,,,,,,,,400.0,74.0
Humanizer.Core.ms-MY,2.14.1,ok,,netstandard2.0,lib/netstandard2.0/ms-MY/Humanizer.resources.dll,27240.0,60352.0,49425.0,0.0,0.0,0.0,0.0,0.0,0.0,0.0,,,,,,,,,,,,,,0.0,1.0
Humanizer.Core.hy,3.0.10,ok,,netstandard2.0,lib/netstandard2.0/hy/Humanizer.resources.dll,20656.0,78023.0,83550.0,0.0,0.0,0.0,0.0,0.0,0.0,0.0,,,,,,,,,,,,,,0.0,1.0
System.IO.Abstractions,22.2.0,ok,,netstandard2.1,lib/netstandard2.1/System.IO.Abstractions.dll,5632.0,50659.0,47644.0,0.0,0.0,0.0,0.0,0.0,0.0,0.0,,,,,,,,,,,,,,2.0,4.0
EmptyFiles,8.18.2,ok,,net11.0,lib/net11.0/EmptyFiles.dll,82944.0,109305.0,1246876.0,10.0,32.0,65.0,0.0,2.0,0.0,97.0,,,,,,,,,,,,,,243.0,28.0
Microsoft.NET.Workloads.10.0.300,10.303.1,metapackage,,,,,30297.0,30297.0,,,,,,,,,,,,,,,,,,,,,,
Microsoft.Extensions.Configuration.Xml,10.0.11,ok,,netstandard2.0,lib/netstandard2.0/Microsoft.Extensions.Configuration.Xml.dll,40744.0,87113.0,159842.0,10.0,16.0,45.0,0.0,5.0,0.0,61.0,,,,,,,,,,,,,,157.0,51.0
MySql.Data,26.7.0,ok,,netstandard2.1,lib/netstandard2.1/MySql.Data.dll,1237128.0,523821.0,4925030.0,267.0,1348.0,1546.0,7.0,242.0,1.0,2901.0,,,,,,,,,,,,,,6941.0,903.0
Microsoft.Net.Http,2.2.29,ok,,net45,lib/net45/System.Net.Http.Primitives.dll,21720.0,78331.0,670367.0,0.0,0.0,0.0,0.0,0.0,0.0,0.0,,,,,,,,,,,,,,0.0,1.0
Microsoft.Extensions.Http.Diagnostics,10.9.0,ok,,netstandard2.0,lib/netstandard2.0/Microsoft.Extensions.Http.Diagnostics.dll,119096.0,120271.0,356076.0,13.0,21.0,93.0,0.0,3.0,0.0,114.0,,,,,,,,,,,,,,481.0,123.0
WebActivatorEx,2.2.0,ok,,net40,lib/net40/WebActivatorEx.dll,12288.0,23811.0,17458.0,5.0,8.0,6.0,0.0,5.0,0.0,14.0,,,,,,,,,,,,,,41.0,11.0
Humanizer.Core.az,3.0.10,ok,,netstandard2.0,lib/netstandard2.0/az/Humanizer.resources.dll,20144.0,77958.0,83320.0,0.0,0.0,0.0,0.0,0.0,0.0,0.0,,,,,,,,,,,,,,0.0,1.0
Microsoft.Extensions.AmbientMetadata.Application,10.9.0,ok,,netstandard2.0,lib/netstandard2.0/Microsoft.Extensions.AmbientMetadata.Application.dll,39224.0,85970.0,148435.0,4.0,5.0,32.0,0.0,1.0,0.0,37.0,,,,,,,,,,,,,,152.0,40.0
Microsoft.Kiota.Abstractions,2.1.0,ok,,netstandard2.1,lib/netstandard2.1/Microsoft.Kiota.Abstractions.dll,98144.0,111862.0,266938.0,65.0,208.0,69.0,0.0,45.0,0.0,277.0,,,,,,,,,,,,,,510.0,111.0
Asp.Versioning.Mvc,10.2.1,ok,,net10.0,lib/net10.0/Asp.Versioning.Mvc.dll,69528.0,101963.0,83191.0,70.0,103.0,61.0,0.0,36.0,0.0,164.0,,,,,,,,,,,,,,335.0,94.0
Microsoft.Extensions.Diagnostics.HealthChecks.EntityFrameworkCore,10.0.11,ok,,net10.0,lib/net10.0/Microsoft.Extensions.Diagnostics.HealthChecks.EntityFrameworkCore.dll,21800.0,65632.0,52613.0,1.0,1.0,1.0,0.0,0.0,0.0,2.0,,,,,,,,,,,,,,14.0,7.0
Microsoft.Extensions.Telemetry,10.9.0,ok,,netstandard2.0,lib/netstandard2.0/Microsoft.Extensions.Telemetry.dll,139576.0,129586.0,432501.0,18.0,27.0,160.0,0.0,8.0,0.0,187.0,,,,,,,,,,,,,,716.0,163.0
runtime.win.System.Runtime.Extensions,4.3.1,native_only,,,,,65558.0,134127.0,,,,,,,,,,,,,,,,,,,,,,
JsonSubTypes,2.1.0,ok,,netstandard2.0,lib/netstandard2.0/JsonSubTypes.dll,21504.0,76480.0,94798.0,9.0,27.0,14.0,0.0,8.0,0.0,41.0,,,,,,,,,,,,,,105.0,18.0
Microsoft.AspNetCore.Diagnostics.EntityFrameworkCore,10.0.11,ok,,net10.0,lib/net10.0/Microsoft.AspNetCore.Diagnostics.EntityFrameworkCore.dll,82768.0,99078.0,76067.0,8.0,8.0,69.0,0.0,5.0,0.0,77.0,,,,,,,,,,,,,,240.0,43.0
Microsoft.AspNetCore.SpaServices.Extensions,10.0.11,ok,,net10.0,lib/net10.0/Microsoft.AspNetCore.SpaServices.Extensions.dll,65832.0,97900.0,69774.0,15.0,20.0,21.0,3.0,7.0,0.0,44.0,,,,,,,,,,,,,,173.0,56.0
Microsoft.WindowsDesktop.App.Ref,10.0.11,ok,,net10.0,ref/net10.0/System.Xaml.dll,69416.0,93030.0,7716307.0,104.0,265.0,283.0,1.0,164.0,8.0,549.0,,,,,,,,,,,,,,776.0,107.0
Azure.Data.Tables,12.12.0,ok,,netstandard2.0,lib/netstandard2.0/Azure.Data.Tables.dll,409920.0,233081.0,661475.0,47.0,141.0,375.0,0.0,58.0,15.0,516.0,,,,,,,,,,,,,,2040.0,372.0
Microsoft.Owin.Security.OAuth,4.2.3,ok,,net45,lib/net45/Microsoft.Owin.Security.OAuth.dll,87072.0,110898.0,88742.0,45.0,56.0,114.0,0.0,33.0,0.0,170.0,,,,,,,,,,,,,,377.0,65.0
System.Reactive.Linq,6.1.0,ok,,netstandard2.0,lib/netstandard2.0/System.Reactive.Linq.dll,18384.0,77479.0,70962.0,0.0,0.0,0.0,0.0,0.0,0.0,0.0,,,,,,,,,,,,,,0.0,1.0
Humanizer.Core.ku,3.0.10,ok,,netstandard2.0,lib/netstandard2.0/ku/Humanizer.resources.dll,30392.0,79574.0,89783.0,0.0,0.0,0.0,0.0,0.0,0.0,0.0,,,,,,,,,,,,,,0.0,1.0
NSwag.Generation,14.7.1,ok,,netstandard2.0,lib/netstandard2.0/NSwag.Generation.dll,52736.0,88140.0,95512.0,22.0,30.0,36.0,0.0,21.0,0.0,66.0,,,,,,,,,,,,,,203.0,64.0
Microsoft.Extensions.Resilience,10.9.0,ok,,netstandard2.0,lib/netstandard2.0/Microsoft.Extensions.Resilience.dll,38712.0,85723.0,142669.0,2.0,3.0,27.0,0.0,0.0,0.0,30.0,,,,,,,,,,,,,,125.0,41.0
Microsoft.Extensions.Diagnostics.ExceptionSummarization,10.9.0,ok,,netstandard2.0,lib/netstandard2.0/Microsoft.Extensions.Diagnostics.ExceptionSummarization.dll,36152.0,84918.0,145755.0,6.0,10.0,36.0,0.0,1.0,2.0,46.0,,,,,,,,,,,,,,149.0,39.0
runtime.win.System.Diagnostics.Debug,4.3.0,native_only,,,,,65558.0,66556.0,,,,,,,,,,,,,,,,,,,,,,
MassTransit.RabbitMQ,9.2.1,ok,,netstandard2.0,lib/netstandard2.0/MassTransit.RabbitMqTransport.dll,427008.0,269229.0,1111514.0,195.0,504.0,552.0,4.0,120.0,2.0,1060.0,,,,,,,,,,,,,,2202.0,464.0
Microsoft.AspNetCore.Identity,2.3.12,ok,,netstandard2.0,lib/netstandard2.0/Microsoft.AspNetCore.Identity.dll,83296.0,102288.0,71290.0,19.0,56.0,32.0,0.0,12.0,0.0,88.0,,,,,,,,,,,,,,233.0,63.0
Microsoft.NETFramework.ReferenceAssemblies,1.0.3,metapackage,,,,,20961.0,20961.0,,,,,,,,,,,,,,,,,,,,,,
Microsoft.Azure.WebJobs.ProjectTemplates,4.0.5590,metapackage,,,,,37458.0,37458.0,,,,,,,,,,,,,,,,,,,,,,
Microsoft.Azure.Storage.Common,11.2.3,ok,,netstandard2.0,lib/netstandard2.0/Microsoft.Azure.Storage.Common.dll,369032.0,211961.0,588378.0,74.0,115.0,290.0,8.0,66.0,3.0,413.0,,,,,,,,,,,,,,1475.0,238.0
Microsoft.NET.Workloads.10.0.100,10.111.1,metapackage,,,,,30297.0,30297.0,,,,,,,,,,,,,,,,,,,,,,
Microsoft.Azure.WebJobs.ItemTemplates,4.0.5590,metapackage,,,,,65558.0,447400.0,,,,,,,,,,,,,,,,,,,,,,
Microsoft.Azure.Functions.Analyzers,1.0.0,tools_only,,,,,41208.0,41208.0,,,,,,,,,,,,,,,,,,,,,,
Microsoft.Extensions.Http.Resilience,10.9.0,ok,,netstandard2.0,lib/netstandard2.0/Microsoft.Extensions.Http.Resilience.dll,137568.0,124006.0,384649.0,31.0,40.0,97.0,0.0,16.0,0.0,137.0,,,,,,,,,,,,,,686.0,176.0
NEST,7.17.5,ok,,netstandard2.0,lib/netstandard2.0/Nest.dll,5051392.0,1608724.0,4710953.0,4362.0,8092.0,15641.0,6.0,3825.0,228.0,23739.0,,,,,,,,,,,,,,50085.0,6576.0
Humanizer.Core.th-TH,2.14.1,ok,,netstandard2.0,lib/netstandard2.0/th-TH/Humanizer.resources.dll,29800.0,60824.0,49735.0,0.0,0.0,0.0,0.0,0.0,0.0,0.0,,,,,,,,,,,,,,0.0,1.0
System.DirectoryServices.AccountManagement,10.0.11,ok,,netstandard2.0,lib/netstandard2.0/System.DirectoryServices.AccountManagement.dll,73552.0,93674.0,599126.0,30.0,105.0,196.0,0.0,52.0,0.0,301.0,,,,,,,,,,,,,,452.0,58.0
Humanizer.Core.ko-KR,2.14.1,ok,,netstandard2.0,lib/netstandard2.0/ko-KR/Humanizer.resources.dll,26728.0,60153.0,49289.0,0.0,0.0,0.0,0.0,0.0,0.0,0.0,,,,,,,,,,,,,,0.0,1.0
DocumentFormat.OpenXml.Framework,3.5.1,ok,,netstandard2.0,lib/netstandard2.0/DocumentFormat.OpenXml.Framework.dll,482272.0,247099.0,1683829.0,120.0,363.0,929.0,6.0,164.0,69.0,1298.0,,,,,,,,,,,,,,3219.0,447.0
Microsoft.TestPlatform,18.9.0,tools_only,,,,,148078.0,50330059.0,,,,,,,,,,,,,,,,,,,,,,
Pomelo.EntityFrameworkCore.MySql,9.0.0,ok,,net8.0,lib/net8.0/Pomelo.EntityFrameworkCore.MySql.dll,526848.0,259187.0,269426.0,195.0,1006.0,420.0,0.0,190.0,9.0,1426.0,,,,,,,,,,,,,,2625.0,399.0
Modernizr,2.8.3,metapackage,,,,,30599.0,30599.0,,,,,,,,,,,,,,,,,,,,,,
System.Data.Odbc,10.0.11,ok,,netstandard2.0,lib/netstandard2.0/System.Data.Odbc.dll,105256.0,98483.0,1011606.0,26.0,136.0,196.0,3.0,26.0,0.0,335.0,,,,,,,,,,,,,,472.0,57.0
Serilog.Formatting.Elasticsearch,10.0.0,ok,,netstandard2.0,lib/netstandard2.0/Serilog.Formatting.Elasticsearch.dll,17920.0,52556.0,44152.0,4.0,28.0,0.0,0.0,3.0,0.0,28.0,,,,,,,,,,,,,,60.0,7.0
NSwag.AspNetCore,14.7.1,ok,,netstandard2.0,lib/netstandard2.0/NSwag.AspNetCore.dll,2263040.0,691187.0,3163015.0,14.0,18.0,48.0,0.0,13.0,0.0,66.0,,,,,,,,,,,,,,221.0,55.0
bootstrap,5.3.8,metapackage,,,,,65558.0,3071200.0,,,,,,,,,,,,,,,,,,,,,,
Microsoft.AspNetCore.SignalR.Client,10.0.11,ok,,netstandard2.0,lib/netstandard2.0/Microsoft.AspNetCore.SignalR.Client.dll,24360.0,79277.0,82500.0,1.0,9.0,10.0,0.0,0.0,0.0,19.0,,,,,,,,,,,,,,54.0,25.0
Polly.RateLimiting,8.7.0,ok,,netstandard2.0,lib/netstandard2.0/Polly.RateLimiting.dll,35744.0,86431.0,193602.0,5.0,5.0,33.0,0.0,9.0,0.0,38.0,,,,,,,,,,,,,,102.0,38.0
Microsoft.VisualStudio.Threading.Analyzers,18.7.23,tools_only,,,,,65558.0,564221.0,,,,,,,,,,,,,,,,,,,,,,
Fractions,8.3.2,ok,,netstandard2.1,lib/netstandard2.1/Fractions.dll,49152.0,87600.0,133527.0,12.0,77.0,43.0,0.0,18.0,27.0,120.0,,,,,,,,,,,,,,252.0,25.0
Microsoft.Data.Services.Client,5.8.5,ok,,netstandard1.1,lib/netstandard1.1/Microsoft.Data.Services.Client.dll,701816.0,313908.0,2592388.0,72.0,117.0,834.0,13.0,56.0,0.0,964.0,,,,,,,,,,,,,,3531.0,419.0
Humanizer.Core.is,3.0.10,ok,,netstandard2.0,lib/netstandard2.0/is/Humanizer.resources.dll,27320.0,79807.0,90678.0,0.0,0.0,0.0,0.0,0.0,0.0,0.0,,,,,,,,,,,,,,0.0,1.0
Microsoft.ApplicationInsights.WorkerService,3.1.2,ok,,net10.0,lib/net10.0/Microsoft.ApplicationInsights.WorkerService.dll,70456.0,97507.0,254955.0,3.0,4.0,51.0,0.0,1.0,0.0,55.0,,,,,,,,,,,,,,249.0,29.0
Microsoft.NET.ILLink.Tasks,10.0.11,tools_only,,,,,65558.0,1533276.0,,,,,,,,,,,,,,,,,,,,,,
NuGet.LibraryModel,7.9.0,ok,,net8.0,lib/net8.0/NuGet.LibraryModel.dll,52024.0,92157.0,133380.0,26.0,65.0,46.0,0.0,17.0,9.0,111.0,,,,,,,,,,,,,,241.0,45.0
AWSSDK.CloudWatchLogs,4.0.104,ok,,netstandard2.0,lib/netstandard2.0/AWSSDK.CloudWatchLogs.dll,658088.0,254553.0,1602964.0,868.0,1006.0,1547.0,9.0,983.0,44.0,2562.0,,,,,,,,,,,,,,6871.0,927.0
Microsoft.Owin.Security.Cookies,4.2.3,ok,,net45,lib/net45/Microsoft.Owin.Security.Cookies.dll,44600.0,92352.0,65333.0,16.0,21.0,40.0,0.0,10.0,0.0,61.0,,,,,,,,,,,,,,139.0,25.0
NuGet.DependencyResolver.Core,7.9.0,ok,,net8.0,lib/net8.0/NuGet.DependencyResolver.Core.dll,94008.0,111183.0,174583.0,30.0,76.0,71.0,0.0,18.0,2.0,147.0,,,,,,,,,,,,,,395.0,82.0
NuGet.ProjectModel,7.9.0,ok,,net8.0,lib/net8.0/NuGet.ProjectModel.dll,240440.0,166831.0,300840.0,60.0,217.0,262.0,1.0,50.0,7.0,480.0,,,,,,,,,,,,,,1353.0,161.0
Microsoft.AspNetCore.SignalR.Client.Core,10.0.11,ok,,netstandard2.1,lib/netstandard2.1/Microsoft.AspNetCore.SignalR.Client.Core.dll,211280.0,147188.0,402992.0,10.0,123.0,78.0,3.0,5.0,0.0,204.0,,,,,,,,,,,,,,806.0,164.0
Microsoft.AspNetCore.Authentication.Facebook,10.0.11,ok,,net10.0,lib/net10.0/Microsoft.AspNetCore.Authentication.Facebook.dll,27432.0,71391.0,55754.0,4.0,8.0,7.0,0.0,3.0,0.0,15.0,,,,,,,,,,,,,,32.0,8.0
Serilog.Sinks.RollingFile,3.3.0,ok,,netstandard1.3,lib/netstandard1.3/Serilog.Sinks.RollingFile.dll,18432.0,42465.0,32866.0,2.0,5.0,11.0,0.0,1.0,0.0,16.0,,,,,,,,,,,,,,58.0,14.0
NSwag.Generation.AspNetCore,14.7.1,ok,,netstandard2.0,lib/netstandard2.0/NSwag.Generation.AspNetCore.dll,50176.0,88792.0,142483.0,6.0,10.0,12.0,0.0,7.0,0.0,22.0,,,,,,,,,,,,,,132.0,34.0
runtime.win.System.IO.FileSystem,4.3.0,native_only,,,,,65558.0,145778.0,,,,,,,,,,,,,,,,,,,,,,
jQuery.Validation,1.21.0,metapackage,,,,,50894.0,50894.0,,,,,,,,,,,,,,,,,,,,,,
Microsoft.Net.Compilers,4.2.0,tools_only,,,,,65558.0,11877288.0,,,,,,,,,,,,,,,,,,,,,,
AspNetCore.HealthChecks.SqlServer,9.0.0,ok,,netstandard2.0,lib/netstandard2.0/HealthChecks.SqlServer.dll,19456.0,62214.0,48085.0,3.0,4.0,5.0,0.0,2.0,0.0,9.0,,,,,,,,,,,,,,31.0,16.0
System.Net.WebSockets.WebSocketProtocol,5.1.3,ok,,netstandard2.0,lib/netstandard2.0/System.Net.WebSockets.WebSocketProtocol.dll,58160.0,94864.0,137604.0,1.0,1.0,26.0,0.0,0.0,0.0,27.0,,,,,,,,,,,,,,140.0,36.0
Selenium.Support,4.48.0,ok,,netstandard2.0,lib/netstandard2.0/Selenium.Support.dll,48640.0,72807.0,52552.0,18.0,54.0,60.0,17.0,24.0,0.0,131.0,,,,,,,,,,,,,,289.0,60.0
Microsoft.AspNetCore.HostFiltering,2.3.12,ok,,netstandard2.0,lib/netstandard2.0/Microsoft.AspNetCore.HostFiltering.dll,22328.0,55761.0,42405.0,4.0,3.0,3.0,0.0,2.0,0.0,6.0,,,,,,,,,,,,,,17.0,5.0
HtmlSanitizer,9.2.1039,ok,,netstandard2.0,lib/netstandard2.0/HtmlSanitizer.dll,63488.0,92230.0,159400.0,17.0,25.0,89.0,19.0,15.0,0.0,133.0,,,,,,,,,,,,,,306.0,31.0
Sentry,6.10.0,ok,,netstandard2.1,lib/netstandard2.1/Sentry.dll,787968.0,354953.0,68984168.0,166.0,640.0,1112.0,8.0,95.0,21.0,1760.0,,,,,,,,,,,,,,4672.0,655.0
Serilog.Sinks.Elasticsearch,10.0.0,ok,,netstandard2.0,lib/netstandard2.0/Serilog.Sinks.Elasticsearch.dll,87552.0,102285.0,128206.0,19.0,27.0,132.0,0.0,15.0,0.0,159.0,,,,,,,,,,,,,,442.0,78.0
Flurl.Http,4.0.2,ok,,netstandard2.0,lib/netstandard2.0/Flurl.Http.dll,111104.0,113135.0,221740.0,58.0,373.0,103.0,0.0,38.0,0.0,476.0,,,,,,,,,,,,,,845.0,142.0
Microsoft.Azure.Storage.Blob,11.2.3,ok,,netstandard2.0,lib/netstandard2.0/Microsoft.Azure.Storage.Blob.dll,420744.0,212319.0,635862.0,69.0,1125.0,241.0,0.0,62.0,0.0,1366.0,,,,,,,,,,,,,,2605.0,349.0
Microsoft.Bcl.Build,1.0.21,native_only,,,,,40988.0,40988.0,,,,,,,,,,,,,,,,,,,,,,
NJsonSchema.Yaml,11.6.1,ok,,netstandard2.0,lib/netstandard2.0/NJsonSchema.Yaml.dll,23552.0,71964.0,61075.0,2.0,10.0,27.0,0.0,1.0,0.0,37.0,,,,,,,,,,,,,,122.0,49.0
Microsoft.Kiota.Http.HttpClientLibrary,2.1.0,ok,,netstandard2.1,lib/netstandard2.1/Microsoft.Kiota.Http.HttpClientLibrary.dll,101216.0,111559.0,413230.0,27.0,42.0,35.0,0.0,25.0,1.0,77.0,,,,,,,,,,,,,,264.0,71.0
dotnet-ef,10.0.11,tools_only,,,,,65558.0,621914.0,,,,,,,,,,,,,,,,,,,,,,
Microsoft.Kiota.Serialization.Json,2.1.0,ok,,netstandard2.1,lib/netstandard2.1/Microsoft.Kiota.Serialization.Json.dll,69984.0,97339.0,168368.0,6.0,54.0,45.0,0.0,10.0,0.0,99.0,,,,,,,,,,,,,,241.0,24.0
Microsoft.AspNetCore.Identity.UI,10.0.11,ok,,net10.0,lib/net10.0/Microsoft.AspNetCore.Identity.UI.dll,936232.0,290051.0,3135109.0,96.0,151.0,819.0,0.0,91.0,0.0,970.0,,,,,,,,,,,,,,3907.0,927.0
morelinq,4.4.0,ok,,netstandard2.1,lib/netstandard2.1/MoreLinq.dll,346112.0,201516.0,1236512.0,110.0,578.0,227.0,0.0,4.0,0.0,805.0,,,,,,,,,,,,,,2012.0,368.0
Google.Apis.Storage.v1,1.76.0.4250,ok,,netstandard2.0,lib/netstandard2.0/Google.Apis.Storage.v1.dll,209920.0,131901.0,413214.0,215.0,216.0,1200.0,0.0,184.0,0.0,1416.0,,,,,,,,,,,,,,2519.0,216.0
Microsoft.Data.Sqlite,10.0.11,metapackage,,,,,30208.0,30208.0,,,,,,,,,,,,,,,,,,,,,,
Microsoft.Azure.Functions.Worker.Extensions.Abstractions,1.3.0,ok,,netstandard2.0,lib/netstandard2.0/Microsoft.Azure.Functions.Worker.Extensions.Abstractions.dll,26552.0,65036.0,46602.0,16.0,0.0,13.0,0.0,15.0,0.0,13.0,,,,,,,,,,,,,,38.0,21.0
Microsoft.Azure.Functions.Worker,2.52.0,ok,,netstandard2.0,lib/netstandard2.0/Microsoft.Azure.Functions.Worker.dll,39456.0,91636.0,205120.0,5.0,13.0,10.0,0.0,1.0,0.0,23.0,,,,,,,,,,,,,,64.0,18.0
GitVersion.Tool,6.8.2,tools_only,,,,,65558.0,34825403.0,,,,,,,,,,,,,,,,,,,,,,
Shouldly,4.3.0,ok,,netstandard2.0,lib/netstandard2.0/Shouldly.dll,289280.0,255975.0,650375.0,53.0,213.0,175.0,0.0,37.0,0.0,388.0,,,,,,,,,,,,,,1288.0,381.0
Microsoft.AspNetCore.Authentication.Twitter,10.0.11,ok,,net10.0,lib/net10.0/Microsoft.AspNetCore.Authentication.Twitter.dll,60200.0,95370.0,70849.0,10.0,16.0,36.0,0.0,9.0,0.0,52.0,,,,,,,,,,,,,,161.0,31.0
System.IO.Ports,10.0.11,ok,,netstandard2.0,lib/netstandard2.0/System.IO.Ports.dll,42832.0,86493.0,420484.0,17.0,29.0,94.0,3.0,10.0,0.0,126.0,,,,,,,,,,,,,,220.0,47.0
Microsoft.Kiota.Serialization.Text,2.1.0,ok,,netstandard2.1,lib/netstandard2.1/Microsoft.Kiota.Serialization.Text.dll,26976.0,81068.0,94005.0,4.0,47.0,7.0,0.0,4.0,0.0,54.0,,,,,,,,,,,,,,71.0,10.0
Microsoft.Kiota.Serialization.Form,2.1.0,ok,,netstandard2.1,lib/netstandard2.1/Microsoft.Kiota.Serialization.Form.dll,36152.0,85330.0,111638.0,4.0,47.0,12.0,0.0,4.0,0.0,59.0,,,,,,,,,,,,,,108.0,13.0
Microsoft.Extensions.Configuration.Ini,10.0.11,ok,,netstandard2.0,lib/netstandard2.0/Microsoft.Extensions.Configuration.Ini.dll,29008.0,81992.0,131581.0,9.0,14.0,17.0,0.0,4.0,0.0,31.0,,,,,,,,,,,,,,86.0,35.0
FSharp.Core,11.0.100,ok,,netstandard2.1,lib/netstandard2.1/FSharp.Core.dll,2396944.0,1214674.0,3058614.0,240.0,1900.0,1604.0,2.0,109.0,129.0,3506.0,,,,,,,,,,,,,,9694.0,2261.0
StyleCop.Analyzers.Unstable,1.2.0.556,tools_only,,,,,65558.0,474559.0,,,,,,,,,,,,,,,,,,,,,,
NJsonSchema.Annotations,11.6.1,ok,,netstandard2.0,lib/netstandard2.0/NJsonSchema.Annotations.dll,19968.0,61702.0,52278.0,16.0,0.0,48.0,0.0,19.0,0.0,48.0,,,,,,,,,,,,,,143.0,57.0
runtime.win.Microsoft.Win32.Primitives,4.3.0,native_only,,,,,32430.0,32430.0,,,,,,,,,,,,,,,,,,,,,,
Microsoft.Build.Tasks.Git,10.0.400,tools_only,,,,,65558.0,630612.0,,,,,,,,,,,,,,,,,,,,,,
Asp.Versioning.Mvc.ApiExplorer,10.2.1,ok,,net10.0,lib/net10.0/Asp.Versioning.Mvc.ApiExplorer.dll,59288.0,97991.0,76763.0,24.0,33.0,88.0,0.0,9.0,0.0,121.0,,,,,,,,,,,,,,227.0,43.0
AWSSDK.Lambda,4.0.107,ok,,netstandard2.0,lib/netstandard2.0/AWSSDK.Lambda.dll,670376.0,262153.0,1492907.0,829.0,900.0,1823.0,5.0,1108.0,47.0,2728.0,,,,,,,,,,,,,,7628.0,881.0
Microsoft.AspNetCore.Http.Connections,1.2.12,ok,,netstandard2.0,lib/netstandard2.0/Microsoft.AspNetCore.Http.Connections.dll,110392.0,114189.0,79639.0,21.0,31.0,60.0,0.0,11.0,0.0,91.0,,,,,,,,,,,,,,394.0,84.0
Unity,5.11.10,ok,,netstandard2.0,lib/netstandard2.0/Unity.Container.dll,148480.0,124027.0,1305806.0,72.0,162.0,131.0,11.0,64.0,2.0,304.0,,,,,,,,,,,,,,884.0,182.0
runtime.win.System.Net.Primitives,4.3.1,native_only,,,,,65558.0,238554.0,,,,,,,,,,,,,,,,,,,,,,
Microsoft.CodeAnalysis.CSharp.Scripting,5.9.0,ok,,netstandard2.0,lib/netstandard2.0/Microsoft.CodeAnalysis.CSharp.Scripting.dll,35112.0,82811.0,350644.0,3.0,11.0,22.0,0.0,0.0,0.0,33.0,,,,,,,,,,,,,,77.0,17.0
Swashbuckle.AspNetCore.Filters,10.0.1,ok,,net8.0,lib/net8.0/Swashbuckle.AspNetCore.Filters.dll,36352.0,57166.0,40006.0,10.0,13.0,5.0,0.0,8.0,0.0,18.0,,,,,,,,,,,,,,144.0,43.0
Handlebars.Net,2.4.3,ok,,netstandard2.1,lib/netstandard2.1/Handlebars.dll,344064.0,205313.0,635656.0,207.0,424.0,453.0,0.0,161.0,17.0,877.0,,,,,,,,,,,,,,2598.0,556.0
Microsoft.Diagnostics.Tracing.TraceEvent,3.2.6,ok,,netstandard2.0,lib/netstandard2.0/Dia2Lib.dll,59024.0,93270.0,5489114.0,41.0,231.0,292.0,0.0,3.0,0.0,523.0,,,,,,,,,,,,,,529.0,42.0
Refit.HttpClientFactory,15.2.0,ok,,net11.0,lib/net11.0/Refit.HttpClientFactory.dll,43008.0,90264.0,432396.0,7.0,86.0,2.0,0.0,1.0,0.0,88.0,,,,,,,,,,,,,,199.0,44.0
Common.Logging,3.4.1,ok,,netstandard1.3,lib/netstandard1.3/Common.Logging.dll,39424.0,81860.0,178437.0,25.0,183.0,52.0,0.0,31.0,0.0,235.0,,,,,,,,,,,,,,329.0,37.0
Microsoft.SourceLink.Common,10.0.400,tools_only,,,,,65558.0,347411.0,,,,,,,,,,,,,,,,,,,,,,
SpecFlow,3.9.74,ok,,netstandard2.0,lib/netstandard2.0/TechTalk.SpecFlow.dll,298496.0,187156.0,382088.0,399.0,754.0,464.0,15.0,302.0,0.0,1233.0,,,,,,,,,,,,,,2450.0,550.0
Microsoft.AspNet.Cors,5.3.0,ok,,net45,lib/net45/System.Web.Cors.dll,28592.0,66110.0,50975.0,6.0,9.0,32.0,0.0,4.0,0.0,41.0,,,,,,,,,,,,,,78.0,9.0
dotnet-reportgenerator-globaltool,5.5.11,tools_only,,,,,65558.0,3982733.0,,,,,,,,,,,,,,,,,,,,,,
Azure.Security.KeyVault.Keys,4.10.1,ok,,netstandard2.0,lib/netstandard2.0/Azure.Security.KeyVault.Keys.dll,369000.0,212758.0,589575.0,55.0,198.0,359.0,0.0,52.0,24.0,557.0,,,,,,,,,,,,,,1987.0,343.0
OpenTelemetry.Instrumentation.SqlClient,1.18.0,ok,,netstandard2.0,lib/netstandard2.0/OpenTelemetry.Instrumentation.SqlClient.dll,82432.0,102402.0,229160.0,8.0,8.0,85.0,0.0,2.0,0.0,93.0,,,,,,,,,,,,,,344.0,74.0
NSwag.Core.Yaml,14.7.1,ok,,netstandard2.0,lib/netstandard2.0/NSwag.Core.Yaml.dll,11776.0,39442.0,33248.0,1.0,11.0,0.0,0.0,0.0,0.0,11.0,,,,,,,,,,,,,,25.0,10.0
Serilog.Enrichers.Process,3.0.0,ok,,netstandard2.0,lib/netstandard2.0/Serilog.Enrichers.Process.dll,7168.0,55911.0,52229.0,1.0,2.0,0.0,0.0,0.0,0.0,2.0,,,,,,,,,,,,,,13.0,8.0
Microsoft.AspNetCore.Authentication.OAuth,2.3.12,ok,,netstandard2.0,lib/netstandard2.0/Microsoft.AspNetCore.Authentication.OAuth.dll,43360.0,77554.0,54491.0,18.0,43.0,36.0,0.0,16.0,0.0,79.0,,,,,,,,,,,,,,143.0,28.0
Microsoft.Kiota.Serialization.Multipart,2.1.0,ok,,netstandard2.1,lib/netstandard2.1/Microsoft.Kiota.Serialization.Multipart.dll,20832.0,78095.0,80706.0,2.0,25.0,4.0,0.0,2.0,0.0,29.0,,,,,,,,,,,,,,40.0,7.0
Selenium.WebDriver,4.48.0,ok,,netstandard2.0,lib/netstandard2.0/Selenium.WebDriver.dll,7092736.0,2138384.0,17152852.0,7432.0,5088.0,17340.0,738.0,6804.0,743.0,23166.0,,,,,,,,,,,,,,53954.0,8383.0
runtime.win.System.Console,4.3.1,native_only,,,,,65558.0,82455.0,,,,,,,,,,,,,,,,,,,,,,
Microsoft.Bcl,1.1.10,ok,,net40,lib/net40/System.IO.dll,21144.0,78267.0,1018133.0,0.0,0.0,0.0,0.0,0.0,0.0,0.0,,,,,,,,,,,,,,1.0,2.0
Google.Cloud.Storage.V1,4.15.0,ok,,netstandard2.0,lib/netstandard2.0/Google.Cloud.Storage.V1.dll,168448.0,135161.0,290296.0,60.0,245.0,312.0,0.0,38.0,0.0,557.0,,,,,,,,,,,,,,1215.0,171.0
Microsoft.DotNet.Scaffolding.Shared,10.0.2,ok,,net9.0,lib/net9.0/Microsoft.DotNet.Scaffolding.Shared.dll,137248.0,127713.0,113927.0,55.0,96.0,179.0,0.0,32.0,0.0,275.0,,,,,,,,,,,,,,746.0,139.0
Microsoft.jQuery.Unobtrusive.Validation,4.0.0,metapackage,,,,,46686.0,46686.0,,,,,,,,,,,,,,,,,,,,,,
Microsoft.Diagnostics.NETCore.Client,0.2.731102,ok,,netstandard2.0,lib/netstandard2.0/Microsoft.Diagnostics.NETCore.Client.dll,153400.0,130785.0,173330.0,20.0,38.0,93.0,0.0,15.0,2.0,131.0,,,,,,,,,,,,,,634.0,159.0
Microsoft.VisualStudio.Validation,17.13.22,ok,,netstandard2.0,lib/netstandard2.0/Microsoft.VisualStudio.Validation.dll,45072.0,88321.0,352573.0,10.0,89.0,43.0,0.0,3.0,0.0,132.0,,,,,,,,,,,,,,227.0,56.0
Microsoft.Azure.Functions.Worker.Grpc,2.52.0,ok,,netstandard2.0,lib/netstandard2.0/Microsoft.Azure.Functions.Worker.Grpc.dll,363592.0,268933.0,1347331.0,16.0,3.0,421.0,0.0,4.0,0.0,424.0,,,,,,,,,,,,,,1666.0,191.0
Microsoft.CodeAnalysis.CSharp.Features,5.9.0,ok,,netstandard2.0,lib/netstandard2.0/Microsoft.CodeAnalysis.CSharp.Features.dll,2419536.0,971272.0,3129377.0,20.0,43.0,1186.0,0.0,12.0,4.0,1229.0,,,,,,,,,,,,,,10152.0,2245.0
System.Runtime.InteropServices.WindowsRuntime,4.3.0,ok,,netstandard1.0,ref/netstandard1.0/System.Runtime.InteropServices.WindowsRuntime.dll,24024.0,79522.0,151655.0,9.0,14.0,8.0,0.0,6.0,2.0,22.0,,,,,,,,,,,,,,31.0,10.0
NewRelic.Agent,10.54.0,no_lib_dll,,,,,65558.0,31009476.0,,,,,,,,,,,,,,,,,,,,,,
Oracle.ManagedDataAccess.Core,23.26.300,ok,,netstandard2.1,lib/netstandard2.1/Oracle.ManagedDataAccess.dll,5560480.0,2515464.0,4946359.0,176.0,879.0,1977.0,17.0,197.0,159.0,2873.0,,,,,,,,,,,,,,12569.0,1409.0
Microsoft.ApplicationInsights.Web,3.1.2,ok,,net462,lib/net462/Microsoft.AI.Web.dll,66872.0,96386.0,103544.0,3.0,3.0,45.0,0.0,2.0,0.0,48.0,,,,,,,,,,,,,,226.0,44.0
Microsoft.AspNetCore.SignalR.Core,1.2.12,ok,,netstandard2.0,lib/netstandard2.0/Microsoft.AspNetCore.SignalR.Core.dll,124728.0,120531.0,90847.0,44.0,151.0,99.0,0.0,27.0,0.0,250.0,,,,,,,,,,,,,,615.0,132.0
Microsoft.Kiota.Authentication.Azure,2.1.0,ok,,netstandard2.1,lib/netstandard2.1/Microsoft.Kiota.Authentication.Azure.dll,22368.0,79287.0,85874.0,3.0,2.0,2.0,0.0,5.0,0.0,4.0,,,,,,,,,,,,,,22.0,10.0
Std.UriTemplate,2.0.12,ok,,netstandard2.0,lib/netstandard2.0/Std.UriTemplate.dll,25504.0,81831.0,65582.0,1.0,1.0,0.0,0.0,1.0,0.0,1.0,,,,,,,,,,,,,,28.0,6.0
CommonServiceLocator,2.0.7,ok,,netstandard2.1,lib/netstandard2.1/CommonServiceLocator.dll,9728.0,70487.0,68641.0,5.0,21.0,4.0,0.0,5.0,0.0,25.0,,,,,,,,,,,,,,37.0,7.0
Microsoft.EntityFrameworkCore.Proxies,10.0.11,ok,,net10.0,lib/net10.0/Microsoft.EntityFrameworkCore.Proxies.dll,136504.0,125704.0,98173.0,21.0,51.0,164.0,0.0,12.0,0.0,215.0,,,,,,,,,,,,,,759.0,97.0
Xamarin.AndroidX.Annotation,1.10.0.1,ok,,net10.0-android36.0,lib/net10.0-android36.0/Xamarin.AndroidX.Annotation.dll,15672.0,75470.0,98883.0,0.0,0.0,0.0,0.0,0.0,0.0,0.0,,,,,,,,,,,,,,0.0,1.0
Microsoft.NET.Sdk.Android.Manifest-8.0.100.Msi.x64,34.0.154,metapackage,,,,,65558.0,379217.0,,,,,,,,,,,,,,,,,,,,,,
Common.Logging.Core,3.4.1,ok,,netstandard1.0,lib/netstandard1.0/Common.Logging.Core.dll,10240.0,45734.0,41190.0,9.0,80.0,14.0,0.0,2.0,0.0,94.0,,,,,,,,,,,,,,98.0,10.0
System.Reactive.Core,6.1.0,ok,,netstandard2.0,lib/netstandard2.0/System.Reactive.Core.dll,18896.0,77713.0,71666.0,0.0,0.0,0.0,0.0,0.0,0.0,0.0,,,,,,,,,,,,,,0.0,1.0
Microsoft.ApplicationInsights.Agent.Intercept,2.4.0,ok,,net45,lib/net45/Microsoft.AI.Agent.Intercept.dll,1957624.0,848829.0,1578626.0,4.0,29.0,3.0,0.0,2.0,0.0,32.0,,,,,,,,,,,,,,121.0,29.0
Microsoft.NET.Sdk.MacCatalyst.Manifest-8.0.100.Msi.x64,18.0.8319,metapackage,,,,,65558.0,379244.0,,,,,,,,,,,,,,,,,,,,,,
ExcelDataReader,3.9.0,ok,,netstandard2.1,lib/netstandard2.1/ExcelDataReader.dll,211456.0,159641.0,719695.0,24.0,31.0,556.0,0.0,15.0,2.0,587.0,,,,,,,,,,,,,,1536.0,230.0
Microsoft.AspNet.Identity.Core,2.2.4,ok,,net45,lib/net45/Microsoft.AspNet.Identity.Core.dll,160192.0,125966.0,95998.0,64.0,230.0,96.0,0.0,25.0,0.0,326.0,,,,,,,,,,,,,,721.0,217.0
Microsoft.NET.Sdk.iOS.Manifest-8.0.100.Msi.x64,18.0.8319,metapackage,,,,,65558.0,379450.0,,,,,,,,,,,,,,,,,,,,,,
Microsoft.NET.Sdk.macOS.Manifest-8.0.100.Msi.x64,15.0.8319,metapackage,,,,,65558.0,379210.0,,,,,,,,,,,,,,,,,,,,,,
Microsoft.Azure.Functions.Worker.Sdk,2.1.0,tools_only,,,,,65558.0,15715999.0,,,,,,,,,,,,,,,,,,,,,,
NPOI,2.8.0,ok,,netstandard2.1,lib/netstandard2.1/NPOI.Core.dll,2080256.0,810535.0,16812563.0,1494.0,5470.0,3933.0,2.0,1769.0,25.0,9405.0,,,,,,,,,,,,,,15499.0,1757.0
Microsoft.NET.Workload.Mono.ToolChain.Current.Manifest-8.0.100.Msi.x64,8.0.30,metapackage,,,,,65558.0,349136.0,,,,,,,,,,,,,,,,,,,,,,
Microsoft.NET.Sdk.Maui.Manifest-8.0.100.Msi.x64,8.0.100,metapackage,,,,,65558.0,380483.0,,,,,,,,,,,,,,,,,,,,,,
TestContainers,4.14.0,ok,,netstandard2.1,lib/netstandard2.1/Testcontainers.dll,377344.0,249633.0,1181861.0,99.0,400.0,316.0,21.0,83.0,6.0,737.0,,,,,,,,,,,,,,2053.0,398.0
System.ServiceModel.Syndication,10.0.11,ok,,netstandard2.0,lib/netstandard2.0/System.ServiceModel.Syndication.dll,125776.0,120350.0,352562.0,43.0,278.0,203.0,0.0,102.0,0.0,481.0,,,,,,,,,,,,,,931.0,94.0
Microsoft.NET.Sdk.tvOS.Manifest-8.0.100.Msi.x64,18.0.8319,metapackage,,,,,65558.0,379174.0,,,,,,,,,,,,,,,,,,,,,,
Microsoft.NET.Workload.Emscripten.net6.Manifest-8.0.100.Msi.x64,8.0.30,metapackage,,,,,65558.0,323900.0,,,,,,,,,,,,,,,,,,,,,,
Grpc,2.46.6,metapackage,,,,,48346.0,48346.0,,,,,,,,,,,,,,,,,,,,,,
Microsoft.NET.Workload.Emscripten.Current.Manifest-8.0.100.Msi.x64,8.0.30,metapackage,,,,,65558.0,324685.0,,,,,,,,,,,,,,,,,,,,,,
Microsoft.NET.Workload.Mono.ToolChain.net7.Manifest-8.0.100.Msi.x64,8.0.30,metapackage,,,,,65558.0,341926.0,,,,,,,,,,,,,,,,,,,,,,
Microsoft.NET.Workload.Emscripten.net7.Manifest-8.0.100.Msi.x64,8.0.30,metapackage,,,,,65558.0,324571.0,,,,,,,,,,,,,,,,,,,,,,
Microsoft.NET.Workload.Mono.ToolChain.net6.Manifest-8.0.100.Msi.x64,8.0.30,metapackage,,,,,65558.0,341720.0,,,,,,,,,,,,,,,,,,,,,,
SonarAnalyzer.CSharp,10.33.0.1635,tools_only,,,,,65558.0,1324472.0,,,,,,,,,,,,,,,,,,,,,,
Microsoft.AspNetCore.DataProtection.Extensions,10.0.11,ok,,netstandard2.0,lib/netstandard2.0/Microsoft.AspNetCore.DataProtection.Extensions.dll,31568.0,82762.0,99912.0,3.0,14.0,30.0,0.0,0.0,0.0,44.0,,,,,,,,,,,,,,117.0,38.0
Microsoft.CodeAnalysis,5.9.0,metapackage,,,,,31696.0,31696.0,,,,,,,,,,,,,,,,,,,,,,
JunitXml.TestLogger,8.0.0,native_only,,,,,65558.0,109075.0,,,,,,,,,,,,,,,,,,,,,,
Hangfire,1.8.25,metapackage,,,,,62965.0,62965.0,,,,,,,,,,,,,,,,,,,,,,
AutoFixture.AutoMoq,4.18.1,ok,,netstandard2.0,lib/netstandard2.0/AutoFixture.AutoMoq.dll,20992.0,76080.0,95969.0,11.0,10.0,8.0,0.0,13.0,0.0,18.0,,,,,,,,,,,,,,109.0,31.0
Microsoft.Extensions.Hosting.WindowsServices,10.0.11,ok,,netstandard2.1,lib/netstandard2.1/Microsoft.Extensions.Hosting.WindowsServices.dll,33064.0,84244.0,167939.0,9.0,14.0,17.0,0.0,3.0,0.0,31.0,,,,,,,,,,,,,,95.0,40.0
runtime.native.System.IO.Ports,10.0.11,metapackage,,,,,44514.0,44514.0,,,,,,,,,,,,,,,,,,,,,,
Amazon.Lambda.Serialization.SystemTextJson,3.0.1,ok,,net10.0,lib/net10.0/Amazon.Lambda.Serialization.SystemTextJson.dll,28328.0,71252.0,54642.0,11.0,21.0,3.0,0.0,21.0,0.0,24.0,,,,,,,,,,,,,,47.0,13.0
runtime.linux-arm.runtime.native.System.IO.Ports,10.0.11,metapackage,,,,,51548.0,51548.0,,,,,,,,,,,,,,,,,,,,,,
runtime.linux-x64.runtime.native.System.IO.Ports,10.0.11,metapackage,,,,,52805.0,52805.0,,,,,,,,,,,,,,,,,,,,,,
runtime.osx-x64.runtime.native.System.IO.Ports,10.0.11,metapackage,,,,,57165.0,57165.0,,,,,,,,,,,,,,,,,,,,,,
Microsoft.Extensions.Caching.SqlServer,10.0.11,ok,,netstandard2.0,lib/netstandard2.0/Microsoft.Extensions.Caching.SqlServer.dll,51024.0,89350.0,113533.0,5.0,9.0,26.0,0.0,2.0,0.0,35.0,,,,,,,,,,,,,,143.0,42.0
runtime.linux-arm64.runtime.native.System.IO.Ports,10.0.11,metapackage,,,,,52597.0,52597.0,,,,,,,,,,,,,,,,,,,,,,
Datadog.Trace,3.52.0,ok,,netstandard2.0,lib/netstandard2.0/Datadog.Trace.Manual.dll,71816.0,100537.0,203212.0,53.0,88.0,161.0,0.0,13.0,0.0,249.0,,,,,,,,,,,,,,480.0,103.0
Microsoft.AspNetCore.SpaServices,3.1.32,ok,,netcoreapp3.1,lib/netcoreapp3.1/Microsoft.AspNetCore.SpaServices.dll,54208.0,81302.0,56804.0,9.0,8.0,31.0,0.0,4.0,0.0,39.0,,,,,,,,,,,,,,93.0,19.0
runtime.win.System.Net.Sockets,4.3.0,native_only,,,,,65558.0,182568.0,,,,,,,,,,,,,,,,,,,,,,
NSwag.MSBuild,14.7.1,tools_only,,,,,65558.0,9609382.0,,,,,,,,,,,,,,,,,,,,,,
Hangfire.NetCore,1.8.25,ok,,netstandard2.1,lib/netstandard2.1/Hangfire.NetCore.dll,39200.0,92498.0,175855.0,9.0,25.0,0.0,0.0,8.0,0.0,25.0,,,,,,,,,,,,,,86.0,24.0
Microsoft.Azure.Functions.Extensions,1.1.0,ok,,netstandard2.0,lib/netstandard2.0/Microsoft.Azure.Functions.Extensions.dll,17280.0,40208.0,30350.0,6.0,7.0,10.0,0.0,3.0,0.0,17.0,,,,,,,,,,,,,,23.0,11.0
Validation,2.6.68,ok,,netstandard2.0,lib/netstandard2.0/Validation.dll,34304.0,80982.0,124308.0,9.0,85.0,42.0,0.0,3.0,0.0,127.0,,,,,,,,,,,,,,220.0,55.0
Microsoft.AspNetCore.NodeServices,3.1.32,ok,,netcoreapp3.1,lib/netcoreapp3.1/Microsoft.AspNetCore.NodeServices.dll,63376.0,91219.0,61784.0,11.0,20.0,17.0,0.0,6.0,0.0,37.0,,,,,,,,,,,,,,120.0,27.0
Microsoft.CodeAnalysis.AnalyzerUtilities,5.6.0,ok,,netstandard2.0,lib/netstandard2.0/Microsoft.CodeAnalysis.AnalyzerUtilities.dll,2269992.0,872251.0,1464945.0,183.0,765.0,1653.0,0.0,97.0,13.0,2418.0,,,,,,,,,,,,,,12313.0,1747.0
K4os.Hash.xxHash,1.0.8,ok,,netstandard2.1,lib/netstandard2.1/K4os.Hash.xxHash.dll,12800.0,56243.0,49829.0,8.0,37.0,2.0,0.0,6.0,0.0,39.0,,,,,,,,,,,,,,63.0,9.0
gherkin,42.0.1,ok,,netstandard2.0,lib/netstandard2.0/Gherkin.dll,154624.0,117170.0,72722.0,62.0,116.0,113.0,0.0,48.0,0.0,229.0,,,,,,,,,,,,,,548.0,81.0
Microsoft.WindowsDesktop.App.Runtime.win-x64,10.0.11,native_only,,,,,65558.0,39172023.0,,,,,,,,,,,,,,,,,,,,,,
Azure.Messaging.EventHubs,5.12.2,ok,,netstandard2.0,lib/netstandard2.0/Azure.Messaging.EventHubs.dll,548392.0,254105.0,633826.0,62.0,202.0,557.0,2.0,115.0,6.0,761.0,,,,,,,,,,,,,,2150.0,317.0
Mono.Cecil,0.11.6,ok,,netstandard2.0,lib/netstandard2.0/Mono.Cecil.dll,361472.0,224472.0,707868.0,178.0,305.0,834.0,1.0,116.0,4.0,1140.0,,,,,,,,,,,,,,3152.0,351.0
Microsoft.NET.Sdk.Android.Manifest-9.0.100.Msi.x64,35.0.105,metapackage,,,,,65558.0,380702.0,,,,,,,,,,,,,,,,,,,,,,
Microsoft.Win32.Registry.AccessControl,10.0.11,ok,,netstandard2.0,lib/netstandard2.0/Microsoft.Win32.Registry.AccessControl.dll,26408.0,80161.0,150404.0,5.0,6.0,19.0,0.0,0.0,0.0,25.0,,,,,,,,,,,,,,82.0,36.0
Sfa.Core.ServiceModel,4.0.2,ok,,net461,lib/net461/Sfa.Core.ServiceModel.dll,12288.0,23675.0,17418.0,7.0,15.0,3.0,0.0,8.0,0.0,18.0,,,,,,,,,,,,,,37.0,11.0
Microsoft.NET.Sdk.iOS.Manifest-9.0.100.Msi.x64,26.5.9004,metapackage,,,,,65558.0,380190.0,,,,,,,,,,,,,,,,,,,,,,
Microsoft.Azure.Functions.Worker.Extensions.Http,3.3.0,ok,,netstandard2.0,lib/netstandard2.0/Microsoft.Azure.Functions.Worker.Extensions.Http.dll,33824.0,79030.0,55672.0,5.0,1.0,4.0,0.0,6.0,0.0,5.0,,,,,,,,,,,,,,42.0,18.0
Microsoft.AspNet.WebApi.Owin,5.3.0,ok,,net45,lib/net45/System.Web.Http.Owin.dll,62400.0,95839.0,68342.0,10.0,17.0,59.0,0.0,7.0,0.0,76.0,,,,,,,,,,,,,,250.0,41.0
Microsoft.NET.Sdk.macOS.Manifest-9.0.100.Msi.x64,26.5.9004,metapackage,,,,,65558.0,379877.0,,,,,,,,,,,,,,,,,,,,,,
Microsoft.NET.Sdk.MacCatalyst.Manifest-9.0.100.Msi.x64,26.5.9004,metapackage,,,,,65558.0,379976.0,,,,,,,,,,,,,,,,,,,,,,
System.CommandLine,2.0.11,ok,,netstandard2.0,lib/netstandard2.0/System.CommandLine.dll,155448.0,137321.0,550119.0,39.0,112.0,245.0,0.0,24.0,2.0,357.0,,,,,,,,,,,,,,1036.0,168.0
Microsoft.NET.Sdk.tvOS.Manifest-9.0.100.Msi.x64,26.5.9004,metapackage,,,,,65558.0,379886.0,,,,,,,,,,,,,,,,,,,,,,
Microsoft.Azure.Functions.Worker.Sdk.Generators,1.4.0,tools_only,,,,,65558.0,354724.0,,,,,,,,,,,,,,,,,,,,,,
Microsoft.NET.Workload.Mono.ToolChain.Current.Manifest-9.0.100.Msi.x64,9.0.19,metapackage,,,,,65558.0,356303.0,,,,,,,,,,,,,,,,,,,,,,
Microsoft.FeatureManagement.AspNetCore,4.7.0,ok,,net10.0,lib/net10.0/Microsoft.FeatureManagement.AspNetCore.dll,50488.0,89930.0,106043.0,8.0,19.0,11.0,0.0,10.0,0.0,30.0,,,,,,,,,,,,,,139.0,48.0
Microsoft.NET.Sdk.Maui.Manifest-9.0.100.Msi.x64,9.0.120,metapackage,,,,,65558.0,339709.0,,,,,,,,,,,,,,,,,,,,,,
System.Reactive.Interfaces,6.1.0,ok,,netstandard2.0,lib/netstandard2.0/System.Reactive.Interfaces.dll,17872.0,77343.0,70649.0,0.0,0.0,0.0,0.0,0.0,0.0,0.0,,,,,,,,,,,,,,0.0,1.0
Microsoft.NET.Workload.Emscripten.net6.Manifest-9.0.100.Msi.x64,9.0.19,metapackage,,,,,65558.0,327864.0,,,,,,,,,,,,,,,,,,,,,,
Microsoft.NET.Workload.Emscripten.Current.Manifest-9.0.100.Msi.x64,9.0.19,metapackage,,,,,65558.0,328853.0,,,,,,,,,,,,,,,,,,,,,,
Microsoft.NET.Workload.Emscripten.net7.Manifest-9.0.100.Msi.x64,9.0.19,metapackage,,,,,65558.0,328005.0,,,,,,,,,,,,,,,,,,,,,,
Microsoft.Windows.Compatibility,10.0.11,metapackage,,,,,31604.0,31604.0,,,,,,,,,,,,,,,,,,,,,,
Microsoft.NET.Workload.Mono.ToolChain.net6.Manifest-9.0.100.Msi.x64,9.0.19,metapackage,,,,,65558.0,346423.0,,,,,,,,,,,,,,,,,,,,,,
Microsoft.NET.Workload.Emscripten.net8.Manifest-9.0.100.Msi.x64,9.0.19,metapackage,,,,,65558.0,328117.0,,,,,,,,,,,,,,,,,,,,,,
Microsoft.WindowsAzure.ConfigurationManager,3.2.3,ok,,net40,lib/net40/Microsoft.WindowsAzure.Configuration.dll,28352.0,45429.0,29128.0,1.0,3.0,5.0,0.0,0.0,0.0,8.0,,,,,,,,,,,,,,29.0,8.0
Microsoft.Azure.DocumentDB.Core,2.22.0,ok,,netstandard1.6,lib/netstandard1.6/Microsoft.Azure.DocumentDB.Core.dll,2509344.0,855457.0,4573972.0,247.0,611.0,2399.0,8.0,133.0,4.0,3018.0,,,,,,,,,,,,,,10946.0,1663.0
SkiaSharp.NativeAssets.Linux.NoDependencies,4.151.2,metapackage,,,,,65558.0,60424235.0,,,,,,,,,,,,,,,,,,,,,,
Microsoft.NET.Workload.Mono.ToolChain.net7.Manifest-9.0.100.Msi.x64,9.0.19,metapackage,,,,,65558.0,346665.0,,,,,,,,,,,,,,,,,,,,,,
Microsoft.CodeAnalysis.Features,5.9.0,ok,,netstandard2.0,lib/netstandard2.0/Microsoft.CodeAnalysis.Features.dll,5943592.0,2199058.0,7305771.0,67.0,165.0,3545.0,12.0,32.0,12.0,3722.0,,,,,,,,,,,,,,21179.0,4603.0
LaunchDarkly.EventSource,5.3.2,ok,,netstandard2.0,lib/netstandard2.0/LaunchDarkly.EventSource.dll,52048.0,93122.0,91104.0,14.0,32.0,58.0,12.0,16.0,0.0,102.0,,,,,,,,,,,,,,219.0,38.0
Newtonsoft.Json.Schema,4.0.1,ok,,netstandard2.1,lib/netstandard2.1/Newtonsoft.Json.Schema.dll,293888.0,179933.0,632166.0,40.0,84.0,278.0,5.0,32.0,2.0,367.0,,,,,,,,,,,,,,1482.0,234.0
Microsoft.NET.Workload.Mono.ToolChain.net8.Manifest-9.0.100.Msi.x64,9.0.19,metapackage,,,,,65558.0,346572.0,,,,,,,,,,,,,,,,,,,,,,
Microsoft.Azure.Functions.Worker.Sdk.Analyzers,1.2.2,tools_only,,,,,62949.0,62949.0,,,,,,,,,,,,,,,,,,,,,,
Microsoft.Extensions.Configuration.AzureKeyVault,3.1.24,ok,,netstandard2.0,lib/netstandard2.0/Microsoft.Extensions.Configuration.AzureKeyVault.dll,30640.0,63355.0,45919.0,4.0,12.0,8.0,0.0,5.0,0.0,20.0,,,,,,,,,,,,,,66.0,19.0
SQLitePCLRaw.provider.dynamic_cdecl,3.0.5,ok,,netstandard2.0,lib/netstandard2.0/SQLitePCLRaw.provider.dynamic_cdecl.dll,68096.0,64343.0,39670.0,171.0,513.0,0.0,0.0,170.0,0.0,513.0,,,,,,,,,,,,,,866.0,180.0
Json.More.Net,3.0.1,ok,,netstandard2.0,lib/netstandard2.0/Json.More.dll,67584.0,95348.0,171444.0,14.0,56.0,82.0,0.0,6.0,9.0,138.0,,,,,,,,,,,,,,410.0,104.0
Microsoft.AspNetCore.SignalR,1.2.12,ok,,netstandard2.0,lib/netstandard2.0/Microsoft.AspNetCore.SignalR.dll,19808.0,53018.0,40940.0,4.0,8.0,0.0,0.0,1.0,0.0,8.0,,,,,,,,,,,,,,15.0,8.0
Microsoft.AspNetCore.Server.Kestrel.Transport.Libuv,6.0.36,ok,,net6.0,lib/net6.0/Microsoft.AspNetCore.Server.Kestrel.Transport.Libuv.dll,125720.0,123184.0,95781.0,17.0,35.0,83.0,0.0,14.0,0.0,118.0,,,,,,,,,,,,,,706.0,121.0
K4os.Compression.LZ4.Streams,1.3.8,ok,,netstandard2.1,lib/netstandard2.1/K4os.Compression.LZ4.Streams.dll,87040.0,103129.0,256998.0,42.0,195.0,83.0,0.0,30.0,2.0,278.0,,,,,,,,,,,,,,598.0,121.0
AspNetCore.HealthChecks.Redis,9.0.0,ok,,netstandard2.0,lib/netstandard2.0/HealthChecks.Redis.dll,21504.0,64807.0,49948.0,2.0,5.0,1.0,0.0,2.0,0.0,6.0,,,,,,,,,,,,,,33.0,18.0
libphonenumber-csharp,9.0.38,ok,,netstandard2.0,lib/netstandard2.0/PhoneNumbers.dll,2826240.0,2682558.0,8020967.0,48.0,397.0,238.0,0.0,31.0,0.0,635.0,,,,,,,,,,,,,,1084.0,93.0
Ben.Demystifier,0.4.1,ok,,netstandard2.1,lib/netstandard2.1/Ben.Demystifier.dll,58880.0,103605.0,389075.0,12.0,43.0,36.0,0.0,7.0,2.0,79.0,,,,,,,,,,,,,,186.0,28.0
Cake,1.3.0,no_lib_dll,,,,,65558.0,8361248.0,,,,,,,,,,,,,,,,,,,,,,
Swashbuckle.AspNetCore.Filters.Abstractions,10.0.1,ok,,net8.0,lib/net8.0/Swashbuckle.AspNetCore.Filters.Abstractions.dll,8192.0,31131.0,27005.0,8.0,5.0,17.0,0.0,5.0,0.0,22.0,,,,,,,,,,,,,,31.0,9.0
Microsoft.Azure.AppConfiguration.AspNetCore,8.6.0,ok,,net9.0,lib/net9.0/Microsoft.Azure.AppConfiguration.AspNetCore.dll,20760.0,78365.0,78225.0,1.0,1.0,1.0,0.0,0.0,0.0,2.0,,,,,,,,,,,,,,9.0,5.0
JWT,11.1.0,ok,,netstandard2.0,lib/netstandard2.0/JWT.dll,51200.0,87410.0,308333.0,62.0,160.0,61.0,0.0,84.0,0.0,221.0,,,,,,,,,,,,,,407.0,83.0
DevExpress.Xpo,26.1.4,ok,,net8.0,lib/net8.0/DevExpress.Xpo.v26.1.dll,2372000.0,890355.0,1860634.0,672.0,4327.0,1847.0,94.0,944.0,4.0,6268.0,,,,,,,,,,,,,,13241.0,1666.0
SQLitePCLRaw.bundle_green,2.1.11,ok,,netstandard2.0,lib/netstandard2.0/SQLitePCLRaw.batteries_v2.dll,5120.0,42307.0,39503.0,2.0,2.0,0.0,0.0,0.0,0.0,2.0,,,,,,,,,,,,,,2.0,3.0
SpecFlow.Tools.MsBuild.Generation,3.9.74,no_lib_dll,,,,,65558.0,11920290.0,,,,,,,,,,,,,,,,,,,,,,
AspNetCore.HealthChecks.Uris,9.0.0,ok,,netstandard2.0,lib/netstandard2.0/HealthChecks.Uris.dll,28160.0,74589.0,56548.0,5.0,23.0,11.0,0.0,3.0,0.0,34.0,,,,,,,,,,,,,,85.0,24.0
Microsoft.NET.Workload.Mono.ToolChain.Manifest-6.0.300,6.0.36,metapackage,,,,,48751.0,48751.0,,,,,,,,,,,,,,,,,,,,,,
Microsoft.NET.Workload.Emscripten.Manifest-6.0.300,6.0.36,metapackage,,,,,35676.0,35676.0,,,,,,,,,,,,,,,,,,,,,,
HarfBuzzSharp,14.2.1.102,ok,,netstandard2.1,lib/netstandard2.1/HarfBuzzSharp.dll,129376.0,120709.0,2132492.0,66.0,286.0,126.0,0.0,40.0,32.0,412.0,,,,,,,,,,,,,,1141.0,141.0
Fody,6.9.3,no_lib_dll,,,,,65558.0,921204.0,,,,,,,,,,,,,,,,,,,,,,
GraphQL-Parser,9.5.1,ok,,netstandard2.1,lib/netstandard2.1/GraphQLParser.dll,337408.0,209197.0,512891.0,119.0,173.0,487.0,0.0,102.0,24.0,660.0,,,,,,,,,,,,,,1889.0,439.0
Xamarin.AndroidX.Lifecycle.Common,2.11.0.1,ok,,net10.0-android36.0,lib/net10.0-android36.0/Xamarin.AndroidX.Lifecycle.Common.dll,16184.0,75741.0,93295.0,0.0,0.0,0.0,0.0,0.0,0.0,0.0,,,,,,,,,,,,,,0.0,1.0
Microsoft.Bcl.Memory,10.0.11,ok,,netstandard2.1,lib/netstandard2.1/Microsoft.Bcl.Memory.dll,74024.0,102450.0,242249.0,6.0,31.0,98.0,0.0,0.0,0.0,129.0,,,,,,,,,,,,,,426.0,53.0
NJsonSchema.NewtonsoftJson,11.6.1,ok,,netstandard2.0,lib/netstandard2.0/NJsonSchema.NewtonsoftJson.dll,37888.0,83640.0,86224.0,7.0,22.0,37.0,0.0,11.0,0.0,59.0,,,,,,,,,,,,,,161.0,53.0
MessagePackAnalyzer,3.1.8,tools_only,,,,,65558.0,177933.0,,,,,,,,,,,,,,,,,,,,,,
Syncfusion.Licensing,34.2.6,ok,,netstandard2.0,lib/netstandard2.0/Syncfusion.Licensing.dll,65024.0,94539.0,224435.0,34.0,121.0,26.0,0.0,41.0,2.0,147.0,,,,,,,,,,,,,,297.0,50.0
BouncyCastle.NetCore,2.2.1,ok,,netstandard2.0,lib/netstandard2.0/BouncyCastle.Crypto.dll,3346432.0,1270200.0,2877296.0,1738.0,6940.0,2861.0,0.0,2380.0,0.0,9801.0,,,,,,,,,,,,,,20461.0,2515.0
NetTopologySuite.IO.SqlServerBytes,2.1.0,ok,,netstandard2.0,lib/netstandard2.0/NetTopologySuite.IO.SqlServerBytes.dll,23040.0,37505.0,26131.0,2.0,4.0,41.0,0.0,3.0,0.0,45.0,,,,,,,,,,,,,,103.0,19.0
Castle.Windsor,6.0.0,ok,,netstandard2.0,lib/netstandard2.0/Castle.Windsor.dll,347136.0,207774.0,624191.0,422.0,1358.0,344.0,28.0,361.0,3.0,1730.0,,,,,,,,,,,,,,3093.0,586.0
Microsoft.AspNetCore.Components.Authorization,10.0.11,ok,,net10.0,lib/net10.0/Microsoft.AspNetCore.Components.Authorization.dll,34128.0,75570.0,57162.0,11.0,14.0,28.0,2.0,10.0,0.0,44.0,,,,,,,,,,,,,,124.0,26.0
Microsoft.AspNet.Identity.Owin,2.2.4,ok,,net45,lib/net45/Microsoft.AspNet.Identity.Owin.dll,56728.0,83989.0,56499.0,14.0,52.0,14.0,0.0,7.0,0.0,66.0,,,,,,,,,,,,,,180.0,54.0
Microsoft.AspNet.TelemetryCorrelation,1.0.8,ok,,net45,lib/net45/Microsoft.AspNet.TelemetryCorrelation.dll,27528.0,53088.0,38366.0,2.0,4.0,4.0,0.0,1.0,0.0,8.0,,,,,,,,,,,,,,57.0,13.0
Xamarin.AndroidX.Collection,1.6.0.1,ok,,net10.0-android36.0,lib/net10.0-android36.0/Xamarin.AndroidX.Collection.dll,15672.0,75553.0,158827.0,0.0,0.0,0.0,0.0,0.0,0.0,0.0,,,,,,,,,,,,,,0.0,1.0
GraphQL,8.8.5,ok,,netstandard2.1,lib/netstandard2.1/GraphQL.dll,1103872.0,581595.0,2555417.0,491.0,1250.0,997.0,0.0,442.0,6.0,2247.0,,,,,,,,,,,,,,5347.0,1063.0
Microsoft.Azure.WebJobs.Extensions.ServiceBus,5.17.0,ok,,netstandard2.0,lib/netstandard2.0/Microsoft.Azure.WebJobs.Extensions.ServiceBus.dll,216136.0,156757.0,253053.0,22.0,44.0,168.0,0.0,19.0,0.0,212.0,,,,,,,,,,,,,,943.0,204.0
Microsoft.SourceLink.GitHub,10.0.400,tools_only,,,,,65558.0,536414.0,,,,,,,,,,,,,,,,,,,,,,
Microsoft.AspNetCore.Authentication.MicrosoftAccount,10.0.11,ok,,net10.0,lib/net10.0/Microsoft.AspNetCore.Authentication.MicrosoftAccount.dll,29992.0,74060.0,57328.0,5.0,6.0,9.0,0.0,6.0,0.0,15.0,,,,,,,,,,,,,,44.0,11.0
Microsoft.Extensions.AI.Abstractions,10.9.0,ok,,netstandard2.0,lib/netstandard2.0/Microsoft.Extensions.AI.Abstractions.dll,679736.0,281861.0,1477906.0,162.0,275.0,741.0,0.0,171.0,18.0,1016.0,,,,,,,,,,,,,,3396.0,347.0
Xamarin.AndroidX.Lifecycle.Runtime,2.11.0.1,ok,,net10.0-android36.0,lib/net10.0-android36.0/Xamarin.AndroidX.Lifecycle.Runtime.dll,15160.0,75279.0,78051.0,0.0,0.0,0.0,0.0,0.0,0.0,0.0,,,,,,,,,,,,,,0.0,1.0
Google.Cloud.Iam.V1,3.5.0,ok,,netstandard2.0,lib/netstandard2.0/Google.Cloud.Iam.V1.dll,66560.0,93333.0,130318.0,33.0,171.0,97.0,0.0,37.0,0.0,268.0,,,,,,,,,,,,,,470.0,61.0
Microsoft.NET.Workloads.10.0.200,10.204.1,metapackage,,,,,30294.0,30294.0,,,,,,,,,,,,,,,,,,,,,,
runtime.win7-x86.runtime.native.System.Data.SqlClient.sni,4.3.0,native_only,,,,,65558.0,142012.0,,,,,,,,,,,,,,,,,,,,,,
Microsoft.CodeAnalysis.NetAnalyzers,10.0.400,tools_only,,,,,65558.0,4287703.0,,,,,,,,,,,,,,,,,,,,,,
runtime.win7-x64.runtime.native.System.Data.SqlClient.sni,4.3.0,native_only,,,,,65558.0,157908.0,,,,,,,,,,,,,,,,,,,,,,
Nito.AsyncEx,5.1.2,metapackage,,,,,20938.0,20938.0,,,,,,,,,,,,,,,,,,,,,,
Microsoft.AspNet.WebApi.Cors,5.3.0,ok,,net45,lib/net45/System.Web.Http.Cors.dll,39976.0,79481.0,58666.0,10.0,18.0,24.0,0.0,6.0,0.0,42.0,,,,,,,,,,,,,,101.0,26.0
Quartz.Extensions.DependencyInjection,3.20.0,ok,,netstandard2.0,lib/netstandard2.0/Quartz.Extensions.DependencyInjection.dll,80896.0,101091.0,204533.0,11.0,88.0,107.0,0.0,4.0,0.0,195.0,,,,,,,,,,,,,,492.0,79.0
Microsoft.SqlServer.Types,170.1000.7,ok,,netstandard2.0,lib/netstandard2.0/Microsoft.SqlServer.Types.dll,361008.0,169095.0,1666180.0,39.0,277.0,160.0,0.0,20.0,6.0,437.0,,,,,,,,,,,,,,1303.0,140.0
Sentry.Extensions.Logging,6.10.0,ok,,netstandard2.0,lib/netstandard2.0/Sentry.Extensions.Logging.dll,30720.0,79375.0,170723.0,8.0,12.0,11.0,0.0,3.0,0.0,23.0,,,,,,,,,,,,,,103.0,32.0
AWSSDK.KeyManagementService,4.0.100.11,ok,,netstandard2.0,lib/netstandard2.0/AWSSDK.KeyManagementService.dll,310952.0,159345.0,1351152.0,397.0,534.0,651.0,0.0,641.0,30.0,1185.0,,,,,,,,,,,,,,3212.0,424.0
Microsoft.Diagnostics.Runtime,4.0.732401,ok,,netstandard2.0,lib/netstandard2.0/Microsoft.Diagnostics.Runtime.dll,761184.0,376809.0,1044206.0,243.0,493.0,1829.0,1.0,48.0,21.0,2323.0,,,,,,,,,,,,,,4843.0,773.0
Microsoft.AspNetCore.ResponseCompression,2.3.12,ok,,netstandard2.0,lib/netstandard2.0/Microsoft.AspNetCore.ResponseCompression.dll,33592.0,83888.0,67826.0,11.0,14.0,18.0,0.0,7.0,0.0,32.0,,,,,,,,,,,,,,83.0,21.0
Microsoft.AspNetCore.Server.IIS,2.2.6,ok,,netstandard2.0,lib/netstandard2.0/Microsoft.AspNetCore.Server.IIS.dll,179576.0,140355.0,498923.0,15.0,31.0,209.0,0.0,11.0,0.0,240.0,,,,,,,,,,,,,,992.0,179.0
StackExchange.Redis.StrongName,1.2.6,ok,,netstandard1.5,lib/netstandard1.5/StackExchange.Redis.StrongName.dll,420864.0,272501.0,789356.0,88.0,562.0,354.0,16.0,22.0,86.0,932.0,,,,,,,,,,,,,,2984.0,283.0
ServiceStack.Text,10.1.4,ok,,netstandard2.0,lib/netstandard2.0/ServiceStack.Text.dll,695808.0,397614.0,1825362.0,241.0,2148.0,406.0,10.0,142.0,4.0,2564.0,,,,,,,,,,,,,,4188.0,558.0
LinqKit.Core,1.2.11,ok,,netstandard2.1,lib/netstandard2.1/LinqKit.Core.dll,39424.0,81479.0,203976.0,10.0,55.0,22.0,0.0,1.0,3.0,77.0,,,,,,,,,,,,,,141.0,28.0
LaunchDarkly.Logging,2.0.0,ok,,netstandard2.0,lib/netstandard2.0/LaunchDarkly.Logging.dll,21672.0,78140.0,68946.0,11.0,44.0,6.0,0.0,2.0,0.0,50.0,,,,,,,,,,,,,,109.0,26.0
AutoFixture.Xunit2,4.18.1,ok,,netstandard2.0,lib/netstandard2.0/AutoFixture.Xunit2.dll,20992.0,75911.0,92694.0,14.0,11.0,14.0,0.0,20.0,0.0,25.0,,,,,,,,,,,,,,103.0,26.0
Selenium.WebDriver.ChromeDriver,152.0.7977.7500,metapackage,,,,,65558.0,38181954.0,,,,,,,,,,,,,,,,,,,,,,
Iesi.Collections,4.1.1,ok,,netstandard2.0,lib/netstandard2.0/Iesi.Collections.dll,17408.0,73422.0,98205.0,4.0,43.0,8.0,0.0,4.0,0.0,51.0,,,,,,,,,,,,,,81.0,11.0
Swashbuckle.Core,5.6.0,ok,,net40,lib/net40/Swashbuckle.Core.dll,4129280.0,1127113.0,1073586.0,69.0,115.0,37.0,0.0,58.0,0.0,152.0,,,,,,,,,,,,,,383.0,88.0
JsonPointer.Net,7.0.3,ok,,netstandard2.0,lib/netstandard2.0/JsonPointer.Net.dll,41472.0,84512.0,114775.0,10.0,47.0,63.0,0.0,7.0,12.0,110.0,,,,,,,,,,,,,,279.0,81.0
Microsoft.AspNetCore.OData,9.5.0,ok,,net8.0,lib/net8.0/Microsoft.AspNetCore.OData.dll,943968.0,406771.0,478327.0,325.0,784.0,1101.0,0.0,300.0,0.0,1885.0,,,,,,,,,,,,,,5156.0,921.0
Xamarin.Forms,5.0.0.2662,ok,,netstandard2.0,lib/netstandard2.0/Xamarin.Forms.Core.dll,1238064.0,520693.0,14146935.0,773.0,2028.0,2058.0,214.0,513.0,67.0,4300.0,,,,,,,,,,,,,,9475.0,1268.0
Microsoft.VisualStudio.Web.CodeGeneration.Tools,2.0.4,ok,,netcoreapp2.0,lib/netcoreapp2.0/dotnet-aspnet-codegenerator.dll,79352.0,103659.0,94369.0,19.0,20.0,110.0,0.0,13.0,0.0,130.0,,,,,,,,,,,,,,384.0,61.0
NServiceBus,10.2.8,ok,,net10.0,lib/net10.0/NServiceBus.Core.dll,1437184.0,798904.0,1064860.0,424.0,695.0,1050.0,0.0,214.0,12.0,1745.0,,,,,,,,,,,,,,5672.0,1360.0
Azure.ResourceManager,1.14.0,ok,,netstandard2.0,lib/netstandard2.0/Azure.ResourceManager.dll,1404488.0,447170.0,1514417.0,177.0,664.0,824.0,0.0,136.0,73.0,1488.0,,,,,,,,,,,,,,5740.0,889.0
Azure.Monitor.OpenTelemetry.Exporter,1.8.3,ok,,netstandard2.0,lib/netstandard2.0/Azure.Monitor.OpenTelemetry.Exporter.dll,661312.0,304507.0,912544.0,18.0,32.0,553.0,0.0,16.0,0.0,585.0,,,,,,,,,,,,,,2891.0,445.0
LaunchDarkly.ServerSdk,8.16.1,ok,,netstandard2.0,lib/netstandard2.0/LaunchDarkly.ServerSdk.dll,297808.0,198859.0,659313.0,121.0,319.0,395.0,14.0,39.0,0.0,728.0,,,,,,,,,,,,,,1922.0,393.0
SkiaSharp.NativeAssets.Linux,4.151.2,metapackage,,,,,65558.0,60545652.0,,,,,,,,,,,,,,,,,,,,,,
Microsoft.NET.Sdk.Android.Manifest-6.0.300,32.0.440,metapackage,,,,,29760.0,29760.0,,,,,,,,,,,,,,,,,,,,,,
Microsoft.NET.Sdk.MacCatalyst.Manifest-6.0.300,15.4.328,metapackage,,,,,23285.0,23285.0,,,,,,,,,,,,,,,,,,,,,,
Microsoft.NET.Sdk.macOS.Manifest-6.0.300,12.3.328,metapackage,,,,,23241.0,23241.0,,,,,,,,,,,,,,,,,,,,,,
Microsoft.NET.Sdk.Maui.Manifest-6.0.300,6.0.419,metapackage,,,,,22142.0,22142.0,,,,,,,,,,,,,,,,,,,,,,
Microsoft.NET.Sdk.iOS.Manifest-6.0.300,15.4.328,metapackage,,,,,23337.0,23337.0,,,,,,,,,,,,,,,,,,,,,,
Microsoft.NET.Sdk.tvOS.Manifest-6.0.300,15.4.328,metapackage,,,,,23244.0,23244.0,,,,,,,,,,,,,,,,,,,,,,
Xamarin.AndroidX.Core,1.19.0.1,ok,,net10.0-android36.0,lib/net10.0-android36.0/Xamarin.AndroidX.Core.dll,2618680.0,595744.0,4782977.0,589.0,2657.0,3178.0,5.0,420.0,0.0,5840.0,,,,,,,,,,,,,,12280.0,888.0
HarfBuzzSharp.NativeAssets.Win32,14.2.1.102,native_only,,,,,65558.0,21814903.0,,,,,,,,,,,,,,,,,,,,,,
SimpleInjector,5.6.0,ok,,netstandard2.1,lib/netstandard2.1/SimpleInjector.dll,459776.0,224048.0,1284274.0,59.0,252.0,452.0,5.0,28.0,2.0,709.0,,,,,,,,,,,,,,2954.0,444.0
HarfBuzzSharp.NativeAssets.macOS,14.2.1.102,metapackage,,,,,65558.0,1459806.0,,,,,,,,,,,,,,,,,,,,,,
Rebus,8.9.3,ok,,netstandard2.0,lib/netstandard2.0/Rebus.dll,445952.0,238481.0,1924947.0,266.0,552.0,264.0,18.0,138.0,4.0,834.0,,,,,,,,,,,,,,2607.0,751.0
FakeItEasy,9.0.1,ok,,net10.0,lib/net10.0/FakeItEasy.dll,366592.0,249939.0,659580.0,96.0,338.0,220.0,0.0,29.0,8.0,558.0,,,,,,,,,,,,,,2268.0,607.0
Microsoft.AspNetCore.Mvc.Formatters.Xml,2.3.12,ok,,netstandard2.0,lib/netstandard2.0/Microsoft.AspNetCore.Mvc.Formatters.Xml.dll,47968.0,81859.0,57673.0,23.0,55.0,30.0,0.0,27.0,0.0,85.0,,,,,,,,,,,,,,174.0,35.0
NUglify,1.22.4,ok,,netstandard2.0,lib/netstandard2.0/NUglify.dll,658944.0,313799.0,880919.0,199.0,1076.0,962.0,11.0,144.0,0.0,2049.0,,,,,,,,,,,,,,3924.0,303.0
NewId,4.0.1,ok,,netstandard2.0,lib/netstandard2.0/NewId.dll,23040.0,49456.0,38900.0,21.0,46.0,7.0,0.0,19.0,4.0,53.0,,,,,,,,,,,,,,111.0,27.0
HotChocolate.Utilities,16.6.3,ok,,net11.0,lib/net11.0/HotChocolate.Utilities.dll,27648.0,78349.0,73802.0,7.0,12.0,15.0,0.0,2.0,0.0,27.0,,,,,,,,,,,,,,121.0,29.0
Sentry.AspNetCore,6.10.0,ok,,net10.0,lib/net10.0/Sentry.AspNetCore.dll,83968.0,102240.0,209735.0,10.0,20.0,35.0,0.0,4.0,0.0,55.0,,,,,,,,,,,,,,239.0,63.0
System.Reflection.Context,10.0.11,ok,,netstandard2.1,lib/netstandard2.1/System.Reflection.Context.dll,86824.0,105277.0,219698.0,5.0,10.0,275.0,0.0,2.0,0.0,285.0,,,,,,,,,,,,,,864.0,82.0
Microsoft.DiaSymReader.Native,1.7.0,native_only,,,,,65558.0,3324299.0,,,,,,,,,,,,,,,,,,,,,,
Mapster,10.0.12,ok,,netstandard2.0,lib/netstandard2.0/Mapster.dll,206336.0,152411.0,363234.0,53.0,258.0,200.0,0.0,28.0,2.0,458.0,,,,,,,,,,,,,,1362.0,223.0
BouncyCastle,1.8.9,ok,,,lib/BouncyCastle.Crypto.dll,2609152.0,955030.0,902592.0,1457.0,5487.0,2433.0,0.0,2079.0,0.0,7920.0,,,,,,,,,,,,,,15618.0,2234.0
Quartz.Extensions.Hosting,3.20.0,ok,,netstandard2.0,lib/netstandard2.0/Quartz.Extensions.Hosting.dll,20992.0,75550.0,69846.0,3.0,3.0,3.0,0.0,2.0,0.0,6.0,,,,,,,,,,,,,,51.0,21.0
Amazon.Lambda.APIGatewayEvents,3.0.1,ok,,net10.0,lib/net10.0/Amazon.Lambda.APIGatewayEvents.dll,44712.0,87603.0,67784.0,26.0,2.0,167.0,0.0,26.0,0.0,169.0,,,,,,,,,,,,,,362.0,27.0
NUnit.ConsoleRunner,3.22.0,tools_only,,,,,65558.0,1244675.0,,,,,,,,,,,,,,,,,,,,,,
Google.LongRunning,3.5.0,ok,,netstandard2.0,lib/netstandard2.0/Google.LongRunning.dll,64512.0,92840.0,128690.0,24.0,165.0,80.0,0.0,27.0,0.0,245.0,,,,,,,,,,,,,,416.0,51.0
System.Resources.Writer,4.3.0,ok,,netstandard1.3,lib/netstandard1.3/System.Resources.Writer.dll,31456.0,50749.0,33620.0,1.0,3.0,19.0,0.0,1.0,0.0,22.0,,,,,,,,,,,,,,36.0,5.0
Microsoft.EntityFrameworkCore.Relational.Design,1.1.6,ok,,netstandard1.3,lib/netstandard1.3/Microsoft.EntityFrameworkCore.Relational.Design.dll,81896.0,101114.0,95077.0,29.0,72.0,81.0,0.0,23.0,0.0,153.0,,,,,,,,,,,,,,416.0,72.0
LaunchDarkly.CommonSdk,7.2.0,ok,,netstandard2.0,lib/netstandard2.0/LaunchDarkly.CommonSdk.dll,77648.0,104680.0,212615.0,49.0,186.0,108.0,0.0,26.0,12.0,294.0,,,,,,,,,,,,,,512.0,70.0
BenchmarkDotNet,0.15.8,ok,,netstandard2.0,lib/netstandard2.0/BenchmarkDotNet.dll,1247744.0,506768.0,1480253.0,490.0,1093.0,1626.0,0.0,371.0,10.0,2719.0,,,,,,,,,,,,,,7264.0,1429.0
ClosedXML.Parser,2.0.0,ok,,netstandard2.1,lib/netstandard2.1/ClosedXML.Parser.dll,192000.0,111042.0,131247.0,18.0,132.0,24.0,0.0,9.0,4.0,156.0,,,,,,,,,,,,,,331.0,54.0
QRCoder,1.8.0,ok,,netstandard2.1,lib/netstandard2.1/QRCoder.dll,201728.0,170792.0,1006754.0,103.0,104.0,117.0,0.0,103.0,0.0,221.0,,,,,,,,,,,,,,647.0,166.0
Microsoft.AspNetCore.CookiePolicy,2.3.12,ok,,netstandard2.0,lib/netstandard2.0/Microsoft.AspNetCore.CookiePolicy.dll,26936.0,59046.0,43783.0,6.0,3.0,29.0,0.0,5.0,0.0,32.0,,,,,,,,,,,,,,77.0,10.0
Amazon.Lambda.SQSEvents,3.0.1,ok,,net10.0,lib/net10.0/Amazon.Lambda.SQSEvents.dll,21160.0,54433.0,41654.0,5.0,0.0,18.0,0.0,6.0,0.0,18.0,,,,,,,,,,,,,,42.0,6.0
EFCore.NamingConventions,10.0.1,ok,,net10.0,lib/net10.0/EFCore.NamingConventions.dll,29184.0,41984.0,28384.0,12.0,38.0,11.0,0.0,9.0,0.0,49.0,,,,,,,,,,,,,,93.0,29.0
ExcelDataReader.DataSet,3.9.0,ok,,netstandard2.1,lib/netstandard2.1/ExcelDataReader.DataSet.dll,19968.0,75282.0,198520.0,3.0,1.0,31.0,0.0,2.0,0.0,32.0,,,,,,,,,,,,,,93.0,33.0
AspNetCore.HealthChecks.NpgSql,9.0.0,ok,,netstandard2.0,lib/netstandard2.0/HealthChecks.NpgSql.dll,20480.0,65143.0,50754.0,3.0,5.0,6.0,0.0,3.0,0.0,11.0,,,,,,,,,,,,,,36.0,16.0
Docker.DotNet,3.125.15,ok,,netstandard2.1,lib/netstandard2.1/Docker.DotNet.dll,411648.0,217753.0,451178.0,301.0,141.0,1471.0,0.0,302.0,0.0,1612.0,,,,,,,,,,,,,,3882.0,455.0
Xamarin.AndroidX.Arch.Core.Common,2.2.0.21,ok,,net10.0-android36.0,lib/net10.0-android36.0/Xamarin.AndroidX.Arch.Core.Common.dll,38752.0,83055.0,130273.0,7.0,17.0,36.0,0.0,9.0,0.0,53.0,,,,,,,,,,,,,,165.0,20.0
dotnet-sonarscanner,11.3.0,tools_only,,,,,65558.0,1027702.0,,,,,,,,,,,,,,,,,,,,,,
OpenTelemetry.PersistentStorage.FileSystem,1.1.1,ok,,netstandard2.0,lib/netstandard2.0/OpenTelemetry.PersistentStorage.FileSystem.dll,24576.0,77138.0,106216.0,2.0,13.0,6.0,0.0,2.0,0.0,19.0,,,,,,,,,,,,,,103.0,21.0
LaunchDarkly.Cache,1.0.2,ok,,netstandard2.0,lib/netstandard2.0/LaunchDarkly.Cache.dll,17384.0,60653.0,51041.0,6.0,20.0,8.0,0.0,4.0,0.0,28.0,,,,,,,,,,,,,,67.0,14.0
Perfolizer,0.7.5,ok,,netstandard2.0,lib/netstandard2.0/Perfolizer.dll,266240.0,183275.0,256771.0,231.0,495.0,434.0,0.0,168.0,37.0,929.0,,,,,,,,,,,,,,1852.0,388.0
HotChocolate.Language.SyntaxTree,16.6.3,ok,,netstandard2.0,lib/netstandard2.0/HotChocolate.Language.SyntaxTree.dll,154624.0,123820.0,402313.0,85.0,427.0,296.0,0.0,123.0,2.0,723.0,,,,,,,,,,,,,,1369.0,153.0
Microsoft.CodeQuality.Analyzers,3.3.2,tools_only,,,,,65558.0,2261542.0,,,,,,,,,,,,,,,,,,,,,,
Nito.AsyncEx.Interop.WaitHandles,5.1.2,ok,,netstandard2.0,lib/netstandard2.0/Nito.AsyncEx.Interop.WaitHandles.dll,8704.0,39298.0,34953.0,1.0,4.0,0.0,0.0,0.0,0.0,4.0,,,,,,,,,,,,,,19.0,9.0
Microsoft.IdentityModel.Protocols.WsFederation,8.22.0,ok,,netstandard2.0,lib/netstandard2.0/Microsoft.IdentityModel.Protocols.WsFederation.dll,52000.0,89092.0,218478.0,32.0,18.0,31.0,0.0,16.0,0.0,49.0,,,,,,,,,,,,,,111.0,43.0
OpenTelemetry.PersistentStorage.Abstractions,1.1.1,ok,,netstandard2.0,lib/netstandard2.0/OpenTelemetry.PersistentStorage.Abstractions.dll,11264.0,71024.0,75442.0,2.0,22.0,2.0,0.0,2.0,0.0,24.0,,,,,,,,,,,,,,41.0,13.0
Yarp.ReverseProxy,2.3.0,ok,,net8.0,lib/net8.0/Yarp.ReverseProxy.dll,377904.0,219959.0,578775.0,161.0,279.0,374.0,0.0,80.0,28.0,653.0,,,,,,,,,,,,,,1885.0,434.0
Xamarin.AndroidX.Lifecycle.LiveData.Core,2.11.0.1,ok,,net10.0-android36.0,lib/net10.0-android36.0/Xamarin.AndroidX.Lifecycle.LiveData.Core.dll,36664.0,82263.0,126315.0,6.0,13.0,32.0,0.0,8.0,0.0,45.0,,,,,,,,,,,,,,128.0,17.0
Microsoft.NetCore.Analyzers,3.3.2,tools_only,,,,,65558.0,2185740.0,,,,,,,,,,,,,,,,,,,,,,
HotChocolate.Abstractions,16.6.3,ok,,net11.0,lib/net11.0/HotChocolate.Abstractions.dll,78336.0,95785.0,191546.0,65.0,77.0,137.0,0.0,102.0,27.0,214.0,,,,,,,,,,,,,,473.0,77.0
BoDi,1.5.0,ok,,netstandard2.0,lib/netstandard2.0/BoDi.dll,26624.0,61015.0,48088.0,8.0,35.0,13.0,2.0,6.0,0.0,50.0,,,,,,,,,,,,,,173.0,33.0
Nito.Cancellation,1.2.0,ok,,netstandard2.0,lib/netstandard2.0/Nito.Cancellation.dll,8704.0,50908.0,46686.0,1.0,5.0,3.0,0.0,3.0,0.0,8.0,,,,,,,,,,,,,,25.0,7.0
DotNetZip,1.16.0,ok,,netstandard2.0,lib/netstandard2.0/DotNetZip.dll,252928.0,170491.0,938861.0,50.0,227.0,314.0,5.0,84.0,0.0,546.0,,,,,,,,,,,,,,1344.0,141.0
Nito.AsyncEx.Oop,5.1.2,ok,,netstandard2.0,lib/netstandard2.0/Nito.AsyncEx.Oop.dll,6656.0,35572.0,32236.0,2.0,2.0,1.0,0.0,1.0,0.0,3.0,,,,,,,,,,,,,,14.0,8.0
Markdig,1.3.2,ok,,netstandard2.1,lib/netstandard2.1/Markdig.dll,503296.0,264264.0,1258064.0,316.0,645.0,488.0,10.0,288.0,3.0,1143.0,,,,,,,,,,,,,,2379.0,418.0
Microsoft.Extensions.Logging.TraceSource,10.0.11,ok,,netstandard2.0,lib/netstandard2.0/Microsoft.Extensions.Logging.TraceSource.dll,26408.0,80710.0,122375.0,6.0,13.0,13.0,0.0,2.0,0.0,26.0,,,,,,,,,,,,,,78.0,32.0
HotChocolate.Language,16.6.3,ok,,netstandard2.0,lib/netstandard2.0/HotChocolate.Language.dll,8704.0,44881.0,40643.0,1.0,8.0,4.0,0.0,0.0,0.0,12.0,,,,,,,,,,,,,,26.0,15.0
Enums.NET,5.0.0,ok,,netstandard2.1,lib/netstandard2.1/Enums.NET.dll,116736.0,108100.0,415659.0,13.0,383.0,47.0,0.0,2.0,0.0,430.0,,,,,,,,,,,,,,1190.0,59.0
Microsoft.CodeAnalysis.FxCopAnalyzers,3.3.2,metapackage,,,,,65558.0,464432.0,,,,,,,,,,,,,,,,,,,,,,
Microsoft.JSInterop.WebAssembly,10.0.11,ok,,net10.0,lib/net10.0/Microsoft.JSInterop.WebAssembly.dll,24912.0,66219.0,51532.0,1.0,6.0,0.0,0.0,1.0,0.0,6.0,,,,,,,,,,,,,,24.0,13.0
CompareNETObjects,4.84.0,ok,,netstandard2.1,lib/netstandard2.1/KellermanSoftware.Compare-NET-Objects.dll,91136.0,101592.0,816090.0,62.0,156.0,144.0,0.0,53.0,0.0,300.0,,,,,,,,,,,,,,607.0,85.0
jose-jwt,5.3.0,ok,,netstandard2.1,lib/netstandard2.1/jose-jwt.dll,93696.0,103825.0,267661.0,72.0,257.0,62.0,0.0,55.0,0.0,319.0,,,,,,,,,,,,,,486.0,86.0
Microsoft.AspNetCore.MiddlewareAnalysis,10.0.11,ok,,net10.0,lib/net10.0/Microsoft.AspNetCore.MiddlewareAnalysis.dll,25424.0,67716.0,53200.0,4.0,6.0,19.0,0.0,3.0,0.0,25.0,,,,,,,,,,,,,,45.0,10.0
Elastic.Apm,1.34.6,ok,,netstandard2.1,lib/netstandard2.1/Elastic.Apm.dll,1233408.0,511434.0,3634973.0,100.0,169.0,1408.0,10.0,68.0,12.0,1587.0,,,,,,,,,,,,,,6633.0,882.0
DogStatsD-CSharp-Client,9.2.1,ok,,netstandard2.0,lib/netstandard2.0/StatsdClient.dll,71680.0,99210.0,194990.0,12.0,57.0,123.0,0.0,6.0,0.0,180.0,,,,,,,,,,,,,,523.0,91.0
System.ComponentModel.Composition.Registration,10.0.11,ok,,netstandard2.1,lib/netstandard2.1/System.ComponentModel.Composition.Registration.dll,53032.0,90546.0,151561.0,11.0,56.0,36.0,0.0,4.0,0.0,92.0,,,,,,,,,,,,,,217.0,41.0
Stripe.net,52.4.1,ok,,netstandard2.0,lib/netstandard2.0/Stripe.net.dll,4825088.0,1847891.0,12374334.0,5464.0,1769.0,18602.0,26.0,5532.0,19.0,20397.0,,,,,,,,,,,,,,45033.0,5589.0
AWSSDK.SimpleEmail,4.0.100.11,ok,,netstandard2.0,lib/netstandard2.0/AWSSDK.SimpleEmail.dll,285352.0,156084.0,746504.0,458.0,564.0,594.0,0.0,645.0,16.0,1158.0,,,,,,,,,,,,,,3090.0,466.0
Microsoft.Build.Runtime,18.9.6,ok,,net10.0,ref/net10.0/MSBuild.dll,165672.0,146309.0,2060338.0,5.0,4.0,201.0,2.0,3.0,0.0,207.0,,,,,,,,,,,,,,689.0,103.0
Xamarin.AndroidX.Lifecycle.ViewModel,2.11.0.1,ok,,net10.0-android36.0,lib/net10.0-android36.0/Xamarin.AndroidX.Lifecycle.ViewModel.dll,16696.0,75664.0,78584.0,0.0,0.0,0.0,0.0,0.0,0.0,0.0,,,,,,,,,,,,,,0.0,1.0
ncrontab,3.4.0,ok,,netstandard2.0,lib/netstandard2.0/NCrontab.dll,39424.0,89632.0,93621.0,8.0,34.0,14.0,0.0,5.0,0.0,48.0,,,,,,,,,,,,,,158.0,38.0
DevExpress.Xpo.de,26.1.4,ok,,net8.0,lib/net8.0/de/DevExpress.Xpo.v26.1.resources.dll,69536.0,92732.0,81071.0,0.0,0.0,0.0,0.0,0.0,0.0,0.0,,,,,,,,,,,,,,0.0,1.0
LaunchDarkly.InternalSdk,3.10.1,ok,,netstandard2.0,lib/netstandard2.0/LaunchDarkly.InternalSdk.dll,77136.0,106166.0,135562.0,39.0,84.0,52.0,1.0,14.0,0.0,137.0,,,,,,,,,,,,,,334.0,91.0
Microsoft.NetFramework.Analyzers,3.3.2,tools_only,,,,,65558.0,765557.0,,,,,,,,,,,,,,,,,,,,,,
Microsoft.AspNetCore.Session,2.3.12,ok,,netstandard2.0,lib/netstandard2.0/Microsoft.AspNetCore.Session.dll,42296.0,73712.0,51759.0,9.0,13.0,27.0,0.0,5.0,0.0,40.0,,,,,,,,,,,,,,130.0,23.0
Microsoft.Data.SqlClient.SNI,6.0.3,native_only,,,,,65558.0,2126422.0,,,,,,,,,,,,,,,,,,,,,,
MathNet.Numerics,5.0.0,ok,,netstandard2.0,lib/netstandard2.0/MathNet.Numerics.dll,1590272.0,637417.0,4174205.0,336.0,5045.0,1248.0,0.0,408.0,237.0,6293.0,,,,,,,,,,,,,,10496.0,1098.0
Unity.Abstractions,5.11.7,ok,,netstandard2.0,lib/netstandard2.0/Unity.Abstractions.dll,67584.0,92995.0,449757.0,75.0,321.0,71.0,0.0,77.0,4.0,392.0,,,,,,,,,,,,,,628.0,115.0
Microsoft.AspNetCore.Components.WebAssembly,10.0.11,ok,,net10.0,lib/net10.0/Microsoft.AspNetCore.Components.WebAssembly.dll,166736.0,135241.0,132829.0,15.0,36.0,96.0,2.0,6.0,0.0,134.0,,,,,,,,,,,,,,701.0,126.0
Octokit,14.0.0,ok,,netstandard2.0,lib/netstandard2.0/Octokit.dll,1399296.0,585462.0,729808.0,901.0,3276.0,3258.0,0.0,1079.0,4.0,6534.0,,,,,,,,,,,,,,11214.0,1225.0
Ninject,3.3.6,ok,,netstandard2.0,lib/netstandard2.0/Ninject.dll,138752.0,123427.0,184188.0,155.0,542.0,220.0,2.0,104.0,0.0,764.0,,,,,,,,,,,,,,1367.0,273.0
System.Data.SQLite.Core,1.0.119,metapackage,,,,,28331.0,28331.0,,,,,,,,,,,,,,,,,,,,,,
DevExpress.Xpo.es,26.1.4,ok,,net8.0,lib/net8.0/es/DevExpress.Xpo.v26.1.resources.dll,54688.0,88557.0,72718.0,0.0,0.0,0.0,0.0,0.0,0.0,0.0,,,,,,,,,,,,,,0.0,1.0
AWSSDK.SSO,4.0.100.13,ok,,netstandard2.0,lib/netstandard2.0/AWSSDK.SSO.dll,59560.0,93060.0,195846.0,48.0,52.0,71.0,0.0,77.0,0.0,123.0,,,,,,,,,,,,,,330.0,59.0
DevExpress.Xpo.ja,26.1.4,ok,,net8.0,lib/net8.0/ja/DevExpress.Xpo.v26.1.resources.dll,54688.0,87624.0,70857.0,0.0,0.0,0.0,0.0,0.0,0.0,0.0,,,,,,,,,,,,,,0.0,1.0
DistributedLock.Core,1.0.9,ok,,netstandard2.1,lib/netstandard2.1/DistributedLock.Core.dll,131584.0,132059.0,303346.0,22.0,70.0,45.0,0.0,7.0,0.0,115.0,,,,,,,,,,,,,,520.0,141.0
Microsoft.AspNetCore.Owin,10.0.11,ok,,net10.0,lib/net10.0/Microsoft.AspNetCore.Owin.dll,83792.0,100552.0,75756.0,14.0,25.0,79.0,0.0,17.0,0.0,104.0,,,,,,,,,,,,,,402.0,61.0
Microsoft.Extensions.Logging.AzureAppServices,10.0.11,ok,,netstandard2.0,lib/netstandard2.0/Microsoft.Extensions.Logging.AzureAppServices.dll,43816.0,89221.0,116801.0,8.0,5.0,31.0,0.0,6.0,0.0,36.0,,,,,,,,,,,,,,140.0,39.0
AWSSDK.SSOOIDC,4.0.100.12,ok,,netstandard2.0,lib/netstandard2.0/AWSSDK.SSOOIDC.dll,83624.0,100796.0,257422.0,63.0,72.0,130.0,0.0,145.0,2.0,202.0,,,,,,,,,,,,,,597.0,74.0
SharpYaml,3.13.1,ok,,netstandard2.0,lib/netstandard2.0/SharpYaml.dll,290304.0,179439.0,792541.0,146.0,338.0,397.0,1.0,180.0,2.0,736.0,,,,,,,,,,,,,,1865.0,293.0
NHibernate,5.7.0,ok,,netstandard2.1,lib/netstandard2.1/NHibernate.dll,4596736.0,1628484.0,15729989.0,2374.0,12551.0,6139.0,41.0,2066.0,22.0,18731.0,,,,,,,,,,,,,,31309.0,4522.0
dbup-core,6.1.1,ok,,netstandard2.0,lib/netstandard2.0/dbup-core.dll,117248.0,128026.0,105864.0,66.0,224.0,110.0,4.0,54.0,0.0,338.0,,,,,,,,,,,,,,785.0,201.0
OneOf,3.0.271,ok,,netstandard2.0,lib/netstandard2.0/OneOf.dll,101376.0,96934.0,138838.0,48.0,269.0,221.0,0.0,22.0,59.0,490.0,,,,,,,,,,,,,,609.0,54.0
Microsoft.ClearScript,7.5.1,metapackage,,,,,57296.0,57296.0,,,,,,,,,,,,,,,,,,,,,,
semver,3.0.0,ok,,netstandard2.1,lib/netstandard2.1/Semver.dll,73216.0,94546.0,152249.0,8.0,95.0,47.0,0.0,8.0,14.0,142.0,,,,,,,,,,,,,,389.0,55.0
Azure.Storage.Files.Shares,12.27.1,ok,,netstandard2.0,lib/netstandard2.0/Azure.Storage.Files.Shares.dll,1053496.0,426462.0,1435565.0,135.0,463.0,1260.0,0.0,105.0,22.0,1723.0,,,,,,,,,,,,,,4929.0,877.0
MiniProfiler.Shared,4.5.4,ok,,netstandard2.0,lib/netstandard2.0/MiniProfiler.Shared.dll,230912.0,169329.0,403132.0,59.0,278.0,212.0,0.0,37.0,0.0,490.0,,,,,,,,,,,,,,837.0,120.0
Microsoft.AspNetCore.Diagnostics.HealthChecks,2.2.0,ok,,netstandard2.0,lib/netstandard2.0/Microsoft.AspNetCore.Diagnostics.HealthChecks.dll,22904.0,48809.0,35663.0,3.0,7.0,4.0,0.0,2.0,0.0,11.0,,,,,,,,,,,,,,24.0,7.0
Xamarin.AndroidX.Fragment,1.9.0,ok,,net10.0-android36.0,lib/net10.0-android36.0/Xamarin.AndroidX.Fragment.dll,395584.0,155502.0,895497.0,55.0,342.0,332.0,6.0,53.0,0.0,680.0,,,,,,,,,,,,,,1804.0,135.0
GreenDonut,16.6.3,ok,,net11.0,lib/net11.0/GreenDonut.dll,57344.0,92691.0,174565.0,33.0,110.0,37.0,0.0,28.0,6.0,147.0,,,,,,,,,,,,,,343.0,81.0
System.ServiceModel.NetFramingBase,10.0.652802,ok,,net10.0,ref/net10.0/System.ServiceModel.NetFramingBase.dll,21024.0,77937.0,366561.0,12.0,38.0,19.0,0.0,15.0,0.0,57.0,,,,,,,,,,,,,,79.0,13.0
BenchmarkDotNet.Annotations,0.15.8,ok,,netstandard2.0,lib/netstandard2.0/BenchmarkDotNet.Annotations.dll,29184.0,77759.0,126274.0,15.0,1.0,82.0,0.0,21.0,0.0,83.0,,,,,,,,,,,,,,252.0,122.0
Microsoft.AspNet.SignalR.Core,2.4.3,ok,,net45,lib/net45/Microsoft.AspNet.SignalR.Core.dll,347016.0,212766.0,249771.0,171.0,461.0,541.0,6.0,134.0,0.0,1008.0,,,,,,,,,,,,,,2656.0,465.0
System.IO.Pipes.AccessControl,5.0.0,ok,,netstandard2.0,ref/netstandard2.0/System.IO.Pipes.AccessControl.dll,24200.0,79840.0,235616.0,5.0,16.0,5.0,0.0,5.0,0.0,21.0,,,,,,,,,,,,,,27.0,7.0
HotChocolate.Types,16.6.3,ok,,net11.0,lib/net11.0/HotChocolate.Types.dll,1752064.0,686968.0,3176074.0,629.0,2727.0,2173.0,4.0,496.0,16.0,4904.0,,,,,,,,,,,,,,11335.0,1887.0
Amazon.Extensions.Configuration.SystemsManager,7.1.1,ok,,netstandard2.0,lib/netstandard2.0/Amazon.Extensions.Configuration.SystemsManager.dll,55976.0,93320.0,81869.0,23.0,55.0,33.0,0.0,17.0,0.0,88.0,,,,,,,,,,,,,,194.0,43.0
Microsoft.NET.Workload.Emscripten.Manifest-6.0.100,6.0.36,metapackage,,,,,35678.0,35678.0,,,,,,,,,,,,,,,,,,,,,,
Microsoft.VisualStudio.SolutionPersistence,1.0.52,ok,,net8.0,lib/net8.0/Microsoft.VisualStudio.SolutionPersistence.dll,172072.0,145957.0,257778.0,24.0,45.0,261.0,0.0,17.0,0.0,306.0,,,,,,,,,,,,,,1000.0,142.0
HotChocolate.Language.Utf8,16.6.3,ok,,netstandard2.0,lib/netstandard2.0/HotChocolate.Language.Utf8.dll,88576.0,103566.0,247339.0,9.0,51.0,92.0,0.0,10.0,0.0,143.0,,,,,,,,,,,,,,446.0,52.0
Mapster.Core,10.0.12,ok,,netstandard2.0,lib/netstandard2.0/Mapster.Core.dll,35328.0,53585.0,36376.0,32.0,52.0,49.0,0.0,31.0,2.0,101.0,,,,,,,,,,,,,,236.0,54.0
Microsoft.UI.Xaml,2.8.7,ok,,net8.0-windows10.0.22621.0,lib/net8.0-windows10.0.22621.0/Microsoft.UI.Xaml.Projection.dll,1805344.0,540081.0,20314649.0,547.0,4455.0,4560.0,182.0,456.0,452.0,9197.0,,,,,,,,,,,,,,17532.0,3421.0
Xamarin.AndroidX.VersionedParcelable,1.2.1.6,ok,,net10.0-android36.0,lib/net10.0-android36.0/Xamarin.AndroidX.VersionedParcelable.dll,122680.0,102223.0,249001.0,12.0,128.0,52.0,0.0,12.0,0.0,180.0,,,,,,,,,,,,,,677.0,54.0
HotChocolate.Language.Visitors,16.6.3,ok,,netstandard2.0,lib/netstandard2.0/HotChocolate.Language.Visitors.dll,60416.0,88390.0,140916.0,25.0,305.0,33.0,0.0,18.0,0.0,338.0,,,,,,,,,,,,,,429.0,54.0
AWSSDK.CloudWatch,4.0.104.1,ok,,netstandard2.0,lib/netstandard2.0/AWSSDK.CloudWatch.dll,328360.0,172099.0,912754.0,399.0,460.0,753.0,0.0,481.0,16.0,1213.0,,,,,,,,,,,,,,3288.0,429.0
Microsoft.Azure.SignalR.Protocols,1.33.1,ok,,netstandard2.0,lib/netstandard2.0/Microsoft.Azure.SignalR.Protocols.dll,131904.0,122771.0,106368.0,73.0,28.0,220.0,0.0,71.0,2.0,248.0,,,,,,,,,,,,,,998.0,141.0
Microsoft.AspNetCore.DataProtection.StackExchangeRedis,10.0.11,ok,,netstandard2.0,lib/netstandard2.0/Microsoft.AspNetCore.DataProtection.StackExchangeRedis.dll,23888.0,79388.0,82877.0,2.0,5.0,10.0,0.0,1.0,0.0,15.0,,,,,,,,,,,,,,51.0,24.0
Microsoft.NET.Workload.Mono.ToolChain.Manifest-6.0.100,6.0.36,metapackage,,,,,48755.0,48755.0,,,,,,,,,,,,,,,,,,,,,,
dotnet-dump,10.0.731102,tools_only,,,,,65558.0,10436968.0,,,,,,,,,,,,,,,,,,,,,,
System.ServiceModel.Federation,10.0.652802,ok,,netstandard2.0,lib/netstandard2.0/System.ServiceModel.Federation.dll,76320.0,100815.0,241783.0,10.0,25.0,92.0,20.0,13.0,0.0,137.0,,,,,,,,,,,,,,380.0,36.0
Microsoft.AspNetCore.Server.HttpSys,2.3.12,ok,,netstandard2.0,lib/netstandard2.0/Microsoft.AspNetCore.Server.HttpSys.dll,189240.0,146778.0,113747.0,10.0,16.0,307.0,0.0,1.0,0.0,323.0,,,,,,,,,,,,,,984.0,161.0
Microsoft.Azure.SignalR,1.33.1,ok,,netstandard2.0,lib/netstandard2.0/Microsoft.Azure.SignalR.dll,132408.0,125501.0,406022.0,9.0,17.0,100.0,0.0,4.0,0.0,117.0,,,,,,,,,,,,,,548.0,97.0
MSTest.Analyzers,4.4.0,tools_only,,,,,65558.0,1319691.0,,,,,,,,,,,,,,,,,,,,,,
Microsoft.AspNetCore.Rewrite,2.3.12,ok,,netstandard2.0,lib/netstandard2.0/Microsoft.AspNetCore.Rewrite.dll,84832.0,104595.0,70927.0,97.0,111.0,88.0,0.0,84.0,0.0,199.0,,,,,,,,,,,,,,375.0,104.0
Iced,1.21.0,ok,,netstandard2.1,lib/netstandard2.1/Iced.dll,1896448.0,527806.0,2127279.0,131.0,9614.0,577.0,0.0,100.0,86.0,10191.0,,,,,,,,,,,,,,12196.0,835.0
Z.EntityFramework.Extensions.EFCore,10.105.8,ok,,net10.0,lib/net10.0/Z.EntityFramework.Extensions.EFCore.dll,2140160.0,709129.0,704816.0,144.0,983.0,1272.0,0.0,169.0,0.0,2255.0,,,,,,,,,,,,,,8701.0,1409.0
Microsoft.VisualStudio.Threading,18.7.23,metapackage,,,,,49159.0,49159.0,,,,,,,,,,,,,,,,,,,,,,
Xamarin.AndroidX.Arch.Core.Runtime,2.2.0.21,ok,,net10.0-android36.0,lib/net10.0-android36.0/Xamarin.AndroidX.Arch.Core.Runtime.dll,27960.0,79968.0,106766.0,3.0,8.0,21.0,0.0,5.0,0.0,29.0,,,,,,,,,,,,,,75.0,9.0
PDFsharp,6.2.4,ok,,netstandard2.0,lib/netstandard2.0/PdfSharp.dll,799232.0,381967.0,4625326.0,373.0,965.0,1560.0,6.0,297.0,96.0,2531.0,,,,,,,,,,,,,,5169.0,682.0
Xamarin.AndroidX.Activity,1.13.0.1,ok,,net10.0-android36.0,lib/net10.0-android36.0/Xamarin.AndroidX.Activity.dll,216928.0,119255.0,554570.0,80.0,172.0,388.0,2.0,65.0,0.0,562.0,,,,,,,,,,,,,,1059.0,117.0
GreenPipes,4.0.1,ok,,netstandard2.0,lib/netstandard2.0/GreenPipes.dll,274432.0,178933.0,143306.0,350.0,590.0,360.0,1.0,226.0,0.0,951.0,,,,,,,,,,,,,,2137.0,599.0
Dapper.Contrib,2.0.78,ok,,netstandard2.0,lib/netstandard2.0/Dapper.Contrib.dll,60928.0,97394.0,112881.0,17.0,47.0,3.0,0.0,13.0,0.0,50.0,,,,,,,,,,,,,,135.0,56.0
Xamarin.AndroidX.Loader,1.2.0,ok,,net10.0-android36.0,lib/net10.0-android36.0/Xamarin.AndroidX.Loader.dll,73528.0,91590.0,198244.0,11.0,51.0,54.0,0.0,12.0,0.0,105.0,,,,,,,,,,,,,,352.0,35.0
Stef.Validation,0.3.0,ok,,netstandard2.1,lib/netstandard2.1/Stef.Validation.dll,13312.0,71870.0,81498.0,8.0,33.0,1.0,0.0,0.0,0.0,34.0,,,,,,,,,,,,,,63.0,24.0
Apache.Avro,1.12.2,ok,,netstandard2.1,lib/netstandard2.1/Avro.dll,205312.0,152208.0,289036.0,129.0,732.0,189.0,0.0,135.0,42.0,921.0,,,,,,,,,,,,,,1661.0,214.0
Consul,1.8.0,ok,,netstandard2.0,lib/netstandard2.0/Consul.dll,465408.0,270261.0,692606.0,345.0,1169.0,1306.0,1.0,352.0,11.0,2476.0,,,,,,,,,,,,,,4500.0,517.0
OpenTracing,0.12.1,ok,,netstandard2.0,lib/netstandard2.0/OpenTracing.dll,28160.0,78725.0,177977.0,44.0,165.0,40.0,0.0,23.0,0.0,205.0,,,,,,,,,,,,,,261.0,46.0
Cronos,0.13.0,ok,,netstandard2.0,lib/netstandard2.0/Cronos.dll,64304.0,105618.0,239925.0,4.0,30.0,17.0,0.0,8.0,2.0,47.0,,,,,,,,,,,,,,200.0,31.0
Xamarin.AndroidX.CustomView,1.2.0.4,ok,,net10.0-android36.0,lib/net10.0-android36.0/Xamarin.AndroidX.CustomView.dll,74552.0,92472.0,194919.0,5.0,57.0,41.0,0.0,9.0,0.0,98.0,,,,,,,,,,,,,,367.0,41.0
HotChocolate.Validation,16.6.3,ok,,net11.0,lib/net11.0/HotChocolate.Validation.dll,108032.0,108920.0,226989.0,24.0,112.0,150.0,0.0,16.0,0.0,262.0,,,,,,,,,,,,,,600.0,75.0
Respond,1.4.2,metapackage,,,,,24227.0,24227.0,,,,,,,,,,,,,,,,,,,,,,
Confluent.SchemaRegistry,2.15.0,ok,,netstandard2.0,lib/netstandard2.0/Confluent.SchemaRegistry.dll,174080.0,136507.0,368553.0,70.0,244.0,151.0,0.0,66.0,1.0,395.0,,,,,,,,,,,,,,986.0,193.0
Xamarin.AndroidX.SavedState,1.5.0.1,ok,,net10.0-android36.0,lib/net10.0-android36.0/Xamarin.AndroidX.SavedState.dll,15672.0,75404.0,78996.0,0.0,0.0,0.0,0.0,0.0,0.0,0.0,,,,,,,,,,,,,,0.0,1.0
TestableIO.System.IO.Abstractions.Wrappers,22.2.0,ok,,netstandard2.1,lib/netstandard2.1/TestableIO.System.IO.Abstractions.Wrappers.dll,48640.0,85687.0,238948.0,25.0,431.0,180.0,5.0,23.0,5.0,616.0,,,,,,,,,,,,,,762.0,44.0
Swashbuckle,5.6.0,metapackage,,,,,17481.0,17481.0,,,,,,,,,,,,,,,,,,,,,,
App.Metrics.Abstractions,4.3.0,ok,,netstandard2.0,lib/netstandard2.0/App.Metrics.Abstractions.dll,90624.0,104034.0,167352.0,153.0,420.0,235.0,1.0,59.0,21.0,656.0,,,,,,,,,,,,,,907.0,186.0
EFCore.BulkExtensions,10.0.1,metapackage,,,,,65558.0,76328.0,,,,,,,,,,,,,,,,,,,,,,
TestableIO.System.IO.Abstractions,22.2.0,ok,,netstandard2.1,lib/netstandard2.1/TestableIO.System.IO.Abstractions.dll,7680.0,56107.0,52316.0,0.0,0.0,3.0,0.0,0.0,0.0,3.0,,,,,,,,,,,,,,12.0,8.0
HotChocolate.Fetching,15.1.17,ok,,net9.0,lib/net9.0/HotChocolate.Fetching.dll,39936.0,84320.0,165753.0,16.0,32.0,19.0,2.0,11.0,0.0,53.0,,,,,,,,,,,,,,154.0,49.0
Xamarin.AndroidX.ViewPager,1.1.0.7,ok,,net10.0-android36.0,lib/net10.0-android36.0/Xamarin.AndroidX.ViewPager.dll,96096.0,97597.0,238418.0,15.0,57.0,70.0,4.0,22.0,0.0,131.0,,,,,,,,,,,,,,515.0,61.0
Z.Expressions.Eval,6.3.13,ok,,netstandard2.1,lib/netstandard2.1/Z.Expressions.Eval.dll,628736.0,268703.0,1499538.0,69.0,752.0,148.0,0.0,61.0,0.0,900.0,,,,,,,,,,,,,,2020.0,269.0
FastMember,1.5.0,ok,,netstandard2.0,lib/netstandard2.0/FastMember.dll,26624.0,63651.0,50427.0,6.0,41.0,34.0,0.0,4.0,0.0,75.0,,,,,,,,,,,,,,138.0,22.0
Xamarin.AndroidX.Interpolator,1.0.0.37,ok,,net10.0-android36.0,lib/net10.0-android36.0/Xamarin.AndroidX.Interpolator.dll,25912.0,79391.0,104733.0,4.0,4.0,18.0,0.0,8.0,0.0,22.0,,,,,,,,,,,,,,55.0,9.0
HotChocolate,16.6.3,ok,,net11.0,lib/net11.0/HotChocolate.dll,5120.0,33220.0,30786.0,0.0,0.0,0.0,0.0,0.0,0.0,0.0,,,,,,,,,,,,,,0.0,1.0
Microsoft.AspNet.Identity.EntityFramework,2.2.4,ok,,net45,lib/net45/Microsoft.AspNet.Identity.EntityFramework.dll,77248.0,98082.0,64238.0,17.0,51.0,64.0,0.0,37.0,0.0,115.0,,,,,,,,,,,,,,287.0,67.0
Serilog.Sinks.EventLog,4.0.0,ok,,netstandard2.0,lib/netstandard2.0/Serilog.Sinks.EventLog.dll,12800.0,71818.0,72478.0,3.0,4.0,7.0,0.0,2.0,0.0,11.0,,,,,,,,,,,,,,38.0,21.0
HotChocolate.Subscriptions,16.6.3,ok,,net11.0,lib/net11.0/HotChocolate.Subscriptions.dll,29696.0,79415.0,96104.0,13.0,58.0,24.0,1.0,10.0,0.0,83.0,,,,,,,,,,,,,,154.0,28.0
GraphQL.Client,6.1.0,ok,,netstandard2.0,lib/netstandard2.0/GraphQL.Client.dll,81920.0,108524.0,258288.0,13.0,26.0,43.0,0.0,22.0,0.0,69.0,,,,,,,,,,,,,,302.0,71.0
xunit.runner.console,2.9.3,tools_only,,,,,65558.0,3925991.0,,,,,,,,,,,,,,,,,,,,,,
System.Reactive.PlatformServices,6.1.0,ok,,netstandard2.0,lib/netstandard2.0/System.Reactive.PlatformServices.dll,17360.0,77214.0,70345.0,0.0,0.0,0.0,0.0,0.0,0.0,0.0,,,,,,,,,,,,,,0.0,1.0
Amazon.JSII.Runtime,1.140.0,ok,,net6.0,lib/net6.0/Amazon.JSII.Runtime.dll,2345208.0,605550.0,564277.0,97.0,38.0,233.0,0.0,78.0,2.0,271.0,,,,,,,,,,,,,,722.0,171.0
ReportGenerator,5.5.11,tools_only,,,,,65558.0,7944133.0,,,,,,,,,,,,,,,,,,,,,,
HotChocolate.Execution,15.1.17,ok,,net9.0,lib/net9.0/HotChocolate.Execution.dll,523264.0,270884.0,587975.0,93.0,431.0,556.0,9.0,51.0,0.0,996.0,,,,,,,,,,,,,,3066.0,619.0
Microsoft.IdentityModel.Protocols.WsTrust,6.8.0,ok,,netstandard2.0,lib/netstandard2.0/Microsoft.IdentityModel.Protocols.WsTrust.dll,97136.0,103406.0,73199.0,84.0,30.0,180.0,0.0,85.0,0.0,210.0,,,,,,,,,,,,,,509.0,114.0
Microsoft.CodeAnalysis.VersionCheckAnalyzer,3.3.2,tools_only,,,,,65558.0,202842.0,,,,,,,,,,,,,,,,,,,,,,
App.Metrics.Formatters.Ascii,4.3.0,ok,,netstandard2.1,lib/netstandard2.1/App.Metrics.Formatters.Ascii.dll,25600.0,75704.0,64521.0,9.0,12.0,12.0,0.0,9.0,0.0,24.0,,,,,,,,,,,,,,78.0,23.0
Microsoft.Rest.ClientRuntime.Azure.Authentication,2.4.1,ok,,netstandard2.0,lib/netstandard2.0/Microsoft.Rest.ClientRuntime.Azure.Authentication.dll,56184.0,89158.0,121273.0,11.0,49.0,19.0,0.0,26.0,0.0,68.0,,,,,,,,,,,,,,199.0,57.0
jQuery.UI.Combined,1.14.1,metapackage,,,,,65558.0,429044.0,,,,,,,,,,,,,,,,,,,,,,
App.Metrics.Core,4.3.0,ok,,netstandard2.0,lib/netstandard2.0/App.Metrics.Core.dll,180224.0,137658.0,245604.0,102.0,494.0,162.0,2.0,83.0,4.0,658.0,,,,,,,,,,,,,,1451.0,290.0
BCrypt.Net-Next,4.2.1,ok,,netstandard2.1,lib/netstandard2.1/BCrypt-Net-Next.dll,23040.0,79614.0,217304.0,6.0,17.0,8.0,0.0,10.0,0.0,25.0,,,,,,,,,,,,,,61.0,15.0
Microsoft.Azure.Cosmos.Table,1.0.8,ok,,netstandard2.0,lib/netstandard2.0/Microsoft.Azure.Cosmos.Table.dll,622968.0,285490.0,295296.0,81.0,255.0,457.0,8.0,77.0,2.0,720.0,,,,,,,,,,,,,,2547.0,400.0
runtime.osx-arm64.runtime.native.System.IO.Ports,10.0.11,metapackage,,,,,57128.0,57128.0,,,,,,,,,,,,,,,,,,,,,,
RedLock.net,2.3.2,ok,,netstandard2.0,lib/netstandard2.0/RedLockNet.SERedis.dll,43520.0,85122.0,113377.0,11.0,14.0,37.0,1.0,13.0,3.0,52.0,,,,,,,,,,,,,,174.0,32.0
Sitecore.FakeDb,2.0.1,ok,,net471,lib/net471/Sitecore.FakeDb.dll,134144.0,118221.0,68177.0,123.0,433.0,147.0,1.0,138.0,2.0,581.0,,,,,,,,,,,,,,928.0,157.0
Docker.DotNet.Enhanced.X509,4.3.3,ok,,netstandard2.1,lib/netstandard2.1/Docker.DotNet.X509.dll,22528.0,81464.0,263207.0,2.0,7.0,4.0,0.0,2.0,0.0,11.0,,,,,,,,,,,,,,29.0,12.0
iTextSharp,5.5.13.6,ok,,net461,lib/net461/itextsharp.dll,2631888.0,970490.0,1223452.0,683.0,4074.0,1587.0,0.0,913.0,2.0,5661.0,,,,,,,,,,,,,,9218.0,912.0
WindowsAzure.ServiceBus,7.0.1,ok,,net462,lib/net462/Microsoft.ServiceBus.dll,3751864.0,1271670.0,1442361.0,386.0,1198.0,4740.0,65.0,360.0,0.0,6003.0,,,,,,,,,,,,,,22650.0,2839.0
Microsoft.AspNetCore.ResponseCaching,2.3.12,ok,,netstandard2.0,lib/netstandard2.0/Microsoft.AspNetCore.ResponseCaching.dll,67896.0,90900.0,60099.0,15.0,28.0,58.0,0.0,8.0,0.0,86.0,,,,,,,,,,,,,,259.0,40.0
EPPlus.Interfaces,8.6.2,ok,,netstandard2.1,lib/netstandard2.1/EPPlus.Interfaces.dll,22856.0,80979.0,144024.0,14.0,11.0,25.0,0.0,2.0,0.0,36.0,,,,,,,,,,,,,,50.0,17.0
Microsoft.Extensions.Caching.Redis,2.3.0,ok,,netstandard2.0,lib/netstandard2.0/Microsoft.Extensions.Caching.Redis.dll,30760.0,61803.0,45028.0,3.0,10.0,3.0,0.0,2.0,0.0,13.0,,,,,,,,,,,,,,45.0,13.0
HotChocolate.Types.CursorPagination,16.6.3,ok,,net11.0,lib/net11.0/HotChocolate.Types.CursorPagination.dll,66560.0,95635.0,170168.0,31.0,50.0,88.0,0.0,22.0,2.0,138.0,,,,,,,,,,,,,,323.0,77.0
Xunit.SkippableFact,1.5.85,ok,,netstandard2.0,lib/netstandard2.0/Xunit.SkippableFact.dll,44952.0,90359.0,91568.0,9.0,16.0,40.0,0.0,15.0,0.0,56.0,,,,,,,,,,,,,,173.0,63.0
GraphQL.Primitives,6.1.0,ok,,netstandard2.0,lib/netstandard2.0/GraphQL.Primitives.dll,24576.0,82263.0,98065.0,9.0,16.0,21.0,0.0,13.0,9.0,37.0,,,,,,,,,,,,,,81.0,16.0
Microsoft.AspNetCore.Authentication.WsFederation,10.0.11,ok,,net10.0,lib/net10.0/Microsoft.AspNetCore.Authentication.WsFederation.dll,52520.0,91173.0,67509.0,12.0,19.0,44.0,0.0,11.0,0.0,63.0,,,,,,,,,,,,,,152.0,24.0
Xamarin.Kotlin.StdLib,2.4.0.1,ok,,net10.0-android36.0,lib/net10.0-android36.0/Xamarin.Kotlin.StdLib.dll,2464056.0,493852.0,6447313.0,603.0,3977.0,3056.0,0.0,288.0,0.0,7033.0,,,,,,,,,,,,,,12300.0,878.0
Xamarin.AndroidX.Annotation.Experimental,1.6.0.1,ok,,net10.0-android36.0,lib/net10.0-android36.0/Xamarin.AndroidX.Annotation.Experimental.dll,38240.0,82874.0,125196.0,10.0,9.0,33.0,0.0,4.0,0.0,42.0,,,,,,,,,,,,,,153.0,20.0
Antlr3.Runtime,3.5.1,ok,,netstandard1.1,lib/netstandard1.1/Antlr3.Runtime.dll,97280.0,107682.0,332458.0,94.0,552.0,208.0,0.0,203.0,0.0,760.0,,,,,,,,,,,,,,1118.0,112.0
Microsoft.AspNetCore.Mvc.Razor.ViewCompilation,2.3.0,native_only,,,,,65558.0,101452.0,,,,,,,,,,,,,,,,,,,,,,
LazyCache,2.4.0,ok,,netstandard2.0,lib/netstandard2.0/LazyCache.dll,24064.0,38244.0,27153.0,14.0,73.0,21.0,0.0,13.0,0.0,94.0,,,,,,,,,,,,,,152.0,29.0
GraphQL.Client.Abstractions,6.1.0,ok,,netstandard2.0,lib/netstandard2.0/GraphQL.Client.Abstractions.dll,26112.0,80985.0,94377.0,6.0,44.0,2.0,0.0,0.0,0.0,46.0,,,,,,,,,,,,,,74.0,16.0
GraphQL.Client.Abstractions.Websocket,6.1.0,ok,,netstandard2.0,lib/netstandard2.0/GraphQL.Client.Abstractions.Websocket.dll,19456.0,51982.0,38427.0,8.0,19.0,11.0,0.0,4.0,4.0,30.0,,,,,,,,,,,,,,51.0,14.0
AWSSDK.Kinesis,4.0.103,ok,,netstandard2.0,lib/netstandard2.0/AWSSDK.Kinesis.dll,272040.0,150256.0,742814.0,346.0,394.0,572.0,4.0,443.0,18.0,970.0,,,,,,,,,,,,,,2606.0,358.0
Microsoft.NET.Sdk.MacCatalyst.Manifest-7.0.100.Msi.x64,16.4.7142,metapackage,,,,,65558.0,369616.0,,,,,,,,,,,,,,,,,,,,,,
Microsoft.NET.Sdk.iOS.Manifest-7.0.100.Msi.x64,16.4.7142,metapackage,,,,,65558.0,369926.0,,,,,,,,,,,,,,,,,,,,,,
Microsoft.NET.Sdk.macOS.Manifest-7.0.100.Msi.x64,13.3.7142,metapackage,,,,,65558.0,369697.0,,,,,,,,,,,,,,,,,,,,,,
AWSSDK.CognitoIdentityProvider,4.0.105,ok,,netstandard2.0,lib/netstandard2.0/AWSSDK.CognitoIdentityProvider.dll,707240.0,255062.0,1860150.0,971.0,1146.0,1528.0,0.0,1269.0,60.0,2674.0,,,,,,,,,,,,,,7205.0,1001.0
Microsoft.Playwright,1.62.0,ok,,netstandard2.0,lib/netstandard2.0/Microsoft.Playwright.dll,1060152.0,487873.0,211404073.0,392.0,647.0,1871.0,115.0,585.0,0.0,2633.0,,,,,,,,,,,,,,7101.0,988.0
App.Metrics.Concurrency,4.3.0,ok,,netstandard2.0,lib/netstandard2.0/App.Metrics.Concurrency.dll,19456.0,63556.0,54529.0,13.0,148.0,3.0,0.0,14.0,0.0,151.0,,,,,,,,,,,,,,252.0,24.0
Microsoft.Extensions.Configuration.KeyPerFile,10.0.11,ok,,netstandard2.0,lib/netstandard2.0/Microsoft.Extensions.Configuration.KeyPerFile.dll,23888.0,79591.0,83443.0,3.0,8.0,15.0,0.0,2.0,0.0,23.0,,,,,,,,,,,,,,61.0,21.0
Microsoft.NET.Sdk.Android.Manifest-7.0.100.Msi.x64,33.0.95,metapackage,,,,,65558.0,332293.0,,,,,,,,,,,,,,,,,,,,,,
Microsoft.NET.Sdk.tvOS.Manifest-7.0.100.Msi.x64,16.4.7142,metapackage,,,,,65558.0,369666.0,,,,,,,,,,,,,,,,,,,,,,
xunit.v3.extensibility.core,4.0.0,ok,,netstandard2.0,lib/netstandard2.0/xunit.v3.core.dll,646920.0,345434.0,381967.0,336.0,757.0,721.0,0.0,345.0,16.0,1478.0,,,,,,,,,,,,,,2968.0,605.0
Microsoft.NET.Workload.Mono.ToolChain.net6.Manifest-7.0.100.Msi.x64,7.0.20,metapackage,,,,,65558.0,389664.0,,,,,,,,,,,,,,,,,,,,,,
xunit.v3.common,4.0.0,ok,,netstandard2.0,lib/netstandard2.0/xunit.v3.common.dll,200456.0,176317.0,169357.0,135.0,264.0,138.0,0.0,16.0,0.0,402.0,,,,,,,,,,,,,,872.0,223.0
Microsoft.NET.Sdk.Maui.Manifest-7.0.100.Msi.x64,7.0.101,metapackage,,,,,65558.0,333641.0,,,,,,,,,,,,,,,,,,,,,,
Microsoft.AspNetCore.Localization.Routing,2.3.12,ok,,netstandard2.0,lib/netstandard2.0/Microsoft.AspNetCore.Localization.Routing.dll,16696.0,49608.0,38955.0,1.0,1.0,2.0,0.0,1.0,0.0,3.0,,,,,,,,,,,,,,6.0,2.0
Microsoft.NET.Workload.Mono.ToolChain.net7.Manifest-7.0.100.Msi.x64,7.0.20,metapackage,,,,,65558.0,390110.0,,,,,,,,,,,,,,,,,,,,,,
Microsoft.NET.Workload.Emscripten.net6.Manifest-7.0.100.Msi.x64,7.0.20,metapackage,,,,,65558.0,370314.0,,,,,,,,,,,,,,,,,,,,,,
Microsoft.NET.Workload.Emscripten.net7.Manifest-7.0.100.Msi.x64,7.0.20,metapackage,,,,,65558.0,371040.0,,,,,,,,,,,,,,,,,,,,,,
Xamarin.AndroidX.Lifecycle.ViewModelSavedState,2.11.0.1,ok,,net10.0-android36.0,lib/net10.0-android36.0/Xamarin.AndroidX.Lifecycle.ViewModelSavedState.dll,15672.0,75333.0,79688.0,0.0,0.0,0.0,0.0,0.0,0.0,0.0,,,,,,,,,,,,,,0.0,1.0
Microsoft.AspNet.WebApi.HelpPage,5.3.0,metapackage,,,,,65558.0,78481.0,,,,,,,,,,,,,,,,,,,,,,
Microsoft.Azure.Functions.Worker.Extensions.Timer,4.3.1,ok,,netstandard2.0,lib/netstandard2.0/Microsoft.Azure.Functions.Worker.Extensions.Timer.dll,29120.0,73404.0,52881.0,3.0,0.0,8.0,0.0,3.0,0.0,8.0,,,,,,,,,,,,,,32.0,11.0
Roslynator.Analyzers,5.0.0,tools_only,,,,,65558.0,2439932.0,,,,,,,,,,,,,,,,,,,,,,
Microsoft.Azure.Functions.Worker.ApplicationInsights,2.51.0,ok,,netstandard2.0,lib/netstandard2.0/Microsoft.Azure.Functions.Worker.ApplicationInsights.dll,48440.0,94275.0,63221.0,1.0,1.0,7.0,0.0,0.0,0.0,8.0,,,,,,,,,,,,,,81.0,24.0
Microsoft.TestPlatform.AdapterUtilities,18.9.0,ok,,netstandard2.0,lib/netstandard2.0/Microsoft.TestPlatform.AdapterUtilities.dll,42848.0,94054.0,668221.0,7.0,10.0,22.0,0.0,4.0,0.0,32.0,,,,,,,,,,,,,,93.0,30.0
Handlebars.Net.Helpers.Core,2.5.5,ok,,netstandard2.1,lib/netstandard2.1/HandlebarsDotNet.Helpers.Core.dll,40448.0,86115.0,179743.0,24.0,51.0,32.0,0.0,17.0,0.0,83.0,,,,,,,,,,,,,,237.0,51.0
Microsoft.AspNetCore.Authentication.Negotiate,10.0.11,ok,,net10.0,lib/net10.0/Microsoft.AspNetCore.Authentication.Negotiate.dll,54568.0,92461.0,69493.0,11.0,17.0,31.0,0.0,10.0,0.0,48.0,,,,,,,,,,,,,,154.0,36.0
FluentFTP,54.2.0,ok,,netstandard2.1,lib/netstandard2.1/FluentFTP.dll,511488.0,257441.0,1830708.0,123.0,796.0,374.0,12.0,85.0,0.0,1182.0,,,,,,,,,,,,,,2516.0,465.0
Unity.Container,5.11.11,ok,,netstandard2.0,lib/netstandard2.0/Unity.Container.dll,148480.0,124032.0,867715.0,72.0,162.0,131.0,11.0,64.0,2.0,304.0,,,,,,,,,,,,,,884.0,182.0
Handlebars.Net.Helpers,2.5.5,ok,,netstandard2.1,lib/netstandard2.1/Handlebars.Net.Helpers.dll,54272.0,91523.0,222321.0,5.0,17.0,23.0,0.0,1.0,0.0,40.0,,,,,,,,,,,,,,318.0,48.0
Magick.NET.Core,14.16.0,ok,,netstandard20,lib/netstandard20/Magick.NET.Core.dll,1534640.0,1104758.0,2270476.0,268.0,1140.0,1002.0,4.0,92.0,35.0,2146.0,,,,,,,,,,,,,,2785.0,347.0
AspNetCore.HealthChecks.Rabbitmq,9.0.0,ok,,netstandard2.0,lib/netstandard2.0/HealthChecks.Rabbitmq.dll,17920.0,59841.0,46893.0,2.0,3.0,1.0,0.0,2.0,0.0,4.0,,,,,,,,,,,,,,21.0,14.0
HotChocolate.AspNetCore,16.6.3,ok,,net11.0,lib/net11.0/HotChocolate.AspNetCore.dll,40448.0,81410.0,103535.0,2.0,25.0,44.0,0.0,0.0,0.0,69.0,,,,,,,,,,,,,,159.0,35.0
Microsoft.Azure.WebJobs.Extensions.Storage,5.3.9,metapackage,,,,,34937.0,34937.0,,,,,,,,,,,,,,,,,,,,,,
Microsoft.AspNetCore.DataProtection.EntityFrameworkCore,10.0.11,ok,,net10.0,lib/net10.0/Microsoft.AspNetCore.DataProtection.EntityFrameworkCore.dll,24360.0,67724.0,53478.0,4.0,3.0,6.0,0.0,2.0,0.0,9.0,,,,,,,,,,,,,,31.0,9.0
Microsoft.Azure.DurableTask.Core,3.9.0,ok,,netstandard2.0,lib/netstandard2.0/DurableTask.Core.dll,441144.0,277560.0,297394.0,185.0,370.0,751.0,0.0,207.0,0.0,1121.0,,,,,,,,,,,,,,2526.0,404.0
Microsoft.OpenApi.Readers,1.6.31,ok,,netstandard2.0,lib/netstandard2.0/Microsoft.OpenApi.Readers.dll,162104.0,132333.0,162123.0,14.0,21.0,75.0,0.0,14.0,0.0,96.0,,,,,,,,,,,,,,924.0,85.0
SpecFlow.Internal.Json,1.0.8,ok,,netstandard2.0,lib/netstandard2.0/SpecFlow.Internal.Json.dll,18432.0,39638.0,30248.0,4.0,5.0,2.0,0.0,2.0,0.0,7.0,,,,,,,,,,,,,,20.0,6.0
HotChocolate.Subscriptions.InMemory,16.6.3,ok,,net11.0,lib/net11.0/HotChocolate.Subscriptions.InMemory.dll,10240.0,49313.0,44267.0,1.0,1.0,3.0,0.0,0.0,0.0,4.0,,,,,,,,,,,,,,17.0,6.0
Microsoft.NETCore.App.Host.linux-arm64,10.0.11,metapackage,,,,,65558.0,5309010.0,,,,,,,,,,,,,,,,,,,,,,
Microsoft.Owin.Hosting,4.2.3,ok,,net45,lib/net45/Microsoft.Owin.Hosting.dll,80928.0,112524.0,85549.0,36.0,65.0,56.0,0.0,21.0,0.0,121.0,,,,,,,,,,,,,,340.0,77.0
System.Web.Services.Description,10.0.652802,ok,,netstandard2.0,ref/netstandard2.0/System.Web.Services.Description.dll,42056.0,86077.0,306031.0,70.0,156.0,150.0,0.0,59.0,0.0,306.0,,,,,,,,,,,,,,463.0,71.0
OpenAI,2.13.0,ok,,netstandard2.0,lib/netstandard2.0/OpenAI.dll,5201872.0,1290334.0,3942779.0,672.0,3090.0,6061.0,2.0,633.0,483.0,9153.0,,,,,,,,,,,,,,30412.0,3172.0
Microsoft.Owin.Security.Jwt,4.2.3,ok,,net45,lib/net45/Microsoft.Owin.Security.Jwt.dll,30256.0,74194.0,54840.0,6.0,3.0,22.0,0.0,11.0,0.0,25.0,,,,,,,,,,,,,,54.0,9.0
SQLitePCLRaw.lib.e_sqlite3.linux,1.1.14,metapackage,,,,,65558.0,3653966.0,,,,,,,,,,,,,,,,,,,,,,
SQLitePCLRaw.lib.e_sqlite3.v110_xp,1.1.15,native_only,,,,,65558.0,2151896.0,,,,,,,,,,,,,,,,,,,,,,
SQLitePCLRaw.lib.e_sqlite3.osx,1.1.14,metapackage,,,,,65558.0,830692.0,,,,,,,,,,,,,,,,,,,,,,
Google.Cloud.PubSub.V1,3.37.0,ok,,netstandard2.0,lib/netstandard2.0/Google.Cloud.PubSub.V1.dll,574464.0,262561.0,712008.0,203.0,1581.0,893.0,0.0,243.0,12.0,2474.0,,,,,,,,,,,,,,4325.0,454.0
Microsoft.NETCore.App.Crossgen2.linux-x64,10.0.11,metapackage,,,,,65558.0,12408648.0,,,,,,,,,,,,,,,,,,,,,,
Docker.DotNet.Enhanced,4.3.3,ok,,netstandard2.1,lib/netstandard2.1/Docker.DotNet.dll,2986496.0,1498088.0,7859093.0,348.0,143.0,2206.0,0.0,358.0,2.0,2349.0,,,,,,,,,,,,,,11618.0,931.0
Utf8Json,1.3.7,ok,,netstandard2.0,lib/netstandard2.0/Utf8Json.dll,237568.0,156803.0,291073.0,167.0,624.0,43.0,0.0,156.0,0.0,667.0,,,,,,,,,,,,,,1591.0,355.0
Microsoft.OData.ModelBuilder,3.0.0,ok,,net10.0,lib/net10.0/Microsoft.OData.ModelBuilder.dll,322344.0,186966.0,198291.0,197.0,792.0,442.0,0.0,180.0,0.0,1234.0,,,,,,,,,,,,,,2518.0,430.0
Microsoft.AspNetCore.HttpsPolicy,2.3.12,ok,,netstandard2.0,lib/netstandard2.0/Microsoft.AspNetCore.HttpsPolicy.dll,24376.0,57805.0,43522.0,8.0,6.0,6.0,0.0,5.0,0.0,12.0,,,,,,,,,,,,,,30.0,10.0
Z.EntityFramework.Plus.EFCore,10.105.8,ok,,net10.0,lib/net10.0/Z.EntityFramework.Plus.EFCore.dll,210944.0,147470.0,110691.0,69.0,383.0,181.0,0.0,47.0,1.0,564.0,,,,,,,,,,,,,,1229.0,262.0
FirebaseAdmin,3.6.0,ok,,netstandard2.0,lib/netstandard2.0/FirebaseAdmin.dll,297984.0,183458.0,477781.0,89.0,109.0,602.0,0.0,55.0,0.0,711.0,,,,,,,,,,,,,,2077.0,399.0
ServiceStack.Common,10.1.4,ok,,net10.0,lib/net10.0/ServiceStack.Common.dll,1094144.0,549576.0,1989659.0,335.0,2528.0,841.0,0.0,256.0,2.0,3369.0,,,,,,,,,,,,,,5741.0,722.0
Irony.NetCore,1.1.11,ok,,netstandard2.0,lib/netstandard2.0/Irony.dll,143872.0,128368.0,75015.0,178.0,339.0,169.0,6.0,180.0,11.0,514.0,,,,,,,,,,,,,,908.0,203.0
SkiaSharp.HarfBuzz,4.151.2,ok,,netstandard2.1,lib/netstandard2.1/SkiaSharp.HarfBuzz.dll,25440.0,80397.0,232810.0,6.0,29.0,5.0,0.0,4.0,0.0,34.0,,,,,,,,,,,,,,47.0,12.0
Microsoft.EntityFrameworkCore.SqlServer.NetTopologySuite,10.0.11,ok,,net10.0,lib/net10.0/Microsoft.EntityFrameworkCore.SqlServer.NetTopologySuite.dll,142136.0,127041.0,99376.0,31.0,36.0,171.0,0.0,23.0,0.0,207.0,,,,,,,,,,,,,,785.0,109.0
Spectre.Console,0.57.2,ok,,netstandard2.0,lib/netstandard2.0/Spectre.Console.dll,1340928.0,750245.0,2238697.0,361.0,1125.0,1217.0,1.0,144.0,7.0,2343.0,,,,,,,,,,,,,,5649.0,969.0
SixLabors.ImageSharp.Drawing,3.1.0,ok,,net8.0,lib/net8.0/SixLabors.ImageSharp.Drawing.dll,375808.0,227630.0,338598.0,124.0,539.0,673.0,0.0,158.0,1.0,1212.0,,,,,,,,,,,,,,2516.0,303.0
AspNetCore.HealthChecks.UI,9.0.0,ok,,net8.0,lib/net8.0/HealthChecks.UI.dll,1526784.0,569010.0,521046.0,17.0,35.0,56.0,0.0,5.0,0.0,91.0,,,,,,,,,,,,,,392.0,115.0
HotChocolate.Types.Mutations,16.6.3,ok,,net11.0,lib/net11.0/HotChocolate.Types.Mutations.dll,46080.0,86826.0,119758.0,5.0,4.0,65.0,0.0,1.0,0.0,69.0,,,,,,,,,,,,,,188.0,29.0
App.Metrics,4.3.0,ok,,netstandard2.0,lib/netstandard2.0/App.Metrics.dll,5632.0,30260.0,27048.0,1.0,1.0,0.0,0.0,0.0,0.0,1.0,,,,,,,,,,,,,,4.0,3.0
RandomDataGenerator.Net,1.0.19.1,ok,,netstandard2.1,lib/netstandard2.1/RandomDataGenerator.dll,272896.0,155540.0,797747.0,74.0,74.0,116.0,0.0,55.0,0.0,190.0,,,,,,,,,,,,,,474.0,115.0
Serilog.Sinks.OpenTelemetry,4.2.0,ok,,netstandard2.0,lib/netstandard2.0/Serilog.Sinks.OpenTelemetry.dll,130048.0,118858.0,442397.0,16.0,35.0,170.0,0.0,16.0,0.0,205.0,,,,,,,,,,,,,,826.0,115.0
WireMock.Net.Abstractions,2.15.0,ok,,netstandard2.0,lib/netstandard2.0/WireMock.Net.Abstractions.dll,258048.0,157788.0,420880.0,139.0,786.0,428.0,1.0,78.0,2.0,1215.0,,,,,,,,,,,,,,2656.0,535.0
App.Metrics.Formatters.Json,4.3.0,ok,,netstandard2.0,lib/netstandard2.0/App.Metrics.Formatters.Json.dll,39424.0,82784.0,70855.0,41.0,70.0,101.0,0.0,32.0,0.0,171.0,,,,,,,,,,,,,,341.0,51.0
EPPlus.System.Drawing,8.6.2,ok,,netstandard2.1,lib/netstandard2.1/EPPlus.System.Drawing.dll,22344.0,80796.0,143783.0,2.0,6.0,4.0,0.0,2.0,0.0,10.0,,,,,,,,,,,,,,19.0,5.0
WireMock.Net,2.15.0,ok,,netstandard2.1,lib/netstandard2.1/WireMock.Net.dll,30208.0,75385.0,90150.0,0.0,0.0,0.0,0.0,0.0,0.0,0.0,,,,,,,,,,,,,,0.0,1.0
Cucumber.Messages,34.2.1,ok,,netstandard2.0,lib/netstandard2.0/Cucumber.Messages.dll,111616.0,104386.0,65685.0,78.0,230.0,244.0,0.0,64.0,0.0,474.0,,,,,,,,,,,,,,906.0,80.0
itext7,9.7.0,metapackage,,,,,31184.0,31184.0,,,,,,,,,,,,,,,,,,,,,,
Microsoft.NETFramework.ReferenceAssemblies.net472,1.0.3,native_only,,,,,65558.0,20790130.0,,,,,,,,,,,,,,,,,,,,,,
Npgsql.OpenTelemetry,10.0.3,ok,,net8.0,lib/net8.0/Npgsql.OpenTelemetry.dll,6144.0,32049.0,28926.0,2.0,2.0,0.0,0.0,0.0,0.0,2.0,,,,,,,,,,,,,,2.0,3.0
Microsoft.VisualStudio.Web.BrowserLink,2.2.0,ok,,netstandard2.0,lib/netstandard2.0/Microsoft.VisualStudio.Web.BrowserLink.dll,78200.0,102605.0,65140.0,4.0,1.0,41.0,0.0,0.0,0.0,42.0,,,,,,,,,,,,,,369.0,72.0
MassTransit.Azure.ServiceBus.Core,9.2.1,ok,,netstandard2.0,lib/netstandard2.0/MassTransit.Azure.ServiceBus.Core.dll,419328.0,264968.0,1077644.0,231.0,499.0,564.0,2.0,141.0,2.0,1065.0,,,,,,,,,,,,,,2132.0,478.0
HotChocolate.Types.Scalars.Upload,16.6.3,ok,,net11.0,lib/net11.0/HotChocolate.Types.Scalars.Upload.dll,11776.0,58839.0,52996.0,3.0,10.0,13.0,0.0,3.0,0.0,23.0,,,,,,,,,,,,,,28.0,5.0
AWSSDK.AppConfigData,4.0.100.11,ok,,netstandard2.0,lib/netstandard2.0/AWSSDK.AppConfigData.dll,46248.0,88303.0,176465.0,36.0,36.0,46.0,0.0,70.0,3.0,82.0,,,,,,,,,,,,,,220.0,39.0
Microsoft.Azure.Functions.Worker.Extensions.Http.AspNetCore,2.1.1,ok,,net8.0,lib/net8.0/Microsoft.Azure.Functions.Worker.Extensions.Http.AspNetCore.dll,82232.0,116546.0,135655.0,3.0,5.0,35.0,0.0,0.0,0.0,40.0,,,,,,,,,,,,,,194.0,46.0
FluentMigrator,8.0.1,ok,,netstandard2.0,lib/netstandard2.0/FluentMigrator.dll,67072.0,92817.0,227535.0,52.0,317.0,67.0,0.0,50.0,0.0,384.0,,,,,,,,,,,,,,566.0,78.0
Scriban,7.2.7,ok,,netstandard2.0,lib/netstandard2.0/Scriban.dll,571904.0,282821.0,830851.0,176.0,1244.0,607.0,0.0,157.0,20.0,1851.0,,,,,,,,,,,,,,4023.0,574.0
GraphQL.NewtonsoftJson,8.8.5,ok,,netstandard2.0,lib/netstandard2.0/GraphQL.NewtonsoftJson.dll,98304.0,140865.0,113926.0,12.0,33.0,69.0,0.0,19.0,0.0,102.0,,,,,,,,,,,,,,271.0,84.0
Azure.AI.OpenAI,2.1.0,ok,,netstandard2.0,lib/netstandard2.0/Azure.AI.OpenAI.dll,324136.0,169153.0,185927.0,33.0,46.0,321.0,0.0,20.0,12.0,367.0,,,,,,,,,,,,,,1610.0,182.0
Automatonymous,5.1.3,ok,,netstandard2.0,lib/netstandard2.0/Automatonymous.dll,252416.0,154907.0,108654.0,154.0,514.0,121.0,0.0,128.0,6.0,635.0,,,,,,,,,,,,,,2006.0,334.0
XLParser,1.7.5,ok,,netstandard2.0,lib/netstandard2.0/XLParser.dll,61952.0,90210.0,78126.0,8.0,50.0,124.0,0.0,6.0,2.0,174.0,,,,,,,,,,,,,,257.0,22.0
Microsoft.AspNet.SignalR.SystemWeb,2.4.3,ok,,net45,lib/net45/Microsoft.AspNet.SignalR.SystemWeb.dll,16256.0,47482.0,37859.0,2.0,10.0,0.0,0.0,0.0,0.0,10.0,,,,,,,,,,,,,,11.0,3.0
Microsoft.Owin.Cors,4.2.3,ok,,net45,lib/net45/Microsoft.Owin.Cors.dll,25120.0,67936.0,51129.0,5.0,4.0,4.0,0.0,3.0,0.0,8.0,,,,,,,,,,,,,,27.0,9.0
Xamarin.AndroidX.DrawerLayout,1.2.0.21,ok,,net10.0-android36.0,lib/net10.0-android36.0/Xamarin.AndroidX.DrawerLayout.dll,67384.0,90535.0,172494.0,8.0,45.0,32.0,4.0,17.0,0.0,81.0,,,,,,,,,,,,,,333.0,44.0
Castle.Core.AsyncInterceptor,2.1.0,ok,,netstandard2.0,lib/netstandard2.0/Castle.Core.AsyncInterceptor.dll,19456.0,67454.0,58273.0,6.0,51.0,1.0,0.0,4.0,0.0,52.0,,,,,,,,,,,,,,99.0,20.0
Xamarin.AndroidX.VectorDrawable,1.2.0.11,ok,,net10.0-android36.0,lib/net10.0-android36.0/Xamarin.AndroidX.VectorDrawable.dll,36192.0,82974.0,141365.0,2.0,15.0,17.0,0.0,2.0,0.0,32.0,,,,,,,,,,,,,,126.0,16.0
Microsoft.Extensions.Logging.Log4Net.AspNetCore,10.0.0,ok,,netstandard2.1,lib/netstandard2.1/Microsoft.Extensions.Logging.Log4Net.AspNetCore.dll,21504.0,76302.0,117254.0,12.0,25.0,24.0,0.0,11.0,0.0,49.0,,,,,,,,,,,,,,102.0,19.0
MassTransit.Extensions.DependencyInjection,7.3.1,ok,,netstandard2.0,lib/netstandard2.0/MassTransit.ExtensionsDependencyInjectionIntegration.dll,70144.0,84377.0,55619.0,44.0,99.0,15.0,0.0,28.0,0.0,114.0,,,,,,,,,,,,,,366.0,105.0
ServiceStack.Interfaces,10.1.4,ok,,netstandard2.0,lib/netstandard2.0/ServiceStack.Interfaces.dll,475648.0,247068.0,925174.0,640.0,2332.0,1142.0,4.0,393.0,2.0,3478.0,,,,,,,,,,,,,,4922.0,725.0
Ardalis.GuardClauses,5.0.0,ok,,netstandard2.1,lib/netstandard2.1/Ardalis.GuardClauses.dll,38912.0,81462.0,168259.0,5.0,47.0,67.0,0.0,3.0,0.0,114.0,,,,,,,,,,,,,,272.0,115.0
Microsoft.Owin.Security.OpenIdConnect,4.2.3,ok,,net45,lib/net45/Microsoft.Owin.Security.OpenIdConnect.dll,66600.0,101697.0,75079.0,8.0,15.0,58.0,0.0,7.0,0.0,73.0,,,,,,,,,,,,,,159.0,18.0
AWS.Logger.Core,4.0.3,ok,,netstandard2.0,lib/netstandard2.0/AWS.Logger.Core.dll,43176.0,88885.0,136052.0,5.0,12.0,44.0,1.0,3.0,0.0,57.0,,,,,,,,,,,,,,132.0,16.0
Xamarin.Google.Guava.ListenableFuture,9999.0.0,ok,,net6.0-android31.0,lib/net6.0-android31.0/Xamarin.Google.Guava.ListenableFuture.dll,22944.0,64541.0,51721.0,1.0,1.0,6.0,0.0,0.0,0.0,7.0,,,,,,,,,,,,,,51.0,9.0
NodaTime.Serialization.JsonNet,3.3.0,ok,,netstandard2.0,lib/netstandard2.0/NodaTime.Serialization.JsonNet.dll,33224.0,79599.0,60687.0,6.0,20.0,36.0,0.0,6.0,0.0,56.0,,,,,,,,,,,,,,114.0,18.0
RichardSzalay.MockHttp,7.1.0,ok,,netstandard2.0,lib/netstandard2.0/RichardSzalay.MockHttp.dll,53760.0,95869.0,163569.0,20.0,94.0,40.0,0.0,17.0,0.0,134.0,,,,,,,,,,,,,,266.0,64.0
MathNet.Numerics.Signed,5.0.0,ok,,netstandard2.0,lib/netstandard2.0/MathNet.Numerics.dll,1592832.0,638199.0,4178402.0,336.0,5045.0,1248.0,0.0,408.0,237.0,6293.0,,,,,,,,,,,,,,10496.0,1098.0
Microsoft.Azure.Functions.Worker.Extensions.Http.AspNetCore.Analyzers,1.0.4,tools_only,,,,,58212.0,58212.0,,,,,,,,,,,,,,,,,,,,,,
XPath2,1.1.5,ok,,netstandard2.1,lib/netstandard2.1/XPath2.dll,328192.0,181817.0,591900.0,94.0,603.0,250.0,1.0,108.0,39.0,854.0,,,,,,,,,,,,,,2454.0,229.0
Xamarin.AndroidX.VectorDrawable.Animated,1.2.0.11,ok,,net10.0-android36.0,lib/net10.0-android36.0/Xamarin.AndroidX.VectorDrawable.Animated.dll,48992.0,84943.0,162603.0,7.0,24.0,34.0,0.0,10.0,0.0,58.0,,,,,,,,,,,,,,168.0,20.0
runtime.win7.System.Private.Uri,4.3.2,native_only,,,,,65558.0,137971.0,,,,,,,,,,,,,,,,,,,,,,
Lucene.Net,3.0.3,ok,,NET40,lib/NET40/Lucene.Net.dll,753664.0,454349.0,3371173.0,418.0,2089.0,712.0,0.0,504.0,4.0,2801.0,,,,,,,,,,,,,,5608.0,740.0
dotnet-coverage,18.11.0,tools_only,,,,,65558.0,21595971.0,,,,,,,,,,,,,,,,,,,,,,
Microsoft.AspNetCore.Components.WebAssembly.Authentication,10.0.11,ok,,net10.0,lib/net10.0/Microsoft.AspNetCore.Components.WebAssembly.Authentication.dll,106280.0,111611.0,167618.0,34.0,47.0,100.0,0.0,26.0,0.0,147.0,,,,,,,,,,,,,,418.0,83.0
Microsoft.jQuery.Unobtrusive.Ajax,3.3.0,metapackage,,,,,58261.0,58261.0,,,,,,,,,,,,,,,,,,,,,,
Microsoft.Extensions.ApiDescription.Client,10.0.11,no_lib_dll,,,,,52775.0,52775.0,,,,,,,,,,,,,,,,,,,,,,
MiniProfiler.AspNetCore,4.5.4,ok,,net8.0,lib/net8.0/MiniProfiler.AspNetCore.dll,53248.0,85351.0,52196.0,6.0,16.0,27.0,0.0,4.0,0.0,43.0,,,,,,,,,,,,,,110.0,21.0
Xamarin.AndroidX.CursorAdapter,1.0.0.37,ok,,net10.0-android36.0,lib/net10.0-android36.0/Xamarin.AndroidX.CursorAdapter.dll,63840.0,88793.0,151714.0,7.0,26.0,44.0,0.0,12.0,0.0,70.0,,,,,,,,,,,,,,246.0,28.0
HotChocolate.Types.OffsetPagination,16.6.3,ok,,net11.0,lib/net11.0/HotChocolate.Types.OffsetPagination.dll,40960.0,85276.0,122437.0,15.0,33.0,36.0,0.0,12.0,0.0,69.0,,,,,,,,,,,,,,162.0,41.0
Microsoft.AspNet.SignalR.JS,2.4.3,metapackage,,,,,65558.0,66755.0,,,,,,,,,,,,,,,,,,,,,,
JmesPath.Net,1.1.0,ok,,netstandard2.1,lib/netstandard2.1/JmesPath.Net.dll,98816.0,107227.0,180345.0,107.0,245.0,55.0,0.0,109.0,1.0,300.0,,,,,,,,,,,,,,732.0,188.0
Microsoft.NETCore.Portable.Compatibility,1.0.2,ok,,netstandard1.0,ref/netstandard1.0/System.dll,24224.0,79185.0,830120.0,0.0,0.0,0.0,0.0,0.0,0.0,0.0,,,,,,,,,,,,,,0.0,1.0
Microsoft.Owin.Host.HttpListener,4.2.3,ok,,net45,lib/net45/Microsoft.Owin.Host.HttpListener.dll,101928.0,120332.0,89879.0,2.0,6.0,91.0,0.0,0.0,0.0,97.0,,,,,,,,,,,,,,393.0,46.0
ZXing.Net,0.16.11,ok,,netstandard2.1,lib/netstandard2.1/zxing.dll,514048.0,297971.0,10442206.0,203.0,482.0,461.0,9.0,195.0,0.0,952.0,,,,,,,,,,,,,,2453.0,367.0
Amazon.Lambda.Logging.AspNetCore,5.0.1,ok,,net10.0,lib/net10.0/Amazon.Lambda.Logging.AspNetCore.dll,28840.0,68968.0,51970.0,4.0,9.0,10.0,0.0,3.0,0.0,19.0,,,,,,,,,,,,,,63.0,14.0
xunit.v3.assert,4.0.0,ok,,netstandard2.0,lib/netstandard2.0/xunit.v3.assert.dll,214792.0,173363.0,293775.0,58.0,446.0,45.0,0.0,8.0,2.0,491.0,,,,,,,,,,,,,,927.0,168.0
Microsoft.Maui.Graphics,10.0.100,ok,,netstandard2.1,lib/netstandard2.1/Microsoft.Maui.Graphics.dll,177960.0,142596.0,1486118.0,107.0,574.0,250.0,0.0,93.0,46.0,824.0,,,,,,,,,,,,,,1249.0,170.0
Gee.External.Capstone,2.3.0,ok,,netstandard2.1,lib/netstandard2.1/Gee.External.Capstone.dll,285696.0,171020.0,8145352.0,133.0,37.0,272.0,0.0,9.0,0.0,309.0,,,,,,,,,,,,,,672.0,219.0
JsonSchema.Net,9.4.0,ok,,netstandard2.0,lib/netstandard2.0/JsonSchema.Net.dll,291328.0,169065.0,750120.0,118.0,426.0,469.0,0.0,99.0,6.0,895.0,,,,,,,,,,,,,,1898.0,259.0
Serilog.Enrichers.Span,3.1.0,ok,,netstandard2.0,lib/netstandard2.0/Serilog.Enrichers.Span.dll,18432.0,78086.0,77603.0,9.0,10.0,9.0,0.0,8.0,0.0,19.0,,,,,,,,,,,,,,49.0,16.0
Swashbuckle.AspNetCore.Cli,10.2.3,tools_only,,,,,65558.0,746897.0,,,,,,,,,,,,,,,,,,,,,,
Verify,32.0.0,ok,,net11.0,lib/net11.0/Verify.dll,644096.0,349149.0,3738421.0,80.0,893.0,242.0,0.0,68.0,9.0,1135.0,,,,,,,,,,,,,,2907.0,511.0
AWSSDK.BedrockRuntime,4.0.101.4,ok,,netstandard2.0,lib/netstandard2.0/AWSSDK.BedrockRuntime.dll,282280.0,167463.0,677213.0,488.0,354.0,690.0,17.0,563.0,45.0,1061.0,,,,,,,,,,,,,,3072.0,498.0
Microsoft.PowerBI.Api,5.1.0,ok,,netstandard2.0,lib/netstandard2.0/Microsoft.PowerBI.Api.dll,1631264.0,527918.0,954501.0,469.0,813.0,1386.0,0.0,315.0,63.0,2199.0,,,,,,,,,,,,,,7339.0,1326.0
System.Numerics.Tensors,10.0.11,ok,,netstandard2.0,lib/netstandard2.0/System.Numerics.Tensors.dll,97616.0,99050.0,767830.0,5.0,49.0,79.0,0.0,0.0,0.0,128.0,,,,,,,,,,,,,,352.0,73.0
Serilog.Sinks.MSSqlServer,10.0.0,ok,,netstandard2.0,lib/netstandard2.0/Serilog.Sinks.MSSqlServer.dll,76800.0,98117.0,274512.0,22.0,18.0,83.0,0.0,21.0,0.0,101.0,,,,,,,,,,,,,,433.0,102.0
Microsoft.NET.Workload.Mono.ToolChain.Manifest-6.0.200,6.0.9,metapackage,,,,,41803.0,41803.0,,,,,,,,,,,,,,,,,,,,,,
Microsoft.NET.Workload.Emscripten.Manifest-6.0.200,6.0.9,metapackage,,,,,28749.0,28749.0,,,,,,,,,,,,,,,,,,,,,,
Azure.Extensions.AspNetCore.DataProtection.Blobs,1.5.4,ok,,netstandard2.0,lib/netstandard2.0/Azure.Extensions.AspNetCore.DataProtection.Blobs.dll,24416.0,80170.0,82940.0,1.0,6.0,0.0,0.0,0.0,0.0,6.0,,,,,,,,,,,,,,25.0,11.0
MockQueryable.Core,10.0.8,ok,,net10.0,lib/net10.0/MockQueryable.Core.dll,7680.0,58701.0,54730.0,2.0,5.0,3.0,0.0,3.0,0.0,8.0,,,,,,,,,,,,,,14.0,3.0
LinqKit,1.3.11,ok,,netstandard2.1,lib/netstandard2.1/LinqKit.dll,15360.0,44652.0,37979.0,4.0,26.0,6.0,0.0,1.0,0.0,32.0,,,,,,,,,,,,,,49.0,9.0
Microsoft.Web.WebView2,1.0.4191.47,ok,,net462,lib/net462/Microsoft.Web.WebView2.Wpf.dll,86368.0,105465.0,9259926.0,25.0,68.0,71.0,28.0,3.0,0.0,167.0,,,,,,,,,,,,,,511.0,65.0
System.Speech,10.0.11,ok,,netstandard2.0,lib/netstandard2.0/System.Speech.dll,314152.0,151525.0,1334321.0,108.0,196.0,633.0,31.0,101.0,17.0,860.0,,,,,,,,,,,,,,1184.0,136.0
Serilog.Formatting.Compact.Reader,4.0.0,ok,,netstandard2.0,lib/netstandard2.0/Serilog.Formatting.Compact.Reader.dll,16896.0,74404.0,80948.0,1.0,4.0,10.0,0.0,1.0,0.0,14.0,,,,,,,,,,,,,,64.0,27.0
XPath2.Extensions,1.1.5,ok,,netstandard2.1,lib/netstandard2.1/XPath2.Extensions.dll,11264.0,47689.0,41954.0,2.0,8.0,3.0,0.0,0.0,0.0,11.0,,,,,,,,,,,,,,29.0,10.0
Hangfire.PostgreSql,1.21.1,ok,,netstandard2.0,lib/netstandard2.0/Hangfire.PostgreSql.dll,212480.0,137205.0,93450.0,64.0,123.0,190.0,0.0,74.0,0.0,313.0,,,,,,,,,,,,,,1161.0,268.0
Scriban.Signed,7.2.7,ok,,netstandard2.0,lib/netstandard2.0/Scriban.Signed.dll,572416.0,283234.0,543428.0,176.0,1244.0,607.0,0.0,157.0,20.0,1851.0,,,,,,,,,,,,,,4023.0,574.0
xunit.v3.runner.common,4.0.0,ok,,netstandard2.0,lib/netstandard2.0/xunit.v3.runner.common.dll,1081608.0,524718.0,527127.0,202.0,529.0,1469.0,43.0,160.0,0.0,2041.0,,,,,,,,,,,,,,6393.0,985.0
SimMetrics.Net,1.0.5,ok,,netstandard2.0,lib/netstandard2.0/SimMetrics.Net.dll,40448.0,80602.0,99340.0,46.0,130.0,106.0,0.0,64.0,0.0,236.0,,,,,,,,,,,,,,326.0,47.0
xunit.v3.runner.inproc.console,4.0.0,ok,,net8.0,lib/net8.0/xunit.v3.runner.inproc.console.dll,82184.0,114943.0,134400.0,5.0,14.0,4.0,0.0,4.0,0.0,18.0,,,,,,,,,,,,,,101.0,37.0
EasyNetQ,8.1.7,ok,,netstandard2.0,lib/netstandard2.0/EasyNetQ.dll,397312.0,228322.0,1039460.0,255.0,649.0,439.0,14.0,165.0,46.0,1102.0,,,,,,,,,,,,,,2759.0,641.0
SQLitePCLRaw.provider.e_sqlite3.netstandard11,1.1.14,ok,,netstandard1.1,lib/netstandard1.1/SQLitePCLRaw.provider.e_sqlite3.dll,38912.0,44576.0,28734.0,17.0,45.0,12.0,0.0,16.0,0.0,57.0,,,,,,,,,,,,,,414.0,38.0
FluentMigrator.Abstractions,8.0.1,ok,,netstandard2.0,lib/netstandard2.0/FluentMigrator.Abstractions.dll,100352.0,104408.0,460827.0,188.0,398.0,287.0,0.0,89.0,0.0,685.0,,,,,,,,,,,,,,1059.0,221.0
Remotion.Linq.EagerFetching,2.2.0,ok,,netstandard1.0,lib/netstandard1.0/Remotion.Linq.EagerFetching.dll,28160.0,78123.0,113815.0,13.0,28.0,20.0,0.0,13.0,0.0,48.0,,,,,,,,,,,,,,167.0,43.0
Xamarin.AndroidX.Tracing.Tracing,2.0.0,ok,,net10.0-android36.0,lib/net10.0-android36.0/Xamarin.AndroidX.Tracing.Tracing.dll,15160.0,75243.0,76868.0,0.0,0.0,0.0,0.0,0.0,0.0,0.0,,,,,,,,,,,,,,0.0,1.0
dbup-sqlserver,7.2.0,ok,,netstandard2.0,lib/netstandard2.0/dbup-sqlserver.dll,29184.0,61806.0,42512.0,9.0,32.0,2.0,0.0,9.0,0.0,34.0,,,,,,,,,,,,,,84.0,24.0
StructureMap,4.7.1,ok,,netstandard2.0,lib/netstandard2.0/StructureMap.dll,272896.0,180512.0,566976.0,240.0,1128.0,379.0,0.0,196.0,2.0,1507.0,,,,,,,,,,,,,,2721.0,512.0
WireMock.Org.Abstractions,2.15.0,ok,,netstandard2.0,lib/netstandard2.0/WireMock.Org.Abstractions.dll,47616.0,82454.0,84273.0,26.0,0.0,127.0,0.0,23.0,0.0,127.0,,,,,,,,,,,,,,279.0,29.0
Parlot,1.5.8,ok,,netstandard2.0,lib/netstandard2.0/Parlot.dll,461312.0,223933.0,745730.0,110.0,493.0,325.0,0.0,90.0,12.0,818.0,,,,,,,,,,,,,,1993.0,378.0
HarfBuzzSharp.NativeAssets.Linux,14.2.1.102,metapackage,,,,,65558.0,15992742.0,,,,,,,,,,,,,,,,,,,,,,
Destructurama.Attributed,5.3.0,ok,,netstandard2.0,lib/netstandard2.0/Destructurama.Attributed.dll,95232.0,138560.0,116425.0,14.0,14.0,73.0,0.0,9.0,0.0,87.0,,,,,,,,,,,,,,283.0,94.0
HotChocolate.Language.Web,16.6.3,ok,,netstandard2.0,lib/netstandard2.0/HotChocolate.Language.Web.dll,41984.0,85480.0,132367.0,18.0,40.0,62.0,0.0,20.0,5.0,102.0,,,,,,,,,,,,,,199.0,49.0
KubernetesClient,19.0.2,ok,,net10.0,lib/net10.0/KubernetesClient.dll,10680320.0,2544181.0,24045655.0,1075.0,7715.0,5231.0,11.0,1657.0,1453.0,12957.0,,,,,,,,,,,,,,43564.0,5267.0
Microsoft.AspNet.SignalR,2.4.3,metapackage,,,,,26910.0,26910.0,,,,,,,,,,,,,,,,,,,,,,
LinqKit.Microsoft.EntityFrameworkCore,10.0.11,ok,,net10.0,lib/net10.0/LinqKit.Microsoft.EntityFrameworkCore.dll,19456.0,33416.0,24847.0,4.0,24.0,8.0,0.0,0.0,0.0,32.0,,,,,,,,,,,,,,68.0,16.0
Microsoft.VisualStudio.Services.Client,20.256.2,ok,,netstandard2.0,lib/netstandard2.0/Microsoft.TeamFoundation.Common.dll,695328.0,307720.0,3416922.0,427.0,1940.0,245.0,8.0,163.0,1.0,2193.0,,,,,,,,,,,,,,3059.0,544.0
AWSSDK.EC2,4.0.116,ok,,netstandard2.0,lib/netstandard2.0/AWSSDK.EC2.dll,4927656.0,1377041.0,9078096.0,5566.0,6454.0,13152.0,0.0,5481.0,477.0,19606.0,,,,,,,,,,,,,,53619.0,6081.0
Microsoft.Identity.Web.UI,4.14.2,ok,,net9.0,lib/net9.0/Microsoft.Identity.Web.UI.dll,35640.0,84481.0,73180.0,5.0,9.0,31.0,0.0,4.0,0.0,40.0,,,,,,,,,,,,,,93.0,17.0
MiniProfiler.AspNetCore.Mvc,4.5.4,ok,,net8.0,lib/net8.0/MiniProfiler.AspNetCore.Mvc.dll,46592.0,77090.0,47794.0,8.0,12.0,19.0,0.0,7.0,0.0,31.0,,,,,,,,,,,,,,88.0,21.0
dotnet-xunit,2.3.1,ok,,netcoreapp2.0,lib/netcoreapp2.0/dotnet-xunit.dll,38448.0,84855.0,774955.0,1.0,1.0,3.0,0.0,0.0,0.0,4.0,,,,,,,,,,,,,,46.0,9.0
Elastic.Apm.AspNetCore,1.34.6,ok,,netstandard2.1,lib/netstandard2.1/Elastic.Apm.AspNetCore.dll,28160.0,78554.0,102059.0,3.0,3.0,7.0,0.0,1.0,0.0,10.0,,,,,,,,,,,,,,53.0,19.0
Grpc.Reflection,2.83.0,ok,,netstandard2.0,lib/netstandard2.0/Grpc.Reflection.dll,67584.0,92955.0,171652.0,34.0,176.0,111.0,0.0,48.0,0.0,287.0,,,,,,,,,,,,,,521.0,65.0
Auth0.Core,7.49.0,ok,,netstandard2.0,lib/netstandard2.0/Auth0.Core.dll,34816.0,81817.0,65372.0,9.0,5.0,51.0,0.0,19.0,0.0,56.0,,,,,,,,,,,,,,207.0,63.0
Microsoft.AspNetCore.SignalR.StackExchangeRedis,10.0.11,ok,,net10.0,lib/net10.0/Microsoft.AspNetCore.SignalR.StackExchangeRedis.dll,82216.0,104678.0,79094.0,3.0,21.0,30.0,0.0,3.0,0.0,51.0,,,,,,,,,,,,,,283.0,66.0
Handlebars.Net.Helpers.XPath,2.5.5,ok,,netstandard2.1,lib/netstandard2.1/HandlebarsDotNet.Helpers.XPath.dll,9728.0,57452.0,52381.0,1.0,8.0,1.0,0.0,1.0,0.0,9.0,,,,,,,,,,,,,,17.0,6.0
Handlebars.Net.Helpers.Json,2.5.5,ok,,netstandard2.1,lib/netstandard2.1/HandlebarsDotNet.Helpers.Json.dll,9216.0,57755.0,52674.0,2.0,4.0,1.0,0.0,1.0,0.0,5.0,,,,,,,,,,,,,,18.0,8.0
Magick.NET-Q16-AnyCPU,14.16.0,ok,,netstandard20,lib/netstandard20/Magick.NET-Q16-AnyCPU.dll,1154736.0,519229.0,99476081.0,309.0,3183.0,1177.0,7.0,256.0,31.0,4367.0,,,,,,,,,,,,,,7859.0,573.0
Volo.Abp.Core,10.6.0,ok,,netstandard2.1,lib/netstandard2.1/Volo.Abp.Core.dll,287744.0,189242.0,1003298.0,280.0,653.0,245.0,0.0,127.0,3.0,898.0,,,,,,,,,,,,,,1722.0,493.0
StackExchange.Redis.Extensions.Core,13.0.1,ok,,netstandard2.1,lib/netstandard2.1/StackExchange.Redis.Extensions.Core.dll,142848.0,121053.0,322315.0,27.0,378.0,105.0,2.0,13.0,0.0,485.0,,,,,,,,,,,,,,789.0,115.0
AspNetCoreRateLimit,5.0.0,ok,,net6.0,lib/net6.0/AspNetCoreRateLimit.dll,78336.0,106802.0,60024.0,55.0,79.0,53.0,0.0,39.0,0.0,132.0,,,,,,,,,,,,,,320.0,88.0
Microsoft.Azure.Management.ResourceManager.Fluent,1.38.1,ok,,netstandard1.4,lib/netstandard1.4/Microsoft.Azure.Management.ResourceManager.Fluent.dll,1165720.0,379776.0,1163403.0,377.0,856.0,711.0,0.0,263.0,4.0,1567.0,,,,,,,,,,,,,,4156.0,1050.0
HotChocolate.Execution.Abstractions,16.6.3,ok,,net11.0,lib/net11.0/HotChocolate.Execution.Abstractions.dll,131584.0,122192.0,351451.0,106.0,347.0,281.0,0.0,59.0,24.0,628.0,,,,,,,,,,,,,,978.0,140.0
Microsoft.CodeAnalysis.BannedApiAnalyzers,5.6.0,tools_only,,,,,65558.0,2037788.0,,,,,,,,,,,,,,,,,,,,,,
NLog.Schema,6.2.0,metapackage,,,,,65558.0,68766.0,,,,,,,,,,,,,,,,,,,,,,
Serilog.Settings.AppSettings,3.0.0,ok,,netstandard2.0,lib/netstandard2.0/Serilog.Settings.AppSettings.dll,10240.0,68502.0,63270.0,1.0,2.0,0.0,0.0,0.0,0.0,2.0,,,,,,,,,,,,,,15.0,8.0
Handlebars.Net.Helpers.Xeger,2.5.5,ok,,netstandard2.1,lib/netstandard2.1/HandlebarsDotNet.Helpers.Xeger.dll,7168.0,46451.0,42579.0,1.0,1.0,1.0,0.0,1.0,0.0,2.0,,,,,,,,,,,,,,8.0,6.0
LiteDB,5.0.21,ok,,netstandard2.0,lib/netstandard2.0/LiteDB.dll,510464.0,269665.0,777268.0,60.0,549.0,553.0,1.0,70.0,40.0,1103.0,,,,,,,,,,,,,,3501.0,404.0
Handlebars.Net.Helpers.Random,2.5.5,ok,,netstandard2.1,lib/netstandard2.1/HandlebarsDotNet.Helpers.Random.dll,10240.0,61641.0,56095.0,1.0,2.0,1.0,0.0,1.0,0.0,3.0,,,,,,,,,,,,,,13.0,8.0
Fluid.Core,2.40.0,ok,,netstandard2.0,lib/netstandard2.0/Fluid.dll,293888.0,185077.0,781498.0,145.0,620.0,335.0,0.0,132.0,1.0,955.0,,,,,,,,,,,,,,1922.0,336.0
OctoPack,3.6.5,native_only,,,,,65558.0,1330564.0,,,,,,,,,,,,,,,,,,,,,,
MockQueryable.EntityFrameworkCore,10.0.8,ok,,net10.0,lib/net10.0/MockQueryable.EntityFrameworkCore.dll,12288.0,63330.0,57104.0,3.0,8.0,1.0,0.0,3.0,0.0,9.0,,,,,,,,,,,,,,23.0,7.0
Microsoft.Bcl.Async,1.0.168,ok,,net40,lib/net40/Microsoft.Threading.Tasks.dll,37104.0,85937.0,501016.0,12.0,50.0,6.0,1.0,3.0,0.0,57.0,,,,,,,,,,,,,,119.0,25.0
Microsoft.NETCore.App.Runtime.linux-arm64,10.0.11,native_only,,,,,65558.0,37568158.0,,,,,,,,,,,,,,,,,,,,,,
Azure.Monitor.OpenTelemetry.AspNetCore,1.6.0,ok,,netstandard2.0,lib/netstandard2.0/Azure.Monitor.OpenTelemetry.AspNetCore.dll,254816.0,173621.0,431916.0,14.0,21.0,160.0,1.0,12.0,0.0,182.0,,,,,,,,,,,,,,1126.0,215.0
DotNetSeleniumExtras.WaitHelpers,3.11.0,ok,,netstandard2.0,lib/netstandard2.0/SeleniumExtras.WaitHelpers.dll,12800.0,37756.0,32196.0,1.0,28.0,0.0,0.0,0.0,0.0,28.0,,,,,,,,,,,,,,85.0,28.0
Microsoft.VisualStudio.Debugger.Contracts,17.2.0,ok,,netstandard2.0,lib/netstandard2.0/Microsoft.VisualStudio.Debugger.Contracts.dll,40336.0,75604.0,57138.0,18.0,25.0,67.0,0.0,9.0,2.0,92.0,,,,,,,,,,,,,,172.0,53.0
Xamarin.AndroidX.AppCompat,1.8.0,ok,,net10.0-android36.0,lib/net10.0-android36.0/Xamarin.AndroidX.AppCompat.dll,1311544.0,341942.0,2693558.0,181.0,1160.0,1314.0,22.0,321.0,0.0,2496.0,,,,,,,,,,,,,,7699.0,390.0
Xamarin.AndroidX.Concurrent.Futures,1.3.0.4,ok,,net10.0-android36.0,lib/net10.0-android36.0/Xamarin.AndroidX.Concurrent.Futures.dll,36152.0,82578.0,150034.0,6.0,24.0,29.0,0.0,2.0,0.0,53.0,,,,,,,,,,,,,,109.0,15.0
UAParser,3.1.47,ok,,netstandard1.6,lib/netstandard1.6/UAParser.dll,235008.0,122800.0,478505.0,7.0,10.0,46.0,0.0,5.0,0.0,56.0,,,,,,,,,,,,,,208.0,43.0
Microsoft.AspNetCore.App.Runtime.linux-arm64,10.0.11,native_only,,,,,65558.0,12388285.0,,,,,,,,,,,,,,,,,,,,,,
AWSSDK.CloudFront,4.0.101.1,ok,,netstandard2.0,lib/netstandard2.0/AWSSDK.CloudFront.dll,975016.0,334109.0,1919825.0,1456.0,1619.0,2223.0,0.0,2241.0,47.0,3842.0,,,,,,,,,,,,,,10683.0,1510.0
Microsoft.NETCore.App.Runtime.Mono.browser-wasm,10.0.11,native_only,,,,,65558.0,24570875.0,,,,,,,,,,,,,,,,,,,,,,
Superpower,3.2.1,ok,,netstandard2.0,lib/netstandard2.0/Superpower.dll,93696.0,105745.0,177915.0,27.0,155.0,83.0,0.0,16.0,4.0,238.0,,,,,,,,,,,,,,558.0,146.0
Microsoft.Azure.WebJobs.Extensions.Storage.Queues,5.3.9,ok,,netstandard2.0,lib/netstandard2.0/Microsoft.Azure.WebJobs.Extensions.Storage.Queues.dll,113976.0,118372.0,220152.0,9.0,10.0,47.0,1.0,6.0,0.0,58.0,,,,,,,,,,,,,,443.0,135.0
Constructs,10.8.1,ok,,net6.0,lib/net6.0/Constructs.dll,788992.0,843496.0,799344.0,16.0,27.0,35.0,0.0,19.0,0.0,62.0,,,,,,,,,,,,,,109.0,27.0
Microsoft.Azure.Functions.Worker.Extensions.ServiceBus,5.24.0,ok,,netstandard2.0,lib/netstandard2.0/Microsoft.Azure.Functions.Worker.Extensions.ServiceBus.dll,106528.0,128004.0,93734.0,7.0,47.0,64.0,0.0,10.0,0.0,111.0,,,,,,,,,,,,,,426.0,64.0
NUnit.Extension.NUnitV2ResultWriter,3.8.0,tools_only,,,,,62519.0,62519.0,,,,,,,,,,,,,,,,,,,,,,
Microsoft.AspNetCore.Components.WebAssembly.DevServer,10.0.11,tools_only,,,,,65558.0,8695076.0,,,,,,,,,,,,,,,,,,,,,,
CommunityToolkit.HighPerformance,8.4.2,ok,,netstandard2.1,lib/netstandard2.1/CommunityToolkit.HighPerformance.dll,150344.0,148480.0,420645.0,49.0,298.0,101.0,0.0,45.0,13.0,399.0,,,,,,,,,,,,,,720.0,94.0
Serilog.Sinks.Datadog.Logs,0.6.1,ok,,netstandard2.0,lib/netstandard2.0/Serilog.Sinks.Datadog.Logs.dll,28672.0,80621.0,102628.0,10.0,13.0,7.0,0.0,11.0,0.0,20.0,,,,,,,,,,,,,,93.0,25.0
Handlebars.Net.Helpers.Humanizer,2.5.5,ok,,netstandard2.1,lib/netstandard2.1/HandlebarsDotNet.Helpers.Humanizer.dll,13312.0,72476.0,67459.0,1.0,22.0,1.0,0.0,1.0,0.0,23.0,,,,,,,,,,,,,,34.0,7.0
Elastic.Apm.Extensions.Hosting,1.34.6,ok,,netstandard2.0,lib/netstandard2.0/Elastic.Apm.Extensions.Hosting.dll,18944.0,73188.0,64254.0,2.0,2.0,3.0,0.0,0.0,0.0,5.0,,,,,,,,,,,,,,46.0,16.0
Microsoft.AspNetCore.App,2.2.8,metapackage,,,,,23778.0,23778.0,,,,,,,,,,,,,,,,,,,,,,
Microsoft.CodeAnalysis.VisualBasic.Features,5.9.0,ok,,netstandard2.0,lib/netstandard2.0/Microsoft.CodeAnalysis.VisualBasic.Features.dll,1178448.0,495267.0,2092400.0,7.0,7.0,724.0,0.0,4.0,0.0,731.0,,,,,,,,,,,,,,4928.0,1005.0
CloudNative.CloudEvents,2.9.0,ok,,netstandard2.0,lib/netstandard2.0/CloudNative.CloudEvents.dll,63488.0,93224.0,201770.0,19.0,87.0,68.0,0.0,6.0,0.0,155.0,,,,,,,,,,,,,,316.0,68.0
Microsoft.Azure.DurableTask.AzureStorage,2.9.1,ok,,netstandard2.0,lib/netstandard2.0/DurableTask.AzureStorage.dll,605024.0,329679.0,315336.0,22.0,66.0,641.0,0.0,23.0,0.0,707.0,,,,,,,,,,,,,,2445.0,459.0
AWSSDK.EventBridge,4.0.100.11,ok,,netstandard2.0,lib/netstandard2.0/AWSSDK.EventBridge.dll,301224.0,162558.0,754299.0,462.0,503.0,816.0,0.0,541.0,18.0,1319.0,,,,,,,,,,,,,,3539.0,465.0
NUnit.Extension.TeamCityEventListener,1.0.10,tools_only,,,,,65558.0,76953.0,,,,,,,,,,,,,,,,,,,,,,
FluentMigrator.Runner.Core,8.0.1,ok,,netstandard2.0,lib/netstandard2.0/FluentMigrator.Runner.Core.dll,187392.0,144722.0,763968.0,192.0,532.0,366.0,4.0,153.0,1.0,902.0,,,,,,,,,,,,,,1637.0,301.0
Microsoft.Azure.WebJobs.Extensions.Rpc,3.0.47,ok,,net6.0,lib/net6.0/Microsoft.Azure.WebJobs.Extensions.Rpc.dll,38240.0,93468.0,70820.0,1.0,1.0,3.0,0.0,0.0,0.0,4.0,,,,,,,,,,,,,,26.0,12.0
Microsoft.Azure.WebJobs.Extensions.DurableTask,3.15.0,ok,,net10.0,lib/net10.0/Microsoft.Azure.WebJobs.Extensions.DurableTask.dll,1317376.0,650009.0,1206949.0,94.0,351.0,1327.0,0.0,61.0,0.0,1678.0,,,,,,,,,,,,,,6058.0,710.0
Serilog.Enrichers.CorrelationId,3.0.1,ok,,netstandard2.1,lib/netstandard2.1/Serilog.Enrichers.CorrelationId.dll,7168.0,69197.0,73447.0,3.0,4.0,0.0,0.0,2.0,0.0,4.0,,,,,,,,,,,,,,12.0,5.0
DevExpress.Data,26.1.4,ok,,net8.0,lib/net8.0/DevExpress.Data.v26.1.dll,5942176.0,2216249.0,4693205.0,3709.0,14818.0,7947.0,257.0,2872.0,102.0,23022.0,,,,,,,,,,,,,,44667.0,6268.0
dotnet-serve,1.10.194,tools_only,,,,,65558.0,1932745.0,,,,,,,,,,,,,,,,,,,,,,
Refit.Newtonsoft.Json,15.2.0,ok,,net11.0,lib/net11.0/Refit.Newtonsoft.Json.dll,17408.0,79124.0,293307.0,1.0,4.0,0.0,0.0,2.0,0.0,4.0,,,,,,,,,,,,,,9.0,3.0
Azure.Search.Documents,12.0.0,ok,,netstandard2.0,lib/netstandard2.0/Azure.Search.Documents.dll,2028344.0,629613.0,2530385.0,383.0,1809.0,2264.0,4.0,334.0,273.0,4077.0,,,,,,,,,,,,,,10972.0,1283.0
Google.Apis.Bigquery.v2,1.76.0.4240,ok,,netstandard2.0,lib/netstandard2.0/Google.Apis.Bigquery.v2.dll,359424.0,181624.0,769689.0,318.0,120.0,1898.0,0.0,306.0,0.0,2018.0,,,,,,,,,,,,,,4068.0,319.0
Docker.DotNet.X509,3.125.15,ok,,netstandard2.1,lib/netstandard2.1/Docker.DotNet.X509.dll,21504.0,78598.0,73009.0,2.0,6.0,1.0,0.0,1.0,0.0,7.0,,,,,,,,,,,,,,13.0,5.0
Google.Api.Gax.Grpc.GrpcCore,3.7.0,ok,,netstandard2.0,lib/netstandard2.0/Google.Api.Gax.Grpc.GrpcCore.dll,8192.0,40665.0,36170.0,1.0,2.0,1.0,0.0,0.0,0.0,3.0,,,,,,,,,,,,,,5.0,2.0
Glob,1.1.9,ok,,netstandard2.0,lib/netstandard2.0/Glob.dll,24576.0,77518.0,69256.0,4.0,20.0,19.0,0.0,1.0,0.0,39.0,,,,,,,,,,,,,,147.0,39.0
ZiggyCreatures.FusionCache,2.7.2,ok,,netstandard2.0,lib/netstandard2.0/ZiggyCreatures.FusionCache.dll,436224.0,233187.0,640719.0,60.0,401.0,351.0,22.0,56.0,4.0,774.0,,,,,,,,,,,,,,1719.0,228.0
Microsoft.AspNetCore.AzureAppServicesIntegration,10.0.11,ok,,net10.0,lib/net10.0/Microsoft.AspNetCore.AzureAppServicesIntegration.dll,17744.0,59960.0,48952.0,1.0,1.0,0.0,0.0,0.0,0.0,1.0,,,,,,,,,,,,,,4.0,3.0
NSwag.ApiDescription.Client,14.7.1,metapackage,,,,,19441.0,19441.0,,,,,,,,,,,,,,,,,,,,,,
NUnit.Extension.NUnitProjectLoader,3.8.0,tools_only,,,,,62096.0,62096.0,,,,,,,,,,,,,,,,,,,,,,
Grpc.AspNetCore.Server.Reflection,2.83.0,ok,,net10.0,lib/net10.0/Grpc.AspNetCore.Server.Reflection.dll,13824.0,72546.0,99228.0,2.0,2.0,1.0,0.0,0.0,0.0,3.0,,,,,,,,,,,,,,25.0,9.0
Microsoft.AspNetCore.DataProtection.AzureStorage,3.1.24,ok,,netstandard2.0,lib/netstandard2.0/Microsoft.AspNetCore.DataProtection.AzureStorage.dll,27552.0,61071.0,45385.0,2.0,6.0,0.0,0.0,1.0,0.0,6.0,,,,,,,,,,,,,,36.0,14.0
Microsoft.Azure.WebJobs.Rpc.Core,3.0.47,ok,,net6.0,lib/net6.0/Microsoft.Azure.WebJobs.Rpc.Core.dll,26464.0,85481.0,64015.0,1.0,0.0,0.0,0.0,1.0,0.0,0.0,,,,,,,,,,,,,,3.0,4.0
Microsoft.Extensions.ServiceDiscovery,10.9.0,ok,,netstandard2.0,lib/netstandard2.0/Microsoft.Extensions.ServiceDiscovery.dll,88928.0,107693.0,257529.0,28.0,41.0,42.0,0.0,2.0,0.0,83.0,,,,,,,,,,,,,,384.0,120.0
Microsoft.Extensions.ServiceDiscovery.Abstractions,10.9.0,ok,,netstandard2.0,lib/netstandard2.0/Microsoft.Extensions.ServiceDiscovery.Abstractions.dll,43872.0,88475.0,145925.0,30.0,39.0,44.0,0.0,3.0,0.0,83.0,,,,,,,,,,,,,,224.0,75.0
DotLiquid,2.3.197,ok,,netstandard2.0,lib/netstandard2.0/DotLiquid.dll,138240.0,125814.0,357827.0,80.0,247.0,155.0,0.0,72.0,0.0,402.0,,,,,,,,,,,,,,944.0,167.0
Xamarin.Essentials,1.8.1,ok,,netstandard2.0,lib/netstandard2.0/Xamarin.Essentials.dll,110000.0,115417.0,1181922.0,144.0,246.0,217.0,18.0,120.0,19.0,481.0,,,,,,,,,,,,,,982.0,184.0
NUnit.Extension.VSProjectLoader,3.9.0,tools_only,,,,,21969.0,21969.0,,,,,,,,,,,,,,,,,,,,,,
Autofac.WebApi2,7.0.0,ok,,net481,lib/net481/Autofac.Integration.WebApi.dll,56320.0,78615.0,54208.0,13.0,88.0,32.0,0.0,6.0,0.0,120.0,,,,,,,,,,,,,,289.0,63.0
Antlr4.Runtime.Standard,4.13.1,ok,,netstandard2.0,lib/netstandard2.0/Antlr4.Runtime.Standard.dll,192000.0,152143.0,352870.0,200.0,835.0,356.0,0.0,233.0,0.0,1191.0,,,,,,,,,,,,,,1609.0,228.0
NUnit.Extension.NUnitV2Driver,3.9.0,tools_only,,,,,65558.0,100324.0,,,,,,,,,,,,,,,,,,,,,,
Microsoft.AspNetCore.SignalR.Protocols.NewtonsoftJson,10.0.11,ok,,netstandard2.0,lib/netstandard2.0/Microsoft.AspNetCore.SignalR.Protocols.NewtonsoftJson.dll,49448.0,91304.0,122786.0,3.0,6.0,39.0,0.0,3.0,0.0,45.0,,,,,,,,,,,,,,192.0,40.0
Xamarin.Jetbrains.Annotations,26.1.0.2,ok,,net10.0-android36.0,lib/net10.0-android36.0/Xamarin.Jetbrains.Annotations.dll,165728.0,110796.0,346456.0,88.0,35.0,265.0,0.0,27.0,0.0,300.0,,,,,,,,,,,,,,1407.0,150.0
Serilog.Sinks.Http,9.2.1,ok,,netstandard2.1,lib/netstandard2.1/Serilog.Sinks.Http.dll,45056.0,86943.0,121735.0,34.0,69.0,21.0,0.0,25.0,0.0,90.0,,,,,,,,,,,,,,192.0,52.0
Microsoft.TeamFoundationServer.Client,20.256.2,ok,,netstandard2.0,lib/netstandard2.0/Microsoft.Azure.Pipelines.WebApi.dll,69664.0,97081.0,2730417.0,109.0,44.0,158.0,0.0,101.0,0.0,202.0,,,,,,,,,,,,,,531.0,119.0
xunit.v3,4.0.0,metapackage,,,,,32096.0,32096.0,,,,,,,,,,,,,,,,,,,,,,
FluentMigrator.Runner,8.0.1,ok,,netstandard2.0,lib/netstandard2.0/FluentMigrator.Runner.dll,10240.0,52030.0,47116.0,2.0,1.0,0.0,0.0,0.0,0.0,1.0,,,,,,,,,,,,,,3.0,5.0
TencentCloudSDK.Common,3.0.1499,ok,,netstandard2.0,lib/netstandard2.0/TencentCloudCommon.dll,41984.0,71527.0,52467.0,19.0,33.0,32.0,0.0,22.0,0.0,65.0,,,,,,,,,,,,,,188.0,38.0
FastExpressionCompiler,5.4.1,ok,,netstandard2.1,lib/netstandard2.1/FastExpressionCompiler.dll,228352.0,160072.0,672367.0,125.0,345.0,91.0,0.0,39.0,9.0,436.0,,,,,,,,,,,,,,857.0,174.0
AWSSDK.KinesisFirehose,4.0.100.11,ok,,netstandard2.0,lib/netstandard2.0/AWSSDK.KinesisFirehose.dll,257704.0,154547.0,684804.0,368.0,295.0,765.0,0.0,422.0,33.0,1060.0,,,,,,,,,,,,,,3062.0,371.0
Microsoft.AspNetCore.HeaderPropagation,10.0.11,ok,,net10.0,lib/net10.0/Microsoft.AspNetCore.HeaderPropagation.dll,25384.0,69593.0,54898.0,13.0,13.0,11.0,0.0,10.0,0.0,24.0,,,,,,,,,,,,,,45.0,16.0
AWSXRayRecorder.Core,2.16.0,ok,,netstandard2.0,lib/netstandard2.0/AWSXRayRecorder.Core.dll,206496.0,176255.0,598340.0,91.0,280.0,245.0,0.0,106.0,10.0,525.0,,,,,,,,,,,,,,1154.0,132.0
Amazon.Lambda.ApplicationLoadBalancerEvents,3.0.0,ok,,net10.0,lib/net10.0/Amazon.Lambda.ApplicationLoadBalancerEvents.dll,19624.0,52875.0,40672.0,4.0,0.0,17.0,0.0,4.0,0.0,17.0,,,,,,,,,,,,,,38.0,5.0
MicroElements.Swashbuckle.FluentValidation,7.2.2,ok,,net10.0,lib/net10.0/MicroElements.Swashbuckle.FluentValidation.dll,89600.0,117643.0,195040.0,19.0,21.0,44.0,0.0,16.0,2.0,65.0,,,,,,,,,,,,,,312.0,56.0
Xamarin.AndroidX.Legacy.Support.Core.Utils,1.0.0.37,ok,,net10.0-android36.0,lib/net10.0-android36.0/Xamarin.AndroidX.Legacy.Support.Core.Utils.dll,21816.0,78270.0,93123.0,1.0,2.0,6.0,0.0,2.0,0.0,8.0,,,,,,,,,,,,,,18.0,5.0
Amazon.Lambda.Serialization.Json,3.0.0,ok,,net10.0,lib/net10.0/Amazon.Lambda.Serialization.Json.dll,26280.0,63399.0,47843.0,3.0,2.0,9.0,0.0,7.0,0.0,11.0,,,,,,,,,,,,,,43.0,11.0
System.Reactive.Providers,6.1.0,ok,,netstandard2.0,lib/netstandard2.0/System.Reactive.Providers.dll,17872.0,77245.0,70345.0,0.0,0.0,0.0,0.0,0.0,0.0,0.0,,,,,,,,,,,,,,0.0,1.0
Apache.Arrow,23.0.0,ok,,netstandard2.0,lib/netstandard2.0/Apache.Arrow.dll,440320.0,241481.0,591924.0,251.0,707.0,855.0,0.0,297.0,18.0,1562.0,,,,,,,,,,,,,,3959.0,559.0
Sentry.Serilog,6.10.0,ok,,netstandard2.1,lib/netstandard2.1/Sentry.Serilog.dll,26112.0,78793.0,183360.0,3.0,4.0,11.0,0.0,1.0,0.0,15.0,,,,,,,,,,,,,,70.0,17.0
Microsoft.Azure.Functions.Worker.ItemTemplates.NetCore,4.0.5590,metapackage,,,,,65558.0,391500.0,,,,,,,,,,,,,,,,,,,,,,
Xamarin.Kotlin.StdLib.Common,2.0.21.8,ok,,net10.0-android36.0,lib/net10.0-android36.0/Xamarin.Kotlin.StdLib.Common.dll,16184.0,75539.0,439624.0,0.0,0.0,0.0,0.0,0.0,0.0,0.0,,,,,,,,,,,,,,0.0,1.0
VaultSharp,1.17.5.1,ok,,netstandard2.1,lib/netstandard2.1/VaultSharp.dll,676864.0,267315.0,2992996.0,355.0,369.0,1298.0,0.0,296.0,10.0,1667.0,,,,,,,,,,,,,,4337.0,869.0
App.Metrics.Extensions.DependencyInjection,4.3.0,ok,,netstandard2.0,lib/netstandard2.0/App.Metrics.Extensions.DependencyInjection.dll,8704.0,28462.0,24245.0,3.0,7.0,0.0,0.0,0.0,0.0,7.0,,,,,,,,,,,,,,12.0,5.0
System.Reactive.Compatibility,6.1.0,metapackage,,,,,29364.0,29364.0,,,,,,,,,,,,,,,,,,,,,,
Microsoft.Extensions.TimeProvider.Testing,10.9.0,ok,,net10.0,lib/net10.0/Microsoft.Extensions.TimeProvider.Testing.dll,34616.0,83860.0,123877.0,1.0,8.0,7.0,1.0,2.0,0.0,16.0,,,,,,,,,,,,,,80.0,12.0
DiffPlex,1.9.0,ok,,netstandard2.0,lib/netstandard2.0/DiffPlex.dll,33280.0,81605.0,114015.0,30.0,49.0,64.0,0.0,25.0,0.0,113.0,,,,,,,,,,,,,,207.0,46.0
Microsoft.TypeScript.MSBuild,7.0.1,metapackage,,,,,65558.0,57283265.0,,,,,,,,,,,,,,,,,,,,,,
RBush.Signed,4.0.0,ok,,netstandard2.0,lib/netstandard2.0/RBush.dll,62464.0,111429.0,144498.0,7.0,23.0,50.0,0.0,4.0,2.0,73.0,,,,,,,,,,,,,,217.0,54.0
OpenIddict.Abstractions,7.6.1,ok,,netstandard2.1,lib/netstandard2.1/OpenIddict.Abstractions.dll,977920.0,358395.0,2665856.0,176.0,1080.0,339.0,0.0,55.0,27.0,1419.0,,,,,,,,,,,,,,3787.0,496.0
Topshelf,4.3.0,ok,,netstandard2.0,lib/netstandard2.0/Topshelf.dll,194048.0,141574.0,180805.0,170.0,460.0,270.0,0.0,116.0,4.0,730.0,,,,,,,,,,,,,,1780.0,341.0
Xamarin.AndroidX.LocalBroadcastManager,1.1.0.25,ok,,net10.0-android36.0,lib/net10.0-android36.0/Xamarin.AndroidX.LocalBroadcastManager.dll,22368.0,78122.0,93431.0,1.0,5.0,4.0,0.0,0.0,0.0,9.0,,,,,,,,,,,,,,15.0,4.0
prometheus-net.DotNetRuntime,4.4.1,ok,,netstandard2.1,lib/netstandard2.1/prometheus-net.DotNetRuntime.dll,92672.0,104315.0,259660.0,83.0,55.0,112.0,72.0,32.0,1.0,239.0,,,,,,,,,,,,,,630.0,133.0
FluentMigrator.Extensions.SqlServer,8.0.1,ok,,netstandard2.0,lib/netstandard2.0/FluentMigrator.Extensions.SqlServer.dll,17408.0,73656.0,72426.0,5.0,28.0,5.0,0.0,1.0,0.0,33.0,,,,,,,,,,,,,,58.0,11.0
Sprache,2.3.1,ok,,netstandard2.1,lib/netstandard2.1/Sprache.dll,61952.0,91648.0,232766.0,16.0,79.0,80.0,0.0,10.0,4.0,159.0,,,,,,,,,,,,,,444.0,103.0
JsonConverter.Abstractions,0.13.0,ok,,netstandard2.1,lib/netstandard2.1/JsonConverter.Abstractions.dll,11264.0,58718.0,52810.0,10.0,29.0,9.0,0.0,3.0,0.0,38.0,,,,,,,,,,,,,,54.0,15.0
Scalar.AspNetCore,2.17.2,ok,,net10.0,lib/net10.0/Scalar.AspNetCore.dll,1465344.0,1271582.0,3780929.0,145.0,940.0,334.0,0.0,60.0,4.0,1274.0,,,,,,,,,,,,,,2548.0,248.0
Xamarin.AndroidX.DocumentFile,1.1.0.4,ok,,net10.0-android36.0,lib/net10.0-android36.0/Xamarin.AndroidX.DocumentFile.dll,33080.0,81674.0,117995.0,1.0,15.0,19.0,0.0,1.0,0.0,34.0,,,,,,,,,,,,,,112.0,11.0
Microsoft.IdentityModel.Protocol.Extensions,1.0.4.403061554,ok,,net45,lib/net45/Microsoft.IdentityModel.Protocol.Extensions.dll,105752.0,101458.0,61984.0,38.0,70.0,123.0,0.0,44.0,0.0,193.0,,,,,,,,,,,,,,394.0,53.0
AnyOf,0.5.0.1,ok,,netstandard2.1,lib/netstandard2.1/AnyOf.dll,44544.0,81440.0,109365.0,11.0,40.0,171.0,0.0,55.0,126.0,211.0,,,,,,,,,,,,,,408.0,27.0
StreamJsonRpc,2.25.29,ok,,netstandard2.1,lib/netstandard2.1/StreamJsonRpc.dll,642912.0,303793.0,2229588.0,104.0,248.0,575.0,13.0,109.0,4.0,836.0,,,,,,,,,,,,,,3092.0,482.0
Xamarin.AndroidX.Print,1.1.0.4,ok,,net10.0-android36.0,lib/net10.0-android36.0/Xamarin.AndroidX.Print.dll,25400.0,79662.0,113888.0,2.0,6.0,11.0,0.0,1.0,0.0,17.0,,,,,,,,,,,,,,39.0,7.0
System.Data.SQLite,2.0.4,ok,,netstandard2.1,lib/netstandard2.1/System.Data.SQLite.dll,397824.0,209095.0,444004.0,133.0,621.0,290.0,24.0,107.0,0.0,935.0,,,,,,,,,,,,,,2549.0,236.0
FluentMigrator.Runner.Postgres,8.0.1,ok,,netstandard2.0,lib/netstandard2.0/FluentMigrator.Runner.Postgres.dll,49664.0,87196.0,153037.0,16.0,65.0,27.0,0.0,27.0,0.0,92.0,,,,,,,,,,,,,,191.0,31.0
HotChocolate.Authorization,16.6.3,ok,,net11.0,lib/net11.0/HotChocolate.Authorization.dll,54272.0,90884.0,138017.0,15.0,25.0,49.0,0.0,10.0,0.0,74.0,,,,,,,,,,,,,,270.0,58.0
Splat,21.0.0,ok,,net11.0,lib/net11.0/Splat.dll,54784.0,98112.0,441791.0,38.0,102.0,17.0,0.0,5.0,2.0,119.0,,,,,,,,,,,,,,220.0,55.0
FluentMigrator.Runner.SqlServer,8.0.1,ok,,net10.0,lib/net10.0/FluentMigrator.Runner.SqlServer.dll,60416.0,88457.0,338320.0,24.0,95.0,35.0,0.0,44.0,0.0,130.0,,,,,,,,,,,,,,251.0,40.0
Elastic.Apm.EntityFrameworkCore,1.34.6,ok,,netstandard2.0,lib/netstandard2.0/Elastic.Apm.EntityFrameworkCore.dll,8704.0,56277.0,51621.0,1.0,1.0,2.0,0.0,1.0,0.0,3.0,,,,,,,,,,,,,,8.0,5.0
App.Metrics.AspNetCore.Abstractions,4.3.0,ok,,netstandard2.0,lib/netstandard2.0/App.Metrics.AspNetCore.Abstractions.dll,5632.0,29590.0,26693.0,3.0,3.0,0.0,0.0,0.0,0.0,3.0,,,,,,,,,,,,,,3.0,4.0
AWSSDK.IdentityManagement,4.0.103.3,ok,,netstandard2.0,lib/netstandard2.0/AWSSDK.IdentityManagement.dll,762536.0,273796.0,1770941.0,999.0,1371.0,1643.0,0.0,1210.0,31.0,3014.0,,,,,,,,,,,,,,8049.0,1104.0
Xamarin.AndroidX.CoordinatorLayout,1.3.0.6,ok,,net10.0-android36.0,lib/net10.0-android36.0/Xamarin.AndroidX.CoordinatorLayout.dll,112480.0,96488.0,224825.0,8.0,63.0,49.0,0.0,14.0,0.0,112.0,,,,,,,,,,,,,,457.0,54.0
Otp.NET,1.4.1,ok,,netstandard2.0,lib/netstandard2.0/Otp.NET.dll,17920.0,75213.0,94215.0,12.0,28.0,17.0,0.0,13.0,0.0,45.0,,,,,,,,,,,,,,98.0,17.0
Xamarin.AndroidX.AppCompat.AppCompatResources,1.8.0,ok,,net10.0-android36.0,lib/net10.0-android36.0/Xamarin.AndroidX.AppCompat.AppCompatResources.dll,102200.0,97038.0,259456.0,14.0,85.0,59.0,0.0,18.0,0.0,144.0,,,,,,,,,,,,,,454.0,44.0
Volo.Abp.Data,10.6.0,ok,,netstandard2.1,lib/netstandard2.1/Volo.Abp.Data.dll,25088.0,77459.0,134054.0,34.0,58.0,28.0,0.0,22.0,0.0,86.0,,,,,,,,,,,,,,151.0,45.0
Autofac.Extras.DynamicProxy,8.1.0,ok,,netstandard2.1,lib/netstandard2.1/Autofac.Extras.DynamicProxy.dll,23552.0,76610.0,79704.0,2.0,14.0,7.0,0.0,3.0,0.0,21.0,,,,,,,,,,,,,,72.0,20.0
Microsoft.Owin.Security.Google,4.2.3,ok,,net45,lib/net45/Microsoft.Owin.Security.Google.dll,45104.0,89485.0,62934.0,8.0,9.0,38.0,0.0,7.0,0.0,47.0,,,,,,,,,,,,,,109.0,16.0
Aspose.Cells,26.8.0,ok,,netstandard2.0,lib/netstandard2.0/Aspose.Cells.dll,18158952.0,8279331.0,96847549.0,861.0,1707.0,3629.0,0.0,216.0,0.0,5336.0,,,,,,,,,,,,,,80537.0,8604.0
Microsoft.TeamFoundation.DistributedTask.Common.Contracts,20.256.2,ok,,netstandard2.0,lib/netstandard2.0/Microsoft.TeamFoundation.DistributedTask.Common.Contracts.dll,29768.0,82238.0,85614.0,7.0,11.0,37.0,0.0,13.0,0.0,48.0,,,,,,,,,,,,,,119.0,14.0
Amazon.Lambda.Tools,7.0.0,tools_only,,,,,65558.0,23574948.0,,,,,,,,,,,,,,,,,,,,,,
NUnit.Console,3.22.0,metapackage,,,,,32843.0,32843.0,,,,,,,,,,,,,,,,,,,,,,
RazorEngine,3.10.0,ok,,net45,lib/net45/RazorEngine.dll,288256.0,176125.0,318103.0,187.0,641.0,309.0,0.0,155.0,13.0,950.0,,,,,,,,,,,,,,2015.0,348.0
AWSSDK.ECS,4.0.103,ok,,netstandard2.0,lib/netstandard2.0/AWSSDK.ECS.dll,728232.0,284989.0,1898786.0,975.0,934.0,1886.0,0.0,1128.0,107.0,2820.0,,,,,,,,,,,,,,7947.0,1005.0
Testcontainers.PostgreSql,4.14.0,ok,,netstandard2.1,lib/netstandard2.1/Testcontainers.PostgreSql.dll,24576.0,82528.0,194000.0,3.0,13.0,4.0,0.0,9.0,0.0,17.0,,,,,,,,,,,,,,40.0,11.0
Volo.Abp.Uow,10.6.0,ok,,netstandard2.1,lib/netstandard2.1/Volo.Abp.Uow.dll,36864.0,82273.0,166513.0,36.0,83.0,63.0,6.0,18.0,0.0,152.0,,,,,,,,,,,,,,251.0,56.0
Amazon.Lambda.AspNetCoreServer,10.2.1,ok,,net10.0,lib/net10.0/Amazon.Lambda.AspNetCoreServer.dll,97960.0,109844.0,122495.0,21.0,57.0,73.0,0.0,30.0,0.0,130.0,,,,,,,,,,,,,,341.0,56.0
Microsoft.NETFramework.ReferenceAssemblies.net461,1.0.3,native_only,,,,,65558.0,20140575.0,,,,,,,,,,,,,,,,,,,,,,
Elastic.Apm.Extensions.Logging,1.34.6,ok,,netstandard2.0,lib/netstandard2.0/Elastic.Apm.Extensions.Logging.dll,9728.0,57148.0,52042.0,0.0,0.0,0.0,0.0,0.0,0.0,0.0,,,,,,,,,,,,,,11.0,6.0
Microsoft.AspNetCore.AzureAppServices.HostingStartup,10.0.11,ok,,net10.0,lib/net10.0/Microsoft.AspNetCore.AzureAppServices.HostingStartup.dll,18216.0,64743.0,53498.0,1.0,1.0,0.0,0.0,1.0,0.0,1.0,,,,,,,,,,,,,,5.0,3.0
Microsoft.VisualStudio.Setup.Configuration.Interop,3.14.2075,ok,,netstandard2.1,lib/netstandard2.1/Microsoft.VisualStudio.Setup.Configuration.Interop.dll,22568.0,74004.0,61239.0,24.0,125.0,0.0,0.0,1.0,0.0,125.0,,,,,,,,,,,,,,128.0,27.0
AWSSDK.Textract,4.0.100.11,ok,,netstandard2.0,lib/netstandard2.0/AWSSDK.Textract.dll,195240.0,132647.0,529548.0,266.0,265.0,443.0,0.0,366.0,11.0,708.0,,,,,,,,,,,,,,1945.0,275.0
System.Management.Automation,7.6.5,ok,,net10.0,ref/net10.0/System.Management.Automation.dll,1930008.0,644161.0,5988930.0,834.0,1888.0,8470.0,157.0,900.0,42.0,10515.0,,,,,,,,,,,,,,25932.0,3330.0
Markdig.Signed,1.3.2,ok,,netstandard2.1,lib/netstandard2.1/Markdig.Signed.dll,503808.0,264658.0,1259953.0,316.0,645.0,488.0,10.0,288.0,3.0,1143.0,,,,,,,,,,,,,,2379.0,418.0
Duende.IdentityModel,8.1.0,ok,,netstandard2.0,lib/netstandard2.0/Duende.IdentityModel.dll,226816.0,143725.0,503577.0,130.0,115.0,358.0,0.0,64.0,0.0,473.0,,,,,,,,,,,,,,1205.0,184.0
NetTopologySuite.Features,2.2.0,ok,,netstandard2.0,lib/netstandard2.0/NetTopologySuite.Features.dll,12800.0,31072.0,24955.0,7.0,17.0,14.0,0.0,9.0,0.0,31.0,,,,,,,,,,,,,,64.0,9.0
App.Metrics.AspNetCore.Core,4.3.0,ok,,netstandard2.0,lib/netstandard2.0/App.Metrics.AspNetCore.Core.dll,23552.0,58091.0,47938.0,21.0,9.0,0.0,0.0,6.0,0.0,9.0,,,,,,,,,,,,,,88.0,37.0
Microsoft.VisualStudio.SlowCheetah,4.0.50,tools_only,,,,,65558.0,380168.0,,,,,,,,,,,,,,,,,,,,,,
App.Metrics.Extensions.Configuration,4.3.0,ok,,netstandard2.0,lib/netstandard2.0/App.Metrics.Extensions.Configuration.dll,5632.0,25148.0,22214.0,1.0,2.0,0.0,0.0,0.0,0.0,2.0,,,,,,,,,,,,,,2.0,2.0
Microsoft.SqlServer.SqlManagementObjects,181.36.0,ok,,netstandard2.0,lib/netstandard2.0/Microsoft.SqlServer.Dmf.dll,317752.0,189053.0,22434882.0,67.0,353.0,486.0,6.0,89.0,66.0,845.0,,,,,,,,,,,,,,1749.0,163.0
Elastic.Transport,8.0.1,ok,,netstandard2.1,lib/netstandard2.1/Elastic.Transport.dll,369664.0,213351.0,1194559.0,124.0,483.0,711.0,10.0,136.0,36.0,1204.0,,,,,,,,,,,,,,2385.0,324.0
GraphQL.Client.Serializer.Newtonsoft,6.1.0,ok,,netstandard2.0,lib/netstandard2.0/GraphQL.Client.Serializer.Newtonsoft.dll,22016.0,52179.0,37104.0,3.0,8.0,4.0,0.0,5.0,0.0,12.0,,,,,,,,,,,,,,36.0,10.0
Hellang.Middleware.ProblemDetails,6.5.1,ok,,net6.0,lib/net6.0/Hellang.Middleware.ProblemDetails.dll,60416.0,93060.0,106218.0,11.0,27.0,86.0,0.0,15.0,0.0,113.0,,,,,,,,,,,,,,324.0,56.0
SimpleInfoName,3.2.0,ok,,netstandard2.1,lib/netstandard2.1/SimpleInfoName.dll,24576.0,81081.0,192053.0,1.0,11.0,11.0,0.0,0.0,0.0,22.0,,,,,,,,,,,,,,65.0,15.0
AutoMapper.Collection,13.0.0,ok,,net10.0,lib/net10.0/AutoMapper.Collection.dll,37376.0,83975.0,71005.0,11.0,18.0,8.0,0.0,6.0,0.0,26.0,,,,,,,,,,,,,,207.0,50.0
Volo.Abp.Security,10.6.0,ok,,netstandard2.1,lib/netstandard2.1/Volo.Abp.Security.dll,46080.0,85819.0,192517.0,34.0,71.0,90.0,0.0,24.0,0.0,161.0,,,,,,,,,,,,,,304.0,60.0
murmurhash,1.0.3,ok,,netstandard2.0,lib/netstandard2.0/MurmurHash.dll,17408.0,47026.0,39287.0,7.0,16.0,34.0,0.0,4.0,0.0,50.0,,,,,,,,,,,,,,127.0,16.0
FluentMigrator.Runner.MySql,8.0.1,ok,,netstandard2.0,lib/netstandard2.0/FluentMigrator.Runner.MySql.dll,31232.0,78965.0,102278.0,14.0,38.0,18.0,0.0,26.0,0.0,56.0,,,,,,,,,,,,,,116.0,24.0
FluentMigrator.Runner.SQLite,8.0.1,ok,,netstandard2.0,lib/netstandard2.0/FluentMigrator.Runner.SQLite.dll,28160.0,79032.0,94166.0,8.0,32.0,6.0,0.0,11.0,0.0,38.0,,,,,,,,,,,,,,93.0,20.0
knockoutjs,3.5.3,metapackage,,,,,65558.0,115275.0,,,,,,,,,,,,,,,,,,,,,,
FluentMigrator.Runner.Oracle,8.0.1,ok,,netstandard2.0,lib/netstandard2.0/FluentMigrator.Runner.Oracle.dll,48640.0,86152.0,161642.0,22.0,56.0,22.0,0.0,28.0,0.0,78.0,,,,,,,,,,,,,,179.0,41.0
FluentMigrator.Runner.Hana,8.0.1,ok,,netstandard2.0,lib/netstandard2.0/FluentMigrator.Runner.Hana.dll,26112.0,77861.0,81976.0,8.0,30.0,11.0,0.0,8.0,0.0,41.0,,,,,,,,,,,,,,81.0,18.0
FluentMigrator.Runner.Db2,8.0.1,ok,,netstandard2.0,lib/netstandard2.0/FluentMigrator.Runner.Db2.dll,33280.0,79747.0,101052.0,10.0,51.0,11.0,0.0,12.0,0.0,62.0,,,,,,,,,,,,,,115.0,21.0
RBush,4.0.0,ok,,netstandard2.0,lib/netstandard2.0/RBush.dll,62464.0,110932.0,143862.0,7.0,23.0,50.0,0.0,4.0,2.0,73.0,,,,,,,,,,,,,,217.0,54.0
Google.Protobuf.Tools,3.36.1,metapackage,,,,,65558.0,20875353.0,,,,,,,,,,,,,,,,,,,,,,
Nerdbank.Streams,2.13.31,ok,,netstandard2.1,lib/netstandard2.1/Nerdbank.Streams.dll,229240.0,164420.0,449476.0,25.0,150.0,217.0,27.0,28.0,1.0,394.0,,,,,,,,,,,,,,1240.0,173.0
SpecFlow.NUnit,3.9.74,ok,,netstandard2.0,lib/netstandard2.0/TechTalk.SpecFlow.NUnit.SpecFlowPlugin.dll,10752.0,70876.0,135393.0,5.0,8.0,1.0,0.0,5.0,0.0,9.0,,,,,,,,,,,,,,18.0,7.0
AWSSDK.PinpointSMSVoiceV2,4.0.101,ok,,netstandard2.0,lib/netstandard2.0/AWSSDK.PinpointSMSVoiceV2.dll,708776.0,258949.0,1269249.0,740.0,893.0,1716.0,0.0,760.0,67.0,2609.0,,,,,,,,,,,,,,7186.0,824.0
Microsoft.AppCenter,5.0.7,ok,,netstandard2.0,lib/netstandard2.0/Microsoft.AppCenter.dll,25120.0,79709.0,17710855.0,8.0,24.0,28.0,0.0,5.0,0.0,52.0,,,,,,,,,,,,,,88.0,14.0
Argon,0.36.0,ok,,net11.0,lib/net11.0/Argon.dll,434688.0,289265.0,3155820.0,112.0,517.0,412.0,0.0,108.0,72.0,929.0,,,,,,,,,,,,,,2426.0,257.0
Volo.Abp.Localization.Abstractions,10.6.0,ok,,netstandard2.1,lib/netstandard2.1/Volo.Abp.Localization.Abstractions.dll,13312.0,72013.0,89613.0,11.0,20.0,7.0,0.0,5.0,0.0,27.0,,,,,,,,,,,,,,49.0,22.0
Google.Cloud.BigQuery.V2,3.12.0,ok,,netstandard2.0,lib/netstandard2.0/Google.Cloud.BigQuery.V2.dll,236032.0,157113.0,394640.0,90.0,634.0,274.0,0.0,70.0,22.0,908.0,,,,,,,,,,,,,,1761.0,214.0
FluentMigrator.Runner.Firebird,8.0.1,ok,,netstandard2.0,lib/netstandard2.0/FluentMigrator.Runner.Firebird.dll,77312.0,97561.0,216318.0,21.0,153.0,79.0,0.0,16.0,0.0,232.0,,,,,,,,,,,,,,370.0,49.0
Elastic.CommonSchema,9.0.0,ok,,netstandard2.1,lib/netstandard2.1/Elastic.CommonSchema.dll,2843136.0,563683.0,4745432.0,201.0,44.0,1073.0,0.0,148.0,2.0,1117.0,,,,,,,,,,,,,,8336.0,354.0
FluentMigrator.Runner.Redshift,8.0.1,ok,,netstandard2.0,lib/netstandard2.0/FluentMigrator.Runner.Redshift.dll,27648.0,78319.0,87769.0,7.0,42.0,9.0,0.0,8.0,0.0,51.0,,,,,,,,,,,,,,93.0,18.0
Volo.Abp.Settings,10.6.0,ok,,netstandard2.1,lib/netstandard2.1/Volo.Abp.Settings.dll,38400.0,83179.0,165182.0,30.0,62.0,37.0,0.0,20.0,0.0,99.0,,,,,,,,,,,,,,213.0,68.0
Volo.Abp.Localization,10.6.0,ok,,netstandard2.1,lib/netstandard2.1/Volo.Abp.Localization.dll,62976.0,92426.0,232831.0,45.0,106.0,49.0,0.0,27.0,0.0,155.0,,,,,,,,,,,,,,286.0,75.0
Volo.Abp.VirtualFileSystem,10.6.0,ok,,netstandard2.1,lib/netstandard2.1/Volo.Abp.VirtualFileSystem.dll,20992.0,76262.0,124108.0,17.0,31.0,35.0,0.0,13.0,0.0,66.0,,,,,,,,,,,,,,106.0,30.0
RestSharp.Serializers.NewtonsoftJson,114.0.0,ok,,netstandard2.0,lib/netstandard2.0/RestSharp.Serializers.NewtonsoftJson.dll,10240.0,62805.0,57374.0,4.0,7.0,6.0,0.0,2.0,0.0,13.0,,,,,,,,,,,,,,36.0,14.0
Npgsql.Json.NET,10.0.3,ok,,net8.0,lib/net8.0/Npgsql.Json.NET.dll,20480.0,46480.0,35842.0,1.0,2.0,4.0,0.0,0.0,0.0,6.0,,,,,,,,,,,,,,53.0,17.0
Microsoft.AspNetCore.All,2.2.8,metapackage,,,,,23935.0,23935.0,,,,,,,,,,,,,,,,,,,,,,
MimeTypesMap,1.0.9,ok,,netstandard2.0,lib/netstandard2.0/MimeTypesMap.dll,70656.0,53226.0,34137.0,1.0,3.0,0.0,0.0,0.0,0.0,3.0,,,,,,,,,,,,,,9.0,4.0
Microsoft.Xaml.Behaviors.Wpf,1.1.158,ok,,net8.0-windows7.0,lib/net8.0-windows7.0/Microsoft.Xaml.Behaviors.dll,147808.0,130828.0,482844.0,76.0,123.0,236.0,10.0,59.0,0.0,369.0,,,,,,,,,,,,,,909.0,106.0
Xamarin.AndroidX.Core.Core.Ktx,1.19.0.1,ok,,net10.0-android36.0,lib/net10.0-android36.0/Xamarin.AndroidX.Core.Core.Ktx.dll,15712.0,75475.0,79070.0,0.0,0.0,0.0,0.0,0.0,0.0,0.0,,,,,,,,,,,,,,0.0,1.0
Xamarin.AndroidX.Browser,1.10.0.1,ok,,net10.0-android36.0,lib/net10.0-android36.0/Xamarin.AndroidX.Browser.dll,533304.0,181169.0,972960.0,161.0,458.0,626.0,4.0,106.0,0.0,1088.0,,,,,,,,,,,,,,2786.0,246.0
NJsonSchema.Extensions,0.2.0,ok,,netstandard2.0,lib/netstandard2.0/NJsonSchema.Extensions.dll,11776.0,45418.0,39598.0,2.0,3.0,17.0,0.0,1.0,0.0,20.0,,,,,,,,,,,,,,32.0,8.0
Motor.Extensions.Hosting.Abstractions,0.18.2,ok,,net9.0,lib/net9.0/Motor.Extensions.Hosting.Abstractions.dll,14848.0,40493.0,33125.0,19.0,35.0,12.0,0.0,12.0,4.0,47.0,,,,,,,,,,,,,,72.0,21.0
Quartz.Serialization.Json,3.20.0,ok,,netstandard2.0,lib/netstandard2.0/Quartz.Serialization.Json.dll,30208.0,79953.0,78314.0,14.0,40.0,9.0,0.0,11.0,0.0,49.0,,,,,,,,,,,,,,142.0,34.0
PdfSharpCore,1.3.67,ok,,netstandard2.0,lib/netstandard2.0/PdfSharpCore.dll,529920.0,283853.0,1340010.0,288.0,813.0,1359.0,0.0,273.0,51.0,2172.0,,,,,,,,,,,,,,4158.0,523.0
Microsoft.Diagnostics.Tracing.EventSource.Redist,6.0.0,ok,,net461,lib/net461/Microsoft.Diagnostics.Tracing.EventSource.dll,186992.0,149960.0,154555.0,37.0,64.0,231.0,4.0,23.0,0.0,299.0,,,,,,,,,,,,,,1002.0,170.0
AWSSDK.StepFunctions,4.0.100.11,ok,,netstandard2.0,lib/netstandard2.0/AWSSDK.StepFunctions.dll,278184.0,156232.0,733701.0,385.0,397.0,702.0,0.0,557.0,18.0,1099.0,,,,,,,,,,,,,,3056.0,403.0
Confluent.SchemaRegistry.Serdes.Avro,2.15.0,ok,,netstandard2.0,lib/netstandard2.0/Confluent.SchemaRegistry.Serdes.Avro.dll,61440.0,91747.0,141381.0,8.0,4.0,21.0,0.0,9.0,0.0,25.0,,,,,,,,,,,,,,176.0,56.0
AWSSDK.RDS,4.0.105,ok,,netstandard2.0,lib/netstandard2.0/AWSSDK.RDS.dll,1318056.0,421111.0,2886918.0,1297.0,1565.0,3503.0,0.0,2015.0,36.0,5068.0,,,,,,,,,,,,,,14505.0,1429.0
Volo.Abp.MultiTenancy,10.6.0,ok,,netstandard2.1,lib/netstandard2.1/Volo.Abp.MultiTenancy.dll,30208.0,79443.0,137378.0,14.0,24.0,24.0,0.0,13.0,0.0,48.0,,,,,,,,,,,,,,112.0,36.0
Xamarin.AndroidX.RecyclerView,1.4.0.6,ok,,net10.0-android36.0,lib/net10.0-android36.0/Xamarin.AndroidX.RecyclerView.dll,668472.0,206489.0,1187901.0,88.0,544.0,558.0,6.0,150.0,0.0,1108.0,,,,,,,,,,,,,,3250.0,222.0
HotChocolate.Transport.Sockets,16.6.3,ok,,net11.0,lib/net11.0/HotChocolate.Transport.Sockets.dll,10752.0,58408.0,52632.0,6.0,6.0,1.0,0.0,1.0,0.0,7.0,,,,,,,,,,,,,,17.0,12.0
PuppeteerSharp,25.8.0,ok,,netstandard2.0,lib/netstandard2.0/PuppeteerSharp.dll,2526208.0,869006.0,4287420.0,290.0,1087.0,1882.0,167.0,211.0,37.0,3136.0,,,,,,,,,,,,,,8551.0,1527.0
CSharpFunctionalExtensions,3.7.0,ok,,netstandard2.0,lib/netstandard2.0/CSharpFunctionalExtensions.dll,683008.0,266698.0,1137932.0,33.0,1158.0,45.0,0.0,11.0,31.0,1203.0,,,,,,,,,,,,,,2868.0,771.0
App.Metrics.AspNetCore.Hosting,4.3.0,ok,,netstandard2.0,lib/netstandard2.0/App.Metrics.AspNetCore.Hosting.dll,10240.0,35086.0,30587.0,2.0,12.0,0.0,0.0,0.0,0.0,12.0,,,,,,,,,,,,,,42.0,17.0
AWSSDK.CognitoIdentity,4.0.100.11,ok,,netstandard2.0,lib/netstandard2.0/AWSSDK.CognitoIdentity.dll,149672.0,118390.0,393882.0,157.0,222.0,266.0,1.0,225.0,4.0,489.0,,,,,,,,,,,,,,1253.0,174.0
Microsoft.Azure.EventHubs,4.3.2,ok,,netstandard2.0,lib/netstandard2.0/Microsoft.Azure.EventHubs.dll,151944.0,131233.0,191507.0,41.0,82.0,167.0,1.0,36.0,0.0,250.0,,,,,,,,,,,,,,686.0,119.0
Elastic.Apm.Elasticsearch,1.34.6,ok,,netstandard2.0,lib/netstandard2.0/Elastic.Apm.Elasticsearch.dll,18432.0,53950.0,44891.0,6.0,2.0,5.0,0.0,6.0,0.0,7.0,,,,,,,,,,,,,,41.0,10.0
Nerdbank.GitVersioning,3.10.94,native_only,,,,,65558.0,13224121.0,,,,,,,,,,,,,,,,,,,,,,
NSwag.CodeGeneration,14.7.1,ok,,netstandard2.0,lib/netstandard2.0/NSwag.CodeGeneration.dll,49152.0,87999.0,98254.0,22.0,39.0,159.0,0.0,16.0,0.0,198.0,,,,,,,,,,,,,,344.0,49.0
MockQueryable.Moq,10.0.8,ok,,net10.0,lib/net10.0/MockQueryable.Moq.dll,14848.0,64947.0,57881.0,1.0,2.0,1.0,0.0,0.0,0.0,3.0,,,,,,,,,,,,,,34.0,10.0
Unity.Interception,5.11.1,ok,,netstandard2.0,lib/netstandard2.0/Unity.Interception.dll,114688.0,114531.0,373433.0,89.0,179.0,131.0,0.0,106.0,4.0,310.0,,,,,,,,,,,,,,809.0,176.0
Microsoft.Azure.Core.NewtonsoftJson,2.0.0,ok,,netstandard2.0,lib/netstandard2.0/Microsoft.Azure.Core.NewtonsoftJson.dll,26160.0,67332.0,52298.0,2.0,8.0,17.0,0.0,3.0,0.0,25.0,,,,,,,,,,,,,,63.0,14.0
Volo.Abp.ObjectExtending,10.6.0,ok,,netstandard2.1,lib/netstandard2.1/Volo.Abp.ObjectExtending.dll,46080.0,86487.0,201117.0,46.0,69.0,97.0,0.0,33.0,0.0,166.0,,,,,,,,,,,,,,304.0,69.0
Elastic.Apm.NetCoreAll,1.34.6,ok,,netstandard2.0,lib/netstandard2.0/Elastic.Apm.NetCoreAll.dll,9728.0,62356.0,57907.0,3.0,3.0,0.0,0.0,0.0,0.0,3.0,,,,,,,,,,,,,,5.0,6.0
WireMock.Net.OpenApiParser,2.15.0,ok,,netstandard2.0,lib/netstandard2.0/WireMock.Net.OpenApiParser.dll,652288.0,291244.0,485177.0,73.0,189.0,856.0,0.0,73.0,0.0,1045.0,,,,,,,,,,,,,,4376.0,431.0
Volo.Abp.Validation.Abstractions,10.6.0,ok,,netstandard2.1,lib/netstandard2.1/Volo.Abp.Validation.Abstractions.dll,7680.0,69654.0,74494.0,4.0,2.0,4.0,0.0,7.0,0.0,6.0,,,,,,,,,,,,,,21.0,10.0
Microsoft.ApplicationInsights.Kubernetes,8.0.1,ok,,net8.0,lib/net8.0/Microsoft.ApplicationInsights.Kubernetes.dll,79904.0,102090.0,72253.0,14.0,17.0,49.0,0.0,2.0,0.0,66.0,,,,,,,,,,,,,,274.0,92.0
NJsonSchema.CodeGeneration,11.6.1,ok,,netstandard2.0,lib/netstandard2.0/NJsonSchema.CodeGeneration.dll,39424.0,84847.0,95519.0,22.0,36.0,53.0,0.0,15.0,0.0,89.0,,,,,,,,,,,,,,187.0,42.0
Twilio,8.0.0,ok,,netstandard2.0,lib/netstandard2.0/Twilio.dll,9628160.0,2405021.0,10270277.0,3683.0,18588.0,13946.0,0.0,3164.0,573.0,32534.0,,,,,,,,,,,,,,63192.0,9650.0
Microsoft.Owin.Security.Facebook,4.2.3,ok,,net45,lib/net45/Microsoft.Owin.Security.Facebook.dll,44064.0,89010.0,62656.0,8.0,9.0,36.0,0.0,6.0,0.0,45.0,,,,,,,,,,,,,,103.0,16.0
Microsoft.Azure.Management.Storage.Fluent,1.38.1,ok,,netstandard1.4,lib/netstandard1.4/Microsoft.Azure.Management.Storage.Fluent.dll,396696.0,187068.0,378336.0,234.0,376.0,495.0,0.0,153.0,0.0,871.0,,,,,,,,,,,,,,2039.0,411.0
RestEase,1.6.4,ok,,netstandard2.1,lib/netstandard2.1/RestEase.dll,140800.0,122818.0,390275.0,70.0,104.0,226.0,0.0,91.0,0.0,330.0,,,,,,,,,,,,,,881.0,153.0
App.Metrics.AspNetCore.Endpoints,4.3.0,ok,,netstandard2.0,lib/netstandard2.0/App.Metrics.AspNetCore.Endpoints.dll,25088.0,60703.0,50455.0,12.0,29.0,14.0,0.0,6.0,0.0,43.0,,,,,,,,,,,,,,117.0,31.0
RazorLight,2.3.1,ok,,netstandard2.0,lib/netstandard2.0/RazorLight.dll,136704.0,126309.0,294865.0,91.0,262.0,188.0,0.0,83.0,0.0,450.0,,,,,,,,,,,,,,889.0,176.0
Xamarin.AndroidX.SwipeRefreshLayout,1.2.0.3,ok,,net10.0-android36.0,lib/net10.0-android36.0/Xamarin.AndroidX.SwipeRefreshLayout.dll,77624.0,93511.0,196617.0,5.0,43.0,39.0,1.0,5.0,0.0,83.0,,,,,,,,,,,,,,389.0,42.0
Prism.Core,9.0.537,ok,,netstandard2.0,lib/netstandard2.0/Prism.dll,117760.0,115765.0,465981.0,109.0,326.0,150.0,12.0,124.0,2.0,488.0,,,,,,,,,,,,,,937.0,192.0
NLog.Config,4.7.15,metapackage,,,,,14024.0,14024.0,,,,,,,,,,,,,,,,,,,,,,
Volo.Abp.Threading,10.6.0,ok,,netstandard2.1,lib/netstandard2.1/Volo.Abp.Threading.dll,33792.0,79080.0,135947.0,17.0,219.0,20.0,1.0,8.0,0.0,240.0,,,,,,,,,,,,,,291.0,31.0
Microsoft.Owin.Security.MicrosoftAccount,4.2.3,ok,,net45,lib/net45/Microsoft.Owin.Security.MicrosoftAccount.dll,44064.0,88733.0,62535.0,8.0,9.0,36.0,0.0,6.0,0.0,45.0,,,,,,,,,,,,,,103.0,16.0
MaxMind.Db,5.1.0,ok,,netstandard2.1,lib/netstandard2.1/MaxMind.Db.dll,50688.0,90366.0,176503.0,13.0,8.0,39.0,0.0,16.0,0.0,47.0,,,,,,,,,,,,,,213.0,45.0
FluentMigrator.Extensions.Oracle,8.0.1,ok,,netstandard2.0,lib/netstandard2.0/FluentMigrator.Extensions.Oracle.dll,10240.0,52166.0,46976.0,2.0,4.0,5.0,0.0,0.0,0.0,9.0,,,,,,,,,,,,,,14.0,5.0
Microsoft.ServiceFabric,11.7.157,ok,,netstandard2.0,lib/netstandard2.0/System.Fabric.dll,3581744.0,950774.0,4308555.0,949.0,2627.0,2773.0,34.0,633.0,16.0,5434.0,,,,,,,,,,,,,,19478.0,3897.0
Momentum.Pm.PortalApi,5.20.0.634,ok,,net48,lib/net48/Holzer.Common.dll,712704.0,332467.0,612274.0,484.0,1615.0,966.0,40.0,412.0,0.0,2621.0,,,,,,,,,,,,,,4423.0,650.0
Serilog.Sinks.Trace,4.0.0,ok,,netstandard2.0,lib/netstandard2.0/Serilog.Sinks.Trace.dll,9728.0,65832.0,60844.0,1.0,2.0,7.0,0.0,0.0,0.0,9.0,,,,,,,,,,,,,,29.0,18.0
Microsoft.Extensions.CommandLineUtils,1.1.1,ok,,netstandard1.3,lib/netstandard1.3/Microsoft.Extensions.CommandLineUtils.dll,31736.0,59562.0,43376.0,6.0,26.0,37.0,0.0,4.0,0.0,63.0,,,,,,,,,,,,,,134.0,14.0
Grpc.HealthCheck,2.83.0,ok,,netstandard2.0,lib/netstandard2.0/Grpc.HealthCheck.dll,23040.0,77340.0,180031.0,9.0,34.0,10.0,0.0,10.0,0.0,44.0,,,,,,,,,,,,,,89.0,20.0
Snowflake.Data,6.0.0,ok,,netstandard2.0,lib/netstandard2.0/Snowflake.Data.dll,690688.0,323509.0,2291773.0,32.0,139.0,557.0,0.0,31.0,0.0,696.0,,,,,,,,,,,,,,3426.0,545.0
Microsoft.dotnet-interactive,1.0.712001,tools_only,,,,,146151.0,49135056.0,,,,,,,,,,,,,,,,,,,,,,
Microsoft.Azure.Management.Graph.RBAC.Fluent,1.38.1,ok,,netstandard1.4,lib/netstandard1.4/Microsoft.Azure.Management.Graph.RBAC.Fluent.dll,661408.0,248320.0,473494.0,241.0,565.0,503.0,0.0,130.0,0.0,1068.0,,,,,,,,,,,,,,2534.0,580.0
AWSSDK.Athena,4.0.100.11,ok,,netstandard2.0,lib/netstandard2.0/AWSSDK.Athena.dll,363176.0,178707.0,771397.0,500.0,582.0,852.0,0.0,527.0,19.0,1434.0,,,,,,,,,,,,,,3816.0,537.0
System.Data.SQLite.EF6,2.0.3,ok,,netstandard2.1,lib/netstandard2.1/System.Data.SQLite.EF6.dll,185344.0,111395.0,105760.0,2.0,9.0,46.0,0.0,2.0,0.0,55.0,,,,,,,,,,,,,,470.0,34.0
Microsoft.NETFramework.ReferenceAssemblies.net48,1.0.3,native_only,,,,,65558.0,20997929.0,,,,,,,,,,,,,,,,,,,,,,
Ical.Net,5.2.3,ok,,netstandard2.1,lib/netstandard2.1/Ical.Net.dll,233984.0,167806.0,448133.0,156.0,416.0,420.0,6.0,180.0,9.0,842.0,,,,,,,,,,,,,,1970.0,305.0
NSubstitute.Analyzers.CSharp,1.0.17,tools_only,,,,,65558.0,95266.0,,,,,,,,,,,,,,,,,,,,,,
Crc32.NET,1.2.0,ok,,netstandard2.0,lib/netstandard2.0/Crc32.NET.dll,7680.0,30064.0,26123.0,2.0,22.0,0.0,0.0,4.0,0.0,22.0,,,,,,,,,,,,,,34.0,5.0
BitMiracle.LibTiff.NET,2.4.660,ok,,netstandard2.0,lib/netstandard2.0/BitMiracle.LibTiff.NET.dll,642560.0,255775.0,302949.0,45.0,230.0,152.0,1.0,16.0,0.0,383.0,,,,,,,,,,,,,,1772.0,219.0
Stub.System.Data.SQLite.Core.NetStandard,1.0.119,ok,,netstandard2.1,lib/netstandard2.1/System.Data.SQLite.dll,446136.0,230446.0,4735306.0,134.0,625.0,290.0,24.0,107.0,0.0,939.0,,,,,,,,,,,,,,2587.0,239.0
AspNetCore.HealthChecks.MongoDb,9.0.0,ok,,netstandard2.1,lib/netstandard2.1/HealthChecks.MongoDb.dll,19456.0,78009.0,63645.0,2.0,3.0,1.0,0.0,1.0,0.0,4.0,,,,,,,,,,,,,,23.0,14.0
ExtendedNumerics.BigDecimal,3003.2.0.161,ok,,netstandard2.1,lib/netstandard2.1/ExtendedNumerics.BigDecimal.dll,41472.0,84266.0,330864.0,8.0,118.0,52.0,0.0,7.0,33.0,170.0,,,,,,,,,,,,,,253.0,18.0
Microsoft.Azure.Storage.Queue,11.2.3,ok,,netstandard2.0,lib/netstandard2.0/Microsoft.Azure.Storage.Queue.dll,110976.0,111963.0,193436.0,22.0,214.0,68.0,0.0,16.0,0.0,282.0,,,,,,,,,,,,,,589.0,83.0
Microsoft.Azure.WebJobs.Extensions.DurableTask.Analyzers,0.5.0,tools_only,,,,,65558.0,490756.0,,,,,,,,,,,,,,,,,,,,,,
HotChocolate.Data,16.6.3,ok,,net11.0,lib/net11.0/HotChocolate.Data.dll,340992.0,202872.0,671696.0,376.0,1069.0,496.0,0.0,281.0,6.0,1565.0,,,,,,,,,,,,,,2661.0,538.0
System.Net.ServerSentEvents,10.0.11,ok,,netstandard2.0,lib/netstandard2.0/System.Net.ServerSentEvents.dll,50984.0,92579.0,185993.0,9.0,12.0,40.0,0.0,2.0,0.0,52.0,,,,,,,,,,,,,,185.0,53.0
Microsoft.Azure.Functions.Worker.Extensions.Rpc,1.0.1,ok,,netstandard2.0,lib/netstandard2.0/Microsoft.Azure.Functions.Worker.Extensions.Rpc.dll,26656.0,84906.0,75020.0,2.0,1.0,1.0,0.0,1.0,0.0,2.0,,,,,,,,,,,,,,17.0,10.0
Xamarin.AndroidX.SlidingPaneLayout,1.2.0.25,ok,,net10.0-android36.0,lib/net10.0-android36.0/Xamarin.AndroidX.SlidingPaneLayout.dll,50016.0,86132.0,158936.0,7.0,22.0,27.0,3.0,16.0,0.0,52.0,,,,,,,,,,,,,,210.0,27.0
Xamarin.AndroidX.Transition,1.7.0.2,ok,,net10.0-android36.0,lib/net10.0-android36.0/Xamarin.AndroidX.Transition.dll,185184.0,114288.0,511294.0,42.0,133.0,180.0,0.0,82.0,0.0,313.0,,,,,,,,,,,,,,1000.0,86.0
HotChocolate.AspNetCore.Authorization,16.6.3,ok,,net11.0,lib/net11.0/HotChocolate.AspNetCore.Authorization.dll,13824.0,63688.0,57042.0,1.0,2.0,6.0,0.0,0.0,0.0,8.0,,,,,,,,,,,,,,26.0,7.0
FluentResults,4.0.0,ok,,netstandard2.1,lib/netstandard2.1/FluentResults.dll,58368.0,89701.0,143780.0,22.0,154.0,35.0,0.0,15.0,7.0,189.0,,,,,,,,,,,,,,365.0,79.0
DH.Base,4.0.2025.33000065,ok,,net9.0,lib/net9.0/DH.Base.dll,31232.0,74670.0,60582.0,17.0,44.0,17.0,0.0,13.0,0.0,61.0,,,,,,,,,,,,,,145.0,36.0
IPNetwork2,4.3.0,ok,,netstandard2.1,lib/netstandard2.1/System.Net.IPNetwork.dll,44544.0,85809.0,338341.0,13.0,83.0,69.0,0.0,5.0,10.0,152.0,,,,,,,,,,,,,,291.0,27.0
Microsoft.Azure.Management.KeyVault.Fluent,1.38.1,ok,,netstandard1.4,lib/netstandard1.4/Microsoft.Azure.Management.KeyVault.Fluent.dll,240544.0,146215.0,232196.0,113.0,178.0,194.0,0.0,60.0,0.0,372.0,,,,,,,,,,,,,,1204.0,266.0
Azure.Extensions.AspNetCore.DataProtection.Keys,1.6.4,ok,,netstandard2.0,lib/netstandard2.0/Azure.Extensions.AspNetCore.DataProtection.Keys.dll,30560.0,82220.0,90014.0,1.0,10.0,0.0,0.0,0.0,0.0,10.0,,,,,,,,,,,,,,55.0,17.0
HotChocolate.Types.Shared,16.0.9,ok,,net10.0,lib/net10.0/HotChocolate.Types.Shared.dll,5120.0,68007.0,344091.0,0.0,0.0,0.0,0.0,0.0,0.0,0.0,,,,,,,,,,,,,,0.0,1.0
Microsoft.AppCenter.Crashes,5.0.7,ok,,netstandard2.0,lib/netstandard2.0/Microsoft.AppCenter.Crashes.dll,22560.0,78487.0,19160722.0,17.0,28.0,16.0,3.0,14.0,0.0,47.0,,,,,,,,,,,,,,78.0,19.0
Microsoft.NETCore.App.Runtime.linux-musl-x64,10.0.11,native_only,,,,,65558.0,40089357.0,,,,,,,,,,,,,,,,,,,,,,
ImpromptuInterface,8.0.6,ok,,netstandard2.0,lib/netstandard2.0/ImpromptuInterface.dll,75264.0,96369.0,77681.0,17.0,65.0,72.0,0.0,14.0,2.0,137.0,,,,,,,,,,,,,,417.0,61.0
Xamarin.KotlinX.Coroutines.Android,1.11.0.1,ok,,net10.0-android36.0,lib/net10.0-android36.0/Xamarin.KotlinX.Coroutines.Android.dll,27488.0,79929.0,122451.0,2.0,6.0,11.0,0.0,1.0,0.0,17.0,,,,,,,,,,,,,,47.0,9.0
MQTTnet,5.2.0.1603,ok,,net10.0,lib/net10.0/MQTTnet.dll,243624.0,167627.0,257247.0,190.0,487.0,405.0,14.0,129.0,0.0,906.0,,,,,,,,,,,,,,1639.0,263.0
System.Formats.Nrbf,10.0.11,ok,,netstandard2.0,lib/netstandard2.0/System.Formats.Nrbf.dll,70992.0,101624.0,260160.0,14.0,35.0,135.0,0.0,1.0,0.0,170.0,,,,,,,,,,,,,,393.0,77.0
AspNetCore.HealthChecks.AzureServiceBus,9.0.0,ok,,netstandard2.0,lib/netstandard2.0/HealthChecks.AzureServiceBus.dll,45056.0,90312.0,72288.0,13.0,24.0,17.0,0.0,16.0,0.0,41.0,,,,,,,,,,,,,,158.0,52.0
HotChocolate.Utilities.DependencyInjection,16.6.3,ok,,net11.0,lib/net11.0/HotChocolate.Utilities.DependencyInjection.dll,7680.0,40624.0,36830.0,0.0,0.0,0.0,0.0,0.0,0.0,0.0,,,,,,,,,,,,,,12.0,5.0
Volo.Abp.Timing,10.6.0,ok,,netstandard2.1,lib/netstandard2.1/Volo.Abp.Timing.dll,19968.0,73910.0,107012.0,16.0,25.0,12.0,0.0,9.0,0.0,37.0,,,,,,,,,,,,,,72.0,27.0
Auth0.AuthenticationApi,7.49.0,ok,,netstandard2.0,lib/netstandard2.0/Auth0.AuthenticationApi.dll,128512.0,118020.0,172740.0,69.0,105.0,358.0,0.0,73.0,0.0,463.0,,,,,,,,,,,,,,1056.0,165.0
Oracle.EntityFrameworkCore,10.23.26300,ok,,net10.0,lib/net10.0/Oracle.EntityFrameworkCore.dll,563880.0,251360.0,208613.0,127.0,565.0,190.0,0.0,129.0,0.0,755.0,,,,,,,,,,,,,,1684.0,275.0
Microsoft.Azure.Management.Msi.Fluent,1.38.1,ok,,netstandard1.4,lib/netstandard1.4/Microsoft.Azure.Management.Msi.Fluent.dll,81328.0,96949.0,97078.0,23.0,41.0,48.0,0.0,8.0,0.0,89.0,,,,,,,,,,,,,,239.0,57.0
Stateless,5.20.1,ok,,netstandard2.0,lib/netstandard2.0/Stateless.dll,167424.0,129429.0,407395.0,51.0,246.0,127.0,1.0,42.0,0.0,374.0,,,,,,,,,,,,,,1042.0,241.0
EnterpriseLibrary.Common,6.0.1304,ok,,NET45,lib/NET45/Microsoft.Practices.EnterpriseLibrary.Common.dll,211632.0,128644.0,122444.0,130.0,237.0,317.0,8.0,130.0,0.0,562.0,,,,,,,,,,,,,,894.0,149.0
Dynamitey,3.0.3,ok,,netstandard2.0,lib/netstandard2.0/Dynamitey.dll,168960.0,127004.0,135724.0,100.0,530.0,82.0,2.0,87.0,12.0,614.0,,,,,,,,,,,,,,1057.0,218.0
NEST.JsonNetSerializer,7.17.5,ok,,netstandard2.0,lib/netstandard2.0/Nest.JsonNetSerializer.dll,19968.0,70168.0,60023.0,4.0,18.0,10.0,0.0,4.0,0.0,28.0,,,,,,,,,,,,,,60.0,13.0
Microsoft.Azure.WebJobs.Extensions.Storage.Blobs,5.3.9,ok,,netstandard2.0,lib/netstandard2.0/Microsoft.Azure.WebJobs.Extensions.Storage.Blobs.dll,242536.0,169124.0,386453.0,6.0,3.0,124.0,1.0,5.0,0.0,128.0,,,,,,,,,,,,,,969.0,271.0
Microsoft.NETCore.App.Host.osx-x64,10.0.11,metapackage,,,,,65558.0,5443637.0,,,,,,,,,,,,,,,,,,,,,,
Xamarin.AndroidX.Lifecycle.LiveData,2.11.0.1,ok,,net10.0-android36.0,lib/net10.0-android36.0/Xamarin.AndroidX.Lifecycle.LiveData.dll,39224.0,82682.0,169896.0,6.0,19.0,29.0,0.0,6.0,0.0,48.0,,,,,,,,,,,,,,112.0,16.0
DH.NCore,4.19.2026.303,ok,,netstandard2.1,lib/netstandard2.1/DH.NCore.dll,1110016.0,512416.0,15331463.0,392.0,2156.0,1337.0,37.0,319.0,14.0,3530.0,,,,,,,,,,,,,,6413.0,727.0
AsyncEnumerator,4.0.2,ok,,netstandard2.1,lib/netstandard2.1/AsyncEnumerable.dll,139776.0,115858.0,317352.0,22.0,149.0,22.0,0.0,10.0,0.0,171.0,,,,,,,,,,,,,,502.0,153.0
Elastic.CommonSchema.Serilog,9.0.0,ok,,netstandard2.1,lib/netstandard2.1/Elastic.CommonSchema.Serilog.dll,39424.0,83544.0,291562.0,12.0,2.0,75.0,0.0,9.0,0.0,77.0,,,,,,,,,,,,,,219.0,66.0
Serilog.Enrichers.ClientInfo,2.9.0,ok,,net10.0,lib/net10.0/Serilog.Enrichers.ClientInfo.dll,25088.0,85883.0,109334.0,7.0,12.0,0.0,0.0,6.0,0.0,12.0,,,,,,,,,,,,,,24.0,9.0
Microsoft.VisualStudio.Threading.Only,18.7.23,ok,,netstandard2.0,lib/netstandard2.0/Microsoft.VisualStudio.Threading.dll,464224.0,252427.0,1792871.0,85.0,282.0,298.0,1.0,63.0,2.0,581.0,,,,,,,,,,,,,,1601.0,335.0
Microsoft.Management.Infrastructure,4.0.0,ok,,,lib/Microsoft.Management.Infrastructure.dll,117248.0,107226.0,59513.0,53.0,180.0,206.0,1.0,34.0,0.0,387.0,,,,,,,,,,,,,,905.0,182.0
App.Metrics.AspNetCore.Tracking,4.3.0,ok,,netstandard2.0,lib/netstandard2.0/App.Metrics.AspNetCore.Tracking.dll,31232.0,72475.0,58974.0,14.0,32.0,14.0,0.0,10.0,0.0,46.0,,,,,,,,,,,,,,149.0,43.0
Microsoft.Owin.Security.Twitter,4.2.3,ok,,net45,lib/net45/Microsoft.Owin.Security.Twitter.dll,50208.0,95059.0,65972.0,12.0,13.0,33.0,0.0,9.0,0.0,46.0,,,,,,,,,,,,,,115.0,23.0
runtime.win7-x64.runtime.native.System.IO.Compression,4.3.2,native_only,,,,,65558.0,101876.0,,,,,,,,,,,,,,,,,,,,,,
System.IO.Abstractions.TestingHelpers,22.2.0,ok,,netstandard2.1,lib/netstandard2.1/System.IO.Abstractions.TestingHelpers.dll,5632.0,51669.0,48582.0,0.0,0.0,0.0,0.0,0.0,0.0,0.0,,,,,,,,,,,,,,2.0,4.0
Elastic.Apm.GrpcClient,1.34.6,ok,,netstandard2.0,lib/netstandard2.0/Elastic.Apm.GrpcClient.dll,10240.0,45206.0,39683.0,2.0,2.0,2.0,0.0,2.0,0.0,4.0,,,,,,,,,,,,,,13.0,6.0
Microsoft.AspNetCore.App.Runtime.linux-musl-x64,10.0.11,native_only,,,,,65558.0,12930390.0,,,,,,,,,,,,,,,,,,,,,,
OpenIddict.Core,7.6.1,ok,,netstandard2.1,lib/netstandard2.1/OpenIddict.Core.dll,936960.0,349836.0,2305657.0,98.0,371.0,225.0,0.0,11.0,0.0,596.0,,,,,,,,,,,,,,3550.0,612.0
Volo.Abp.Json,10.6.0,ok,,netstandard2.1,lib/netstandard2.1/Volo.Abp.Json.dll,4608.0,66026.0,63540.0,1.0,0.0,0.0,0.0,1.0,0.0,0.0,,,,,,,,,,,,,,3.0,5.0
Xamarin.KotlinX.Coroutines.Core.Jvm,1.11.0.1,ok,,net10.0-android36.0,lib/net10.0-android36.0/Xamarin.KotlinX.Coroutines.Core.Jvm.dll,584504.0,179187.0,3726587.0,169.0,509.0,848.0,0.0,22.0,0.0,1357.0,,,,,,,,,,,,,,2833.0,236.0
MedallionTopologicalSort,1.0.0,ok,,netstandard2.0,lib/netstandard2.0/MedallionTopologicalSort.dll,15872.0,38084.0,30333.0,1.0,2.0,4.0,0.0,0.0,0.0,6.0,,,,,,,,,,,,,,66.0,20.0
Microsoft.Tpl.Dataflow,4.5.24,ok,,portable-net45%2Bwin8%2Bwpa81,lib/portable-net45%2Bwin8%2Bwpa81/System.Threading.Tasks.Dataflow.dll,182504.0,145021.0,203350.0,23.0,89.0,402.0,0.0,33.0,2.0,491.0,,,,,,,,,,,,,,1159.0,128.0
Npgsql.NetTopologySuite,10.0.3,ok,,net8.0,lib/net8.0/Npgsql.NetTopologySuite.dll,12288.0,38869.0,32595.0,1.0,2.0,7.0,0.0,0.0,0.0,9.0,,,,,,,,,,,,,,41.0,8.0
AspNetCore.HealthChecks.UI.InMemory.Storage,9.0.0,ok,,net8.0,lib/net8.0/HealthChecks.UI.InMemory.Storage.dll,14848.0,40500.0,28732.0,1.0,1.0,0.0,0.0,0.0,0.0,1.0,,,,,,,,,,,,,,4.0,5.0
DH.Utils,10.0.2026.83100040,ok,,netstandard2.1,lib/netstandard2.1/DH.Utils.dll,50688.0,89924.0,261888.0,25.0,93.0,92.0,0.0,18.0,14.0,185.0,,,,,,,,,,,,,,338.0,34.0
Google.Cloud.Location,2.4.0,ok,,netstandard2.0,lib/netstandard2.0/Google.Cloud.Location.dll,35840.0,81844.0,86388.0,13.0,69.0,38.0,0.0,17.0,0.0,107.0,,,,,,,,,,,,,,201.0,30.0
Microsoft.AppCenter.Analytics,5.0.7,ok,,netstandard2.0,lib/netstandard2.0/Microsoft.AppCenter.Analytics.dll,16416.0,75876.0,3775409.0,1.0,5.0,0.0,0.0,0.0,0.0,5.0,,,,,,,,,,,,,,10.0,3.0
Volo.Abp.Validation,10.6.0,ok,,netstandard2.1,lib/netstandard2.1/Volo.Abp.Validation.dll,133120.0,95980.0,228083.0,39.0,34.0,45.0,0.0,33.0,0.0,79.0,,,,,,,,,,,,,,162.0,56.0
Microsoft.AspNet.SignalR.Client,2.4.3,ok,,netstandard2.0,lib/netstandard2.0/Microsoft.AspNet.SignalR.Client.dll,148872.0,131808.0,389000.0,53.0,170.0,174.0,9.0,60.0,0.0,353.0,,,,,,,,,,,,,,1092.0,193.0
HotChocolate.Utilities.Introspection,16.6.3,ok,,net11.0,lib/net11.0/HotChocolate.Utilities.Introspection.dll,99840.0,103044.0,182433.0,5.0,11.0,95.0,0.0,4.0,2.0,106.0,,,,,,,,,,,,,,516.0,39.0
FluentMigrator.Extensions.Postgres,8.0.1,ok,,netstandard2.0,lib/netstandard2.0/FluentMigrator.Extensions.Postgres.dll,36864.0,80815.0,203185.0,48.0,142.0,24.0,0.0,18.0,0.0,166.0,,,,,,,,,,,,,,246.0,54.0
App.Metrics.Extensions.Hosting,4.3.0,ok,,netstandard2.0,lib/netstandard2.0/App.Metrics.Extensions.Hosting.dll,13824.0,43034.0,36018.0,2.0,2.0,4.0,1.0,1.0,0.0,7.0,,,,,,,,,,,,,,28.0,8.0
Microsoft.ApplicationInsights.TraceListener,2.23.0,ok,,netstandard2.0,lib/netstandard2.0/Microsoft.ApplicationInsights.TraceListener.dll,22560.0,79125.0,69780.0,1.0,8.0,2.0,0.0,2.0,0.0,10.0,,,,,,,,,,,,,,22.0,7.0
Testcontainers.MsSql,4.14.0,ok,,netstandard2.1,lib/netstandard2.1/Testcontainers.MsSql.dll,27136.0,84130.0,202762.0,3.0,11.0,4.0,0.0,9.0,0.0,15.0,,,,,,,,,,,,,,49.0,15.0
Respawn,7.0.0,ok,,netstandard2.1,lib/netstandard2.1/Respawn.dll,93696.0,91947.0,61319.0,9.0,37.0,30.0,0.0,9.0,7.0,67.0,,,,,,,,,,,,,,420.0,46.0
Microsoft.NET.Workloads.10.0.100.Msi.x64,10.111.1,metapackage,,,,,65558.0,363542.0,,,,,,,,,,,,,,,,,,,,,,
Jint,4.16.1,ok,,netstandard2.1,lib/netstandard2.1/Jint.dll,2596352.0,1038556.0,6709208.0,235.0,865.0,2014.0,6.0,121.0,55.0,2885.0,,,,,,,,,,,,,,12964.0,1671.0
Xamarin.Google.Android.Material,1.14.0.6,ok,,net10.0-android36.0,lib/net10.0-android36.0/Xamarin.Google.Android.Material.dll,3287352.0,708184.0,6514252.0,572.0,2203.0,3703.0,31.0,827.0,0.0,5937.0,,,,,,,,,,,,,,17383.0,974.0
Microsoft.NETCore.App.Runtime.osx-x64,10.0.11,native_only,,,,,65558.0,39033975.0,,,,,,,,,,,,,,,,,,,,,,
Microsoft.EntityFrameworkCore.SqlServer.Abstractions,10.0.11,ok,,netstandard2.1,lib/netstandard2.1/Microsoft.EntityFrameworkCore.SqlServer.Abstractions.dll,20280.0,55803.0,43562.0,1.0,13.0,0.0,0.0,3.0,8.0,13.0,,,,,,,,,,,,,,34.0,8.0
CTS.T4API,4.7.72.522,ok,,net8.0,lib/net8.0/T4API.dll,630272.0,245835.0,806220.0,148.0,352.0,700.0,42.0,85.0,0.0,1094.0,,,,,,,,,,,,,,1791.0,194.0
Oracle.ManagedDataAccess,23.26.300,ok,,net472,lib/net472/Oracle.ManagedDataAccess.dll,5656224.0,2551745.0,2610003.0,182.0,883.0,2005.0,18.0,200.0,159.0,2906.0,,,,,,,,,,,,,,12709.0,1447.0
JsonPatch.Net,5.0.3,ok,,netstandard2.0,lib/netstandard2.0/JsonPatch.Net.dll,52736.0,88621.0,130138.0,6.0,19.0,93.0,0.0,3.0,0.0,112.0,,,,,,,,,,,,,,315.0,86.0
AWSSDK.Pipes,4.0.100.11,ok,,netstandard2.0,lib/netstandard2.0/AWSSDK.Pipes.dll,198312.0,138690.0,494844.0,291.0,236.0,481.0,0.0,332.0,25.0,717.0,,,,,,,,,,,,,,2049.0,297.0
App.Metrics.AspNetCore,4.3.0,ok,,netstandard2.0,lib/netstandard2.0/App.Metrics.AspNetCore.dll,12288.0,39687.0,34249.0,4.0,11.0,3.0,0.0,2.0,0.0,14.0,,,,,,,,,,,,,,49.0,17.0
Microsoft.PowerShell.CoreCLR.Eventing,7.6.5,ok,,net10.0,ref/net10.0/Microsoft.PowerShell.CoreCLR.Eventing.dll,167224.0,116094.0,140732.0,5.0,26.0,22.0,0.0,6.0,0.0,48.0,,,,,,,,,,,,,,167.0,36.0
DH.NCode,4.19.2026.303,ok,,netstandard2.1,lib/netstandard2.1/DH.NCode.dll,1168896.0,486897.0,2801325.0,257.0,1289.0,1780.0,8.0,209.0,22.0,3077.0,,,,,,,,,,,,,,7070.0,698.0
MassTransit.AspNetCore,9.2.1,ok,,net10.0,lib/net10.0/MassTransit.AspNetCore.dll,3298816.0,941577.0,2267912.0,88.0,195.0,439.0,0.0,85.0,30.0,634.0,,,,,,,,,,,,,,1788.0,262.0
Serilog.Extensions.Logging.File,3.0.0,ok,,netstandard2.0,lib/netstandard2.0/Serilog.Extensions.Logging.File.dll,11776.0,71099.0,65050.0,1.0,4.0,5.0,0.0,0.0,0.0,9.0,,,,,,,,,,,,,,26.0,7.0
LanguageExt.Core,4.4.9,ok,,netstandard2.0,lib/netstandard2.0/LanguageExt.Core.dll,6915584.0,2003761.0,2241126.0,1826.0,17024.0,1916.0,7.0,334.0,1015.0,18947.0,,,,,,,,,,,,,,39399.0,9391.0
MaxMind.GeoIP2,6.1.0,ok,,netstandard2.1,lib/netstandard2.1/MaxMind.GeoIP2.dll,88064.0,100920.0,258929.0,38.0,252.0,166.0,0.0,77.0,50.0,418.0,,,,,,,,,,,,,,782.0,65.0
libsodium,1.0.22,native_only,,,,,65558.0,7404253.0,,,,,,,,,,,,,,,,,,,,,,
Google.Apis.Drive.v3,1.76.0.4252,ok,,netstandard2.0,lib/netstandard2.0/Google.Apis.Drive.v3.dll,203264.0,131966.0,422575.0,166.0,174.0,1149.0,0.0,159.0,0.0,1323.0,,,,,,,,,,,,,,2420.0,167.0
Xamarin.AndroidX.CardView,1.0.0.39,ok,,net10.0-android36.0,lib/net10.0-android36.0/Xamarin.AndroidX.CardView.dll,35128.0,82048.0,125789.0,2.0,5.0,19.0,0.0,5.0,0.0,24.0,,,,,,,,,,,,,,121.0,14.0
Xamarin.AndroidX.Startup.StartupRuntime,1.2.0.8,ok,,net10.0-android36.0,lib/net10.0-android36.0/Xamarin.AndroidX.Startup.StartupRuntime.dll,31032.0,81383.0,119735.0,5.0,14.0,20.0,0.0,5.0,0.0,34.0,,,,,,,,,,,,,,69.0,11.0
AutoMapper.Extensions.ExpressionMapping,11.0.0,ok,,netstandard2.0,lib/netstandard2.0/AutoMapper.Extensions.ExpressionMapping.dll,93184.0,106868.0,197704.0,21.0,71.0,81.0,0.0,12.0,0.0,152.0,,,,,,,,,,,,,,549.0,110.0
LibGit2Sharp.NativeBinaries,2.0.324,native_only,,,,,65558.0,10352503.0,,,,,,,,,,,,,,,,,,,,,,
Microsoft.Orleans.Core.Abstractions,10.3.1,ok,,net10.0,lib/net10.0/Orleans.Core.Abstractions.dll,391992.0,287751.0,559247.0,276.0,767.0,199.0,0.0,205.0,35.0,966.0,,,,,,,,,,,,,,1715.0,373.0
DH.Core,10.0.2026.83100040,ok,,net10.0,lib/net10.0/DH.Core.dll,1175552.0,434642.0,2306962.0,380.0,789.0,3409.0,0.0,293.0,2.0,4198.0,,,,,,,,,,,,,,8780.0,681.0
Aspire.Hosting,13.5.3,ok,,net8.0,lib/net8.0/Aspire.Hosting.dll,2968888.0,1341802.0,1776918.0,384.0,709.0,2674.0,4.0,268.0,44.0,3387.0,,,,,,,,,,,,,,12072.0,2168.0
Castle.LoggingFacility,6.0.0,ok,,netstandard2.0,lib/netstandard2.0/Castle.Facilities.Logging.dll,12288.0,71524.0,72813.0,3.0,13.0,0.0,0.0,6.0,0.0,13.0,,,,,,,,,,,,,,31.0,4.0
Microsoft.NET.Runtime.MonoAOTCompiler.Task,10.0.11,no_lib_dll,,,,,65558.0,113571.0,,,,,,,,,,,,,,,,,,,,,,
BuildBundlerMinifier,3.2.449,tools_only,,,,,65558.0,2253310.0,,,,,,,,,,,,,,,,,,,,,,
Microsoft.EntityFrameworkCore.SqlServer.HierarchyId,10.0.11,ok,,net10.0,lib/net10.0/Microsoft.EntityFrameworkCore.SqlServer.HierarchyId.dll,124216.0,120677.0,91841.0,18.0,24.0,161.0,0.0,11.0,0.0,185.0,,,,,,,,,,,,,,710.0,91.0
Dapr.Client,1.18.5,ok,,net10.0,lib/net10.0/Dapr.Client.dll,174080.0,132651.0,271381.0,43.0,98.0,112.0,2.0,45.0,2.0,212.0,,,,,,,,,,,,,,727.0,141.0
Microsoft.NET.Runtime.MonoTargets.Sdk,10.0.11,no_lib_dll,,,,,65558.0,437725.0,,,,,,,,,,,,,,,,,,,,,,
Elastic.Apm.MongoDb,1.34.6,ok,,netstandard2.0,lib/netstandard2.0/Elastic.Apm.MongoDb.dll,12288.0,48308.0,42075.0,3.0,2.0,2.0,0.0,2.0,0.0,4.0,,,,,,,,,,,,,,19.0,10.0
QuestPDF,2026.8.0,ok,,netstandard2.0,lib/netstandard2.0/QuestPDF.dll,515584.0,261480.0,47096320.0,166.0,508.0,862.0,0.0,38.0,7.0,1370.0,,,,,,,,,,,,,,3880.0,560.0
MimeKitLite,4.17.0,ok,,netstandard2.1,lib/netstandard2.1/MimeKitLite.dll,936960.0,393687.0,5156895.0,174.0,1016.0,590.0,16.0,196.0,11.0,1622.0,,,,,,,,,,,,,,3305.0,352.0
FluentNHibernate,3.5.0,ok,,netstandard2.0,lib/netstandard2.0/FluentNHibernate.dll,544256.0,268996.0,1071538.0,689.0,2824.0,1520.0,2.0,493.0,34.0,4346.0,,,,,,,,,,,,,,6430.0,1012.0
Xamarin.GooglePlayServices.Basement,118.10.0.3,ok,,net10.0-android36.0,lib/net10.0-android36.0/Xamarin.GooglePlayServices.Basement.dll,492856.0,180080.0,868003.0,166.0,458.0,712.0,0.0,154.0,0.0,1170.0,,,,,,,,,,,,,,2518.0,258.0
System.Drawing.Primitives,4.3.0,ok,,netstandard1.1,ref/netstandard1.1/System.Drawing.Primitives.dll,27528.0,80618.0,74867.0,6.0,67.0,34.0,0.0,13.0,28.0,101.0,,,,,,,,,,,,,,162.0,7.0
AWSXRayRecorder.Handlers.AwsSdk,2.14.0,ok,,netstandard2.0,lib/netstandard2.0/AWSXRayRecorder.Handlers.AwsSdk.dll,67744.0,97085.0,134672.0,8.0,11.0,22.0,0.0,10.0,0.0,33.0,,,,,,,,,,,,,,92.0,11.0
Moq.AutoMock,4.0.3,ok,,netstandard2.0,lib/netstandard2.0/Moq.AutoMock.dll,77312.0,97521.0,103897.0,24.0,161.0,64.0,0.0,31.0,0.0,225.0,,,,,,,,,,,,,,483.0,116.0
Microsoft.NETCore.App.Runtime.win-x86,10.0.11,native_only,,,,,65558.0,36692760.0,,,,,,,,,,,,,,,,,,,,,,
OpenSearch.Net,2.1.0,ok,,netstandard2.1,lib/netstandard2.1/OpenSearch.Net.dll,1153704.0,452137.0,2574448.0,707.0,1907.0,3302.0,10.0,628.0,18.0,5219.0,,,,,,,,,,,,,,9426.0,1158.0
Elastic.Apm.Azure.Storage,1.34.6,ok,,netstandard2.0,lib/netstandard2.0/Elastic.Apm.Azure.Storage.dll,35328.0,64424.0,51096.0,3.0,3.0,10.0,0.0,3.0,0.0,13.0,,,,,,,,,,,,,,77.0,22.0
MscrmTools.Xrm.Connection,1.2025.9.64,ok,,net48,lib/net48/McTools.Xrm.Connection.dll,93184.0,110254.0,296617.0,36.0,75.0,117.0,7.0,32.0,0.0,199.0,,,,,,,,,,,,,,423.0,55.0
Elastic.Apm.Azure.ServiceBus,1.34.6,ok,,netstandard2.0,lib/netstandard2.0/Elastic.Apm.Azure.ServiceBus.dll,25088.0,75941.0,66556.0,2.0,2.0,2.0,0.0,2.0,0.0,4.0,,,,,,,,,,,,,,34.0,9.0
LibGit2Sharp,0.32.0,ok,,net8.0,lib/net8.0/LibGit2Sharp.dll,514560.0,322156.0,730802.0,275.0,677.0,652.0,0.0,275.0,34.0,1329.0,,,,,,,,,,,,,,4006.0,684.0
Minio,7.0.0,ok,,netstandard2.0,lib/netstandard2.0/Minio.dll,464384.0,240289.0,626019.0,251.0,407.0,649.0,0.0,429.0,0.0,1056.0,,,,,,,,,,,,,,2996.0,510.0
Microsoft.ServiceFabric.Data,8.7.157,ok,,netstandard2.0,lib/netstandard2.0/Microsoft.ServiceFabric.Data.dll,33584.0,81686.0,86288.0,1.0,5.0,6.0,2.0,1.0,0.0,13.0,,,,,,,,,,,,,,58.0,6.0
OpenIddict.Validation,7.6.1,ok,,netstandard2.1,lib/netstandard2.1/OpenIddict.Validation.dll,709120.0,302767.0,1938643.0,205.0,286.0,387.0,0.0,107.0,0.0,673.0,,,,,,,,,,,,,,3201.0,573.0
Microsoft.CodeAnalysis.Scripting,5.9.0,metapackage,,,,,31338.0,31338.0,,,,,,,,,,,,,,,,,,,,,,
Microsoft.Orleans.Core,10.3.1,ok,,net10.0,lib/net10.0/Orleans.Core.dll,1165112.0,615836.0,1252998.0,342.0,1051.0,603.0,0.0,281.0,6.0,1654.0,,,,,,,,,,,,,,5273.0,1018.0
Microsoft.AspNetCore.App.Runtime.osx-x64,10.0.11,native_only,,,,,65558.0,12928377.0,,,,,,,,,,,,,,,,,,,,,,
Aspose.Words,26.8.0,ok,,netstandard2.0,lib/netstandard2.0/Aspose.Words.dll,32099216.0,11315631.0,99672747.0,920.0,1550.0,3702.0,0.0,450.0,0.0,5252.0,,,,,,,,,,,,,,123186.0,14348.0
Ecng.Interop,1.0.343,ok,,net10.0,lib/net10.0/Ecng.Interop.dll,80896.0,99218.0,137853.0,195.0,230.0,22.0,0.0,19.0,219.0,252.0,,,,,,,,,,,,,,561.0,214.0
Swashbuckle.AspNetCore.ReDoc,10.2.3,ok,,net10.0,lib/net10.0/Swashbuckle.AspNetCore.ReDoc.dll,386560.0,420289.0,1197058.0,4.0,18.0,59.0,0.0,2.0,0.0,77.0,,,,,,,,,,,,,,238.0,21.0
Microsoft.ServiceFabric.Services,8.7.157,ok,,netstandard2.0,lib/netstandard2.0/Microsoft.ServiceFabric.Services.dll,158520.0,129081.0,195596.0,36.0,67.0,133.0,4.0,40.0,0.0,204.0,,,,,,,,,,,,,,666.0,132.0
Microsoft.CrmSdk.CoreAssemblies,9.0.2.60,ok,,net462,lib/net462/Microsoft.Xrm.Sdk.dll,741920.0,300829.0,480208.0,581.0,348.0,1984.0,16.0,583.0,15.0,2348.0,,,,,,,,,,,,,,5630.0,738.0
Microsoft.AspNetCore.Authentication.AzureAD.UI,6.0.36,ok,,net6.0,lib/net6.0/Microsoft.AspNetCore.Authentication.AzureAD.UI.dll,45832.0,81303.0,59162.0,8.0,7.0,52.0,0.0,6.0,0.0,59.0,,,,,,,,,,,,,,169.0,32.0
Quartz.AspNetCore,3.20.0,ok,,netstandard2.0,lib/netstandard2.0/Quartz.AspNetCore.dll,7680.0,54882.0,50778.0,1.0,2.0,0.0,0.0,0.0,0.0,2.0,,,,,,,,,,,,,,13.0,8.0
Volo.Abp.EventBus.Abstractions,10.6.0,ok,,netstandard2.1,lib/netstandard2.1/Volo.Abp.EventBus.Abstractions.dll,20992.0,75181.0,122323.0,38.0,67.0,53.0,0.0,17.0,0.0,120.0,,,,,,,,,,,,,,178.0,47.0
Microsoft.NET.Sdk.WebAssembly.Pack,10.0.11,tools_only,,,,,65558.0,4547973.0,,,,,,,,,,,,,,,,,,,,,,
TinyMapper,3.0.3,ok,,netstandard1.3,lib/netstandard1.3/TinyMapper.dll,54272.0,90161.0,87675.0,6.0,13.0,62.0,0.0,5.0,0.0,75.0,,,,,,,,,,,,,,435.0,92.0
Datadog.Trace.Bundle,3.52.0,no_lib_dll,,,,,65558.0,185162564.0,,,,,,,,,,,,,,,,,,,,,,
prometheus-net.AspNetCore.HealthChecks,8.2.1,ok,,net6.0,lib/net6.0/Prometheus.AspNetCore.HealthChecks.dll,11776.0,42456.0,37073.0,2.0,2.0,1.0,0.0,1.0,0.0,3.0,,,,,,,,,,,,,,15.0,9.0
Parquet.Net,6.1.0,ok,,net10.0,lib/net10.0/Parquet.dll,737792.0,269210.0,634432.0,112.0,82.0,391.0,0.0,98.0,3.0,473.0,,,,,,,,,,,,,,2250.0,284.0
Microsoft.ApplicationInsights.SnapshotCollector,1.4.6,ok,,netstandard2.0,lib/netstandard2.0/Microsoft.ApplicationInsights.SnapshotCollector.dll,5287464.0,5196575.0,5206964.0,29.0,14.0,358.0,7.0,6.0,0.0,379.0,,,,,,,,,,,,,,1463.0,288.0
Riok.Mapperly,4.3.1,ok,,netstandard2.0,lib/netstandard2.0/Riok.Mapperly.Abstractions.dll,33280.0,88521.0,3259005.0,37.0,4.0,56.0,0.0,37.0,0.0,60.0,,,,,,,,,,,,,,142.0,46.0
Hangfire.MemoryStorage,1.8.1.2,ok,,netstandard1.3,lib/netstandard1.3/Hangfire.MemoryStorage.dll,75776.0,97112.0,77202.0,33.0,119.0,100.0,0.0,25.0,0.0,219.0,,,,,,,,,,,,,,605.0,117.0
Audit.NET,32.3.1,ok,,netstandard2.1,lib/netstandard2.1/Audit.NET.dll,103424.0,108637.0,567868.0,65.0,398.0,113.0,0.0,50.0,2.0,511.0,,,,,,,,,,,,,,895.0,163.0
Microsoft.AspNetCore.Components.WebAssembly.Server,10.0.11,ok,,net10.0,lib/net10.0/Microsoft.AspNetCore.Components.WebAssembly.Server.dll,80208.0,101807.0,4269287.0,7.0,8.0,17.0,0.0,3.0,0.0,25.0,,,,,,,,,,,,,,142.0,43.0
Microsoft.Maui.Essentials,10.0.100,ok,,netstandard2.1,lib/netstandard2.1/Microsoft.Maui.Essentials.dll,144208.0,130811.0,1575467.0,211.0,360.0,414.0,50.0,131.0,21.0,824.0,,,,,,,,,,,,,,1525.0,294.0
Ninject.Web.Common,3.3.2,ok,,netstandard2.0,lib/netstandard2.0/Ninject.Web.Common.dll,7168.0,23660.0,19916.0,4.0,8.0,1.0,0.0,1.0,0.0,9.0,,,,,,,,,,,,,,20.0,8.0
Microsoft.PowerShell.Native,700.0.0,native_only,,,,,65558.0,710591.0,,,,,,,,,,,,,,,,,,,,,,
Microsoft.AspNetCore.ApplicationInsights.HostingStartup,2.3.12,ok,,net462,lib/net462/Microsoft.AspNetCore.ApplicationInsights.HostingStartup.dll,19808.0,52227.0,40437.0,2.0,2.0,1.0,0.0,2.0,0.0,3.0,,,,,,,,,,,,,,17.0,8.0
UmbracoCms,8.18.15,metapackage,,,,,333733.0,8568686.0,,,,,,,,,,,,,,,,,,,,,,
Microsoft.Office.Interop.Excel,16.0.18925.20022,ok,,netstandard2.0,lib/netstandard2.0/Microsoft.Office.Interop.Excel.dll,1775488.0,528592.0,4352383.0,1197.0,6074.0,10891.0,284.0,149.0,0.0,17249.0,,,,,,,,,,,,,,22427.0,1204.0
NetTopologySuite.IO.PostGis,2.1.0,ok,,netstandard2.1,lib/netstandard2.1/NetTopologySuite.IO.PostGis.dll,15360.0,38795.0,31192.0,2.0,19.0,5.0,0.0,6.0,0.0,24.0,,,,,,,,,,,,,,57.0,4.0
IPAddressRange,6.3.0,ok,,netstandard2.1,lib/netstandard2.1/IPAddressRange.dll,23552.0,76353.0,120983.0,2.0,25.0,23.0,0.0,6.0,0.0,48.0,,,,,,,,,,,,,,120.0,14.0
Microsoft.Azure.Management.ServiceBus.Fluent,1.38.1,ok,,netstandard1.4,lib/netstandard1.4/Microsoft.Azure.Management.ServiceBus.Fluent.dll,392600.0,177316.0,327056.0,160.0,226.0,344.0,0.0,37.0,2.0,570.0,,,,,,,,,,,,,,1568.0,364.0
Agoda.Frameworks.LoadBalancing,8.0.154,ok,,netstandard2.0,lib/netstandard2.0/Agoda.Frameworks.LoadBalancing.dll,21504.0,34685.0,24581.0,21.0,42.0,20.0,4.0,16.0,0.0,66.0,,,,,,,,,,,,,,110.0,27.0
Amazon.Lambda.TestUtilities,4.2.0,ok,,net10.0,lib/net10.0/Amazon.Lambda.TestUtilities.dll,23208.0,58166.0,44458.0,5.0,5.0,25.0,0.0,5.0,0.0,30.0,,,,,,,,,,,,,,59.0,6.0
AWSSDK.CloudFormation,4.0.102.4,ok,,netstandard2.0,lib/netstandard2.0/AWSSDK.CloudFormation.dll,609960.0,251779.0,1429340.0,711.0,831.0,1544.0,0.0,844.0,86.0,2375.0,,,,,,,,,,,,,,6696.0,783.0
System.Threading.Extensions,2.0.105,ok,,netstandard2.0,lib/netstandard2.0/System.Extensions.dll,55808.0,90965.0,83462.0,31.0,179.0,121.0,3.0,13.0,0.0,303.0,,,,,,,,,,,,,,491.0,61.0
DinkToPdf,1.0.8,ok,,netstandard1.6,lib/netstandard1.6/DinkToPdf.dll,43008.0,71418.0,53267.0,33.0,99.0,97.0,10.0,22.0,1.0,206.0,,,,,,,,,,,,,,347.0,35.0
Microsoft.Maui.Core,10.0.100,ok,,netstandard2.1,lib/netstandard2.1/Microsoft.Maui.dll,485160.0,258125.0,4195372.0,422.0,1021.0,867.0,6.0,266.0,49.0,1894.0,,,,,,,,,,,,,,3472.0,666.0
PdfPig,0.1.16,ok,,netstandard2.1,lib/netstandard2.1/UglyToad.PdfPig.dll,4236800.0,1544412.0,16710625.0,303.0,729.0,1215.0,0.0,189.0,14.0,1944.0,,,,,,,,,,,,,,4211.0,679.0
Microsoft.EntityFrameworkCore.Sqlite.Design,1.1.6,ok,,netstandard1.3,lib/netstandard1.3/Microsoft.EntityFrameworkCore.Sqlite.Design.dll,50152.0,89085.0,70009.0,6.0,15.0,15.0,0.0,3.0,0.0,30.0,,,,,,,,,,,,,,182.0,49.0
Microsoft.Extensions.Caching.Hybrid,10.9.0,ok,,netstandard2.1,lib/netstandard2.1/Microsoft.Extensions.Caching.Hybrid.dll,102240.0,114690.0,354507.0,4.0,10.0,72.0,0.0,1.0,0.0,82.0,,,,,,,,,,,,,,436.0,67.0
Rg.Plugins.Popup,2.1.0,ok,,netstandard2.0,lib/netstandard2.0/Rg.Plugins.Popup.dll,40448.0,82480.0,446740.0,19.0,58.0,38.0,10.0,23.0,0.0,106.0,,,,,,,,,,,,,,241.0,47.0
EcoCore,7.2.0.17517,ok,,net40,lib/net40/MDriven.Net.Http.dll,151040.0,127004.0,76451.0,43.0,87.0,49.0,6.0,39.0,0.0,142.0,,,,,,,,,,,,,,414.0,84.0
Microsoft.IdentityModel,7.0.0,ok,,net35,lib/net35/microsoft.identitymodel.dll,1113856.0,437647.0,393292.0,498.0,1179.0,1225.0,39.0,809.0,2.0,2443.0,,,,,,,,,,,,,,4973.0,686.0
Microsoft.AspNet.WebApi.OData,5.7.0,ok,,net45,lib/net45/System.Web.Http.OData.dll,489040.0,253445.0,241858.0,205.0,527.0,671.0,0.0,200.0,0.0,1198.0,,,,,,,,,,,,,,2753.0,427.0
Microsoft.AspNetCore.App.Runtime.win-x86,10.0.11,native_only,,,,,65558.0,12205072.0,,,,,,,,,,,,,,,,,,,,,,
Google.Apis.Sheets.v4,1.75.0.4178,ok,,netstandard2.0,lib/netstandard2.0/Google.Apis.Sheets.v4.dll,235008.0,147383.0,512359.0,302.0,48.0,1343.0,0.0,287.0,0.0,1391.0,,,,,,,,,,,,,,2961.0,303.0
AutoFixture.AutoNSubstitute,4.18.1,ok,,netstandard2.0,lib/netstandard2.0/AutoFixture.AutoNSubstitute.dll,32768.0,81257.0,132229.0,23.0,21.0,27.0,0.0,24.0,0.0,48.0,,,,,,,,,,,,,,172.0,50.0
Elastic.Apm.Azure.CosmosDb,1.34.6,ok,,netstandard2.0,lib/netstandard2.0/Elastic.Apm.Azure.CosmosDb.dll,14848.0,47977.0,41650.0,1.0,1.0,0.0,0.0,1.0,0.0,1.0,,,,,,,,,,,,,,15.0,5.0
Microsoft.ApplicationInsights.NLogTarget,2.23.0,ok,,netstandard2.0,lib/netstandard2.0/Microsoft.ApplicationInsights.NLogTarget.dll,25120.0,80735.0,75940.0,2.0,3.0,5.0,0.0,3.0,0.0,8.0,,,,,,,,,,,,,,26.0,8.0
OpenTelemetry.Exporter.Jaeger,1.5.1,ok,,netstandard2.1,lib/netstandard2.1/OpenTelemetry.Exporter.Jaeger.dll,86528.0,102363.0,180619.0,9.0,12.0,99.0,0.0,7.0,0.0,111.0,,,,,,,,,,,,,,469.0,79.0
DH.Common,10.0.2026.83100040,ok,,netstandard2.1,lib/netstandard2.1/DH.Common.dll,97792.0,106006.0,378884.0,30.0,196.0,102.0,1.0,16.0,6.0,299.0,,,,,,,,,,,,,,507.0,70.0
Microsoft.Windows.SDK.NET.Ref,10.0.26100.87,ok,,net9.0,lib/net9.0/WinRT.Runtime.dll,598840.0,323013.0,14276686.0,275.0,893.0,582.0,4.0,177.0,8.0,1479.0,,,,,,,,,,,,,,3405.0,571.0
Duende.IdentityServer.Storage,8.0.6,ok,,net10.0,lib/net10.0/Duende.IdentityServer.Storage.dll,118784.0,126539.0,118369.0,82.0,143.0,350.0,0.0,71.0,20.0,493.0,,,,,,,,,,,,,,964.0,94.0
Xamarin.GooglePlayServices.Tasks,118.4.1.3,ok,,net10.0-android36.0,lib/net10.0-android36.0/Xamarin.GooglePlayServices.Tasks.dll,87352.0,92265.0,185333.0,20.0,59.0,87.0,0.0,16.0,0.0,146.0,,,,,,,,,,,,,,385.0,46.0
Mono.Posix.NETStandard,1.0.0,ok,,netstandard2.0,ref/netstandard2.0/Mono.Posix.NETStandard.dll,189504.0,145761.0,2841603.0,113.0,973.0,158.0,0.0,68.0,32.0,1131.0,,,,,,,,,,,,,,1753.0,153.0
McMaster.Extensions.CommandLineUtils,5.1.0,ok,,net8.0,lib/net8.0/McMaster.Extensions.CommandLineUtils.dll,184832.0,144769.0,270028.0,114.0,265.0,283.0,3.0,88.0,0.0,551.0,,,,,,,,,,,,,,1335.0,257.0
Microsoft.Azure.Management.Dns.Fluent,1.38.1,ok,,netstandard1.4,lib/netstandard1.4/Microsoft.Azure.Management.Dns.Fluent.dll,229272.0,141686.0,238446.0,149.0,170.0,139.0,0.0,32.0,0.0,309.0,,,,,,,,,,,,,,1110.0,302.0
MsgPack.Cli,1.0.1,ok,,netstandard2.0,lib/netstandard2.0/MsgPack.dll,1267712.0,461806.0,4189253.0,127.0,912.0,433.0,1.0,107.0,56.0,1346.0,,,,,,,,,,,,,,6121.0,1113.0
OpenCover,4.7.1221,native_only,,,,,65558.0,3855794.0,,,,,,,,,,,,,,,,,,,,,,
Moment.js,2.30.1,metapackage,,,,,65558.0,350853.0,,,,,,,,,,,,,,,,,,,,,,
LazyCache.AspNetCore,2.4.0,ok,,netstandard2.0,lib/netstandard2.0/LazyCache.AspNetCore.dll,6656.0,22409.0,19209.0,1.0,2.0,0.0,0.0,0.0,0.0,2.0,,,,,,,,,,,,,,5.0,3.0
Microsoft.Web.Xdt,3.2.11,ok,,netstandard2.0,lib/netstandard2.0/Microsoft.Web.XmlTransform.dll,82272.0,104296.0,450979.0,23.0,65.0,135.0,0.0,24.0,0.0,200.0,,,,,,,,,,,,,,464.0,58.0
Ardalis.SmartEnum,8.2.0,ok,,netstandard2.0,lib/netstandard2.0/Ardalis.SmartEnum.dll,26624.0,78131.0,97680.0,20.0,44.0,7.0,0.0,25.0,16.0,51.0,,,,,,,,,,,,,,161.0,36.0
JsonDiffPatch.Net,2.5.0,ok,,netstandard2.0,lib/netstandard2.0/JsonDiffPatchDotNet.dll,47616.0,88101.0,103747.0,22.0,73.0,22.0,0.0,18.0,0.0,95.0,,,,,,,,,,,,,,191.0,36.0
OpenIddict.Server,7.6.1,ok,,netstandard2.1,lib/netstandard2.1/OpenIddict.Server.dll,1136128.0,417131.0,3004121.0,505.0,650.0,921.0,0.0,443.0,0.0,1571.0,,,,,,,,,,,,,,5399.0,1057.0
J2N,2.1.0,ok,,netstandard2.1,lib/netstandard2.1/J2N.dll,627712.0,311680.0,4091688.0,124.0,1685.0,634.0,3.0,166.0,68.0,2322.0,,,,,,,,,,,,,,4375.0,326.0
CorrelationId,3.0.1,ok,,netstandard2.0,lib/netstandard2.0/CorrelationId.dll,23552.0,33924.0,24099.0,15.0,21.0,15.0,0.0,8.0,0.0,36.0,,,,,,,,,,,,,,93.0,26.0
Volo.Abp.Auditing,10.6.0,ok,,netstandard2.1,lib/netstandard2.1/Volo.Abp.Auditing.dll,49152.0,88002.0,203017.0,25.0,54.0,81.0,0.0,16.0,0.0,135.0,,,,,,,,,,,,,,276.0,53.0
Appium.WebDriver,8.3.2,ok,,netstandard2.0,lib/netstandard2.0/Appium.Net.dll,140288.0,123370.0,155554.0,145.0,535.0,86.0,2.0,157.0,0.0,623.0,,,,,,,,,,,,,,969.0,175.0
Microsoft.Management.Infrastructure.Runtime.Win,3.0.0,native_only,,,,,65558.0,787562.0,,,,,,,,,,,,,,,,,,,,,,
OpenIddict.Validation.AspNetCore,7.6.1,ok,,net10.0,lib/net10.0/OpenIddict.Validation.AspNetCore.dll,61440.0,94527.0,1075147.0,37.0,37.0,25.0,0.0,21.0,0.0,62.0,,,,,,,,,,,,,,223.0,77.0
NuGet.Resolver,7.9.0,ok,,net8.0,lib/net8.0/NuGet.Resolver.dll,66360.0,98154.0,145645.0,18.0,24.0,40.0,0.0,14.0,0.0,64.0,,,,,,,,,,,,,,282.0,56.0
Microsoft.Azure.Functions.Worker.Extensions.Storage.Queues,5.5.5,ok,,netstandard2.0,lib/netstandard2.0/Microsoft.Azure.Functions.Worker.Extensions.Storage.Queues.dll,42848.0,87621.0,59397.0,2.0,0.0,4.0,0.0,2.0,0.0,4.0,,,,,,,,,,,,,,60.0,23.0
Microsoft.Management.Infrastructure.Runtime.Unix,3.0.0,native_only,,,,,65558.0,122301.0,,,,,,,,,,,,,,,,,,,,,,
Microsoft.Azure.Management.Cdn.Fluent,1.38.1,ok,,netstandard1.4,lib/netstandard1.4/Microsoft.Azure.Management.Cdn.Fluent.dll,365464.0,173226.0,310658.0,118.0,294.0,222.0,0.0,109.0,0.0,516.0,,,,,,,,,,,,,,1544.0,322.0
Microsoft.Web.Administration,11.1.0,ok,,netstandard1.5,lib/netstandard1.5/Microsoft.Web.Administration.dll,132600.0,125683.0,71364.0,96.0,125.0,437.0,1.0,18.0,0.0,563.0,,,,,,,,,,,,,,1046.0,173.0
NetTopologySuite.IO.SpatiaLite,2.0.0,ok,,netstandard2.0,lib/netstandard2.0/NetTopologySuite.IO.SpatiaLite.dll,27136.0,35402.0,24000.0,2.0,4.0,13.0,0.0,4.0,0.0,17.0,,,,,,,,,,,,,,141.0,22.0
Microsoft.Azure.Management.Sql.Fluent,1.38.1,ok,,netstandard1.4,lib/netstandard1.4/Microsoft.Azure.Management.Sql.Fluent.dll,2803096.0,723171.0,1775283.0,753.0,1436.0,1811.0,0.0,340.0,0.0,3247.0,,,,,,,,,,,,,,9965.0,2298.0
Magick.NET-Q8-AnyCPU,14.16.0,ok,,netstandard20,lib/netstandard20/Magick.NET-Q8-AnyCPU.dll,1152688.0,518628.0,99157085.0,309.0,3179.0,1177.0,7.0,256.0,31.0,4363.0,,,,,,,,,,,,,,7852.0,573.0
Microsoft.DurableTask.Grpc,1.25.0,ok,,netstandard2.0,lib/netstandard2.0/Microsoft.DurableTask.Grpc.dll,454456.0,219349.0,686690.0,148.0,1330.0,804.0,0.0,268.0,0.0,2134.0,,,,,,,,,,,,,,3619.0,285.0
Microsoft.Azure.Management.CosmosDB.Fluent,1.38.1,ok,,netstandard1.4,lib/netstandard1.4/Microsoft.Azure.Management.CosmosDB.Fluent.dll,1121696.0,334886.0,673135.0,375.0,850.0,644.0,0.0,245.0,0.0,1494.0,,,,,,,,,,,,,,4462.0,905.0
Microsoft.Azure.Management.ContainerRegistry.Fluent,1.38.1,ok,,netstandard1.4,lib/netstandard1.4/Microsoft.Azure.Management.ContainerRegistry.Fluent.dll,557464.0,214854.0,451334.0,274.0,415.0,502.0,0.0,170.0,0.0,917.0,,,,,,,,,,,,,,2603.0,528.0
Reo.Core.DataModels,10.0.341,ok,,net10.0,lib/net10.0/Reo.Core.DataModels.dll,52224.0,84757.0,65261.0,35.0,9.0,61.0,0.0,15.0,0.0,70.0,,,,,,,,,,,,,,207.0,58.0
Microsoft.Azure.Management.Redis.Fluent,1.38.1,ok,,netstandard1.4,lib/netstandard1.4/Microsoft.Azure.Management.Redis.Fluent.dll,254880.0,148251.0,235537.0,71.0,160.0,162.0,0.0,52.0,0.0,322.0,,,,,,,,,,,,,,1024.0,224.0
Microsoft.Azure.Management.TrafficManager.Fluent,1.38.1,ok,,netstandard1.4,lib/netstandard1.4/Microsoft.Azure.Management.TrafficManager.Fluent.dll,179096.0,125542.0,196579.0,123.0,145.0,186.0,0.0,49.0,2.0,331.0,,,,,,,,,,,,,,854.0,195.0
Handlebars.Net.Helpers.DynamicLinq,2.5.5,ok,,netstandard2.1,lib/netstandard2.1/HandlebarsDotNet.Helpers.DynamicLinq.dll,23040.0,76842.0,102569.0,1.0,34.0,3.0,0.0,1.0,0.0,37.0,,,,,,,,,,,,,,92.0,16.0
Microsoft.Azure.Management.Search.Fluent,1.38.1,ok,,netstandard1.4,lib/netstandard1.4/Microsoft.Azure.Management.Search.Fluent.dll,133536.0,113751.0,150408.0,40.0,61.0,77.0,0.0,17.0,0.0,138.0,,,,,,,,,,,,,,491.0,131.0
Microsoft.Azure.Management.ContainerInstance.Fluent,1.38.1,ok,,netstandard1.4,lib/netstandard1.4/Microsoft.Azure.Management.ContainerInstance.Fluent.dll,214424.0,138799.0,226224.0,136.0,154.0,238.0,0.0,96.0,0.0,392.0,,,,,,,,,,,,,,1096.0,230.0
AutoBogus,2.13.1,ok,,netstandard2.0,lib/netstandard2.0/AutoBogus.dll,69632.0,94457.0,124640.0,15.0,71.0,57.0,0.0,6.0,0.0,128.0,,,,,,,,,,,,,,508.0,119.0
Microsoft.Azure.Management.Fluent,1.38.1,ok,,netstandard1.4,lib/netstandard1.4/Microsoft.Azure.Management.Fluent.dll,36760.0,82636.0,63673.0,6.0,10.0,156.0,0.0,0.0,0.0,166.0,,,,,,,,,,,,,,193.0,14.0
Microsoft.Azure.Management.Locks.Fluent,1.38.1,ok,,netstandard1.4,lib/netstandard1.4/Microsoft.Azure.Management.Locks.Fluent.dll,135584.0,110226.0,129005.0,23.0,58.0,40.0,0.0,8.0,0.0,98.0,,,,,,,,,,,,,,371.0,102.0
Microsoft.Azure.Management.ContainerService.Fluent,1.38.1,ok,,netstandard1.4,lib/netstandard1.4/Microsoft.Azure.Management.ContainerService.Fluent.dll,532384.0,210058.0,419799.0,219.0,254.0,525.0,0.0,193.0,0.0,779.0,,,,,,,,,,,,,,2118.0,423.0
OpenSearch.Client,2.1.0,ok,,netstandard2.1,lib/netstandard2.1/OpenSearch.Client.dll,3844272.0,1293632.0,3776363.0,2796.0,6402.0,10569.0,3.0,2367.0,191.0,16974.0,,,,,,,,,,,,,,35984.0,4510.0
Volo.Abp.Guids,10.6.0,ok,,netstandard2.1,lib/netstandard2.1/Volo.Abp.Guids.dll,6656.0,69198.0,72465.0,6.0,5.0,3.0,0.0,4.0,0.0,8.0,,,,,,,,,,,,,,20.0,12.0
Microsoft.Azure.Management.Monitor.Fluent,1.38.1,ok,,netstandard1.4,lib/netstandard1.4/Microsoft.Azure.Management.Monitor.Fluent.dll,690592.0,260035.0,605732.0,344.0,479.0,802.0,0.0,262.0,0.0,1281.0,,,,,,,,,,,,,,3399.0,647.0
Macross.Json.Extensions,3.0.0,ok,,netstandard2.1,lib/netstandard2.1/Macross.Json.Extensions.dll,41472.0,85190.0,78279.0,13.0,23.0,14.0,0.0,14.0,0.0,37.0,,,,,,,,,,,,,,116.0,35.0
Google.Cloud.Logging.V2,4.5.0,ok,,netstandard2.0,lib/netstandard2.0/Google.Cloud.Logging.V2.dll,459776.0,208163.0,540440.0,139.0,1533.0,714.0,0.0,188.0,24.0,2247.0,,,,,,,,,,,,,,3469.0,246.0
Microsoft.Azure.Management.BatchAI.Fluent,1.38.1,ok,,netstandard1.4,lib/netstandard1.4/Microsoft.Azure.Management.BatchAI.Fluent.dll,440736.0,194256.0,375026.0,285.0,554.0,467.0,0.0,148.0,0.0,1021.0,,,,,,,,,,,,,,2163.0,484.0
Microsoft.Azure.Management.EventHub.Fluent,1.38.1,ok,,netstandard1.4,lib/netstandard1.4/Microsoft.Azure.Management.EventHub.Fluent.dll,480664.0,199263.0,374447.0,138.0,273.0,249.0,0.0,58.0,2.0,522.0,,,,,,,,,,,,,,1845.0,471.0
NJsonSchema.CodeGeneration.CSharp,11.6.1,ok,,netstandard2.0,lib/netstandard2.0/NJsonSchema.CodeGeneration.CSharp.dll,67072.0,88933.0,103080.0,15.0,12.0,130.0,0.0,14.0,0.0,142.0,,,,,,,,,,,,,,245.0,25.0
Microsoft.Azure.Management.Compute.Fluent,1.38.1,ok,,netstandard1.4,lib/netstandard1.4/Microsoft.Azure.Management.Compute.Fluent.dll,2355096.0,648691.0,1742004.0,848.0,1628.0,1820.0,0.0,577.0,4.0,3448.0,,,,,,,,,,,,,,10141.0,2096.0
DotNetEnv,3.2.0,ok,,netstandard2.0,lib/netstandard2.0/DotNetEnv.dll,47104.0,58302.0,39311.0,19.0,48.0,38.0,0.0,15.0,0.0,86.0,,,,,,,,,,,,,,311.0,52.0
Microsoft.ServiceFabric.Diagnostics.Internal,8.7.157,ok,,netstandard2.0,lib/netstandard2.0/Microsoft.ServiceFabric.Diagnostics.dll,58648.0,87416.0,122883.0,1.0,0.0,6.0,1.0,0.0,0.0,7.0,,,,,,,,,,,,,,163.0,45.0
Autofac.Mvc5,7.0.0,ok,,net481,lib/net481/Autofac.Integration.Mvc.dll,49152.0,74222.0,52613.0,11.0,53.0,38.0,0.0,13.0,0.0,91.0,,,,,,,,,,,,,,237.0,46.0
AWSSDK.ECR,4.0.101.3,ok,,netstandard2.0,lib/netstandard2.0/AWSSDK.ECR.dll,352424.0,173354.0,767520.0,503.0,566.0,825.0,0.0,743.0,28.0,1391.0,,,,,,,,,,,,,,3837.0,527.0
XunitXml.TestLogger,8.0.0,native_only,,,,,65558.0,104673.0,,,,,,,,,,,,,,,,,,,,,,
Polly.Caching.Memory,3.0.2,ok,,netstandard2.1,lib/netstandard2.1/Polly.Caching.Memory.dll,6656.0,31859.0,28085.0,1.0,4.0,0.0,0.0,1.0,0.0,4.0,,,,,,,,,,,,,,5.0,2.0
Xamarin.Build.Download,0.11.6,native_only,,,,,65558.0,727809.0,,,,,,,,,,,,,,,,,,,,,,
MassTransit.EntityFrameworkCore,9.2.1,ok,,net10.0,lib/net10.0/MassTransit.EntityFrameworkCoreIntegration.dll,241664.0,180322.0,387466.0,88.0,203.0,203.0,0.0,67.0,0.0,406.0,,,,,,,,,,,,,,917.0,217.0
Pomelo.JsonObject,2.2.1,ok,,netstandard2.0,lib/netstandard2.0/Pomelo.JsonObject.dll,8704.0,20826.0,16021.0,2.0,6.0,5.0,0.0,5.0,4.0,11.0,,,,,,,,,,,,,,30.0,4.0
Microsoft.Azure.WebJobs.Extensions.OpenApi.Core,1.6.0,ok,,netstandard2.0,lib/netstandard2.0/Microsoft.Azure.WebJobs.Extensions.OpenApi.Core.dll,2058288.0,644500.0,653389.0,129.0,389.0,145.0,0.0,79.0,0.0,534.0,,,,,,,,,,,,,,987.0,187.0
Serilog.Exceptions.EntityFrameworkCore,8.4.0,ok,,netstandard2.1,lib/netstandard2.1/Serilog.Exceptions.EntityFrameworkCore.dll,11776.0,71559.0,76638.0,1.0,1.0,8.0,0.0,1.0,0.0,9.0,,,,,,,,,,,,,,26.0,8.0
Microsoft.AspNet.WebApi.OwinSelfHost,5.3.0,metapackage,,,,,36642.0,36642.0,,,,,,,,,,,,,,,,,,,,,,
itext.commons,9.7.0,ok,,netstandard2.0,lib/netstandard2.0/itext.commons.dll,192208.0,145170.0,257988.0,242.0,983.0,82.0,0.0,106.0,0.0,1065.0,,,,,,,,,,,,,,1512.0,288.0
Microsoft.OData.Client,9.0.0,ok,,net10.0,lib/net10.0/Microsoft.OData.Client.dll,864560.0,382714.0,575005.0,136.0,326.0,1143.0,8.0,126.0,0.0,1477.0,,,,,,,,,,,,,,4695.0,615.0
Xamarin.Kotlin.StdLib.Jdk8,2.4.0.1,ok,,net10.0-android36.0,lib/net10.0-android36.0/Xamarin.Kotlin.StdLib.Jdk8.dll,15672.0,75505.0,72416.0,0.0,0.0,0.0,0.0,0.0,0.0,0.0,,,,,,,,,,,,,,0.0,1.0
Microsoft.AspNet.WebPages.Data,3.3.0,ok,,net45,lib/net45/WebMatrix.Data.dll,40480.0,80114.0,59146.0,3.0,13.0,39.0,2.0,1.0,0.0,54.0,,,,,,,,,,,,,,159.0,25.0
PropertyChanged.Fody,4.1.0,ok,,netstandard2.1,lib/netstandard2.1/PropertyChanged.dll,6656.0,68698.0,98193.0,10.0,0.0,0.0,0.0,12.0,0.0,0.0,,,,,,,,,,,,,,12.0,11.0
CommunityToolkit.Mvvm,8.4.2,ok,,netstandard2.1,lib/netstandard2.1/CommunityToolkit.Mvvm.dll,143688.0,148661.0,1314190.0,51.0,154.0,83.0,11.0,61.0,1.0,248.0,,,,,,,,,,,,,,576.0,122.0
Volo.Abp.EventBus,10.6.0,ok,,netstandard2.1,lib/netstandard2.1/Volo.Abp.EventBus.dll,87552.0,102054.0,296844.0,32.0,186.0,80.0,0.0,27.0,0.0,266.0,,,,,,,,,,,,,,469.0,94.0
Microsoft.Azure.Management.AppService.Fluent,1.38.1,ok,,netstandard1.4,lib/netstandard1.4/Microsoft.Azure.Management.AppService.Fluent.dll,3970464.0,945196.0,2296065.0,619.0,1877.0,2047.0,0.0,498.0,0.0,3924.0,,,,,,,,,,,,,,11513.0,2399.0
Microsoft.Azure.NotificationHubs,4.2.0,ok,,netstandard2.1,lib/netstandard2.1/Microsoft.Azure.NotificationHubs.dll,427968.0,214806.0,653027.0,99.0,478.0,940.0,0.0,191.0,2.0,1418.0,,,,,,,,,,,,,,2341.0,211.0
Microsoft.Azure.WebJobs.Extensions.OpenApi.Configuration.AppSettings,1.6.0,ok,,netstandard2.0,lib/netstandard2.0/Microsoft.Azure.WebJobs.Extensions.OpenApi.Configuration.AppSettings.dll,18480.0,57376.0,46124.0,4.0,8.0,1.0,0.0,1.0,0.0,9.0,,,,,,,,,,,,,,11.0,5.0
Microsoft.Azure.DocumentDB,2.22.0,ok,,net461,lib/net461/Microsoft.Azure.Documents.Client.dll,2532896.0,861783.0,4589452.0,246.0,612.0,2433.0,8.0,134.0,4.0,3053.0,,,,,,,,,,,,,,10988.0,1656.0
MassTransit.Newtonsoft,9.2.1,ok,,netstandard2.0,lib/netstandard2.0/MassTransit.Newtonsoft.dll,86528.0,113668.0,281716.0,76.0,213.0,78.0,0.0,68.0,0.0,291.0,,,,,,,,,,,,,,455.0,103.0
Xamarin.AndroidX.Migration,1.0.10,native_only,,,,,65558.0,7367612.0,,,,,,,,,,,,,,,,,,,,,,
AspNetCore.HealthChecks.System,9.0.0,ok,,netstandard2.0,lib/netstandard2.0/HealthChecks.System.dll,29184.0,77546.0,58833.0,12.0,26.0,7.0,0.0,11.0,0.0,33.0,,,,,,,,,,,,,,89.0,36.0
Agoda.Frameworks.Http,8.0.154,ok,,netstandard2.0,lib/netstandard2.0/Agoda.Frameworks.Http.dll,17920.0,31310.0,22867.0,8.0,15.0,10.0,1.0,12.0,0.0,26.0,,,,,,,,,,,,,,84.0,24.0
FluentAssertions.Json,8.0.0,ok,,netstandard2.0,lib/netstandard2.0/FluentAssertions.Json.dll,24576.0,76751.0,77752.0,9.0,32.0,6.0,0.0,3.0,0.0,38.0,,,,,,,,,,,,,,88.0,21.0
GraphQL.Analyzers,8.8.5,tools_only,,,,,65558.0,213744.0,,,,,,,,,,,,,,,,,,,,,,
ModelContextProtocol,2.2.0,ok,,netstandard2.0,lib/netstandard2.0/ModelContextProtocol.dll,115712.0,112210.0,228060.0,9.0,47.0,73.0,0.0,2.0,0.0,120.0,,,,,,,,,,,,,,508.0,140.0
Xamarin.AndroidX.ProfileInstaller.ProfileInstaller,1.4.1.8,ok,,net10.0-android36.0,lib/net10.0-android36.0/Xamarin.AndroidX.ProfileInstaller.ProfileInstaller.dll,52576.0,86979.0,188139.0,12.0,13.0,52.0,0.0,11.0,0.0,65.0,,,,,,,,,,,,,,204.0,26.0
Microsoft.Extensions.AI,10.9.0,ok,,netstandard2.0,lib/netstandard2.0/Microsoft.Extensions.AI.dll,537912.0,257826.0,1193772.0,109.0,177.0,297.0,0.0,48.0,0.0,474.0,,,,,,,,,,,,,,2220.0,399.0
Dapper.SqlBuilder,2.1.66,ok,,netstandard2.0,lib/netstandard2.0/Dapper.SqlBuilder.dll,18944.0,75580.0,62281.0,2.0,15.0,5.0,0.0,2.0,0.0,20.0,,,,,,,,,,,,,,41.0,11.0
Xamarin.Google.ErrorProne.Annotations,2.50.0.1,ok,,net10.0-android36.0,lib/net10.0-android36.0/Xamarin.Google.ErrorProne.Annotations.dll,101688.0,96220.0,268873.0,57.0,20.0,144.0,0.0,28.0,0.0,164.0,,,,,,,,,,,,,,756.0,91.0
App.Metrics.Formatters.Prometheus,4.3.0,ok,,netstandard2.1,lib/netstandard2.1/App.Metrics.Formatters.Prometheus.dll,39424.0,78375.0,62165.0,21.0,20.0,33.0,0.0,15.0,0.0,53.0,,,,,,,,,,,,,,151.0,35.0
DH.NIoT,4.18.2026.210,ok,,netstandard2.1,lib/netstandard2.1/DH.NIoT.dll,63488.0,94582.0,615822.0,67.0,182.0,149.0,5.0,37.0,0.0,336.0,,,,,,,,,,,,,,547.0,79.0
Serilog.Filters.Expressions,2.1.0,ok,,netstandard2.0,lib/netstandard2.0/Serilog.Filters.Expressions.dll,77312.0,98603.0,114450.0,5.0,12.0,39.0,0.0,1.0,0.0,51.0,,,,,,,,,,,,,,417.0,95.0
Microsoft.Azure.Devices.Shared,1.30.5,ok,,netstandard2.1,lib/netstandard2.1/Microsoft.Azure.Devices.Shared.dll,39776.0,86323.0,82489.0,25.0,43.0,42.0,0.0,19.0,0.0,85.0,,,,,,,,,,,,,,161.0,31.0
Syncfusion.Pdf.Net.Core,34.2.6,ok,,netstandard2.0,lib/netstandard2.0/Syncfusion.Pdf.Portable.dll,5590528.0,2394403.0,12052267.0,694.0,1081.0,4573.0,48.0,751.0,4.0,5702.0,,,,,,,,,,,,,,18641.0,2092.0
Microsoft.Playwright.TestAdapter,1.62.0,ok,,netstandard2.0,lib/netstandard2.0/Microsoft.Playwright.TestAdapter.dll,29496.0,86340.0,69572.0,2.0,2.0,8.0,0.0,3.0,0.0,10.0,,,,,,,,,,,,,,29.0,8.0
Microsoft.AspNet.WebPages.WebData,3.3.0,ok,,net45,lib/net45/WebMatrix.WebData.dll,74672.0,96112.0,75137.0,8.0,108.0,79.0,0.0,6.0,0.0,187.0,,,,,,,,,,,,,,281.0,44.0
runtime.linux-x64.Microsoft.NETCore.DotNetHostResolver,8.0.30,metapackage,,,,,65558.0,175305.0,,,,,,,,,,,,,,,,,,,,,,
Microsoft.Azure.Management.Network.Fluent,1.38.1,ok,,netstandard1.4,lib/netstandard1.4/Microsoft.Azure.Management.Network.Fluent.dll,4239256.0,1054366.0,2733041.0,1792.0,2692.0,3074.0,0.0,845.0,0.0,5766.0,,,,,,,,,,,,,,16447.0,3783.0
runtime.linux-x64.Microsoft.NETCore.App,2.2.8,native_only,,,,,65558.0,31431140.0,,,,,,,,,,,,,,,,,,,,,,
Lucene.Net.Analysis.Common,4.9.0,ok,,net451,lib/net451/Lucene.Net.Analysis.Common.dll,5152256.0,1362037.0,1308494.0,406.0,1018.0,265.0,0.0,572.0,0.0,1283.0,,,,,,,,,,,,,,3079.0,523.0
runtime.linux-x64.Microsoft.NETCore.DotNetHostPolicy,8.0.30,metapackage,,,,,65558.0,186122.0,,,,,,,,,,,,,,,,,,,,,,
runtime.linux-x64.Microsoft.NETCore.DotNetAppHost,10.0.11,metapackage,,,,,65558.0,8025262.0,,,,,,,,,,,,,,,,,,,,,,
Hangfire.Console,1.4.3,ok,,netstandard1.3,lib/netstandard1.3/Hangfire.Console.dll,62976.0,90727.0,72330.0,12.0,29.0,31.0,0.0,1.0,1.0,60.0,,,,,,,,,,,,,,206.0,47.0
Microsoft.SqlServer.TransactSql.ScriptDom,180.102.0,ok,,netstandard2.1,lib/netstandard2.1/Microsoft.SqlServer.TransactSql.ScriptDom.dll,6954296.0,2043782.0,21079887.0,1377.0,4601.0,2169.0,0.0,1131.0,0.0,6770.0,,,,,,,,,,,,,,31452.0,1683.0
Google.Cloud.Logging.Type,4.3.0,ok,,netstandard2.0,lib/netstandard2.0/Google.Cloud.Logging.Type.dll,18432.0,71212.0,62451.0,4.0,9.0,20.0,0.0,2.0,0.0,29.0,,,,,,,,,,,,,,56.0,8.0
Reqnroll,3.3.4,ok,,netstandard2.0,lib/netstandard2.0/Reqnroll.dll,790016.0,348728.0,340207.0,537.0,1254.0,839.0,27.0,390.0,4.0,2120.0,,,,,,,,,,,,,,4653.0,943.0
Microsoft.WindowsAppSDK,2.4.0,metapackage,,,,,65558.0,72204.0,,,,,,,,,,,,,,,,,,,,,,
Microsoft.NETCore.App.Host.linux-musl-x64,10.0.11,metapackage,,,,,65558.0,5553172.0,,,,,,,,,,,,,,,,,,,,,,
Aspire.Hosting.AppHost,13.5.3,ok,,net10.0,lib/net10.0/Aspire.Hosting.AppHost.dll,27488.0,88231.0,215797.0,0.0,0.0,0.0,0.0,0.0,0.0,0.0,,,,,,,,,,,,,,0.0,1.0
ServiceStack.Redis,10.1.4,ok,,net10.0,lib/net10.0/ServiceStack.Redis.dll,898048.0,425442.0,1505897.0,87.0,1129.0,387.0,8.0,101.0,0.0,1524.0,,,,,,,,,,,,,,4516.0,470.0
SqlKata,4.0.1,ok,,net8.0,lib/net8.0/SqlKata.Core.dll,99840.0,94758.0,54698.0,66.0,467.0,130.0,0.0,63.0,0.0,597.0,,,,,,,,,,,,,,878.0,94.0
Duende.IdentityServer,8.0.6,ok,,net10.0,lib/net10.0/Duende.IdentityServer.dll,2223104.0,971799.0,1105220.0,650.0,1102.0,2122.0,0.0,467.0,28.0,3224.0,,,,,,,,,,,,,,9661.0,1920.0
AspNetCore.HealthChecks.AzureStorage,7.0.0,ok,,netstandard2.0,lib/netstandard2.0/HealthChecks.AzureStorage.dll,33280.0,56172.0,36711.0,7.0,16.0,5.0,0.0,11.0,0.0,21.0,,,,,,,,,,,,,,99.0,42.0
MimeMapping,4.0.0,ok,,netstandard2.0,lib/netstandard2.0/MimeMapping.dll,300032.0,172295.0,268877.0,3.0,2.0,2.0,0.0,0.0,0.0,4.0,,,,,,,,,,,,,,27.0,11.0
OpenIddict.Validation.SystemNetHttp,7.6.1,ok,,netstandard2.1,lib/netstandard2.1/OpenIddict.Validation.SystemNetHttp.dll,611840.0,270385.0,1581271.0,118.0,189.0,201.0,0.0,22.0,0.0,390.0,,,,,,,,,,,,,,2540.0,449.0
Xamarin.AndroidX.MultiDex,2.0.1.37,ok,,net10.0-android36.0,lib/net10.0-android36.0/Xamarin.AndroidX.MultiDex.dll,15712.0,75460.0,99528.0,0.0,0.0,0.0,0.0,0.0,0.0,0.0,,,,,,,,,,,,,,0.0,1.0
Xamarin.Kotlin.StdLib.Jdk7,2.4.0.1,ok,,net10.0-android36.0,lib/net10.0-android36.0/Xamarin.Kotlin.StdLib.Jdk7.dll,15712.0,75510.0,72332.0,0.0,0.0,0.0,0.0,0.0,0.0,0.0,,,,,,,,,,,,,,0.0,1.0
ModelContextProtocol.Core,2.2.0,ok,,netstandard2.0,lib/netstandard2.0/ModelContextProtocol.Core.dll,1325568.0,488629.0,2318618.0,243.0,231.0,1099.0,1.0,227.0,5.0,1331.0,,,,,,,,,,,,,,5919.0,757.0
Xamarin.AndroidX.ViewPager2,1.1.0.11,ok,,net10.0-android36.0,lib/net10.0-android36.0/Xamarin.AndroidX.ViewPager2.dll,74552.0,91076.0,223155.0,15.0,45.0,75.0,0.0,14.0,0.0,120.0,,,,,,,,,,,,,,354.0,42.0
OpenTelemetry.Exporter.Zipkin,1.18.0,ok,,netstandard2.0,lib/netstandard2.0/OpenTelemetry.Exporter.Zipkin.dll,57344.0,92633.0,209392.0,5.0,9.0,48.0,0.0,4.0,0.0,57.0,,,,,,,,,,,,,,276.0,57.0
System.Net.Http.Formatting.Extension,5.2.3,ok,,,lib/System.Net.Http.Extensions.dll,22232.0,78595.0,115544.0,1.0,5.0,0.0,0.0,0.0,0.0,5.0,,,,,,,,,,,,,,6.0,3.0
dotMorten.Microsoft.SqlServer.Types,2.5.0,ok,,netstandard2.0,lib/netstandard2.0/Microsoft.SqlServer.Types.dll,75128.0,95573.0,77514.0,13.0,97.0,55.0,0.0,8.0,6.0,152.0,,,,,,,,,,,,,,315.0,44.0
Amazon.Lambda.RuntimeSupport,2.2.0,ok,,net10.0,lib/net10.0/Amazon.Lambda.RuntimeSupport.dll,221864.0,154044.0,340949.0,30.0,136.0,152.0,0.0,29.0,0.0,288.0,,,,,,,,,,,,,,1002.0,203.0
Dapr.AspNetCore,1.18.5,ok,,net10.0,lib/net10.0/Dapr.AspNetCore.dll,57344.0,91595.0,113478.0,28.0,16.0,87.0,0.0,25.0,0.0,103.0,,,,,,,,,,,,,,291.0,61.0
Volo.Abp.ObjectMapping,10.6.0,ok,,netstandard2.1,lib/netstandard2.1/Volo.Abp.ObjectMapping.dll,16384.0,73825.0,102691.0,13.0,22.0,3.0,0.0,4.0,0.0,25.0,,,,,,,,,,,,,,55.0,25.0
Xamarin.FFImageLoading,2.4.11.982,ok,,netstandard1.0,lib/netstandard1.0/FFImageLoading.dll,186880.0,145549.0,1437202.0,90.0,257.0,305.0,6.0,50.0,0.0,568.0,,,,,,,,,,,,,,1220.0,190.0
Microsoft.NET.Workloads.10.0.400,10.400.1,metapackage,,,,,30296.0,30296.0,,,,,,,,,,,,,,,,,,,,,,
System.Interactive,7.0.1,ok,,netstandard2.1,ref/netstandard2.1/System.Interactive.dll,28112.0,81494.0,268730.0,5.0,75.0,14.0,0.0,0.0,0.0,89.0,,,,,,,,,,,,,,138.0,21.0
Google.Cloud.SecretManager.V1,2.8.0,ok,,netstandard2.0,lib/netstandard2.0/Google.Cloud.SecretManager.V1.dll,182272.0,128281.0,244871.0,66.0,617.0,266.0,0.0,80.0,6.0,883.0,,,,,,,,,,,,,,1375.0,113.0
Serilog.Sinks.AwsCloudWatch,4.4.42,ok,,netstandard2.0,lib/netstandard2.0/Serilog.Sinks.AwsCloudWatch.dll,26112.0,78484.0,86864.0,9.0,9.0,20.0,0.0,5.0,0.0,29.0,,,,,,,,,,,,,,80.0,20.0
protobuf-net.Reflection,3.4.21,ok,,netstandard2.0,lib/netstandard2.0/protobuf-net.Reflection.dll,612352.0,291592.0,502266.0,75.0,387.0,451.0,0.0,48.0,0.0,838.0,,,,,,,,,,,,,,1641.0,150.0
itext,9.7.0,ok,,netstandard2.0,lib/netstandard2.0/itext.io.dll,1819344.0,601653.0,5320091.0,217.0,1347.0,49.0,0.0,232.0,0.0,1396.0,,,,,,,,,,,,,,2592.0,358.0
xunit.v3.core.mtp-v1,3.2.2,ok,,net8.0,lib/net8.0/xunit.v3.mtp-v1.dll,123144.0,128434.0,434820.0,14.0,31.0,31.0,0.0,12.0,0.0,62.0,,,,,,,,,,,,,,265.0,52.0
Azure.Messaging.EventHubs.Processor,5.12.2,ok,,netstandard2.0,lib/netstandard2.0/Azure.Messaging.EventHubs.Processor.dll,177224.0,134734.0,245910.0,11.0,42.0,162.0,4.0,18.0,0.0,208.0,,,,,,,,,,,,,,625.0,95.0
Xamarin.AndroidX.Annotation.Jvm,1.10.0.1,ok,,net10.0-android36.0,lib/net10.0-android36.0/Xamarin.AndroidX.Annotation.Jvm.dll,220472.0,123809.0,512262.0,149.0,62.0,375.0,0.0,68.0,0.0,437.0,,,,,,,,,,,,,,2012.0,231.0
NodaTime.Serialization.SystemTextJson,1.4.0,ok,,netstandard2.0,lib/netstandard2.0/NodaTime.Serialization.SystemTextJson.dll,35784.0,85391.0,96909.0,8.0,23.0,36.0,0.0,8.0,0.0,59.0,,,,,,,,,,,,,,135.0,22.0
Microsoft.AspNetCore.SignalR.Protocols.MessagePack,10.0.11,ok,,netstandard2.0,lib/netstandard2.0/Microsoft.AspNetCore.SignalR.Protocols.MessagePack.dll,43856.0,88770.0,116183.0,3.0,6.0,38.0,0.0,3.0,0.0,44.0,,,,,,,,,,,,,,178.0,42.0
Microsoft.ML.DataView,5.0.0,ok,,netstandard2.0,lib/netstandard2.0/Microsoft.ML.DataView.dll,48400.0,91056.0,74302.0,27.0,80.0,49.0,0.0,18.0,0.0,129.0,,,,,,,,,,,,,,237.0,48.0
Microsoft.Testing.Extensions.CodeCoverage,18.11.0,ok,,netstandard2.0,lib/netstandard2.0/Mono.Cecil.dll,384232.0,239277.0,18181189.0,178.0,305.0,840.0,1.0,116.0,4.0,1146.0,,,,,,,,,,,,,,3166.0,355.0
AWSSDK.SecretsManager.Caching,3.0.0,ok,,netstandard2.0,lib/netstandard2.0/Amazon.SecretsManager.Extensions.Caching.dll,36520.0,57539.0,37602.0,6.0,21.0,9.0,0.0,7.0,0.0,30.0,,,,,,,,,,,,,,89.0,24.0
MongoDB.Driver.GridFS,2.30.0,ok,,netstandard2.1,lib/netstandard2.1/MongoDB.Driver.GridFS.dll,100352.0,107185.0,167977.0,25.0,111.0,88.0,0.0,30.0,0.0,199.0,,,,,,,,,,,,,,520.0,90.0
ProtoBufJsonConverter,0.11.0,ok,,netstandard2.1,lib/netstandard2.1/ProtoBufJsonConverter.dll,731136.0,351289.0,1401755.0,43.0,70.0,512.0,0.0,30.0,2.0,582.0,,,,,,,,,,,,,,2532.0,326.0
DeepCloner,0.10.4,ok,,netstandard1.3,lib/netstandard1.3/DeepCloner.dll,29184.0,56925.0,43311.0,2.0,6.0,0.0,0.0,1.0,0.0,6.0,,,,,,,,,,,,,,122.0,28.0
ZString,2.6.0,ok,,netstandard2.1,lib/netstandard2.1/ZString.dll,256512.0,141225.0,279220.0,45.0,487.0,89.0,0.0,40.0,0.0,576.0,,,,,,,,,,,,,,1015.0,98.0
Azure.Messaging.EventGrid.SystemEvents,1.1.0,ok,,netstandard2.0,lib/netstandard2.0/Azure.Messaging.EventGrid.SystemEvents.dll,1755488.0,464244.0,1648929.0,381.0,1737.0,1916.0,0.0,51.0,154.0,3653.0,,,,,,,,,,,,,,8960.0,1124.0
xunit.v3.mtp-v1,3.2.2,metapackage,,,,,32307.0,32307.0,,,,,,,,,,,,,,,,,,,,,,
Volo.Abp.Ddd.Domain,10.6.0,ok,,netstandard2.1,lib/netstandard2.1/Volo.Abp.Ddd.Domain.dll,165888.0,131076.0,487064.0,102.0,259.0,137.0,0.0,85.0,0.0,396.0,,,,,,,,,,,,,,859.0,235.0
Xamarin.Android.Support.Core.Utils,28.0.0.3,ok,,monoandroid70,lib/monoandroid70/Xamarin.Android.Support.Core.Utils.dll,177304.0,116616.0,493020.0,37.0,175.0,158.0,0.0,32.0,0.0,333.0,,,,,,,,,,,,,,765.0,66.0
Xamarin.Android.Support.Compat,28.0.0.3,ok,,monoandroid70,lib/monoandroid70/Xamarin.Android.Support.Compat.dll,2333328.0,533578.0,4099468.0,407.0,2680.0,1634.0,3.0,326.0,0.0,4317.0,,,,,,,,,,,,,,11461.0,590.0
elmah.corelibrary,1.2.2,ok,,,lib/Elmah.dll,176128.0,151538.0,97921.0,77.0,210.0,147.0,10.0,82.0,0.0,367.0,,,,,,,,,,,,,,808.0,144.0
Microsoft.Data.SqlClient.Extensions.Abstractions,7.0.2,ok,,netstandard2.0,lib/netstandard2.0/Microsoft.Data.SqlClient.Extensions.Abstractions.dll,23488.0,65869.0,52411.0,5.0,7.0,15.0,0.0,5.0,0.0,22.0,,,,,,,,,,,,,,37.0,13.0
FluentMigrator.Runner.SqlServerCe,3.3.2,ok,,netstandard2.0,lib/netstandard2.0/System.Data.SqlServerCe.dll,470240.0,218880.0,2651063.0,59.0,387.0,313.0,7.0,52.0,0.0,707.0,,,,,,,,,,,,,,2679.0,375.0
Microsoft.Data.SqlClient.Internal.Logging,7.0.2,ok,,netstandard2.0,lib/netstandard2.0/Microsoft.Data.SqlClient.Internal.Logging.dll,53656.0,76640.0,58845.0,6.0,114.0,2.0,0.0,3.0,0.0,116.0,,,,,,,,,,,,,,131.0,14.0
OpenIddict.Validation.ServerIntegration,7.6.1,ok,,netstandard2.1,lib/netstandard2.1/OpenIddict.Validation.ServerIntegration.dll,536064.0,252210.0,1442677.0,90.0,154.0,168.0,0.0,3.0,0.0,322.0,,,,,,,,,,,,,,2361.0,401.0
AspNetCore.HealthChecks.UI.Data,9.0.0,ok,,net8.0,lib/net8.0/HealthChecks.UI.Data.dll,27136.0,51998.0,34421.0,7.0,3.0,33.0,0.0,8.0,0.0,36.0,,,,,,,,,,,,,,96.0,19.0
Microsoft.Maui.Controls,10.0.100,metapackage,,,,,43723.0,43723.0,,,,,,,,,,,,,,,,,,,,,,
FluentMigrator.Runner.SqlAnywhere,3.3.2,ok,,netstandard2.0,lib/netstandard2.0/FluentMigrator.Runner.SqlAnywhere.dll,37376.0,80450.0,87827.0,9.0,40.0,17.0,0.0,13.0,0.0,57.0,,,,,,,,,,,,,,105.0,17.0
Npgsql.NodaTime,10.0.3,ok,,net8.0,lib/net8.0/Npgsql.NodaTime.dll,32256.0,54702.0,40573.0,2.0,7.0,23.0,0.0,1.0,0.0,30.0,,,,,,,,,,,,,,159.0,29.0
Microsoft.AspNetCore.Mvc.Razor.Host,1.1.8,ok,,netstandard1.6,lib/netstandard1.6/Microsoft.AspNetCore.Mvc.Razor.Host.dll,63464.0,93889.0,87307.0,31.0,57.0,41.0,0.0,25.0,0.0,98.0,,,,,,,,,,,,,,238.0,47.0
NWebsec.AspNetCore.Core,3.0.1,ok,,netcoreapp3.1,lib/netcoreapp3.1/NWebsec.AspNetCore.Core.dll,58368.0,63570.0,39585.0,82.0,171.0,208.0,0.0,38.0,0.0,379.0,,,,,,,,,,,,,,677.0,88.0
SpecFlow.xUnit,3.9.74,ok,,netstandard2.0,lib/netstandard2.0/TechTalk.SpecFlow.xUnit.SpecFlowPlugin.dll,17408.0,74135.0,155223.0,9.0,10.0,2.0,0.0,15.0,0.0,12.0,,,,,,,,,,,,,,40.0,14.0
AWSSDK.SimpleEmailV2,4.0.104,ok,,netstandard2.0,lib/netstandard2.0/AWSSDK.SimpleEmailV2.dll,587432.0,235452.0,1228496.0,866.0,993.0,1263.0,0.0,923.0,55.0,2256.0,,,,,,,,,,,,,,6011.0,915.0
IronPdf.Native.Chrome.Windows,2026.9.4,native_only,,,,,65558.0,234107902.0,,,,,,,,,,,,,,,,,,,,,,
OpenIddict,7.6.1,metapackage,,,,,20998.0,20998.0,,,,,,,,,,,,,,,,,,,,,,
Auth0.ManagementApi,10.1.0,ok,,netstandard2.0,lib/netstandard2.0/Auth0.ManagementApi.dll,11362304.0,2966008.0,5819739.0,4916.0,21842.0,18988.0,0.0,5601.0,11620.0,40830.0,,,,,,,,,,,,,,90107.0,7229.0
Xamarin.AndroidX.ConstraintLayout,2.2.2,ok,,net10.0-android36.0,lib/net10.0-android36.0/Xamarin.AndroidX.ConstraintLayout.dll,752480.0,233291.0,1455886.0,84.0,572.0,744.0,4.0,203.0,0.0,1320.0,,,,,,,,,,,,,,4074.0,222.0
FluentMigrator.Extensions.SqlAnywhere,3.3.2,ok,,netstandard2.0,lib/netstandard2.0/FluentMigrator.Extensions.SqlAnywhere.dll,9216.0,42099.0,37484.0,2.0,5.0,0.0,0.0,0.0,0.0,5.0,,,,,,,,,,,,,,7.0,3.0
Microsoft.SharePointOnline.CSOM,16.1.27515.12000,ok,,netstandard2.0,lib/netstandard2.0/Microsoft.SharePoint.Client.dll,1783640.0,589263.0,5559379.0,1227.0,2039.0,4452.0,0.0,731.0,0.0,6491.0,,,,,,,,,,,,,,10065.0,1238.0
Pulumi,3.113.1,ok,,net6.0,lib/net6.0/Pulumi.dll,1454080.0,524220.0,1020799.0,199.0,678.0,1915.0,0.0,207.0,61.0,2593.0,,,,,,,,,,,,,,8868.0,1062.0
Microsoft.NET.Workloads.10.0.300.Msi.x64,10.303.1,metapackage,,,,,65558.0,363557.0,,,,,,,,,,,,,,,,,,,,,,
Microsoft.Web.WebJobs.Publish,17.1.361,native_only,,,,,65558.0,304004.0,,,,,,,,,,,,,,,,,,,,,,
OpenIddict.Server.AspNetCore,7.6.1,ok,,net10.0,lib/net10.0/OpenIddict.Server.AspNetCore.dll,103936.0,108563.0,1174397.0,70.0,72.0,63.0,0.0,46.0,0.0,135.0,,,,,,,,,,,,,,431.0,124.0
Microsoft.WSMan.Management,7.6.5,ok,,net10.0,ref/net10.0/Microsoft.WSMan.Management.dll,174368.0,117978.0,198290.0,42.0,133.0,156.0,0.0,26.0,0.0,289.0,,,,,,,,,,,,,,488.0,53.0
Volo.Abp.ExceptionHandling,10.6.0,ok,,netstandard2.1,lib/netstandard2.1/Volo.Abp.ExceptionHandling.dll,78848.0,91796.0,201724.0,12.0,15.0,23.0,0.0,23.0,0.0,38.0,,,,,,,,,,,,,,92.0,22.0
OpenTelemetry.Contrib.Extensions.AWSXRay,1.2.0,ok,,netstandard2.0,lib/netstandard2.0/OpenTelemetry.Contrib.Extensions.AWSXRay.dll,38912.0,66386.0,48976.0,11.0,11.0,14.0,0.0,7.0,0.0,25.0,,,,,,,,,,,,,,129.0,29.0
Xamarin.Android.Support.Annotations,28.0.0.3,ok,,monoandroid71,lib/monoandroid71/Xamarin.Android.Support.Annotations.dll,133272.0,113864.0,242665.0,95.0,27.0,122.0,0.0,44.0,0.0,149.0,,,,,,,,,,,,,,1081.0,143.0
Testably.Abstractions.FileSystem.Interface,10.3.0,ok,,netstandard2.1,lib/netstandard2.1/Testably.Abstractions.FileSystem.Interface.dll,26624.0,76867.0,127017.0,22.0,244.0,95.0,5.0,2.0,1.0,344.0,,,,,,,,,,,,,,382.0,29.0
Microsoft.WSMan.Runtime,7.6.5,ok,,net10.0,ref/net10.0/Microsoft.WSMan.Runtime.dll,145184.0,106841.0,113882.0,3.0,0.0,10.0,0.0,1.0,0.0,10.0,,,,,,,,,,,,,,21.0,4.0
Akka,1.5.71,ok,,netstandard2.0,lib/netstandard2.0/Akka.dll,995840.0,439887.0,1142235.0,666.0,1847.0,1471.0,0.0,603.0,66.0,3318.0,,,,,,,,,,,,,,7163.0,1263.0
Abp,10.5.0,ok,,net9.0,lib/net9.0/Abp.dll,927744.0,390878.0,417501.0,810.0,2226.0,1165.0,15.0,504.0,6.0,3406.0,,,,,,,,,,,,,,6199.0,1345.0
CliWrap,3.10.5,ok,,netstandard2.1,lib/netstandard2.1/CliWrap.dll,948736.0,636891.0,2417854.0,617.0,1007.0,227.0,0.0,25.0,22.0,1234.0,,,,,,,,,,,,,,3458.0,1206.0
DH.NRedis,4.18.2026.210,ok,,netstandard2.1,lib/netstandard2.1/DH.NRedis.dll,250368.0,173787.0,721585.0,58.0,392.0,249.0,7.0,62.0,0.0,648.0,,,,,,,,,,,,,,1561.0,283.0
MiniProfiler,4.5.4,ok,,net472,lib/net472/MiniProfiler.dll,34816.0,60271.0,39974.0,5.0,22.0,19.0,0.0,4.0,0.0,41.0,,,,,,,,,,,,,,93.0,21.0
NuGet.Packaging.Core,6.9.1,ok,,netstandard2.0,lib/netstandard2.0/NuGet.Packaging.Core.dll,16312.0,69909.0,59839.0,0.0,0.0,0.0,0.0,0.0,0.0,0.0,,,,,,,,,,,,,,0.0,1.0
FileHelpers,3.5.2,ok,,netstandard2.0,lib/netstandard2.0/FileHelpers.dll,146944.0,126017.0,385660.0,102.0,183.0,255.0,15.0,122.0,0.0,453.0,,,,,,,,,,,,,,1118.0,174.0
Microsoft.PowerShell.SDK,7.6.5,ok,,net10.0,ref/net10.0/System.Management.Automation.dll,1930008.0,644161.0,4804185.0,834.0,1888.0,8470.0,157.0,900.0,42.0,10515.0,,,,,,,,,,,,,,25932.0,3330.0
Microsoft.NET.Sdk.iOS.Manifest-6.0.400.Msi.x64,16.4.60,metapackage,,,,,65558.0,330539.0,,,,,,,,,,,,,,,,,,,,,,
AWSSDK.XRay,4.0.100.11,ok,,netstandard2.0,lib/netstandard2.0/AWSSDK.XRay.dll,268968.0,155756.0,600634.0,347.0,364.0,670.0,0.0,397.0,10.0,1034.0,,,,,,,,,,,,,,2829.0,384.0
Grpc.Net.Client.Web,2.83.0,ok,,netstandard2.1,lib/netstandard2.1/Grpc.Net.Client.Web.dll,36352.0,83302.0,191390.0,2.0,1.0,23.0,0.0,4.0,0.0,24.0,,,,,,,,,,,,,,144.0,37.0
Microsoft.NET.Sdk.MacCatalyst.Manifest-6.0.400.Msi.x64,16.4.60,metapackage,,,,,65558.0,330465.0,,,,,,,,,,,,,,,,,,,,,,
runtime.ubuntu.14.04-x64.Microsoft.NETCore.Runtime.CoreCLR,1.1.13,native_only,,,,,65558.0,12884426.0,,,,,,,,,,,,,,,,,,,,,,
RavenDB.Client,7.2.6,ok,,netstandard2.1,lib/netstandard2.1/Sparrow.dll,389632.0,230897.0,8110721.0,115.0,773.0,183.0,3.0,99.0,71.0,959.0,,,,,,,,,,,,,,2277.0,373.0
Microsoft.NET.Sdk.Android.Manifest-6.0.400.Msi.x64,32.0.509,metapackage,,,,,65558.0,330859.0,,,,,,,,,,,,,,,,,,,,,,
Microsoft.AspNet.Providers.Core,2.0.0,ok,,net40,lib/net40/System.Web.Providers.dll,157344.0,118244.0,68552.0,11.0,52.0,230.0,0.0,11.0,0.0,282.0,,,,,,,,,,,,,,629.0,78.0
Microsoft.NETCore.App.Runtime.Mono.android-arm,10.0.11,native_only,,,,,65558.0,25039073.0,,,,,,,,,,,,,,,,,,,,,,
SpecFlow.Plus.LivingDocPlugin,3.9.57,ok,,netstandard2.0,lib/netstandard2.0/LivingDoc.Dtos.dll,23040.0,62933.0,53269.0,31.0,4.0,109.0,0.0,21.0,0.0,113.0,,,,,,,,,,,,,,237.0,34.0
Microsoft.NET.Sdk.macOS.Manifest-6.0.400.Msi.x64,13.3.60,metapackage,,,,,65558.0,330378.0,,,,,,,,,,,,,,,,,,,,,,
runtime.ubuntu.14.04-x64.Microsoft.NETCore.Jit,1.1.13,metapackage,,,,,65558.0,1151911.0,,,,,,,,,,,,,,,,,,,,,,
Microsoft.NETCore.App.Runtime.Mono.android-x64,10.0.11,native_only,,,,,65558.0,26480600.0,,,,,,,,,,,,,,,,,,,,,,
Xamarin.Android.Support.v4,28.0.0.3,ok,,monoandroid60,lib/monoandroid60/Xamarin.Android.Support.v4.dll,1943688.0,512444.0,552434.0,409.0,1990.0,1777.0,17.0,455.0,0.0,3784.0,,,,,,,,,,,,,,8885.0,581.0
AWSSDK.S3Control,4.0.100.11,ok,,netstandard2.0,lib/netstandard2.0/AWSSDK.S3Control.dll,552616.0,235715.0,1293733.0,779.0,848.0,1271.0,0.0,835.0,51.0,2119.0,,,,,,,,,,,,,,5674.0,816.0
Microsoft.Azure.SignalR.Management,1.33.1,ok,,netstandard2.0,lib/netstandard2.0/Microsoft.Azure.SignalR.Common.dll,286008.0,178553.0,404354.0,39.0,18.0,179.0,7.0,41.0,2.0,204.0,,,,,,,,,,,,,,1259.0,288.0
Google.Apis.Calendar.v3,1.75.0.4206,ok,,netstandard2.0,lib/netstandard2.0/Google.Apis.Calendar.v3.dll,111616.0,104306.0,267742.0,112.0,96.0,623.0,0.0,99.0,0.0,719.0,,,,,,,,,,,,,,1314.0,113.0
AWSXRayRecorder.Handlers.System.Net,2.13.0,ok,,netstandard2.0,lib/netstandard2.0/AWSXRayRecorder.Handlers.System.Net.dll,31904.0,87941.0,99190.0,4.0,4.0,1.0,0.0,4.0,0.0,5.0,,,,,,,,,,,,,,29.0,10.0
Z.EntityFramework.Extensions,10.105.8,ok,,netstandard2.1,lib/netstandard2.1/Z.EntityFramework.Extensions.dll,2279424.0,746717.0,4299358.0,160.0,1249.0,1328.0,0.0,200.0,0.0,2577.0,,,,,,,,,,,,,,9444.0,1537.0
Microsoft.NET.Sdk.Maui.Manifest-6.0.400.Msi.x64,6.0.553,metapackage,,,,,65558.0,331399.0,,,,,,,,,,,,,,,,,,,,,,
Microsoft.NET.Sdk.tvOS.Manifest-6.0.400.Msi.x64,16.4.60,metapackage,,,,,65558.0,330397.0,,,,,,,,,,,,,,,,,,,,,,
TimeZoneNames,7.0.0,ok,,netstandard2.1,lib/netstandard2.1/TimeZoneNames.dll,1711104.0,1744750.0,10093097.0,2.0,15.0,45.0,0.0,1.0,0.0,60.0,,,,,,,,,,,,,,281.0,30.0
EntityFrameworkCore.SqlServer.HierarchyId.Abstractions,4.0.0,ok,,netstandard2.0,lib/netstandard2.0/EntityFrameworkCore.SqlServer.HierarchyId.Abstractions.dll,7680.0,23013.0,18959.0,1.0,13.0,0.0,0.0,0.0,6.0,13.0,,,,,,,,,,,,,,24.0,4.0
Microsoft.NETCore.App.Runtime.Mono.android-x86,10.0.11,native_only,,,,,65558.0,25204452.0,,,,,,,,,,,,,,,,,,,,,,
sqlite-net-pcl,1.11.285,ok,,netstandard2.0,lib/netstandard2.0/SQLite-net.dll,107520.0,113404.0,263329.0,39.0,368.0,115.0,2.0,36.0,0.0,485.0,,,,,,,,,,,,,,895.0,139.0
Aspire.AppHost.Sdk,13.5.3,tools_only,,,,,65558.0,1951083.0,,,,,,,,,,,,,,,,,,,,,,
Microsoft.NETCore.App.Runtime.Mono.android-arm64,10.0.11,native_only,,,,,65558.0,26568582.0,,,,,,,,,,,,,,,,,,,,,,
AsyncFixer,2.1.0,tools_only,,,,,65558.0,88131.0,,,,,,,,,,,,,,,,,,,,,,
runtime.ubuntu.14.04-x64.Microsoft.NETCore.DotNetHostPolicy,1.1.13,metapackage,,,,,65558.0,299131.0,,,,,,,,,,,,,,,,,,,,,,
Reqnroll.Tools.MsBuild.Generation,3.3.4,native_only,,,,,65558.0,5173832.0,,,,,,,,,,,,,,,,,,,,,,
Volo.Abp.Authorization,10.6.0,ok,,netstandard2.1,lib/netstandard2.1/Volo.Abp.Authorization.dll,129024.0,112967.0,348013.0,40.0,110.0,41.0,0.0,29.0,0.0,151.0,,,,,,,,,,,,,,442.0,154.0
App.Metrics.AspNetCore.Routing,4.3.0,ok,,netstandard2.0,lib/netstandard2.0/App.Metrics.AspNetCore.Routing.dll,8192.0,33321.0,29154.0,2.0,4.0,0.0,0.0,1.0,0.0,4.0,,,,,,,,,,,,,,14.0,5.0
UnitsNet,5.75.1,ok,,netstandard2.0,lib/netstandard2.0/UnitsNet.dll,2504704.0,735491.0,3430618.0,311.0,5690.0,3738.0,0.0,311.0,2032.0,9428.0,,,,,,,,,,,,,,19384.0,664.0
Microsoft.ServiceFabric.Data.Interfaces,8.7.157,ok,,netstandard2.0,lib/netstandard2.0/Microsoft.ServiceFabric.Data.Interfaces.dll,40752.0,85446.0,118657.0,42.0,95.0,73.0,3.0,26.0,0.0,171.0,,,,,,,,,,,,,,249.0,45.0
Microsoft.PowerShell.ConsoleHost,7.6.5,ok,,net10.0,ref/net10.0/Microsoft.PowerShell.ConsoleHost.dll,177432.0,120089.0,340494.0,5.0,6.0,288.0,2.0,4.0,0.0,296.0,,,,,,,,,,,,,,534.0,55.0
EntityFrameworkCore.SqlServer.HierarchyId,4.0.0,ok,,net6.0,lib/net6.0/EntityFrameworkCore.SqlServer.HierarchyId.dll,23552.0,37724.0,26517.0,3.0,3.0,10.0,0.0,1.0,0.0,13.0,,,,,,,,,,,,,,72.0,21.0
AWSSDK.CloudWatchEvents,4.0.100.11,ok,,netstandard2.0,lib/netstandard2.0/AWSSDK.CloudWatchEvents.dll,258216.0,149811.0,650119.0,396.0,440.0,667.0,0.0,465.0,14.0,1107.0,,,,,,,,,,,,,,2944.0,399.0
Microsoft.PowerShell.Commands.Utility,7.6.5,ok,,net10.0,ref/net10.0/Microsoft.PowerShell.Commands.Utility.dll,294688.0,154715.0,759349.0,185.0,236.0,754.0,0.0,180.0,0.0,990.0,,,,,,,,,,,,,,1992.0,334.0
Xamarin.AndroidX.Lifecycle.Process,2.11.0.1,ok,,net10.0-android36.0,lib/net10.0-android36.0/Xamarin.AndroidX.Lifecycle.Process.dll,22328.0,78399.0,108856.0,3.0,4.0,13.0,0.0,1.0,0.0,17.0,,,,,,,,,,,,,,34.0,6.0
Microsoft.PowerShell.Security,7.6.5,ok,,net10.0,ref/net10.0/Microsoft.PowerShell.Security.dll,156456.0,110408.0,218355.0,15.0,30.0,48.0,0.0,15.0,0.0,78.0,,,,,,,,,,,,,,141.0,25.0
System.Linq.Dynamic,1.0.8,ok,,net40,lib/net40/System.Linq.Dynamic.dll,49664.0,86586.0,508328.0,5.0,33.0,5.0,0.0,3.0,0.0,38.0,,,,,,,,,,,,,,232.0,27.0
Microsoft.PowerShell.Commands.Management,7.6.5,ok,,net10.0,ref/net10.0/Microsoft.PowerShell.Commands.Management.dll,211224.0,127035.0,473855.0,68.0,86.0,377.0,0.0,68.0,0.0,463.0,,,,,,,,,,,,,,981.0,173.0
unleash.client,6.2.3,ok,,netstandard2.0,lib/netstandard2.0/Unleash.Client.dll,126464.0,118491.0,142311.0,35.0,74.0,156.0,4.0,24.0,0.0,234.0,,,,,,,,,,,,,,858.0,167.0
Microsoft.ServiceFabric.Data.Extensions,8.7.157,ok,,netstandard2.0,lib/netstandard2.0/Microsoft.ServiceFabric.Data.Extensions.dll,88376.0,103773.0,256918.0,0.0,0.0,16.0,4.0,0.0,0.0,20.0,,,,,,,,,,,,,,283.0,53.0
MetadataReferenceService.Default,0.0.1,ok,,netstandard2.1,lib/netstandard2.1/MetadataReferenceService.Default.dll,7680.0,36995.0,33293.0,2.0,2.0,0.0,0.0,2.0,0.0,2.0,,,,,,,,,,,,,,13.0,9.0
MetadataReferenceService.Abstractions,0.0.1,ok,,netstandard2.1,lib/netstandard2.1/MetadataReferenceService.Abstractions.dll,7680.0,27242.0,23567.0,2.0,3.0,3.0,0.0,0.0,0.0,6.0,,,,,,,,,,,,,,17.0,11.0
NWebsec.AspNetCore.Middleware,3.0.0,ok,,netcoreapp3.1,lib/netcoreapp3.1/NWebsec.AspNetCore.Middleware.dll,18944.0,30667.0,21686.0,13.0,22.0,0.0,0.0,11.0,0.0,22.0,,,,,,,,,,,,,,58.0,19.0
Microsoft.AspNetCore.Authentication.Certificate,10.0.11,ok,,net10.0,lib/net10.0/Microsoft.AspNetCore.Authentication.Certificate.dll,38696.0,82313.0,61898.0,12.0,14.0,19.0,0.0,7.0,0.0,33.0,,,,,,,,,,,,,,90.0,22.0
DotNetSeleniumExtras.PageObjects,3.11.0,ok,,netstandard2.0,lib/netstandard2.0/SeleniumExtras.PageObjects.dll,11264.0,48677.0,43197.0,10.0,15.0,6.0,0.0,7.0,4.0,21.0,,,,,,,,,,,,,,38.0,12.0
Microsoft.PowerShell.Commands.Diagnostics,7.6.5,ok,,net10.0,ref/net10.0/Microsoft.PowerShell.Commands.Diagnostics.dll,164648.0,113790.0,156245.0,7.0,10.0,46.0,0.0,3.0,0.0,56.0,,,,,,,,,,,,,,121.0,36.0
Unicorn.Core,4.1.6,ok,,net452,lib/net452/Unicorn.dll,341504.0,195520.0,141196.0,198.0,455.0,245.0,0.0,178.0,0.0,700.0,,,,,,,,,,,,,,1392.0,321.0
Xamarin.Android.Support.Core.UI,28.0.0.3,ok,,monoandroid70,lib/monoandroid70/Xamarin.Android.Support.Core.UI.dll,473744.0,186351.0,1151099.0,87.0,403.0,343.0,13.0,129.0,0.0,759.0,,,,,,,,,,,,,,2258.0,171.0
SendGrid.Extensions.DependencyInjection,1.0.1,ok,,netstandard2.0,lib/netstandard2.0/SendGrid.Extensions.DependencyInjection.dll,7168.0,19349.0,15739.0,1.0,2.0,0.0,0.0,0.0,0.0,2.0,,,,,,,,,,,,,,11.0,6.0
ServiceStack.Client,10.1.4,ok,,netstandard2.0,lib/netstandard2.0/ServiceStack.Client.dll,510976.0,304859.0,1367569.0,279.0,889.0,1147.0,1.0,265.0,0.0,2037.0,,,,,,,,,,,,,,3811.0,414.0
NonBlocking,2.1.2,ok,,netstandard2.1,lib/netstandard2.1/NonBlocking.dll,39424.0,78239.0,60427.0,7.0,21.0,36.0,0.0,9.0,0.0,57.0,,,,,,,,,,,,,,263.0,36.0
AWSSDK.Transfer,4.0.100.11,ok,,netstandard2.0,lib/netstandard2.0/AWSSDK.Transfer.dll,396456.0,187737.0,986567.0,551.0,624.0,989.0,0.0,595.0,41.0,1613.0,,,,,,,,,,,,,,4364.0,593.0
xunit.runner.utility,2.9.3,ok,,netstandard1.5,lib/netstandard1.5/xunit.runner.utility.netstandard15.dll,252112.0,193064.0,813227.0,145.0,295.0,368.0,39.0,121.0,0.0,702.0,,,,,,,,,,,,,,1536.0,232.0
Serilog.Sinks.XUnit,3.0.19,ok,,netstandard2.0,lib/netstandard2.0/Serilog.Sinks.XUnit.dll,7680.0,37522.0,33872.0,4.0,9.0,0.0,0.0,2.0,0.0,9.0,,,,,,,,,,,,,,11.0,5.0
Xamarin.AndroidX.DynamicAnimation,1.1.0.6,ok,,net10.0-android36.0,lib/net10.0-android36.0/Xamarin.AndroidX.DynamicAnimation.dll,73056.0,91030.0,198440.0,17.0,32.0,96.0,0.0,23.0,0.0,128.0,,,,,,,,,,,,,,342.0,43.0
Microsoft.VisualStudio.Composition,17.13.41,ok,,netstandard2.0,lib/netstandard2.0/Microsoft.VisualStudio.Composition.dll,334392.0,211907.0,1148268.0,54.0,210.0,413.0,0.0,62.0,0.0,623.0,,,,,,,,,,,,,,1892.0,301.0
App.Metrics.AspNetCore.Mvc.Core,4.3.0,ok,,netstandard2.0,lib/netstandard2.0/App.Metrics.AspNetCore.Mvc.Core.dll,14336.0,42710.0,35704.0,4.0,4.0,0.0,0.0,3.0,0.0,4.0,,,,,,,,,,,,,,25.0,9.0
Microsoft.AspNet.OData,7.8.0,ok,,net45,lib/net45/Microsoft.AspNet.OData.dll,1048888.0,443600.0,528552.0,333.0,992.0,1342.0,0.0,347.0,0.0,2334.0,,,,,,,,,,,,,,6316.0,1045.0
DotNetty.Common,0.7.6,ok,,netstandard2.0,lib/netstandard2.0/DotNetty.Common.dll,150048.0,135153.0,362334.0,99.0,625.0,135.0,0.0,72.0,15.0,760.0,,,,,,,,,,,,,,1321.0,195.0
Microsoft.Azure.Search,10.1.0,ok,,netstandard2.0,lib/netstandard2.0/Microsoft.Azure.Search.dll,15432.0,69624.0,60180.0,1.0,1.0,0.0,0.0,0.0,0.0,1.0,,,,,,,,,,,,,,1.0,2.0
StrongNamer,0.2.5,native_only,,,,,65558.0,475991.0,,,,,,,,,,,,,,,,,,,,,,
Sfa.Core.ComponentModel.DataAnnotations,4.0.2,ok,,net461,lib/net461/Sfa.Core.ComponentModel.DataAnnotations.dll,6656.0,18490.0,14859.0,3.0,3.0,1.0,0.0,4.0,0.0,4.0,,,,,,,,,,,,,,8.0,4.0
DistributedLock.Redis,1.1.1,ok,,netstandard2.1,lib/netstandard2.1/DistributedLock.Redis.dll,78848.0,107353.0,185368.0,8.0,31.0,33.0,0.0,7.0,0.0,64.0,,,,,,,,,,,,,,289.0,65.0
Serilog.Sinks.Splunk,5.2.0,ok,,netstandard2.1,lib/netstandard2.1/Serilog.Sinks.Splunk.dll,20480.0,76410.0,104232.0,8.0,10.0,3.0,0.0,14.0,0.0,13.0,,,,,,,,,,,,,,49.0,19.0
Nager.Date,2.44.0,ok,,netstandard2.0,lib/netstandard2.0/Nager.Date.dll,482304.0,194349.0,598933.0,23.0,79.0,70.0,0.0,7.0,0.0,149.0,,,,,,,,,,,,,,1697.0,306.0
Microsoft.Identity.Client.NativeInterop,0.20.6,ok,,netstandard2.0,lib/netstandard2.0/Microsoft.Identity.Client.NativeInterop.dll,93024.0,102964.0,20797364.0,21.0,27.0,67.0,2.0,9.0,0.0,96.0,,,,,,,,,,,,,,1134.0,176.0
Serilog.Enrichers.Sensitive,2.1.0,ok,,netstandard2.0,lib/netstandard2.0/Serilog.Enrichers.Sensitive.dll,26624.0,59791.0,47726.0,13.0,29.0,21.0,0.0,12.0,0.0,50.0,,,,,,,,,,,,,,122.0,31.0
linq2db,6.4.0,ok,,netstandard2.0,lib/netstandard2.0/linq2db.dll,6401536.0,2635428.0,14077297.0,1425.0,7935.0,4321.0,8.0,1091.0,144.0,12264.0,,,,,,,,,,,,,,28431.0,4995.0
Microsoft.SourceLink.AzureRepos.Git,10.0.400,tools_only,,,,,65558.0,553955.0,,,,,,,,,,,,,,,,,,,,,,
Antlr4.Runtime,4.6.6,ok,,netstandard1.1,lib/netstandard1.1/Antlr4.Runtime.dll,213504.0,161951.0,1550087.0,185.0,871.0,406.0,0.0,207.0,0.0,1277.0,,,,,,,,,,,,,,1704.0,225.0
Microsoft.NETFramework.ReferenceAssemblies.net462,1.0.3,native_only,,,,,65558.0,19902484.0,,,,,,,,,,,,,,,,,,,,,,
Meziantou.Analyzer,3.0.203,tools_only,,,,,65558.0,12628692.0,,,,,,,,,,,,,,,,,,,,,,
Microsoft.Azure.Functions.Worker.Extensions.Storage.Blobs,6.8.2,ok,,netstandard2.0,lib/netstandard2.0/Microsoft.Azure.Functions.Worker.Extensions.Storage.Blobs.dll,57696.0,100781.0,66404.0,6.0,2.0,15.0,0.0,4.0,0.0,17.0,,,,,,,,,,,,,,107.0,35.0
A2v10.System.Xaml,10.1.8053,ok,,netstandard2.1,lib/netstandard2.1/A2v10.System.Xaml.dll,65536.0,94416.0,134995.0,51.0,136.0,102.0,0.0,47.0,22.0,238.0,,,,,,,,,,,,,,437.0,67.0
Amazon.Lambda.SNSEvents,3.0.1,ok,,net10.0,lib/net10.0/Amazon.Lambda.SNSEvents.dll,20136.0,52827.0,40404.0,4.0,0.0,18.0,0.0,4.0,0.0,18.0,,,,,,,,,,,,,,40.0,5.0
Prism.Plugin.Popups,8.0.76,ok,,netstandard2.0,lib/netstandard2.0/Prism.Plugin.Popups.dll,44624.0,88265.0,335678.0,11.0,24.0,13.0,0.0,5.0,0.0,37.0,,,,,,,,,,,,,,130.0,36.0
Xamarin.AndroidX.Legacy.Support.Core.UI,1.0.0.38,ok,,net10.0-android36.0,lib/net10.0-android36.0/Xamarin.AndroidX.Legacy.Support.Core.UI.dll,38712.0,83036.0,123054.0,4.0,11.0,21.0,0.0,7.0,0.0,32.0,,,,,,,,,,,,,,128.0,18.0
Blauhaus.Common.Abstractions,2.4.4,ok,,netstandard2.0,lib/netstandard2.0/Blauhaus.Common.Abstractions.dll,9216.0,22892.0,18658.0,25.0,21.0,9.0,0.0,0.0,0.0,30.0,,,,,,,,,,,,,,36.0,30.0
Xamarin.GooglePlayServices.Base,118.10.0.3,ok,,net10.0-android36.0,lib/net10.0-android36.0/Xamarin.GooglePlayServices.Base.dll,757560.0,222023.0,1062273.0,190.0,802.0,969.0,5.0,189.0,0.0,1776.0,,,,,,,,,,,,,,3751.0,331.0
Examine,4.0.0,ok,,net10.0,lib/net10.0/Examine.dll,14336.0,54356.0,47380.0,4.0,11.0,2.0,0.0,2.0,0.0,13.0,,,,,,,,,,,,,,43.0,16.0
Xamarin.AndroidX.AsyncLayoutInflater,1.1.0.6,ok,,net10.0-android36.0,lib/net10.0-android36.0/Xamarin.AndroidX.AsyncLayoutInflater.dll,30520.0,80796.0,112441.0,4.0,3.0,15.0,0.0,3.0,0.0,18.0,,,,,,,,,,,,,,64.0,13.0
Google.Apis.Plus.v1,1.49.0.1627,ok,,netstandard2.0,lib/netstandard2.0/Google.Apis.Plus.v1.dll,54272.0,87404.0,196568.0,74.0,19.0,296.0,0.0,67.0,0.0,315.0,,,,,,,,,,,,,,644.0,75.0
System.Runtime.WindowsRuntime,4.7.0,ok,,netstandard2.0,ref/netstandard2.0/System.Runtime.WindowsRuntime.dll,21576.0,77406.0,602895.0,10.0,80.0,20.0,0.0,5.0,8.0,100.0,,,,,,,,,,,,,,129.0,11.0
Microsoft.Azure.WebJobs.Sources,3.0.47,metapackage,,,,,52958.0,52958.0,,,,,,,,,,,,,,,,,,,,,,
Microsoft.Web.RedisSessionStateProvider,5.0.4,ok,,net472,lib/net472/Microsoft.Web.RedisSessionStateProvider.dll,59424.0,90892.0,76602.0,1.0,13.0,28.0,0.0,1.0,0.0,41.0,,,,,,,,,,,,,,166.0,24.0
Microsoft.SqlServer.DacFx,170.5.76,ok,,netstandard2.0,lib/netstandard2.0/Microsoft.SqlServer.Dac.dll,546104.0,248524.0,32272773.0,52.0,92.0,525.0,5.0,33.0,0.0,622.0,,,,,,,,,,,,,,2095.0,322.0
Handlebars.Net.Helpers.Xslt,2.5.5,ok,,netstandard2.1,lib/netstandard2.1/HandlebarsDotNet.Helpers.Xslt.dll,9216.0,42583.0,37641.0,1.0,2.0,1.0,0.0,1.0,0.0,3.0,,,,,,,,,,,,,,13.0,6.0
NunitXml.TestLogger,8.0.0,native_only,,,,,65558.0,107092.0,,,,,,,,,,,,,,,,,,,,,,
HttpMultipartParser,10.0.0,ok,,netstandard2.0,lib/netstandard2.0/HttpMultipartParser.dll,54784.0,89846.0,84304.0,22.0,65.0,46.0,0.0,21.0,0.0,111.0,,,,,,,,,,,,,,283.0,60.0
DotNetty.Buffers,0.7.6,ok,,netstandard2.0,lib/netstandard2.0/DotNetty.Buffers.dll,178608.0,136596.0,362110.0,25.0,860.0,253.0,0.0,24.0,0.0,1113.0,,,,,,,,,,,,,,2459.0,96.0
DotNetty.Codecs,0.7.6,ok,,netstandard2.0,lib/netstandard2.0/DotNetty.Codecs.dll,142264.0,127814.0,299914.0,54.0,365.0,32.0,0.0,94.0,0.0,397.0,,,,,,,,,,,,,,810.0,93.0
DotNetty.Transport,0.7.6,ok,,netstandard2.0,lib/netstandard2.0/DotNetty.Transport.dll,186288.0,149267.0,447869.0,100.0,645.0,265.0,0.0,111.0,0.0,910.0,,,,,,,,,,,,,,1768.0,219.0
CouchbaseNetClient,3.9.5,ok,,netstandard2.1,lib/netstandard2.1/Couchbase.NetClient.dll,3908608.0,1318394.0,5880682.0,1195.0,5281.0,5742.0,2.0,1340.0,218.0,11025.0,,,,,,,,,,,,,,24525.0,2918.0
Microsoft.Azure.Management.PrivateDns.Fluent,1.38.1,ok,,netstandard1.4,lib/netstandard1.4/Microsoft.Azure.Management.PrivateDns.Fluent.dll,242592.0,143385.0,220080.0,159.0,215.0,152.0,0.0,31.0,0.0,367.0,,,,,,,,,,,,,,1086.0,303.0
RazorEngine.NetCore,3.1.1,ok,,netstandard2.1,lib/netstandard2.1/RazorEngine.NetCore.dll,266240.0,168098.0,221036.0,150.0,498.0,254.0,0.0,117.0,13.0,752.0,,,,,,,,,,,,,,1675.0,301.0
Verify.Xunit,31.12.5,ok,,net10.0,lib/net10.0/Verify.Xunit.dll,46592.0,91816.0,233920.0,6.0,118.0,0.0,0.0,3.0,0.0,118.0,,,,,,,,,,,,,,241.0,64.0
Microsoft.SemanticKernel.Abstractions,1.80.0,ok,,netstandard2.0,lib/netstandard2.0/Microsoft.SemanticKernel.Abstractions.dll,355640.0,209404.0,631293.0,133.0,255.0,450.0,4.0,115.0,7.0,709.0,,,,,,,,,,,,,,2019.0,342.0
Novell.Directory.Ldap.NETStandard,4.0.0,ok,,netstandard2.1,lib/netstandard2.1/Novell.Directory.Ldap.NETStandard.dll,273408.0,179907.0,1281261.0,191.0,491.0,469.0,2.0,271.0,0.0,962.0,,,,,,,,,,,,,,1817.0,351.0
Microsoft.Maui.Resizetizer,10.0.100,native_only,,,,,65558.0,42946853.0,,,,,,,,,,,,,,,,,,,,,,
ExCSS,4.3.2,ok,,netstandard2.1,lib/netstandard2.1/ExCSS.dll,368128.0,214134.0,1203190.0,186.0,214.0,917.0,2.0,67.0,50.0,1133.0,,,,,,,,,,,,,,3371.0,656.0
AWSSDK.Shield,4.0.100.11,ok,,netstandard2.0,lib/netstandard2.0/AWSSDK.Shield.dll,176808.0,125344.0,454298.0,269.0,310.0,320.0,0.0,342.0,12.0,630.0,,,,,,,,,,,,,,1639.0,282.0
Microsoft.EntityFrameworkCore.Cosmos,10.0.11,ok,,net10.0,lib/net10.0/Microsoft.EntityFrameworkCore.Cosmos.dll,525112.0,273291.0,289085.0,172.0,954.0,477.0,0.0,142.0,6.0,1431.0,,,,,,,,,,,,,,2795.0,380.0
Elastic.Apm.SerilogEnricher,9.0.0,ok,,netstandard2.0,lib/netstandard2.0/Elastic.Apm.SerilogEnricher.dll,23552.0,76110.0,183475.0,2.0,2.0,56.0,0.0,1.0,0.0,58.0,,,,,,,,,,,,,,164.0,66.0
App.Metrics.AspNetCore.Mvc,4.3.0,ok,,netstandard2.0,lib/netstandard2.0/App.Metrics.AspNetCore.Mvc.dll,6656.0,31058.0,27764.0,2.0,2.0,0.0,0.0,1.0,0.0,2.0,,,,,,,,,,,,,,3.0,3.0
Microsoft.Maui.Controls.Core,10.0.100,ok,,netstandard2.1,lib/netstandard2.1/Microsoft.Maui.Controls.dll,1578280.0,645106.0,12933845.0,759.0,2198.0,2430.0,270.0,537.0,35.0,4898.0,,,,,,,,,,,,,,11669.0,1459.0
Polly-Signed,5.9.0,ok,,netstandard1.1,lib/netstandard1.1/Polly.dll,306688.0,170965.0,569651.0,107.0,797.0,81.0,0.0,40.0,0.0,878.0,,,,,,,,,,,,,,2563.0,749.0
Ulid,1.4.1,ok,,netstandard2.1,lib/netstandard2.1/Ulid.dll,18944.0,74641.0,66907.0,2.0,32.0,2.0,0.0,3.0,3.0,34.0,,,,,,,,,,,,,,56.0,10.0
MassTransit.AmazonSQS,9.2.1,ok,,netstandard2.0,lib/netstandard2.0/MassTransit.AmazonSqsTransport.dll,349696.0,235106.0,911382.0,176.0,391.0,368.0,4.0,119.0,2.0,763.0,,,,,,,,,,,,,,1723.0,416.0
Microsoft.PowerShell.MarkdownRender,7.2.1,ok,,netstandard2.0,lib/netstandard2.0/Microsoft.PowerShell.MarkdownRender.dll,28096.0,65147.0,49815.0,8.0,14.0,16.0,0.0,6.0,0.0,30.0,,,,,,,,,,,,,,79.0,20.0
ByteSize,2.1.2,ok,,netstandard2.1,lib/netstandard2.1/ByteSize.dll,16384.0,73222.0,65389.0,2.0,42.0,16.0,0.0,2.0,13.0,58.0,,,,,,,,,,,,,,89.0,10.0
Xamarin.Android.Support.Fragment,28.0.0.3,ok,,monoandroid70,lib/monoandroid70/Xamarin.Android.Support.Fragment.dll,245400.0,131026.0,980878.0,25.0,223.0,145.0,1.0,36.0,0.0,369.0,,,,,,,,,,,,,,1027.0,42.0
dbup-postgresql,7.0.1,ok,,netstandard2.0,lib/netstandard2.0/dbup-postgresql.dll,31232.0,85160.0,66324.0,7.0,30.0,4.0,0.0,9.0,0.0,34.0,,,,,,,,,,,,,,87.0,22.0
Microsoft.Maui.Controls.Xaml,10.0.100,ok,,netstandard2.1,lib/netstandard2.1/Microsoft.Maui.Controls.Xaml.dll,134440.0,126718.0,913688.0,32.0,28.0,182.0,1.0,30.0,0.0,211.0,,,,,,,,,,,,,,713.0,119.0
Serilog.Sinks.Grafana.Loki,9.0.2,ok,,net10.0,lib/net10.0/Serilog.Sinks.Grafana.Loki.dll,67584.0,109059.0,211844.0,9.0,21.0,43.0,0.0,9.0,0.0,64.0,,,,,,,,,,,,,,192.0,49.0
Amazon.CDK.CloudAssembly.Schema,54.21.0,ok,,net6.0,lib/net6.0/Amazon.CDK.CloudAssembly.Schema.dll,362496.0,331214.0,383804.0,131.0,11.0,1045.0,0.0,65.0,0.0,1056.0,,,,,,,,,,,,,,1583.0,197.0
DynamicData,9.4.33,ok,,netstandard2.0,lib/netstandard2.0/DynamicData.dll,969216.0,495426.0,3816660.0,151.0,939.0,512.0,1.0,93.0,38.0,1452.0,,,,,,,,,,,,,,5140.0,1151.0
Microsoft.Net.Compilers.Toolset,5.9.0,no_lib_dll,,,,,65558.0,21936368.0,,,,,,,,,,,,,,,,,,,,,,
Microsoft.Playwright.NUnit,1.62.0,ok,,netcoreapp3.1,lib/netcoreapp3.1/Microsoft.Playwright.NUnit.dll,47456.0,96545.0,108635.0,8.0,23.0,9.0,0.0,6.0,0.0,32.0,,,,,,,,,,,,,,97.0,31.0
AutoFixture.NUnit3,4.18.1,ok,,netstandard2.0,lib/netstandard2.0/AutoFixture.NUnit3.dll,17920.0,74334.0,84691.0,14.0,13.0,11.0,0.0,17.0,0.0,24.0,,,,,,,,,,,,,,101.0,25.0
Microsoft.Maui.Sdk,10.0.100,metapackage,,,,,43445.0,43445.0,,,,,,,,,,,,,,,,,,,,,,
Xamarin.AndroidX.Emoji2,1.6.0.3,ok,,net10.0-android36.0,lib/net10.0-android36.0/Xamarin.AndroidX.Emoji2.dll,288568.0,139891.0,601104.0,59.0,353.0,292.0,0.0,85.0,0.0,645.0,,,,,,,,,,,,,,1702.0,144.0
Microsoft.SqlServer.Assessment.Authoring,1.1.0,ok,,netstandard2.0,lib/netstandard2.0/Microsoft.SqlServer.Assessment.Types.dll,20864.0,76564.0,67548.0,6.0,14.0,10.0,0.0,6.0,0.0,24.0,,,,,,,,,,,,,,37.0,8.0
StackExchange.Redis.Extensions.Newtonsoft,13.0.1,ok,,netstandard2.1,lib/netstandard2.1/StackExchange.Redis.Extensions.Newtonsoft.dll,10752.0,52015.0,46741.0,1.0,2.0,0.0,0.0,2.0,0.0,2.0,,,,,,,,,,,,,,15.0,7.0
Microsoft.Extensions.VectorData.Abstractions,10.9.0,ok,,netstandard2.0,lib/netstandard2.0/Microsoft.Extensions.VectorData.Abstractions.dll,106336.0,112941.0,294216.0,44.0,84.0,157.0,0.0,40.0,0.0,241.0,,,,,,,,,,,,,,563.0,104.0
log4net.Ext.Json,3.0.3,ok,,netstandard2.0,lib/netstandard2.0/log4net.Ext.Json.dll,58880.0,92970.0,70842.0,40.0,174.0,69.0,0.0,37.0,0.0,243.0,,,,,,,,,,,,,,433.0,58.0
Google.Apis.Gmail.v1,1.75.0.4225,ok,,netstandard2.0,lib/netstandard2.0/Google.Apis.Gmail.v1.dll,131072.0,110056.0,302226.0,184.0,197.0,774.0,0.0,161.0,0.0,971.0,,,,,,,,,,,,,,1648.0,185.0
Microsoft.NETCore.App.Runtime.Mono.iossimulator-x64,10.0.11,native_only,,,,,65558.0,25899875.0,,,,,,,,,,,,,,,,,,,,,,
AWSXRayRecorder.Handlers.AspNetCore,2.13.0,ok,,netstandard2.0,lib/netstandard2.0/AWSXRayRecorder.Handlers.AspNetCore.dll,31904.0,88125.0,96214.0,2.0,5.0,1.0,0.0,5.0,0.0,6.0,,,,,,,,,,,,,,22.0,4.0
Xamarin.FFImageLoading.Forms,2.4.11.982,ok,,netstandard1.0,lib/netstandard1.0/FFImageLoading.Forms.dll,33792.0,80081.0,221636.0,18.0,25.0,50.0,6.0,14.0,0.0,81.0,,,,,,,,,,,,,,170.0,22.0
Microsoft.SqlServer.Assessment,1.1.17,ok,,netstandard2.0,lib/netstandard2.0/Microsoft.SqlServer.Assessment.dll,1202112.0,351040.0,974252.0,74.0,135.0,649.0,0.0,102.0,5.0,784.0,,,,,,,,,,,,,,3038.0,598.0
Xamarin.AndroidX.ResourceInspection.Annotation,1.0.1.25,ok,,net10.0-android36.0,lib/net10.0-android36.0/Xamarin.AndroidX.ResourceInspection.Annotation.dll,30560.0,80622.0,109613.0,5.0,5.0,13.0,0.0,2.0,0.0,18.0,,,,,,,,,,,,,,102.0,13.0
TeamCity.VSTest.TestAdapter,1.0.42,native_only,,,,,65558.0,335571.0,,,,,,,,,,,,,,,,,,,,,,
Azure.Storage.Files.DataLake,12.27.1,ok,,netstandard2.0,lib/netstandard2.0/Azure.Storage.Files.DataLake.dll,879928.0,379009.0,1287622.0,124.0,446.0,884.0,1.0,133.0,7.0,1331.0,,,,,,,,,,,,,,4110.0,724.0
Volo.Abp.Authorization.Abstractions,10.6.0,ok,,netstandard2.1,lib/netstandard2.1/Volo.Abp.Authorization.Abstractions.dll,34304.0,80770.0,165617.0,48.0,87.0,65.0,0.0,33.0,0.0,152.0,,,,,,,,,,,,,,234.0,64.0
popper.js,1.16.1,metapackage,,,,,65558.0,523957.0,,,,,,,,,,,,,,,,,,,,,,
Microsoft.NET.Workload.Mono.ToolChain.Manifest-6.0.400.Msi.x64,6.0.36,metapackage,,,,,65558.0,386019.0,,,,,,,,,,,,,,,,,,,,,,
Microsoft.Azure.Functions.Worker.Extensions.DurableTask,1.19.0,ok,,netstandard2.0,lib/netstandard2.0/Microsoft.Azure.Functions.Worker.Extensions.DurableTask.dll,125792.0,135156.0,270517.0,19.0,25.0,100.0,0.0,14.0,0.0,125.0,,,,,,,,,,,,,,448.0,93.0
Microsoft.Configuration.ConfigurationBuilders.Base,3.0.0,ok,,Net471,lib/Net471/Microsoft.Configuration.ConfigurationBuilders.Base.dll,37824.0,79810.0,59605.0,12.0,25.0,22.0,0.0,9.0,0.0,47.0,,,,,,,,,,,,,,115.0,21.0
Xamarin.AndroidX.Emoji2.ViewsHelper,1.6.0.3,ok,,net10.0-android36.0,lib/net10.0-android36.0/Xamarin.AndroidX.Emoji2.ViewsHelper.dll,25912.0,79286.0,120162.0,2.0,6.0,12.0,0.0,4.0,0.0,18.0,,,,,,,,,,,,,,34.0,5.0
Microsoft.NET.Workload.Emscripten.Manifest-6.0.400.Msi.x64,6.0.36,metapackage,,,,,65558.0,370826.0,,,,,,,,,,,,,,,,,,,,,,
Microsoft.SemanticKernel.Core,1.80.0,ok,,netstandard2.0,lib/netstandard2.0/Microsoft.SemanticKernel.Core.dll,342840.0,196013.0,519923.0,37.0,146.0,184.0,0.0,32.0,0.0,330.0,,,,,,,,,,,,,,1352.0,222.0
Microsoft.NETCore.App.Runtime.Mono.ios-arm64,10.0.11,native_only,,,,,65558.0,25009678.0,,,,,,,,,,,,,,,,,,,,,,
Xamarin.AndroidX.ConstraintLayout.Core,1.1.2,ok,,net10.0-android36.0,lib/net10.0-android36.0/Xamarin.AndroidX.ConstraintLayout.Core.dll,1466680.0,365142.0,2308470.0,221.0,1124.0,1770.0,0.0,302.0,0.0,2894.0,,,,,,,,,,,,,,7828.0,387.0
Elastic.Apm.SqlClient,1.23.0,ok,,netstandard2.0,lib/netstandard2.0/Elastic.Apm.SqlClient.dll,15872.0,62545.0,54957.0,1.0,1.0,10.0,0.0,1.0,0.0,11.0,,,,,,,,,,,,,,25.0,7.0
Microsoft.NETCore.App.Runtime.Mono.iossimulator-arm64,10.0.11,native_only,,,,,65558.0,25726716.0,,,,,,,,,,,,,,,,,,,,,,
Microsoft.Extensions.Globalization.CultureInfoCache,1.1.3,ok,,netstandard1.1,lib/netstandard1.1/Microsoft.Extensions.Globalization.CultureInfoCache.dll,15872.0,30635.0,21068.0,1.0,1.0,1.0,0.0,0.0,0.0,2.0,,,,,,,,,,,,,,9.0,5.0
Moq.EntityFrameworkCore,10.0.0.2,ok,,net10.0,lib/net10.0/Moq.EntityFrameworkCore.dll,19456.0,35062.0,26462.0,7.0,33.0,2.0,0.0,4.0,0.0,35.0,,,,,,,,,,,,,,79.0,26.0
Xunit.DependencyInjection,12.0.1,ok,,net8.0,lib/net8.0/Xunit.DependencyInjection.dll,131584.0,136847.0,261336.0,40.0,38.0,111.0,0.0,28.0,0.0,149.0,,,,,,,,,,,,,,481.0,119.0
System.Data.SQLite.Linq,1.0.119,ok,,net451,lib/net451/System.Data.SQLite.Linq.dll,208568.0,121070.0,305935.0,1.0,9.0,46.0,0.0,1.0,0.0,55.0,,,,,,,,,,,,,,467.0,32.0
DotNetty.Handlers,0.7.6,ok,,netstandard2.0,lib/netstandard2.0/DotNetty.Handlers.dll,54200.0,94386.0,166050.0,23.0,70.0,51.0,0.0,44.0,0.0,121.0,,,,,,,,,,,,,,291.0,44.0
Avalonia,12.1.2,ok,,net10.0,ref/net10.0/Avalonia.dll,4096.0,68004.0,10143223.0,0.0,0.0,0.0,0.0,0.0,0.0,0.0,,,,,,,,,,,,,,0.0,1.0
Microsoft.AspNetCore.SpaProxy,10.0.11,ok,,net10.0,lib/net10.0/Microsoft.AspNetCore.SpaProxy.dll,38184.0,79004.0,58557.0,0.0,0.0,7.0,0.0,0.0,0.0,7.0,,,,,,,,,,,,,,59.0,16.0
Xamarin.AndroidX.Navigation.Common,2.9.8.1,ok,,net10.0-android36.0,lib/net10.0-android36.0/Xamarin.AndroidX.Navigation.Common.dll,15672.0,75278.0,79173.0,0.0,0.0,0.0,0.0,0.0,0.0,0.0,,,,,,,,,,,,,,0.0,1.0
Xamarin.AndroidX.Navigation.Runtime,2.9.8.1,ok,,net10.0-android36.0,lib/net10.0-android36.0/Xamarin.AndroidX.Navigation.Runtime.dll,15712.0,75276.0,79905.0,0.0,0.0,0.0,0.0,0.0,0.0,0.0,,,,,,,,,,,,,,0.0,1.0
Microsoft.NET.Sdk.Razor,3.1.32,tools_only,,,,,65558.0,5515234.0,,,,,,,,,,,,,,,,,,,,,,
Xamarin.Android.Support.Media.Compat,28.0.0.3,ok,,monoandroid70,lib/monoandroid70/Xamarin.Android.Support.Media.Compat.dll,535712.0,190167.0,1808270.0,82.0,472.0,586.0,1.0,98.0,0.0,1059.0,,,,,,,,,,,,,,2988.0,145.0
EnterpriseLibrary.TransientFaultHandling,6.0.1304,ok,,portable-net45%2Bwin%2Bwp8,lib/portable-net45%2Bwin%2Bwp8/Microsoft.Practices.EnterpriseLibrary.TransientFaultHandling.dll,32432.0,53373.0,36876.0,11.0,21.0,30.0,1.0,33.0,0.0,52.0,,,,,,,,,,,,,,126.0,21.0
Microsoft.Azure.EventGrid,3.2.1,ok,,netstandard2.0,lib/netstandard2.0/Microsoft.Azure.EventGrid.dll,160144.0,124092.0,255280.0,135.0,33.0,579.0,0.0,246.0,0.0,612.0,,,,,,,,,,,,,,1471.0,150.0
runtime.ubuntu.14.04-x64.runtime.native.System,4.3.1,metapackage,,,,,65558.0,74825.0,,,,,,,,,,,,,,,,,,,,,,
System.Data.HashFunction.Core,2.0.0,ok,,netstandard1.1,lib/netstandard1.1/System.Data.HashFunction.Core.dll,18944.0,44221.0,35381.0,6.0,48.0,9.0,0.0,3.0,0.0,57.0,,,,,,,,,,,,,,91.0,18.0
BitFaster.Caching,2.6.1,ok,,netstandard2.0,lib/netstandard2.0/BitFaster.Caching.dll,165376.0,138553.0,425262.0,109.0,338.0,292.0,16.0,73.0,6.0,646.0,,,,,,,,,,,,,,1306.0,240.0
protobuf-net.Grpc,1.3.14,ok,,netstandard2.1,lib/netstandard2.1/protobuf-net.Grpc.dll,197632.0,167004.0,590406.0,28.0,110.0,73.0,0.0,20.0,3.0,183.0,,,,,,,,,,,,,,758.0,129.0
System.Data.HashFunction.Interfaces,2.0.0,ok,,netstandard1.1,lib/netstandard1.1/System.Data.HashFunction.Interfaces.dll,6144.0,22649.0,19523.0,3.0,10.0,3.0,0.0,0.0,0.0,13.0,,,,,,,,,,,,,,13.0,4.0
SkiaSharp.NativeAssets.WebAssembly,4.151.2,metapackage,,,,,65558.0,67154512.0,,,,,,,,,,,,,,,,,,,,,,
Duende.AccessTokenManagement,4.2.0,ok,,net10.0,lib/net10.0/Duende.AccessTokenManagement.dll,160768.0,126367.0,379044.0,50.0,188.0,103.0,0.0,29.0,63.0,291.0,,,,,,,,,,,,,,845.0,118.0
DotNetOpenAuth.Core,4.3.4.13329,ok,,net35-full,lib/net35-full/DotNetOpenAuth.Core.dll,229888.0,156724.0,496917.0,50.0,117.0,363.0,1.0,32.0,0.0,481.0,,,,,,,,,,,,,,1412.0,174.0
runtime.ubuntu.14.04-x64.runtime.native.System.IO.Compression,4.3.2,metapackage,,,,,28915.0,28915.0,,,,,,,,,,,,,,,,,,,,,,
SharpDX,4.2.0,ok,,netstandard1.1,lib/netstandard1.1/SharpDX.dll,275968.0,177779.0,1050672.0,118.0,292.0,106.0,4.0,94.0,58.0,402.0,,,,,,,,,,,,,,885.0,179.0
Cucumber.CucumberExpressions,20.1.0,ok,,netstandard2.0,lib/netstandard2.0/CucumberExpressions.dll,44544.0,62188.0,40997.0,23.0,40.0,45.0,0.0,18.0,0.0,85.0,,,,,,,,,,,,,,243.0,48.0
Plugin.Permissions,6.0.1,ok,,netstandard2.0,lib/netstandard2.0/Plugin.Permissions.dll,9216.0,70250.0,130081.0,20.0,8.0,2.0,0.0,16.0,0.0,10.0,,,,,,,,,,,,,,31.0,22.0
Microsoft.Maui.Controls.Build.Tasks,10.0.100,native_only,,,,,65558.0,3088151.0,,,,,,,,,,,,,,,,,,,,,,
runtime.ubuntu.14.04-x64.runtime.native.System.Net.Http,4.3.1,metapackage,,,,,30886.0,30886.0,,,,,,,,,,,,,,,,,,,,,,
Volo.Abp.Auditing.Contracts,10.6.0,ok,,netstandard2.1,lib/netstandard2.1/Volo.Abp.Auditing.Contracts.dll,7168.0,69257.0,74076.0,23.0,0.0,14.0,0.0,3.0,0.0,14.0,,,,,,,,,,,,,,24.0,29.0
OpenMcdf,3.3.0,ok,,netstandard2.0,lib/netstandard2.0/OpenMcdf.dll,80384.0,101246.0,140433.0,10.0,37.0,159.0,0.0,4.0,2.0,196.0,,,,,,,,,,,,,,579.0,73.0
Umbraco.Cms.Web.Common,18.1.1,ok,,net10.0,lib/net10.0/Umbraco.Web.Common.dll,385024.0,218141.0,205713.0,182.0,573.0,195.0,0.0,134.0,0.0,768.0,,,,,,,,,,,,,,1657.0,411.0
Microsoft.DurableTask.Abstractions,1.25.0,ok,,netstandard2.0,lib/netstandard2.0/Microsoft.DurableTask.Abstractions.dll,103264.0,112890.0,102392.0,43.0,180.0,116.0,0.0,46.0,31.0,296.0,,,,,,,,,,,,,,644.0,130.0
Autofac.Extras.Moq,8.0.1,ok,,netstandard2.1,lib/netstandard2.1/Autofac.Extras.Moq.dll,14336.0,72335.0,64545.0,2.0,13.0,4.0,0.0,0.0,0.0,17.0,,,,,,,,,,,,,,50.0,10.0
AWSSDK.APIGateway,4.0.100.11,ok,,netstandard2.0,lib/netstandard2.0/AWSSDK.APIGateway.dll,553640.0,227361.0,1126716.0,649.0,868.0,1683.0,0.0,684.0,26.0,2551.0,,,,,,,,,,,,,,6802.0,687.0
Jaeger,1.0.3,metapackage,,,,,65558.0,68276.0,,,,,,,,,,,,,,,,,,,,,,
Xamarin.Android.Support.v7.AppCompat,28.0.0.3,ok,,monoandroid60,lib/monoandroid60/Xamarin.Android.Support.v7.AppCompat.dll,913048.0,280367.0,5248512.0,169.0,681.0,806.0,17.0,302.0,0.0,1504.0,,,,,,,,,,,,,,4504.0,264.0
TeamCity.ServiceMessages,4.1.1,ok,,netstandard1.3,lib/netstandard1.3/TeamCity.ServiceMessages.dll,53760.0,88346.0,169559.0,48.0,126.0,61.0,0.0,31.0,0.0,187.0,,,,,,,,,,,,,,428.0,147.0
python,3.14.7,tools_only,,,,,184161.0,15623417.0,,,,,,,,,,,,,,,,,,,,,,
CloudNative.CloudEvents.SystemTextJson,2.9.0,ok,,netstandard2.0,lib/netstandard2.0/CloudNative.CloudEvents.SystemTextJson.dll,21504.0,75949.0,88116.0,2.0,22.0,2.0,0.0,4.0,0.0,24.0,,,,,,,,,,,,,,50.0,10.0
Xamarin.AndroidX.Navigation.UI,2.9.8.1,ok,,net10.0-android36.0,lib/net10.0-android36.0/Xamarin.AndroidX.Navigation.UI.dll,57184.0,86057.0,216516.0,15.0,38.0,58.0,0.0,6.0,0.0,96.0,,,,,,,,,,,,,,176.0,25.0
AsyncKeyedLock,8.0.2,ok,,netstandard2.1,lib/netstandard2.1/AsyncKeyedLock.dll,92160.0,107701.0,400535.0,11.0,139.0,19.0,0.0,17.0,0.0,158.0,,,,,,,,,,,,,,344.0,86.0
Acr.UserDialogs,9.2.2,ok,,net8.0,lib/net8.0/Acr.UserDialogs.dll,45056.0,85058.0,206294.0,33.0,116.0,148.0,0.0,20.0,0.0,264.0,,,,,,,,,,,,,,472.0,51.0
Xam.Plugin.Media,6.0.2,ok,,netstandard2.0,lib/netstandard2.0/Plugin.Media.dll,17408.0,73694.0,558504.0,18.0,14.0,54.0,0.0,14.0,0.0,68.0,,,,,,,,,,,,,,131.0,21.0
OpenIddict.EntityFrameworkCore,7.6.1,ok,,netstandard2.1,lib/netstandard2.1/OpenIddict.EntityFrameworkCore.dll,402432.0,211787.0,1471709.0,109.0,325.0,147.0,0.0,21.0,0.0,472.0,,,,,,,,,,,,,,1835.0,416.0
WebDriverManager,2.17.7,ok,,netstandard2.1,lib/netstandard2.1/WebDriverManager.dll,36352.0,78625.0,63046.0,29.0,86.0,20.0,0.0,20.0,0.0,106.0,,,,,,,,,,,,,,180.0,43.0
Nancy,2.0.0,ok,,netstandard2.0,lib/netstandard2.0/Nancy.dll,919552.0,448137.0,979165.0,452.0,1066.0,744.0,0.0,383.0,58.0,1810.0,,,,,,,,,,,,,,4424.0,869.0
AWSSDK.Route53,4.0.100.11,ok,,netstandard2.0,lib/netstandard2.0/AWSSDK.Route53.dll,360104.0,180179.0,1066990.0,549.0,665.0,805.0,0.0,913.0,20.0,1470.0,,,,,,,,,,,,,,4090.0,574.0
Xamarin.AndroidX.Media,1.8.0.1,ok,,net10.0-android36.0,lib/net10.0-android36.0/Xamarin.AndroidX.Media.dll,451896.0,170816.0,937537.0,83.0,431.0,556.0,1.0,89.0,0.0,988.0,,,,,,,,,,,,,,2469.0,140.0
Microsoft.WindowsDesktop.App.Runtime.win-x86,10.0.11,native_only,,,,,65558.0,36713357.0,,,,,,,,,,,,,,,,,,,,,,
Volo.Abp.Ddd.Application.Contracts,10.6.0,ok,,netstandard2.1,lib/netstandard2.1/Volo.Abp.Ddd.Application.Contracts.dll,36864.0,81505.0,158880.0,66.0,14.0,78.0,0.0,58.0,0.0,92.0,,,,,,,,,,,,,,249.0,75.0
OpenIddict.EntityFrameworkCore.Models,7.6.1,ok,,netstandard2.1,lib/netstandard2.1/OpenIddict.EntityFrameworkCore.Models.dll,515584.0,242060.0,802530.0,89.0,133.0,210.0,0.0,11.0,0.0,343.0,,,,,,,,,,,,,,2323.0,390.0
Microsoft.NETCore.Runtime,1.0.1,metapackage,,,,,17650.0,17650.0,,,,,,,,,,,,,,,,,,,,,,
Microsoft.DurableTask.Client,1.25.0,ok,,netstandard2.0,lib/netstandard2.0/Microsoft.DurableTask.Client.dll,59704.0,94143.0,70523.0,23.0,100.0,85.0,0.0,21.0,14.0,185.0,,,,,,,,,,,,,,347.0,47.0
OpenIddict.AspNetCore,7.6.1,metapackage,,,,,18277.0,18277.0,,,,,,,,,,,,,,,,,,,,,,
Microsoft.AspNet.Mvc.FixedDisplayModes,5.3.0,metapackage,,,,,36762.0,36762.0,,,,,,,,,,,,,,,,,,,,,,
TextCopy,6.2.1,ok,,netstandard2.1,lib/netstandard2.1/TextCopy.dll,25088.0,82098.0,112200.0,5.0,18.0,0.0,0.0,2.0,0.0,18.0,,,,,,,,,,,,,,88.0,22.0
NPoco,6.3.0,ok,,netstandard2.1,lib/netstandard2.1/NPoco.dll,385536.0,223208.0,806471.0,116.0,944.0,218.0,0.0,101.0,0.0,1162.0,,,,,,,,,,,,,,2373.0,339.0
KubernetesClient.Models,12.0.16,ok,,netstandard2.0,lib/netstandard2.0/KubernetesClient.Models.dll,674304.0,278835.0,3820628.0,600.0,651.0,2465.0,0.0,1145.0,118.0,3116.0,,,,,,,,,,,,,,6921.0,628.0
JmesPath.Net.Parser,1.1.0,ok,,netstandard2.1,lib/netstandard2.1/JmePath.Net.Parser.dll,92160.0,102674.0,319153.0,6.0,32.0,37.0,0.0,3.0,0.0,69.0,,,,,,,,,,,,,,299.0,76.0
SerilogTimings,3.1.0,ok,,netstandard2.0,lib/netstandard2.0/SerilogTimings.dll,12288.0,41483.0,35053.0,5.0,26.0,9.0,0.0,0.0,0.0,35.0,,,,,,,,,,,,,,61.0,21.0
Mapster.DependencyInjection,10.0.12,ok,,netstandard2.0,lib/netstandard2.0/Mapster.DependencyInjection.dll,8192.0,38708.0,34475.0,3.0,8.0,0.0,0.0,1.0,0.0,8.0,,,,,,,,,,,,,,13.0,6.0
AWSSDK,2.3.55.2,ok,,net45,lib/net45/AWSSDK.dll,8474624.0,2263950.0,21377985.0,11969.0,17398.0,18532.0,15.0,16383.0,527.0,35945.0,,,,,,,,,,,,,,87959.0,12375.0
IronPdf,2026.9.2,metapackage,,,,,50179.0,50179.0,,,,,,,,,,,,,,,,,,,,,,
Volo.Abp.Specifications,10.6.0,ok,,netstandard2.1,lib/netstandard2.1/Volo.Abp.Specifications.dll,11776.0,71469.0,94257.0,15.0,18.0,6.0,0.0,10.0,1.0,24.0,,,,,,,,,,,,,,58.0,28.0
Volo.Abp.Http.Abstractions,10.6.0,ok,,netstandard2.1,lib/netstandard2.1/Volo.Abp.Http.Abstractions.dll,6656.0,68883.0,67810.0,3.0,0.0,6.0,0.0,3.0,0.0,6.0,,,,,,,,,,,,,,19.0,9.0
Microsoft.DotNet.ILCompiler,10.0.11,tools_only,,,,,65558.0,94749.0,,,,,,,,,,,,,,,,,,,,,,
Microsoft.Azure.Search.Common,10.1.0,ok,,netstandard2.0,lib/netstandard2.0/Microsoft.Azure.Search.Common.dll,23624.0,79117.0,89123.0,8.0,24.0,2.0,0.0,5.0,0.0,26.0,,,,,,,,,,,,,,41.0,13.0
MongoDB.Driver.Core.Extensions.DiagnosticSources,3.0.0,ok,,netstandard2.1,lib/netstandard2.1/MongoDB.Driver.Core.Extensions.DiagnosticSources.dll,11776.0,42005.0,36300.0,3.0,2.0,2.0,0.0,3.0,0.0,4.0,,,,,,,,,,,,,,22.0,8.0
Microsoft.Composition,1.0.31,metapackage,,,,,17826.0,17826.0,,,,,,,,,,,,,,,,,,,,,,
AutoMapper.Extensions.EnumMapping,6.0.0,ok,,net10.0,lib/net10.0/AutoMapper.Extensions.EnumMapping.dll,17920.0,55939.0,46957.0,5.0,10.0,3.0,0.0,0.0,0.0,13.0,,,,,,,,,,,,,,56.0,21.0
AntiXSS,4.3.0,ok,,net40,lib/net40/AntiXssLibrary.dll,62608.0,93520.0,511410.0,9.0,34.0,10.0,0.0,1.0,0.0,44.0,,,,,,,,,,,,,,367.0,32.0
GraphQL.Server.Transports.AspNetCore,8.3.3,ok,,netstandard2.0,lib/netstandard2.0/GraphQL.Server.Transports.AspNetCore.dll,179200.0,155334.0,717357.0,50.0,172.0,109.0,0.0,44.0,2.0,281.0,,,,,,,,,,,,,,659.0,156.0
GeoJSON.Net,1.4.1,ok,,netstandard2.1,lib/netstandard2.1/GeoJSON.Net.dll,36352.0,81033.0,91189.0,35.0,99.0,42.0,0.0,39.0,30.0,141.0,,,,,,,,,,,,,,264.0,49.0
ServiceStack,10.1.4,ok,,net10.0,lib/net10.0/ServiceStack.dll,6062592.0,2133748.0,8437512.0,1002.0,4783.0,3513.0,1.0,861.0,5.0,8297.0,,,,,,,,,,,,,,16949.0,2505.0
Serilog.Sinks.Map,2.0.0,ok,,netstandard2.0,lib/netstandard2.0/Serilog.Sinks.Map.dll,14336.0,72820.0,74331.0,2.0,9.0,7.0,0.0,1.0,0.0,16.0,,,,,,,,,,,,,,50.0,25.0
NSwag.CodeGeneration.CSharp,14.7.1,ok,,netstandard2.0,lib/netstandard2.0/NSwag.CodeGeneration.CSharp.dll,134656.0,100700.0,136584.0,18.0,15.0,173.0,0.0,17.0,0.0,188.0,,,,,,,,,,,,,,347.0,37.0
AspNetCore.HealthChecks.Publisher.ApplicationInsights,9.0.0,ok,,netstandard2.0,lib/netstandard2.0/HealthChecks.Publisher.ApplicationInsights.dll,17920.0,57234.0,44699.0,1.0,1.0,1.0,0.0,0.0,0.0,2.0,,,,,,,,,,,,,,22.0,13.0
PostSharp,2026.0.16,native_only,,,,,65558.0,25599823.0,,,,,,,,,,,,,,,,,,,,,,
Microsoft.ApplicationInsights.Log4NetAppender,2.23.0,ok,,netstandard2.0,lib/netstandard2.0/Microsoft.ApplicationInsights.Log4NetAppender.dll,23096.0,79578.0,71211.0,1.0,3.0,3.0,0.0,1.0,0.0,6.0,,,,,,,,,,,,,,17.0,6.0
runtime.ubuntu.14.04-x64.runtime.native.System.Net.Security,4.3.1,metapackage,,,,,29933.0,29933.0,,,,,,,,,,,,,,,,,,,,,,
Microsoft.NETCore.Runtime.Native,1.0.1,metapackage,,,,,17709.0,17709.0,,,,,,,,,,,,,,,,,,,,,,
Ninject.Web.Common.WebHost,3.3.2,ok,,net45,lib/net45/Ninject.Web.Common.WebHost.dll,9728.0,24297.0,19331.0,5.0,13.0,2.0,0.0,5.0,0.0,15.0,,,,,,,,,,,,,,28.0,8.0
IoC.Container,1.3.8,ok,,netstandard2.1,lib/netstandard2.1/IoC.dll,236544.0,150256.0,1676671.0,396.0,273.0,129.0,0.0,169.0,0.0,402.0,,,,,,,,,,,,,,1281.0,552.0
NetTopologySuite.IO.GeoJSON,4.0.0,ok,,netstandard2.0,lib/netstandard2.0/NetTopologySuite.IO.GeoJSON.dll,30208.0,45969.0,32242.0,12.0,39.0,11.0,0.0,16.0,0.0,50.0,,,,,,,,,,,,,,123.0,19.0
Umbraco.Cms.Infrastructure,18.1.1,ok,,net10.0,lib/net10.0/Umbraco.Infrastructure.dll,2619392.0,973252.0,1241573.0,734.0,2205.0,1806.0,7.0,628.0,16.0,4018.0,,,,,,,,,,,,,,12087.0,2507.0
Microsoft.DurableTask.Client.Grpc,1.25.0,ok,,netstandard2.0,lib/netstandard2.0/Microsoft.DurableTask.Client.Grpc.dll,135520.0,128009.0,311081.0,6.0,24.0,58.0,0.0,3.0,0.0,82.0,,,,,,,,,,,,,,437.0,108.0
Microsoft.AspNetCore.App.Internal.Assets,10.0.11,metapackage,,,,,65558.0,663930.0,,,,,,,,,,,,,,,,,,,,,,
runtime.win-x64.Microsoft.NETCore.App,2.2.8,native_only,,,,,65558.0,30449594.0,,,,,,,,,,,,,,,,,,,,,,
DryIoc.dll,5.4.3,ok,,netstandard2.1,lib/netstandard2.1/DryIoc.dll,784896.0,413546.0,2062640.0,369.0,1440.0,705.0,0.0,117.0,4.0,2145.0,,,,,,,,,,,,,,4040.0,698.0
Xamarin.AndroidX.ExifInterface,1.4.2.3,ok,,net10.0-android36.0,lib/net10.0-android36.0/Xamarin.AndroidX.ExifInterface.dll,73016.0,95728.0,227359.0,3.0,22.0,24.0,0.0,6.0,0.0,46.0,,,,,,,,,,,,,,210.0,22.0
RhinoMocks,3.6.1,ok,,net,lib/net/Rhino.Mocks.dll,317952.0,222166.0,203440.0,155.0,596.0,431.0,2.0,124.0,5.0,1029.0,,,,,,,,,,,,,,2515.0,425.0
CacheManager.Core,3.0.0,ok,,netstandard2.1,lib/netstandard2.1/CacheManager.Core.dll,100352.0,106946.0,282525.0,46.0,257.0,147.0,21.0,37.0,0.0,425.0,,,,,,,,,,,,,,726.0,84.0
ZiggyCreatures.FusionCache.Serialization.NewtonsoftJson,2.7.2,ok,,netstandard2.0,lib/netstandard2.0/ZiggyCreatures.FusionCache.Serialization.NewtonsoftJson.dll,15872.0,44409.0,33161.0,3.0,7.0,2.0,0.0,3.0,0.0,9.0,,,,,,,,,,,,,,25.0,10.0
dbup,5.0.41,metapackage,,,,,20709.0,20709.0,,,,,,,,,,,,,,,,,,,,,,
Microsoft.Extensions.AI.OpenAI,10.9.0,ok,,netstandard2.0,lib/netstandard2.0/Microsoft.Extensions.AI.OpenAI.dll,295224.0,190074.0,729528.0,8.0,38.0,107.0,0.0,4.0,0.0,145.0,,,,,,,,,,,,,,792.0,130.0
JasperFx,2.61.0,ok,,net10.0,lib/net10.0/JasperFx.dll,1086464.0,570914.0,1699047.0,491.0,1692.0,1007.0,0.0,384.0,82.0,2699.0,,,,,,,,,,,,,,5940.0,961.0
RamlToOpenApiConverter,0.21.0,ok,,netstandard2.0,lib/netstandard2.0/RamlToOpenApiConverter.dll,27648.0,60051.0,46578.0,4.0,3.0,3.0,0.0,3.0,0.0,6.0,,,,,,,,,,,,,,82.0,20.0
Radzen.Blazor,11.3.0,ok,,net10.0,lib/net10.0/Radzen.Blazor.dll,4514304.0,1584800.0,9667180.0,934.0,2758.0,7025.0,35.0,755.0,26.0,9818.0,,,,,,,,,,,,,,24668.0,3139.0
OpenIddict.Server.DataProtection,7.6.1,ok,,netstandard2.1,lib/netstandard2.1/OpenIddict.Server.DataProtection.dll,599552.0,265018.0,1526038.0,106.0,170.0,192.0,0.0,8.0,0.0,362.0,,,,,,,,,,,,,,2480.0,425.0
Microsoft.DurableTask.Worker.Grpc,1.25.0,ok,,netstandard2.0,lib/netstandard2.0/Microsoft.DurableTask.Worker.Grpc.dll,179000.0,142047.0,383979.0,8.0,15.0,82.0,0.0,1.0,0.0,97.0,,,,,,,,,,,,,,577.0,144.0
Umbraco.Cms.Examine.Lucene,18.1.1,ok,,net10.0,lib/net10.0/Umbraco.Examine.Lucene.dll,38400.0,57424.0,38413.0,18.0,23.0,15.0,0.0,18.0,0.0,38.0,,,,,,,,,,,,,,115.0,29.0
runtime.win-x64.Microsoft.NETCore.DotNetAppHost,10.0.11,native_only,,,,,65558.0,8267719.0,,,,,,,,,,,,,,,,,,,,,,
Microsoft.TestPlatform.Portable,18.9.0,tools_only,,,,,136854.0,14717080.0,,,,,,,,,,,,,,,,,,,,,,
runtime.win-x64.Microsoft.NETCore.DotNetHostPolicy,8.0.30,native_only,,,,,65558.0,235313.0,,,,,,,,,,,,,,,,,,,,,,
Microsoft.DurableTask.Worker,1.25.0,ok,,netstandard2.0,lib/netstandard2.0/Microsoft.DurableTask.Worker.dll,102752.0,113184.0,85946.0,24.0,29.0,114.0,0.0,17.0,0.0,143.0,,,,,,,,,,,,,,500.0,99.0
runtime.win-x64.Microsoft.NETCore.DotNetHostResolver,8.0.30,native_only,,,,,65558.0,215309.0,,,,,,,,,,,,,,,,,,,,,,
Microsoft.Azure.Search.Data,10.1.0,ok,,netstandard2.0,lib/netstandard2.0/Microsoft.Azure.Search.Data.dll,144456.0,124031.0,344650.0,34.0,68.0,165.0,0.0,41.0,0.0,233.0,,,,,,,,,,,,,,731.0,108.0
Volo.Abp.Features,10.6.0,ok,,netstandard2.1,lib/netstandard2.1/Volo.Abp.Features.dll,73728.0,96251.0,251488.0,45.0,88.0,55.0,0.0,32.0,0.0,143.0,,,,,,,,,,,,,,291.0,92.0
Microsoft.AspNetCore.SystemWebAdapters,2.3.0,ok,,netstandard2.0,lib/netstandard2.0/Microsoft.AspNetCore.SystemWebAdapters.dll,69664.0,94420.0,516633.0,76.0,375.0,406.0,24.0,52.0,0.0,805.0,,,,,,,,,,,,,,990.0,83.0
HotChocolate.Primitives,16.6.3,ok,,net11.0,lib/net11.0/HotChocolate.Primitives.dll,32256.0,80520.0,115456.0,82.0,23.0,24.0,0.0,2.0,3.0,47.0,,,,,,,,,,,,,,70.0,91.0
Microsoft.Extensions.Hosting.Systemd,10.0.11,ok,,netstandard2.1,lib/netstandard2.1/Microsoft.Extensions.Hosting.Systemd.dll,29480.0,82539.0,114339.0,10.0,12.0,19.0,0.0,3.0,0.0,31.0,,,,,,,,,,,,,,93.0,38.0
NewRelic.LogEnrichers.Serilog,1.2.0,ok,,netstandard2.0,lib/netstandard2.0/NewRelic.LogEnrichers.Serilog.dll,14848.0,43771.0,35847.0,4.0,5.0,1.0,0.0,2.0,0.0,6.0,,,,,,,,,,,,,,31.0,13.0
Volo.Abp.BackgroundWorkers,10.6.0,ok,,netstandard2.1,lib/netstandard2.1/Volo.Abp.BackgroundWorkers.dll,35328.0,81031.0,155885.0,23.0,56.0,29.0,0.0,15.0,0.0,85.0,,,,,,,,,,,,,,170.0,51.0
Moon.Collections,3.1.1,ok,,netstandard1.3,lib/netstandard1.3/Moon.Collections.dll,12800.0,23970.0,17538.0,9.0,32.0,2.0,0.0,5.0,0.0,34.0,,,,,,,,,,,,,,49.0,12.0
Stubble.Core,1.10.8,ok,,netstandard2.0,lib/netstandard2.0/Stubble.Core.dll,81920.0,101194.0,154999.0,76.0,182.0,112.0,0.0,72.0,2.0,294.0,,,,,,,,,,,,,,547.0,117.0
Npgsql.EntityFrameworkCore.PostgreSQL.Design,1.1.1,ok,,netstandard1.3,lib/netstandard1.3/Npgsql.EntityFrameworkCore.PostgreSQL.Design.dll,36864.0,50466.0,37345.0,6.0,9.0,5.0,0.0,5.0,0.0,14.0,,,,,,,,,,,,,,66.0,17.0
OpenIddict.Validation.DataProtection,7.6.1,ok,,netstandard2.1,lib/netstandard2.1/OpenIddict.Validation.DataProtection.dll,547840.0,258280.0,1485501.0,102.0,159.0,184.0,0.0,5.0,0.0,343.0,,,,,,,,,,,,,,2425.0,418.0
Microsoft.Azure.Search.Service,10.1.0,ok,,netstandard2.0,lib/netstandard2.0/Microsoft.Azure.Search.Service.dll,346184.0,185095.0,727562.0,180.0,294.0,363.0,0.0,256.0,37.0,657.0,,,,,,,,,,,,,,1649.0,305.0
iTextSharp.LGPLv2.Core,3.8.5,ok,,netstandard2.0,lib/netstandard2.0/iTextSharp.LGPLv2.Core.dll,9474048.0,3112630.0,23356116.0,477.0,3286.0,1257.0,0.0,707.0,0.0,4543.0,,,,,,,,,,,,,,6989.0,604.0
Serilog.Sinks.Literate,3.0.0,ok,,netstandard1.3,lib/netstandard1.3/Serilog.Sinks.Literate.dll,5120.0,20926.0,18068.0,1.0,1.0,0.0,0.0,0.0,0.0,1.0,,,,,,,,,,,,,,1.0,2.0
NBuilder,6.1.0,ok,,netstandard1.6,lib/netstandard1.6/FizzWare.NBuilder.dll,99840.0,108186.0,96176.0,91.0,439.0,151.0,0.0,65.0,0.0,590.0,,,,,,,,,,,,,,835.0,110.0
Ensure.That,10.1.0,ok,,netstandard2.1,lib/netstandard2.1/Ensure.That.dll,67072.0,87785.0,112330.0,31.0,415.0,52.0,0.0,14.0,0.0,467.0,,,,,,,,,,,,,,515.0,43.0
AdvancedStringBuilder,0.2.0,ok,,netstandard2.0,lib/netstandard2.0/AdvancedStringBuilder.dll,11776.0,71373.0,86553.0,2.0,18.0,7.0,0.0,1.0,0.0,25.0,,,,,,,,,,,,,,49.0,11.0
Microsoft.Identity.Web.MicrosoftGraph,4.14.2,ok,,netstandard2.0,lib/netstandard2.0/Microsoft.Identity.Web.MicrosoftGraph.dll,31536.0,82853.0,151140.0,3.0,7.0,21.0,0.0,1.0,0.0,28.0,,,,,,,,,,,,,,88.0,19.0
Xamarin.Android.Support.Animated.Vector.Drawable,28.0.0.3,ok,,monoandroid60,lib/monoandroid60/Xamarin.Android.Support.Animated.Vector.Drawable.dll,47280.0,83439.0,258932.0,4.0,27.0,24.0,0.0,6.0,0.0,51.0,,,,,,,,,,,,,,139.0,8.0
EFCore.BulkExtensions.Core,10.0.1,ok,,net10.0,lib/net10.0/EFCore.BulkExtensions.Core.dll,171008.0,137617.0,189169.0,37.0,126.0,175.0,0.0,19.0,1.0,301.0,,,,,,,,,,,,,,759.0,116.0
KubernetesClient.Basic,12.0.16,ok,,netstandard2.0,lib/netstandard2.0/KubernetesClient.Basic.dll,3466240.0,752072.0,6313881.0,129.0,2265.0,133.0,0.0,10.0,0.0,2398.0,,,,,,,,,,,,,,8381.0,2369.0
Prism.Forms,9.0.537,ok,,netstandard2.0,lib/netstandard2.0/Prism.Forms.dll,128512.0,120555.0,134033.0,83.0,265.0,102.0,7.0,46.0,1.0,374.0,,,,,,,,,,,,,,768.0,172.0
Volo.Abp.Caching,10.6.0,ok,,netstandard2.1,lib/netstandard2.1/Volo.Abp.Caching.dll,80384.0,98651.0,268312.0,22.0,124.0,45.0,0.0,16.0,0.0,169.0,,,,,,,,,,,,,,330.0,77.0
runtime.ubuntu.14.04-x64.Microsoft.NETCore.DotNetHostResolver,1.1.13,metapackage,,,,,65558.0,251898.0,,,,,,,,,,,,,,,,,,,,,,
AwesomeAssertions,9.6.0,ok,,netstandard2.1,lib/netstandard2.1/AwesomeAssertions.dll,761856.0,314989.0,2520879.0,245.0,1288.0,528.0,0.0,201.0,2.0,1816.0,,,,,,,,,,,,,,4650.0,941.0
HotChocolate.Features,16.6.3,ok,,net11.0,lib/net11.0/HotChocolate.Features.dll,20480.0,74622.0,65390.0,11.0,36.0,32.0,0.0,6.0,0.0,68.0,,,,,,,,,,,,,,126.0,19.0
runtime.ubuntu.14.04-x64.Microsoft.NETCore.DotNetHost,1.1.13,metapackage,,,,,65558.0,66110.0,,,,,,,,,,,,,,,,,,,,,,
PactNet,5.0.1,ok,,netstandard2.0,lib/netstandard2.0/PactNet.dll,62976.0,91233.0,30437423.0,2.0,15.0,8.0,0.0,2.0,0.0,23.0,,,,,,,,,,,,,,400.0,94.0
Amazon.CDK,1.204.0,ok,,netcoreapp3.1,lib/netcoreapp3.1/Amazon.CDK.dll,1521664.0,1317568.0,1477116.0,342.0,351.0,1462.0,0.0,343.0,0.0,1813.0,,,,,,,,,,,,,,2924.0,487.0
Volo.Abp.Serialization,10.6.0,ok,,netstandard2.1,lib/netstandard2.1/Volo.Abp.Serialization.dll,7680.0,69515.0,71468.0,4.0,9.0,0.0,0.0,2.0,0.0,9.0,,,,,,,,,,,,,,20.0,11.0
NetEscapades.Configuration.Yaml,3.1.0,ok,,netstandard2.0,lib/netstandard2.0/NetEscapades.Configuration.Yaml.dll,12800.0,58648.0,52250.0,3.0,8.0,5.0,0.0,2.0,0.0,13.0,,,,,,,,,,,,,,44.0,12.0
Azure.Provisioning,1.6.0,ok,,netstandard2.0,lib/netstandard2.0/Azure.Provisioning.dll,402752.0,219878.0,679619.0,306.0,317.0,1003.0,0.0,209.0,15.0,1320.0,,,,,,,,,,,,,,2880.0,476.0
Microsoft.Testing.Extensions.TrxReport,2.4.0,ok,,netstandard2.0,lib/netstandard2.0/Microsoft.Testing.Extensions.TrxReport.dll,241464.0,171470.0,1025731.0,8.0,7.0,244.0,0.0,0.0,0.0,251.0,,,,,,,,,,,,,,1041.0,222.0
Npgsql.EntityFrameworkCore.PostgreSQL.NetTopologySuite,10.0.3,ok,,net10.0,lib/net10.0/Npgsql.EntityFrameworkCore.PostgreSQL.NetTopologySuite.dll,70144.0,92181.0,62729.0,20.0,33.0,71.0,0.0,17.0,0.0,104.0,,,,,,,,,,,,,,348.0,62.0
Optional,4.0.0,ok,,netstandard2.0,lib/netstandard2.0/Optional.dll,34304.0,79799.0,81024.0,8.0,112.0,19.0,0.0,0.0,12.0,131.0,,,,,,,,,,,,,,263.0,46.0
Microsoft.CrmSdk.Workflow,9.0.2.60,ok,,net462,lib/net462/Microsoft.Xrm.Sdk.Workflow.dll,53280.0,90172.0,120786.0,55.0,41.0,123.0,0.0,64.0,2.0,164.0,,,,,,,,,,,,,,344.0,73.0
Colorful.Console,1.2.15,ok,,netstandard2.0,lib/netstandard2.0/Colorful.Console.dll,90624.0,98402.0,236939.0,33.0,282.0,68.0,1.0,34.0,0.0,351.0,,,,,,,,,,,,,,545.0,60.0
Microsoft.Reactive.Testing,7.0.0,ok,,netstandard2.0,lib/netstandard2.0/Microsoft.Reactive.Testing.dll,183248.0,140063.0,235427.0,8.0,46.0,54.0,0.0,5.0,4.0,100.0,,,,,,,,,,,,,,992.0,173.0
IronSoftware.System.Drawing,2026.8.2,ok,,netstandard2.0,lib/netstandard2.0/IronSoftware.Drawing.Common.dll,121088.0,121504.0,246027.0,19.0,104.0,122.0,0.0,38.0,145.0,226.0,,,,,,,,,,,,,,682.0,61.0
ConcurrentHashSet,1.3.0,ok,,netstandard2.0,lib/netstandard2.0/ConcurrentCollections.dll,13824.0,45473.0,38724.0,2.0,9.0,8.0,0.0,8.0,0.0,17.0,,,,,,,,,,,,,,50.0,10.0
Microsoft.Identity.Client.Broker,4.88.0,ok,,netstandard2.0,lib/netstandard2.0/Microsoft.Identity.Client.Broker.dll,74024.0,95003.0,90283.0,1.0,3.0,1.0,0.0,0.0,0.0,4.0,,,,,,,,,,,,,,114.0,31.0
SixLabors.ImageSharp.Web,4.0.1,ok,,net8.0,lib/net8.0/SixLabors.ImageSharp.Web.dll,140288.0,128711.0,129708.0,71.0,129.0,118.0,0.0,52.0,4.0,247.0,,,,,,,,,,,,,,733.0,147.0
PreMailer.Net,2.7.4,ok,,netstandard2.0,lib/netstandard2.0/PreMailer.Net.dll,46080.0,85319.0,63198.0,23.0,54.0,43.0,0.0,18.0,1.0,97.0,,,,,,,,,,,,,,254.0,43.0
EFCore.BulkExtensions.SqlServer,10.0.1,ok,,net10.0,lib/net10.0/EFCore.BulkExtensions.SqlServer.dll,42496.0,84598.0,109097.0,4.0,17.0,6.0,0.0,4.0,0.0,23.0,,,,,,,,,,,,,,79.0,18.0
AspectInjector,2.9.0,ok,,netstandard2.0,lib/netstandard2.0/AspectInjector.Broker.dll,9728.0,70261.0,1533308.0,11.0,0.0,11.0,0.0,6.0,0.0,11.0,,,,,,,,,,,,,,31.0,20.0
coverlet.console,10.0.1,tools_only,,,,,65558.0,4314323.0,,,,,,,,,,,,,,,,,,,,,,
Xamarin.Android.Support.Vector.Drawable,28.0.0.3,ok,,monoandroid60,lib/monoandroid60/Xamarin.Android.Support.Vector.Drawable.dll,76960.0,90480.0,313778.0,9.0,44.0,58.0,0.0,21.0,0.0,102.0,,,,,,,,,,,,,,310.0,14.0
Google.Cloud.Firestore,4.4.0,ok,,netstandard2.0,lib/netstandard2.0/Google.Cloud.Firestore.dll,181760.0,145298.0,306357.0,42.0,222.0,163.0,0.0,17.0,10.0,385.0,,,,,,,,,,,,,,1107.0,217.0
DotNetOpenAuth.OpenId.Core,4.3.4.13329,ok,,net35-full,lib/net35-full/Mono.Math.dll,28672.0,79532.0,628960.0,3.0,10.0,4.0,0.0,2.0,0.0,14.0,,,,,,,,,,,,,,120.0,15.0
Microsoft.Azure.Devices,1.41.1,ok,,netstandard2.1,lib/netstandard2.1/Microsoft.Azure.Devices.dll,512864.0,243729.0,704771.0,146.0,266.0,496.0,0.0,164.0,0.0,762.0,,,,,,,,,,,,,,2450.0,438.0
ReactiveUI,24.1.0,ok,,net11.0,lib/net11.0/ReactiveUI.dll,686080.0,321460.0,9107686.0,153.0,1180.0,139.0,6.0,52.0,2.0,1325.0,,,,,,,,,,,,,,3219.0,576.0
Umbraco.Cms.Core,18.1.1,ok,,net10.0,lib/net10.0/Umbraco.Core.dll,4568576.0,1459180.0,2031564.0,2804.0,6090.0,4207.0,9.0,2136.0,59.0,10306.0,,,,,,,,,,,,,,21244.0,4687.0
Google.Cloud.Firestore.V1,4.4.0,ok,,netstandard2.0,lib/netstandard2.0/Google.Cloud.Firestore.V1.dll,350208.0,184777.0,421997.0,153.0,934.0,609.0,0.0,173.0,0.0,1543.0,,,,,,,,,,,,,,2570.0,255.0
Aspire.Hosting.Orchestration.linux-x64,13.5.3,metapackage,,,,,65558.0,46417172.0,,,,,,,,,,,,,,,,,,,,,,
Microsoft.VisualStudio.Composition.NetFxAttributes,16.9.20,ok,,netstandard2.0,lib/netstandard2.0/Microsoft.VisualStudio.Composition.NetFxAttributes.dll,16744.0,50587.0,41479.0,0.0,0.0,0.0,0.0,0.0,0.0,0.0,,,,,,,,,,,,,,1.0,2.0
Nuget.Core,2.14.0,ok,,net40-Client,lib/net40-Client/NuGet.Core.dll,666288.0,304536.0,250189.0,203.0,700.0,954.0,30.0,157.0,6.0,1684.0,,,,,,,,,,,,,,4194.0,553.0
Serilog.Sinks.ColoredConsole,3.0.1,ok,,netstandard1.3,lib/netstandard1.3/Serilog.Sinks.ColoredConsole.dll,7168.0,21194.0,17718.0,1.0,1.0,1.0,0.0,0.0,0.0,2.0,,,,,,,,,,,,,,3.0,3.0
Ardalis.Specification,9.3.1,ok,,netstandard2.0,lib/netstandard2.0/Ardalis.Specification.dll,49152.0,86297.0,109710.0,48.0,136.0,92.0,0.0,25.0,0.0,228.0,,,,,,,,,,,,,,347.0,72.0
NServiceBus.Newtonsoft.Json,5.0.1,ok,,net10.0,lib/net10.0/NServiceBus.Newtonsoft.Json.dll,25088.0,73679.0,55486.0,2.0,5.0,9.0,0.0,1.0,0.0,14.0,,,,,,,,,,,,,,52.0,10.0
DotNet.Glob,3.1.3,ok,,netstandard2.1,lib/netstandard2.1/DotNet.Glob.dll,35328.0,81320.0,102995.0,45.0,131.0,60.0,0.0,36.0,0.0,191.0,,,,,,,,,,,,,,311.0,57.0
JavaScriptEngineSwitcher.Core,3.31.0,ok,,netstandard2.0,lib/netstandard2.0/JavaScriptEngineSwitcher.Core.dll,52224.0,85644.0,193144.0,33.0,132.0,90.0,0.0,54.0,0.0,222.0,,,,,,,,,,,,,,337.0,43.0
OpenTelemetry.Contrib.Instrumentation.AWS,1.0.2,ok,,netstandard2.0,lib/netstandard2.0/OpenTelemetry.Contrib.Instrumentation.AWS.dll,23552.0,50965.0,39889.0,2.0,1.0,3.0,0.0,1.0,0.0,4.0,,,,,,,,,,,,,,49.0,17.0
DeepEqual,5.1.0,ok,,netstandard2.1,lib/netstandard2.1/DeepEqual.dll,47104.0,88124.0,126787.0,39.0,99.0,50.0,0.0,34.0,0.0,149.0,,,,,,,,,,,,,,348.0,69.0
Microsoft.Management.Infrastructure.CimCmdlets,7.6.5,ok,,net10.0,ref/net10.0/Microsoft.Management.Infrastructure.CimCmdlets.dll,195352.0,124332.0,209548.0,19.0,41.0,237.0,6.0,17.0,0.0,284.0,,,,,,,,,,,,,,737.0,90.0
JUnitTestLogger,1.1.0,native_only,,,,,19071.0,19071.0,,,,,,,,,,,,,,,,,,,,,,
DotNetOpenAuth.OAuth.Core,4.3.4.13329,ok,,net35-full,lib/net35-full/DotNetOpenAuth.OAuth.dll,55296.0,88489.0,116984.0,23.0,19.0,123.0,0.0,12.0,0.0,142.0,,,,,,,,,,,,,,308.0,44.0
Aspire.Dashboard.Sdk.linux-x64,13.5.3,tools_only,,,,,65558.0,14349061.0,,,,,,,,,,,,,,,,,,,,,,
DevExtreme.AspNet.Data,5.1.0,ok,,net8.0,lib/net8.0/DevExtreme.AspNet.Data.dll,105984.0,112830.0,125152.0,17.0,18.0,112.0,0.0,9.0,0.0,130.0,,,,,,,,,,,,,,592.0,121.0
MagicOnion,7.10.2,metapackage,,,,,19829.0,19829.0,,,,,,,,,,,,,,,,,,,,,,
runtime.ubuntu.14.04-x64.runtime.native.System.Security.Cryptography,4.3.4,metapackage,,,,,52327.0,52327.0,,,,,,,,,,,,,,,,,,,,,,
Serilog.Enrichers.Context,4.6.5,ok,,netstandard2.0,lib/netstandard2.0/Serilog.Enrichers.Context.dll,7680.0,29073.0,25112.0,1.0,7.0,0.0,0.0,0.0,0.0,7.0,,,,,,,,,,,,,,15.0,5.0
Microsoft.ClearScript.V8,7.5.1,ok,,netstandard2.1,lib/netstandard2.1/ClearScript.V8.dll,459400.0,216043.0,1064958.0,80.0,337.0,187.0,2.0,62.0,104.0,526.0,,,,,,,,,,,,,,4933.0,312.0
AWSSDK.Neptune,4.0.100.11,ok,,netstandard2.0,lib/netstandard2.0/AWSSDK.Neptune.dll,484520.0,206165.0,1026485.0,545.0,650.0,1180.0,0.0,880.0,3.0,1830.0,,,,,,,,,,,,,,5182.0,596.0
MinVer,7.0.0,native_only,,,,,65558.0,1014813.0,,,,,,,,,,,,,,,,,,,,,,
Microsoft.ML.OnnxRuntime.Gpu.Linux,1.29.0,metapackage,,,,,65558.0,191730792.0,,,,,,,,,,,,,,,,,,,,,,
Microsoft.Azure.Storage.File,11.2.3,ok,,netstandard2.0,lib/netstandard2.0/Microsoft.Azure.Storage.File.dll,238984.0,155356.0,377583.0,48.0,529.0,184.0,0.0,38.0,0.0,713.0,,,,,,,,,,,,,,1491.0,220.0
NetEscapades.AspNetCore.SecurityHeaders,1.3.1,ok,,netcoreapp3.1,lib/netcoreapp3.1/NetEscapades.AspNetCore.SecurityHeaders.dll,154112.0,159077.0,264866.0,167.0,521.0,79.0,0.0,141.0,0.0,600.0,,,,,,,,,,,,,,968.0,225.0
FirebirdSql.Data.FirebirdClient,10.3.4,ok,,netstandard2.1,lib/netstandard2.1/FirebirdSql.Data.FirebirdClient.dll,1383936.0,463445.0,2810783.0,101.0,498.0,591.0,13.0,74.0,17.0,1102.0,,,,,,,,,,,,,,4189.0,658.0
Microsoft.AspNetCore.Hosting.WindowsServices,10.0.11,ok,,net10.0,lib/net10.0/Microsoft.AspNetCore.Hosting.WindowsServices.dll,19752.0,62703.0,50622.0,2.0,7.0,0.0,0.0,1.0,0.0,7.0,,,,,,,,,,,,,,11.0,4.0
SharpDX.DXGI,4.2.0,ok,,netstandard1.1,lib/netstandard1.1/SharpDX.DXGI.dll,147968.0,115687.0,661410.0,129.0,165.0,73.0,1.0,65.0,53.0,239.0,,,,,,,,,,,,,,557.0,166.0
DotNetOpenAuth.OpenId.RelyingParty,4.3.4.13329,ok,,net35-full,lib/net35-full/DotNetOpenAuth.OpenId.RelyingParty.dll,89600.0,103854.0,208307.0,15.0,39.0,99.0,0.0,9.0,0.0,138.0,,,,,,,,,,,,,,365.0,52.0
MongoDB.Bson.signed,2.19.0,ok,,netstandard2.1,lib/netstandard2.1/MongoDB.Bson.dll,492544.0,255008.0,831922.0,354.0,1978.0,717.0,0.0,483.0,140.0,2695.0,,,,,,,,,,,,,,4380.0,514.0
DotNetOpenAuth.OAuth.Consumer,4.3.4.13329,ok,,net35-full,lib/net35-full/DotNetOpenAuth.OAuth.Consumer.dll,17920.0,68890.0,60150.0,6.0,23.0,9.0,0.0,5.0,0.0,32.0,,,,,,,,,,,,,,45.0,9.0
CSharpier,1.3.0,tools_only,,,,,65558.0,23347493.0,,,,,,,,,,,,,,,,,,,,,,
FlexLabs.EntityFrameworkCore.Upsert,10.1.0,ok,,net10.0,lib/net10.0/FlexLabs.EntityFrameworkCore.Upsert.dll,169368.0,154309.0,123307.0,21.0,84.0,167.0,0.0,15.0,2.0,251.0,,,,,,,,,,,,,,776.0,107.0
Tavis.UriTemplates,2.0.0,ok,,netstandard2.0,lib/netstandard2.0/Tavis.UriTemplates.dll,20992.0,33755.0,23460.0,10.0,31.0,13.0,0.0,7.0,0.0,44.0,,,,,,,,,,,,,,80.0,15.0
SecurityCodeScan.VS2019,5.6.7,tools_only,,,,,65558.0,450885.0,,,,,,,,,,,,,,,,,,,,,,
WinSCP,6.5.6,ok,,netstandard2.0,lib/netstandard2.0/WinSCPnet.dll,162072.0,134643.0,9097107.0,59.0,85.0,184.0,7.0,19.0,0.0,276.0,,,,,,,,,,,,,,800.0,113.0
Microsoft.Build.CentralPackageVersions,2.1.3,metapackage,,,,,34370.0,34370.0,,,,,,,,,,,,,,,,,,,,,,
Marten,9.31.2,ok,,net10.0,lib/net10.0/Marten.dll,2890752.0,1251840.0,2831685.0,493.0,2147.0,1880.0,0.0,320.0,11.0,4027.0,,,,,,,,,,,,,,12377.0,2385.0
System.Waf.Core,8.3.0,ok,,netstandard2.0,lib/netstandard2.0/System.Waf.Core.dll,72192.0,98494.0,101173.0,46.0,107.0,46.0,19.0,34.0,0.0,172.0,,,,,,,,,,,,,,459.0,100.0
AngleSharp.Diffing,1.1.1,ok,,netstandard2.0,lib/netstandard2.0/AngleSharp.Diffing.dll,94720.0,105524.0,68120.0,77.0,235.0,125.0,0.0,53.0,36.0,360.0,,,,,,,,,,,,,,751.0,128.0
DynamicExpresso.Core,2.19.5,ok,,netstandard2.0,lib/netstandard2.0/DynamicExpresso.Core.dll,98816.0,106172.0,62727.0,21.0,47.0,137.0,0.0,29.0,0.0,184.0,,,,,,,,,,,,,,553.0,79.0
Tomlyn.Signed,2.10.1,ok,,netstandard2.0,lib/netstandard2.0/Tomlyn.Signed.dll,325632.0,191860.0,827940.0,120.0,400.0,441.0,0.0,116.0,22.0,841.0,,,,,,,,,,,,,,2159.0,317.0
System.Waf.Wpf,8.3.0,ok,,net6.0-windows7.0,lib/net6.0-windows7.0/System.Waf.Wpf.dll,33280.0,74432.0,59139.0,28.0,70.0,16.0,0.0,21.0,0.0,86.0,,,,,,,,,,,,,,165.0,44.0
Microsoft.AspNet.WebApi.Tracing,5.3.0,ok,,net45,lib/net45/System.Web.Http.Tracing.dll,32176.0,72433.0,55182.0,2.0,6.0,28.0,0.0,1.0,0.0,34.0,,,,,,,,,,,,,,79.0,11.0
ISO3166,1.0.4,ok,,netstandard2.0,lib/netstandard2.0/ISO3166.dll,26624.0,56098.0,44750.0,1.0,0.0,4.0,0.0,0.0,0.0,4.0,,,,,,,,,,,,,,10.0,2.0
GraphQL.Client.Serializer.SystemTextJson,6.1.0,ok,,netstandard2.0,lib/netstandard2.0/GraphQL.Client.Serializer.SystemTextJson.dll,27136.0,79226.0,60839.0,7.0,17.0,2.0,0.0,7.0,0.0,19.0,,,,,,,,,,,,,,54.0,20.0
GoogleGson,2.14.0.1,ok,,net10.0-android36.0,lib/net10.0-android36.0/GoogleGson.dll,173880.0,114873.0,888295.0,47.0,186.0,264.0,0.0,46.0,0.0,450.0,,,,,,,,,,,,,,984.0,87.0
Xamarin.Forms.Maps,5.0.0.2662,ok,,netstandard2.0,lib/netstandard2.0/Xamarin.Forms.Maps.dll,34848.0,84133.0,421152.0,18.0,28.0,39.0,4.0,16.0,8.0,71.0,,,,,,,,,,,,,,159.0,23.0
Unicorn,4.1.6,tools_only,,,,,44815.0,44815.0,,,,,,,,,,,,,,,,,,,,,,
Autofac.Owin,8.0.0,ok,,net481,lib/net481/Autofac.Integration.Owin.dll,19456.0,44647.0,35279.0,3.0,10.0,5.0,0.0,0.0,0.0,15.0,,,,,,,,,,,,,,48.0,18.0
SmartFormat.Net,3.6.1,ok,,netstandard2.1,lib/netstandard2.1/SmartFormat.Net.dll,5632.0,39627.0,36583.0,0.0,0.0,0.0,0.0,0.0,0.0,0.0,,,,,,,,,,,,,,0.0,1.0
XeroAPI.Net,1.1.0.34,ok,,,lib/XeroApi.dll,171008.0,135171.0,199335.0,191.0,311.0,584.0,0.0,173.0,0.0,895.0,,,,,,,,,,,,,,1747.0,220.0
Xamarin.FFImageLoading.Transformations,2.4.11.982,ok,,netstandard1.0,lib/netstandard1.0/FFImageLoading.Transformations.dll,13312.0,71102.0,128413.0,14.0,12.0,44.0,0.0,31.0,0.0,56.0,,,,,,,,,,,,,,121.0,16.0
SerilogAnalyzer,0.15.0,tools_only,,,,,45955.0,45955.0,,,,,,,,,,,,,,,,,,,,,,
Ninject.Extensions.Factory,3.3.3,ok,,netstandard2.0,lib/netstandard2.0/Ninject.Extensions.Factory.dll,36864.0,64744.0,50001.0,19.0,69.0,5.0,0.0,11.0,0.0,74.0,,,,,,,,,,,,,,161.0,51.0
Microsoft.NETCore.App.Runtime.osx-arm64,10.0.11,native_only,,,,,65558.0,36677792.0,,,,,,,,,,,,,,,,,,,,,,
Microsoft.Azure.DurableTask.ApplicationInsights,0.11.0,ok,,netstandard2.0,lib/netstandard2.0/DurableTask.ApplicationInsights.dll,31072.0,72593.0,50436.0,1.0,1.0,2.0,0.0,1.0,0.0,3.0,,,,,,,,,,,,,,33.0,12.0
HotChocolate.Types.Queries,16.6.3,ok,,net11.0,lib/net11.0/HotChocolate.Types.Queries.dll,15360.0,63788.0,55852.0,1.0,1.0,0.0,0.0,0.0,0.0,1.0,,,,,,,,,,,,,,21.0,7.0
WebSocket4Net,0.15.2,ok,,netstandard1.3,lib/netstandard1.3/WebSocket4Net.dll,64000.0,94680.0,151803.0,36.0,89.0,139.0,8.0,41.0,0.0,236.0,,,,,,,,,,,,,,516.0,69.0
Volo.Abp.DistributedLocking.Abstractions,10.6.0,ok,,netstandard2.1,lib/netstandard2.1/Volo.Abp.DistributedLocking.Abstractions.dll,8704.0,70014.0,78387.0,9.0,6.0,3.0,0.0,6.0,0.0,9.0,,,,,,,,,,,,,,23.0,16.0
Volo.Abp.Http,10.6.0,ok,,netstandard2.1,lib/netstandard2.1/Volo.Abp.Http.dll,60928.0,93012.0,232382.0,29.0,42.0,109.0,0.0,20.0,0.0,151.0,,,,,,,,,,,,,,387.0,63.0
Xamarin.AndroidX.Lifecycle.ViewModel.Ktx,2.11.0.1,ok,,net10.0-android36.0,lib/net10.0-android36.0/Xamarin.AndroidX.Lifecycle.ViewModel.Ktx.dll,16184.0,75542.0,78953.0,0.0,0.0,0.0,0.0,0.0,0.0,0.0,,,,,,,,,,,,,,0.0,1.0
Dapper.StrongName,2.1.79,ok,,netstandard2.0,lib/netstandard2.0/Dapper.StrongName.dll,231424.0,185731.0,591857.0,23.0,220.0,150.0,1.0,12.0,0.0,371.0,,,,,,,,,,,,,,1068.0,131.0
StrawberryShake.Resources,16.6.3,ok,,net11.0,lib/net11.0/StrawberryShake.Resources.dll,18432.0,62345.0,55689.0,0.0,0.0,40.0,0.0,0.0,0.0,40.0,,,,,,,,,,,,,,42.0,2.0
Weasel.Core,9.30.0,ok,,net10.0,lib/net10.0/Weasel.Core.dll,257536.0,198665.0,388517.0,128.0,451.0,239.0,0.0,72.0,8.0,690.0,,,,,,,,,,,,,,1314.0,253.0
Xamarin.AndroidX.Legacy.Support.V4,1.0.0.37,ok,,net10.0-android36.0,lib/net10.0-android36.0/Xamarin.AndroidX.Legacy.Support.V4.dll,16184.0,75783.0,81169.0,0.0,0.0,0.0,0.0,0.0,0.0,0.0,,,,,,,,,,,,,,0.0,1.0
HotChocolate.Types.Errors,16.6.3,ok,,net11.0,lib/net11.0/HotChocolate.Types.Errors.dll,29696.0,79432.0,84872.0,8.0,12.0,24.0,0.0,3.0,0.0,36.0,,,,,,,,,,,,,,135.0,38.0
Microsoft.Extensions.Validation,10.0.11,ok,,net10.0,lib/net10.0/Microsoft.Extensions.Validation.dll,43304.0,87915.0,106592.0,11.0,12.0,35.0,1.0,7.0,0.0,48.0,,,,,,,,,,,,,,131.0,26.0
Google.Apis.Compute.v1,1.76.0.4250,ok,,netstandard2.0,lib/netstandard2.0/Google.Apis.Compute.v1.dll,2806272.0,731872.0,4397853.0,2649.0,2482.0,15000.0,0.0,2635.0,0.0,17482.0,,,,,,,,,,,,,,31961.0,2650.0
NATS.Client,1.1.8,ok,,netstandard2.0,lib/netstandard2.0/NATS.Client.dll,581120.0,319538.0,334890.0,284.0,1345.0,861.0,2.0,206.0,19.0,2208.0,,,,,,,,,,,,,,3648.0,425.0
Microsoft.ClearScript.Core,7.5.1,ok,,netstandard2.1,lib/netstandard2.1/ClearScript.Core.dll,490632.0,257763.0,1392541.0,75.0,281.0,481.0,6.0,65.0,0.0,768.0,,,,,,,,,,,,,,3305.0,668.0
Amazon.Lambda.DynamoDBEvents,4.0.0,ok,,net10.0,lib/net10.0/Amazon.Lambda.DynamoDBEvents.dll,33448.0,77704.0,59006.0,14.0,5.0,45.0,0.0,14.0,0.0,50.0,,,,,,,,,,,,,,120.0,16.0
Microsoft.Windows.SDK.BuildTools,10.0.28000.2705,no_lib_dll,,,,,65558.0,22297017.0,,,,,,,,,,,,,,,,,,,,,,
HotChocolate.CostAnalysis,16.6.3,ok,,net11.0,lib/net11.0/HotChocolate.CostAnalysis.dll,61952.0,93508.0,149361.0,21.0,33.0,58.0,0.0,14.0,4.0,91.0,,,,,,,,,,,,,,263.0,55.0
xunit.v3.core,4.0.0,metapackage,,,,,32184.0,32184.0,,,,,,,,,,,,,,,,,,,,,,
StrawberryShake.Core,16.6.3,ok,,net11.0,lib/net11.0/StrawberryShake.Core.dll,82432.0,103457.0,220497.0,96.0,144.0,132.0,0.0,60.0,3.0,276.0,,,,,,,,,,,,,,528.0,132.0
NUnit.Runners,3.12.0,metapackage,,,,,29326.0,29326.0,,,,,,,,,,,,,,,,,,,,,,
Autofac.Configuration,8.0.1,ok,,netstandard2.1,lib/netstandard2.1/Autofac.Configuration.dll,35328.0,81662.0,111344.0,9.0,22.0,27.0,0.0,5.0,0.0,49.0,,,,,,,,,,,,,,149.0,31.0
Microsoft.SemanticKernel.Connectors.OpenAI,1.80.0,ok,,netstandard2.0,lib/netstandard2.0/Microsoft.SemanticKernel.Connectors.OpenAI.dll,288056.0,189027.0,512124.0,32.0,78.0,251.0,0.0,23.0,2.0,329.0,,,,,,,,,,,,,,1307.0,240.0
AWS.Logger.AspNetCore,4.0.2,ok,,netstandard2.0,lib/netstandard2.0/AWS.Logger.AspNetCore.dll,34472.0,84709.0,91011.0,6.0,19.0,19.0,0.0,7.0,0.0,38.0,,,,,,,,,,,,,,94.0,18.0
Xamarin.Firebase.Common,122.2.0,ok,,net10.0-android36.0,lib/net10.0-android36.0/Xamarin.Firebase.Common.dll,162104.0,114191.0,332110.0,54.0,122.0,281.0,2.0,46.0,0.0,405.0,,,,,,,,,,,,,,831.0,94.0
Microsoft.EntityFrameworkCore.SqlServer.Design,1.1.6,ok,,netstandard1.3,lib/netstandard1.3/Microsoft.EntityFrameworkCore.SqlServer.Design.dll,80872.0,97410.0,89142.0,12.0,40.0,21.0,0.0,6.0,0.0,61.0,,,,,,,,,,,,,,256.0,58.0
OpenIddict.Client,7.6.1,ok,,netstandard2.1,lib/netstandard2.1/OpenIddict.Client.dll,1142784.0,414970.0,2978662.0,483.0,629.0,1121.0,0.0,381.0,48.0,1750.0,,,,,,,,,,,,,,5723.0,969.0
Umbraco.Cms.PublishedCache.NuCache,14.3.4,ok,,net8.0,lib/net8.0/Umbraco.PublishedCache.NuCache.dll,185856.0,140089.0,98458.0,36.0,188.0,215.0,0.0,31.0,2.0,403.0,,,,,,,,,,,,,,985.0,130.0
GraphQL.SystemTextJson,8.8.5,ok,,netstandard2.1,lib/netstandard2.1/GraphQL.SystemTextJson.dll,78848.0,126897.0,358704.0,11.0,28.0,47.0,0.0,16.0,0.0,75.0,,,,,,,,,,,,,,188.0,62.0
MimeTypes,2.5.2,metapackage,,,,,65558.0,89121.0,,,,,,,,,,,,,,,,,,,,,,
Xamarin.AndroidX.Lifecycle.Runtime.Ktx,2.11.0.1,ok,,net10.0-android36.0,lib/net10.0-android36.0/Xamarin.AndroidX.Lifecycle.Runtime.Ktx.dll,15712.0,75369.0,78550.0,0.0,0.0,0.0,0.0,0.0,0.0,0.0,,,,,,,,,,,,,,0.0,1.0
Umbraco.Cms.Web.Website,18.1.1,ok,,net10.0,lib/net10.0/Umbraco.Web.Website.dll,149504.0,128028.0,92805.0,49.0,144.0,51.0,0.0,42.0,0.0,195.0,,,,,,,,,,,,,,551.0,142.0
itext7.commons,9.7.0,metapackage,,,,,30556.0,30556.0,,,,,,,,,,,,,,,,,,,,,,
Microsoft.NETCore.App.Host.osx-arm64,10.0.11,metapackage,,,,,65558.0,4983688.0,,,,,,,,,,,,,,,,,,,,,,
Xamarin.Android.Support.v7.RecyclerView,28.0.0.3,ok,,monoandroid60,lib/monoandroid60/Xamarin.Android.Support.v7.RecyclerView.dll,575648.0,195357.0,2155858.0,73.0,467.0,366.0,6.0,132.0,0.0,839.0,,,,,,,,,,,,,,2321.0,121.0
dotnet-trace,10.0.731102,tools_only,,,,,65558.0,12198640.0,,,,,,,,,,,,,,,,,,,,,,
Z.EntityFramework.Plus.EF6,10.105.8,ok,,netstandard2.1,lib/netstandard2.1/Z.EntityFramework.Plus.EF6.dll,231936.0,156654.0,652945.0,89.0,493.0,201.0,0.0,65.0,1.0,694.0,,,,,,,,,,,,,,1400.0,235.0
CommunityToolkit.Diagnostics,8.4.2,ok,,netstandard2.1,lib/netstandard2.1/CommunityToolkit.Diagnostics.dll,118600.0,120166.0,270253.0,4.0,503.0,4.0,0.0,0.0,0.0,507.0,,,,,,,,,,,,,,700.0,20.0
Foundatio,13.0.4,ok,,net10.0,lib/net10.0/Foundatio.dll,757248.0,404061.0,794315.0,209.0,853.0,579.0,0.0,159.0,7.0,1432.0,,,,,,,,,,,,,,3300.0,676.0
Google.Apis.Admin.Directory.directory_v1,1.75.0.4227,ok,,netstandard2.0,lib/netstandard2.0/Google.Apis.Admin.Directory.directory_v1.dll,261120.0,151019.0,521708.0,323.0,315.0,1512.0,0.0,291.0,0.0,1827.0,,,,,,,,,,,,,,3209.0,324.0
Amazon.CDK.CXAPI,2.268.0,ok,,net6.0,lib/net6.0/Amazon.CDK.CXAPI.dll,406752.0,429673.0,448087.0,51.0,28.0,239.0,0.0,47.0,0.0,267.0,,,,,,,,,,,,,,415.0,74.0
MassTransit.Quartz,9.2.1,ok,,netstandard2.0,lib/netstandard2.0/MassTransit.QuartzIntegration.dll,65536.0,101050.0,213900.0,19.0,44.0,27.0,0.0,18.0,0.0,71.0,,,,,,,,,,,,,,192.0,52.0
Roslynator.Formatting.Analyzers,5.0.0,tools_only,,,,,65558.0,1736881.0,,,,,,,,,,,,,,,,,,,,,,
EnvDTE,17.14.40260,ok,,netstandard2.0,lib/netstandard2.0/envdte.dll,28232.0,79430.0,151085.0,0.0,0.0,0.0,0.0,0.0,0.0,0.0,,,,,,,,,,,,,,0.0,1.0
PolySharp,1.16.0,tools_only,,,,,65558.0,84378.0,,,,,,,,,,,,,,,,,,,,,,
Cake.FileHelpers,9.0.0,ok,,net10.0,lib/net10.0/Cake.FileHelpers.dll,15872.0,72197.0,81248.0,1.0,41.0,0.0,0.0,0.0,0.0,41.0,,,,,,,,,,,,,,64.0,12.0
OpenIddict.Client.SystemNetHttp,7.6.1,ok,,netstandard2.1,lib/netstandard2.1/OpenIddict.Client.SystemNetHttp.dll,623616.0,273831.0,1621208.0,131.0,201.0,215.0,0.0,30.0,0.0,416.0,,,,,,,,,,,,,,2601.0,468.0
Npgsql.DependencyInjection,10.0.3,ok,,net8.0,lib/net8.0/Npgsql.DependencyInjection.dll,14848.0,39052.0,33006.0,1.0,20.0,0.0,0.0,0.0,0.0,20.0,,,,,,,,,,,,,,57.0,7.0
Markdown,2.2.1,ok,,netstandard1.3,lib/netstandard1.3/Markdown.dll,50176.0,54670.0,39839.0,3.0,3.0,30.0,0.0,3.0,0.0,33.0,,,,,,,,,,,,,,136.0,10.0
Xamarin.AndroidX.Activity.Ktx,1.13.0.1,ok,,net10.0-android36.0,lib/net10.0-android36.0/Xamarin.AndroidX.Activity.Ktx.dll,15672.0,75477.0,81131.0,0.0,0.0,0.0,0.0,0.0,0.0,0.0,,,,,,,,,,,,,,0.0,1.0
CData.Xero,26.0.9655,ok,,netstandard2.0,lib/netstandard2.0/System.Data.CData.Xero.dll,11997184.0,3620013.0,10364066.0,389.0,2151.0,226.0,5.0,436.0,2.0,2382.0,,,,,,,,,,,,,,72177.0,5407.0
Microsoft.AspNetCore.App.Runtime.osx-arm64,10.0.11,native_only,,,,,65558.0,12388038.0,,,,,,,,,,,,,,,,,,,,,,
Xamarin.Android.Arch.Lifecycle.Common,26.1.0,ok,,MonoAndroid80,lib/MonoAndroid80/Xamarin.Android.Arch.Lifecycle.Common.dll,34816.0,56334.0,36120.0,13.0,8.0,32.0,0.0,9.0,0.0,40.0,,,,,,,,,,,,,,83.0,19.0
Xamarin.AndroidX.SavedState.SavedState.Ktx,1.5.0.1,ok,,net10.0-android36.0,lib/net10.0-android36.0/Xamarin.AndroidX.SavedState.SavedState.Ktx.dll,16224.0,75537.0,79997.0,0.0,0.0,0.0,0.0,0.0,0.0,0.0,,,,,,,,,,,,,,0.0,1.0
itext.bouncy-castle-adapter,9.7.0,ok,,netstandard2.0,lib/netstandard2.0/itext.bouncy-castle-adapter.dll,98000.0,111571.0,140096.0,131.0,755.0,10.0,0.0,186.0,0.0,765.0,,,,,,,,,,,,,,987.0,138.0
Microsoft.NETCore.App.Crossgen2.win-x64,10.0.11,tools_only,,,,,65558.0,11804862.0,,,,,,,,,,,,,,,,,,,,,,
Rainbow.Core,2.1.4,ok,,net452,lib/net452/Rainbow.dll,63488.0,67797.0,39440.0,58.0,135.0,127.0,1.0,50.0,0.0,263.0,,,,,,,,,,,,,,434.0,85.0
Hashids.net,1.7.0,ok,,netstandard2.0,lib/netstandard2.0/Hashids.net.dll,17408.0,67510.0,59134.0,3.0,32.0,0.0,0.0,4.0,0.0,32.0,,,,,,,,,,,,,,60.0,9.0
Amazon.AspNetCore.DataProtection.SSM,4.0.3,ok,,netstandard2.0,lib/netstandard2.0/Amazon.AspNetCore.DataProtection.SSM.dll,31400.0,83473.0,109151.0,4.0,2.0,3.0,0.0,2.0,0.0,5.0,,,,,,,,,,,,,,37.0,15.0
Amazon.Extensions.CognitoAuthentication,3.1.5,ok,,netstandard2.0,lib/netstandard2.0/Amazon.Extensions.CognitoAuthentication.dll,95912.0,107743.0,129581.0,15.0,85.0,73.0,0.0,16.0,0.0,158.0,,,,,,,,,,,,,,389.0,66.0
ZiggyCreatures.FusionCache.Backplane.StackExchangeRedis,2.7.2,ok,,netstandard2.0,lib/netstandard2.0/ZiggyCreatures.FusionCache.Backplane.StackExchangeRedis.dll,32256.0,84378.0,83414.0,3.0,8.0,5.0,0.0,2.0,0.0,13.0,,,,,,,,,,,,,,64.0,21.0
elmah,1.2.2,metapackage,,,,,15323.0,15323.0,,,,,,,,,,,,,,,,,,,,,,
Avalonia.Remote.Protocol,12.1.2,ok,,netstandard2.0,lib/netstandard2.0/Avalonia.Remote.Protocol.dll,77824.0,100384.0,149366.0,36.0,19.0,82.0,6.0,27.0,0.0,107.0,,,,,,,,,,,,,,389.0,86.0
Microsoft.Orleans.Runtime.Abstractions,3.8.1,ok,,netstandard2.0,lib/netstandard2.0/Orleans.Runtime.Abstractions.dll,50488.0,94045.0,64816.0,25.0,61.0,11.0,0.0,4.0,0.0,72.0,,,,,,,,,,,,,,164.0,65.0
PgpCore,8.0.0,ok,,netstandard2.0,lib/netstandard2.0/PgpCore.dll,153088.0,122314.0,133143.0,36.0,343.0,51.0,0.0,51.0,0.0,394.0,,,,,,,,,,,,,,802.0,167.0
itext7.pdfhtml,6.3.3,metapackage,,,,,33252.0,33252.0,,,,,,,,,,,,,,,,,,,,,,
Xamarin.Android.Arch.Lifecycle.Runtime,26.1.0,ok,,MonoAndroid80,lib/MonoAndroid80/Xamarin.Android.Arch.Lifecycle.Runtime.dll,25088.0,46998.0,31653.0,4.0,5.0,14.0,0.0,6.0,0.0,19.0,,,,,,,,,,,,,,41.0,6.0
Microsoft.Azure.WebJobs.Extensions.EventHubs,6.5.3,ok,,netstandard2.0,lib/netstandard2.0/Microsoft.Azure.WebJobs.Extensions.EventHubs.dll,141368.0,128443.0,188484.0,8.0,3.0,88.0,0.0,5.0,0.0,91.0,,,,,,,,,,,,,,514.0,114.0
RazorGenerator.Mvc,2.4.9,ok,,net40,lib/net40/RazorGenerator.Mvc.dll,21504.0,34784.0,24897.0,5.0,18.0,14.0,0.0,11.0,0.0,32.0,,,,,,,,,,,,,,91.0,13.0
Blauhaus.Common.Utils,2.4.4,ok,,netstandard2.0,lib/netstandard2.0/Blauhaus.Common.Utils.dll,24064.0,37279.0,25890.0,14.0,32.0,4.0,1.0,11.0,0.0,37.0,,,,,,,,,,,,,,92.0,33.0
Microsoft.Azure.WebJobs.Logging.ApplicationInsights,3.0.47,ok,,netstandard2.0,lib/netstandard2.0/Microsoft.Azure.WebJobs.Logging.ApplicationInsights.dll,95544.0,121905.0,99644.0,8.0,10.0,42.0,0.0,5.0,0.0,52.0,,,,,,,,,,,,,,248.0,51.0
dotnet-counters,10.0.731102,tools_only,,,,,65558.0,6687665.0,,,,,,,,,,,,,,,,,,,,,,
Volo.Abp.Minify,10.6.0,ok,,netstandard2.1,lib/netstandard2.1/Volo.Abp.Minify.dll,7680.0,69532.0,73006.0,10.0,6.0,1.0,0.0,7.0,0.0,7.0,,,,,,,,,,,,,,24.0,17.0
DotNetCore.NPOI,1.2.3,ok,,netstandard2.0,lib/netstandard2.0/NPOI.OOXML.dll,578560.0,300114.0,492002.0,225.0,1391.0,816.0,0.0,263.0,0.0,2207.0,,,,,,,,,,,,,,3460.0,258.0
Microsoft.Owin.FileSystems,4.2.3,ok,,net45,lib/net45/Microsoft.Owin.FileSystems.dll,24136.0,67120.0,50743.0,4.0,7.0,21.0,0.0,5.0,0.0,28.0,,,,,,,,,,,,,,44.0,8.0
Microsoft.AspNetCore.Components.WebView,10.0.11,ok,,net10.0,lib/net10.0/Microsoft.AspNetCore.Components.WebView.dll,114000.0,115483.0,229571.0,4.0,11.0,67.0,0.0,1.0,0.0,78.0,,,,,,,,,,,,,,413.0,76.0
Xamarin.Android.Arch.Core.Common,26.1.0,ok,,MonoAndroid80,lib/MonoAndroid80/Xamarin.Android.Arch.Core.Common.dll,29184.0,49347.0,32608.0,4.0,12.0,13.0,0.0,5.0,0.0,25.0,,,,,,,,,,,,,,66.0,7.0
Xamarin.Android.Support.Design,28.0.0.3,ok,,monoandroid60,lib/monoandroid60/Xamarin.Android.Support.Design.dll,372880.0,155905.0,2330887.0,84.0,223.0,328.0,5.0,167.0,0.0,556.0,,,,,,,,,,,,,,1603.0,126.0
SimpleInjector.Integration.ServiceCollection,5.5.0,ok,,netstandard2.0,lib/netstandard2.0/SimpleInjector.Integration.ServiceCollection.dll,28672.0,71524.0,59934.0,5.0,7.0,18.0,0.0,1.0,0.0,25.0,,,,,,,,,,,,,,104.0,28.0
MSTest,4.4.0,metapackage,,,,,30858.0,30858.0,,,,,,,,,,,,,,,,,,,,,,
Microsoft.NETCore.UniversalWindowsPlatform,6.2.15,ok,,uap10.0.15138,ref/uap10.0.15138/System.dll,52480.0,87139.0,2618574.0,0.0,0.0,0.0,0.0,0.0,0.0,0.0,,,,,,,,,,,,,,0.0,1.0
DistributedLock.Postgres,1.3.1,ok,,netstandard2.1,lib/netstandard2.1/DistributedLock.Postgres.dll,55296.0,96341.0,152851.0,7.0,29.0,13.0,0.0,9.0,2.0,42.0,,,,,,,,,,,,,,163.0,37.0
EnterpriseLibrary.TransientFaultHandling.Data,6.0.1304.1,ok,,NET45,lib/NET45/Microsoft.Practices.EnterpriseLibrary.TransientFaultHandling.Data.dll,36528.0,59267.0,40837.0,12.0,47.0,38.0,0.0,18.0,0.0,85.0,,,,,,,,,,,,,,173.0,30.0
Grpc.Core.Testing,2.46.6,ok,,netstandard2.0,lib/netstandard2.0/Grpc.Core.Testing.dll,18200.0,77453.0,97694.0,2.0,5.0,10.0,0.0,0.0,0.0,15.0,,,,,,,,,,,,,,20.0,4.0
Xamarin.Google.Crypto.Tink.Android,1.23.0,ok,,net10.0-android36.0,lib/net10.0-android36.0/Xamarin.Google.Crypto.Tink.Android.dll,6447416.0,1017227.0,12545195.0,1289.0,7626.0,10746.0,0.0,293.0,0.0,18372.0,,,,,,,,,,,,,,29113.0,1658.0
AvalonEdit,6.3.1.120,ok,,net8.0-windows7.0,lib/net8.0-windows7.0/ICSharpCode.AvalonEdit.dll,622592.0,290797.0,904160.0,196.0,809.0,738.0,58.0,177.0,16.0,1605.0,,,,,,,,,,,,,,3549.0,361.0
Serilog.Sinks.Graylog,3.1.1,ok,,netstandard2.0,lib/netstandard2.0/Serilog.Sinks.Graylog.dll,10240.0,70871.0,96456.0,3.0,4.0,0.0,0.0,2.0,0.0,4.0,,,,,,,,,,,,,,17.0,10.0
Rebus.RabbitMq,10.1.1,ok,,netstandard2.0,lib/netstandard2.0/Rebus.RabbitMq.dll,92672.0,105447.0,241822.0,13.0,60.0,58.0,0.0,12.0,0.0,118.0,,,,,,,,,,,,,,371.0,83.0
MiniProfiler.EntityFrameworkCore,4.5.4,ok,,net8.0,lib/net8.0/MiniProfiler.EntityFrameworkCore.dll,18944.0,43335.0,29915.0,3.0,5.0,1.0,0.0,1.0,0.0,6.0,,,,,,,,,,,,,,8.0,5.0
Xamarin.AndroidX.Collection.Ktx,1.6.0.1,ok,,net10.0-android36.0,lib/net10.0-android36.0/Xamarin.AndroidX.Collection.Ktx.dll,15672.0,75473.0,86258.0,0.0,0.0,0.0,0.0,0.0,0.0,0.0,,,,,,,,,,,,,,0.0,1.0
Microsoft.Exchange.WebServices,2.2.0,ok,,40,lib/40/Microsoft.Exchange.WebServices.dll,1130264.0,444773.0,1340987.0,464.0,522.0,1879.0,9.0,296.0,24.0,2410.0,,,,,,,,,,,,,,7319.0,799.0
CassandraCSharpDriver,3.22.1,ok,,netstandard2.0,lib/netstandard2.0/Cassandra.dll,1161728.0,502393.0,1182637.0,318.0,1154.0,1503.0,41.0,251.0,92.0,2698.0,,,,,,,,,,,,,,7795.0,1359.0
GitHubActionsTestLogger,3.0.5,ok,,netstandard2.0,lib/netstandard2.0/GitHubActionsTestLogger.dll,596480.0,387213.0,851617.0,614.0,833.0,269.0,0.0,4.0,0.0,1102.0,,,,,,,,,,,,,,3410.0,1220.0
HotChocolate.Data.EntityFramework,16.6.3,ok,,net11.0,lib/net11.0/HotChocolate.Data.EntityFramework.dll,27648.0,79171.0,89045.0,2.0,4.0,14.0,0.0,0.0,0.0,18.0,,,,,,,,,,,,,,74.0,14.0
OpenTelemetry.Extensions.Propagators,1.18.0,ok,,netstandard2.0,lib/netstandard2.0/OpenTelemetry.Extensions.Propagators.dll,19456.0,75242.0,112835.0,2.0,4.0,2.0,0.0,3.0,0.0,6.0,,,,,,,,,,,,,,36.0,13.0
Paket,10.3.1,tools_only,,,,,65558.0,9046580.0,,,,,,,,,,,,,,,,,,,,,,
StrawberryShake.Transport.Http,16.6.3,ok,,net11.0,lib/net11.0/StrawberryShake.Transport.Http.dll,21504.0,76056.0,67172.0,4.0,7.0,8.0,0.0,3.0,0.0,15.0,,,,,,,,,,,,,,46.0,10.0
Extended.Wpf.Toolkit,5.1.2,ok,,net5.0,lib/net5.0/Xceed.Wpf.Toolkit.dll,1281024.0,447043.0,1362360.0,318.0,927.0,969.0,86.0,290.0,14.0,1982.0,,,,,,,,,,,,,,4766.0,465.0
Ocelot,25.0.0,ok,,net10.0,lib/net10.0/Ocelot.dll,383488.0,224965.0,603750.0,382.0,678.0,482.0,2.0,342.0,12.0,1162.0,,,,,,,,,,,,,,2709.0,672.0
Microsoft.Owin.StaticFiles,4.2.3,ok,,net45,lib/net45/Microsoft.Owin.StaticFiles.dll,74784.0,103024.0,74371.0,21.0,25.0,32.0,0.0,17.0,0.0,57.0,,,,,,,,,,,,,,152.0,35.0
EasyCaching.Core,1.9.2,ok,,netstandard2.0,lib/netstandard2.0/EasyCaching.Core.dll,86528.0,99445.0,127414.0,63.0,316.0,110.0,0.0,42.0,0.0,426.0,,,,,,,,,,,,,,667.0,102.0
Microsoft.ServiceFabric.Services.Remoting,8.7.157,ok,,netstandard2.0,lib/netstandard2.0/Microsoft.ServiceFabric.Services.Remoting.dll,231224.0,153064.0,269493.0,60.0,115.0,187.0,8.0,32.0,0.0,310.0,,,,,,,,,,,,,,1397.0,208.0
Microsoft.Azure.WebJobs.Extensions.CosmosDB,4.16.1,ok,,netstandard2.0,lib/netstandard2.0/Microsoft.Azure.WebJobs.Extensions.CosmosDB.dll,110432.0,127190.0,104049.0,10.0,7.0,72.0,0.0,6.0,0.0,79.0,,,,,,,,,,,,,,325.0,73.0
SharpDX.Direct3D11,4.2.0,ok,,netstandard1.1,lib/netstandard1.1/SharpDX.Direct3D11.dll,282624.0,157110.0,1525166.0,331.0,399.0,122.0,0.0,165.0,86.0,521.0,,,,,,,,,,,,,,1185.0,385.0
AWSSDK.ElastiCache,4.0.100.11,ok,,netstandard2.0,lib/netstandard2.0/AWSSDK.ElastiCache.dll,563880.0,229924.0,1221145.0,650.0,764.0,1367.0,0.0,1039.0,31.0,2131.0,,,,,,,,,,,,,,6092.0,710.0
OpenSeachNet,0.0.11,ok,,net40,lib/net40/OpenSearch.dll,27136.0,77916.0,367871.0,19.0,8.0,107.0,0.0,11.0,0.0,115.0,,,,,,,,,,,,,,155.0,23.0
Grpc.AspNetCore.HealthChecks,2.83.0,ok,,net10.0,lib/net10.0/Grpc.AspNetCore.HealthChecks.dll,25088.0,77427.0,123955.0,7.0,9.0,29.0,0.0,6.0,0.0,38.0,,,,,,,,,,,,,,89.0,22.0
Microsoft.CrmSdk.Deployment,9.0.2.34,ok,,net462,lib/net462/Microsoft.Xrm.Sdk.Deployment.dll,85936.0,96333.0,121063.0,98.0,12.0,269.0,0.0,87.0,0.0,281.0,,,,,,,,,,,,,,639.0,99.0
mongocsharpdriver,2.30.0,ok,,netstandard2.1,lib/netstandard2.1/MongoDB.Driver.Legacy.dll,321536.0,189919.0,538956.0,183.0,1069.0,478.0,1.0,288.0,12.0,1548.0,,,,,,,,,,,,,,2697.0,330.0
Microsoft.NETFramework.ReferenceAssemblies.net45,1.0.3,native_only,,,,,65558.0,19820444.0,,,,,,,,,,,,,,,,,,,,,,
Microsoft.ServiceFabric.FabricTransport.Internal,8.7.157,ok,,netstandard2.0,lib/netstandard2.0/Microsoft.ServiceFabric.FabricTransport.dll,58144.0,93067.0,355196.0,0.0,0.0,27.0,0.0,0.0,0.0,27.0,,,,,,,,,,,,,,225.0,47.0
Hyak.Common,1.2.2,ok,,netstandard1.4,lib/netstandard1.4/Hyak.Common.dll,63880.0,95018.0,100480.0,34.0,103.0,82.0,2.0,60.0,0.0,187.0,,,,,,,,,,,,,,360.0,53.0
SimpleInjector.Integration.AspNetCore,5.5.0,ok,,netstandard2.0,lib/netstandard2.0/SimpleInjector.Integration.AspNetCore.dll,17920.0,57900.0,49398.0,6.0,10.0,7.0,0.0,0.0,0.0,17.0,,,,,,,,,,,,,,55.0,21.0
Xamarin.Android.Support.v7.CardView,28.0.0.3,ok,,monoandroid60,lib/monoandroid60/Xamarin.Android.Support.v7.CardView.dll,41112.0,81722.0,205059.0,5.0,11.0,31.0,0.0,6.0,0.0,42.0,,,,,,,,,,,,,,135.0,11.0
Serilog.Enrichers.AssemblyName,2.0.0,ok,,netstandard2.0,lib/netstandard2.0/Serilog.Enrichers.AssemblyName.dll,6144.0,19821.0,16872.0,1.0,6.0,0.0,0.0,0.0,0.0,6.0,,,,,,,,,,,,,,9.0,2.0
JasperFx.Core,2.0.0,ok,,net9.0,lib/net9.0/JasperFx.Core.dll,233984.0,162570.0,208240.0,117.0,711.0,130.0,0.0,75.0,5.0,841.0,,,,,,,,,,,,,,1690.0,257.0
DistributedLock.SqlServer,1.0.7,ok,,netstandard2.1,lib/netstandard2.1/DistributedLock.SqlServer.dll,81408.0,103113.0,138348.0,10.0,37.0,17.0,0.0,13.0,0.0,54.0,,,,,,,,,,,,,,240.0,57.0
Sustainsys.Saml2,2.11.0,ok,,net8.0,lib/net8.0/Sustainsys.Saml2.dll,354816.0,200839.0,507643.0,215.0,516.0,543.0,0.0,243.0,0.0,1059.0,,,,,,,,,,,,,,2237.0,344.0
Duende.IdentityServer.EntityFramework.Storage,8.0.6,ok,,net10.0,lib/net10.0/Duende.IdentityServer.EntityFramework.Storage.dll,303616.0,191198.0,165901.0,81.0,101.0,457.0,0.0,62.0,0.0,558.0,,,,,,,,,,,,,,1523.0,245.0
Microsoft.VisualStudio.Azure.Fabric.MSBuild,1.7.9,native_only,,,,,65558.0,311023.0,,,,,,,,,,,,,,,,,,,,,,
Weasel.Postgresql,9.30.0,ok,,net10.0,lib/net10.0/Weasel.Postgresql.dll,355840.0,234716.0,402037.0,98.0,432.0,196.0,0.0,92.0,4.0,628.0,,,,,,,,,,,,,,1412.0,254.0
Microsoft.ML,5.0.0,ok,,netstandard2.0,lib/netstandard2.0/Microsoft.ML.PCA.dll,53520.0,93426.0,4805941.0,7.0,7.0,9.0,0.0,2.0,0.0,16.0,,,,,,,,,,,,,,102.0,27.0
GraphQL.Server.Ui.Playground,8.3.3,ok,,netstandard2.0,lib/netstandard2.0/GraphQL.Server.Ui.Playground.dll,28672.0,84768.0,114697.0,7.0,3.0,22.0,0.0,4.0,0.0,25.0,,,,,,,,,,,,,,71.0,16.0
GemBox.Spreadsheet,2026.9.102,ok,,netstandard2.0,lib/netstandard2.0/GemBox.Spreadsheet.dll,17088000.0,8065303.0,24997877.0,558.0,1376.0,6497.0,36.0,130.0,47.0,7909.0,,,,,,,,,,,,,,91647.0,10735.0
Rebus.ServiceProvider,10.7.2,ok,,netstandard2.1,lib/netstandard2.1/Rebus.ServiceProvider.dll,59904.0,91608.0,181965.0,8.0,28.0,21.0,0.0,2.0,0.0,49.0,,,,,,,,,,,,,,288.0,77.0
Microsoft.EntityFrameworkCore.DynamicLinq,10.7.4,ok,,net10.0,lib/net10.0/Microsoft.EntityFrameworkCore.DynamicLinq.dll,70144.0,81434.0,58670.0,4.0,54.0,0.0,0.0,0.0,0.0,54.0,,,,,,,,,,,,,,113.0,22.0
Microsoft.PowerPlatform.Dataverse.Client,1.2.26,ok,,net8.0,lib/net8.0/Microsoft.Xrm.Sdk.dll,732560.0,298306.0,2869134.0,582.0,348.0,1966.0,16.0,584.0,15.0,2330.0,,,,,,,,,,,,,,5540.0,734.0
Xamarin.AndroidX.Lifecycle.LiveData.Core.Ktx,2.11.0.1,ok,,net10.0-android36.0,lib/net10.0-android36.0/Xamarin.AndroidX.Lifecycle.LiveData.Core.Ktx.dll,16224.0,75551.0,78889.0,0.0,0.0,0.0,0.0,0.0,0.0,0.0,,,,,,,,,,,,,,0.0,1.0
Twilio.AspNet.Common,8.1.2,ok,,netstandard2.0,lib/netstandard2.0/Twilio.AspNet.Common.dll,25600.0,45052.0,34282.0,5.0,0.0,95.0,0.0,5.0,0.0,95.0,,,,,,,,,,,,,,232.0,46.0
Microsoft.Maui.Controls.Compatibility,10.0.100,ok,,netstandard2.1,lib/netstandard2.1/Microsoft.Maui.Controls.Compatibility.dll,27984.0,80189.0,1828372.0,9.0,13.0,1.0,0.0,6.0,0.0,14.0,,,,,,,,,,,,,,39.0,18.0
Microsoft.ClearScript.V8.Native.win-x64,7.5.1,native_only,,,,,65558.0,10998974.0,,,,,,,,,,,,,,,,,,,,,,
Microsoft.AspNetCore.SignalR.Redis,1.2.11,ok,,netstandard2.0,lib/netstandard2.0/Microsoft.AspNetCore.SignalR.Redis.dll,62816.0,89870.0,59540.0,7.0,27.0,24.0,0.0,5.0,0.0,51.0,,,,,,,,,,,,,,232.0,53.0
SharpRaven,2.4.0,ok,,netstandard2.0,lib/netstandard2.0/SharpRaven.dll,92160.0,101057.0,177007.0,52.0,94.0,174.0,0.0,45.0,2.0,268.0,,,,,,,,,,,,,,551.0,93.0
JasperFx.RuntimeCompiler,5.0.0,ok,,net10.0,lib/net10.0/JasperFx.RuntimeCompiler.dll,36864.0,89409.0,550903.0,13.0,30.0,18.0,0.0,5.0,0.0,48.0,,,,,,,,,,,,,,116.0,28.0
SuperSocket.ClientEngine.Core,0.10.0,ok,,netstandard1.3,lib/netstandard1.3/SuperSocket.ClientEngine.dll,49664.0,87942.0,134785.0,27.0,106.0,64.0,10.0,35.0,0.0,180.0,,,,,,,,,,,,,,337.0,44.0
Umbraco.Cms.Web.BackOffice,13.16.1,ok,,net8.0,lib/net8.0/Umbraco.Web.BackOffice.dll,938496.0,409137.0,401940.0,218.0,667.0,273.0,0.0,244.0,0.0,940.0,,,,,,,,,,,,,,3208.0,729.0
Xamarin.Android.Glide,5.0.9,ok,,net10.0-android36.0,lib/net10.0-android36.0/Xamarin.Android.Glide.dll,1219896.0,312391.0,3275067.0,376.0,1221.0,1742.0,2.0,461.0,0.0,2965.0,,,,,,,,,,,,,,6756.0,523.0
FastEndpoints,8.3.0,ok,,net10.0,lib/net10.0/FastEndpoints.dll,435712.0,233753.0,639210.0,163.0,477.0,450.0,0.0,94.0,2.0,927.0,,,,,,,,,,,,,,2366.0,356.0
Apache.NMS,2.2.0,ok,,netstandard2.0,lib/netstandard2.0/Apache.NMS.dll,70144.0,94598.0,76769.0,77.0,583.0,137.0,16.0,118.0,0.0,736.0,,,,,,,,,,,,,,975.0,78.0
Google.Apis.Iam.v1,1.76.0.4257,ok,,netstandard2.0,lib/netstandard2.0/Google.Apis.Iam.v1.dll,187392.0,126624.0,440837.0,297.0,345.0,1187.0,0.0,290.0,0.0,1532.0,,,,,,,,,,,,,,2561.0,298.0
TestableIO.System.IO.Abstractions.TestingHelpers,22.2.0,ok,,netstandard2.1,lib/netstandard2.1/TestableIO.System.IO.Abstractions.TestingHelpers.dll,78848.0,99759.0,337671.0,26.0,265.0,127.0,0.0,32.0,1.0,392.0,,,,,,,,,,,,,,607.0,50.0
EFCore.BulkExtensions.PostgreSql,10.0.1,ok,,net10.0,lib/net10.0/EFCore.BulkExtensions.PostgreSql.dll,50688.0,86738.0,110869.0,4.0,33.0,6.0,0.0,4.0,0.0,39.0,,,,,,,,,,,,,,97.0,25.0
Dawn.Guard,1.12.0,ok,,netstandard2.0,lib/netstandard2.0/Dawn.Guard.dll,97280.0,101814.0,110833.0,5.0,208.0,27.0,0.0,1.0,3.0,235.0,,,,,,,,,,,,,,441.0,47.0
GeoAPI.Core,1.7.5,ok,,netstandard2.0,lib/netstandard2.0/GeoAPI.dll,43008.0,84259.0,652609.0,61.0,274.0,128.0,0.0,24.0,2.0,402.0,,,,,,,,,,,,,,506.0,64.0
trx2junit,2.1.0,tools_only,,,,,65558.0,188192.0,,,,,,,,,,,,,,,,,,,,,,
Microsoft.CrmSdk.XrmTooling.CoreAssembly,9.1.1.65,ok,,net462,lib/net462/Microsoft.Rest.ClientRuntime.dll,85408.0,106811.0,248471.0,57.0,108.0,101.0,1.0,91.0,0.0,210.0,,,,,,,,,,,,,,461.0,88.0
OpenIddict.Client.WebIntegration,7.6.1,ok,,netstandard2.1,lib/netstandard2.1/OpenIddict.Client.WebIntegration.dll,1131520.0,393117.0,2892870.0,743.0,3027.0,525.0,0.0,289.0,0.0,3552.0,,,,,,,,,,,,,,6364.0,1172.0
CronExpressionDescriptor,2.51.0,ok,,netstandard2.0,lib/netstandard2.0/CronExpressionDescriptor.dll,33792.0,80546.0,368957.0,4.0,18.0,57.0,0.0,4.0,0.0,75.0,,,,,,,,,,,,,,146.0,13.0
akavache.sqlite3,13.0.0,ok,,net10.0,lib/net10.0/Akavache.Sqlite3.dll,103936.0,118613.0,1073880.0,4.0,39.0,52.0,0.0,4.0,0.0,91.0,,,,,,,,,,,,,,474.0,74.0
Microsoft.CodeAnalysis.Analyzer.Testing,1.1.4,ok,,netstandard2.0,lib/netstandard2.0/Microsoft.CodeAnalysis.Analyzer.Testing.dll,413024.0,318243.0,1331799.0,47.0,128.0,199.0,0.0,21.0,0.0,327.0,,,,,,,,,,,,,,937.0,179.0
Octopus.Server.MessageContracts.Base,2025.3.1755,ok,,netstandard2.0,lib/netstandard2.0/Octopus.Server.MessageContracts.Base.dll,6656.0,21816.0,18547.0,9.0,3.0,0.0,0.0,4.0,0.0,3.0,,,,,,,,,,,,,,12.0,14.0
OpenFeature,2.14.1,ok,,netstandard2.0,lib/netstandard2.0/OpenFeature.dll,116736.0,114987.0,380679.0,56.0,171.0,100.0,0.0,47.0,2.0,271.0,,,,,,,,,,,,,,584.0,115.0
Microsoft.Azure.Common,2.2.1,ok,,netstandard1.4,lib/netstandard1.4/Microsoft.Azure.Common.dll,35720.0,81427.0,64235.0,15.0,18.0,47.0,0.0,18.0,0.0,65.0,,,,,,,,,,,,,,118.0,17.0
Volo.Abp.Ddd.Application,10.6.0,ok,,netstandard2.1,lib/netstandard2.1/Volo.Abp.Ddd.Application.dll,44544.0,84964.0,179916.0,19.0,43.0,31.0,0.0,18.0,0.0,74.0,,,,,,,,,,,,,,168.0,50.0
IronPdf.Native.Chrome.Linux,2026.9.4,metapackage,,,,,65558.0,108632785.0,,,,,,,,,,,,,,,,,,,,,,
Stub.System.Data.SQLite.Core.NetFramework,1.0.119,ok,,net451,lib/net451/System.Data.SQLite.dll,459960.0,235078.0,11285683.0,134.0,625.0,290.0,24.0,107.0,0.0,939.0,,,,,,,,,,,,,,2597.0,239.0
Mime-Detective,25.8.1,ok,,netstandard2.0,lib/netstandard2.0/MimeDetective.dll,180224.0,133370.0,424599.0,73.0,305.0,235.0,0.0,61.0,40.0,540.0,,,,,,,,,,,,,,1215.0,194.0
Xamarin.AndroidX.Window,1.5.1.3,ok,,net10.0-android36.0,lib/net10.0-android36.0/Xamarin.AndroidX.Window.dll,279392.0,133075.0,936241.0,127.0,199.0,656.0,0.0,39.0,0.0,855.0,,,,,,,,,,,,,,1480.0,170.0
akavache,13.0.0,ok,,net10.0,lib/net10.0/Akavache.dll,137728.0,140260.0,1479253.0,43.0,257.0,74.0,0.0,10.0,2.0,331.0,,,,,,,,,,,,,,725.0,115.0
nClam,9.0.0,ok,,netstandard2.1,lib/netstandard2.1/nClam.dll,26624.0,49104.0,37115.0,7.0,47.0,16.0,0.0,7.0,2.0,63.0,,,,,,,,,,,,,,133.0,31.0
Microsoft.ML.CpuMath,5.0.0,ok,,netstandard2.0,lib/netstandard2.0/Microsoft.ML.CpuMath.dll,63240.0,94453.0,221394.0,0.0,0.0,37.0,0.0,0.0,0.0,37.0,,,,,,,,,,,,,,373.0,34.0
Volo.Abp.AutoMapper,10.6.0,ok,,net10.0,lib/net10.0/Volo.Abp.AutoMapper.dll,23552.0,76434.0,80046.0,12.0,33.0,10.0,0.0,6.0,0.0,43.0,,,,,,,,,,,,,,102.0,34.0
Sigil,5.0.0,ok,,netstandard2.1,lib/netstandard2.1/Sigil.dll,330240.0,184843.0,1161525.0,18.0,801.0,184.0,0.0,2.0,0.0,985.0,,,,,,,,,,,,,,2407.0,295.0
Steeltoe.Common,4.2.0,ok,,net10.0,lib/net10.0/Steeltoe.Common.dll,127904.0,155464.0,222777.0,18.0,12.0,63.0,1.0,6.0,0.0,76.0,,,,,,,,,,,,,,323.0,72.0
Amazon.Lambda.CloudWatchEvents,5.1.0,ok,,net10.0,lib/net10.0/Amazon.Lambda.CloudWatchEvents.dll,65192.0,94909.0,102446.0,68.0,0.0,312.0,0.0,68.0,0.0,312.0,,,,,,,,,,,,,,692.0,69.0
Amazon.Lambda.S3Events,4.0.0,ok,,net10.0,lib/net10.0/Amazon.Lambda.S3Events.dll,28328.0,66667.0,51080.0,18.0,0.0,60.0,0.0,18.0,0.0,60.0,,,,,,,,,,,,,,137.0,19.0
Xamarin.AndroidX.Fragment.Ktx,1.9.0,ok,,net10.0-android36.0,lib/net10.0-android36.0/Xamarin.AndroidX.Fragment.Ktx.dll,15672.0,75475.0,80722.0,0.0,0.0,0.0,0.0,0.0,0.0,0.0,,,,,,,,,,,,,,0.0,1.0
Duende.IdentityServer.EntityFramework,8.0.6,ok,,net10.0,lib/net10.0/Duende.IdentityServer.EntityFramework.dll,29696.0,77927.0,56173.0,3.0,9.0,1.0,0.0,2.0,0.0,10.0,,,,,,,,,,,,,,24.0,9.0
akavache.core,10.2.41,ok,,netstandard2.1,lib/netstandard2.1/Akavache.Core.dll,105776.0,126760.0,1108623.0,32.0,129.0,40.0,0.0,12.0,0.0,169.0,,,,,,,,,,,,,,467.0,117.0
Microsoft.NETCore.App.Host.win-x86,10.0.11,native_only,,,,,65558.0,4895785.0,,,,,,,,,,,,,,,,,,,,,,
Blauhaus.Common.ValueObjects,2.4.4,ok,,netstandard2.0,lib/netstandard2.0/Blauhaus.Common.ValueObjects.dll,32256.0,42435.0,28486.0,40.0,122.0,83.0,0.0,39.0,2.0,205.0,,,,,,,,,,,,,,260.0,45.0
Microsoft.Owin.Security.ActiveDirectory,4.2.3,ok,,net45,lib/net45/Microsoft.Owin.Security.ActiveDirectory.dll,31264.0,75172.0,55279.0,4.0,2.0,28.0,0.0,2.0,0.0,30.0,,,,,,,,,,,,,,62.0,9.0
Microsoft.NETCore.App.Runtime.Mono.maccatalyst-x64,10.0.11,native_only,,,,,65558.0,29348418.0,,,,,,,,,,,,,,,,,,,,,,
bunit.core,1.40.0,ok,,netstandard2.1,lib/netstandard2.1/Bunit.Core.dll,100864.0,121556.0,462026.0,33.0,127.0,54.0,1.0,21.0,4.0,182.0,,,,,,,,,,,,,,419.0,83.0
AspNetCore.HealthChecks.Kafka,9.0.0,ok,,netstandard2.0,lib/netstandard2.0/HealthChecks.Kafka.dll,19968.0,61487.0,47646.0,3.0,5.0,5.0,0.0,2.0,0.0,10.0,,,,,,,,,,,,,,40.0,18.0
SQLitePCLRaw.lib.e_sqlite3.android,2.1.13,ok,,netstandard2.0,lib/netstandard2.0/SQLitePCLRaw.lib.e_sqlite3.android.dll,5120.0,68274.0,3545758.0,1.0,1.0,0.0,0.0,1.0,0.0,1.0,,,,,,,,,,,,,,2.0,2.0
bunit,2.9.0,ok,,net11.0,lib/net11.0/bunit.dll,1723904.0,770618.0,3198510.0,74.0,496.0,4468.0,4134.0,52.0,14.0,9098.0,,,,,,,,,,,,,,18862.0,312.0
FluentAssertions.Analyzers,0.34.1,tools_only,,,,,65558.0,73877.0,,,,,,,,,,,,,,,,,,,,,,
OpenIddict.Client.SystemIntegration,7.6.1,ok,,netstandard2.1,lib/netstandard2.1/OpenIddict.Client.SystemIntegration.dll,666624.0,287826.0,3896906.0,178.0,255.0,250.0,0.0,82.0,0.0,505.0,,,,,,,,,,,,,,2850.0,538.0
Volo.Abp.AspNetCore,10.6.0,ok,,net10.0,lib/net10.0/Volo.Abp.AspNetCore.dll,129024.0,118391.0,100564.0,63.0,122.0,71.0,0.0,45.0,1.0,193.0,,,,,,,,,,,,,,423.0,122.0
Examine.Core,4.0.0,ok,,net10.0,lib/net10.0/Examine.Core.dll,43008.0,85533.0,113588.0,57.0,129.0,99.0,6.0,32.0,2.0,234.0,,,,,,,,,,,,,,339.0,65.0
IronCompress,1.7.0,ok,,netstandard2.1,lib/netstandard2.1/IronCompress.dll,12800.0,72104.0,3284814.0,4.0,8.0,5.0,0.0,2.0,2.0,13.0,,,,,,,,,,,,,,41.0,10.0
Sentry.Protocol,2.1.8,ok,,netstandard2.0,lib/netstandard2.0/Sentry.Protocol.dll,51200.0,87253.0,170129.0,31.0,22.0,181.0,0.0,25.0,2.0,203.0,,,,,,,,,,,,,,406.0,42.0
FsCheck,3.4.0,ok,,netstandard2.0,lib/netstandard2.0/FsCheck.dll,781824.0,450633.0,439027.0,84.0,789.0,315.0,0.0,20.0,15.0,1104.0,,,,,,,,,,,,,,4607.0,1271.0
Microsoft.AspNet.SessionState.SessionStateModule,2.0.0,ok,,Net462,lib/Net462/Microsoft.AspNet.SessionState.SessionStateModule.dll,48568.0,84261.0,59800.0,7.0,31.0,35.0,2.0,6.0,0.0,68.0,,,,,,,,,,,,,,175.0,26.0
FuzzySharp,2.0.2,ok,,netstandard2.1,lib/netstandard2.1/FuzzySharp.dll,39936.0,83464.0,153760.0,42.0,84.0,40.0,0.0,41.0,0.0,124.0,,,,,,,,,,,,,,293.0,64.0
Microsoft.ClearScript.V8.ICUData,7.5.1,ok,,netstandard1.0,lib/netstandard1.0/ClearScript.V8.ICUData.dll,10833544.0,4698296.0,4689959.0,0.0,0.0,0.0,0.0,0.0,0.0,0.0,,,,,,,,,,,,,,0.0,2.0
Avalonia.Skia,12.1.2,ok,,net10.0,lib/net10.0/Avalonia.Skia.dll,125440.0,125043.0,163690.0,17.0,42.0,165.0,0.0,2.0,0.0,207.0,,,,,,,,,,,,,,591.0,91.0
Microsoft.Extensions.Diagnostics.Testing,10.9.0,ok,,netstandard2.0,lib/netstandard2.0/Microsoft.Extensions.Diagnostics.Testing.dll,101728.0,108612.0,272871.0,12.0,37.0,65.0,0.0,13.0,0.0,102.0,,,,,,,,,,,,,,383.0,80.0
FontAwesome,4.7.0,metapackage,,,,,65558.0,645376.0,,,,,,,,,,,,,,,,,,,,,,
ChilliCream.Nitro.App,32.0.2,ok,,net10.0,lib/net10.0/ChilliCream.Nitro.App.dll,18307584.0,5140895.0,15245902.0,5.0,3.0,42.0,0.0,3.0,0.0,45.0,,,,,,,,,,,,,,222.0,43.0
Microsoft.Security.Extensions,1.4.0,ok,,netstandard2.0,ref/netstandard2.0/getfilesiginforedistwrapper.dll,16904.0,75789.0,131310.0,4.0,1.0,6.0,0.0,0.0,0.0,7.0,,,,,,,,,,,,,,12.0,7.0
Xamarin.AndroidX.Navigation.Fragment,2.9.8.1,ok,,net10.0-android36.0,lib/net10.0-android36.0/Xamarin.AndroidX.Navigation.Fragment.dll,60728.0,87096.0,242883.0,17.0,26.0,76.0,0.0,20.0,0.0,102.0,,,,,,,,,,,,,,207.0,27.0
ExtentReports,5.0.4,ok,,netstandard2.0,lib/netstandard2.0/ExtentReports.dll,1962496.0,908516.0,857665.0,80.0,170.0,138.0,0.0,62.0,0.0,308.0,,,,,,,,,,,,,,585.0,115.0
BananaCakePop.Middleware,17.0.0,ok,,net8.0,lib/net8.0/BananaCakePop.Middleware.dll,11992576.0,3420883.0,6727022.0,2.0,0.0,35.0,0.0,0.0,0.0,35.0,,,,,,,,,,,,,,152.0,28.0
AjaxControlToolkit,20.1.0,ok,,net40,lib/net40/AjaxControlToolkit.dll,5497344.0,1506920.0,1453793.0,359.0,486.0,1253.0,29.0,298.0,0.0,1768.0,,,,,,,,,,,,,,3499.0,483.0
ServiceStack.Text.Core,8.10.0,ok,,netstandard2.0,lib/netstandard2.0/ServiceStack.Text.dll,694784.0,396948.0,1099654.0,241.0,2147.0,406.0,10.0,142.0,4.0,2563.0,,,,,,,,,,,,,,4179.0,556.0
CloudNative.CloudEvents.AspNetCore,2.9.0,ok,,netstandard2.0,lib/netstandard2.0/CloudNative.CloudEvents.AspNetCore.dll,15360.0,73055.0,80020.0,2.0,8.0,0.0,0.0,0.0,0.0,8.0,,,,,,,,,,,,,,22.0,10.0
Microsoft.NETCore.App.Runtime.Mono.maccatalyst-arm64,10.0.11,native_only,,,,,65558.0,28768313.0,,,,,,,,,,,,,,,,,,,,,,
Microsoft.SemanticKernel,1.80.0,ok,,netstandard2.0,lib/netstandard2.0/Microsoft.SemanticKernel.dll,15712.0,75836.0,74892.0,0.0,0.0,0.0,0.0,0.0,0.0,0.0,,,,,,,,,,,,,,0.0,1.0
Svg.Custom,5.2.3,ok,,netstandard2.0,lib/netstandard2.0/Svg.Custom.dll,1017856.0,500202.0,1753613.0,291.0,409.0,1128.0,17.0,263.0,8.0,1554.0,,,,,,,,,,,,,,5587.0,591.0
Microsoft.DotNet.UpgradeAssistant.Extensions.Default.Analyzers,0.4.421302,tools_only,,,,,65558.0,304539.0,,,,,,,,,,,,,,,,,,,,,,
Faker.Net,2.0.163,ok,,netstandard2.1,lib/netstandard2.1/Faker.Net.Standard.2.1.dll,87552.0,102431.0,607345.0,22.0,84.0,74.0,0.0,0.0,0.0,158.0,,,,,,,,,,,,,,263.0,42.0
psake,4.9.0,metapackage,,,,,63439.0,63439.0,,,,,,,,,,,,,,,,,,,,,,
Azure.ResourceManager.Resources,1.12.0,ok,,netstandard2.0,lib/netstandard2.0/Azure.ResourceManager.Resources.dll,1237312.0,405569.0,1336760.0,161.0,654.0,773.0,0.0,122.0,84.0,1427.0,,,,,,,,,,,,,,4880.0,682.0
Svg.Model,5.2.3,ok,,netstandard2.0,lib/netstandard2.0/Svg.Model.dll,159232.0,151204.0,447039.0,24.0,68.0,81.0,0.0,9.0,12.0,149.0,,,,,,,,,,,,,,575.0,60.0
Unity.Mvc,5.11.1,ok,,net47,lib/net47/Unity.Mvc.dll,8704.0,43583.0,38971.0,4.0,10.0,0.0,0.0,4.0,0.0,10.0,,,,,,,,,,,,,,19.0,5.0
NodaTime.Testing,3.3.3,ok,,netstandard2.0,lib/netstandard2.0/NodaTime.Testing.dll,27864.0,77575.0,60016.0,8.0,56.0,11.0,0.0,10.0,0.0,67.0,,,,,,,,,,,,,,99.0,16.0
NSec.Cryptography,26.4.0,ok,,net9.0,lib/net9.0/NSec.Cryptography.dll,111104.0,104410.0,175063.0,44.0,101.0,63.0,0.0,29.0,0.0,164.0,,,,,,,,,,,,,,735.0,80.0
X.PagedList,10.5.9,ok,,netstandard2.0,lib/netstandard2.0/X.PagedList.dll,16384.0,57742.0,49855.0,8.0,14.0,34.0,0.0,11.0,0.0,48.0,,,,,,,,,,,,,,91.0,14.0
Microsoft.Azure.WebJobs.Extensions.EventGrid,3.5.0,ok,,netstandard2.0,lib/netstandard2.0/Microsoft.Azure.WebJobs.Extensions.EventGrid.dll,65568.0,97300.0,103272.0,3.0,1.0,32.0,0.0,2.0,0.0,33.0,,,,,,,,,,,,,,189.0,44.0
Okta.AspNet.Abstractions,6.0.1,ok,,netstandard2.0,lib/netstandard2.0/Okta.AspNet.Abstractions.dll,24064.0,76657.0,69324.0,15.0,15.0,19.0,0.0,15.0,0.0,34.0,,,,,,,,,,,,,,80.0,21.0
System.Runtime.Serialization.Schema,10.0.11,ok,,net10.0,lib/net10.0/System.Runtime.Serialization.Schema.dll,81192.0,101949.0,161347.0,3.0,12.0,90.0,0.0,3.0,0.0,102.0,,,,,,,,,,,,,,224.0,19.0
Ardalis.Specification.EntityFrameworkCore,9.3.1,ok,,net9.0,lib/net9.0/Ardalis.Specification.EntityFrameworkCore.dll,68608.0,92561.0,83628.0,18.0,69.0,28.0,0.0,8.0,0.0,97.0,,,,,,,,,,,,,,255.0,67.0
SharpDX.D3DCompiler,4.2.0,ok,,netstandard1.1,lib/netstandard1.1/SharpDX.D3DCompiler.dll,57856.0,90084.0,294599.0,51.0,95.0,31.0,0.0,30.0,16.0,126.0,,,,,,,,,,,,,,301.0,72.0
CoreHtmlToImage,2.0.0,ok,,net10.0,lib/net10.0/CoreHtmlToImage.dll,17408.0,33561.0,25177.0,4.0,6.0,7.0,0.0,4.0,0.0,13.0,,,,,,,,,,,,,,37.0,10.0
FastEndpoints.Attributes,8.3.0,ok,,netstandard2.0,lib/netstandard2.0/FastEndpoints.Attributes.dll,18432.0,73970.0,70917.0,38.0,0.0,46.0,0.0,39.0,0.0,46.0,,,,,,,,,,,,,,139.0,48.0
Nuke.Utilities,10.1.0,ok,,netstandard2.0,lib/netstandard2.0/Nuke.Utilities.dll,146200.0,148168.0,224124.0,34.0,308.0,56.0,0.0,10.0,12.0,364.0,,,,,,,,,,,,,,708.0,112.0
Microsoft.Bot.Connector,4.23.1,ok,,netstandard2.0,lib/netstandard2.0/Microsoft.Bot.Connector.dll,302624.0,172850.0,170366.0,79.0,222.0,118.0,0.0,103.0,0.0,340.0,,,,,,,,,,,,,,1053.0,278.0
QuikGraph,2.5.0,ok,,netstandard2.0,lib/netstandard2.0/QuikGraph.dll,385024.0,214675.0,1121861.0,254.0,878.0,526.0,190.0,296.0,0.0,1594.0,,,,,,,,,,,,,,3200.0,454.0
Nuke.Build.Shared,10.1.0,ok,,netstandard2.0,lib/netstandard2.0/Nuke.Build.Shared.dll,45856.0,95328.0,105184.0,1.0,3.0,9.0,0.0,0.0,0.0,12.0,,,,,,,,,,,,,,101.0,21.0
LightInject,7.1.0,ok,,netstandard2.0,lib/netstandard2.0/LightInject.dll,145408.0,123237.0,309765.0,91.0,342.0,108.0,1.0,60.0,0.0,451.0,,,,,,,,,,,,,,1100.0,200.0
Nuke.ProjectModel,10.1.0,ok,,net10.0,lib/net10.0/Nuke.ProjectModel.dll,35104.0,91312.0,122113.0,2.0,16.0,0.0,0.0,0.0,0.0,16.0,,,,,,,,,,,,,,38.0,10.0
Refractored.MvvmHelpers,1.6.2,ok,,netstandard2.0,lib/netstandard2.0/MvvmHelpers.dll,20480.0,71782.0,61838.0,14.0,25.0,13.0,4.0,19.0,0.0,42.0,,,,,,,,,,,,,,101.0,26.0
Nuke.Tooling,10.1.0,ok,,netstandard2.0,lib/netstandard2.0/Nuke.Tooling.dll,174872.0,153780.0,226685.0,60.0,179.0,95.0,1.0,33.0,3.0,275.0,,,,,,,,,,,,,,923.0,225.0
Nuke.Utilities.Text.Json,10.1.0,ok,,netstandard2.0,lib/netstandard2.0/Nuke.Utilities.Text.Json.dll,27440.0,84882.0,64547.0,4.0,17.0,0.0,0.0,1.0,0.0,17.0,,,,,,,,,,,,,,23.0,8.0
Nuke.Build,10.1.0,ok,,net10.0,lib/net10.0/Nuke.Build.dll,1342736.0,512903.0,494507.0,72.0,178.0,243.0,1.0,45.0,0.0,422.0,,,,,,,,,,,,,,1222.0,203.0
ShimSkiaSharp,5.2.3,ok,,netstandard2.0,lib/netstandard2.0/ShimSkiaSharp.dll,216064.0,165826.0,520008.0,116.0,625.0,445.0,0.0,150.0,135.0,1070.0,,,,,,,,,,,,,,1885.0,142.0
Nuke.SolutionModel,10.1.0,ok,,netstandard2.0,lib/netstandard2.0/Nuke.SolutionModel.dll,31008.0,87877.0,90464.0,7.0,10.0,22.0,0.0,4.0,4.0,32.0,,,,,,,,,,,,,,59.0,15.0
Nuke.Utilities.Net,10.1.0,ok,,netstandard2.0,lib/netstandard2.0/Nuke.Utilities.Net.dll,34592.0,89409.0,68362.0,6.0,24.0,3.0,0.0,6.0,0.0,27.0,,,,,,,,,,,,,,49.0,16.0
Nuke.Utilities.IO.Globbing,10.1.0,ok,,netstandard2.0,lib/netstandard2.0/Nuke.Utilities.IO.Globbing.dll,26928.0,83543.0,63809.0,2.0,4.0,1.0,0.0,0.0,0.0,5.0,,,,,,,,,,,,,,20.0,8.0
Exceptionless,6.2.0,ok,,netstandard2.0,lib/netstandard2.0/Exceptionless.dll,999424.0,433889.0,1227966.0,129.0,465.0,1014.0,15.0,113.0,6.0,1494.0,,,,,,,,,,,,,,6011.0,764.0
FubarCoder.RestSharp.Portable.Core,4.0.8,ok,,netstandard1.3,lib/netstandard1.3/FubarCoder.RestSharp.Portable.Core.dll,112128.0,114402.0,804057.0,50.0,219.0,149.0,2.0,41.0,0.0,370.0,,,,,,,,,,,,,,831.0,132.0
Microsoft.ApplicationInsights.Profiler.AspNetCore,3.0.2,ok,,netstandard2.1,lib/netstandard2.1/Microsoft.ApplicationInsights.Profiler.AspNetCore.dll,25672.0,80093.0,8405909.0,2.0,4.0,3.0,1.0,1.0,0.0,8.0,,,,,,,,,,,,,,41.0,16.0
Springcomp.GPLEX.Runtime,1.2.5,ok,,netstandard2.1,lib/netstandard2.1/Springcomp.GPLEX.Runtime.dll,6656.0,22376.0,19093.0,3.0,12.0,1.0,0.0,2.0,0.0,13.0,,,,,,,,,,,,,,16.0,4.0
Sentry.PlatformAbstractions,1.1.1,ok,,netstandard2.0,lib/netstandard2.0/Sentry.PlatformAbstractions.dll,11264.0,57182.0,51309.0,5.0,10.0,10.0,0.0,2.0,0.0,20.0,,,,,,,,,,,,,,40.0,7.0
ApacheThrift,0.24.0,ok,,netstandard2.1,lib/netstandard2.1/Thrift.dll,226304.0,147545.0,454154.0,65.0,375.0,58.0,0.0,82.0,0.0,433.0,,,,,,,,,,,,,,1075.0,306.0
Springcomp.GPPG.Runtime,1.2.5,ok,,netstandard2.1,lib/netstandard2.1/Springcomp.GPPG.Runtime.dll,12800.0,28624.0,22210.0,7.0,20.0,11.0,0.0,10.0,0.0,31.0,,,,,,,,,,,,,,61.0,11.0
Nuke.Utilities.IO.Compression,10.1.0,ok,,netstandard2.0,lib/netstandard2.0/Nuke.Utilities.IO.Compression.dll,30008.0,86978.0,65431.0,1.0,10.0,0.0,0.0,0.0,0.0,10.0,,,,,,,,,,,,,,30.0,8.0
AWSSDK.AutoScaling,4.0.104,ok,,netstandard2.0,lib/netstandard2.0/AWSSDK.AutoScaling.dll,449704.0,204432.0,1093541.0,523.0,603.0,1039.0,0.0,582.0,33.0,1642.0,,,,,,,,,,,,,,4483.0,561.0
Grpc.AspNetCore.Web,2.83.0,ok,,net10.0,lib/net10.0/Grpc.AspNetCore.Web.dll,33280.0,82014.0,139330.0,6.0,4.0,10.0,0.0,3.0,0.0,14.0,,,,,,,,,,,,,,110.0,27.0
SlowCheetah,2.5.48,tools_only,,,,,55567.0,55567.0,,,,,,,,,,,,,,,,,,,,,,
Syncfusion.XlsIO.Net.Core,34.2.6,ok,,netstandard2.0,lib/netstandard2.0/Syncfusion.XlsIO.Portable.dll,6204416.0,2311614.0,14099116.0,1416.0,7425.0,10678.0,90.0,1750.0,22.0,18193.0,,,,,,,,,,,,,,35237.0,2232.0
DynamicLanguageRuntime,1.3.5,ok,,netstandard2.0,lib/netstandard2.0/Microsoft.Dynamic.dll,754688.0,356846.0,2012596.0,253.0,1466.0,1092.0,1.0,175.0,13.0,2559.0,,,,,,,,,,,,,,5158.0,648.0
Svg.Skia,5.2.3,ok,,netstandard2.0,lib/netstandard2.0/Svg.Skia.dll,292864.0,222109.0,801018.0,35.0,236.0,360.0,6.0,19.0,0.0,602.0,,,,,,,,,,,,,,1361.0,118.0
ImageProcessor,2.9.1,ok,,net452,lib/net452/ImageProcessor.dll,189952.0,147576.0,143951.0,116.0,269.0,281.0,0.0,97.0,35.0,550.0,,,,,,,,,,,,,,1255.0,262.0
Castle.Windsor.MsDependencyInjection,6.0.0,ok,,net10.0,lib/net10.0/Castle.Windsor.MsDependencyInjection.dll,42496.0,68157.0,48273.0,15.0,33.0,30.0,0.0,12.0,0.0,63.0,,,,,,,,,,,,,,243.0,45.0
AjaxMin,5.14.5506.26202,ok,,net40,lib/net40/AjaxMin.dll,512000.0,254992.0,1005257.0,161.0,945.0,848.0,11.0,115.0,0.0,1804.0,,,,,,,,,,,,,,3310.0,219.0
Slack.Webhooks,1.1.6,ok,,netstandard2.0,lib/netstandard2.0/Slack.Webhooks.dll,70656.0,84679.0,53240.0,51.0,19.0,134.0,0.0,41.0,0.0,153.0,,,,,,,,,,,,,,334.0,55.0
Google.Apis.IAMCredentials.v1,1.75.0.4198,ok,,netstandard2.0,lib/netstandard2.0/Google.Apis.IAMCredentials.v1.dll,26112.0,76186.0,88384.0,30.0,19.0,92.0,0.0,28.0,0.0,111.0,,,,,,,,,,,,,,199.0,31.0
Azure.Communication.Email,1.1.0,ok,,netstandard2.0,lib/netstandard2.0/Azure.Communication.Email.dll,215600.0,160346.0,250605.0,23.0,42.0,155.0,0.0,27.0,3.0,197.0,,,,,,,,,,,,,,1067.0,212.0
Microsoft.ApplicationInsights.Profiler.Core,3.0.2,ok,,netstandard2.1,lib/netstandard2.1/Microsoft.ServiceProfiler.Utilities.dll,63520.0,96604.0,541168.0,0.0,0.0,21.0,3.0,0.0,0.0,24.0,,,,,,,,,,,,,,193.0,56.0
Microsoft.Azure.Functions.Worker.Extensions.OpenApi,1.6.0,ok,,netstandard2.0,lib/netstandard2.0/Microsoft.Azure.Functions.Worker.Extensions.OpenApi.dll,68128.0,97723.0,186653.0,23.0,51.0,43.0,0.0,12.0,0.0,94.0,,,,,,,,,,,,,,222.0,50.0
Nuke.Utilities.Text.Yaml,10.1.0,ok,,netstandard2.0,lib/netstandard2.0/Nuke.Utilities.Text.Yaml.dll,24880.0,81064.0,62583.0,1.0,5.0,0.0,0.0,0.0,0.0,5.0,,,,,,,,,,,,,,8.0,4.0
JetBrains.dotCover.CommandLineTools,2026.2.1,tools_only,,,,,65558.0,44175251.0,,,,,,,,,,,,,,,,,,,,,,
Hangfire.Redis.StackExchange,1.12.0,ok,,netstandard2.0,lib/netstandard2.0/Hangfire.Redis.StackExchange.dll,81920.0,88352.0,53630.0,8.0,41.0,42.0,0.0,8.0,0.0,83.0,,,,,,,,,,,,,,399.0,61.0
Xamarin.KotlinX.Coroutines.Core,1.11.0.1,ok,,net10.0-android36.0,lib/net10.0-android36.0/Xamarin.KotlinX.Coroutines.Core.dll,16184.0,75490.0,292920.0,0.0,0.0,0.0,0.0,0.0,0.0,0.0,,,,,,,,,,,,,,0.0,1.0
Examine.Lucene,4.0.0,ok,,net10.0,lib/net10.0/Examine.Lucene.dll,139776.0,126653.0,271904.0,90.0,251.0,178.0,6.0,81.0,0.0,435.0,,,,,,,,,,,,,,877.0,142.0
Microsoft.AppCenter.Distribute,5.0.7,ok,,netstandard2.0,lib/netstandard2.0/Microsoft.AppCenter.Distribute.dll,18984.0,77008.0,3516924.0,7.0,16.0,10.0,0.0,3.0,0.0,26.0,,,,,,,,,,,,,,52.0,9.0
NServiceBus.Persistence.Sql,9.0.4,ok,,net10.0,lib/net10.0/NServiceBus.Persistence.Sql.dll,197632.0,159113.0,230310.0,29.0,80.0,103.0,0.0,27.0,14.0,183.0,,,,,,,,,,,,,,849.0,174.0
AWSSDK.AppConfig,4.0.101.8,ok,,netstandard2.0,lib/netstandard2.0/AWSSDK.AppConfig.dll,319656.0,168235.0,697214.0,348.0,437.0,920.0,0.0,379.0,16.0,1357.0,,,,,,,,,,,,,,3690.0,384.0
Microsoft.EntityFrameworkCore.Tools.DotNet,2.0.3,ok,,netcoreapp2.0,lib/netcoreapp2.0/dotnet-ef.dll,73208.0,98563.0,158707.0,0.0,0.0,115.0,0.0,0.0,0.0,115.0,,,,,,,,,,,,,,358.0,61.0
SimpleInjector.Integration.AspNetCore.Mvc.Core,5.5.0,ok,,netstandard2.0,lib/netstandard2.0/SimpleInjector.Integration.AspNetCore.Mvc.Core.dll,14848.0,46775.0,39809.0,2.0,4.0,0.0,0.0,1.0,0.0,4.0,,,,,,,,,,,,,,25.0,9.0
PostSharp.Redist,2026.0.16,ok,,netstandard2.0,lib/netstandard2.0/PostSharp.dll,253072.0,171388.0,1248375.0,402.0,597.0,549.0,1.0,255.0,16.0,1147.0,,,,,,,,,,,,,,2230.0,519.0
FubarCoder.RestSharp.Portable.HttpClient,4.0.8,ok,,netstandard1.1,lib/netstandard1.1/FubarCoder.RestSharp.Portable.HttpClient.dll,21504.0,76096.0,145626.0,10.0,37.0,22.0,0.0,11.0,0.0,59.0,,,,,,,,,,,,,,102.0,17.0
OpenIddict.Client.AspNetCore,7.6.1,ok,,net10.0,lib/net10.0/OpenIddict.Client.AspNetCore.dll,92160.0,105622.0,1156796.0,54.0,61.0,47.0,0.0,36.0,0.0,108.0,,,,,,,,,,,,,,347.0,105.0
AMQPNetLite.Core,2.5.4,ok,,netstandard2.0,lib/netstandard2.0/Amqp.Net.dll,213504.0,158485.0,263859.0,140.0,339.0,347.0,2.0,111.0,2.0,688.0,,,,,,,,,,,,,,1767.0,255.0
IppDotNetSdkForQuickBooksApiV3,999.9.9.9,ok,,netstandard2.0,lib/netstandard2.0/Intuit.Ipp.Core.dll,70656.0,93976.0,1986108.0,57.0,57.0,114.0,2.0,55.0,0.0,173.0,,,,,,,,,,,,,,385.0,73.0
NaCl.Net,0.1.13,ok,,netstandard2.1,lib/netstandard2.1/NaCl.dll,30208.0,78719.0,94470.0,5.0,36.0,0.0,0.0,7.0,0.0,36.0,,,,,,,,,,,,,,80.0,20.0
StackExchange.Redis.Extensions.AspNetCore,13.0.1,ok,,net10.0,lib/net10.0/StackExchange.Redis.Extensions.AspNetCore.dll,34816.0,81240.0,76393.0,6.0,8.0,15.0,0.0,1.0,0.0,23.0,,,,,,,,,,,,,,107.0,27.0
Microsoft.Bot.Schema,4.23.1,ok,,netstandard2.0,lib/netstandard2.0/Microsoft.Bot.Schema.dll,203808.0,147609.0,167726.0,303.0,89.0,851.0,0.0,388.0,1.0,940.0,,,,,,,,,,,,,,2210.0,313.0
AspNetCore.HealthChecks.Azure.Storage.Blobs,9.0.0,ok,,netstandard2.0,lib/netstandard2.0/HealthChecks.Azure.Storage.Blobs.dll,17920.0,60620.0,47741.0,3.0,2.0,2.0,0.0,2.0,0.0,4.0,,,,,,,,,,,,,,19.0,14.0
DotNetOpenAuth.AspNet,4.3.4.13329,ok,,net40-full,lib/net40-full/DotNetOpenAuth.AspNet.dll,49664.0,88265.0,80281.0,28.0,61.0,57.0,0.0,38.0,0.0,118.0,,,,,,,,,,,,,,250.0,40.0
SystemTextJsonPatch,5.0.0,ok,,netstandard2.0,lib/netstandard2.0/SystemTextJsonPatch.dll,53248.0,88750.0,185945.0,31.0,96.0,76.0,0.0,34.0,2.0,172.0,,,,,,,,,,,,,,332.0,62.0
NetArchTest.Rules,1.3.2,ok,,netstandard2.0,lib/netstandard2.0/NetArchTest.Rules.dll,64000.0,76325.0,50063.0,16.0,159.0,42.0,0.0,3.0,0.0,201.0,,,,,,,,,,,,,,518.0,74.0
Antlr4,4.6.6,metapackage,,,,,13712.0,13712.0,,,,,,,,,,,,,,,,,,,,,,
OpenTelemetry.Extensions.AWS,1.18.0,ok,,netstandard2.0,lib/netstandard2.0/OpenTelemetry.Extensions.AWS.dll,19968.0,76093.0,96098.0,3.0,4.0,2.0,0.0,1.0,0.0,6.0,,,,,,,,,,,,,,54.0,16.0
FluentEmail.Core,3.0.2,ok,,netstandard2.0,lib/netstandard2.0/FluentEmail.Core.dll,24064.0,39673.0,28611.0,18.0,83.0,31.0,0.0,13.0,0.0,114.0,,,,,,,,,,,,,,176.0,24.0
SlackNet,0.18.0,ok,,netstandard2.0,lib/netstandard2.0/SlackNet.dll,694272.0,321249.0,629529.0,761.0,817.0,2225.0,0.0,633.0,4.0,3042.0,,,,,,,,,,,,,,6886.0,1266.0
Rebus.Serilog,8.1.0,ok,,netstandard2.0,lib/netstandard2.0/Rebus.Serilog.dll,7168.0,69241.0,126628.0,2.0,5.0,0.0,0.0,1.0,0.0,5.0,,,,,,,,,,,,,,18.0,7.0
HotChocolate.Transport.Http,16.6.3,ok,,net11.0,lib/net11.0/HotChocolate.Transport.Http.dll,52736.0,89694.0,142934.0,13.0,43.0,41.0,0.0,14.0,4.0,84.0,,,,,,,,,,,,,,225.0,31.0
MySql.EntityFrameworkCore,10.0.9,ok,,net10.0,lib/net10.0/MySql.EntityFrameworkCore.dll,272544.0,180553.0,442617.0,28.0,147.0,98.0,0.0,9.0,6.0,245.0,,,,,,,,,,,,,,1223.0,244.0
Amazon.CDK.RegionInfo,2.268.0,ok,,net6.0,lib/net6.0/Amazon.CDK.RegionInfo.dll,347880.0,376932.0,377198.0,7.0,19.0,38.0,0.0,11.0,0.0,57.0,,,,,,,,,,,,,,76.0,12.0
Xamarin.Android.Glide.GifDecoder,5.0.9,ok,,net10.0-android36.0,lib/net10.0-android36.0/Xamarin.Android.Glide.GifDecoder.dll,58168.0,87922.0,168764.0,9.0,30.0,65.0,0.0,7.0,0.0,95.0,,,,,,,,,,,,,,288.0,29.0
Nuke.Common,10.1.0,ok,,net10.0,lib/net10.0/Nuke.Common.dll,12288792.0,2977675.0,9285473.0,1347.0,22129.0,6441.0,0.0,796.0,140.0,28570.0,,,,,,,,,,,,,,71735.0,21988.0
HotChocolate.Diagnostics,16.6.3,ok,,net11.0,lib/net11.0/HotChocolate.Diagnostics.dll,25600.0,77150.0,70707.0,5.0,11.0,19.0,0.0,2.0,0.0,30.0,,,,,,,,,,,,,,108.0,21.0
TopShelf.ServiceInstaller,4.3.0,ok,,netstandard2.0,lib/netstandard2.0/TopShelf.ServiceInstaller.dll,73728.0,72521.0,44081.0,20.0,56.0,28.0,8.0,16.0,0.0,92.0,,,,,,,,,,,,,,169.0,26.0
Xamarin.Android.Glide.DiskLruCache,5.0.9,ok,,net10.0-android36.0,lib/net10.0-android36.0/Xamarin.Android.Glide.DiskLruCache.dll,25952.0,79544.0,129376.0,3.0,19.0,15.0,0.0,0.0,0.0,34.0,,,,,,,,,,,,,,48.0,6.0
Mono.Reflection,2.0.0,ok,,netstandard2.0,lib/netstandard2.0/Mono.Reflection.dll,15872.0,41659.0,33363.0,6.0,17.0,7.0,0.0,1.0,0.0,24.0,,,,,,,,,,,,,,80.0,16.0
XMLUnit.Core,2.11.2,ok,,netstandard2.0,lib/netstandard2.0/xmlunit-core.dll,78848.0,101719.0,126467.0,68.0,225.0,72.0,6.0,54.0,0.0,303.0,,,,,,,,,,,,,,645.0,138.0
HotChocolate.Transport.Abstractions,16.6.3,ok,,net11.0,lib/net11.0/HotChocolate.Transport.Abstractions.dll,29184.0,79612.0,91419.0,11.0,26.0,58.0,0.0,13.0,6.0,84.0,,,,,,,,,,,,,,136.0,31.0
Xamarin.AndroidX.Security.SecurityCrypto,1.1.0.3,ok,,net10.0-android36.0,lib/net10.0-android36.0/Xamarin.AndroidX.Security.SecurityCrypto.dll,46392.0,83878.0,154960.0,10.0,32.0,51.0,0.0,4.0,0.0,83.0,,,,,,,,,,,,,,114.0,13.0
AWSSDK.ElasticLoadBalancingV2,4.0.101.7,ok,,netstandard2.0,lib/netstandard2.0/AWSSDK.ElasticLoadBalancingV2.dll,354472.0,178488.0,782742.0,478.0,529.0,722.0,0.0,761.0,29.0,1251.0,,,,,,,,,,,,,,3541.0,508.0
MSBuild.Microsoft.VisualStudio.Web.targets,14.0.0.3,tools_only,,,,,65558.0,295507.0,,,,,,,,,,,,,,,,,,,,,,
CarouselView.FormsPlugin,6.0.0,ok,,netstandard2.0,lib/netstandard2.0/CarouselView.FormsPlugin.Abstractions.dll,19456.0,73988.0,1073145.0,14.0,14.0,33.0,3.0,6.0,0.0,50.0,,,,,,,,,,,,,,106.0,19.0
DocuSign.eSign.dll,11.0.1,ok,,netstandard2.0,lib/netstandard2.0/DocuSign.eSign.dll,6228992.0,1520109.0,4259157.0,784.0,7256.0,12417.0,0.0,1371.0,0.0,19673.0,,,,,,,,,,,,,,39553.0,2330.0
Elastic.Clients.Elasticsearch,9.5.1,ok,,netstandard2.1,lib/netstandard2.1/Elastic.Clients.Elasticsearch.dll,14597120.0,5196184.0,35988296.0,8887.0,37597.0,19372.0,0.0,12723.0,4458.0,56969.0,,,,,,,,,,,,,,114604.0,11399.0
Hangfire.Mongo,1.16.2,ok,,netstandard2.1,lib/netstandard2.1/Hangfire.Mongo.dll,165376.0,132394.0,174346.0,72.0,236.0,197.0,0.0,87.0,0.0,433.0,,,,,,,,,,,,,,983.0,190.0
Microsoft.AspNetCore.DataProtection.AzureKeyVault,3.1.24,ok,,netstandard2.0,lib/netstandard2.0/Microsoft.AspNetCore.DataProtection.AzureKeyVault.dll,27024.0,60024.0,44645.0,1.0,3.0,0.0,0.0,0.0,0.0,3.0,,,,,,,,,,,,,,32.0,13.0
Text.Analyzers,5.6.0,tools_only,,,,,65558.0,12146874.0,,,,,,,,,,,,,,,,,,,,,,
Microsoft.Bot.Builder,4.23.1,ok,,netstandard2.0,lib/netstandard2.0/Microsoft.Bot.Builder.dll,372256.0,209800.0,233281.0,105.0,499.0,112.0,0.0,84.0,0.0,611.0,,,,,,,,,,,,,,1571.0,406.0
Hangfire.InMemory,1.0.0,ok,,netstandard2.0,lib/netstandard2.0/Hangfire.InMemory.dll,137928.0,140464.0,210513.0,70.0,66.0,105.0,0.0,65.0,0.0,171.0,,,,,,,,,,,,,,647.0,140.0
wix,7.0.0,tools_only,,,,,65558.0,4584451.0,,,,,,,,,,,,,,,,,,,,,,
Testcontainers.Redis,4.14.0,ok,,netstandard2.1,lib/netstandard2.1/Testcontainers.Redis.dll,18944.0,79769.0,178687.0,3.0,7.0,1.0,0.0,9.0,0.0,8.0,,,,,,,,,,,,,,24.0,8.0
cef.redist.x64,120.2.7,no_lib_dll,,,,,65558.0,128957697.0,,,,,,,,,,,,,,,,,,,,,,
AspNetCore.HealthChecks.OpenIdConnectServer,9.0.0,ok,,netstandard2.0,lib/netstandard2.0/HealthChecks.OpenIdConnectServer.dll,24576.0,69178.0,53183.0,2.0,3.0,11.0,0.0,2.0,0.0,14.0,,,,,,,,,,,,,,55.0,20.0
OpenIddict.Client.DataProtection,7.6.1,ok,,netstandard2.1,lib/netstandard2.1/OpenIddict.Client.DataProtection.dll,553472.0,260841.0,1505973.0,106.0,165.0,187.0,0.0,8.0,0.0,352.0,,,,,,,,,,,,,,2454.0,424.0
System.Linq.Async.Queryable,7.0.1,ok,,netstandard2.1,lib/netstandard2.1/System.Linq.Async.Queryable.dll,183760.0,130194.0,295706.0,7.0,373.0,51.0,0.0,1.0,0.0,424.0,,,,,,,,,,,,,,792.0,20.0
JetBrains.ReSharper.GlobalTools,2026.2.1,tools_only,,,,,383524.0,189900708.0,,,,,,,,,,,,,,,,,,,,,,
C5,3.0.0,ok,,netstandard2.0,lib/netstandard2.0/C5.dll,265216.0,164788.0,506309.0,90.0,1011.0,396.0,52.0,103.0,0.0,1459.0,,,,,,,,,,,,,,2295.0,183.0
PagedList,1.17.0,ok,,net40,lib/net40/PagedList.dll,14336.0,28220.0,21362.0,7.0,7.0,28.0,0.0,8.0,0.0,35.0,,,,,,,,,,,,,,69.0,11.0
Esprima,3.0.6,ok,,netstandard2.1,lib/netstandard2.1/Esprima.dll,446464.0,226222.0,519353.0,182.0,874.0,394.0,0.0,172.0,38.0,1268.0,,,,,,,,,,,,,,2672.0,267.0
Azure.Storage.Blobs.Batch,12.26.0,ok,,netstandard2.0,lib/netstandard2.0/Azure.Storage.Blobs.Batch.dll,319296.0,200319.0,520158.0,16.0,46.0,241.0,0.0,18.0,0.0,287.0,,,,,,,,,,,,,,1606.0,297.0
fasterflect,3.0.0,ok,,netstandard20,lib/netstandard20/Fasterflect.dll,111104.0,112512.0,204765.0,35.0,255.0,183.0,0.0,10.0,9.0,438.0,,,,,,,,,,,,,,895.0,100.0
AWSSDK.CertificateManager,4.0.102.3,ok,,netstandard2.0,lib/netstandard2.0/AWSSDK.CertificateManager.dll,271016.0,153762.0,653097.0,367.0,405.0,610.0,0.0,465.0,33.0,1015.0,,,,,,,,,,,,,,2784.0,391.0
IronPython,3.4.2,ok,,netstandard2.0,lib/netstandard2.0/IronPython.dll,2259456.0,1053830.0,6763733.0,578.0,3044.0,2140.0,0.0,637.0,151.0,5184.0,,,,,,,,,,,,,,12905.0,1220.0
runtime.win7-x86.runtime.native.System.IO.Compression,4.3.2,native_only,,,,,65558.0,97931.0,,,,,,,,,,,,,,,,,,,,,,
WasmAI.AutoGenerator,1.1.1,ok,,net8.0,lib/net8.0/WasmAI.AutoGenerator.dll,426496.0,186718.0,138865.0,112.0,250.0,419.0,0.0,102.0,2.0,669.0,,,,,,,,,,,,,,1531.0,266.0
FastEndpoints.Messaging.Core,8.3.0,ok,,net10.0,lib/net10.0/FastEndpoints.Messaging.Core.dll,15872.0,51598.0,43993.0,22.0,12.0,1.0,0.0,3.0,0.0,13.0,,,,,,,,,,,,,,33.0,30.0
Abp.Web.Common,10.5.0,ok,,net9.0,lib/net9.0/Abp.Web.Common.dll,111104.0,109931.0,67446.0,95.0,90.0,155.0,0.0,73.0,0.0,245.0,,,,,,,,,,,,,,529.0,127.0
Microsoft.Azure.Devices.Client,1.42.4,ok,,netstandard2.1,lib/netstandard2.1/Microsoft.Azure.Devices.Client.dll,702264.0,307060.0,883234.0,86.0,184.0,445.0,16.0,105.0,0.0,645.0,,,,,,,,,,,,,,3249.0,682.0
Aspose.PDF,26.8.0,ok,,netstandard2.0,lib/netstandard2.0/Aspose.PDF.dll,57090416.0,39291180.0,206887652.0,1533.0,3032.0,5886.0,70.0,1302.0,19.0,8988.0,,,,,,,,,,,,,,158958.0,21237.0
ConfigureAwait.Fody,3.4.1,ok,,netstandard2.1,lib/netstandard2.1/ConfigureAwait.dll,5120.0,36893.0,34086.0,1.0,0.0,0.0,0.0,1.0,0.0,0.0,,,,,,,,,,,,,,3.0,4.0
Hl7.Fhir.R4,6.4.0,ok,,netstandard2.1,lib/netstandard2.1/Hl7.Fhir.R4.dll,5437952.0,1460419.0,3312017.0,803.0,3599.0,7804.0,0.0,623.0,0.0,11403.0,,,,,,,,,,,,,,23312.0,1498.0
bunit.web,1.40.0,ok,,netstandard2.1,lib/netstandard2.1/Bunit.Web.dll,1603584.0,712802.0,4464289.0,72.0,418.0,4410.0,4133.0,41.0,12.0,8961.0,,,,,,,,,,,,,,18337.0,201.0
Elasticsearch.Net.Aws,7.2.2,ok,,netstandard2.0,lib/netstandard2.0/Elasticsearch.Net.Aws.dll,29184.0,50397.0,36277.0,1.0,1.0,26.0,0.0,4.0,0.0,27.0,,,,,,,,,,,,,,136.0,24.0
Volo.Abp.Castle.Core,10.6.0,ok,,netstandard2.1,lib/netstandard2.1/Volo.Abp.Castle.Core.dll,12288.0,71697.0,86166.0,6.0,6.0,11.0,0.0,6.0,0.0,17.0,,,,,,,,,,,,,,38.0,16.0
NUnitTestAdapter,2.3.0,native_only,,,,,65558.0,341026.0,,,,,,,,,,,,,,,,,,,,,,
FastMember.Signed,1.5.0,ok,,netstandard2.0,lib/netstandard2.0/FastMember.Signed.dll,27136.0,65161.0,51563.0,6.0,41.0,34.0,0.0,4.0,0.0,75.0,,,,,,,,,,,,,,138.0,22.0
Volo.Abp.GlobalFeatures,10.6.0,ok,,netstandard2.1,lib/netstandard2.1/Volo.Abp.GlobalFeatures.dll,26112.0,77235.0,125305.0,18.0,42.0,17.0,0.0,17.0,0.0,59.0,,,,,,,,,,,,,,99.0,30.0
dotnet-gcdump,10.0.731102,tools_only,,,,,65558.0,6060511.0,,,,,,,,,,,,,,,,,,,,,,
Agoda.DevFeedback.Common,1.0.128,ok,,netstandard2.0,lib/netstandard2.0/Agoda.DevFeedback.Common.dll,13824.0,27966.0,21247.0,6.0,3.0,19.0,0.0,4.0,0.0,22.0,,,,,,,,,,,,,,53.0,8.0
Microsoft.CodeAnalysis.CSharp.Analyzer.Testing,1.1.4,ok,,netstandard2.0,lib/netstandard2.0/Microsoft.CodeAnalysis.CSharp.Analyzer.Testing.dll,24416.0,83755.0,125886.0,2.0,3.0,2.0,0.0,2.0,0.0,5.0,,,,,,,,,,,,,,13.0,7.0
GreenDonut.Abstractions,16.6.3,ok,,net11.0,lib/net11.0/GreenDonut.Abstractions.dll,15360.0,73064.0,72931.0,19.0,43.0,29.0,0.0,10.0,3.0,72.0,,,,,,,,,,,,,,104.0,21.0
SharpCifs.Std,0.2.13,ok,,netstandard1.3,lib/netstandard1.3/SharpCifs.Std.dll,329728.0,200966.0,171572.0,207.0,980.0,77.0,0.0,257.0,8.0,1057.0,,,,,,,,,,,,,,2390.0,366.0
MassTransit.Redis,9.2.1,ok,,netstandard2.0,lib/netstandard2.0/MassTransit.RedisIntegration.dll,46592.0,92624.0,172715.0,17.0,59.0,22.0,0.0,14.0,0.0,81.0,,,,,,,,,,,,,,166.0,46.0
Prism.Unity.Forms,9.0.537,ok,,netstandard2.0,lib/netstandard2.0/Prism.Unity.Forms.dll,7680.0,47521.0,43868.0,1.0,1.0,0.0,0.0,3.0,0.0,1.0,,,,,,,,,,,,,,7.0,5.0
DotNetCore.CAP,10.0.2,ok,,net10.0,lib/net10.0/DotNetCore.CAP.dll,168448.0,136539.0,383638.0,87.0,173.0,173.0,0.0,60.0,2.0,346.0,,,,,,,,,,,,,,900.0,184.0
KafkaFlow.Abstractions,4.2.0,ok,,netstandard2.0,lib/netstandard2.0/KafkaFlow.Abstractions.dll,25600.0,47868.0,36889.0,58.0,106.0,98.0,0.0,13.0,0.0,204.0,,,,,,,,,,,,,,257.0,62.0
Bugsnag,4.1.1,ok,,netstandard2.0,lib/netstandard2.0/Bugsnag.dll,70144.0,98598.0,134259.0,47.0,87.0,113.0,0.0,39.0,0.0,200.0,,,,,,,,,,,,,,490.0,82.0
PasswordGenerator,3.0.0,ok,,net10.0,lib/net10.0/PasswordGenerator.dll,243712.0,140868.0,188255.0,15.0,84.0,54.0,0.0,13.0,0.0,138.0,,,,,,,,,,,,,,196.0,20.0
Microsoft.Android.Sdk.Darwin,36.1.69,tools_only,,,,,65558.0,150888115.0,,,,,,,,,,,,,,,,,,,,,,
Smidge.Core,4.6.0,ok,,net8.0,lib/net8.0/Smidge.Core.dll,83968.0,102882.0,93283.0,81.0,184.0,92.0,1.0,58.0,6.0,277.0,,,,,,,,,,,,,,549.0,123.0
Abp.Zero.Common,10.5.0,ok,,net9.0,lib/net9.0/Abp.Zero.Common.dll,363520.0,196814.0,160675.0,107.0,495.0,213.0,0.0,93.0,0.0,708.0,,,,,,,,,,,,,,1881.0,541.0
Npgsql.EntityFrameworkCore.PostgreSQL.NodaTime,10.0.3,ok,,net10.0,lib/net10.0/Npgsql.EntityFrameworkCore.PostgreSQL.NodaTime.dll,89088.0,102504.0,71424.0,30.0,102.0,89.0,0.0,42.0,0.0,191.0,,,,,,,,,,,,,,537.0,87.0
MagicOnion.Shared,7.10.2,ok,,netstandard2.1,lib/netstandard2.1/MagicOnion.Shared.dll,13824.0,55210.0,48410.0,2.0,2.0,19.0,0.0,0.0,0.0,21.0,,,,,,,,,,,,,,57.0,27.0
MicroElements.OpenApi.FluentValidation,7.2.2,ok,,net10.0,lib/net10.0/MicroElements.OpenApi.FluentValidation.dll,78336.0,112019.0,195452.0,48.0,88.0,87.0,0.0,24.0,10.0,175.0,,,,,,,,,,,,,,388.0,87.0
Microsoft.ML.OnnxRuntime,1.29.0,native_only,,,,,65558.0,155008437.0,,,,,,,,,,,,,,,,,,,,,,
modernhttpclient-updated,3.4.3,ok,,netstandard2.0,lib/netstandard2.0/ModernHttpClient.dll,16384.0,73245.0,79829.0,10.0,10.0,22.0,0.0,10.0,0.0,32.0,,,,,,,,,,,,,,83.0,15.0
AWSSDK.EBS,4.0.100.11,ok,,netstandard2.0,lib/netstandard2.0/AWSSDK.EBS.dll,80040.0,99816.0,247937.0,73.0,82.0,123.0,0.0,123.0,9.0,205.0,,,,,,,,,,,,,,573.0,80.0
ReportPortal.Client,3.11.1,ok,,netstandard2.0,lib/netstandard2.0/ReportPortal.Client.dll,279040.0,159495.0,445222.0,77.0,56.0,328.0,0.0,57.0,0.0,384.0,,,,,,,,,,,,,,1448.0,162.0
Pulumi.Protobuf,3.33.0,ok,,netstandard2.0,lib/netstandard2.0/Google.Protobuf.dll,486912.0,251019.0,1406284.0,184.0,1241.0,883.0,0.0,158.0,14.0,2124.0,,,,,,,,,,,,,,3781.0,380.0
Microsoft.NETCore.App.Runtime.win-arm64,10.0.11,native_only,,,,,65558.0,39735601.0,,,,,,,,,,,,,,,,,,,,,,
Volo.Abp.UI,10.6.0,ok,,netstandard2.1,lib/netstandard2.1/Volo.Abp.UI.dll,83968.0,90766.0,181971.0,11.0,2.0,11.0,0.0,6.0,0.0,13.0,,,,,,,,,,,,,,31.0,19.0
Duende.IdentityServer.AspNetIdentity,8.0.6,ok,,net10.0,lib/net10.0/Duende.IdentityServer.AspNetIdentity.dll,45056.0,92784.0,63813.0,8.0,16.0,1.0,0.0,6.0,0.0,17.0,,,,,,,,,,,,,,83.0,32.0
SkiaSharp.Views,4.151.2,ok,,net10.0-ios26.0,lib/net10.0-ios26.0/SkiaSharp.Views.iOS.dll,42848.0,88609.0,564028.0,10.0,61.0,33.0,11.0,22.0,0.0,105.0,,,,,,,,,,,,,,197.0,16.0
BCrypt.Net-Core,1.6.0,ok,,netstandard2.0,lib/netstandard2.0/BCrypt.Net-Core.dll,16384.0,76557.0,87386.0,3.0,9.0,0.0,0.0,4.0,0.0,9.0,,,,,,,,,,,,,,26.0,10.0
Microsoft.SemanticKernel.Connectors.AzureOpenAI,1.80.0,ok,,netstandard2.0,lib/netstandard2.0/Microsoft.SemanticKernel.Connectors.AzureOpenAI.dll,57656.0,92001.0,136337.0,9.0,50.0,11.0,0.0,15.0,0.0,61.0,,,,,,,,,,,,,,163.0,46.0
DotNetty.Codecs.Mqtt,0.7.6,ok,,netstandard2.0,lib/netstandard2.0/DotNetty.Codecs.Mqtt.dll,35768.0,85094.0,105084.0,23.0,20.0,51.0,0.0,18.0,0.0,71.0,,,,,,,,,,,,,,155.0,26.0
MassTransit.Kafka,9.2.1,ok,,netstandard2.0,lib/netstandard2.0/MassTransit.KafkaIntegration.dll,260096.0,197741.0,766173.0,148.0,359.0,396.0,1.0,86.0,1.0,756.0,,,,,,,,,,,,,,1402.0,297.0
Microsoft.Azure.StackExchangeRedis,3.3.1,ok,,netstandard2.0,lib/netstandard2.0/Microsoft.Azure.StackExchangeRedis.dll,64984.0,102008.0,111514.0,6.0,5.0,12.0,8.0,3.0,0.0,25.0,,,,,,,,,,,,,,135.0,48.0
FluentScheduler,6.0.0,ok,,net8.0,lib/net8.0/FluentScheduler.dll,50688.0,88724.0,91045.0,14.0,69.0,27.0,4.0,7.0,0.0,100.0,,,,,,,,,,,,,,390.0,78.0
Audit.EntityFramework.Core,32.3.1,ok,,netstandard2.1,lib/netstandard2.1/Audit.EntityFramework.Core.dll,131072.0,118752.0,436969.0,46.0,243.0,138.0,0.0,32.0,0.0,381.0,,,,,,,,,,,,,,896.0,163.0
MahApps.Metro,2.4.11,ok,,netcoreapp3.1,lib/netcoreapp3.1/MahApps.Metro.dll,3563008.0,896106.0,6692975.0,218.0,948.0,698.0,62.0,155.0,0.0,1708.0,,,,,,,,,,,,,,3851.0,361.0
System.Runtime.WindowsRuntime.UI.Xaml,4.7.0,ok,,netstandard2.0,ref/netstandard2.0/System.Runtime.WindowsRuntime.UI.Xaml.dll,22600.0,77748.0,345143.0,16.0,47.0,54.0,0.0,26.0,28.0,101.0,,,,,,,,,,,,,,193.0,17.0
GreenDonut.Data.Primitives,16.6.3,ok,,net11.0,lib/net11.0/GreenDonut.Data.Primitives.dll,24576.0,77152.0,81009.0,11.0,34.0,42.0,0.0,10.0,6.0,76.0,,,,,,,,,,,,,,136.0,18.0
ITfoxtec.Identity.Saml2,4.20.1,ok,,netstandard2.1,lib/netstandard2.1/ITfoxtec.Identity.Saml2.dll,201728.0,141062.0,739318.0,99.0,228.0,329.0,0.0,104.0,0.0,557.0,,,,,,,,,,,,,,1305.0,167.0
PactNet.Abstractions,5.0.1,ok,,netstandard2.0,lib/netstandard2.0/PactNet.Abstractions.dll,26112.0,47047.0,35721.0,55.0,158.0,56.0,0.0,18.0,0.0,214.0,,,,,,,,,,,,,,276.0,65.0
Xamarin.Firebase.Components,119.0.1.3,ok,,net10.0-android36.0,lib/net10.0-android36.0/Xamarin.Firebase.Components.dll,98104.0,94951.0,206059.0,28.0,75.0,125.0,0.0,19.0,0.0,200.0,,,,,,,,,,,,,,432.0,49.0
LigerShark.WebOptimizer.Core,3.0.477,ok,,net8.0,lib/net8.0/WebOptimizer.Core.dll,98304.0,109123.0,73154.0,30.0,100.0,95.0,0.0,16.0,0.0,195.0,,,,,,,,,,,,,,515.0,108.0
Microsoft.AspNetCore.Components.WebView.Maui,10.0.100,ok,,net10.0,lib/net10.0/Microsoft.AspNetCore.Components.WebView.Maui.dll,51496.0,89563.0,390490.0,12.0,15.0,24.0,5.0,7.0,0.0,44.0,,,,,,,,,,,,,,137.0,29.0
JetBrains.dotTrace.CommandLineTools.windows-x64,2026.2.1,tools_only,,,,,65558.0,50747187.0,,,,,,,,,,,,,,,,,,,,,,
Microsoft.Azure.Functions.Worker.Extensions.Storage,6.8.2,metapackage,,,,,31505.0,31505.0,,,,,,,,,,,,,,,,,,,,,,
JsonConverter.Newtonsoft.Json,0.13.0,ok,,netstandard2.1,lib/netstandard2.1/JsonConverter.Newtonsoft.Json.dll,30208.0,80837.0,116223.0,1.0,16.0,3.0,0.0,2.0,0.0,19.0,,,,,,,,,,,,,,101.0,22.0
Selenium.Firefox.WebDriver,0.27.0,metapackage,,,,,65558.0,1526803.0,,,,,,,,,,,,,,,,,,,,,,
Microsoft.Orleans.OrleansProviders,3.8.1,ok,,netstandard2.0,lib/netstandard2.0/OrleansProviders.dll,241976.0,184439.0,163588.0,72.0,183.0,87.0,0.0,48.0,0.0,270.0,,,,,,,,,,,,,,795.0,193.0
Xamarin.AndroidX.Collection.Jvm,1.6.0.1,ok,,net10.0-android36.0,lib/net10.0-android36.0/Xamarin.AndroidX.Collection.Jvm.dll,632120.0,174946.0,1756595.0,104.0,2072.0,602.0,0.0,105.0,0.0,2674.0,,,,,,,,,,,,,,3320.0,164.0
Smidge.Nuglify,4.6.0,ok,,net8.0,lib/net8.0/Smidge.Nuglify.dll,22016.0,50496.0,39831.0,12.0,21.0,15.0,0.0,9.0,0.0,36.0,,,,,,,,,,,,,,81.0,25.0
WiseProgress.Framework,2026.8.26.1,ok,,netstandard2.0,lib/netstandard2.0/WiseProgress.Data.dll,55808.0,89493.0,328238.0,15.0,90.0,34.0,0.0,15.0,0.0,124.0,,,,,,,,,,,,,,249.0,39.0
YUICompressor.NET,3.1.0,ok,,netstandard2.0,lib/netstandard2.0/Yahoo.Yui.Compressor.dll,51712.0,88458.0,67570.0,21.0,40.0,55.0,0.0,8.0,0.0,95.0,,,,,,,,,,,,,,193.0,22.0
Okta.AspNetCore,5.0.1,ok,,net10.0,lib/net10.0/Okta.AspNetCore.dll,22528.0,52247.0,42681.0,7.0,13.0,11.0,0.0,4.0,0.0,24.0,,,,,,,,,,,,,,58.0,12.0
OpenTracing.Contrib.NetCore,0.9.0,ok,,net7.0,lib/net7.0/OpenTracing.Contrib.NetCore.dll,61440.0,89440.0,104191.0,15.0,19.0,46.0,0.0,10.0,0.0,65.0,,,,,,,,,,,,,,269.0,57.0
Microsoft.Owin.Diagnostics,4.2.3,ok,,net45,lib/net45/Microsoft.Owin.Diagnostics.dll,166968.0,135464.0,106054.0,13.0,23.0,67.0,0.0,11.0,0.0,90.0,,,,,,,,,,,,,,165.0,21.0
Microsoft.AppCenter.Push,3.4.3,ok,,netstandard1.0,lib/netstandard1.0/Microsoft.AppCenter.Push.dll,14200.0,74084.0,1021254.0,2.0,2.0,0.0,1.0,2.0,0.0,3.0,,,,,,,,,,,,,,8.0,3.0
LanguageExt.FSharp,4.4.9,ok,,netstandard2.0,lib/netstandard2.0/LanguageExt.FSharp.dll,11264.0,32085.0,26779.0,1.0,17.0,0.0,0.0,0.0,0.0,17.0,,,,,,,,,,,,,,47.0,10.0
Braintree,5.41.0,ok,,netstandard2.0,lib/netstandard2.0/Braintree.dll,669184.0,282164.0,448591.0,443.0,970.0,2186.0,0.0,450.0,2.0,3156.0,,,,,,,,,,,,,,5865.0,560.0
ReportPortal.Shared,3.11.1,ok,,netstandard2.0,lib/netstandard2.0/ReportPortal.Shared.dll,143872.0,121582.0,295805.0,97.0,152.0,153.0,34.0,61.0,1.0,339.0,,,,,,,,,,,,,,691.0,145.0
EnvDTE80,17.14.40260,ok,,netstandard2.0,lib/netstandard2.0/envdte80.dll,20552.0,77405.0,138211.0,0.0,0.0,0.0,0.0,0.0,0.0,0.0,,,,,,,,,,,,,,0.0,1.0
Fake,5.16.0,tools_only,,,,,65558.0,24117218.0,,,,,,,,,,,,,,,,,,,,,,
Smidge.InMemory,4.6.0,ok,,net8.0,lib/net8.0/Smidge.InMemory.dll,11776.0,35806.0,29977.0,3.0,13.0,0.0,0.0,2.0,0.0,13.0,,,,,,,,,,,,,,22.0,6.0
lz4net,1.0.15.93,ok,,netstandard1.0,lib/netstandard1.0/LZ4.dll,38400.0,80225.0,200077.0,6.0,31.0,11.0,0.0,2.0,0.0,42.0,,,,,,,,,,,,,,125.0,17.0
OpenTK,4.9.4,metapackage,,,,,16524.0,16524.0,,,,,,,,,,,,,,,,,,,,,,
Microsoft.Orleans.OrleansRuntime,3.8.1,ok,,netstandard2.0,lib/netstandard2.0/Orleans.Runtime.dll,1110880.0,533195.0,1530937.0,64.0,152.0,486.0,0.0,42.0,0.0,638.0,,,,,,,,,,,,,,3896.0,836.0
Xamarin.AndroidX.CustomView.PoolingContainer,1.1.0.4,ok,,net10.0-android36.0,lib/net10.0-android36.0/Xamarin.AndroidX.CustomView.PoolingContainer.dll,25440.0,79250.0,102989.0,2.0,8.0,8.0,0.0,0.0,0.0,16.0,,,,,,,,,,,,,,40.0,8.0
Datadog.Trace.Annotations,1.0.0,ok,,netstandard2.0,lib/netstandard2.0/Datadog.Trace.Annotations.dll,6144.0,41818.0,38653.0,1.0,0.0,2.0,0.0,1.0,0.0,2.0,,,,,,,,,,,,,,9.0,5.0
runtime.android-x64.runtime.native.System.IO.Ports,10.0.11,metapackage,,,,,52830.0,52830.0,,,,,,,,,,,,,,,,,,,,,,
BuildWebCompiler,1.12.405,tools_only,,,,,65558.0,30041731.0,,,,,,,,,,,,,,,,,,,,,,
runtime.android-x86.runtime.native.System.IO.Ports,10.0.11,metapackage,,,,,52807.0,52807.0,,,,,,,,,,,,,,,,,,,,,,
runtime.linux-musl-arm64.runtime.native.System.IO.Ports,10.0.11,metapackage,,,,,52643.0,52643.0,,,,,,,,,,,,,,,,,,,,,,
runtime.linux-musl-x64.runtime.native.System.IO.Ports,10.0.11,metapackage,,,,,52808.0,52808.0,,,,,,,,,,,,,,,,,,,,,,
runtime.maccatalyst-arm64.runtime.native.System.IO.Ports,10.0.11,metapackage,,,,,57171.0,57171.0,,,,,,,,,,,,,,,,,,,,,,
runtime.linux-bionic-x64.runtime.native.System.IO.Ports,10.0.11,metapackage,,,,,52854.0,52854.0,,,,,,,,,,,,,,,,,,,,,,
runtime.linux-bionic-arm64.runtime.native.System.IO.Ports,10.0.11,metapackage,,,,,52593.0,52593.0,,,,,,,,,,,,,,,,,,,,,,
runtime.android-arm64.runtime.native.System.IO.Ports,10.0.11,metapackage,,,,,52572.0,52572.0,,,,,,,,,,,,,,,,,,,,,,
Xamarin.Android.Support.Transition,28.0.0.3,ok,,monoandroid70,lib/monoandroid70/Xamarin.Android.Support.Transition.dll,73880.0,88430.0,781844.0,16.0,50.0,49.0,0.0,26.0,0.0,99.0,,,,,,,,,,,,,,259.0,24.0
Volo.Abp.Json.SystemTextJson,10.6.0,ok,,netstandard2.1,lib/netstandard2.1/Volo.Abp.Json.SystemTextJson.dll,23552.0,77482.0,129890.0,18.0,35.0,12.0,0.0,19.0,0.0,47.0,,,,,,,,,,,,,,99.0,32.0
runtime.linux-musl-arm.runtime.native.System.IO.Ports,10.0.11,metapackage,,,,,51494.0,51494.0,,,,,,,,,,,,,,,,,,,,,,
runtime.android-arm.runtime.native.System.IO.Ports,10.0.11,metapackage,,,,,51508.0,51508.0,,,,,,,,,,,,,,,,,,,,,,
SerilogTraceListener,3.2.0,ok,,netstandard2.0,lib/netstandard2.0/SerilogTraceListener.dll,9216.0,36420.0,31730.0,1.0,16.0,1.0,0.0,3.0,0.0,17.0,,,,,,,,,,,,,,30.0,3.0
HotChocolate.Execution.Projections,16.6.3,ok,,net11.0,lib/net11.0/HotChocolate.Execution.Projections.dll,41472.0,84329.0,100146.0,3.0,14.0,18.0,0.0,0.0,0.0,32.0,,,,,,,,,,,,,,178.0,30.0
runtime.maccatalyst-x64.runtime.native.System.IO.Ports,10.0.11,metapackage,,,,,57194.0,57194.0,,,,,,,,,,,,,,,,,,,,,,
GreenDonut.Data.Abstractions,16.6.3,ok,,net11.0,lib/net11.0/GreenDonut.Data.Abstractions.dll,5632.0,40003.0,37117.0,3.0,4.0,1.0,0.0,0.0,0.0,5.0,,,,,,,,,,,,,,5.0,4.0
GreenDonut.Data,16.6.3,ok,,net11.0,lib/net11.0/GreenDonut.Data.dll,80896.0,102494.0,188997.0,23.0,73.0,66.0,0.0,10.0,4.0,139.0,,,,,,,,,,,,,,432.0,89.0
MimeTypeMapOfficial,1.0.17,ok,,netstandard2.0,lib/netstandard2.0/MimeTypes.dll,40960.0,77827.0,70773.0,1.0,3.0,0.0,0.0,0.0,0.0,3.0,,,,,,,,,,,,,,5.0,2.0
Snapshooter,1.3.1,ok,,netstandard2.0,lib/netstandard2.0/Snapshooter.dll,40960.0,84941.0,241836.0,47.0,116.0,11.0,0.0,41.0,0.0,127.0,,,,,,,,,,,,,,260.0,69.0
Volo.Abp.Json.Abstractions,10.6.0,ok,,netstandard2.1,lib/netstandard2.1/Volo.Abp.Json.Abstractions.dll,5632.0,68572.0,65907.0,3.0,3.0,2.0,0.0,2.0,0.0,5.0,,,,,,,,,,,,,,14.0,9.0
NGraphics,0.9.24,ok,,netstandard2.0,lib/netstandard2.0/NGraphics.dll,106496.0,111034.0,252136.0,63.0,403.0,92.0,0.0,80.0,42.0,495.0,,,,,,,,,,,,,,751.0,87.0
Microsoft.NET.Workloads.10.0.200.Msi.x64,10.204.1,metapackage,,,,,65558.0,363555.0,,,,,,,,,,,,,,,,,,,,,,
DeviceDetector.NET,6.5.2,ok,,netstandard2.0,lib/netstandard2.0/DeviceDetector.NET.dll,1994240.0,548144.0,2464927.0,84.0,218.0,157.0,0.0,63.0,0.0,375.0,,,,,,,,,,,,,,687.0,110.0
Jil,2.17.0,ok,,netstandard2.0,lib/netstandard2.0/Jil.dll,506880.0,227473.0,512941.0,11.0,15.0,2306.0,0.0,9.0,0.0,2321.0,,,,,,,,,,,,,,3944.0,528.0
nbgv,3.10.94,tools_only,,,,,65558.0,43062112.0,,,,,,,,,,,,,,,,,,,,,,
GeoTimeZone,6.1.0,ok,,netstandard2.1,lib/netstandard2.1/GeoTimeZone.dll,3535872.0,2760975.0,13493561.0,2.0,1.0,6.0,0.0,0.0,0.0,7.0,,,,,,,,,,,,,,34.0,12.0
MemoryPack.Core,1.21.4,ok,,netstandard2.1,lib/netstandard2.1/MemoryPack.Core.dll,197632.0,132989.0,231492.0,150.0,487.0,42.0,0.0,164.0,2.0,529.0,,,,,,,,,,,,,,854.0,193.0
EPPlus.Core,1.5.4,ok,,netstandard2.0,lib/netstandard2.0/EPPlus.Core.dll,1258496.0,499441.0,3235290.0,717.0,997.0,1749.0,8.0,431.0,10.0,2754.0,,,,,,,,,,,,,,6802.0,1006.0
Xamarin.Google.Code.FindBugs.JSR305,3.0.2.24,ok,,net10.0-android36.0,lib/net10.0-android36.0/Jsr305Binding.dll,102200.0,97104.0,277040.0,64.0,20.0,149.0,0.0,37.0,0.0,169.0,,,,,,,,,,,,,,801.0,101.0
GraphQL.Server.Core,5.2.2,ok,,netstandard2.0,lib/netstandard2.0/GraphQL.Server.Core.dll,26112.0,52975.0,36291.0,10.0,19.0,12.0,0.0,5.0,0.0,31.0,,,,,,,,,,,,,,74.0,26.0
Prometheus.Client,6.3.0,ok,,netstandard2.0,lib/netstandard2.0/Prometheus.Client.dll,79872.0,101371.0,170121.0,23.0,122.0,75.0,0.0,18.0,0.0,197.0,,,,,,,,,,,,,,497.0,74.0
LaunchDarkly.JsonStream,1.2.7,ok,,netstandard2.0,lib/netstandard2.0/LaunchDarkly.JsonStream.dll,38072.0,86026.0,211068.0,21.0,94.0,35.0,0.0,5.0,4.0,129.0,,,,,,,,,,,,,,251.0,35.0
Xamarin.Android.Glide.Annotations,5.0.9,ok,,net10.0-android36.0,lib/net10.0-android36.0/Xamarin.Android.Glide.Annotations.dll,15672.0,75336.0,76864.0,0.0,0.0,0.0,0.0,0.0,0.0,0.0,,,,,,,,,,,,,,0.0,1.0
NLog.Database,6.0.3,ok,,netstandard2.1,lib/netstandard2.1/NLog.Database.dll,36352.0,81931.0,127959.0,4.0,12.0,49.0,0.0,8.0,0.0,61.0,,,,,,,,,,,,,,154.0,19.0
MartinCostello.Logging.XUnit,0.7.1,ok,,netstandard2.0,lib/netstandard2.0/MartinCostello.Logging.XUnit.dll,25088.0,77465.0,93688.0,10.0,34.0,22.0,0.0,9.0,0.0,56.0,,,,,,,,,,,,,,150.0,36.0
System.Linq.AsyncEnumerable,10.0.11,ok,,netstandard2.0,lib/netstandard2.0/System.Linq.AsyncEnumerable.dll,460112.0,219556.0,885689.0,6.0,191.0,126.0,0.0,0.0,0.0,317.0,,,,,,,,,,,,,,1878.0,223.0
XLabs.Forms,2.0.5782,ok,,wp8,lib/wp8/XLabs.Forms.dll,173568.0,133642.0,734431.0,123.0,148.0,346.0,19.0,101.0,0.0,513.0,,,,,,,,,,,,,,1261.0,164.0
runtime.osx.10.10-x64.CoreCompat.System.Drawing,6.0.5.128,ok,,netstandard2.0,lib/netstandard2.0/runtime.osx.10.10-x64.CoreCompat.System.Drawing.dll,4608.0,67637.0,3355608.0,0.0,0.0,0.0,0.0,0.0,0.0,0.0,,,,,,,,,,,,,,0.0,1.0
AdaptiveCards,3.1.0,ok,,netstandard2.0,lib/netstandard2.0/AdaptiveCards.dll,385536.0,189443.0,599071.0,164.0,239.0,464.0,0.0,171.0,11.0,703.0,,,,,,,,,,,,,,1376.0,188.0
Microsoft.AspNet.WebApi.Versioning,5.1.0,ok,,net45,lib/net45/Microsoft.AspNet.WebApi.Versioning.dll,147872.0,134228.0,147283.0,76.0,201.0,188.0,0.0,76.0,6.0,389.0,,,,,,,,,,,,,,904.0,171.0
dotless,1.6.7,metapackage,,,,,11958.0,11958.0,,,,,,,,,,,,,,,,,,,,,,
NLog.Web,6.2.0,ok,,net46,lib/net46/NLog.Web.dll,90112.0,102740.0,113143.0,62.0,78.0,121.0,2.0,60.0,0.0,201.0,,,,,,,,,,,,,,569.0,96.0
Selenium.WebDriver.IEDriver,4.14.0,metapackage,,,,,65558.0,1104147.0,,,,,,,,,,,,,,,,,,,,,,
Smidge,4.6.0,ok,,net8.0,lib/net8.0/Smidge.dll,58880.0,91884.0,71203.0,18.0,41.0,30.0,0.0,16.0,0.0,71.0,,,,,,,,,,,,,,213.0,55.0
Nethereum.ABI,6.1.0,ok,,netstandard2.0,lib/netstandard2.0/Nethereum.ABI.dll,151184.0,132869.0,541917.0,145.0,459.0,208.0,0.0,132.0,0.0,667.0,,,,,,,,,,,,,,1123.0,173.0
Microsoft.Azure.Kusto.Data,14.2.1,ok,,netstandard2.0,lib/netstandard2.0/Kusto.Data.dll,1662768.0,560101.0,2526880.0,794.0,3203.0,779.0,4.0,1040.0,2.0,3986.0,,,,,,,,,,,,,,7206.0,1071.0
SimpleInjector.Integration.WebApi,5.5.0,ok,,net45,lib/net45/SimpleInjector.Integration.WebApi.dll,15872.0,35648.0,28032.0,3.0,6.0,2.0,0.0,2.0,0.0,8.0,,,,,,,,,,,,,,35.0,14.0
Svg,3.4.8,ok,,netstandard2.1,lib/netstandard2.1/Svg.dll,694272.0,280829.0,1962251.0,244.0,529.0,950.0,17.0,232.0,11.0,1496.0,,,,,,,,,,,,,,4562.0,486.0
AWS.Logger.NLog,5.0.1,ok,,netstandard2.0,lib/netstandard2.0/NLog.AWS.Logger.dll,22184.0,79156.0,93162.0,1.0,3.0,18.0,0.0,1.0,0.0,21.0,,,,,,,,,,,,,,43.0,2.0
Dapper.FluentMap,2.0.0,ok,,netstandard2.0,lib/netstandard2.0/Dapper.FluentMap.dll,20992.0,34413.0,24428.0,17.0,48.0,26.0,0.0,14.0,0.0,74.0,,,,,,,,,,,,,,143.0,29.0
AspNetCore.HealthChecks.CosmosDb,9.0.0,ok,,netstandard2.0,lib/netstandard2.0/HealthChecks.CosmosDb.dll,18432.0,62422.0,48974.0,3.0,2.0,3.0,0.0,2.0,0.0,5.0,,,,,,,,,,,,,,21.0,14.0
PowerShell,7.6.5,tools_only,,,,,175127.0,43357255.0,,,,,,,,,,,,,,,,,,,,,,
Abp.ZeroCore,10.5.0,ok,,net9.0,lib/net9.0/Abp.ZeroCore.dll,418816.0,210456.0,171679.0,25.0,518.0,88.0,0.0,21.0,0.0,606.0,,,,,,,,,,,,,,1568.0,429.0
Unity.WebAPI,5.4.0,ok,,net45,lib/net45/Unity.WebApi.dll,5632.0,28594.0,25545.0,2.0,4.0,1.0,0.0,2.0,0.0,5.0,,,,,,,,,,,,,,8.0,3.0
Volo.Abp.MultiTenancy.Abstractions,10.6.0,ok,,netstandard2.1,lib/netstandard2.1/Volo.Abp.MultiTenancy.Abstractions.dll,27648.0,76229.0,119473.0,34.0,21.0,40.0,0.0,20.0,0.0,61.0,,,,,,,,,,,,,,120.0,41.0
EFCore.BulkExtensions.Sqlite,10.0.1,ok,,net10.0,lib/net10.0/EFCore.BulkExtensions.Sqlite.dll,39424.0,83407.0,106153.0,4.0,27.0,5.0,0.0,4.0,0.0,32.0,,,,,,,,,,,,,,85.0,21.0
NJsonSchema.CodeGeneration.TypeScript,11.6.1,ok,,netstandard2.0,lib/netstandard2.0/NJsonSchema.CodeGeneration.TypeScript.dll,73216.0,91880.0,110947.0,16.0,15.0,118.0,0.0,14.0,0.0,133.0,,,,,,,,,,,,,,239.0,32.0
NAudio,3.0.1,ok,,net9.0,lib/net9.0/NAudio.dll,10240.0,49787.0,44218.0,1.0,4.0,5.0,0.0,2.0,0.0,9.0,,,,,,,,,,,,,,19.0,5.0
Abp.AutoMapper,10.5.0,ok,,net9.0,lib/net9.0/Abp.AutoMapper.dll,19968.0,40572.0,30560.0,14.0,14.0,11.0,0.0,12.0,0.0,25.0,,,,,,,,,,,,,,74.0,24.0
ProjNet,2.1.0,ok,,netstandard2.1,lib/netstandard2.1/ProjNET.dll,127488.0,116521.0,185187.0,46.0,171.0,222.0,0.0,30.0,0.0,393.0,,,,,,,,,,,,,,720.0,81.0
AspectCore.Extensions.Reflection,3.0.0,ok,,net10.0,lib/net10.0/AspectCore.Extensions.Reflection.dll,54272.0,88614.0,117026.0,19.0,98.0,25.0,0.0,5.0,2.0,123.0,,,,,,,,,,,,,,317.0,59.0
Spectre.Console.Cli,0.55.0,ok,,netstandard2.0,lib/netstandard2.0/Spectre.Console.Cli.dll,867840.0,535236.0,1391625.0,186.0,445.0,707.0,0.0,42.0,0.0,1152.0,,,,,,,,,,,,,,3811.0,663.0
Microsoft.ClearScript.V8.Native.linux-x64,7.5.1,metapackage,,,,,65558.0,16374073.0,,,,,,,,,,,,,,,,,,,,,,
itext7.bouncy-castle-adapter,9.7.0,metapackage,,,,,30625.0,30625.0,,,,,,,,,,,,,,,,,,,,,,
HarfBuzzSharp.NativeAssets.WebAssembly,14.2.1.102,metapackage,,,,,65558.0,24329207.0,,,,,,,,,,,,,,,,,,,,,,
itextsharp.xmlworker,5.5.13.6,ok,,net461,lib/net461/itextsharp.xmlworker.dll,176336.0,143711.0,106917.0,163.0,503.0,77.0,0.0,200.0,0.0,580.0,,,,,,,,,,,,,,937.0,180.0
Serilog.Sinks.TestCorrelator,4.0.2,ok,,netstandard2.0,lib/netstandard2.0/Serilog.Sinks.TestCorrelator.dll,16384.0,73109.0,95640.0,7.0,22.0,8.0,0.0,4.0,0.0,30.0,,,,,,,,,,,,,,94.0,24.0
Sep,0.17.0,ok,,net10.0,lib/net10.0/Sep.dll,169472.0,136958.0,337165.0,34.0,196.0,173.0,0.0,22.0,9.0,369.0,,,,,,,,,,,,,,1079.0,137.0
EntityFramework.SqlServerCompact,6.5.2,ok,,net45,lib/net45/EntityFramework.SqlServerCompact.dll,290888.0,143936.0,201170.0,3.0,130.0,85.0,0.0,1.0,0.0,215.0,,,,,,,,,,,,,,702.0,63.0
Microsoft.ML.OnnxRuntime.Managed,1.29.0,ok,,netstandard2.0,lib/netstandard2.0/Microsoft.ML.OnnxRuntime.dll,233272.0,156608.0,1013591.0,368.0,1209.0,225.0,0.0,333.0,16.0,1434.0,,,,,,,,,,,,,,2184.0,427.0
Volo.Abp.AspNetCore.Mvc.Contracts,10.6.0,ok,,netstandard2.1,lib/netstandard2.1/Volo.Abp.AspNetCore.Mvc.Contracts.dll,32256.0,78926.0,149390.0,49.0,6.0,132.0,0.0,46.0,0.0,138.0,,,,,,,,,,,,,,318.0,55.0
Flexygo,9.2.0.27,ok,,net46,lib/net46/Moq.dll,188928.0,667608.0,261626395.0,55.0,236.0,160.0,0.0,16.0,2.0,396.0,,,,,,,,,,,,,,1279.0,248.0
Microsoft.VisualStudio.Utilities,17.14.40264,ok,,netstandard2.0,lib/netstandard2.0/Microsoft.VisualStudio.Utilities.dll,1035336.0,430555.0,2550067.0,298.0,802.0,707.0,47.0,203.0,28.0,1556.0,,,,,,,,,,,,,,4148.0,891.0
NMemory,3.1.6,ok,,netstandard2.0,lib/netstandard2.0/NMemory.dll,169984.0,139955.0,248877.0,186.0,401.0,279.0,2.0,124.0,13.0,682.0,,,,,,,,,,,,,,1433.0,293.0
JasperFx.CodeGeneration,3.7.2,ok,,net9.0,lib/net9.0/JasperFx.CodeGeneration.dll,107520.0,113186.0,243204.0,79.0,228.0,168.0,0.0,81.0,2.0,396.0,,,,,,,,,,,,,,854.0,141.0
GraphQL.MicrosoftDI,8.8.5,ok,,netstandard2.0,lib/netstandard2.0/GraphQL.MicrosoftDI.dll,131584.0,153846.0,202626.0,22.0,99.0,120.0,0.0,21.0,0.0,219.0,,,,,,,,,,,,,,480.0,139.0
NServiceBus.Metrics,6.0.1,ok,,net10.0,lib/net10.0/NServiceBus.Metrics.dll,32256.0,81771.0,59658.0,10.0,8.0,8.0,0.0,6.0,0.0,16.0,,,,,,,,,,,,,,97.0,39.0
Jaeger.Core,1.0.3,ok,,netstandard2.0,lib/netstandard2.0/Jaeger.Core.dll,109568.0,113828.0,147662.0,81.0,275.0,190.0,0.0,64.0,1.0,465.0,,,,,,,,,,,,,,846.0,127.0
Volo.Abp.AspNetCore.Mvc,10.6.0,ok,,net10.0,lib/net10.0/Volo.Abp.AspNetCore.Mvc.dll,253440.0,171686.0,172447.0,111.0,265.0,141.0,0.0,88.0,0.0,406.0,,,,,,,,,,,,,,979.0,249.0
Portable.DataAnnotations,1.0.0,ok,,net45,lib/net45/Portable.DataAnnotations.dll,5632.0,68098.0,602937.0,0.0,0.0,0.0,0.0,0.0,0.0,0.0,,,,,,,,,,,,,,0.0,1.0
Seq.Extensions.Logging,9.0.0,ok,,netstandard2.0,lib/netstandard2.0/Seq.Extensions.Logging.dll,74752.0,101073.0,158382.0,4.0,11.0,66.0,0.0,1.0,0.0,77.0,,,,,,,,,,,,,,405.0,107.0
Xamarin.Firebase.Measurement.Connector,120.0.1.15,ok,,net10.0-android36.0,lib/net10.0-android36.0/Xamarin.Firebase.Measurement.Connector.dll,42808.0,83668.0,113508.0,5.0,12.0,33.0,0.0,3.0,0.0,45.0,,,,,,,,,,,,,,153.0,19.0
Syncfusion.DocIO.Net.Core,34.2.6,ok,,netstandard2.0,lib/netstandard2.0/Syncfusion.DocIO.Portable.dll,6106112.0,2060123.0,11090155.0,406.0,1121.0,6184.0,11.0,181.0,0.0,7316.0,,,,,,,,,,,,,,23161.0,1241.0
StrawberryShake.Transport.WebSockets,16.6.3,ok,,net11.0,lib/net11.0/StrawberryShake.Transport.WebSockets.dll,53248.0,91146.0,183759.0,37.0,79.0,48.0,4.0,21.0,0.0,131.0,,,,,,,,,,,,,,304.0,81.0
RulesEngine,6.0.1,ok,,netstandard2.1,lib/netstandard2.1/RulesEngine.dll,82944.0,103845.0,247102.0,38.0,47.0,60.0,0.0,33.0,0.0,107.0,,,,,,,,,,,,,,428.0,93.0
GoogleAuthenticator,3.2.0,ok,,netstandard2.0,lib/netstandard2.0/Google.Authenticator.dll,12288.0,44021.0,37447.0,5.0,21.0,5.0,0.0,7.0,0.0,26.0,,,,,,,,,,,,,,55.0,9.0
WireMock.Net.Shared,2.15.0,ok,,netstandard2.1,lib/netstandard2.1/WireMock.Net.Shared.dll,138752.0,123701.0,352134.0,77.0,202.0,216.0,0.0,39.0,2.0,418.0,,,,,,,,,,,,,,817.0,148.0
Microsoft.AspNetCore.App.Runtime.win-arm64,10.0.11,native_only,,,,,65558.0,12386757.0,,,,,,,,,,,,,,,,,,,,,,
Microsoft.NETCore.App.Runtime.AOT.osx-x64.Cross.ios-arm64,10.0.11,metapackage,,,,,65558.0,51584849.0,,,,,,,,,,,,,,,,,,,,,,
Blauhaus.Analytics.Abstractions,2.2.0,ok,,netstandard2.0,lib/netstandard2.0/Blauhaus.Analytics.Abstractions.dll,22016.0,33063.0,23814.0,27.0,68.0,42.0,0.0,9.0,0.0,110.0,,,,,,,,,,,,,,151.0,33.0
Microsoft.Orleans.Serialization.Abstractions,10.3.1,ok,,netstandard2.0,lib/netstandard2.0/Orleans.Serialization.Abstractions.dll,30048.0,85326.0,107911.0,32.0,3.0,31.0,0.0,30.0,0.0,34.0,,,,,,,,,,,,,,77.0,39.0
AWSSDK.ApiGatewayV2,4.0.100.11,ok,,netstandard2.0,lib/netstandard2.0/AWSSDK.ApiGatewayV2.dll,468648.0,209808.0,934001.0,589.0,744.0,1497.0,0.0,621.0,20.0,2241.0,,,,,,,,,,,,,,5983.0,607.0
WireMock.Net.Minimal,2.15.0,ok,,netstandard2.0,lib/netstandard2.0/WireMock.Net.Minimal.dll,424448.0,243056.0,554998.0,66.0,338.0,451.0,5.0,123.0,0.0,794.0,,,,,,,,,,,,,,2132.0,335.0
Volo.Abp.UI.Navigation,10.6.0,ok,,netstandard2.1,lib/netstandard2.1/Volo.Abp.UI.Navigation.dll,39936.0,82993.0,171508.0,31.0,57.0,49.0,0.0,21.0,0.0,106.0,,,,,,,,,,,,,,197.0,53.0
Ninject.Extensions.Conventions,3.3.0,ok,,netstandard2.0,lib/netstandard2.0/Ninject.Extensions.Conventions.dll,30720.0,65783.0,52619.0,47.0,223.0,3.0,0.0,22.0,0.0,226.0,,,,,,,,,,,,,,329.0,70.0
Volo.Abp.ApiVersioning.Abstractions,10.6.0,ok,,netstandard2.1,lib/netstandard2.1/Volo.Abp.ApiVersioning.Abstractions.dll,5632.0,68290.0,65363.0,3.0,1.0,2.0,0.0,1.0,0.0,3.0,,,,,,,,,,,,,,11.0,9.0
MiniExcel,1.46.0,ok,,netstandard2.0,lib/netstandard2.0/MiniExcel.dll,425984.0,218904.0,999555.0,50.0,118.0,334.0,0.0,33.0,0.0,452.0,,,,,,,,,,,,,,1938.0,356.0
FluentMigrator.Extensions.MySql,8.0.1,ok,,netstandard2.0,lib/netstandard2.0/FluentMigrator.Extensions.MySql.dll,10752.0,62747.0,57280.0,9.0,8.0,2.0,0.0,4.0,0.0,10.0,,,,,,,,,,,,,,21.0,12.0
Microsoft.NETCore.App.Runtime.AOT.osx-x64.Cross.iossimulator-arm64,10.0.11,metapackage,,,,,65558.0,51584890.0,,,,,,,,,,,,,,,,,,,,,,
Avalonia.Desktop,12.1.2,ok,,net10.0,lib/net10.0/Avalonia.Desktop.dll,15360.0,46476.0,41757.0,1.0,1.0,0.0,0.0,0.0,0.0,1.0,,,,,,,,,,,,,,6.0,2.0
Microsoft.Orleans.Serialization,10.3.1,ok,,netstandard2.1,lib/netstandard2.1/Orleans.Serialization.dll,534880.0,348707.0,1019298.0,407.0,1109.0,221.0,0.0,323.0,5.0,1330.0,,,,,,,,,,,,,,2509.0,554.0
Microsoft.NETCore.App.Runtime.AOT.osx-x64.Cross.iossimulator-x64,10.0.11,metapackage,,,,,65558.0,51599083.0,,,,,,,,,,,,,,,,,,,,,,
OpenTelemetry.Instrumentation.AWS,1.18.0,ok,,netstandard2.0,lib/netstandard2.0/OpenTelemetry.Instrumentation.AWS.dll,72704.0,94909.0,205736.0,7.0,79.0,202.0,0.0,4.0,0.0,281.0,,,,,,,,,,,,,,543.0,56.0
Steeltoe.Common.Http,4.2.0,ok,,net10.0,lib/net10.0/Steeltoe.Common.Http.dll,41888.0,97526.0,98680.0,1.0,2.0,4.0,0.0,1.0,0.0,6.0,,,,,,,,,,,,,,32.0,11.0
Ninject.Web.WebApi,3.3.1,ok,,net45,lib/net45/Ninject.Web.WebApi.dll,26112.0,39410.0,27785.0,28.0,89.0,8.0,0.0,15.0,0.0,97.0,,,,,,,,,,,,,,164.0,50.0
MemoryPack.Generator,1.21.4,tools_only,,,,,65558.0,70706.0,,,,,,,,,,,,,,,,,,,,,,
Foundatio.Redis,13.0.4,ok,,net10.0,lib/net10.0/Foundatio.Redis.dll,218624.0,168685.0,249554.0,19.0,79.0,65.0,0.0,23.0,2.0,144.0,,,,,,,,,,,,,,610.0,158.0
cef.redist.x86,120.2.7,no_lib_dll,,,,,65558.0,113241812.0,,,,,,,,,,,,,,,,,,,,,,
Confluent.SchemaRegistry.Serdes.Protobuf,2.15.0,ok,,netstandard2.0,lib/netstandard2.0/Confluent.SchemaRegistry.Serdes.Protobuf.dll,184320.0,123283.0,268234.0,12.0,25.0,31.0,0.0,12.0,0.0,56.0,,,,,,,,,,,,,,166.0,37.0
Microsoft.Azure.Storage.DataMovement,2.0.5,ok,,netstandard2.0,lib/netstandard2.0/Microsoft.Azure.Storage.DataMovement.dll,389680.0,217794.0,683941.0,35.0,93.0,468.0,4.0,34.0,0.0,565.0,,,,,,,,,,,,,,2068.0,361.0
MemoryPack,1.21.4,metapackage,,,,,16510.0,16510.0,,,,,,,,,,,,,,,,,,,,,,
LoveCalculator,1.0.4,ok,,netstandard2.0,lib/netstandard2.0/LoveCalculator.dll,9728.0,23296.0,18502.0,8.0,9.0,11.0,0.0,4.0,0.0,20.0,,,,,,,,,,,,,,35.0,11.0
SqlKata.Execution,4.0.1,ok,,net8.0,lib/net8.0/SqlKata.Execution.dll,78848.0,74702.0,44691.0,6.0,123.0,24.0,0.0,6.0,0.0,147.0,,,,,,,,,,,,,,338.0,73.0
Rebus.Autofac,9.0.0,ok,,netstandard2.0,lib/netstandard2.0/Rebus.Autofac.dll,21504.0,75575.0,131724.0,2.0,8.0,2.0,0.0,0.0,0.0,10.0,,,,,,,,,,,,,,60.0,21.0
Jaeger.Senders.Thrift,1.0.3,ok,,netstandard2.0,lib/netstandard2.0/Jaeger.Senders.Thrift.dll,22528.0,76657.0,87691.0,6.0,23.0,7.0,0.0,6.0,0.0,30.0,,,,,,,,,,,,,,61.0,13.0
SheshaMobile.Core,2.2.143,ok,,netstandard2.0,lib/netstandard2.0/SheshaMobile.Core.dll,626688.0,272396.0,220538.0,354.0,382.0,1084.0,11.0,247.0,0.0,1477.0,,,,,,,,,,,,,,3505.0,553.0
FluentMigrator.Runner.Snowflake,8.0.1,ok,,netstandard2.0,lib/netstandard2.0/FluentMigrator.Runner.Snowflake.dll,28160.0,78309.0,94705.0,11.0,39.0,13.0,0.0,13.0,0.0,52.0,,,,,,,,,,,,,,99.0,22.0
Confluent.SchemaRegistry.Serdes.Json,2.15.0,ok,,netstandard2.0,lib/netstandard2.0/Confluent.SchemaRegistry.Serdes.Json.dll,52736.0,88946.0,131012.0,8.0,6.0,21.0,0.0,11.0,0.0,27.0,,,,,,,,,,,,,,155.0,41.0
Pulumi.Newrelic,5.76.1,ok,,net6.0,lib/net6.0/Pulumi.NewRelic.dll,1404928.0,434300.0,731517.0,1648.0,122.0,5972.0,0.0,1146.0,0.0,6094.0,,,,,,,,,,,,,,12867.0,1677.0
Jaeger.Communication.Thrift,1.0.3,ok,,netstandard2.0,lib/netstandard2.0/Jaeger.Communication.Thrift.dll,365568.0,165866.0,205437.0,143.0,430.0,132.0,0.0,126.0,0.0,562.0,,,,,,,,,,,,,,1167.0,304.0
Refitter,2.1.3,tools_only,,,,,65558.0,29551418.0,,,,,,,,,,,,,,,,,,,,,,
EcmaScript.NET,2.0.0,ok,,netstandard2.0,lib/netstandard2.0/EcmaScript.NET.dll,345088.0,219059.0,317685.0,77.0,565.0,213.0,3.0,75.0,0.0,781.0,,,,,,,,,,,,,,1823.0,127.0
Xamarin.Android.Support.v7.MediaRouter,28.0.0.3,ok,,monoandroid60,lib/monoandroid60/Xamarin.Android.Support.v7.MediaRouter.dll,232096.0,124687.0,2099044.0,61.0,188.0,284.0,0.0,67.0,0.0,472.0,,,,,,,,,,,,,,866.0,75.0
SemanticVersioning,3.0.0,ok,,netstandard2.0,lib/netstandard2.0/SemanticVersioning.dll,34816.0,47181.0,32447.0,3.0,28.0,25.0,0.0,3.0,8.0,53.0,,,,,,,,,,,,,,188.0,26.0
LanguageExt.Parsec,4.4.9,ok,,netstandard2.0,lib/netstandard2.0/LanguageExt.Parsec.dll,186880.0,138339.0,103052.0,48.0,325.0,34.0,0.0,11.0,12.0,359.0,,,,,,,,,,,,,,1366.0,300.0
DiffMatchPatch,5.0.0,ok,,net10.0,lib/net10.0/DiffMatchPatch.dll,26112.0,40132.0,27336.0,4.0,40.0,0.0,0.0,3.0,0.0,40.0,,,,,,,,,,,,,,53.0,6.0
RT.Comb,4.0.3,ok,,netstandard2.1,lib/netstandard2.1/RT.Comb.dll,11264.0,40086.0,34445.0,12.0,29.0,10.0,0.0,9.0,0.0,39.0,,,,,,,,,,,,,,56.0,17.0
Quartz.Jobs,3.20.0,ok,,netstandard2.0,lib/netstandard2.0/Quartz.Jobs.dll,27648.0,79247.0,81413.0,9.0,15.0,16.0,0.0,7.0,0.0,31.0,,,,,,,,,,,,,,91.0,25.0
Microsoft.Azure.Functions.Worker.ItemTemplates.NetFx,4.0.5590,metapackage,,,,,65558.0,381296.0,,,,,,,,,,,,,,,,,,,,,,
Microsoft.VisualStudio.OLE.Interop,17.14.40260,ok,,netstandard2.0,lib/netstandard2.0/Microsoft.VisualStudio.OLE.Interop.dll,25672.0,79449.0,149022.0,0.0,0.0,0.0,0.0,0.0,0.0,0.0,,,,,,,,,,,,,,0.0,1.0
FluentMigrator.Extensions.Snowflake,8.0.1,ok,,netstandard2.0,lib/netstandard2.0/FluentMigrator.Extensions.Snowflake.dll,9216.0,49062.0,44278.0,1.0,2.0,0.0,0.0,0.0,0.0,2.0,,,,,,,,,,,,,,8.0,4.0
GitInfo,3.6.1,metapackage,,,,,42062.0,42062.0,,,,,,,,,,,,,,,,,,,,,,
CsQuery,1.3.4,ok,,net40,lib/net40/CsQuery.dll,824320.0,352608.0,431243.0,317.0,1697.0,1186.0,8.0,245.0,10.0,2891.0,,,,,,,,,,,,,,4728.0,453.0
Lindhart.Analyser.MissingAwaitWarning,3.2.0,tools_only,,,,,32836.0,32836.0,,,,,,,,,,,,,,,,,,,,,,
RamlToOpenApiConverter.SourceOnly,0.21.0,metapackage,,,,,34485.0,34485.0,,,,,,,,,,,,,,,,,,,,,,
Microsoft.Azure.Kusto.Cloud.Platform,14.2.1,ok,,netstandard2.0,lib/netstandard2.0/Kusto.Cloud.Platform.dll,2063648.0,801040.0,3733797.0,972.0,4402.0,1643.0,9.0,937.0,9.0,6054.0,,,,,,,,,,,,,,11218.0,1756.0
protobuf-net.Grpc.AspNetCore,1.3.14,ok,,net10.0,lib/net10.0/protobuf-net.Grpc.AspNetCore.dll,25088.0,85501.0,76394.0,2.0,4.0,0.0,0.0,0.0,0.0,4.0,,,,,,,,,,,,,,11.0,6.0
McMaster.NETCore.Plugins,2.0.0,ok,,net8.0,lib/net8.0/McMaster.NETCore.Plugins.dll,27648.0,50302.0,37081.0,8.0,33.0,22.0,1.0,5.0,0.0,56.0,,,,,,,,,,,,,,120.0,18.0
FastEndpoints.Swagger,8.3.0,ok,,net10.0,lib/net10.0/FastEndpoints.Swagger.dll,116736.0,117630.0,192325.0,9.0,14.0,87.0,0.0,6.0,0.0,101.0,,,,,,,,,,,,,,485.0,75.0
Rystem.OpenAi,10.0.10,ok,,net10.0,lib/net10.0/Rystem.OpenAi.dll,3729408.0,1757319.0,1732943.0,285.0,421.0,957.0,0.0,185.0,20.0,1378.0,,,,,,,,,,,,,,3071.0,422.0
Fizzler,1.3.1,ok,,netstandard2.0,lib/netstandard2.0/Fizzler.dll,35840.0,81659.0,79096.0,14.0,176.0,18.0,0.0,8.0,2.0,194.0,,,,,,,,,,,,,,318.0,31.0
Lamar,16.0.0,ok,,net10.0,lib/net10.0/Lamar.dll,184832.0,146343.0,175780.0,123.0,469.0,190.0,0.0,97.0,0.0,659.0,,,,,,,,,,,,,,1535.0,306.0
AzureSignTool,7.0.1,tools_only,,,,,65558.0,3755218.0,,,,,,,,,,,,,,,,,,,,,,
Volo.Abp.EntityFrameworkCore,10.6.0,ok,,net10.0,lib/net10.0/Volo.Abp.EntityFrameworkCore.dll,224256.0,156522.0,143550.0,85.0,410.0,152.0,0.0,51.0,0.0,562.0,,,,,,,,,,,,,,1038.0,224.0
Avalonia.Win32,12.1.2,ok,,net10.0,lib/net10.0/Avalonia.Win32.dll,943104.0,366958.0,769599.0,111.0,37.0,624.0,4.0,11.0,0.0,665.0,,,,,,,,,,,,,,6204.0,1369.0
AspNetCore.HealthChecks.MySql,9.0.0,ok,,netstandard2.0,lib/netstandard2.0/HealthChecks.MySql.dll,19968.0,63568.0,49727.0,3.0,5.0,6.0,0.0,3.0,0.0,11.0,,,,,,,,,,,,,,33.0,16.0
ConsoleTables,2.7.0,ok,,netstandard2.1,lib/netstandard2.1/ConsoleTables.dll,19456.0,45140.0,35272.0,4.0,14.0,11.0,0.0,3.0,0.0,25.0,,,,,,,,,,,,,,86.0,16.0
AWSSDK.Route53Domains,4.0.100.11,ok,,netstandard2.0,lib/netstandard2.0/AWSSDK.Route53Domains.dll,186536.0,130340.0,518094.0,220.0,282.0,358.0,0.0,268.0,13.0,640.0,,,,,,,,,,,,,,1673.0,235.0
Xamarin.Android.Support.Collections,28.0.0.3,ok,,monoandroid90,lib/monoandroid90/Xamarin.Android.Support.Collections.dll,98968.0,125629.0,81546.0,8.0,114.0,42.0,0.0,24.0,0.0,156.0,,,,,,,,,,,,,,326.0,10.0
NBitcoin,10.0.10,ok,,netstandard2.1,lib/netstandard2.1/NBitcoin.dll,1463296.0,644595.0,2670347.0,513.0,2270.0,1533.0,12.0,677.0,143.0,3815.0,,,,,,,,,,,,,,8032.0,991.0
Microsoft.Orleans.Sdk,10.3.1,metapackage,,,,,34837.0,34837.0,,,,,,,,,,,,,,,,,,,,,,
Hl7.Fhir.Support,4.3.0,ok,,netstandard2.0,lib/netstandard2.0/Hl7.Fhir.Support.dll,50176.0,89797.0,120476.0,43.0,153.0,29.0,0.0,24.0,13.0,182.0,,,,,,,,,,,,,,315.0,77.0
Renci.SshNet.Async,1.4.0,ok,,netstandard1.3,lib/netstandard1.3/Renci.SshNet.Async.dll,7680.0,27846.0,24376.0,1.0,8.0,0.0,0.0,0.0,0.0,8.0,,,,,,,,,,,,,,8.0,2.0
XLabs.Platform,2.0.5782,ok,,wp8,lib/wp8/XLabs.Platform.dll,34304.0,80536.0,331947.0,53.0,103.0,124.0,14.0,20.0,0.0,241.0,,,,,,,,,,,,,,342.0,56.0
Destructurama.JsonNet,4.0.2,ok,,netstandard2.0,lib/netstandard2.0/Destructurama.JsonNet.dll,74752.0,127648.0,171609.0,1.0,1.0,56.0,0.0,0.0,0.0,57.0,,,,,,,,,,,,,,172.0,68.0
App.Metrics.Health.Abstractions,3.2.0,ok,,netstandard2.0,lib/netstandard2.0/App.Metrics.Health.Abstractions.dll,65536.0,71936.0,44137.0,34.0,121.0,38.0,0.0,24.0,2.0,159.0,,,,,,,,,,,,,,435.0,101.0
Okta.Sdk,10.1.0,ok,,netstandard2.0,lib/netstandard2.0/Okta.Sdk.dll,4842496.0,1306424.0,1761419.0,2437.0,11618.0,6191.0,0.0,2490.0,529.0,17809.0,,,,,,,,,,,,,,30900.0,3923.0
Microsoft.AspNet.WebPages.OAuth,3.3.0,ok,,net45,lib/net45/Microsoft.Web.WebPages.OAuth.dll,32296.0,72570.0,55419.0,4.0,35.0,27.0,0.0,2.0,0.0,62.0,,,,,,,,,,,,,,101.0,14.0
Avalonia.X11,12.1.2,ok,,net10.0,lib/net10.0/Avalonia.X11.dll,408064.0,239529.0,389330.0,39.0,81.0,261.0,23.0,23.0,0.0,365.0,,,,,,,,,,,,,,1639.0,406.0
Azure.ResourceManager.Storage,1.7.0,ok,,netstandard2.0,lib/netstandard2.0/Azure.ResourceManager.Storage.dll,1905472.0,566379.0,2147802.0,311.0,1638.0,1839.0,0.0,264.0,314.0,3477.0,,,,,,,,,,,,,,9729.0,1126.0
Google.Apis.Oauth2.v2,1.74.0.1869,ok,,netstandard2.0,lib/netstandard2.0/Google.Apis.Oauth2.v2.dll,16896.0,73030.0,67478.0,13.0,7.0,47.0,0.0,12.0,0.0,54.0,,,,,,,,,,,,,,96.0,14.0
NSwag.SwaggerGeneration,12.3.1,ok,,netstandard2.0,lib/netstandard2.0/NSwag.SwaggerGeneration.dll,59904.0,90789.0,97988.0,23.0,30.0,32.0,0.0,22.0,0.0,62.0,,,,,,,,,,,,,,215.0,70.0
Xamarin.Firebase.Annotations,117.0.0.4,ok,,net10.0-android36.0,lib/net10.0-android36.0/Xamarin.Firebase.Annotations.dll,33592.0,81131.0,115822.0,12.0,0.0,24.0,0.0,6.0,0.0,24.0,,,,,,,,,,,,,,147.0,23.0
Avalonia.Native,12.1.2,ok,,net10.0,lib/net10.0/Avalonia.Native.dll,351232.0,186569.0,693215.0,4.0,1.0,377.0,5.0,2.0,0.0,383.0,,,,,,,,,,,,,,3677.0,721.0
LumenWorksCsvReader,4.0.0,ok,,netstandard2.0,lib/netstandard2.0/LumenWorks.Framework.IO.dll,45568.0,86317.0,231144.0,17.0,60.0,105.0,4.0,36.0,0.0,169.0,,,,,,,,,,,,,,289.0,22.0
NServiceBus.RabbitMQ,11.2.1,ok,,net10.0,lib/net10.0/NServiceBus.Transport.RabbitMQ.dll,182272.0,156141.0,132744.0,9.0,45.0,86.0,0.0,6.0,0.0,131.0,,,,,,,,,,,,,,613.0,137.0
NSwag.Generation.WebApi,14.7.1,ok,,netstandard2.0,lib/netstandard2.0/NSwag.Generation.WebApi.dll,62464.0,91551.0,70253.0,5.0,8.0,27.0,0.0,5.0,0.0,35.0,,,,,,,,,,,,,,210.0,45.0
TaskScheduler,2.12.2,ok,,netstandard2.1,lib/netstandard2.1/Microsoft.Win32.TaskScheduler.dll,333312.0,205546.0,2392568.0,127.0,354.0,745.0,23.0,61.0,4.0,1122.0,,,,,,,,,,,,,,2571.0,354.0
vswhere,3.1.7,metapackage,,,,,65558.0,263597.0,,,,,,,,,,,,,,,,,,,,,,
Avalonia.FreeDesktop,12.1.2,ok,,net10.0,lib/net10.0/Avalonia.FreeDesktop.dll,253952.0,157805.0,216694.0,5.0,32.0,126.0,6.0,4.0,0.0,164.0,,,,,,,,,,,,,,1429.0,225.0
Xamarin.Android.Support.VersionedParcelable,28.0.0.3,ok,,monoandroid90,lib/monoandroid90/Xamarin.Android.Support.VersionedParcelable.dll,116392.0,120037.0,76360.0,12.0,112.0,50.0,0.0,13.0,0.0,162.0,,,,,,,,,,,,,,496.0,20.0
WireMock.Net.MimePart,2.15.0,ok,,netstandard2.0,lib/netstandard2.0/WireMock.Net.MimePart.dll,950784.0,400539.0,700695.0,35.0,369.0,633.0,16.0,43.0,5.0,1018.0,,,,,,,,,,,,,,3339.0,354.0
Reo.Core.Validation,10.0.341,ok,,net10.0,lib/net10.0/Reo.Core.Validation.dll,29696.0,59347.0,48861.0,13.0,12.0,2.0,0.0,9.0,0.0,14.0,,,,,,,,,,,,,,63.0,28.0
EntityFrameworkCore.Exceptions.Common,10.0.1,ok,,net10.0,lib/net10.0/EntityFrameworkCore.Exceptions.Common.dll,22528.0,52552.0,42706.0,6.0,5.0,27.0,0.0,26.0,0.0,32.0,,,,,,,,,,,,,,122.0,17.0
Microsoft.Orleans.CodeGenerator,10.3.1,tools_only,,,,,65558.0,272141.0,,,,,,,,,,,,,,,,,,,,,,
PeterO.Numbers,1.8.2,ok,,netstandard1.0,lib/netstandard1.0/Numbers.dll,295936.0,172965.0,602245.0,9.0,751.0,69.0,0.0,8.0,132.0,820.0,,,,,,,,,,,,,,1641.0,53.0
dotnet-format,5.1.250801,tools_only,,,,,65558.0,18053886.0,,,,,,,,,,,,,,,,,,,,,,
ModelContextProtocol.AspNetCore,2.2.0,ok,,net10.0,lib/net10.0/ModelContextProtocol.AspNetCore.dll,148480.0,124249.0,250570.0,11.0,11.0,47.0,0.0,5.0,0.0,58.0,,,,,,,,,,,,,,449.0,124.0
Microsoft.Azure.WebJobs.Script.Abstractions,1.1.0,ok,,netstandard2.0,lib/netstandard2.0/Microsoft.Azure.WebJobs.Script.Abstractions.dll,33312.0,88871.0,65832.0,9.0,12.0,34.0,0.0,4.0,0.0,46.0,,,,,,,,,,,,,,83.0,16.0
AsyncIO,0.1.69,ok,,netstandard2.0,lib/netstandard2.0/AsyncIO.dll,30720.0,80334.0,71676.0,6.0,33.0,39.0,0.0,1.0,0.0,72.0,,,,,,,,,,,,,,239.0,26.0
XLabs.Core,2.0.5782,ok,,Xamarin.iOS10,lib/Xamarin.iOS10/XLabs.Core.dll,23552.0,71460.0,60323.0,25.0,39.0,51.0,3.0,19.0,0.0,93.0,,,,,,,,,,,,,,156.0,27.0
SpecFlow.MsTest,3.9.74,ok,,netstandard2.0,lib/netstandard2.0/TechTalk.SpecFlow.MSTest.SpecFlowPlugin.dll,11264.0,71240.0,137880.0,6.0,11.0,1.0,0.0,5.0,0.0,12.0,,,,,,,,,,,,,,23.0,9.0
XLabs.Serialization,2.0.5782,ok,,Xamarin.iOS10,lib/Xamarin.iOS10/XLabs.Serialization.dll,9728.0,38798.0,34060.0,15.0,52.0,4.0,0.0,4.0,0.0,56.0,,,,,,,,,,,,,,60.0,16.0
Azure.Monitor.Query,1.7.1,ok,,netstandard2.0,lib/netstandard2.0/Azure.Monitor.Query.dll,417336.0,221590.0,429047.0,52.0,132.0,484.0,0.0,41.0,24.0,616.0,,,,,,,,,,,,,,2161.0,328.0
JetBrains.Profiler.Api,1.4.13,ok,,netstandard2.0,lib/netstandard2.0/JetBrains.Profiler.Api.dll,18432.0,58410.0,49972.0,5.0,14.0,0.0,0.0,1.0,0.0,14.0,,,,,,,,,,,,,,110.0,40.0
DelegateDecompiler,0.35.3,ok,,netstandard2.1,lib/netstandard2.1/DelegateDecompiler.dll,69120.0,97240.0,141843.0,18.0,34.0,32.0,0.0,8.0,0.0,66.0,,,,,,,,,,,,,,370.0,93.0
Xamarin.Android.Arch.Core.Runtime,1.1.1.3,ok,,monoandroid81,lib/monoandroid81/Xamarin.Android.Arch.Core.Runtime.dll,30352.0,71089.0,53878.0,5.0,9.0,29.0,0.0,6.0,0.0,38.0,,,,,,,,,,,,,,86.0,9.0
Microsoft.Orleans.Analyzers,10.3.1,tools_only,,,,,65558.0,160393.0,,,,,,,,,,,,,,,,,,,,,,
Microsoft.Net.Native.Compiler,2.2.3,tools_only,,,,,65558.0,12765314.0,,,,,,,,,,,,,,,,,,,,,,
XLabs.IoC,2.0.5782,ok,,portable-net45%2Bnetcore45%2Bwp8%2BMonoAndroid1%2BMonoTouch1,lib/portable-net45%2Bnetcore45%2Bwp8%2BMonoAndroid1%2BMonoTouch1/XLabs.Ioc.dll,10240.0,30127.0,25199.0,4.0,28.0,4.0,0.0,1.0,0.0,32.0,,,,,,,,,,,,,,53.0,8.0
stdole,17.14.40260,ok,,netstandard2.0,lib/netstandard2.0/stdole.dll,16432.0,76279.0,138061.0,0.0,0.0,0.0,0.0,0.0,0.0,0.0,,,,,,,,,,,,,,0.0,1.0
NetTopologySuite.IO.GeoJSON4STJ,4.0.0,ok,,netstandard2.0,lib/netstandard2.0/NetTopologySuite.IO.GeoJSON4STJ.dll,36864.0,53004.0,36209.0,6.0,22.0,26.0,0.0,11.0,0.0,48.0,,,,,,,,,,,,,,145.0,23.0
EaCloud.EntityFrameworkCore.PostgreSql,9.0.1.1,ok,,net9.0,lib/net9.0/EaCloud.EntityFrameworkCore.PostgreSql.dll,10752.0,59129.0,53708.0,7.0,8.0,8.0,0.0,7.0,0.0,16.0,,,,,,,,,,,,,,27.0,9.0
dotenv.net,4.0.2,ok,,netstandard2.1,lib/netstandard2.1/dotenv.net.dll,22528.0,49277.0,38755.0,3.0,29.0,22.0,0.0,1.0,0.0,51.0,,,,,,,,,,,,,,110.0,15.0
ObjectsComparer,1.4.1,ok,,netstandard2.1,lib/netstandard2.1/ObjectsComparer.dll,52224.0,87832.0,99960.0,27.0,69.0,44.0,0.0,18.0,0.0,113.0,,,,,,,,,,,,,,355.0,75.0
Xamarin.Android.Arch.Lifecycle.ViewModel,1.1.1.3,ok,,monoandroid90,lib/monoandroid90/Xamarin.Android.Arch.Lifecycle.ViewModel.dll,34976.0,60100.0,40963.0,8.0,7.0,37.0,0.0,13.0,0.0,44.0,,,,,,,,,,,,,,93.0,13.0
Volo.Abp.Users.Domain.Shared,10.6.0,ok,,netstandard2.1,lib/netstandard2.1/Volo.Abp.Users.Domain.Shared.dll,5632.0,68418.0,65713.0,2.0,0.0,5.0,0.0,2.0,0.0,5.0,,,,,,,,,,,,,,15.0,6.0
GraphQL.DataLoader,8.8.5,ok,,netstandard2.1,lib/netstandard2.1/GraphQL.DataLoader.dll,106496.0,137577.0,207277.0,16.0,46.0,50.0,0.0,17.0,0.0,96.0,,,,,,,,,,,,,,305.0,114.0
Okta.Sdk.Abstractions,4.0.7,ok,,netstandard2.1,lib/netstandard2.1/Okta.Sdk.Abstractions.dll,74240.0,99417.0,106956.0,69.0,154.0,92.0,0.0,49.0,3.0,246.0,,,,,,,,,,,,,,468.0,99.0
Xamarin.Android.Support.Loader,28.0.0.3,ok,,monoandroid90,lib/monoandroid90/Xamarin.Android.Support.Loader.dll,91792.0,119892.0,75824.0,10.0,50.0,49.0,0.0,12.0,0.0,99.0,,,,,,,,,,,,,,280.0,19.0
Xamarin.GooglePlayServices.Stats,117.1.0.11,ok,,net10.0-android36.0,lib/net10.0-android36.0/Xamarin.GooglePlayServices.Stats.dll,29496.0,81430.0,108616.0,6.0,4.0,15.0,0.0,5.0,0.0,19.0,,,,,,,,,,,,,,88.0,18.0
Microsoft.Build.Traversal,4.1.82,metapackage,,,,,43783.0,43783.0,,,,,,,,,,,,,,,,,,,,,,
NuGet.Packaging.Core.Types,4.2.0,ok,,netstandard1.3,lib/netstandard1.3/NuGet.Packaging.Core.Types.dll,35544.0,73264.0,53824.0,11.0,28.0,22.0,0.0,17.0,0.0,50.0,,,,,,,,,,,,,,121.0,23.0
Xamarin.Android.Arch.Lifecycle.LiveData,1.1.1.3,ok,,monoandroid90,lib/monoandroid90/Xamarin.Android.Arch.Lifecycle.LiveData.dll,31392.0,62578.0,42055.0,3.0,6.0,15.0,0.0,6.0,0.0,21.0,,,,,,,,,,,,,,46.0,6.0
Xamarin.Android.Arch.Lifecycle.LiveData.Core,1.1.1.3,ok,,monoandroid90,lib/monoandroid90/Xamarin.Android.Arch.Lifecycle.LiveData.Core.dll,36520.0,64049.0,42812.0,5.0,12.0,27.0,0.0,6.0,0.0,39.0,,,,,,,,,,,,,,92.0,10.0
Microsoft.Azure.ActiveDirectory.GraphClient,2.1.1,ok,,portable-net4%2Bsl5%2Bwin%2Bwpa%2Bwp8,lib/portable-net4%2Bsl5%2Bwin%2Bwpa%2Bwp8/Microsoft.Azure.ActiveDirectory.GraphClient.dll,716752.0,237673.0,186092.0,235.0,360.0,1310.0,1.0,255.0,0.0,1671.0,,,,,,,,,,,,,,3938.0,426.0
ApprovalTests,7.0.0,ok,,net8.0,lib/net8.0/ApprovalTests.dll,268800.0,223556.0,996701.0,114.0,297.0,80.0,0.0,89.0,2.0,377.0,,,,,,,,,,,,,,1195.0,257.0
ApprovalUtilities,7.0.0,ok,,net8.0,lib/net8.0/ApprovalUtilities.dll,76288.0,109678.0,312822.0,47.0,138.0,35.0,0.0,29.0,0.0,173.0,,,,,,,,,,,,,,350.0,90.0
Xamarin.Android.Support.DocumentFile,28.0.0.3,ok,,monoandroid90,lib/monoandroid90/Xamarin.Android.Support.DocumentFile.dll,35992.0,67853.0,44670.0,1.0,15.0,19.0,0.0,1.0,0.0,34.0,,,,,,,,,,,,,,87.0,4.0
Z.EntityFramework.Extensions.EF5,10.105.8,ok,,net45,lib/net45/Z.EntityFramework.Extensions.EF5.dll,1993216.0,653619.0,1212394.0,115.0,807.0,1243.0,0.0,173.0,0.0,2050.0,,,,,,,,,,,,,,8437.0,1356.0
NServiceBus.Extensions.Hosting,4.1.0,ok,,net10.0,lib/net10.0/NServiceBus.Extensions.Hosting.dll,34304.0,82674.0,60632.0,2.0,2.0,10.0,0.0,0.0,0.0,12.0,,,,,,,,,,,,,,90.0,22.0
Microsoft.Bot.Streaming,4.23.1,ok,,netstandard2.0,lib/netstandard2.0/Microsoft.Bot.Streaming.dll,87584.0,106950.0,255646.0,49.0,131.0,93.0,10.0,37.0,0.0,234.0,,,,,,,,,,,,,,498.0,108.0
Xamarin.JavaX.Inject,1.0.0.24,ok,,net10.0-android36.0,lib/net10.0-android36.0/Xamarin.JavaX.Inject.dll,32096.0,81217.0,111505.0,11.0,2.0,25.0,0.0,5.0,0.0,27.0,,,,,,,,,,,,,,144.0,22.0
InfluxDB.LineProtocol,1.1.1,ok,,netstandard2.0,lib/netstandard2.0/InfluxDB.LineProtocol.dll,19456.0,29383.0,20297.0,10.0,27.0,7.0,0.0,9.0,0.0,34.0,,,,,,,,,,,,,,64.0,16.0
Serilog.Sinks.AzureBlobStorage,4.0.5,ok,,netstandard2.1,lib/netstandard2.1/Serilog.Sinks.AzureBlobStorage.dll,37376.0,82463.0,109741.0,9.0,22.0,11.0,0.0,5.0,0.0,33.0,,,,,,,,,,,,,,88.0,24.0
SharpDX.Direct2D1,4.2.0,ok,,netstandard1.1,lib/netstandard1.1/SharpDX.Direct2D1.dll,495616.0,239599.0,2533489.0,695.0,855.0,664.0,0.0,551.0,201.0,1519.0,,,,,,,,,,,,,,4010.0,869.0
ExifLib.PCL,1.0.1,ok,,portable-net45%2Bsl50%2Bwin%2BWindowsPhoneApp81%2Bwp80%2BXamarin.iOS10%2BMonoAndroid10%2BMonoTouch10,lib/portable-net45%2Bsl50%2Bwin%2BWindowsPhoneApp81%2Bwp80%2BXamarin.iOS10%2BMonoAndroid10%2BMonoTouch10/ExifLib.dll,18432.0,29878.0,21262.0,14.0,13.0,36.0,0.0,3.0,0.0,49.0,,,,,,,,,,,,,,98.0,17.0
Microsoft.Azure.Management.ServiceBus,5.0.0,ok,,netstandard2.0,lib/netstandard2.0/Microsoft.Azure.Management.ServiceBus.dll,446888.0,186229.0,618443.0,88.0,266.0,277.0,0.0,104.0,0.0,543.0,,,,,,,,,,,,,,1352.0,272.0
Xamarin.Android.Support.Print,28.0.0.3,ok,,monoandroid90,lib/monoandroid90/Xamarin.Android.Support.Print.dll,37008.0,75108.0,48270.0,2.0,6.0,11.0,0.0,1.0,0.0,17.0,,,,,,,,,,,,,,34.0,5.0
Cogito.Extensions.Options,4.0.0,ok,,netstandard2.0,lib/netstandard2.0/Cogito.Extensions.Options.dll,7680.0,25402.0,21659.0,1.0,4.0,0.0,0.0,0.0,0.0,4.0,,,,,,,,,,,,,,17.0,10.0
Xamarin.Android.Support.LocalBroadcastManager,28.0.0.3,ok,,monoandroid90,lib/monoandroid90/Xamarin.Android.Support.LocalBroadcastManager.dll,23728.0,53329.0,37443.0,1.0,5.0,4.0,0.0,0.0,0.0,9.0,,,,,,,,,,,,,,14.0,3.0
BundlerMinifier.Core,3.2.449,ok,,netstandard2.0,lib/netstandard2.0/dotnet-bundle.dll,60928.0,93668.0,179932.0,16.0,64.0,52.0,11.0,12.0,1.0,127.0,,,,,,,,,,,,,,343.0,50.0
GeoAPI.CoordinateSystems,1.7.5,ok,,netstandard2.0,lib/netstandard2.0/GeoAPI.CoordinateSystems.dll,16896.0,73291.0,318664.0,38.0,71.0,73.0,0.0,6.0,0.0,144.0,,,,,,,,,,,,,,183.0,39.0
CoreWCF.Primitives,1.9.1,ok,,netstandard2.0,lib/netstandard2.0/CoreWCF.Primitives.dll,3462568.0,1174052.0,1265507.0,533.0,1372.0,7032.0,53.0,610.0,6.0,8457.0,,,,,,,,,,,,,,17810.0,1965.0
NETStandard.Library.Ref,2.1.0,ok,,netstandard2.1,ref/netstandard2.1/System.dll,40312.0,81414.0,2955681.0,0.0,0.0,0.0,0.0,0.0,0.0,0.0,,,,,,,,,,,,,,0.0,1.0
Xamarin.Android.Support.Interpolator,28.0.0.3,ok,,monoandroid90,lib/monoandroid90/Xamarin.Android.Support.Interpolator.dll,26784.0,56578.0,39029.0,4.0,4.0,18.0,0.0,8.0,0.0,22.0,,,,,,,,,,,,,,47.0,7.0
KafkaFlow,4.2.0,ok,,netstandard2.0,lib/netstandard2.0/KafkaFlow.dll,199168.0,150317.0,110963.0,49.0,125.0,289.0,0.0,27.0,2.0,414.0,,,,,,,,,,,,,,1347.0,307.0
Xamarin.Android.Support.CursorAdapter,28.0.0.3,ok,,monoandroid90,lib/monoandroid90/Xamarin.Android.Support.CursorAdapter.dll,65688.0,81155.0,51325.0,9.0,31.0,50.0,0.0,12.0,0.0,81.0,,,,,,,,,,,,,,216.0,16.0
Xamarin.Android.Support.ViewPager,28.0.0.3,ok,,monoandroid90,lib/monoandroid90/Xamarin.Android.Support.ViewPager.dll,131728.0,145233.0,101164.0,18.0,58.0,79.0,4.0,25.0,0.0,141.0,,,,,,,,,,,,,,408.0,35.0
Autofac.WebApi2.Owin,7.0.0,ok,,net481,lib/net481/Autofac.Integration.WebApi.Owin.dll,8704.0,33164.0,28466.0,1.0,1.0,0.0,0.0,0.0,0.0,1.0,,,,,,,,,,,,,,10.0,8.0
Xamarin.Android.Support.CustomView,28.0.0.3,ok,,monoandroid90,lib/monoandroid90/Xamarin.Android.Support.CustomView.dll,87192.0,118952.0,74882.0,4.0,53.0,34.0,0.0,9.0,0.0,87.0,,,,,,,,,,,,,,215.0,9.0
TinyMapper.Signed,4.0.0,ok,,netstandard2.1,lib/netstandard2.1/TinyMapper.dll,58880.0,91413.0,181625.0,6.0,13.0,62.0,0.0,5.0,0.0,75.0,,,,,,,,,,,,,,436.0,92.0
Microsoft.Android.Templates,36.1.69,metapackage,,,,,65558.0,168872.0,,,,,,,,,,,,,,,,,,,,,,
SimpleInjector.Integration.GenericHost,5.5.0,ok,,netstandard2.0,lib/netstandard2.0/SimpleInjector.Integration.GenericHost.dll,7168.0,33032.0,29363.0,1.0,3.0,0.0,0.0,0.0,0.0,3.0,,,,,,,,,,,,,,9.0,6.0
StrawberryShake.Server,16.6.3,tools_only,,,,,153896.0,47666584.0,,,,,,,,,,,,,,,,,,,,,,
Xamarin.Android.Support.AsyncLayoutInflater,28.0.0.3,ok,,monoandroid90,lib/monoandroid90/Xamarin.Android.Support.AsyncLayoutInflater.dll,29352.0,58305.0,39932.0,3.0,2.0,11.0,0.0,2.0,0.0,13.0,,,,,,,,,,,,,,31.0,7.0
Xamarin.Android.Support.CoordinaterLayout,28.0.0.3,ok,,monoandroid90,lib/monoandroid90/Xamarin.Android.Support.CoordinaterLayout.dll,135840.0,135397.0,92186.0,10.0,61.0,57.0,0.0,16.0,0.0,118.0,,,,,,,,,,,,,,314.0,17.0
WiseProgress.Data,2026.8.26.1,ok,,netstandard2.0,lib/netstandard2.0/WiseProgress.Data.dll,55808.0,89493.0,89115.0,15.0,90.0,34.0,0.0,15.0,0.0,124.0,,,,,,,,,,,,,,249.0,39.0
Xamarin.Android.Support.DrawerLayout,28.0.0.3,ok,,monoandroid90,lib/monoandroid90/Xamarin.Android.Support.DrawerLayout.dll,87192.0,118003.0,73956.0,10.0,43.0,39.0,4.0,18.0,0.0,86.0,,,,,,,,,,,,,,249.0,24.0
Twilio.AspNet.Core,8.1.2,ok,,net9.0,lib/net9.0/Twilio.AspNet.Core.dll,28672.0,76402.0,63258.0,17.0,36.0,14.0,0.0,9.0,0.0,50.0,,,,,,,,,,,,,,127.0,35.0
NRedisStack,1.7.4,ok,,netstandard2.0,lib/netstandard2.0/NRedisStack.dll,435712.0,260727.0,1211186.0,144.0,1103.0,293.0,0.0,75.0,21.0,1396.0,,,,,,,,,,,,,,2370.0,411.0
Xamarin.Android.Support.SlidingPaneLayout,28.0.0.3,ok,,monoandroid90,lib/monoandroid90/Xamarin.Android.Support.SlidingPaneLayout.dll,65696.0,102421.0,61985.0,9.0,21.0,35.0,3.0,18.0,0.0,59.0,,,,,,,,,,,,,,179.0,19.0
Xamarin.Android.Support.SwipeRefreshLayout,28.0.0.3,ok,,monoandroid90,lib/monoandroid90/Xamarin.Android.Support.SwipeRefreshLayout.dll,83624.0,118329.0,74331.0,5.0,28.0,39.0,1.0,5.0,0.0,68.0,,,,,,,,,,,,,,233.0,13.0
SecurityCodeScan,3.5.4,tools_only,,,,,65558.0,183403.0,,,,,,,,,,,,,,,,,,,,,,
Microsoft.Azure.EventHubs.Processor,4.3.2,ok,,netstandard2.0,lib/netstandard2.0/Microsoft.Azure.EventHubs.Processor.dll,106888.0,109023.0,124843.0,15.0,34.0,63.0,0.0,17.0,0.0,97.0,,,,,,,,,,,,,,370.0,76.0
Microsoft.ML.Tokenizers,2.0.0,ok,,netstandard2.0,lib/netstandard2.0/Microsoft.ML.Tokenizers.dll,313144.0,193465.0,348586.0,32.0,187.0,405.0,0.0,19.0,0.0,592.0,,,,,,,,,,,,,,1508.0,138.0
Microsoft.Web.LibraryManager.Build,3.0.114,tools_only,,,,,65558.0,1375809.0,,,,,,,,,,,,,,,,,,,,,,
ServiceStack.OrmLite,10.1.4,ok,,net10.0,lib/net10.0/ServiceStack.OrmLite.dll,1074688.0,522587.0,1951799.0,186.0,2313.0,640.0,1.0,128.0,3.0,2954.0,,,,,,,,,,,,,,6244.0,1043.0
IDisposableAnalyzers,4.0.8,tools_only,,,,,65558.0,206237.0,,,,,,,,,,,,,,,,,,,,,,
HotChocolate.Types.CursorPagination.Extensions,16.6.3,ok,,net11.0,lib/net11.0/HotChocolate.Types.CursorPagination.Extensions.dll,11776.0,53780.0,47945.0,4.0,0.0,19.0,0.0,4.0,1.0,19.0,,,,,,,,,,,,,,30.0,8.0
NetMQ,4.0.4.3,ok,,netstandard2.1,lib/netstandard2.1/NetMQ.dll,287744.0,186196.0,638828.0,115.0,482.0,323.0,33.0,96.0,4.0,838.0,,,,,,,,,,,,,,2282.0,337.0
Fastenshtein,1.0.12,ok,,netstandard2.0,lib/netstandard2.0/Fastenshtein.dll,6144.0,37202.0,34070.0,2.0,3.0,1.0,0.0,1.0,0.0,4.0,,,,,,,,,,,,,,5.0,3.0
NuGet.RuntimeModel,4.2.0,ok,,netstandard1.3,lib/netstandard1.3/NuGet.RuntimeModel.dll,44752.0,84348.0,60782.0,8.0,49.0,16.0,0.0,14.0,0.0,65.0,,,,,,,,,,,,,,169.0,22.0
Microsoft.CodeAnalysis.PublicApiAnalyzers,5.6.0,tools_only,,,,,65558.0,951120.0,,,,,,,,,,,,,,,,,,,,,,
Microsoft.NETCore.App.Runtime.AOT.osx-x64.Cross.android-x86,10.0.11,metapackage,,,,,65558.0,51500426.0,,,,,,,,,,,,,,,,,,,,,,
Microsoft.NETCore.App.Runtime.AOT.osx-x64.Cross.android-arm64,10.0.11,metapackage,,,,,65558.0,51523770.0,,,,,,,,,,,,,,,,,,,,,,
SimpleInjector.Integration.Web,5.5.0,ok,,net45,lib/net45/SimpleInjector.Integration.Web.dll,9216.0,29433.0,24642.0,3.0,3.0,0.0,0.0,2.0,0.0,3.0,,,,,,,,,,,,,,25.0,11.0
Hl7.FhirPath,4.3.0,ok,,netstandard2.0,lib/netstandard2.0/Hl7.FhirPath.dll,150528.0,127307.0,238172.0,45.0,148.0,120.0,0.0,40.0,6.0,268.0,,,,,,,,,,,,,,1106.0,194.0
PagedList.Mvc,4.5.0,ok,,net40,lib/net40/PagedList.Mvc.dll,21504.0,34156.0,25001.0,4.0,8.0,39.0,0.0,3.0,0.0,47.0,,,,,,,,,,,,,,96.0,7.0
Microsoft.NETCore.App.Runtime.AOT.osx-x64.Cross.android-arm,10.0.11,metapackage,,,,,65558.0,51486569.0,,,,,,,,,,,,,,,,,,,,,,
Xamarin.Google.Android.DataTransport.TransportRuntime,4.1.1.1,ok,,net10.0-android36.0,lib/net10.0-android36.0/Xamarin.Google.Android.DataTransport.TransportRuntime.dll,382776.0,146377.0,919423.0,118.0,243.0,570.0,0.0,83.0,0.0,813.0,,,,,,,,,,,,,,1910.0,195.0
Sustainsys.Saml2.AspNetCore2,2.11.0,ok,,net8.0,lib/net8.0/Sustainsys.Saml2.AspNetCore2.dll,19456.0,41944.0,32235.0,7.0,15.0,7.0,0.0,4.0,0.0,22.0,,,,,,,,,,,,,,49.0,17.0
Volo.Abp.Users.Abstractions,10.6.0,ok,,netstandard2.1,lib/netstandard2.1/Volo.Abp.Users.Abstractions.dll,11776.0,70936.0,86514.0,9.0,4.0,51.0,0.0,10.0,0.0,55.0,,,,,,,,,,,,,,100.0,13.0
System.Formats.Cbor,10.0.11,ok,,netstandard2.0,lib/netstandard2.0/System.Formats.Cbor.dll,100648.0,108562.0,293727.0,12.0,74.0,96.0,0.0,7.0,0.0,170.0,,,,,,,,,,,,,,372.0,57.0
Microsoft.NETCore.App.Runtime.AOT.osx-x64.Cross.android-x64,10.0.11,metapackage,,,,,65558.0,51535362.0,,,,,,,,,,,,,,,,,,,,,,
Microsoft.Identity.Web.DownstreamApi,4.14.2,ok,,netstandard2.0,lib/netstandard2.0/Microsoft.Identity.Web.DownstreamApi.dll,73496.0,98241.0,291197.0,1.0,3.0,1.0,0.0,0.0,0.0,4.0,,,,,,,,,,,,,,111.0,36.0
Microsoft.Azure.WebJobs.Extensions.OpenApi,1.6.0,ok,,netstandard2.0,lib/netstandard2.0/Microsoft.Azure.WebJobs.Extensions.OpenApi.dll,55344.0,92771.0,69426.0,13.0,29.0,41.0,0.0,14.0,0.0,70.0,,,,,,,,,,,,,,165.0,31.0
Aspire.StackExchange.Redis,13.5.3,ok,,net10.0,lib/net10.0/Aspire.StackExchange.Redis.dll,108896.0,128460.0,250137.0,3.0,4.0,51.0,0.0,2.0,0.0,55.0,,,,,,,,,,,,,,268.0,46.0
NetTopologySuite.Core,1.15.3,ok,,netstandard2.0,lib/netstandard2.0/NetTopologySuite.dll,517632.0,287624.0,3665309.0,454.0,2043.0,856.0,0.0,577.0,27.0,2899.0,,,,,,,,,,,,,,4858.0,544.0
Effort.EF6,2.2.18,ok,,netstandard2.1,lib/netstandard2.1/Effort.dll,295424.0,181062.0,444612.0,54.0,178.0,322.0,1.0,46.0,0.0,501.0,,,,,,,,,,,,,,1966.0,331.0
AutoFixture.Idioms,4.18.1,ok,,netstandard2.0,lib/netstandard2.0/AutoFixture.Idioms.dll,73728.0,92779.0,172872.0,40.0,113.0,70.0,0.0,73.0,0.0,183.0,,,,,,,,,,,,,,482.0,86.0
NServiceBus.Testing,10.1.0,ok,,net10.0,lib/net10.0/NServiceBus.Testing.dll,89600.0,117433.0,97817.0,37.0,53.0,110.0,0.0,34.0,0.0,163.0,,,,,,,,,,,,,,467.0,93.0
Microsoft.Owin.Testing,4.2.3,ok,,net45,lib/net45/Microsoft.Owin.Testing.dll,37960.0,83526.0,59199.0,3.0,16.0,14.0,0.0,3.0,0.0,30.0,,,,,,,,,,,,,,88.0,16.0
Hangfire.Autofac,2.7.0,ok,,netstandard2.0,lib/netstandard2.0/Hangfire.Autofac.dll,24784.0,84033.0,87012.0,3.0,6.0,0.0,0.0,2.0,0.0,6.0,,,,,,,,,,,,,,15.0,6.0
murmurhash-signed,1.0.3,ok,,netstandard2.0,lib/netstandard2.0/MurmurHash.dll,17408.0,48743.0,40658.0,7.0,16.0,34.0,0.0,4.0,0.0,50.0,,,,,,,,,,,,,,127.0,16.0
ImageResizer,4.2.8,ok,,net45,lib/net45/ImageResizer.dll,315904.0,198396.0,197981.0,203.0,807.0,424.0,13.0,174.0,0.0,1244.0,,,,,,,,,,,,,,2154.0,326.0
Xamarin.Google.Android.DataTransport.TransportBackendCct,4.1.1.2,ok,,net10.0-android36.0,lib/net10.0-android36.0/Xamarin.Google.Android.DataTransport.TransportBackendCct.dll,153912.0,104374.0,387710.0,29.0,82.0,284.0,0.0,45.0,0.0,366.0,,,,,,,,,,,,,,741.0,57.0
AngularJS.Core,1.8.2,metapackage,,,,,65558.0,606426.0,,,,,,,,,,,,,,,,,,,,,,
Microsoft.VisualStudio.Services.InteractiveClient,20.256.2,ok,,netstandard2.0,lib/netstandard2.0/Microsoft.VisualStudio.Services.Client.Interactive.dll,105504.0,115802.0,451679.0,45.0,80.0,152.0,2.0,35.0,2.0,234.0,,,,,,,,,,,,,,606.0,95.0
contentful.csharp,8.6.1,ok,,netstandard2.0,lib/netstandard2.0/Contentful.Core.dll,405504.0,205803.0,234403.0,210.0,530.0,585.0,0.0,191.0,2.0,1115.0,,,,,,,,,,,,,,2493.0,471.0
Volo.Abp.Autofac,10.6.0,ok,,netstandard2.1,lib/netstandard2.1/Volo.Abp.Autofac.dll,23040.0,76821.0,126396.0,9.0,15.0,1.0,0.0,4.0,0.0,16.0,,,,,,,,,,,,,,53.0,24.0
PeterO.Cbor,4.5.5,ok,,netstandard1.0,lib/netstandard1.0/CBOR.dll,194048.0,144042.0,424644.0,16.0,306.0,69.0,0.0,17.0,13.0,375.0,,,,,,,,,,,,,,1076.0,69.0
Snapshooter.Xunit,1.3.1,ok,,netstandard2.0,lib/netstandard2.0/Snapshooter.Xunit.dll,13312.0,71955.0,103698.0,4.0,21.0,3.0,0.0,2.0,0.0,24.0,,,,,,,,,,,,,,46.0,12.0
Volo.Abp.SettingManagement.Domain.Shared,10.6.0,ok,,netstandard2.1,lib/netstandard2.1/Volo.Abp.SettingManagement.Domain.Shared.dll,89088.0,90145.0,180975.0,6.0,2.0,10.0,0.0,5.0,0.0,12.0,,,,,,,,,,,,,,39.0,13.0
Mindbox.Data.Linq,10.8.2,ok,,net8.0,lib/net8.0/Mindbox.Data.Linq.dll,655872.0,321428.0,270602.0,95.0,379.0,926.0,4.0,70.0,3.0,1309.0,,,,,,,,,,,,,,4361.0,542.0
AMQPNetLite,2.5.4,ok,,net5.0,lib/net5.0/Amqp.Net.dll,250368.0,174053.0,767247.0,158.0,353.0,393.0,2.0,127.0,2.0,748.0,,,,,,,,,,,,,,2029.0,309.0
IronSoftware.Common,2026.4.2,ok,,netstandard2.0,lib/netstandard2.0/IronSoftware.Logger.dll,21248.0,79264.0,73186.0,2.0,5.0,3.0,1.0,0.0,0.0,9.0,,,,,,,,,,,,,,24.0,6.0
Serilog.Sinks.TextWriter,3.0.0,ok,,netstandard2.0,lib/netstandard2.0/Serilog.Sinks.TextWriter.dll,7680.0,62268.0,58060.0,1.0,2.0,0.0,0.0,0.0,0.0,2.0,,,,,,,,,,,,,,9.0,7.0
Microsoft.AnalysisServices.NetCore.retail.amd64,19.84.1,ok,,netcoreapp3.0,lib/netcoreapp3.0/Microsoft.AnalysisServices.dll,679984.0,301972.0,6463911.0,305.0,1816.0,1909.0,6.0,268.0,0.0,3731.0,,,,,,,,,,,,,,5466.0,362.0
Microsoft.Windows.CppWinRT,3.0.260818.1,metapackage,,,,,65558.0,621997.0,,,,,,,,,,,,,,,,,,,,,,
Microsoft.AspNet.Providers.LocalDB,2.0.1,metapackage,,,,,30421.0,30421.0,,,,,,,,,,,,,,,,,,,,,,
AWSSDK.Glue,4.0.104.3,ok,,netstandard2.0,lib/netstandard2.0/AWSSDK.Glue.dll,2127016.0,634200.0,3673254.0,2668.0,2852.0,5286.0,0.0,2873.0,147.0,8138.0,,,,,,,,,,,,,,22418.0,2801.0
Aliyun.OSS.SDK.NetCore,2.14.1,ok,,netstandard2.0,lib/netstandard2.0/Aliyun.OSS.Core.dll,398336.0,219906.0,297441.0,315.0,510.0,1479.0,2.0,305.0,0.0,1991.0,,,,,,,,,,,,,,4199.0,560.0
Microsoft.Build.NoTargets,3.7.134,metapackage,,,,,41945.0,41945.0,,,,,,,,,,,,,,,,,,,,,,
Rebus.SqlServer,8.4.1,ok,,netstandard2.0,lib/netstandard2.0/Rebus.SqlServer.dll,193536.0,138292.0,210288.0,42.0,129.0,45.0,0.0,42.0,4.0,174.0,,,,,,,,,,,,,,713.0,217.0
Avalonia.Angle.Windows.Natives,2.2.0.20230930,native_only,,,,,65558.0,4553335.0,,,,,,,,,,,,,,,,,,,,,,
SharpDX.Mathematics,4.2.0,ok,,netstandard1.1,lib/netstandard1.1/SharpDX.Mathematics.dll,215552.0,136537.0,694219.0,38.0,1183.0,132.0,0.0,117.0,311.0,1315.0,,,,,,,,,,,,,,1859.0,43.0
Microsoft.VisualStudio.JavaScript.SDK,1.0.6578810,no_lib_dll,,,,,65558.0,179913.0,,,,,,,,,,,,,,,,,,,,,,
SharpDX.Direct3D9,4.2.0,ok,,netstandard1.3,lib/netstandard1.3/SharpDX.Direct3D9.dll,338944.0,174162.0,1562908.0,255.0,764.0,175.0,0.0,105.0,57.0,939.0,,,,,,,,,,,,,,1972.0,296.0
Roslynator.CodeAnalysis.Analyzers,5.0.0,tools_only,,,,,65558.0,1642272.0,,,,,,,,,,,,,,,,,,,,,,
Apache.NMS.ActiveMQ,2.2.0,ok,,netstandard2.0,lib/netstandard2.0/Apache.NMS.ActiveMQ.dll,827904.0,293786.0,247368.0,218.0,1400.0,849.0,27.0,246.0,0.0,2276.0,,,,,,,,,,,,,,8456.0,981.0
Selenium.Chrome.WebDriver,85.0.0,metapackage,,,,,65558.0,5222187.0,,,,,,,,,,,,,,,,,,,,,,
XmpCore,6.1.10.1,ok,,netstandard2.0,lib/netstandard2.0/XmpCore.dll,144896.0,123973.0,346600.0,55.0,316.0,153.0,0.0,47.0,0.0,469.0,,,,,,,,,,,,,,843.0,80.0
Xamarin.Firebase.Messaging,125.1.1.1,ok,,net10.0-android36.0,lib/net10.0-android36.0/Xamarin.Firebase.Messaging.dll,181560.0,115954.0,306727.0,42.0,123.0,254.0,0.0,28.0,0.0,377.0,,,,,,,,,,,,,,819.0,68.0
Microsoft.AspNet.WebHelpers,3.3.0,ok,,net45,lib/net45/Microsoft.Web.Helpers.dll,100800.0,106632.0,77091.0,17.0,50.0,72.0,0.0,14.0,1.0,122.0,,,,,,,,,,,,,,310.0,60.0
Kralizek.Extensions.Configuration.AWSSecretsManager,2.0.0,ok,,netstandard2.0,lib/netstandard2.0/Kralizek.Extensions.Configuration.AWSSecretsManager.dll,70144.0,95561.0,71842.0,20.0,30.0,103.0,0.0,12.0,2.0,133.0,,,,,,,,,,,,,,361.0,87.0
XAct.Core,1.1.17040.3290,ok,,net452,lib/net452/XAct.Core.dll,187904.0,144063.0,136925.0,129.0,385.0,224.0,6.0,84.0,1.0,615.0,,,,,,,,,,,,,,1116.0,206.0
Volo.Abp.PermissionManagement.Domain.Shared,10.6.0,ok,,netstandard2.1,lib/netstandard2.1/Volo.Abp.PermissionManagement.Domain.Shared.dll,59904.0,82263.0,143531.0,10.0,4.0,17.0,0.0,7.0,0.0,21.0,,,,,,,,,,,,,,64.0,20.0
OpenCvSharp4.runtime.win,4.13.0.20260627,native_only,,,,,65558.0,39861764.0,,,,,,,,,,,,,,,,,,,,,,
Microsoft.iOS.Templates,26.5.10315,metapackage,,,,,65558.0,226775.0,,,,,,,,,,,,,,,,,,,,,,
Hilma.Common,4.1.0,ok,,net8.0,lib/net8.0/Hilma.Domain.dll,5853184.0,1088466.0,1145347.0,2435.0,2780.0,7782.0,0.0,2350.0,4.0,10562.0,,,,,,,,,,,,,,21862.0,2598.0
Quartz.Plugins,3.20.0,ok,,netstandard2.0,lib/netstandard2.0/Quartz.Plugins.dll,75264.0,96751.0,138976.0,13.0,52.0,121.0,0.0,12.0,0.0,173.0,,,,,,,,,,,,,,367.0,49.0
runtime.linux-x64.Microsoft.DotNet.ILCompiler,10.0.11,metapackage,,,,,65558.0,13838568.0,,,,,,,,,,,,,,,,,,,,,,
EnterpriseLibrary.Logging,6.0.1304,ok,,NET45,lib/NET45/Microsoft.Practices.EnterpriseLibrary.Logging.dll,415408.0,179259.0,181676.0,145.0,390.0,709.0,0.0,211.0,0.0,1099.0,,,,,,,,,,,,,,1845.0,213.0
Google.Apis.CloudResourceManager.v1,1.74.0.3959,ok,,netstandard2.0,lib/netstandard2.0/Google.Apis.CloudResourceManager.v1.dll,68096.0,90746.0,209015.0,115.0,107.0,402.0,0.0,113.0,0.0,509.0,,,,,,,,,,,,,,900.0,116.0
Microsoft.ReportingServices.ReportViewerControl.WebForms,150.1652.0,ok,,net40,lib/net40/Microsoft.ReportViewer.Design.dll,84536.0,104116.0,10035312.0,7.0,9.0,52.0,0.0,4.0,0.0,61.0,,,,,,,,,,,,,,243.0,35.0
Xamarin.Google.Android.DataTransport.TransportApi,4.1.1.1,ok,,net10.0-android36.0,lib/net10.0-android36.0/Xamarin.Google.Android.DataTransport.TransportApi.dll,69944.0,87998.0,173640.0,12.0,44.0,78.0,0.0,9.0,0.0,122.0,,,,,,,,,,,,,,265.0,30.0
Volo.Abp.Identity.Domain.Shared,10.6.0,ok,,netstandard2.1,lib/netstandard2.1/Volo.Abp.Identity.Domain.Shared.dll,374272.0,141315.0,455594.0,41.0,13.0,106.0,0.0,17.0,0.0,119.0,,,,,,,,,,,,,,267.0,48.0
GemBox.Document,2026.9.105,ok,,netstandard2.0,lib/netstandard2.0/GemBox.Document.dll,15501312.0,7513043.0,23111289.0,452.0,865.0,3360.0,34.0,234.0,53.0,4259.0,,,,,,,,,,,,,,76654.0,9451.0
Microsoft.ServiceFabric.AspNetCore.Abstractions,8.7.157,ok,,net8.0,lib/net8.0/Microsoft.ServiceFabric.AspNetCore.dll,30496.0,82383.0,73032.0,6.0,10.0,9.0,0.0,4.0,0.0,19.0,,,,,,,,,,,,,,55.0,20.0
Sentry.NLog,6.10.0,ok,,netstandard2.0,lib/netstandard2.0/Sentry.NLog.dll,28672.0,80054.0,170052.0,4.0,8.0,41.0,0.0,4.0,0.0,49.0,,,,,,,,,,,,,,124.0,16.0
MaterialDesignThemes,5.3.2,ok,,net10.0-windows7.0,lib/net10.0-windows7.0/MaterialDesignThemes.Wpf.dll,9999872.0,3100904.0,20462196.0,299.0,846.0,635.0,45.0,223.0,5.0,1526.0,,,,,,,,,,,,,,3325.0,438.0
Xamarin.Firebase.Installations,119.1.2.1,ok,,net10.0-android36.0,lib/net10.0-android36.0/Xamarin.Firebase.Installations.dll,113464.0,97496.0,212102.0,23.0,66.0,155.0,0.0,31.0,0.0,221.0,,,,,,,,,,,,,,523.0,45.0
Microsoft.VSSDK.BuildTools,18.9.820,tools_only,,,,,65558.0,29878539.0,,,,,,,,,,,,,,,,,,,,,,
ErrorOr,2.1.1,ok,,netstandard2.0,lib/netstandard2.0/ErrorOr.dll,71168.0,92044.0,389738.0,15.0,127.0,34.0,0.0,0.0,16.0,161.0,,,,,,,,,,,,,,323.0,90.0
NBitcoin.Secp256k1,4.0.1,ok,,netstandard2.1,lib/netstandard2.1/NBitcoin.Secp256k1.dll,117248.0,113420.0,128577.0,36.0,287.0,37.0,0.0,46.0,20.0,324.0,,,,,,,,,,,,,,521.0,53.0
Agoda.Builds.Metrics,1.0.128,no_lib_dll,,,,,65558.0,2582132.0,,,,,,,,,,,,,,,,,,,,,,
Rainbow,2.1.4,metapackage,,,,,13117.0,13117.0,,,,,,,,,,,,,,,,,,,,,,
SheshaMobile.Modules,2.2.143,ok,,netstandard2.0,lib/netstandard2.0/SheshaMobile.Modules.dll,11776.0,23435.0,18619.0,1.0,11.0,0.0,0.0,1.0,0.0,11.0,,,,,,,,,,,,,,42.0,13.0
Z.EntityFramework.Extensions.EF4,10.105.8,ok,,net45,lib/net45/Z.EntityFramework.Extensions.EF4.dll,1979392.0,646537.0,1200459.0,115.0,807.0,1243.0,0.0,173.0,0.0,2050.0,,,,,,,,,,,,,,8435.0,1356.0
EnyimMemcachedCore,3.5.1,ok,,net10.0,lib/net10.0/EnyimMemcachedCore.dll,224256.0,161971.0,682476.0,169.0,681.0,191.0,10.0,108.0,0.0,882.0,,,,,,,,,,,,,,1558.0,270.0
OpenCvSharp4,4.13.0.20260627,ok,,netstandard2.1,lib/netstandard2.1/OpenCvSharp.dll,1003008.0,397556.0,1743183.0,535.0,5931.0,780.0,0.0,381.0,422.0,6711.0,,,,,,,,,,,,,,9034.0,755.0
Microsoft.Azure.DocumentDB.ChangeFeedProcessor,2.5.0,ok,,netstandard2.0,lib/netstandard2.0/Microsoft.Azure.Documents.ChangeFeedProcessor.dll,188824.0,142854.0,214397.0,47.0,87.0,100.0,0.0,35.0,0.0,187.0,,,,,,,,,,,,,,939.0,246.0
AWSXRayRecorder.Handlers.EntityFramework,1.7.0,ok,,netstandard2.0,lib/netstandard2.0/AWSXRayRecorder.Handlers.EntityFramework.dll,30880.0,87641.0,97766.0,2.0,15.0,0.0,0.0,1.0,0.0,15.0,,,,,,,,,,,,,,26.0,4.0
MetadataExtractor,2.9.3,ok,,netstandard2.1,lib/netstandard2.1/MetadataExtractor.dll,809472.0,350008.0,1033758.0,313.0,1262.0,439.0,0.0,280.0,6.0,1701.0,,,,,,,,,,,,,,2725.0,460.0
NAudio.Core,3.0.1,ok,,net9.0,lib/net9.0/NAudio.Core.dll,341504.0,213273.0,260306.0,258.0,559.0,777.0,12.0,196.0,12.0,1348.0,,,,,,,,,,,,,,2506.0,318.0
EcoWpf,7.2.0.17517,ok,,net40,lib/net40/Eco.WPF.dll,666624.0,317799.0,500434.0,154.0,389.0,416.0,31.0,152.0,0.0,836.0,,,,,,,,,,,,,,2456.0,308.0
Elastic.Ingest.Elasticsearch,0.51.1,ok,,netstandard2.1,lib/netstandard2.1/Elastic.Ingest.Elasticsearch.dll,366080.0,206189.0,1033000.0,95.0,219.0,401.0,0.0,95.0,12.0,620.0,,,,,,,,,,,,,,1709.0,305.0
csFastFloat,4.1.6,ok,,netstandard2.0,lib/netstandard2.0/csFastFloat.dll,41984.0,90697.0,154558.0,4.0,39.0,5.0,0.0,0.0,0.0,44.0,,,,,,,,,,,,,,112.0,25.0
Microsoft.ICU.ICU4C.Runtime.win-x64,72.1.0.3,native_only,,,,,65558.0,14377116.0,,,,,,,,,,,,,,,,,,,,,,
Antlr4.CodeGenerator,4.6.6,tools_only,,,,,65558.0,2172565.0,,,,,,,,,,,,,,,,,,,,,,
Elastic.Ingest.Transport,0.51.1,ok,,netstandard2.1,lib/netstandard2.1/Elastic.Ingest.Transport.dll,7680.0,69572.0,71345.0,3.0,2.0,1.0,0.0,3.0,0.0,3.0,,,,,,,,,,,,,,13.0,9.0
AWSSDK.Macie,3.7.300.12,ok,,netstandard2.0,lib/netstandard2.0/AWSSDK.Macie.dll,66672.0,94323.0,306167.0,69.0,75.0,90.0,0.0,94.0,2.0,165.0,,,,,,,,,,,,,,438.0,74.0
Microsoft.ICU.ICU4C.Runtime.linux-x64,72.1.0.3,metapackage,,,,,65558.0,14719595.0,,,,,,,,,,,,,,,,,,,,,,
CefSharp.Common,151.3.240,ok,,net462,lib/net462/CefSharp.dll,287744.0,176510.0,21303883.0,292.0,734.0,578.0,17.0,124.0,2.0,1329.0,,,,,,,,,,,,,,2280.0,355.0
Microsoft.ICU.ICU4C.Runtime.win-arm64,72.1.0.3,native_only,,,,,65558.0,13972454.0,,,,,,,,,,,,,,,,,,,,,,
Amazon.Lambda.AspNetCoreServer.Hosting,2.2.1,ok,,net10.0,lib/net10.0/Amazon.Lambda.AspNetCoreServer.Hosting.dll,34984.0,80321.0,61701.0,12.0,36.0,19.0,0.0,10.0,0.0,55.0,,,,,,,,,,,,,,99.0,17.0
Microsoft.ICU.ICU4C.Runtime.win-x86,72.1.0.3,native_only,,,,,65558.0,13992814.0,,,,,,,,,,,,,,,,,,,,,,
Xamarin.Firebase.Installations.InterOp,117.3.0.3,ok,,net10.0-android36.0,lib/net10.0-android36.0/Xamarin.Firebase.Installations.InterOp.dll,39224.0,82919.0,117011.0,7.0,13.0,35.0,0.0,6.0,0.0,48.0,,,,,,,,,,,,,,158.0,23.0
Aspose.Email,26.7.0,ok,,netstandard2.0,lib/netstandard2.0/Aspose.Email.dll,8994672.0,3621901.0,40838354.0,2028.0,3756.0,11718.0,297.0,1760.0,84.0,15771.0,,,,,,,,,,,,,,61896.0,8913.0
Microsoft.ICU.ICU4C.Runtime,72.1.0.3,metapackage,,,,,33824.0,33824.0,,,,,,,,,,,,,,,,,,,,,,
Microsoft.Configuration.ConfigurationBuilders.Environment,3.0.0,ok,,Net471,lib/Net471/Microsoft.Configuration.ConfigurationBuilders.Environment.dll,16776.0,75869.0,75180.0,1.0,3.0,0.0,0.0,1.0,0.0,3.0,,,,,,,,,,,,,,4.0,2.0
AspNetCore.HealthChecks.Network,9.0.0,ok,,netstandard2.0,lib/netstandard2.0/HealthChecks.Network.dll,72192.0,105899.0,102569.0,32.0,59.0,37.0,0.0,26.0,0.0,96.0,,,,,,,,,,,,,,267.0,88.0
Soenneker.Extensions.String,4.0.736,ok,,net10.0,lib/net10.0/Soenneker.Extensions.String.dll,31232.0,72721.0,57642.0,1.0,88.0,1.0,0.0,0.0,0.0,89.0,,,,,,,,,,,,,,118.0,6.0
Microsoft.ICU.ICU4C.Runtime.linux-arm64,72.1.0.3,metapackage,,,,,65558.0,14963604.0,,,,,,,,,,,,,,,,,,,,,,
Azure.AI.FormRecognizer,4.1.0,ok,,netstandard2.0,lib/netstandard2.0/Azure.AI.FormRecognizer.dll,686624.0,295346.0,349839.0,140.0,385.0,822.0,0.0,95.0,50.0,1207.0,,,,,,,,,,,,,,3068.0,568.0
Xamarin.Android.Support.CustomTabs,28.0.0.3,ok,,monoandroid60,lib/monoandroid60/Xamarin.Android.Support.CustomTabs.dll,83608.0,92691.0,391259.0,22.0,84.0,58.0,3.0,24.0,0.0,145.0,,,,,,,,,,,,,,326.0,34.0
AspNetCore.HealthChecks.Elasticsearch,9.0.0,ok,,netstandard2.0,lib/netstandard2.0/HealthChecks.Elasticsearch.dll,24064.0,67637.0,51681.0,3.0,10.0,16.0,0.0,2.0,0.0,26.0,,,,,,,,,,,,,,60.0,16.0
Microsoft.Azure.Cosmos.Direct,3.44.0,ok,,netstandard2.0,lib/netstandard2.0/Microsoft.Azure.Cosmos.Direct.dll,1755448.0,586500.0,3511922.0,143.0,20.0,1781.0,4.0,15.0,0.0,1805.0,,,,,,,,,,,,,,5839.0,763.0
Uno.WinUI,6.7.103,ok,,net10.0,lib/net10.0/Uno.UI.dll,7867344.0,2379587.0,103635290.0,1906.0,6165.0,10809.0,784.0,1032.0,81.0,17758.0,,,,,,,,,,,,,,40819.0,3745.0
Motor.Extensions.Diagnostics.HealthChecks,0.18.2,ok,,net9.0,lib/net9.0/Motor.Extensions.Diagnostics.HealthChecks.dll,6144.0,27170.0,24223.0,1.0,1.0,0.0,0.0,0.0,0.0,1.0,,,,,,,,,,,,,,3.0,3.0
Microsoft.Data.Analysis,0.23.0,ok,,netstandard2.0,lib/netstandard2.0/Microsoft.Data.Analysis.dll,561464.0,231968.0,404707.0,30.0,3610.0,163.0,0.0,71.0,1987.0,3773.0,,,,,,,,,,,,,,7357.0,236.0
DevExpress.Data.de,26.1.4,ok,,net8.0,lib/net8.0/de/DevExpress.Data.v26.1.resources.dll,196512.0,115213.0,125991.0,0.0,0.0,0.0,0.0,0.0,0.0,0.0,,,,,,,,,,,,,,0.0,1.0
Unity.AspNet.WebApi,5.11.2,ok,,net47,lib/net47/Unity.AspNet.WebApi.dll,6656.0,35828.0,32364.0,2.0,8.0,0.0,0.0,2.0,0.0,8.0,,,,,,,,,,,,,,18.0,5.0
Elastic.Channels,0.51.1,ok,,netstandard2.1,lib/netstandard2.1/Elastic.Channels.dll,66048.0,93963.0,120889.0,17.0,28.0,132.0,0.0,15.0,0.0,160.0,,,,,,,,,,,,,,380.0,47.0
Bet.Extensions.Logging,4.0.1,ok,,netstandard2.0,lib/netstandard2.0/Bet.Extensions.Logging.dll,24576.0,56466.0,38252.0,5.0,6.0,5.0,0.0,3.0,0.0,11.0,,,,,,,,,,,,,,30.0,11.0
IbanNet,6.2.0,ok,,netstandard2.1,lib/netstandard2.1/IbanNet.dll,200192.0,120847.0,478076.0,57.0,153.0,141.0,0.0,68.0,32.0,294.0,,,,,,,,,,,,,,874.0,210.0
Hl7.Fhir.ElementModel,4.3.0,ok,,netstandard2.0,lib/netstandard2.0/Hl7.Fhir.ElementModel.dll,122880.0,118732.0,218204.0,56.0,223.0,191.0,0.0,33.0,111.0,414.0,,,,,,,,,,,,,,1032.0,114.0
Amazon.CDK.AWS.IAM,1.204.0,ok,,netcoreapp3.1,lib/netcoreapp3.1/Amazon.CDK.AWS.IAM.dll,546816.0,505644.0,573555.0,145.0,180.0,750.0,0.0,186.0,0.0,930.0,,,,,,,,,,,,,,1494.0,204.0
Elastic.Ingest.Elasticsearch.CommonSchema,9.0.0,ok,,netstandard2.1,lib/netstandard2.1/Elastic.Ingest.Elasticsearch.CommonSchema.dll,25088.0,76651.0,181632.0,2.0,4.0,45.0,0.0,3.0,0.0,49.0,,,,,,,,,,,,,,129.0,53.0
Microsoft.NETFramework.ReferenceAssemblies.net481,1.0.3,native_only,,,,,65558.0,20342378.0,,,,,,,,,,,,,,,,,,,,,,
NLog.Extended,4.7.15,ok,,net45,lib/net45/NLog.Extended.dll,77824.0,72060.0,58004.0,2.0,3.0,13.0,0.0,3.0,0.0,16.0,,,,,,,,,,,,,,36.0,4.0
Microsoft.Azure.ServiceBus.EventProcessorHost,5.0.1,ok,,net462,lib/net462/Microsoft.ServiceBus.Messaging.EventProcessorHost.dll,84344.0,96844.0,60641.0,3.0,9.0,26.0,0.0,6.0,0.0,35.0,,,,,,,,,,,,,,256.0,65.0
AWS.Logger.SeriLog,4.0.2,ok,,netstandard2.0,lib/netstandard2.0/AWS.Logger.SeriLog.dll,22696.0,79076.0,90678.0,2.0,5.0,0.0,0.0,2.0,0.0,5.0,,,,,,,,,,,,,,9.0,3.0
System.Json,4.8.0,ok,,netstandard2.0,lib/netstandard2.0/System.Json.dll,40744.0,86449.0,98916.0,5.0,30.0,38.0,0.0,24.0,38.0,68.0,,,,,,,,,,,,,,192.0,15.0
Hl7.Fhir.Serialization,4.3.0,ok,,netstandard2.0,lib/netstandard2.0/Hl7.Fhir.Serialization.dll,182272.0,120522.0,211209.0,28.0,144.0,71.0,0.0,25.0,0.0,215.0,,,,,,,,,,,,,,535.0,96.0
Marvin.JsonPatch,2.2.1,ok,,netstandard2.0,lib/netstandard2.0/Marvin.JsonPatch.dll,52224.0,86863.0,75381.0,25.0,89.0,65.0,0.0,30.0,0.0,154.0,,,,,,,,,,,,,,307.0,46.0
Microsoft.CrmSdk.CoreTools,9.1.0.179,no_lib_dll,,,,,65558.0,2916783.0,,,,,,,,,,,,,,,,,,,,,,
Google.Cloud.Diagnostics.Common,5.3.0,ok,,netstandard2.0,lib/netstandard2.0/Google.Cloud.Diagnostics.Common.dll,69632.0,97477.0,95695.0,44.0,90.0,66.0,0.0,5.0,0.0,156.0,,,,,,,,,,,,,,415.0,104.0
Avalonia.BuildServices,11.3.2,tools_only,,,,,65558.0,68329.0,,,,,,,,,,,,,,,,,,,,,,
Prism.Plugin.Popups.Unity,2.1.0.228,ok,,netstandard2.0,lib/netstandard2.0/Prism.Plugin.Popups.Unity.dll,13808.0,48430.0,40483.0,1.0,2.0,0.0,0.0,0.0,0.0,2.0,,,,,,,,,,,,,,2.0,2.0
NServiceBus.Transport.AzureServiceBus,6.5.0,ok,,net10.0,lib/net10.0/NServiceBus.Transport.AzureServiceBus.dll,270848.0,207178.0,194686.0,39.0,91.0,159.0,0.0,25.0,8.0,250.0,,,,,,,,,,,,,,931.0,178.0
Baseline,4.1.0,ok,,netstandard2.0,lib/netstandard2.0/Baseline.dll,215040.0,151707.0,355015.0,112.0,793.0,163.0,0.0,82.0,8.0,956.0,,,,,,,,,,,,,,1644.0,223.0
Moq.Dapper,1.0.7,ok,,netstandard2.1,lib/netstandard2.1/Moq.Dapper.dll,23040.0,34040.0,23574.0,4.0,4.0,0.0,0.0,0.0,0.0,4.0,,,,,,,,,,,,,,85.0,32.0
SendGrid.SmtpApi,1.4.6,ok,,netstandard2.0,lib/netstandard2.0/SendGrid.SmtpApi.dll,10240.0,58963.0,53532.0,4.0,42.0,2.0,0.0,3.0,0.0,44.0,,,,,,,,,,,,,,51.0,6.0
DistributedLock.FileSystem,1.0.3,ok,,netstandard2.1,lib/netstandard2.1/DistributedLock.FileSystem.dll,20992.0,80489.0,98351.0,3.0,7.0,3.0,0.0,3.0,0.0,10.0,,,,,,,,,,,,,,36.0,10.0
Microsoft.Orleans.Client,10.3.1,metapackage,,,,,33973.0,33973.0,,,,,,,,,,,,,,,,,,,,,,
Plugin.CurrentActivity,2.1.0.4,ok,,monoandroid44,lib/monoandroid44/Plugin.CurrentActivity.dll,9216.0,21821.0,17354.0,5.0,4.0,10.0,2.0,2.0,0.0,16.0,,,,,,,,,,,,,,39.0,8.0
JsonPath.Net,3.0.2,ok,,netstandard2.0,lib/netstandard2.0/JsonPath.Net.dll,89600.0,105497.0,210607.0,31.0,53.0,162.0,0.0,12.0,0.0,215.0,,,,,,,,,,,,,,697.0,203.0
PInvoke.Windows.Core,0.7.124,ok,,netstandard2.0,lib/netstandard2.0/PInvoke.Windows.Core.dll,272960.0,164427.0,823190.0,56.0,23.0,18.0,0.0,6.0,18.0,41.0,,,,,,,,,,,,,,71.0,60.0
DH.MailKit,10.0.2026.21000014,ok,,net10.0,lib/net10.0/DH.MailKit.dll,17408.0,74454.0,71056.0,11.0,17.0,3.0,0.0,6.0,0.0,20.0,,,,,,,,,,,,,,35.0,13.0
ZiggyCreatures.FusionCache.Serialization.SystemTextJson,2.7.2,ok,,netstandard2.0,lib/netstandard2.0/ZiggyCreatures.FusionCache.Serialization.SystemTextJson.dll,14336.0,42702.0,32304.0,3.0,7.0,1.0,0.0,3.0,0.0,8.0,,,,,,,,,,,,,,19.0,9.0
WasmAI.ConditionChecker,1.0.1,ok,,net8.0,lib/net8.0/WasmAI.ConditionChecker.dll,52736.0,64560.0,41231.0,20.0,95.0,30.0,4.0,19.0,1.0,129.0,,,,,,,,,,,,,,273.0,51.0
SkiaSharp.NativeAssets.Android,4.151.2,metapackage,,,,,65558.0,17506160.0,,,,,,,,,,,,,,,,,,,,,,
Google.Cloud.Trace.V1,3.5.0,ok,,netstandard2.0,lib/netstandard2.0/Google.Cloud.Trace.V1.dll,52736.0,88138.0,109527.0,20.0,114.0,61.0,0.0,23.0,0.0,175.0,,,,,,,,,,,,,,309.0,40.0
AWSSDK.Inspector2,4.0.105.4,ok,,netstandard2.0,lib/netstandard2.0/AWSSDK.Inspector2.dll,745128.0,287240.0,1333886.0,957.0,916.0,1854.0,0.0,991.0,125.0,2770.0,,,,,,,,,,,,,,7829.0,1014.0
Vault,0.9.1.3,ok,,netstandard1.3,lib/netstandard1.3/Vault.dll,84480.0,99717.0,78961.0,118.0,136.0,339.0,0.0,113.0,0.0,475.0,,,,,,,,,,,,,,985.0,147.0
ServiceStack.Interfaces.Core,8.10.0,ok,,netstandard2.0,lib/netstandard2.0/ServiceStack.Interfaces.dll,440832.0,243450.0,644695.0,637.0,2332.0,1126.0,4.0,389.0,2.0,3462.0,,,,,,,,,,,,,,4887.0,722.0
Mediator.Abstractions,3.0.2,ok,,netstandard2.0,lib/netstandard2.0/Mediator.dll,69632.0,114889.0,105994.0,46.0,47.0,35.0,0.0,11.0,3.0,82.0,,,,,,,,,,,,,,204.0,98.0
Steeltoe.Extensions.Configuration.CloudFoundryBase,4.0.0,ok,,net8.0,lib/net8.0/Steeltoe.Extensions.Configuration.CloudFoundryBase.dll,23968.0,69373.0,51153.0,0.0,0.0,0.0,0.0,0.0,0.0,0.0,,,,,,,,,,,,,,0.0,1.0
InfluxDB.Collector,1.1.1,ok,,netstandard2.0,lib/netstandard2.0/InfluxDB.Collector.dll,21504.0,32203.0,21699.0,8.0,22.0,10.0,0.0,6.0,0.0,32.0,,,,,,,,,,,,,,113.0,34.0
Analytics,3.8.1,ok,,netstandard2.0,lib/netstandard2.0/Analytics.dll,40960.0,83532.0,119103.0,29.0,107.0,55.0,5.0,18.0,0.0,167.0,,,,,,,,,,,,,,321.0,50.0
MSBuild.StructuredLogger,2.3.246,ok,,netstandard2.0,lib/netstandard2.0/StructuredLogger.dll,640512.0,369734.0,636306.0,193.0,504.0,723.0,46.0,198.0,6.0,1273.0,,,,,,,,,,,,,,2903.0,349.0
Syncfusion.Xamarin.Core,30.2.4,ok,,netstandard2.0,lib/netstandard2.0/Syncfusion.Core.XForms.dll,416256.0,284193.0,1646666.0,55.0,20.0,306.0,9.0,37.0,0.0,335.0,,,,,,,,,,,,,,1050.0,107.0
Microsoft.Orleans.Runtime,10.3.1,ok,,net10.0,lib/net10.0/Orleans.Runtime.dll,1937760.0,896888.0,1791201.0,166.0,284.0,731.0,0.0,116.0,2.0,1015.0,,,,,,,,,,,,,,7013.0,1317.0
RtfPipe,2.0.7677.4303,ok,,netstandard2.0,lib/netstandard2.0/RtfPipe.dll,183808.0,144148.0,246283.0,255.0,43.0,555.0,0.0,238.0,15.0,598.0,,,,,,,,,,,,,,1317.0,331.0
MQTTnet.Extensions.ManagedClient,4.3.7.1207,ok,,netstandard2.1,lib/netstandard2.1/MQTTnet.Extensions.ManagedClient.dll,59960.0,94656.0,363205.0,18.0,39.0,33.0,19.0,13.0,0.0,91.0,,,,,,,,,,,,,,196.0,40.0
AWSSDK.ApplicationAutoScaling,4.0.100.11,ok,,netstandard2.0,lib/netstandard2.0/AWSSDK.ApplicationAutoScaling.dll,161448.0,123369.0,468696.0,185.0,183.0,324.0,0.0,238.0,10.0,507.0,,,,,,,,,,,,,,1409.0,200.0
UUIDNext,4.2.4,ok,,netstandard2.1,lib/netstandard2.1/UUIDNext.dll,19968.0,75819.0,73368.0,7.0,16.0,4.0,0.0,1.0,0.0,20.0,,,,,,,,,,,,,,92.0,27.0
AspectCore.Abstractions,3.0.0,ok,,net10.0,lib/net10.0/AspectCore.Abstractions.dll,31744.0,79816.0,81598.0,78.0,114.0,84.0,0.0,37.0,0.0,198.0,,,,,,,,,,,,,,278.0,86.0
Zlib.Portable.Signed,1.11.0,ok,,portable-net4%2Bsl5%2Bwp8%2Bwin8%2Bwpa81%2BMonoTouch%2BMonoAndroid,lib/portable-net4%2Bsl5%2Bwp8%2Bwin8%2Bwpa81%2BMonoTouch%2BMonoAndroid/Zlib.Portable.dll,81920.0,98820.0,70522.0,16.0,76.0,65.0,0.0,31.0,0.0,141.0,,,,,,,,,,,,,,326.0,54.0
Microsoft.Azure.WebJobs.ServiceBus,2.3.0,ok,,net45,lib/net45/Microsoft.Azure.WebJobs.ServiceBus.dll,105552.0,112620.0,74733.0,13.0,20.0,82.0,0.0,15.0,0.0,102.0,,,,,,,,,,,,,,517.0,140.0
Cake.Docker,1.5.0,ok,,net10.0,lib/net10.0/Cake.Docker.dll,119296.0,111809.0,229406.0,85.0,166.0,577.0,0.0,79.0,0.0,743.0,,,,,,,,,,,,,,1452.0,98.0
Microsoft.CodeAnalysis.CodeFix.Testing,1.1.4,ok,,netstandard2.0,lib/netstandard2.0/Microsoft.CodeAnalysis.CodeFix.Testing.dll,97632.0,123547.0,341839.0,5.0,15.0,13.0,0.0,3.0,0.0,28.0,,,,,,,,,,,,,,154.0,40.0
Microsoft.CodeAnalysis.CSharp.CodeFix.Testing,1.1.4,ok,,netstandard2.0,lib/netstandard2.0/Microsoft.CodeAnalysis.CSharp.CodeFix.Testing.dll,25440.0,84104.0,127644.0,2.0,4.0,3.0,0.0,2.0,0.0,7.0,,,,,,,,,,,,,,15.0,7.0
Pragmastat,14.0.1,ok,,netstandard2.0,lib/netstandard2.0/Pragmastat.dll,84992.0,103752.0,159072.0,45.0,170.0,52.0,0.0,40.0,39.0,222.0,,,,,,,,,,,,,,597.0,99.0
Accord,3.8.0,ok,,netstandard2.0,lib/netstandard2.0/Accord.dll,115200.0,114397.0,1027320.0,118.0,444.0,171.0,0.0,111.0,86.0,615.0,,,,,,,,,,,,,,1090.0,151.0
Azure.ResourceManager.Authorization,1.1.7,ok,,netstandard2.0,lib/netstandard2.0/Azure.ResourceManager.Authorization.dll,869184.0,308636.0,945911.0,91.0,484.0,566.0,0.0,73.0,45.0,1050.0,,,,,,,,,,,,,,3559.0,565.0
Microsoft.Orleans.Server,10.3.1,metapackage,,,,,34119.0,34119.0,,,,,,,,,,,,,,,,,,,,,,
AWSXRayRecorder.Handlers.SqlServer,2.13.0,ok,,netstandard2.0,lib/netstandard2.0/AWSXRayRecorder.Handlers.SqlServer.dll,35488.0,89566.0,113284.0,4.0,28.0,13.0,1.0,5.0,0.0,42.0,,,,,,,,,,,,,,90.0,15.0
Cake.Core,6.2.0,ok,,net10.0,lib/net10.0/Cake.Core.dll,275984.0,184181.0,685866.0,194.0,648.0,372.0,16.0,119.0,21.0,1036.0,,,,,,,,,,,,,,2129.0,470.0
App.Metrics.Formatters.InfluxDB,4.3.0,ok,,netstandard2.1,lib/netstandard2.1/App.Metrics.Formatters.InfluxDB.dll,23040.0,58449.0,48056.0,6.0,8.0,10.0,0.0,7.0,0.0,18.0,,,,,,,,,,,,,,73.0,23.0
Mongo2Go,5.0.0,ok,,netstandard2.1,lib/netstandard2.1/Mongo2Go.dll,58880.0,100840.0,260334867.0,29.0,46.0,32.0,0.0,19.0,0.0,78.0,,,,,,,,,,,,,,193.0,46.0
Volo.Abp.BackgroundJobs.Abstractions,10.6.0,ok,,netstandard2.1,lib/netstandard2.1/Volo.Abp.BackgroundJobs.Abstractions.dll,28160.0,78955.0,145708.0,27.0,49.0,32.0,0.0,17.0,0.0,81.0,,,,,,,,,,,,,,136.0,41.0
MediatR.Extensions.Autofac.DependencyInjection,14.1.0,ok,,netstandard2.0,lib/netstandard2.0/MediatR.Extensions.Autofac.DependencyInjection.dll,16896.0,49868.0,42223.0,5.0,13.0,8.0,0.0,0.0,0.0,21.0,,,,,,,,,,,,,,45.0,16.0
Volo.Abp.SettingManagement.Domain,10.6.0,ok,,netstandard2.1,lib/netstandard2.1/Volo.Abp.SettingManagement.Domain.dll,79872.0,99295.0,275633.0,35.0,102.0,74.0,0.0,24.0,0.0,176.0,,,,,,,,,,,,,,352.0,89.0
App.Metrics.Health.Formatters.Ascii,3.2.0,ok,,netstandard2.0,lib/netstandard2.0/App.Metrics.Health.Formatters.Ascii.dll,10240.0,22680.0,17432.0,6.0,5.0,4.0,0.0,5.0,0.0,9.0,,,,,,,,,,,,,,25.0,8.0
AwsSignatureVersion4,5.1.0,ok,,netstandard2.0,lib/netstandard2.0/AwsSignatureVersion4.dll,38912.0,81897.0,68212.0,19.0,81.0,9.0,0.0,6.0,0.0,90.0,,,,,,,,,,,,,,150.0,41.0
AspNetCore.HealthChecks.AzureKeyVault,9.0.0,ok,,netstandard2.0,lib/netstandard2.0/HealthChecks.AzureKeyVault.dll,22016.0,67290.0,51993.0,3.0,7.0,4.0,0.0,2.0,0.0,11.0,,,,,,,,,,,,,,34.0,16.0
GeoCoordinate.NetCore,1.0.0.1,ok,,netstandard1.6,lib/netstandard1.6/GeoCoordinate.NetCore.dll,8192.0,25921.0,22056.0,2.0,5.0,10.0,0.0,6.0,2.0,15.0,,,,,,,,,,,,,,33.0,3.0
PInvoke.Kernel32,0.7.124,ok,,netstandard2.0,lib/netstandard2.0/PInvoke.Kernel32.dll,113728.0,115846.0,566434.0,140.0,422.0,40.0,0.0,24.0,13.0,462.0,,,,,,,,,,,,,,545.0,148.0
AWSSDK.Translate,4.0.100.11,ok,,netstandard2.0,lib/netstandard2.0/AWSSDK.Translate.dll,145576.0,117224.0,380051.0,180.0,199.0,289.0,0.0,263.0,11.0,488.0,,,,,,,,,,,,,,1351.0,191.0
Ninject.MVC5,3.3.0,ok,,net45,lib/net45/Ninject.Web.Mvc.dll,26624.0,38889.0,27192.0,22.0,90.0,8.0,0.0,10.0,0.0,98.0,,,,,,,,,,,,,,171.0,46.0
Xamarin.AndroidX.Lifecycle.Common.Jvm,2.11.0.1,ok,,net10.0-android36.0,lib/net10.0-android36.0/Xamarin.AndroidX.Lifecycle.Common.Jvm.dll,72504.0,90127.0,241155.0,29.0,45.0,116.0,0.0,15.0,0.0,161.0,,,,,,,,,,,,,,311.0,45.0
App.Metrics.Health.Core,3.2.0,ok,,netstandard2.0,lib/netstandard2.0/App.Metrics.Health.Core.dll,20992.0,31888.0,22032.0,10.0,24.0,15.0,0.0,6.0,0.0,39.0,,,,,,,,,,,,,,86.0,18.0
Microsoft.ServiceFabric.Actors,8.7.157,ok,,netstandard2.0,lib/netstandard2.0/Microsoft.ServiceFabric.Actors.dll,532280.0,244220.0,2151101.0,95.0,142.0,418.0,0.0,99.0,2.0,560.0,,,,,,,,,,,,,,2449.0,464.0
WireMock.Net.GraphQL,2.15.0,ok,,netstandard2.1,lib/netstandard2.1/WireMock.Net.GraphQL.dll,40960.0,81343.0,77715.0,4.0,10.0,7.0,0.0,4.0,0.0,17.0,,,,,,,,,,,,,,50.0,17.0
WiseProgress.FrameworkCore,2026.3.21.1,ok,,net8.0,lib/net8.0/WiseProgress.FrameworkCore.dll,150016.0,135773.0,128882.0,59.0,122.0,268.0,6.0,56.0,0.0,396.0,,,,,,,,,,,,,,857.0,78.0
Google.Cloud.Functions.Framework,3.0.1,ok,,net8.0,lib/net8.0/Google.Cloud.Functions.Framework.dll,35328.0,69754.0,55098.0,10.0,9.0,17.0,0.0,5.0,0.0,26.0,,,,,,,,,,,,,,91.0,30.0
ChilkatNativeLib,11.5.0,native_only,,,,,65558.0,61546192.0,,,,,,,,,,,,,,,,,,,,,,
MvvmLightLibs,5.4.1.1,ok,,net45,lib/net45/GalaSoft.MvvmLight.dll,30208.0,79267.0,1105390.0,25.0,77.0,41.0,3.0,45.0,0.0,121.0,,,,,,,,,,,,,,213.0,35.0
DistributedLock,2.8.3,ok,,netstandard2.1,lib/netstandard2.1/DistributedLock.dll,12800.0,66259.0,55704.0,0.0,0.0,0.0,0.0,0.0,0.0,0.0,,,,,,,,,,,,,,0.0,1.0
Xamarin.AndroidX.Lifecycle.Runtime.Android,2.11.0.1,ok,,net10.0-android36.0,lib/net10.0-android36.0/Xamarin.AndroidX.Lifecycle.Runtime.Android.dll,54072.0,86114.0,195277.0,14.0,28.0,60.0,3.0,5.0,0.0,91.0,,,,,,,,,,,,,,200.0,31.0
CoreWCF.Http,1.9.1,ok,,netstandard2.0,lib/netstandard2.0/CoreWCF.Http.dll,1177512.0,415267.0,421839.0,34.0,37.0,2953.0,5.0,35.0,0.0,2995.0,,,,,,,,,,,,,,4078.0,264.0
Momentum.Pm.Api,5.20.0.634,ok,,net48,lib/net48/Holzer.Files.dll,81920.0,95451.0,1128815.0,87.0,109.0,273.0,0.0,68.0,25.0,382.0,,,,,,,,,,,,,,725.0,103.0
OpenTelemetry.Exporter.InMemory,1.18.0,ok,,netstandard2.0,lib/netstandard2.0/OpenTelemetry.Exporter.InMemory.dll,14336.0,72624.0,97037.0,5.0,11.0,8.0,0.0,2.0,0.0,19.0,,,,,,,,,,,,,,49.0,17.0
Tmds.DBus.Protocol,0.95.0,ok,,netstandard2.1,lib/netstandard2.1/Tmds.DBus.Protocol.dll,239104.0,171625.0,658444.0,61.0,333.0,246.0,0.0,47.0,29.0,579.0,,,,,,,,,,,,,,1465.0,205.0
Microsoft.Azure.Functions.Worker.Extensions.EventHubs,6.5.0,ok,,netstandard2.0,lib/netstandard2.0/Microsoft.Azure.Functions.Worker.Extensions.EventHubs.dll,38944.0,86131.0,59746.0,2.0,0.0,7.0,0.0,2.0,0.0,7.0,,,,,,,,,,,,,,55.0,19.0
Crc32C.NET,1.0.5,ok,,net20,lib/net20/Crc32C.NET.dll,275456.0,232072.0,179798.0,1.0,7.0,0.0,0.0,1.0,0.0,7.0,,,,,,,,,,,,,,22.0,6.0
toastr,2.1.1,metapackage,,,,,30311.0,30311.0,,,,,,,,,,,,,,,,,,,,,,
Facebook,7.0.6,ok,,net45,lib/net45/Facebook.dll,110592.0,113233.0,476688.0,22.0,147.0,110.0,7.0,47.0,0.0,264.0,,,,,,,,,,,,,,598.0,64.0
EnterpriseLibrary.Data,6.0.1304,ok,,NET45,lib/NET45/Microsoft.Practices.EnterpriseLibrary.Data.dll,142000.0,114486.0,95281.0,67.0,289.0,193.0,0.0,48.0,0.0,482.0,,,,,,,,,,,,,,797.0,100.0
Testcontainers.Azurite,4.14.0,ok,,netstandard2.1,lib/netstandard2.1/Testcontainers.Azurite.dll,20480.0,80475.0,182692.0,3.0,10.0,1.0,0.0,9.0,0.0,11.0,,,,,,,,,,,,,,38.0,9.0
OpenTK.Mathematics,4.9.4,ok,,netstandard2.1,lib/netstandard2.1/OpenTK.Mathematics.dll,353792.0,172486.0,488999.0,44.0,1773.0,810.0,0.0,155.0,362.0,2583.0,,,,,,,,,,,,,,3763.0,45.0
Microsoft.ClearScript.V8.Native.osx-arm64,7.5.1,metapackage,,,,,65558.0,11084971.0,,,,,,,,,,,,,,,,,,,,,,
NLog.Targets.ElasticSearch,7.7.0,ok,,netstandard2.0,lib/netstandard2.0/NLog.Targets.ElasticSearch.dll,33280.0,61430.0,46210.0,4.0,4.0,70.0,0.0,4.0,0.0,74.0,,,,,,,,,,,,,,191.0,19.0
IdGen,3.0.7,ok,,netstandard2.0,lib/netstandard2.0/IdGen.dll,24064.0,69274.0,58224.0,11.0,14.0,50.0,0.0,13.0,2.0,64.0,,,,,,,,,,,,,,169.0,50.0
OpenTK.Core,4.9.4,ok,,netstandard2.1,lib/netstandard2.1/OpenTK.Core.dll,8704.0,41243.0,36483.0,9.0,7.0,8.0,0.0,8.0,0.0,15.0,,,,,,,,,,,,,,30.0,10.0
Finbuckle.MultiTenant,10.1.3,ok,,net10.0,lib/net10.0/Finbuckle.MultiTenant.dll,75776.0,96967.0,68495.0,23.0,96.0,29.0,0.0,23.0,2.0,125.0,,,,,,,,,,,,,,318.0,79.0
Dazinator.Extensions.FileProviders,2.0.0,ok,,netstandard1.3,lib/netstandard1.3/Dazinator.Extensions.FileProviders.dll,45056.0,70695.0,50772.0,34.0,100.0,76.0,9.0,33.0,0.0,185.0,,,,,,,,,,,,,,342.0,53.0
RadiantConnect,10.6.1,ok,,net10.0,lib/net10.0/RadiantConnect.dll,1641472.0,611623.0,3461500.0,463.0,2446.0,2467.0,82.0,777.0,710.0,4995.0,,,,,,,,,,,,,,10398.0,881.0
DevExpress.Data.es,26.1.4,ok,,net8.0,lib/net8.0/es/DevExpress.Data.v26.1.resources.dll,165792.0,107545.0,110657.0,0.0,0.0,0.0,0.0,0.0,0.0,0.0,,,,,,,,,,,,,,0.0,1.0
Husky,0.9.1,tools_only,,,,,65558.0,19171984.0,,,,,,,,,,,,,,,,,,,,,,
Gepsio,2.1.0.20,ok,,net8.0,lib/net8.0/JeffFerguson.Gepsio.dll,217088.0,141910.0,130664.0,127.0,79.0,418.0,2.0,19.0,0.0,499.0,,,,,,,,,,,,,,1371.0,213.0
UmbracoCms.Core,8.18.15,ok,,net472,lib/net472/Umbraco.Core.dll,2662912.0,969707.0,1539810.0,1246.0,4441.0,3537.0,151.0,901.0,57.0,8129.0,,,,,,,,,,,,,,17716.0,2877.0
Soenneker.Utils.Random,4.0.130,ok,,net10.0,lib/net10.0/Soenneker.Utils.Random.dll,9216.0,44008.0,39177.0,1.0,10.0,0.0,0.0,0.0,0.0,10.0,,,,,,,,,,,,,,13.0,3.0
NSwag.CodeGeneration.TypeScript,14.7.1,ok,,netstandard2.0,lib/netstandard2.0/NSwag.CodeGeneration.TypeScript.dll,108032.0,93351.0,113812.0,17.0,9.0,143.0,0.0,9.0,0.0,152.0,,,,,,,,,,,,,,260.0,29.0
Syncfusion.DocIO.Wpf,34.2.6,ok,,net10.0-windows7.0,lib/net10.0-windows7.0/Syncfusion.DocIO.Base.dll,6463488.0,2152863.0,11641401.0,477.0,1443.0,6305.0,12.0,257.0,0.0,7760.0,,,,,,,,,,,,,,24005.0,1318.0
DotNext,6.7.0,ok,,net10.0,lib/net10.0/DotNext.dll,739272.0,408617.0,505644.0,498.0,1605.0,523.0,0.0,119.0,218.0,2128.0,,,,,,,,,,,,,,4330.0,834.0
Steeltoe.Common.Abstractions,4.0.0,ok,,net8.0,lib/net8.0/Steeltoe.Common.Abstractions.dll,23456.0,68767.0,50706.0,0.0,0.0,0.0,0.0,0.0,0.0,0.0,,,,,,,,,,,,,,0.0,1.0
WireMock.Net.ProtoBuf,2.15.0,ok,,netstandard2.1,lib/netstandard2.1/WireMock.Net.ProtoBuf.dll,51200.0,85750.0,71004.0,4.0,13.0,18.0,0.0,1.0,0.0,31.0,,,,,,,,,,,,,,102.0,26.0
Xamarin.Firebase.Iid.Interop,117.1.0.27,ok,,net10.0-android36.0,lib/net10.0-android36.0/Xamarin.Firebase.Iid.Interop.dll,26936.0,79787.0,97418.0,3.0,4.0,13.0,0.0,1.0,0.0,17.0,,,,,,,,,,,,,,65.0,11.0
Microsoft.AspNetCore.ApiAuthorization.IdentityServer,7.0.20,ok,,net7.0,lib/net7.0/Microsoft.AspNetCore.ApiAuthorization.IdentityServer.dll,75936.0,101529.0,75805.0,17.0,58.0,45.0,0.0,18.0,0.0,103.0,,,,,,,,,,,,,,307.0,65.0
Ardalis.Result,10.1.0,ok,,netstandard2.0,lib/netstandard2.0/Ardalis.Result.dll,46080.0,84040.0,89872.0,11.0,87.0,61.0,0.0,14.0,5.0,148.0,,,,,,,,,,,,,,301.0,63.0
Abp.EntityFramework.Common,10.5.0,ok,,net9.0,lib/net9.0/Abp.EntityFramework.Common.dll,14336.0,34289.0,27276.0,10.0,12.0,3.0,0.0,6.0,0.0,15.0,,,,,,,,,,,,,,37.0,14.0
Duende.AccessTokenManagement.OpenIdConnect,4.2.0,ok,,net10.0,lib/net10.0/Duende.AccessTokenManagement.OpenIdConnect.dll,90624.0,104132.0,225689.0,17.0,54.0,45.0,0.0,8.0,8.0,99.0,,,,,,,,,,,,,,333.0,82.0
IronPython.StdLib,3.4.2,metapackage,,,,,173321.0,10093426.0,,,,,,,,,,,,,,,,,,,,,,
eXpandLib,26.1.401,ok,,net10.0,lib/net10.0/Xpand.xpo.dll,84480.0,104735.0,1007467.0,55.0,169.0,54.0,12.0,77.0,1.0,235.0,,,,,,,,,,,,,,457.0,79.0
Agoda.IoC.NetCore,1.1.144,ok,,netstandard2.0,lib/netstandard2.0/Agoda.IoC.NetCore.dll,15872.0,30267.0,22442.0,5.0,5.0,6.0,0.0,4.0,0.0,11.0,,,,,,,,,,,,,,47.0,14.0
AWSSDK.ElasticBeanstalk,4.0.100.11,ok,,netstandard2.0,lib/netstandard2.0/AWSSDK.ElasticBeanstalk.dll,284328.0,161418.0,686045.0,369.0,422.0,769.0,0.0,489.0,19.0,1191.0,,,,,,,,,,,,,,3288.0,383.0
GSF.Core,2.4.274,ok,,net48,lib/net48/GSF.Core.dll,1378264.0,574463.0,901489.0,541.0,3406.0,1308.0,106.0,527.0,483.0,4820.0,,,,,,,,,,,,,,8931.0,994.0
MSBuildTasks,1.5.0.235,tools_only,,,,,65558.0,540611.0,,,,,,,,,,,,,,,,,,,,,,
Agoda.IoC.Core,1.1.144,ok,,netstandard2.0,lib/netstandard2.0/Agoda.IoC.Core.dll,25600.0,36907.0,25713.0,18.0,21.0,27.0,0.0,13.0,0.0,48.0,,,,,,,,,,,,,,125.0,27.0
MassTransit.Analyzers,8.5.10,tools_only,,,,,65558.0,72857.0,,,,,,,,,,,,,,,,,,,,,,
DevExpress.Data.ja,26.1.4,ok,,net8.0,lib/net8.0/ja/DevExpress.Data.v26.1.resources.dll,168864.0,107929.0,111426.0,0.0,0.0,0.0,0.0,0.0,0.0,0.0,,,,,,,,,,,,,,0.0,1.0
AspectCore.Core,3.0.0,ok,,net10.0,lib/net10.0/AspectCore.Core.dll,175616.0,141036.0,325797.0,47.0,106.0,161.0,0.0,36.0,0.0,267.0,,,,,,,,,,,,,,1035.0,227.0
Nanoid,3.1.0,ok,,netstandard2.0,lib/netstandard2.0/Nanoid.dll,9728.0,40366.0,35692.0,4.0,9.0,1.0,0.0,1.0,0.0,10.0,,,,,,,,,,,,,,22.0,9.0
Microsoft.ServiceFabric.AspNetCore.Kestrel,8.7.157,ok,,net8.0,lib/net8.0/Microsoft.ServiceFabric.AspNetCore.Kestrel.dll,17720.0,68934.0,57869.0,1.0,1.0,3.0,0.0,4.0,0.0,4.0,,,,,,,,,,,,,,10.0,3.0
Test,2.0.1.1,ok,,,lib/Dnp.dll,134656.0,138196.0,185549.0,87.0,289.0,187.0,6.0,103.0,2.0,482.0,,,,,,,,,,,,,,909.0,120.0
WebMarkupMin.Core,2.21.0,ok,,netstandard2.1,lib/netstandard2.1/WebMarkupMin.Core.dll,170496.0,130781.0,574505.0,76.0,165.0,198.0,0.0,81.0,4.0,363.0,,,,,,,,,,,,,,974.0,144.0
ITfoxtec.Identity.Saml2.MvcCore,4.20.1,ok,,net10.0,lib/net10.0/ITfoxtec.Identity.Saml2.MvcCore.dll,20992.0,75936.0,95646.0,8.0,15.0,0.0,0.0,0.0,0.0,15.0,,,,,,,,,,,,,,32.0,16.0
Xamarin.AndroidX.Window.Extensions.Core.Core,1.0.0.19,ok,,net10.0-android36.0,lib/net10.0-android36.0/Xamarin.AndroidX.Window.Extensions.Core.Core.dll,24376.0,79073.0,96138.0,3.0,3.0,12.0,0.0,0.0,0.0,15.0,,,,,,,,,,,,,,54.0,11.0
Multiformats.Base,2.0.2,ok,,netstandard2.0,lib/netstandard2.0/Multiformats.Base.dll,25600.0,71326.0,59586.0,2.0,10.0,75.0,0.0,1.0,0.0,85.0,,,,,,,,,,,,,,245.0,45.0
Pyroscope,1.4.0,ok,,net8.0,lib/net8.0/Pyroscope.dll,13824.0,72703.0,111846.0,4.0,17.0,5.0,0.0,1.0,0.0,22.0,,,,,,,,,,,,,,68.0,13.0
Volo.Abp.Users.Domain,10.6.0,ok,,netstandard2.1,lib/netstandard2.1/Volo.Abp.Users.Domain.dll,20480.0,74775.0,108884.0,8.0,17.0,11.0,0.0,2.0,0.0,28.0,,,,,,,,,,,,,,60.0,22.0
Prism.Wpf,9.0.537,ok,,net6.0-windows7.0,lib/net6.0-windows7.0/Prism.Wpf.dll,119296.0,116822.0,356168.0,68.0,214.0,156.0,21.0,68.0,0.0,391.0,,,,,,,,,,,,,,863.0,126.0
Tesseract,5.2.0,ok,,netstandard2.0,lib/netstandard2.0/Tesseract.dll,128512.0,103940.0,5697774.0,54.0,368.0,80.0,1.0,40.0,6.0,449.0,,,,,,,,,,,,,,662.0,77.0
Elastic.Serilog.Sinks,9.0.0,ok,,netstandard2.1,lib/netstandard2.1/Elastic.Serilog.Sinks.dll,41472.0,83640.0,211226.0,7.0,13.0,87.0,0.0,6.0,0.0,100.0,,,,,,,,,,,,,,243.0,66.0
Volo.Abp.AuditLogging.Domain.Shared,10.6.0,ok,,netstandard2.1,lib/netstandard2.1/Volo.Abp.AuditLogging.Domain.Shared.dll,158720.0,104665.0,255435.0,11.0,5.0,21.0,0.0,6.0,0.0,26.0,,,,,,,,,,,,,,67.0,18.0
Microsoft.Authentication.WebAssembly.Msal,10.0.11,ok,,net10.0,lib/net10.0/Microsoft.Authentication.WebAssembly.Msal.dll,22864.0,78912.0,120701.0,4.0,3.0,15.0,0.0,3.0,0.0,18.0,,,,,,,,,,,,,,39.0,8.0
Nethereum.Hex,6.1.0,ok,,netstandard2.0,lib/netstandard2.0/Nethereum.Hex.dll,28304.0,82066.0,152262.0,12.0,44.0,2.0,0.0,10.0,4.0,46.0,,,,,,,,,,,,,,66.0,13.0
FsToolkit.ErrorHandling,5.2.0,ok,,netstandard2.1,lib/netstandard2.1/FsToolkit.ErrorHandling.dll,1556480.0,923102.0,2932072.0,141.0,842.0,34.0,0.0,28.0,53.0,876.0,,,,,,,,,,,,,,5977.0,2190.0
Evolve,3.2.0,ok,,netstandard2.0,lib/netstandard2.0/Evolve.dll,172544.0,127406.0,108248.0,26.0,38.0,236.0,0.0,23.0,12.0,274.0,,,,,,,,,,,,,,1178.0,166.0
Telegram.Bot,22.10.3,ok,,netstandard2.0,lib/netstandard2.0/Telegram.Bot.dll,884224.0,346592.0,3115551.0,704.0,313.0,2936.0,7.0,725.0,120.0,3256.0,,,,,,,,,,,,,,7312.0,962.0
MaterialDesignColors,5.3.2,ok,,net10.0-windows7.0,lib/net10.0-windows7.0/MaterialDesignColors.dll,321536.0,110043.0,153783.0,32.0,21.0,356.0,0.0,28.0,3.0,377.0,,,,,,,,,,,,,,538.0,48.0
DerConverter,3.0.0.82,ok,,netstandard2.0,lib/netstandard2.0/DerConverter.dll,30208.0,65563.0,51727.0,30.0,51.0,25.0,0.0,32.0,2.0,76.0,,,,,,,,,,,,,,224.0,46.0
Volo.Abp.PermissionManagement.Application.Contracts,10.6.0,ok,,netstandard2.1,lib/netstandard2.1/Volo.Abp.PermissionManagement.Application.Contracts.dll,14336.0,71408.0,92649.0,22.0,11.0,44.0,0.0,20.0,0.0,55.0,,,,,,,,,,,,,,121.0,26.0
Xamarin.Firebase.Encoders.JSON,118.0.1.19,ok,,net10.0-android36.0,lib/net10.0-android36.0/Xamarin.Firebase.Encoders.JSON.dll,21304.0,78292.0,87689.0,2.0,0.0,10.0,0.0,1.0,0.0,10.0,,,,,,,,,,,,,,28.0,7.0
SoapCore,1.2.1.14,ok,,netstandard2.1,lib/netstandard2.1/SoapCore.dll,275968.0,196229.0,569701.0,88.0,146.0,274.0,0.0,70.0,0.0,420.0,,,,,,,,,,,,,,1101.0,169.0
MicroCom.Runtime,0.11.6,ok,,netstandard2.0,lib/netstandard2.0/MicroCom.Runtime.dll,15872.0,48416.0,39680.0,8.0,36.0,11.0,0.0,2.0,0.0,47.0,,,,,,,,,,,,,,87.0,17.0
OxyPlot.Core,2014.1.546,ok,,portable-net4%2Bsl4%2Bwp71%2Bwin8,lib/portable-net4%2Bsl4%2Bwp71%2Bwin8/OxyPlot.dll,479744.0,245188.0,530643.0,264.0,911.0,912.0,22.0,225.0,4.0,1845.0,,,,,,,,,,,,,,3422.0,355.0
Accord.Math,3.8.0,ok,,netstandard2.0,lib/netstandard2.0/Accord.Math.dll,2194432.0,591952.0,11405142.0,290.0,9885.0,902.0,5.0,347.0,51.0,10792.0,,,,,,,,,,,,,,12532.0,467.0
NATS.Client.Core,3.2.0,ok,,netstandard2.1,lib/netstandard2.1/NATS.Client.Core.dll,347136.0,207153.0,701425.0,76.0,195.0,376.0,14.0,66.0,25.0,585.0,,,,,,,,,,,,,,1659.0,266.0
MudBlazor,9.9.0,ok,,net10.0,lib/net10.0/MudBlazor.dll,10249728.0,2360640.0,8079480.0,930.0,2974.0,4476.0,26.0,542.0,85.0,7476.0,,,,,,,,,,,,,,18954.0,2276.0
Omnia.Fx,7.11.26,ok,,net9.0,lib/net9.0/Omnia.Fx.dll,1883648.0,670956.0,738626.0,668.0,1775.0,827.0,17.0,209.0,0.0,2619.0,,,,,,,,,,,,,,7988.0,2355.0
Microsoft.SqlServer.Management.SqlParser,180.7.0,ok,,netstandard2.0,lib/netstandard2.0/Microsoft.SqlServer.Management.SqlParser.dll,9240928.0,2710815.0,27094942.0,942.0,6120.0,5310.0,2.0,264.0,2.0,11432.0,,,,,,,,,,,,,,21254.0,2148.0
ABCpdf,14.0.5,ok,,net10.0,lib/net10.0/ABCpdf.NET10.dll,14364520.0,5248336.0,248970000.0,3569.0,14004.0,24009.0,30.0,6809.0,29.0,38043.0,,,,,,,,,,,,,,98813.0,9035.0
Aspose.Slides.NET,26.9.0,ok,,netstandard2.0,lib/netstandard2.0/Aspose.Slides.dll,24541176.0,12002421.0,41689728.0,1414.0,2626.0,5032.0,4.0,357.0,6.0,7662.0,,,,,,,,,,,,,,135490.0,18973.0
IronPdf.Slim,2026.9.2,ok,,netstandard2.0,lib/netstandard2.0/IronPdf.dll,28029184.0,9980062.0,20207283.0,820.0,2525.0,45000.0,64.0,570.0,11.0,47589.0,,,,,,,,,,,,,,146174.0,15971.0
Pulumi.AzureNative,3.27.0,ok,,net6.0,lib/net6.0/Pulumi.AzureNative.dll,39229952.0,9800288.0,17456563.0,37103.0,25569.0,121078.0,0.0,17892.0,11154.0,146647.0,,,,,,,,,,,,,,292363.0,37112.0
Microsoft.Graph,6.5.0,ok,,netstandard2.1,lib/netstandard2.1/Microsoft.Graph.dll,46134072.0,10247478.0,53404732.0,43940.0,64625.0,64318.0,0.0,54416.0,0.0,128943.0,,,,,,,,,,,,,,290141.0,76317.0
Amazon.CDK.Lib,2.268.0,ok,,net6.0,lib/net6.0/Amazon.CDK.Lib.dll,86475296.0,47988186.0,60554571.0,37531.0,12418.0,218080.0,0.0,25492.0,0.0,230498.0,,,,,,,,,,,,,,355100.0,55490.0
Microsoft.NET.Sdk.Maui.Manifest-6.0.200,6.0.200-preview.14.5099,metapackage,,,,,22072.0,22072.0,,,,,,,,,,,,,,,,,,,,,,
Microsoft.NET.Sdk.MacCatalyst.Manifest-6.0.100,15.0.101-preview.11.551,metapackage,,,,,23315.0,23315.0,,,,,,,,,,,,,,,,,,,,,,
OpenTelemetry.Instrumentation.Process,1.18.0-rc.1,ok,,netstandard2.0,lib/netstandard2.0/OpenTelemetry.Instrumentation.Process.dll,20480.0,75370.0,77733.0,1.0,1.0,12.0,0.0,0.0,0.0,13.0,,,,,,,,,,,,,,81.0,17.0
Microsoft.NET.Sdk.iOS.Manifest-6.0.100,15.0.101-preview.11.551,metapackage,,,,,23361.0,23361.0,,,,,,,,,,,,,,,,,,,,,,
Microsoft.NET.Sdk.Android.Manifest-6.0.100,31.0.101-preview.11.117,metapackage,,,,,29832.0,29832.0,,,,,,,,,,,,,,,,,,,,,,
Microsoft.NET.Sdk.Android.Manifest-6.0.200,31.0.200-preview.14.106,metapackage,,,,,29798.0,29798.0,,,,,,,,,,,,,,,,,,,,,,
Microsoft.NET.Sdk.iOS.Manifest-6.0.200,15.2.302-preview.14.122,metapackage,,,,,23370.0,23370.0,,,,,,,,,,,,,,,,,,,,,,
Microsoft.NET.Sdk.MacCatalyst.Manifest-6.0.200,15.2.302-preview.14.122,metapackage,,,,,23316.0,23316.0,,,,,,,,,,,,,,,,,,,,,,
Microsoft.NET.Sdk.tvOS.Manifest-6.0.100,15.0.101-preview.11.551,metapackage,,,,,23269.0,23269.0,,,,,,,,,,,,,,,,,,,,,,
Microsoft.NET.Sdk.macOS.Manifest-6.0.100,12.0.101-preview.11.551,metapackage,,,,,23275.0,23275.0,,,,,,,,,,,,,,,,,,,,,,
Microsoft.NET.Sdk.macOS.Manifest-6.0.200,12.1.302-preview.14.122,metapackage,,,,,23276.0,23276.0,,,,,,,,,,,,,,,,,,,,,,
OpenTelemetry.Instrumentation.EntityFrameworkCore,1.18.0-beta.1,ok,,netstandard2.0,lib/netstandard2.0/OpenTelemetry.Instrumentation.EntityFrameworkCore.dll,73216.0,97495.0,163893.0,4.0,3.0,71.0,0.0,1.0,0.0,74.0,,,,,,,,,,,,,,252.0,57.0
OpenTelemetry.Instrumentation.GrpcNetClient,1.18.0-beta.1,ok,,netstandard2.1,lib/netstandard2.1/OpenTelemetry.Instrumentation.GrpcNetClient.dll,42496.0,85403.0,155028.0,2.0,3.0,13.0,0.0,1.0,0.0,16.0,,,,,,,,,,,,,,129.0,39.0
OpenTelemetry.Exporter.Prometheus.AspNetCore,1.18.0-beta.1,ok,,net10.0,lib/net10.0/OpenTelemetry.Exporter.Prometheus.AspNetCore.dll,92160.0,109146.0,201977.0,9.0,14.0,99.0,0.0,3.0,0.0,113.0,,,,,,,,,,,,,,434.0,52.0
OpenTelemetry.Instrumentation.StackExchangeRedis,1.18.0-beta.1,ok,,netstandard2.0,lib/netstandard2.0/OpenTelemetry.Instrumentation.StackExchangeRedis.dll,51200.0,88493.0,164988.0,4.0,17.0,42.0,0.0,2.0,2.0,59.0,,,,,,,,,,,,,,216.0,44.0
Microsoft.NET.Sdk.Maui.Manifest-6.0.100,6.0.101-preview.11.2349,metapackage,,,,,22077.0,22077.0,,,,,,,,,,,,,,,,,,,,,,
Microsoft.NET.Sdk.tvOS.Manifest-6.0.200,15.2.302-preview.14.122,metapackage,,,,,23277.0,23277.0,,,,,,,,,,,,,,,,,,,,,,
OpenTelemetry.Instrumentation.Quartz,1.18.0-beta.1,ok,,netstandard2.0,lib/netstandard2.0/OpenTelemetry.Instrumentation.Quartz.dll,29696.0,79695.0,94575.0,4.0,2.0,22.0,0.0,1.0,0.0,24.0,,,,,,,,,,,,,,143.0,38.0
Microsoft.ApplicationInsights.JavaScript,1.0.20-build00666,metapackage,,,,,65558.0,95220.0,,,,,,,,,,,,,,,,,,,,,,
Microsoft.Graph.Auth,1.0.0-preview.7,ok,,netstandard1.3,lib/netstandard1.3/Microsoft.Graph.Auth.dll,49544.0,87999.0,72640.0,12.0,14.0,42.0,0.0,9.0,0.0,56.0,,,,,,,,,,,,,,156.0,40.0
SixLabors.Core,1.0.0-beta0008,ok,,netstandard2.0,lib/netstandard2.0/SixLabors.Core.dll,35328.0,80823.0,106146.0,13.0,115.0,41.0,0.0,22.0,53.0,156.0,,,,,,,,,,,,,,352.0,26.0
Lucene.Net.Queries,4.8.0-beta00018,ok,,netstandard2.1,lib/netstandard2.1/Lucene.Net.Queries.dll,93184.0,106588.0,317074.0,75.0,356.0,115.0,0.0,90.0,0.0,471.0,,,,,,,,,,,,,,935.0,143.0
Microsoft.Packaging.Tools,1.0.0-preview2-25401-01,native_only,,,,,65558.0,552060.0,,,,,,,,,,,,,,,,,,,,,,
System.CommandLine.NamingConventionBinder,2.0.0-beta5.25306.1,ok,,netstandard2.0,lib/netstandard2.0/System.CommandLine.NamingConventionBinder.dll,54816.0,92856.0,118420.0,16.0,97.0,43.0,0.0,5.0,0.0,140.0,,,,,,,,,,,,,,266.0,51.0
Lucene.Net.Sandbox,4.8.0-beta00018,ok,,netstandard2.1,lib/netstandard2.1/Lucene.Net.Sandbox.dll,22016.0,77032.0,110523.0,8.0,18.0,15.0,0.0,10.0,0.0,33.0,,,,,,,,,,,,,,85.0,20.0
Microsoft.NET.Sdk.Maui.Manifest-8.0.100-rc.1,8.0.0-rc.1.9171,metapackage,,,,,35612.0,35612.0,,,,,,,,,,,,,,,,,,,,,,
Microsoft.NET.Sdk.Android.Manifest-8.0.100-rc.1,34.0.0-rc.1.432,metapackage,,,,,33946.0,33946.0,,,,,,,,,,,,,,,,,,,,,,
OpenTelemetry.Instrumentation.Wcf,1.18.0-beta.1,ok,,netstandard2.0,lib/netstandard2.0/OpenTelemetry.Instrumentation.Wcf.dll,65024.0,93808.0,189347.0,6.0,13.0,40.0,5.0,4.0,0.0,58.0,,,,,,,,,,,,,,290.0,77.0
Microsoft.NET.Sdk.tvOS.Manifest-8.0.100-rc.1,16.4.8825-net8-rc1,metapackage,,,,,27543.0,27543.0,,,,,,,,,,,,,,,,,,,,,,
OpenTelemetry.Exporter.Prometheus.HttpListener,1.18.0-beta.1,ok,,netstandard2.0,lib/netstandard2.0/OpenTelemetry.Exporter.Prometheus.HttpListener.dll,97280.0,110693.0,325935.0,12.0,11.0,107.0,0.0,4.0,0.0,118.0,,,,,,,,,,,,,,498.0,80.0
Mono.Unix,7.1.0-final.1.21458.1,ok,,netstandard2.1,lib/netstandard2.1/Mono.Unix.dll,189816.0,146619.0,7089824.0,102.0,912.0,153.0,0.0,63.0,32.0,1065.0,,,,,,,,,,,,,,1668.0,145.0
Microsoft.NET.Sdk.macOS.Manifest-8.0.100-rc.1,13.3.8825-net8-rc1,metapackage,,,,,27546.0,27546.0,,,,,,,,,,,,,,,,,,,,,,
Microsoft.NET.Sdk.MacCatalyst.Manifest-8.0.100-rc.1,16.4.8825-net8-rc1,metapackage,,,,,27576.0,27576.0,,,,,,,,,,,,,,,,,,,,,,
Microsoft.NET.Sdk.iOS.Manifest-8.0.100-rc.1,16.4.8825-net8-rc1,metapackage,,,,,27631.0,27631.0,,,,,,,,,,,,,,,,,,,,,,
Microsoft.Azure.Management.ResourceManager,3.17.4-preview,ok,,netstandard2.0,lib/netstandard2.0/Microsoft.Azure.Management.ResourceManager.dll,1317800.0,381984.0,1685637.0,260.0,885.0,804.0,0.0,400.0,0.0,1689.0,,,,,,,,,,,,,,4305.0,859.0
Lucene.Net.Facet,4.8.0-beta00018,ok,,netstandard2.1,lib/netstandard2.1/Lucene.Net.Facet.dll,116736.0,120018.0,453404.0,75.0,226.0,142.0,0.0,92.0,14.0,368.0,,,,,,,,,,,,,,790.0,118.0
Lucene.Net.Grouping,4.8.0-beta00018,ok,,netstandard2.1,lib/netstandard2.1/Lucene.Net.Grouping.dll,59904.0,93130.0,221935.0,47.0,104.0,91.0,0.0,32.0,0.0,195.0,,,,,,,,,,,,,,341.0,76.0
Lucene.Net.QueryParser,4.8.0-beta00018,ok,,netstandard2.1,lib/netstandard2.1/Lucene.Net.QueryParser.dll,215040.0,156356.0,775733.0,225.0,663.0,274.0,0.0,273.0,0.0,937.0,,,,,,,,,,,,,,1575.0,260.0
Lucene.Net.Join,4.8.0-beta00018,ok,,netstandard2.1,lib/netstandard2.1/Lucene.Net.Join.dll,46592.0,85142.0,155837.0,20.0,62.0,40.0,0.0,16.0,0.0,102.0,,,,,,,,,,,,,,265.0,50.0
Lucene.Net.Replicator,4.8.0-beta00018,ok,,netstandard2.1,lib/netstandard2.1/Lucene.Net.Replicator.dll,43520.0,86678.0,183545.0,23.0,84.0,43.0,0.0,23.0,0.0,127.0,,,,,,,,,,,,,,216.0,36.0
OpenTelemetry.Instrumentation.Hangfire,1.18.0-beta.1,ok,,netstandard2.0,lib/netstandard2.0/OpenTelemetry.Instrumentation.Hangfire.dll,36864.0,71284.0,54913.0,8.0,6.0,19.0,0.0,2.0,0.0,25.0,,,,,,,,,,,,,,152.0,44.0
OpenTelemetry.Instrumentation.EventCounters,1.18.0-alpha.1,ok,,netstandard2.0,lib/netstandard2.0/OpenTelemetry.Instrumentation.EventCounters.dll,19456.0,51115.0,41490.0,2.0,2.0,3.0,0.0,1.0,0.0,5.0,,,,,,,,,,,,,,57.0,18.0
OpenTelemetry.Resources.Container,1.18.0-beta.1,ok,,netstandard2.0,lib/netstandard2.0/OpenTelemetry.Resources.Container.dll,19968.0,75224.0,80990.0,3.0,1.0,15.0,0.0,0.0,0.0,16.0,,,,,,,,,,,,,,92.0,23.0
OpenTelemetry.Resources.Host,1.18.0-beta.1,ok,,netstandard2.0,lib/netstandard2.0/OpenTelemetry.Resources.Host.dll,17920.0,74775.0,89733.0,1.0,1.0,3.0,0.0,0.0,0.0,4.0,,,,,,,,,,,,,,49.0,16.0
OpenTelemetry.Resources.ProcessRuntime,1.18.0-beta.1,ok,,netstandard2.0,lib/netstandard2.0/OpenTelemetry.Resources.ProcessRuntime.dll,16384.0,73430.0,84817.0,1.0,1.0,12.0,0.0,0.0,0.0,13.0,,,,,,,,,,,,,,60.0,13.0
System.CommandLine.Rendering,0.4.0-alpha.25306.1,ok,,netstandard2.0,lib/netstandard2.0/System.CommandLine.Rendering.dll,85048.0,106904.0,90760.0,68.0,187.0,206.0,2.0,52.0,1.0,395.0,,,,,,,,,,,,,,674.0,108.0
Octokit.GraphQL,0.4.0-beta,ok,,netstandard2.0,lib/netstandard2.0/Octokit.GraphQL.dll,1472512.0,460741.0,642761.0,1546.0,1020.0,6888.0,0.0,375.0,0.0,7908.0,,,,,,,,,,,,,,13593.0,3000.0
Xamarin.UITest,4.4.2,ok,,net8.0,lib/net8.0/Xamarin.UITest.dll,18409016.0,17555249.0,97770665.0,61.0,434.0,606.0,0.0,30.0,6.0,1040.0,,,,,,,,,,,,,,3079.0,566.0
Amazon.CDK.Asset.AwsCliV1,2.2.294,ok,,net6.0,lib/net6.0/Amazon.CDK.Asset.AwsCliV1.dll,21157376.0,21226922.0,21176878.0,2.0,0.0,0.0,0.0,2.0,0.0,0.0,,,,,,,,,,,,,,2.0,3.0
elasticsearch-inside,6.6.1,ok,,net461,lib/net461/ElasticsearchInside.dll,202528768.0,188175570.0,188121297.0,7.0,25.0,18.0,0.0,4.0,0.0,43.0,,,,,,,,,,,,,,156.0,32.0
Microsoft.Azure.Common.Dependencies,1.0.0,metapackage,,,,,12923.0,12923.0,,,,,,,,,,,,,,,,,,,,,,
Microsoft.CodeAnalysis.ResxSourceGenerator,5.0.0-1.25277.114,tools_only,,,,,65558.0,614463.0,,,,,,,,,,,,,,,,,,,,,,
xRetry,1.9.0,ok,lib,netstandard2.0,lib/netstandard2.0/xRetry.dll,16896.0,39816.0,31480.0,13.0,19.0,10.0,0.0,14.0,0.0,29.0,10.0,3.0,5.0,4.0,21.0,3.0,9.0,0.0,1.0,4.0,3.0,44.0,20.0,63.0,20.0
Microsoft.VisualStudio.Imaging.Interop.14.0.DesignTime,17.14.40254,ok,lib,netstandard2.0,lib/netstandard2.0/Microsoft.VisualStudio.Imaging.Interop.14.0.DesignTime.dll,22264.0,78681.0,106799.0,10.0,0.0,1.0,0.0,0.0,0.0,1.0,0.0,0.0,0.0,0.0,1.0,1.0,0.0,0.0,1.0,1.0,9.0,51.0,11.0,1.0,11.0
Hardcodet.NotifyIcon.Wpf,2.0.1,ok,lib,net8.0-windows7.0,lib/net8.0-windows7.0/Hardcodet.NotifyIcon.Wpf.dll,123904.0,155853.0,544090.0,22.0,66.0,48.0,24.0,5.0,0.0,138.0,93.0,25.0,46.0,26.0,11.0,0.0,2.0,0.0,0.0,3.0,19.0,241.0,37.0,336.0,37.0
UTF.Unknown,2.7.0,ok,lib,netstandard2.0,lib/netstandard2.0/UtfUnknown.dll,256000.0,174291.0,476949.0,175.0,119.0,18.0,0.0,178.0,0.0,137.0,175.0,13.0,6.0,18.0,87.0,7.0,0.0,0.0,0.0,33.0,1.0,601.0,214.0,506.0,214.0
ZooKeeperNetEx,3.4.12.4,ok,lib,netstandard2.0,lib/netstandard2.0/ZooKeeperNetEx.dll,236544.0,229339.0,291728.0,54.0,79.0,35.0,0.0,32.0,0.0,114.0,216.0,10.0,183.0,24.0,7.0,3.0,0.0,0.0,1.0,11.0,13.0,675.0,178.0,880.0,178.0
Xamarin.Android.Support.v7.Palette,28.0.0.3,ok,lib,monoandroid60,lib/monoandroid60/Xamarin.Android.Support.v7.Palette.dll,45208.0,82434.0,212859.0,9.0,39.0,51.0,0.0,7.0,0.0,90.0,9.0,18.0,13.0,12.0,14.0,2.0,0.0,0.0,2.0,2.0,6.0,101.0,16.0,125.0,16.0
CommunityToolkit.Maui,15.0.1,ok,lib,net10.0,lib/net10.0/CommunityToolkit.Maui.dll,531280.0,333965.0,1799992.0,149.0,273.0,449.0,21.0,123.0,4.0,743.0,677.0,139.0,275.0,73.0,418.0,45.0,94.0,0.0,5.0,32.0,32.0,1383.0,434.0,2415.0,434.0
Finbuckle.MultiTenant.AspNetCore,10.1.3,ok,lib,net10.0,lib/net10.0/Finbuckle.MultiTenant.AspNetCore.dll,46080.0,77394.0,56649.0,21.0,57.0,8.0,0.0,18.0,0.0,65.0,36.0,0.0,21.0,30.0,29.0,1.0,13.0,0.0,1.0,5.0,5.0,128.0,47.0,159.0,47.0
Microsoft.VisualStudio.Text.Data,17.14.249,ok,lib,netstandard2.0,lib/netstandard2.0/Microsoft.VisualStudio.Text.Data.dll,129040.0,114568.0,367392.0,116.0,326.0,244.0,20.0,50.0,30.0,590.0,83.0,2.0,42.0,53.0,410.0,336.0,19.0,0.0,64.0,67.0,35.0,274.0,152.0,877.0,152.0
Microsoft.VisualStudio.Telemetry,17.14.18,ok,lib,netstandard2.0,lib/netstandard2.0/Microsoft.VisualStudio.Telemetry.dll,1026616.0,439974.0,1142591.0,173.0,394.0,1460.0,21.0,90.0,0.0,1875.0,1292.0,250.0,929.0,68.0,367.0,163.0,128.0,0.0,50.0,67.0,76.0,4315.0,1242.0,6630.0,1242.0
WindowsAPICodePack-Core,1.1.2,ok,lib,,lib/Microsoft.WindowsAPICodePack.dll,98304.0,106225.0,70294.0,59.0,62.0,201.0,11.0,69.0,2.0,274.0,101.0,24.0,188.0,50.0,36.0,4.0,5.0,0.0,1.0,9.0,33.0,725.0,104.0,676.0,104.0
Microsoft.VisualStudio.Shell.Framework,17.14.40264,ok,lib,netstandard2.0,lib/netstandard2.0/Microsoft.VisualStudio.Shell.Framework.dll,331848.0,198779.0,912509.0,314.0,364.0,317.0,16.0,102.0,26.0,697.0,142.0,54.0,112.0,87.0,481.0,364.0,12.0,0.0,148.0,199.0,126.0,3779.0,394.0,1277.0,394.0
Xamarin.GooglePlayServices.Maps,120.0.0.3,ok,lib,net10.0-android36.0,lib/net10.0-android36.0/Xamarin.GooglePlayServices.Maps.dll,532792.0,188403.0,758838.0,169.0,411.0,875.0,30.0,123.0,0.0,1316.0,943.0,293.0,265.0,92.0,491.0,82.0,10.0,0.0,46.0,58.0,59.0,699.0,338.0,3056.0,338.0
Volo.Abp.Identity.Domain,10.6.0,ok,lib,net10.0,lib/net10.0/Volo.Abp.Identity.Domain.dll,256512.0,161738.0,167803.0,75.0,383.0,246.0,0.0,83.0,0.0,629.0,298.0,220.0,78.0,16.0,620.0,92.0,6.0,0.0,11.0,18.0,4.0,1347.0,254.0,1288.0,254.0
MsgReader,6.1.1,ok,lib,netstandard2.1,lib/netstandard2.1/MsgReader.dll,433664.0,230491.0,1760234.0,54.0,66.0,593.0,0.0,14.0,2.0,659.0,283.0,16.0,297.0,17.0,24.0,8.0,5.0,0.0,3.0,8.0,32.0,2971.0,156.0,1303.0,156.0
Cake.Git,5.0.1,ok,lib,net9.0,lib/net9.0/Cake.Git.dll,46080.0,84565.0,13070055.0,13.0,66.0,32.0,0.0,4.0,0.0,98.0,8.0,0.0,82.0,61.0,5.0,0.0,0.0,0.0,0.0,1.0,10.0,179.0,60.0,245.0,60.0
Microsoft.VisualStudio.CoreUtility,17.14.275,ok,lib,netstandard2.0,lib/netstandard2.0/Microsoft.VisualStudio.CoreUtility.dll,197472.0,136006.0,305589.0,74.0,173.0,159.0,2.0,39.0,3.0,334.0,198.0,21.0,107.0,17.0,122.0,96.0,19.0,0.0,26.0,33.0,38.0,379.0,208.0,1027.0,208.0
Websocket.Client,5.5.0,ok,lib,netstandard2.1,lib/netstandard2.1/Websocket.Client.dll,54272.0,88837.0,269949.0,10.0,42.0,60.0,0.0,12.0,0.0,102.0,91.0,0.0,4.0,5.0,93.0,46.0,46.0,0.0,1.0,1.0,2.0,246.0,46.0,258.0,46.0
Microsoft.CodeAnalysis.Compilers,5.9.0,metapackage,,,,,31463.0,31463.0,,,,,,,,,,,,,,,,,,,,,,
Lamar.Microsoft.DependencyInjection,16.0.0,ok,lib,net10.0,lib/net10.0/Lamar.Microsoft.DependencyInjection.dll,9728.0,27991.0,23429.0,2.0,8.0,0.0,0.0,1.0,0.0,8.0,2.0,0.0,14.0,5.0,3.0,0.0,3.0,0.0,0.0,1.0,1.0,15.0,8.0,30.0,8.0
Azure.ResourceManager.KeyVault,1.4.0,ok,lib,netstandard2.0,lib/netstandard2.0/Azure.ResourceManager.KeyVault.dll,758344.0,286925.0,878684.0,103.0,548.0,596.0,0.0,86.0,88.0,1144.0,1123.0,408.0,424.0,293.0,470.0,0.0,33.0,0.0,0.0,2.0,40.0,2573.0,529.0,3617.0,529.0
Costura.Fody,6.2.0,ok,lib,netstandard2.0,lib/netstandard2.0/Costura.dll,5120.0,68408.0,245231.0,1.0,1.0,0.0,0.0,0.0,0.0,1.0,0.0,0.0,0.0,1.0,0.0,0.0,0.0,0.0,0.0,1.0,1.0,1.0,5.0,5.0,5.0
YamlDotNet.NetCore,1.0.0,ok,lib,netstandard1.0,lib/netstandard1.0/YamlDotNet.NetCore.dll,172032.0,136089.0,81052.0,167.0,313.0,222.0,2.0,213.0,4.0,537.0,361.0,44.0,117.0,22.0,290.0,87.0,69.0,0.0,25.0,39.0,76.0,557.0,270.0,1473.0,270.0
SmartFormat,3.6.1,ok,lib,netstandard2.1,lib/netstandard2.1/SmartFormat.dll,175616.0,139990.0,578973.0,82.0,376.0,296.0,3.0,68.0,0.0,675.0,231.0,21.0,173.0,41.0,222.0,36.0,122.0,0.0,10.0,19.0,18.0,492.0,179.0,1368.0,179.0
SQLitePCLRaw.provider.e_sqlite3.net45,1.1.14,ok,lib,net45,lib/net45/SQLitePCLRaw.provider.e_sqlite3.dll,39936.0,45858.0,29353.0,17.0,45.0,12.0,0.0,16.0,0.0,57.0,146.0,0.0,67.0,0.0,45.0,0.0,0.0,0.0,0.0,1.0,17.0,88.0,39.0,417.0,39.0
Microsoft.Bot.Builder.Integration.AspNet.Core,4.23.1,ok,lib,netstandard2.0,lib/netstandard2.0/Microsoft.Bot.Builder.Integration.AspNet.Core.dll,86088.0,104390.0,168267.0,15.0,50.0,5.0,0.0,17.0,0.0,55.0,95.0,13.0,3.0,10.0,39.0,2.0,2.0,0.0,1.0,6.0,5.0,336.0,65.0,194.0,65.0
GitVersion.MsBuild,6.8.2,tools_only,,,,,65558.0,35120224.0,,,,,,,,,,,,,,,,,,,,,,
WindowsAPICodePack-Shell,1.1.1,ok,lib,,lib/Microsoft.WindowsAPICodePack.Shell.dll,542208.0,243136.0,344543.0,223.0,256.0,2209.0,58.0,112.0,12.0,2523.0,285.0,82.0,477.0,857.0,216.0,28.0,98.0,0.0,3.0,59.0,102.0,1750.0,424.0,4087.0,424.0
ControlzEx,7.0.4,ok,lib,net8.0-windows7.0,lib/net8.0-windows7.0/ControlzEx.dll,502128.0,415645.0,1242968.0,65.0,228.0,266.0,10.0,39.0,2.0,504.0,297.0,72.0,227.0,108.0,134.0,19.0,30.0,0.0,1.0,18.0,34.0,1239.0,183.0,1482.0,183.0
MathNet.Numerics.FSharp,5.0.0,ok,lib,netstandard2.0,lib/netstandard2.0/MathNet.Numerics.FSharp.dll,492544.0,213762.0,806458.0,30.0,635.0,49.0,0.0,3.0,20.0,684.0,60.0,0.0,232.0,634.0,30.0,0.0,24.0,8.0,0.0,26.0,28.0,230.0,232.0,1171.0,232.0
JsonSchema.Net.Generation,7.3.11,ok,lib,netstandard2.0,lib/netstandard2.0/JsonSchema.Net.Generation.dll,206848.0,149506.0,644563.0,94.0,68.0,306.0,0.0,105.0,0.0,374.0,283.0,2.0,207.0,15.0,116.0,10.0,99.0,0.0,7.0,16.0,12.0,589.0,289.0,1386.0,289.0
Microsoft.Owin.SelfHost,4.2.3,metapackage,,,,,34145.0,34145.0,,,,,,,,,,,,,,,,,,,,,,
Mono.Options,6.12.0.148,ok,lib,netstandard2.0,lib/netstandard2.0/Mono.Options.dll,38912.0,84039.0,149022.0,12.0,71.0,44.0,0.0,17.0,0.0,115.0,81.0,24.0,15.0,3.0,35.0,4.0,13.0,0.0,0.0,2.0,2.0,95.0,31.0,249.0,31.0
Microsoft-WindowsAPICodePack-Core,1.1.5,ok,lib,net7.0-windows7.0,lib/net7.0-windows7.0/Microsoft.WindowsAPICodePack.dll,103936.0,109174.0,497918.0,60.0,62.0,203.0,11.0,69.0,2.0,276.0,107.0,25.0,189.0,50.0,36.0,4.0,5.0,0.0,1.0,9.0,34.0,750.0,110.0,689.0,110.0
RazorEngineCore,2026.1.1,ok,lib,netstandard2.0,lib/netstandard2.0/RazorEngineCore.dll,38400.0,83251.0,141130.0,18.0,78.0,26.0,0.0,15.0,0.0,104.0,42.0,13.0,10.0,13.0,73.0,37.0,25.0,0.0,5.0,9.0,1.0,133.0,46.0,206.0,46.0
StructureMap.Microsoft.DependencyInjection,2.0.0,ok,lib,netstandard2.0,lib/netstandard2.0/StructureMap.Microsoft.DependencyInjection.dll,13312.0,27557.0,20934.0,4.0,14.0,8.0,0.0,2.0,0.0,22.0,10.0,0.0,6.0,8.0,4.0,0.0,4.0,0.0,0.0,2.0,3.0,17.0,16.0,52.0,16.0
PInvoke.NCrypt,0.7.124,ok,lib,netstandard2.0,lib/netstandard2.0/PInvoke.NCrypt.dll,47680.0,88808.0,142544.0,47.0,94.0,18.0,0.0,12.0,0.0,112.0,13.0,6.0,0.0,90.0,7.0,0.0,1.0,0.0,0.0,6.0,41.0,327.0,50.0,143.0,50.0
Microsoft.WindowsDesktop.App.Runtime.win-arm64,10.0.12,native_only,,,,,65558.0,35329143.0,,,,,,,,,,,,,,,,,,,,,,
EasyCaching.InMemory,1.9.2,ok,lib,netstandard2.0,lib/netstandard2.0/EasyCaching.InMemory.dll,50688.0,88479.0,93974.0,8.0,74.0,17.0,2.0,6.0,0.0,93.0,49.0,0.0,50.0,4.0,75.0,20.0,20.0,0.0,1.0,3.0,2.0,131.0,50.0,249.0,50.0
Microsoft.VisualStudio.Interop,17.14.40260,ok,lib,netstandard2.0,lib/netstandard2.0/Microsoft.VisualStudio.Interop.dll,2111528.0,701641.0,2666909.0,3589.0,8762.0,5088.0,156.0,176.0,0.0,14006.0,218.0,61.0,32.0,0.0,16083.0,15427.0,68.0,0.0,2157.0,2190.0,1334.0,8671.0,3636.0,16776.0,3636.0
Google.Apis.YouTube.v3,1.76.0.4249,ok,lib,netstandard2.0,lib/netstandard2.0/Google.Apis.YouTube.v3.dll,343040.0,179359.0,672044.0,389.0,213.0,2045.0,0.0,342.0,0.0,2258.0,156.0,117.0,0.0,0.0,3857.0,0.0,0.0,0.0,0.0,2.0,48.0,2008.0,390.0,4356.0,390.0
SkiaSharp.Views.Forms,2.88.9,ok,ref,netstandard2.0,ref/netstandard2.0/SkiaSharp.Views.Forms.dll,36408.0,83940.0,547322.0,16.0,34.0,37.0,19.0,16.0,7.0,90.0,42.0,10.0,0.0,20.0,29.0,14.0,0.0,0.0,2.0,3.0,8.0,68.0,34.0,185.0,34.0
Microsoft.Graphics.Win2D,1.4.0,ok,lib,net6.0-windows10.0.19041.0,lib/net6.0-windows10.0.19041.0/Microsoft.Graphics.Canvas.Interop.dll,1193504.0,383145.0,2970072.0,372.0,3382.0,2816.0,33.0,140.0,272.0,6231.0,2640.0,48.0,1953.0,2276.0,1434.0,87.0,1068.0,0.0,12.0,26.0,359.0,2175.0,1342.0,12157.0,1342.0
AspNetCoreRateLimit.Redis,2.0.0,ok,lib,net6.0,lib/net6.0/AspNetCoreRateLimit.Redis.dll,22528.0,48933.0,31093.0,2.0,3.0,3.0,0.0,1.0,0.0,6.0,5.0,0.0,0.0,1.0,1.0,0.0,0.0,0.0,0.0,1.0,1.0,23.0,6.0,16.0,6.0
Avalonia.Controls.DataGrid,12.1.2,ok,lib,net10.0,lib/net10.0/Avalonia.Controls.DataGrid.dll,367104.0,206287.0,381282.0,70.0,219.0,484.0,48.0,54.0,4.0,751.0,658.0,130.0,569.0,46.0,222.0,39.0,47.0,0.0,2.0,14.0,23.0,801.0,176.0,2247.0,176.0
PInvoke.BCrypt,0.7.124,ok,lib,netstandard2.0,lib/netstandard2.0/PInvoke.BCrypt.dll,53824.0,90318.0,168575.0,68.0,124.0,21.0,0.0,11.0,0.0,145.0,29.0,6.0,0.0,118.0,10.0,0.0,2.0,0.0,0.0,5.0,62.0,346.0,72.0,195.0,72.0
Acornima,1.8.0,ok,lib,netstandard2.1,lib/netstandard2.1/Acornima.dll,366592.0,205653.0,638655.0,169.0,489.0,553.0,0.0,131.0,14.0,1042.0,409.0,271.0,451.0,76.0,421.0,52.0,75.0,0.0,11.0,36.0,133.0,974.0,252.0,2066.0,252.0
Microsoft.Windows.SDK.Contracts,10.0.28000.2705,metapackage,,,,,65558.0,3781714.0,,,,,,,,,,,,,,,,,,,,,,
Microsoft-WindowsAPICodePack-Shell,1.1.5,ok,lib,net7.0-windows7.0,lib/net7.0-windows7.0/Microsoft.WindowsAPICodePack.Shell.dll,514048.0,245494.0,2680617.0,227.0,260.0,2210.0,58.0,112.0,12.0,2528.0,275.0,82.0,520.0,857.0,220.0,32.0,98.0,0.0,7.0,63.0,102.0,1815.0,456.0,4145.0,456.0
Microsoft.TeamFoundationServer.ExtendedClient,20.256.2,ok,lib,net472,lib/net472/Microsoft.TeamFoundation.Diff.dll,35864.0,86705.0,6906692.0,9.0,22.0,21.0,0.0,5.0,0.0,43.0,16.0,11.0,1.0,6.0,13.0,9.0,0.0,0.0,1.0,3.0,4.0,68.0,20.0,83.0,20.0
Microsoft.AspNetCore.Grpc.JsonTranscoding,10.0.12,ok,lib,net10.0,lib/net10.0/Microsoft.AspNetCore.Grpc.JsonTranscoding.dll,153384.0,134913.0,114435.0,5.0,2.0,95.0,0.0,4.0,0.0,97.0,147.0,25.0,68.0,2.0,0.0,0.0,0.0,0.0,0.0,1.0,5.0,488.0,120.0,501.0,120.0
Microsoft.VisualStudio.RemoteControl,16.3.52,ok,lib,netstandard2.0,lib/netstandard2.0/Microsoft.VisualStudio.RemoteControl.dll,47024.0,89108.0,108099.0,3.0,5.0,16.0,0.0,1.0,0.0,21.0,47.0,0.0,20.0,4.0,9.0,4.0,5.0,0.0,1.0,1.0,1.0,130.0,24.0,97.0,24.0
ServiceStack.OrmLite.SqlServer,10.1.4,ok,lib,net10.0,lib/net10.0/ServiceStack.OrmLite.SqlServer.dll,74240.0,107724.0,178382.0,37.0,113.0,39.0,0.0,28.0,0.0,152.0,26.0,18.0,12.0,23.0,121.0,0.0,0.0,0.0,0.0,9.0,9.0,80.0,50.0,227.0,50.0
Castle.LoggingFacility.MsLogging,3.1.0,ok,lib,netstandard2.0,lib/netstandard2.0/Castle.LoggingFacility.MsLogging.dll,7680.0,19395.0,15811.0,4.0,9.0,0.0,0.0,2.0,0.0,9.0,2.0,0.0,0.0,4.0,5.0,0.0,5.0,0.0,0.0,2.0,2.0,4.0,6.0,15.0,6.0
Microsoft.Azure.Management.DataFactory,9.3.0,ok,lib,netstandard2.0,lib/netstandard2.0/Microsoft.Azure.Management.DataFactory.dll,1362328.0,418927.0,2265886.0,864.0,741.0,2706.0,0.0,1462.0,0.0,3447.0,711.0,5.0,29.0,256.0,576.0,155.0,16.0,0.0,23.0,145.0,124.0,6152.0,1129.0,8235.0,1129.0
Microsoft.CognitiveServices.Speech,1.51.2,ok,lib,netstandard2.0,lib/netstandard2.0/Microsoft.CognitiveServices.Speech.csharp.dll,227128.0,151934.0,53913241.0,134.0,375.0,253.0,86.0,75.0,0.0,714.0,326.0,54.0,254.0,106.0,129.0,3.0,19.0,0.0,0.0,10.0,90.0,944.0,263.0,1927.0,263.0
Microsoft.Azure.Management.Sql,3.1.0-preview,ok,lib,netstandard2.0,lib/netstandard2.0/Microsoft.Azure.Management.Sql.dll,3510672.0,848497.0,3903059.0,615.0,2277.0,1743.0,0.0,512.0,0.0,4020.0,3889.0,5.0,228.0,1463.0,1096.0,865.0,17.0,0.0,126.0,328.0,236.0,20576.0,2235.0,10016.0,2235.0
Microsoft.VisualStudio.Shell.Interop,17.14.40260,ok,lib,netstandard2.0,lib/netstandard2.0/Microsoft.VisualStudio.Shell.Interop.dll,36392.0,82357.0,163580.0,0.0,0.0,0.0,0.0,0.0,0.0,0.0,0.0,0.0,0.0,0.0,0.0,0.0,0.0,0.0,0.0,0.0,0.0,0.0,1.0,0.0,1.0
NATS.Net,3.2.0,ok,lib,netstandard2.1,lib/netstandard2.1/NATS.Net.dll,5632.0,42039.0,38994.0,0.0,0.0,0.0,0.0,0.0,0.0,0.0,0.0,0.0,0.0,0.0,0.0,0.0,0.0,0.0,0.0,0.0,0.0,0.0,1.0,0.0,1.0
Cake.Common,6.2.0,ok,lib,net10.0,lib/net10.0/Cake.Common.dll,934920.0,371174.0,1875720.0,631.0,1192.0,2226.0,0.0,461.0,16.0,3418.0,647.0,240.0,390.0,696.0,320.0,107.0,117.0,0.0,20.0,134.0,484.0,3160.0,906.0,6765.0,906.0
Twitter.Bootstrap,3.0.1.1,metapackage,,,,,13441.0,13441.0,,,,,,,,,,,,,,,,,,,,,,
Microsoft.VisualStudio.Imaging,17.14.40264,ok,lib,net8.0-windows8.0,lib/net8.0-windows8.0/Microsoft.VisualStudio.Imaging.dll,213064.0,162068.0,558643.0,52.0,138.0,215.0,8.0,50.0,2.0,361.0,250.0,93.0,224.0,105.0,35.0,0.0,2.0,0.0,0.0,4.0,23.0,763.0,213.0,1216.0,213.0
BrotliSharpLib,0.3.3,ok,lib,netstandard2.0,lib/netstandard2.0/BrotliSharpLib.dll,1324032.0,460043.0,3189838.0,57.0,12.0,11.0,0.0,2.0,0.0,23.0,404.0,3.0,11.0,2.0,13.0,0.0,0.0,0.0,0.0,1.0,56.0,883.0,183.0,732.0,183.0
Microsoft.VisualStudio.TextManager.Interop,17.14.40260,ok,lib,netstandard2.0,lib/netstandard2.0/Microsoft.VisualStudio.TextManager.Interop.dll,25648.0,79110.0,150260.0,0.0,0.0,0.0,0.0,0.0,0.0,0.0,0.0,0.0,0.0,0.0,0.0,0.0,0.0,0.0,0.0,0.0,0.0,0.0,1.0,0.0,1.0
Microsoft.ServiceHub.Framework,4.8.55,ok,lib,netstandard2.0,lib/netstandard2.0/Microsoft.ServiceHub.Framework.dll,653328.0,292167.0,1193583.0,66.0,171.0,191.0,24.0,42.0,6.0,386.0,319.0,48.0,172.0,30.0,146.0,49.0,33.0,0.0,18.0,28.0,26.0,4455.0,284.0,1174.0,284.0
NUnitLite,4.6.1,ok,lib,net8.0,lib/net8.0/nunitlite.dll,84480.0,101984.0,146714.0,32.0,124.0,93.0,0.0,39.0,2.0,217.0,186.0,21.0,9.0,8.0,70.0,9.0,22.0,0.0,0.0,4.0,5.0,172.0,43.0,458.0,43.0
Pidgin,3.5.1,ok,lib,net7.0,lib/net7.0/Pidgin.dll,132608.0,123925.0,99546.0,45.0,271.0,114.0,0.0,23.0,28.0,385.0,98.0,11.0,160.0,164.0,75.0,6.0,36.0,0.0,4.0,15.0,24.0,397.0,190.0,890.0,190.0
Microsoft.Azure.Management.KeyVault,3.1.0,ok,lib,netstandard2.0,lib/netstandard2.0/Microsoft.Azure.Management.KeyVault.dll,198528.0,128797.0,336673.0,64.0,124.0,167.0,0.0,86.0,0.0,291.0,208.0,5.0,20.0,75.0,89.0,54.0,15.0,0.0,6.0,20.0,19.0,1099.0,148.0,744.0,148.0
NPoco.SqlServer,6.3.0,ok,lib,netstandard2.1,lib/netstandard2.1/NPoco.SqlServer.dll,22528.0,77003.0,70160.0,9.0,30.0,8.0,0.0,8.0,0.0,38.0,12.0,2.0,4.0,9.0,33.0,4.0,0.0,0.0,1.0,2.0,1.0,39.0,20.0,76.0,20.0
Microsoft.VisualStudio.Shell.15.0,17.14.40264,ok,lib,net8.0-windows8.0,lib/net8.0-windows8.0/Microsoft.VisualStudio.Shell.15.0.dll,2352200.0,837251.0,3146785.0,802.0,2309.0,6256.0,142.0,667.0,33.0,8707.0,2731.0,861.0,773.0,4898.0,1740.0,316.0,370.0,0.0,71.0,241.0,362.0,8651.0,1441.0,14293.0,1441.0
Testcontainers.MongoDb,4.15.0,ok,lib,netstandard2.1,lib/netstandard2.1/Testcontainers.MongoDb.dll,31232.0,86073.0,211997.0,3.0,12.0,7.0,0.0,9.0,0.0,19.0,20.0,11.0,5.0,0.0,7.0,0.0,0.0,0.0,0.0,0.0,3.0,63.0,21.0,66.0,21.0
Mediator.SourceGenerator,3.0.2,tools_only,,,,,65558.0,687057.0,,,,,,,,,,,,,,,,,,,,,,
Microsoft.IO.Redist,6.1.3,ok,lib,net472,lib/net472/Microsoft.IO.Redist.dll,131888.0,127437.0,115698.0,30.0,241.0,109.0,0.0,10.0,0.0,350.0,110.0,17.0,201.0,165.0,29.0,2.0,5.0,0.0,0.0,7.0,26.0,634.0,122.0,735.0,122.0
Avalonia.Themes.Fluent,12.1.2,ok,lib,net10.0,lib/net10.0/Avalonia.Themes.Fluent.dll,733184.0,186707.0,273286.0,7.0,25.0,61.0,0.0,4.0,0.0,86.0,134.0,6.0,8.0,16.0,8.0,0.0,0.0,0.0,0.0,0.0,1.0,114.0,39.0,2263.0,39.0
PCLCrypto,2.0.147,ok,lib,net45,lib/net45/PCLCrypto.dll,64000.0,94472.0,316680.0,45.0,82.0,119.0,0.0,3.0,0.0,201.0,47.0,98.0,67.0,32.0,94.0,75.0,2.0,0.0,22.0,28.0,21.0,252.0,107.0,481.0,107.0
Microsoft.Agents.AI.Abstractions,1.20.0,ok,lib,netstandard2.0,lib/netstandard2.0/Microsoft.Agents.AI.Abstractions.dll,270136.0,159284.0,656065.0,33.0,93.0,216.0,0.0,37.0,4.0,309.0,285.0,41.0,590.0,28.0,51.0,5.0,2.0,0.0,0.0,12.0,21.0,1010.0,138.0,1396.0,138.0
Accord.Statistics,3.8.0,ok,lib,netstandard2.0,lib/netstandard2.0/Accord.Statistics.dll,882688.0,386950.0,7042892.0,561.0,3086.0,2049.0,8.0,864.0,2.0,5143.0,956.0,537.0,202.0,544.0,2839.0,273.0,1143.0,0.0,77.0,134.0,107.0,1960.0,682.0,7817.0,682.0
ClientDependency,1.9.10,ok,lib,net45,lib/net45/ClientDependency.Core.dll,151552.0,127091.0,495523.0,87.0,251.0,189.0,10.0,73.0,0.0,450.0,147.0,96.0,157.0,63.0,234.0,54.0,64.0,0.0,11.0,29.0,16.0,350.0,165.0,1034.0,165.0
Quartz.Plugins.TimeZoneConverter,4.0.1,ok,lib,net10.0,lib/net10.0/Quartz.Plugins.TimeZoneConverter.dll,7680.0,38697.0,34720.0,1.0,1.0,0.0,0.0,0.0,0.0,1.0,1.0,0.0,2.0,1.0,0.0,0.0,0.0,0.0,0.0,1.0,1.0,3.0,4.0,5.0,4.0
NAudio.Wasapi,22.0.0,ok,lib,netstandard2.0,lib/netstandard2.0/NAudio.Wasapi.dll,179200.0,141703.0,277219.0,156.0,516.0,263.0,6.0,52.0,0.0,785.0,138.0,24.0,74.0,36.0,444.0,315.0,90.0,0.0,25.0,36.0,68.0,1471.0,260.0,1343.0,260.0
Microsoft.VisualStudio.Utilities.Internal,16.3.90,ok,lib,netstandard2.0,lib/netstandard2.0/Microsoft.VisualStudio.Utilities.Internal.dll,62384.0,96767.0,155431.0,24.0,106.0,38.0,0.0,7.0,0.0,144.0,44.0,0.0,43.0,32.0,91.0,35.0,56.0,0.0,6.0,14.0,15.0,227.0,69.0,304.0,69.0
Microsoft.Azure.Management.Network,26.0.0,ok,lib,netstandard2.0,lib/netstandard2.0/Microsoft.Azure.Management.Network.dll,4902336.0,1165304.0,5549729.0,1035.0,3271.0,3217.0,0.0,1153.0,0.0,6488.0,5224.0,5.0,144.0,2075.0,1491.0,1179.0,41.0,0.0,132.0,459.0,330.0,28028.0,3249.0,16048.0,3249.0
CommonMark.NET,0.15.1,ok,lib,netstandard1.0,lib/netstandard1.0/CommonMark.dll,151040.0,124627.0,918317.0,24.0,34.0,80.0,0.0,25.0,0.0,114.0,80.0,16.0,35.0,10.0,4.0,0.0,0.0,0.0,0.0,1.0,21.0,228.0,54.0,386.0,54.0
Microsoft.ILVerification,10.0.12,ok,lib,netstandard2.0,lib/netstandard2.0/ILVerification.dll,275752.0,190500.0,167838.0,151.0,582.0,565.0,0.0,74.0,5.0,1147.0,526.0,143.0,75.0,140.0,624.0,105.0,28.0,0.0,4.0,40.0,98.0,1213.0,227.0,1951.0,227.0
MvvmCross,10.1.2,ok,lib,net10.0,lib/net10.0/MvvmCross.dll,470000.0,297968.0,4772526.0,425.0,1614.0,388.0,41.0,310.0,14.0,2043.0,307.0,809.0,187.0,245.0,1538.0,453.0,337.0,0.0,124.0,219.0,53.0,921.0,603.0,3200.0,603.0
Pgvector,0.3.2,ok,lib,netstandard2.0,lib/netstandard2.0/Pgvector.dll,18944.0,55821.0,46615.0,6.0,23.0,6.0,0.0,9.0,4.0,29.0,14.0,1.0,5.0,5.0,19.0,0.0,1.0,0.0,0.0,1.0,1.0,53.0,20.0,72.0,20.0
linq2db.EntityFrameworkCore,10.5.0,ok,lib,net10.0,lib/net10.0/linq2db.EntityFrameworkCore.dll,150528.0,143209.0,130598.0,20.0,300.0,68.0,0.0,16.0,0.0,368.0,127.0,19.0,36.0,183.0,131.0,14.0,84.0,0.0,1.0,6.0,11.0,236.0,74.0,620.0,74.0
Microsoft.Orleans.Reminders,10.3.1,ok,lib,net10.0,lib/net10.0/Orleans.Reminders.dll,203616.0,171415.0,255376.0,57.0,165.0,22.0,0.0,48.0,0.0,187.0,194.0,17.0,42.0,13.0,135.0,18.0,33.0,0.0,5.0,12.0,50.0,464.0,135.0,705.0,135.0
Microsoft.Azure.Management.Storage,25.0.0,ok,lib,netstandard2.0,lib/netstandard2.0/Microsoft.Azure.Management.Storage.dll,688544.0,249356.0,1055666.0,244.0,373.0,673.0,0.0,291.0,0.0,1046.0,659.0,5.0,59.0,212.0,235.0,138.0,18.0,0.0,21.0,89.0,81.0,3548.0,487.0,2573.0,487.0
SQLite,3.53.4,native_only,,,,,65558.0,27531643.0,,,,,,,,,,,,,,,,,,,,,,
Volo.Abp.SettingManagement.EntityFrameworkCore,10.6.0,ok,lib,net10.0,lib/net10.0/Volo.Abp.SettingManagement.EntityFrameworkCore.dll,22016.0,47832.0,38025.0,6.0,7.0,8.0,0.0,4.0,0.0,15.0,12.0,1.0,3.0,1.0,10.0,2.0,2.0,0.0,1.0,2.0,1.0,61.0,23.0,53.0,23.0
Avalara.AvaTax,26.8.3,ok,lib,netstandard2.0,lib/netstandard2.0/Avalara.AvaTax.RestClient.dll,1508352.0,451113.0,5802125.0,681.0,2577.0,4449.0,2.0,565.0,0.0,7028.0,1001.0,1.0,0.0,6.0,2525.0,987.0,987.0,0.0,1.0,2.0,121.0,9448.0,1175.0,13041.0,1175.0
Volo.Abp.PermissionManagement.EntityFrameworkCore,10.6.0,ok,lib,net10.0,lib/net10.0/Volo.Abp.PermissionManagement.EntityFrameworkCore.dll,36864.0,57791.0,43356.0,8.0,13.0,22.0,0.0,6.0,0.0,35.0,25.0,1.0,5.0,1.0,20.0,4.0,4.0,0.0,1.0,2.0,1.0,158.0,41.0,111.0,41.0
Wcwidth,4.0.1,ok,lib,netstandard2.0,lib/netstandard2.0/Wcwidth.dll,90112.0,80000.0,74063.0,2.0,2.0,0.0,0.0,0.0,0.0,2.0,50.0,0.0,0.0,2.0,0.0,0.0,0.0,0.0,0.0,1.0,2.0,67.0,42.0,62.0,42.0
Nett,0.15.0,ok,lib,netstandard2.0,lib/netstandard2.0/Nett.dll,172544.0,139494.0,164860.0,57.0,214.0,218.0,0.0,16.0,0.0,432.0,352.0,31.0,334.0,103.0,128.0,50.0,22.0,0.0,16.0,23.0,32.0,623.0,274.0,1574.0,274.0
Nullable,1.3.1,metapackage,,,,,65558.0,174895.0,,,,,,,,,,,,,,,,,,,,,,
DryIoc.Microsoft.DependencyInjection,6.2.0,ok,lib,netstandard2.0,lib/netstandard2.0/DryIoc.Microsoft.DependencyInjection.dll,16896.0,77439.0,66560.0,5.0,18.0,1.0,0.0,5.0,0.0,19.0,2.0,0.0,2.0,11.0,8.0,0.0,8.0,0.0,0.0,1.0,4.0,11.0,10.0,32.0,10.0
FsCheck.Xunit,3.4.0,ok,lib,netstandard2.0,lib/netstandard2.0/FsCheck.Xunit.dll,41472.0,91700.0,94005.0,8.0,8.0,24.0,0.0,10.0,0.0,32.0,26.0,0.0,45.0,6.0,1.0,0.0,0.0,0.0,0.0,1.0,1.0,85.0,40.0,148.0,40.0
Aspire.Hosting.Testing,13.5.3,ok,lib,net10.0,lib/net10.0/Aspire.Hosting.Testing.dll,126776.0,140539.0,643827.0,5.0,25.0,49.0,0.0,2.0,0.0,74.0,106.0,8.0,71.0,12.0,20.0,1.0,0.0,0.0,1.0,4.0,3.0,346.0,58.0,310.0,58.0
Umbraco.Cms,18.1.1,metapackage,,,,,17992.0,17992.0,,,,,,,,,,,,,,,,,,,,,,
Microsoft.VisualStudio.Shell.Interop.8.0,17.14.40260,ok,lib,netstandard2.0,lib/netstandard2.0/Microsoft.VisualStudio.Shell.Interop.8.0.dll,31304.0,81152.0,163119.0,0.0,0.0,0.0,0.0,0.0,0.0,0.0,0.0,0.0,0.0,0.0,0.0,0.0,0.0,0.0,0.0,0.0,0.0,0.0,1.0,0.0,1.0
Microsoft.VisualStudio.TextManager.Interop.8.0,17.14.40260,ok,lib,netstandard2.0,lib/netstandard2.0/Microsoft.VisualStudio.TextManager.Interop.8.0.dll,21032.0,77876.0,141387.0,0.0,0.0,0.0,0.0,0.0,0.0,0.0,0.0,0.0,0.0,0.0,0.0,0.0,0.0,0.0,0.0,0.0,0.0,0.0,1.0,0.0,1.0
Microsoft.VisualStudio.Shell.Interop.10.0,17.14.40260,ok,lib,netstandard2.0,lib/netstandard2.0/Microsoft.VisualStudio.Shell.Interop.10.0.dll,21576.0,77982.0,141861.0,0.0,0.0,0.0,0.0,0.0,0.0,0.0,0.0,0.0,0.0,0.0,0.0,0.0,0.0,0.0,0.0,0.0,0.0,0.0,1.0,0.0,1.0
ExifLibNet,2.1.4,ok,lib,netstandard1.3,lib/netstandard1.3/ExifLibrary.dll,113152.0,108516.0,59814.0,136.0,239.0,227.0,0.0,118.0,100.0,466.0,80.0,106.0,14.0,192.0,184.0,5.0,18.0,0.0,0.0,6.0,59.0,771.0,148.0,918.0,148.0
Avalonia.Diagnostics,11.3.21,ok,lib,netstandard2.0,lib/netstandard2.0/Avalonia.Diagnostics.dll,636416.0,288401.0,809613.0,21.0,46.0,717.0,57.0,8.0,0.0,820.0,1068.0,183.0,655.0,37.0,8.0,2.0,1.0,0.0,1.0,12.0,12.0,1329.0,324.0,3458.0,324.0
Xam.Plugins.Settings,4.0.0.7,ok,lib,netstandard2.0,lib/netstandard2.0/Plugin.Settings.dll,10240.0,70036.0,96875.0,3.0,42.0,2.0,0.0,0.0,0.0,44.0,3.0,0.0,2.0,22.0,22.0,22.0,0.0,0.0,1.0,3.0,2.0,2.0,5.0,50.0,5.0
Xunit.Combinatorial,2.1.41,ok,lib,netstandard2.0,lib/netstandard2.0/Xunit.Combinatorial.dll,65944.0,99435.0,121929.0,10.0,10.0,73.0,0.0,11.0,0.0,83.0,87.0,0.0,46.0,0.0,10.0,1.0,5.0,0.0,1.0,2.0,1.0,141.0,82.0,318.0,82.0
Aspire.Hosting.PostgreSQL,13.5.3,ok,lib,net8.0,lib/net8.0/Aspire.Hosting.PostgreSQL.dll,77664.0,112983.0,136049.0,6.0,16.0,119.0,0.0,5.0,0.0,135.0,92.0,0.0,19.0,15.0,4.0,0.0,4.0,0.0,0.0,1.0,4.0,115.0,33.0,242.0,33.0
Aspire.Hosting.SqlServer,13.5.3,ok,lib,net10.0,lib/net10.0/Aspire.Hosting.SqlServer.dll,74552.0,114309.0,195538.0,3.0,8.0,106.0,0.0,2.0,0.0,114.0,60.0,2.0,20.0,7.0,4.0,0.0,4.0,0.0,0.0,1.0,1.0,72.0,23.0,192.0,23.0
ILMerge,3.0.41,tools_only,,,,,65558.0,346561.0,,,,,,,,,,,,,,,,,,,,,,
ZXing.Net.Bindings.SkiaSharp,0.16.24,ok,lib,netstandard2.1,lib/netstandard2.1/ZXing.SkiaSharp.dll,10752.0,71673.0,120912.0,5.0,5.0,4.0,0.0,5.0,0.0,9.0,5.0,2.0,1.0,2.0,3.0,0.0,1.0,0.0,0.0,1.0,1.0,7.0,7.0,25.0,7.0
Aspire.Hosting.Redis,13.5.3,ok,lib,net8.0,lib/net8.0/Aspire.Hosting.Redis.dll,61752.0,106458.0,86416.0,5.0,15.0,91.0,0.0,4.0,0.0,106.0,15.0,3.0,22.0,14.0,2.0,0.0,2.0,0.0,0.0,2.0,2.0,59.0,22.0,166.0,22.0
Microsoft.Azure.SignalR.Serverless.Protocols,1.11.0,ok,lib,netstandard2.0,lib/netstandard2.0/Microsoft.Azure.SignalR.Serverless.Protocols.dll,69704.0,96340.0,62361.0,7.0,3.0,66.0,0.0,6.0,0.0,69.0,68.0,3.0,41.0,0.0,6.0,2.0,4.0,0.0,1.0,2.0,0.0,148.0,45.0,370.0,45.0
Microsoft.NETCore.App.Host.win-arm64,10.0.12,native_only,,,,,65558.0,5577880.0,,,,,,,,,,,,,,,,,,,,,,
Microsoft.VisualStudio.SDK.Analyzers,17.7.122,tools_only,,,,,65558.0,217050.0,,,,,,,,,,,,,,,,,,,,,,
BenchmarkDotNet.Diagnostics.Windows,0.15.8,ok,lib,netstandard2.0,lib/netstandard2.0/BenchmarkDotNet.Diagnostics.Windows.dll,68608.0,89159.0,59765.0,24.0,48.0,97.0,18.0,27.0,0.0,163.0,104.0,35.0,33.0,2.0,78.0,4.0,40.0,0.0,0.0,3.0,5.0,142.0,54.0,367.0,54.0
SourceGear.sqlite3,3.53.4,native_only,,,,,65558.0,27531833.0,,,,,,,,,,,,,,,,,,,,,,
Microsoft.Azure.Management.Monitor,0.28.0-preview,ok,lib,netstandard2.0,lib/netstandard2.0/Microsoft.Azure.Management.Monitor.dll,764840.0,270464.0,1115920.0,289.0,469.0,772.0,0.0,381.0,0.0,1241.0,695.0,5.0,68.0,259.0,297.0,169.0,17.0,0.0,29.0,90.0,74.0,4076.0,589.0,3078.0,589.0
PDFtoImage,5.4.0,ok,lib,netstandard2.1,lib/netstandard2.1/PDFtoImage.dll,71008.0,99552.0,557805.0,19.0,44.0,74.0,0.0,11.0,2.0,118.0,160.0,2.0,17.0,41.0,56.0,26.0,27.0,0.0,1.0,3.0,11.0,274.0,53.0,396.0,53.0
Google.Cloud.Translation.V2,3.5.0,ok,lib,netstandard2.0,lib/netstandard2.0/Google.Cloud.Translation.V2.dll,36864.0,81143.0,89771.0,11.0,66.0,26.0,0.0,10.0,0.0,92.0,47.0,6.0,13.0,14.0,64.0,0.0,0.0,0.0,0.0,3.0,9.0,278.0,37.0,171.0,37.0
xmlrpcnet,3.0.0.266,ok,lib,net20,lib/net20/CookComputing.XmlRpcV2.dll,122880.0,124671.0,164271.0,94.0,123.0,204.0,4.0,142.0,0.0,331.0,194.0,30.0,19.0,23.0,177.0,58.0,89.0,0.0,1.0,5.0,12.0,313.0,126.0,824.0,126.0
Slugify.Core,5.1.1,ok,lib,netstandard2.0,lib/netstandard2.0/Slugify.Core.dll,670208.0,259705.0,228775.0,4.0,3.0,10.0,0.0,5.0,0.0,13.0,4.0,0.0,2.0,0.0,7.0,3.0,2.0,0.0,1.0,1.0,0.0,18.0,14.0,39.0,14.0
Fido2,4.0.1,ok,lib,net8.0,lib/net8.0/Fido2.dll,138240.0,125862.0,117439.0,49.0,84.0,148.0,0.0,43.0,12.0,232.0,98.0,5.0,72.0,25.0,57.0,10.0,19.0,0.0,3.0,7.0,40.0,449.0,103.0,535.0,103.0
Vogen,8.0.7,ok,lib,netstandard2.0,lib/netstandard2.0/Vogen.SharedTypes.dll,20480.0,79837.0,1238179.0,29.0,2.0,8.0,0.0,18.0,0.0,10.0,3.0,1.0,0.0,1.0,0.0,0.0,0.0,0.0,0.0,0.0,18.0,120.0,34.0,36.0,34.0
Avalonia.Controls.ColorPicker,12.1.2,ok,lib,net10.0,lib/net10.0/Avalonia.Controls.ColorPicker.dll,482304.0,161554.0,243662.0,36.0,66.0,89.0,4.0,22.0,0.0,159.0,88.0,26.0,6.0,12.0,64.0,3.0,35.0,0.0,1.0,2.0,11.0,729.0,58.0,467.0,58.0
EnyimMemcached,2.16.0,ok,lib,net35,lib/net35/Enyim.Caching.dll,149504.0,133842.0,91620.0,176.0,436.0,216.0,8.0,123.0,0.0,660.0,362.0,161.0,47.0,37.0,465.0,228.0,104.0,0.0,50.0,66.0,34.0,449.0,218.0,1276.0,218.0
Blazorise,2.3.2,ok,lib,net10.0,lib/net10.0/Blazorise.dll,2348032.0,836700.0,3212856.0,1140.0,5080.0,5573.0,42.0,853.0,389.0,10695.0,2913.0,2694.0,882.0,994.0,5386.0,1982.0,793.0,0.0,184.0,288.0,355.0,8418.0,1984.0,19712.0,1984.0
Microsoft.Agents.AI,1.20.0,ok,lib,netstandard2.0,lib/netstandard2.0/Microsoft.Agents.AI.dll,833848.0,336393.0,1972788.0,117.0,204.0,474.0,0.0,103.0,0.0,678.0,1083.0,72.0,912.0,41.0,131.0,15.0,10.0,0.0,0.0,26.0,107.0,3150.0,498.0,3258.0,498.0
Serilog.Sinks.SpectreConsole,0.4.0,ok,lib,netstandard2.0,lib/netstandard2.0/Serilog.Sinks.SpectreConsole.dll,27136.0,48449.0,33658.0,2.0,1.0,26.0,0.0,2.0,0.0,27.0,9.0,0.0,70.0,1.0,0.0,0.0,0.0,0.0,0.0,0.0,0.0,46.0,32.0,98.0,32.0
Aspire.Npgsql.EntityFrameworkCore.PostgreSQL,13.5.3,ok,lib,net10.0,lib/net10.0/Aspire.Npgsql.EntityFrameworkCore.PostgreSQL.dll,50488.0,98607.0,191346.0,2.0,2.0,10.0,0.0,1.0,0.0,12.0,8.0,0.0,14.0,2.0,0.0,0.0,0.0,0.0,0.0,1.0,1.0,37.0,23.0,70.0,23.0
Win2D.uwp,1.28.3,ok,lib,net8.0-windows10.0.19041.0,lib/net8.0-windows10.0.19041.0/Microsoft.Graphics.Canvas.Interop.dll,1205792.0,389169.0,3404292.0,377.0,3437.0,2868.0,33.0,142.0,276.0,6338.0,2682.0,48.0,1978.0,2315.0,1466.0,87.0,1096.0,0.0,12.0,26.0,364.0,2320.0,1478.0,12339.0,1478.0
Microsoft.CodeAnalysis.Metrics,5.6.0,no_lib_dll,,,,,65558.0,33734065.0,,,,,,,,,,,,,,,,,,,,,,
DiscordRichPresence,1.143.0,ok,lib,netstandard2.0,lib/netstandard2.0/DiscordRPC.dll,80384.0,97341.0,103830.0,54.0,120.0,135.0,13.0,36.0,1.0,268.0,56.0,2.0,40.0,18.0,91.0,15.0,28.0,0.0,2.0,4.0,25.0,259.0,79.0,528.0,79.0
Volo.Abp.Identity.EntityFrameworkCore,10.6.0,ok,lib,net10.0,lib/net10.0/Volo.Abp.Identity.EntityFrameworkCore.dll,204800.0,131295.0,101064.0,13.0,96.0,76.0,0.0,10.0,0.0,172.0,180.0,6.0,29.0,4.0,108.0,8.0,8.0,0.0,1.0,3.0,2.0,1112.0,215.0,597.0,215.0
Aspire.Azure.Storage.Blobs,13.5.3,ok,lib,net10.0,lib/net10.0/Aspire.Azure.Storage.Blobs.dll,74080.0,113200.0,209255.0,3.0,6.0,12.0,0.0,2.0,0.0,18.0,12.0,29.0,26.0,6.0,0.0,0.0,0.0,0.0,0.0,1.0,2.0,50.0,25.0,138.0,25.0
Microsoft.VisualStudio.ImageCatalog,17.14.40260,ok,lib,netstandard2.0,lib/netstandard2.0/Microsoft.VisualStudio.ImageCatalog.dll,490024.0,191945.0,7104612.0,2.0,0.0,4068.0,0.0,0.0,0.0,4068.0,2.0,0.0,0.0,4068.0,0.0,0.0,0.0,0.0,0.0,2.0,2.0,4082.0,6.0,4072.0,6.0
Wangkanai.Detection,8.20.0,ok,lib,net8.0,lib/net8.0/Wangkanai.Detection.dll,51128.0,92495.0,87594.0,39.0,24.0,55.0,0.0,20.0,0.0,79.0,72.0,0.0,25.0,10.0,55.0,23.0,26.0,0.0,10.0,14.0,22.0,172.0,57.0,231.0,57.0
Microsoft.Azure.Management.Logic,4.1.0,ok,lib,netstandard1.4,lib/netstandard1.4/Microsoft.Azure.Management.Logic.dll,694856.0,245545.0,461949.0,205.0,402.0,710.0,0.0,266.0,0.0,1112.0,611.0,5.0,41.0,220.0,257.0,146.0,20.0,0.0,23.0,69.0,52.0,3823.0,456.0,2658.0,456.0
Microsoft.VisualStudio.Text.Logic,17.14.249,ok,lib,netstandard2.0,lib/netstandard2.0/Microsoft.VisualStudio.Text.Logic.dll,130064.0,113676.0,329292.0,147.0,200.0,280.0,20.0,69.0,14.0,500.0,55.0,5.0,67.0,24.0,358.0,270.0,17.0,0.0,64.0,73.0,62.0,355.0,216.0,834.0,216.0
JetBrains.Profiler.SelfApi,2.5.18,ok,lib,netcoreapp3.0,lib/netcoreapp3.0/JetBrains.Profiler.SelfApi.dll,57344.0,91197.0,82315.0,11.0,53.0,8.0,0.0,4.0,0.0,61.0,46.0,14.0,15.0,43.0,2.0,0.0,1.0,0.0,0.0,7.0,10.0,188.0,47.0,193.0,47.0
Slapper.AutoMapper,2.0.5,ok,lib,netstandard2.1,lib/netstandard2.1/Slapper.dll,25600.0,48887.0,36473.0,17.0,41.0,9.0,0.0,9.0,2.0,50.0,16.0,0.0,31.0,20.0,28.0,8.0,15.0,0.0,3.0,7.0,7.0,65.0,35.0,137.0,35.0
Xamarin.TestCloud.Agent,0.23.2,too_large,lib,net6.0-ios11,lib/net6.0-ios11/Calabash.dll,29865416.0,65558.0,22819922.0,,,,,,,,,,,,,,,,,,,,,,
Google.Apis.PeopleService.v1,1.74.0.3973,ok,lib,netstandard2.0,lib/netstandard2.0/Google.Apis.PeopleService.v1.dll,97792.0,100978.0,235239.0,120.0,59.0,540.0,0.0,105.0,0.0,599.0,32.0,36.0,0.0,0.0,1025.0,0.0,0.0,0.0,0.0,2.0,16.0,572.0,121.0,1162.0,121.0
Microsoft.Azure.Management.RecoveryServices.Backup,0.1.2,ok,lib,net40,lib/net40/Microsoft.Azure.Management.RecoveryServices.Backup.dll,296640.0,160831.0,245505.0,161.0,115.0,274.0,0.0,133.0,0.0,389.0,74.0,1.0,46.0,74.0,77.0,55.0,12.0,0.0,10.0,29.0,25.0,1184.0,245.0,954.0,245.0
UIAComWrapper,1.1.0.14,ok,lib,net40,lib/net40/UIAComWrapper.dll,185856.0,129577.0,208374.0,196.0,255.0,343.0,0.0,45.0,2.0,598.0,138.0,10.0,180.0,42.0,198.0,165.0,6.0,0.0,37.0,74.0,106.0,1251.0,217.0,935.0,217.0
SMBLibrary,1.5.7.1,ok,lib,netstandard2.0,lib/netstandard2.0/SMBLibrary.dll,422912.0,224029.0,541780.0,580.0,1132.0,507.0,3.0,784.0,7.0,1642.0,177.0,39.0,89.0,420.0,853.0,88.0,125.0,0.0,9.0,33.0,156.0,3287.0,636.0,2907.0,636.0
Umbraco.Cms.Api.Common,18.1.1,ok,lib,net10.0,lib/net10.0/Umbraco.Cms.Api.Common.dll,73728.0,96577.0,62640.0,32.0,43.0,25.0,0.0,18.0,0.0,68.0,72.0,21.0,60.0,12.0,17.0,2.0,10.0,0.0,2.0,15.0,17.0,181.0,98.0,307.0,98.0
Microsoft.PowerShell.5.ReferenceAssemblies,1.1.0,ok,lib,net4,lib/net4/Microsoft.PowerShell.Editor.dll,172032.0,127768.0,1437950.0,464.0,1230.0,948.0,75.0,230.0,48.0,2253.0,37.0,154.0,0.0,148.0,1879.0,1349.0,175.0,0.0,207.0,257.0,147.0,407.0,466.0,2744.0,466.0
Avalonia.Fonts.Inter,12.1.2,ok,lib,net10.0,lib/net10.0/Avalonia.Fonts.Inter.dll,1892864.0,1031424.0,1961498.0,2.0,1.0,0.0,0.0,1.0,0.0,1.0,1.0,0.0,1.0,1.0,0.0,0.0,0.0,0.0,0.0,1.0,2.0,2.0,4.0,5.0,4.0
Microsoft.VisualStudio.ComponentModelHost,17.14.106,ok,lib,netstandard2.0,lib/netstandard2.0/Microsoft.VisualStudio.ComponentModelHost.dll,19000.0,76535.0,81207.0,4.0,3.0,5.0,0.0,0.0,0.0,8.0,1.0,0.0,0.0,0.0,7.0,7.0,0.0,0.0,3.0,4.0,1.0,18.0,11.0,14.0,11.0
Microsoft.Azure.Management.WebSites,4.0.0,ok,lib,netstandard2.0,lib/netstandard2.0/Microsoft.Azure.Management.Websites.dll,4471728.0,1013105.0,4897495.0,493.0,2691.0,2060.0,0.0,736.0,0.0,4751.0,3983.0,5.0,216.0,1744.0,1016.0,906.0,39.0,0.0,21.0,64.0,108.0,24888.0,2325.0,12079.0,2325.0
Microsoft.VisualStudio.Shell.Interop.9.0,17.14.40260,ok,lib,netstandard2.0,lib/netstandard2.0/Microsoft.VisualStudio.Shell.Interop.9.0.dll,18984.0,77168.0,137771.0,0.0,0.0,0.0,0.0,0.0,0.0,0.0,0.0,0.0,0.0,0.0,0.0,0.0,0.0,0.0,0.0,0.0,0.0,0.0,1.0,0.0,1.0
Azure.ResourceManager.AppService,1.5.0,ok,lib,netstandard2.0,lib/netstandard2.0/Azure.ResourceManager.AppService.dll,7392568.0,1744998.0,6766069.0,768.0,3966.0,3920.0,0.0,614.0,147.0,7886.0,9699.0,1686.0,4575.0,1115.0,3521.0,0.0,60.0,0.0,0.0,2.0,129.0,24791.0,3696.0,27750.0,3696.0
Microsoft.Orleans.Clustering.AzureStorage,10.3.1,ok,lib,net10.0,lib/net10.0/Orleans.Clustering.AzureStorage.dll,169784.0,149563.0,209759.0,8.0,11.0,63.0,0.0,7.0,0.0,74.0,210.0,4.0,54.0,4.0,7.0,0.0,0.0,0.0,0.0,1.0,1.0,453.0,90.0,457.0,90.0
Lib.Harmony,2.4.2,ok,lib,net10.0,lib/net10.0/0Harmony.dll,2330624.0,878944.0,14346195.0,474.0,668.0,2070.0,10.0,376.0,157.0,2748.0,1774.0,241.0,1072.0,800.0,134.0,0.0,33.0,0.0,0.0,21.0,201.0,15182.0,2215.0,11738.0,2215.0
Azure.ResourceManager.Sql,1.4.0,ok,lib,netstandard2.0,lib/netstandard2.0/Azure.ResourceManager.Sql.dll,6636576.0,1563457.0,5945246.0,749.0,4100.0,3414.0,0.0,636.0,426.0,7514.0,8978.0,1481.0,3984.0,1517.0,3753.0,0.0,153.0,0.0,0.0,2.0,188.0,23971.0,3612.0,25244.0,3612.0
Azure.ResourceManager.Compute,1.16.0,ok,lib,netstandard2.0,lib/netstandard2.0/Azure.ResourceManager.Compute.dll,4726072.0,1200092.0,5043789.0,674.0,4268.0,4619.0,0.0,556.0,533.0,8887.0,6867.0,3366.0,3309.0,1846.0,3590.0,0.0,145.0,0.0,0.0,2.0,167.0,14607.0,2646.0,23863.0,2646.0
Microsoft.VisualStudio.Text.UI,17.14.249,ok,lib,netstandard2.0,lib/netstandard2.0/Microsoft.VisualStudio.Text.UI.dll,197648.0,132450.0,445822.0,351.0,379.0,605.0,22.0,259.0,10.0,1006.0,53.0,29.0,18.0,47.0,748.0,599.0,10.0,0.0,88.0,110.0,235.0,681.0,455.0,1640.0,455.0
CsvTextFieldParser,1.2.2,ok,lib,netstandard2.0,lib/netstandard2.0/CsvTextFieldParser.dll,11776.0,24180.0,18535.0,2.0,7.0,9.0,0.0,10.0,0.0,16.0,12.0,1.0,1.0,0.0,2.0,0.0,1.0,0.0,0.0,0.0,0.0,16.0,4.0,44.0,4.0
Microsoft.Orleans.Clustering.AdoNet,10.3.1,ok,lib,net10.0,lib/net10.0/Orleans.Clustering.AdoNet.dll,124728.0,130025.0,178739.0,7.0,16.0,72.0,0.0,6.0,0.0,88.0,112.0,2.0,112.0,4.0,14.0,0.0,14.0,0.0,0.0,1.0,1.0,312.0,85.0,363.0,85.0
PowerShellStandard.Library,5.1.1,ok,lib,netstandard2.0,lib/netstandard2.0/System.Management.Automation.dll,354304.0,189259.0,267353.0,703.0,1618.0,1918.0,28.0,784.0,35.0,3564.0,256.0,423.0,274.0,213.0,1566.0,311.0,150.0,0.0,24.0,120.0,304.0,897.0,715.0,5774.0,715.0
Xamarin.Google.Dagger,2.60.1,ok,lib,net10.0-android36.0,lib/net10.0-android36.0/Xamarin.Google.Dagger.dll,121184.0,103163.0,385391.0,80.0,48.0,219.0,0.0,31.0,0.0,267.0,506.0,100.0,28.0,14.0,61.0,18.0,1.0,0.0,36.0,36.0,14.0,356.0,124.0,1014.0,124.0
SQLitePCLRaw.bundle_e_sqlcipher,2.1.11,ok,lib,netstandard2.0,lib/netstandard2.0/SQLitePCLRaw.batteries_v2.dll,5120.0,39576.0,36767.0,2.0,2.0,0.0,0.0,0.0,0.0,2.0,0.0,0.0,0.0,2.0,0.0,0.0,0.0,0.0,0.0,2.0,2.0,0.0,3.0,2.0,3.0
Google.Cloud.Kms.V1,3.26.0,ok,lib,netstandard2.0,lib/netstandard2.0/Google.Cloud.Kms.V1.dll,691200.0,278440.0,775890.0,225.0,2226.0,1102.0,0.0,308.0,26.0,3328.0,747.0,30.0,301.0,448.0,2144.0,0.0,812.0,0.0,0.0,32.0,210.0,2045.0,393.0,5255.0,393.0
Aspire.Hosting.Azure.Storage,13.5.3,ok,lib,net8.0,lib/net8.0/Aspire.Hosting.Azure.Storage.dll,94520.0,119581.0,112085.0,10.0,18.0,152.0,0.0,9.0,0.0,170.0,144.0,0.0,55.0,17.0,18.0,0.0,15.0,0.0,0.0,1.0,1.0,153.0,49.0,360.0,49.0
Azure.Provisioning.Storage,1.1.2,ok,lib,netstandard2.0,lib/netstandard2.0/Azure.Provisioning.Storage.dll,286752.0,177488.0,334805.0,172.0,138.0,600.0,0.0,100.0,3.0,738.0,230.0,102.0,29.0,41.0,109.0,0.0,12.0,0.0,0.0,17.0,83.0,1717.0,302.0,1728.0,302.0
Microsoft.AspNetCore.App.Runtime.linux-arm,10.0.12,native_only,,,,,65558.0,12791258.0,,,,,,,,,,,,,,,,,,,,,,
Caliburn.Micro,5.0.258,ok,lib,net9.0-ios18.0,lib/net9.0-ios18.0/Caliburn.Micro.Platform.dll,21504.0,76122.0,612690.0,4.0,24.0,3.0,2.0,4.0,0.0,29.0,8.0,8.0,19.0,9.0,21.0,5.0,0.0,0.0,1.0,2.0,1.0,61.0,18.0,73.0,18.0
Volo.Abp.EntityFrameworkCore.SqlServer,10.6.0,ok,lib,net10.0,lib/net10.0/Volo.Abp.EntityFrameworkCore.SqlServer.dll,11264.0,38738.0,33194.0,5.0,6.0,0.0,0.0,2.0,0.0,6.0,3.0,0.0,6.0,4.0,2.0,0.0,0.0,0.0,0.0,3.0,3.0,19.0,12.0,21.0,12.0
Microsoft.Data.SqlClient.Extensions.Azure,7.0.2,ok,lib,netstandard2.0,lib/netstandard2.0/Microsoft.Data.SqlClient.Extensions.Azure.dll,43456.0,87953.0,90777.0,2.0,8.0,8.0,0.0,5.0,0.0,16.0,24.0,0.0,8.0,1.0,4.0,0.0,0.0,0.0,0.0,0.0,2.0,87.0,23.0,68.0,23.0
Avalonia.Themes.Simple,12.1.2,ok,lib,net10.0,lib/net10.0/Avalonia.Themes.Simple.dll,415232.0,142074.0,183076.0,5.0,22.0,21.0,0.0,3.0,0.0,43.0,94.0,0.0,1.0,16.0,4.0,0.0,0.0,0.0,0.0,0.0,0.0,72.0,30.0,620.0,30.0
Microsoft.NETCore.App.Runtime.linux-arm,10.0.12,native_only,,,,,65558.0,37290967.0,,,,,,,,,,,,,,,,,,,,,,
ImGui.NET,1.91.6.1,ok,lib,netstandard2.0,lib/netstandard2.0/ImGui.NET.dll,238080.0,142522.0,4402114.0,166.0,1731.0,508.0,0.0,107.0,127.0,2239.0,2.0,0.0,6.0,1511.0,40.0,0.0,0.0,0.0,0.0,3.0,166.0,1676.0,168.0,2512.0,168.0
ClientDependency-Mvc5,1.9.3,ok,lib,net45,lib/net45/ClientDependency.Core.Mvc.dll,24064.0,45029.0,34820.0,8.0,89.0,2.0,0.0,5.0,0.0,91.0,7.0,5.0,29.0,78.0,11.0,0.0,4.0,0.0,0.0,3.0,3.0,80.0,36.0,159.0,36.0
Unidecode.NET,2.2.1,ok,lib,net7.0,lib/net7.0/Unidecode.NET.dll,316416.0,148875.0,100823.0,2.0,5.0,3.0,0.0,0.0,0.0,8.0,13.0,0.0,1.0,7.0,0.0,0.0,0.0,0.0,0.0,1.0,2.0,22.0,8.0,25.0,8.0
Ardalis.ApiEndpoints,4.1.0,ok,lib,netcoreapp3.1,lib/netcoreapp3.1/Ardalis.ApiEndpoints.dll,12288.0,25696.0,19928.0,26.0,19.0,2.0,0.0,19.0,0.0,21.0,11.0,19.0,3.0,1.0,18.0,18.0,0.0,0.0,0.0,26.0,7.0,15.0,35.0,62.0,35.0
Docnet.Core,2.6.0,ok,lib,netstandard2.0,lib/netstandard2.0/Docnet.Core.dll,81920.0,96394.0,18429655.0,51.0,62.0,72.0,0.0,17.0,6.0,134.0,104.0,52.0,230.0,8.0,62.0,32.0,20.0,0.0,4.0,4.0,39.0,266.0,96.0,823.0,96.0
Microsoft.NETCore.App.Host.linux-arm,10.0.12,metapackage,,,,,65558.0,4368276.0,,,,,,,,,,,,,,,,,,,,,,
Azure.Communication.Common,1.4.1,ok,lib,netstandard2.0,lib/netstandard2.0/Azure.Communication.Common.dll,55648.0,93132.0,133032.0,19.0,39.0,48.0,0.0,21.0,5.0,87.0,56.0,1.0,17.0,9.0,37.0,1.0,12.0,0.0,0.0,1.0,10.0,147.0,52.0,245.0,52.0
EntityFramework.DynamicFilters,3.2.4,ok,lib,netstandard2.1,lib/netstandard2.1/EntityFramework.DynamicFilters.dll,61440.0,92290.0,76507.0,9.0,68.0,14.0,0.0,7.0,0.0,82.0,62.0,7.0,62.0,57.0,9.0,0.0,1.0,0.0,0.0,2.0,2.0,102.0,40.0,260.0,40.0
SkiaSharp.Views.Desktop.Common,4.152.0,ok,lib,netstandard2.1,lib/netstandard2.1/SkiaSharp.Views.Desktop.Common.dll,21304.0,78455.0,253947.0,2.0,0.0,10.0,0.0,6.0,0.0,10.0,8.0,0.0,2.0,0.0,0.0,0.0,0.0,0.0,0.0,0.0,0.0,59.0,9.0,34.0,9.0
BTProgressHUD,2.3.1,ok,lib,net10.0-ios26.0,lib/net10.0-ios26.0/BTProgressHUD.dll,71168.0,106507.0,206299.0,8.0,44.0,67.0,0.0,1.0,0.0,111.0,45.0,0.0,25.0,106.0,1.0,0.0,0.0,0.0,0.0,4.0,8.0,143.0,21.0,221.0,21.0
Microsoft.VisualStudio.Text.UI.Wpf,17.14.249,ok,lib,net472,lib/net472/Microsoft.VisualStudio.Text.UI.Wpf.dll,158224.0,122759.0,155819.0,102.0,273.0,226.0,13.0,53.0,2.0,512.0,51.0,59.0,8.0,27.0,361.0,235.0,6.0,0.0,42.0,63.0,35.0,229.0,126.0,727.0,126.0
Net.Codecrete.QrCodeGenerator,3.2.1,ok,lib,netstandard2.0,lib/netstandard2.0/QrCodeGenerator.dll,174592.0,206213.0,464628.0,13.0,41.0,54.0,0.0,7.0,6.0,95.0,102.0,2.0,148.0,20.0,20.0,0.0,4.0,0.0,0.0,1.0,8.0,247.0,69.0,360.0,69.0
NeoLua,1.3.19,ok,lib,netstandard2.0,lib/netstandard2.0/Neo.Lua.dll,327680.0,206659.0,920819.0,53.0,358.0,385.0,1.0,31.0,26.0,744.0,538.0,62.0,368.0,199.0,183.0,28.0,82.0,0.0,7.0,11.0,31.0,960.0,224.0,1942.0,224.0
Ude.NetStandard,1.2.0,ok,lib,netstandard2.0,lib/netstandard2.0/Ude.NetStandard.dll,164864.0,141697.0,389990.0,66.0,114.0,11.0,0.0,63.0,0.0,125.0,43.0,13.0,0.0,7.0,97.0,15.0,4.0,0.0,1.0,13.0,3.0,325.0,80.0,231.0,80.0
Microsoft.DiaSymReader.PortablePdb,1.6.0,ok,lib,netstandard1.1,lib/netstandard1.1/Microsoft.DiaSymReader.PortablePdb.dll,96120.0,112535.0,97580.0,8.0,154.0,53.0,0.0,1.0,0.0,207.0,121.0,4.0,110.0,0.0,154.0,62.0,92.0,0.0,1.0,1.0,7.0,203.0,72.0,519.0,72.0
CloneExtensions,1.4.2,ok,lib,netstandard1.6,lib/netstandard1.6/CloneExtensions.dll,26112.0,56789.0,45116.0,3.0,4.0,40.0,0.0,1.0,0.0,44.0,23.0,15.0,18.0,7.0,0.0,0.0,0.0,0.0,0.0,1.0,2.0,64.0,28.0,147.0,28.0
Avalonia.ReactiveUI,11.3.9,ok,lib,netstandard2.0,lib/netstandard2.0/Avalonia.ReactiveUI.dll,35840.0,79563.0,78773.0,10.0,13.0,14.0,0.0,7.0,0.0,27.0,28.0,4.0,29.0,5.0,15.0,0.0,10.0,0.0,0.0,2.0,3.0,61.0,33.0,122.0,33.0
Microsoft.Orleans.Hosting.Kubernetes,10.3.1,ok,lib,net10.0,lib/net10.0/Orleans.Hosting.Kubernetes.dll,65848.0,105375.0,113328.0,3.0,6.0,8.0,0.0,2.0,0.0,14.0,33.0,1.0,16.0,4.0,1.0,0.0,1.0,0.0,0.0,1.0,3.0,101.0,18.0,78.0,18.0
Ecng.ComponentModel,1.0.466,ok,lib,net10.0,lib/net10.0/Ecng.ComponentModel.dll,182784.0,147271.0,235721.0,151.0,312.0,270.0,26.0,113.0,15.0,608.0,388.0,87.0,153.0,124.0,305.0,101.0,114.0,0.0,31.0,61.0,32.0,593.0,254.0,1408.0,254.0
Square.OkHttp3,5.5.0,ok,lib,net10.0-android36.0,lib/net10.0-android36.0/Square.OkHttp3.dll,17208.0,76059.0,74229.0,0.0,0.0,0.0,0.0,0.0,0.0,0.0,0.0,0.0,0.0,0.0,0.0,0.0,0.0,0.0,0.0,0.0,0.0,0.0,1.0,0.0,1.0
Microsoft.Owin.Security.Interop,2.3.13,ok,lib,net462,lib/net462/Microsoft.Owin.Security.Interop.dll,25912.0,59675.0,44284.0,4.0,13.0,3.0,0.0,4.0,0.0,16.0,4.0,4.0,6.0,1.0,13.0,0.0,5.0,0.0,0.0,0.0,1.0,15.0,9.0,34.0,9.0
Microsoft.AspNet.SignalR.SqlServer,2.4.3,ok,lib,net45,lib/net45/Microsoft.AspNet.SignalR.SqlServer.dll,79752.0,100779.0,71281.0,7.0,10.0,19.0,9.0,3.0,0.0,38.0,45.0,12.0,114.0,4.0,8.0,5.0,0.0,0.0,2.0,4.0,2.0,204.0,86.0,359.0,86.0
ScottPlot,5.1.59,ok,lib,netstandard2.0,lib/netstandard2.0/ScottPlot.dll,1203200.0,486435.0,2369354.0,580.0,2211.0,3935.0,0.0,516.0,88.0,6146.0,911.0,27.0,362.0,1977.0,2694.0,367.0,2005.0,0.0,61.0,116.0,135.0,2807.0,899.0,9745.0,899.0
Microsoft.Toolkit.Uwp.Notifications,7.1.3,ok,lib,netstandard1.4,lib/netstandard1.4/Microsoft.Toolkit.Uwp.Notifications.dll,132752.0,122570.0,1105952.0,75.0,110.0,390.0,0.0,51.0,5.0,500.0,282.0,1.0,76.0,17.0,106.0,16.0,85.0,0.0,11.0,11.0,62.0,673.0,161.0,1173.0,161.0
Azure.Containers.ContainerRegistry,1.3.0,ok,lib,netstandard2.0,lib/netstandard2.0/Azure.Containers.ContainerRegistry.dll,400968.0,221836.0,590594.0,36.0,102.0,401.0,0.0,32.0,13.0,503.0,468.0,23.0,257.0,54.0,95.0,0.0,16.0,0.0,0.0,1.0,17.0,1873.0,375.0,1932.0,375.0
Microsoft.ML.FastTree,5.0.0,ok,lib,netstandard2.0,lib/netstandard2.0/Microsoft.ML.FastTree.dll,480560.0,263340.0,470839.0,96.0,76.0,321.0,0.0,43.0,0.0,397.0,522.0,75.0,538.0,29.0,27.0,3.0,4.0,0.0,0.0,21.0,75.0,1628.0,433.0,2310.0,433.0
Veldrid,4.9.0,ok,lib,netstandard2.0,lib/netstandard2.0/Veldrid.dll,449024.0,247265.0,650614.0,107.0,264.0,699.0,0.0,85.0,4.0,963.0,253.0,106.0,342.0,39.0,191.0,114.0,30.0,0.0,3.0,20.0,81.0,1889.0,375.0,2532.0,375.0
Azure.ResourceManager.CosmosDB,1.5.0,ok,lib,netstandard2.0,lib/netstandard2.0/Azure.ResourceManager.CosmosDB.dll,3366208.0,830040.0,3076046.0,374.0,2532.0,2355.0,0.0,323.0,192.0,4887.0,5302.0,2245.0,2287.0,728.0,2256.0,0.0,59.0,0.0,0.0,4.0,63.0,10797.0,1959.0,15412.0,1959.0
OpenTK.GLControl,4.0.2,ok,lib,netcoreapp3.1,lib/netcoreapp3.1/OpenTK.GLControl.dll,28160.0,53063.0,39407.0,6.0,20.0,44.0,23.0,3.0,0.0,87.0,24.0,9.0,1.0,0.0,45.0,34.0,0.0,0.0,1.0,1.0,3.0,97.0,14.0,182.0,14.0
TUnit,1.66.27,ok,lib,netstandard2.0,lib/netstandard2.0/TUnit.dll,314368.0,192002.0,340201.0,134.0,429.0,182.0,0.0,1.0,0.0,611.0,487.0,11.0,83.0,425.0,5.0,0.0,5.0,0.0,0.0,67.0,134.0,1023.0,362.0,2411.0,362.0
WixToolset.Dtf.WindowsInstaller,7.0.0,ok,lib,netstandard2.0,lib/netstandard2.0/WixToolset.Dtf.WindowsInstaller.dll,202672.0,168867.0,357421.0,76.0,234.0,234.0,1.0,51.0,2.0,469.0,179.0,13.0,241.0,60.0,89.0,6.0,50.0,0.0,1.0,5.0,51.0,697.0,111.0,993.0,111.0
PublicApiGenerator,11.5.4,ok,lib,netstandard2.0,lib/netstandard2.0/PublicApiGenerator.dll,193536.0,186541.0,155411.0,3.0,3.0,76.0,0.0,1.0,0.0,79.0,214.0,1.0,141.0,3.0,0.0,0.0,0.0,0.0,0.0,1.0,2.0,219.0,68.0,529.0,68.0
CefSharp.WinForms,151.3.240,ok,lib,net462,lib/net462/CefSharp.WinForms.dll,54784.0,88906.0,129850.0,23.0,90.0,49.0,22.0,19.0,0.0,161.0,70.0,34.0,29.0,14.0,158.0,8.0,98.0,0.0,2.0,6.0,9.0,136.0,39.0,334.0,39.0
Microsoft.AspNet.SignalR.Redis,2.4.3,ok,lib,net45,lib/net45/Microsoft.AspNet.SignalR.Redis.dll,59272.0,89381.0,61316.0,6.0,19.0,16.0,6.0,5.0,0.0,41.0,43.0,2.0,88.0,4.0,27.0,12.0,12.0,0.0,1.0,2.0,1.0,161.0,66.0,287.0,66.0
Ecng.Configuration,1.0.277,ok,lib,net10.0,lib/net10.0/Ecng.Configuration.dll,15872.0,42716.0,35494.0,1.0,19.0,13.0,2.0,0.0,0.0,34.0,37.0,0.0,3.0,25.0,0.0,0.0,0.0,0.0,0.0,1.0,1.0,10.0,4.0,67.0,4.0
Microsoft.AspNetCore.Components.QuickGrid,10.0.12,ok,lib,net10.0,lib/net10.0/Microsoft.AspNetCore.Components.QuickGrid.dll,65872.0,97789.0,82326.0,18.0,36.0,55.0,1.0,9.0,0.0,92.0,59.0,15.0,27.0,3.0,30.0,6.0,4.0,0.0,1.0,4.0,11.0,159.0,46.0,245.0,46.0
Microsoft.VisualStudio.Editor,17.14.249,ok,lib,net472,lib/net472/Microsoft.VisualStudio.Editor.dll,51216.0,88890.0,93571.0,31.0,43.0,44.0,1.0,9.0,2.0,88.0,5.0,3.0,0.0,4.0,70.0,68.0,0.0,0.0,16.0,22.0,12.0,151.0,42.0,150.0,42.0
Linguini.Bundle,0.11.0,ok,lib,netstandard2.1,lib/netstandard2.1/Linguini.Bundle.dll,329216.0,149556.0,325194.0,33.0,242.0,53.0,0.0,20.0,15.0,295.0,31.0,35.0,113.0,44.0,210.0,59.0,58.0,0.0,6.0,17.0,14.0,99.0,43.0,506.0,43.0
fo-dicom,5.2.6,ok,lib,netstandard2.0,lib/netstandard2.0/fo-dicom.core.dll,1740288.0,699105.0,914721.0,516.0,1431.0,1148.0,16.0,567.0,77.0,2595.0,856.0,171.0,330.0,371.0,1318.0,319.0,601.0,0.0,56.0,126.0,151.0,10162.0,821.0,5124.0,821.0
PowerArgs,4.0.3,ok,lib,net6.0,lib/net6.0/PowerArgs.dll,373760.0,210019.0,164245.0,228.0,550.0,485.0,2.0,176.0,10.0,1037.0,375.0,24.0,344.0,231.0,230.0,58.0,89.0,0.0,22.0,58.0,42.0,903.0,397.0,2373.0,397.0
CefSharp.Wpf,151.3.240,ok,lib,net462,lib/net462/CefSharp.Wpf.dll,141824.0,126209.0,322542.0,54.0,205.0,182.0,24.0,41.0,1.0,411.0,305.0,118.0,100.0,14.0,370.0,36.0,186.0,0.0,6.0,11.0,19.0,741.0,106.0,963.0,106.0
Microsoft.VisualStudio.RpcContracts,17.14.20,ok,lib,netstandard2.0,lib/netstandard2.0/Microsoft.VisualStudio.RpcContracts.dll,172064.0,139208.0,352238.0,199.0,361.0,396.0,20.0,154.0,62.0,777.0,90.0,68.0,34.0,119.0,416.0,211.0,24.0,0.0,52.0,59.0,64.0,582.0,256.0,1282.0,256.0
Dapr.Actors,1.18.5,ok,lib,net10.0,lib/net10.0/Dapr.Actors.dll,212992.0,154386.0,355230.0,52.0,113.0,242.0,0.0,42.0,2.0,355.0,294.0,55.0,162.0,15.0,92.0,69.0,10.0,0.0,14.0,20.0,15.0,967.0,242.0,1169.0,242.0
Realm,20.1.0,ok,lib,netstandard2.0,lib/netstandard2.0/Realm.dll,368128.0,206961.0,53540733.0,127.0,422.0,266.0,9.0,56.0,144.0,697.0,280.0,80.0,267.0,234.0,281.0,60.0,118.0,0.0,7.0,23.0,47.0,883.0,713.0,2921.0,713.0
chromiumembeddedframework.runtime.win-x64,151.3.24,native_only,,,,,65558.0,180927575.0,,,,,,,,,,,,,,,,,,,,,,
chromiumembeddedframework.runtime.win-x86,151.3.24,native_only,,,,,65558.0,157211121.0,,,,,,,,,,,,,,,,,,,,,,
Robust.Shared.AuthLib,0.1.2,ok,lib,netstandard2.1,lib/netstandard2.1/Robust.Shared.AuthLib.dll,5632.0,16745.0,13892.0,2.0,1.0,0.0,0.0,0.0,0.0,1.0,1.0,0.0,0.0,1.0,0.0,0.0,0.0,0.0,0.0,1.0,2.0,11.0,6.0,6.0,6.0
Microsoft.VisualStudio.Language.Intellisense,17.14.249,ok,lib,net472,lib/net472/Microsoft.VisualStudio.Language.Intellisense.dll,174096.0,124456.0,155397.0,129.0,199.0,230.0,28.0,49.0,2.0,457.0,43.0,44.0,0.0,2.0,491.0,311.0,42.0,0.0,83.0,87.0,17.0,283.0,151.0,692.0,151.0
Flurl.Http.Signed,4.0.2,ok,lib,netstandard2.0,lib/netstandard2.0/Flurl.Http.dll,113664.0,114276.0,225210.0,58.0,373.0,103.0,0.0,38.0,0.0,476.0,108.0,3.0,112.0,234.0,119.0,49.0,59.0,0.0,11.0,26.0,16.0,324.0,142.0,845.0,142.0
Xamarin.CommunityToolkit,2.0.6,ok,lib,netstandard2.1,lib/netstandard2.1/Xamarin.CommunityToolkit.dll,366512.0,207319.0,2459154.0,249.0,552.0,528.0,41.0,185.0,8.0,1121.0,626.0,137.0,253.0,314.0,298.0,63.0,68.0,0.0,12.0,49.0,63.0,1341.0,388.0,2622.0,388.0
Hyperion,0.12.2,ok,lib,netstandard2.0,lib/netstandard2.0/Hyperion.dll,101376.0,107680.0,141801.0,108.0,129.0,64.0,0.0,117.0,0.0,193.0,147.0,9.0,85.0,15.0,79.0,27.0,14.0,0.0,3.0,8.0,85.0,384.0,225.0,855.0,225.0
NCalc,7.1.0,ok,lib,netstandard2.0,lib/netstandard2.0/NCalc.dll,15360.0,72953.0,81323.0,0.0,0.0,29.0,0.0,0.0,0.0,29.0,3.0,0.0,0.0,0.0,0.0,0.0,0.0,0.0,0.0,0.0,0.0,54.0,41.0,96.0,41.0
xunit.runner.msbuild,2.9.3,native_only,,,,,65558.0,288135.0,,,,,,,,,,,,,,,,,,,,,,
Xamarin.AndroidX.MediaRouter,1.8.1.4,ok,lib,net10.0-android36.0,lib/net10.0-android36.0/Xamarin.AndroidX.MediaRouter.dll,330552.0,142353.0,1138739.0,72.0,243.0,454.0,1.0,82.0,0.0,698.0,562.0,181.0,93.0,15.0,366.0,10.0,0.0,0.0,10.0,22.0,33.0,480.0,123.0,1542.0,123.0
PCLStorage,1.0.2,ok,lib,net45,lib/net45/PCLStorage.dll,23040.0,76168.0,174834.0,7.0,15.0,9.0,0.0,8.0,0.0,24.0,36.0,0.0,4.0,3.0,20.0,0.0,20.0,0.0,0.0,2.0,2.0,125.0,25.0,76.0,25.0
Senparc.CO2NET,4.2.0,ok,lib,netstandard2.1,lib/netstandard2.1/Senparc.CO2NET.dll,151040.0,131608.0,339427.0,95.0,295.0,98.0,0.0,65.0,2.0,393.0,145.0,8.0,51.0,228.0,88.0,40.0,33.0,0.0,8.0,35.0,35.0,628.0,174.0,764.0,174.0
Microsoft.Azure.Management.Authorization,2.0.1,ok,lib,net40,lib/net40/Microsoft.Azure.Management.Authorization.dll,100744.0,98957.0,87943.0,33.0,67.0,64.0,0.0,28.0,0.0,131.0,45.0,1.0,26.0,44.0,45.0,33.0,7.0,0.0,5.0,10.0,5.0,447.0,82.0,320.0,82.0
xunit.v3.mtp-v2,4.0.0,metapackage,,,,,32224.0,32224.0,,,,,,,,,,,,,,,,,,,,,,
Volo.Abp.TestBase,10.6.0,ok,lib,netstandard2.1,lib/netstandard2.1/Volo.Abp.TestBase.dll,13312.0,72219.0,89293.0,6.0,29.0,7.0,0.0,5.0,0.0,36.0,5.0,29.0,1.0,0.0,29.0,5.0,5.0,0.0,1.0,3.0,0.0,30.0,15.0,57.0,15.0
SQLitePCLRaw.provider.sqlite3,3.0.5,ok,lib,netstandard2.0,lib/netstandard2.0/SQLitePCLRaw.provider.sqlite3.dll,40448.0,78285.0,61749.0,16.0,45.0,0.0,0.0,16.0,0.0,45.0,168.0,0.0,0.0,0.0,45.0,0.0,0.0,0.0,0.0,0.0,16.0,34.0,19.0,378.0,19.0
Finbuckle.MultiTenant.EntityFrameworkCore,10.1.3,ok,lib,net10.0,lib/net10.0/Finbuckle.MultiTenant.EntityFrameworkCore.dll,33280.0,64349.0,49175.0,15.0,28.0,8.0,0.0,5.0,0.0,36.0,26.0,4.0,23.0,15.0,17.0,3.0,3.0,0.0,1.0,10.0,10.0,89.0,36.0,104.0,36.0
VSLangProj,17.14.40260,ok,lib,netstandard2.0,lib/netstandard2.0/VSLangProj.dll,17992.0,76709.0,137564.0,0.0,0.0,0.0,0.0,0.0,0.0,0.0,0.0,0.0,0.0,0.0,0.0,0.0,0.0,0.0,0.0,0.0,0.0,0.0,1.0,0.0,1.0
jquery.cookie,1.4.1,metapackage,,,,,14840.0,14840.0,,,,,,,,,,,,,,,,,,,,,,
Elsa,3.8.0,ok,lib,net10.0,lib/net10.0/Elsa.dll,15872.0,52563.0,45515.0,5.0,6.0,34.0,0.0,3.0,0.0,40.0,4.0,0.0,3.0,3.0,3.0,0.0,1.0,0.0,0.0,2.0,2.0,43.0,19.0,87.0,19.0
Ecng.Net,1.0.541,ok,lib,net10.0,lib/net10.0/Ecng.Net.dll,65536.0,98411.0,109337.0,20.0,102.0,39.0,0.0,13.0,0.0,141.0,98.0,4.0,28.0,64.0,19.0,4.0,7.0,0.0,3.0,10.0,9.0,196.0,56.0,309.0,56.0
Microsoft.Windows.SDK.Win32Metadata,71.0.26-preview,metapackage,,,,,65558.0,6605166.0,,,,,,,,,,,,,,,,,,,,,,
Verify.XunitV3,32.0.0,ok,lib,net11.0,lib/net11.0/Verify.XunitV3.dll,51712.0,94320.0,250283.0,5.0,117.0,0.0,0.0,2.0,0.0,117.0,10.0,0.0,59.0,63.0,3.0,0.0,0.0,0.0,0.0,4.0,4.0,132.0,66.0,245.0,66.0
Azure.Communication.Sms,1.0.2,ok,lib,netstandard2.0,lib/netstandard2.0/Azure.Communication.Sms.dll,197664.0,153362.0,232290.0,15.0,23.0,135.0,0.0,17.0,0.0,158.0,258.0,14.0,54.0,1.0,15.0,0.0,11.0,0.0,0.0,1.0,11.0,737.0,191.0,976.0,191.0
Cake.Frosting,6.2.0,ok,lib,net10.0,lib/net10.0/Cake.Frosting.dll,53256.0,93708.0,189373.0,38.0,57.0,26.0,0.0,25.0,0.0,83.0,48.0,18.0,26.0,28.0,29.0,18.0,2.0,0.0,10.0,30.0,11.0,94.0,85.0,267.0,85.0
Carter,10.0.0,ok,lib,net10.0,lib/net10.0/Carter.dll,45056.0,87232.0,80802.0,20.0,57.0,11.0,0.0,10.0,0.0,68.0,60.0,2.0,42.0,21.0,11.0,6.0,4.0,0.0,4.0,13.0,8.0,160.0,55.0,198.0,55.0
ICSharpCode.Decompiler,11.0.0.9375,ok,lib,netstandard2.0,lib/netstandard2.0/ICSharpCode.Decompiler.dll,3040768.0,1563184.0,1690106.0,761.0,4558.0,3028.0,2.0,888.0,38.0,7588.0,3355.0,1304.0,2164.0,493.0,4472.0,736.0,797.0,0.0,57.0,151.0,446.0,6821.0,1638.0,15912.0,1638.0
Microsoft.Orleans.TestingHost,10.3.1,ok,lib,net10.0,lib/net10.0/Orleans.TestingHost.dll,309048.0,222588.0,379387.0,67.0,341.0,134.0,0.0,55.0,4.0,475.0,409.0,16.0,154.0,50.0,163.0,14.0,53.0,0.0,5.0,16.0,45.0,1154.0,295.0,1335.0,295.0
MathParser.org-mXparser,6.1.1,ok,lib,netstandard2.1,lib/netstandard2.1/MathParser.org-mXparser.dll,978944.0,343381.0,2950231.0,58.0,794.0,2.0,0.0,84.0,0.0,796.0,809.0,8.0,215.0,497.0,13.0,9.0,0.0,0.0,3.0,3.0,30.0,4963.0,104.0,1920.0,104.0
Microsoft.AspNetCore.SystemWebAdapters.CoreServices,2.3.0,ok,lib,net10.0,lib/net10.0/Microsoft.AspNetCore.SystemWebAdapters.CoreServices.dll,175688.0,142255.0,388679.0,26.0,38.0,163.0,0.0,10.0,0.0,201.0,255.0,35.0,79.0,33.0,4.0,4.0,0.0,0.0,4.0,16.0,17.0,608.0,192.0,815.0,192.0
Microsoft.VisualStudio.Language.StandardClassification,17.14.249,ok,lib,netstandard2.0,lib/netstandard2.0/Microsoft.VisualStudio.Language.StandardClassification.dll,19984.0,77130.0,100083.0,3.0,0.0,17.0,0.0,0.0,0.0,17.0,1.0,0.0,0.0,0.0,17.0,17.0,0.0,0.0,1.0,3.0,2.0,53.0,7.0,20.0,7.0
Microsoft.Orleans.Streaming,10.3.1,ok,lib,net10.0,lib/net10.0/Orleans.Streaming.dll,763744.0,428449.0,829897.0,261.0,597.0,213.0,0.0,191.0,9.0,810.0,700.0,60.0,245.0,112.0,505.0,144.0,225.0,0.0,60.0,92.0,137.0,2151.0,657.0,3030.0,657.0
Veldrid.SPIRV,1.0.15,ok,lib,netstandard2.0,lib/netstandard2.0/Veldrid.SPIRV.dll,19456.0,75098.0,33450342.0,13.0,11.0,17.0,0.0,14.0,0.0,28.0,8.0,0.0,7.0,12.0,0.0,0.0,0.0,0.0,0.0,2.0,5.0,80.0,29.0,77.0,29.0
Xamarin.AndroidX.Biometric,1.1.0.33,ok,lib,net10.0-android36.0,lib/net10.0-android36.0/Xamarin.AndroidX.Biometric.dll,58168.0,87773.0,303598.0,13.0,22.0,63.0,0.0,23.0,0.0,85.0,77.0,33.0,11.0,1.0,59.0,0.0,0.0,0.0,1.0,4.0,0.0,70.0,29.0,233.0,29.0
ini-parser,3.4.0,ok,lib,net20,lib/net20/INIFileParser.dll,30208.0,52606.0,39086.0,17.0,63.0,52.0,0.0,38.0,0.0,115.0,17.0,15.0,4.0,0.0,30.0,3.0,9.0,0.0,1.0,1.0,0.0,63.0,21.0,213.0,21.0
XamlAnimatedGif,2.3.2,ok,lib,net5.0-windows7.0,lib/net5.0-windows7.0/XamlAnimatedGif.dll,99840.0,110049.0,213026.0,19.0,54.0,106.0,5.0,16.0,0.0,165.0,248.0,23.0,55.0,29.0,24.0,2.0,1.0,0.0,0.0,3.0,7.0,543.0,121.0,570.0,121.0
CSharpier.MsBuild,1.3.0,ok,lib,net10.0,lib/net10.0/CSharpier.MsBuild.dll,4096.0,67667.0,46863648.0,0.0,0.0,0.0,0.0,0.0,0.0,0.0,0.0,0.0,0.0,0.0,0.0,0.0,0.0,0.0,0.0,0.0,0.0,0.0,1.0,0.0,1.0
Volo.Abp.Identity.Application,10.6.0,ok,lib,net10.0,lib/net10.0/Volo.Abp.Identity.Application.dll,51200.0,75129.0,54146.0,8.0,38.0,12.0,0.0,8.0,0.0,50.0,66.0,16.0,7.0,0.0,38.0,0.0,0.0,0.0,0.0,1.0,0.0,222.0,44.0,133.0,44.0
SQLitePCLRaw.provider.sqlite3.ios_unified,1.1.14,ok,lib,Xamarin.iOS10,lib/Xamarin.iOS10/SQLitePCLRaw.provider.sqlite3.dll,39936.0,45004.0,28935.0,17.0,45.0,12.0,0.0,16.0,0.0,57.0,143.0,0.0,67.0,0.0,45.0,0.0,0.0,0.0,0.0,1.0,17.0,83.0,38.0,414.0,38.0
NDesk.Options,0.2.1,ok,lib,,lib/NDesk.Options.dll,22016.0,37943.0,24849.0,7.0,41.0,20.0,0.0,10.0,0.0,61.0,30.0,16.0,6.0,1.0,26.0,1.0,13.0,0.0,0.0,1.0,2.0,29.0,14.0,114.0,14.0
Xunit.StaFact,4.0.23,ok,lib,netstandard2.0,lib/netstandard2.0/Xunit.StaFact.dll,75152.0,103381.0,200675.0,17.0,16.0,60.0,0.0,13.0,0.0,76.0,86.0,15.0,58.0,1.0,15.0,0.0,2.0,0.0,0.0,0.0,2.0,247.0,98.0,307.0,98.0
Microsoft.Azure.Management.Compute,61.0.0,ok,lib,netstandard2.0,lib/netstandard2.0/Microsoft.Azure.Management.Compute.dll,2407360.0,625282.0,3134955.0,609.0,1576.0,1842.0,0.0,887.0,0.0,3418.0,2518.0,5.0,121.0,956.0,748.0,559.0,17.0,0.0,50.0,196.0,170.0,13777.0,1665.0,8681.0,1665.0
FlaUI.UIA3,5.0.0,ok,lib,net8.0-windows7.0,lib/net8.0-windows7.0/FlaUI.UIA3.dll,108544.0,107278.0,156431.0,100.0,183.0,362.0,0.0,86.0,0.0,545.0,80.0,37.0,91.0,27.0,492.0,0.0,373.0,0.0,0.0,13.0,13.0,483.0,150.0,854.0,150.0
OxyPlot.Wpf,2014.1.546,ok,lib,net45,lib/net45/OxyPlot.Wpf.dll,143360.0,119265.0,380809.0,58.0,165.0,331.0,0.0,53.0,0.0,496.0,91.0,77.0,4.0,35.0,115.0,5.0,31.0,0.0,0.0,17.0,5.0,373.0,64.0,962.0,64.0
Microsoft.Windows.ImplementationLibrary,1.0.260126.7,metapackage,,,,,65558.0,379376.0,,,,,,,,,,,,,,,,,,,,,,
OpenCvSharp4.Extensions,4.13.0.20260627,ok,lib,netstandard2.1,lib/netstandard2.1/OpenCvSharp.Extensions.dll,21504.0,66340.0,55671.0,3.0,10.0,0.0,0.0,0.0,0.0,10.0,4.0,0.0,7.0,10.0,0.0,0.0,0.0,0.0,0.0,3.0,3.0,18.0,13.0,27.0,13.0
Pgvector.EntityFrameworkCore,0.3.0,ok,lib,net8.0,lib/net8.0/Pgvector.EntityFrameworkCore.dll,13312.0,31541.0,25525.0,9.0,14.0,6.0,0.0,8.0,0.0,20.0,5.0,2.0,0.0,8.0,8.0,0.0,3.0,0.0,0.0,2.0,2.0,12.0,12.0,38.0,12.0
NLipsum,1.1.0,ok,lib,netstandard1.0,lib/netstandard1.0/NLipsum.Core.dll,64512.0,93336.0,110412.0,11.0,27.0,54.0,0.0,12.0,0.0,81.0,1.0,5.0,16.0,37.0,2.0,0.0,0.0,0.0,0.0,5.0,6.0,15.0,13.0,109.0,13.0
Antlr4BuildTasks,12.14.0,ok,lib,netstandard2.0,lib/netstandard2.0/Antlr4BuildTasks.dll,612352.0,320054.0,277982.0,133.0,359.0,1035.0,14.0,105.0,1.0,1408.0,924.0,143.0,737.0,105.0,533.0,113.0,72.0,0.0,10.0,35.0,35.0,2926.0,533.0,3974.0,533.0
Dapr.Actors.AspNetCore,1.18.5,ok,lib,net10.0,lib/net10.0/Dapr.Actors.AspNetCore.dll,26112.0,71126.0,58763.0,2.0,2.0,1.0,0.0,0.0,0.0,3.0,29.0,0.0,14.0,2.0,0.0,0.0,0.0,0.0,0.0,2.0,2.0,71.0,23.0,61.0,23.0
Azure.Messaging.WebPubSub,1.6.0,ok,lib,netstandard2.0,lib/netstandard2.0/Azure.Messaging.WebPubSub.dll,246312.0,162427.0,261166.0,18.0,99.0,126.0,0.0,20.0,0.0,225.0,330.0,16.0,97.0,6.0,89.0,0.0,11.0,0.0,0.0,2.0,15.0,1121.0,223.0,1091.0,223.0
Diacritics,4.1.8,ok,lib,netstandard2.1,lib/netstandard2.1/Diacritics.dll,31232.0,75578.0,98089.0,42.0,24.0,42.0,0.0,39.0,3.0,66.0,41.0,0.0,0.0,12.0,53.0,7.0,43.0,0.0,2.0,3.0,2.0,48.0,48.0,161.0,48.0
Microsoft.ServiceHub.Client,4.1.3102,ok,lib,netstandard2.0,lib/netstandard2.0/Microsoft.ServiceHub.Client.dll,378760.0,208757.0,410895.0,11.0,28.0,121.0,8.0,17.0,0.0,157.0,223.0,29.0,195.0,0.0,20.0,0.0,7.0,0.0,0.0,0.0,4.0,4348.0,202.0,862.0,202.0
NLog.Targets.Syslog,7.0.0,ok,lib,netstandard2.0,lib/netstandard2.0/NLog.Targets.Syslog.dll,732672.0,291691.0,476606.0,30.0,16.0,97.0,1.0,24.0,1.0,114.0,110.0,32.0,50.0,1.0,15.0,0.0,10.0,0.0,0.0,1.0,7.0,427.0,112.0,542.0,112.0
Mono.Posix,5.4.0.201,native_only,,,,,65558.0,98376.0,,,,,,,,,,,,,,,,,,,,,,
TagLibSharp,2.3.0,ok,lib,netstandard2.0,lib/netstandard2.0/TagLibSharp.dll,500224.0,269007.0,1378355.0,292.0,789.0,1291.0,1.0,492.0,28.0,2081.0,537.0,208.0,27.0,157.0,1698.0,54.0,240.0,0.0,11.0,33.0,88.0,2288.0,337.0,3869.0,337.0
Testcontainers.LocalStack,4.15.0,ok,lib,netstandard2.1,lib/netstandard2.1/Testcontainers.LocalStack.dll,19456.0,79932.0,178223.0,3.0,7.0,1.0,0.0,9.0,0.0,8.0,2.0,7.0,5.0,0.0,7.0,0.0,0.0,0.0,0.0,0.0,3.0,10.0,9.0,30.0,9.0
Microsoft.Azure.DataLake.Store,2.0.3,ok,lib,netstandard2.0,lib/netstandard2.0/Microsoft.Azure.DataLake.Store.dll,250912.0,165766.0,162618.0,39.0,192.0,199.0,0.0,25.0,0.0,391.0,393.0,71.0,267.0,43.0,157.0,3.0,0.0,0.0,0.0,3.0,16.0,1417.0,203.0,1095.0,203.0
SkiaSharp.Extended,3.0.0,ok,lib,netstandard2.0,lib/netstandard2.0/SkiaSharp.Extended.dll,36896.0,85457.0,124071.0,7.0,44.0,9.0,0.0,3.0,0.0,53.0,25.0,0.0,2.0,41.0,1.0,0.0,0.0,0.0,0.0,4.0,5.0,22.0,19.0,108.0,19.0
Xamarin.AndroidX.Camera.Camera2,1.6.1.1,ok,lib,net10.0-android36.0,lib/net10.0-android36.0/Xamarin.AndroidX.Camera.Camera2.dll,669024.0,208604.0,2235774.0,342.0,421.0,1661.0,0.0,156.0,0.0,2082.0,960.0,708.0,575.0,104.0,1147.0,74.0,164.0,0.0,29.0,63.0,279.0,507.0,421.0,3699.0,421.0
IsExternalInit,1.0.3,metapackage,,,,,30699.0,30699.0,,,,,,,,,,,,,,,,,,,,,,
Xamarin.AndroidX.Camera.Lifecycle,1.6.1.1,ok,lib,net10.0-android36.0,lib/net10.0-android36.0/Xamarin.AndroidX.Camera.Lifecycle.dll,59232.0,87310.0,191880.0,11.0,55.0,44.0,0.0,1.0,0.0,99.0,53.0,16.0,13.0,15.0,39.0,9.0,12.0,0.0,2.0,4.0,6.0,29.0,23.0,203.0,23.0
Xamarin.AndroidX.AppCompat.Resources,1.1.0.3,ok,lib,net7.0-android33.0,lib/net7.0-android33.0/Xamarin.AndroidX.AppCompat.Resources.dll,16944.0,75813.0,84272.0,2.0,0.0,0.0,0.0,1.0,0.0,0.0,3.0,0.0,0.0,0.0,0.0,0.0,0.0,0.0,0.0,0.0,0.0,1.0,5.0,6.0,5.0
Microsoft.Orleans.Persistence.AzureStorage,10.3.1,ok,lib,net10.0,lib/net10.0/Orleans.Persistence.AzureStorage.dll,204088.0,164511.0,243033.0,18.0,45.0,50.0,0.0,17.0,0.0,95.0,249.0,7.0,62.0,14.0,27.0,2.0,18.0,0.0,1.0,6.0,7.0,597.0,116.0,520.0,116.0
Fido2.AspNet,4.0.1,ok,lib,net8.0,lib/net8.0/Fido2.AspNet.dll,20480.0,48698.0,38672.0,5.0,16.0,3.0,0.0,2.0,0.0,19.0,17.0,8.0,9.0,6.0,13.0,2.0,2.0,0.0,2.0,3.0,1.0,73.0,21.0,57.0,21.0
Microsoft.VisualStudio.Language,17.14.249,ok,lib,netstandard2.0,lib/netstandard2.0/Microsoft.VisualStudio.Language.dll,110608.0,111732.0,315898.0,145.0,132.0,299.0,19.0,114.0,8.0,450.0,27.0,27.0,37.0,18.0,235.0,167.0,8.0,0.0,37.0,59.0,78.0,496.0,180.0,762.0,180.0
YesSql.Abstractions,6.0.0,ok,lib,net10.0,lib/net10.0/YesSql.Abstractions.dll,43008.0,84818.0,105832.0,67.0,270.0,118.0,0.0,12.0,0.0,388.0,42.0,2.0,10.0,34.0,366.0,335.0,30.0,0.0,48.0,55.0,8.0,94.0,84.0,505.0,84.0
Microsoft.Extensions.Compliance.Redaction,10.9.0,ok,lib,net10.0,lib/net10.0/Microsoft.Extensions.Compliance.Redaction.dll,53600.0,91901.0,161777.0,5.0,8.0,23.0,0.0,3.0,0.0,31.0,42.0,2.0,5.0,5.0,4.0,0.0,0.0,0.0,0.0,2.0,4.0,141.0,33.0,159.0,33.0
Xamarin.AndroidX.Camera.View,1.6.1.1,ok,lib,net10.0-android36.0,lib/net10.0-android36.0/Xamarin.AndroidX.Camera.View.dll,141664.0,106025.0,361425.0,29.0,54.0,176.0,0.0,30.0,0.0,230.0,247.0,62.0,37.0,23.0,142.0,2.0,0.0,0.0,5.0,6.0,14.0,156.0,55.0,629.0,55.0
SkiaSharp.Views.WPF,4.152.0,ok,lib,net10.0-windows10.0.19041,lib/net10.0-windows10.0.19041/SkiaSharp.Views.WPF.dll,25952.0,80962.0,174672.0,3.0,23.0,4.0,2.0,2.0,0.0,29.0,7.0,7.0,1.0,15.0,8.0,0.0,1.0,0.0,0.0,1.0,1.0,24.0,5.0,43.0,5.0
gong-wpf-dragdrop,4.0.0,ok,lib,net8.0-windows7.0,lib/net8.0-windows7.0/GongSolutions.WPF.DragDrop.dll,214392.0,213911.0,508581.0,37.0,201.0,151.0,1.0,12.0,0.0,353.0,114.0,38.0,59.0,173.0,171.0,82.0,69.0,0.0,12.0,22.0,13.0,290.0,71.0,627.0,71.0
GitVersionTask,5.5.1,tools_only,,,,,65558.0,12114607.0,,,,,,,,,,,,,,,,,,,,,,
LdapForNet,2.7.15,ok,lib,netstandard2.1,lib/netstandard2.1/LdapForNet.dll,171520.0,137150.0,225935.0,157.0,223.0,120.0,0.0,138.0,0.0,343.0,183.0,20.0,600.0,48.0,90.0,27.0,28.0,0.0,1.0,17.0,44.0,878.0,268.0,1451.0,268.0
Ardalis.Result.AspNetCore,10.1.0,ok,lib,net8.0,lib/net8.0/Ardalis.Result.AspNetCore.dll,19968.0,62075.0,53030.0,6.0,18.0,7.0,0.0,2.0,0.0,25.0,19.0,0.0,24.0,8.0,1.0,0.0,0.0,0.0,0.0,2.0,2.0,31.0,14.0,73.0,14.0
Umbraco.Code,2.4.0,tools_only,,,,,27973.0,27973.0,,,,,,,,,,,,,,,,,,,,,,
Microsoft.Azure.Batch,16.3.1,ok,lib,netstandard2.0,lib/netstandard2.0/Microsoft.Azure.Batch.dll,1525792.0,505193.0,2905541.0,743.0,603.0,2896.0,0.0,899.0,0.0,3499.0,1313.0,49.0,1066.0,237.0,935.0,157.0,752.0,0.0,25.0,49.0,133.0,7374.0,1452.0,9204.0,1452.0
Microsoft.VisualStudio.Language.NavigateTo.Interfaces,17.14.249,ok,lib,net472,lib/net472/Microsoft.VisualStudio.Language.NavigateTo.Interfaces.dll,27664.0,80509.0,81165.0,30.0,19.0,47.0,0.0,18.0,0.0,66.0,4.0,11.0,0.0,2.0,32.0,30.0,2.0,0.0,13.0,18.0,14.0,72.0,34.0,101.0,34.0
NGettext,0.6.7,ok,lib,netstandard2.0,lib/netstandard2.0/NGettext.dll,40448.0,84574.0,260298.0,25.0,85.0,34.0,0.0,51.0,0.0,119.0,20.0,31.0,28.0,0.0,75.0,13.0,5.0,0.0,5.0,5.0,5.0,108.0,35.0,246.0,35.0
Microsoft.NETCore.App.Runtime.NativeAOT.linux-x64,10.0.12,native_only,,,,,65558.0,26334943.0,,,,,,,,,,,,,,,,,,,,,,
Aspire.Azure.Data.Tables,13.5.3,ok,lib,net10.0,lib/net10.0/Aspire.Azure.Data.Tables.dll,55608.0,101958.0,175630.0,2.0,4.0,11.0,0.0,1.0,0.0,15.0,4.0,19.0,16.0,4.0,0.0,0.0,0.0,0.0,0.0,1.0,2.0,33.0,17.0,89.0,17.0
ILRepack,2.0.48,metapackage,,,,,65558.0,741030.0,,,,,,,,,,,,,,,,,,,,,,
InputSimulator,1.0.4,ok,lib,net20,lib/net20/WindowsInput.dll,22528.0,47257.0,36906.0,10.0,72.0,11.0,0.0,5.0,0.0,83.0,8.0,0.0,2.0,0.0,82.0,41.0,41.0,0.0,4.0,4.0,2.0,232.0,24.0,128.0,24.0
Senparc.Weixin,6.25.1,ok,lib,netstandard2.1,lib/netstandard2.1/Senparc.Weixin.dll,174592.0,142236.0,468865.0,156.0,127.0,231.0,1.0,138.0,4.0,359.0,116.0,18.0,18.0,131.0,280.0,136.0,21.0,0.0,21.0,42.0,101.0,1644.0,192.0,804.0,192.0
Microsoft.Orleans.Persistence.AdoNet,10.3.1,ok,lib,net10.0,lib/net10.0/Orleans.Persistence.AdoNet.dll,129336.0,134210.0,190616.0,13.0,21.0,84.0,0.0,8.0,0.0,105.0,96.0,2.0,96.0,9.0,18.0,4.0,14.0,0.0,2.0,5.0,4.0,319.0,89.0,374.0,89.0
WpfAnimatedGif,2.0.2,ok,lib,netcoreapp3.0,lib/netcoreapp3.0/WpfAnimatedGif.dll,43008.0,85989.0,107623.0,2.0,24.0,81.0,1.0,0.0,0.0,106.0,109.0,5.0,31.0,18.0,3.0,0.0,1.0,0.0,0.0,1.0,1.0,115.0,31.0,287.0,31.0
Microsoft.VisualStudio.SDK,17.14.40265,metapackage,,,,,35378.0,35378.0,,,,,,,,,,,,,,,,,,,,,,
json2,1.0.2,metapackage,,,,,19102.0,19102.0,,,,,,,,,,,,,,,,,,,,,,
YesSql.Core,6.0.0,ok,lib,net10.0,lib/net10.0/YesSql.Core.dll,232448.0,161794.0,278857.0,65.0,305.0,204.0,0.0,60.0,2.0,509.0,413.0,37.0,93.0,44.0,316.0,23.0,198.0,0.0,1.0,15.0,16.0,1009.0,205.0,1222.0,205.0
MyCSharp.HttpUserAgentParser,3.1.6,ok,lib,net10.0,lib/net10.0/MyCSharp.HttpUserAgentParser.dll,49664.0,94176.0,217777.0,16.0,28.0,20.0,0.0,4.0,0.0,48.0,15.0,1.0,16.0,21.0,4.0,1.0,2.0,0.0,1.0,7.0,12.0,66.0,26.0,107.0,26.0
Microsoft.ML.OnnxRuntime.Gpu,1.29.0,metapackage,,,,,65558.0,326463.0,,,,,,,,,,,,,,,,,,,,,,
WireMock.Net.FluentAssertions,2.15.0,ok,lib,netstandard2.0,lib/netstandard2.0/WireMock.Net.FluentAssertions.dll,61952.0,82709.0,61788.0,4.0,43.0,3.0,0.0,3.0,0.0,46.0,6.0,1.0,98.0,1.0,1.0,0.0,0.0,0.0,0.0,1.0,1.0,98.0,28.0,175.0,28.0
Azure.AI.Projects,2.0.1,ok,lib,netstandard2.0,lib/netstandard2.0/Azure.AI.Projects.dll,1418552.0,453266.0,1553525.0,161.0,837.0,1315.0,0.0,103.0,110.0,2152.0,2422.0,1461.0,1220.0,301.0,753.0,0.0,32.0,0.0,0.0,18.0,35.0,3989.0,1143.0,8193.0,1143.0
Microsoft.VisualStudio.LanguageServer.Client,17.14.60,ok,lib,netstandard2.0,lib/netstandard2.0/Microsoft.VisualStudio.LanguageServer.Client.dll,24592.0,79286.0,313776.0,18.0,15.0,19.0,2.0,5.0,0.0,36.0,1.0,1.0,0.0,0.0,32.0,30.0,1.0,0.0,9.0,11.0,4.0,57.0,24.0,50.0,24.0
Aspire.Hosting.NodeJs,9.5.2,ok,lib,net8.0,lib/net8.0/Aspire.Hosting.NodeJs.dll,30744.0,84770.0,60417.0,2.0,2.0,0.0,0.0,1.0,0.0,2.0,1.0,0.0,0.0,2.0,0.0,0.0,0.0,0.0,0.0,1.0,1.0,0.0,4.0,5.0,4.0
Microsoft.Windows.CsWin32,0.3.333,native_only,,,,,65558.0,9151524.0,,,,,,,,,,,,,,,,,,,,,,
DuckDB.NET.Data.Full,1.5.5,ok,lib,net10.0,lib/net10.0/DuckDB.NET.Data.dll,166912.0,138885.0,240307.0,30.0,231.0,129.0,0.0,26.0,10.0,360.0,152.0,62.0,170.0,21.0,219.0,34.0,29.0,0.0,3.0,9.0,8.0,365.0,139.0,928.0,139.0
Polyfill,11.2.0,metapackage,,,,,576488.0,4189916.0,,,,,,,,,,,,,,,,,,,,,,
Utf8StringInterpolation,1.3.2,ok,lib,netstandard2.1,lib/netstandard2.1/Utf8StringInterpolation.dll,33280.0,77989.0,77242.0,4.0,73.0,18.0,0.0,5.0,0.0,91.0,23.0,0.0,1.0,15.0,2.0,0.0,1.0,0.0,0.0,2.0,4.0,44.0,29.0,157.0,29.0
Azure.Core.Expressions.DataFactory,1.0.0,ok,lib,netstandard2.0,lib/netstandard2.0/Azure.Core.Expressions.DataFactory.dll,57792.0,94293.0,68227.0,7.0,15.0,55.0,0.0,6.0,7.0,70.0,34.0,1.0,22.0,16.0,11.0,0.0,2.0,0.0,0.0,1.0,3.0,78.0,45.0,264.0,45.0
OllamaSharp,5.4.30,ok,lib,netstandard2.1,lib/netstandard2.1/OllamaSharp.dll,371200.0,190097.0,865040.0,59.0,86.0,359.0,3.0,68.0,14.0,448.0,417.0,9.0,789.0,65.0,66.0,21.0,22.0,0.0,4.0,8.0,5.0,1727.0,155.0,2016.0,155.0
MessageFormat,8.0.0,ok,lib,netstandard2.1,lib/netstandard2.1/Jeffijoe.MessageFormat.dll,72704.0,94029.0,176267.0,37.0,57.0,99.0,0.0,29.0,0.0,156.0,112.0,13.0,16.0,4.0,54.0,12.0,18.0,0.0,6.0,10.0,6.0,163.0,104.0,426.0,104.0
Aspire.Npgsql,13.5.3,ok,lib,net10.0,lib/net10.0/Aspire.Npgsql.dll,39224.0,93605.0,173222.0,2.0,2.0,8.0,0.0,1.0,0.0,10.0,5.0,0.0,5.0,2.0,0.0,0.0,0.0,0.0,0.0,1.0,1.0,19.0,16.0,43.0,16.0
Accord.MachineLearning,3.8.0,ok,lib,netstandard2.0,lib/netstandard2.0/Accord.MachineLearning.dll,427008.0,248805.0,3186628.0,302.0,755.0,734.0,4.0,424.0,18.0,1493.0,454.0,188.0,229.0,105.0,545.0,61.0,250.0,0.0,17.0,57.0,39.0,1293.0,506.0,3228.0,506.0
Azure.ResourceManager.ContainerService,1.7.0,ok,lib,netstandard2.0,lib/netstandard2.0/Azure.ResourceManager.ContainerService.dll,1702720.0,517599.0,2007944.0,242.0,1337.0,1536.0,0.0,219.0,291.0,2873.0,2177.0,1250.0,1093.0,705.0,1156.0,0.0,84.0,0.0,0.0,2.0,84.0,4646.0,963.0,8402.0,963.0
Microsoft.Orleans.Reminders.AdoNet,10.3.1,ok,lib,net10.0,lib/net10.0/Orleans.Reminders.AdoNet.dll,94008.0,119853.0,157804.0,3.0,4.0,65.0,0.0,2.0,0.0,69.0,63.0,2.0,105.0,3.0,1.0,0.0,1.0,0.0,0.0,1.0,1.0,222.0,66.0,284.0,66.0
Vanara.PInvoke.Kernel32,5.0.7,ok,lib,netstandard2.1,lib/netstandard2.1/Vanara.PInvoke.Kernel32.dll,791040.0,336704.0,12825415.0,1021.0,2285.0,678.0,0.0,238.0,221.0,2963.0,308.0,33.0,87.0,2397.0,352.0,0.0,87.0,0.0,0.0,6.0,961.0,6559.0,1106.0,3935.0,1106.0
Aspire.Hosting.JavaScript,13.5.3,ok,lib,net8.0,lib/net8.0/Aspire.Hosting.JavaScript.dll,118072.0,131015.0,111382.0,14.0,23.0,48.0,0.0,13.0,2.0,71.0,77.0,0.0,55.0,20.0,4.0,0.0,1.0,0.0,0.0,1.0,8.0,140.0,53.0,258.0,53.0
Volo.Abp.Account.Web,10.6.0,ok,lib,net10.0,lib/net10.0/Volo.Abp.Account.Web.dll,240640.0,143279.0,141748.0,32.0,54.0,241.0,0.0,30.0,0.0,295.0,444.0,37.0,61.0,0.0,56.0,1.0,3.0,0.0,1.0,2.0,1.0,947.0,201.0,951.0,201.0
ZstdNet,1.5.7,ok,lib,netstandard2.1,lib/netstandard2.1/ZstdNet.dll,38912.0,88767.0,2213894.0,13.0,51.0,15.0,0.0,17.0,0.0,66.0,31.0,9.0,3.0,9.0,43.0,0.0,4.0,0.0,0.0,1.0,6.0,134.0,25.0,184.0,25.0
Devart.Data.Oracle.EFCore,11.2.192.10,ok,lib,net10.0,lib/net10.0/Devart.Data.Oracle.Entity.EFCore.dll,1795992.0,736035.0,703579.0,73.0,502.0,848.0,0.0,33.0,0.0,1350.0,2873.0,951.0,1177.0,394.0,30.0,7.0,2.0,0.0,2.0,19.0,26.0,4540.0,2574.0,13496.0,2574.0
BlazorInputFile,0.2.0,ok,lib,netstandard2.1,lib/netstandard2.1/BlazorInputFile.dll,20480.0,44992.0,34773.0,6.0,14.0,24.0,2.0,4.0,0.0,40.0,23.0,6.0,5.0,1.0,35.0,11.0,10.0,0.0,1.0,3.0,1.0,92.0,19.0,93.0,19.0
ZXing.Net.Bindings.Windows.Compatibility,0.16.16,ok,lib,netstandard2.0,lib/netstandard2.0/ZXing.Windows.Compatibility.dll,19456.0,75471.0,209143.0,7.0,12.0,5.0,0.0,8.0,0.0,17.0,11.0,7.0,1.0,8.0,4.0,0.0,1.0,0.0,0.0,2.0,2.0,30.0,14.0,43.0,14.0
Microsoft.ML.Tokenizers.Data.O200kBase,2.0.0,ok,lib,netstandard2.0,lib/netstandard2.0/Microsoft.ML.Tokenizers.Data.O200kBase.dll,1199376.0,1259683.0,1230809.0,0.0,0.0,0.0,0.0,0.0,0.0,0.0,0.0,0.0,0.0,0.0,0.0,0.0,0.0,0.0,0.0,0.0,0.0,1.0,4.0,3.0,4.0
MonoMod.RuntimeDetour,25.3.6,ok,lib,netstandard2.1,lib/netstandard2.1/MonoMod.RuntimeDetour.dll,73728.0,97567.0,772304.0,25.0,70.0,112.0,18.0,63.0,0.0,200.0,72.0,18.0,47.0,32.0,45.0,7.0,31.0,0.0,1.0,6.0,18.0,225.0,84.0,543.0,84.0
ReactiveUI.Fody,19.5.41,ok,lib,netstandard2.0,lib/netstandard2.0/ReactiveUI.Fody.Helpers.dll,26128.0,84504.0,279586.0,4.0,2.0,2.0,0.0,3.0,0.0,4.0,2.0,0.0,0.0,2.0,0.0,0.0,0.0,0.0,0.0,1.0,4.0,16.0,10.0,15.0,10.0
Azure.ResourceManager.DataFactory,1.11.1,ok,lib,netstandard2.0,lib/netstandard2.0/Azure.ResourceManager.DataFactory.dll,4525920.0,1090150.0,4304811.0,884.0,1697.0,4438.0,0.0,853.0,339.0,6135.0,5903.0,2421.0,3255.0,803.0,1601.0,0.0,124.0,0.0,0.0,27.0,126.0,9538.0,2258.0,21458.0,2258.0
Microsoft.Azure.Functions.Worker.OpenTelemetry,1.2.0,ok,lib,netstandard2.0,lib/netstandard2.0/Microsoft.Azure.Functions.Worker.OpenTelemetry.dll,31776.0,75982.0,53957.0,2.0,2.0,0.0,0.0,1.0,0.0,2.0,7.0,0.0,4.0,1.0,1.0,0.0,1.0,0.0,0.0,1.0,2.0,35.0,12.0,24.0,12.0
DeviceId,6.11.0,ok,lib,netstandard2.0,lib/netstandard2.0/DeviceId.dll,24064.0,77340.0,119467.0,32.0,47.0,14.0,0.0,30.0,0.0,61.0,17.0,2.0,10.0,13.0,31.0,9.0,18.0,0.0,7.0,11.0,3.0,53.0,46.0,129.0,46.0
WeCantSpell.Hunspell,7.0.1,ok,lib,netstandard2.0,lib/netstandard2.0/WeCantSpell.Hunspell.dll,221696.0,164360.0,367195.0,55.0,246.0,404.0,0.0,22.0,20.0,650.0,443.0,9.0,175.0,133.0,135.0,11.0,81.0,0.0,0.0,6.0,51.0,705.0,145.0,1652.0,145.0
Blazorise.Snackbar,2.3.2,ok,lib,net10.0,lib/net10.0/Blazorise.Snackbar.dll,32256.0,79469.0,75426.0,14.0,29.0,59.0,0.0,9.0,0.0,88.0,28.0,29.0,10.0,0.0,19.0,0.0,0.0,0.0,0.0,1.0,5.0,137.0,31.0,187.0,31.0
OrchardCore.Localization.Core,3.0.1,ok,lib,net10.0,lib/net10.0/OrchardCore.Localization.Core.dll,59904.0,68815.0,44570.0,16.0,25.0,98.0,0.0,13.0,0.0,123.0,137.0,2.0,36.0,7.0,20.0,0.0,14.0,0.0,0.0,3.0,3.0,127.0,40.0,300.0,40.0
Xam.Plugin.DeviceInfo,4.1.1,ok,lib,netstandard2.0,lib/netstandard2.0/Plugin.DeviceInfo.dll,7168.0,69391.0,94225.0,4.0,1.0,13.0,0.0,1.0,0.0,14.0,3.0,0.0,3.0,2.0,12.0,12.0,0.0,0.0,1.0,1.0,2.0,24.0,7.0,23.0,7.0
Blazorise.Components,2.3.2,ok,lib,net10.0,lib/net10.0/Blazorise.Components.dll,222208.0,151518.0,320297.0,31.0,138.0,401.0,1.0,28.0,12.0,540.0,335.0,172.0,74.0,13.0,107.0,0.0,13.0,0.0,0.0,1.0,11.0,756.0,141.0,1311.0,141.0
Google.Apis.Auth.AspNetCore3,1.76.0,ok,lib,netcoreapp3.0,lib/netcoreapp3.0/Google.Apis.Auth.AspNetCore3.dll,27648.0,61907.0,49137.0,4.0,7.0,5.0,0.0,1.0,0.0,12.0,19.0,2.0,7.0,4.0,3.0,3.0,0.0,0.0,1.0,3.0,2.0,77.0,25.0,59.0,25.0
Senparc.NeuChar,3.0.0,ok,lib,netstandard2.1,lib/netstandard2.1/Senparc.NeuChar.dll,158720.0,131289.0,277439.0,149.0,164.0,352.0,2.0,98.0,0.0,518.0,113.0,9.0,26.0,78.0,351.0,192.0,104.0,0.0,40.0,59.0,21.0,701.0,205.0,1086.0,205.0
ReactiveProperty,9.9.0,ok,lib,netstandard2.0,lib/netstandard2.0/ReactiveProperty.dll,128000.0,121036.0,352782.0,52.0,213.0,89.0,10.0,35.0,0.0,312.0,197.0,9.0,187.0,141.0,69.0,8.0,54.0,0.0,2.0,32.0,30.0,475.0,196.0,863.0,196.0
Meziantou.Framework.Win32.CredentialManager,3.0.3,ok,lib,net11.0,lib/net11.0/Meziantou.Framework.Win32.CredentialManager.dll,276480.0,217083.0,431264.0,7.0,18.0,22.0,0.0,3.0,0.0,40.0,4.0,0.0,53.0,16.0,2.0,0.0,0.0,0.0,0.0,1.0,7.0,3500.0,28.0,159.0,28.0
LightInject.WebApi,2.0.0,ok,lib,net46,lib/net46/LightInject.WebApi.dll,7680.0,32072.0,28142.0,2.0,7.0,0.0,0.0,1.0,0.0,7.0,1.0,0.0,3.0,3.0,4.0,0.0,4.0,0.0,0.0,1.0,1.0,10.0,7.0,20.0,7.0
Neovolve.Logging.Xunit,6.3.0,ok,lib,netstandard2.0,lib/netstandard2.0/Neovolve.Logging.Xunit.dll,20992.0,52268.0,41962.0,20.0,38.0,28.0,1.0,15.0,0.0,67.0,16.0,19.0,7.0,15.0,31.0,8.0,10.0,0.0,3.0,12.0,7.0,53.0,31.0,123.0,31.0
KeraLua,1.4.9,ok,lib,netstandard2.0,lib/netstandard2.0/KeraLua.dll,30720.0,79311.0,5842559.0,19.0,205.0,15.0,0.0,9.0,0.0,220.0,3.0,2.0,126.0,3.0,24.0,0.0,1.0,0.0,0.0,0.0,18.0,89.0,22.0,374.0,22.0
Ardalis.ListStartupServices,1.1.4,ok,lib,netstandard2.0,lib/netstandard2.0/Ardalis.ListStartupServices.dll,8704.0,19857.0,15611.0,3.0,2.0,2.0,0.0,2.0,0.0,4.0,2.0,0.0,0.0,1.0,0.0,0.0,0.0,0.0,0.0,1.0,1.0,9.0,5.0,10.0,5.0
Microsoft.DotNet.Analyzers.Compatibility,0.2.12-alpha,tools_only,,,,,65558.0,108502.0,,,,,,,,,,,,,,,,,,,,,,
WebDav.Client,2.9.0,ok,lib,netstandard2.0,lib/netstandard2.0/WebDav.Client.dll,68096.0,94973.0,164631.0,35.0,136.0,109.0,0.0,40.0,0.0,245.0,80.0,3.0,22.0,0.0,117.0,52.0,53.0,0.0,1.0,3.0,6.0,295.0,88.0,522.0,88.0
NetVips,3.2.0,ok,lib,net6.0,lib/net6.0/NetVips.dll,212992.0,136054.0,268969.0,84.0,703.0,43.0,7.0,15.0,94.0,753.0,22.0,5.0,266.0,380.0,36.0,0.0,2.0,0.0,0.0,7.0,69.0,563.0,203.0,1280.0,203.0
NsDepCop,3.1.0,tools_only,,,,,65558.0,152419.0,,,,,,,,,,,,,,,,,,,,,,
PhotoSauce.MagicScaler,0.15.0,ok,lib,netstandard2.1,lib/netstandard2.1/PhotoSauce.MagicScaler.dll,503296.0,275309.0,1196182.0,171.0,361.0,607.0,0.0,47.0,38.0,968.0,522.0,78.0,110.0,82.0,409.0,231.0,97.0,0.0,62.0,82.0,105.0,1772.0,579.0,3218.0,579.0
Senparc.CO2NET.APM,2.2.0,ok,lib,netstandard2.0,lib/netstandard2.0/Senparc.CO2NET.APM.dll,20992.0,65477.0,55222.0,8.0,7.0,18.0,0.0,9.0,0.0,25.0,17.0,0.0,4.0,3.0,0.0,0.0,0.0,0.0,0.0,0.0,0.0,80.0,18.0,75.0,18.0
AspNet.Security.OAuth.GitHub,10.0.0,ok,lib,net10.0,lib/net10.0/AspNet.Security.OAuth.GitHub.dll,23040.0,50514.0,39337.0,7.0,7.0,2.0,0.0,3.0,0.0,9.0,15.0,2.0,6.0,4.0,3.0,0.0,1.0,0.0,0.0,4.0,4.0,65.0,15.0,37.0,15.0
Microsoft.CodeAnalysis.CSharp.SourceGenerators.Testing,1.1.4,ok,lib,netstandard2.0,lib/netstandard2.0/Microsoft.CodeAnalysis.CSharp.SourceGenerators.Testing.dll,24928.0,83969.0,90384.0,2.0,3.0,2.0,0.0,2.0,0.0,5.0,1.0,4.0,0.0,0.0,5.0,0.0,0.0,0.0,0.0,0.0,0.0,4.0,7.0,13.0,7.0
Titanium.Web.Proxy,7.0.4,ok,lib,net10.0,lib/net10.0/Titanium.Web.Proxy.dll,1355776.0,548720.0,497628.0,112.0,184.0,1015.0,30.0,48.0,3.0,1229.0,1647.0,64.0,1202.0,36.0,133.0,48.0,60.0,0.0,8.0,20.0,57.0,5965.0,866.0,4957.0,866.0
Expression.Blend.Sdk,1.0.2,ok,lib,net45,lib/net45/System.Windows.Interactivity.dll,55904.0,92382.0,166521.0,25.0,47.0,76.0,3.0,14.0,0.0,126.0,71.0,55.0,47.0,3.0,49.0,7.0,13.0,0.0,1.0,14.0,10.0,70.0,32.0,240.0,32.0
LightInject.Web,2.0.0,ok,lib,net46,lib/net46/LightInject.Web.dll,6144.0,26988.0,23802.0,5.0,6.0,1.0,0.0,3.0,0.0,7.0,2.0,1.0,1.0,3.0,5.0,0.0,2.0,0.0,0.0,2.0,2.0,4.0,7.0,15.0,7.0
Xamarin.Forms.Visual.Material,5.0.0.2662,ok,lib,tizen40,lib/tizen40/Xamarin.Forms.Material.dll,43048.0,86484.0,361866.0,25.0,47.0,39.0,6.0,22.0,0.0,92.0,47.0,40.0,1.0,3.0,88.0,0.0,41.0,0.0,0.0,3.0,3.0,93.0,31.0,194.0,31.0
AnyAscii,0.3.3,ok,lib,netcoreapp3.0,lib/netcoreapp3.0/AnyAscii.dll,634368.0,401464.0,350412.0,1.0,5.0,2.0,0.0,0.0,0.0,7.0,3.0,0.0,0.0,5.0,0.0,0.0,0.0,0.0,0.0,1.0,1.0,642.0,66.0,8.0,66.0
Microsoft.Agents.AI.OpenAI,1.20.0,ok,lib,netstandard2.0,lib/netstandard2.0/Microsoft.Agents.AI.OpenAI.dll,56120.0,93112.0,194786.0,4.0,11.0,35.0,0.0,0.0,0.0,46.0,93.0,3.0,14.0,11.0,0.0,0.0,0.0,0.0,0.0,4.0,4.0,109.0,49.0,232.0,49.0
Aspire.Hosting.RabbitMQ,13.5.3,ok,lib,net8.0,lib/net8.0/Aspire.Hosting.RabbitMQ.dll,43872.0,96923.0,71059.0,2.0,5.0,11.0,0.0,1.0,0.0,16.0,14.0,0.0,6.0,5.0,1.0,0.0,1.0,0.0,0.0,1.0,1.0,28.0,9.0,38.0,9.0
CefSharp.Common.NETCore,151.3.240,ok,ref,net6.0,ref/net6.0/CefSharp.dll,153600.0,123140.0,31804706.0,289.0,726.0,570.0,17.0,124.0,2.0,1313.0,207.0,106.0,0.0,194.0,879.0,726.0,37.0,0.0,92.0,112.0,111.0,1185.0,347.0,1969.0,347.0
Microsoft.Net.Sdk.Compilers.Toolset,10.0.401,no_lib_dll,,,,,65558.0,12476230.0,,,,,,,,,,,,,,,,,,,,,,
Microsoft.ML.Tokenizers.Data.Cl100kBase,2.0.0,ok,lib,netstandard2.0,lib/netstandard2.0/Microsoft.ML.Tokenizers.Data.Cl100kBase.dll,538896.0,599301.0,570558.0,0.0,0.0,0.0,0.0,0.0,0.0,0.0,0.0,0.0,0.0,0.0,0.0,0.0,0.0,0.0,0.0,0.0,0.0,1.0,4.0,3.0,4.0
Microsoft.VisualStudio.LanguageServer.Protocol,17.2.8,ok,lib,netstandard2.0,lib/netstandard2.0/Microsoft.VisualStudio.LanguageServer.Protocol.dll,136096.0,121497.0,223013.0,185.0,64.0,393.0,0.0,169.0,53.0,457.0,17.0,0.0,15.0,53.0,113.0,3.0,70.0,0.0,2.0,5.0,25.0,679.0,200.0,1085.0,200.0
Azure.ResourceManager.Network,1.17.0,ok,lib,netstandard2.0,lib/netstandard2.0/Azure.ResourceManager.Network.dll,10915136.0,2526382.0,10113295.0,1286.0,9297.0,9387.0,0.0,1145.0,1138.0,18684.0,16443.0,6884.0,7400.0,3858.0,7907.0,0.0,297.0,0.0,0.0,6.0,303.0,34600.0,5970.0,51428.0,5970.0
Microsoft.Azure.Management.EventHub,5.0.0,ok,lib,netstandard2.0,lib/netstandard2.0/Microsoft.Azure.Management.EventHub.dll,453008.0,189940.0,641474.0,112.0,273.0,262.0,0.0,128.0,0.0,535.0,456.0,5.0,35.0,175.0,154.0,114.0,16.0,0.0,14.0,45.0,38.0,2548.0,309.0,1382.0,309.0
dnlib,4.5.0,ok,lib,netstandard2.0,lib/netstandard2.0/dnlib.dll,1178624.0,496839.0,2375358.0,550.0,2142.0,2613.0,7.0,692.0,26.0,4762.0,2082.0,514.0,334.0,543.0,1872.0,400.0,1068.0,0.0,69.0,150.0,361.0,4735.0,891.0,9294.0,891.0
Microsoft.Extensions.Caching.Cosmos,1.8.0,ok,lib,netstandard2.0,lib/netstandard2.0/Microsoft.Extensions.Caching.Cosmos.dll,41528.0,72430.0,51157.0,4.0,13.0,17.0,0.0,4.0,0.0,30.0,23.0,0.0,1.0,1.0,12.0,0.0,9.0,0.0,0.0,1.0,2.0,89.0,17.0,85.0,17.0
Microsoft.Windows.WDK.Win32Metadata,0.13.25-experimental,metapackage,,,,,65558.0,405497.0,,,,,,,,,,,,,,,,,,,,,,
chromiumembeddedframework.runtime,151.3.24,metapackage,,,,,65558.0,39104319.0,,,,,,,,,,,,,,,,,,,,,,
Azure.ResourceManager.ManagedServiceIdentities,1.4.1,ok,lib,netstandard2.0,lib/netstandard2.0/Azure.ResourceManager.ManagedServiceIdentities.dll,300904.0,181104.0,441080.0,27.0,107.0,167.0,0.0,24.0,3.0,274.0,404.0,43.0,117.0,25.0,87.0,0.0,12.0,0.0,0.0,2.0,12.0,1107.0,251.0,1343.0,251.0
LightInject.Microsoft.DependencyInjection,4.1.0,ok,lib,netstandard2.0,lib/netstandard2.0/LightInject.Microsoft.DependencyInjection.dll,18432.0,59309.0,50608.0,6.0,10.0,2.0,0.0,6.0,0.0,12.0,18.0,1.0,15.0,6.0,4.0,0.0,2.0,0.0,0.0,3.0,3.0,26.0,23.0,76.0,23.0
OpenCvSharp4_.runtime.ubuntu.20.04-x64,4.10.0.20240616,metapackage,,,,,65558.0,28812047.0,,,,,,,,,,,,,,,,,,,,,,
Microsoft.ML.TimeSeries,5.0.0,ok,lib,netstandard2.0,lib/netstandard2.0/Microsoft.ML.TimeSeries.dll,231184.0,162025.0,159432.0,51.0,51.0,85.0,0.0,25.0,0.0,136.0,259.0,37.0,295.0,17.0,26.0,0.0,20.0,0.0,0.0,3.0,46.0,773.0,207.0,1023.0,207.0
tusdotnet,2.11.2,ok,lib,netstandard2.0,lib/netstandard2.0/tusdotnet.dll,163840.0,133285.0,449824.0,58.0,78.0,194.0,0.0,36.0,0.0,272.0,355.0,28.0,143.0,23.0,78.0,27.0,27.0,0.0,12.0,25.0,16.0,883.0,255.0,992.0,255.0
Azure.ResourceManager.ContainerRegistry,1.4.0,ok,lib,netstandard2.0,lib/netstandard2.0/Azure.ResourceManager.ContainerRegistry.dll,1480224.0,445274.0,990013.0,205.0,758.0,968.0,0.0,178.0,147.0,1726.0,1996.0,464.0,866.0,371.0,684.0,0.0,60.0,0.0,0.0,5.0,61.0,4445.0,845.0,6187.0,845.0
SocketIOClient,4.0.5,ok,lib,netstandard2.0,lib/netstandard2.0/SocketIOClient.dll,127488.0,117646.0,127098.0,78.0,215.0,107.0,7.0,48.0,0.0,329.0,285.0,42.0,8.0,3.0,287.0,111.0,127.0,0.0,26.0,35.0,8.0,722.0,183.0,745.0,183.0
SpanJson,4.2.1,ok,lib,net8.0,lib/net8.0/SpanJson.dll,272896.0,165600.0,322728.0,330.0,935.0,58.0,0.0,294.0,28.0,993.0,494.0,29.0,65.0,126.0,580.0,17.0,527.0,0.0,9.0,40.0,302.0,803.0,408.0,2020.0,408.0
Blazorise.DataGrid,2.3.2,ok,lib,net10.0,lib/net10.0/Blazorise.DataGrid.dll,564224.0,265864.0,741967.0,146.0,318.0,916.0,4.0,118.0,4.0,1238.0,687.0,260.0,358.0,45.0,127.0,0.0,12.0,0.0,0.0,17.0,40.0,1990.0,409.0,3093.0,409.0
AspNet.Security.OAuth.Apple,10.0.0,ok,lib,net10.0,lib/net10.0/AspNet.Security.OAuth.Apple.dll,48128.0,73951.0,51966.0,12.0,17.0,18.0,0.0,8.0,0.0,35.0,40.0,10.0,18.0,5.0,12.0,2.0,1.0,0.0,0.0,6.0,4.0,138.0,37.0,129.0,37.0
Senparc.Weixin.MP,16.25.3,ok,lib,netstandard2.1,lib/netstandard2.1/Senparc.Weixin.MP.dll,1823744.0,611589.0,3152093.0,999.0,1091.0,3478.0,0.0,922.0,0.0,4569.0,1736.0,6.0,812.0,909.0,345.0,12.0,74.0,0.0,6.0,56.0,77.0,11060.0,2871.0,12552.0,2871.0
McMaster.Extensions.Hosting.CommandLine,5.1.0,ok,lib,net8.0,lib/net8.0/McMaster.Extensions.Hosting.CommandLine.dll,20480.0,69234.0,59336.0,4.0,8.0,3.0,0.0,0.0,0.0,11.0,21.0,0.0,11.0,7.0,1.0,1.0,0.0,0.0,1.0,4.0,3.0,74.0,26.0,66.0,26.0
Azure.AI.Agents.Persistent,1.1.0,ok,lib,netstandard2.0,lib/netstandard2.0/Azure.AI.Agents.Persistent.dll,1148968.0,389827.0,904838.0,206.0,541.0,1097.0,0.0,142.0,129.0,1638.0,1793.0,587.0,1455.0,357.0,451.0,0.0,51.0,0.0,0.0,21.0,54.0,3457.0,825.0,6428.0,825.0
AutoMoq,2.0.0,ok,lib,net45,lib/net45/AutoMoq.dll,14848.0,25483.0,18244.0,10.0,48.0,9.0,0.0,12.0,0.0,57.0,20.0,1.0,7.0,3.0,36.0,15.0,15.0,0.0,2.0,2.0,0.0,26.0,15.0,105.0,15.0
NCrunch.Framework,5.11.0,ok,lib,netstandard2.0,lib/netstandard2.0/NCrunch.Framework.dll,9728.0,48175.0,43186.0,18.0,7.0,12.0,0.0,20.0,0.0,19.0,7.0,2.0,0.0,7.0,0.0,0.0,0.0,0.0,0.0,2.0,1.0,12.0,19.0,46.0,19.0
LightInject.Annotation,1.1.0,ok,lib,netstandard1.3,lib/netstandard1.3/LightInject.Annotation.dll,8704.0,68870.0,64651.0,5.0,5.0,3.0,0.0,5.0,0.0,8.0,9.0,1.0,1.0,2.0,3.0,0.0,0.0,0.0,0.0,1.0,1.0,11.0,8.0,23.0,8.0
Xamarin.Auth,1.7.0,ok,lib,netstandard1.6,lib/netstandard1.6/Xamarin.Auth.dll,75368.0,100550.0,475826.0,43.0,135.0,81.0,4.0,62.0,38.0,220.0,70.0,37.0,15.0,71.0,106.0,11.0,24.0,0.0,1.0,13.0,12.0,165.0,62.0,467.0,62.0
OpenCvSharp4.Windows,4.13.0.20260627,metapackage,,,,,21320.0,21320.0,,,,,,,,,,,,,,,,,,,,,,
Microsoft.Agents.AI.Workflows,1.20.0,ok,lib,netstandard2.0,lib/netstandard2.0/Microsoft.Agents.AI.Workflows.dll,1018680.0,409058.0,2111047.0,131.0,420.0,713.0,1.0,105.0,46.0,1134.0,1166.0,216.0,1295.0,137.0,228.0,43.0,28.0,0.0,9.0,37.0,71.0,3736.0,755.0,4787.0,755.0
Microsoft.Azure.Management.Media,6.0.0,ok,lib,netstandard2.0,lib/netstandard2.0/Microsoft.Azure.Management.Media.dll,756624.0,273295.0,1239334.0,372.0,904.0,653.0,0.0,465.0,252.0,1557.0,794.0,7.0,20.0,498.0,720.0,155.0,88.0,0.0,20.0,39.0,144.0,4114.0,640.0,3675.0,640.0
ReactiveUI.WPF,24.2.0,ok,lib,net11.0-windows10.0.19041,lib/net11.0-windows10.0.19041/ReactiveUI.Wpf.dll,103936.0,119336.0,538179.0,28.0,43.0,58.0,2.0,14.0,0.0,103.0,111.0,5.0,117.0,15.0,25.0,0.0,18.0,0.0,0.0,7.0,16.0,214.0,84.0,409.0,84.0
mod_spatialite,4.3.0.1,native_only,,,,,65558.0,8979303.0,,,,,,,,,,,,,,,,,,,,,,
Deedle,8.1.0,ok,lib,net10.0,lib/net10.0/Deedle.dll,2006016.0,1067781.0,1128723.0,210.0,1536.0,626.0,0.0,40.0,106.0,2162.0,1628.0,0.0,2629.0,1112.0,298.0,107.0,146.0,12.0,28.0,96.0,77.0,4040.0,2500.0,8859.0,2500.0
chocolatey,2.7.4,tools_only,,,,,65558.0,5726775.0,,,,,,,,,,,,,,,,,,,,,,
LightInject.Mvc,2.0.0,ok,lib,net46,lib/net46/LightInject.Mvc.dll,7168.0,26956.0,23290.0,3.0,6.0,0.0,0.0,2.0,0.0,6.0,4.0,0.0,1.0,3.0,3.0,0.0,2.0,0.0,0.0,1.0,1.0,4.0,5.0,14.0,5.0
Asyncify,0.9.5707.38527,tools_only,,,,,26878.0,26878.0,,,,,,,,,,,,,,,,,,,,,,
Community.OData.Linq,2.1.0,ok,lib,netstandard2.0,lib/netstandard2.0/Community.OData.Linq.dll,416768.0,220362.0,168593.0,110.0,343.0,681.0,0.0,103.0,0.0,1024.0,469.0,38.0,634.0,21.0,242.0,25.0,30.0,0.0,8.0,23.0,30.0,948.0,361.0,2517.0,361.0
NVorbis,0.10.5,ok,lib,netstandard2.0,lib/netstandard2.0/NVorbis.dll,81408.0,104863.0,106031.0,19.0,68.0,230.0,4.0,11.0,0.0,302.0,113.0,27.0,43.0,12.0,198.0,122.0,68.0,0.0,10.0,12.0,6.0,267.0,77.0,639.0,77.0
Qdrant.Client,1.19.0,ok,lib,netstandard2.0,lib/netstandard2.0/Qdrant.Client.dll,1273856.0,445299.0,2535841.0,376.0,3352.0,2234.0,0.0,598.0,89.0,5586.0,1598.0,19.0,418.0,713.0,2973.0,95.0,1790.0,0.0,1.0,21.0,365.0,4525.0,746.0,9292.0,746.0
linq2db.SqlServer,6.4.0,tools_only,,,,,65558.0,5251208.0,,,,,,,,,,,,,,,,,,,,,,
AutoFixture.Xunit3,4.19.0,ok,lib,netstandard2.0,lib/netstandard2.0/AutoFixture.Xunit3.dll,36352.0,82298.0,97661.0,24.0,30.0,48.0,0.0,30.0,0.0,78.0,64.0,13.0,29.0,0.0,28.0,3.0,4.0,0.0,1.0,3.0,8.0,134.0,60.0,243.0,60.0
jquery.mobile,1.4.5,metapackage,,,,,65558.0,659787.0,,,,,,,,,,,,,,,,,,,,,,
Xam.Plugins.Forms.ImageCircle,3.0.0.5,ok,lib,netstandard2.0,lib/netstandard2.0/ImageCircle.Forms.Plugin.dll,6144.0,38323.0,35270.0,1.0,0.0,3.0,0.0,1.0,0.0,3.0,1.0,0.0,0.0,0.0,0.0,0.0,0.0,0.0,0.0,0.0,0.0,3.0,2.0,8.0,2.0
CommunityToolkit.Common,8.4.2,ok,lib,netstandard2.1,lib/netstandard2.1/CommunityToolkit.Common.dll,45896.0,96745.0,168520.0,15.0,41.0,4.0,0.0,3.0,0.0,45.0,14.0,0.0,4.0,22.0,16.0,13.0,3.0,0.0,4.0,10.0,7.0,53.0,27.0,75.0,27.0
Ecng.StringSearch,1.0.265,ok,lib,net10.0,lib/net10.0/Ecng.StringSearch.dll,25088.0,54711.0,42633.0,15.0,76.0,20.0,0.0,17.0,6.0,96.0,30.0,33.0,9.0,6.0,70.0,11.0,30.0,0.0,1.0,2.0,4.0,54.0,25.0,170.0,25.0
YesSql,6.0.0,ok,lib,net10.0,lib/net10.0/YesSql.dll,3584.0,36187.0,34117.0,0.0,0.0,0.0,0.0,0.0,0.0,0.0,0.0,0.0,0.0,0.0,0.0,0.0,0.0,0.0,0.0,0.0,0.0,0.0,1.0,0.0,1.0
Azure.ResourceManager.EventGrid,1.1.0,ok,lib,netstandard2.0,lib/netstandard2.0/Azure.ResourceManager.EventGrid.dll,2078248.0,568961.0,1341653.0,260.0,1229.0,913.0,0.0,251.0,144.0,2142.0,2950.0,257.0,1341.0,511.0,1126.0,0.0,59.0,0.0,0.0,9.0,59.0,7455.0,1186.0,8151.0,1186.0
ppy.osu.Framework,2026.901.0,ok,lib,net10.0,lib/net10.0/osu.Framework.dll,3945472.0,2498864.0,2705642.0,953.0,3304.0,4737.0,181.0,673.0,115.0,8222.0,3064.0,1820.0,1195.0,2336.0,3306.0,708.0,750.0,0.0,134.0,307.0,310.0,7139.0,1930.0,15229.0,1930.0
NuGet.VisualStudio,17.14.0,ok,lib,net472,lib/net472/NuGet.VisualStudio.dll,38432.0,86071.0,79301.0,63.0,84.0,77.0,13.0,9.0,6.0,174.0,7.0,0.0,8.0,10.0,175.0,157.0,3.0,0.0,57.0,57.0,6.0,16.0,69.0,218.0,69.0
Umbraco.Cms.Api.Management,18.1.1,ok,lib,net10.0,lib/net10.0/Umbraco.Cms.Api.Management.dll,3505664.0,736330.0,869352.0,1429.0,1258.0,1200.0,0.0,1427.0,14.0,2458.0,2232.0,523.0,734.0,65.0,679.0,186.0,232.0,0.0,82.0,227.0,55.0,8066.0,2662.0,8509.0,2662.0
Polly.Testing,8.7.0,ok,lib,netstandard2.0,lib/netstandard2.0/Polly.Testing.dll,21920.0,79885.0,82839.0,3.0,2.0,5.0,0.0,0.0,0.0,7.0,4.0,0.0,4.0,2.0,0.0,0.0,0.0,0.0,0.0,1.0,3.0,10.0,9.0,21.0,9.0
Google.GenAI,1.21.0,ok,lib,netstandard2.0,lib/netstandard2.0/Google.GenAI.dll,3428352.0,992907.0,2094872.0,529.0,2784.0,3112.0,0.0,815.0,936.0,5896.0,2071.0,1214.0,5851.0,1855.0,2619.0,5.0,90.0,0.0,1.0,7.0,88.0,10110.0,1116.0,18369.0,1116.0
Azure.ResourceManager.EventHubs,1.3.0,ok,lib,netstandard2.0,lib/netstandard2.0/Azure.ResourceManager.EventHubs.dll,977208.0,339890.0,1112308.0,114.0,665.0,729.0,0.0,94.0,100.0,1394.0,1486.0,516.0,592.0,272.0,597.0,0.0,36.0,0.0,0.0,3.0,42.0,3277.0,664.0,4647.0,664.0
Azure.ResourceManager.Dns,1.1.1,ok,lib,netstandard2.0,lib/netstandard2.0/Azure.ResourceManager.Dns.dll,717344.0,268636.0,278765.0,63.0,270.0,245.0,0.0,59.0,0.0,515.0,929.0,40.0,401.0,42.0,243.0,0.0,11.0,0.0,0.0,2.0,12.0,3116.0,492.0,2605.0,492.0
QLNet,1.13.1,ok,lib,netstandard2.0,lib/netstandard2.0/QLNet.dll,6984704.0,2300657.0,4484424.0,1549.0,5196.0,586.0,27.0,1934.0,90.0,5809.0,978.0,669.0,1681.0,480.0,2958.0,355.0,863.0,0.0,51.0,176.0,163.0,46095.0,2509.0,12211.0,2509.0
Microsoft.Azure.Devices.Provisioning.Service,1.18.5,ok,lib,netstandard2.1,lib/netstandard2.1/Microsoft.Azure.Devices.Provisioning.Service.dll,120160.0,112858.0,241921.0,31.0,77.0,231.0,0.0,26.0,0.0,308.0,150.0,5.0,168.0,12.0,13.0,0.0,6.0,0.0,0.0,1.0,11.0,384.0,91.0,664.0,91.0
Microsoft.VisualStudio.Web.BrowserLink.Loader,14.1.0,ok,lib,netstandard1.5,lib/netstandard1.5/Microsoft.VisualStudio.Web.BrowserLink.Loader.dll,18424.0,45165.0,34393.0,1.0,1.0,5.0,0.0,0.0,0.0,6.0,16.0,0.0,1.0,1.0,0.0,0.0,0.0,0.0,0.0,1.0,1.0,10.0,4.0,24.0,4.0
System.Web.Providers,1.2.0,metapackage,,,,,12176.0,12176.0,,,,,,,,,,,,,,,,,,,,,,
AngleSharp.Xml,1.2.0,ok,lib,netstandard2.0,lib/netstandard2.0/AngleSharp.Xml.dll,113664.0,116754.0,328152.0,26.0,50.0,169.0,3.0,9.0,0.0,222.0,233.0,15.0,77.0,22.0,39.0,13.0,12.0,0.0,4.0,11.0,17.0,387.0,119.0,780.0,119.0
DeepL.net,1.22.1,ok,lib,netstandard2.0,lib/netstandard2.0/DeepL.net.dll,188416.0,137094.0,180345.0,66.0,201.0,198.0,0.0,63.0,3.0,399.0,238.0,2.0,30.0,11.0,188.0,83.0,85.0,0.0,6.0,8.0,52.0,1319.0,199.0,812.0,199.0
Hangfire.Console.Extensions.Serilog,2.1.2,ok,lib,netstandard2.1,lib/netstandard2.1/Hangfire.Console.Extensions.Serilog.dll,9216.0,25931.0,21244.0,3.0,3.0,2.0,0.0,2.0,0.0,5.0,5.0,0.0,2.0,2.0,1.0,0.0,1.0,0.0,0.0,1.0,1.0,6.0,7.0,19.0,7.0
Microsoft.ML.ImageAnalytics,5.0.0,ok,lib,netstandard2.0,lib/netstandard2.0/Microsoft.ML.ImageAnalytics.dll,80144.0,101353.0,79520.0,19.0,22.0,18.0,0.0,4.0,0.0,40.0,63.0,10.0,92.0,9.0,12.0,0.0,1.0,0.0,0.0,1.0,19.0,240.0,66.0,247.0,66.0
Microsoft.Azure.Management.EventGrid,9.0.0,ok,lib,netstandard2.0,lib/netstandard2.0/Microsoft.Azure.Management.EventGrid.dll,881568.0,275033.0,1106275.0,167.0,621.0,366.0,0.0,193.0,0.0,987.0,903.0,5.0,21.0,406.0,287.0,238.0,18.0,0.0,22.0,72.0,50.0,5369.0,596.0,2561.0,596.0
Microsoft.AspNet.SignalR.ServiceBus3,2.4.3,ok,lib,net45,lib/net45/Microsoft.AspNet.SignalR.ServiceBus3.dll,59784.0,90562.0,62506.0,6.0,11.0,27.0,0.0,3.0,0.0,38.0,44.0,6.0,86.0,5.0,5.0,0.0,1.0,0.0,0.0,3.0,3.0,178.0,69.0,302.0,69.0
WebMarkupMin.NUglify,2.22.3,ok,lib,netstandard2.0,lib/netstandard2.0/WebMarkupMin.NUglify.dll,19968.0,74717.0,90037.0,15.0,7.0,47.0,0.0,12.0,0.0,54.0,3.0,3.0,0.0,1.0,8.0,0.0,8.0,0.0,0.0,2.0,13.0,85.0,19.0,117.0,19.0
Azure.ResourceManager.Monitor,1.3.1,ok,lib,netstandard2.0,lib/netstandard2.0/Azure.ResourceManager.Monitor.dll,1756592.0,520309.0,646552.0,263.0,847.0,1164.0,0.0,207.0,126.0,2011.0,2554.0,57.0,1048.0,504.0,681.0,0.0,53.0,0.0,0.0,5.0,66.0,5677.0,900.0,7074.0,900.0
CSharpTest.Net.Collections,14.906.1403.1082,ok,lib,net40,lib/net40/CSharpTest.Net.Collections.dll,229888.0,163156.0,267454.0,102.0,418.0,274.0,5.0,156.0,9.0,697.0,420.0,64.0,33.0,75.0,315.0,59.0,203.0,0.0,17.0,27.0,34.0,777.0,209.0,1685.0,209.0
Microsoft.Orleans.Serialization.SystemTextJson,10.3.1,ok,lib,netstandard2.1,lib/netstandard2.1/Orleans.Serialization.SystemTextJson.dll,34656.0,89513.0,109995.0,3.0,2.0,5.0,0.0,2.0,0.0,7.0,12.0,1.0,5.0,2.0,0.0,0.0,0.0,0.0,0.0,1.0,1.0,21.0,12.0,41.0,12.0
Microsoft.NET.Build.Containers,10.0.303,no_lib_dll,,,,,65558.0,4035299.0,,,,,,,,,,,,,,,,,,,,,,
TestStack.White,9.2.0.11,ok,lib,net40,lib/net40/TestStack.White.dll,189952.0,169849.0,344854.0,274.0,735.0,413.0,0.0,300.0,0.0,1148.0,226.0,162.0,26.0,123.0,1066.0,185.0,0.0,0.0,29.0,57.0,38.0,639.0,385.0,2025.0,385.0
MvvmCross.Platform,5.7.0,ok,lib,net45,lib/net45/MvvmCross.Platform.dll,89088.0,102576.0,820042.0,105.0,380.0,72.0,2.0,62.0,0.0,454.0,123.0,91.0,43.0,193.0,204.0,93.0,65.0,0.0,33.0,60.0,22.0,366.0,142.0,726.0,142.0
OpenTelemetry.Exporter.Geneva,1.17.0,ok,lib,netstandard2.0,lib/netstandard2.0/OpenTelemetry.Exporter.Geneva.dll,141312.0,125560.0,419044.0,14.0,19.0,60.0,0.0,7.0,0.0,79.0,123.0,18.0,71.0,10.0,10.0,1.0,0.0,0.0,1.0,5.0,7.0,605.0,111.0,601.0,111.0
PetaPoco,5.1.306,metapackage,,,,,65558.0,74293.0,,,,,,,,,,,,,,,,,,,,,,
YesSql.Filters.Query,6.0.0,ok,lib,net10.0,lib/net10.0/YesSql.Filters.Query.dll,20992.0,67323.0,57101.0,13.0,23.0,4.0,0.0,11.0,0.0,27.0,7.0,0.0,22.0,7.0,9.0,0.0,9.0,0.0,1.0,4.0,3.0,58.0,28.0,79.0,28.0
Microsoft.SyndicationFeed.ReaderWriter,1.0.2,ok,lib,netstandard1.3,lib/netstandard1.3/Microsoft.SyndicationFeed.ReaderWriter.dll,78088.0,84389.0,47977.0,38.0,134.0,82.0,0.0,29.0,0.0,216.0,78.0,5.0,7.0,0.0,204.0,72.0,63.0,0.0,12.0,21.0,13.0,251.0,71.0,387.0,71.0
squirrel.windows,2.0.1,ok,lib,Net45,lib/Net45/Squirrel.dll,267264.0,175301.0,5172461.0,72.0,309.0,111.0,0.0,37.0,0.0,420.0,320.0,25.0,260.0,52.0,286.0,99.0,146.0,0.0,12.0,24.0,36.0,1077.0,283.0,1417.0,283.0
YoutubeExplode,6.6.2,ok,lib,netstandard2.0,lib/netstandard2.0/YoutubeExplode.dll,3046400.0,1461221.0,4386511.0,1592.0,2314.0,3009.0,317.0,74.0,42.0,5640.0,3273.0,266.0,1198.0,1193.0,211.0,28.0,116.0,0.0,8.0,771.0,1544.0,7993.0,3682.0,15896.0,3682.0
Microsoft.ML.TensorFlow,5.0.0,ok,lib,netstandard2.0,lib/netstandard2.0/Microsoft.ML.TensorFlow.dll,59192.0,97219.0,72593.0,5.0,14.0,6.0,0.0,0.0,0.0,20.0,24.0,2.0,77.0,3.0,5.0,0.0,5.0,0.0,0.0,1.0,4.0,118.0,38.0,157.0,38.0
Microsoft.Azure.Mobile.Client,4.2.0,ok,lib,netstandard2.0,lib/netstandard2.0/Microsoft.Azure.Mobile.Client.dll,332680.0,198492.0,939011.0,86.0,220.0,377.0,2.0,58.0,0.0,599.0,591.0,78.0,260.0,28.0,253.0,166.0,34.0,0.0,16.0,30.0,34.0,1508.0,357.0,1866.0,357.0
Microsoft.CodeAnalysis.CSharp.CodeRefactoring.Testing,1.1.4,ok,lib,netstandard2.0,lib/netstandard2.0/Microsoft.CodeAnalysis.CSharp.CodeRefactoring.Testing.dll,24928.0,83990.0,127270.0,2.0,3.0,3.0,0.0,2.0,0.0,6.0,1.0,4.0,0.0,0.0,6.0,0.0,0.0,0.0,0.0,0.0,0.0,4.0,7.0,14.0,7.0
Microsoft.Azure.Management.DataLake.Store,2.2.1,ok,lib,netstandard1.4,lib/netstandard1.4/Microsoft.Azure.Management.DataLake.Store.dll,322936.0,167407.0,290023.0,76.0,188.0,201.0,1.0,93.0,0.0,390.0,334.0,6.0,101.0,102.0,142.0,92.0,37.0,0.0,7.0,12.0,21.0,1687.0,215.0,1088.0,215.0
SharpAvi,3.0.1,ok,lib,netstandard2.0,lib/netstandard2.0/SharpAvi.dll,54272.0,90354.0,164093.0,22.0,28.0,118.0,0.0,8.0,6.0,146.0,67.0,14.0,17.0,12.0,64.0,45.0,15.0,0.0,5.0,9.0,12.0,258.0,71.0,425.0,71.0
AlibabaCloud.SDK.Dysmsapi20170525,4.4.0,ok,lib,netstandard2.0,lib/netstandard2.0/AlibabaCloud.SDK.Dysmsapi20170525.dll,472576.0,212923.0,309187.0,327.0,321.0,1756.0,0.0,327.0,0.0,2077.0,320.0,0.0,0.0,0.0,0.0,0.0,0.0,0.0,0.0,0.0,0.0,2634.0,488.0,4480.0,488.0
Microsoft.Orleans.Reminders.AzureStorage,10.3.1,ok,lib,net10.0,lib/net10.0/Orleans.Reminders.AzureStorage.dll,144184.0,138142.0,186758.0,8.0,21.0,35.0,0.0,6.0,0.0,56.0,154.0,4.0,42.0,6.0,13.0,0.0,8.0,0.0,0.0,2.0,3.0,385.0,74.0,337.0,74.0
Volo.Abp.AspNetCore.Mvc.UI.Theme.Basic,10.6.0,ok,lib,net10.0,lib/net10.0/Volo.Abp.AspNetCore.Mvc.UI.Theme.Basic.dll,132096.0,108956.0,96434.0,17.0,14.0,105.0,0.0,14.0,0.0,119.0,208.0,6.0,38.0,0.0,13.0,0.0,1.0,0.0,0.0,3.0,3.0,445.0,98.0,416.0,98.0
Nancy.Authentication.Forms,2.0.0,ok,lib,netstandard2.0,lib/netstandard2.0/Nancy.Authentication.Forms.dll,13824.0,35233.0,28566.0,4.0,15.0,9.0,0.0,2.0,0.0,24.0,9.0,0.0,2.0,15.0,2.0,1.0,0.0,0.0,1.0,3.0,2.0,18.0,8.0,48.0,8.0
DynamicInterop,0.9.1,ok,lib,netstandard2.0,lib/netstandard2.0/DynamicInterop.dll,17920.0,33173.0,24396.0,5.0,36.0,5.0,0.0,3.0,0.0,41.0,17.0,8.0,2.0,8.0,15.0,8.0,5.0,0.0,2.0,4.0,1.0,10.0,12.0,91.0,12.0
Nancy.Owin,2.0.0,ok,lib,net452,lib/net452/Nancy.Owin.dll,5120.0,17168.0,14382.0,1.0,2.0,0.0,0.0,0.0,0.0,2.0,1.0,0.0,0.0,2.0,0.0,0.0,0.0,0.0,0.0,1.0,1.0,1.0,2.0,3.0,2.0
Microsoft.Azure.SignalR.AspNet,1.33.1,ok,lib,net462,lib/net462/Microsoft.Azure.SignalR.AspNet.dll,97600.0,111480.0,208739.0,6.0,19.0,54.0,0.0,2.0,0.0,73.0,119.0,13.0,45.0,13.0,10.0,1.0,4.0,0.0,1.0,4.0,3.0,337.0,82.0,405.0,82.0
Microsoft.WindowsAppSDK.ML,2.1.74,metapackage,,,,,65558.0,102737.0,,,,,,,,,,,,,,,,,,,,,,
Umbraco.SqlServerCE,4.0.0.1,ok,lib,net472,lib/net472/System.Data.SqlServerCe.dll,470696.0,218288.0,2656909.0,59.0,387.0,313.0,7.0,52.0,0.0,707.0,322.0,57.0,638.0,2.0,289.0,0.0,37.0,0.0,0.0,0.0,52.0,1528.0,375.0,2679.0,375.0
Fleck,1.2.0,ok,lib,netstandard2.0,lib/netstandard2.0/Fleck.dll,44032.0,86264.0,92725.0,27.0,86.0,83.0,0.0,20.0,0.0,169.0,37.0,1.0,54.0,25.0,128.0,55.0,56.0,0.0,5.0,10.0,7.0,183.0,50.0,336.0,50.0
Microsoft.WindowsAppSDK.AI,2.4.4,ok,lib,net6.0-windows10.0.17763.0,lib/net6.0-windows10.0.17763.0/Microsoft.Windows.AI.Projection.dll,26928.0,80859.0,6978190.0,7.0,20.0,21.0,0.0,0.0,2.0,41.0,16.0,0.0,9.0,19.0,3.0,0.0,1.0,0.0,0.0,1.0,7.0,41.0,24.0,65.0,24.0
Verify.SourceGenerators,2.5.0,ok,lib,net9.0,lib/net9.0/Verify.SourceGenerators.dll,62464.0,98814.0,431000.0,1.0,3.0,4.0,0.0,0.0,0.0,7.0,15.0,0.0,4.0,4.0,0.0,0.0,0.0,0.0,0.0,1.0,1.0,23.0,30.0,171.0,30.0
BinaryFormatter,3.0.0,ok,lib,netstandard2.0,lib/netstandard2.0/BinaryFormatter.dll,26624.0,60099.0,47685.0,4.0,17.0,30.0,0.0,1.0,0.0,47.0,19.0,54.0,15.0,14.0,0.0,0.0,0.0,0.0,0.0,3.0,3.0,58.0,44.0,200.0,44.0
Lucene.Net.Spatial,4.8.0-beta00018,ok,lib,netstandard2.1,lib/netstandard2.1/Lucene.Net.Spatial.dll,61440.0,94809.0,245492.0,34.0,131.0,48.0,0.0,39.0,0.0,179.0,23.0,60.0,21.0,12.0,152.0,19.0,0.0,0.0,0.0,11.0,0.0,182.0,70.0,358.0,70.0
ppy.osu.Game.Resources,2026.909.0,too_large,lib,net8.0,lib/net8.0/osu.Game.Resources.dll,131379712.0,65558.0,114293682.0,,,,,,,,,,,,,,,,,,,,,,
Microsoft.WindowsAppSDK.Widgets,2.0.5,ok,lib,net6.0-windows10.0.17763.0,lib/net6.0-windows10.0.17763.0/Microsoft.Windows.Widgets.Projection.dll,167264.0,124781.0,2758616.0,96.0,604.0,447.0,0.0,5.0,58.0,1051.0,451.0,0.0,211.0,565.0,130.0,32.0,40.0,0.0,17.0,34.0,79.0,283.0,331.0,1739.0,331.0
Shortcodes,1.3.6,ok,lib,netstandard2.1,lib/netstandard2.1/Shortcodes.dll,20480.0,37022.0,26644.0,12.0,25.0,20.0,0.0,14.0,0.0,45.0,22.0,1.0,8.0,0.0,8.0,1.0,4.0,0.0,1.0,2.0,3.0,56.0,20.0,101.0,20.0
Hangfire.MaximumConcurrentExecutions,1.1.0,ok,lib,netstandard1.3,lib/netstandard1.3/Hangfire.MaximumConcurrentExecutions.dll,9216.0,20331.0,15770.0,1.0,2.0,3.0,0.0,1.0,0.0,5.0,5.0,6.0,1.0,0.0,2.0,0.0,0.0,0.0,0.0,0.0,0.0,5.0,4.0,17.0,4.0
Azure.ResourceManager.ApiManagement,1.3.1,ok,lib,netstandard2.0,lib/netstandard2.0/Azure.ResourceManager.ApiManagement.dll,5606432.0,1298230.0,4991975.0,518.0,3141.0,2375.0,0.0,453.0,207.0,5516.0,7092.0,1193.0,3816.0,815.0,2945.0,0.0,80.0,0.0,0.0,2.0,92.0,22148.0,3140.0,20739.0,3140.0
Ookii.Dialogs.Wpf,5.0.1,ok,lib,net6.0-windows7.0,lib/net6.0-windows7.0/Ookii.Dialogs.Wpf.dll,105984.0,111946.0,363344.0,44.0,69.0,147.0,15.0,32.0,0.0,231.0,58.0,39.0,63.0,8.0,42.0,1.0,1.0,0.0,0.0,2.0,30.0,502.0,101.0,684.0,101.0
Spectre.Console.Json,0.57.2,ok,lib,netstandard2.0,lib/netstandard2.0/Spectre.Console.Json.dll,487424.0,377436.0,453113.0,144.0,444.0,187.0,0.0,9.0,0.0,631.0,441.0,10.0,88.0,438.0,7.0,1.0,5.0,0.0,1.0,70.0,142.0,952.0,358.0,2328.0,358.0
GtkSharp,3.24.24.95,ok,lib,netstandard2.0,lib/netstandard2.0/GtkSharp.dll,3376640.0,869800.0,1621790.0,1326.0,4072.0,4576.0,518.0,1527.0,11.0,9166.0,3565.0,758.0,285.0,1358.0,3441.0,395.0,1386.0,0.0,41.0,43.0,485.0,8010.0,7420.0,39523.0,7420.0
Vortice.DXGI,3.8.3,ok,lib,net10.0,lib/net10.0/Vortice.DXGI.dll,91648.0,103584.0,566136.0,118.0,212.0,56.0,0.0,61.0,54.0,268.0,37.0,3.0,92.0,62.0,4.0,2.0,0.0,0.0,1.0,3.0,59.0,1121.0,136.0,538.0,136.0
Microsoft.ML.Recommender,0.23.0,ok,lib,netstandard2.0,lib/netstandard2.0/Microsoft.ML.Recommender.dll,53048.0,92519.0,3242771.0,8.0,9.0,21.0,0.0,1.0,0.0,30.0,44.0,1.0,19.0,1.0,4.0,0.0,3.0,0.0,0.0,1.0,8.0,118.0,26.0,101.0,26.0
Microsoft.Extensions.ServiceDiscovery.Yarp,10.9.0,ok,lib,net10.0,lib/net10.0/Microsoft.Extensions.ServiceDiscovery.Yarp.dll,32056.0,83063.0,89061.0,1.0,3.0,0.0,0.0,0.0,0.0,3.0,6.0,1.0,0.0,3.0,0.0,0.0,0.0,0.0,0.0,1.0,1.0,22.0,7.0,60.0,7.0
Microsoft.Azure.Management.ContainerRegistry,6.0.0,ok,lib,netstandard2.0,lib/netstandard2.0/Microsoft.Azure.Management.ContainerRegistry.dll,479104.0,200879.0,717675.0,168.0,321.0,491.0,0.0,232.0,0.0,812.0,434.0,5.0,15.0,185.0,182.0,114.0,15.0,0.0,10.0,54.0,46.0,2801.0,365.0,2002.0,365.0
Google.Apis.CustomSearchAPI.v1,1.74.0.3520,ok,lib,netstandard2.0,lib/netstandard2.0/Google.Apis.CustomSearchAPI.v1.dll,53248.0,85677.0,141618.0,36.0,5.0,259.0,0.0,21.0,0.0,264.0,0.0,4.0,0.0,0.0,509.0,0.0,0.0,0.0,0.0,1.0,16.0,362.0,37.0,530.0,37.0
System.Device.Gpio,4.2.0,ok,lib,net8.0,lib/net8.0/System.Device.Gpio.dll,175688.0,143709.0,135419.0,49.0,214.0,143.0,5.0,36.0,28.0,362.0,181.0,155.0,145.0,40.0,201.0,27.0,17.0,0.0,0.0,6.0,34.0,591.0,208.0,1259.0,208.0
BruTile,6.0.0,ok,lib,net9.0,lib/net9.0/BruTile.dll,209408.0,151925.0,316939.0,171.0,233.0,531.0,1.0,201.0,16.0,765.0,130.0,10.0,29.0,53.0,218.0,30.0,67.0,0.0,9.0,17.0,25.0,727.0,203.0,1575.0,203.0
SciSharp.TensorFlow.Redist,2.16.0,native_only,,,,,65558.0,191095089.0,,,,,,,,,,,,,,,,,,,,,,
IcedTasks,0.11.9,ok,lib,netstandard2.1,lib/netstandard2.1/IcedTasks.dll,578048.0,395623.0,1619472.0,63.0,328.0,18.0,0.0,18.0,0.0,346.0,45.0,0.0,757.0,235.0,0.0,0.0,0.0,0.0,0.0,37.0,40.0,1911.0,911.0,2267.0,911.0
XAMLMarkupExtensions,2.1.3,ok,lib,netcoreapp3.1,lib/netcoreapp3.1/XAMLMarkupExtensions.dll,36864.0,83008.0,214198.0,17.0,57.0,44.0,4.0,17.0,0.0,105.0,45.0,26.0,13.0,9.0,47.0,8.0,15.0,0.0,2.0,5.0,2.0,83.0,32.0,222.0,32.0
Azure.Identity.Broker,1.7.0,ok,lib,netstandard2.0,lib/netstandard2.0/Azure.Identity.Broker.dll,22336.0,78729.0,98598.0,4.0,3.0,11.0,0.0,4.0,0.0,14.0,11.0,0.0,2.0,3.0,5.0,0.0,4.0,0.0,0.0,1.0,2.0,14.0,11.0,40.0,11.0
Microsoft.Orleans.Streaming.AzureStorage,10.3.1,ok,lib,net10.0,lib/net10.0/Orleans.Streaming.AzureStorage.dll,209248.0,172399.0,263375.0,33.0,83.0,57.0,0.0,22.0,0.0,140.0,230.0,8.0,81.0,30.0,36.0,0.0,26.0,0.0,5.0,11.0,7.0,644.0,156.0,608.0,156.0
CliFx,3.0.1,ok,lib,netstandard2.1,lib/netstandard2.1/CliFx.dll,601088.0,397483.0,1644324.0,649.0,1046.0,294.0,0.0,47.0,0.0,1340.0,730.0,25.0,130.0,538.0,155.0,35.0,48.0,0.0,9.0,319.0,601.0,1770.0,1210.0,3585.0,1210.0
Microsoft.OpenApi.YamlReader,3.10.2,ok,lib,netstandard2.0,lib/netstandard2.0/Microsoft.OpenApi.YamlReader.dll,42296.0,88354.0,205065.0,4.0,13.0,30.0,0.0,3.0,0.0,43.0,32.0,0.0,19.0,16.0,3.0,0.0,3.0,0.0,0.0,2.0,3.0,80.0,21.0,124.0,21.0
NetCord,1.0.0-beta.19,ok,lib,net10.0,lib/net10.0/NetCord.dll,3736576.0,1142916.0,1186685.0,939.0,2097.0,4349.0,159.0,725.0,57.0,6605.0,3026.0,93.0,7512.0,233.0,1019.0,188.0,503.0,0.0,69.0,111.0,174.0,15195.0,1922.0,20639.0,1922.0
Grace.DependencyInjection.Extensions,7.1.0,ok,lib,netstandard2.0,lib/netstandard2.0/Grace.DependencyInjection.Extensions.dll,8192.0,38271.0,33902.0,1.0,1.0,1.0,0.0,0.0,0.0,2.0,3.0,0.0,1.0,1.0,0.0,0.0,0.0,0.0,0.0,1.0,1.0,5.0,6.0,14.0,6.0
Spectre.Console.Testing,0.57.2,ok,lib,netstandard2.0,lib/netstandard2.0/Spectre.Console.Testing.dll,472064.0,370059.0,421506.0,140.0,448.0,159.0,0.0,4.0,0.0,607.0,411.0,7.0,75.0,431.0,23.0,0.0,23.0,0.0,0.0,70.0,140.0,888.0,339.0,2201.0,339.0
Avalonia.Xaml.Behaviors,11.3.0.6,metapackage,,,,,15418.0,15418.0,,,,,,,,,,,,,,,,,,,,,,
ZeroFormatter,1.6.4,ok,lib,netstandard1.6,lib/netstandard1.6/ZeroFormatter.dll,163328.0,125574.0,130364.0,34.0,169.0,136.0,0.0,17.0,0.0,305.0,143.0,5.0,59.0,92.0,92.0,13.0,66.0,0.0,3.0,14.0,12.0,369.0,211.0,1061.0,211.0
Testcontainers.CosmosDb,4.15.0,ok,lib,netstandard2.1,lib/netstandard2.1/Testcontainers.CosmosDb.dll,18944.0,79662.0,179432.0,3.0,7.0,3.0,0.0,9.0,0.0,10.0,2.0,7.0,1.0,0.0,6.0,0.0,0.0,0.0,0.0,0.0,3.0,9.0,9.0,29.0,9.0
VideoLAN.LibVLC.Windows,3.0.23.1,native_only,,,,,212262.0,134279001.0,,,,,,,,,,,,,,,,,,,,,,
OrchardCore.Module.Targets,3.0.1,ok,lib,net10.0,lib/net10.0/OrchardCore.Module.Targets.dll,4608.0,27595.0,25281.0,0.0,0.0,0.0,0.0,0.0,0.0,0.0,0.0,0.0,0.0,0.0,0.0,0.0,0.0,0.0,0.0,0.0,0.0,0.0,1.0,0.0,1.0
Microsoft.WindowsAzure.Management.Compute,14.0.0,ok,lib,net40,lib/net40/Microsoft.WindowsAzure.Management.Compute.dll,781192.0,283837.0,632669.0,227.0,523.0,930.0,0.0,218.0,0.0,1453.0,357.0,1.0,186.0,340.0,221.0,189.0,19.0,0.0,13.0,49.0,52.0,4199.0,577.0,3438.0,577.0
Equ,2.3.0,ok,lib,netstandard2.0,lib/netstandard2.0/Equ.dll,18432.0,38790.0,29412.0,14.0,19.0,4.0,0.0,6.0,4.0,23.0,34.0,1.0,12.0,13.0,10.0,0.0,4.0,0.0,4.0,8.0,3.0,33.0,23.0,86.0,23.0
AWSSDK.BedrockAgentRuntime,4.0.102.4,ok,lib,netstandard2.0,lib/netstandard2.0/AWSSDK.BedrockAgentRuntime.dll,555688.0,241136.0,1129519.0,863.0,660.0,1382.0,38.0,925.0,81.0,2080.0,611.0,42.0,1228.0,438.0,648.0,61.0,406.0,0.0,10.0,11.0,7.0,1958.0,896.0,6019.0,896.0
Microsoft.Azure.Management.Dns,3.0.1,ok,lib,netstandard1.4,lib/netstandard1.4/Microsoft.Azure.Management.Dns.dll,127048.0,108264.0,124598.0,30.0,63.0,90.0,0.0,49.0,0.0,153.0,108.0,5.0,10.0,40.0,58.0,37.0,16.0,0.0,4.0,7.0,5.0,631.0,78.0,398.0,78.0
Azure.ResourceManager.CognitiveServices,1.5.2,ok,lib,netstandard2.0,lib/netstandard2.0/Azure.ResourceManager.CognitiveServices.dll,1742880.0,500310.0,1120697.0,205.0,897.0,1056.0,0.0,177.0,102.0,1953.0,2289.0,497.0,970.0,483.0,774.0,0.0,45.0,0.0,0.0,3.0,47.0,5505.0,950.0,6780.0,950.0
Ardalis.EFCore.Extensions,6.0.0,ok,lib,net6.0,lib/net6.0/Ardalis.EFCore.Extensions.dll,5632.0,34414.0,31691.0,1.0,1.0,0.0,0.0,0.0,0.0,1.0,0.0,0.0,0.0,1.0,0.0,0.0,0.0,0.0,0.0,1.0,1.0,2.0,5.0,5.0,5.0
MvvmCross.Core,5.7.0,ok,lib,net45,lib/net45/MvvmCross.Wpf.dll,22528.0,75709.0,1612194.0,24.0,43.0,19.0,0.0,20.0,0.0,62.0,25.0,25.0,11.0,0.0,54.0,5.0,20.0,0.0,6.0,8.0,0.0,34.0,33.0,144.0,33.0
AWSSDK.BedrockAgent,4.0.101.1,ok,lib,netstandard2.0,lib/netstandard2.0/AWSSDK.BedrockAgent.dll,704680.0,275447.0,1319513.0,1106.0,1012.0,1767.0,0.0,1139.0,76.0,2779.0,866.0,6.0,1533.0,556.0,966.0,119.0,612.0,0.0,16.0,17.0,1.0,2377.0,1151.0,7694.0,1151.0
Aspire.Microsoft.Data.SqlClient,13.5.3,ok,lib,net10.0,lib/net10.0/Aspire.Microsoft.Data.SqlClient.dll,38712.0,93748.0,129995.0,2.0,2.0,7.0,0.0,1.0,0.0,9.0,4.0,0.0,7.0,2.0,0.0,0.0,0.0,0.0,0.0,1.0,2.0,15.0,13.0,40.0,13.0
Microsoft.WindowsAzure.Management.Storage,6.0.1,ok,lib,net40,lib/net40/Microsoft.WindowsAzure.Management.Storage.dll,87232.0,100770.0,97139.0,25.0,55.0,59.0,0.0,20.0,0.0,114.0,37.0,1.0,18.0,34.0,37.0,25.0,10.0,0.0,2.0,9.0,10.0,359.0,61.0,272.0,61.0
Microsoft.OpenApi.ApiManifest,3.0.0-preview.1,ok,lib,netstandard2.0,lib/netstandard2.0/Microsoft.OpenApi.ApiManifest.dll,58912.0,93557.0,66571.0,20.0,29.0,46.0,0.0,22.0,0.0,75.0,51.0,3.0,72.0,12.0,5.0,0.0,0.0,0.0,0.0,4.0,3.0,161.0,47.0,279.0,47.0
Castle.Windsor.Extensions.DependencyInjection,6.0.0,ok,lib,netstandard2.0,lib/netstandard2.0/Castle.Windsor.Extensions.DependencyInjection.dll,18944.0,74972.0,74279.0,7.0,25.0,6.0,0.0,6.0,0.0,31.0,10.0,13.0,16.0,7.0,19.0,0.0,2.0,0.0,0.0,3.0,3.0,26.0,23.0,91.0,23.0
Microsoft.Maui.Controls.Maps,10.0.101,ok,lib,netstandard2.1,lib/netstandard2.1/Microsoft.Maui.Controls.Maps.dll,35112.0,84580.0,330121.0,10.0,27.0,45.0,3.0,9.0,2.0,75.0,41.0,1.0,6.0,4.0,49.0,0.0,46.0,0.0,0.0,1.0,2.0,44.0,17.0,156.0,17.0
Nullable.Extended.Analyzer,1.16.6891,tools_only,,,,,36290.0,36290.0,,,,,,,,,,,,,,,,,,,,,,
Aspire.Azure.Storage.Queues,13.5.3,ok,lib,net10.0,lib/net10.0/Aspire.Azure.Storage.Queues.dll,73568.0,112543.0,209814.0,3.0,6.0,18.0,0.0,2.0,0.0,24.0,29.0,29.0,20.0,6.0,0.0,0.0,0.0,0.0,0.0,1.0,2.0,53.0,29.0,158.0,29.0
QuantConnect.pythonnet,2.0.66,ok,lib,net10.0,lib/net10.0/Python.Runtime.dll,493568.0,263363.0,535781.0,82.0,339.0,1583.0,3.0,92.0,0.0,1925.0,1454.0,57.0,1038.0,119.0,154.0,7.0,52.0,0.0,5.0,14.0,40.0,2192.0,313.0,4702.0,313.0
Vortice.Direct3D11,3.8.3,ok,lib,net10.0,lib/net10.0/Vortice.Direct3D11.dll,352768.0,184806.0,947931.0,371.0,859.0,154.0,0.0,160.0,111.0,1013.0,81.0,6.0,240.0,168.0,40.0,0.0,9.0,0.0,0.0,3.0,278.0,3212.0,418.0,1631.0,418.0
Microsoft.AspNet.SignalR.ServiceBus,2.4.3,ok,lib,net45,lib/net45/Microsoft.AspNet.SignalR.ServiceBus.dll,57736.0,88494.0,61410.0,6.0,11.0,27.0,0.0,3.0,0.0,38.0,41.0,6.0,87.0,5.0,5.0,0.0,1.0,0.0,0.0,3.0,3.0,159.0,67.0,300.0,67.0
NBitcoin.Altcoins,6.0.4,ok,lib,netstandard2.1,lib/netstandard2.1/NBitcoin.Altcoins.dll,1185792.0,411659.0,1403220.0,273.0,530.0,457.0,0.0,188.0,6.0,987.0,371.0,321.0,130.0,154.0,478.0,3.0,17.0,0.0,3.0,22.0,15.0,1349.0,479.0,2392.0,479.0
WPFLocalizeExtension,3.10.0,ok,lib,netcoreapp3.1,lib/netcoreapp3.1/WPFLocalizeExtension.dll,91136.0,104562.0,233871.0,52.0,165.0,102.0,15.0,51.0,1.0,282.0,91.0,47.0,37.0,61.0,108.0,14.0,42.0,0.0,3.0,10.0,9.0,216.0,76.0,572.0,76.0
Microsoft.AspNetCore.Components.CustomElements,10.0.12,ok,lib,net10.0,lib/net10.0/Microsoft.AspNetCore.Components.CustomElements.dll,16720.0,60861.0,50402.0,1.0,1.0,0.0,0.0,0.0,0.0,1.0,0.0,0.0,0.0,1.0,0.0,0.0,0.0,0.0,0.0,1.0,1.0,0.0,2.0,1.0,2.0
OrchardCore.Translations.All,3.0.0,metapackage,,,,,477937.0,9455737.0,,,,,,,,,,,,,,,,,,,,,,
Appveyor.TestLogger,2.0.0,native_only,,,,,27856.0,27856.0,,,,,,,,,,,,,,,,,,,,,,
CefSharp.OffScreen,151.3.240,ok,lib,net462,lib/net462/CefSharp.OffScreen.dll,43520.0,84069.0,90619.0,7.0,49.0,53.0,12.0,6.0,0.0,114.0,69.0,6.0,8.0,0.0,99.0,12.0,70.0,0.0,1.0,1.0,1.0,123.0,17.0,232.0,17.0
Xamarin.Plugin.FilePicker,2.1.41,ok,lib,netstandard2.0,lib/netstandard2.0/Plugin.FilePicker.dll,8704.0,69882.0,146558.0,3.0,7.0,7.0,0.0,2.0,0.0,14.0,3.0,1.0,2.0,1.0,6.0,4.0,1.0,0.0,1.0,2.0,2.0,9.0,6.0,30.0,6.0
Magick.NET-Q16-x86,14.17.1,ok,lib,netstandard20,lib/netstandard20/Magick.NET-Q16-x86.dll,994992.0,481585.0,9620969.0,195.0,1092.0,1177.0,7.0,256.0,31.0,2276.0,934.0,95.0,94.0,268.0,1655.0,0.0,1629.0,0.0,0.0,3.0,184.0,1407.0,459.0,5768.0,459.0
Testcontainers.Minio,4.15.0,ok,lib,netstandard2.1,lib/netstandard2.1/Testcontainers.Minio.dll,18944.0,79487.0,176800.0,3.0,11.0,3.0,0.0,9.0,0.0,14.0,2.0,7.0,1.0,0.0,7.0,0.0,0.0,0.0,0.0,0.0,3.0,11.0,8.0,31.0,8.0
FSharpPlus,1.9.1,ok,lib,netstandard2.1,lib/netstandard2.1/FSharpPlus.dll,11084800.0,2739474.0,8413340.0,431.0,5958.0,282.0,0.0,39.0,488.0,6240.0,3532.0,0.0,8734.0,5680.0,448.0,7.0,381.0,40.0,4.0,139.0,179.0,19359.0,9310.0,27966.0,9310.0
Microsoft.Azure.Management.ApplicationInsights,0.3.0-preview,ok,lib,netstandard2.0,lib/netstandard2.0/Microsoft.Azure.Management.ApplicationInsights.dll,456568.0,197650.0,669599.0,105.0,215.0,319.0,0.0,122.0,0.0,534.0,408.0,5.0,23.0,136.0,141.0,98.0,17.0,0.0,18.0,47.0,31.0,3126.0,262.0,1458.0,262.0
ILRepack.Lib.MSBuild.Task,2.0.46,native_only,,,,,65558.0,599164.0,,,,,,,,,,,,,,,,,,,,,,
Avalonia.AvaloniaEdit,12.0.0,ok,lib,net10.0,lib/net10.0/AvaloniaEdit.dll,644096.0,300252.0,502088.0,208.0,790.0,851.0,66.0,177.0,18.0,1707.0,929.0,183.0,308.0,195.0,704.0,174.0,182.0,0.0,29.0,60.0,82.0,1371.0,398.0,3743.0,398.0
Senparc.NeuChar.App,1.6.0,ok,lib,netstandard2.1,lib/netstandard2.1/Senparc.NeuChar.App.dll,30720.0,79691.0,74591.0,36.0,35.0,58.0,0.0,29.0,0.0,93.0,14.0,2.0,4.0,12.0,45.0,8.0,8.0,0.0,2.0,5.0,5.0,102.0,44.0,195.0,44.0
Microsoft.AspNet.Mvc.zh-Hans,5.3.0,ok,lib,net45,lib/net45/zh-Hans/System.Web.Mvc.resources.dll,39456.0,83439.0,131004.0,0.0,0.0,0.0,0.0,0.0,0.0,0.0,0.0,0.0,0.0,0.0,0.0,0.0,0.0,0.0,0.0,0.0,0.0,0.0,1.0,0.0,1.0
Microsoft.AspNetCore.Server.WebListener,1.1.4,ok,lib,netstandard1.3,lib/netstandard1.3/Microsoft.AspNetCore.Server.WebListener.dll,58344.0,90327.0,64968.0,3.0,3.0,56.0,0.0,2.0,0.0,59.0,123.0,0.0,23.0,2.0,1.0,0.0,1.0,0.0,0.0,1.0,1.0,155.0,33.0,215.0,33.0
Vanara.PInvoke.Security,5.0.7,ok,lib,netstandard2.1,lib/netstandard2.1/Vanara.PInvoke.Security.dll,643584.0,294149.0,9874278.0,718.0,1773.0,571.0,0.0,206.0,190.0,2344.0,292.0,48.0,81.0,1187.0,1098.0,825.0,86.0,0.0,37.0,53.0,620.0,4571.0,792.0,3312.0,792.0
Microsoft.Azure.Management.Redis,8.0.0,ok,lib,netstandard2.0,lib/netstandard2.0/Microsoft.Azure.Management.Redis.dll,234360.0,137163.0,378903.0,67.0,151.0,187.0,0.0,87.0,0.0,338.0,248.0,5.0,17.0,88.0,107.0,65.0,18.0,0.0,8.0,24.0,19.0,1294.0,168.0,842.0,168.0
Avalonia.HarfBuzz,12.1.2,ok,lib,net10.0,lib/net10.0/Avalonia.HarfBuzz.dll,22016.0,57513.0,48872.0,2.0,3.0,3.0,0.0,1.0,0.0,6.0,9.0,0.0,4.0,1.0,2.0,0.0,2.0,0.0,0.0,1.0,1.0,11.0,8.0,26.0,8.0
Magick.NET-Q8-x86,14.17.1,ok,lib,netstandard20,lib/netstandard20/Magick.NET-Q8-x86.dll,992432.0,481212.0,9611397.0,195.0,1088.0,1177.0,7.0,256.0,31.0,2272.0,934.0,95.0,94.0,268.0,1651.0,0.0,1625.0,0.0,0.0,3.0,184.0,1407.0,459.0,5761.0,459.0
CommandDotNet,8.1.1,ok,lib,net9.0,lib/net9.0/CommandDotNet.dll,558080.0,424468.0,732021.0,149.0,385.0,703.0,6.0,96.0,14.0,1094.0,481.0,56.0,504.0,140.0,624.0,153.0,125.0,0.0,31.0,57.0,45.0,1191.0,471.0,2702.0,471.0
Microsoft.Azure.Management.ResourceGraph,2.1.0,ok,lib,netstandard2.0,lib/netstandard2.0/Microsoft.Azure.Management.ResourceGraph.dll,49024.0,88896.0,136040.0,26.0,21.0,70.0,0.0,45.0,0.0,91.0,21.0,5.0,13.0,4.0,44.0,15.0,15.0,0.0,2.0,4.0,6.0,127.0,37.0,226.0,37.0
Microsoft.AspNet.Razor.zh-Hans,3.3.0,ok,lib,net45,lib/net45/zh-Hans/System.Web.Razor.resources.dll,30128.0,80685.0,84858.0,0.0,0.0,0.0,0.0,0.0,0.0,0.0,0.0,0.0,0.0,0.0,0.0,0.0,0.0,0.0,0.0,0.0,0.0,0.0,1.0,0.0,1.0
MvvmCross.Binding,5.7.0,ok,lib,net45,lib/net45/MvvmCross.Binding.dll,133632.0,118095.0,1585394.0,174.0,770.0,166.0,12.0,134.0,0.0,948.0,97.0,520.0,50.0,73.0,722.0,145.0,112.0,0.0,38.0,67.0,11.0,260.0,217.0,1335.0,217.0
Azure.AI.ContentSafety,1.0.0,ok,lib,netstandard2.0,lib/netstandard2.0/Azure.AI.ContentSafety.dll,210864.0,155566.0,147247.0,32.0,90.0,154.0,0.0,33.0,12.0,244.0,274.0,11.0,107.0,37.0,71.0,0.0,15.0,0.0,0.0,2.0,16.0,890.0,223.0,1082.0,223.0
Microsoft.AspNet.WebPages.zh-Hans,3.3.0,ok,lib,net45,lib/net45/zh-Hans/System.Web.Helpers.resources.dll,19496.0,77243.0,116360.0,0.0,0.0,0.0,0.0,0.0,0.0,0.0,0.0,0.0,0.0,0.0,0.0,0.0,0.0,0.0,0.0,0.0,0.0,0.0,1.0,0.0,1.0
Tencent.QCloud.Cos.Sdk,5.4.51,ok,lib,netstandard2.0,lib/netstandard2.0/COSXML.dll,247296.0,158803.0,200569.0,458.0,1004.0,147.0,0.0,463.0,0.0,1151.0,137.0,21.0,53.0,54.0,479.0,165.0,162.0,0.0,4.0,10.0,405.0,1398.0,484.0,1910.0,484.0
Xamarin.AndroidX.Core.SplashScreen,1.2.0.3,ok,lib,net10.0-android36.0,lib/net10.0-android36.0/Xamarin.AndroidX.Core.SplashScreen.dll,30048.0,81088.0,139068.0,6.0,7.0,25.0,1.0,1.0,0.0,33.0,23.0,10.0,10.0,1.0,11.0,2.0,0.0,0.0,2.0,2.0,3.0,17.0,17.0,81.0,17.0
SkiaSharp.Views.WinUI,4.152.0,ok,lib,net10.0-windows10.0.19041,lib/net10.0-windows10.0.19041/SkiaSharp.Views.Windows.dll,42808.0,89207.0,150468.0,6.0,23.0,19.0,2.0,9.0,0.0,44.0,39.0,8.0,6.0,15.0,6.0,0.0,0.0,0.0,0.0,1.0,1.0,154.0,20.0,149.0,20.0
Microsoft.Azure.Management.ApiManagement,8.0.0-preview,ok,lib,netstandard2.0,lib/netstandard2.0/Microsoft.Azure.Management.ApiManagement.dll,2427256.0,632076.0,2888633.0,607.0,1413.0,1457.0,0.0,784.0,0.0,2870.0,2053.0,5.0,112.0,868.0,725.0,521.0,20.0,0.0,76.0,206.0,142.0,13335.0,1561.0,7301.0,1561.0
YubicoDotNetClient,1.2.0,ok,lib,netstandard1.3,lib/netstandard1.3/YubicoDotNetClient.dll,17920.0,37243.0,28366.0,7.0,8.0,24.0,0.0,10.0,0.0,32.0,23.0,0.0,3.0,2.0,24.0,12.0,12.0,0.0,1.0,1.0,4.0,56.0,14.0,70.0,14.0
HidSharpCore,1.3.0,ok,lib,net8.0,lib/net8.0/HidSharpCore.dll,231936.0,167199.0,116053.0,202.0,259.0,316.0,8.0,49.0,10.0,583.0,331.0,123.0,179.0,52.0,172.0,47.0,5.0,0.0,0.0,18.0,174.0,1805.0,361.0,1976.0,361.0
Avalonia.Headless,12.1.2,ok,lib,net10.0,lib/net10.0/Avalonia.Headless.dll,71680.0,95953.0,97119.0,8.0,23.0,86.0,0.0,3.0,0.0,109.0,39.0,3.0,37.0,18.0,2.0,0.0,2.0,0.0,0.0,3.0,7.0,162.0,65.0,433.0,65.0
DialogHost.Avalonia,0.12.3,ok,lib,net8.0,lib/net8.0/DialogHost.Avalonia.dll,82944.0,92760.0,61090.0,18.0,72.0,88.0,3.0,14.0,0.0,163.0,135.0,10.0,42.0,38.0,28.0,2.0,8.0,0.0,2.0,3.0,4.0,140.0,49.0,408.0,49.0
Xamarin.Google.MLKit.BarcodeScanning,117.3.0.9,ok,lib,net10.0-android36.0,lib/net10.0-android36.0/Xamarin.Google.MLKit.BarcodeScanning.dll,64864.0,87233.0,137471.0,6.0,21.0,51.0,0.0,10.0,0.0,72.0,116.0,16.0,8.0,0.0,70.0,0.0,0.0,0.0,0.0,0.0,2.0,79.0,18.0,250.0,18.0
Mono.Nat,3.0.4,ok,lib,netstandard2.1,lib/netstandard2.1/Mono.Nat.dll,68608.0,96005.0,113623.0,13.0,36.0,85.0,6.0,9.0,0.0,127.0,105.0,21.0,31.0,26.0,19.0,11.0,4.0,0.0,2.0,4.0,6.0,294.0,76.0,341.0,76.0
Microsoft.CodeAnalysis.CSharp.Analyzer.Testing.MSTest,1.1.2,ok,lib,netstandard2.0,lib/netstandard2.0/Microsoft.CodeAnalysis.CSharp.Analyzer.Testing.MSTest.dll,23576.0,82792.0,133586.0,2.0,1.0,0.0,0.0,1.0,0.0,1.0,0.0,0.0,0.0,1.0,0.0,0.0,0.0,0.0,0.0,1.0,1.0,3.0,7.0,7.0,7.0
Stashbox,5.21.0,ok,lib,netstandard2.1,lib/netstandard2.1/Stashbox.dll,238592.0,161654.0,1105036.0,83.0,445.0,114.0,0.0,34.0,0.0,559.0,332.0,23.0,256.0,92.0,256.0,112.0,134.0,0.0,22.0,36.0,24.0,677.0,270.0,1524.0,270.0
AlphaFS,2.2.6,ok,lib,net452,lib/net452/AlphaFS.dll,367616.0,201882.0,2646541.0,105.0,1326.0,487.0,0.0,118.0,16.0,1813.0,364.0,44.0,446.0,1126.0,78.0,3.0,7.0,0.0,0.0,10.0,84.0,1603.0,247.0,2884.0,247.0
Microsoft.ApplicationBlocks.Data,2.0.0,ok,lib,net45,lib/net45/Microsoft.ApplicationBlocks.Data.dll,32768.0,53414.0,46267.0,2.0,71.0,0.0,0.0,0.0,0.0,71.0,12.0,0.0,2.0,71.0,0.0,0.0,0.0,0.0,0.0,0.0,2.0,4.0,4.0,85.0,4.0
Microsoft.Azure.Management.Automation,2.0.7,ok,lib,netstandard1.4,lib/netstandard1.4/Microsoft.Azure.Management.Automation.dll,609672.0,232421.0,355193.0,285.0,418.0,616.0,0.0,260.0,0.0,1034.0,277.0,1.0,164.0,275.0,215.0,173.0,14.0,0.0,28.0,68.0,43.0,3347.0,587.0,2534.0,587.0
DiscUtils.Udf,0.16.13,ok,lib,netstandard2.0,lib/netstandard2.0/DiscUtils.Udf.dll,36352.0,83739.0,86708.0,2.0,2.0,56.0,0.0,2.0,0.0,58.0,9.0,13.0,2.0,1.0,0.0,0.0,0.0,0.0,0.0,0.0,2.0,335.0,60.0,192.0,60.0
VirtualizingWrapPanel,2.5.4,ok,lib,net10.0-windows7.0,lib/net10.0-windows7.0/VirtualizingWrapPanel.dll,57856.0,90289.0,89665.0,11.0,78.0,60.0,0.0,7.0,0.0,138.0,105.0,80.0,13.0,0.0,84.0,13.0,15.0,0.0,1.0,2.0,4.0,116.0,20.0,295.0,20.0
Microsoft.WindowsAzure.Management,4.1.3,ok,lib,net40,lib/net40/Microsoft.WindowsAzure.Management.dll,121384.0,112577.0,139723.0,54.0,72.0,163.0,0.0,44.0,0.0,235.0,55.0,2.0,28.0,42.0,74.0,43.0,22.0,0.0,9.0,22.0,15.0,556.0,104.0,535.0,104.0
Microsoft.Orleans.EventSourcing,10.3.1,ok,lib,net10.0,lib/net10.0/Orleans.EventSourcing.dll,178016.0,171469.0,267581.0,70.0,198.0,71.0,0.0,57.0,0.0,269.0,93.0,89.0,25.0,9.0,175.0,45.0,61.0,0.0,12.0,23.0,46.0,289.0,165.0,679.0,165.0
SharpDX.XInput,4.2.0,ok,lib,netstandard1.1,lib/netstandard1.1/SharpDX.XInput.dll,13824.0,72223.0,80562.0,19.0,9.0,2.0,0.0,2.0,0.0,11.0,12.0,0.0,6.0,1.0,1.0,0.0,0.0,0.0,0.0,0.0,18.0,135.0,31.0,80.0,31.0
Microsoft.VisualStudio.ProjectSystem,17.9.380,ok,lib,net7.0,lib/net7.0/Microsoft.VisualStudio.ProjectSystem.dll,2116528.0,685901.0,2713103.0,544.0,1043.0,1883.0,41.0,177.0,20.0,2967.0,1361.0,406.0,1356.0,189.0,1440.0,1188.0,144.0,0.0,323.0,386.0,125.0,4134.0,1360.0,6600.0,1360.0
CefSharp.Wpf.NETCore,151.3.240,ok,ref,net6.0-windows7.0,ref/net6.0-windows7.0/CefSharp.Wpf.dll,52224.0,86817.0,262888.0,54.0,205.0,163.0,24.0,41.0,1.0,392.0,85.0,118.0,0.0,14.0,370.0,36.0,186.0,0.0,6.0,11.0,19.0,434.0,109.0,647.0,109.0
Xamarin.iOS.MaterialComponents,92.0.0,ok,lib,Xamarin.iOS,lib/Xamarin.iOS/MaterialComponents.dll,6717560.0,5834720.0,5790258.0,486.0,1254.0,1935.0,31.0,788.0,0.0,3220.0,403.0,564.0,12.0,961.0,2900.0,437.0,0.0,0.0,59.0,153.0,137.0,742.0,720.0,6411.0,720.0
ColorCode.UWP,2.0.15,ok,lib,uap10.0.17763,lib/uap10.0.17763/ColorCode.UWP.dll,20624.0,60447.0,47245.0,2.0,4.0,1.0,0.0,2.0,0.0,5.0,8.0,1.0,1.0,1.0,1.0,0.0,0.0,0.0,0.0,1.0,1.0,10.0,5.0,16.0,5.0
RepoDb.SqlServer,1.16.0,ok,lib,netstandard2.0,lib/netstandard2.0/RepoDb.SqlServer.dll,40960.0,82333.0,964385.0,19.0,17.0,14.0,0.0,19.0,0.0,31.0,12.0,0.0,21.0,2.0,17.0,0.0,6.0,0.0,0.0,3.0,6.0,84.0,33.0,97.0,33.0
NetVips.Native,8.18.6,metapackage,,,,,15339.0,15339.0,,,,,,,,,,,,,,,,,,,,,,
Velopack,1.2.0,ok,lib,netstandard2.0,lib/netstandard2.0/Velopack.dll,215552.0,158516.0,641661.0,71.0,218.0,258.0,0.0,58.0,19.0,476.0,206.0,62.0,99.0,91.0,207.0,41.0,25.0,0.0,5.0,13.0,21.0,879.0,220.0,1149.0,220.0
zlib.net,1.0.4,ok,lib,,lib/zlib.net.dll,69632.0,68979.0,40486.0,7.0,44.0,11.0,0.0,9.0,0.0,55.0,10.0,0.0,72.0,17.0,25.0,0.0,0.0,0.0,0.0,0.0,3.0,382.0,36.0,153.0,36.0
ICU4N.Transliterator,60.1.0-alpha.356,ok,lib,netstandard2.0,lib/netstandard2.0/ICU4N.Transliterator.dll,687616.0,330721.0,931818.0,6.0,50.0,53.0,0.0,6.0,0.0,103.0,88.0,22.0,73.0,21.0,17.0,2.0,0.0,0.0,1.0,2.0,1.0,318.0,68.0,460.0,68.0
DeviceId.Windows,6.11.0,ok,lib,netstandard2.0,lib/netstandard2.0/DeviceId.Windows.dll,8704.0,57943.0,53445.0,4.0,7.0,1.0,0.0,4.0,0.0,8.0,3.0,0.0,1.0,5.0,1.0,0.0,1.0,0.0,0.0,2.0,2.0,10.0,8.0,18.0,8.0
Azure.Provisioning.CosmosDB,1.0.0,ok,lib,netstandard2.0,lib/netstandard2.0/Azure.Provisioning.CosmosDB.dll,338504.0,188013.0,201186.0,244.0,220.0,855.0,0.0,165.0,3.0,1075.0,243.0,167.0,25.0,48.0,170.0,0.0,12.0,0.0,0.0,38.0,90.0,2379.0,370.0,2353.0,370.0
Clipper2,2.0.0,ok,lib,netstandard2.0,lib/netstandard2.0/Clipper2Lib.dll,103936.0,110361.0,68644.0,35.0,202.0,29.0,0.0,43.0,6.0,231.0,209.0,12.0,32.0,127.0,17.0,1.0,1.0,0.0,0.0,4.0,17.0,253.0,73.0,581.0,73.0
Microsoft.Windows.CsWinRT,2.3.1,ok,lib,net9.0,lib/net9.0/WinRT.Runtime.dll,598840.0,323013.0,3278379.0,275.0,893.0,582.0,4.0,177.0,8.0,1479.0,852.0,52.0,479.0,570.0,366.0,15.0,71.0,0.0,7.0,65.0,240.0,1297.0,571.0,3405.0,571.0
Vanara.PInvoke.Gdi32,5.0.7,ok,lib,netstandard2.1,lib/netstandard2.1/Vanara.PInvoke.Gdi32.dll,166912.0,137263.0,4001809.0,210.0,778.0,36.0,0.0,60.0,34.0,814.0,23.0,7.0,10.0,517.0,43.0,0.0,4.0,0.0,1.0,4.0,192.0,1527.0,219.0,960.0,219.0
Microsoft.Azure.Management.Cdn,6.1.0,ok,lib,netstandard2.0,lib/netstandard2.0/Microsoft.Azure.Management.Cdn.dll,892280.0,292993.0,1188786.0,297.0,642.0,661.0,0.0,358.0,0.0,1303.0,917.0,5.0,52.0,395.0,353.0,217.0,19.0,0.0,23.0,110.0,97.0,5470.0,693.0,3279.0,693.0
SQLitePCLRaw.provider.internal.ios_unified,1.1.14,ok,lib,Xamarin.iOS10,lib/Xamarin.iOS10/SQLitePCLRaw.provider.internal.dll,39936.0,44979.0,28927.0,17.0,45.0,12.0,0.0,16.0,0.0,57.0,143.0,0.0,67.0,0.0,45.0,0.0,0.0,0.0,0.0,1.0,17.0,83.0,38.0,414.0,38.0
Ardalis.HttpClientTestExtensions,4.2.0,ok,lib,net6.0,lib/net6.0/Ardalis.HttpClientTestExtensions.dll,44032.0,67995.0,53780.0,9.0,52.0,0.0,0.0,0.0,0.0,52.0,101.0,0.0,0.0,52.0,0.0,0.0,0.0,0.0,0.0,9.0,9.0,330.0,57.0,153.0,57.0
Ecng.Compilation,1.0.331,ok,lib,net10.0,lib/net10.0/Ecng.Compilation.dll,41472.0,83702.0,64491.0,19.0,61.0,74.0,0.0,12.0,0.0,135.0,116.0,11.0,14.0,22.0,59.0,30.0,2.0,0.0,5.0,11.0,4.0,95.0,42.0,268.0,42.0
Microsoft.Azure.Management.Subscription,2.0.0,ok,lib,netstandard2.0,lib/netstandard2.0/Microsoft.Azure.Management.Subscription.dll,144776.0,114192.0,258671.0,54.0,76.0,145.0,0.0,73.0,0.0,221.0,160.0,5.0,13.0,48.0,66.0,42.0,15.0,0.0,8.0,19.0,13.0,681.0,113.0,565.0,113.0
DuoUniversal,1.3.1,ok,lib,netstandard2.0,lib/netstandard2.0/DuoUniversal.dll,63488.0,97120.0,88170.0,11.0,14.0,70.0,0.0,11.0,0.0,84.0,35.0,0.0,27.0,2.0,0.0,0.0,0.0,0.0,0.0,0.0,0.0,154.0,26.0,227.0,26.0
Microsoft.WindowsAzure.Management.Sql,5.2.0,ok,lib,net40,lib/net40/Microsoft.WindowsAzure.Management.Sql.dll,213152.0,138688.0,192540.0,92.0,127.0,249.0,0.0,82.0,0.0,376.0,89.0,1.0,12.0,76.0,89.0,57.0,19.0,0.0,13.0,27.0,14.0,1202.0,180.0,878.0,180.0
Microsoft.CodeAnalysis.VisualBasic.CodeFix.Testing,1.1.4,ok,lib,netstandard2.0,lib/netstandard2.0/Microsoft.CodeAnalysis.VisualBasic.CodeFix.Testing.dll,25440.0,84302.0,129230.0,2.0,4.0,3.0,0.0,2.0,0.0,7.0,1.0,5.0,0.0,0.0,7.0,0.0,0.0,0.0,0.0,0.0,0.0,1.0,3.0,10.0,3.0
Azure.AI.Extensions.OpenAI,2.0.0,ok,lib,netstandard2.0,lib/netstandard2.0/Azure.AI.Extensions.OpenAI.dll,1100832.0,360300.0,1175110.0,64.0,246.0,1191.0,0.0,61.0,19.0,1437.0,1524.0,1257.0,1011.0,112.0,194.0,0.0,14.0,0.0,0.0,8.0,22.0,2566.0,898.0,6324.0,898.0
Dotnet.Bundle,0.9.13,no_lib_dll,,,,,16844.0,16844.0,,,,,,,,,,,,,,,,,,,,,,
Microsoft.CodeAnalysis.VisualBasic.Analyzer.Testing,1.1.4,ok,lib,netstandard2.0,lib/netstandard2.0/Microsoft.CodeAnalysis.VisualBasic.Analyzer.Testing.dll,24416.0,83840.0,126930.0,2.0,3.0,2.0,0.0,2.0,0.0,5.0,1.0,4.0,0.0,0.0,5.0,0.0,0.0,0.0,0.0,0.0,0.0,1.0,3.0,8.0,3.0
Microsoft.AspNet.WebApi.WebHost.zh-Hans,5.3.0,ok,lib,net45,lib/net45/zh-Hans/System.Web.Http.WebHost.resources.dll,16928.0,58083.0,47789.0,0.0,0.0,0.0,0.0,0.0,0.0,0.0,0.0,0.0,0.0,0.0,0.0,0.0,0.0,0.0,0.0,0.0,0.0,0.0,1.0,0.0,1.0
Microsoft.CodeAnalysis.VisualBasic.CodeRefactoring.Testing,1.1.4,ok,lib,netstandard2.0,lib/netstandard2.0/Microsoft.CodeAnalysis.VisualBasic.CodeRefactoring.Testing.dll,25440.0,84168.0,128705.0,2.0,3.0,3.0,0.0,2.0,0.0,6.0,1.0,4.0,0.0,0.0,6.0,0.0,0.0,0.0,0.0,0.0,0.0,1.0,3.0,9.0,3.0
Eto.Forms,2.11.0,ok,lib,netstandard2.0,lib/netstandard2.0/Eto.dll,773120.0,363681.0,2164896.0,684.0,1974.0,2626.0,202.0,538.0,183.0,4802.0,947.0,509.0,498.0,956.0,2605.0,1352.0,405.0,0.0,237.0,310.0,137.0,2126.0,1051.0,8859.0,1051.0
Microsoft.WindowsAzure.Management.Scheduler,6.2.0,ok,lib,net40,lib/net40/Microsoft.WindowsAzure.Management.Scheduler.dll,283808.0,150353.0,211729.0,93.0,103.0,254.0,0.0,100.0,0.0,357.0,68.0,3.0,23.0,60.0,99.0,58.0,35.0,0.0,6.0,15.0,23.0,986.0,153.0,851.0,153.0
Plotly.NET,5.1.0,ok,lib,netstandard2.0,lib/netstandard2.0/Plotly.NET.dll,8122880.0,1986171.0,2262896.0,535.0,5111.0,2782.0,0.0,145.0,0.0,7893.0,404.0,0.0,1328.0,2302.0,1505.0,0.0,1328.0,0.0,0.0,187.0,334.0,6881.0,1553.0,8283.0,1553.0
Microsoft.Azure.Insights,0.16.0-preview,ok,lib,netstandard1.4,lib/netstandard1.4/Microsoft.Azure.Insights.dll,184904.0,128570.0,194409.0,83.0,103.0,239.0,0.0,99.0,0.0,342.0,160.0,8.0,36.0,51.0,131.0,62.0,34.0,0.0,13.0,24.0,23.0,941.0,170.0,860.0,170.0
Microsoft.VisualStudio.Workspace.VSIntegration,17.12.19,ok,lib,net472,lib/net472/Microsoft.VisualStudio.Workspace.VSIntegration.Contracts.dll,100904.0,109977.0,104412.0,64.0,116.0,142.0,5.0,16.0,0.0,263.0,172.0,12.0,14.0,5.0,148.0,117.0,8.0,0.0,43.0,46.0,17.0,357.0,114.0,574.0,114.0
Volo.Abp.Identity.Web,10.6.0,ok,lib,net10.0,lib/net10.0/Volo.Abp.Identity.Web.dll,203776.0,121469.0,111327.0,26.0,34.0,124.0,0.0,26.0,0.0,158.0,334.0,6.0,79.0,0.0,38.0,0.0,4.0,0.0,0.0,1.0,0.0,664.0,164.0,675.0,164.0
Microsoft.AspNetCore.Buffering,0.2.2,ok,lib,netstandard1.3,lib/netstandard1.3/Microsoft.AspNetCore.Buffering.dll,22008.0,47479.0,35599.0,2.0,2.0,6.0,0.0,1.0,0.0,8.0,8.0,0.0,3.0,1.0,0.0,0.0,0.0,0.0,0.0,1.0,1.0,32.0,11.0,33.0,11.0
TorchSharp,0.107.0,ok,lib,netstandard2.0,lib/netstandard2.0/TorchSharp.dll,1568184.0,570683.0,3345464.0,682.0,4973.0,1930.0,0.0,604.0,147.0,6903.0,1175.0,405.0,1724.0,2198.0,2550.0,50.0,1080.0,0.0,11.0,157.0,466.0,3957.0,1051.0,11581.0,1051.0
Microsoft.Orleans.Clustering.DynamoDB,10.3.1,ok,lib,net10.0,lib/net10.0/Orleans.Clustering.DynamoDB.dll,141624.0,136091.0,179891.0,7.0,5.0,35.0,0.0,6.0,0.0,40.0,119.0,1.0,42.0,5.0,0.0,0.0,0.0,0.0,0.0,1.0,1.0,382.0,59.0,304.0,59.0
Microsoft.WindowsAzure.Management.WebSites,4.0.0,ok,lib,net40,lib/net40/Microsoft.WindowsAzure.Management.WebSites.dll,361112.0,189826.0,328269.0,144.0,248.0,404.0,0.0,109.0,0.0,652.0,176.0,5.0,16.0,153.0,147.0,98.0,36.0,0.0,11.0,31.0,37.0,2226.0,287.0,1511.0,287.0
Dragablz,0.0.3.234,ok,lib,netcoreapp3.0,lib/netcoreapp3.0/Dragablz.dll,239616.0,149179.0,634063.0,74.0,139.0,198.0,10.0,66.0,1.0,347.0,246.0,23.0,145.0,33.0,99.0,16.0,17.0,0.0,5.0,11.0,22.0,838.0,170.0,1005.0,170.0
Microsoft.Extensions.AI.AzureAIInference,10.0.0-preview.1.25559.3,ok,lib,netstandard2.0,lib/netstandard2.0/Microsoft.Extensions.AI.AzureAIInference.dll,81952.0,105201.0,249988.0,1.0,3.0,57.0,0.0,0.0,0.0,60.0,86.0,1.0,22.0,3.0,0.0,0.0,0.0,0.0,0.0,1.0,1.0,247.0,59.0,290.0,59.0
BitPay.Light,1.0.1907,ok,lib,netstandard2.0,lib/netstandard2.0/BitPayLight.dll,48640.0,51925.0,31699.0,37.0,65.0,109.0,0.0,60.0,0.0,174.0,23.0,0.0,0.0,1.0,0.0,0.0,0.0,0.0,0.0,0.0,0.0,379.0,48.0,365.0,48.0
Microsoft.DocAsCode.ECMA2Yaml,1.0.916,tools_only,,,,,65558.0,1896740.0,,,,,,,,,,,,,,,,,,,,,,
Google.Cloud.TextToSpeech.V1,3.18.0,ok,lib,netstandard2.0,lib/netstandard2.0/Google.Cloud.TextToSpeech.V1.dll,126464.0,114973.0,196356.0,60.0,340.0,205.0,0.0,74.0,2.0,545.0,174.0,13.0,45.0,90.0,306.0,0.0,164.0,0.0,0.0,14.0,53.0,374.0,107.0,929.0,107.0
WindowsAPICodePack,8.0.15.2,ok,lib,net10.0-windows7.0,lib/net10.0-windows7.0/Microsoft.WindowsAPICodePack.dll,6144.0,68791.0,4569344.0,0.0,0.0,0.0,0.0,0.0,0.0,0.0,0.0,0.0,0.0,0.0,0.0,0.0,0.0,0.0,0.0,0.0,0.0,0.0,1.0,0.0,1.0
Microsoft.AspNet.WebApi.Core.zh-Hans,5.3.0,ok,lib,net45,lib/net45/zh-Hans/System.Web.Http.resources.dll,36272.0,82646.0,104417.0,0.0,0.0,0.0,0.0,0.0,0.0,0.0,0.0,0.0,0.0,0.0,0.0,0.0,0.0,0.0,0.0,0.0,0.0,0.0,1.0,0.0,1.0
Avalonia.Controls.ItemsRepeater,12.0.0,ok,lib,net10.0,lib/net10.0/Avalonia.Controls.ItemsRepeater.dll,90624.0,105155.0,107281.0,28.0,68.0,119.0,7.0,20.0,0.0,194.0,122.0,80.0,77.0,2.0,59.0,14.0,4.0,0.0,1.0,7.0,4.0,229.0,60.0,571.0,60.0
Microsoft.AspNet.WebApi.Client.zh-Hans,6.0.0,ok,lib,netstandard2.0,lib/netstandard2.0/zh-Hans/System.Net.Http.Formatting.resources.dll,27576.0,79649.0,132498.0,0.0,0.0,0.0,0.0,0.0,0.0,0.0,0.0,0.0,0.0,0.0,0.0,0.0,0.0,0.0,0.0,0.0,0.0,0.0,1.0,0.0,1.0
Tewr.Blazor.FileReader,3.4.0.24340,ok,lib,netstandard2.0,lib/netstandard2.0/Tewr.Blazor.FileReader.dll,88064.0,96409.0,172547.0,18.0,36.0,61.0,2.0,4.0,0.0,99.0,108.0,2.0,14.0,9.0,43.0,43.0,0.0,0.0,7.0,11.0,5.0,357.0,80.0,300.0,80.0
OrleansTestKit,10.0.0,ok,lib,net10.0,lib/net10.0/OrleansTestKit.dll,71680.0,98181.0,97138.0,32.0,152.0,67.0,0.0,20.0,0.0,219.0,61.0,4.0,33.0,43.0,82.0,1.0,77.0,0.0,1.0,11.0,28.0,243.0,74.0,397.0,74.0
Microsoft.Web.Deployment,4.0.5,ok,lib,net45,lib/net45/Microsoft.Web.Delegation.dll,107904.0,112599.0,628625.0,9.0,8.0,196.0,0.0,21.0,0.0,204.0,131.0,28.0,75.0,2.0,10.0,7.0,0.0,0.0,3.0,4.0,2.0,615.0,104.0,543.0,104.0
Google.Apis.Tasks.v1,1.74.0.3958,ok,lib,netstandard2.0,lib/netstandard2.0/Google.Apis.Tasks.v1.dll,32768.0,78401.0,100114.0,30.0,35.0,146.0,0.0,28.0,0.0,181.0,30.0,22.0,0.0,0.0,248.0,0.0,0.0,0.0,0.0,2.0,3.0,117.0,31.0,306.0,31.0
Microsoft.Orleans.Clustering.Redis,10.3.1,ok,lib,net10.0,lib/net10.0/Orleans.Clustering.Redis.dll,59704.0,102818.0,110332.0,5.0,7.0,8.0,0.0,6.0,0.0,15.0,41.0,2.0,20.0,6.0,1.0,0.0,1.0,0.0,0.0,2.0,2.0,127.0,43.0,133.0,43.0
Azure.ResourceManager.OperationalInsights,1.3.2,ok,lib,netstandard2.0,lib/netstandard2.0/Azure.ResourceManager.OperationalInsights.dll,1226592.0,396989.0,1336620.0,137.0,865.0,1025.0,0.0,109.0,134.0,1890.0,1816.0,653.0,706.0,427.0,756.0,0.0,45.0,0.0,0.0,2.0,48.0,4232.0,759.0,5678.0,759.0
Vanara.PInvoke.User32,5.0.7,ok,lib,netstandard2.1,lib/netstandard2.1/Vanara.PInvoke.User32.dll,470528.0,225553.0,8752131.0,446.0,1595.0,145.0,7.0,120.0,92.0,1747.0,81.0,48.0,39.0,1275.0,175.0,8.0,34.0,0.0,6.0,14.0,405.0,4132.0,478.0,2136.0,478.0
Microsoft.TestPlatform.TranslationLayer,18.9.0,ok,lib,netstandard2.0,lib/netstandard2.0/Microsoft.VisualStudio.TestPlatform.Common.dll,250680.0,189597.0,2722209.0,58.0,103.0,280.0,15.0,40.0,0.0,398.0,251.0,24.0,205.0,16.0,102.0,69.0,29.0,0.0,24.0,30.0,10.0,458.0,164.0,1118.0,164.0
AdysTech.CredentialManager,3.1.0,ok,lib,netstandard2.0,lib/netstandard2.0/AdysTech.CredentialManager.dll,27648.0,78867.0,66716.0,6.0,15.0,34.0,0.0,6.0,0.0,49.0,8.0,2.0,39.0,12.0,19.0,19.0,0.0,0.0,1.0,3.0,4.0,88.0,22.0,119.0,22.0
Blazor.Extensions.Canvas,1.1.1,ok,lib,netstandard2.1,lib/netstandard2.1/Blazor.Extensions.Canvas.dll,176640.0,124590.0,135009.0,63.0,320.0,51.0,0.0,14.0,0.0,371.0,378.0,9.0,6.0,6.0,4.0,0.0,1.0,0.0,0.0,2.0,46.0,1645.0,241.0,798.0,241.0
Pharmacist.Common,2.0.8,ok,lib,netstandard2.0,lib/netstandard2.0/Pharmacist.Common.dll,19992.0,77605.0,63389.0,1.0,6.0,0.0,0.0,1.0,0.0,6.0,1.0,0.0,0.0,0.0,5.0,0.0,5.0,0.0,0.0,0.0,1.0,14.0,6.0,12.0,6.0
OpenCvSharp4.WpfExtensions,4.13.0.20260627,ok,lib,net8.0-windows7.0,lib/net8.0-windows7.0/OpenCvSharp.WpfExtensions.dll,14336.0,44528.0,37416.0,2.0,12.0,0.0,0.0,0.0,0.0,12.0,5.0,0.0,2.0,12.0,0.0,0.0,0.0,0.0,0.0,2.0,2.0,2.0,3.0,19.0,3.0
TextMateSharp,2.0.4,ok,lib,netstandard2.0,lib/netstandard2.0/TextMateSharp.dll,153600.0,157615.0,107074.0,87.0,350.0,185.0,0.0,55.0,24.0,535.0,217.0,10.0,132.0,45.0,352.0,110.0,89.0,0.0,23.0,36.0,28.0,404.0,144.0,1026.0,144.0
GDAL,3.12.1,ok,lib,netstandard2.0,lib/netstandard2.0/ogr_csharp.dll,105984.0,96550.0,154182.0,31.0,542.0,13.0,0.0,33.0,0.0,555.0,21.0,47.0,4.0,121.0,46.0,0.0,0.0,0.0,0.0,0.0,13.0,234.0,36.0,1143.0,36.0
ScreenRecorderLib,7.0.1,native_only,,,,,65558.0,14102365.0,,,,,,,,,,,,,,,,,,,,,,
DockPanelSuite,3.1.1,ok,lib,netcoreapp3.1,lib/netcoreapp3.1/WeifenLuo.WinFormsUI.Docking.dll,243200.0,159800.0,310094.0,119.0,282.0,761.0,19.0,78.0,0.0,1062.0,278.0,194.0,198.0,53.0,339.0,127.0,29.0,0.0,26.0,41.0,24.0,897.0,201.0,1876.0,201.0
LargeAddressAware,1.0.6,native_only,,,,,20266.0,20266.0,,,,,,,,,,,,,,,,,,,,,,
SkiaSharp.Views.WindowsForms,4.152.0,ok,lib,net10.0-windows10.0.19041,lib/net10.0-windows10.0.19041/SkiaSharp.Views.WindowsForms.dll,24376.0,80127.0,167318.0,3.0,27.0,3.0,2.0,3.0,0.0,32.0,3.0,6.0,0.0,21.0,6.0,0.0,0.0,0.0,0.0,1.0,1.0,18.0,5.0,41.0,5.0
Microsoft.CodeAnalysis.FlowAnalysis.Utilities,2.9.6,ok,lib,netstandard1.3,lib/netstandard1.3/Microsoft.CodeAnalysis.FlowAnalysis.Utilities.dll,479080.0,244555.0,249911.0,64.0,408.0,308.0,0.0,31.0,6.0,716.0,578.0,336.0,317.0,58.0,320.0,58.0,84.0,0.0,2.0,19.0,29.0,1412.0,325.0,2436.0,325.0
Squid-Box.SevenZipSharp,1.6.2.24,ok,lib,netstandard2.0,lib/netstandard2.0/SevenZipSharp.dll,1829376.0,1006933.0,3016317.0,48.0,122.0,114.0,22.0,75.0,4.0,258.0,195.0,23.0,95.0,13.0,58.0,6.0,14.0,0.0,3.0,5.0,27.0,967.0,195.0,1067.0,195.0
Downloader,5.9.6,ok,lib,net11.0,lib/net11.0/Downloader.dll,184320.0,168014.0,454418.0,31.0,116.0,175.0,18.0,30.0,2.0,309.0,208.0,19.0,70.0,7.0,97.0,50.0,32.0,0.0,3.0,7.0,6.0,664.0,106.0,779.0,106.0
GDAL.Native,3.12.1,native_only,,,,,65558.0,51923774.0,,,,,,,,,,,,,,,,,,,,,,
Aspire.Hosting.Azure.AppContainers,13.5.3,ok,lib,net8.0,lib/net8.0/Aspire.Hosting.Azure.AppContainers.dll,151864.0,149582.0,135859.0,9.0,19.0,68.0,0.0,4.0,0.0,87.0,97.0,17.0,111.0,16.0,3.0,0.0,2.0,0.0,0.0,5.0,7.0,229.0,70.0,373.0,70.0
ICSharpCode.SharpZipLib.Patched,1.2.0.9,ok,lib,netstandard2.0,lib/netstandard2.0/ICSharpCode.SharpZipLib.dll,200704.0,154284.0,422055.0,112.0,453.0,301.0,3.0,162.0,0.0,757.0,217.0,45.0,20.0,76.0,254.0,34.0,45.0,0.0,9.0,17.0,35.0,873.0,150.0,1362.0,150.0
Aspire.RabbitMQ.Client,13.5.3,ok,lib,net10.0,lib/net10.0/Aspire.RabbitMQ.Client.dll,85856.0,117641.0,203646.0,2.0,2.0,14.0,0.0,1.0,0.0,16.0,20.0,2.0,30.0,2.0,0.0,0.0,0.0,0.0,0.0,1.0,2.0,63.0,18.0,131.0,18.0
Senparc.CO2NET.AspNet,2.1.4,ok,lib,netstandard2.1,lib/netstandard2.1/Senparc.CO2NET.AspNet.dll,15872.0,63760.0,55726.0,6.0,18.0,3.0,0.0,1.0,0.0,21.0,8.0,0.0,0.0,24.0,0.0,0.0,0.0,0.0,0.0,5.0,5.0,13.0,9.0,33.0,9.0
Google.Apis.Groupssettings.v1,1.74.0.2721,ok,lib,netstandard2.0,lib/netstandard2.0/Google.Apis.Groupssettings.v1.dll,27136.0,76258.0,92504.0,10.0,9.0,91.0,0.0,9.0,0.0,100.0,8.0,7.0,0.0,0.0,168.0,0.0,0.0,0.0,0.0,2.0,2.0,87.0,11.0,185.0,11.0
Microsoft.Azure.Management.ManagedServiceIdentity,1.0.0,ok,lib,netstandard2.0,lib/netstandard2.0/Microsoft.Azure.Management.ManagedServiceIdentity.dll,87416.0,98333.0,171973.0,18.0,37.0,56.0,0.0,29.0,0.0,93.0,75.0,5.0,3.0,22.0,50.0,28.0,16.0,0.0,4.0,7.0,3.0,462.0,45.0,254.0,45.0
Blazor-Analytics,4.0.0,ok,lib,netstandard2.0,lib/netstandard2.0/Blazor-Analytics.dll,17920.0,34180.0,26178.0,6.0,31.0,6.0,0.0,3.0,0.0,37.0,19.0,9.0,1.0,4.0,26.0,11.0,12.0,0.0,2.0,3.0,2.0,90.0,19.0,68.0,19.0
CryptSharpStandard,1.0.0,ok,lib,netstandard2.0,lib/netstandard2.0/CryptSharp.dll,59904.0,73270.0,42838.0,33.0,105.0,54.0,0.0,20.0,0.0,159.0,108.0,19.0,6.0,35.0,70.0,7.0,3.0,0.0,0.0,9.0,13.0,149.0,53.0,330.0,53.0
SharpDX.DirectInput,4.2.0,ok,lib,netstandard1.3,lib/netstandard1.3/SharpDX.DirectInput.dll,151040.0,125363.0,460443.0,123.0,95.0,146.0,0.0,97.0,4.0,241.0,40.0,22.0,119.0,4.0,66.0,12.0,30.0,0.0,3.0,5.0,49.0,4402.0,174.0,621.0,174.0
SharpVectors.Wpf,1.8.6,ok,lib,net10.0-windows7.0,lib/net10.0-windows7.0/SharpVectors.Css.dll,138752.0,120861.0,7141222.0,52.0,156.0,196.0,5.0,59.0,0.0,357.0,133.0,28.0,46.0,13.0,203.0,1.0,88.0,0.0,0.0,2.0,30.0,313.0,66.0,694.0,66.0
EntityFramework.zh-Hans,6.2.0,ok,lib,net45,lib/net45/zh-Hans/EntityFramework.resources.dll,327376.0,161760.0,685783.0,0.0,0.0,0.0,0.0,0.0,0.0,0.0,0.0,0.0,0.0,0.0,0.0,0.0,0.0,0.0,0.0,0.0,0.0,0.0,1.0,0.0,1.0
Microsoft.ML.OnnxRuntimeGenAI,0.15.2,native_only,,,,,65558.0,109338998.0,,,,,,,,,,,,,,,,,,,,,,
SteamKit2,3.4.0,ok,lib,net10.0,lib/net10.0/SteamKit2.dll,6891008.0,2173267.0,5905099.0,6797.0,36807.0,22081.0,15.0,5909.0,26.0,58903.0,6310.0,32.0,263.0,84.0,648.0,82.0,203.0,0.0,16.0,35.0,958.0,40448.0,7005.0,90892.0,7005.0
FluentAvaloniaUI,3.1.0,ok,lib,net10.0,lib/net10.0/FluentAvalonia.dll,3673600.0,843204.0,1184376.0,261.0,901.0,1075.0,97.0,183.0,4.0,2073.0,1796.0,457.0,549.0,299.0,601.0,71.0,157.0,0.0,10.0,28.0,86.0,3452.0,810.0,11622.0,810.0
DeviceId.Windows.Wmi,6.11.0,ok,lib,netstandard2.0,lib/netstandard2.0/DeviceId.Windows.Wmi.dll,11264.0,63998.0,58353.0,5.0,10.0,0.0,0.0,4.0,0.0,10.0,2.0,0.0,0.0,6.0,4.0,0.0,4.0,0.0,0.0,1.0,1.0,5.0,8.0,18.0,8.0
Microsoft.AspNetCore.Diagnostics.Middleware,10.9.0,ok,lib,net10.0,lib/net10.0/Microsoft.AspNetCore.Diagnostics.Middleware.dll,82272.0,105347.0,164274.0,14.0,16.0,38.0,0.0,4.0,0.0,54.0,60.0,0.0,29.0,16.0,1.0,1.0,0.0,0.0,1.0,9.0,9.0,198.0,76.0,273.0,76.0
Senparc.Weixin.WxOpen,3.28.3,ok,lib,netstandard2.1,lib/netstandard2.1/Senparc.Weixin.WxOpen.dll,1394688.0,479640.0,2377558.0,955.0,1074.0,3721.0,0.0,909.0,0.0,4795.0,983.0,1.0,470.0,969.0,163.0,4.0,10.0,0.0,2.0,46.0,47.0,7793.0,1959.0,11393.0,1959.0
ReactiveUI.XamForms,19.6.12,ok,lib,netstandard2.0,lib/netstandard2.0/ReactiveUI.XamForms.dll,62992.0,102333.0,172615.0,21.0,25.0,43.0,0.0,21.0,0.0,68.0,87.0,18.0,70.0,1.0,50.0,0.0,34.0,0.0,0.0,1.0,1.0,122.0,55.0,292.0,55.0
Microsoft.WindowsAzure.Management.Network,8.2.1,ok,lib,net40,lib/net40/Microsoft.WindowsAzure.Management.Network.dll,603840.0,233658.0,434897.0,163.0,586.0,409.0,0.0,129.0,0.0,995.0,399.0,1.0,201.0,382.0,238.0,208.0,19.0,0.0,11.0,39.0,39.0,3780.0,552.0,2474.0,552.0
Accord.Fuzzy,3.8.0,ok,lib,netstandard2.0,lib/netstandard2.0/Accord.Fuzzy.dll,15872.0,73163.0,219705.0,23.0,34.0,21.0,0.0,23.0,0.0,55.0,4.0,1.0,4.0,0.0,19.0,7.0,11.0,0.0,5.0,5.0,1.0,35.0,24.0,88.0,24.0
Microsoft.VisualStudioEng.MicroBuild.Core,1.0.0,metapackage,,,,,23988.0,23988.0,,,,,,,,,,,,,,,,,,,,,,
Microsoft.ML.OnnxRuntime.DirectML,1.24.4,native_only,,,,,65558.0,12458649.0,,,,,,,,,,,,,,,,,,,,,,
DBreeze,1.138.2026.603,ok,lib,netstandard2.1,lib/netstandard2.1/DBreeze.dll,542720.0,269733.0,3702998.0,104.0,853.0,385.0,1.0,91.0,5.0,1239.0,1155.0,3.0,341.0,205.0,111.0,57.0,46.0,0.0,10.0,24.0,26.0,2511.0,360.0,3252.0,360.0
Azure.Monitor.Query.Logs,1.0.0,ok,lib,netstandard2.0,lib/netstandard2.0/Azure.Monitor.Query.Logs.dll,264760.0,176135.0,297960.0,28.0,96.0,196.0,0.0,26.0,11.0,292.0,352.0,74.0,123.0,36.0,56.0,0.0,16.0,0.0,0.0,2.0,16.0,938.0,229.0,1310.0,229.0
Accord.Imaging,3.8.0,ok,lib,netstandard2.0,lib/netstandard2.0/Accord.Imaging.dll,466944.0,246083.0,3228369.0,301.0,755.0,811.0,0.0,525.0,29.0,1566.0,258.0,242.0,28.0,186.0,607.0,65.0,194.0,0.0,19.0,45.0,60.0,1161.0,341.0,2870.0,341.0
Tizen.NET,13.0.0.19198,metapackage,,,,,16634.0,16634.0,,,,,,,,,,,,,,,,,,,,,,
Utf8Json.AspNetCoreMvcFormatter,1.3.7,ok,lib,netstandard2.0,lib/netstandard2.0/Utf8Json.AspNetCoreMvcFormatter.dll,6144.0,20740.0,17423.0,2.0,4.0,0.0,0.0,4.0,0.0,4.0,2.0,0.0,0.0,0.0,4.0,0.0,4.0,0.0,0.0,0.0,0.0,6.0,3.0,10.0,3.0
Microsoft.Orleans.Transactions,10.3.1,ok,lib,net10.0,lib/net10.0/Orleans.Transactions.dll,379704.0,264234.0,439917.0,157.0,374.0,114.0,0.0,142.0,1.0,488.0,338.0,40.0,91.0,23.0,309.0,60.0,133.0,0.0,21.0,35.0,109.0,1228.0,357.0,1337.0,357.0
Azure.ResourceManager.PrivateDns,1.2.3,ok,lib,netstandard2.0,lib/netstandard2.0/Azure.ResourceManager.PrivateDns.dll,695648.0,266932.0,754897.0,57.0,266.0,250.0,0.0,55.0,9.0,516.0,870.0,78.0,384.0,48.0,251.0,0.0,14.0,0.0,0.0,2.0,14.0,2935.0,486.0,2567.0,486.0
FastBertTokenizer,1.0.28,ok,lib,netstandard2.0,lib/netstandard2.0/FastBertTokenizer.dll,92672.0,104167.0,152565.0,3.0,19.0,83.0,0.0,3.0,2.0,102.0,89.0,22.0,80.0,2.0,4.0,0.0,1.0,0.0,0.0,0.0,1.0,324.0,86.0,472.0,86.0
Volo.Abp.AspNetCore.TestBase,10.6.0,ok,lib,net10.0,lib/net10.0/Volo.Abp.AspNetCore.TestBase.dll,23040.0,54580.0,44046.0,12.0,35.0,10.0,0.0,8.0,0.0,45.0,13.0,38.0,9.0,3.0,36.0,2.0,9.0,0.0,1.0,6.0,3.0,46.0,27.0,94.0,27.0
WPF-UI,4.3.0,ok,lib,net10.0-windows7.0,lib/net10.0-windows7.0/Wpf.Ui.dll,6565888.0,2604783.0,17220682.0,190.0,500.0,550.0,39.0,125.0,0.0,1089.0,454.0,311.0,190.0,114.0,592.0,177.0,179.0,0.0,16.0,45.0,71.0,20265.0,332.0,2605.0,332.0
Microsoft.Azure.Management.Relay,2.0.2,ok,lib,netstandard1.4,lib/netstandard1.4/Microsoft.Azure.Management.Relay.dll,223320.0,129444.0,170885.0,34.0,140.0,87.0,0.0,44.0,0.0,227.0,221.0,4.0,22.0,89.0,89.0,62.0,16.0,0.0,5.0,9.0,10.0,1236.0,133.0,596.0,133.0
ColorHelper,1.8.1,ok,lib,netstandard2.0,lib/netstandard2.0/ColorHelper.dll,62976.0,93715.0,160618.0,15.0,143.0,23.0,0.0,9.0,0.0,166.0,3.0,0.0,0.0,127.0,16.0,0.0,0.0,0.0,1.0,5.0,5.0,963.0,16.0,201.0,16.0
Volo.Abp.AspNetCore.Mvc.UI.Theme.LeptonXLite,5.6.0,ok,lib,net10.0,lib/net10.0/Volo.Abp.AspNetCore.Mvc.UI.Theme.LeptonXLite.dll,15509504.0,3191894.0,3170652.0,27.0,30.0,147.0,0.0,22.0,0.0,177.0,272.0,12.0,43.0,2.0,27.0,0.0,9.0,0.0,0.0,5.0,5.0,557.0,131.0,570.0,131.0
Microsoft.VisualStudio.ProjectSystem.SDK.Tools,17.9.380,native_only,,,,,65558.0,76584.0,,,,,,,,,,,,,,,,,,,,,,
Microsoft.WindowsAzure.Management.MediaServices,4.1.0,ok,lib,net40,lib/net40/Microsoft.WindowsAzure.Management.MediaServices.dll,41624.0,75496.0,56074.0,14.0,17.0,37.0,0.0,14.0,0.0,54.0,12.0,1.0,1.0,10.0,23.0,13.0,8.0,0.0,2.0,4.0,3.0,145.0,25.0,122.0,25.0
Microsoft.Sbom.Targets,4.1.5,no_lib_dll,,,,,65558.0,12235436.0,,,,,,,,,,,,,,,,,,,,,,
Azure.ResourceManager.AppConfiguration,1.4.1,ok,lib,netstandard2.0,lib/netstandard2.0/Azure.ResourceManager.AppConfiguration.dll,553544.0,241721.0,464412.0,58.0,263.0,303.0,0.0,50.0,30.0,566.0,729.0,108.0,279.0,97.0,234.0,0.0,21.0,0.0,0.0,2.0,22.0,1941.0,394.0,2287.0,394.0
TextMateSharp.Grammars,2.0.4,ok,lib,netstandard2.0,lib/netstandard2.0/TextMateSharp.Grammars.dll,6749696.0,950394.0,899476.0,22.0,22.0,65.0,0.0,21.0,0.0,87.0,16.0,0.0,5.0,8.0,5.0,0.0,4.0,0.0,0.0,0.0,1.0,92.0,27.0,195.0,27.0
Microsoft.Azure.Management.DataFactories,4.13.3,ok,lib,netstandard1.5,lib/netstandard1.5/Microsoft.Azure.Management.DataFactories.dll,700296.0,261405.0,413397.0,369.0,580.0,920.0,0.0,430.0,0.0,1500.0,446.0,36.0,284.0,368.0,294.0,225.0,42.0,0.0,31.0,109.0,67.0,3772.0,793.0,3921.0,793.0
MinimalApi.Endpoint,1.3.0,ok,lib,net6.0,lib/net6.0/MinimalApi.Endpoint.dll,21504.0,48479.0,31456.0,9.0,10.0,0.0,0.0,0.0,0.0,10.0,3.0,0.0,4.0,5.0,5.0,5.0,0.0,0.0,5.0,9.0,4.0,8.0,15.0,23.0,15.0
MonoGame.Content.Builder.Task,3.8.5.1,metapackage,,,,,27145.0,27145.0,,,,,,,,,,,,,,,,,,,,,,
Microsoft.AspNetCore.Components.WebView.Wpf,10.0.101,ok,lib,net10.0-windows7.0,lib/net10.0-windows7.0/Microsoft.AspNetCore.Components.WebView.Wpf.dll,66384.0,96313.0,94213.0,9.0,8.0,32.0,1.0,5.0,0.0,41.0,67.0,6.0,12.0,2.0,8.0,1.0,2.0,0.0,1.0,2.0,2.0,146.0,39.0,189.0,39.0
YoutubeExplode.Converter,6.6.2,ok,lib,netstandard2.0,lib/netstandard2.0/YoutubeExplode.Converter.dll,1507328.0,774882.0,2013480.0,1304.0,1919.0,848.0,14.0,8.0,0.0,2781.0,1819.0,275.0,365.0,1050.0,11.0,0.0,9.0,0.0,0.0,651.0,1298.0,4364.0,2410.0,7902.0,2410.0
SmartAnalyzers.MultithreadingAnalyzer,1.1.31,tools_only,,,,,20658.0,20658.0,,,,,,,,,,,,,,,,,,,,,,
Splat.Drawing,21.0.0,ok,lib,net11.0,lib/net11.0/Splat.Drawing.dll,43520.0,94192.0,1378669.0,13.0,25.0,158.0,0.0,4.0,2.0,183.0,17.0,0.0,29.0,155.0,12.0,7.0,2.0,0.0,3.0,7.0,8.0,219.0,20.0,233.0,20.0
Asp.Versioning.Http.Client,10.2.0,ok,lib,netstandard2.0,lib/netstandard2.0/Asp.Versioning.Http.Client.dll,51096.0,93532.0,129135.0,25.0,41.0,29.0,0.0,14.0,0.0,70.0,36.0,8.0,15.0,14.0,17.0,3.0,5.0,0.0,2.0,11.0,18.0,83.0,61.0,166.0,61.0
WinUIEx,2.9.3,ok,lib,net8.0-windows10.0.19041,lib/net8.0-windows10.0.19041/WinUIEx.dll,1789072.0,550273.0,1055069.0,40.0,142.0,451.0,22.0,23.0,2.0,615.0,3092.0,51.0,3102.0,87.0,51.0,5.0,8.0,0.0,0.0,6.0,22.0,8504.0,1220.0,12419.0,1220.0
TickerQ,10.4.0,ok,lib,net10.0,lib/net10.0/TickerQ.dll,116736.0,115214.0,97161.0,10.0,32.0,21.0,0.0,9.0,0.0,53.0,166.0,3.0,87.0,13.0,13.0,0.0,13.0,0.0,0.0,3.0,9.0,433.0,91.0,424.0,91.0
SlowCheetah.Xdt,1.1.1,ok,lib,,lib/SlowCheetah.Xdt.dll,10240.0,21950.0,16948.0,3.0,4.0,9.0,0.0,3.0,0.0,13.0,5.0,5.0,0.0,0.0,2.0,0.0,0.0,0.0,0.0,0.0,0.0,9.0,4.0,27.0,4.0
HttpToSocks5Proxy,1.4.0,ok,lib,netstandard2.0,lib/netstandard2.0/MihaZupan.HttpToSocks5Proxy.dll,17408.0,37989.0,28961.0,3.0,4.0,3.0,0.0,5.0,0.0,7.0,16.0,0.0,3.0,0.0,5.0,1.0,4.0,0.0,1.0,1.0,0.0,58.0,14.0,45.0,14.0
Microsoft.CodeAnalysis.CSharp.CodeFix.Testing.MSTest,1.1.2,ok,lib,netstandard2.0,lib/netstandard2.0/Microsoft.CodeAnalysis.CSharp.CodeFix.Testing.MSTest.dll,23584.0,82950.0,134691.0,2.0,1.0,0.0,0.0,1.0,0.0,1.0,0.0,0.0,0.0,1.0,0.0,0.0,0.0,0.0,0.0,1.0,1.0,3.0,7.0,7.0,7.0
Magick.NET.SystemDrawing,8.0.27,ok,lib,netstandard20,lib/netstandard20/Magick.NET.SystemDrawing.dll,37040.0,90862.0,115480.0,5.0,12.0,1.0,0.0,0.0,0.0,13.0,11.0,0.0,0.0,12.0,0.0,0.0,0.0,0.0,0.0,5.0,5.0,5.0,14.0,47.0,14.0
ppy.LocalisationAnalyser,2026.611.0,tools_only,,,,,47563.0,47563.0,,,,,,,,,,,,,,,,,,,,,,
Microsoft.Testing.Extensions.HangDump,2.4.0,ok,lib,netstandard2.0,lib/netstandard2.0/Microsoft.Testing.Extensions.HangDump.dll,165176.0,137395.0,844798.0,6.0,7.0,125.0,0.0,0.0,0.0,132.0,153.0,57.0,118.0,7.0,0.0,0.0,0.0,0.0,0.0,3.0,6.0,719.0,185.0,619.0,185.0
Microsoft.Azure.Management.HDInsight,8.0.0,ok,lib,netstandard2.0,lib/netstandard2.0/Microsoft.Azure.Management.HDInsight.dll,456568.0,197205.0,695093.0,173.0,292.0,491.0,0.0,231.0,0.0,783.0,487.0,6.0,13.0,190.0,154.0,116.0,16.0,0.0,12.0,58.0,46.0,2675.0,369.0,1985.0,369.0
Microsoft.Azure.Management.Billing,4.1.0,ok,lib,netstandard2.0,lib/netstandard2.0/Microsoft.Azure.Management.Billing.dll,572280.0,211106.0,748563.0,130.0,350.0,390.0,0.0,126.0,0.0,740.0,698.0,5.0,20.0,228.0,193.0,149.0,17.0,0.0,21.0,71.0,50.0,3244.0,380.0,1826.0,380.0
Avalonia.Headless.XUnit,12.1.2,ok,lib,net10.0,lib/net10.0/Avalonia.Headless.XUnit.dll,35840.0,73615.0,59882.0,5.0,3.0,18.0,0.0,5.0,0.0,21.0,57.0,7.0,3.0,0.0,4.0,0.0,1.0,0.0,0.0,0.0,3.0,96.0,28.0,96.0,28.0
C1.Win,10.0.20261.813,ok,lib,net10.0-windows7.0,lib/net10.0-windows7.0/C1.Win.10.dll,1444920.0,585688.0,6853957.0,620.0,1701.0,1675.0,74.0,471.0,30.0,3450.0,1273.0,635.0,478.0,715.0,1271.0,212.0,285.0,0.0,39.0,144.0,265.0,6904.0,1086.0,7757.0,1086.0
Finbuckle.MultiTenant.Abstractions,10.1.3,ok,lib,net10.0,lib/net10.0/Finbuckle.MultiTenant.Abstractions.dll,12288.0,45025.0,39277.0,20.0,12.0,30.0,0.0,10.0,0.0,42.0,8.0,0.0,1.0,2.0,36.0,26.0,9.0,0.0,10.0,12.0,2.0,12.0,22.0,70.0,22.0
Microsoft.AspNet.Web.Optimization.zh-Hans,1.1.3,ok,lib,net40,lib/net40/zh-Hans/System.Web.Optimization.resources.dll,13008.0,27882.0,20007.0,0.0,0.0,0.0,0.0,0.0,0.0,0.0,0.0,0.0,0.0,0.0,0.0,0.0,0.0,0.0,0.0,0.0,0.0,0.0,1.0,0.0,1.0
Google.Apis.HangoutsChat.v1,1.76.0.4257,ok,lib,netstandard2.0,lib/netstandard2.0/Google.Apis.HangoutsChat.v1.dll,206848.0,135903.0,539468.0,270.0,140.0,1158.0,0.0,261.0,0.0,1298.0,97.0,80.0,0.0,0.0,2175.0,0.0,0.0,0.0,0.0,2.0,10.0,1125.0,271.0,2534.0,271.0
Microsoft.CodeAnalysis.EditorFeatures.Text,4.14.0,ok,lib,netstandard2.0,lib/netstandard2.0/Microsoft.CodeAnalysis.EditorFeatures.Text.dll,60208.0,93722.0,368655.0,1.0,9.0,26.0,2.0,0.0,0.0,37.0,55.0,1.0,22.0,9.0,0.0,0.0,0.0,0.0,0.0,1.0,1.0,49.0,29.0,171.0,29.0
CommunityToolkit.Aspire.Hosting.NodeJS.Extensions,9.9.0,ok,lib,net9.0,lib/net9.0/CommunityToolkit.Aspire.Hosting.NodeJS.Extensions.dll,44376.0,97713.0,127318.0,10.0,19.0,6.0,0.0,9.0,0.0,25.0,2.0,0.0,4.0,19.0,0.0,0.0,0.0,0.0,0.0,1.0,3.0,14.0,16.0,45.0,16.0
Blazor.Extensions.Storage,1.0.0,ok,lib,netstandard2.0,lib/netstandard2.0/Blazor.Extensions.Storage.dll,7680.0,27170.0,23726.0,4.0,19.0,0.0,0.0,2.0,0.0,19.0,0.0,0.0,0.0,1.0,18.0,6.0,12.0,0.0,1.0,2.0,1.0,10.0,7.0,23.0,7.0
KGySoft.CoreLibraries,10.5.1,ok,lib,netstandard2.1,lib/netstandard2.1/KGySoft.CoreLibraries.dll,1248256.0,504567.0,10777612.0,200.0,1821.0,1340.0,33.0,173.0,49.0,3194.0,1865.0,189.0,1688.0,901.0,841.0,198.0,332.0,0.0,28.0,79.0,112.0,2696.0,745.0,7265.0,745.0
ObjectListView.Official,2.9.1,ok,lib,net20,lib/net20/ObjectListView.dll,444928.0,242046.0,305797.0,245.0,1045.0,913.0,52.0,235.0,0.0,2010.0,268.0,488.0,84.0,42.0,1275.0,67.0,50.0,0.0,16.0,17.0,81.0,1569.0,314.0,3439.0,314.0
Microsoft.WindowsAPICodePack.Core,1.1.0,ok,lib,,lib/Microsoft.WindowsAPICodePack.dll,105984.0,99081.0,55346.0,59.0,62.0,201.0,11.0,69.0,2.0,274.0,112.0,24.0,172.0,50.0,36.0,4.0,5.0,0.0,1.0,9.0,33.0,731.0,101.0,670.0,101.0
Azure.ResourceManager.Logic,1.2.0,ok,lib,netstandard2.0,lib/netstandard2.0/Azure.ResourceManager.Logic.dll,1822016.0,532878.0,1799324.0,248.0,958.0,1433.0,0.0,210.0,114.0,2391.0,2332.0,597.0,1206.0,466.0,876.0,0.0,49.0,0.0,0.0,2.0,54.0,6379.0,1073.0,7927.0,1073.0
Azure.Security.KeyVault.Administration,4.8.1,ok,lib,netstandard2.0,lib/netstandard2.0/Azure.Security.KeyVault.Administration.dll,401760.0,208922.0,567831.0,38.0,136.0,327.0,0.0,39.0,24.0,463.0,583.0,158.0,263.0,85.0,124.0,0.0,16.0,0.0,0.0,3.0,19.0,1590.0,340.0,1999.0,340.0
MonoTorrent,3.0.2,ok,lib,netstandard2.1,lib/netstandard2.1/MonoTorrent.dll,92160.0,119806.0,4065636.0,72.0,178.0,205.0,13.0,44.0,11.0,396.0,79.0,6.0,30.0,45.0,194.0,164.0,12.0,0.0,26.0,34.0,26.0,198.0,96.0,615.0,96.0
sqlite-net,1.6.292,metapackage,,,,,47374.0,47374.0,,,,,,,,,,,,,,,,,,,,,,
xunit.console,2.9.3,ok,lib,net6.0,lib/net6.0/xunit.console.dll,176336.0,153484.0,289204.0,9.0,12.0,98.0,0.0,5.0,0.0,110.0,127.0,23.0,115.0,8.0,3.0,0.0,1.0,0.0,0.0,2.0,3.0,397.0,124.0,564.0,124.0
SharpDX.MediaFoundation,4.2.0,ok,lib,netstandard1.1,lib/netstandard1.1/SharpDX.MediaFoundation.dll,515072.0,230645.0,2302009.0,562.0,1054.0,339.0,1.0,271.0,246.0,1394.0,292.0,16.0,527.0,457.0,56.0,28.0,16.0,0.0,9.0,48.0,305.0,3241.0,623.0,2875.0,623.0
Microsoft.Orleans.Persistence.DynamoDB,10.3.1,ok,lib,net10.0,lib/net10.0/Orleans.Persistence.DynamoDB.dll,118072.0,127829.0,164090.0,7.0,16.0,20.0,0.0,4.0,0.0,36.0,91.0,1.0,25.0,9.0,7.0,0.0,7.0,0.0,0.0,3.0,3.0,290.0,49.0,217.0,49.0
Xamarin.Forms.AppLinks,5.0.0.2662,ok,lib,MonoAndroid13.0,lib/MonoAndroid13.0/Xamarin.Forms.Platform.Android.AppLinks.dll,42536.0,80203.0,59198.0,17.0,6.0,2.0,0.0,5.0,0.0,8.0,32.0,1.0,0.0,3.0,5.0,0.0,4.0,0.0,0.0,0.0,0.0,541.0,30.0,51.0,30.0
Microsoft.Azure.Graph.RBAC,3.8.0-preview,ok,lib,netstandard2.0,lib/netstandard2.0/Microsoft.Azure.Graph.RBAC.dll,317304.0,157414.0,482215.0,67.0,210.0,281.0,0.0,99.0,0.0,491.0,300.0,5.0,9.0,130.0,130.0,87.0,18.0,0.0,10.0,21.0,11.0,1753.0,206.0,1192.0,206.0
System.Web.Providers.Core,1.1.0,metapackage,,,,,12203.0,12203.0,,,,,,,,,,,,,,,,,,,,,,
gfoidl.Base64,2.0.0,ok,lib,net7.0,lib/net7.0/gfoidl.Base64.dll,38912.0,55833.0,37624.0,4.0,26.0,9.0,0.0,1.0,0.0,35.0,35.0,1.0,8.0,4.0,22.0,22.0,0.0,0.0,1.0,3.0,2.0,34.0,29.0,205.0,29.0
Microsoft.Azure.WebPubSub.Common,1.5.0,ok,lib,netstandard2.0,lib/netstandard2.0/Microsoft.Azure.WebPubSub.Common.dll,49184.0,90288.0,66132.0,30.0,20.0,71.0,0.0,32.0,2.0,91.0,13.0,5.0,16.0,2.0,8.0,0.0,0.0,0.0,0.0,2.0,11.0,189.0,55.0,222.0,55.0
CommunityToolkit.WinUI.Extensions,8.2.251219,ok,lib,net9.0,lib/net9.0/CommunityToolkit.WinUI.Extensions.dll,321360.0,137847.0,803815.0,42.0,233.0,727.0,2.0,14.0,0.0,962.0,187.0,31.0,674.0,167.0,67.0,13.0,28.0,0.0,2.0,25.0,32.0,283.0,79.0,1261.0,79.0
Microsoft.Orleans.Reminders.DynamoDB,10.3.1,ok,lib,net10.0,lib/net10.0/Orleans.Reminders.DynamoDB.dll,111928.0,124189.0,157427.0,6.0,3.0,12.0,0.0,3.0,0.0,15.0,90.0,1.0,24.0,3.0,0.0,0.0,0.0,0.0,0.0,3.0,3.0,294.0,45.0,191.0,45.0
AssimpNet,4.1.0,ok,lib,netstandard1.3,lib/netstandard1.3/AssimpNet.dll,190976.0,139211.0,11882091.0,246.0,577.0,386.0,2.0,223.0,76.0,965.0,128.0,41.0,10.0,253.0,298.0,16.0,28.0,0.0,2.0,11.0,231.0,816.0,259.0,1524.0,259.0
TestContainers.Container.Abstractions,1.5.4,ok,lib,netstandard2.0,lib/netstandard2.0/TestContainers.Container.Abstractions.dll,92672.0,97757.0,58339.0,46.0,103.0,73.0,0.0,36.0,0.0,176.0,146.0,41.0,59.0,14.0,132.0,52.0,43.0,0.0,8.0,21.0,8.0,420.0,121.0,478.0,121.0
MouseKeyHook,5.7.1,ok,lib,net7.0-windows7.0,lib/net7.0-windows7.0/Gma.System.MouseKeyHook.dll,61440.0,87935.0,106816.0,18.0,35.0,38.0,63.0,9.0,0.0,136.0,58.0,51.0,50.0,9.0,53.0,40.0,1.0,0.0,3.0,6.0,6.0,200.0,72.0,439.0,72.0
Xamarin.AndroidX.DataBinding.ViewBinding,9.3.1,ok,lib,net10.0-android36.0,lib/net10.0-android36.0/Xamarin.AndroidX.DataBinding.ViewBinding.dll,21344.0,78371.0,88985.0,2.0,1.0,10.0,0.0,1.0,0.0,11.0,10.0,5.0,1.0,1.0,4.0,1.0,0.0,0.0,1.0,1.0,0.0,5.0,7.0,28.0,7.0
Microsoft.Xaml.Behaviors.WinUI.Managed,3.0.1,ok,lib,net8.0-windows10.0.17763.0,lib/net8.0-windows10.0.17763.0/Microsoft.Xaml.Interactivity.dll,68640.0,96516.0,132821.0,27.0,28.0,67.0,0.0,19.0,0.0,95.0,163.0,12.0,16.0,6.0,24.0,5.0,11.0,0.0,3.0,8.0,20.0,95.0,55.0,323.0,55.0
BTCPayServer.Lightning.Common,1.7.2,ok,lib,netstandard2.0,lib/netstandard2.0/BTCPayServer.Lightning.Common.dll,66048.0,97836.0,81485.0,41.0,88.0,108.0,0.0,34.0,21.0,196.0,40.0,10.0,10.0,50.0,45.0,26.0,2.0,0.0,4.0,7.0,9.0,240.0,63.0,393.0,63.0
OrchardCore.Application.Targets,3.0.1,ok,lib,net10.0,lib/net10.0/OrchardCore.Application.Targets.dll,4608.0,23432.0,21189.0,0.0,0.0,0.0,0.0,0.0,0.0,0.0,0.0,0.0,0.0,0.0,0.0,0.0,0.0,0.0,0.0,0.0,0.0,0.0,1.0,0.0,1.0
Microsoft.Agents.AI.Hosting,1.20.0-preview.260831.1,ok,lib,netstandard2.0,lib/netstandard2.0/Microsoft.Agents.AI.Hosting.dll,70456.0,99570.0,265155.0,18.0,45.0,36.0,0.0,11.0,0.0,81.0,56.0,7.0,15.0,19.0,26.0,10.0,0.0,0.0,2.0,11.0,9.0,229.0,69.0,258.0,69.0
Microsoft.Azure.Test.HttpRecorder,1.13.3,ok,lib,netstandard2.0,lib/netstandard2.0/Microsoft.Azure.Test.HttpRecorder.dll,44920.0,88436.0,112932.0,20.0,63.0,50.0,0.0,19.0,2.0,113.0,43.0,2.0,25.0,46.0,13.0,5.0,6.0,0.0,2.0,3.0,4.0,98.0,33.0,233.0,33.0
Xamarin.Firebase.AppIndexing,120.0.0.30,ok,lib,net10.0-android36.0,lib/net10.0-android36.0/Xamarin.Firebase.AppIndexing.dll,216376.0,117616.0,362230.0,66.0,201.0,270.0,0.0,41.0,0.0,471.0,242.0,144.0,86.0,57.0,221.0,17.0,5.0,0.0,8.0,17.0,37.0,282.0,99.0,851.0,99.0
Microsoft.Azure.Management.DataLake.Analytics,3.0.1,ok,lib,netstandard1.4,lib/netstandard1.4/Microsoft.Azure.Management.DataLake.Analytics.dll,639352.0,227793.0,418381.0,103.0,371.0,414.0,0.0,147.0,0.0,785.0,639.0,8.0,28.0,234.0,232.0,164.0,40.0,0.0,12.0,23.0,22.0,3700.0,354.0,1947.0,354.0
TencentCloudSDK.Sms,3.0.1499,ok,lib,netstandard2.0,lib/netstandard2.0/TencentCloudSms.dll,91648.0,97277.0,112352.0,107.0,177.0,401.0,0.0,109.0,0.0,578.0,0.0,0.0,0.0,0.0,105.0,0.0,0.0,0.0,0.0,0.0,0.0,407.0,108.0,1088.0,108.0
Microsoft.Azure.OperationalInsights,1.1.0,ok,lib,netstandard2.0,lib/netstandard2.0/Microsoft.Azure.OperationalInsights.dll,41360.0,86543.0,104713.0,15.0,14.0,62.0,0.0,30.0,0.0,76.0,22.0,5.0,7.0,2.0,42.0,16.0,16.0,0.0,1.0,2.0,1.0,96.0,23.0,190.0,23.0
Microsoft.CodeAnalysis.CSharp.CodeRefactoring.Testing.MSTest,1.1.2,ok,lib,netstandard2.0,lib/netstandard2.0/Microsoft.CodeAnalysis.CSharp.CodeRefactoring.Testing.MSTest.dll,24096.0,82877.0,134586.0,2.0,1.0,0.0,0.0,1.0,0.0,1.0,0.0,0.0,0.0,1.0,0.0,0.0,0.0,0.0,0.0,1.0,1.0,3.0,7.0,7.0,7.0
Nito.Comparers,6.2.2,metapackage,,,,,19634.0,19634.0,,,,,,,,,,,,,,,,,,,,,,
SQLitePCLRaw.lib.e_sqlite3.ios_unified.static,1.1.14,ok,lib,Xamarin.iOS10,lib/Xamarin.iOS10/SQLitePCLRaw.lib.e_sqlite3.dll,9003008.0,4427429.0,4374542.0,1.0,1.0,0.0,0.0,1.0,0.0,1.0,0.0,0.0,0.0,1.0,0.0,0.0,0.0,0.0,0.0,0.0,0.0,0.0,2.0,2.0,2.0
Microsoft.Azure.Management.Batch,15.0.0,ok,lib,netstandard2.0,lib/netstandard2.0/Microsoft.Azure.Management.Batch.dll,419744.0,188911.0,733998.0,160.0,243.0,388.0,0.0,216.0,0.0,631.0,374.0,5.0,122.0,133.0,160.0,88.0,16.0,0.0,10.0,19.0,46.0,2162.0,339.0,1677.0,339.0
Tizen.NET.Sdk,1.2.1,tools_only,,,,,65558.0,1544050.0,,,,,,,,,,,,,,,,,,,,,,
Senparc.Weixin.Work,3.32.3,ok,lib,netstandard2.1,lib/netstandard2.1/Senparc.Weixin.Work.dll,2496000.0,800120.0,4425144.0,2535.0,2003.0,7789.0,2.0,2431.0,0.0,9794.0,1337.0,54.0,579.0,1767.0,454.0,33.0,90.0,0.0,12.0,93.0,113.0,13441.0,3794.0,22542.0,3794.0
ELFSharp,2.17.3,ok,lib,netstandard2.0,lib/netstandard2.0/ELFSharp.dll,62464.0,91988.0,62006.0,69.0,69.0,168.0,0.0,12.0,0.0,237.0,134.0,1.0,45.0,21.0,96.0,48.0,39.0,0.0,12.0,17.0,43.0,609.0,89.0,423.0,89.0
Aspire.Hosting.Azure.CognitiveServices,13.5.3,ok,lib,net8.0,lib/net8.0/Aspire.Hosting.Azure.CognitiveServices.dll,54072.0,102304.0,124451.0,4.0,6.0,37.0,0.0,3.0,0.0,43.0,63.0,0.0,12.0,5.0,5.0,0.0,4.0,0.0,0.0,1.0,1.0,40.0,16.0,118.0,16.0
Silk.NET.Vulkan,2.23.0,ok,lib,netstandard2.1,lib/netstandard2.1/Silk.NET.Vulkan.dll,3356944.0,892796.0,5625441.0,2462.0,2086.0,2571.0,0.0,1797.0,143.0,4657.0,5077.0,123.0,39.0,905.0,834.0,63.0,436.0,0.0,20.0,24.0,2439.0,17585.0,2493.0,10800.0,2493.0
Microsoft.Maps.MapControl.WPF,1.0.1,ok,lib,net40-Client,lib/net40-Client/Microsoft.Maps.MapControl.WPF.dll,318624.0,194038.0,152362.0,49.0,123.0,437.0,54.0,60.0,10.0,614.0,295.0,82.0,288.0,32.0,94.0,4.0,11.0,0.0,0.0,4.0,10.0,848.0,197.0,1716.0,197.0
Senparc.Weixin.Open,4.24.5,ok,lib,netstandard2.1,lib/netstandard2.1/Senparc.Weixin.Open.dll,607232.0,262955.0,1214166.0,494.0,674.0,1672.0,0.0,449.0,0.0,2346.0,391.0,0.0,6.0,644.0,68.0,5.0,12.0,0.0,1.0,20.0,46.0,3130.0,770.0,5002.0,770.0
TMDbLib,3.0.0,ok,lib,net10.0,lib/net10.0/TMDbLib.dll,401920.0,215943.0,386026.0,243.0,301.0,787.0,0.0,169.0,0.0,1088.0,553.0,12.0,80.0,8.0,23.0,2.0,8.0,0.0,1.0,56.0,73.0,2828.0,504.0,2713.0,504.0
PdfRpt.Core,1.5.18,ok,lib,netstandard2.0,lib/netstandard2.0/PdfRpt.Core.dll,418304.0,263469.0,522222.0,242.0,515.0,746.0,0.0,185.0,0.0,1261.0,419.0,1.0,142.0,114.0,308.0,75.0,229.0,0.0,10.0,39.0,71.0,1740.0,329.0,2674.0,329.0
Material.Icons.Avalonia,3.0.2,ok,lib,net8.0,lib/net8.0/Material.Icons.Avalonia.dll,41472.0,52374.0,35102.0,10.0,18.0,43.0,0.0,17.0,0.0,61.0,38.0,3.0,4.0,6.0,10.0,0.0,0.0,0.0,0.0,0.0,1.0,64.0,27.0,151.0,27.0
Microsoft.Azure.Management.Reservations,1.15.0-preview,ok,lib,netstandard2.0,lib/netstandard2.0/Microsoft.Azure.Management.Reservations.dll,222600.0,137722.0,396754.0,104.0,114.0,301.0,0.0,163.0,0.0,415.0,221.0,5.0,7.0,74.0,77.0,55.0,15.0,0.0,8.0,27.0,19.0,1253.0,187.0,1061.0,187.0
Stashbox.Extensions.Dependencyinjection,6.0.0,ok,lib,netstandard2.1,lib/netstandard2.1/Stashbox.Extensions.DependencyInjection.dll,20480.0,74842.0,112518.0,3.0,33.0,3.0,0.0,3.0,0.0,36.0,5.0,0.0,34.0,26.0,8.0,0.0,8.0,0.0,0.0,1.0,2.0,68.0,31.0,105.0,31.0
Microsoft.Rest.ClientRuntime.Azure.TestFramework,1.7.7,ok,lib,netstandard2.0,lib/netstandard2.0/Microsoft.Rest.ClientRuntime.Azure.TestFramework.dll,54136.0,91095.0,124531.0,15.0,39.0,31.0,0.0,10.0,0.0,70.0,46.0,3.0,16.0,16.0,4.0,0.0,1.0,0.0,0.0,4.0,6.0,121.0,25.0,172.0,25.0
Microsoft.Orleans.Serialization.NewtonsoftJson,10.3.1,ok,lib,netstandard2.1,lib/netstandard2.1/Orleans.Serialization.NewtonsoftJson.dll,34104.0,89252.0,108812.0,3.0,3.0,3.0,0.0,2.0,0.0,6.0,13.0,1.0,5.0,3.0,0.0,0.0,0.0,0.0,0.0,1.0,1.0,20.0,12.0,39.0,12.0
ReactiveUI.Validation,7.1.0,ok,lib,net10.0,lib/net10.0/ReactiveUI.Validation.dll,70656.0,107186.0,855304.0,26.0,66.0,43.0,1.0,25.0,2.0,110.0,43.0,14.0,93.0,31.0,66.0,18.0,36.0,0.0,9.0,17.0,11.0,156.0,77.0,329.0,77.0
Microsoft.Azure.ContainerRegistry,1.0.0-preview.2,ok,lib,netstandard2.0,lib/netstandard2.0/Microsoft.Azure.ContainerRegistry.dll,185752.0,129693.0,278133.0,70.0,68.0,212.0,0.0,113.0,5.0,280.0,165.0,5.0,13.0,34.0,70.0,47.0,11.0,0.0,8.0,15.0,9.0,988.0,145.0,781.0,145.0
Microsoft.VisualStudio.LanguageServices,4.14.0,ok,lib,net472,lib/net472/Microsoft.VisualStudio.LanguageServices.dll,3072272.0,1135203.0,1458335.0,27.0,29.0,1745.0,39.0,13.0,0.0,1813.0,2711.0,458.0,1454.0,5.0,66.0,24.0,3.0,0.0,4.0,14.0,16.0,7141.0,1609.0,8193.0,1609.0
WindowsFirewallHelper,2.2.0.86,ok,lib,netstandard2.0,lib/netstandard2.0/WindowsFirewallHelper.dll,203776.0,206148.0,474595.0,61.0,140.0,323.0,0.0,55.0,32.0,463.0,107.0,60.0,119.0,81.0,371.0,230.0,98.0,0.0,14.0,16.0,25.0,353.0,122.0,1096.0,122.0
Microsoft.AspNetCore.JsonPatch.SystemTextJson,10.0.12,ok,lib,net10.0,lib/net10.0/Microsoft.AspNetCore.JsonPatch.SystemTextJson.dll,56616.0,91920.0,69433.0,11.0,48.0,50.0,0.0,17.0,0.0,98.0,36.0,5.0,60.0,0.0,13.0,9.0,4.0,0.0,3.0,3.0,1.0,51.0,40.0,264.0,40.0
Silk.NET.Vulkan.Extensions.KHR,2.23.0,ok,lib,netstandard2.1,lib/netstandard2.1/Silk.NET.Vulkan.Extensions.KHR.dll,547088.0,190378.0,575064.0,118.0,1584.0,195.0,0.0,62.0,0.0,1779.0,718.0,124.0,62.0,643.0,124.0,0.0,62.0,0.0,0.0,56.0,56.0,321.0,186.0,2937.0,186.0
Microsoft.Plugins.Manifest,2.0.0-rc2,ok,lib,netstandard2.0,lib/netstandard2.0/Microsoft.Plugins.Manifest.dll,248888.0,165174.0,233925.0,185.0,269.0,319.0,0.0,149.0,0.0,588.0,336.0,123.0,441.0,57.0,166.0,4.0,4.0,0.0,3.0,65.0,60.0,1067.0,338.0,1840.0,338.0
Blazor.Extensions.WebUSB,1.0.0,ok,lib,netstandard2.0,lib/netstandard2.0/Blazor.Extensions.WebUSB.dll,30720.0,55125.0,43069.0,20.0,30.0,51.0,4.0,12.0,0.0,85.0,30.0,1.0,10.0,22.0,14.0,7.0,7.0,0.0,1.0,9.0,7.0,145.0,33.0,184.0,33.0
Aspire.Azure.AI.OpenAI,13.5.3-preview.1.26425.3,ok,lib,net10.0,lib/net10.0/Aspire.Azure.AI.OpenAI.dll,59704.0,104442.0,213994.0,4.0,4.0,16.0,0.0,2.0,0.0,20.0,8.0,21.0,17.0,4.0,1.0,0.0,0.0,0.0,0.0,2.0,3.0,57.0,23.0,100.0,23.0
Microsoft.Orleans.Persistence.Redis,10.3.1,ok,lib,net10.0,lib/net10.0/Orleans.Persistence.Redis.dll,62776.0,104883.0,116297.0,9.0,23.0,7.0,0.0,8.0,0.0,30.0,24.0,2.0,13.0,13.0,12.0,0.0,12.0,0.0,0.0,4.0,6.0,84.0,33.0,103.0,33.0
ColorCode.HTML,2.0.15,ok,lib,netstandard2.0,lib/netstandard2.0/ColorCode.HTML.dll,23696.0,80265.0,66503.0,3.0,6.0,2.0,0.0,2.0,0.0,8.0,30.0,2.0,2.0,1.0,2.0,0.0,0.0,0.0,0.0,1.0,1.0,15.0,7.0,42.0,7.0
A2A,1.0.0-preview2,ok,lib,net10.0,lib/net10.0/A2A.dll,431616.0,207140.0,351996.0,88.0,138.0,325.0,0.0,74.0,5.0,463.0,475.0,5.0,796.0,41.0,78.0,27.0,32.0,0.0,4.0,14.0,81.0,1956.0,230.0,2111.0,230.0
Microsoft.Azure.Management.Resources,3.4.0-preview,ok,lib,net45,lib/net45/Microsoft.Azure.ResourceManager.dll,444096.0,179037.0,400113.0,82.0,280.0,243.0,0.0,115.0,0.0,523.0,420.0,16.0,102.0,178.0,241.0,158.0,58.0,0.0,17.0,35.0,19.0,2551.0,363.0,1501.0,363.0
Ignore,0.2.1,ok,lib,netstandard2.0,lib/netstandard2.0/Ignore.dll,12288.0,37742.0,31406.0,4.0,7.0,2.0,0.0,3.0,0.0,9.0,6.0,0.0,18.0,0.0,1.0,0.0,0.0,0.0,0.0,1.0,1.0,41.0,10.0,57.0,10.0
Microsoft.WindowsAPICodePack.Shell,1.1.0,ok,lib,,lib/Microsoft.WindowsAPICodePack.Shell.dll,542720.0,245513.0,191638.0,223.0,256.0,2209.0,58.0,112.0,12.0,2523.0,285.0,82.0,477.0,857.0,216.0,28.0,98.0,0.0,3.0,59.0,102.0,1750.0,424.0,4087.0,424.0
Microsoft.Azure.Management.RecoveryServices,4.3.3-preview,ok,lib,netstandard2.0,lib/netstandard2.0/Microsoft.Azure.Management.RecoveryServices.dll,180624.0,125621.0,323141.0,85.0,88.0,221.0,0.0,106.0,0.0,309.0,189.0,7.0,10.0,50.0,85.0,48.0,20.0,0.0,10.0,36.0,26.0,883.0,147.0,763.0,147.0
PlaylistsNET,1.4.1,ok,lib,netstandard2.0,lib/netstandard2.0/PlaylistsNET.dll,46080.0,84541.0,107860.0,31.0,54.0,76.0,0.0,27.0,0.0,130.0,24.0,9.0,34.0,11.0,43.0,10.0,29.0,0.0,3.0,5.0,1.0,119.0,44.0,302.0,44.0
AsmResolver.DotNet,6.0.1,ok,lib,netstandard2.1,lib/netstandard2.1/AsmResolver.DotNet.dll,592896.0,296739.0,4714759.0,307.0,1417.0,1136.0,0.0,350.0,0.0,2553.0,898.0,389.0,220.0,202.0,1209.0,156.0,295.0,0.0,48.0,80.0,70.0,1524.0,447.0,4548.0,447.0
SQLite.Native,3.12.3,native_only,,,,,65558.0,3406686.0,,,,,,,,,,,,,,,,,,,,,,
Tools.InnoSetup,7.1.0,tools_only,,,,,65558.0,21287807.0,,,,,,,,,,,,,,,,,,,,,,
Senparc.Weixin.TenPay,1.20.1,ok,lib,netstandard2.1,lib/netstandard2.1/Senparc.Weixin.TenPay.dll,224768.0,146786.0,513011.0,101.0,229.0,635.0,0.0,105.0,0.0,864.0,142.0,26.0,85.0,114.0,45.0,2.0,6.0,0.0,1.0,6.0,10.0,1099.0,173.0,1801.0,173.0
Microsoft.Azure.Management.MarketplaceOrdering,1.0.1,ok,lib,netstandard1.4,lib/netstandard1.4/Microsoft.Azure.Management.MarketplaceOrdering.dll,46984.0,86974.0,71246.0,14.0,13.0,48.0,0.0,24.0,0.0,61.0,35.0,4.0,2.0,8.0,38.0,20.0,16.0,0.0,3.0,5.0,2.0,137.0,25.0,152.0,25.0
jQuery.Color,2.1.2,metapackage,,,,,23894.0,23894.0,,,,,,,,,,,,,,,,,,,,,,
Ardalis.SharedKernel,5.0.0,ok,lib,net10.0,lib/net10.0/Ardalis.SharedKernel.dll,13824.0,50719.0,43361.0,15.0,11.0,7.0,0.0,8.0,2.0,18.0,6.0,9.0,2.0,2.0,14.0,5.0,7.0,0.0,7.0,13.0,0.0,27.0,19.0,41.0,19.0
LibreHardwareMonitorLib,0.9.6,ok,ref,netstandard2.0,ref/netstandard2.0/LibreHardwareMonitorLib.dll,350208.0,193914.0,7161119.0,186.0,233.0,473.0,19.0,77.0,6.0,725.0,0.0,22.0,0.0,21.0,270.0,85.0,62.0,0.0,12.0,18.0,129.0,6553.0,550.0,1582.0,550.0
GrpcDotNetNamedPipes,3.1.0,ok,lib,netstandard2.0,lib/netstandard2.0/GrpcDotNetNamedPipes.dll,75264.0,100507.0,160070.0,8.0,11.0,80.0,1.0,7.0,0.0,92.0,110.0,17.0,21.0,0.0,20.0,0.0,1.0,0.0,0.0,0.0,2.0,299.0,80.0,432.0,80.0
Pfim,0.11.4,ok,lib,netstandard2.0,lib/netstandard2.0/Pfim.dll,93696.0,87982.0,51327.0,36.0,68.0,146.0,0.0,19.0,0.0,214.0,62.0,50.0,17.0,21.0,122.0,23.0,25.0,0.0,2.0,7.0,14.0,486.0,57.0,340.0,57.0
DNNE,2.1.2,native_only,,,,,65558.0,492253.0,,,,,,,,,,,,,,,,,,,,,,
DNS,7.0.0,ok,lib,netstandard2.0,lib/netstandard2.0/DNS.dll,68096.0,75119.0,44466.0,47.0,125.0,158.0,4.0,67.0,0.0,287.0,80.0,6.0,29.0,41.0,162.0,38.0,91.0,0.0,6.0,11.0,11.0,313.0,76.0,543.0,76.0
BencodeNET,5.0.0,ok,lib,net6.0,lib/net6.0/BencodeNET.dll,76288.0,99510.0,65775.0,42.0,182.0,81.0,0.0,54.0,17.0,263.0,77.0,41.0,23.0,47.0,175.0,27.0,49.0,0.0,4.0,15.0,16.0,235.0,75.0,507.0,75.0
brevo_csharp,1.1.3,ok,lib,netstandard2.0,lib/netstandard2.0/brevo_csharp.dll,2201600.0,591783.0,541245.0,640.0,4692.0,2229.0,0.0,764.0,0.0,6921.0,1140.0,221.0,1162.0,8.0,4731.0,1118.0,1720.0,0.0,32.0,32.0,103.0,7474.0,1226.0,12237.0,1226.0
FSharp.Control.TaskSeq,1.1.1,ok,lib,netstandard2.1,lib/netstandard2.1/FSharp.Control.TaskSeq.dll,548864.0,311243.0,287811.0,23.0,229.0,72.0,0.0,6.0,0.0,301.0,71.0,0.0,642.0,213.0,5.0,1.0,0.0,0.0,0.0,16.0,15.0,2398.0,541.0,2101.0,541.0
DockPanelSuite.ThemeVS2015,3.1.1,ok,lib,netcoreapp3.1,lib/netcoreapp3.1/WeifenLuo.WinFormsUI.Docking.ThemeVS2015.dll,221184.0,219365.0,488024.0,13.0,17.0,225.0,0.0,16.0,0.0,242.0,154.0,52.0,126.0,0.0,65.0,0.0,51.0,0.0,0.0,1.0,0.0,186.0,41.0,468.0,41.0
Rnwood.SmtpServer,3.0.25,ok,lib,net40,lib/net40/Rnwood.SmtpServer.dll,56832.0,64526.0,39531.0,92.0,161.0,153.0,12.0,81.0,0.0,326.0,71.0,8.0,8.0,1.0,270.0,124.0,97.0,0.0,18.0,24.0,8.0,174.0,109.0,559.0,109.0
MahApps.Metro.IconPacks.Modern,6.2.1,ok,lib,net8.0-windows7.0,lib/net8.0-windows7.0/MahApps.Metro.IconPacks.Modern.dll,1271296.0,487922.0,1715952.0,6.0,7.0,8.0,0.0,8.0,0.0,15.0,2.0,4.0,0.0,0.0,17.0,0.0,10.0,0.0,0.0,0.0,1.0,1270.0,7.0,33.0,7.0
Microsoft.Packaging.Tools.Trimming,1.1.0-preview1-26619-01,native_only,,,,,65558.0,1841021.0,,,,,,,,,,,,,,,,,,,,,,
DotNet4.SocksProxy,1.4.0.1,ok,lib,netstandard2.0,lib/netstandard2.0/Org.Mentalis.dll,28672.0,57291.0,45082.0,8.0,46.0,41.0,0.0,13.0,0.0,87.0,41.0,61.0,3.0,5.0,17.0,4.0,2.0,0.0,0.0,2.0,2.0,47.0,18.0,191.0,18.0
rix0rrr.BeaconLib,1.0.2,ok,lib,netstandard2.0,lib/netstandard2.0/BeaconLib.dll,12800.0,31090.0,24329.0,3.0,10.0,9.0,1.0,3.0,0.0,20.0,19.0,1.0,11.0,1.0,5.0,0.0,2.0,0.0,0.0,0.0,0.0,29.0,10.0,62.0,10.0
Azure.ResourceManager.SecurityCenter,1.1.0,ok,lib,netstandard2.0,lib/netstandard2.0/Azure.ResourceManager.SecurityCenter.dll,1928592.0,596043.0,713328.0,408.0,1171.0,1512.0,0.0,386.0,231.0,2683.0,2202.0,114.0,1393.0,869.0,1011.0,0.0,88.0,0.0,0.0,11.0,89.0,8411.0,1388.0,8479.0,1388.0
CsCheck,4.8.0,ok,lib,net8.0,lib/net8.0/CsCheck.dll,470528.0,230004.0,207422.0,88.0,488.0,128.0,0.0,56.0,4.0,616.0,282.0,8.0,380.0,326.0,136.0,34.0,38.0,0.0,13.0,26.0,74.0,1835.0,560.0,1979.0,560.0
Azure.ResourceManager.Batch,1.7.0,ok,lib,netstandard2.0,lib/netstandard2.0/Azure.ResourceManager.Batch.dll,1029984.0,356679.0,1234154.0,169.0,733.0,872.0,0.0,125.0,68.0,1605.0,1398.0,725.0,638.0,207.0,660.0,0.0,28.0,0.0,0.0,2.0,60.0,3115.0,683.0,4973.0,683.0
Syncfusion.Maui.Toolkit,1.0.11,ok,lib,net10.0,lib/net10.0/Syncfusion.Maui.Toolkit.dll,2546688.0,900529.0,18818072.0,525.0,608.0,3314.0,163.0,375.0,8.0,4085.0,5187.0,564.0,4823.0,58.0,853.0,108.0,330.0,0.0,17.0,58.0,140.0,5983.0,1070.0,15573.0,1070.0
Microsoft.VisualStudio.TemplateWizardInterface,17.10.40170,ok,lib,net472,lib/net472/Microsoft.VisualStudio.TemplateWizardInterface.dll,19888.0,72291.0,60188.0,8.0,8.0,4.0,0.0,10.0,0.0,12.0,1.0,6.0,0.0,0.0,8.0,8.0,0.0,0.0,3.0,3.0,3.0,18.0,12.0,27.0,12.0
EventAggregator.Blazor,2.0.0,ok,lib,netstandard2.1,lib/netstandard2.1/EventAggregator.Blazor.dll,12800.0,24876.0,18488.0,5.0,8.0,3.0,0.0,2.0,0.0,11.0,4.0,0.0,12.0,1.0,7.0,4.0,0.0,0.0,2.0,3.0,1.0,29.0,16.0,42.0,16.0
CommunityToolkit.Aspire.Hosting.Dapr,13.0.0,ok,lib,net10.0,lib/net10.0/CommunityToolkit.Aspire.Hosting.Dapr.dll,125256.0,133875.0,274808.0,18.0,40.0,97.0,0.0,12.0,12.0,137.0,128.0,4.0,57.0,25.0,29.0,2.0,9.0,0.0,2.0,7.0,14.0,295.0,89.0,511.0,89.0
NEbml,1.1.0.5,ok,lib,netstandard2.0,lib/netstandard2.0/NEbml.Core.dll,24576.0,60591.0,48883.0,14.0,49.0,21.0,0.0,11.0,1.0,70.0,28.0,15.0,8.0,15.0,8.0,0.0,2.0,0.0,0.0,2.0,7.0,84.0,30.0,135.0,30.0
Microsoft.Azure.Management.OperationalInsights,0.25.0-preview,ok,lib,netstandard2.0,lib/netstandard2.0/Microsoft.Azure.Management.OperationalInsights.dll,405920.0,182140.0,609352.0,129.0,243.0,347.0,0.0,134.0,0.0,590.0,417.0,5.0,26.0,146.0,166.0,106.0,19.0,0.0,21.0,63.0,44.0,2247.0,299.0,1444.0,299.0
Senparc.CO2NET.Cache.Redis,5.3.0,ok,lib,netstandard2.0,lib/netstandard2.0/Senparc.CO2NET.Cache.Redis.dll,35840.0,81424.0,74602.0,8.0,80.0,9.0,0.0,3.0,0.0,89.0,54.0,5.0,9.0,17.0,64.0,19.0,0.0,0.0,0.0,4.0,3.0,155.0,39.0,169.0,39.0
AvaloniaUI.DiagnosticsSupport,2.2.3,ok,lib,net10.0,lib/net10.0/AvaloniaUI.DiagnosticsSupport.Avalonia.dll,1370624.0,520895.0,1843111.0,20.0,58.0,1108.0,13.0,15.0,8.0,1179.0,1407.0,519.0,1340.0,30.0,38.0,9.0,2.0,0.0,2.0,7.0,7.0,4190.0,846.0,7224.0,846.0
Diacritical.Net,1.0.5,ok,lib,net10.0,lib/net10.0/Diacritical.dll,22528.0,29516.0,22089.0,5.0,7.0,1.0,0.0,1.0,0.0,8.0,3.0,0.0,3.0,4.0,1.0,1.0,0.0,0.0,1.0,3.0,3.0,9.0,10.0,22.0,10.0
Ecng.Data,1.0.476,ok,lib,net10.0,lib/net10.0/Ecng.Data.dll,62464.0,91675.0,98685.0,20.0,285.0,72.0,3.0,16.0,12.0,360.0,18.0,13.0,95.0,39.0,175.0,82.0,4.0,0.0,4.0,8.0,6.0,180.0,61.0,575.0,61.0
z440.atl.core,7.16.0,ok,lib,net6.0,lib/net6.0/ATL.dll,686080.0,428122.0,434163.0,91.0,251.0,945.0,0.0,84.0,6.0,1196.0,664.0,225.0,172.0,27.0,307.0,102.0,117.0,0.0,7.0,13.0,32.0,2336.0,314.0,3023.0,314.0
Square.Picasso,2.71828.0,ok,lib,monoandroid90,lib/monoandroid90/Square.Picasso.dll,227440.0,210510.0,166542.0,30.0,138.0,154.0,0.0,25.0,0.0,292.0,219.0,62.0,31.0,28.0,153.0,19.0,8.0,0.0,7.0,13.0,12.0,152.0,42.0,622.0,42.0
Microsoft.Azure.Management.Search,4.0.0,ok,lib,netstandard2.0,lib/netstandard2.0/Microsoft.Azure.Management.Search.dll,182648.0,122505.0,317165.0,58.0,97.0,123.0,0.0,68.0,0.0,220.0,190.0,5.0,38.0,61.0,81.0,51.0,18.0,0.0,8.0,17.0,19.0,954.0,138.0,593.0,138.0
NiL.JS,2.6.1722,ok,lib,netstandard2.1,lib/netstandard2.1/NiL.JS.dll,554496.0,290056.0,1383739.0,237.0,1194.0,664.0,1.0,294.0,19.0,1859.0,550.0,375.0,450.0,282.0,997.0,26.0,87.0,0.0,5.0,25.0,203.0,1326.0,446.0,3337.0,446.0
ReactiveUI.Events.WPF,15.1.1,ok,lib,net5.0-windows7.0,lib/net5.0-windows7.0/ReactiveUI.Events.WPF.dll,445520.0,236446.0,1630709.0,121.0,92.0,624.0,0.0,92.0,0.0,716.0,1314.0,0.0,1282.0,109.0,0.0,0.0,0.0,0.0,0.0,29.0,29.0,1484.0,846.0,4127.0,846.0
System.Security.Cryptography.Cose,10.0.12,ok,lib,netstandard2.0,lib/netstandard2.0/System.Security.Cryptography.Cose.dll,91944.0,106623.0,276971.0,13.0,95.0,105.0,0.0,9.0,4.0,200.0,79.0,5.0,126.0,37.0,28.0,2.0,18.0,0.0,0.0,3.0,12.0,254.0,81.0,433.0,81.0
Watson,7.1.1,ok,lib,netstandard2.1,lib/netstandard2.1/WatsonWebserver.dll,488960.0,246727.0,1692092.0,183.0,396.0,660.0,17.0,154.0,3.0,1073.0,611.0,43.0,122.0,180.0,126.0,37.0,20.0,0.0,2.0,38.0,58.0,2068.0,381.0,2554.0,381.0
aliyun-net-sdk-sts,3.1.3,ok,lib,netstandard2.0,lib/netstandard2.0/aliyun-net-sdk-sts.dll,21504.0,37417.0,29696.0,21.0,9.0,66.0,0.0,21.0,0.0,75.0,1.0,0.0,0.0,4.0,5.0,0.0,0.0,0.0,0.0,0.0,0.0,68.0,22.0,163.0,22.0
CmdLine,1.0.7.509,ok,lib,net40-Client,lib/net40-Client/CmdLine.dll,31744.0,41107.0,26440.0,11.0,21.0,59.0,0.0,18.0,0.0,80.0,49.0,1.0,20.0,28.0,8.0,3.0,3.0,0.0,1.0,2.0,1.0,73.0,20.0,201.0,20.0
Open.NAT,2.1.0,ok,lib,net45,lib/net45/Open.Nat.dll,70144.0,96439.0,347767.0,7.0,16.0,44.0,0.0,11.0,0.0,60.0,87.0,14.0,72.0,1.0,9.0,5.0,0.0,0.0,0.0,1.0,2.0,273.0,77.0,328.0,77.0
Xamarin.AndroidX.WebKit,1.17.0,ok,lib,net10.0-android36.0,lib/net10.0-android36.0/Xamarin.AndroidX.WebKit.dll,1062240.0,286404.0,1714982.0,295.0,600.0,1619.0,0.0,222.0,0.0,2219.0,2552.0,609.0,196.0,278.0,1124.0,354.0,13.0,0.0,107.0,160.0,37.0,1691.0,457.0,5716.0,457.0
Senparc.CO2NET.Cache.Redis.RedLock,4.2.0,ok,lib,netstandard2.0,lib/netstandard2.0/Senparc.CO2NET.Cache.Redis.RedLock.dll,19968.0,58446.0,49317.0,2.0,16.0,4.0,0.0,3.0,0.0,20.0,22.0,12.0,10.0,1.0,1.0,0.0,0.0,0.0,0.0,0.0,0.0,96.0,22.0,63.0,22.0
Milvus.Client,2.3.0-preview.1,ok,lib,netstandard2.0,lib/netstandard2.0/Milvus.Client.dll,950272.0,357767.0,994842.0,51.0,441.0,1540.0,0.0,33.0,4.0,1981.0,1212.0,11.0,464.0,19.0,361.0,2.0,3.0,0.0,0.0,2.0,44.0,3681.0,604.0,6633.0,604.0
BlurHashSharp,1.3.4,ok,lib,net8.0,lib/net8.0/BlurHashSharp.dll,11776.0,42466.0,36170.0,3.0,4.0,0.0,0.0,0.0,0.0,4.0,2.0,0.0,13.0,4.0,0.0,0.0,0.0,0.0,0.0,2.0,3.0,9.0,6.0,21.0,6.0
nunit.xamarin,3.6.1,ok,lib,uap10.0,lib/uap10.0/nunit.runner.uwp.dll,58880.0,87200.0,98363.0,45.0,4.0,68.0,1.0,55.0,0.0,73.0,91.0,6.0,9.0,0.0,3.0,0.0,1.0,0.0,0.0,0.0,37.0,172.0,77.0,282.0,77.0
Dock.Avalonia,12.1.0.6,ok,lib,net10.0,lib/net10.0/Dock.Avalonia.dll,319488.0,195481.0,325035.0,109.0,266.0,402.0,5.0,93.0,0.0,673.0,699.0,280.0,201.0,16.0,422.0,24.0,260.0,0.0,9.0,17.0,36.0,835.0,229.0,2204.0,229.0
ReactiveUI.Avalonia,14.7.1,ok,lib,netstandard2.0,lib/netstandard2.0/ReactiveUI.Avalonia.dll,49168.0,96953.0,133627.0,10.0,13.0,14.0,0.0,7.0,0.0,27.0,32.0,3.0,30.0,6.0,14.0,0.0,10.0,0.0,0.0,2.0,4.0,75.0,35.0,128.0,35.0
Microsoft.Windows.AI.MachineLearning,2.3.42,ok,lib,net8.0-windows10.0.17763.0,lib/net8.0-windows10.0.17763.0/Microsoft.ML.OnnxRuntime.dll,242288.0,162447.0,51521056.0,368.0,1214.0,225.0,0.0,331.0,16.0,1439.0,184.0,44.0,168.0,114.0,999.0,23.0,35.0,0.0,3.0,8.0,323.0,1194.0,426.0,2198.0,426.0
LiveChartsCore.SkiaSharpView.Avalonia,2.0.5,ok,lib,netstandard2.0,lib/netstandard2.0/LiveChartsCore.SkiaSharpView.Avalonia.dll,348672.0,183070.0,393810.0,106.0,280.0,1157.0,123.0,111.0,0.0,1560.0,624.0,79.0,45.0,2.0,1534.0,3.0,1461.0,0.0,0.0,5.0,1.0,1133.0,125.0,3230.0,125.0
DiffLib,2025.0.0,ok,lib,net9.0,lib/net9.0/DiffLib.dll,32768.0,71000.0,55522.0,13.0,32.0,30.0,0.0,9.0,10.0,62.0,48.0,0.0,3.0,16.0,25.0,1.0,7.0,0.0,1.0,3.0,8.0,120.0,26.0,150.0,26.0
AvaloniaEdit.TextMate,12.0.0,ok,lib,net10.0,lib/net10.0/AvaloniaEdit.TextMate.dll,25600.0,65741.0,53175.0,8.0,34.0,12.0,1.0,7.0,0.0,47.0,27.0,6.0,7.0,1.0,15.0,2.0,3.0,0.0,0.0,3.0,1.0,58.0,14.0,94.0,14.0
NLog.OutputDebugString,6.2.0,ok,lib,netstandard2.1,lib/netstandard2.1/NLog.OutputDebugString.dll,6656.0,41476.0,37867.0,1.0,3.0,0.0,0.0,2.0,0.0,3.0,1.0,3.0,1.0,0.0,3.0,0.0,0.0,0.0,0.0,0.0,1.0,2.0,6.0,11.0,6.0
Microsoft.Azure.Management.IotHub,4.2.0,ok,lib,netstandard2.0,lib/netstandard2.0/Microsoft.Azure.Management.IotHub.dll,321416.0,162059.0,529990.0,112.0,194.0,337.0,0.0,162.0,0.0,531.0,318.0,5.0,29.0,107.0,131.0,74.0,16.0,0.0,8.0,28.0,27.0,1734.0,235.0,1317.0,235.0
Iot.Device.Bindings,4.2.0,ok,lib,net8.0,lib/net8.0/Iot.Device.Bindings.dll,2065480.0,841927.0,1187582.0,1201.0,2992.0,2945.0,54.0,976.0,116.0,5991.0,1568.0,763.0,666.0,452.0,1979.0,210.0,581.0,0.0,18.0,92.0,531.0,11640.0,1786.0,11853.0,1786.0
BlurHashSharp.SkiaSharp,1.3.4,ok,lib,net8.0,lib/net8.0/BlurHashSharp.SkiaSharp.dll,6656.0,31535.0,28087.0,1.0,4.0,0.0,0.0,0.0,0.0,4.0,0.0,0.0,3.0,4.0,0.0,0.0,0.0,0.0,0.0,1.0,1.0,0.0,2.0,7.0,2.0
A2A.AspNetCore,1.0.0-preview2,ok,lib,net10.0,lib/net10.0/A2A.AspNetCore.dll,121856.0,109226.0,123927.0,5.0,7.0,5.0,0.0,2.0,0.0,12.0,133.0,0.0,173.0,5.0,2.0,0.0,2.0,0.0,0.0,3.0,5.0,547.0,110.0,372.0,110.0
Aspire.Hosting.Azure.EventHubs,13.5.3,ok,lib,net8.0,lib/net8.0/Aspire.Hosting.Azure.EventHubs.dll,66872.0,107853.0,81192.0,5.0,14.0,42.0,0.0,4.0,0.0,56.0,73.0,0.0,24.0,13.0,9.0,0.0,6.0,0.0,0.0,1.0,1.0,52.0,23.0,150.0,23.0
ModernWpfUI,0.9.6,ok,lib,net5.0-windows7.0,lib/net5.0-windows7.0/ModernWpf.dll,1577984.0,506384.0,3547309.0,311.0,721.0,1340.0,38.0,200.0,0.0,2099.0,2149.0,131.0,641.0,221.0,503.0,0.0,72.0,0.0,0.0,33.0,249.0,2662.0,1083.0,7332.0,1083.0
CommunityToolkit.WinUI.UI.Controls.DataGrid,7.1.2,ok,lib,net5.0-windows10.0.18362,lib/net5.0-windows10.0.18362/CommunityToolkit.WinUI.UI.Controls.DataGrid.dll,435920.0,226125.0,380514.0,66.0,235.0,550.0,31.0,46.0,4.0,816.0,918.0,206.0,555.0,54.0,180.0,3.0,4.0,0.0,0.0,14.0,29.0,970.0,170.0,2496.0,170.0
ColorCode.WinUI,2.0.15,ok,lib,net5.0-windows10.0.17763,lib/net5.0-windows10.0.17763/ColorCode.WinUI.dll,21648.0,62302.0,48351.0,2.0,4.0,1.0,0.0,2.0,0.0,5.0,8.0,1.0,1.0,1.0,1.0,0.0,0.0,0.0,0.0,1.0,1.0,12.0,5.0,16.0,5.0
Jellyfin.XmlTv,10.8.0,ok,lib,netstandard2.1,lib/netstandard2.1/Jellyfin.XmlTv.dll,28672.0,52119.0,38910.0,10.0,43.0,43.0,0.0,9.0,0.0,86.0,6.0,0.0,13.0,1.0,12.0,0.0,2.0,0.0,0.0,0.0,1.0,74.0,25.0,158.0,25.0
BDInfo,0.8.0,ok,lib,netstandard2.1,lib/netstandard2.1/BDInfo.dll,120320.0,119345.0,120428.0,57.0,98.0,66.0,3.0,54.0,0.0,167.0,49.0,19.0,5.0,38.0,48.0,15.0,14.0,0.0,2.0,18.0,12.0,435.0,67.0,282.0,67.0
Azure.Provisioning.EventHubs,1.1.0,ok,lib,netstandard2.0,lib/netstandard2.0/Azure.Provisioning.EventHubs.dll,196680.0,149265.0,235079.0,72.0,74.0,268.0,0.0,39.0,3.0,342.0,218.0,41.0,28.0,20.0,49.0,0.0,12.0,0.0,0.0,11.0,44.0,908.0,201.0,1074.0,201.0
LoxSmoke.DocXml,3.9.0,ok,lib,netstandard2.0,lib/netstandard2.0/DocXml.dll,39424.0,61906.0,43471.0,14.0,44.0,46.0,0.0,14.0,0.0,90.0,39.0,14.0,24.0,28.0,1.0,0.0,0.0,0.0,0.0,3.0,3.0,104.0,32.0,228.0,32.0
Microsoft.CodeAnalysis.VisualBasic.CodeFix.Testing.MSTest,1.1.2,ok,lib,netstandard2.0,lib/netstandard2.0/Microsoft.CodeAnalysis.VisualBasic.CodeFix.Testing.MSTest.dll,23592.0,83023.0,134727.0,1.0,0.0,0.0,0.0,1.0,0.0,0.0,0.0,0.0,0.0,0.0,0.0,0.0,0.0,0.0,0.0,0.0,0.0,0.0,5.0,4.0,5.0
Microsoft.CodeAnalysis.VisualBasic.Analyzer.Testing.MSTest,1.1.2,ok,lib,netstandard2.0,lib/netstandard2.0/Microsoft.CodeAnalysis.VisualBasic.Analyzer.Testing.MSTest.dll,23992.0,82725.0,133644.0,1.0,0.0,0.0,0.0,1.0,0.0,0.0,0.0,0.0,0.0,0.0,0.0,0.0,0.0,0.0,0.0,0.0,0.0,0.0,5.0,4.0,5.0
Senparc.NeuChar.AspNet,1.7.0,ok,lib,netstandard2.1,lib/netstandard2.1/Senparc.NeuChar.AspNet.dll,19968.0,58966.0,49040.0,7.0,16.0,11.0,0.0,4.0,0.0,27.0,3.0,2.0,2.0,2.0,17.0,12.0,3.0,0.0,2.0,6.0,1.0,29.0,13.0,48.0,13.0
Microsoft.Azure.Management.SecurityCenter,3.0.0,ok,lib,netstandard2.0,lib/netstandard2.0/Microsoft.Azure.Management.SecurityCenter.dll,1165200.0,353630.0,1486992.0,347.0,727.0,786.0,0.0,403.0,0.0,1513.0,1226.0,5.0,56.0,436.0,412.0,278.0,17.0,0.0,46.0,145.0,101.0,6180.0,835.0,3810.0,835.0
Microsoft.CodeAnalysis.VisualBasic.CodeRefactoring.Testing.MSTest,1.1.2,ok,lib,netstandard2.0,lib/netstandard2.0/Microsoft.CodeAnalysis.VisualBasic.CodeRefactoring.Testing.MSTest.dll,24104.0,82949.0,134285.0,1.0,0.0,0.0,0.0,1.0,0.0,0.0,0.0,0.0,0.0,0.0,0.0,0.0,0.0,0.0,0.0,0.0,0.0,0.0,5.0,4.0,5.0
Silk.NET.Vulkan.Extensions.EXT,2.23.0,ok,lib,netstandard2.1,lib/netstandard2.1/Silk.NET.Vulkan.Extensions.EXT.dll,444176.0,173986.0,502651.0,99.0,1237.0,236.0,0.0,53.0,0.0,1473.0,572.0,106.0,53.0,438.0,106.0,0.0,53.0,0.0,0.0,46.0,46.0,344.0,158.0,2422.0,158.0
Microsoft.VisualStudio.DiagnosticsHub.BenchmarkDotNetDiagnosers,18.7.37220.1,ok,lib,netstandard2.0,lib/netstandard2.0/System.Collections.Immutable.dll,253192.0,171882.0,875361.0,49.0,648.0,435.0,0.0,0.0,4.0,1083.0,652.0,6.0,519.0,203.0,226.0,48.0,176.0,0.0,5.0,22.0,42.0,413.0,228.0,2224.0,228.0
Magick.NET-Q16-HDRI-OpenMP-x64,14.17.1,ok,lib,netstandard20,lib/netstandard20/Magick.NET-Q16-HDRI-OpenMP-x64.dll,994480.0,481628.0,43143079.0,195.0,1092.0,1177.0,7.0,256.0,31.0,2276.0,934.0,95.0,94.0,268.0,1655.0,0.0,1629.0,0.0,0.0,3.0,184.0,1407.0,459.0,5768.0,459.0
FlareSolverrSharp,4.0.0,ok,lib,netstandard2.0,lib/netstandard2.0/FlareSolverrSharp.dll,24064.0,37409.0,26112.0,15.0,10.0,1.0,0.0,12.0,0.0,11.0,31.0,2.0,7.0,1.0,2.0,0.0,0.0,0.0,0.0,2.0,3.0,116.0,29.0,65.0,29.0
Cake.Frosting.Git,5.0.1,ok,lib,net9.0,lib/net9.0/Cake.Git.dll,46080.0,84565.0,82222.0,13.0,66.0,32.0,0.0,4.0,0.0,98.0,8.0,0.0,82.0,61.0,5.0,0.0,0.0,0.0,0.0,1.0,10.0,179.0,60.0,245.0,60.0
WebMarkupMin.AspNetCoreLatest,2.22.3,ok,lib,net10.0,lib/net10.0/WebMarkupMin.AspNetCoreLatest.dll,40448.0,83687.0,88748.0,23.0,32.0,30.0,0.0,20.0,0.0,62.0,29.0,12.0,11.0,9.0,17.0,0.0,4.0,0.0,0.0,7.0,13.0,123.0,48.0,169.0,48.0
TickerQ.Dashboard,10.4.0,ok,lib,net10.0,lib/net10.0/TickerQ.Dashboard.dll,6279680.0,2963690.0,2920109.0,12.0,27.0,138.0,0.0,8.0,0.0,165.0,376.0,1.0,578.0,4.0,8.0,2.0,2.0,0.0,1.0,3.0,3.0,1385.0,188.0,1331.0,188.0
Xunit.Repeat,1.1.26,ok,lib,netstandard1.1,lib/netstandard1.1/Xunit.Repeat.dll,6144.0,17683.0,14382.0,1.0,1.0,2.0,0.0,1.0,0.0,3.0,8.0,0.0,0.0,0.0,1.0,0.0,0.0,0.0,0.0,0.0,1.0,6.0,3.0,11.0,3.0
Plotly.NET.CSharp,0.13.0,ok,lib,net6.0,lib/net6.0/Plotly.NET.CSharp.dll,102400.0,94517.0,111598.0,4.0,106.0,2.0,0.0,1.0,3.0,108.0,2.0,0.0,3.0,104.0,4.0,0.0,1.0,0.0,0.0,3.0,4.0,6.0,10.0,124.0,10.0
Senparc.Weixin.Cache.Redis,2.21.5,ok,lib,netstandard2.1,lib/netstandard2.1/Senparc.Weixin.Cache.Redis.dll,11264.0,55436.0,49897.0,3.0,8.0,4.0,0.0,0.0,0.0,12.0,12.0,2.0,2.0,4.0,8.0,0.0,0.0,0.0,0.0,1.0,3.0,16.0,10.0,30.0,10.0
Senparc.Weixin.MP.MVC,7.17.6,ok,lib,netstandard2.1,lib/netstandard2.1/Senparc.Weixin.MP.MvcExtension.dll,10752.0,59616.0,54068.0,6.0,8.0,4.0,0.0,3.0,0.0,12.0,2.0,7.0,0.0,3.0,4.0,1.0,0.0,0.0,0.0,4.0,3.0,12.0,8.0,21.0,8.0
libse,5.1.0,ok,lib,netstandard2.1,lib/netstandard2.1/libse.dll,2259456.0,817198.0,1663204.0,809.0,2067.0,2443.0,0.0,730.0,2.0,4510.0,1509.0,19.0,422.0,818.0,1957.0,43.0,147.0,0.0,14.0,114.0,124.0,3438.0,1109.0,8677.0,1109.0
TwentyTwenty.Storage,3.0.0,ok,lib,netstandard2.0,lib/netstandard2.0/TwentyTwenty.Storage.dll,12288.0,26590.0,20681.0,9.0,18.0,20.0,0.0,7.0,0.0,38.0,4.0,0.0,2.0,5.0,12.0,12.0,0.0,0.0,1.0,2.0,4.0,44.0,12.0,72.0,12.0
Nancy.Authentication.Basic,2.0.0,ok,lib,netstandard2.0,lib/netstandard2.0/Nancy.Authentication.Basic.dll,8704.0,26241.0,21878.0,5.0,5.0,3.0,0.0,1.0,0.0,8.0,8.0,0.0,2.0,4.0,1.0,1.0,0.0,0.0,1.0,3.0,3.0,10.0,8.0,21.0,8.0
Bugsnag.ConfigurationSection,4.1.1,ok,lib,net462,lib/net462/Bugsnag.ConfigurationSection.dll,16384.0,33827.0,26483.0,1.0,0.0,36.0,0.0,1.0,0.0,36.0,24.0,4.0,3.0,1.0,17.0,0.0,17.0,0.0,0.0,0.0,0.0,35.0,8.0,59.0,8.0
coverlet.MTP,10.0.1,ok,lib,netstandard2.0,lib/netstandard2.0/Mono.Cecil.dll,372824.0,234245.0,4334390.0,178.0,305.0,834.0,1.0,116.0,4.0,1140.0,707.0,81.0,163.0,35.0,552.0,91.0,217.0,0.0,23.0,36.0,130.0,1952.0,351.0,3152.0,351.0
ModernUI.WPF,1.0.9,ok,lib,net45,lib/net45/FirstFloor.ModernUI.dll,250368.0,138646.0,260355.0,56.0,62.0,153.0,11.0,41.0,0.0,226.0,180.0,59.0,33.0,52.0,49.0,9.0,20.0,0.0,3.0,13.0,11.0,301.0,98.0,632.0,98.0
Material.Avalonia,3.20.0,ok,lib,net8.0,lib/net8.0/Material.Colors.dll,59904.0,89079.0,1393907.0,28.0,11.0,330.0,0.0,22.0,1.0,341.0,24.0,0.0,10.0,268.0,60.0,3.0,57.0,0.0,1.0,4.0,8.0,643.0,37.0,410.0,37.0
Azure.Analytics.Synapse.Artifacts,1.0.0-preview.23,ok,lib,netstandard2.0,lib/netstandard2.0/Azure.Analytics.Synapse.Artifacts.dll,3143712.0,884084.0,3452381.0,962.0,1091.0,3997.0,0.0,941.0,366.0,5088.0,1674.0,94.0,3483.0,829.0,1116.0,0.0,133.0,0.0,0.0,17.0,136.0,7916.0,2257.0,17337.0,2257.0
Aspire.Hosting.Seq,13.5.3,ok,lib,net8.0,lib/net8.0/Aspire.Hosting.Seq.dll,34144.0,90002.0,63758.0,2.0,4.0,7.0,0.0,1.0,0.0,11.0,8.0,0.0,0.0,4.0,1.0,0.0,1.0,0.0,0.0,1.0,1.0,10.0,5.0,19.0,5.0
Lorem.Universal.NET,5.0.0,ok,lib,net9.0,lib/net9.0/Lorem.NET.dll,18432.0,42623.0,35338.0,2.0,26.0,0.0,0.0,0.0,0.0,26.0,2.0,0.0,8.0,26.0,0.0,0.0,0.0,0.0,0.0,2.0,2.0,11.0,8.0,40.0,8.0
ShowMeTheXAML,2.1.1,ok,lib,net8.0-windows7.0,lib/net8.0-windows7.0/ShowMeTheXAML.dll,24576.0,57501.0,45440.0,8.0,8.0,32.0,0.0,5.0,0.0,40.0,17.0,4.0,11.0,12.0,3.0,1.0,2.0,0.0,1.0,2.0,2.0,44.0,17.0,123.0,17.0
DotNetZip.NetStandard,1.12.0,ok,lib,netstandard2.0,lib/netstandard2.0/DotNetZip.dll,230400.0,160661.0,106402.0,50.0,224.0,289.0,5.0,84.0,0.0,518.0,255.0,19.0,195.0,28.0,166.0,0.0,2.0,0.0,0.0,1.0,20.0,967.0,127.0,1239.0,127.0
Semi.Avalonia,12.1.0.1,ok,lib,net10.0,lib/net10.0/Semi.Avalonia.dll,1736704.0,345421.0,575886.0,30.0,575.0,319.0,0.0,26.0,0.0,894.0,1019.0,0.0,2.0,570.0,7.0,0.0,0.0,0.0,0.0,2.0,2.0,687.0,583.0,5349.0,583.0
Quamotion.RemoteViewing,1.1.211,ok,lib,net5.0,lib/net5.0/RemoteViewing.dll,91136.0,107435.0,189837.0,44.0,110.0,119.0,28.0,30.0,2.0,257.0,91.0,24.0,10.0,19.0,130.0,53.0,46.0,0.0,7.0,11.0,18.0,652.0,85.0,527.0,85.0
CommunityToolkit.WinUI.Controls.Primitives,8.2.251219,ok,lib,net9.0,lib/net9.0/CommunityToolkit.WinUI.Controls.Primitives.dll,276304.0,119317.0,599741.0,16.0,68.0,743.0,2.0,14.0,3.0,813.0,61.0,23.0,708.0,15.0,46.0,0.0,20.0,0.0,0.0,0.0,7.0,156.0,39.0,1019.0,39.0
FastEndpoints.ApiExplorer,2.3.0,ok,lib,net8.0,lib/net8.0/FastEndpoints.ApiExplorer.dll,26112.0,48550.0,36891.0,16.0,16.0,63.0,0.0,12.0,0.0,79.0,7.0,0.0,21.0,7.0,43.0,2.0,3.0,0.0,1.0,6.0,5.0,88.0,27.0,153.0,27.0
Spectre.Console.ImageSharp,0.57.2,ok,lib,net10.0,lib/net10.0/Spectre.Console.ImageSharp.dll,16896.0,78728.0,66809.0,2.0,9.0,6.0,0.0,3.0,0.0,15.0,1.0,2.0,2.0,7.0,2.0,0.0,0.0,0.0,0.0,1.0,2.0,8.0,4.0,24.0,4.0
Microsoft.Orleans.Connections.Security,10.3.1,ok,lib,net10.0,lib/net10.0/Orleans.Connections.Security.dll,73528.0,109599.0,125805.0,13.0,22.0,60.0,0.0,6.0,0.0,82.0,38.0,5.0,27.0,11.0,22.0,11.0,0.0,0.0,3.0,6.0,7.0,147.0,47.0,240.0,47.0
Microsoft.Toolkit.Win32.UI.XamlApplication,6.1.3,native_only,,,,,65558.0,30239185.0,,,,,,,,,,,,,,,,,,,,,,
fusillade,7.0.0,ok,lib,net11.0,lib/net11.0/Fusillade.dll,34304.0,89315.0,291730.0,11.0,10.0,23.0,0.0,4.0,0.0,33.0,13.0,4.0,49.0,14.0,6.0,3.0,0.0,0.0,1.0,6.0,7.0,49.0,20.0,95.0,20.0
NeoSmart.Caching.Sqlite,9.0.3,ok,lib,netstandard2.0,lib/netstandard2.0/NeoSmart.Caching.Sqlite.dll,33792.0,81534.0,67334.0,3.0,22.0,10.0,0.0,4.0,2.0,32.0,22.0,3.0,26.0,4.0,15.0,0.0,9.0,0.0,0.0,1.0,2.0,100.0,37.0,118.0,37.0
Microsoft.Orleans.Streaming.EventHubs,10.3.1,ok,lib,net10.0,lib/net10.0/Orleans.Streaming.EventHubs.dll,245048.0,193622.0,315416.0,79.0,169.0,111.0,0.0,66.0,0.0,280.0,253.0,23.0,81.0,28.0,152.0,26.0,92.0,0.0,14.0,22.0,21.0,689.0,192.0,835.0,192.0
MegaApiClient,1.10.5,ok,lib,netstandard2.0,lib/netstandard2.0/MegaApiClient.dll,115200.0,119549.0,450479.0,27.0,168.0,223.0,2.0,28.0,24.0,393.0,180.0,9.0,56.0,34.0,179.0,91.0,65.0,0.0,7.0,8.0,7.0,402.0,128.0,852.0,128.0
Azure.ResourceManager.IotHub,1.1.1,ok,lib,netstandard2.0,lib/netstandard2.0/Azure.ResourceManager.IotHub.dll,522272.0,245240.0,262493.0,104.0,258.0,467.0,0.0,76.0,42.0,725.0,571.0,24.0,280.0,141.0,213.0,0.0,25.0,0.0,0.0,2.0,31.0,2204.0,416.0,2362.0,416.0
OrchardCore.Application.Cms.Targets,3.0.1,ok,lib,net10.0,lib/net10.0/OrchardCore.Application.Cms.Targets.dll,5632.0,24117.0,21699.0,0.0,0.0,0.0,0.0,0.0,0.0,0.0,0.0,0.0,0.0,0.0,0.0,0.0,0.0,0.0,0.0,0.0,0.0,0.0,1.0,0.0,1.0
CommunityToolkit.WinUI.Helpers,8.2.251219,ok,lib,net9.0,lib/net9.0/CommunityToolkit.WinUI.Helpers.dll,254288.0,111610.0,484456.0,18.0,26.0,657.0,3.0,8.0,0.0,686.0,41.0,2.0,652.0,19.0,6.0,0.0,2.0,0.0,0.0,5.0,14.0,118.0,32.0,766.0,32.0
Microsoft.Dism,6.1.0,ok,lib,netstandard2.0,lib/netstandard2.0/Microsoft.Dism.dll,77824.0,98875.0,461228.0,53.0,235.0,122.0,0.0,20.0,0.0,357.0,52.0,2.0,82.0,185.0,50.0,0.0,16.0,0.0,0.0,1.0,48.0,390.0,98.0,589.0,98.0
Blazor.Serialization,10.1.0,ok,lib,net10.0,lib/net10.0/Blazor.Serialization.dll,18944.0,79292.0,67729.0,2.0,10.0,0.0,0.0,0.0,0.0,10.0,9.0,0.0,0.0,10.0,0.0,0.0,0.0,0.0,0.0,2.0,2.0,21.0,7.0,19.0,7.0
MarkdownBuilder,1.0.0,ok,lib,netstandard2.0,lib/netstandard2.0/MarkdownBuilder.dll,24064.0,44728.0,33638.0,31.0,76.0,25.0,0.0,65.0,0.0,101.0,10.0,8.0,8.0,24.0,49.0,14.0,12.0,0.0,3.0,7.0,3.0,42.0,44.0,212.0,44.0
Aspire.Hosting.Yarp,13.5.3,ok,lib,net8.0,lib/net8.0/Aspire.Hosting.Yarp.dll,96608.0,123148.0,101797.0,17.0,68.0,60.0,0.0,3.0,0.0,128.0,41.0,0.0,104.0,56.0,12.0,8.0,0.0,0.0,2.0,12.0,12.0,183.0,96.0,402.0,96.0
NBXplorer.Client,5.0.8,ok,lib,netstandard2.1,lib/netstandard2.1/NBXplorer.Client.dll,156160.0,133185.0,170035.0,101.0,282.0,322.0,0.0,97.0,19.0,604.0,185.0,13.0,49.0,60.0,96.0,11.0,6.0,0.0,1.0,12.0,6.0,634.0,165.0,1228.0,165.0
Microsoft.NETCore.ILAsm,10.0.12,metapackage,,,,,43546.0,43546.0,,,,,,,,,,,,,,,,,,,,,,
Microsoft.Azure.Management.ManagementGroups,2.0.0-beta,ok,lib,netstandard2.0,lib/netstandard2.0/Microsoft.Azure.Management.ManagementGroups.dll,162704.0,119767.0,301047.0,53.0,85.0,168.0,0.0,78.0,0.0,253.0,184.0,5.0,14.0,54.0,66.0,44.0,17.0,0.0,6.0,15.0,12.0,840.0,117.0,638.0,117.0
WinForms.DataVisualization,1.10.2,ok,lib,net9.0-windows7.0,lib/net9.0-windows7.0/WinForms.DataVisualization.dll,1143808.0,468601.0,3534105.0,126.0,316.0,1347.0,22.0,94.0,0.0,1685.0,526.0,181.0,938.0,0.0,533.0,2.0,15.0,0.0,1.0,7.0,43.0,2040.0,380.0,4533.0,380.0
MahApps.Metro.IconPacks.Octicons,6.2.1,ok,lib,net8.0-windows7.0,lib/net8.0-windows7.0/MahApps.Metro.IconPacks.Octicons.dll,475136.0,228714.0,679010.0,6.0,7.0,8.0,0.0,8.0,0.0,15.0,2.0,4.0,0.0,0.0,17.0,0.0,10.0,0.0,0.0,0.0,1.0,680.0,7.0,33.0,7.0
MonoGame.Library.SDL,2.32.10.2,native_only,,,,,65558.0,4558350.0,,,,,,,,,,,,,,,,,,,,,,
AppForSharePointWebToolkit,3.1.5,metapackage,,,,,58854.0,58854.0,,,,,,,,,,,,,,,,,,,,,,
diskann-garnet,5.0.0,native_only,,,,,65558.0,6987656.0,,,,,,,,,,,,,,,,,,,,,,
MdXaml,1.27.0,ok,lib,net6.0-windows7.0,lib/net6.0-windows7.0/MdXaml.dll,153088.0,125238.0,250352.0,21.0,36.0,110.0,7.0,16.0,0.0,153.0,144.0,1.0,48.0,14.0,53.0,0.0,42.0,0.0,0.0,4.0,8.0,376.0,86.0,524.0,86.0
Microsoft.Azure.DigitalTwins.Parser,3.12.7,ok,lib,netstandard2.0,lib/netstandard2.0/Microsoft.Azure.DigitalTwins.Parser.dll,742264.0,232609.0,187552.0,53.0,306.0,297.0,0.0,77.0,76.0,603.0,691.0,117.0,1342.0,77.0,300.0,2.0,39.0,0.0,0.0,9.0,4.0,2277.0,297.0,3087.0,297.0
Microsoft.Orleans.Dashboard,10.3.1,ok,lib,net10.0,lib/net10.0/Orleans.Dashboard.dll,17710432.0,4191204.0,8289902.0,5.0,7.0,116.0,0.0,5.0,0.0,123.0,310.0,19.0,96.0,3.0,3.0,0.0,0.0,0.0,0.0,1.0,5.0,708.0,237.0,1236.0,237.0
ReactiveUI.Maui,24.2.0,ok,lib,net11.0-ios26.5,lib/net11.0-ios26.5/ReactiveUI.Maui.dll,70656.0,106680.0,762266.0,32.0,48.0,51.0,0.0,26.0,0.0,99.0,100.0,22.0,67.0,9.0,56.0,0.0,33.0,0.0,0.0,4.0,9.0,123.0,64.0,346.0,64.0
CommunityToolkit.Aspire.OllamaSharp,13.5.0,ok,lib,net10.0,lib/net10.0/CommunityToolkit.Aspire.OllamaSharp.dll,41800.0,93819.0,149470.0,5.0,17.0,10.0,0.0,2.0,0.0,27.0,7.0,0.0,16.0,17.0,0.0,0.0,0.0,0.0,0.0,3.0,4.0,29.0,18.0,72.0,18.0
Microsoft.Azure.Management.CognitiveServices,8.4.0,ok,lib,netstandard2.0,lib/netstandard2.0/Microsoft.Azure.Management.CognitiveServices.dll,282552.0,151428.0,458223.0,105.0,166.0,281.0,0.0,140.0,0.0,447.0,284.0,5.0,18.0,100.0,113.0,73.0,18.0,0.0,10.0,36.0,29.0,1522.0,219.0,1124.0,219.0
MahApps.Metro.IconPacks.Entypo,6.2.1,ok,lib,net8.0-windows7.0,lib/net8.0-windows7.0/MahApps.Metro.IconPacks.Entypo.dll,289280.0,193830.0,539497.0,6.0,7.0,8.0,0.0,8.0,0.0,15.0,2.0,4.0,0.0,0.0,17.0,0.0,10.0,0.0,0.0,0.0,1.0,421.0,7.0,33.0,7.0
MP3Sharp,1.0.5,ok,lib,netstandard2.0,lib/netstandard2.0/MP3Sharp.dll,160768.0,119516.0,185019.0,4.0,11.0,42.0,0.0,11.0,0.0,53.0,78.0,20.0,14.0,1.0,14.0,0.0,0.0,0.0,0.0,0.0,1.0,489.0,69.0,392.0,69.0
CommunityToolkit.WinUI.Animations,8.2.251219,ok,lib,net9.0,lib/net9.0/CommunityToolkit.WinUI.Animations.dll,429392.0,165235.0,1153488.0,114.0,529.0,976.0,9.0,47.0,79.0,1514.0,128.0,81.0,845.0,343.0,156.0,20.0,60.0,0.0,8.0,40.0,93.0,421.0,182.0,2158.0,182.0
Microsoft.Orleans.Reminders.Redis,10.3.1,ok,lib,net10.0,lib/net10.0/Orleans.Reminders.Redis.dll,63328.0,107806.0,121141.0,6.0,8.0,7.0,0.0,8.0,0.0,15.0,38.0,3.0,10.0,3.0,5.0,0.0,5.0,0.0,0.0,1.0,3.0,81.0,30.0,103.0,30.0
FastEndpoints.Swagger.Swashbuckle,2.3.0,ok,lib,net8.0,lib/net8.0/FastEndpoints.Swagger.Swashbuckle.dll,15360.0,36931.0,29211.0,3.0,7.0,0.0,0.0,2.0,0.0,7.0,5.0,0.0,14.0,5.0,2.0,0.0,2.0,0.0,0.0,1.0,1.0,21.0,12.0,36.0,12.0
Avalonia.Browser,12.1.2,ok,lib,net10.0,lib/net10.0/Avalonia.Browser.dll,220672.0,147500.0,292564.0,6.0,9.0,110.0,6.0,5.0,2.0,125.0,164.0,32.0,231.0,5.0,7.0,0.0,1.0,0.0,0.0,1.0,2.0,584.0,151.0,955.0,151.0
Microsoft.Agents.AI.Hosting.AGUI.AspNetCore,1.20.0-preview.260831.1,ok,lib,net10.0,lib/net10.0/Microsoft.Agents.AI.Hosting.AGUI.AspNetCore.dll,50488.0,91020.0,126492.0,2.0,4.0,6.0,0.0,0.0,0.0,10.0,39.0,0.0,12.0,4.0,0.0,0.0,0.0,0.0,0.0,2.0,2.0,100.0,21.0,78.0,21.0
Microsoft.Azure.Management.HDInsight.Job,2.0.7,ok,lib,netstandard2.0,lib/netstandard2.0/Microsoft.Azure.Management.HDInsight.Job.dll,90712.0,98308.0,86951.0,25.0,56.0,120.0,0.0,23.0,0.0,176.0,59.0,1.0,28.0,40.0,39.0,27.0,10.0,0.0,3.0,5.0,2.0,367.0,62.0,421.0,62.0
Microsoft.Orleans.BroadcastChannel,10.3.1,ok,lib,net10.0,lib/net10.0/Orleans.BroadcastChannel.dll,88376.0,121639.0,151376.0,21.0,33.0,25.0,0.0,14.0,2.0,58.0,53.0,4.0,19.0,12.0,26.0,10.0,13.0,0.0,7.0,10.0,8.0,138.0,62.0,252.0,62.0
Microsoft.Orleans.Transactions.AzureStorage,10.3.1,ok,lib,net10.0,lib/net10.0/Orleans.Transactions.AzureStorage.dll,152376.0,143937.0,198565.0,9.0,16.0,57.0,0.0,7.0,0.0,73.0,183.0,4.0,38.0,5.0,9.0,0.0,4.0,0.0,0.0,2.0,2.0,405.0,75.0,378.0,75.0
DirectShowLib,1.0.0,ok,lib,,lib/DirectShowLib.dll,290304.0,170565.0,142844.0,815.0,2601.0,13.0,0.0,221.0,14.0,2614.0,35.0,1.0,0.0,48.0,2556.0,2539.0,2.0,0.0,304.0,325.0,297.0,2958.0,822.0,2909.0,822.0
Eto.Platform.Gtk,2.11.0,ok,lib,netstandard2.0,lib/netstandard2.0/Eto.Gtk.dll,495616.0,273782.0,851256.0,203.0,1038.0,932.0,9.0,190.0,0.0,1979.0,423.0,380.0,294.0,156.0,1833.0,76.0,1161.0,0.0,15.0,40.0,17.0,1065.0,402.0,4033.0,402.0
Aspire.Azure.Search.Documents,13.5.3,ok,lib,net10.0,lib/net10.0/Aspire.Azure.Search.Documents.dll,59192.0,103926.0,163469.0,2.0,2.0,12.0,0.0,1.0,0.0,14.0,7.0,20.0,17.0,2.0,0.0,0.0,0.0,0.0,0.0,1.0,2.0,42.0,20.0,95.0,20.0
Emoji.Wpf,0.3.4,ok,lib,netcoreapp3.1,lib/netcoreapp3.1/Emoji.Wpf.dll,1076224.0,449464.0,1167913.0,21.0,33.0,56.0,2.0,18.0,0.0,91.0,79.0,10.0,43.0,25.0,22.0,0.0,10.0,0.0,0.0,4.0,7.0,168.0,49.0,276.0,49.0
Toast.iOS,1.2.0,ok,lib,xamarinios10,lib/xamarinios10/Toast.dll,27648.0,36237.0,25590.0,17.0,62.0,60.0,0.0,13.0,0.0,122.0,9.0,45.0,4.0,20.0,36.0,2.0,0.0,0.0,0.0,3.0,3.0,69.0,22.0,206.0,22.0
Microsoft.Azure.Management.TrafficManager,2.5.4,ok,lib,netstandard2.0,lib/netstandard2.0/Microsoft.Azure.Management.TrafficManager.dll,124296.0,108448.0,239911.0,50.0,106.0,109.0,0.0,61.0,32.0,215.0,103.0,5.0,5.0,64.0,113.0,35.0,24.0,0.0,6.0,11.0,21.0,548.0,89.0,512.0,89.0
Microsoft.VisualStudio.LiveShare,1.1.57,ok,lib,netstandard2.0,lib/netstandard2.0/Microsoft.VisualStudio.LiveShare.dll,24648.0,70670.0,57250.0,16.0,11.0,37.0,4.0,12.0,0.0,52.0,1.0,5.0,1.0,0.0,31.0,22.0,9.0,0.0,3.0,5.0,9.0,53.0,22.0,83.0,22.0
MetaBrainz.MusicBrainz,8.0.1,ok,lib,net10.0,lib/net10.0/MetaBrainz.MusicBrainz.dll,285184.0,173517.0,305803.0,80.0,339.0,676.0,0.0,14.0,6.0,1015.0,256.0,56.0,69.0,23.0,236.0,227.0,4.0,0.0,52.0,54.0,26.0,942.0,282.0,1982.0,282.0
RazorSlices,0.11.3,ok,lib,net10.0,lib/net10.0/RazorSlices.dll,97280.0,119944.0,168122.0,23.0,124.0,57.0,2.0,9.0,0.0,183.0,158.0,108.0,23.0,19.0,11.0,4.0,1.0,0.0,5.0,19.0,11.0,155.0,59.0,437.0,59.0
Senparc.Weixin.AspNet,1.6.7,ok,lib,netstandard2.1,lib/netstandard2.1/Senparc.Weixin.AspNet.dll,13312.0,62753.0,56233.0,8.0,9.0,6.0,0.0,7.0,0.0,15.0,2.0,0.0,0.0,7.0,2.0,0.0,0.0,0.0,0.0,3.0,3.0,11.0,10.0,30.0,10.0
Svg.Controls.Skia.Avalonia,12.0.0.17,ok,lib,net10.0,lib/net10.0/Svg.Controls.Skia.Avalonia.dll,98304.0,121864.0,126779.0,8.0,53.0,63.0,1.0,11.0,1.0,117.0,118.0,13.0,39.0,19.0,29.0,0.0,12.0,0.0,0.0,0.0,1.0,269.0,38.0,355.0,38.0
Microsoft.Orleans.GrainDirectory.Redis,10.3.1,ok,lib,net10.0,lib/net10.0/Orleans.GrainDirectory.Redis.dll,56120.0,100510.0,105436.0,4.0,15.0,3.0,0.0,3.0,0.0,18.0,33.0,1.0,10.0,5.0,9.0,0.0,9.0,0.0,0.0,1.0,1.0,67.0,24.0,84.0,24.0
Eto.Platform.Wpf,2.11.0,ok,lib,net10.0-windows7.0,lib/net10.0-windows7.0/Eto.Wpf.dll,865792.0,417349.0,1420271.0,297.0,1084.0,1206.0,20.0,246.0,0.0,2310.0,1089.0,340.0,416.0,233.0,1945.0,78.0,1136.0,0.0,12.0,50.0,72.0,1939.0,536.0,4986.0,536.0
Microsoft.CodeAnalysis.Test.Resources.Proprietary,1.2.0,too_large,lib,net45,lib/net45/Microsoft.CodeAnalysis.Test.Resources.Proprietary.dll,69691624.0,65558.0,26562292.0,,,,,,,,,,,,,,,,,,,,,,
HtmlBuilders,8.1.0,ok,lib,net10.0,lib/net10.0/HtmlBuilders.dll,49152.0,97386.0,123480.0,7.0,68.0,11.0,0.0,4.0,0.0,79.0,25.0,0.0,28.0,28.0,8.0,0.0,2.0,0.0,1.0,5.0,6.0,180.0,17.0,146.0,17.0
OrchardCore.Logging.NLog,3.0.1,ok,lib,net10.0,lib/net10.0/OrchardCore.Logging.NLog.dll,9728.0,27258.0,22720.0,3.0,3.0,0.0,0.0,1.0,0.0,3.0,3.0,1.0,6.0,2.0,1.0,0.0,0.0,0.0,0.0,2.0,2.0,10.0,8.0,17.0,8.0
TunnelVisionLabs.ReferenceAssemblyAnnotator,1.0.0-alpha.160,tools_only,,,,,65558.0,380503.0,,,,,,,,,,,,,,,,,,,,,,
SharpFuzz,2.3.0,ok,lib,netstandard2.0,lib/netstandard2.0/SharpFuzz.dll,31232.0,60230.0,43753.0,6.0,11.0,19.0,0.0,2.0,0.0,30.0,33.0,1.0,10.0,8.0,3.0,0.0,0.0,0.0,0.0,3.0,6.0,61.0,28.0,123.0,28.0
Avalonia.Android,12.1.2,ok,lib,net10.0-android36.0,lib/net10.0-android36.0/Avalonia.Android.dll,172544.0,142947.0,120817.0,15.0,29.0,129.0,14.0,8.0,0.0,172.0,237.0,45.0,61.0,1.0,48.0,15.0,9.0,0.0,4.0,5.0,4.0,467.0,152.0,795.0,152.0
Resource.Embedder,2.2.0,no_lib_dll,,,,,65558.0,2173372.0,,,,,,,,,,,,,,,,,,,,,,
PInvoke.AdvApi32,0.7.124,ok,lib,netstandard2.0,lib/netstandard2.0/PInvoke.AdvApi32.dll,51776.0,91082.0,151434.0,54.0,84.0,6.0,0.0,8.0,0.0,90.0,12.0,3.0,1.0,75.0,12.0,0.0,0.0,0.0,0.0,4.0,51.0,534.0,59.0,114.0,59.0
LrcParser,2025.623.0,ok,lib,netstandard2.1,lib/netstandard2.1/LrcParser.dll,40960.0,55223.0,36182.0,27.0,37.0,42.0,0.0,21.0,6.0,79.0,55.0,11.0,57.0,8.0,45.0,13.0,16.0,0.0,2.0,8.0,8.0,140.0,60.0,259.0,60.0
H.NotifyIcon.Wpf,2.4.1,ok,lib,net10.0-windows7.0,lib/net10.0-windows7.0/H.NotifyIcon.Wpf.dll,194048.0,194200.0,508994.0,6.0,75.0,387.0,26.0,3.0,0.0,488.0,59.0,31.0,48.0,28.0,7.0,0.0,1.0,0.0,0.0,3.0,5.0,512.0,44.0,995.0,44.0
NHotkey.Wpf,4.0.0,ok,lib,net6.0-windows7.0,lib/net6.0-windows7.0/NHotkey.Wpf.dll,13312.0,49132.0,41953.0,2.0,6.0,4.0,1.0,1.0,0.0,11.0,21.0,0.0,2.0,5.0,0.0,0.0,0.0,0.0,0.0,0.0,0.0,15.0,9.0,44.0,9.0
MdXaml.Plugins,1.27.0,ok,lib,net6.0-windows7.0,lib/net6.0-windows7.0/MdXaml.Plugins.dll,12800.0,43247.0,36922.0,10.0,12.0,24.0,1.0,4.0,0.0,37.0,11.0,0.0,0.0,0.0,14.0,14.0,0.0,0.0,7.0,7.0,0.0,26.0,14.0,68.0,14.0
Microsoft.Agents.CopilotStudio.Client,1.8.77,ok,lib,netstandard2.0,lib/netstandard2.0/Microsoft.Agents.CopilotStudio.Client.dll,96552.0,107068.0,185404.0,32.0,30.0,64.0,0.0,28.0,0.0,94.0,174.0,1.0,1.0,4.0,58.0,28.0,28.0,0.0,3.0,5.0,6.0,406.0,60.0,354.0,60.0
Azure.Provisioning.Network,1.1.0,ok,lib,netstandard2.0,lib/netstandard2.0/Azure.Provisioning.Network.dll,842312.0,321522.0,1141557.0,716.0,529.0,2811.0,0.0,384.0,0.0,3340.0,324.0,387.0,28.0,118.0,404.0,0.0,11.0,0.0,0.0,118.0,342.0,6314.0,845.0,6308.0,845.0
LibVLCSharp.WPF,3.10.1,ok,lib,net6.0-windows7.0,lib/net6.0-windows7.0/LibVLCSharp.WPF.dll,18432.0,63829.0,54911.0,2.0,9.0,6.0,0.0,2.0,0.0,15.0,20.0,10.0,5.0,0.0,11.0,0.0,3.0,0.0,0.0,0.0,1.0,21.0,11.0,46.0,11.0
MediatR.Courier,7.0.1,ok,lib,netstandard2.0,lib/netstandard2.0/MediatR.Courier.dll,22016.0,65341.0,50886.0,4.0,27.0,2.0,0.0,2.0,0.0,29.0,8.0,0.0,8.0,2.0,25.0,12.0,13.0,0.0,1.0,2.0,3.0,33.0,14.0,58.0,14.0
Basic.Reference.Assemblies.Net80,1.8.11,ok,lib,netstandard2.0,lib/netstandard2.0/Basic.Reference.Assemblies.Net80.dll,5819392.0,2128732.0,2080010.0,5.0,2.0,496.0,0.0,1.0,0.0,498.0,1.0,0.0,6.0,492.0,0.0,0.0,0.0,0.0,0.0,4.0,5.0,337.0,13.0,513.0,13.0
BasicUndo,0.9.3,ok,lib,net45,lib/net45/BasicUndo.dll,17408.0,25428.0,18601.0,2.0,2.0,30.0,4.0,0.0,0.0,36.0,52.0,0.0,20.0,0.0,3.0,3.0,0.0,0.0,2.0,2.0,0.0,16.0,6.0,75.0,6.0
Accord.Vision,3.8.0,ok,lib,netstandard2.0,lib/netstandard2.0/Accord.Vision.dll,1235456.0,507657.0,4669423.0,42.0,116.0,124.0,0.0,77.0,0.0,240.0,54.0,14.0,14.0,17.0,72.0,14.0,53.0,0.0,4.0,5.0,6.0,8064.0,60.0,485.0,60.0
Vestris.ResourceLib,2.2.0,ok,lib,netstandard2.0,lib/netstandard2.0/Vestris.ResourceLib.dll,79872.0,100745.0,358059.0,95.0,68.0,166.0,0.0,80.0,0.0,234.0,18.0,11.0,141.0,8.0,130.0,27.0,2.0,0.0,0.0,11.0,41.0,735.0,108.0,591.0,108.0
FsCheck.Xunit.v3,3.4.0,ok,lib,netstandard2.0,lib/netstandard2.0/FsCheck.Xunit.v3.dll,44544.0,93439.0,68576.0,8.0,9.0,24.0,0.0,10.0,0.0,33.0,29.0,0.0,45.0,6.0,0.0,0.0,0.0,0.0,0.0,1.0,1.0,98.0,45.0,159.0,45.0
Microsoft.Orleans.Persistence.Cosmos,10.3.1,ok,lib,net10.0,lib/net10.0/Orleans.Persistence.Cosmos.dll,94048.0,120338.0,148156.0,13.0,39.0,28.0,0.0,13.0,0.0,67.0,60.0,4.0,28.0,17.0,15.0,3.0,10.0,0.0,3.0,6.0,6.0,180.0,51.0,213.0,51.0
LNURL,0.0.36,ok,lib,net8.0,lib/net8.0/LNURL.dll,47616.0,57758.0,36178.0,26.0,48.0,63.0,0.0,23.0,0.0,111.0,36.0,0.0,4.0,25.0,19.0,2.0,6.0,0.0,1.0,2.0,2.0,146.0,42.0,240.0,42.0
PooledAwait,1.0.49,ok,lib,netstandard2.1,lib/netstandard2.1/PooledAwait.dll,47616.0,93263.0,196938.0,21.0,149.0,43.0,1.0,3.0,6.0,193.0,44.0,0.0,50.0,27.0,56.0,1.0,4.0,0.0,1.0,3.0,20.0,102.0,48.0,331.0,48.0
NetOffice.Excel,1.7.4.11,ok,lib,net45,lib/net45/ExcelApi.dll,4256768.0,770779.0,5517368.0,1193.0,12083.0,10883.0,247.0,5641.0,0.0,23213.0,2117.0,20.0,12.0,891.0,937.0,134.0,425.0,0.0,9.0,11.0,387.0,5250.0,1458.0,35150.0,1458.0
TinyPinyin.Net,1.0.2,ok,lib,netstandard2.0,lib/netstandard2.0/TinyPinyin.dll,39936.0,96658.0,103651.0,8.0,11.0,0.0,0.0,1.0,0.0,11.0,8.0,1.0,2.0,6.0,5.0,3.0,2.0,0.0,1.0,8.0,6.0,26.0,15.0,24.0,15.0
Microsoft.Security.Utilities.Core,1.21.0,ok,lib,netstandard2.0,lib/netstandard2.0/Microsoft.Security.Utilities.Core.dll,187952.0,134345.0,287920.0,118.0,110.0,304.0,0.0,105.0,0.0,414.0,440.0,27.0,37.0,59.0,183.0,10.0,8.0,0.0,3.0,17.0,15.0,590.0,199.0,1019.0,199.0
ShowMeTheXAML.MSBuild,2.1.1,tools_only,,,,,48859.0,48859.0,,,,,,,,,,,,,,,,,,,,,,
MetroFramework.RunTime,1.2.0.3,ok,lib,net40-Client,lib/net40-Client/MetroFramework.dll,152576.0,125930.0,73001.0,115.0,327.0,290.0,7.0,78.0,2.0,624.0,180.0,240.0,5.0,99.0,277.0,6.0,7.0,0.0,5.0,26.0,75.0,726.0,147.0,1222.0,147.0
Microsoft.Azure.Management.ContainerInstance,7.0.0,ok,lib,netstandard2.0,lib/netstandard2.0/Microsoft.Azure.Management.ContainerInstance.dll,173472.0,123509.0,315800.0,69.0,107.0,204.0,0.0,102.0,0.0,311.0,179.0,5.0,7.0,53.0,92.0,45.0,18.0,0.0,5.0,20.0,16.0,849.0,130.0,755.0,130.0
MetroFramework.Design,1.2.0.3,ok,lib,net40,lib/net40/MetroFramework.Design.dll,15872.0,26971.0,20017.0,0.0,0.0,15.0,0.0,0.0,0.0,15.0,6.0,14.0,0.0,0.0,0.0,0.0,0.0,0.0,0.0,0.0,0.0,12.0,14.0,48.0,14.0
DokanNet,2.3.0.3,ok,lib,netstandard2.1,lib/netstandard2.1/DokanNet.dll,91648.0,101349.0,528512.0,59.0,208.0,101.0,2.0,37.0,0.0,311.0,29.0,8.0,22.0,11.0,206.0,72.0,48.0,0.0,5.0,8.0,43.0,610.0,87.0,550.0,87.0
Kralizek.AutoFixture.Extensions.MockHttp,2.2.1,ok,lib,net8.0,lib/net8.0/Kralizek.AutoFixture.Extensions.MockHttp.dll,13824.0,36435.0,25638.0,3.0,3.0,1.0,0.0,3.0,0.0,4.0,0.0,0.0,0.0,1.0,2.0,0.0,2.0,0.0,0.0,1.0,1.0,1.0,4.0,7.0,4.0
Plotly.NET.Interactive,5.0.0,ok,lib,netstandard2.1,lib/netstandard2.1/Plotly.NET.Interactive.dll,11776.0,60792.0,55805.0,2.0,1.0,0.0,0.0,1.0,0.0,1.0,1.0,0.0,1.0,1.0,0.0,0.0,0.0,0.0,0.0,1.0,1.0,0.0,8.0,4.0,8.0
CommunityToolkit.WinUI.Converters,8.2.251219,ok,lib,net9.0,lib/net9.0/CommunityToolkit.WinUI.Converters.dll,244560.0,104408.0,427131.0,19.0,106.0,698.0,4.0,19.0,0.0,808.0,25.0,11.0,661.0,11.0,75.0,0.0,60.0,0.0,0.0,0.0,3.0,53.0,26.0,884.0,26.0
Microsoft.VisualStudio.DesignTools.Extensibility,17.10.34916.79,ok,lib,net45,lib/net45/Microsoft.VisualStudio.DesignTools.Interaction.dll,422424.0,225208.0,235648.0,206.0,483.0,869.0,46.0,218.0,26.0,1398.0,587.0,296.0,330.0,251.0,545.0,266.0,43.0,0.0,8.0,77.0,70.0,1748.0,367.0,2935.0,367.0
CommunityToolkit.Aspire.Hosting.Ollama,13.5.0,ok,lib,net10.0,lib/net10.0/CommunityToolkit.Aspire.Hosting.Ollama.dll,84296.0,115636.0,214339.0,7.0,13.0,45.0,0.0,4.0,0.0,58.0,102.0,0.0,28.0,10.0,23.0,6.0,17.0,0.0,1.0,2.0,2.0,179.0,43.0,196.0,43.0
Microsoft.Azure.Management.FrontDoor,4.0.1,ok,lib,netstandard2.0,lib/netstandard2.0/Microsoft.Azure.Management.FrontDoor.dll,336272.0,166597.0,546473.0,149.0,204.0,351.0,0.0,155.0,0.0,555.0,348.0,5.0,15.0,123.0,133.0,86.0,15.0,0.0,13.0,74.0,62.0,1957.0,286.0,1370.0,286.0
ReactiveUI.SourceGenerators,3.2.0,tools_only,,,,,65558.0,390701.0,,,,,,,,,,,,,,,,,,,,,,
DesktopBridge.Helpers,1.2.2,ok,lib,netstandard2.0,lib/netstandard2.0/DesktopBridge.Helpers.dll,5120.0,18889.0,16186.0,1.0,1.0,1.0,0.0,1.0,0.0,2.0,2.0,0.0,0.0,0.0,0.0,0.0,0.0,0.0,0.0,0.0,0.0,1.0,2.0,4.0,2.0
WixSharp_wix4,2.14.1,metapackage,,,,,21008.0,21008.0,,,,,,,,,,,,,,,,,,,,,,
MetroFramework,1.2.0.3,metapackage,,,,,13722.0,13722.0,,,,,,,,,,,,,,,,,,,,,,
Xaml.Behaviors.Avalonia,12.0.7,metapackage,,,,,35478.0,35478.0,,,,,,,,,,,,,,,,,,,,,,
ImageLibrary,3.0.2,ok,lib,net45,lib/net45/Kaliko.ImageLibrary.dll,51200.0,87529.0,127106.0,29.0,168.0,68.0,0.0,37.0,14.0,236.0,22.0,4.0,21.0,91.0,26.0,1.0,5.0,0.0,1.0,2.0,10.0,87.0,33.0,385.0,33.0
CSharp.OperationResult,0.1.6,ok,lib,netstandard2.0,lib/netstandard2.0/CSharp.OperationResult.dll,9728.0,19499.0,15331.0,13.0,15.0,16.0,0.0,0.0,34.0,31.0,21.0,0.0,2.0,38.0,0.0,0.0,0.0,0.0,0.0,1.0,13.0,28.0,14.0,88.0,14.0
Vortice.Direct2D1,3.8.3,ok,lib,net10.0,lib/net10.0/Vortice.Direct2D1.dll,535040.0,260065.0,1340541.0,772.0,1219.0,636.0,0.0,425.0,243.0,1855.0,237.0,9.0,490.0,278.0,165.0,101.0,43.0,0.0,31.0,36.0,483.0,3041.0,863.0,3760.0,863.0
NuGet.SolutionRestoreManager.Interop,5.11.7,ok,lib,net472,lib/net472/NuGet.SolutionRestoreManager.Interop.dll,26144.0,78859.0,63562.0,17.0,9.0,29.0,0.0,0.0,0.0,38.0,7.0,0.0,29.0,0.0,37.0,37.0,0.0,0.0,17.0,17.0,0.0,10.0,27.0,80.0,27.0
Xamarin.SDWebImage,4.4.7,ok,lib,Xamarin.iOS,lib/Xamarin.iOS/SDWebImage.iOS.dll,22345328.0,8437306.0,16253940.0,57.0,187.0,90.0,2.0,62.0,0.0,279.0,67.0,45.0,8.0,93.0,204.0,16.0,0.0,0.0,4.0,22.0,37.0,132.0,117.0,715.0,117.0
CommunityToolkit.WinUI.Triggers,8.2.251219,ok,lib,net9.0,lib/net9.0/CommunityToolkit.WinUI.Triggers.dll,239440.0,103138.0,375395.0,11.0,3.0,665.0,0.0,9.0,0.0,668.0,35.0,0.0,659.0,3.0,0.0,0.0,0.0,0.0,0.0,0.0,3.0,47.0,18.0,757.0,18.0
MetroFramework.Fonts,1.2.0.3,ok,lib,net40,lib/net40/MetroFramework.Fonts.dll,672256.0,416551.0,363698.0,1.0,1.0,0.0,0.0,1.0,0.0,1.0,2.0,0.0,0.0,0.0,1.0,0.0,1.0,0.0,0.0,0.0,0.0,10.0,3.0,4.0,3.0
TwentyTwenty.Storage.Azure,3.0.0,ok,lib,netstandard2.0,lib/netstandard2.0/TwentyTwenty.Storage.Azure.dll,25600.0,38548.0,26718.0,3.0,17.0,1.0,0.0,2.0,0.0,18.0,22.0,0.0,3.0,5.0,12.0,0.0,12.0,0.0,0.0,1.0,2.0,102.0,16.0,48.0,16.0
JetBrains.Annotations.Sources,2026.2.0,metapackage,,,,,39641.0,39641.0,,,,,,,,,,,,,,,,,,,,,,
Testcontainers.Milvus,4.15.0,ok,lib,netstandard2.1,lib/netstandard2.1/Testcontainers.Milvus.dll,18944.0,79754.0,178867.0,3.0,7.0,2.0,0.0,9.0,0.0,9.0,5.0,6.0,1.0,0.0,6.0,0.0,0.0,0.0,0.0,0.0,3.0,10.0,9.0,29.0,9.0
Photino.NET,4.0.16,ok,lib,net9.0,lib/net9.0/Photino.NET.dll,77824.0,94652.0,72439.0,21.0,120.0,64.0,11.0,15.0,0.0,195.0,75.0,0.0,130.0,8.0,39.0,0.0,0.0,0.0,0.0,0.0,20.0,272.0,80.0,536.0,80.0
SQLitePCLRaw.provider.winsqlite3,3.0.5,ok,lib,netstandard2.0,lib/netstandard2.0/SQLitePCLRaw.provider.winsqlite3.dll,40448.0,48147.0,31580.0,16.0,45.0,0.0,0.0,16.0,0.0,45.0,168.0,0.0,0.0,0.0,45.0,0.0,0.0,0.0,0.0,0.0,16.0,34.0,19.0,378.0,19.0
Basic.Reference.Assemblies.Net100,1.8.11,ok,lib,netstandard2.0,lib/netstandard2.0/Basic.Reference.Assemblies.Net100.dll,6268928.0,2268946.0,2220233.0,5.0,2.0,508.0,0.0,1.0,0.0,510.0,1.0,0.0,6.0,504.0,0.0,0.0,0.0,0.0,0.0,4.0,5.0,345.0,13.0,525.0,13.0
Microsoft.SemanticKernel.Planners.OpenAI,1.47.0-preview,ok,lib,netstandard2.0,lib/netstandard2.0/Microsoft.SemanticKernel.Planners.OpenAI.dll,184376.0,145685.0,239116.0,9.0,3.0,160.0,0.0,10.0,0.0,163.0,301.0,3.0,114.0,4.0,0.0,0.0,0.0,0.0,0.0,3.0,6.0,639.0,157.0,789.0,157.0
Microsoft.Azure.Management.Scheduler,2.2.0,ok,lib,netstandard1.5,lib/netstandard1.5/Microsoft.Azure.Management.Scheduler.dll,140680.0,109187.0,141431.0,49.0,67.0,142.0,0.0,67.0,0.0,209.0,126.0,4.0,24.0,44.0,56.0,38.0,16.0,0.0,3.0,5.0,15.0,781.0,118.0,572.0,118.0
Semi.Avalonia.DataGrid,12.1.0.1,ok,lib,net10.0,lib/net10.0/Semi.Avalonia.DataGrid.dll,70144.0,73592.0,54419.0,5.0,30.0,24.0,0.0,3.0,0.0,54.0,59.0,0.0,0.0,24.0,4.0,0.0,0.0,0.0,0.0,0.0,0.0,48.0,33.0,207.0,33.0
CommunityToolkit.WinUI.Controls.SettingsControls,8.2.251219,ok,lib,net9.0,lib/net9.0/CommunityToolkit.WinUI.Controls.SettingsControls.dll,419152.0,150365.0,894511.0,59.0,181.0,901.0,2.0,57.0,0.0,1084.0,559.0,20.0,1077.0,5.0,173.0,0.0,0.0,0.0,0.0,1.0,54.0,737.0,128.0,2044.0,128.0
Aspire.Hosting.Orleans,13.5.3,ok,lib,net8.0,lib/net8.0/Aspire.Hosting.Orleans.dll,39736.0,94996.0,69373.0,5.0,29.0,13.0,0.0,2.0,0.0,42.0,4.0,0.0,7.0,28.0,1.0,1.0,0.0,0.0,1.0,3.0,4.0,22.0,9.0,60.0,9.0
AlphaVSS,2.0.3,ok,lib,netcoreapp3.1,lib/netcoreapp3.1/AlphaVSS.Common.dll,71168.0,90913.0,210874.0,97.0,117.0,193.0,0.0,162.0,0.0,310.0,106.0,23.0,2.0,54.0,177.0,175.0,1.0,0.0,12.0,14.0,51.0,348.0,100.0,583.0,100.0
Xamarin.AndroidX.Window.WindowJava,1.5.1.3,ok,lib,net10.0-android36.0,lib/net10.0-android36.0/Xamarin.AndroidX.Window.WindowJava.dll,35128.0,80693.0,126305.0,5.0,16.0,22.0,0.0,5.0,0.0,38.0,12.0,10.0,10.0,0.0,22.0,0.0,4.0,0.0,0.0,0.0,5.0,11.0,8.0,62.0,8.0
Xamarin.Forms.DataGrid,5.0.0.2545,ok,lib,netstandard2.0,lib/netstandard2.0/Xamarin.Forms.DataGrid.dll,39936.0,46313.0,29744.0,10.0,9.0,42.0,3.0,7.0,1.0,54.0,22.0,4.0,38.0,3.0,8.0,1.0,3.0,0.0,1.0,3.0,5.0,70.0,20.0,171.0,20.0
uplink.NET,2.14.3772,ok,lib,netstandard2.0,lib/netstandard2.0/uplink.NET.dll,193536.0,130194.0,104794.0,76.0,145.0,222.0,6.0,70.0,0.0,373.0,145.0,112.0,182.0,9.0,137.0,45.0,54.0,0.0,4.0,4.0,9.0,785.0,220.0,1762.0,220.0
Microsoft.NETCore.ILDAsm,10.0.12,metapackage,,,,,43560.0,43560.0,,,,,,,,,,,,,,,,,,,,,,
Nager.ArticleNumber,1.0.8,ok,lib,netstandard2.0,lib/netstandard2.0/Nager.ArticleNumber.dll,8192.0,33799.0,29692.0,2.0,9.0,0.0,0.0,0.0,0.0,9.0,1.0,0.0,0.0,9.0,0.0,0.0,0.0,0.0,0.0,1.0,2.0,14.0,7.0,15.0,7.0
DigitalRuby.ExchangeSharp,1.2.1,ok,lib,netstandard2.0,lib/netstandard2.0/ExchangeSharp.dll,1543680.0,660965.0,673045.0,173.0,1034.0,1061.0,13.0,117.0,0.0,2108.0,2186.0,694.0,482.0,136.0,1137.0,126.0,65.0,0.0,12.0,30.0,94.0,7854.0,1401.0,6220.0,1401.0
Microsoft.Azure.Management.StreamAnalytics,4.0.0,ok,lib,netstandard2.0,lib/netstandard2.0/Microsoft.Azure.Management.StreamAnalytics.dll,364976.0,170229.0,590980.0,135.0,206.0,347.0,0.0,200.0,0.0,553.0,340.0,5.0,12.0,132.0,121.0,89.0,16.0,0.0,10.0,35.0,26.0,2041.0,279.0,1432.0,279.0
ShowMeTheXAML.AvalonEdit,2.1.1,ok,lib,net8.0-windows7.0,lib/net8.0-windows7.0/ShowMeTheXAML.AvalonEdit.dll,11264.0,35981.0,31140.0,1.0,2.0,3.0,0.0,1.0,0.0,5.0,1.0,0.0,4.0,0.0,2.0,0.0,2.0,0.0,0.0,0.0,0.0,3.0,4.0,10.0,4.0
TwentyTwenty.Storage.Local,3.0.0,ok,lib,netstandard2.0,lib/netstandard2.0/TwentyTwenty.Storage.Local.dll,46080.0,46708.0,30789.0,3.0,21.0,0.0,0.0,1.0,0.0,21.0,16.0,0.0,6.0,2.0,12.0,0.0,12.0,0.0,0.0,2.0,2.0,59.0,15.0,50.0,15.0
Microsoft.Toolkit.Wpf.UI.XamlHost,6.1.2,ok,lib,netcoreapp3.0,lib/netcoreapp3.0/Microsoft.Toolkit.Wpf.UI.XamlHost.dll,28192.0,81006.0,81137.0,4.0,22.0,11.0,1.0,4.0,0.0,34.0,14.0,17.0,4.0,4.0,18.0,0.0,4.0,0.0,0.0,2.0,1.0,23.0,9.0,60.0,9.0
ThisAssembly.Project,2.1.5,metapackage,,,,,24063.0,24063.0,,,,,,,,,,,,,,,,,,,,,,
Microsoft.VSSDK.Vsixsigntool,17.10.34916.79,metapackage,,,,,65558.0,66167.0,,,,,,,,,,,,,,,,,,,,,,
Basic.CompilerLog.Util,0.9.62,ok,lib,netstandard2.0,lib/netstandard2.0/Basic.CompilerLog.Util.dll,455168.0,371320.0,1296859.0,79.0,168.0,351.0,0.0,37.0,2.0,519.0,251.0,20.0,389.0,52.0,98.0,29.0,55.0,0.0,3.0,23.0,58.0,695.0,254.0,1496.0,254.0
Morestachio,5.0.1.670,ok,lib,netstandard2.1,lib/netstandard2.1/Morestachio.dll,610304.0,290715.0,2128321.0,324.0,1627.0,578.0,1.0,304.0,98.0,2206.0,702.0,171.0,555.0,545.0,1062.0,237.0,452.0,0.0,41.0,105.0,99.0,2275.0,771.0,4361.0,771.0
Microsoft.Agents.AI.Foundry,1.5.0,ok,lib,netstandard2.0,lib/netstandard2.0/Microsoft.Agents.AI.Foundry.dll,101728.0,112352.0,414487.0,10.0,38.0,52.0,0.0,7.0,0.0,90.0,143.0,6.0,34.0,30.0,4.0,0.0,0.0,0.0,0.0,4.0,10.0,231.0,74.0,377.0,74.0
ILGPU.Algorithms,1.5.3,ok,lib,netstandard2.1,lib/netstandard2.1/ILGPU.Algorithms.dll,705536.0,234301.0,1609408.0,301.0,1479.0,219.0,0.0,93.0,10.0,1698.0,128.0,23.0,2484.0,300.0,622.0,265.0,241.0,0.0,20.0,51.0,269.0,897.0,464.0,7243.0,464.0
Sotsera.Blazor.Toaster,3.0.0,ok,lib,netstandard2.1,lib/netstandard2.1/Sotsera.Blazor.Toaster.dll,25600.0,39994.0,28652.0,19.0,24.0,60.0,5.0,9.0,0.0,89.0,18.0,16.0,11.0,3.0,21.0,12.0,3.0,0.0,1.0,9.0,8.0,78.0,28.0,170.0,28.0
AsyncImageLoader.Avalonia,3.8.0,ok,lib,net8.0,lib/net8.0/AsyncImageLoader.Avalonia.dll,42496.0,55596.0,36129.0,13.0,42.0,26.0,0.0,10.0,0.0,68.0,59.0,15.0,9.0,17.0,27.0,2.0,3.0,0.0,2.0,4.0,3.0,146.0,40.0,153.0,40.0
InputSimulatorPlus,1.0.7,ok,lib,net20,lib/net20/WindowsInput.dll,22528.0,55980.0,45642.0,10.0,80.0,13.0,0.0,5.0,0.0,93.0,8.0,0.0,2.0,0.0,94.0,47.0,47.0,0.0,4.0,4.0,2.0,232.0,24.0,141.0,24.0
Azure.AI.AgentServer.Core,1.0.0-beta.29,ok,lib,net10.0,lib/net10.0/Azure.AI.AgentServer.Core.dll,413536.0,228539.0,477926.0,52.0,93.0,401.0,0.0,36.0,8.0,494.0,549.0,110.0,197.0,49.0,82.0,16.0,2.0,0.0,2.0,12.0,28.0,1674.0,332.0,1913.0,332.0
Microsoft.Azure.Management.PrivateDns,1.0.0,ok,lib,netstandard1.4,lib/netstandard1.4/Microsoft.Azure.Management.PrivateDns.dll,168312.0,120633.0,152883.0,27.0,85.0,80.0,0.0,39.0,0.0,165.0,143.0,4.0,7.0,56.0,64.0,45.0,16.0,0.0,4.0,9.0,6.0,1150.0,90.0,483.0,90.0
FftSharp,2.2.0,ok,lib,netstandard2.0,lib/netstandard2.0/FftSharp.dll,33280.0,67139.0,52996.0,21.0,60.0,42.0,0.0,17.0,0.0,102.0,10.0,1.0,6.0,41.0,61.0,10.0,2.0,0.0,1.0,9.0,7.0,19.0,30.0,144.0,30.0
NicolasDorier.StandardConfiguration,2.0.1,ok,lib,net6.0,lib/net6.0/StandardConfiguration.dll,11776.0,25124.0,19199.0,2.0,10.0,2.0,0.0,2.0,0.0,12.0,2.0,6.0,5.0,2.0,6.0,6.0,0.0,0.0,0.0,1.0,0.0,8.0,7.0,27.0,7.0
NetCoreAudio,2.0.1,ok,lib,netstandard2.1,lib/netstandard2.1/NetCoreAudio.dll,25088.0,50233.0,39408.0,5.0,14.0,12.0,8.0,2.0,0.0,34.0,44.0,8.0,3.0,0.0,28.0,14.0,14.0,0.0,2.0,2.0,1.0,102.0,33.0,130.0,33.0
BTCPayServer.Lightning.All,1.7.8,ok,lib,netstandard2.0,lib/netstandard2.0/BTCPayServer.Lightning.All.dll,20992.0,46757.0,36920.0,3.0,3.0,1.0,0.0,2.0,0.0,4.0,13.0,0.0,1.0,3.0,2.0,0.0,2.0,0.0,0.0,2.0,2.0,63.0,9.0,22.0,9.0
Dock.Model.Mvvm,12.1.0.6,ok,lib,net10.0,lib/net10.0/Dock.Model.Mvvm.dll,37888.0,81750.0,85118.0,19.0,50.0,142.0,0.0,19.0,0.0,192.0,13.0,4.0,0.0,0.0,313.0,0.0,269.0,0.0,0.0,3.0,0.0,141.0,20.0,346.0,20.0
Aspire.Hosting.Azure.Search,13.5.3,ok,lib,net8.0,lib/net8.0/Aspire.Hosting.Azure.Search.dll,45368.0,97273.0,72884.0,2.0,3.0,21.0,0.0,1.0,0.0,24.0,48.0,0.0,8.0,2.0,3.0,0.0,2.0,0.0,0.0,1.0,1.0,19.0,14.0,74.0,14.0
VersOne.Epub,3.3.6,ok,lib,netstandard2.0,lib/netstandard2.0/VersOne.Epub.dll,189440.0,139732.0,360584.0,124.0,96.0,430.0,1.0,135.0,7.0,527.0,149.0,20.0,20.0,31.0,45.0,16.0,4.0,0.0,4.0,13.0,18.0,952.0,211.0,1044.0,211.0
Microsoft.Azure.Management.Consumption,3.0.2,ok,lib,netstandard1.4,lib/netstandard1.4/Microsoft.Azure.Management.Consumption.dll,175192.0,119770.0,157043.0,40.0,95.0,161.0,0.0,48.0,0.0,256.0,240.0,4.0,7.0,60.0,78.0,51.0,16.0,0.0,8.0,19.0,11.0,896.0,109.0,613.0,109.0
Microsoft.Orleans.Clustering.Cosmos,10.3.1,ok,lib,net10.0,lib/net10.0/Orleans.Clustering.Cosmos.dll,88888.0,116031.0,137132.0,6.0,17.0,31.0,0.0,4.0,0.0,48.0,67.0,4.0,20.0,10.0,2.0,1.0,1.0,0.0,1.0,3.0,1.0,202.0,54.0,204.0,54.0
BunnyCDN.Net.Storage,1.0.4,ok,lib,netstandard2.1,lib/netstandard2.1/BunnyCDN.Net.Storage.dll,17920.0,37517.0,29255.0,6.0,9.0,14.0,0.0,6.0,0.0,23.0,20.0,0.0,1.0,0.0,0.0,0.0,0.0,0.0,0.0,0.0,0.0,70.0,17.0,65.0,17.0
Microsoft.AI.Foundry.Local,2.0.1,ok,lib,netstandard2.0,lib/netstandard2.0/Microsoft.AI.Foundry.Local.dll,549176.0,246147.0,611959.0,217.0,577.0,349.0,0.0,173.0,26.0,926.0,468.0,59.0,1090.0,46.0,487.0,23.0,32.0,0.0,2.0,8.0,192.0,2372.0,411.0,2988.0,411.0
Senparc.CO2NET.Cache.CsRedis,2.3.3,ok,lib,netstandard2.0,lib/netstandard2.0/Senparc.CO2NET.Cache.CsRedis.dll,32256.0,66727.0,52339.0,6.0,76.0,6.0,0.0,3.0,0.0,82.0,51.0,4.0,5.0,11.0,64.0,19.0,0.0,0.0,0.0,2.0,1.0,154.0,36.0,153.0,36.0
Splat.NLog,21.0.0,ok,lib,net11.0,lib/net11.0/Splat.NLog.dll,52224.0,89618.0,298057.0,5.0,188.0,6.0,0.0,2.0,0.0,194.0,8.0,0.0,8.0,1.0,192.0,0.0,192.0,0.0,0.0,2.0,5.0,9.0,12.0,216.0,12.0
Microsoft.Azure.Management.ServiceFabric,1.3.0,ok,lib,netstandard2.0,lib/netstandard2.0/Microsoft.Azure.Management.ServiceFabric.dll,359288.0,169312.0,594049.0,114.0,251.0,389.0,0.0,165.0,0.0,640.0,339.0,5.0,13.0,136.0,162.0,91.0,15.0,0.0,11.0,33.0,23.0,2057.0,263.0,1537.0,263.0
Tmds.DBus.Generator,0.95.1,tools_only,,,,,65558.0,71870.0,,,,,,,,,,,,,,,,,,,,,,
NicolasDorier.CommandLine.Configuration,2.0.0,ok,lib,net6.0,lib/net6.0/CommandLine.Configuration.dll,10752.0,21140.0,16146.0,3.0,4.0,11.0,0.0,2.0,0.0,15.0,2.0,1.0,12.0,2.0,2.0,0.0,1.0,0.0,0.0,1.0,1.0,9.0,6.0,26.0,6.0
NicolasDorier.CommandLine,2.0.0,ok,lib,net6.0,lib/net6.0/CommandLine.dll,31744.0,39494.0,25251.0,7.0,33.0,76.0,0.0,7.0,0.0,109.0,31.0,1.0,54.0,0.0,1.0,0.0,0.0,0.0,0.0,0.0,2.0,74.0,18.0,196.0,18.0
Belgrade.Sql.Client,1.1.4,ok,lib,netstandard1.6,lib/netstandard1.6/Belgrade.SqlClient.dll,52736.0,86976.0,116810.0,23.0,109.0,1.0,0.0,15.0,0.0,110.0,65.0,11.0,29.0,72.0,29.0,7.0,13.0,0.0,3.0,13.0,7.0,214.0,65.0,229.0,65.0
Azure.ResourceManager.RedisEnterprise,1.3.0,ok,lib,netstandard2.0,lib/netstandard2.0/Azure.ResourceManager.RedisEnterprise.dll,596512.0,248277.0,484489.0,69.0,265.0,414.0,0.0,62.0,57.0,679.0,749.0,129.0,270.0,216.0,232.0,0.0,30.0,0.0,0.0,2.0,31.0,2031.0,392.0,2484.0,392.0
Avalonia.iOS,12.1.2,ok,lib,net10.0-ios26.0,lib/net10.0-ios26.0/Avalonia.iOS.dll,134656.0,127190.0,197148.0,9.0,31.0,131.0,10.0,5.0,0.0,172.0,171.0,16.0,46.0,3.0,46.0,11.0,14.0,0.0,2.0,3.0,2.0,310.0,94.0,620.0,94.0
Microsoft.Net.Http.zh-Hans,2.0.20710,ok,lib,net40,lib/net40/zh-Hans/System.Net.Http.resources.dll,17504.0,52087.0,42713.0,0.0,0.0,0.0,0.0,0.0,0.0,0.0,0.0,0.0,0.0,0.0,0.0,0.0,0.0,0.0,0.0,0.0,0.0,0.0,1.0,0.0,1.0
Microsoft.WindowsAzure.Management.HDInsight,1.5.13,ok,lib,net45,lib/net45/Microsoft.WindowsAzure.Management.HDInsight.dll,456896.0,216520.0,228325.0,46.0,123.0,240.0,7.0,48.0,0.0,370.0,514.0,13.0,69.0,4.0,152.0,70.0,75.0,0.0,12.0,14.0,23.0,2225.0,368.0,1685.0,368.0
sqlite-net-e,1.11.285,ok,lib,netstandard2.0,lib/netstandard2.0/SQLite-net.dll,107520.0,113355.0,324119.0,39.0,368.0,115.0,2.0,36.0,0.0,485.0,109.0,10.0,128.0,57.0,322.0,155.0,157.0,0.0,2.0,5.0,11.0,458.0,138.0,894.0,138.0
UACHelper,1.3.0.5,ok,lib,netstandard2.0,lib/netstandard2.0/UACHelper.dll,32768.0,64101.0,48957.0,9.0,14.0,37.0,0.0,7.0,0.0,51.0,4.0,1.0,15.0,33.0,3.0,0.0,0.0,0.0,0.0,2.0,7.0,195.0,43.0,117.0,43.0
Microsoft.Extensions.DataIngestion,10.9.0-preview.1.26411.16,ok,lib,netstandard2.0,lib/netstandard2.0/Microsoft.Extensions.DataIngestion.dll,104248.0,113268.0,298207.0,16.0,14.0,77.0,0.0,15.0,0.0,91.0,184.0,1.0,18.0,4.0,12.0,0.0,1.0,0.0,0.0,0.0,14.0,388.0,78.0,414.0,78.0
Azure.ResourceManager.WebPubSub,1.2.0,ok,lib,netstandard2.0,lib/netstandard2.0/Azure.ResourceManager.WebPubSub.dll,532528.0,236922.0,447064.0,58.0,212.0,326.0,0.0,50.0,27.0,538.0,758.0,138.0,280.0,93.0,184.0,0.0,20.0,0.0,0.0,2.0,20.0,1761.0,380.0,2321.0,380.0
OpenRA-SDL2-CS,1.0.44,ok,lib,netstandard2.0,lib/netstandard2.0/SDL2-CS.dll,120320.0,111468.0,15156026.0,153.0,739.0,0.0,0.0,13.0,0.0,739.0,82.0,0.0,8.0,700.0,39.0,0.0,0.0,0.0,0.0,1.0,153.0,1730.0,157.0,842.0,157.0
BytexDigital.Blazor.Components.CookieConsent,1.3.0,ok,lib,net5.0,lib/net5.0/BytexDigital.Blazor.Components.CC.dll,120320.0,106435.0,101913.0,37.0,61.0,118.0,9.0,30.0,0.0,188.0,164.0,45.0,34.0,3.0,53.0,10.0,4.0,0.0,1.0,8.0,6.0,458.0,111.0,543.0,111.0
Vanara.Security,5.0.7,ok,lib,netstandard2.1,lib/netstandard2.1/Vanara.Security.dll,40448.0,85669.0,309829.0,23.0,52.0,32.0,0.0,22.0,0.0,84.0,26.0,3.0,20.0,35.0,9.0,0.0,4.0,0.0,0.0,6.0,10.0,135.0,42.0,172.0,42.0
Melanchall.DryWetMidi,8.0.3,ok,lib,netstandard2.0,lib/netstandard2.0/Melanchall.DryWetMidi.dll,797184.0,364755.0,968263.0,404.0,1131.0,796.0,41.0,265.0,105.0,1968.0,1169.0,178.0,823.0,551.0,545.0,49.0,159.0,0.0,13.0,69.0,362.0,5050.0,877.0,5477.0,877.0
Microsoft.Hadoop.Client,1.5.13,ok,lib,net45,lib/net45/Microsoft.Hadoop.Client.dll,128192.0,119402.0,276120.0,41.0,72.0,143.0,2.0,19.0,0.0,217.0,163.0,10.0,38.0,5.0,75.0,67.0,7.0,0.0,12.0,18.0,15.0,614.0,144.0,731.0,144.0
PdfiumViewer.Updated,2.14.5,ok,lib,net6.0-windows7.0,lib/net6.0-windows7.0/PdfiumViewer.dll,121344.0,118998.0,274703.0,61.0,159.0,145.0,10.0,45.0,6.0,314.0,120.0,57.0,23.0,15.0,136.0,38.0,41.0,0.0,2.0,4.0,30.0,475.0,84.0,782.0,84.0
OpenRA-Freetype6,1.0.12,native_only,,,,,65558.0,2464092.0,,,,,,,,,,,,,,,,,,,,,,
NetOffice.Word,1.7.4.11,ok,lib,net45,lib/net45/WordApi.dll,1824256.0,478081.0,3269196.0,828.0,3840.0,5333.0,105.0,2749.0,0.0,9278.0,1086.0,20.0,12.0,517.0,505.0,94.0,246.0,0.0,7.0,9.0,427.0,5551.0,966.0,14983.0,966.0
CommunityToolkit.WinUI.Behaviors,8.2.251219,ok,lib,net9.0,lib/net9.0/CommunityToolkit.WinUI.Behaviors.dll,285520.0,114763.0,518017.0,20.0,113.0,779.0,9.0,20.0,0.0,901.0,78.0,34.0,731.0,11.0,75.0,1.0,39.0,0.0,0.0,2.0,10.0,106.0,30.0,1046.0,30.0
Microsoft.Azure.Management.SignalR,1.1.0,ok,lib,netstandard2.0,lib/netstandard2.0/Microsoft.Azure.Management.SignalR.dll,148856.0,114618.0,275671.0,54.0,90.0,141.0,0.0,78.0,0.0,231.0,140.0,5.0,5.0,54.0,75.0,46.0,16.0,0.0,6.0,19.0,13.0,776.0,115.0,584.0,115.0
BCnEncoder.Net,2.3.0,ok,lib,netstandard2.1,lib/netstandard2.1/BCnEncoder.dll,264704.0,163513.0,251729.0,56.0,210.0,141.0,0.0,44.0,57.0,351.0,194.0,15.0,145.0,100.0,21.0,0.0,11.0,0.0,0.0,4.0,32.0,1284.0,247.0,1346.0,247.0
Excubo.Blazor.Canvas,3.2.96,ok,lib,net10.0,lib/net10.0/Blazor.Canvas.dll,114176.0,92086.0,54844.0,71.0,791.0,122.0,0.0,38.0,0.0,913.0,116.0,15.0,23.0,8.0,686.0,238.0,446.0,0.0,17.0,18.0,44.0,322.0,109.0,1091.0,109.0
Magick.NET-Q16-HDRI-OpenMP-arm64,14.17.1,ok,lib,netstandard20,lib/netstandard20/Magick.NET-Q16-HDRI-OpenMP-arm64.dll,994992.0,481761.0,24938975.0,195.0,1092.0,1177.0,7.0,256.0,31.0,2276.0,934.0,95.0,94.0,268.0,1655.0,0.0,1629.0,0.0,0.0,3.0,184.0,1407.0,459.0,5768.0,459.0
OpenRA-Eluant,1.0.24,ok,lib,netstandard2.0,lib/netstandard2.0/Eluant.dll,71168.0,96140.0,576724.0,54.0,173.0,53.0,0.0,20.0,30.0,226.0,122.0,30.0,64.0,43.0,154.0,29.0,42.0,0.0,21.0,27.0,15.0,121.0,74.0,566.0,74.0
Microsoft.Extensions.DataIngestion.Markdig,10.9.0-preview.1.26411.16,ok,lib,netstandard2.0,lib/netstandard2.0/Microsoft.Extensions.DataIngestion.Markdig.dll,37688.0,86109.0,141690.0,1.0,2.0,27.0,0.0,1.0,0.0,29.0,16.0,0.0,4.0,0.0,2.0,0.0,0.0,0.0,0.0,0.0,1.0,66.0,32.0,136.0,32.0
Dock.Controls.Recycling,12.1.0.6,ok,lib,net10.0,lib/net10.0/Dock.Controls.Recycling.dll,10752.0,48089.0,42481.0,2.0,10.0,2.0,0.0,2.0,0.0,12.0,11.0,0.0,2.0,2.0,9.0,0.0,9.0,0.0,0.0,0.0,0.0,6.0,4.0,30.0,4.0
NeoSmart.Caching.Sqlite.AspNetCore,9.0.3,ok,lib,netstandard2.1,lib/netstandard2.1/NeoSmart.Caching.Sqlite.AspNetCore.dll,7680.0,25386.0,21303.0,2.0,3.0,0.0,0.0,0.0,0.0,3.0,1.0,0.0,2.0,3.0,0.0,0.0,0.0,0.0,0.0,2.0,2.0,6.0,9.0,13.0,9.0
CommunityToolkit.WinUI.Controls.Sizers,8.2.251219,ok,lib,net9.0,lib/net9.0/CommunityToolkit.WinUI.Controls.Sizers.dll,263504.0,111733.0,524754.0,15.0,48.0,686.0,0.0,13.0,0.0,734.0,105.0,24.0,680.0,5.0,43.0,3.0,0.0,0.0,0.0,1.0,10.0,122.0,30.0,895.0,30.0
Basic.Reference.Assemblies.Net60,1.8.11,ok,lib,netstandard2.0,lib/netstandard2.0/Basic.Reference.Assemblies.Net60.dll,5210624.0,1926207.0,1877486.0,5.0,2.0,484.0,0.0,1.0,0.0,486.0,1.0,0.0,6.0,480.0,0.0,0.0,0.0,0.0,0.0,4.0,5.0,329.0,13.0,501.0,13.0
GirCore.Gtk-4.0,0.8.1,ok,lib,net10.0,lib/net10.0/Gtk-4.0.dll,2369024.0,753855.0,2099663.0,4112.0,17267.0,3014.0,472.0,3970.0,0.0,20753.0,1917.0,1754.0,978.0,6141.0,7695.0,281.0,4072.0,0.0,30.0,442.0,1577.0,5458.0,4394.0,29688.0,4394.0
CommunityToolkit.WinUI.Controls.Segmented,8.2.251219,ok,lib,net9.0,lib/net9.0/CommunityToolkit.WinUI.Controls.Segmented.dll,335184.0,130050.0,681547.0,29.0,106.0,803.0,1.0,29.0,0.0,910.0,353.0,12.0,907.0,5.0,96.0,0.0,11.0,0.0,0.0,0.0,25.0,472.0,83.0,1497.0,83.0
Microsoft.Azure.Management.Analysis,2.0.4,ok,lib,netstandard1.4,lib/netstandard1.4/Microsoft.Azure.Management.Analysis.dll,124504.0,107358.0,122335.0,35.0,74.0,93.0,0.0,56.0,0.0,167.0,118.0,4.0,8.0,44.0,64.0,38.0,18.0,0.0,3.0,8.0,7.0,603.0,85.0,431.0,85.0
Azure.Analytics.Synapse.Spark,1.0.0-preview.8,ok,lib,netstandard2.0,lib/netstandard2.0/Azure.Analytics.Synapse.Spark.dll,212368.0,149680.0,122684.0,44.0,107.0,264.0,0.0,32.0,27.0,371.0,220.0,12.0,86.0,86.0,99.0,0.0,19.0,0.0,0.0,1.0,21.0,912.0,177.0,1084.0,177.0
NvAPIWrapper.Net,0.8.1.101,ok,lib,netstandard2.0,lib/netstandard2.0/NvAPIWrapper.dll,467968.0,238155.0,569920.0,746.0,1512.0,1375.0,0.0,432.0,90.0,2887.0,211.0,3.0,213.0,428.0,1536.0,152.0,422.0,0.0,34.0,44.0,653.0,3874.0,848.0,4014.0,848.0
Avalonia.Headless.NUnit,12.1.2,ok,lib,net10.0,lib/net10.0/Avalonia.Headless.NUnit.dll,22528.0,58097.0,49618.0,8.0,7.0,0.0,0.0,2.0,0.0,7.0,13.0,0.0,5.0,0.0,2.0,0.0,2.0,0.0,0.0,3.0,8.0,20.0,18.0,44.0,18.0
MonoMac.NetStandard,0.0.4,ok,lib,netstandard2.0,lib/netstandard2.0/MonoMac.dll,5371904.0,1572866.0,4538196.0,2739.0,10847.0,8564.0,303.0,3694.0,186.0,19714.0,2513.0,672.0,2956.0,6870.0,11523.0,134.0,233.0,0.0,5.0,132.0,1634.0,33986.0,3205.0,33410.0,3205.0
MarkdownLog.NS20,0.10.1,ok,lib,netstandard2.0,lib/netstandard2.0/MarkdownLog.dll,89088.0,93099.0,52129.0,47.0,124.0,98.0,0.0,49.0,0.0,222.0,62.0,7.0,115.0,46.0,38.0,7.0,8.0,0.0,4.0,12.0,9.0,305.0,94.0,597.0,94.0
Umbraco.Cms.DevelopmentMode.Backoffice,18.1.1,ok,lib,net10.0,lib/net10.0/Umbraco.Cms.DevelopmentMode.Backoffice.dll,62976.0,79243.0,50024.0,6.0,4.0,26.0,0.0,5.0,0.0,30.0,69.0,7.0,27.0,1.0,2.0,0.0,2.0,0.0,0.0,1.0,2.0,132.0,50.0,200.0,50.0
deniszykov.WebSocketListener,4.2.19,ok,lib,netstandard2.0,lib/netstandard2.0/deniszykov.WebSocketListener.dll,232960.0,162004.0,305363.0,62.0,198.0,271.0,0.0,58.0,2.0,469.0,345.0,45.0,111.0,22.0,199.0,60.0,68.0,0.0,6.0,20.0,40.0,1058.0,269.0,1342.0,269.0
Vanara.PInvoke.DwmApi,5.0.7,ok,lib,netstandard2.1,lib/netstandard2.1/Vanara.PInvoke.DwmApi.dll,18432.0,74668.0,222099.0,20.0,32.0,5.0,0.0,3.0,2.0,37.0,1.0,0.0,1.0,31.0,3.0,0.0,0.0,0.0,0.0,1.0,20.0,167.0,25.0,54.0,25.0
StockSharp.Xaml,5.0.251,ok,lib,net10.0-windows7.0,lib/net10.0-windows7.0/StockSharp.Xaml.dll,5287424.0,1819487.0,1871160.0,324.0,765.0,1521.0,134.0,306.0,13.0,2420.0,2059.0,206.0,623.0,207.0,559.0,125.0,239.0,0.0,6.0,30.0,50.0,3291.0,805.0,6928.0,805.0
Docfx.App,2.78.5,ok,lib,net10.0,lib/net10.0/Docfx.App.dll,111896.0,120274.0,9866916.0,2.0,4.0,84.0,0.0,1.0,0.0,88.0,144.0,0.0,58.0,4.0,0.0,0.0,0.0,0.0,0.0,1.0,1.0,293.0,79.0,404.0,79.0
Microsoft.VisualStudio.InteractiveWindow,4.0.0,ok,lib,net472,lib/net472/Microsoft.VisualStudio.InteractiveWindow.dll,147344.0,131273.0,283221.0,19.0,59.0,161.0,10.0,2.0,0.0,230.0,311.0,6.0,190.0,4.0,80.0,80.0,0.0,0.0,10.0,17.0,9.0,358.0,121.0,835.0,121.0
NBitpayClient,1.0.0.39,ok,lib,netstandard1.3,lib/netstandard1.3/NBitpayClient.dll,78336.0,76486.0,43809.0,32.0,102.0,225.0,0.0,34.0,2.0,327.0,55.0,0.0,3.0,6.0,77.0,0.0,0.0,0.0,0.0,1.0,1.0,392.0,57.0,645.0,57.0
Norm.net,5.4.0,ok,lib,netstandard2.1,lib/netstandard2.1/Norm.dll,590848.0,236179.0,191970.0,14.0,233.0,171.0,0.0,9.0,0.0,404.0,1158.0,15.0,218.0,100.0,86.0,0.0,4.0,0.0,0.0,4.0,4.0,4449.0,271.0,1837.0,271.0
NetEscapades.EnumGenerators.Generators,1.0.0-beta21,ok,lib,netstandard2.0,lib/netstandard2.0/NetEscapades.EnumGenerators.Attributes.dll,12288.0,74474.0,207668.0,3.0,0.0,10.0,0.0,2.0,0.0,10.0,0.0,0.0,0.0,0.0,0.0,0.0,0.0,0.0,0.0,0.0,1.0,18.0,8.0,27.0,8.0
OpenRA-OpenAL-CS,1.0.23,ok,lib,netstandard2.0,lib/netstandard2.0/OpenAL-CS.dll,20480.0,73936.0,3366499.0,6.0,141.0,0.0,0.0,0.0,0.0,141.0,1.0,0.0,0.0,141.0,0.0,0.0,0.0,0.0,0.0,6.0,6.0,237.0,7.0,142.0,7.0
Microsoft.WindowsAzure.Management.ServiceBus,0.19.0-preview,ok,lib,net40,lib/net40/Microsoft.WindowsAzure.Management.ServiceBus.dll,171712.0,121382.0,146360.0,40.0,104.0,142.0,0.0,33.0,0.0,246.0,72.0,1.0,36.0,62.0,66.0,43.0,17.0,0.0,6.0,12.0,8.0,692.0,108.0,568.0,108.0
TwentyTwenty.Storage.Amazon,3.0.0,ok,lib,netstandard2.0,lib/netstandard2.0/TwentyTwenty.Storage.Amazon.dll,31232.0,44038.0,29464.0,3.0,15.0,8.0,0.0,2.0,0.0,23.0,31.0,0.0,5.0,3.0,12.0,0.0,12.0,0.0,0.0,1.0,2.0,126.0,18.0,72.0,18.0
NumpyDotNet,0.9.87.2,ok,lib,netstandard2.0,lib/netstandard2.0/NumpyDotNet.dll,952320.0,371051.0,360213.0,49.0,655.0,295.0,0.0,69.0,81.0,950.0,1219.0,1443.0,1167.0,590.0,96.0,11.0,63.0,0.0,2.0,6.0,23.0,2104.0,695.0,6028.0,695.0
Microsoft.Toolkit.Wpf.UI.Controls,6.1.2,ok,lib,netcoreapp3.0,lib/netcoreapp3.0/Microsoft.Toolkit.Wpf.UI.Controls.dll,142368.0,125499.0,418793.0,127.0,135.0,420.0,24.0,79.0,72.0,579.0,126.0,29.0,85.0,206.0,23.0,0.0,2.0,0.0,0.0,1.0,59.0,890.0,153.0,1115.0,153.0
Microsoft.VisualStudio.LiveShare.LanguageServices,2.0.1,ok,lib,netstandard2.0,lib/netstandard2.0/Microsoft.VisualStudio.LiveShare.LanguageServices.16.3.dll,24136.0,58970.0,46037.0,26.0,23.0,21.0,3.0,11.0,0.0,47.0,1.0,0.0,0.0,0.0,31.0,30.0,1.0,0.0,12.0,14.0,3.0,38.0,28.0,74.0,28.0
uplink.NET.Linux,2.14.3772,metapackage,,,,,65558.0,18663471.0,,,,,,,,,,,,,,,,,,,,,,
Azure.ResourceManager.RecoveryServices,1.4.0,ok,lib,netstandard2.0,lib/netstandard2.0/Azure.ResourceManager.RecoveryServices.dll,635744.0,261612.0,775338.0,93.0,455.0,520.0,0.0,76.0,108.0,975.0,859.0,399.0,370.0,271.0,386.0,0.0,38.0,0.0,0.0,3.0,38.0,1953.0,450.0,3159.0,450.0
MathConverter,3.0.0,ok,lib,net10.0-windows7.0,lib/net10.0-windows7.0/MathConverter.dll,74752.0,98176.0,322221.0,21.0,58.0,50.0,0.0,14.0,2.0,108.0,79.0,21.0,51.0,10.0,47.0,7.0,35.0,0.0,0.0,10.0,7.0,198.0,120.0,421.0,120.0
Senparc.WebSocket,1.2.4,ok,lib,netstandard2.1,lib/netstandard2.1/Senparc.WebSocket.dll,12288.0,63342.0,57250.0,8.0,9.0,8.0,0.0,8.0,0.0,17.0,8.0,1.0,3.0,5.0,5.0,1.0,0.0,0.0,0.0,3.0,1.0,28.0,14.0,45.0,14.0
Microsoft.Orleans.Reminders.Cosmos,10.3.1,ok,lib,net10.0,lib/net10.0/Orleans.Reminders.Cosmos.dll,76600.0,109812.0,125951.0,5.0,11.0,20.0,0.0,3.0,0.0,31.0,55.0,3.0,16.0,4.0,2.0,1.0,1.0,0.0,1.0,3.0,1.0,162.0,41.0,150.0,41.0
Microsoft.Agents.AI.Hosting.OpenAI,1.20.0-alpha.260831.1,ok,lib,net10.0,lib/net10.0/Microsoft.Agents.AI.Hosting.OpenAI.dll,1199928.0,402311.0,1156142.0,9.0,24.0,936.0,0.0,4.0,0.0,960.0,1264.0,48.0,2278.0,24.0,0.0,0.0,0.0,0.0,0.0,4.0,9.0,4268.0,539.0,5986.0,539.0
TwentyTwenty.Storage.Google,3.0.0,ok,lib,netstandard2.0,lib/netstandard2.0/TwentyTwenty.Storage.Google.dll,20992.0,35239.0,25063.0,2.0,12.0,1.0,0.0,2.0,0.0,13.0,23.0,0.0,2.0,0.0,12.0,0.0,12.0,0.0,0.0,0.0,1.0,73.0,13.0,42.0,13.0
Senparc.Weixin.MP.Middleware,1.5.7,ok,lib,netstandard2.1,lib/netstandard2.1/Senparc.Weixin.MP.Middleware.dll,10752.0,52916.0,47566.0,2.0,5.0,0.0,0.0,1.0,0.0,5.0,5.0,0.0,0.0,1.0,4.0,0.0,0.0,0.0,0.0,1.0,1.0,11.0,5.0,11.0,5.0
Senparc.CO2NET.Cache.Memcached,5.1.3,ok,lib,netstandard2.0,lib/netstandard2.0/Senparc.CO2NET.Cache.Memcached.dll,27648.0,75923.0,63034.0,5.0,34.0,3.0,0.0,1.0,0.0,37.0,39.0,1.0,6.0,13.0,23.0,0.0,3.0,0.0,0.0,3.0,3.0,113.0,27.0,92.0,27.0
Microsoft.TemplateEngine.Tasks,7.0.120,no_lib_dll,,,,,65558.0,1961484.0,,,,,,,,,,,,,,,,,,,,,,
Microsoft.Azure.Management.NotificationHubs,2.3.4-preview,ok,lib,netstandard2.0,lib/netstandard2.0/Microsoft.Azure.Management.NotificationHubs.dll,205704.0,126601.0,320415.0,40.0,120.0,173.0,0.0,68.0,0.0,293.0,184.0,5.0,9.0,70.0,85.0,52.0,16.0,0.0,4.0,8.0,6.0,1081.0,117.0,714.0,117.0
Microsoft.Maui.Controls.Foldable,10.0.101,ok,lib,net10.0,lib/net10.0/Microsoft.Maui.Controls.Foldable.dll,40232.0,86591.0,279271.0,10.0,8.0,36.0,6.0,5.0,0.0,50.0,48.0,7.0,16.0,2.0,8.0,0.0,2.0,0.0,0.0,1.0,7.0,84.0,21.0,158.0,21.0
Magick.NET-Q16-HDRI-arm64,14.17.1,ok,lib,netstandard20,lib/netstandard20/Magick.NET-Q16-HDRI-arm64.dll,994480.0,481583.0,36051398.0,195.0,1092.0,1177.0,7.0,256.0,31.0,2276.0,934.0,95.0,94.0,268.0,1655.0,0.0,1629.0,0.0,0.0,3.0,184.0,1407.0,459.0,5768.0,459.0
Microsoft.AspNet.Providers.Core.zh-Hans,2.0.0,ok,lib,net45,lib/net45/zh-Hans/System.Web.Providers.resources.dll,16032.0,30300.0,21190.0,0.0,0.0,0.0,0.0,0.0,0.0,0.0,0.0,0.0,0.0,0.0,0.0,0.0,0.0,0.0,0.0,0.0,0.0,0.0,1.0,0.0,1.0
OpenRA-FuzzyLogicLibrary,1.0.1,ok,lib,netstandard2.0,lib/netstandard2.0/FuzzyLogicLibrary.dll,35328.0,42268.0,26615.0,32.0,35.0,61.0,0.0,17.0,0.0,96.0,13.0,4.0,12.0,0.0,25.0,8.0,15.0,0.0,5.0,8.0,8.0,82.0,44.0,192.0,44.0
Microsoft.VisualStudio.TextTemplating.14.0,14.3.25407,ok,lib,net45,lib/net45/Microsoft.VisualStudio.TextTemplating.14.0.dll,176944.0,128702.0,90489.0,12.0,61.0,142.0,0.0,13.0,0.0,203.0,125.0,29.0,156.0,4.0,55.0,17.0,8.0,0.0,1.0,6.0,6.0,179.0,47.0,483.0,47.0
Meziantou.WpfFontAwesome,5.15.4,ok,lib,netcoreapp3.1,lib/netcoreapp3.1/Meziantou.WpfFontAwesome.dll,1382912.0,706984.0,1293561.0,10.0,2.0,15.0,0.0,4.0,0.0,17.0,3.0,0.0,0.0,14.0,1.0,0.0,0.0,0.0,0.0,0.0,10.0,10205.0,11.0,36.0,11.0
MongoSandbox.Core,2.0.0,ok,lib,netstandard2.1,lib/netstandard2.1/MongoSandbox.Core.dll,40448.0,84460.0,70033.0,4.0,6.0,25.0,0.0,3.0,0.0,31.0,36.0,3.0,28.0,1.0,6.0,3.0,0.0,0.0,1.0,1.0,3.0,175.0,44.0,180.0,44.0
Microsoft.WinForms.Designer.SDK,1.6.0,ok,ref,netcoreapp3.1,ref/netcoreapp3.1/Microsoft.WinForms.Utilities.Shared.dll,98224.0,102213.0,679079.0,12.0,31.0,104.0,2.0,5.0,0.0,137.0,45.0,15.0,80.0,11.0,34.0,11.0,18.0,0.0,1.0,9.0,8.0,286.0,157.0,799.0,157.0
Prompty.Core,2.0.0-beta.4,ok,lib,net9.0,lib/net9.0/Prompty.Core.dll,376320.0,201554.0,197966.0,198.0,901.0,637.0,0.0,149.0,1.0,1538.0,224.0,13.0,119.0,606.0,134.0,21.0,20.0,0.0,13.0,37.0,50.0,1244.0,356.0,2651.0,356.0
Axe.Windows,2.4.2,ok,lib,netstandard20,lib/netstandard20/Axe.Windows.Core.dll,119840.0,125722.0,960706.0,47.0,109.0,162.0,0.0,39.0,0.0,271.0,49.0,21.0,51.0,54.0,101.0,39.0,44.0,0.0,4.0,9.0,13.0,778.0,108.0,466.0,108.0
Senparc.Weixin.Cache.Memcached,2.19.6,ok,lib,netstandard2.1,lib/netstandard2.1/Senparc.Weixin.Cache.Memcached.dll,9216.0,49564.0,44984.0,4.0,8.0,3.0,0.0,0.0,0.0,11.0,5.0,0.0,1.0,5.0,6.0,0.0,0.0,0.0,0.0,3.0,3.0,11.0,8.0,19.0,8.0
Microsoft.Azure.Management.RecoveryServices.SiteRecovery,2.2.0-preview,ok,lib,netstandard2.0,lib/netstandard2.0/Microsoft.Azure.Management.RecoveryServices.SiteRecovery.dll,1526648.0,429486.0,2014847.0,587.0,818.0,2317.0,0.0,909.0,0.0,3135.0,1456.0,5.0,28.0,485.0,427.0,288.0,20.0,0.0,29.0,104.0,75.0,7864.0,1101.0,7570.0,1101.0
JsonExtensions,1.2.3,ok,lib,netstandard2.0,lib/netstandard2.0/JsonExtensions.dll,509440.0,341142.0,965225.0,612.0,972.0,162.0,0.0,2.0,0.0,1134.0,650.0,10.0,72.0,515.0,0.0,0.0,0.0,0.0,0.0,311.0,612.0,1618.0,1107.0,2950.0,1107.0
XAB.FlexboxLayout,3.0.0.2,ok,lib,net6.0-android31.0,lib/net6.0-android31.0/XAB.FlexboxLayout.dll,131584.0,102092.0,165531.0,31.0,34.0,202.0,0.0,33.0,0.0,236.0,521.0,48.0,14.0,2.0,163.0,0.0,0.0,0.0,7.0,19.0,4.0,463.0,76.0,1075.0,76.0
SourceBrowser,1.0.47,tools_only,,,,,65558.0,23921553.0,,,,,,,,,,,,,,,,,,,,,,
Xunit.v3.Priority,1.1.18,ok,lib,netstandard2.0,lib/netstandard2.0/Xunit.v3.Priority.dll,9216.0,26849.0,22059.0,3.0,1.0,2.0,0.0,3.0,0.0,3.0,7.0,0.0,3.0,0.0,1.0,0.0,1.0,0.0,0.0,0.0,0.0,19.0,7.0,18.0,7.0
LibVLCSharp.WinForms,3.10.1,ok,lib,net6.0-windows7.0,lib/net6.0-windows7.0/LibVLCSharp.WinForms.dll,8704.0,41683.0,37612.0,1.0,1.0,2.0,0.0,1.0,0.0,3.0,5.0,1.0,0.0,0.0,3.0,0.0,2.0,0.0,0.0,0.0,0.0,4.0,5.0,13.0,5.0
uplink.NET.Win,2.14.3772,native_only,,,,,65558.0,10300357.0,,,,,,,,,,,,,,,,,,,,,,
Mages,3.0.1,ok,lib,netstandard2.1,lib/netstandard2.1/Mages.Core.dll,260096.0,167263.0,141039.0,101.0,316.0,213.0,4.0,68.0,7.0,533.0,447.0,31.0,695.0,121.0,218.0,63.0,92.0,0.0,15.0,46.0,66.0,1231.0,322.0,2317.0,322.0
BD.Common,1.25.10122.11624,ok,lib,net8.0,lib/net8.0/BD.Common.dll,286208.0,191578.0,1074993.0,194.0,745.0,223.0,0.0,78.0,27.0,968.0,414.0,30.0,142.0,638.0,223.0,29.0,82.0,0.0,13.0,112.0,166.0,1150.0,336.0,1704.0,336.0
RawInput.Sharp,0.2.0,ok,lib,net8.0,lib/net8.0/RawInput.Sharp.dll,75776.0,82568.0,49496.0,64.0,154.0,175.0,0.0,14.0,18.0,329.0,106.0,5.0,67.0,115.0,63.0,5.0,12.0,0.0,1.0,7.0,41.0,448.0,90.0,549.0,90.0
SharpShell,2.7.2,ok,lib,net40-client,lib/net40-client/SharpShell.dll,451072.0,248294.0,310543.0,225.0,477.0,107.0,0.0,66.0,0.0,584.0,301.0,71.0,141.0,101.0,363.0,265.0,53.0,0.0,50.0,89.0,121.0,3632.0,312.0,1240.0,312.0
SharpAESCrypt,3.0.0,ok,lib,net8.0,lib/net8.0/SharpAESCrypt.dll,45056.0,63678.0,42890.0,10.0,48.0,47.0,0.0,12.0,8.0,95.0,27.0,17.0,3.0,19.0,48.0,0.0,0.0,0.0,0.0,2.0,2.0,126.0,24.0,212.0,24.0
StockSharp.Xaml.Charting,5.0.252,ok,lib,net10.0-windows7.0,lib/net10.0-windows7.0/StockSharp.Xaml.Charting.dll,3084288.0,908499.0,1055423.0,96.0,306.0,2704.0,154.0,74.0,0.0,3164.0,3262.0,851.0,1218.0,12.0,476.0,11.0,330.0,0.0,5.0,13.0,27.0,5140.0,1694.0,15492.0,1694.0
CoCoL,1.8.4,ok,lib,net8.0,lib/net8.0/CoCoL.dll,162816.0,134485.0,84355.0,72.0,340.0,96.0,0.0,60.0,0.0,436.0,217.0,30.0,100.0,202.0,113.0,30.0,71.0,0.0,20.0,37.0,19.0,748.0,221.0,960.0,221.0
ToolGood.Words.Pinyin,3.1.0.4,ok,lib,netstandard2.1,lib/netstandard2.1/ToolGood.Words.Pinyin.dll,1753088.0,1738904.0,6708195.0,12.0,50.0,7.0,0.0,9.0,0.0,57.0,12.0,9.0,2.0,19.0,1.0,0.0,0.0,0.0,0.0,4.0,3.0,56.0,17.0,90.0,17.0
Microsoft.Azure.Management.MachineLearning,1.0.1,ok,lib,netstandard1.4,lib/netstandard1.4/Microsoft.Azure.Management.MachineLearning.dll,186968.0,125975.0,178254.0,61.0,118.0,191.0,0.0,94.0,0.0,309.0,188.0,8.0,22.0,66.0,118.0,64.0,32.0,0.0,6.0,19.0,13.0,996.0,148.0,789.0,148.0
Asp.Versioning.OpenApi,10.2.3,ok,lib,net10.0,lib/net10.0/Asp.Versioning.OpenApi.dll,74136.0,104323.0,81056.0,22.0,36.0,27.0,0.0,7.0,0.0,63.0,92.0,11.0,38.0,8.0,23.0,0.0,0.0,0.0,0.0,11.0,15.0,117.0,58.0,237.0,58.0
OperatingSystem2,3.0.0,ok,lib,netstandard2.0,lib/netstandard2.0/System.OperatingSystem2.dll,10752.0,71211.0,138252.0,2.0,33.0,1.0,0.0,0.0,0.0,34.0,12.0,0.0,1.0,33.0,0.0,0.0,0.0,0.0,0.0,2.0,2.0,16.0,10.0,53.0,10.0
NLog.Layouts.ClefJsonLayout,1.0.5,ok,lib,netstandard2.0,lib/netstandard2.0/NLog.Layouts.ClefJsonLayout.dll,9728.0,39928.0,34873.0,1.0,0.0,1.0,0.0,1.0,0.0,1.0,7.0,4.0,2.0,0.0,0.0,0.0,0.0,0.0,0.0,0.0,0.0,13.0,6.0,21.0,6.0
Senparc.Weixin.TenPayV3,2.6.1,ok,lib,netstandard2.1,lib/netstandard2.1/Senparc.Weixin.TenPayV3.dll,1139200.0,410026.0,609783.0,1028.0,474.0,4368.0,0.0,1427.0,2.0,4842.0,586.0,12.0,40.0,70.0,17.0,3.0,6.0,0.0,2.0,20.0,21.0,6019.0,1274.0,11275.0,1274.0
Vanara.PInvoke.PowrProf,5.0.7,ok,lib,netstandard2.1,lib/netstandard2.1/Vanara.PInvoke.PowrProf.dll,66048.0,92688.0,660335.0,39.0,98.0,3.0,0.0,6.0,6.0,101.0,6.0,3.0,4.0,95.0,12.0,0.0,0.0,0.0,0.0,1.0,36.0,547.0,50.0,136.0,50.0
CSMatIO,1.0.20,ok,lib,netstandard2.0,lib/netstandard2.0/csmatio.dll,45568.0,50168.0,30556.0,29.0,138.0,62.0,0.0,88.0,0.0,200.0,16.0,21.0,0.0,7.0,71.0,7.0,1.0,0.0,2.0,4.0,1.0,91.0,33.0,326.0,33.0
Microsoft.Agents.AI.Workflows.Generators,1.20.0,tools_only,,,,,65558.0,79999.0,,,,,,,,,,,,,,,,,,,,,,
Microsoft.Crank.EventSources,0.2.0-alpha.26316.1,ok,lib,netstandard2.0,lib/netstandard2.0/Microsoft.Crank.EventSources.dll,18744.0,61807.0,50251.0,2.0,14.0,0.0,0.0,0.0,0.0,14.0,1.0,0.0,2.0,9.0,0.0,0.0,0.0,0.0,0.0,0.0,2.0,13.0,5.0,19.0,5.0
Enyim.Caching.Web,1.0.0.1,ok,lib,net40,lib/net40/Enyim.Caching.Web.dll,12288.0,35650.0,27898.0,5.0,19.0,0.0,0.0,4.0,0.0,19.0,9.0,0.0,0.0,0.0,19.0,1.0,0.0,0.0,1.0,1.0,2.0,13.0,8.0,40.0,8.0
CommunityToolkit.Aspire.Hosting.Ngrok,13.5.0,ok,lib,net10.0,lib/net10.0/CommunityToolkit.Aspire.Hosting.Ngrok.dll,45896.0,99339.0,163047.0,4.0,14.0,7.0,0.0,3.0,4.0,21.0,15.0,0.0,7.0,8.0,8.0,0.0,2.0,0.0,0.0,1.0,3.0,31.0,12.0,58.0,12.0
Senparc.Weixin.Cache.CsRedis,1.3.5,ok,lib,netstandard2.1,lib/netstandard2.1/Senparc.Weixin.Cache.CsRedis.dll,11264.0,54467.0,48968.0,3.0,8.0,4.0,0.0,0.0,0.0,12.0,12.0,2.0,2.0,4.0,8.0,0.0,0.0,0.0,0.0,1.0,3.0,16.0,10.0,30.0,10.0
Microsoft.DataTransfer.Gateway.Encryption,5.40.8869.1,ok,lib,netstandard2.0,lib/netstandard2.0/Microsoft.DataTransfer.Gateway.Encryption.dll,133592.0,123526.0,86403.0,81.0,120.0,233.0,0.0,69.0,0.0,353.0,106.0,8.0,55.0,52.0,86.0,4.0,44.0,0.0,1.0,16.0,46.0,527.0,113.0,770.0,113.0
System.Web.Providers.LocalDb,1.1.0,metapackage,,,,,12225.0,12225.0,,,,,,,,,,,,,,,,,,,,,,
Gameloop.Vdf,0.6.2,ok,lib,netstandard1.0,lib/netstandard1.0/Gameloop.Vdf.dll,43008.0,72024.0,52827.0,16.0,67.0,37.0,0.0,19.0,0.0,104.0,46.0,15.0,31.0,16.0,61.0,11.0,17.0,0.0,1.0,7.0,4.0,165.0,64.0,288.0,64.0
Microsoft.Agents.AI.DevUI,1.20.0-preview.260831.1,ok,lib,net10.0,lib/net10.0/Microsoft.Agents.AI.DevUI.dll,1094968.0,399627.0,1058883.0,4.0,5.0,79.0,0.0,1.0,0.0,84.0,135.0,3.0,162.0,5.0,0.0,0.0,0.0,0.0,0.0,3.0,4.0,388.0,62.0,547.0,62.0
Microsoft.Azure.Management.DeviceProvisioningServices,4.0.0,ok,lib,netstandard2.0,lib/netstandard2.0/Microsoft.Azure.Management.DeviceProvisioningServices.dll,200592.0,128132.0,335786.0,53.0,103.0,148.0,0.0,78.0,0.0,251.0,192.0,5.0,9.0,68.0,70.0,51.0,16.0,0.0,4.0,16.0,14.0,1067.0,128.0,652.0,128.0
Microsoft.Azure.Management.Maps,1.0.2,ok,lib,netstandard1.4,lib/netstandard1.4/Microsoft.Azure.Management.Maps.dll,75640.0,94283.0,89217.0,20.0,37.0,62.0,0.0,40.0,0.0,99.0,77.0,5.0,1.0,20.0,48.0,25.0,16.0,0.0,2.0,4.0,2.0,306.0,43.0,250.0,43.0
Microsoft.Azure.Management.PolicyInsights,5.1.0,ok,lib,netstandard2.0,lib/netstandard2.0/Microsoft.Azure.Management.PolicyInsights.dll,532896.0,200268.0,676176.0,75.0,337.0,306.0,0.0,115.0,0.0,643.0,550.0,5.0,8.0,216.0,161.0,127.0,15.0,0.0,9.0,22.0,13.0,2994.0,301.0,1605.0,301.0
Avalonia.Controls.WebView,12.1.0,ok,lib,net10.0,lib/net10.0/Avalonia.Controls.WebView.dll,1435136.0,428597.0,1477137.0,65.0,168.0,615.0,96.0,46.0,24.0,879.0,654.0,130.0,525.0,28.0,198.0,20.0,79.0,0.0,8.0,12.0,34.0,4677.0,901.0,9647.0,901.0
Microsoft.Azure.Management.PowerBIDedicated,0.11.0-preview,ok,lib,netstandard1.4,lib/netstandard1.4/Microsoft.Azure.Management.PowerBIDedicated.dll,104520.0,101542.0,105610.0,24.0,73.0,58.0,0.0,35.0,0.0,131.0,126.0,4.0,3.0,34.0,73.0,33.0,33.0,0.0,3.0,8.0,5.0,557.0,77.0,339.0,77.0
Microsoft.VisualStudio.ProjectSystem.Managed,2.0.6142705,ok,lib,net46,lib/net46/Microsoft.VisualStudio.ProjectSystem.Managed.dll,463672.0,201431.0,147092.0,11.0,14.0,681.0,3.0,0.0,0.0,698.0,502.0,67.0,669.0,0.0,56.0,56.0,0.0,0.0,10.0,11.0,1.0,1762.0,315.0,1810.0,315.0
Harmony.Extensions,4.0.0.60,metapackage,,,,,65558.0,250127.0,,,,,,,,,,,,,,,,,,,,,,
Microsoft.Azure.Management.DevTestLabs,3.0.0,ok,lib,netstandard1.4,lib/netstandard1.4/Microsoft.Azure.Management.DevTestLabs.dll,960080.0,300324.0,595865.0,222.0,606.0,788.0,0.0,305.0,0.0,1394.0,945.0,5.0,25.0,402.0,283.0,240.0,16.0,0.0,26.0,73.0,47.0,5984.0,651.0,3491.0,651.0
SQLitePCLRaw.bundle_e_sqlite3mc,2.1.11,ok,lib,netstandard2.0,lib/netstandard2.0/SQLitePCLRaw.batteries_v2.dll,5120.0,42438.0,39629.0,2.0,2.0,0.0,0.0,0.0,0.0,2.0,0.0,0.0,0.0,2.0,0.0,0.0,0.0,0.0,0.0,2.0,2.0,0.0,3.0,2.0,3.0
ReactiveUI.AndroidX,24.2.0,ok,lib,net11.0-android37.0,lib/net11.0-android37.0/ReactiveUI.AndroidX.dll,53248.0,98821.0,134447.0,22.0,46.0,55.0,12.0,20.0,0.0,113.0,40.0,31.0,39.0,5.0,101.0,0.0,73.0,0.0,0.0,8.0,6.0,70.0,36.0,247.0,36.0
uplink.NET.Mac,2.13.3484,metapackage,,,,,65558.0,22832429.0,,,,,,,,,,,,,,,,,,,,,,
Azure.AI.AgentServer.Responses,1.0.0-beta.8,ok,lib,net10.0,lib/net10.0/Azure.AI.AgentServer.Responses.dll,2302816.0,595478.0,1505969.0,520.0,1860.0,2247.0,0.0,396.0,184.0,4107.0,2831.0,2486.0,1842.0,657.0,1784.0,10.0,32.0,0.0,0.0,45.0,114.0,4586.0,1541.0,11940.0,1541.0
Microsoft.Agents.AI.Hosting.A2A.AspNetCore,1.20.0-preview.260831.1,ok,lib,net10.0,lib/net10.0/Microsoft.Agents.AI.Hosting.A2A.AspNetCore.dll,25912.0,79930.0,85654.0,1.0,6.0,0.0,0.0,0.0,0.0,6.0,1.0,0.0,0.0,6.0,0.0,0.0,0.0,0.0,0.0,1.0,1.0,9.0,6.0,54.0,6.0
SMBLibrary.Win32,1.5.7,ok,lib,netstandard2.0,lib/netstandard2.0/SMBLibrary.Win32.dll,26624.0,68664.0,55671.0,20.0,57.0,3.0,0.0,15.0,0.0,60.0,38.0,0.0,1.0,32.0,25.0,0.0,20.0,0.0,0.0,0.0,12.0,106.0,26.0,119.0,26.0
Azure.Analytics.Synapse.AccessControl,1.0.0-preview.5,ok,lib,netstandard2.0,lib/netstandard2.0/Azure.Analytics.Synapse.AccessControl.dll,141200.0,126592.0,93816.0,21.0,38.0,110.0,0.0,15.0,0.0,148.0,155.0,9.0,47.0,6.0,26.0,0.0,10.0,0.0,0.0,1.0,10.0,502.0,136.0,666.0,136.0
Azure.ResourceManager.ExtendedLocations,1.1.2,ok,lib,netstandard2.0,lib/netstandard2.0/Azure.ResourceManager.ExtendedLocations.dll,261472.0,171977.0,403838.0,23.0,67.0,167.0,0.0,21.0,3.0,234.0,361.0,42.0,97.0,14.0,53.0,0.0,12.0,0.0,0.0,2.0,12.0,959.0,232.0,1242.0,232.0
Basic.Reference.Assemblies.NetStandard20,1.8.11,ok,lib,netstandard2.0,lib/netstandard2.0/Basic.Reference.Assemblies.NetStandard20.dll,3982848.0,1123124.0,1074442.0,7.0,2.0,358.0,0.0,1.0,0.0,360.0,2.0,0.0,7.0,354.0,0.0,0.0,0.0,0.0,0.0,6.0,7.0,247.0,16.0,378.0,16.0
XAMLTest,3.0.0,ok,lib,netcoreapp3.1,lib/netcoreapp3.1/XAMLTest.dll,134656.0,120785.0,142873.0,46.0,292.0,141.0,0.0,47.0,0.0,433.0,225.0,9.0,63.0,82.0,255.0,17.0,121.0,0.0,8.0,22.0,35.0,583.0,159.0,857.0,159.0
SQLite3MC.PCLRaw.bundle,2.4.0,ok,lib,netstandard2.0,lib/netstandard2.0/SQLitePCLRaw.batteries_v2.dll,5632.0,37800.0,34791.0,2.0,2.0,0.0,0.0,0.0,0.0,2.0,0.0,0.0,0.0,2.0,0.0,0.0,0.0,0.0,0.0,2.0,2.0,0.0,3.0,2.0,3.0
Vanara.Windows.Extensions,5.0.7,ok,lib,netstandard2.1,lib/netstandard2.1/Vanara.Windows.Extensions.dll,19456.0,75624.0,144406.0,5.0,28.0,8.0,0.0,2.0,1.0,36.0,4.0,1.0,4.0,22.0,7.0,0.0,5.0,0.0,0.0,2.0,3.0,19.0,13.0,59.0,13.0
JsonPeek,1.3.0,native_only,,,,,65558.0,302972.0,,,,,,,,,,,,,,,,,,,,,,
Onova,2.6.13,ok,lib,netstandard2.0,lib/netstandard2.0/Onova.dll,292352.0,257406.0,559550.0,19.0,32.0,64.0,0.0,21.0,0.0,96.0,172.0,1.0,15.0,5.0,28.0,9.0,19.0,0.0,3.0,4.0,2.0,597.0,161.0,535.0,161.0
OrchardCore.Application.Mvc.Targets,3.0.1,ok,lib,net10.0,lib/net10.0/OrchardCore.Application.Mvc.Targets.dll,4608.0,22973.0,20667.0,0.0,0.0,0.0,0.0,0.0,0.0,0.0,0.0,0.0,0.0,0.0,0.0,0.0,0.0,0.0,0.0,0.0,0.0,0.0,1.0,0.0,1.0
Microsoft.Azure.Management.DataMigration,0.11.0-preview,ok,lib,netstandard2.0,lib/netstandard2.0/Microsoft.Azure.Management.DataMigration.dll,477072.0,212234.0,850383.0,327.0,266.0,1037.0,0.0,532.0,0.0,1303.0,801.0,5.0,11.0,110.0,201.0,77.0,16.0,0.0,9.0,64.0,56.0,2695.0,448.0,3149.0,448.0
NicolasDorier.RateLimits,1.2.3,ok,lib,netstandard2.0,lib/netstandard2.0/NicolasDorier.RateLimits.dll,23552.0,45738.0,34213.0,12.0,17.0,22.0,0.0,6.0,0.0,39.0,26.0,0.0,6.0,4.0,13.0,5.0,6.0,0.0,2.0,3.0,3.0,86.0,27.0,86.0,27.0
Xam.Plugin.TabView,1.1.1,ok,lib,netstandard2.0,lib/netstandard2.0/Xam.Plugin.TabView.dll,28160.0,35279.0,23304.0,10.0,24.0,36.0,3.0,11.0,0.0,63.0,30.0,5.0,5.0,0.0,20.0,5.0,6.0,0.0,1.0,1.0,2.0,57.0,17.0,154.0,17.0
Microsoft.Agents.AI.A2A,1.20.0-preview.260831.1,ok,lib,net10.0,lib/net10.0/Microsoft.Agents.AI.A2A.dll,69944.0,99619.0,152643.0,7.0,15.0,21.0,0.0,3.0,0.0,36.0,66.0,7.0,30.0,7.0,9.0,0.0,1.0,0.0,0.0,4.0,7.0,133.0,30.0,195.0,30.0
CryptoBase,3.1.2,ok,lib,net10.0,lib/net10.0/CryptoBase.dll,190464.0,129464.0,80545.0,77.0,215.0,104.0,0.0,35.0,0.0,319.0,222.0,22.0,45.0,54.0,165.0,4.0,116.0,0.0,0.0,28.0,56.0,301.0,103.0,756.0,103.0
Semi.Avalonia.AvaloniaEdit,12.0.0,ok,lib,net8.0,lib/net8.0/Semi.Avalonia.AvaloniaEdit.dll,73216.0,65276.0,42962.0,5.0,30.0,24.0,0.0,3.0,0.0,54.0,68.0,0.0,0.0,24.0,4.0,0.0,0.0,0.0,0.0,0.0,0.0,56.0,35.0,180.0,35.0
AppInsights.WindowsDesktop,2.18.1,ok,lib,netstandard2.0,lib/netstandard2.0/AppInsights.WindowsDesktop.dll,122112.0,124870.0,455447.0,29.0,13.0,43.0,0.0,12.0,0.0,56.0,93.0,10.0,79.0,0.0,17.0,0.0,17.0,0.0,0.0,18.0,25.0,276.0,82.0,383.0,82.0
Artalk.Xmpp,2.20.3,ok,lib,net10.0,lib/net10.0/Artalk.Xmpp.dll,267776.0,175539.0,247084.0,103.0,171.0,413.0,51.0,113.0,3.0,635.0,496.0,26.0,125.0,18.0,53.0,6.0,16.0,0.0,2.0,6.0,25.0,904.0,245.0,1809.0,245.0
WPFMediaKit,3.0.1,ok,lib,net9.0-windows7.0,lib/net9.0-windows7.0/WPFMediaKit.dll,140800.0,125403.0,181848.0,86.0,588.0,132.0,29.0,47.0,0.0,749.0,215.0,152.0,60.0,37.0,510.0,352.0,28.0,0.0,14.0,26.0,30.0,658.0,145.0,1238.0,145.0
Umbraco.JsonSchema.Extensions,0.4.3,no_lib_dll,,,,,65558.0,973712.0,,,,,,,,,,,,,,,,,,,,,,
C1.Win.FlexGrid,10.0.20261.813,ok,lib,net10.0-windows7.0,lib/net10.0-windows7.0/C1.Win.FlexGrid.10.dll,1594416.0,578129.0,5851837.0,195.0,730.0,1482.0,120.0,99.0,2.0,2332.0,1116.0,528.0,1417.0,158.0,595.0,54.0,52.0,0.0,13.0,32.0,94.0,3085.0,574.0,6056.0,574.0
HungarianAlgorithm,2.3.6,ok,lib,netstandard2.1,lib/netstandard2.1/HungarianAlgorithm.dll,8704.0,30527.0,26170.0,1.0,1.0,0.0,0.0,0.0,0.0,1.0,12.0,0.0,1.0,1.0,0.0,0.0,0.0,0.0,0.0,1.0,1.0,3.0,5.0,16.0,5.0
Ecng.Drawing,1.0.190,ok,lib,net10.0,lib/net10.0/Ecng.Drawing.dll,9216.0,34112.0,29956.0,8.0,3.0,7.0,0.0,5.0,0.0,10.0,0.0,1.0,0.0,3.0,0.0,0.0,0.0,0.0,0.0,2.0,5.0,29.0,9.0,19.0,9.0
bblanchon.PDFiumV8.Win32,155.0.8044,native_only,,,,,65558.0,35797528.0,,,,,,,,,,,,,,,,,,,,,,
Caseless.Fody,1.9.1,ok,lib,netstandard2.0,lib/netstandard2.0/Caseless.dll,4096.0,40163.0,37849.0,0.0,0.0,0.0,0.0,0.0,0.0,0.0,0.0,0.0,0.0,0.0,0.0,0.0,0.0,0.0,0.0,0.0,0.0,0.0,1.0,0.0,1.0
Vanara.PInvoke.NtDll,5.0.7,ok,lib,netstandard2.1,lib/netstandard2.1/Vanara.PInvoke.NtDll.dll,51712.0,88549.0,864240.0,54.0,69.0,14.0,0.0,10.0,12.0,83.0,11.0,4.0,7.0,73.0,10.0,0.0,0.0,0.0,0.0,2.0,46.0,687.0,62.0,133.0,62.0
Xamarin.Android.ReactiveX.RxJava3.RxJava,3.1.12.3,ok,lib,net10.0-android36.0,lib/net10.0-android36.0/Xamarin.Android.ReactiveX.RxJava3.RxJava.dll,2648376.0,463938.0,8567259.0,846.0,3776.0,3777.0,0.0,769.0,0.0,7553.0,2685.0,1884.0,1430.0,874.0,3877.0,260.0,596.0,0.0,91.0,141.0,686.0,1451.0,1012.0,12226.0,1012.0
Microsoft.Azure.Management.DevSpaces,0.10.0-preview,ok,lib,netstandard1.4,lib/netstandard1.4/Microsoft.Azure.Management.DevSpaces.dll,83528.0,96686.0,93369.0,23.0,41.0,60.0,0.0,37.0,0.0,101.0,79.0,4.0,2.0,27.0,48.0,29.0,16.0,0.0,3.0,7.0,4.0,350.0,53.0,262.0,53.0
LokiLoggingProvider,1.0.0,ok,lib,net6.0,lib/net6.0/LokiLoggingProvider.dll,207360.0,140765.0,90063.0,80.0,531.0,364.0,0.0,133.0,0.0,895.0,311.0,15.0,83.0,118.0,529.0,0.0,327.0,0.0,0.0,10.0,68.0,712.0,174.0,1675.0,174.0
Microsoft.Orleans.Journaling,10.3.1-alpha.1,ok,lib,net10.0,lib/net10.0/Orleans.Journaling.dll,211256.0,175638.0,277595.0,61.0,202.0,109.0,0.0,23.0,4.0,311.0,295.0,38.0,89.0,18.0,182.0,113.0,55.0,0.0,31.0,37.0,28.0,467.0,159.0,997.0,159.0
Owin,1.0.0,ok,lib,net40,lib/net40/Owin.dll,4608.0,16660.0,14137.0,1.0,3.0,1.0,0.0,0.0,0.0,4.0,0.0,0.0,0.0,0.0,4.0,4.0,0.0,0.0,1.0,1.0,0.0,0.0,2.0,4.0,2.0
Microsoft.WindowsAzure.Management.TrafficManager,0.16.1-preview,ok,lib,net40,lib/net40/Microsoft.WindowsAzure.Management.TrafficManager.dll,66200.0,93475.0,80049.0,31.0,31.0,65.0,0.0,27.0,0.0,96.0,22.0,1.0,4.0,18.0,31.0,18.0,10.0,0.0,3.0,6.0,10.0,301.0,51.0,227.0,51.0
Microsoft.Agents.AI.Workflows.Declarative,1.20.0,ok,lib,netstandard2.0,lib/netstandard2.0/Microsoft.Agents.AI.Workflows.Declarative.dll,511800.0,245568.0,1027295.0,47.0,75.0,263.0,0.0,32.0,5.0,338.0,767.0,132.0,696.0,47.0,32.0,10.0,7.0,0.0,2.0,25.0,37.0,1840.0,358.0,2350.0,358.0
C1.Win.Ribbon,10.0.20261.813,ok,lib,net10.0-windows7.0,lib/net10.0-windows7.0/C1.Win.Ribbon.10.dll,3830832.0,2288865.0,18619103.0,169.0,876.0,2886.0,304.0,87.0,4.0,4066.0,1685.0,799.0,3458.0,372.0,1022.0,104.0,47.0,0.0,9.0,33.0,50.0,4151.0,590.0,9534.0,590.0
Basic.Reference.Assemblies.Net70,1.8.11,ok,lib,netstandard2.0,lib/netstandard2.0/Basic.Reference.Assemblies.Net70.dll,5741056.0,2111751.0,2063031.0,5.0,2.0,496.0,0.0,1.0,0.0,498.0,1.0,0.0,6.0,492.0,0.0,0.0,0.0,0.0,0.0,4.0,5.0,337.0,13.0,513.0,13.0
Material.Avalonia.DataGrid,3.20.0,ok,lib,net8.0,lib/net8.0/Material.Avalonia.DataGrid.dll,40960.0,53224.0,38651.0,5.0,12.0,15.0,0.0,3.0,0.0,27.0,32.0,0.0,0.0,6.0,4.0,0.0,0.0,0.0,0.0,0.0,0.0,30.0,16.0,77.0,16.0
Xamarin.AndroidX.Emoji.AppCompat,1.2.0.3,ok,lib,net10.0-android36.0,lib/net10.0-android36.0/Xamarin.AndroidX.Emoji.AppCompat.dll,25400.0,79015.0,105788.0,3.0,0.0,13.0,0.0,12.0,0.0,13.0,9.0,9.0,3.0,0.0,11.0,0.0,0.0,0.0,0.0,0.0,0.0,7.0,8.0,45.0,8.0
ConsoleControl,1.3.0,ok,lib,net40-client,lib/net40-client/ConsoleControl.dll,16384.0,37883.0,30458.0,5.0,10.0,16.0,2.0,7.0,0.0,28.0,11.0,1.0,3.0,0.0,8.0,0.0,0.0,0.0,0.0,0.0,1.0,26.0,9.0,65.0,9.0
BuildTools.StyleCop,4.7.49,tools_only,,,,,65558.0,2643098.0,,,,,,,,,,,,,,,,,,,,,,
Gress,2.2.0,ok,lib,netstandard2.0,lib/netstandard2.0/Gress.dll,565248.0,429777.0,1350451.0,409.0,610.0,186.0,2.0,13.0,4.0,798.0,477.0,10.0,71.0,302.0,18.0,1.0,14.0,0.0,1.0,202.0,401.0,1257.0,870.0,2485.0,870.0
Microsoft.Azure.Commerce.UsageAggregates,1.5.3,ok,lib,netstandard1.4,lib/netstandard1.4/Microsoft.Azure.Commerce.UsageAggregates.dll,28752.0,66665.0,51584.0,10.0,4.0,32.0,0.0,10.0,0.0,36.0,2.0,1.0,4.0,2.0,18.0,9.0,7.0,0.0,2.0,4.0,3.0,53.0,14.0,77.0,14.0
StockSharp.Web.Api.Client,5.0.197,ok,lib,net10.0,lib/net10.0/StockSharp.Web.Api.Client.dll,144384.0,108953.0,61953.0,8.0,37.0,22.0,2.0,9.0,0.0,61.0,407.0,16.0,11.0,13.0,18.0,3.0,4.0,0.0,1.0,5.0,2.0,101.0,109.0,648.0,109.0
Hardcodet.NotifyIcon.Wpf.NetCore,1.1.5,ok,lib,net6.0-windows7.0,lib/net6.0-windows7.0/Hardcodet.Wpf.TaskbarNotification.dll,36864.0,80961.0,255111.0,3.0,47.0,26.0,19.0,2.0,0.0,92.0,43.0,23.0,34.0,15.0,5.0,0.0,1.0,0.0,0.0,1.0,2.0,64.0,9.0,213.0,9.0
FreeTypeSharp,3.1.0,ok,lib,netstandard2.0,lib/netstandard2.0/FreeTypeSharp.dll,40960.0,83398.0,12274342.0,73.0,167.0,21.0,0.0,4.0,0.0,188.0,4.0,0.0,0.0,157.0,1.0,0.0,1.0,0.0,0.0,2.0,72.0,497.0,74.0,196.0,74.0
Microsoft.ML.OnnxRuntimeGenAI.DirectML,0.14.1,native_only,,,,,65558.0,4931998.0,,,,,,,,,,,,,,,,,,,,,,
Microsoft.Azure.Management.AlertsManagement,1.0.0,ok,lib,netstandard2.0,lib/netstandard2.0/Microsoft.Azure.Management.AlertsManagement.dll,166824.0,122233.0,315396.0,74.0,75.0,157.0,0.0,101.0,0.0,232.0,129.0,5.0,11.0,44.0,66.0,39.0,15.0,0.0,5.0,24.0,21.0,840.0,127.0,607.0,127.0
Basic.Reference.Assemblies.Net90,1.8.11,ok,lib,netstandard2.0,lib/netstandard2.0/Basic.Reference.Assemblies.Net90.dll,6045696.0,2207680.0,2158962.0,5.0,2.0,499.0,0.0,1.0,0.0,501.0,1.0,0.0,6.0,495.0,0.0,0.0,0.0,0.0,0.0,4.0,5.0,339.0,13.0,516.0,13.0
Ecng.Linq,1.0.190,ok,lib,net10.0,lib/net10.0/Ecng.Linq.dll,30720.0,79682.0,100285.0,4.0,35.0,9.0,0.0,1.0,0.0,44.0,59.0,7.0,5.0,35.0,0.0,0.0,0.0,0.0,0.0,3.0,3.0,85.0,22.0,123.0,22.0
BTCPayServer.Hwi,2.0.6,ok,lib,netstandard2.1,lib/netstandard2.1/BTCPayServer.Hwi.dll,57344.0,68057.0,41355.0,21.0,36.0,55.0,0.0,16.0,0.0,91.0,54.0,0.0,11.0,18.0,9.0,3.0,6.0,0.0,3.0,4.0,4.0,239.0,67.0,246.0,67.0
Microsoft.Azure.Management.PowerBIEmbedded,1.1.1-preview,ok,lib,netstandard1.4,lib/netstandard1.4/Microsoft.Azure.Management.PowerBIEmbedded.dll,90712.0,98695.0,99338.0,26.0,41.0,72.0,0.0,41.0,0.0,113.0,77.0,4.0,15.0,31.0,48.0,29.0,17.0,0.0,3.0,7.0,5.0,403.0,68.0,321.0,68.0
Dashing,3.0.0,ok,lib,netstandard1.5,lib/netstandard1.5/Dashing.dll,378368.0,215082.0,314359.0,150.0,907.0,254.0,0.0,95.0,4.0,1161.0,469.0,166.0,188.0,91.0,883.0,364.0,337.0,0.0,50.0,67.0,23.0,1246.0,390.0,2457.0,390.0
Microsoft.ML.OnnxRuntimeGenAI.Cuda,0.15.2,native_only,,,,,65558.0,29077943.0,,,,,,,,,,,,,,,,,,,,,,
AspNetCore.Localizer.Json,1.0.5,ok,lib,net10.0,lib/net10.0/AspNetCore.Localizer.Json.dll,40448.0,85137.0,76679.0,12.0,19.0,29.0,0.0,8.0,0.0,48.0,39.0,17.0,16.0,2.0,17.0,7.0,5.0,0.0,4.0,5.0,3.0,99.0,41.0,200.0,41.0
AdvancedColorPicker,2.0.1,ok,lib,Xamarin.iOS,lib/Xamarin.iOS/AdvancedColorPicker.dll,15872.0,26648.0,19473.0,3.0,12.0,7.0,4.0,7.0,0.0,23.0,11.0,5.0,3.0,4.0,6.0,0.0,0.0,0.0,0.0,0.0,0.0,20.0,11.0,71.0,11.0
Bannerlord.BuildResources,1.1.0.129,metapackage,,,,,19429.0,19429.0,,,,,,,,,,,,,,,,,,,,,,
GeoidHeightsDotNet,1.0.6,ok,lib,netstandard2.0,lib/netstandard2.0/GeoidHeights.dll,2099200.0,2072297.0,8078947.0,2.0,1.0,0.0,0.0,1.0,0.0,1.0,6.0,0.0,0.0,1.0,0.0,0.0,0.0,0.0,0.0,1.0,1.0,12.0,5.0,8.0,5.0
Microsoft.Azure.Management.ManagementPartner,1.1.1-preview,ok,lib,netstandard1.4,lib/netstandard1.4/Microsoft.Azure.Management.ManagementPartner.dll,52808.0,88056.0,72598.0,13.0,19.0,50.0,0.0,22.0,0.0,69.0,41.0,4.0,2.0,12.0,36.0,20.0,14.0,0.0,3.0,5.0,2.0,174.0,29.0,169.0,29.0
Microsoft.Azure.Management.Advisor,0.9.5-preview,ok,lib,netstandard1.4,lib/netstandard1.4/Microsoft.Azure.Management.Advisor.dll,106376.0,102787.0,109561.0,25.0,53.0,70.0,0.0,32.0,0.0,123.0,94.0,5.0,4.0,34.0,57.0,35.0,18.0,0.0,5.0,12.0,7.0,480.0,65.0,310.0,65.0
NuGet.VisualStudio.Contracts,17.14.0,ok,lib,netstandard2.0,lib/netstandard2.0/NuGet.VisualStudio.Contracts.dll,17952.0,69318.0,58097.0,6.0,3.0,8.0,0.0,0.0,0.0,11.0,1.0,0.0,2.0,3.0,1.0,1.0,0.0,0.0,1.0,3.0,5.0,16.0,9.0,16.0,9.0
Ecng.Compilation.Roslyn,1.0.330,ok,lib,net10.0,lib/net10.0/Ecng.Compilation.Roslyn.dll,15872.0,40057.0,32207.0,3.0,3.0,11.0,0.0,3.0,0.0,14.0,11.0,4.0,10.0,0.0,12.0,4.0,0.0,0.0,0.0,1.0,0.0,23.0,10.0,40.0,10.0
Microsoft.OpenTelemetry,1.1.0,ok,lib,netstandard2.0,lib/netstandard2.0/Microsoft.OpenTelemetry.dll,316200.0,196930.0,414418.0,124.0,252.0,412.0,0.0,92.0,4.0,664.0,320.0,29.0,177.0,67.0,113.0,11.0,38.0,0.0,3.0,19.0,85.0,1288.0,299.0,1586.0,299.0
Reshiru.Blazor.IndexedDB.Framework,1.0.1,ok,lib,netstandard2.0,lib/netstandard2.0/Blazor.IndexedDB.Framework.dll,26112.0,35362.0,23311.0,8.0,17.0,7.0,0.0,5.0,0.0,24.0,39.0,0.0,28.0,1.0,10.0,4.0,6.0,0.0,1.0,3.0,4.0,120.0,31.0,99.0,31.0
Spectre.Verify.Extensions,28.16.0,ok,lib,net9.0,lib/net9.0/Spectre.Verify.Extensions.dll,15872.0,60566.0,48052.0,3.0,1.0,3.0,0.0,5.0,0.0,4.0,3.0,0.0,0.0,1.0,0.0,0.0,0.0,0.0,0.0,1.0,3.0,3.0,4.0,12.0,4.0
NSubsys,1.0.0,no_lib_dll,,,,,15442.0,15442.0,,,,,,,,,,,,,,,,,,,,,,
Microsoft.Testing.Extensions.GitHubActionsReport,2.4.0,ok,lib,netstandard2.0,lib/netstandard2.0/Microsoft.Testing.Extensions.GitHubActionsReport.dll,324960.0,194959.0,1311836.0,4.0,7.0,373.0,0.0,0.0,0.0,380.0,367.0,16.0,536.0,7.0,0.0,0.0,0.0,0.0,0.0,3.0,4.0,1334.0,195.0,1506.0,195.0
BluwolfIcons,1.0.1,ok,lib,net461,lib/net461/BluwolfIcons.dll,779776.0,155283.0,102184.0,4.0,8.0,13.0,0.0,4.0,0.0,21.0,0.0,0.0,0.0,3.0,12.0,4.0,8.0,0.0,1.0,1.0,3.0,5.0,5.0,28.0,5.0
Tizen.NET.MaterialComponents,0.9.9-pre2,ok,lib,netstandard2.0,lib/netstandard2.0/Tizen.NET.MaterialComponents.dll,70144.0,94644.0,1489170.0,88.0,52.0,160.0,19.0,71.0,0.0,231.0,121.0,43.0,29.0,22.0,74.0,3.0,14.0,0.0,3.0,18.0,19.0,378.0,102.0,564.0,102.0
RazorBlade,1.0.0,ok,lib,netstandard2.0,lib/netstandard2.0/RazorBlade.dll,33792.0,86835.0,490728.0,12.0,44.0,19.0,0.0,13.0,0.0,63.0,36.0,41.0,10.0,1.0,19.0,5.0,0.0,0.0,1.0,8.0,4.0,92.0,40.0,149.0,40.0
elFinder.NetCore,1.6.0,ok,lib,net10.0,lib/net10.0/elFinder.NetCore.dll,166400.0,127436.0,76526.0,49.0,138.0,131.0,0.0,48.0,1.0,269.0,129.0,27.0,30.0,22.0,144.0,69.0,70.0,0.0,4.0,12.0,8.0,595.0,112.0,570.0,112.0
Repobot.SQLite.Unofficial,3.53.4.1,native_only,,,,,65558.0,30072245.0,,,,,,,,,,,,,,,,,,,,,,
Onvif.Core,3.0.0,ok,lib,netstandard2.1,lib/netstandard2.1/Onvif.Core.dll,413696.0,194227.0,276894.0,628.0,484.0,1442.0,0.0,681.0,0.0,1926.0,156.0,3.0,12.0,13.0,406.0,225.0,163.0,0.0,11.0,13.0,50.0,1992.0,664.0,4197.0,664.0
MahApps.Metro.IconPacks.FontAwesome5,6.2.1,ok,lib,net8.0-windows7.0,lib/net8.0-windows7.0/MahApps.Metro.IconPacks.FontAwesome5.dll,1350144.0,605365.0,2185826.0,6.0,7.0,8.0,0.0,8.0,0.0,15.0,2.0,4.0,0.0,0.0,17.0,0.0,10.0,0.0,0.0,0.0,1.0,1621.0,7.0,33.0,7.0
OrchardCore.Logging.Serilog,3.0.1,ok,lib,net10.0,lib/net10.0/OrchardCore.Logging.Serilog.dll,8704.0,26617.0,22377.0,3.0,3.0,0.0,0.0,1.0,0.0,3.0,3.0,0.0,1.0,2.0,0.0,0.0,0.0,0.0,0.0,2.0,2.0,9.0,6.0,9.0,6.0
Tewr.BlazorWorker.BackgroundService,6.0.0,ok,lib,net9.0,lib/net9.0/BlazorWorker.WorkerBackgroundService.dll,30720.0,79193.0,80884.0,28.0,35.0,55.0,0.0,23.0,0.0,90.0,19.0,1.0,16.0,1.0,30.0,17.0,10.0,0.0,5.0,6.0,1.0,91.0,36.0,202.0,36.0
Microsoft.AspNetCore.Testing,10.9.0,ok,lib,net10.0,lib/net10.0/Microsoft.AspNetCore.Testing.dll,30560.0,82337.0,87311.0,2.0,5.0,1.0,0.0,0.0,0.0,6.0,5.0,0.0,9.0,5.0,0.0,0.0,0.0,0.0,0.0,2.0,2.0,11.0,12.0,78.0,12.0
VsWebSite.Interop,17.10.40170,ok,lib,netstandard2.0,lib/netstandard2.0/VsWebSite.Interop.dll,49088.0,87744.0,122320.0,60.0,109.0,139.0,22.0,15.0,0.0,270.0,4.0,0.0,4.0,0.0,289.0,245.0,0.0,0.0,33.0,36.0,23.0,62.0,65.0,346.0,65.0
Ecng.Logging,1.0.193,ok,lib,net10.0,lib/net10.0/Ecng.Logging.dll,67072.0,97090.0,97445.0,26.0,96.0,70.0,4.0,22.0,2.0,170.0,88.0,23.0,27.0,39.0,84.0,22.0,14.0,0.0,4.0,9.0,8.0,199.0,58.0,370.0,58.0
BIP78.Sender,0.2.5,ok,lib,netstandard2.1,lib/netstandard2.1/BTCPayServer.BIP78.Sender.dll,28160.0,40193.0,27443.0,11.0,11.0,16.0,0.0,8.0,0.0,27.0,20.0,1.0,8.0,7.0,6.0,4.0,0.0,0.0,2.0,3.0,2.0,66.0,24.0,77.0,24.0
SkiaSharp.Views.Gtk3,4.152.0,ok,lib,netstandard2.1,lib/netstandard2.1/SkiaSharp.Views.Gtk3.dll,21304.0,78592.0,216545.0,2.0,18.0,1.0,1.0,1.0,0.0,20.0,2.0,3.0,0.0,15.0,3.0,0.0,0.0,0.0,0.0,1.0,1.0,12.0,6.0,27.0,6.0
Xamarin.DuoSdk,0.0.3.4,ok,lib,monoandroid90,lib/monoandroid90/Xamarin.DuoSdk.dll,22640.0,47044.0,34236.0,4.0,15.0,12.0,1.0,3.0,0.0,28.0,11.0,2.0,3.0,4.0,3.0,0.0,0.0,0.0,0.0,0.0,1.0,14.0,8.0,54.0,8.0
MemoryAnalyzers,0.1.0-beta.5,tools_only,,,,,50099.0,50099.0,,,,,,,,,,,,,,,,,,,,,,
Magick.NET.SystemWindowsMedia,8.0.27,ok,lib,net8.0,lib/net8.0/Magick.NET.SystemWindowsMedia.dll,32944.0,89571.0,81430.0,1.0,2.0,0.0,0.0,0.0,0.0,2.0,3.0,0.0,0.0,2.0,0.0,0.0,0.0,0.0,0.0,1.0,1.0,0.0,3.0,20.0,3.0
Wcwidth.Sources,4.0.1,metapackage,,,,,65558.0,138871.0,,,,,,,,,,,,,,,,,,,,,,
OData2Linq,2.2.1,ok,lib,net8.0,lib/net8.0/OData2Linq.dll,23040.0,38282.0,27268.0,6.0,15.0,13.0,0.0,3.0,0.0,28.0,18.0,0.0,8.0,11.0,6.0,0.0,4.0,0.0,0.0,1.0,1.0,30.0,15.0,68.0,15.0
Microsoft.VisualStudio.DebuggerVisualizers,17.6.1032901,ok,ref,netstandard2.0,ref/netstandard2.0/Microsoft.VisualStudio.DebuggerVisualizers.dll,22424.0,78429.0,98033.0,3.0,12.0,13.0,0.0,1.0,0.0,25.0,2.0,1.0,0.0,7.0,7.0,4.0,0.0,0.0,1.0,1.0,1.0,11.0,24.0,71.0,24.0
Bannerlord.ButterLib,2.11.1,ok,ref,netstandard2.0,ref/netstandard2.0/Bannerlord.ButterLib.dll,113664.0,106774.0,806244.0,81.0,298.0,240.0,6.0,49.0,17.0,544.0,3.0,109.0,30.0,104.0,224.0,28.0,9.0,0.0,5.0,26.0,52.0,259.0,266.0,1649.0,266.0
Duplicati.StreamUtil,1.0.5,ok,lib,net8.0,lib/net8.0/StreamUtil.dll,26112.0,55322.0,42890.0,8.0,35.0,23.0,0.0,16.0,0.0,58.0,28.0,9.0,4.0,0.0,41.0,2.0,1.0,0.0,0.0,2.0,3.0,111.0,23.0,124.0,23.0
Vanara.PInvoke.SHCore,5.0.7,ok,lib,netstandard2.1,lib/netstandard2.1/Vanara.PInvoke.SHCore.dll,9216.0,69937.0,129955.0,6.0,10.0,0.0,0.0,0.0,0.0,10.0,0.0,0.0,0.0,10.0,0.0,0.0,0.0,0.0,0.0,1.0,6.0,23.0,10.0,14.0,10.0
CocosSharp,1.7.1,ok,lib,wpa81,lib/wpa81/box2d.dll,166912.0,128849.0,4696155.0,116.0,569.0,67.0,0.0,83.0,19.0,636.0,30.0,9.0,0.0,101.0,309.0,20.0,4.0,0.0,2.0,10.0,51.0,860.0,124.0,831.0,124.0
OwlCore.Storage,0.15.0,ok,lib,netstandard2.0,lib/netstandard2.0/OwlCore.Storage.dll,200192.0,170722.0,472002.0,95.0,163.0,159.0,7.0,48.0,0.0,329.0,291.0,12.0,36.0,58.0,175.0,30.0,86.0,0.0,45.0,57.0,26.0,806.0,217.0,817.0,217.0
Senparc.Weixin.WxOpen.Middleware,1.5.7,ok,lib,netstandard2.1,lib/netstandard2.1/Senparc.Weixin.WxOpen.Middleware.dll,11264.0,53250.0,47850.0,2.0,5.0,0.0,0.0,1.0,0.0,5.0,5.0,0.0,0.0,1.0,4.0,0.0,0.0,0.0,0.0,1.0,1.0,11.0,5.0,11.0,5.0
WebView.Avalonia,11.0.0.1,ok,lib,netstandard2.0,lib/netstandard2.0/WebView.Core.dll,26112.0,77358.0,320555.0,26.0,33.0,67.0,6.0,14.0,2.0,106.0,9.0,3.0,2.0,10.0,52.0,46.0,0.0,0.0,10.0,12.0,3.0,79.0,48.0,200.0,48.0
Testcontainers.Consul,4.15.0,ok,lib,netstandard2.1,lib/netstandard2.1/Testcontainers.Consul.dll,17408.0,78825.0,172565.0,3.0,6.0,1.0,0.0,9.0,0.0,7.0,2.0,6.0,2.0,0.0,6.0,0.0,0.0,0.0,0.0,0.0,3.0,8.0,8.0,25.0,8.0
LivetCask.Behaviors,4.0.2,ok,lib,net6.0-windows7.0,lib/net6.0-windows7.0/Livet.Behaviors.dll,315392.0,140061.0,234356.0,266.0,138.0,310.0,0.0,137.0,0.0,448.0,154.0,138.0,0.0,0.0,138.0,0.0,0.0,0.0,0.0,0.0,129.0,3718.0,344.0,1103.0,344.0
tlbimp-Microsoft.Search.Interop,1.0.0,ok,lib,net45,lib/net45/Microsoft.Search.Interop.dll,54720.0,51207.0,31292.0,127.0,200.0,70.0,0.0,3.0,0.0,270.0,0.0,0.0,7.0,0.0,318.0,202.0,0.0,0.0,31.0,31.0,86.0,302.0,128.0,328.0,128.0
Mighty,3.3.0,ok,lib,netstandard2.1,lib/netstandard2.1/Mighty.dll,273408.0,164392.0,666269.0,33.0,578.0,120.0,0.0,26.0,0.0,698.0,432.0,93.0,95.0,22.0,640.0,302.0,0.0,0.0,0.0,7.0,8.0,1831.0,286.0,1439.0,286.0
Xamarin.Social,1.1.8,ok,lib,MonoAndroid10,lib/MonoAndroid10/Xamarin.Social.dll,38400.0,77197.0,59770.0,21.0,46.0,34.0,1.0,21.0,3.0,81.0,43.0,28.0,13.0,11.0,34.0,2.0,2.0,0.0,0.0,4.0,2.0,86.0,35.0,202.0,35.0
Microsoft.VisualStudio.VsInteractiveWindow,4.0.0,ok,lib,net472,lib/net472/Microsoft.VisualStudio.VsInteractiveWindow.dll,91536.0,135208.0,831414.0,7.0,9.0,26.0,0.0,1.0,0.0,35.0,20.0,3.0,16.0,2.0,8.0,6.0,0.0,0.0,4.0,6.0,3.0,81.0,27.0,115.0,27.0
Susanoo.SqlServer,9.0.1.14,ok,lib,net45,lib/net45/Susanoo.SqlServer.dll,11264.0,24776.0,18951.0,3.0,5.0,2.0,0.0,0.0,0.0,7.0,4.0,0.0,6.0,5.0,0.0,0.0,0.0,0.0,0.0,3.0,3.0,13.0,10.0,25.0,10.0
WebView.Avalonia.Desktop,11.0.0.1,ok,lib,netstandard2.0,lib/netstandard2.0/Avalonia.WebView.Desktop.dll,10240.0,50163.0,45414.0,1.0,1.0,15.0,0.0,0.0,0.0,16.0,0.0,0.0,0.0,1.0,0.0,0.0,0.0,0.0,0.0,1.0,1.0,20.0,19.0,40.0,19.0
CommunityToolkit.WinUI.Media,8.2.251219,ok,lib,net9.0-windows10.0.19041,lib/net9.0-windows10.0.19041/CommunityToolkit.WinUI.Media.dll,158032.0,128782.0,286401.0,61.0,165.0,100.0,0.0,50.0,0.0,265.0,277.0,61.0,129.0,29.0,91.0,8.0,2.0,0.0,1.0,9.0,47.0,718.0,215.0,840.0,215.0
Meziantou.Framework.Win32.Jobs,4.0.2,ok,lib,net11.0,lib/net11.0/Meziantou.Framework.Win32.Jobs.dll,299520.0,230360.0,466904.0,14.0,41.0,62.0,0.0,9.0,10.0,103.0,16.0,0.0,44.0,12.0,21.0,0.0,6.0,0.0,0.0,0.0,14.0,3661.0,49.0,250.0,49.0
KGySoft.Drawing,10.1.0,ok,lib,netstandard2.1,lib/netstandard2.1/KGySoft.Drawing.dll,1266688.0,997966.0,8057007.0,17.0,221.0,72.0,0.0,1.0,1.0,293.0,103.0,2.0,285.0,242.0,2.0,0.0,0.0,0.0,0.0,11.0,17.0,513.0,108.0,688.0,108.0
MonoDevelop.Addins,0.4.7,native_only,,,,,65558.0,504704.0,,,,,,,,,,,,,,,,,,,,,,
mbprogresshud,0.9.2,ok,lib,MonoTouch,lib/MonoTouch/MBProgressHUD.dll,817664.0,354225.0,585889.0,14.0,82.0,40.0,1.0,24.0,0.0,123.0,13.0,8.0,0.0,67.0,87.0,0.0,0.0,0.0,1.0,2.0,5.0,200.0,24.0,213.0,24.0
CommunityToolkit.WinUI.Collections,8.2.251219,ok,lib,net9.0,lib/net9.0/CommunityToolkit.WinUI.Collections.dll,244048.0,107308.0,433682.0,8.0,37.0,668.0,4.0,8.0,0.0,709.0,29.0,6.0,639.0,3.0,64.0,13.0,49.0,0.0,2.0,2.0,2.0,58.0,16.0,768.0,16.0
Microsoft.Native.Quic.MsQuic.OpenSSL,2.6.1,native_only,,,,,65558.0,19218633.0,,,,,,,,,,,,,,,,,,,,,,
TinyTwitter,1.1.2,metapackage,,,,,14746.0,14746.0,,,,,,,,,,,,,,,,,,,,,,
Blazor.LocalStorage,10.1.0,ok,lib,net10.0,lib/net10.0/Blazor.LocalStorage.dll,27136.0,87446.0,102569.0,8.0,7.0,18.0,0.0,4.0,0.0,25.0,6.0,0.0,0.0,2.0,6.0,6.0,0.0,0.0,1.0,3.0,5.0,20.0,11.0,51.0,11.0
JustArchiNET.Madness,3.17.0,ok,lib,netstandard2.1,lib/netstandard2.1/JustArchiNET.Madness.dll,70656.0,111216.0,167917.0,36.0,104.0,23.0,0.0,31.0,0.0,127.0,3.0,1.0,4.0,98.0,2.0,0.0,2.0,0.0,0.0,16.0,28.0,94.0,44.0,184.0,44.0
LivetCask.EventListeners,4.0.2,ok,lib,netstandard2.0,lib/netstandard2.0/Livet.EventListeners.dll,30720.0,62832.0,49998.0,6.0,34.0,40.0,0.0,12.0,0.0,74.0,17.0,8.0,30.0,0.0,4.0,0.0,2.0,0.0,0.0,0.0,4.0,110.0,95.0,254.0,95.0
GlobalHotKey,1.1.0,ok,lib,,lib/GlobalHotKey.dll,9216.0,23322.0,17723.0,3.0,8.0,3.0,1.0,4.0,0.0,12.0,6.0,0.0,0.0,0.0,3.0,0.0,1.0,0.0,0.0,0.0,0.0,7.0,5.0,28.0,5.0
Bannerlord.MCM,5.12.3,ok,lib,netstandard2.0,lib/netstandard2.0/MCMv5.dll,495104.0,246673.0,480609.0,176.0,380.0,618.0,27.0,112.0,12.0,1025.0,736.0,112.0,398.0,96.0,542.0,168.0,215.0,0.0,61.0,93.0,65.0,1551.0,700.0,3881.0,700.0
Finbuckle.MultiTenant.Identity.EntityFrameworkCore,10.1.3,ok,lib,net10.0,lib/net10.0/Finbuckle.MultiTenant.Identity.EntityFrameworkCore.dll,10752.0,42223.0,37223.0,4.0,3.0,3.0,0.0,8.0,0.0,6.0,3.0,7.0,0.0,0.0,6.0,0.0,3.0,0.0,0.0,2.0,0.0,9.0,6.0,19.0,6.0
WPF-UI.Tray,4.3.0,ok,lib,net10.0-windows7.0,lib/net10.0-windows7.0/Wpf.Ui.Tray.dll,43008.0,86486.0,368068.0,31.0,37.0,42.0,12.0,7.0,0.0,91.0,17.0,29.0,3.0,0.0,51.0,11.0,12.0,0.0,1.0,1.0,27.0,541.0,42.0,262.0,42.0
Deorcify,2.0.1,ok,lib,netstandard2.0,lib/netstandard2.0/Deorcify.dll,365568.0,316191.0,810832.0,248.0,322.0,130.0,0.0,4.0,0.0,452.0,231.0,6.0,26.0,157.0,4.0,0.0,4.0,0.0,0.0,122.0,248.0,710.0,551.0,1474.0,551.0
Senparc.Weixin.Work.Middleware,1.5.6,ok,lib,netstandard2.1,lib/netstandard2.1/Senparc.Weixin.Work.Middleware.dll,11264.0,53870.0,48336.0,2.0,5.0,0.0,0.0,1.0,0.0,5.0,5.0,0.0,0.0,1.0,4.0,0.0,0.0,0.0,0.0,1.0,1.0,11.0,5.0,11.0,5.0
Sdl.MultiSelectComboBox,1.0.114,ok,lib,net6.0-windows7.0,lib/net6.0-windows7.0/Sdl.MultiSelectComboBox.dll,87040.0,97107.0,76755.0,24.0,30.0,68.0,2.0,11.0,0.0,100.0,139.0,11.0,25.0,8.0,37.0,14.0,12.0,0.0,6.0,8.0,6.0,142.0,44.0,319.0,44.0
Microsoft.Azure.Synapse,0.1.0-preview,ok,lib,netstandard2.0,lib/netstandard2.0/Microsoft.Azure.Synapse.dll,161656.0,118838.0,235419.0,55.0,65.0,241.0,0.0,85.0,0.0,306.0,99.0,3.0,6.0,42.0,59.0,39.0,14.0,0.0,5.0,15.0,10.0,842.0,103.0,735.0,103.0
SshNet.Agent,2026.0.0,ok,lib,netstandard2.1,lib/netstandard2.1/SshNet.Agent.dll,46080.0,86672.0,113040.0,5.0,22.0,31.0,0.0,10.0,0.0,53.0,58.0,5.0,11.0,0.0,1.0,0.0,1.0,0.0,0.0,0.0,0.0,228.0,52.0,207.0,52.0
WebRtcVadSharp,1.3.2,ok,lib,netstandard2.0,lib/netstandard2.0/WebRtcVadSharp.dll,11264.0,71076.0,487887.0,7.0,30.0,6.0,0.0,3.0,0.0,36.0,10.0,1.0,0.0,0.0,42.0,20.0,21.0,0.0,2.0,2.0,3.0,20.0,9.0,62.0,9.0
MongoSandbox8.runtime.linux-x64,2.0.0,metapackage,,,,,65558.0,77001185.0,,,,,,,,,,,,,,,,,,,,,,
NCache.Microsoft.Extensions.Caching.OpenSource,5.3.6.2,ok,lib,netstandard2.0,lib/netstandard2.0/Alachisoft.NCache.DistributedCache.dll,17920.0,50798.0,42851.0,3.0,15.0,23.0,0.0,2.0,0.0,38.0,2.0,0.0,5.0,2.0,9.0,0.0,9.0,0.0,0.0,1.0,1.0,38.0,8.0,72.0,8.0
Microsoft.Azure.Management.MachineLearningCompute,0.4.0,ok,lib,netstandard1.4,lib/netstandard1.4/Microsoft.Azure.Management.MachineLearningCompute.dll,112712.0,105289.0,121307.0,44.0,60.0,117.0,0.0,70.0,0.0,177.0,98.0,4.0,2.0,30.0,63.0,31.0,16.0,0.0,3.0,12.0,9.0,515.0,78.0,437.0,78.0
LivetCask.Messaging,4.0.2,ok,lib,net6.0-windows7.0,lib/net6.0-windows7.0/Livet.Messaging.dll,45056.0,85221.0,70277.0,26.0,35.0,80.0,1.0,49.0,0.0,116.0,35.0,26.0,21.0,0.0,25.0,2.0,3.0,0.0,0.0,3.0,3.0,158.0,114.0,360.0,114.0
Microsoft.WindowsAzure.Management.ExpressRoute,0.23.0-preview,ok,lib,net40,lib/net40/Microsoft.WindowsAzure.Management.ExpressRoute.dll,220352.0,134162.0,178871.0,92.0,179.0,210.0,0.0,55.0,0.0,389.0,124.0,1.0,78.0,114.0,103.0,76.0,14.0,0.0,16.0,32.0,28.0,1227.0,222.0,924.0,222.0
CocosSharp.Forms,1.7.1,ok,lib,MonoAndroid10,lib/MonoAndroid10/box2d.dll,166912.0,128857.0,90314.0,116.0,569.0,67.0,0.0,83.0,19.0,636.0,30.0,9.0,0.0,101.0,309.0,20.0,4.0,0.0,2.0,10.0,51.0,860.0,124.0,831.0,124.0
XAMLTools.MSBuild,1.0.0-alpha0178,native_only,,,,,65558.0,4445086.0,,,,,,,,,,,,,,,,,,,,,,
Microsoft.Agents.AI.AGUI,1.13.0-preview.260703.1,ok,lib,netstandard2.0,lib/netstandard2.0/Microsoft.Agents.AI.AGUI.dll,210744.0,140478.0,422970.0,1.0,2.0,143.0,0.0,1.0,0.0,145.0,252.0,3.0,392.0,0.0,2.0,0.0,0.0,0.0,0.0,0.0,1.0,765.0,109.0,1019.0,109.0
Basic.Reference.Assemblies.Net50,1.8.11,ok,lib,netstandard2.0,lib/netstandard2.0/Basic.Reference.Assemblies.Net50.dll,4680192.0,1579695.0,1530975.0,5.0,2.0,463.0,0.0,1.0,0.0,465.0,1.0,0.0,6.0,459.0,0.0,0.0,0.0,0.0,0.0,4.0,5.0,315.0,13.0,480.0,13.0
Senparc.CO2NET.WebApi,2.1.4,ok,lib,netstandard2.1,lib/netstandard2.1/Senparc.CO2NET.WebApi.dll,56832.0,92728.0,75649.0,14.0,18.0,49.0,0.0,12.0,0.0,67.0,55.0,0.0,35.0,20.0,2.0,0.0,1.0,0.0,0.0,3.0,3.0,195.0,42.0,210.0,42.0
H.Hooks,1.7.0,ok,lib,netstandard2.0,lib/netstandard2.0/H.Hooks.dll,77312.0,122713.0,441717.0,11.0,15.0,54.0,8.0,3.0,2.0,77.0,28.0,2.0,54.0,8.0,6.0,0.0,1.0,0.0,0.0,5.0,7.0,415.0,46.0,268.0,46.0
KGySoft.Drawing.Core,10.0.2,ok,lib,netstandard2.1,lib/netstandard2.1/KGySoft.Drawing.Core.dll,951296.0,365959.0,6152483.0,75.0,1132.0,617.0,0.0,60.0,35.0,1749.0,555.0,183.0,1558.0,1004.0,140.0,84.0,17.0,0.0,19.0,31.0,53.0,3364.0,1056.0,6255.0,1056.0
Unofficial.ObjectListView,2.6.0,ok,lib,net20,lib/net20/ObjectListView.dll,407040.0,275359.0,222158.0,232.0,951.0,824.0,48.0,225.0,0.0,1823.0,218.0,450.0,76.0,32.0,1170.0,63.0,48.0,0.0,15.0,16.0,72.0,1420.0,294.0,3124.0,294.0
WPF-UI.DependencyInjection,4.3.0,ok,lib,netstandard2.1,lib/netstandard2.1/Wpf.Ui.DependencyInjection.dll,12288.0,71514.0,248782.0,2.0,2.0,18.0,0.0,1.0,0.0,20.0,0.0,0.0,0.0,1.0,1.0,0.0,1.0,0.0,0.0,1.0,1.0,36.0,27.0,55.0,27.0
Squid-Box.SevenZipSharp.Lite,1.6.2.24,ok,lib,netstandard2.0,lib/netstandard2.0/SevenZipSharp.dll,185344.0,140430.0,435851.0,46.0,114.0,111.0,22.0,72.0,4.0,247.0,185.0,23.0,94.0,13.0,58.0,6.0,14.0,0.0,3.0,5.0,26.0,975.0,192.0,1059.0,192.0
Microsoft.Extensions.Telemetry.Testing,8.0.0-rc.2.23510.2,ok,lib,net8.0,lib/net8.0/Microsoft.Extensions.Telemetry.Testing.dll,51648.0,91882.0,138105.0,10.0,35.0,34.0,0.0,13.0,0.0,69.0,16.0,2.0,32.0,13.0,9.0,0.0,6.0,0.0,0.0,2.0,5.0,87.0,32.0,195.0,32.0
Toolbelt.Blazor.SpeechSynthesis,11.0.0,ok,lib,net10.0,lib/net10.0/Toolbelt.Blazor.SpeechSynthesis.dll,34304.0,80392.0,72666.0,6.0,15.0,30.0,14.0,3.0,0.0,59.0,39.0,0.0,17.0,1.0,1.0,0.0,1.0,0.0,0.0,1.0,1.0,120.0,29.0,153.0,29.0
LibUsbDfu,1.1.7,ok,lib,netstandard2.0,lib/netstandard2.0/LibUsbDfu.dll,11264.0,33006.0,27172.0,2.0,16.0,7.0,0.0,1.0,2.0,23.0,7.0,11.0,0.0,5.0,17.0,0.0,1.0,0.0,0.0,0.0,1.0,6.0,3.0,31.0,3.0
Microsoft.Agents.AI.Declarative,1.20.0-rc1,ok,lib,netstandard2.0,lib/netstandard2.0/Microsoft.Agents.AI.Declarative.dll,53048.0,92416.0,190761.0,9.0,13.0,20.0,0.0,3.0,0.0,33.0,13.0,2.0,27.0,9.0,3.0,1.0,0.0,0.0,0.0,7.0,8.0,84.0,56.0,167.0,56.0
Ookii.Dialogs.WindowsForms,4.0.0,metapackage,,,,,20285.0,20285.0,,,,,,,,,,,,,,,,,,,,,,
CommunityToolkit.WinUI.Controls.ColorPicker,8.2.251219,ok,lib,net9.0,lib/net9.0/CommunityToolkit.WinUI.Controls.ColorPicker.dll,481616.0,166750.0,1131335.0,85.0,238.0,998.0,1.0,82.0,0.0,1237.0,669.0,7.0,1114.0,4.0,237.0,3.0,11.0,0.0,1.0,1.0,75.0,832.0,181.0,2317.0,181.0
CocosSharp.PCL.Shared,1.6.2,ok,lib,net40,lib/net40/box2d.dll,172544.0,130485.0,15464929.0,116.0,569.0,67.0,0.0,83.0,19.0,636.0,30.0,9.0,0.0,101.0,309.0,20.0,4.0,0.0,2.0,10.0,51.0,860.0,124.0,831.0,124.0
LivetCask.Mvvm,4.0.2,ok,lib,net6.0-windows7.0,lib/net6.0-windows7.0/Livet.Mvvm.dll,24064.0,54888.0,43922.0,6.0,13.0,45.0,4.0,7.0,0.0,62.0,8.0,8.0,3.0,4.0,12.0,0.0,9.0,0.0,0.0,3.0,3.0,79.0,85.0,181.0,85.0
Azure.ResourceManager.Kubernetes,1.0.0-beta.6,ok,lib,netstandard2.0,lib/netstandard2.0/Azure.ResourceManager.Kubernetes.dll,315752.0,188726.0,479667.0,38.0,152.0,250.0,0.0,33.0,28.0,402.0,447.0,130.0,138.0,72.0,128.0,0.0,18.0,0.0,0.0,2.0,18.0,1137.0,270.0,1587.0,270.0
Azure.AI.VoiceLive,1.2.0,ok,lib,netstandard2.0,lib/netstandard2.0/Azure.AI.VoiceLive.dll,1013608.0,347372.0,1183113.0,187.0,876.0,1107.0,0.0,105.0,118.0,1983.0,1331.0,1077.0,896.0,369.0,714.0,0.0,41.0,0.0,0.0,13.0,40.0,2576.0,652.0,5739.0,652.0
StaticCS,0.3.1,tools_only,,,,,20442.0,20442.0,,,,,,,,,,,,,,,,,,,,,,
Microsoft.Azure.Management.StorageCache,2.0.0,ok,lib,netstandard2.0,lib/netstandard2.0/Microsoft.Azure.Management.StorageCache.dll,147832.0,116478.0,293345.0,84.0,95.0,208.0,0.0,119.0,0.0,303.0,127.0,5.0,3.0,40.0,91.0,35.0,35.0,0.0,7.0,25.0,19.0,746.0,127.0,706.0,127.0
Microsoft.Azure.Attestation,0.10.0-preview,ok,lib,netstandard2.0,lib/netstandard2.0/Microsoft.Azure.Attestation.dll,65400.0,90229.0,119163.0,14.0,29.0,31.0,0.0,11.0,0.0,60.0,55.0,4.0,8.0,18.0,39.0,23.0,10.0,0.0,5.0,10.0,5.0,271.0,39.0,149.0,39.0
AssimpNetter,6.0.5,ok,lib,netstandard2.1,lib/netstandard2.1/AssimpNetter.dll,297472.0,183484.0,25372583.0,247.0,513.0,538.0,2.0,210.0,30.0,1053.0,325.0,63.0,49.0,180.0,268.0,16.0,29.0,0.0,2.0,11.0,232.0,1242.0,376.0,2325.0,376.0
Azure.AI.AgentServer.Invocations,1.0.0-beta.7,ok,lib,net10.0,lib/net10.0/Azure.AI.AgentServer.Invocations.dll,157544.0,133808.0,199911.0,42.0,41.0,112.0,0.0,31.0,0.0,153.0,195.0,22.0,135.0,13.0,29.0,2.0,1.0,0.0,0.0,12.0,34.0,527.0,151.0,645.0,151.0
fo-dicom.Imaging.Desktop,5.2.6,ok,lib,net9.0-windows7.0,lib/net9.0-windows7.0/fo-dicom.Imaging.Desktop.dll,16384.0,74610.0,82256.0,11.0,19.0,0.0,0.0,5.0,0.0,19.0,11.0,0.0,0.0,10.0,9.0,0.0,3.0,0.0,0.0,6.0,10.0,3.0,12.0,35.0,12.0
CommunityToolkit.Uwp.Controls.SettingsControls,8.2.251219,ok,lib,net9.0,lib/net9.0/CommunityToolkit.WinUI.Controls.SettingsControls.dll,450384.0,153401.0,986590.0,59.0,181.0,1004.0,2.0,57.0,0.0,1187.0,559.0,20.0,1180.0,5.0,173.0,0.0,0.0,0.0,0.0,1.0,54.0,737.0,128.0,2147.0,128.0
BTCPayServer.NTag424,1.0.25,ok,lib,net8.0,lib/net8.0/BTCPayServer.NTag424.dll,86016.0,98587.0,61835.0,24.0,131.0,78.0,0.0,37.0,26.0,209.0,57.0,36.0,19.0,34.0,76.0,1.0,1.0,0.0,1.0,1.0,6.0,279.0,56.0,444.0,56.0
JsonSignature,1.0.0,ok,lib,net8.0,lib/net8.0/JsonSignature.dll,28672.0,43331.0,29773.0,5.0,27.0,32.0,0.0,7.0,6.0,59.0,49.0,10.0,11.0,9.0,30.0,0.0,0.0,0.0,0.0,1.0,1.0,65.0,13.0,138.0,13.0
Cogwheel,2.1.1,ok,lib,netstandard2.0,lib/netstandard2.0/Cogwheel.dll,283648.0,262056.0,783515.0,185.0,225.0,70.0,0.0,4.0,0.0,295.0,202.0,5.0,19.0,109.0,4.0,0.0,0.0,0.0,0.0,93.0,184.0,604.0,418.0,980.0,418.0
BsDiff,1.1.0,ok,lib,netstandard2.0,lib/netstandard2.0/BsDiff.dll,21504.0,79868.0,64168.0,1.0,3.0,0.0,0.0,0.0,0.0,3.0,4.0,0.0,3.0,3.0,0.0,0.0,0.0,0.0,0.0,1.0,1.0,5.0,8.0,19.0,8.0
Microsoft.Native.Quic.MsQuic.Schannel,2.6.1,native_only,,,,,65558.0,4401670.0,,,,,,,,,,,,,,,,,,,,,,
Google.Apis.Keep.v1,1.74.0.3729,ok,lib,netstandard2.0,lib/netstandard2.0/Google.Apis.Keep.v1.dll,28672.0,77621.0,95264.0,32.0,24.0,110.0,0.0,30.0,0.0,134.0,13.0,12.0,0.0,0.0,201.0,0.0,0.0,0.0,0.0,2.0,3.0,101.0,33.0,245.0,33.0
Serilog.Sinks.SignalR.Core,0.1.2,ok,lib,netstandard2.0,lib/netstandard2.0/Serilog.Sinks.SignalR.Core.dll,7680.0,23265.0,19227.0,4.0,4.0,0.0,0.0,2.0,0.0,4.0,2.0,1.0,0.0,1.0,2.0,1.0,1.0,0.0,1.0,3.0,1.0,10.0,6.0,8.0,6.0
AGUI.Abstractions,0.0.6,ok,lib,netstandard2.0,lib/netstandard2.0/AGUI.Abstractions.dll,487424.0,196529.0,732667.0,102.0,27.0,422.0,0.0,90.0,3.0,449.0,312.0,6.0,1458.0,12.0,77.0,6.0,3.0,0.0,0.0,19.0,94.0,2032.0,192.0,2641.0,192.0
Microsoft.VisualStudio.Extensibility,17.14.2098,ok,lib,netstandard2.0,lib/netstandard2.0/Microsoft.VisualStudio.Extensibility.dll,316256.0,197760.0,1071562.0,103.0,259.0,385.0,13.0,86.0,24.0,657.0,525.0,65.0,188.0,93.0,200.0,57.0,57.0,0.0,17.0,45.0,39.0,1361.0,352.0,1657.0,352.0
Microsoft.VisualStudio.Extensibility.JsonGenerators.Sdk,17.14.2098,tools_only,,,,,65558.0,986288.0,,,,,,,,,,,,,,,,,,,,,,
Bannerlord.UIExtenderEx,2.13.3,ok,lib,netstandard2.0,lib/netstandard2.0/Bannerlord.UIExtenderEx.dll,269824.0,168295.0,305793.0,35.0,77.0,237.0,1.0,31.0,0.0,315.0,357.0,113.0,198.0,12.0,70.0,19.0,2.0,0.0,3.0,17.0,15.0,781.0,296.0,1963.0,296.0
StrongOf,3.0.31,ok,lib,net11.0,lib/net11.0/StrongOf.dll,47616.0,84433.0,192850.0,50.0,279.0,15.0,0.0,34.0,68.0,294.0,2.0,12.0,0.0,170.0,156.0,39.0,73.0,0.0,14.0,28.0,16.0,4.0,51.0,398.0,51.0
MP.DotSpatial.Projections,4.0.0,ok,lib,netstandard2.0,lib/netstandard2.0/DotSpatial.Projections.dll,1542656.0,491683.0,467074.0,176.0,317.0,278.0,0.0,173.0,0.0,595.0,57.0,249.0,74.0,47.0,276.0,29.0,44.0,0.0,7.0,15.0,20.0,4296.0,199.0,978.0,199.0
HMBSbige.SingleInstance,7.0.0,ok,lib,net10.0,lib/net10.0/SingleInstance.dll,24064.0,50992.0,34051.0,1.0,4.0,3.0,0.0,1.0,0.0,7.0,16.0,0.0,7.0,0.0,2.0,0.0,2.0,0.0,0.0,0.0,1.0,49.0,7.0,31.0,7.0
Chocolatey.NuGet.PackageManagement,3.5.0,ok,lib,netstandard2.0,lib/netstandard2.0/Chocolatey.NuGet.PackageManagement.dll,415744.0,223155.0,385639.0,123.0,364.0,333.0,38.0,82.0,0.0,735.0,470.0,18.0,446.0,138.0,259.0,151.0,59.0,0.0,22.0,57.0,41.0,2017.0,412.0,1881.0,412.0
MongoSandbox8.runtime.win-x64,2.0.0,metapackage,,,,,65558.0,48372276.0,,,,,,,,,,,,,,,,,,,,,,
NimblePros.Metronome,0.4.1,ok,lib,net8.0,lib/net8.0/NimblePros.Metronome.dll,15872.0,47508.0,40058.0,7.0,12.0,4.0,0.0,5.0,0.0,16.0,15.0,1.0,5.0,4.0,7.0,0.0,0.0,0.0,0.0,2.0,3.0,51.0,14.0,42.0,14.0
Microsoft.VisualStudio.ProjectSystem.Managed.VS,2.0.6142705,ok,lib,net46,lib/net46/Microsoft.VisualStudio.ProjectSystem.Managed.VS.dll,498504.0,251133.0,196964.0,34.0,62.0,444.0,20.0,6.0,0.0,526.0,520.0,146.0,189.0,42.0,102.0,77.0,14.0,0.0,23.0,26.0,4.0,1397.0,410.0,1966.0,410.0
SharpShellTools,2.2.1,ok,lib,,lib/SharpShell.dll,403456.0,204895.0,629938.0,216.0,359.0,92.0,0.0,54.0,0.0,451.0,311.0,60.0,56.0,78.0,276.0,233.0,5.0,0.0,45.0,78.0,127.0,3563.0,271.0,1044.0,271.0
Microsoft.WindowsAzure.Management.Store,0.15.1-preview,ok,lib,net40,lib/net40/Microsoft.WindowsAzure.Management.Store.dll,54936.0,89060.0,67235.0,15.0,30.0,48.0,0.0,16.0,0.0,78.0,20.0,1.0,2.0,18.0,30.0,18.0,9.0,0.0,3.0,6.0,3.0,252.0,35.0,176.0,35.0
AnsiConsoleToHtml,0.2.0,ok,lib,net7.0,lib/net7.0/AnsiConsoleToHtml.dll,52224.0,59936.0,39325.0,2.0,12.0,53.0,0.0,1.0,0.0,65.0,13.0,0.0,92.0,2.0,9.0,0.0,8.0,0.0,0.0,1.0,2.0,79.0,49.0,191.0,49.0
Microsoft.Windows.MixedReality.DotNetWinRT,0.5.1049,ok,lib,netstandard2.0,lib/netstandard2.0/Microsoft.Windows.MixedReality.DotNetWinRT.dll,115304.0,114366.0,345376.0,176.0,276.0,176.0,4.0,78.0,0.0,456.0,77.0,12.0,61.0,24.0,232.0,0.0,9.0,0.0,0.0,0.0,144.0,593.0,366.0,1258.0,366.0
PlayniteSDK,6.16.0,ok,lib,net462,lib/net462/Playnite.SDK.dll,165888.0,132053.0,122069.0,226.0,416.0,606.0,15.0,221.0,2.0,1037.0,94.0,23.0,106.0,75.0,438.0,284.0,44.0,0.0,26.0,49.0,40.0,962.0,253.0,1848.0,253.0
Mpv.NET,1.2.0,ok,lib,netstandard2.0,lib/netstandard2.0/Mpv.NET.dll,63488.0,73460.0,48822.0,67.0,188.0,138.0,46.0,57.0,0.0,372.0,87.0,4.0,3.0,8.0,335.0,111.0,115.0,0.0,3.0,5.0,50.0,229.0,78.0,607.0,78.0
C1.Win.SuperTooltip,10.0.20261.813,ok,lib,net10.0-windows7.0,lib/net10.0-windows7.0/C1.Win.SuperTooltip.10.dll,216120.0,154620.0,612452.0,8.0,30.0,220.0,2.0,8.0,0.0,252.0,197.0,51.0,102.0,21.0,16.0,0.0,8.0,0.0,0.0,3.0,4.0,934.0,162.0,866.0,162.0
Inkore.UI.WPF.Modern,0.10.2.1,ok,lib,net6.0-windows7.0,lib/net6.0-windows7.0/iNKORE.UI.WPF.Modern.dll,7404032.0,2813180.0,10767423.0,168.0,531.0,405.0,13.0,91.0,2.0,949.0,703.0,86.0,200.0,415.0,161.0,10.0,55.0,0.0,1.0,50.0,93.0,21837.0,327.0,2324.0,327.0
NetCoreEx.Geometry,3.0.0,ok,lib,netstandard1.4,lib/netstandard1.4/NetCoreEx.Geometry.dll,16896.0,25072.0,18194.0,10.0,114.0,18.0,0.0,18.0,18.0,132.0,0.0,0.0,0.0,54.0,36.0,0.0,9.0,0.0,0.0,0.0,10.0,28.0,11.0,177.0,11.0
MdXaml.Html,1.27.0,ok,lib,net6.0-windows7.0,lib/net6.0-windows7.0/MdXaml.Html.dll,71680.0,98174.0,142340.0,31.0,52.0,69.0,0.0,24.0,0.0,121.0,117.0,0.0,31.0,4.0,47.0,5.0,42.0,0.0,4.0,5.0,4.0,194.0,73.0,357.0,73.0
Microsoft.WindowsPackageManager.InProcCom,1.29.290,native_only,,,,,65558.0,101007822.0,,,,,,,,,,,,,,,,,,,,,,
Openur.FFMpegCore,5.4.0.37,ok,lib,netstandard2.0,lib/netstandard2.0/FFMpegCore.dll,156160.0,133188.0,85972.0,160.0,296.0,374.0,1.0,125.0,0.0,671.0,165.0,7.0,107.0,118.0,171.0,39.0,128.0,0.0,15.0,36.0,33.0,720.0,241.0,1284.0,241.0
WinApi,4.0.0,ok,lib,netstandard1.4,lib/netstandard1.4/WinApi.dll,136192.0,124549.0,70209.0,259.0,569.0,159.0,4.0,63.0,0.0,732.0,43.0,58.0,3.0,432.0,108.0,19.0,2.0,0.0,5.0,28.0,237.0,2301.0,267.0,963.0,267.0
AGUI.Server,0.0.6,ok,lib,net10.0,lib/net10.0/AGUI.Server.dll,59392.0,91853.0,122432.0,24.0,20.0,34.0,0.0,2.0,0.0,54.0,106.0,0.0,17.0,12.0,0.0,0.0,0.0,0.0,0.0,12.0,24.0,155.0,49.0,198.0,49.0
Stun.Net,10.0.8,ok,lib,net10.0,lib/net10.0/STUN.dll,77824.0,93975.0,59939.0,50.0,124.0,74.0,0.0,36.0,8.0,198.0,142.0,18.0,13.0,19.0,119.0,19.0,61.0,0.0,6.0,10.0,12.0,439.0,98.0,429.0,98.0
FlaUI.Adapter.White,0.2.1,ok,lib,netstandard2.0,lib/netstandard2.0/FlaUI.Adapter.White.dll,56320.0,91512.0,119333.0,55.0,167.0,118.0,0.0,78.0,0.0,285.0,41.0,1.0,58.0,68.0,76.0,0.0,1.0,0.0,0.0,6.0,9.0,147.0,98.0,513.0,98.0
Openur.FFprobeStatic,9.0.1.492,metapackage,,,,,65558.0,95727359.0,,,,,,,,,,,,,,,,,,,,,,
Aspire.Hosting.Foundry,13.5.3-preview.1.26425.3,ok,lib,net8.0,lib/net8.0/Aspire.Hosting.Foundry.dll,270136.0,198820.0,229608.0,46.0,82.0,139.0,0.0,28.0,0.0,221.0,266.0,10.0,137.0,51.0,33.0,4.0,9.0,0.0,1.0,21.0,27.0,750.0,170.0,752.0,170.0
PortableSettingsProvider,0.2.5,ok,lib,netstandard2.0,lib/netstandard2.0/PortableSettingsProvider.dll,10752.0,42081.0,36688.0,2.0,11.0,6.0,0.0,2.0,0.0,17.0,6.0,4.0,0.0,8.0,10.0,1.0,0.0,0.0,0.0,1.0,0.0,3.0,3.0,28.0,3.0
Microsoft.Orleans.Serialization.MessagePack,10.3.1,ok,lib,netstandard2.1,lib/netstandard2.1/Orleans.Serialization.MessagePack.dll,34616.0,89446.0,110223.0,3.0,2.0,4.0,0.0,2.0,0.0,6.0,12.0,1.0,5.0,2.0,0.0,0.0,0.0,0.0,0.0,1.0,1.0,21.0,12.0,39.0,12.0
Vanara.PInvoke.VssApi,,error:ValueError,,,,,,,,,,,,,,,,,,,,,,,,,,,,
Eto.Platform.XamMac2,2.8.2,ok,lib,net462,lib/net462/Eto.XamMac2.dll,598016.0,314013.0,744293.0,307.0,1392.0,1213.0,6.0,344.0,0.0,2611.0,709.0,339.0,266.0,208.0,2354.0,167.0,1190.0,0.0,19.0,58.0,33.0,1324.0,487.0,4816.0,487.0
NetOffice.PowerPoint,1.7.4.11,ok,lib,net45,lib/net45/PowerPointApi.dll,753664.0,254219.0,1466446.0,434.0,1336.0,2570.0,75.0,1726.0,0.0,3981.0,272.0,22.0,12.0,271.0,256.0,40.0,95.0,0.0,7.0,9.0,177.0,2130.0,459.0,6905.0,459.0
Microsoft.ML.SampleUtils,0.23.0,ok,lib,netstandard2.0,lib/netstandard2.0/Microsoft.ML.SamplesUtils.dll,25360.0,67267.0,51948.0,7.0,13.0,0.0,0.0,6.0,0.0,13.0,3.0,0.0,0.0,13.0,0.0,0.0,0.0,0.0,0.0,1.0,1.0,29.0,11.0,24.0,11.0
FluentIcons.WinUI,2.2.339.1,ok,lib,net9.0-ios18.0,lib/net9.0-ios18.0/FluentIcons.WinUI.dll,24064.0,76215.0,3359412.0,12.0,26.0,57.0,0.0,17.0,0.0,83.0,21.0,27.0,13.0,29.0,21.0,4.0,0.0,0.0,0.0,3.0,6.0,57.0,23.0,165.0,23.0
LibKTX,1.0.0,ok,lib,net10.0,lib/net10.0/KtxSharp.dll,51200.0,85586.0,71638.0,26.0,46.0,0.0,0.0,12.0,0.0,46.0,12.0,0.0,4.0,17.0,1.0,0.0,0.0,0.0,0.0,9.0,26.0,531.0,33.0,78.0,33.0
SqlMarshal,0.5.0,tools_only,,,,,33165.0,33165.0,,,,,,,,,,,,,,,,,,,,,,
MonoGame.Library.FreeType,2.13.2.5,native_only,,,,,65558.0,4148938.0,,,,,,,,,,,,,,,,,,,,,,
Azure.Analytics.Synapse.ManagedPrivateEndpoints,1.0.0-beta.5,ok,lib,netstandard2.0,lib/netstandard2.0/Azure.Analytics.Synapse.ManagedPrivateEndpoints.dll,124304.0,121008.0,86946.0,15.0,27.0,84.0,0.0,14.0,0.0,111.0,144.0,8.0,28.0,3.0,18.0,0.0,10.0,0.0,0.0,1.0,10.0,413.0,121.0,602.0,121.0
ObservableVector,2.1.0,ok,lib,.NETCore50,lib/.NETCore50/ObservableVector.dll,8704.0,20491.0,16296.0,1.0,8.0,2.0,2.0,2.0,0.0,12.0,4.0,8.0,0.0,0.0,8.0,0.0,4.0,0.0,0.0,0.0,0.0,9.0,3.0,21.0,3.0
Microsoft.Azure.Gallery,2.6.2-preview,ok,lib,net40,lib/net40/Microsoft.Azure.Gallery.dll,32408.0,64701.0,48414.0,13.0,7.0,37.0,0.0,13.0,0.0,44.0,4.0,1.0,1.0,4.0,20.0,10.0,7.0,0.0,2.0,5.0,3.0,79.0,19.0,95.0,19.0
NotifyIcon.Base,1.23.10209.11223,ok,lib,netstandard2.0,lib/netstandard2.0/System.Windows.NotifyIcon.dll,14336.0,71978.0,90357.0,5.0,9.0,13.0,7.0,4.0,0.0,29.0,8.0,5.0,4.0,3.0,18.0,11.0,3.0,0.0,0.0,1.0,3.0,24.0,10.0,64.0,10.0
Avalonia.Markup.Declarative,12.1.1,ok,lib,net10.0,lib/net10.0/Avalonia.Markup.Declarative.dll,165376.0,138588.0,277816.0,58.0,211.0,113.0,2.0,21.0,22.0,326.0,245.0,19.0,84.0,177.0,61.0,3.0,14.0,0.0,2.0,36.0,51.0,291.0,117.0,862.0,117.0
MediaFoundation,3.1.0,ok,lib,,lib/MediaFoundation.dll,291840.0,174254.0,153776.0,407.0,1759.0,3.0,0.0,119.0,38.0,1762.0,33.0,7.0,0.0,274.0,1479.0,1436.0,6.0,0.0,162.0,182.0,163.0,2567.0,420.0,1998.0,420.0
Artifactory,2.3.2,ok,lib,net45,lib/net45/NuGet.Core.dll,666288.0,311612.0,1827123.0,203.0,700.0,954.0,30.0,157.0,6.0,1684.0,1277.0,109.0,186.0,329.0,773.0,245.0,335.0,0.0,51.0,94.0,57.0,1976.0,553.0,4194.0,553.0
de.hdodenhof.circleimageview,3.1.0.4,ok,lib,net6.0-android31.0,lib/net6.0-android31.0/XAB.de.hdodenhof.circleimageview.dll,16384.0,42279.0,35653.0,1.0,1.0,9.0,0.0,4.0,0.0,10.0,24.0,3.0,1.0,0.0,14.0,0.0,0.0,0.0,0.0,0.0,0.0,14.0,14.0,81.0,14.0
Microsoft.WindowsPackageManager.ComInterop,1.29.290,ok,lib,net8.0-windows10.0.26100.0,lib/net8.0-windows10.0.26100.0/Microsoft.Management.Deployment.CsWinRTProjection.dll,299288.0,163116.0,483777.0,132.0,821.0,864.0,0.0,18.0,92.0,1685.0,927.0,0.0,441.0,738.0,141.0,0.0,46.0,0.0,0.0,1.0,132.0,770.0,620.0,3171.0,620.0
WebGLDotNET,2.1.0,ok,lib,netstandard2.0,lib/netstandard2.0/WebGLDotNET.dll,69120.0,60775.0,36436.0,23.0,295.0,22.0,0.0,26.0,0.0,317.0,7.0,14.0,4.0,6.0,3.0,0.0,1.0,0.0,0.0,4.0,1.0,572.0,26.0,364.0,26.0
MP.DotSpatial.Data,4.0.0,ok,lib,netstandard2.0,lib/netstandard2.0/DotSpatial.Data.dll,386048.0,227435.0,606776.0,219.0,1265.0,753.0,87.0,225.0,6.0,2105.0,234.0,201.0,92.0,283.0,1432.0,492.0,339.0,0.0,38.0,71.0,60.0,749.0,268.0,3235.0,268.0
C1.Win.RulesManager,10.0.20261.813,ok,lib,net10.0-windows7.0,lib/net10.0-windows7.0/C1.Win.RulesManager.10.dll,550968.0,264662.0,1172697.0,47.0,123.0,818.0,37.0,25.0,0.0,978.0,675.0,235.0,314.0,89.0,226.0,61.0,115.0,0.0,6.0,14.0,11.0,1383.0,311.0,2917.0,311.0
Ae.Dns.Client,3.1.0,ok,lib,netstandard2.1,lib/netstandard2.1/Ae.Dns.Client.dll,72704.0,98374.0,125099.0,40.0,72.0,25.0,0.0,52.0,4.0,97.0,95.0,4.0,49.0,4.0,68.0,4.0,52.0,0.0,2.0,4.0,35.0,353.0,98.0,340.0,98.0
MonoGame.Tool.Crunch,1.0.4.8,ok,lib,net8.0,lib/net8.0/MonoGame.Tool.Crunch.dll,7680.0,69498.0,3895235.0,1.0,1.0,0.0,0.0,1.0,0.0,1.0,1.0,0.0,2.0,1.0,0.0,0.0,0.0,0.0,0.0,0.0,0.0,3.0,3.0,6.0,3.0
Azure.Provisioning.EventGrid,1.1.0,ok,lib,netstandard2.0,lib/netstandard2.0/Azure.Provisioning.EventGrid.dll,270920.0,170729.0,312484.0,209.0,177.0,586.0,0.0,134.0,3.0,763.0,233.0,136.0,28.0,35.0,142.0,0.0,12.0,0.0,0.0,26.0,86.0,1426.0,338.0,1890.0,338.0
Prowlin,0.9.4456.26422,ok,lib,net40,lib/net40/Prowlin.dll,13824.0,28253.0,19993.0,18.0,24.0,26.0,0.0,14.0,0.0,50.0,4.0,1.0,0.0,3.0,48.0,20.0,20.0,0.0,3.0,4.0,2.0,31.0,20.0,93.0,20.0
Senparc.AI.Kernel,0.29.1,ok,lib,netstandard2.1,lib/netstandard2.1/Senparc.AI.Kernel.dll,72704.0,93960.0,61100.0,36.0,88.0,70.0,0.0,37.0,4.0,158.0,41.0,13.0,15.0,46.0,48.0,2.0,16.0,0.0,1.0,9.0,8.0,242.0,64.0,315.0,64.0
MonoGame.Tool.Basisu,2.0.2.3,ok,lib,net8.0,lib/net8.0/MonoGame.Tool.Basisu.dll,7680.0,69509.0,11741120.0,1.0,1.0,0.0,0.0,1.0,0.0,1.0,1.0,0.0,2.0,1.0,0.0,0.0,0.0,0.0,0.0,0.0,0.0,3.0,3.0,6.0,3.0
StockSharp.Samples.HistoryData,5.0.3,metapackage,,,,,65558.0,53019550.0,,,,,,,,,,,,,,,,,,,,,,
iNKORE.UI.WPF,1.2.8,ok,lib,net6.0-windows7.0,lib/net6.0-windows7.0/iNKORE.UI.WPF.dll,573440.0,317262.0,760133.0,215.0,638.0,590.0,41.0,128.0,3.0,1269.0,623.0,256.0,235.0,330.0,435.0,94.0,181.0,0.0,16.0,71.0,92.0,1148.0,324.0,2693.0,324.0
Terminal.Gui.Editor,2.5.7,ok,lib,net10.0,lib/net10.0/Terminal.Gui.Editor.dll,424960.0,220830.0,236125.0,126.0,437.0,428.0,38.0,106.0,18.0,903.0,723.0,48.0,240.0,72.0,366.0,118.0,151.0,0.0,21.0,35.0,64.0,752.0,249.0,2253.0,249.0
Microsoft.Diagnostics.Runtime.Utilities,4.0.732401,ok,lib,net10.0,lib/net10.0/Microsoft.Diagnostics.Runtime.Utilities.dll,85816.0,105395.0,88470.0,46.0,92.0,71.0,0.0,9.0,0.0,163.0,112.0,27.0,6.0,5.0,102.0,61.0,21.0,0.0,8.0,8.0,35.0,916.0,71.0,305.0,71.0
WindowsJobAPI,7.1.0,ok,lib,net10.0,lib/net10.0/WindowsJobAPI.dll,20992.0,47014.0,31062.0,2.0,5.0,0.0,0.0,2.0,0.0,5.0,2.0,1.0,5.0,0.0,2.0,0.0,1.0,0.0,0.0,0.0,2.0,58.0,9.0,19.0,9.0
MonoGame.Tool.FFmpeg,7.0.0.11,ok,lib,net8.0,lib/net8.0/MonoGame.Tool.FFmpeg.dll,7680.0,69499.0,42246385.0,1.0,1.0,0.0,0.0,1.0,0.0,1.0,1.0,0.0,2.0,1.0,0.0,0.0,0.0,0.0,0.0,0.0,0.0,3.0,3.0,6.0,3.0
MonoGame.Tool.FFprobe,7.0.0.11,ok,lib,net8.0,lib/net8.0/MonoGame.Tool.FFprobe.dll,7680.0,69504.0,41869153.0,1.0,1.0,0.0,0.0,1.0,0.0,1.0,1.0,0.0,2.0,1.0,0.0,0.0,0.0,0.0,0.0,0.0,0.0,3.0,3.0,6.0,3.0
C1.Win.Themes,10.0.20261.813,ok,lib,net10.0-windows7.0,lib/net10.0-windows7.0/C1.Win.Themes.10.dll,22150712.0,1584229.0,9866424.0,338.0,851.0,684.0,10.0,307.0,12.0,1545.0,466.0,437.0,337.0,202.0,824.0,87.0,4.0,0.0,7.0,36.0,86.0,1470.0,471.0,3022.0,471.0
BD.Common.Pinyin.CFStringTransform,1.25.10122.11624,ok,lib,net8.0-ios18.0,lib/net8.0-ios18.0/BD.Common.Pinyin.CFStringTransform.dll,7168.0,30653.0,26968.0,1.0,2.0,0.0,0.0,0.0,0.0,2.0,3.0,0.0,0.0,2.0,0.0,0.0,0.0,0.0,0.0,1.0,1.0,0.0,3.0,8.0,3.0
BUTR.Harmony.Analyzer,1.0.1.50,tools_only,,,,,63215.0,63215.0,,,,,,,,,,,,,,,,,,,,,,
Sentinel.NLogViewer,3.1.1,ok,lib,net8.0-windows7.0,lib/net8.0-windows7.0/NLogViewer.dll,206336.0,222145.0,195875.0,28.0,76.0,62.0,2.0,21.0,0.0,140.0,73.0,14.0,2.0,35.0,33.0,4.0,20.0,0.0,1.0,9.0,7.0,146.0,38.0,294.0,38.0
NWayland,0.12.5,ok,lib,net8.0,lib/net8.0/NWayland.dll,667648.0,273538.0,435416.0,1480.0,3736.0,894.0,0.0,929.0,14.0,4630.0,969.0,1614.0,635.0,758.0,2345.0,526.0,7.0,0.0,5.0,375.0,1092.0,1842.0,1685.0,7781.0,1685.0
Optris.Icons.Avalonia,12.0.7,ok,lib,net10.0,lib/net10.0/Optris.Icons.Avalonia.dll,34816.0,81516.0,75147.0,19.0,40.0,44.0,0.0,12.0,7.0,84.0,69.0,8.0,6.0,16.0,31.0,5.0,4.0,0.0,4.0,7.0,5.0,54.0,34.0,176.0,34.0
Azure.CodeSigning.Sdk,0.1.164,ok,lib,netstandard2.0,lib/netstandard2.0/Azure.CodeSigning.dll,127008.0,122955.0,87005.0,18.0,42.0,89.0,0.0,17.0,6.0,131.0,144.0,9.0,21.0,25.0,37.0,0.0,12.0,0.0,0.0,2.0,13.0,490.0,124.0,603.0,124.0
Devolutions.AvaloniaTheme.MacOS,2026.9.3,ok,lib,net10.0,lib/net10.0/Devolutions.AvaloniaTheme.MacOS.dll,1367880.0,307469.0,263424.0,14.0,151.0,94.0,0.0,9.0,0.0,245.0,367.0,0.0,26.0,137.0,13.0,0.0,9.0,0.0,0.0,3.0,3.0,262.0,177.0,2447.0,177.0
WindowsAPICodePack.Shell.CommonFileDialogs,1.1.5,ok,lib,net6.0-windows7.0,lib/net6.0-windows7.0/WindowsAPICodePack.Shell.CommonFileDialogs.dll,270336.0,178213.0,255839.0,118.0,173.0,719.0,34.0,113.0,12.0,926.0,148.0,60.0,467.0,165.0,198.0,34.0,85.0,0.0,7.0,23.0,60.0,1701.0,329.0,2182.0,329.0
ProDataGrid,12.1.0.4,ok,lib,net10.0,lib/net10.0/Avalonia.Controls.DataGrid.dll,2360320.0,902713.0,1908785.0,620.0,1582.0,3300.0,197.0,389.0,60.0,5079.0,3544.0,511.0,2105.0,217.0,1660.0,457.0,629.0,0.0,96.0,131.0,380.0,6656.0,1273.0,13765.0,1273.0
YoloSharp,6.1.0,ok,lib,net10.0,lib/net10.0/YoloSharp.dll,128000.0,137055.0,95284.0,37.0,86.0,156.0,0.0,31.0,2.0,242.0,184.0,8.0,56.0,80.0,14.0,3.0,4.0,0.0,2.0,10.0,12.0,418.0,148.0,669.0,148.0
Microsoft.Azure.Management.BackupServices,1.0.5-preview,ok,lib,net40,lib/net40/Microsoft.Azure.Management.BackupServicesManagement.dll,219808.0,140918.0,189611.0,133.0,103.0,285.0,0.0,125.0,0.0,388.0,68.0,2.0,11.0,66.0,87.0,58.0,16.0,0.0,13.0,27.0,21.0,1290.0,211.0,931.0,211.0
Microsoft.VisualStudio.LanguageServer.Protocol.Extensions,17.2.8,ok,lib,netstandard2.0,lib/netstandard2.0/Microsoft.VisualStudio.LanguageServer.Protocol.Extensions.dll,27016.0,80399.0,159059.0,16.0,14.0,26.0,0.0,11.0,4.0,40.0,2.0,0.0,1.0,5.0,14.0,0.0,2.0,0.0,0.0,3.0,5.0,62.0,22.0,87.0,22.0
Dock.Serializer.SystemTextJson,12.1.0.6,ok,lib,net10.0,lib/net10.0/Dock.Serializer.SystemTextJson.dll,16896.0,74072.0,88683.0,3.0,4.0,3.0,0.0,6.0,0.0,7.0,22.0,0.0,7.0,0.0,4.0,0.0,4.0,0.0,0.0,0.0,3.0,27.0,12.0,50.0,12.0
Tizen.UIExtensions.NUI,0.9.2,ok,lib,net6.0-tizen7.0,lib/net6.0-tizen7.0/Tizen.UIExtensions.NUI.dll,256512.0,162784.0,207265.0,159.0,440.0,418.0,28.0,81.0,17.0,886.0,406.0,102.0,95.0,189.0,403.0,147.0,110.0,0.0,19.0,69.0,73.0,1132.0,257.0,1765.0,257.0
Dock.Avalonia.Themes.Simple,12.1.0.6,ok,lib,net10.0,lib/net10.0/Dock.Avalonia.Themes.Simple.dll,437760.0,150099.0,200479.0,6.0,120.0,70.0,0.0,4.0,0.0,190.0,370.0,2.0,5.0,112.0,6.0,0.0,0.0,0.0,0.0,0.0,1.0,244.0,124.0,1154.0,124.0
Microsoft.MixedReality.Toolkit.Foundation,2.3.0,no_lib_dll,,,,,252431.0,14962339.0,,,,,,,,,,,,,,,,,,,,,,
MonoGame.Tool.Dxc,1.9.2607.1,ok,lib,net8.0,lib/net8.0/MonoGame.Tool.Dxc.dll,7680.0,69501.0,72974006.0,1.0,1.0,0.0,0.0,1.0,0.0,1.0,1.0,0.0,2.0,1.0,0.0,0.0,0.0,0.0,0.0,0.0,0.0,3.0,3.0,6.0,3.0
AGUI.Formatting,0.0.6,ok,lib,netstandard2.0,lib/netstandard2.0/AGUI.Formatting.dll,17920.0,74303.0,76660.0,2.0,6.0,7.0,0.0,1.0,0.0,13.0,27.0,0.0,0.0,0.0,8.0,4.0,4.0,0.0,1.0,1.0,1.0,43.0,16.0,52.0,16.0
Enterwell.Clients.Wpf.Notifications,1.4.2,ok,lib,net451,lib/net451/Enterwell.Clients.Wpf.Notifications.dll,33280.0,37159.0,24156.0,16.0,60.0,66.0,4.0,10.0,0.0,130.0,23.0,1.0,8.0,24.0,134.0,69.0,61.0,0.0,5.0,6.0,3.0,52.0,23.0,239.0,23.0
Microsoft.WindowsAzure.Management.StorSimple,1.0.5-preview,ok,lib,net40,lib/net40/Microsoft.WindowsAzure.Management.StorSimple.dll,477856.0,223234.0,202103.0,183.0,205.0,621.0,0.0,161.0,0.0,826.0,176.0,1.0,55.0,123.0,136.0,93.0,22.0,0.0,17.0,33.0,47.0,2504.0,339.0,1931.0,339.0
SamOatesGames.ModernUI.Xceed.Toolkit,1.0.1905191936,ok,lib,net45,lib/net45/ModernUI.Xceed.Toolkit.dll,143872.0,102509.0,67809.0,0.0,0.0,0.0,0.0,0.0,0.0,0.0,0.0,0.0,0.0,0.0,0.0,0.0,0.0,0.0,0.0,0.0,0.0,0.0,1.0,0.0,1.0
Aigio.Avalonia.AppCenter,4.5.3,ok,lib,net6.0,lib/net6.0/Microsoft.AppCenter.dll,145920.0,126706.0,365036.0,79.0,175.0,158.0,25.0,57.0,11.0,358.0,205.0,46.0,62.0,75.0,205.0,83.0,55.0,0.0,16.0,29.0,24.0,543.0,165.0,866.0,165.0
Senparc.Weixin.All,2026.8.6,ok,lib,net10.0,lib/net10.0/Senparc.Weixin.All.dll,9728.0,33742.0,29310.0,2.0,3.0,0.0,0.0,0.0,0.0,3.0,2.0,0.0,0.0,3.0,0.0,0.0,0.0,0.0,0.0,2.0,2.0,0.0,3.0,5.0,3.0
Dongle.GuidRVAGen,1.0.5,ok,lib,netstandard1.1,lib/netstandard1.1/GuidRVAGen.Attributes.dll,5120.0,50537.0,47925.0,1.0,0.0,1.0,0.0,1.0,0.0,1.0,0.0,0.0,0.0,0.0,0.0,0.0,0.0,0.0,0.0,0.0,1.0,4.0,7.0,9.0,7.0
AGUI.Client,0.0.6,ok,lib,netstandard2.0,lib/netstandard2.0/AGUI.Client.dll,71168.0,96257.0,200433.0,6.0,5.0,18.0,0.0,4.0,0.0,23.0,101.0,1.0,16.0,1.0,4.0,1.0,0.0,0.0,1.0,3.0,5.0,196.0,36.0,183.0,36.0
MonoGame.Library.MojoShader,1.0.0.7,native_only,,,,,65558.0,616675.0,,,,,,,,,,,,,,,,,,,,,,
Aigio.Avalonia.AppCenter.Crashes,4.5.3,ok,lib,net6.0,lib/net6.0/Microsoft.AppCenter.Crashes.dll,46080.0,85527.0,140961.0,27.0,56.0,83.0,3.0,28.0,0.0,142.0,40.0,4.0,12.0,29.0,52.0,6.0,6.0,0.0,1.0,1.0,7.0,116.0,37.0,272.0,37.0
WPF-UI.Violeta,4.3.0.12,ok,lib,net10.0-windows7.0,lib/net10.0-windows7.0/Wpf.Ui.Violeta.dll,4447744.0,1455385.0,15705074.0,779.0,1881.0,2591.0,201.0,455.0,11.0,4673.0,3847.0,795.0,1069.0,894.0,1304.0,202.0,330.0,0.0,36.0,146.0,366.0,25977.0,1442.0,12789.0,1442.0
MonoTouch.SlideoutNavigation,1.0.1,ok,lib,Xamarin.iOS10,lib/Xamarin.iOS10/MonoTouch.Slideout.dll,16896.0,26306.0,18806.0,4.0,10.0,13.0,0.0,4.0,0.0,23.0,13.0,5.0,7.0,0.0,6.0,0.0,0.0,0.0,0.0,0.0,1.0,34.0,12.0,68.0,12.0
GitHubClient,1.0.15,ok,lib,portable45-net45%2Bwin8%2Bwpa81,lib/portable45-net45%2Bwin8%2Bwpa81/GitHubSharp.dll,159232.0,125645.0,71081.0,138.0,177.0,644.0,0.0,132.0,0.0,821.0,94.0,4.0,12.0,5.0,80.0,3.0,2.0,0.0,1.0,6.0,4.0,724.0,190.0,1619.0,190.0
NimblePros.SharedKernel,3.1.0,ok,lib,net8.0,lib/net8.0/NimblePros.SharedKernel.dll,14336.0,45365.0,37883.0,13.0,10.0,6.0,0.0,8.0,2.0,16.0,6.0,8.0,2.0,2.0,10.0,3.0,5.0,0.0,5.0,11.0,0.0,27.0,17.0,39.0,17.0
Droplex,1.7.0,ok,lib,netcoreapp3.1,lib/netcoreapp3.1/Droplex.dll,13824.0,30024.0,22739.0,7.0,6.0,6.0,0.0,1.0,0.0,12.0,10.0,0.0,4.0,6.0,0.0,0.0,0.0,0.0,0.0,4.0,5.0,47.0,13.0,35.0,13.0
NotifyIcon.Windows,1.23.10209.11223,ok,lib,netstandard2.0,lib/netstandard2.0/System.Windows.NotifyIcon.Windows.dll,15872.0,74265.0,79008.0,0.0,0.0,4.0,3.0,0.0,0.0,7.0,24.0,2.0,1.0,0.0,0.0,0.0,0.0,0.0,0.0,0.0,0.0,105.0,19.0,58.0,19.0
GirCore.WebKit-6.0,0.8.1,ok,lib,net10.0,lib/net10.0/WebKit-6.0.dll,472064.0,216633.0,474430.0,1008.0,3380.0,563.0,72.0,953.0,0.0,4015.0,344.0,492.0,284.0,1306.0,1139.0,2.0,253.0,0.0,1.0,134.0,426.0,1080.0,1067.0,5796.0,1067.0
Devolutions.AvaloniaTheme.Linux,2026.9.4,ok,lib,net10.0,lib/net10.0/Devolutions.AvaloniaTheme.Linux.dll,945480.0,227085.0,181604.0,8.0,88.0,54.0,0.0,5.0,0.0,142.0,165.0,0.0,0.0,78.0,8.0,0.0,4.0,0.0,0.0,1.0,1.0,120.0,92.0,1684.0,92.0
Optris.Icons.Avalonia.FontAwesome,12.0.7,ok,lib,net10.0,lib/net10.0/Optris.Icons.Avalonia.FontAwesome.dll,4558336.0,751010.0,2080225.0,6.0,10.0,17.0,0.0,6.0,0.0,27.0,27.0,1.0,17.0,4.0,8.0,1.0,7.0,0.0,1.0,1.0,4.0,48.0,15.0,94.0,15.0
Aigio.Avalonia.AppCenter.Analytics,4.5.3,ok,lib,net6.0,lib/net6.0/Microsoft.AppCenter.Analytics.dll,17408.0,65438.0,57408.0,6.0,15.0,7.0,0.0,6.0,0.0,22.0,16.0,1.0,4.0,7.0,14.0,6.0,0.0,0.0,2.0,2.0,0.0,26.0,10.0,60.0,10.0
Microsoft.WindowsAzure.Management.Automation,1.0.3,ok,lib,net40,lib/net40/Microsoft.WindowsAzure.Management.Automation.dll,436896.0,203157.0,327711.0,180.0,292.0,397.0,0.0,176.0,0.0,689.0,192.0,1.0,16.0,193.0,149.0,120.0,12.0,0.0,17.0,41.0,26.0,2622.0,387.0,1697.0,387.0
Microsoft.Orleans.Journaling.AzureStorage,10.3.1-alpha.1,ok,lib,net10.0,lib/net10.0/Orleans.Journaling.AzureStorage.dll,173880.0,153152.0,216173.0,5.0,18.0,72.0,0.0,2.0,0.0,90.0,220.0,4.0,41.0,4.0,2.0,2.0,0.0,0.0,1.0,3.0,4.0,624.0,89.0,530.0,89.0
Eto.Platform.macOS,2.11.0,ok,lib,net10.0-macos26.0,lib/net10.0-macos26.0/Eto.macOS.dll,611328.0,323959.0,765766.0,304.0,1384.0,1238.0,6.0,347.0,0.0,2628.0,725.0,346.0,285.0,210.0,2365.0,170.0,1194.0,0.0,19.0,58.0,34.0,1390.0,507.0,4870.0,507.0
Basic.Reference.Assemblies.Net461,1.8.11,too_large,lib,netstandard2.0,lib/netstandard2.0/Basic.Reference.Assemblies.Net461.dll,42015232.0,65558.0,13297504.0,,,,,,,,,,,,,,,,,,,,,,
MonoMod.Patcher,25.0.1,ok,lib,netstandard2.0,lib/netstandard2.0/MonoMod.Patcher.dll,77824.0,99130.0,685937.0,35.0,97.0,15.0,0.0,36.0,0.0,112.0,6.0,3.0,15.0,22.0,84.0,0.0,0.0,0.0,0.0,5.0,12.0,99.0,73.0,279.0,73.0
7-Zip.NativeAssets.Win32,25.1.0,native_only,,,,,65558.0,2369091.0,,,,,,,,,,,,,,,,,,,,,,
NativeMemoryArray,1.2.2,ok,lib,netstandard2.1,lib/netstandard2.1/NativeMemoryArray.dll,18432.0,60005.0,50767.0,4.0,32.0,5.0,0.0,1.0,0.0,37.0,8.0,2.0,5.0,3.0,3.0,0.0,1.0,0.0,0.0,1.0,4.0,50.0,17.0,69.0,17.0
VncSharpCore,1.2.1,ok,lib,net6.0-windows7.0,lib/net6.0-windows7.0/VncSharpCore.dll,149504.0,129424.0,84504.0,49.0,179.0,64.0,6.0,46.0,0.0,249.0,80.0,22.0,90.0,24.0,102.0,12.0,5.0,0.0,2.0,6.0,28.0,656.0,77.0,494.0,77.0
MdXaml.Svg,1.27.0,ok,lib,net6.0-windows7.0,lib/net6.0-windows7.0/MdXaml.Svg.dll,6656.0,31196.0,27330.0,2.0,3.0,0.0,0.0,2.0,0.0,3.0,0.0,0.0,0.0,1.0,2.0,0.0,2.0,0.0,0.0,0.0,0.0,2.0,6.0,9.0,6.0
Hydro,1.3.0,ok,lib,net8.0,lib/net8.0/Hydro.dll,218112.0,151558.0,438862.0,50.0,97.0,191.0,0.0,33.0,6.0,288.0,164.0,24.0,67.0,27.0,52.0,7.0,6.0,0.0,5.0,21.0,25.0,571.0,249.0,889.0,249.0
MdXaml.AnimatedGif,1.27.0,ok,lib,net6.0-windows7.0,lib/net6.0-windows7.0/MdXaml.AnimatedGif.dll,7680.0,32792.0,28622.0,2.0,3.0,0.0,0.0,2.0,0.0,3.0,5.0,0.0,0.0,0.0,2.0,0.0,2.0,0.0,0.0,0.0,0.0,6.0,6.0,14.0,6.0
Vanara.PInvoke.CoreAudio,5.0.7,ok,lib,netstandard2.1,lib/netstandard2.1/Vanara.PInvoke.CoreAudio.dll,81408.0,98972.0,2248682.0,214.0,490.0,0.0,0.0,4.0,0.0,490.0,3.0,0.0,0.0,28.0,462.0,456.0,0.0,0.0,108.0,111.0,105.0,572.0,219.0,502.0,219.0
JumpLists.Win32.Avalonia,1.23.10209.11223,ok,lib,netstandard2.1,lib/netstandard2.1/JumpLists.Win32.Avalonia.dll,55296.0,92099.0,217011.0,10.0,11.0,56.0,4.0,8.0,0.0,71.0,36.0,1.0,28.0,21.0,2.0,0.0,2.0,0.0,0.0,3.0,7.0,301.0,69.0,330.0,69.0
Ecng.Compilation.All,1.0.85,ok,lib,net10.0,lib/net10.0/Ecng.Compilation.All.dll,4608.0,21570.0,19312.0,0.0,0.0,0.0,0.0,0.0,0.0,0.0,0.0,0.0,0.0,0.0,0.0,0.0,0.0,0.0,0.0,0.0,0.0,0.0,1.0,0.0,1.0
D2Phap.DXControl,4.3.1,ok,lib,net10.0-windows7.0,lib/net10.0-windows7.0/D2Phap.DXControl.dll,27136.0,46004.0,32750.0,8.0,47.0,19.0,4.0,5.0,0.0,70.0,3.0,18.0,0.0,10.0,21.0,0.0,0.0,0.0,0.0,1.0,3.0,44.0,10.0,94.0,10.0
Optris.Icons.Avalonia.MaterialDesign,12.0.7,ok,lib,net10.0,lib/net10.0/Optris.Icons.Avalonia.MaterialDesign.dll,3999744.0,1019868.0,2888419.0,1.0,1.0,2.0,0.0,1.0,0.0,3.0,19.0,4.0,3.0,0.0,3.0,0.0,3.0,0.0,0.0,0.0,0.0,16.0,12.0,36.0,12.0
Ecng.Data.Ado,1.0.88,ok,lib,net10.0,lib/net10.0/Ecng.Data.Ado.dll,28160.0,57319.0,43712.0,1.0,3.0,5.0,0.0,2.0,0.0,8.0,42.0,1.0,3.0,2.0,2.0,0.0,2.0,0.0,0.0,0.0,0.0,122.0,20.0,69.0,20.0
CommunityToolkit.VectorData.InMemory,1.0.1,ok,lib,netstandard2.0,lib/netstandard2.0/CommunityToolkit.VectorData.InMemory.dll,83264.0,112223.0,225960.0,9.0,23.0,37.0,0.0,8.0,0.0,60.0,78.0,4.0,33.0,4.0,17.0,0.0,0.0,0.0,0.0,2.0,8.0,182.0,65.0,244.0,65.0
Senparc.CO2NET.Cache.Dapr,1.1.4,ok,lib,net8.0,lib/net8.0/Senparc.CO2NET.Cache.Dapr.dll,18432.0,38417.0,29609.0,4.0,25.0,5.0,0.0,4.0,0.0,30.0,24.0,1.0,3.0,9.0,23.0,0.0,17.0,0.0,0.0,0.0,0.0,78.0,18.0,67.0,18.0
Ecng.IO.Compression,1.0.51,ok,lib,net10.0,lib/net10.0/Ecng.IO.Compression.dll,47104.0,86527.0,71091.0,4.0,60.0,8.0,0.0,1.0,0.0,68.0,61.0,0.0,8.0,60.0,0.0,0.0,0.0,0.0,0.0,3.0,3.0,249.0,42.0,174.0,42.0
D2Phap.FileWatcherEx,3.0.0,ok,lib,net10.0,lib/net10.0/D2Phap.FileWatcherEx.dll,28672.0,53388.0,41032.0,11.0,22.0,31.0,15.0,8.0,0.0,68.0,48.0,0.0,30.0,0.0,87.0,48.0,24.0,0.0,2.0,2.0,6.0,69.0,23.0,205.0,23.0
KGySoft.Drawing.Wpf,10.0.1,ok,lib,netcoreapp3.0,lib/netcoreapp3.0/KGySoft.Drawing.Wpf.dll,67584.0,93190.0,157794.0,8.0,88.0,27.0,0.0,0.0,0.0,115.0,67.0,0.0,134.0,88.0,0.0,0.0,0.0,0.0,0.0,8.0,8.0,184.0,68.0,333.0,68.0
WicNet,1.8.4.1,ok,lib,netstandard2.0,lib/netstandard2.0/WicNet.dll,121344.0,114881.0,127825.0,28.0,177.0,212.0,0.0,47.0,8.0,389.0,89.0,5.0,45.0,90.0,46.0,0.0,14.0,0.0,0.0,5.0,21.0,423.0,60.0,603.0,60.0
WinApi.Utils,4.0.0,ok,lib,netstandard1.4,lib/netstandard1.4/WinApi.Utils.dll,10752.0,21879.0,16523.0,5.0,27.0,8.0,0.0,4.0,0.0,35.0,5.0,12.0,0.0,5.0,18.0,0.0,1.0,0.0,0.0,0.0,2.0,17.0,6.0,47.0,6.0
WinEventHook,0.3.6,ok,lib,netstandard2.0,lib/netstandard2.0/WinEventHook.dll,15360.0,45929.0,38689.0,7.0,21.0,16.0,1.0,6.0,0.0,38.0,2.0,3.0,2.0,0.0,7.0,0.0,1.0,0.0,0.0,0.0,5.0,129.0,13.0,59.0,13.0
WinApi.Desktop,4.0.0,ok,lib,netstandard2.0,lib/netstandard2.0/WinApi.Desktop.dll,7168.0,18351.0,14757.0,2.0,4.0,2.0,0.0,0.0,0.0,6.0,2.0,0.0,2.0,6.0,0.0,0.0,0.0,0.0,0.0,2.0,2.0,3.0,4.0,11.0,4.0
Microsoft.AI.Foundry.Local.WinML,1.2.4,ok,lib,net8.0-windows10.0.18362,lib/net8.0-windows10.0.18362/Microsoft.AI.Foundry.Local.WinML.dll,450400.0,216393.0,192048.0,27.0,106.0,236.0,0.0,28.0,20.0,342.0,524.0,47.0,737.0,23.0,101.0,22.0,18.0,0.0,2.0,2.0,4.0,1763.0,236.0,1937.0,236.0
Aigio.WinDivertSharp,1.4.4.5,ok,lib,netstandard2.1,lib/netstandard2.1/WinDivertSharp.dll,22016.0,76196.0,223739.0,18.0,24.0,58.0,0.0,4.0,0.0,82.0,5.0,1.0,0.0,21.0,2.0,0.0,1.0,0.0,0.0,2.0,16.0,244.0,23.0,154.0,23.0
PowerKit,2.3.1,ok,lib,netstandard2.0,lib/netstandard2.0/PowerKit.dll,519680.0,391175.0,1868983.0,474.0,920.0,150.0,0.0,15.0,0.0,1070.0,462.0,11.0,57.0,613.0,35.0,1.0,9.0,0.0,1.0,264.0,459.0,1147.0,840.0,2395.0,840.0
XAB.TinyPinyin,2.0.4.4,ok,lib,net6.0-android31.0,lib/net6.0-android31.0/XAB.TinyPinyin.dll,30208.0,76557.0,137154.0,9.0,23.0,44.0,0.0,6.0,0.0,67.0,35.0,27.0,12.0,15.0,30.0,5.0,0.0,0.0,2.0,4.0,5.0,30.0,20.0,138.0,20.0
Ecng.Excel,1.0.34,ok,lib,net10.0,lib/net10.0/Ecng.Excel.dll,10240.0,37047.0,32240.0,5.0,38.0,13.0,0.0,1.0,0.0,51.0,0.0,0.0,0.0,0.0,38.0,38.0,0.0,0.0,2.0,2.0,3.0,42.0,6.0,65.0,6.0
CommunityToolkit.VectorData.Qdrant,1.0.0,ok,lib,netstandard2.0,lib/netstandard2.0/CommunityToolkit.VectorData.Qdrant.dll,136512.0,136483.0,339656.0,8.0,32.0,51.0,0.0,8.0,0.0,83.0,185.0,5.0,70.0,8.0,22.0,0.0,1.0,0.0,0.0,1.0,7.0,353.0,88.0,431.0,88.0
PresentMonFps,2.0.6,ok,lib,netstandard2.1,lib/netstandard2.1/PresentMonFps.dll,36864.0,78555.0,60617.0,45.0,17.0,9.0,1.0,10.0,4.0,27.0,10.0,0.0,11.0,15.0,6.0,0.0,0.0,0.0,0.0,1.0,44.0,529.0,65.0,96.0,65.0
Openur.Mono.Unix,7.1.0.256,ok,lib,netstandard2.1,lib/netstandard2.1/Openur.Mono.Unix.dll,181248.0,141555.0,8513123.0,102.0,912.0,157.0,0.0,63.0,32.0,1069.0,374.0,18.0,42.0,740.0,167.0,2.0,25.0,0.0,0.0,1.0,89.0,1212.0,146.0,1673.0,146.0
Numerge,1.0.0,ok,lib,netstandard2.0,lib/netstandard2.0/Numerge.dll,27648.0,42001.0,28605.0,8.0,5.0,29.0,0.0,5.0,0.0,34.0,5.0,0.0,22.0,3.0,2.0,1.0,1.0,0.0,1.0,2.0,2.0,62.0,29.0,128.0,29.0
LeakCanaryBinding,1.5.1.1,ok,lib,MonoAndroid10,lib/MonoAndroid10/LeakCanary.dll,174080.0,198984.0,382165.0,15.0,40.0,83.0,0.0,13.0,0.0,123.0,24.0,43.0,22.0,54.0,44.0,6.0,9.0,0.0,2.0,4.0,9.0,114.0,21.0,185.0,21.0
Mono.ApiTools.MSBuildTasks,0.6.0,native_only,,,,,65558.0,6023536.0,,,,,,,,,,,,,,,,,,,,,,
Basic.Reference.Assemblies.NetStandard13,1.8.11,ok,lib,netstandard2.0,lib/netstandard2.0/Basic.Reference.Assemblies.NetStandard13.dll,1966080.0,771421.0,722740.0,5.0,2.0,181.0,0.0,1.0,0.0,183.0,1.0,0.0,6.0,177.0,0.0,0.0,0.0,0.0,0.0,4.0,5.0,127.0,13.0,198.0,13.0
CompilerPaths,1.0.3,ok,lib,netstandard2.1,lib/netstandard2.1/BuildTasks.dll,13824.0,36601.0,29519.0,8.0,7.0,11.0,0.0,1.0,0.0,18.0,5.0,0.0,0.0,0.0,7.0,6.0,0.0,0.0,7.0,7.0,0.0,19.0,13.0,41.0,13.0
Microsoft.CodeAnalysis.VisualBasic.SourceGenerators.Testing,1.1.4,ok,lib,netstandard2.0,lib/netstandard2.0/Microsoft.CodeAnalysis.VisualBasic.SourceGenerators.Testing.dll,25440.0,84097.0,90913.0,2.0,3.0,2.0,0.0,2.0,0.0,5.0,1.0,4.0,0.0,0.0,5.0,0.0,0.0,0.0,0.0,0.0,0.0,1.0,3.0,8.0,3.0
Ecng.Data.SqlServer,1.0.57,ok,lib,net10.0,lib/net10.0/Ecng.Data.SqlServer.dll,26624.0,51121.0,39551.0,1.0,27.0,4.0,0.0,0.0,0.0,31.0,15.0,0.0,0.0,1.0,30.0,0.0,0.0,0.0,0.0,0.0,0.0,45.0,6.0,46.0,6.0
WebView2.Avalonia,1.0.3240.44-preview.250526.1,ok,lib,netstandard2.0,lib/netstandard2.0/Avalonia.WebView2.dll,33280.0,81484.0,1725361.0,9.0,20.0,35.0,0.0,8.0,20.0,55.0,52.0,13.0,21.0,22.0,11.0,1.0,1.0,0.0,1.0,1.0,4.0,95.0,33.0,173.0,33.0
Serilog.Sinks.RichTextBoxEx.Wpf,1.1.0.1,ok,lib,net8.0-windows7.0,lib/net8.0-windows7.0/Serilog.Sinks.RichTextBoxEx.Wpf.dll,38400.0,83152.0,194297.0,33.0,52.0,31.0,0.0,23.0,0.0,83.0,24.0,16.0,5.0,30.0,49.0,11.0,9.0,0.0,1.0,12.0,14.0,122.0,39.0,140.0,39.0
Ecng.Excel.OpenXml,1.0.37,ok,lib,net10.0,lib/net10.0/Ecng.Excel.OpenXml.dll,51200.0,85813.0,63022.0,1.0,2.0,0.0,0.0,1.0,0.0,2.0,47.0,0.0,26.0,0.0,2.0,0.0,2.0,0.0,0.0,0.0,1.0,60.0,22.0,132.0,22.0
TUnit.Assertions.Should,1.66.27-beta,ok,lib,netstandard2.0,lib/netstandard2.0/TUnit.Assertions.Should.dll,432128.0,225072.0,649101.0,244.0,844.0,193.0,0.0,16.0,0.0,1037.0,507.0,20.0,98.0,708.0,16.0,3.0,11.0,0.0,2.0,165.0,239.0,1056.0,484.0,2893.0,484.0
Microsoft.AzureStack.Management.Fabric.Admin,2.9.1-preview,ok,lib,netstandard2.0,lib/netstandard2.0/Microsoft.AzureStack.Management.Fabric.Admin.dll,485752.0,199623.0,645148.0,83.0,269.0,229.0,0.0,76.0,0.0,498.0,438.0,5.0,21.0,178.0,161.0,123.0,17.0,0.0,22.0,48.0,26.0,3558.0,284.0,1427.0,284.0
Microsoft.AzureStack.Management.Backup.Admin,0.3.2-preview,ok,lib,netstandard2.0,lib/netstandard2.0/Microsoft.AzureStack.Management.Backup.Admin.dll,96120.0,101746.0,190574.0,19.0,41.0,71.0,0.0,28.0,0.0,112.0,97.0,5.0,7.0,26.0,51.0,30.0,18.0,0.0,4.0,7.0,4.0,518.0,52.0,305.0,52.0
Flow.Launcher.Localization,0.0.6,ok,lib,netstandard2.0,lib/netstandard2.0/Flow.Launcher.Localization.Attributes.dll,6144.0,49846.0,47106.0,3.0,6.0,4.0,0.0,5.0,0.0,10.0,2.0,4.0,0.0,0.0,8.0,0.0,0.0,0.0,0.0,0.0,0.0,4.0,4.0,19.0,4.0
NotifyIcon.Linux,1.23.10209.11223,ok,lib,netstandard2.0,lib/netstandard2.0/System.Windows.NotifyIcon.Linux.dll,10240.0,35374.0,29942.0,0.0,0.0,3.0,3.0,0.0,0.0,6.0,5.0,1.0,1.0,0.0,0.0,0.0,0.0,0.0,0.0,0.0,0.0,10.0,7.0,25.0,7.0
Microsoft.AzureStack.Management.Subscriptions.Admin,0.2.0-preview,ok,lib,netstandard1.4,lib/netstandard1.4/Microsoft.AzureStack.Management.Subscriptions.Admin.dll,286584.0,144899.0,208226.0,60.0,182.0,151.0,0.0,60.0,0.0,333.0,282.0,4.0,11.0,118.0,116.0,84.0,20.0,0.0,12.0,32.0,20.0,1595.0,191.0,836.0,191.0
Senparc.AI.Agents,0.7.3,ok,lib,netstandard2.1,lib/netstandard2.1/Senparc.AI.Agents.dll,19968.0,40804.0,31173.0,5.0,26.0,9.0,0.0,6.0,4.0,35.0,14.0,6.0,0.0,16.0,15.0,0.0,3.0,0.0,0.0,2.0,2.0,40.0,11.0,70.0,11.0
NPSMLib,0.9.14,ok,lib,netstandard2.0,lib/netstandard2.0/NPSMLib.dll,30208.0,77017.0,63473.0,19.0,24.0,47.0,4.0,3.0,0.0,75.0,11.0,0.0,20.0,1.0,1.0,0.0,1.0,0.0,0.0,0.0,13.0,340.0,69.0,190.0,69.0
ChefKeys,0.1.2,ok,lib,net7.0-windows7.0,lib/net7.0-windows7.0/ChefKeys.dll,17920.0,32477.0,23643.0,1.0,8.0,11.0,0.0,0.0,0.0,19.0,14.0,6.0,33.0,8.0,0.0,0.0,0.0,0.0,0.0,1.0,1.0,50.0,16.0,91.0,16.0
Basic.Reference.Assemblies.Net40,1.8.11,too_large,lib,netstandard2.0,lib/netstandard2.0/Basic.Reference.Assemblies.Net40.dll,40528896.0,65558.0,11878993.0,,,,,,,,,,,,,,,,,,,,,,
BetterGI.Assets.Other,1.0.26,ok,lib,net8.0,lib/net8.0/BetterGI.Assets.Other.dll,4608.0,67758.0,246979.0,1.0,0.0,0.0,0.0,1.0,0.0,0.0,0.0,0.0,0.0,0.0,0.0,0.0,0.0,0.0,0.0,0.0,0.0,0.0,2.0,1.0,2.0
Microsoft.AzureStack.Management.InfrastructureInsights.Admin,0.3.0-preview,ok,lib,netstandard1.4,lib/netstandard1.4/Microsoft.AzureStack.Management.InfrastructureInsights.Admin.dll,115288.0,105226.0,115666.0,27.0,52.0,103.0,0.0,35.0,0.0,155.0,92.0,5.0,5.0,34.0,57.0,36.0,16.0,0.0,6.0,13.0,7.0,534.0,68.0,377.0,68.0
Microsoft.AzureStack.Management.Update.Admin,0.1.0-preview,ok,lib,netstandard1.4,lib/netstandard1.4/Microsoft.AzureStack.Management.Update.Admin.dll,79224.0,94754.0,79961.0,19.0,35.0,65.0,0.0,20.0,0.0,100.0,67.0,4.0,3.0,22.0,49.0,28.0,18.0,0.0,4.0,11.0,7.0,354.0,46.0,239.0,46.0
Microsoft.AzureStack.Management.Commerce.Admin,0.2.0-preview,ok,lib,netstandard1.4,lib/netstandard1.4/Microsoft.AzureStack.Management.Commerce.Admin.dll,48504.0,83329.0,61990.0,12.0,17.0,44.0,0.0,17.0,0.0,61.0,39.0,4.0,2.0,10.0,40.0,21.0,17.0,0.0,3.0,6.0,3.0,154.0,26.0,144.0,26.0
BetterGI.Assets.Model,1.0.33,ok,lib,net8.0,lib/net8.0/BetterGI.Assets.Model.dll,4608.0,67756.0,168343838.0,1.0,0.0,0.0,0.0,1.0,0.0,0.0,0.0,0.0,0.0,0.0,0.0,0.0,0.0,0.0,0.0,0.0,0.0,0.0,2.0,1.0,2.0
TinyWebServer.dll,1.0.1,ok,lib,net40,lib/net40/TinyWebServer.dll,5632.0,17722.0,14762.0,1.0,3.0,0.0,0.0,1.0,0.0,3.0,2.0,1.0,0.0,0.0,1.0,0.0,0.0,0.0,0.0,0.0,0.0,2.0,2.0,6.0,2.0
Microsoft.AzureStack.Management.Storage.Admin,2.0.0-preview,ok,lib,netstandard2.0,lib/netstandard2.0/Microsoft.AzureStack.Management.Storage.Admin.dll,112504.0,107016.0,220685.0,38.0,46.0,97.0,0.0,44.0,0.0,143.0,132.0,5.0,5.0,30.0,55.0,34.0,16.0,0.0,6.0,20.0,14.0,641.0,75.0,387.0,75.0
Ecng.GeneticSharp,1.0.5,ok,lib,net10.0,lib/net10.0/GeneticSharp.dll,84480.0,102417.0,133857.0,102.0,229.0,98.0,5.0,113.0,6.0,332.0,93.0,92.0,70.0,67.0,222.0,77.0,51.0,0.0,16.0,43.0,29.0,257.0,165.0,724.0,165.0
Microsoft.Azure.Management.LocationBasedServices,2.0.0,ok,lib,netstandard1.4,lib/netstandard1.4/Microsoft.Azure.Management.LocationBasedServices.dll,73080.0,92831.0,77197.0,19.0,37.0,59.0,0.0,36.0,0.0,96.0,75.0,4.0,1.0,20.0,48.0,25.0,16.0,0.0,2.0,4.0,2.0,303.0,41.0,240.0,41.0
Microsoft.AzureStack.Management.KeyVault.Admin,0.1.0-preview,ok,lib,netstandard1.4,lib/netstandard1.4/Microsoft.AzureStack.Management.KeyVault.Admin.dll,38776.0,73354.0,54862.0,12.0,11.0,41.0,0.0,18.0,0.0,52.0,35.0,4.0,2.0,6.0,39.0,19.0,18.0,0.0,3.0,5.0,2.0,99.0,22.0,125.0,22.0
Microsoft.AzureStack.Management.Compute.Admin,0.3.0-preview,ok,lib,netstandard1.4,lib/netstandard1.4/Microsoft.AzureStack.Management.Compute.Admin.dll,137008.0,111838.0,134899.0,38.0,66.0,108.0,0.0,40.0,0.0,174.0,133.0,4.0,12.0,42.0,64.0,40.0,17.0,0.0,7.0,18.0,13.0,695.0,90.0,433.0,90.0
CommunityToolkit.VectorData.PgVector,1.0.1,ok,lib,netstandard2.0,lib/netstandard2.0/CommunityToolkit.VectorData.PgVector.dll,161600.0,146697.0,377387.0,9.0,38.0,55.0,0.0,11.0,0.0,93.0,229.0,8.0,73.0,14.0,22.0,0.0,1.0,0.0,0.0,2.0,8.0,447.0,96.0,476.0,96.0
PureSharpCompress,0.40.0,ok,lib,netstandard2.0,lib/netstandard2.0/PureSharpCompress.dll,615936.0,318098.0,3141244.0,169.0,505.0,1073.0,14.0,116.0,1.0,1592.0,934.0,154.0,734.0,128.0,714.0,105.0,77.0,0.0,17.0,46.0,43.0,3061.0,575.0,4093.0,575.0
TencentOpenApiSDK.Android,3.5.4.11,ok,lib,monoandroid11.0,lib/monoandroid11.0/TencentOpenApiSDK.Android.dll,532992.0,436077.0,382052.0,55.0,164.0,219.0,0.0,81.0,0.0,383.0,350.0,148.0,39.0,69.0,257.0,14.0,0.0,0.0,4.0,10.0,2.0,624.0,101.0,1023.0,101.0
Microsoft.AspNetCore.AspNetCoreModule,2.1.0-preview1-final,no_lib_dll,,,,,65558.0,605998.0,,,,,,,,,,,,,,,,,,,,,,
BetterGI.VCRuntime,14.44.35208,ok,lib,net8.0,lib/net8.0/BetterGI.VCRuntime.dll,4608.0,67970.0,308827.0,1.0,0.0,0.0,0.0,1.0,0.0,0.0,0.0,0.0,0.0,0.0,0.0,0.0,0.0,0.0,0.0,0.0,0.0,0.0,2.0,1.0,2.0
CommunityToolkit.Labs.WinUI.Controls.MarkdownTextBlock,0.1.251217-build.2433,ok,lib,net9.0-windows10.0.19041,lib/net9.0-windows10.0.19041/CommunityToolkit.WinUI.Controls.MarkdownTextBlock.dll,125792.0,120264.0,219814.0,14.0,41.0,182.0,4.0,12.0,2.0,227.0,164.0,27.0,15.0,13.0,19.0,5.0,5.0,0.0,3.0,5.0,4.0,317.0,90.0,690.0,90.0
UnblockZoneIdentifier,1.0.1,ok,lib,netstandard2.1,lib/netstandard2.1/UnblockZoneIdentifier.dll,7680.0,69529.0,108660.0,5.0,6.0,0.0,0.0,1.0,0.0,6.0,1.0,0.0,0.0,3.0,3.0,3.0,0.0,0.0,1.0,2.0,3.0,27.0,9.0,11.0,9.0
Devolutions.Pinget.Cli.Rust,0.11.0,metapackage,,,,,65558.0,31867212.0,,,,,,,,,,,,,,,,,,,,,,
Prefetch,2026.5.2,ok,lib,netstandard2.0,lib/netstandard2.0/Prefetch.dll,34304.0,60128.0,39839.0,13.0,8.0,140.0,0.0,11.0,0.0,148.0,2.0,0.0,0.0,4.0,119.0,23.0,92.0,0.0,1.0,2.0,2.0,125.0,14.0,163.0,14.0
Microsoft.AzureStack.Management.Gallery.Admin,0.1.0-preview,ok,lib,netstandard1.4,lib/netstandard1.4/Microsoft.AzureStack.Management.Gallery.Admin.dll,63352.0,92269.0,77042.0,26.0,16.0,107.0,0.0,43.0,0.0,123.0,56.0,4.0,2.0,10.0,39.0,21.0,16.0,0.0,3.0,7.0,4.0,215.0,40.0,296.0,40.0
Microsoft.AzureStack.Management.Subscription,0.1.0-preview,ok,lib,netstandard1.4,lib/netstandard1.4/Microsoft.AzureStack.Management.Subscription.dll,68984.0,92226.0,73006.0,19.0,32.0,56.0,0.0,22.0,0.0,88.0,72.0,4.0,4.0,20.0,46.0,26.0,16.0,0.0,5.0,10.0,5.0,285.0,45.0,215.0,45.0
Basic.Reference.Assemblies.Net110,1.8.11,ok,lib,netstandard2.0,lib/netstandard2.0/Basic.Reference.Assemblies.Net110.dll,6599168.0,2378291.0,2329573.0,5.0,2.0,535.0,0.0,1.0,0.0,537.0,1.0,0.0,6.0,531.0,0.0,0.0,0.0,0.0,0.0,4.0,5.0,363.0,13.0,552.0,13.0
CommunityToolkit.VectorData.AzureAISearch,1.0.0,ok,lib,netstandard2.0,lib/netstandard2.0/CommunityToolkit.VectorData.AzureAISearch.dll,143168.0,138879.0,345490.0,8.0,34.0,41.0,0.0,8.0,0.0,75.0,198.0,7.0,68.0,12.0,20.0,0.0,1.0,0.0,0.0,1.0,7.0,399.0,88.0,434.0,88.0
Basic.Reference.Assemblies.Net20,1.8.11,ok,lib,netstandard2.0,lib/netstandard2.0/Basic.Reference.Assemblies.Net20.dll,11704320.0,3820517.0,3771797.0,5.0,2.0,154.0,0.0,1.0,0.0,156.0,1.0,0.0,6.0,150.0,0.0,0.0,0.0,0.0,0.0,4.0,5.0,109.0,13.0,171.0,13.0
Microsoft.AzureStack.Management.AzureBridge.Admin,0.1.0-preview,ok,lib,netstandard1.4,lib/netstandard1.4/Microsoft.AzureStack.Management.AzureBridge.Admin.dll,97656.0,99659.0,92165.0,19.0,46.0,104.0,0.0,27.0,0.0,150.0,81.0,4.0,3.0,30.0,51.0,32.0,16.0,0.0,4.0,8.0,4.0,469.0,54.0,354.0,54.0
Microsoft.AzureStack.Management.Network.Admin,0.1.0-preview,ok,lib,netstandard1.4,lib/netstandard1.4/Microsoft.AzureStack.Management.Network.Admin.dll,87928.0,98061.0,89727.0,30.0,38.0,89.0,0.0,34.0,0.0,127.0,102.0,4.0,5.0,24.0,54.0,31.0,18.0,0.0,6.0,15.0,9.0,383.0,61.0,309.0,61.0
ImageGlass.Tools,1.9200.2,ok,lib,net10.0-windows7.0,lib/net10.0-windows7.0/ImageGlass.Tools.dll,60928.0,87943.0,122367.0,22.0,38.0,86.0,6.0,29.0,0.0,130.0,117.0,16.0,89.0,29.0,27.0,0.0,0.0,0.0,0.0,1.0,1.0,226.0,47.0,407.0,47.0
Material.Icons.WinUI3,3.0.2,ok,lib,net8.0-windows10.0.18362,lib/net8.0-windows10.0.18362/Material.Icons.WinUI3.dll,733696.0,206277.0,159692.0,6.0,7.0,68.0,0.0,13.0,0.0,75.0,82.0,3.0,0.0,1.0,6.0,0.0,3.0,0.0,0.0,1.0,2.0,62.0,31.0,287.0,31.0
Microsoft.Azure.Management.RecoveryServicesVaultUpgrade,1.0.0-preview,ok,lib,net40,lib/net40/Microsoft.WindowsAzure.Management.RecoveryServicesVaultUpgrade.dll,36232.0,67493.0,50270.0,11.0,10.0,42.0,0.0,13.0,0.0,52.0,6.0,1.0,4.0,6.0,36.0,19.0,15.0,0.0,2.0,4.0,2.0,88.0,19.0,114.0,19.0
QuickLook.LAVFilters,0.81.0,native_only,,,,,65558.0,23689243.0,,,,,,,,,,,,,,,,,,,,,,
QuickLook.WPFMediaKit,2.3.4,ok,lib,,lib/QuickLook.WPFMediaKit.dll,155136.0,130911.0,315897.0,89.0,592.0,145.0,31.0,49.0,0.0,768.0,220.0,155.0,67.0,37.0,513.0,352.0,28.0,0.0,14.0,26.0,32.0,815.0,168.0,1339.0,168.0
CodeChicken.DiffPatch,1.1.0,ok,lib,netstandard2.1,lib/netstandard2.1/CodeChicken.DiffPatch.dll,47104.0,80279.0,57787.0,20.0,60.0,49.0,0.0,16.0,5.0,109.0,71.0,0.0,22.0,25.0,14.0,1.0,4.0,0.0,0.0,3.0,6.0,200.0,41.0,249.0,41.0
AppSettingStronglyTyped,1.0.0,ok,lib,netstandard2.0,lib/netstandard2.0/AppSettingStronglyTyped.dll,14848.0,36748.0,26383.0,1.0,1.0,4.0,0.0,1.0,0.0,5.0,5.0,0.0,0.0,0.0,1.0,0.0,0.0,0.0,0.0,0.0,0.0,4.0,2.0,15.0,2.0
AWS.Bedrock.MEAI,1.0.0,ok,lib,netstandard2.0,lib/netstandard2.0/AWS.Bedrock.MEAI.dll,83624.0,106996.0,210597.0,2.0,4.0,25.0,0.0,0.0,0.0,29.0,75.0,1.0,28.0,4.0,0.0,0.0,0.0,0.0,0.0,1.0,2.0,137.0,24.0,167.0,24.0
RumpSharp,1.0.1,ok,lib,net10.0,lib/net10.0/RumpSharp.dll,220672.0,208500.0,188331.0,12.0,21.0,137.0,2.0,9.0,2.0,160.0,121.0,1.0,277.0,12.0,5.0,0.0,2.0,0.0,0.0,1.0,12.0,549.0,64.0,693.0,64.0
QuickLook.ImageGlass.WebP,,error:ValueError,,,,,,,,,,,,,,,,,,,,,,,,,,,,
Devolutions.Pinget.Core,0.11.0,ok,lib,net10.0,lib/net10.0/Devolutions.Pinget.Core.dll,597328.0,276052.0,458353.0,39.0,191.0,517.0,0.0,63.0,58.0,708.0,682.0,197.0,746.0,64.0,177.0,0.0,1.0,0.0,0.0,1.0,5.0,1413.0,268.0,3127.0,268.0
Devolutions.UniGetUI.Elevator,2.6.1.3,native_only,,,,,65558.0,4413196.0,,,,,,,,,,,,,,,,,,,,,,
CommunityToolkit.VectorData.Redis,1.0.0,ok,lib,netstandard2.0,lib/netstandard2.0/CommunityToolkit.VectorData.Redis.dll,155968.0,145674.0,374668.0,12.0,42.0,59.0,0.0,11.0,0.0,101.0,225.0,14.0,74.0,12.0,29.0,0.0,0.0,0.0,0.0,1.0,10.0,435.0,114.0,517.0,114.0
QuickLook.ApkReader,2.1.0,ok,lib,netstandard2.1,lib/netstandard2.1/QuickLook.ApkReader.dll,69632.0,95229.0,178706.0,65.0,71.0,201.0,0.0,43.0,0.0,272.0,30.0,6.0,3.0,5.0,54.0,2.0,0.0,0.0,2.0,4.0,24.0,307.0,76.0,509.0,76.0
ElBruno.Text2Image.Foundry,1.5.1,ok,lib,net10.0,lib/net10.0/ElBruno.Text2Image.Foundry.dll,104960.0,103520.0,168281.0,6.0,21.0,83.0,0.0,5.0,0.0,104.0,125.0,3.0,156.0,5.0,20.0,0.0,20.0,0.0,0.0,1.0,6.0,460.0,55.0,467.0,55.0
Basic,1.0.0,metapackage,,,,,65558.0,67814.0,,,,,,,,,,,,,,,,,,,,,,
CommunityToolkit.VectorData.Weaviate,1.0.0,ok,lib,netstandard2.0,lib/netstandard2.0/CommunityToolkit.VectorData.Weaviate.dll,145216.0,141719.0,350863.0,8.0,29.0,86.0,0.0,8.0,0.0,115.0,166.0,4.0,43.0,8.0,19.0,0.0,1.0,0.0,0.0,1.0,7.0,415.0,115.0,507.0,115.0
MongoSandbox8.runtime.osx-arm64,2.0.0,metapackage,,,,,65558.0,68778499.0,,,,,,,,,,,,,,,,,,,,,,
Basic.Reference.Assemblies.AspNet80,1.8.11,ok,lib,netstandard2.0,lib/netstandard2.0/Basic.Reference.Assemblies.AspNet80.dll,11572736.0,4229095.0,4180389.0,5.0,2.0,910.0,0.0,1.0,0.0,912.0,1.0,0.0,6.0,906.0,0.0,0.0,0.0,0.0,0.0,4.0,5.0,613.0,13.0,927.0,13.0
unofficial.mesa.softwarerenderer,25.3.6.29,metapackage,,,,,15243.0,15243.0,,,,,,,,,,,,,,,,,,,,,,
PcdSharp,1.0.1,ok,lib,netstandard2.1,lib/netstandard2.1/PcdSharp.dll,36864.0,82745.0,201064.0,26.0,22.0,46.0,0.0,10.0,2.0,68.0,33.0,1.0,19.0,9.0,24.0,12.0,0.0,0.0,0.0,1.0,17.0,120.0,51.0,186.0,51.0
QuickLook.RpmReader,1.0.0,ok,lib,netstandard2.1,lib/netstandard2.1/QuickLook.RpmReader.dll,61952.0,91674.0,311837.0,52.0,12.0,132.0,0.0,5.0,0.0,144.0,80.0,17.0,12.0,2.0,4.0,0.0,2.0,0.0,0.0,2.0,48.0,481.0,100.0,390.0,100.0
AzureSoraSDK,1.0.2,ok,lib,net6.0,lib/net6.0/AzureSoraSDK.dll,67072.0,94328.0,245968.0,16.0,30.0,91.0,0.0,25.0,0.0,121.0,42.0,8.0,25.0,6.0,21.0,6.0,8.0,0.0,2.0,3.0,2.0,254.0,57.0,331.0,57.0
elbruno.Extensions.AI.Claude,0.1.0-preview.6,ok,lib,net8.0,lib/net8.0/elbruno.Extensions.AI.Claude.dll,27648.0,45369.0,32203.0,2.0,7.0,23.0,0.0,3.0,0.0,30.0,30.0,0.0,2.0,0.0,4.0,0.0,4.0,0.0,0.0,0.0,1.0,87.0,16.0,94.0,16.0
QuickLook.Typography.OpenFont,1.0.1,ok,lib,net462,lib/net462/QuickLook.Typography.OpenFont.dll,2001920.0,634775.0,623157.0,151.0,144.0,474.0,0.0,74.0,1.0,618.0,727.0,63.0,187.0,45.0,87.0,30.0,0.0,0.0,3.0,20.0,92.0,2570.0,511.0,2511.0,511.0
QuickLook.DiscUtils,1.0.0,ok,lib,netstandard2.1,lib/netstandard2.1/QuickLook.DiscUtils.dll,526336.0,277806.0,2166954.0,220.0,1350.0,992.0,9.0,191.0,18.0,2351.0,773.0,159.0,175.0,408.0,1222.0,288.0,66.0,0.0,16.0,73.0,111.0,2258.0,530.0,4277.0,530.0
Senparc.AI.AgentKernel,0.1.12,ok,lib,net10.0,lib/net10.0/Senparc.AI.AgentKernel.dll,134144.0,123810.0,87404.0,51.0,139.0,155.0,0.0,43.0,4.0,294.0,167.0,13.0,40.0,89.0,95.0,24.0,41.0,0.0,2.0,16.0,16.0,444.0,102.0,655.0,102.0
KRCLib,1.0.1,ok,lib,netstandard2.1,lib/netstandard2.1/KRCLib.dll,18944.0,74602.0,116573.0,4.0,13.0,20.0,0.0,5.0,0.0,33.0,17.0,0.0,5.0,6.0,1.0,0.0,0.0,0.0,0.0,1.0,1.0,30.0,11.0,76.0,11.0
Devolutions.Now.Policy.Client,2026.9.3,ok,lib,net10.0,lib/net10.0/Devolutions.Now.Policy.Client.dll,55808.0,90038.0,66990.0,12.0,22.0,32.0,0.0,9.0,0.0,54.0,80.0,0.0,3.0,1.0,8.0,2.0,6.0,0.0,1.0,1.0,11.0,216.0,36.0,170.0,36.0
DirectNStandard,1.18.0,ok,lib,netstandard2.0,lib/netstandard2.0/DirectNStandard.dll,5412864.0,1638523.0,1745156.0,10357.0,21858.0,3880.0,2.0,108.0,90.0,25740.0,413.0,28.0,86.0,2705.0,19225.0,18880.0,92.0,0.0,1662.0,1763.0,8669.0,77751.0,10551.0,30447.0,10551.0
blazings.echarts,3.3.2,ok,lib,net452,lib/net452/blazings.echarts.dll,4096.0,67584.0,816469.0,0.0,0.0,0.0,0.0,0.0,0.0,0.0,0.0,0.0,0.0,0.0,0.0,0.0,0.0,0.0,0.0,0.0,0.0,0.0,1.0,0.0,1.0
ElBruno.Whisper,0.9.0,ok,lib,net10.0,lib/net10.0/ElBruno.Whisper.dll,100864.0,110840.0,721730.0,16.0,41.0,96.0,0.0,12.0,12.0,137.0,150.0,0.0,38.0,27.0,29.0,0.0,11.0,0.0,0.0,2.0,16.0,323.0,68.0,493.0,68.0
CommunityToolkit.Labs.WinUI.DependencyPropertyGenerator,0.1.251217-build.2433,ok,lib,net9.0-windows10.0.19041,lib/net9.0-windows10.0.19041/CommunityToolkit.WinUI.DependencyPropertyGenerator.dll,19296.0,78366.0,183430.0,2.0,0.0,4.0,0.0,2.0,0.0,4.0,0.0,0.0,0.0,0.0,0.0,0.0,0.0,0.0,0.0,0.0,2.0,5.0,3.0,10.0,3.0
HostingStartupPackage,1.0.0,ok,lib,netstandard2.0,lib/netstandard2.0/HostingStartupPackage.dll,5120.0,16352.0,13663.0,1.0,1.0,0.0,0.0,1.0,0.0,1.0,1.0,0.0,1.0,0.0,1.0,0.0,1.0,0.0,0.0,0.0,0.0,2.0,3.0,5.0,3.0
Microsoft.Accordant,0.1.6,ok,lib,netstandard2.0,lib/netstandard2.0/Accordant.dll,40800.0,87650.0,247225.0,25.0,52.0,29.0,0.0,24.0,0.0,81.0,19.0,15.0,25.0,15.0,31.0,12.0,6.0,0.0,2.0,7.0,5.0,76.0,45.0,184.0,45.0
RecipeEngine.Modules.Wrench,0.10.44,ok,lib,net8.0,lib/net8.0/RecipeEngine.Modules.Wrench.dll,8192.0,23228.0,18817.0,2.0,2.0,2.0,0.0,1.0,0.0,4.0,9.0,0.0,0.0,2.0,0.0,0.0,0.0,0.0,0.0,1.0,1.0,7.0,4.0,13.0,4.0
Devolutions.Now.Policy.Api,2026.9.3,ok,lib,net10.0,lib/net10.0/Devolutions.Now.Policy.Api.dll,693248.0,252230.0,389458.0,69.0,21.0,528.0,0.0,44.0,0.0,549.0,644.0,7.0,2522.0,16.0,9.0,1.0,0.0,0.0,0.0,6.0,68.0,3684.0,215.0,4103.0,215.0
Microsoft.MixedReality.Toolkit.Tests.Utilities,2.3.0,no_lib_dll,,,,,48514.0,48514.0,,,,,,,,,,,,,,,,,,,,,,
CsTrees,1.0.4,ok,lib,net8.0,lib/net8.0/CsTrees.dll,136192.0,118266.0,126127.0,74.0,227.0,165.0,0.0,67.0,0.0,392.0,328.0,47.0,63.0,11.0,144.0,22.0,0.0,0.0,1.0,14.0,23.0,595.0,170.0,904.0,170.0
MacBundle,1.0.0,no_lib_dll,,,,,65558.0,5291431.0,,,,,,,,,,,,,,,,,,,,,,
QuickLook.LibAPNG,0.3.1,ok,lib,netstandard2.1,lib/netstandard2.1/LibAPNG.dll,20480.0,75962.0,303795.0,11.0,10.0,36.0,0.0,21.0,0.0,46.0,25.0,6.0,13.0,0.0,5.0,0.0,0.0,0.0,0.0,0.0,2.0,52.0,23.0,166.0,23.0
PackageManagement,1.0.0,ok,lib,net5.0,lib/net5.0/PackageManagement.dll,5120.0,18484.0,15855.0,0.0,0.0,0.0,0.0,0.0,0.0,0.0,1.0,0.0,0.0,0.0,0.0,0.0,0.0,0.0,0.0,0.0,0.0,0.0,3.0,5.0,3.0
ElBruno.MAF.FoundryLocal.Adapter,0.2.1,ok,lib,net10.0,lib/net10.0/ElBruno.MAF.FoundryLocal.dll,54784.0,70256.0,45408.0,16.0,42.0,35.0,0.0,11.0,8.0,77.0,72.0,0.0,9.0,17.0,21.0,0.0,9.0,0.0,0.0,5.0,16.0,160.0,35.0,211.0,35.0
D2Phap.EggShell-x64,1.1.824,ok,lib,net10.0-windows7.0,lib/net10.0-windows7.0/D2Phap.EggShell_x64.dll,759808.0,275022.0,229214.0,11.0,30.0,175.0,0.0,6.0,2.0,205.0,1225.0,4.0,876.0,10.0,9.0,0.0,3.0,0.0,0.0,0.0,5.0,5756.0,443.0,3467.0,443.0
ImageGlass.SDK,1.2.0,ok,lib,net10.0,lib/net10.0/ImageGlass.SDK.dll,282112.0,217957.0,189983.0,53.0,41.0,184.0,0.0,31.0,4.0,225.0,175.0,14.0,452.0,8.0,38.0,13.0,3.0,0.0,1.0,5.0,49.0,991.0,102.0,1053.0,102.0
QuickLook.MediaInfo.Native.win-x86,26.5.0,native_only,,,,,65558.0,3463252.0,,,,,,,,,,,,,,,,,,,,,,
ElBruno.Connectors.SqliteVec,0.5.3,ok,lib,net10.0,lib/net10.0/ElBruno.Connectors.SqliteVec.dll,62976.0,91457.0,791026.0,5.0,14.0,28.0,0.0,1.0,0.0,42.0,97.0,0.0,8.0,4.0,11.0,0.0,0.0,0.0,0.0,4.0,5.0,266.0,30.0,158.0,30.0
QuickLook.HelixToolkit,3.1.2,ok,lib,net8.0-windows7.0,lib/net8.0-windows7.0/HelixToolkit.Wpf.dll,574976.0,288987.0,1288145.0,204.0,674.0,1151.0,10.0,175.0,2.0,1835.0,505.0,320.0,101.0,270.0,295.0,36.0,52.0,0.0,6.0,49.0,99.0,1692.0,301.0,3711.0,301.0
QuickLook.MediaInfo.Native.win-x64,26.5.0,native_only,,,,,65558.0,3596304.0,,,,,,,,,,,,,,,,,,,,,,
D2Phap.EggShell-ARM64,1.1.824,ok,lib,net10.0-windows7.0,lib/net10.0-windows7.0/D2Phap.EggShell_ARM64.dll,759808.0,275024.0,229229.0,11.0,30.0,175.0,0.0,6.0,2.0,205.0,1225.0,4.0,876.0,10.0,9.0,0.0,3.0,0.0,0.0,0.0,5.0,5756.0,443.0,3467.0,443.0
QuickLook.HexEditor,2.6.1,ok,lib,net8.0-windows7.0,lib/net8.0-windows7.0/WPFHexaEditor.dll,685568.0,280272.0,701628.0,116.0,793.0,660.0,115.0,92.0,24.0,1568.0,542.0,78.0,183.0,209.0,132.0,12.0,53.0,0.0,1.0,19.0,70.0,1432.0,235.0,3038.0,235.0
CommunityToolkit.VectorData.AzureCosmosDB,1.0.0,ok,lib,netstandard2.0,lib/netstandard2.0/CommunityToolkit.VectorData.AzureCosmosDB.dll,154432.0,146267.0,376901.0,9.0,36.0,62.0,0.0,21.0,2.0,98.0,239.0,8.0,58.0,12.0,24.0,0.0,2.0,0.0,0.0,1.0,8.0,414.0,104.0,510.0,104.0
Microsoft.Orleans.Reminders.Firestore,10.3.1,ok,lib,net10.0,lib/net10.0/Orleans.Reminders.Firestore.dll,94008.0,119353.0,143409.0,2.0,4.0,12.0,0.0,1.0,0.0,16.0,89.0,4.0,19.0,4.0,0.0,0.0,0.0,0.0,0.0,1.0,1.0,215.0,49.0,187.0,49.0
Microsoft.Orleans.Clustering.Firestore,10.3.1,ok,lib,net10.0,lib/net10.0/Orleans.Clustering.Firestore.dll,104800.0,123904.0,152318.0,2.0,4.0,24.0,0.0,1.0,0.0,28.0,105.0,4.0,30.0,4.0,0.0,0.0,0.0,0.0,0.0,1.0,1.0,269.0,62.0,249.0,62.0
QuickLook.MediaInfo,26.5.0,ok,lib,netstandard2.1,lib/netstandard2.1/QuickLook.MediaInfo.dll,1713152.0,617635.0,6677415.0,39.0,71.0,119.0,0.0,12.0,0.0,190.0,67.0,23.0,3.0,23.0,17.0,2.0,3.0,0.0,0.0,9.0,31.0,513.0,59.0,359.0,59.0
Microsoft.AspNetCore.Components.Testing,11.0.0-preview.7.26425.128,ok,lib,net11.0,lib/net11.0/Microsoft.AspNetCore.Components.Testing.dll,107304.0,116150.0,134987.0,20.0,42.0,62.0,0.0,11.0,0.0,104.0,198.0,15.0,82.0,13.0,14.0,4.0,4.0,0.0,2.0,10.0,6.0,369.0,89.0,426.0,89.0
Microsoft.Orleans.GrainDirectory.Firestore,10.3.1,ok,lib,net10.0,lib/net10.0/Orleans.GrainDirectory.Firestore.dll,84280.0,114936.0,134096.0,3.0,9.0,9.0,0.0,2.0,0.0,18.0,79.0,4.0,21.0,4.0,5.0,0.0,5.0,0.0,0.0,1.0,1.0,182.0,46.0,171.0,46.0
Azure.ResourceManager.ServiceGroups,1.0.0,ok,lib,netstandard2.0,lib/netstandard2.0/Azure.ResourceManager.ServiceGroups.dll,228704.0,162697.0,374488.0,19.0,62.0,148.0,0.0,17.0,4.0,210.0,297.0,46.0,75.0,17.0,50.0,0.0,12.0,0.0,0.0,2.0,12.0,867.0,216.0,1120.0,216.0
Azure.ResourceManager.KubernetesConfiguration.Extensions,1.0.0,ok,lib,netstandard2.0,lib/netstandard2.0/Azure.ResourceManager.KubernetesConfiguration.Extensions.dll,275488.0,175999.0,430511.0,25.0,87.0,227.0,0.0,23.0,12.0,314.0,374.0,92.0,105.0,33.0,74.0,0.0,14.0,0.0,0.0,2.0,14.0,985.0,239.0,1364.0,239.0
Microsoft.Orleans.Streaming.Kinesis,10.3.1,ok,lib,net10.0,lib/net10.0/Orleans.Streaming.Kinesis.dll,107320.0,129091.0,165396.0,7.0,15.0,32.0,0.0,5.0,0.0,47.0,67.0,1.0,45.0,5.0,3.0,0.0,3.0,0.0,0.0,2.0,4.0,291.0,67.0,274.0,67.0
jQuery.Templates,0.1.0,metapackage,,,,,22717.0,22717.0,,,,,,,,,,,,,,,,,,,,,,
Microsoft.Orleans.Persistence.Firestore,10.3.1,ok,lib,net10.0,lib/net10.0/Orleans.Persistence.Firestore.dll,87352.0,116050.0,136851.0,3.0,8.0,10.0,0.0,2.0,0.0,18.0,75.0,4.0,16.0,8.0,2.0,0.0,2.0,0.0,0.0,1.0,1.0,180.0,45.0,165.0,45.0
CommunityToolkit.VectorData.AzureDocumentDB,1.0.0,ok,lib,netstandard2.1,lib/netstandard2.1/CommunityToolkit.VectorData.AzureDocumentDB.dll,142144.0,138448.0,343467.0,8.0,31.0,41.0,0.0,8.0,0.0,72.0,206.0,5.0,79.0,10.0,19.0,0.0,0.0,0.0,0.0,1.0,7.0,421.0,86.0,432.0,86.0
Microsoft.AspNetCore.Components.Server.AutoPause,11.0.0-rc.1.26425.128,ok,lib,net11.0,lib/net11.0/Microsoft.AspNetCore.Components.Server.AutoPause.dll,21800.0,68116.0,55048.0,2.0,1.0,6.0,0.0,1.0,0.0,7.0,7.0,1.0,0.0,1.0,0.0,0.0,0.0,0.0,0.0,1.0,2.0,8.0,4.0,20.0,4.0
Azure.ResourceManager.Resources.Deployments,1.0.0,ok,lib,netstandard2.0,lib/netstandard2.0/Azure.ResourceManager.Resources.Deployments.dll,471904.0,226205.0,636093.0,61.0,265.0,379.0,0.0,34.0,20.0,644.0,614.0,263.0,268.0,99.0,210.0,0.0,16.0,0.0,0.0,2.0,22.0,1498.0,361.0,2255.0,361.0
Cyqwel,0.3.0,ok,lib,net8.0,lib/net8.0/Cyqwel.dll,593920.0,282834.0,259325.0,192.0,1367.0,807.0,0.0,154.0,240.0,2174.0,863.0,436.0,463.0,340.0,1010.0,1.0,214.0,0.0,0.0,22.0,178.0,1434.0,341.0,4680.0,341.0
identityserver4.accesstokenvalidation,3.0.1,ok,lib,netcoreapp3.0,lib/netcoreapp3.0/IdentityServer4.AccessTokenValidation.dll,30608.0,78333.0,62733.0,7.0,9.0,22.0,0.0,3.0,0.0,31.0,14.0,2.0,6.0,7.0,2.0,0.0,0.0,0.0,0.0,3.0,4.0,47.0,14.0,82.0,14.0
azure.developer.trustedsigning.cryptoprovider,0.1.60,ok,lib,net8.0,lib/net8.0/Azure.Developer.TrustedSigning.CryptoProvider.dll,34848.0,67423.0,48084.0,10.0,23.0,10.0,0.0,11.0,0.0,33.0,18.0,9.0,5.0,3.0,25.0,7.0,0.0,0.0,3.0,5.0,1.0,63.0,20.0,77.0,20.0
blazored.localstorage,4.5.0,ok,lib,net8.0,lib/net8.0/Blazored.LocalStorage.dll,32256.0,79628.0,102327.0,9.0,30.0,5.0,6.0,7.0,0.0,41.0,36.0,0.0,4.0,4.0,34.0,32.0,0.0,0.0,3.0,4.0,1.0,110.0,31.0,166.0,31.0
identityserver4.aspnetidentity,4.1.2,ok,lib,netcoreapp3.1,lib/netcoreapp3.1/IdentityServer4.AspNetIdentity.dll,34824.0,82819.0,73185.0,4.0,12.0,1.0,0.0,4.0,0.0,13.0,24.0,6.0,17.0,2.0,10.0,0.0,0.0,0.0,0.0,1.0,1.0,96.0,26.0,72.0,26.0
identitymodel.oidcclient,6.0.0,ok,lib,netstandard2.0,lib/netstandard2.0/IdentityModel.OidcClient.dll,161792.0,150660.0,233789.0,23.0,13.0,122.0,1.0,21.0,0.0,136.0,87.0,4.0,209.0,1.0,30.0,2.0,1.0,0.0,2.0,4.0,3.0,505.0,74.0,574.0,74.0
membase,2.14.0,ok,lib,net35,lib/net35/Membase.dll,65536.0,102413.0,315324.0,21.0,35.0,97.0,2.0,20.0,0.0,134.0,143.0,41.0,4.0,0.0,29.0,16.0,0.0,0.0,7.0,7.0,7.0,196.0,61.0,389.0,61.0
identitymodel,7.0.0,ok,lib,netstandard2.0,lib/netstandard2.0/IdentityModel.dll,191488.0,133047.0,593611.0,129.0,117.0,298.0,0.0,63.0,0.0,415.0,105.0,16.0,209.0,69.0,27.0,6.0,8.0,0.0,2.0,69.0,74.0,1062.0,180.0,1000.0,180.0
microbuild.core,0.3.1,metapackage,,,,,23636.0,23636.0,,,,,,,,,,,,,,,,,,,,,,
az.accounts,3.0.4,ok,lib,netstandard2.0,lib/netstandard2.0/Azure.Core.dll,414648.0,240358.0,9832312.0,111.0,333.0,528.0,0.0,115.0,49.0,861.0,569.0,100.0,204.0,196.0,272.0,67.0,58.0,0.0,7.0,34.0,56.0,1548.0,388.0,2461.0,388.0
microsoft.extensions.logging.testing,0.0.1-alpha,metapackage,,,,,12415.0,12415.0,,,,,,,,,,,,,,,,,,,,,,
microsoft.extensions.copyonwritedictionary.sources,0.0.1-alpha,metapackage,,,,,12497.0,12497.0,,,,,,,,,,,,,,,,,,,,,,
microsoft.extensions.hashcodecombiner.sources,0.0.1-alpha,metapackage,,,,,12468.0,12468.0,,,,,,,,,,,,,,,,,,,,,,
microsoft.azure.test.framework,2.0.5658.29898-prerelease,ok,lib,net45,lib/net45/Microsoft.Azure.Test.Framework.dll,68264.0,96920.0,76275.0,33.0,88.0,62.0,0.0,25.0,0.0,150.0,49.0,39.0,16.0,35.0,55.0,6.0,24.0,0.0,0.0,12.0,9.0,167.0,50.0,308.0,50.0
microsoft.extensions.closedgenericmatcher.sources,0.0.1-alpha,metapackage,,,,,12489.0,12489.0,,,,,,,,,,,,,,,,,,,,,,
microsoft.azure.services.appauthentication,1.6.2,ok,lib,netstandard2.0,lib/netstandard2.0/Microsoft.Azure.Services.AppAuthentication.dll,83344.0,101451.0,201703.0,5.0,12.0,28.0,0.0,6.0,0.0,40.0,82.0,2.0,38.0,2.0,14.0,0.0,0.0,0.0,0.0,0.0,1.0,330.0,57.0,214.0,57.0
microsoft.extensions.propertyactivator.sources,0.0.1-alpha,metapackage,,,,,12474.0,12474.0,,,,,,,,,,,,,,,,,,,,,,
microsoft.extensions.typenamehelper.sources,0.0.1-alpha,metapackage,,,,,12456.0,12456.0,,,,,,,,,,,,,,,,,,,,,,
microsoft.extensions.propertyhelper.sources,0.0.1-alpha,metapackage,,,,,12457.0,12457.0,,,,,,,,,,,,,,,,,,,,,,
microsoft.extensions.securityhelper.sources,0.0.1-alpha,metapackage,,,,,12456.0,12456.0,,,,,,,,,,,,,,,,,,,,,,
microsoft.codeanalysis.elfie,1.0.0,ok,lib,netstandard2.0,lib/netstandard2.0/Microsoft.CodeAnalysis.Elfie.dll,145840.0,133028.0,155504.0,90.0,513.0,200.0,0.0,76.0,2.0,713.0,162.0,33.0,61.0,96.0,328.0,75.0,211.0,0.0,9.0,37.0,38.0,380.0,115.0,1038.0,115.0
identityserver4,4.1.2,ok,lib,netcoreapp3.1,lib/netcoreapp3.1/IdentityServer4.dll,699920.0,300897.0,413465.0,337.0,510.0,666.0,0.0,225.0,0.0,1176.0,634.0,95.0,246.0,170.0,341.0,116.0,110.0,0.0,66.0,126.0,68.0,2946.0,735.0,3150.0,735.0
BetterGI.Assets.Map,1.0.22,ok,lib,net8.0,lib/net8.0/BetterGI.Assets.Map.dll,4608.0,137809.0,217524505.0,1.0,0.0,0.0,0.0,1.0,0.0,0.0,0.0,0.0,0.0,0.0,0.0,0.0,0.0,0.0,0.0,0.0,0.0,0.0,2.0,1.0,2.0
azure.batch,8.1.3,ok,lib,netstandard1.4,lib/netstandard1.4/Microsoft.Azure.Batch.dll,1369160.0,463449.0,1284218.0,647.0,673.0,2525.0,0.0,777.0,0.0,3198.0,1167.0,33.0,847.0,232.0,1009.0,155.0,744.0,0.0,24.0,44.0,102.0,6797.0,1295.0,8153.0,1295.0
monogame.content.builder,3.7.0.9,no_lib_dll,,,,,21755.0,21755.0,,,,,,,,,,,,,,,,,,,,,,
microsoft.toolkit.highperformance,7.1.2,ok,lib,netstandard2.1,lib/netstandard2.1/Microsoft.Toolkit.HighPerformance.dll,114384.0,113712.0,702514.0,53.0,295.0,101.0,0.0,53.0,22.0,396.0,74.0,9.0,21.0,201.0,54.0,10.0,23.0,0.0,5.0,23.0,48.0,163.0,94.0,715.0,94.0
microsoft.toolkit.mvvm,7.1.2,ok,lib,netstandard2.1,lib/netstandard2.1/Microsoft.Toolkit.Mvvm.dll,75984.0,101701.0,314636.0,32.0,122.0,48.0,7.0,36.0,1.0,177.0,73.0,47.0,32.0,17.0,89.0,19.0,62.0,0.0,6.0,11.0,17.0,158.0,72.0,379.0,72.0
microsoft.toolkit.uwp.ui.controls,7.1.3,metapackage,,,,,30317.0,30317.0,,,,,,,,,,,,,,,,,,,,,,
microsoft.toolkit.uwp.ui,7.1.3,ok,lib,uap10.0.17763,lib/uap10.0.17763/Microsoft.Toolkit.Uwp.UI.dll,189072.0,146653.0,177258.0,85.0,302.0,159.0,6.0,56.0,0.0,467.0,319.0,43.0,56.0,192.0,148.0,28.0,83.0,0.0,3.0,27.0,39.0,538.0,148.0,1032.0,148.0
microsoft.azure.resourcemanager,3.0.0-preview,ok,lib,net45,lib/net45/Microsoft.Azure.ResourceManager.dll,458432.0,183303.0,415346.0,90.0,286.0,275.0,0.0,131.0,0.0,561.0,433.0,20.0,104.0,182.0,267.0,172.0,70.0,0.0,18.0,38.0,21.0,2631.0,377.0,1599.0,377.0
microsoft.visualstudio.search,16.3.29318.20,ok,lib,net45,lib/net45/Microsoft.VisualStudio.Search.dll,31144.0,65618.0,48769.0,38.0,40.0,49.0,3.0,18.0,2.0,92.0,4.0,3.0,0.0,2.0,70.0,43.0,4.0,0.0,14.0,18.0,17.0,85.0,39.0,126.0,39.0
oauth,1.0.3,ok,lib,net40,lib/net40/OAuth.dll,24064.0,79059.0,234296.0,7.0,45.0,24.0,0.0,7.0,0.0,69.0,40.0,0.0,0.0,22.0,54.0,0.0,0.0,0.0,0.0,1.0,4.0,55.0,11.0,140.0,11.0
rx-main,2.2.5,metapackage,,,,,12308.0,12308.0,,,,,,,,,,,,,,,,,,,,,,
microsoft.toolkit.uwp.ui.behaviors,7.1.3,ok,lib,uap10.0.17763,lib/uap10.0.17763/Microsoft.Toolkit.Uwp.UI.Behaviors.dll,41616.0,87135.0,69215.0,16.0,29.0,17.0,5.0,16.0,0.0,51.0,57.0,26.0,3.0,0.0,27.0,0.0,2.0,0.0,0.0,1.0,9.0,58.0,24.0,150.0,24.0
rick.docs.samples.routeinfo,1.0.0.8,ok,lib,net6.0,lib/net6.0/Microsoft.Docs.Samples.RouteInfo.dll,8192.0,18488.0,14821.0,2.0,8.0,0.0,0.0,0.0,0.0,8.0,0.0,0.0,0.0,8.0,0.0,0.0,0.0,0.0,0.0,2.0,2.0,0.0,3.0,8.0,3.0
selfsignedcertificate,0.0.1,metapackage,,,,,19701.0,19701.0,,,,,,,,,,,,,,,,,,,,,,
rx-interfaces,2.2.5,ok,lib,net45,lib/net45/System.Reactive.Interfaces.dll,24272.0,79649.0,183443.0,18.0,12.0,10.0,2.0,0.0,0.0,24.0,0.0,0.0,0.0,0.0,26.0,26.0,0.0,0.0,18.0,18.0,0.0,0.0,24.0,31.0,24.0
rx-core,2.2.5,ok,lib,net45,lib/net45/System.Reactive.Core.dll,114896.0,117840.0,717243.0,47.0,163.0,90.0,7.0,36.0,10.0,260.0,121.0,51.0,24.0,114.0,97.0,31.0,41.0,0.0,6.0,20.0,29.0,383.0,173.0,770.0,173.0
reactiveui-core,7.4.0,ok,lib,Net45,lib/Net45/ReactiveUI.dll,273920.0,172970.0,2142412.0,124.0,369.0,202.0,13.0,56.0,0.0,584.0,271.0,64.0,484.0,218.0,278.0,117.0,117.0,0.0,37.0,69.0,39.0,815.0,412.0,1841.0,412.0
rx-platformservices,2.3.0,ok,lib,net45,lib/net45/System.Reactive.PlatformServices.dll,38632.0,87123.0,205994.0,6.0,20.0,9.0,0.0,6.0,0.0,29.0,23.0,0.0,7.0,4.0,19.0,0.0,8.0,0.0,0.0,1.0,5.0,84.0,27.0,105.0,27.0
serilog.opentelemetry.consolesink,2.0.0,ok,lib,netstandard2.1,lib/netstandard2.1/Serilog.OpenTelemetry.ConsoleSink.dll,9216.0,20358.0,15679.0,2.0,3.0,0.0,0.0,1.0,0.0,3.0,6.0,0.0,3.0,2.0,1.0,0.0,1.0,0.0,0.0,1.0,1.0,4.0,5.0,17.0,5.0
microsoft.visualstudio.languageserver.client.implementation,16.6.45,ok,lib,net472,lib/net472/Microsoft.VisualStudio.LanguageServer.Client.Implementation.dll,569712.0,276797.0,395071.0,43.0,46.0,356.0,17.0,9.0,0.0,419.0,722.0,95.0,415.0,54.0,86.0,77.0,4.0,0.0,28.0,28.0,4.0,2372.0,559.0,2241.0,559.0
serilog.sinks.aspnetcore.signalr,0.4.0,ok,lib,netcoreapp3.1,lib/netcoreapp3.1/Serilog.Sinks.AspNetCore.SignalR.dll,10240.0,21113.0,16166.0,3.0,4.0,5.0,0.0,1.0,0.0,9.0,0.0,0.0,0.0,1.0,3.0,2.0,1.0,0.0,1.0,2.0,1.0,12.0,5.0,14.0,5.0
sqlitepcl.bundle_green,0.9.3,ok,lib,net45,lib/net45/SQLitePCL.batteries.dll,3584.0,23364.0,21619.0,1.0,1.0,0.0,0.0,0.0,0.0,1.0,0.0,0.0,0.0,1.0,0.0,0.0,0.0,0.0,0.0,1.0,1.0,0.0,2.0,1.0,2.0
rx-linq,2.2.5,ok,lib,net45,lib/net45/System.Reactive.Linq.dll,708816.0,294088.0,2677787.0,44.0,745.0,255.0,2.0,35.0,6.0,1002.0,503.0,261.0,274.0,640.0,74.0,5.0,39.0,0.0,0.0,11.0,14.0,2899.0,773.0,4883.0,773.0
sevenzipsharp,0.64.0,ok,lib,,lib/SevenZipSharp.dll,151040.0,143944.0,90399.0,44.0,119.0,104.0,22.0,63.0,4.0,245.0,152.0,23.0,28.0,13.0,47.0,2.0,6.0,0.0,2.0,3.0,26.0,607.0,135.0,903.0,135.0
sqlitepcl.raw,0.9.3,ok,lib,net45,lib/net45/SQLitePCL.raw.dll,55808.0,86863.0,372734.0,36.0,309.0,19.0,0.0,30.0,0.0,328.0,129.0,2.0,81.0,114.0,194.0,109.0,4.0,0.0,1.0,2.0,29.0,290.0,56.0,690.0,56.0
xamarin.insights,1.12.3,ok,lib,net40,lib/net40/Xamarin.Insights.dll,82944.0,102355.0,959307.0,12.0,33.0,63.0,25.0,5.0,0.0,121.0,101.0,3.0,38.0,31.0,18.0,3.0,0.0,0.0,1.0,3.0,11.0,339.0,108.0,593.0,108.0
webrequest.webrequesthandler,1.0.3,ok,lib,net45,lib/net45/System.Net.Http.WebRequest.dll,24616.0,68998.0,54333.0,1.0,0.0,10.0,0.0,1.0,0.0,10.0,0.0,0.0,1.0,0.0,0.0,0.0,0.0,0.0,0.0,0.0,0.0,0.0,2.0,21.0,2.0
system.commandline.experimental,0.3.0-alpha.19577.1,ok,lib,netstandard2.0,lib/netstandard2.0/System.CommandLine.dll,170568.0,142596.0,127065.0,94.0,248.0,252.0,1.0,46.0,2.0,501.0,271.0,65.0,274.0,143.0,159.0,45.0,42.0,0.0,23.0,48.0,30.0,637.0,280.0,1272.0,280.0
yamldotnet.signed,6.0.0,metapackage,,,,,11811.0,11811.0,,,,,,,,,,,,,,,,,,,,,,
monogame.framework.desktopgl.core,3.8.0.13,ok,lib,netstandard2.0,lib/netstandard2.0/MonoGame.Framework.dll,1609216.0,478128.0,4810657.0,406.0,1522.0,1339.0,55.0,344.0,152.0,2916.0,968.0,242.0,885.0,823.0,958.0,103.0,304.0,0.0,16.0,43.0,294.0,4744.0,1034.0,7225.0,1034.0
xab.androidlibv2raylite,1.0.0.1,ok,lib,monoandroid11.0,lib/monoandroid11.0/AndroidLibV2rayLite.dll,32256.0,52590.0,32083.0,3.0,14.0,23.0,0.0,2.0,0.0,37.0,17.0,9.0,3.0,5.0,11.0,5.0,0.0,0.0,1.0,2.0,1.0,15.0,12.0,92.0,12.0
sqlitepcl.raw_basic,0.8.6,ok,lib,net45,lib/net45/SQLitePCL.raw.dll,55296.0,86704.0,29434356.0,36.0,308.0,19.0,0.0,30.0,0.0,327.0,129.0,2.0,81.0,113.0,194.0,109.0,4.0,0.0,1.0,2.0,29.0,290.0,56.0,689.0,56.0
officedevpnpcore16,2.6.1608.999,ok,lib,net45,lib/net45/OfficeDevPnP.Core.dll,10804984.0,1909420.0,1856498.0,699.0,1265.0,2629.0,45.0,599.0,0.0,3939.0,568.0,42.0,1180.0,591.0,521.0,79.0,83.0,0.0,14.0,73.0,172.0,4908.0,1076.0,8750.0,1076.0
system.management.automation.dll,10.0.10586,ok,lib,net40,lib/net40/System.Management.Automation.dll,7154176.0,2360373.0,2306654.0,805.0,2098.0,7870.0,163.0,873.0,35.0,10131.0,5909.0,1266.0,11090.0,306.0,1842.0,391.0,192.0,0.0,28.0,145.0,369.0,15638.0,3072.0,29024.0,3072.0
system.management.automation_powershell_3.0,6.3.9600.17400,ok,lib,net40,lib/net40/System.Management.Automation.dll,6028288.0,2015556.0,1961832.0,733.0,1851.0,6972.0,158.0,817.0,35.0,8981.0,5072.0,1178.0,9774.0,260.0,1599.0,373.0,189.0,0.0,23.0,128.0,331.0,13101.0,2688.0,25299.0,2688.0
microsoft.winui,3.0.0-preview4.210210.4,ok,lib,net5.0-windows10.0.18362.0,lib/net5.0-windows10.0.18362.0/Microsoft.WinUI.dll,11337104.0,2573159.0,52111395.0,2829.0,21688.0,27077.0,1205.0,1500.0,2244.0,49970.0,42775.0,1803.0,3839.0,19802.0,5622.0,707.0,1547.0,0.0,106.0,183.0,2326.0,19019.0,10141.0,94136.0,10141.0
Silk.NET.Direct3D11,2.23.0,ok,lib,netstandard2.1,lib/netstandard2.1/Silk.NET.Direct3D11.dll,16864016.0,2252533.0,10385629.0,549.0,68508.0,159.0,0.0,326.0,212.0,68667.0,184.0,2.0,3.0,43062.0,3.0,0.0,1.0,0.0,0.0,94.0,548.0,5768.0,561.0,69417.0,561.0
Silk.NET.Direct3D.Compilers,2.23.0,ok,lib,netstandard2.1,lib/netstandard2.1/Silk.NET.Direct3D.Compilers.dll,15895824.0,2026105.0,8913912.0,72.0,45612.0,39.0,0.0,36.0,40.0,45651.0,59.0,4.0,2.0,24187.0,6.0,0.0,2.0,0.0,0.0,31.0,70.0,239.0,82.0,45806.0,82.0
