package,version,downloads,doc_types_available,link_count,handwritten_site,tool_generated_docs,readme_in_package,docs_folder_in_package,docs_folder_files,xml_docs_in_package,github_repo,github_docs_folder,github_wiki,github_pages,homepage,changelog,registry_page,doc_coverage_pct
Microsoft.Extensions.DependencyInjection.Abstractions,10.0.11,12493950814.0,hand-written site; xml docs; homepage,2,https://dot.net/,,,,,lib/net10.0/Microsoft.Extensions.DependencyInjection.Abstractions.xml,https://github.com/dotnet/runtime,,,,https://dot.net/,,https://www.nuget.org/packages/Microsoft.Extensions.DependencyInjection.Abstractions,
Microsoft.Extensions.Logging.Abstractions,10.0.11,12022217678.0,hand-written site; xml docs; homepage,2,https://dot.net/,,,,,lib/net10.0/Microsoft.Extensions.Logging.Abstractions.xml,https://github.com/dotnet/runtime,,,,https://dot.net/,,https://www.nuget.org/packages/Microsoft.Extensions.Logging.Abstractions,
Microsoft.Extensions.Primitives,10.0.11,11914509581.0,hand-written site; xml docs; homepage,2,https://dot.net/,,,,,lib/net10.0/Microsoft.Extensions.Primitives.xml,https://github.com/dotnet/runtime,,,,https://dot.net/,,https://www.nuget.org/packages/Microsoft.Extensions.Primitives,
Microsoft.Extensions.Options,10.0.11,10789620694.0,hand-written site; xml docs; homepage,2,https://dot.net/,,,,,lib/net10.0/Microsoft.Extensions.Options.xml,https://github.com/dotnet/runtime,,,,https://dot.net/,,https://www.nuget.org/packages/Microsoft.Extensions.Options,
Microsoft.NETCore.Platforms,7.0.4,9994246659.0,hand-written site; homepage,2,https://dot.net/,,,,,,https://github.com/dotnet/runtime,,,,https://dot.net/,,https://www.nuget.org/packages/Microsoft.NETCore.Platforms,
System.Diagnostics.DiagnosticSource,10.0.11,9990574796.0,hand-written site; xml docs; homepage,2,https://dot.net/,,,,,lib/net10.0/System.Diagnostics.DiagnosticSource.xml,https://github.com/dotnet/dotnet,,,,https://dot.net/,,https://www.nuget.org/packages/System.Diagnostics.DiagnosticSource,
Microsoft.Extensions.Configuration.Abstractions,10.0.11,9347055818.0,hand-written site; xml docs; homepage,2,https://dot.net/,,,,,lib/net10.0/Microsoft.Extensions.Configuration.Abstractions.xml,https://github.com/dotnet/runtime,,,,https://dot.net/,,https://www.nuget.org/packages/Microsoft.Extensions.Configuration.Abstractions,
Newtonsoft.Json,13.0.4,9039911147.0,hand-written site; readme; xml docs; homepage,2,https://www.newtonsoft.com/json,,README.md,,,lib/net20/Newtonsoft.Json.xml,https://github.com/jamesnk/newtonsoft.json,,,,https://www.newtonsoft.com/json,,https://www.nuget.org/packages/Newtonsoft.Json,
System.Runtime.CompilerServices.Unsafe,6.1.2,8439658732.0,xml docs; homepage,1,,,,,,lib/net462/System.Runtime.CompilerServices.Unsafe.xml,https://github.com/dotnet/maintenance-packages,,,,https://github.com/dotnet/maintenance-packages,,https://www.nuget.org/packages/System.Runtime.CompilerServices.Unsafe,
Microsoft.Extensions.DependencyInjection,10.0.11,7718816604.0,hand-written site; xml docs; homepage,2,https://dot.net/,,,,,lib/net10.0/Microsoft.Extensions.DependencyInjection.xml,https://github.com/dotnet/runtime,,,,https://dot.net/,,https://www.nuget.org/packages/Microsoft.Extensions.DependencyInjection,
Microsoft.Extensions.Logging,10.0.11,7559206517.0,hand-written site; xml docs; homepage,2,https://dot.net/,,,,,lib/net10.0/Microsoft.Extensions.Logging.xml,https://github.com/dotnet/runtime,,,,https://dot.net/,,https://www.nuget.org/packages/Microsoft.Extensions.Logging,
Microsoft.Extensions.Configuration,10.0.11,6842061867.0,hand-written site; xml docs; homepage,2,https://dot.net/,,,,,lib/net10.0/Microsoft.Extensions.Configuration.xml,https://github.com/dotnet/runtime,,,,https://dot.net/,,https://www.nuget.org/packages/Microsoft.Extensions.Configuration,
System.Threading.Tasks.Extensions,4.6.3,6731249292.0,xml docs; homepage,1,,,,,,lib/net462/System.Threading.Tasks.Extensions.xml,https://github.com/dotnet/maintenance-packages,,,,https://github.com/dotnet/maintenance-packages,,https://www.nuget.org/packages/System.Threading.Tasks.Extensions,
Microsoft.Extensions.Configuration.Binder,10.0.11,6657565856.0,hand-written site; xml docs; homepage,2,https://dot.net/,,,,,lib/net10.0/Microsoft.Extensions.Configuration.Binder.xml,https://github.com/dotnet/runtime,,,,https://dot.net/,,https://www.nuget.org/packages/Microsoft.Extensions.Configuration.Binder,
Microsoft.Extensions.FileProviders.Abstractions,10.0.11,6453878994.0,hand-written site; xml docs; homepage,2,https://dot.net/,,,,,lib/net10.0/Microsoft.Extensions.FileProviders.Abstractions.xml,https://github.com/dotnet/runtime,,,,https://dot.net/,,https://www.nuget.org/packages/Microsoft.Extensions.FileProviders.Abstractions,
System.Memory,4.6.3,6303101504.0,xml docs; homepage,1,,,,,,lib/net462/System.Memory.xml,https://github.com/dotnet/maintenance-packages,,,,https://github.com/dotnet/maintenance-packages,,https://www.nuget.org/packages/System.Memory,
System.Text.Json,10.0.11,6259852603.0,hand-written site; xml docs; homepage,2,https://dot.net/,,,,,lib/net10.0/System.Text.Json.xml,https://github.com/dotnet/dotnet,,,,https://dot.net/,,https://www.nuget.org/packages/System.Text.Json,
System.Text.Encodings.Web,10.0.11,6069101170.0,hand-written site; xml docs; homepage,2,https://dot.net/,,,,,lib/net10.0/System.Text.Encodings.Web.xml,https://github.com/dotnet/dotnet,,,,https://dot.net/,,https://www.nuget.org/packages/System.Text.Encodings.Web,
System.Buffers,4.6.1,5991057763.0,xml docs; homepage,1,,,,,,lib/net462/System.Buffers.xml,https://github.com/dotnet/maintenance-packages,,,,https://github.com/dotnet/maintenance-packages,,https://www.nuget.org/packages/System.Buffers,
Microsoft.CSharp,4.7.0,5711679517.0,xml docs; homepage,1,,,,,,lib/netstandard2.0/Microsoft.CSharp.xml,https://github.com/dotnet/corefx,,,,https://github.com/dotnet/corefx,,https://www.nuget.org/packages/Microsoft.CSharp,
Microsoft.Extensions.Hosting.Abstractions,10.0.11,5274088619.0,hand-written site; xml docs; homepage,2,https://dot.net/,,,,,lib/net10.0/Microsoft.Extensions.Hosting.Abstractions.xml,https://github.com/dotnet/runtime,,,,https://dot.net/,,https://www.nuget.org/packages/Microsoft.Extensions.Hosting.Abstractions,
System.Security.Cryptography.ProtectedData,10.0.11,5071769367.0,hand-written site; xml docs; homepage,2,https://dot.net/,,,,,lib/net10.0/System.Security.Cryptography.ProtectedData.xml,https://github.com/dotnet/dotnet,,,,https://dot.net/,,https://www.nuget.org/packages/System.Security.Cryptography.ProtectedData,
Microsoft.NETCore.Targets,5.0.0,5050957012.0,homepage,1,,,,,,,https://github.com/dotnet/runtime,,,,https://github.com/dotnet/runtime,,https://www.nuget.org/packages/Microsoft.NETCore.Targets,
System.Security.Cryptography.Cng,5.0.0,4841890492.0,xml docs; homepage,1,,,,,,lib/net461/System.Security.Cryptography.Cng.xml,https://github.com/dotnet/runtime,,,,https://github.com/dotnet/runtime,,https://www.nuget.org/packages/System.Security.Cryptography.Cng,
System.Security.Principal.Windows,5.0.0,4816120074.0,xml docs; homepage,1,,,,,,lib/net461/System.Security.Principal.Windows.xml,https://github.com/dotnet/runtime,,,,https://github.com/dotnet/runtime,,https://www.nuget.org/packages/System.Security.Principal.Windows,
System.Runtime,4.3.1,4767287329.0,hand-written site; xml docs; homepage,2,https://dot.net/,,,,,ref/netcore50/System.Runtime.xml,,,,,https://dot.net/,,https://www.nuget.org/packages/System.Runtime,
Microsoft.Bcl.AsyncInterfaces,10.0.11,4572466627.0,hand-written site; xml docs; homepage,2,https://dot.net/,,,,,lib/net462/Microsoft.Bcl.AsyncInterfaces.xml,https://github.com/dotnet/runtime,,,,https://dot.net/,,https://www.nuget.org/packages/Microsoft.Bcl.AsyncInterfaces,
System.Configuration.ConfigurationManager,10.0.11,4393529930.0,hand-written site; xml docs; homepage,2,https://dot.net/,,,,,lib/net10.0/System.Configuration.ConfigurationManager.xml,https://github.com/dotnet/dotnet,,,,https://dot.net/,,https://www.nuget.org/packages/System.Configuration.ConfigurationManager,
System.Security.AccessControl,6.0.1,4340157553.0,hand-written site; xml docs; homepage,2,https://dot.net/,,,,,lib/net6.0/System.Security.AccessControl.xml,https://github.com/dotnet/runtime,,,,https://dot.net/,,https://www.nuget.org/packages/System.Security.AccessControl,
Microsoft.IdentityModel.Tokens,8.22.0,4282138082.0,readme; xml docs; homepage,1,,,README.md,,,lib/net10.0/Microsoft.IdentityModel.Tokens.xml,https://github.com/azuread/azure-activedirectory-identitymodel-extensions-for-dotnet,,,,https://github.com/AzureAD/azure-activedirectory-identitymodel-extensions-for-dotnet,,https://www.nuget.org/packages/Microsoft.IdentityModel.Tokens,
System.Reflection.TypeExtensions,4.7.0,4203727898.0,xml docs; homepage,1,,,,,,lib/net461/System.Reflection.TypeExtensions.xml,https://github.com/dotnet/corefx,,,,https://github.com/dotnet/corefx,,https://www.nuget.org/packages/System.Reflection.TypeExtensions,
Microsoft.IdentityModel.Logging,8.22.0,4193398299.0,readme; xml docs; homepage,1,,,README.md,,,lib/net10.0/Microsoft.IdentityModel.Logging.xml,https://github.com/azuread/azure-activedirectory-identitymodel-extensions-for-dotnet,,,,https://github.com/AzureAD/azure-activedirectory-identitymodel-extensions-for-dotnet,,https://www.nuget.org/packages/Microsoft.IdentityModel.Logging,
System.Collections.Immutable,10.0.11,4179828415.0,hand-written site; xml docs; homepage,2,https://dot.net/,,,,,lib/net10.0/System.Collections.Immutable.xml,https://github.com/dotnet/dotnet,,,,https://dot.net/,,https://www.nuget.org/packages/System.Collections.Immutable,
Azure.Core,1.62.0,4179177472.0,readme; xml docs; homepage,1,,,README.md,,,lib/net10.0/Azure.Core.xml,https://github.com/azure/azure-sdk-for-net,,,,https://github.com/Azure/azure-sdk-for-net/blob/Azure.Core_1.62.0/sdk/core/Azure.Core/README.md,,https://www.nuget.org/packages/Azure.Core,
System.IO,4.3.0,4033918018.0,hand-written site; xml docs; homepage,2,https://dot.net/,,,,,ref/netcore50/System.IO.xml,,,,,https://dot.net/,,https://www.nuget.org/packages/System.IO,
System.Text.Encoding,4.3.0,4014387650.0,hand-written site; xml docs; homepage,2,https://dot.net/,,,,,ref/netcore50/System.Text.Encoding.xml,,,,,https://dot.net/,,https://www.nuget.org/packages/System.Text.Encoding,
System.Reflection.Emit,4.7.0,4013707525.0,xml docs; homepage,1,,,,,,lib/netstandard1.1/System.Reflection.Emit.xml,https://github.com/dotnet/corefx,,,,https://github.com/dotnet/corefx,,https://www.nuget.org/packages/System.Reflection.Emit,
System.Reflection.Emit.Lightweight,4.7.0,3987000705.0,xml docs; homepage,1,,,,,,lib/netstandard1.0/System.Reflection.Emit.Lightweight.xml,https://github.com/dotnet/corefx,,,,https://github.com/dotnet/corefx,,https://www.nuget.org/packages/System.Reflection.Emit.Lightweight,
System.Reflection,4.3.0,3967371942.0,hand-written site; xml docs; homepage,2,https://dot.net/,,,,,ref/netcore50/System.Reflection.xml,,,,,https://dot.net/,,https://www.nuget.org/packages/System.Reflection,
System.Runtime.Extensions,4.3.1,3965758827.0,hand-written site; xml docs; homepage,2,https://dot.net/,,,,,ref/netcore50/System.Runtime.Extensions.xml,,,,,https://dot.net/,,https://www.nuget.org/packages/System.Runtime.Extensions,
System.Threading.Tasks,4.3.0,3947553189.0,hand-written site; xml docs; homepage,2,https://dot.net/,,,,,ref/netcore50/System.Threading.Tasks.xml,,,,,https://dot.net/,,https://www.nuget.org/packages/System.Threading.Tasks,
System.Reflection.Primitives,4.3.0,3918512364.0,hand-written site; xml docs; homepage,2,https://dot.net/,,,,,ref/netcore50/System.Reflection.Primitives.xml,,,,,https://dot.net/,,https://www.nuget.org/packages/System.Reflection.Primitives,
System.Resources.ResourceManager,4.3.0,3903420606.0,hand-written site; xml docs; homepage,2,https://dot.net/,,,,,ref/netcore50/System.Resources.ResourceManager.xml,,,,,https://dot.net/,,https://www.nuget.org/packages/System.Resources.ResourceManager,
System.Globalization,4.3.0,3901225857.0,hand-written site; xml docs; homepage,2,https://dot.net/,,,,,ref/netcore50/System.Globalization.xml,,,,,https://dot.net/,,https://www.nuget.org/packages/System.Globalization,
System.IdentityModel.Tokens.Jwt,8.22.0,3898279911.0,readme; xml docs; homepage,1,,,README.md,,,lib/net10.0/System.IdentityModel.Tokens.Jwt.xml,https://github.com/azuread/azure-activedirectory-identitymodel-extensions-for-dotnet,,,,https://github.com/AzureAD/azure-activedirectory-identitymodel-extensions-for-dotnet,,https://www.nuget.org/packages/System.IdentityModel.Tokens.Jwt,
System.Threading,4.3.0,3877522964.0,hand-written site; xml docs; homepage,2,https://dot.net/,,,,,ref/netcore50/System.Threading.xml,,,,,https://dot.net/,,https://www.nuget.org/packages/System.Threading,
System.Collections,4.3.0,3869206276.0,hand-written site; xml docs; homepage,2,https://dot.net/,,,,,ref/netcore50/System.Collections.xml,,,,,https://dot.net/,,https://www.nuget.org/packages/System.Collections,
Microsoft.Extensions.FileSystemGlobbing,10.0.11,3854893816.0,hand-written site; xml docs; homepage,2,https://dot.net/,,,,,lib/net10.0/Microsoft.Extensions.FileSystemGlobbing.xml,https://github.com/dotnet/runtime,,,,https://dot.net/,,https://www.nuget.org/packages/Microsoft.Extensions.FileSystemGlobbing,
System.Diagnostics.Debug,4.3.0,3850512843.0,hand-written site; xml docs; homepage,2,https://dot.net/,,,,,ref/netcore50/System.Diagnostics.Debug.xml,,,,,https://dot.net/,,https://www.nuget.org/packages/System.Diagnostics.Debug,
Microsoft.IdentityModel.JsonWebTokens,8.22.0,3813969141.0,readme; xml docs; homepage,1,,,README.md,,,lib/net10.0/Microsoft.IdentityModel.JsonWebTokens.xml,https://github.com/azuread/azure-activedirectory-identitymodel-extensions-for-dotnet,,,,https://github.com/AzureAD/azure-activedirectory-identitymodel-extensions-for-dotnet,,https://www.nuget.org/packages/Microsoft.IdentityModel.JsonWebTokens,
Microsoft.Extensions.FileProviders.Physical,10.0.11,3769514709.0,hand-written site; xml docs; homepage,2,https://dot.net/,,,,,lib/net10.0/Microsoft.Extensions.FileProviders.Physical.xml,https://github.com/dotnet/runtime,,,,https://dot.net/,,https://www.nuget.org/packages/Microsoft.Extensions.FileProviders.Physical,
System.Linq,4.3.0,3765062709.0,hand-written site; xml docs; homepage,2,https://dot.net/,,,,,ref/netcore50/System.Linq.xml,,,,,https://dot.net/,,https://www.nuget.org/packages/System.Linq,
Microsoft.Extensions.Caching.Memory,10.0.11,3741880931.0,hand-written site; xml docs; homepage,2,https://dot.net/,,,,,lib/net10.0/Microsoft.Extensions.Caching.Memory.xml,https://github.com/dotnet/runtime,,,,https://dot.net/,,https://www.nuget.org/packages/Microsoft.Extensions.Caching.Memory,
Microsoft.Extensions.Caching.Abstractions,10.0.11,3721895851.0,hand-written site; xml docs; homepage,2,https://dot.net/,,,,,lib/net10.0/Microsoft.Extensions.Caching.Abstractions.xml,https://github.com/dotnet/runtime,,,,https://dot.net/,,https://www.nuget.org/packages/Microsoft.Extensions.Caching.Abstractions,
System.Runtime.InteropServices,4.3.0,3670955694.0,hand-written site; xml docs; homepage,2,https://dot.net/,,,,,ref/netcore50/System.Runtime.InteropServices.xml,,,,,https://dot.net/,,https://www.nuget.org/packages/System.Runtime.InteropServices,
Microsoft.Win32.Registry,5.0.0,3667881997.0,xml docs; homepage,1,,,,,,lib/net461/Microsoft.Win32.Registry.xml,https://github.com/dotnet/runtime,,,,https://github.com/dotnet/runtime,,https://www.nuget.org/packages/Microsoft.Win32.Registry,
NETStandard.Library,2.0.3,3649844578.0,hand-written site; homepage,2,https://dot.net/,,,,,,,,,,https://dot.net/,,https://www.nuget.org/packages/NETStandard.Library,
System.Linq.Expressions,4.3.0,3648869132.0,hand-written site; xml docs; homepage,2,https://dot.net/,,,,,ref/netcore50/System.Linq.Expressions.xml,,,,,https://dot.net/,,https://www.nuget.org/packages/System.Linq.Expressions,
System.Reflection.Emit.ILGeneration,4.7.0,3635974923.0,xml docs; homepage,1,,,,,,lib/netstandard1.0/System.Reflection.Emit.ILGeneration.xml,https://github.com/dotnet/corefx,,,,https://github.com/dotnet/corefx,,https://www.nuget.org/packages/System.Reflection.Emit.ILGeneration,
System.Text.Encoding.CodePages,10.0.11,3607685878.0,hand-written site; xml docs; homepage,2,https://dot.net/,,,,,lib/net10.0/System.Text.Encoding.CodePages.xml,https://github.com/dotnet/dotnet,,,,https://dot.net/,,https://www.nuget.org/packages/System.Text.Encoding.CodePages,
System.Text.RegularExpressions,4.3.1,3588203288.0,hand-written site; xml docs; homepage,2,https://dot.net/,,,,,ref/netcore50/System.Text.RegularExpressions.xml,,,,,https://dot.net/,,https://www.nuget.org/packages/System.Text.RegularExpressions,
System.Runtime.Handles,4.3.0,3582876813.0,hand-written site; xml docs; homepage,2,https://dot.net/,,,,,ref/netstandard1.3/System.Runtime.Handles.xml,,,,,https://dot.net/,,https://www.nuget.org/packages/System.Runtime.Handles,
Microsoft.Extensions.Options.ConfigurationExtensions,10.0.11,3571406518.0,hand-written site; xml docs; homepage,2,https://dot.net/,,,,,lib/net10.0/Microsoft.Extensions.Options.ConfigurationExtensions.xml,https://github.com/dotnet/runtime,,,,https://dot.net/,,https://www.nuget.org/packages/Microsoft.Extensions.Options.ConfigurationExtensions,
System.Reflection.Extensions,4.3.0,3569612252.0,hand-written site; xml docs; homepage,2,https://dot.net/,,,,,ref/netcore50/System.Reflection.Extensions.xml,,,,,https://dot.net/,,https://www.nuget.org/packages/System.Reflection.Extensions,
System.Net.Http,4.3.4,3564779224.0,hand-written site; homepage,2,https://dot.net/,,,,,,,,,,https://dot.net/,,https://www.nuget.org/packages/System.Net.Http,
Microsoft.Extensions.Configuration.FileExtensions,10.0.11,3527045221.0,hand-written site; xml docs; homepage,2,https://dot.net/,,,,,lib/net10.0/Microsoft.Extensions.Configuration.FileExtensions.xml,https://github.com/dotnet/runtime,,,,https://dot.net/,,https://www.nuget.org/packages/Microsoft.Extensions.Configuration.FileExtensions,
System.IO.FileSystem,4.3.0,3491526730.0,hand-written site; xml docs; homepage,2,https://dot.net/,,,,,ref/netstandard1.3/System.IO.FileSystem.xml,,,,,https://dot.net/,,https://www.nuget.org/packages/System.IO.FileSystem,
Microsoft.Extensions.DependencyModel,10.0.11,3484947486.0,hand-written site; xml docs; homepage,2,https://dot.net/,,,,,lib/net10.0/Microsoft.Extensions.DependencyModel.xml,https://github.com/dotnet/runtime,,,,https://dot.net/,,https://www.nuget.org/packages/Microsoft.Extensions.DependencyModel,
System.IO.FileSystem.Primitives,4.3.0,3482418253.0,hand-written site; xml docs; homepage,2,https://dot.net/,,,,,ref/netstandard1.3/System.IO.FileSystem.Primitives.xml,,,,,https://dot.net/,,https://www.nuget.org/packages/System.IO.FileSystem.Primitives,
System.Reflection.Metadata,10.0.11,3482157430.0,hand-written site; xml docs; homepage,2,https://dot.net/,,,,,lib/net10.0/System.Reflection.Metadata.xml,https://github.com/dotnet/dotnet,,,,https://dot.net/,,https://www.nuget.org/packages/System.Reflection.Metadata,
System.ObjectModel,4.3.0,3479871945.0,hand-written site; xml docs; homepage,2,https://dot.net/,,,,,ref/netcore50/System.ObjectModel.xml,,,,,https://dot.net/,,https://www.nuget.org/packages/System.ObjectModel,
System.ComponentModel.Annotations,5.0.0,3363450107.0,xml docs; homepage,1,,,,,,lib/netstandard2.1/System.ComponentModel.Annotations.xml,https://github.com/dotnet/runtime,,,,https://github.com/dotnet/runtime,,https://www.nuget.org/packages/System.ComponentModel.Annotations,
System.Text.Encoding.Extensions,4.3.0,3289263151.0,hand-written site; xml docs; homepage,2,https://dot.net/,,,,,ref/netcore50/System.Text.Encoding.Extensions.xml,,,,,https://dot.net/,,https://www.nuget.org/packages/System.Text.Encoding.Extensions,
System.Xml.ReaderWriter,4.3.1,3243106538.0,hand-written site; xml docs; homepage,2,https://dot.net/,,,,,ref/netcore50/System.Xml.ReaderWriter.xml,,,,,https://dot.net/,,https://www.nuget.org/packages/System.Xml.ReaderWriter,
System.Security.Permissions,10.0.11,3205243295.0,hand-written site; xml docs; homepage,2,https://dot.net/,,,,,lib/net10.0/System.Security.Permissions.xml,https://github.com/dotnet/runtime,,,,https://dot.net/,,https://www.nuget.org/packages/System.Security.Permissions,
runtime.native.System,4.3.1,3187108702.0,hand-written site; homepage,2,https://dot.net/,,,,,,,,,,https://dot.net/,,https://www.nuget.org/packages/runtime.native.System,
Serilog,4.4.0,3164125986.0,hand-written site; readme; xml docs; homepage,2,https://serilog.net/,,README.md,,,lib/net10.0/Serilog.xml,https://github.com/serilog/serilog,,,,https://serilog.net/,,https://www.nuget.org/packages/Serilog,
System.Runtime.InteropServices.RuntimeInformation,4.3.0,3052817013.0,hand-written site; homepage,2,https://dot.net/,,,,,,,,,,https://dot.net/,,https://www.nuget.org/packages/System.Runtime.InteropServices.RuntimeInformation,
Microsoft.Extensions.Configuration.Json,10.0.11,3039313600.0,hand-written site; xml docs; homepage,2,https://dot.net/,,,,,lib/net10.0/Microsoft.Extensions.Configuration.Json.xml,https://github.com/dotnet/runtime,,,,https://dot.net/,,https://www.nuget.org/packages/Microsoft.Extensions.Configuration.Json,
System.Xml.XDocument,4.3.0,3038317563.0,hand-written site; xml docs; homepage,2,https://dot.net/,,,,,ref/netcore50/System.Xml.XDocument.xml,,,,,https://dot.net/,,https://www.nuget.org/packages/System.Xml.XDocument,
System.Diagnostics.Tools,4.3.0,3031995936.0,hand-written site; xml docs; homepage,2,https://dot.net/,,,,,ref/netcore50/System.Diagnostics.Tools.xml,,,,,https://dot.net/,,https://www.nuget.org/packages/System.Diagnostics.Tools,
System.Security.Cryptography.Algorithms,4.3.1,3003894862.0,hand-written site; homepage,2,https://dot.net/,,,,,,,,,,https://dot.net/,,https://www.nuget.org/packages/System.Security.Cryptography.Algorithms,
Microsoft.IdentityModel.Abstractions,8.22.0,3001618967.0,readme; xml docs; homepage,1,,,README.md,,,lib/net10.0/Microsoft.IdentityModel.Abstractions.xml,https://github.com/azuread/azure-activedirectory-identitymodel-extensions-for-dotnet,,,,https://github.com/AzureAD/azure-activedirectory-identitymodel-extensions-for-dotnet,,https://www.nuget.org/packages/Microsoft.IdentityModel.Abstractions,
System.Diagnostics.Tracing,4.3.0,2977065209.0,hand-written site; xml docs; homepage,2,https://dot.net/,,,,,ref/netcore50/System.Diagnostics.Tracing.xml,,,,,https://dot.net/,,https://www.nuget.org/packages/System.Diagnostics.Tracing,
Microsoft.IdentityModel.Protocols.OpenIdConnect,8.22.0,2973968103.0,readme; xml docs; homepage,1,,,README.md,,,lib/net10.0/Microsoft.IdentityModel.Protocols.OpenIdConnect.xml,https://github.com/azuread/azure-activedirectory-identitymodel-extensions-for-dotnet,,,,https://github.com/AzureAD/azure-activedirectory-identitymodel-extensions-for-dotnet,,https://www.nuget.org/packages/Microsoft.IdentityModel.Protocols.OpenIdConnect,
System.Collections.Concurrent,4.3.0,2960923724.0,hand-written site; xml docs; homepage,2,https://dot.net/,,,,,ref/netcore50/System.Collections.Concurrent.xml,,,,,https://dot.net/,,https://www.nuget.org/packages/System.Collections.Concurrent,
System.Security.Cryptography.X509Certificates,4.3.2,2942587113.0,hand-written site; homepage,2,https://dot.net/,,,,,,,,,,https://dot.net/,,https://www.nuget.org/packages/System.Security.Cryptography.X509Certificates,
System.AppContext,4.3.0,2906525225.0,hand-written site; xml docs; homepage,2,https://dot.net/,,,,,ref/netstandard1.3/System.AppContext.xml,,,,,https://dot.net/,,https://www.nuget.org/packages/System.AppContext,
Microsoft.IdentityModel.Protocols,8.22.0,2903112266.0,readme; xml docs; homepage,1,,,README.md,,,lib/net10.0/Microsoft.IdentityModel.Protocols.xml,https://github.com/azuread/azure-activedirectory-identitymodel-extensions-for-dotnet,,,,https://github.com/AzureAD/azure-activedirectory-identitymodel-extensions-for-dotnet,,https://www.nuget.org/packages/Microsoft.IdentityModel.Protocols,
System.Security.Cryptography.Primitives,4.3.0,2864386308.0,hand-written site; homepage,2,https://dot.net/,,,,,,,,,,https://dot.net/,,https://www.nuget.org/packages/System.Security.Cryptography.Primitives,
System.IO.Pipelines,10.0.11,2847067242.0,hand-written site; xml docs; homepage,2,https://dot.net/,,,,,lib/net10.0/System.IO.Pipelines.xml,https://github.com/dotnet/dotnet,,,,https://dot.net/,,https://www.nuget.org/packages/System.IO.Pipelines,
runtime.native.System.Security.Cryptography.OpenSsl,4.3.3,2845420867.0,hand-written site; homepage,2,https://dot.net/,,,,,,,,,,https://dot.net/,,https://www.nuget.org/packages/runtime.native.System.Security.Cryptography.OpenSsl,
Microsoft.Extensions.ObjectPool,10.0.11,2844415404.0,hand-written site; xml docs; homepage,2,https://asp.net/,,,,,lib/net10.0/Microsoft.Extensions.ObjectPool.xml,https://github.com/dotnet/aspnetcore,,,,https://asp.net/,,https://www.nuget.org/packages/Microsoft.Extensions.ObjectPool,
System.Security.Cryptography.Encoding,4.3.0,2834518995.0,hand-written site; xml docs; homepage,2,https://dot.net/,,,,,ref/netstandard1.3/System.Security.Cryptography.Encoding.xml,,,,,https://dot.net/,,https://www.nuget.org/packages/System.Security.Cryptography.Encoding,
System.Net.Primitives,4.3.1,2820492551.0,hand-written site; xml docs; homepage,2,https://dot.net/,,,,,ref/netcore50/System.Net.Primitives.xml,,,,,https://dot.net/,,https://www.nuget.org/packages/System.Net.Primitives,
System.Drawing.Common,10.0.11,2807606591.0,xml docs; homepage,1,,,,,,lib/net10.0/System.Drawing.Common.xml,https://github.com/dotnet/winforms,,,,https://github.com/dotnet/winforms,,https://www.nuget.org/packages/System.Drawing.Common,
System.Runtime.Numerics,4.3.0,2790355930.0,hand-written site; xml docs; homepage,2,https://dot.net/,,,,,ref/netcore50/System.Runtime.Numerics.xml,,,,,https://dot.net/,,https://www.nuget.org/packages/System.Runtime.Numerics,
Microsoft.AspNetCore.Http.Features,5.0.17,2784314058.0,hand-written site; xml docs; homepage,2,https://asp.net/,,,,,lib/net461/Microsoft.AspNetCore.Http.Features.xml,https://github.com/dotnet/aspnetcore,,,,https://asp.net/,,https://www.nuget.org/packages/Microsoft.AspNetCore.Http.Features,
Microsoft.Identity.Client,4.88.0,2732355934.0,hand-written site; readme; xml docs; homepage,2,https://go.microsoft.com/fwlink/?linkid=844761,,README.md,,,lib/net462/Microsoft.Identity.Client.xml,https://github.com/azuread/microsoft-authentication-library-for-dotnet,,,,https://go.microsoft.com/fwlink/?linkid=844761,,https://www.nuget.org/packages/Microsoft.Identity.Client,
runtime.rhel.7-x64.runtime.native.System.Security.Cryptography.OpenSsl,4.3.3,2725855453.0,hand-written site; homepage,2,https://dot.net/,,,,,,,,,,https://dot.net/,,https://www.nuget.org/packages/runtime.rhel.7-x64.runtime.native.System.Security.Cryptography.OpenSsl,
runtime.opensuse.13.2-x64.runtime.native.System.Security.Cryptography.OpenSsl,4.3.3,2725854184.0,hand-written site; homepage,2,https://dot.net/,,,,,,,,,,https://dot.net/,,https://www.nuget.org/packages/runtime.opensuse.13.2-x64.runtime.native.System.Security.Cryptography.OpenSsl,
runtime.ubuntu.16.10-x64.runtime.native.System.Security.Cryptography.OpenSsl,4.3.3,2725200355.0,hand-written site; homepage,2,https://dot.net/,,,,,,,,,,https://dot.net/,,https://www.nuget.org/packages/runtime.ubuntu.16.10-x64.runtime.native.System.Security.Cryptography.OpenSsl,
runtime.ubuntu.14.04-x64.runtime.native.System.Security.Cryptography.OpenSsl,4.3.3,2725111068.0,hand-written site; homepage,2,https://dot.net/,,,,,,,,,,https://dot.net/,,https://www.nuget.org/packages/runtime.ubuntu.14.04-x64.runtime.native.System.Security.Cryptography.OpenSsl,
runtime.ubuntu.16.04-x64.runtime.native.System.Security.Cryptography.OpenSsl,4.3.3,2725106031.0,hand-written site; homepage,2,https://dot.net/,,,,,,,,,,https://dot.net/,,https://www.nuget.org/packages/runtime.ubuntu.16.04-x64.runtime.native.System.Security.Cryptography.OpenSsl,
runtime.opensuse.42.1-x64.runtime.native.System.Security.Cryptography.OpenSsl,4.3.3,2724961125.0,hand-written site; homepage,2,https://dot.net/,,,,,,,,,,https://dot.net/,,https://www.nuget.org/packages/runtime.opensuse.42.1-x64.runtime.native.System.Security.Cryptography.OpenSsl,
runtime.osx.10.10-x64.runtime.native.System.Security.Cryptography.OpenSsl,4.3.3,2724775383.0,hand-written site; homepage,2,https://dot.net/,,,,,,,,,,https://dot.net/,,https://www.nuget.org/packages/runtime.osx.10.10-x64.runtime.native.System.Security.Cryptography.OpenSsl,
runtime.fedora.23-x64.runtime.native.System.Security.Cryptography.OpenSsl,4.3.3,2723795305.0,hand-written site; homepage,2,https://dot.net/,,,,,,,,,,https://dot.net/,,https://www.nuget.org/packages/runtime.fedora.23-x64.runtime.native.System.Security.Cryptography.OpenSsl,
System.Dynamic.Runtime,4.3.0,2723259080.0,hand-written site; xml docs; homepage,2,https://dot.net/,,,,,ref/netcore50/System.Dynamic.Runtime.xml,,,,,https://dot.net/,,https://www.nuget.org/packages/System.Dynamic.Runtime,
runtime.fedora.24-x64.runtime.native.System.Security.Cryptography.OpenSsl,4.3.3,2723026256.0,hand-written site; homepage,2,https://dot.net/,,,,,,,,,,https://dot.net/,,https://www.nuget.org/packages/runtime.fedora.24-x64.runtime.native.System.Security.Cryptography.OpenSsl,
runtime.debian.8-x64.runtime.native.System.Security.Cryptography.OpenSsl,4.3.3,2722588478.0,hand-written site; homepage,2,https://dot.net/,,,,,,,,,,https://dot.net/,,https://www.nuget.org/packages/runtime.debian.8-x64.runtime.native.System.Security.Cryptography.OpenSsl,
System.Globalization.Calendars,4.3.0,2672810798.0,hand-written site; xml docs; homepage,2,https://dot.net/,,,,,ref/netstandard1.3/System.Globalization.Calendars.xml,,,,,https://dot.net/,,https://www.nuget.org/packages/System.Globalization.Calendars,
Microsoft.Extensions.Configuration.EnvironmentVariables,10.0.11,2648779126.0,hand-written site; xml docs; homepage,2,https://dot.net/,,,,,lib/net10.0/Microsoft.Extensions.Configuration.EnvironmentVariables.xml,https://github.com/dotnet/runtime,,,,https://dot.net/,,https://www.nuget.org/packages/Microsoft.Extensions.Configuration.EnvironmentVariables,
System.Security.Cryptography.OpenSsl,5.0.0,2629678854.0,xml docs; homepage,1,,,,,,lib/net461/System.Security.Cryptography.OpenSsl.xml,https://github.com/dotnet/runtime,,,,https://github.com/dotnet/runtime,,https://www.nuget.org/packages/System.Security.Cryptography.OpenSsl,
Microsoft.Win32.Primitives,4.3.0,2609520751.0,hand-written site; xml docs; homepage,2,https://dot.net/,,,,,ref/netstandard1.3/Microsoft.Win32.Primitives.xml,,,,,https://dot.net/,,https://www.nuget.org/packages/Microsoft.Win32.Primitives,
Microsoft.Win32.SystemEvents,10.0.11,2580375805.0,hand-written site; xml docs; homepage,2,https://dot.net/,,,,,lib/net10.0/Microsoft.Win32.SystemEvents.xml,https://github.com/dotnet/dotnet,,,,https://dot.net/,,https://www.nuget.org/packages/Microsoft.Win32.SystemEvents,
System.Threading.Timer,4.3.0,2568574700.0,hand-written site; xml docs; homepage,2,https://dot.net/,,,,,ref/netcore50/System.Threading.Timer.xml,,,,,https://dot.net/,,https://www.nuget.org/packages/System.Threading.Timer,
System.Diagnostics.EventLog,10.0.11,2566772822.0,hand-written site; xml docs; homepage,2,https://dot.net/,,,,,lib/net10.0/System.Diagnostics.EventLog.xml,https://github.com/dotnet/dotnet,,,,https://dot.net/,,https://www.nuget.org/packages/System.Diagnostics.EventLog,
runtime.native.System.Net.Http,4.3.1,2566035841.0,hand-written site; homepage,2,https://dot.net/,,,,,,,,,,https://dot.net/,,https://www.nuget.org/packages/runtime.native.System.Net.Http,
System.Globalization.Extensions,4.3.0,2565849704.0,hand-written site; xml docs; homepage,2,https://dot.net/,,,,,ref/netstandard1.3/System.Globalization.Extensions.xml,,,,,https://dot.net/,,https://www.nuget.org/packages/System.Globalization.Extensions,
System.Security.Cryptography.Csp,4.3.0,2561592914.0,hand-written site; homepage,2,https://dot.net/,,,,,,,,,,https://dot.net/,,https://www.nuget.org/packages/System.Security.Cryptography.Csp,
Microsoft.AspNetCore.Http.Abstractions,2.3.12,2561314642.0,hand-written site; xml docs; homepage,2,https://asp.net/,,,,,lib/netstandard2.0/Microsoft.AspNetCore.Http.Abstractions.xml,https://github.com/dotnet/aspnetcore,,,,https://asp.net/,,https://www.nuget.org/packages/Microsoft.AspNetCore.Http.Abstractions,
System.Numerics.Vectors,4.6.1,2530692102.0,xml docs; homepage,1,,,,,,lib/net462/System.Numerics.Vectors.xml,https://github.com/dotnet/maintenance-packages,,,,https://github.com/dotnet/maintenance-packages,,https://www.nuget.org/packages/System.Numerics.Vectors,
Microsoft.Extensions.Http,10.0.11,2512940188.0,hand-written site; xml docs; homepage,2,https://dot.net/,,,,,lib/net10.0/Microsoft.Extensions.Http.xml,https://github.com/dotnet/runtime,,,,https://dot.net/,,https://www.nuget.org/packages/Microsoft.Extensions.Http,
System.Console,4.3.1,2486416790.0,hand-written site; xml docs; homepage,2,https://dot.net/,,,,,ref/netstandard1.3/System.Console.xml,,,,,https://dot.net/,,https://www.nuget.org/packages/System.Console,
Microsoft.Extensions.Logging.Configuration,10.0.11,2467065706.0,hand-written site; xml docs; homepage,2,https://dot.net/,,,,,lib/net10.0/Microsoft.Extensions.Logging.Configuration.xml,https://github.com/dotnet/runtime,,,,https://dot.net/,,https://www.nuget.org/packages/Microsoft.Extensions.Logging.Configuration,
Microsoft.EntityFrameworkCore,10.0.11,2443406932.0,hand-written site; xml docs; homepage,2,https://docs.microsoft.com/ef/core/,,,,,lib/net10.0/Microsoft.EntityFrameworkCore.xml,https://github.com/dotnet/efcore,,,,https://docs.microsoft.com/ef/core/,,https://www.nuget.org/packages/Microsoft.EntityFrameworkCore,
Microsoft.Net.Http.Headers,10.0.11,2440305113.0,hand-written site; xml docs; homepage,2,https://asp.net/,,,,,lib/net10.0/Microsoft.Net.Http.Headers.xml,https://github.com/dotnet/aspnetcore,,,,https://asp.net/,,https://www.nuget.org/packages/Microsoft.Net.Http.Headers,
System.IO.Compression,4.3.0,2433577399.0,hand-written site; xml docs; homepage,2,https://dot.net/,,,,,ref/netcore50/System.IO.Compression.xml,,,,,https://dot.net/,,https://www.nuget.org/packages/System.IO.Compression,
System.Net.Sockets,4.3.0,2389318359.0,hand-written site; xml docs; homepage,2,https://dot.net/,,,,,ref/netstandard1.3/System.Net.Sockets.xml,,,,,https://dot.net/,,https://www.nuget.org/packages/System.Net.Sockets,
Microsoft.EntityFrameworkCore.Abstractions,10.0.11,2328895601.0,hand-written site; xml docs; homepage,2,https://docs.microsoft.com/ef/core/,,,,,lib/net10.0/Microsoft.EntityFrameworkCore.Abstractions.xml,https://github.com/dotnet/efcore,,,,https://docs.microsoft.com/ef/core/,,https://www.nuget.org/packages/Microsoft.EntityFrameworkCore.Abstractions,
Microsoft.EntityFrameworkCore.Relational,10.0.11,2328854590.0,hand-written site; xml docs; homepage,2,https://docs.microsoft.com/ef/core/,,,,,lib/net10.0/Microsoft.EntityFrameworkCore.Relational.xml,https://github.com/dotnet/efcore,,,,https://docs.microsoft.com/ef/core/,,https://www.nuget.org/packages/Microsoft.EntityFrameworkCore.Relational,
System.Runtime.Serialization.Primitives,4.3.0,2320086602.0,hand-written site; xml docs; homepage,2,https://dot.net/,,,,,ref/netcore50/System.Runtime.Serialization.Primitives.xml,,,,,https://dot.net/,,https://www.nuget.org/packages/System.Runtime.Serialization.Primitives,
System.IO.Compression.ZipFile,4.3.0,2304153435.0,hand-written site; xml docs; homepage,2,https://dot.net/,,,,,ref/netstandard1.3/System.IO.Compression.ZipFile.xml,,,,,https://dot.net/,,https://www.nuget.org/packages/System.IO.Compression.ZipFile,
Microsoft.AspNetCore.Http,2.3.12,2298112355.0,hand-written site; xml docs; homepage,2,https://asp.net/,,,,,lib/netstandard2.0/Microsoft.AspNetCore.Http.xml,https://github.com/dotnet/aspnetcore,,,,https://asp.net/,,https://www.nuget.org/packages/Microsoft.AspNetCore.Http,
System.Security.Cryptography.Pkcs,10.0.11,2270835903.0,hand-written site; xml docs; homepage,2,https://dot.net/,,,,,lib/net10.0/System.Security.Cryptography.Pkcs.xml,https://github.com/dotnet/dotnet,,,,https://dot.net/,,https://www.nuget.org/packages/System.Security.Cryptography.Pkcs,
runtime.native.System.IO.Compression,4.3.2,2261272582.0,hand-written site; homepage,2,https://dot.net/,,,,,,,,,,https://dot.net/,,https://www.nuget.org/packages/runtime.native.System.IO.Compression,
Microsoft.EntityFrameworkCore.Analyzers,10.0.11,2214075750.0,hand-written site; homepage,2,https://docs.microsoft.com/ef/core/,,,,,,https://github.com/dotnet/efcore,,,,https://docs.microsoft.com/ef/core/,,https://www.nuget.org/packages/Microsoft.EntityFrameworkCore.Analyzers,
System.Windows.Extensions,10.0.11,2186296111.0,hand-written site; xml docs; homepage,2,https://dot.net/,,,,,lib/net10.0/System.Windows.Extensions.xml,https://github.com/dotnet/dotnet,,,,https://dot.net/,,https://www.nuget.org/packages/System.Windows.Extensions,
Microsoft.AspNetCore.WebUtilities,10.0.11,2162029594.0,hand-written site; xml docs; homepage,2,https://asp.net/,,,,,lib/net10.0/Microsoft.AspNetCore.WebUtilities.xml,https://github.com/dotnet/aspnetcore,,,,https://asp.net/,,https://www.nuget.org/packages/Microsoft.AspNetCore.WebUtilities,
System.ComponentModel,4.3.0,2101237751.0,hand-written site; xml docs; homepage,2,https://dot.net/,,,,,ref/netcore50/System.ComponentModel.xml,,,,,https://dot.net/,,https://www.nuget.org/packages/System.ComponentModel,
Microsoft.AspNetCore.Hosting.Abstractions,2.3.12,2043998528.0,hand-written site; xml docs; homepage,2,https://asp.net/,,,,,lib/netstandard2.0/Microsoft.AspNetCore.Hosting.Abstractions.xml,https://github.com/dotnet/aspnetcore,,,,https://asp.net/,,https://www.nuget.org/packages/Microsoft.AspNetCore.Hosting.Abstractions,
Microsoft.AspNetCore.Hosting.Server.Abstractions,2.3.12,2031231073.0,hand-written site; xml docs; homepage,2,https://asp.net/,,,,,lib/netstandard2.0/Microsoft.AspNetCore.Hosting.Server.Abstractions.xml,https://github.com/dotnet/aspnetcore,,,,https://asp.net/,,https://www.nuget.org/packages/Microsoft.AspNetCore.Hosting.Server.Abstractions,
AWSSDK.Core,4.0.102.3,1987604373.0,xml docs; homepage,1,,,,,,lib/net472/AWSSDK.Core.xml,https://github.com/aws/aws-sdk-net,,,,https://github.com/aws/aws-sdk-net/,,https://www.nuget.org/packages/AWSSDK.Core,
Microsoft.TestPlatform.ObjectModel,18.9.0,1977520914.0,readme; xml docs; homepage,1,,,README.md,,,lib/net462/Microsoft.VisualStudio.TestPlatform.ObjectModel.xml,https://github.com/microsoft/vstest,,,,https://github.com/microsoft/vstest,,https://www.nuget.org/packages/Microsoft.TestPlatform.ObjectModel,
Microsoft.AspNetCore.Http.Extensions,2.3.12,1938984187.0,hand-written site; xml docs; homepage,2,https://asp.net/,,,,,lib/netstandard2.0/Microsoft.AspNetCore.Http.Extensions.xml,https://github.com/dotnet/aspnetcore,,,,https://asp.net/,,https://www.nuget.org/packages/Microsoft.AspNetCore.Http.Extensions,
Azure.Identity,1.21.0,1931558283.0,readme; xml docs; homepage,1,,,README.md,,,lib/net10.0/Azure.Identity.xml,https://github.com/azure/azure-sdk-for-net,,,,https://github.com/Azure/azure-sdk-for-net/blob/Azure.Identity_1.21.0/sdk/identity/Azure.Identity/README.md,,https://www.nuget.org/packages/Azure.Identity,
System.Collections.NonGeneric,4.3.0,1922209574.0,hand-written site; xml docs; homepage,2,https://dot.net/,,,,,ref/netstandard1.3/System.Collections.NonGeneric.xml,,,,,https://dot.net/,,https://www.nuget.org/packages/System.Collections.NonGeneric,
runtime.native.System.Security.Cryptography.Apple,4.3.1,1917009403.0,hand-written site; homepage,2,https://dot.net/,,,,,,,,,,https://dot.net/,,https://www.nuget.org/packages/runtime.native.System.Security.Cryptography.Apple,
runtime.osx.10.10-x64.runtime.native.System.Security.Cryptography.Apple,4.3.1,1912546980.0,hand-written site; homepage,2,https://dot.net/,,,,,,,,,,https://dot.net/,,https://www.nuget.org/packages/runtime.osx.10.10-x64.runtime.native.System.Security.Cryptography.Apple,
System.Memory.Data,10.0.11,1897237345.0,hand-written site; xml docs; homepage,2,https://dot.net/,,,,,lib/net10.0/System.Memory.Data.xml,https://github.com/dotnet/dotnet,,,,https://dot.net/,,https://www.nuget.org/packages/System.Memory.Data,
Microsoft.CodeAnalysis.Common,5.9.0,1876890420.0,xml docs; homepage,1,,,,,,lib/net10.0/Microsoft.CodeAnalysis.xml,https://github.com/dotnet/roslyn,,,,https://github.com/dotnet/roslyn,,https://www.nuget.org/packages/Microsoft.CodeAnalysis.Common,
Microsoft.NET.Test.Sdk,18.9.0,1815864107.0,readme; homepage,1,,,README.md,,,,https://github.com/microsoft/vstest,,,,https://github.com/microsoft/vstest,,https://www.nuget.org/packages/Microsoft.NET.Test.Sdk,
System.Xml.XmlDocument,4.3.0,1812669948.0,hand-written site; xml docs; homepage,2,https://dot.net/,,,,,ref/netstandard1.3/System.Xml.XmlDocument.xml,,,,,https://dot.net/,,https://www.nuget.org/packages/System.Xml.XmlDocument,
Microsoft.CodeCoverage,18.9.0,1787111981.0,readme; homepage,1,,,README.md,,,,https://github.com/microsoft/vstest,,,,https://github.com/microsoft/vstest,,https://www.nuget.org/packages/Microsoft.CodeCoverage,
Microsoft.CodeAnalysis.CSharp,5.9.0,1772531317.0,xml docs; homepage,1,,,,,,lib/net10.0/Microsoft.CodeAnalysis.CSharp.xml,https://github.com/dotnet/roslyn,,,,https://github.com/dotnet/roslyn,,https://www.nuget.org/packages/Microsoft.CodeAnalysis.CSharp,
Microsoft.Extensions.Diagnostics.Abstractions,10.0.11,1756513994.0,hand-written site; xml docs; homepage,2,https://dot.net/,,,,,lib/net10.0/Microsoft.Extensions.Diagnostics.Abstractions.xml,https://github.com/dotnet/runtime,,,,https://dot.net/,,https://www.nuget.org/packages/Microsoft.Extensions.Diagnostics.Abstractions,
Microsoft.TestPlatform.TestHost,18.9.0,1753574461.0,readme; homepage,1,,,README.md,,,,https://github.com/microsoft/vstest,,,,https://github.com/microsoft/vstest,,https://www.nuget.org/packages/Microsoft.TestPlatform.TestHost,
Microsoft.Extensions.Logging.Console,10.0.11,1723953785.0,hand-written site; xml docs; homepage,2,https://dot.net/,,,,,lib/net10.0/Microsoft.Extensions.Logging.Console.xml,https://github.com/dotnet/runtime,,,,https://dot.net/,,https://www.nuget.org/packages/Microsoft.Extensions.Logging.Console,
Microsoft.Identity.Client.Extensions.Msal,4.88.0,1711223124.0,hand-written site; readme; xml docs; homepage,2,https://go.microsoft.com/fwlink/?linkid=844761,,README.md,,,lib/net8.0/Microsoft.Identity.Client.Extensions.Msal.xml,https://github.com/azuread/microsoft-authentication-library-for-dotnet,,,,https://go.microsoft.com/fwlink/?linkid=844761,,https://www.nuget.org/packages/Microsoft.Identity.Client.Extensions.Msal,
Castle.Core,5.2.1,1701747433.0,hand-written site; readme; xml docs; homepage,2,http://www.castleproject.org/,,readme.txt,,,lib/net462/Castle.Core.xml,https://github.com/castleproject/core,,,,http://www.castleproject.org/,,https://www.nuget.org/packages/Castle.Core,
System.Security.Cryptography.Xml,10.0.11,1673878841.0,hand-written site; xml docs; homepage,2,https://dot.net/,,,,,lib/net10.0/System.Security.Cryptography.Xml.xml,https://github.com/dotnet/runtime,,,,https://dot.net/,,https://www.nuget.org/packages/System.Security.Cryptography.Xml,
Microsoft.CodeAnalysis.Analyzers,5.9.0,1666605617.0,readme; homepage,1,,,documentation/readme.md,,,,https://github.com/dotnet/roslyn,,,,https://github.com/dotnet/roslyn,,https://www.nuget.org/packages/Microsoft.CodeAnalysis.Analyzers,
System.Collections.Specialized,4.3.0,1625153987.0,hand-written site; xml docs; homepage,2,https://dot.net/,,,,,ref/netstandard1.3/System.Collections.Specialized.xml,,,,,https://dot.net/,,https://www.nuget.org/packages/System.Collections.Specialized,
Polly,8.7.0,1606018783.0,xml docs; homepage,1,,,,,,lib/net462/Polly.xml,https://github.com/app-vnext/polly,,,,https://github.com/App-vNext/Polly,,https://www.nuget.org/packages/Polly,
Microsoft.AspNetCore.Authorization,10.0.11,1604352596.0,hand-written site; xml docs; homepage,2,https://asp.net/,,,,,lib/net10.0/Microsoft.AspNetCore.Authorization.xml,https://github.com/dotnet/aspnetcore,,,,https://asp.net/,,https://www.nuget.org/packages/Microsoft.AspNetCore.Authorization,
Microsoft.OpenApi,3.10.2,1590495167.0,readme; xml docs; homepage,1,,,README.md,,,lib/net8.0/Microsoft.OpenApi.xml,https://github.com/microsoft/openapi.net,,,,https://github.com/Microsoft/OpenAPI.NET,,https://www.nuget.org/packages/Microsoft.OpenApi,
Microsoft.Extensions.Logging.Debug,10.0.11,1576564761.0,hand-written site; xml docs; homepage,2,https://dot.net/,,,,,lib/net10.0/Microsoft.Extensions.Logging.Debug.xml,https://github.com/dotnet/runtime,,,,https://dot.net/,,https://www.nuget.org/packages/Microsoft.Extensions.Logging.Debug,
Microsoft.Data.SqlClient,7.0.2,1550564088.0,hand-written site; readme; xml docs; homepage,2,https://aka.ms/sqlclientproject,,README.md,,,lib/net462/Microsoft.Data.SqlClient.xml,https://github.com/dotnet/sqlclient,,,,https://aka.ms/sqlclientproject,,https://www.nuget.org/packages/Microsoft.Data.SqlClient,
Microsoft.Extensions.Configuration.UserSecrets,10.0.11,1550515771.0,hand-written site; xml docs; homepage,2,https://dot.net/,,,,,lib/net10.0/Microsoft.Extensions.Configuration.UserSecrets.xml,https://github.com/dotnet/runtime,,,,https://dot.net/,,https://www.nuget.org/packages/Microsoft.Extensions.Configuration.UserSecrets,
System.Threading.Thread,4.3.0,1546088155.0,hand-written site; xml docs; homepage,2,https://dot.net/,,,,,ref/netstandard1.3/System.Threading.Thread.xml,,,,,https://dot.net/,,https://www.nuget.org/packages/System.Threading.Thread,
System.Threading.Channels,10.0.11,1543968265.0,hand-written site; xml docs; homepage,2,https://dot.net/,,,,,lib/net10.0/System.Threading.Channels.xml,https://github.com/dotnet/runtime,,,,https://dot.net/,,https://www.nuget.org/packages/System.Threading.Channels,
Microsoft.Extensions.Hosting,10.0.11,1539682912.0,hand-written site; xml docs; homepage,2,https://dot.net/,,,,,lib/net10.0/Microsoft.Extensions.Hosting.xml,https://github.com/dotnet/runtime,,,,https://dot.net/,,https://www.nuget.org/packages/Microsoft.Extensions.Hosting,
Microsoft.AspNetCore.JsonPatch,10.0.11,1521251522.0,hand-written site; xml docs; homepage,2,https://asp.net/,,,,,lib/net10.0/Microsoft.AspNetCore.JsonPatch.xml,https://github.com/dotnet/aspnetcore,,,,https://asp.net/,,https://www.nuget.org/packages/Microsoft.AspNetCore.JsonPatch,
Swashbuckle.AspNetCore.SwaggerGen,10.2.3,1510187810.0,xml docs; homepage,1,,,,,,lib/net10.0/Swashbuckle.AspNetCore.SwaggerGen.xml,https://github.com/domaindrivendev/swashbuckle.aspnetcore,,,,https://github.com/domaindrivendev/Swashbuckle.AspNetCore,,https://www.nuget.org/packages/Swashbuckle.AspNetCore.SwaggerGen,
System.ComponentModel.Primitives,4.3.0,1506425971.0,hand-written site; xml docs; homepage,2,https://dot.net/,,,,,ref/netstandard1.0/System.ComponentModel.Primitives.xml,,,,,https://dot.net/,,https://www.nuget.org/packages/System.ComponentModel.Primitives,
System.ComponentModel.TypeConverter,4.3.0,1505198406.0,hand-written site; xml docs; homepage,2,https://dot.net/,,,,,ref/netstandard1.0/System.ComponentModel.TypeConverter.xml,,,,,https://dot.net/,,https://www.nuget.org/packages/System.ComponentModel.TypeConverter,
Swashbuckle.AspNetCore.Swagger,10.2.3,1491419534.0,xml docs; homepage,1,,,,,,lib/net10.0/Swashbuckle.AspNetCore.Swagger.xml,https://github.com/domaindrivendev/swashbuckle.aspnetcore,,,,https://github.com/domaindrivendev/Swashbuckle.AspNetCore,,https://www.nuget.org/packages/Swashbuckle.AspNetCore.Swagger,
System.Formats.Asn1,10.0.11,1480421140.0,hand-written site; xml docs; homepage,2,https://dot.net/,,,,,lib/net10.0/System.Formats.Asn1.xml,https://github.com/dotnet/dotnet,,,,https://dot.net/,,https://www.nuget.org/packages/System.Formats.Asn1,
Microsoft.Extensions.Configuration.CommandLine,10.0.11,1478165738.0,hand-written site; xml docs; homepage,2,https://dot.net/,,,,,lib/net10.0/Microsoft.Extensions.Configuration.CommandLine.xml,https://github.com/dotnet/runtime,,,,https://dot.net/,,https://www.nuget.org/packages/Microsoft.Extensions.Configuration.CommandLine,
Microsoft.DotNet.PlatformAbstractions,3.1.6,1478160457.0,hand-written site; xml docs; homepage,2,https://dot.net/,,,,,lib/net45/Microsoft.DotNet.PlatformAbstractions.xml,https://github.com/dotnet/core-setup,,,,https://dot.net/,,https://www.nuget.org/packages/Microsoft.DotNet.PlatformAbstractions,
System.CodeDom,10.0.11,1460392209.0,hand-written site; xml docs; homepage,2,https://dot.net/,,,,,lib/net10.0/System.CodeDom.xml,https://github.com/dotnet/dotnet,,,,https://dot.net/,,https://www.nuget.org/packages/System.CodeDom,
System.Runtime.Caching,10.0.11,1410754332.0,hand-written site; xml docs; homepage,2,https://dot.net/,,,,,lib/net10.0/System.Runtime.Caching.xml,https://github.com/dotnet/dotnet,,,,https://dot.net/,,https://www.nuget.org/packages/System.Runtime.Caching,
Google.Protobuf,3.36.1,1405145607.0,xml docs; homepage,1,,,,,,lib/net8.0/Google.Protobuf.xml,https://github.com/protocolbuffers/protobuf,,,,https://github.com/protocolbuffers/protobuf,,https://www.nuget.org/packages/Google.Protobuf,
System.ValueTuple,4.6.2,1384641967.0,xml docs; homepage,1,,,,,,lib/net462/System.ValueTuple.xml,https://github.com/dotnet/maintenance-packages,,,,https://github.com/dotnet/maintenance-packages,,https://www.nuget.org/packages/System.ValueTuple,
Newtonsoft.Json.Bson,1.0.3,1377381256.0,hand-written site; xml docs; homepage,2,http://www.newtonsoft.com/json,,,,,lib/net45/Newtonsoft.Json.Bson.xml,https://github.com/jamesnk/newtonsoft.json.bson,,,,http://www.newtonsoft.com/json,,https://www.nuget.org/packages/Newtonsoft.Json.Bson,
Microsoft.AspNetCore.Cryptography.Internal,10.0.11,1373504107.0,hand-written site; xml docs; homepage,2,https://asp.net/,,,,,lib/net10.0/Microsoft.AspNetCore.Cryptography.Internal.xml,https://github.com/dotnet/aspnetcore,,,,https://asp.net/,,https://www.nuget.org/packages/Microsoft.AspNetCore.Cryptography.Internal,
Microsoft.Extensions.Logging.EventSource,10.0.11,1341113661.0,hand-written site; xml docs; homepage,2,https://dot.net/,,,,,lib/net10.0/Microsoft.Extensions.Logging.EventSource.xml,https://github.com/dotnet/runtime,,,,https://dot.net/,,https://www.nuget.org/packages/Microsoft.Extensions.Logging.EventSource,
System.Threading.ThreadPool,4.3.0,1323560164.0,hand-written site; xml docs; homepage,2,https://dot.net/,,,,,ref/netstandard1.3/System.Threading.ThreadPool.xml,,,,,https://dot.net/,,https://www.nuget.org/packages/System.Threading.ThreadPool,
Microsoft.AspNetCore.Authentication.JwtBearer,10.0.11,1306282487.0,hand-written site; xml docs; homepage,2,https://asp.net/,,,,,lib/net10.0/Microsoft.AspNetCore.Authentication.JwtBearer.xml,https://github.com/dotnet/aspnetcore,,,,https://asp.net/,,https://www.nuget.org/packages/Microsoft.AspNetCore.Authentication.JwtBearer,
Microsoft.ApplicationInsights,3.1.2,1299962531.0,hand-written site; xml docs; homepage,2,https://go.microsoft.com/fwlink/?LinkId=392727,,,,,lib/net10.0/Microsoft.ApplicationInsights.xml,https://github.com/microsoft/applicationinsights-dotnet,,,,https://go.microsoft.com/fwlink/?LinkId=392727,,https://www.nuget.org/packages/Microsoft.ApplicationInsights,
System.Security.Principal,4.3.0,1290786306.0,hand-written site; xml docs; homepage,2,https://dot.net/,,,,,ref/netcore50/System.Security.Principal.xml,,,,,https://dot.net/,,https://www.nuget.org/packages/System.Security.Principal,
NuGet.Frameworks,7.9.0,1285455759.0,hand-written site; readme; xml docs; homepage,2,https://aka.ms/nugetprj,,README.md,,,lib/net472/NuGet.Frameworks.xml,https://github.com/nuget/nuget.client,,,,https://aka.ms/nugetprj,,https://www.nuget.org/packages/NuGet.Frameworks,
Swashbuckle.AspNetCore.SwaggerUI,10.2.3,1283448490.0,xml docs; homepage,1,,,,,,lib/net10.0/Swashbuckle.AspNetCore.SwaggerUI.xml,https://github.com/domaindrivendev/swashbuckle.aspnetcore,,,,https://github.com/domaindrivendev/Swashbuckle.AspNetCore,,https://www.nuget.org/packages/Swashbuckle.AspNetCore.SwaggerUI,
System.Security.Claims,4.3.0,1276578916.0,hand-written site; xml docs; homepage,2,https://dot.net/,,,,,ref/netstandard1.3/System.Security.Claims.xml,,,,,https://dot.net/,,https://www.nuget.org/packages/System.Security.Claims,
System.Diagnostics.TraceSource,4.3.0,1257432548.0,hand-written site; xml docs; homepage,2,https://dot.net/,,,,,ref/netstandard1.3/System.Diagnostics.TraceSource.xml,,,,,https://dot.net/,,https://www.nuget.org/packages/System.Diagnostics.TraceSource,
System.Diagnostics.PerformanceCounter,10.0.11,1248736064.0,hand-written site; xml docs; homepage,2,https://dot.net/,,,,,lib/net10.0/System.Diagnostics.PerformanceCounter.xml,https://github.com/dotnet/dotnet,,,,https://dot.net/,,https://www.nuget.org/packages/System.Diagnostics.PerformanceCounter,
System.ClientModel,1.15.0,1237712374.0,readme; xml docs; homepage,1,,,README.md,,,lib/net10.0/System.ClientModel.xml,https://github.com/azure/azure-sdk-for-net,,,,https://github.com/Azure/azure-sdk-for-net/blob/System.ClientModel_1.15.0/sdk/core/System.ClientModel/README.md,,https://www.nuget.org/packages/System.ClientModel,
System.Data.SqlClient,4.9.1,1235944295.0,xml docs; homepage,1,,,,,,lib/net462/System.Data.SqlClient.xml,https://github.com/dotnet/maintenance-packages,,,,https://github.com/dotnet/maintenance-packages,,https://www.nuget.org/packages/System.Data.SqlClient,
xunit.extensibility.core,2.9.3,1233317998.0,readme; xml docs,0,,,_content/README.md,,,lib/net452/xunit.core.xml,https://github.com/xunit/xunit,,,,,,https://www.nuget.org/packages/xunit.extensibility.core,
Microsoft.Extensions.Logging.EventLog,10.0.11,1230939250.0,hand-written site; xml docs; homepage,2,https://dot.net/,,,,,lib/net10.0/Microsoft.Extensions.Logging.EventLog.xml,https://github.com/dotnet/runtime,,,,https://dot.net/,,https://www.nuget.org/packages/Microsoft.Extensions.Logging.EventLog,
Moq,4.20.72,1210973840.0,readme; homepage,1,,,readme.md,,,,https://github.com/moq/moq,,,,https://github.com/moq/moq,,https://www.nuget.org/packages/Moq,
Microsoft.AspNetCore.Routing.Abstractions,2.3.12,1210061756.0,hand-written site; xml docs; homepage,2,https://asp.net/,,,,,lib/netstandard2.0/Microsoft.AspNetCore.Routing.Abstractions.xml,https://github.com/dotnet/aspnetcore,,,,https://asp.net/,,https://www.nuget.org/packages/Microsoft.AspNetCore.Routing.Abstractions,
Microsoft.AspNetCore.Routing,2.3.12,1193119746.0,hand-written site; xml docs; homepage,2,https://asp.net/,,,,,lib/netstandard2.0/Microsoft.AspNetCore.Routing.xml,https://github.com/dotnet/aspnetcore,,,,https://asp.net/,,https://www.nuget.org/packages/Microsoft.AspNetCore.Routing,
Swashbuckle.AspNetCore,10.2.3,1193004641.0,homepage,1,,,,,,,https://github.com/domaindrivendev/swashbuckle.aspnetcore,,,,https://github.com/domaindrivendev/Swashbuckle.AspNetCore,,https://www.nuget.org/packages/Swashbuckle.AspNetCore,
Serilog.Sinks.File,7.0.0,1192631166.0,readme; xml docs; homepage,1,,,README.md,,,lib/net462/Serilog.Sinks.File.xml,https://github.com/serilog/serilog-sinks-file,,,,https://github.com/serilog/serilog-sinks-file,,https://www.nuget.org/packages/Serilog.Sinks.File,
Microsoft.Data.SqlClient.SNI.runtime,6.0.3,1186047014.0,hand-written site; homepage,2,https://aka.ms/sqlclientproject,,,,,,,,,,https://aka.ms/sqlclientproject,,https://www.nuget.org/packages/Microsoft.Data.SqlClient.SNI.runtime,
Serilog.Sinks.Console,6.1.1,1175557867.0,readme; xml docs; homepage,1,,,README.md,,,lib/net462/Serilog.Sinks.Console.xml,https://github.com/serilog/serilog-sinks-console,,,,https://github.com/serilog/serilog-sinks-console,,https://www.nuget.org/packages/Serilog.Sinks.Console,
StackExchange.Redis,3.1.31,1173904021.0,hand-written site; readme; xml docs; homepage,2,https://seredis.dev/,,README.md,,,lib/net10.0/StackExchange.Redis.xml,https://github.com/stackexchange/stackexchange.redis,,,,https://seredis.dev/,,https://www.nuget.org/packages/StackExchange.Redis,
Microsoft.Extensions.ApiDescription.Server,10.0.11,1160153781.0,hand-written site; homepage,2,https://asp.net/,,,,,,https://github.com/dotnet/aspnetcore,,,,https://asp.net/,,https://www.nuget.org/packages/Microsoft.Extensions.ApiDescription.Server,
Microsoft.AspNetCore.Authentication.Abstractions,2.3.12,1152675316.0,hand-written site; xml docs; homepage,2,https://asp.net/,,,,,lib/netstandard2.0/Microsoft.AspNetCore.Authentication.Abstractions.xml,https://github.com/dotnet/aspnetcore,,,,https://asp.net/,,https://www.nuget.org/packages/Microsoft.AspNetCore.Authentication.Abstractions,
xunit.extensibility.execution,2.9.3,1147208099.0,readme; xml docs,0,,,_content/README.md,,,lib/net452/xunit.execution.desktop.xml,https://github.com/xunit/xunit,,,,,,https://www.nuget.org/packages/xunit.extensibility.execution,
Grpc.Core.Api,2.83.0,1141748390.0,readme; xml docs; homepage,1,,,README.md,,,lib/net462/Grpc.Core.Api.xml,https://github.com/grpc/grpc-dotnet,,,,https://github.com/grpc/grpc-dotnet,,https://www.nuget.org/packages/Grpc.Core.Api,
Microsoft.Extensions.Diagnostics.HealthChecks.Abstractions,10.0.11,1137349617.0,hand-written site; xml docs; homepage,2,https://asp.net/,,,,,lib/net10.0/Microsoft.Extensions.Diagnostics.HealthChecks.Abstractions.xml,https://github.com/dotnet/dotnet,,,,https://asp.net/,,https://www.nuget.org/packages/Microsoft.Extensions.Diagnostics.HealthChecks.Abstractions,
Microsoft.Extensions.Diagnostics,10.0.11,1134548379.0,hand-written site; xml docs; homepage,2,https://dot.net/,,,,,lib/net10.0/Microsoft.Extensions.Diagnostics.xml,https://github.com/dotnet/runtime,,,,https://dot.net/,,https://www.nuget.org/packages/Microsoft.Extensions.Diagnostics,
Microsoft.Extensions.Diagnostics.HealthChecks,10.0.11,1133993538.0,hand-written site; xml docs; homepage,2,https://asp.net/,,,,,lib/net10.0/Microsoft.Extensions.Diagnostics.HealthChecks.xml,https://github.com/dotnet/aspnetcore,,,,https://asp.net/,,https://www.nuget.org/packages/Microsoft.Extensions.Diagnostics.HealthChecks,
AutoMapper,16.2.0,1133570592.0,hand-written site; readme; xml docs; homepage,2,https://automapper.io/,,README.md,,,lib/net10.0/AutoMapper.xml,https://github.com/luckypennysoftware/automapper,,,,https://automapper.io/,,https://www.nuget.org/packages/AutoMapper,
Microsoft.AspNetCore.DataProtection.Abstractions,10.0.11,1116853934.0,hand-written site; xml docs; homepage,2,https://asp.net/,,,,,lib/net10.0/Microsoft.AspNetCore.DataProtection.Abstractions.xml,https://github.com/dotnet/aspnetcore,,,,https://asp.net/,,https://www.nuget.org/packages/Microsoft.AspNetCore.DataProtection.Abstractions,
Microsoft.AspNetCore.Mvc.Abstractions,2.3.12,1102411331.0,hand-written site; xml docs; homepage,2,https://asp.net/,,,,,lib/netstandard2.0/Microsoft.AspNetCore.Mvc.Abstractions.xml,https://github.com/dotnet/aspnetcore,,,,https://asp.net/,,https://www.nuget.org/packages/Microsoft.AspNetCore.Mvc.Abstractions,
Microsoft.AspNetCore.Authentication.Core,2.3.12,1100915724.0,hand-written site; xml docs; homepage,2,https://asp.net/,,,,,lib/netstandard2.0/Microsoft.AspNetCore.Authentication.Core.xml,https://github.com/dotnet/aspnetcore,,,,https://asp.net/,,https://www.nuget.org/packages/Microsoft.AspNetCore.Authentication.Core,
Microsoft.AspNetCore.DataProtection,10.0.11,1099013319.0,hand-written site; xml docs; homepage,2,https://asp.net/,,,,,lib/net10.0/Microsoft.AspNetCore.DataProtection.xml,https://github.com/dotnet/aspnetcore,,,,https://asp.net/,,https://www.nuget.org/packages/Microsoft.AspNetCore.DataProtection,
Serilog.Extensions.Logging,10.0.0,1098917893.0,readme; xml docs; homepage,1,,,README.md,,,lib/net10.0/Serilog.Extensions.Logging.xml,https://github.com/serilog/serilog-extensions-logging,,,,https://github.com/serilog/serilog-extensions-logging,,https://www.nuget.org/packages/Serilog.Extensions.Logging,
Microsoft.AspNetCore.Mvc.Core,2.3.12,1089722987.0,hand-written site; xml docs; homepage,2,https://asp.net/,,,,,lib/netstandard2.0/Microsoft.AspNetCore.Mvc.Core.xml,https://github.com/dotnet/aspnetcore,,,,https://asp.net/,,https://www.nuget.org/packages/Microsoft.AspNetCore.Mvc.Core,
Microsoft.NET.Sdk.Aspire.Manifest-8.0.100,8.2.2,1083190393.0,homepage,1,,,,,,,https://github.com/dotnet/aspire,,,,https://github.com/dotnet/aspire,,https://www.nuget.org/packages/Microsoft.NET.Sdk.Aspire.Manifest-8.0.100,
System.Runtime.Serialization.Formatters,10.0.11,1067300313.0,hand-written site; xml docs; homepage,2,https://dot.net/,,,,,lib/net8.0/System.Runtime.Serialization.Formatters.xml,https://github.com/dotnet/dotnet,,,,https://dot.net/,,https://www.nuget.org/packages/System.Runtime.Serialization.Formatters,
xunit.core,2.9.3,1066302378.0,readme,0,,,_content/README.md,,,,https://github.com/xunit/xunit,,,,,,https://www.nuget.org/packages/xunit.core,
runtime.native.System.Data.SqlClient.sni,4.7.0,1061054179.0,homepage,1,,,,,,,https://github.com/dotnet/corefx,,,,https://github.com/dotnet/corefx,,https://www.nuget.org/packages/runtime.native.System.Data.SqlClient.sni,
xunit.abstractions,2.0.3,1059282909.0,xml docs; homepage,1,,,,,,lib/net35/xunit.abstractions.xml,https://github.com/xunit/xunit,,,,https://github.com/xunit/xunit,,https://www.nuget.org/packages/xunit.abstractions,
Humanizer.Core,3.0.10,1057538780.0,xml docs; homepage,1,,,,,,lib/net10.0/Humanizer.xml,https://github.com/humanizr/humanizer,,,,https://github.com/Humanizr/Humanizer,,https://www.nuget.org/packages/Humanizer.Core,
xunit.assert,2.9.3,1041804177.0,readme; xml docs,0,,,_content/README.md,,,lib/netstandard1.1/xunit.assert.xml,https://github.com/xunit/xunit,,,,,,https://www.nuget.org/packages/xunit.assert,
xunit.runner.visualstudio,4.0.0,1036404162.0,readme,0,,,_content/README.md,,,,https://github.com/xunit/visualstudio.xunit,,,,,,https://www.nuget.org/packages/xunit.runner.visualstudio,
FluentValidation,12.1.1,1032402134.0,hand-written site; readme; xml docs; homepage,2,https://fluentvalidation.net/,,README.md,,,lib/net8.0/FluentValidation.xml,https://github.com/jeremyskinner/fluentvalidation,,,,https://fluentvalidation.net/,,https://www.nuget.org/packages/FluentValidation,
Microsoft.EntityFrameworkCore.Design,10.0.11,1027709358.0,hand-written site; xml docs; homepage,2,https://docs.microsoft.com/ef/core/,,,,,lib/net10.0/Microsoft.EntityFrameworkCore.Design.xml,https://github.com/dotnet/efcore,,,,https://docs.microsoft.com/ef/core/,,https://www.nuget.org/packages/Microsoft.EntityFrameworkCore.Design,
xunit,2.9.3,1018725772.0,readme,0,,,_content/README.md,,,,https://github.com/xunit/xunit,,,,,,https://www.nuget.org/packages/xunit,
coverlet.collector,10.0.1,1014260780.0,homepage,1,,,,,,,https://github.com/coverlet-coverage/coverlet,,,,https://github.com/coverlet-coverage/coverlet,,https://www.nuget.org/packages/coverlet.collector,
System.Net.NameResolution,4.3.0,1008514031.0,hand-written site; xml docs; homepage,2,https://dot.net/,,,,,ref/netstandard1.3/System.Net.NameResolution.xml,,,,,https://dot.net/,,https://www.nuget.org/packages/System.Net.NameResolution,
xunit.analyzers,2.0.0,1004114416.0,readme,0,,,_content/README.md,,,,https://github.com/xunit/xunit.analyzers,,,,,,https://www.nuget.org/packages/xunit.analyzers,
Microsoft.AspNet.WebApi.Client,6.0.0,1003655352.0,hand-written site; xml docs; homepage,2,https://www.asp.net/web-api,,,,,lib/net45/System.Net.Http.Formatting.xml,https://github.com/aspnet/aspnetwebstack,,,,https://www.asp.net/web-api,,https://www.nuget.org/packages/Microsoft.AspNet.WebApi.Client,
Microsoft.EntityFrameworkCore.SqlServer,10.0.11,1000360853.0,hand-written site; xml docs; homepage,2,https://docs.microsoft.com/ef/core/,,,,,lib/net10.0/Microsoft.EntityFrameworkCore.SqlServer.xml,https://github.com/dotnet/efcore,,,,https://docs.microsoft.com/ef/core/,,https://www.nuget.org/packages/Microsoft.EntityFrameworkCore.SqlServer,
System.IO.FileSystem.AccessControl,5.0.0,992641581.0,xml docs; homepage,1,,,,,,lib/net461/System.IO.FileSystem.AccessControl.xml,https://github.com/dotnet/runtime,,,,https://github.com/dotnet/runtime,,https://www.nuget.org/packages/System.IO.FileSystem.AccessControl,
Serilog.Settings.Configuration,10.0.1,967001982.0,readme; xml docs; homepage,1,,,README.md,,,lib/net10.0/Serilog.Settings.Configuration.xml,https://github.com/serilog/serilog-settings-configuration,,,,https://github.com/serilog/serilog-settings-configuration,,https://www.nuget.org/packages/Serilog.Settings.Configuration,
Microsoft.AspNetCore.Authorization.Policy,2.3.12,962694068.0,hand-written site; xml docs; homepage,2,https://asp.net/,,,,,lib/netstandard2.0/Microsoft.AspNetCore.Authorization.Policy.xml,https://github.com/dotnet/aspnetcore,,,,https://asp.net/,,https://www.nuget.org/packages/Microsoft.AspNetCore.Authorization.Policy,
Npgsql,10.0.3,959449516.0,readme; xml docs; homepage,1,,,README.md,,,lib/net10.0/Npgsql.xml,https://github.com/npgsql/npgsql,,,,https://github.com/npgsql/npgsql,,https://www.nuget.org/packages/Npgsql,
Serilog.Formatting.Compact,3.0.0,952202198.0,readme; xml docs; homepage,1,,,README.md,,,lib/net462/Serilog.Formatting.Compact.xml,https://github.com/serilog/serilog-formatting-compact,,,,https://github.com/serilog/serilog-formatting-compact,,https://www.nuget.org/packages/Serilog.Formatting.Compact,
System.Runtime.Loader,4.3.0,947964624.0,hand-written site; xml docs; homepage,2,https://dot.net/,,,,,ref/netstandard1.5/System.Runtime.Loader.xml,,,,,https://dot.net/,,https://www.nuget.org/packages/System.Runtime.Loader,
System.Xml.XmlSerializer,4.3.0,934869753.0,hand-written site; xml docs; homepage,2,https://dot.net/,,,,,ref/netcore50/System.Xml.XmlSerializer.xml,,,,,https://dot.net/,,https://www.nuget.org/packages/System.Xml.XmlSerializer,
Microsoft.AspNetCore.ResponseCaching.Abstractions,2.3.12,910516161.0,hand-written site; xml docs; homepage,2,https://asp.net/,,,,,lib/netstandard2.0/Microsoft.AspNetCore.ResponseCaching.Abstractions.xml,https://github.com/dotnet/aspnetcore,,,,https://asp.net/,,https://www.nuget.org/packages/Microsoft.AspNetCore.ResponseCaching.Abstractions,
Pipelines.Sockets.Unofficial,2.3.1,897805201.0,xml docs; homepage,1,,,,,,lib/net10.0/Pipelines.Sockets.Unofficial.xml,https://github.com/mgravell/pipelines.sockets.unofficial,,,,https://github.com/mgravell/Pipelines.Sockets.Unofficial,,https://www.nuget.org/packages/Pipelines.Sockets.Unofficial,
System.Diagnostics.Process,4.3.0,883426677.0,hand-written site; xml docs; homepage,2,https://dot.net/,,,,,ref/netstandard1.3/System.Diagnostics.Process.xml,,,,,https://dot.net/,,https://www.nuget.org/packages/System.Diagnostics.Process,
Grpc.Net.Common,2.83.0,870638886.0,xml docs; homepage,1,,,,,,lib/net10.0/Grpc.Net.Common.xml,https://github.com/grpc/grpc-dotnet,,,,https://github.com/grpc/grpc-dotnet,,https://www.nuget.org/packages/Grpc.Net.Common,
System.Xml.XPath,4.3.0,863443722.0,hand-written site; xml docs; homepage,2,https://dot.net/,,,,,ref/netstandard1.3/System.Xml.XPath.xml,,,,,https://dot.net/,,https://www.nuget.org/packages/System.Xml.XPath,
Microsoft.CodeAnalysis.Workspaces.Common,5.9.0,862956035.0,xml docs; homepage,1,,,,,,lib/net10.0/Microsoft.CodeAnalysis.Workspaces.xml,https://github.com/dotnet/roslyn,,,,https://github.com/dotnet/roslyn,,https://www.nuget.org/packages/Microsoft.CodeAnalysis.Workspaces.Common,
System.Private.DataContractSerialization,4.3.0,859501361.0,hand-written site; homepage,2,https://dot.net/,,,,,,,,,,https://dot.net/,,https://www.nuget.org/packages/System.Private.DataContractSerialization,
Grpc.Net.Client,2.83.0,856600228.0,readme; xml docs; homepage,1,,,README.md,,,lib/net10.0/Grpc.Net.Client.xml,https://github.com/grpc/grpc-dotnet,,,,https://github.com/grpc/grpc-dotnet,,https://www.nuget.org/packages/Grpc.Net.Client,
runtime.native.System.Security.Cryptography,4.3.4,853753538.0,hand-written site; homepage,2,https://dot.net/,,,,,,,,,,https://dot.net/,,https://www.nuget.org/packages/runtime.native.System.Security.Cryptography,
System.Threading.Tasks.Dataflow,10.0.11,852939508.0,hand-written site; xml docs; homepage,2,https://dot.net/,,,,,lib/net10.0/System.Threading.Tasks.Dataflow.xml,https://github.com/dotnet/dotnet,,,,https://dot.net/,,https://www.nuget.org/packages/System.Threading.Tasks.Dataflow,
Serilog.Extensions.Hosting,10.0.0,847510240.0,readme; xml docs; homepage,1,,,README.md,,,lib/net10.0/Serilog.Extensions.Hosting.xml,https://github.com/serilog/serilog-extensions-hosting,,,,https://github.com/serilog/serilog-extensions-hosting,,https://www.nuget.org/packages/Serilog.Extensions.Hosting,
Microsoft.CodeAnalysis.CSharp.Workspaces,5.9.0,838524684.0,xml docs; homepage,1,,,,,,lib/net10.0/Microsoft.CodeAnalysis.CSharp.Workspaces.xml,https://github.com/dotnet/roslyn,,,,https://github.com/dotnet/roslyn,,https://www.nuget.org/packages/Microsoft.CodeAnalysis.CSharp.Workspaces,
Azure.Storage.Common,12.28.0,823033063.0,readme; xml docs; homepage,1,,,README.md,,,lib/net10.0/Azure.Storage.Common.xml,https://github.com/azure/azure-sdk-for-net,,,,https://github.com/Azure/azure-sdk-for-net/blob/Azure.Storage.Common_12.28.0/sdk/storage/Azure.Storage.Common/README.md,,https://www.nuget.org/packages/Azure.Storage.Common,
Microsoft.AspNetCore.Mvc.NewtonsoftJson,10.0.11,820978818.0,hand-written site; xml docs; homepage,2,https://asp.net/,,,,,lib/net10.0/Microsoft.AspNetCore.Mvc.NewtonsoftJson.xml,https://github.com/dotnet/aspnetcore,,,,https://asp.net/,,https://www.nuget.org/packages/Microsoft.AspNetCore.Mvc.NewtonsoftJson,
Microsoft.NET.Workload.Mono.ToolChain.Current.Manifest-8.0.100,8.0.30,818059238.0,hand-written site; homepage,2,https://dot.net/,,,,,,https://github.com/dotnet/runtime,,,,https://dot.net/,,https://www.nuget.org/packages/Microsoft.NET.Workload.Mono.ToolChain.Current.Manifest-8.0.100,
Microsoft.NET.Workload.Emscripten.Current.Manifest-8.0.100,8.0.30,817831455.0,homepage,1,,,,,,,https://github.com/dotnet/emsdk,,,,https://github.com/dotnet/emsdk,,https://www.nuget.org/packages/Microsoft.NET.Workload.Emscripten.Current.Manifest-8.0.100,
Microsoft.NET.Workload.Emscripten.net7.Manifest-8.0.100,8.0.30,817487346.0,homepage,1,,,,,,,https://github.com/dotnet/emsdk,,,,https://github.com/dotnet/emsdk,,https://www.nuget.org/packages/Microsoft.NET.Workload.Emscripten.net7.Manifest-8.0.100,
Microsoft.NET.Workload.Mono.ToolChain.net7.Manifest-8.0.100,8.0.30,816999963.0,hand-written site; homepage,2,https://dot.net/,,,,,,https://github.com/dotnet/runtime,,,,https://dot.net/,,https://www.nuget.org/packages/Microsoft.NET.Workload.Mono.ToolChain.net7.Manifest-8.0.100,
Microsoft.NET.Workload.Emscripten.net6.Manifest-8.0.100,8.0.30,816638092.0,homepage,1,,,,,,,https://github.com/dotnet/emsdk,,,,https://github.com/dotnet/emsdk,,https://www.nuget.org/packages/Microsoft.NET.Workload.Emscripten.net6.Manifest-8.0.100,
Microsoft.NET.Workload.Mono.ToolChain.net6.Manifest-8.0.100,8.0.30,816105686.0,hand-written site; homepage,2,https://dot.net/,,,,,,https://github.com/dotnet/runtime,,,,https://dot.net/,,https://www.nuget.org/packages/Microsoft.NET.Workload.Mono.ToolChain.net6.Manifest-8.0.100,
System.Composition,10.0.11,812795468.0,hand-written site; homepage,2,https://dot.net/,,,,,,https://github.com/dotnet/runtime,,,,https://dot.net/,,https://www.nuget.org/packages/System.Composition,
System.Composition.AttributedModel,10.0.11,806535003.0,hand-written site; xml docs; homepage,2,https://dot.net/,,,,,lib/net10.0/System.Composition.AttributedModel.xml,https://github.com/dotnet/dotnet,,,,https://dot.net/,,https://www.nuget.org/packages/System.Composition.AttributedModel,
System.Composition.Hosting,10.0.11,805301729.0,hand-written site; xml docs; homepage,2,https://dot.net/,,,,,lib/net10.0/System.Composition.Hosting.xml,https://github.com/dotnet/dotnet,,,,https://dot.net/,,https://www.nuget.org/packages/System.Composition.Hosting,
System.Composition.Runtime,10.0.11,804959999.0,hand-written site; xml docs; homepage,2,https://dot.net/,,,,,lib/net10.0/System.Composition.Runtime.xml,https://github.com/dotnet/dotnet,,,,https://dot.net/,,https://www.nuget.org/packages/System.Composition.Runtime,
System.Composition.TypedParts,10.0.11,804753829.0,hand-written site; xml docs; homepage,2,https://dot.net/,,,,,lib/net10.0/System.Composition.TypedParts.xml,https://github.com/dotnet/dotnet,,,,https://dot.net/,,https://www.nuget.org/packages/System.Composition.TypedParts,
System.Composition.Convention,10.0.11,803697716.0,hand-written site; xml docs; homepage,2,https://dot.net/,,,,,lib/net10.0/System.Composition.Convention.xml,https://github.com/dotnet/runtime,,,,https://dot.net/,,https://www.nuget.org/packages/System.Composition.Convention,
OpenTelemetry.Api,1.18.0,797888981.0,hand-written site; readme; xml docs; homepage,2,https://opentelemetry.io/,,README.md,,,lib/net10.0/OpenTelemetry.Api.xml,https://github.com/open-telemetry/opentelemetry-dotnet,,,,https://opentelemetry.io/,,https://www.nuget.org/packages/OpenTelemetry.Api,
Microsoft.AspNetCore.Hosting,2.3.12,790389904.0,hand-written site; xml docs; homepage,2,https://asp.net/,,,,,lib/netstandard2.0/Microsoft.AspNetCore.Hosting.xml,https://github.com/dotnet/aspnetcore,,,,https://asp.net/,,https://www.nuget.org/packages/Microsoft.AspNetCore.Hosting,
Serilog.AspNetCore,10.0.0,785385527.0,readme; xml docs; homepage,1,,,README.md,,,lib/net10.0/Serilog.AspNetCore.xml,https://github.com/serilog/serilog-aspnetcore,,,,https://github.com/serilog/serilog-aspnetcore,,https://www.nuget.org/packages/Serilog.AspNetCore,
Microsoft.NET.Sdk.iOS.Manifest-8.0.100,18.0.8319,773764832.0,hand-written site; homepage,2,https://dot.net/,,,,,,https://github.com/xamarin/xamarin-macios,,,,https://dot.net/,,https://www.nuget.org/packages/Microsoft.NET.Sdk.iOS.Manifest-8.0.100,
Microsoft.NET.Sdk.Android.Manifest-8.0.100,34.0.154,772709607.0,hand-written site; homepage,2,https://dot.net/,,,,,,https://github.com/dotnet/android,,,,https://dot.net/,,https://www.nuget.org/packages/Microsoft.NET.Sdk.Android.Manifest-8.0.100,
Microsoft.NET.Sdk.macOS.Manifest-8.0.100,15.0.8319,772574820.0,hand-written site; homepage,2,https://dot.net/,,,,,,https://github.com/xamarin/xamarin-macios,,,,https://dot.net/,,https://www.nuget.org/packages/Microsoft.NET.Sdk.macOS.Manifest-8.0.100,
Microsoft.NET.Sdk.MacCatalyst.Manifest-8.0.100,18.0.8319,772566786.0,hand-written site; homepage,2,https://dot.net/,,,,,,https://github.com/xamarin/xamarin-macios,,,,https://dot.net/,,https://www.nuget.org/packages/Microsoft.NET.Sdk.MacCatalyst.Manifest-8.0.100,
Microsoft.NET.Sdk.tvOS.Manifest-8.0.100,18.0.8319,772223456.0,hand-written site; homepage,2,https://dot.net/,,,,,,https://github.com/xamarin/xamarin-macios,,,,https://dot.net/,,https://www.nuget.org/packages/Microsoft.NET.Sdk.tvOS.Manifest-8.0.100,
Microsoft.NET.Sdk.Maui.Manifest-8.0.100,8.0.100,772053972.0,readme; homepage,1,,,README.md,,,,https://github.com/dotnet/maui,,,,https://github.com/dotnet/maui,,https://www.nuget.org/packages/Microsoft.NET.Sdk.Maui.Manifest-8.0.100,
Azure.Storage.Blobs,12.29.2,764198799.0,readme; xml docs; homepage,1,,,README.md,,,lib/net10.0/Azure.Storage.Blobs.xml,https://github.com/azure/azure-sdk-for-net,,,,https://github.com/Azure/azure-sdk-for-net/blob/Azure.Storage.Blobs_12.29.2/sdk/storage/Azure.Storage.Blobs/README.md,,https://www.nuget.org/packages/Azure.Storage.Blobs,
Microsoft.Extensions.WebEncoders,10.0.11,758307821.0,hand-written site; xml docs; homepage,2,https://asp.net/,,,,,lib/net10.0/Microsoft.Extensions.WebEncoders.xml,https://github.com/dotnet/aspnetcore,,,,https://asp.net/,,https://www.nuget.org/packages/Microsoft.Extensions.WebEncoders,
FluentAssertions,8.10.0,756222186.0,hand-written site; xml docs; homepage,2,https://xceed.com/products/unit-testing/fluent-assertions/,,,,,lib/net47/FluentAssertions.xml,https://github.com/fluentassertions/fluentassertions,,,,https://xceed.com/products/unit-testing/fluent-assertions/,,https://www.nuget.org/packages/FluentAssertions,
Dapper,2.1.79,749832501.0,readme; xml docs; homepage,1,,,readme.md,,,lib/net10.0/Dapper.xml,https://github.com/dapperlib/dapper,,,,https://github.com/DapperLib/Dapper,,https://www.nuget.org/packages/Dapper,
System.IO.Hashing,10.0.11,748720875.0,hand-written site; xml docs; homepage,2,https://dot.net/,,,,,lib/net10.0/System.IO.Hashing.xml,https://github.com/dotnet/runtime,,,,https://dot.net/,,https://www.nuget.org/packages/System.IO.Hashing,
Serilog.Sinks.Debug,3.0.0,746914322.0,readme; xml docs; homepage,1,,,README.md,,,lib/net462/Serilog.Sinks.Debug.xml,https://github.com/serilog/serilog-sinks-debug,,,,https://github.com/serilog/serilog-sinks-debug,,https://www.nuget.org/packages/Serilog.Sinks.Debug,
Microsoft.AspNetCore.Razor.Language,6.0.36,743539503.0,hand-written site; homepage,2,https://asp.net/,,,,,,https://github.com/dotnet/aspnetcore,,,,https://asp.net/,,https://www.nuget.org/packages/Microsoft.AspNetCore.Razor.Language,
runtime.win-x86.runtime.native.System.Data.SqlClient.sni,4.4.0,741492423.0,hand-written site; homepage,2,https://dot.net/,,,,,,,,,,https://dot.net/,,https://www.nuget.org/packages/runtime.win-x86.runtime.native.System.Data.SqlClient.sni,
runtime.win-x64.runtime.native.System.Data.SqlClient.sni,4.4.0,741466033.0,hand-written site; homepage,2,https://dot.net/,,,,,,,,,,https://dot.net/,,https://www.nuget.org/packages/runtime.win-x64.runtime.native.System.Data.SqlClient.sni,
runtime.win-arm64.runtime.native.System.Data.SqlClient.sni,4.4.0,741237495.0,hand-written site; homepage,2,https://dot.net/,,,,,,,,,,https://dot.net/,,https://www.nuget.org/packages/runtime.win-arm64.runtime.native.System.Data.SqlClient.sni,
Microsoft.Build.Framework,18.9.6,739388810.0,hand-written site; readme; xml docs; homepage,2,https://go.microsoft.com/fwlink/?LinkId=624683,,README.md,,,lib/net10.0/Microsoft.Build.Framework.xml,https://github.com/dotnet/msbuild,,,,https://go.microsoft.com/fwlink/?LinkId=624683,,https://www.nuget.org/packages/Microsoft.Build.Framework,
System.ServiceModel.Primitives,10.0.652802,737438490.0,readme; homepage,1,,,README.md,,,,https://github.com/dotnet/wcf,,,,https://github.com/dotnet/wcf,,https://www.nuget.org/packages/System.ServiceModel.Primitives,
System.Diagnostics.StackTrace,4.3.0,717060645.0,hand-written site; xml docs; homepage,2,https://dot.net/,,,,,ref/netstandard1.3/System.Diagnostics.StackTrace.xml,,,,,https://dot.net/,,https://www.nuget.org/packages/System.Diagnostics.StackTrace,
Microsoft.Extensions.Localization.Abstractions,10.0.11,715515359.0,hand-written site; xml docs; homepage,2,https://asp.net/,,,,,lib/net10.0/Microsoft.Extensions.Localization.Abstractions.xml,https://github.com/dotnet/aspnetcore,,,,https://asp.net/,,https://www.nuget.org/packages/Microsoft.Extensions.Localization.Abstractions,
System.Private.Uri,4.3.2,713483048.0,hand-written site; homepage,2,https://dot.net/,,,,,,,,,,https://dot.net/,,https://www.nuget.org/packages/System.Private.Uri,
System.Threading.Overlapped,4.3.0,710956571.0,hand-written site; xml docs; homepage,2,https://dot.net/,,,,,ref/netstandard1.3/System.Threading.Overlapped.xml,,,,,https://dot.net/,,https://www.nuget.org/packages/System.Threading.Overlapped,
System.Runtime.Serialization.Json,4.3.0,710798189.0,hand-written site; xml docs; homepage,2,https://dot.net/,,,,,ref/netcore50/System.Runtime.Serialization.Json.xml,,,,,https://dot.net/,,https://www.nuget.org/packages/System.Runtime.Serialization.Json,
System.Linq.Queryable,4.3.0,705686017.0,hand-written site; xml docs; homepage,2,https://dot.net/,,,,,ref/netcore50/System.Linq.Queryable.xml,,,,,https://dot.net/,,https://www.nuget.org/packages/System.Linq.Queryable,
Microsoft.Azure.Amqp,2.7.4,700615782.0,readme; xml docs; homepage,1,,,readme.md,,,lib/net8.0/Microsoft.Azure.Amqp.xml,https://github.com/azure/azure-amqp,,,,https://github.com/Azure/azure-amqp,,https://www.nuget.org/packages/Microsoft.Azure.Amqp,
Microsoft.AspNetCore.Mvc.Formatters.Json,2.3.12,699584233.0,hand-written site; xml docs; homepage,2,https://asp.net/,,,,,lib/netstandard2.0/Microsoft.AspNetCore.Mvc.Formatters.Json.xml,https://github.com/dotnet/aspnetcore,,,,https://asp.net/,,https://www.nuget.org/packages/Microsoft.AspNetCore.Mvc.Formatters.Json,
Microsoft.CodeAnalysis.Razor,6.0.36,698863209.0,hand-written site; homepage,2,https://asp.net/,,,,,,https://github.com/dotnet/aspnetcore,,,,https://asp.net/,,https://www.nuget.org/packages/Microsoft.CodeAnalysis.Razor,
Azure.Security.KeyVault.Secrets,4.11.1,693165002.0,readme; xml docs; homepage,1,,,README.md,,,lib/net10.0/Azure.Security.KeyVault.Secrets.xml,https://github.com/azure/azure-sdk-for-net,,,,https://github.com/Azure/azure-sdk-for-net/blob/Azure.Security.KeyVault.Secrets_4.11.0/sdk/keyvault/Azure.Security.KeyVault.Secrets/README.md,,https://www.nuget.org/packages/Azure.Security.KeyVault.Secrets,
NUnit,4.6.1,686366137.0,hand-written site; readme; xml docs; homepage,2,https://nunit.org/,,README.md,,,lib/net462/nunit.framework.xml,https://github.com/nunit/nunit,,,,https://nunit.org/,,https://www.nuget.org/packages/NUnit,
CsvHelper,33.1.0,679050189.0,hand-written site; xml docs; homepage,2,https://joshclose.github.io/CsvHelper/,,,,,lib/net462/CsvHelper.xml,https://github.com/joshclose/csvhelper,,,,https://joshclose.github.io/CsvHelper/,,https://www.nuget.org/packages/CsvHelper,
System.Net.WebHeaderCollection,4.3.0,675664270.0,hand-written site; xml docs; homepage,2,https://dot.net/,,,,,ref/netstandard1.3/System.Net.WebHeaderCollection.xml,,,,,https://dot.net/,,https://www.nuget.org/packages/System.Net.WebHeaderCollection,
Microsoft.ApplicationInsights.PerfCounterCollector,2.23.0,670209097.0,hand-written site; xml docs; homepage,2,https://go.microsoft.com/fwlink/?LinkId=392727,,,,,lib/net452/Microsoft.AI.PerfCounterCollector.xml,https://github.com/microsoft/applicationinsights-dotnet,,,,https://go.microsoft.com/fwlink/?LinkId=392727,,https://www.nuget.org/packages/Microsoft.ApplicationInsights.PerfCounterCollector,
System.Reflection.DispatchProxy,4.8.2,669769645.0,xml docs; homepage,1,,,,,,lib/net462/System.Reflection.DispatchProxy.xml,https://github.com/dotnet/maintenance-packages,,,,https://github.com/dotnet/maintenance-packages,,https://www.nuget.org/packages/System.Reflection.DispatchProxy,
Microsoft.ApplicationInsights.DependencyCollector,2.23.0,666934385.0,hand-written site; xml docs; homepage,2,https://go.microsoft.com/fwlink/?LinkId=392727,,,,,lib/net452/Microsoft.AI.DependencyCollector.xml,https://github.com/microsoft/applicationinsights-dotnet,,,,https://go.microsoft.com/fwlink/?LinkId=392727,,https://www.nuget.org/packages/Microsoft.ApplicationInsights.DependencyCollector,
System.Net.Security,4.3.2,657506888.0,hand-written site; homepage,2,https://dot.net/,,,,,,,,,,https://dot.net/,,https://www.nuget.org/packages/System.Net.Security,
Microsoft.ApplicationInsights.WindowsServer.TelemetryChannel,2.23.0,651736407.0,hand-written site; xml docs; homepage,2,https://go.microsoft.com/fwlink/?LinkId=392727,,,,,lib/net452/Microsoft.AI.ServerTelemetryChannel.xml,https://github.com/microsoft/applicationinsights-dotnet,,,,https://go.microsoft.com/fwlink/?LinkId=392727,,https://www.nuget.org/packages/Microsoft.ApplicationInsights.WindowsServer.TelemetryChannel,
AWSSDK.S3,4.0.102.5,643207737.0,xml docs; homepage,1,,,,,,lib/net472/AWSSDK.S3.xml,https://github.com/aws/aws-sdk-net,,,,https://github.com/aws/aws-sdk-net/,,https://www.nuget.org/packages/AWSSDK.S3,
OpenTelemetry,1.18.0,642718107.0,hand-written site; readme; xml docs; homepage,2,https://opentelemetry.io/,,README.md,,,lib/net10.0/OpenTelemetry.xml,https://github.com/open-telemetry/opentelemetry-dotnet,,,,https://opentelemetry.io/,,https://www.nuget.org/packages/OpenTelemetry,
Microsoft.ApplicationInsights.WindowsServer,2.23.0,641167328.0,hand-written site; xml docs; homepage,2,https://go.microsoft.com/fwlink/?LinkId=392727,,,,,lib/net452/Microsoft.AI.WindowsServer.xml,https://github.com/microsoft/applicationinsights-dotnet,,,,https://go.microsoft.com/fwlink/?LinkId=392727,,https://www.nuget.org/packages/Microsoft.ApplicationInsights.WindowsServer,
Microsoft.Rest.ClientRuntime,3.0.3,638653701.0,homepage,1,,,,,,,https://github.com/azure/azure-sdk-for-net,,,,https://github.com/Azure/AutoRest,,https://www.nuget.org/packages/Microsoft.Rest.ClientRuntime,
Microsoft.EntityFrameworkCore.Tools,10.0.11,632428727.0,hand-written site; homepage,2,https://docs.microsoft.com/ef/core/,,,,,,https://github.com/dotnet/efcore,,,,https://docs.microsoft.com/ef/core/,,https://www.nuget.org/packages/Microsoft.EntityFrameworkCore.Tools,
Microsoft.AspNetCore.Authentication.OpenIdConnect,10.0.11,622557299.0,hand-written site; xml docs; homepage,2,https://asp.net/,,,,,lib/net10.0/Microsoft.AspNetCore.Authentication.OpenIdConnect.xml,https://github.com/dotnet/aspnetcore,,,,https://asp.net/,,https://www.nuget.org/packages/Microsoft.AspNetCore.Authentication.OpenIdConnect,
Polly.Core,8.7.0,618460041.0,xml docs; homepage,1,,,,,,lib/net462/Polly.Core.xml,https://github.com/app-vnext/polly,,,,https://github.com/App-vNext/Polly,,https://www.nuget.org/packages/Polly.Core,
NLog,6.2.0,614656580.0,hand-written site; xml docs; homepage,2,https://nlog-project.org/,,,,,lib/net35/NLog.xml,https://github.com/nlog/nlog,,,,https://nlog-project.org/,,https://www.nuget.org/packages/NLog,
Microsoft.SqlServer.Server,1.0.0,614199979.0,hand-written site; xml docs; homepage,2,https://aka.ms/sqlclientproject,,,,,lib/net46/Microsoft.SqlServer.Server.xml,https://github.com/dotnet/sqlclient,,,,https://aka.ms/sqlclientproject,,https://www.nuget.org/packages/Microsoft.SqlServer.Server,
OpenTelemetry.Api.ProviderBuilderExtensions,1.18.0,604767008.0,hand-written site; readme; xml docs; homepage,2,https://opentelemetry.io/,,README.md,,,lib/net10.0/OpenTelemetry.Api.ProviderBuilderExtensions.xml,https://github.com/open-telemetry/opentelemetry-dotnet,,,,https://opentelemetry.io/,,https://www.nuget.org/packages/OpenTelemetry.Api.ProviderBuilderExtensions,
Microsoft.Extensions.Localization,10.0.11,604698937.0,hand-written site; xml docs; homepage,2,https://asp.net/,,,,,lib/net10.0/Microsoft.Extensions.Localization.xml,https://github.com/dotnet/aspnetcore,,,,https://asp.net/,,https://www.nuget.org/packages/Microsoft.Extensions.Localization,
Microsoft.AspNetCore.Connections.Abstractions,10.0.11,604417429.0,hand-written site; xml docs; homepage,2,https://asp.net/,,,,,lib/net10.0/Microsoft.AspNetCore.Connections.Abstractions.xml,https://github.com/dotnet/aspnetcore,,,,https://asp.net/,,https://www.nuget.org/packages/Microsoft.AspNetCore.Connections.Abstractions,
Microsoft.Azure.WebJobs,3.0.47,603926994.0,readme; homepage,1,,,README.md,,,,https://github.com/azure/azure-webjobs-sdk,,,,https://github.com/Azure/azure-webjobs-sdk,,https://www.nuget.org/packages/Microsoft.Azure.WebJobs,
Microsoft.IdentityModel.Clients.ActiveDirectory,5.3.0,594542020.0,hand-written site; xml docs; homepage,2,https://aka.ms/adalnet,,,,,lib/monoandroid81/Microsoft.IdentityModel.Clients.ActiveDirectory.xml,,,,,https://aka.ms/adalnet,,https://www.nuget.org/packages/Microsoft.IdentityModel.Clients.ActiveDirectory,
System.Net.Requests,4.3.0,593461546.0,hand-written site; xml docs; homepage,2,https://dot.net/,,,,,ref/netcore50/System.Net.Requests.xml,,,,,https://dot.net/,,https://www.nuget.org/packages/System.Net.Requests,
Microsoft.Extensions.Http.Polly,10.0.11,587270347.0,hand-written site; xml docs; homepage,2,https://asp.net/,,,,,lib/netstandard2.0/Microsoft.Extensions.Http.Polly.xml,https://github.com/dotnet/aspnetcore,,,,https://asp.net/,,https://www.nuget.org/packages/Microsoft.Extensions.Http.Polly,
RestSharp,114.0.0,585784056.0,hand-written site; readme; xml docs; homepage,2,https://restsharp.dev/,,README.md,,,lib/net10.0/RestSharp.xml,https://github.com/restsharp/restsharp,,,,https://restsharp.dev/,,https://www.nuget.org/packages/RestSharp,
System.Security.SecureString,4.3.0,580294298.0,hand-written site; xml docs; homepage,2,https://dot.net/,,,,,ref/netstandard1.3/System.Security.SecureString.xml,,,,,https://dot.net/,,https://www.nuget.org/packages/System.Security.SecureString,
Google.Apis.Auth,1.76.0,579109364.0,xml docs; homepage,1,,,,,,lib/net462/Google.Apis.Auth.xml,https://github.com/googleapis/google-api-dotnet-client,,,,https://github.com/googleapis/google-api-dotnet-client,,https://www.nuget.org/packages/Google.Apis.Auth,
System.Management,10.0.11,579065775.0,hand-written site; xml docs; homepage,2,https://dot.net/,,,,,lib/net10.0/System.Management.xml,https://github.com/dotnet/dotnet,,,,https://dot.net/,,https://www.nuget.org/packages/System.Management,
Autofac,9.3.2,570256487.0,hand-written site; readme; xml docs; homepage,2,https://autofac.org/,,README.md,,,lib/net10.0/Autofac.xml,https://github.com/autofac/autofac,,,,https://autofac.org/,,https://www.nuget.org/packages/Autofac,
Microsoft.Azure.WebJobs.Core,3.0.47,563419035.0,readme; homepage,1,,,README.md,,,,https://github.com/azure/azure-webjobs-sdk,,,,https://github.com/Azure/azure-webjobs-sdk,,https://www.nuget.org/packages/Microsoft.Azure.WebJobs.Core,
Microsoft.AspNetCore.Metadata,10.0.11,561164096.0,hand-written site; xml docs; homepage,2,https://asp.net/,,,,,lib/net10.0/Microsoft.AspNetCore.Metadata.xml,https://github.com/dotnet/aspnetcore,,,,https://asp.net/,,https://www.nuget.org/packages/Microsoft.AspNetCore.Metadata,
Google.Apis.Core,1.76.0,554953849.0,xml docs; homepage,1,,,,,,lib/net462/Google.Apis.Core.xml,https://github.com/googleapis/google-api-dotnet-client,,,,https://github.com/googleapis/google-api-dotnet-client,,https://www.nuget.org/packages/Google.Apis.Core,
Google.Apis,1.76.0,552650751.0,xml docs; homepage,1,,,,,,lib/net462/Google.Apis.xml,https://github.com/googleapis/google-api-dotnet-client,,,,https://github.com/googleapis/google-api-dotnet-client,,https://www.nuget.org/packages/Google.Apis,
NUnit3TestAdapter,6.3.0,551898587.0,hand-written site; readme; homepage,2,https://docs.nunit.org/articles/vs-test-adapter/Index.html,,docs/README.md,,,,https://github.com/nunit/nunit3-vs-adapter,,,,https://docs.nunit.org/articles/vs-test-adapter/Index.html,,https://www.nuget.org/packages/NUnit3TestAdapter,
Microsoft.AspNetCore.TestHost,10.0.11,545342495.0,hand-written site; xml docs; homepage,2,https://asp.net/,,,,,lib/net10.0/Microsoft.AspNetCore.TestHost.xml,https://github.com/dotnet/aspnetcore,,,,https://asp.net/,,https://www.nuget.org/packages/Microsoft.AspNetCore.TestHost,
YamlDotNet,18.1.0,544916293.0,readme; xml docs; homepage,1,,,README.md,,,lib/net10.0/YamlDotNet.xml,https://github.com/aaubry/yamldotnet,,,,https://github.com/aaubry/YamlDotNet/wiki,,https://www.nuget.org/packages/YamlDotNet,
runtime.native.System.Net.Security,4.3.1,539218732.0,hand-written site; homepage,2,https://dot.net/,,,,,,,,,,https://dot.net/,,https://www.nuget.org/packages/runtime.native.System.Net.Security,
Microsoft.AspNetCore.App.Ref,10.0.11,538729593.0,hand-written site; xml docs; homepage,2,https://asp.net/,,,,,ref/net10.0/Microsoft.AspNetCore.Antiforgery.xml,https://github.com/dotnet/aspnetcore,,,,https://asp.net/,,https://www.nuget.org/packages/Microsoft.AspNetCore.App.Ref,
System.IO.Packaging,10.0.11,536758839.0,hand-written site; xml docs; homepage,2,https://dot.net/,,,,,lib/net10.0/System.IO.Packaging.xml,https://github.com/dotnet/dotnet,,,,https://dot.net/,,https://www.nuget.org/packages/System.IO.Packaging,
Microsoft.Extensions.Logging.ApplicationInsights,2.23.0,534364259.0,hand-written site; xml docs; homepage,2,https://go.microsoft.com/fwlink/?LinkId=392727,,,,,lib/netstandard2.0/Microsoft.Extensions.Logging.ApplicationInsights.xml,https://github.com/microsoft/applicationinsights-dotnet,,,,https://go.microsoft.com/fwlink/?LinkId=392727,,https://www.nuget.org/packages/Microsoft.Extensions.Logging.ApplicationInsights,
System.Xml.XPath.XmlDocument,4.7.0,533557028.0,xml docs; homepage,1,,,,,,lib/net462/System.Xml.XPath.XmlDocument.xml,https://github.com/dotnet/maintenance-packages,,,,https://github.com/dotnet/maintenance-packages,,https://www.nuget.org/packages/System.Xml.XPath.XmlDocument,
System.Private.ServiceModel,4.10.3,532586818.0,homepage,1,,,,,,,https://github.com/dotnet/wcf,,,,https://github.com/dotnet/wcf,,https://www.nuget.org/packages/System.Private.ServiceModel,
Mono.TextTemplating,3.0.0,528118041.0,readme; homepage,1,,,readme.md,,,,https://github.com/mono/t4,,,,https://github.com/mono/t4,,https://www.nuget.org/packages/Mono.TextTemplating,
Microsoft.Bcl.HashCode,6.0.0,522503728.0,xml docs; homepage,1,,,,,,lib/net462/Microsoft.Bcl.HashCode.xml,https://github.com/dotnet/maintenance-packages,,,,https://github.com/dotnet/maintenance-packages,,https://www.nuget.org/packages/Microsoft.Bcl.HashCode,
System.ServiceModel.Http,10.0.652802,512156724.0,readme; homepage,1,,,README.md,,,,https://github.com/dotnet/wcf,,,,https://github.com/dotnet/wcf,,https://www.nuget.org/packages/System.ServiceModel.Http,
NuGet.CommandLine,7.9.0,510925465.0,hand-written site; readme; homepage,2,https://aka.ms/nugetprj,,README.md,,,,https://github.com/nuget/nuget.client,,,,https://aka.ms/nugetprj,,https://www.nuget.org/packages/NuGet.CommandLine,
Portable.BouncyCastle,1.9.0,510793447.0,hand-written site; xml docs; homepage,2,https://www.bouncycastle.org/csharp/,,,,,lib/net40/BouncyCastle.Crypto.xml,https://github.com/novotnyllc/bc-csharp,,,,https://www.bouncycastle.org/csharp/,,https://www.nuget.org/packages/Portable.BouncyCastle,
Polly.Extensions.Http,3.0.0,509361509.0,xml docs; homepage,1,,,,,,lib/netstandard1.1/Polly.Extensions.Http.xml,https://github.com/app-vnext/polly.extensions.http,,,,https://github.com/App-vNext/Polly.Extensions.Http,,https://www.nuget.org/packages/Polly.Extensions.Http,
RabbitMQ.Client,7.2.2,509308135.0,hand-written site; readme; xml docs; homepage,2,https://www.rabbitmq.com/dotnet.html,,README.md,,,lib/net8.0/RabbitMQ.Client.xml,https://github.com/rabbitmq/rabbitmq-dotnet-client,,,,https://www.rabbitmq.com/dotnet.html,,https://www.nuget.org/packages/RabbitMQ.Client,
Microsoft.ApplicationInsights.EventCounterCollector,2.23.0,506846571.0,hand-written site; xml docs; homepage,2,https://go.microsoft.com/fwlink/?LinkId=392727,,,,,lib/netstandard2.0/Microsoft.AI.EventCounterCollector.xml,https://github.com/microsoft/applicationinsights-dotnet,,,,https://go.microsoft.com/fwlink/?LinkId=392727,,https://www.nuget.org/packages/Microsoft.ApplicationInsights.EventCounterCollector,
System.Threading.Tasks.Parallel,4.3.0,506637716.0,hand-written site; xml docs; homepage,2,https://dot.net/,,,,,ref/netcore50/System.Threading.Tasks.Parallel.xml,,,,,https://dot.net/,,https://www.nuget.org/packages/System.Threading.Tasks.Parallel,
Microsoft.AspNetCore.Mvc.Razor.Extensions,6.0.36,500620981.0,hand-written site; homepage,2,https://asp.net/,,,,,,https://github.com/dotnet/aspnetcore,,,,https://asp.net/,,https://www.nuget.org/packages/Microsoft.AspNetCore.Mvc.Razor.Extensions,
Microsoft.NETCore.App.Ref,10.0.11,498481581.0,hand-written site; xml docs; homepage,2,https://dot.net/,,,,,ref/net10.0/Microsoft.CSharp.xml,https://github.com/dotnet/runtime,,,,https://dot.net/,,https://www.nuget.org/packages/Microsoft.NETCore.App.Ref,
Microsoft.ApplicationInsights.AspNetCore,3.1.2,493680076.0,hand-written site; xml docs; homepage,2,https://go.microsoft.com/fwlink/?LinkId=392727,,,,,lib/net10.0/Microsoft.ApplicationInsights.AspNetCore.xml,https://github.com/microsoft/applicationinsights-dotnet,,,,https://go.microsoft.com/fwlink/?LinkId=392727,,https://www.nuget.org/packages/Microsoft.ApplicationInsights.AspNetCore,
Microsoft.AspNetCore.Mvc.DataAnnotations,2.3.12,489981262.0,hand-written site; xml docs; homepage,2,https://asp.net/,,,,,lib/netstandard2.0/Microsoft.AspNetCore.Mvc.DataAnnotations.xml,https://github.com/dotnet/aspnetcore,,,,https://asp.net/,,https://www.nuget.org/packages/Microsoft.AspNetCore.Mvc.DataAnnotations,
SharpZipLib,1.4.2,488520605.0,xml docs; homepage,1,,,,,,lib/net6.0/ICSharpCode.SharpZipLib.xml,https://github.com/icsharpcode/sharpziplib,,,,https://github.com/icsharpcode/SharpZipLib,,https://www.nuget.org/packages/SharpZipLib,
WindowsAzure.Storage,9.3.3,487855481.0,xml docs; homepage,1,,,,,,lib/net45/Microsoft.WindowsAzure.Storage.xml,https://github.com/azure/azure-storage-net,,,,https://github.com/Azure/azure-storage-net,,https://www.nuget.org/packages/WindowsAzure.Storage,
JetBrains.Annotations,2026.2.0,485731044.0,hand-written site; readme; xml docs; homepage,2,https://www.jetbrains.com/help/resharper/Code_Analysis__Code_Annotations.html,,readme.md,,,lib/net20/JetBrains.Annotations.xml,https://github.com/jetbrains/jetbrains.annotations,,,,https://www.jetbrains.com/help/resharper/Code_Analysis__Code_Annotations.html,,https://www.nuget.org/packages/JetBrains.Annotations,
MongoDB.Bson,3.11.1,484962590.0,hand-written site; readme; xml docs; homepage,2,https://www.mongodb.com/docs/drivers/csharp/,,README.md,,,lib/net472/MongoDB.Bson.xml,https://github.com/mongodb/mongo-csharp-driver,,,,https://www.mongodb.com/docs/drivers/csharp/,,https://www.nuget.org/packages/MongoDB.Bson,
MSTest.TestFramework,4.4.0,482903262.0,xml docs; homepage,1,,,,,,lib/net462/MSTest.TestFramework.xml,https://github.com/microsoft/testfx,,,,https://github.com/microsoft/testfx,,https://www.nuget.org/packages/MSTest.TestFramework,
System.Diagnostics.FileVersionInfo,4.3.0,481212845.0,hand-written site; xml docs; homepage,2,https://dot.net/,,,,,ref/netstandard1.3/System.Diagnostics.FileVersionInfo.xml,,,,,https://dot.net/,,https://www.nuget.org/packages/System.Diagnostics.FileVersionInfo,
System.Data.Common,4.3.0,480906024.0,hand-written site; xml docs; homepage,2,https://dot.net/,,,,,ref/netstandard1.2/System.Data.Common.xml,,,,,https://dot.net/,,https://www.nuget.org/packages/System.Data.Common,
MediatR,14.2.0,478390411.0,hand-written site; readme; xml docs; homepage,2,https://mediatr.io/,,README.md,,,lib/net10.0/MediatR.xml,https://github.com/luckypennysoftware/mediatr,,,,https://mediatr.io/,,https://www.nuget.org/packages/MediatR,
Npgsql.EntityFrameworkCore.PostgreSQL,10.0.3,477295481.0,readme; xml docs; homepage,1,,,README.md,,,lib/net10.0/Npgsql.EntityFrameworkCore.PostgreSQL.xml,https://github.com/npgsql/efcore.pg,,,,https://github.com/npgsql/efcore.pg,,https://www.nuget.org/packages/Npgsql.EntityFrameworkCore.PostgreSQL,
DnsClient,1.8.0,477192751.0,hand-written site; readme; xml docs; homepage,2,http://dnsclient.michaco.net/,,README.md,,,lib/net472/DnsClient.xml,https://github.com/michaco/dnsclient.net,,,,http://dnsclient.michaco.net/,,https://www.nuget.org/packages/DnsClient,
Microsoft.AspNetCore.Cryptography.KeyDerivation,10.0.11,476204481.0,hand-written site; xml docs; homepage,2,https://asp.net/,,,,,lib/net10.0/Microsoft.AspNetCore.Cryptography.KeyDerivation.xml,https://github.com/dotnet/aspnetcore,,,,https://asp.net/,,https://www.nuget.org/packages/Microsoft.AspNetCore.Cryptography.KeyDerivation,
Serilog.Sinks.PeriodicBatching,5.0.0,471161463.0,readme; xml docs; homepage,1,,,README.md,,,lib/net462/Serilog.Sinks.PeriodicBatching.xml,https://github.com/serilog/serilog-sinks-periodicbatching,,,,https://github.com/serilog/serilog-sinks-periodicbatching,,https://www.nuget.org/packages/Serilog.Sinks.PeriodicBatching,
SQLitePCLRaw.core,3.0.5,470974467.0,readme,0,,,README.md,,,,https://github.com/ericsink/sqlitepcl.raw,,,,,,https://www.nuget.org/packages/SQLitePCLRaw.core,
Microsoft.AspNetCore.Html.Abstractions,2.3.12,468153127.0,hand-written site; xml docs; homepage,2,https://asp.net/,,,,,lib/netstandard2.0/Microsoft.AspNetCore.Html.Abstractions.xml,https://github.com/dotnet/aspnetcore,,,,https://asp.net/,,https://www.nuget.org/packages/Microsoft.AspNetCore.Html.Abstractions,
Microsoft.Extensions.FileProviders.Embedded,10.0.11,467328051.0,hand-written site; xml docs; homepage,2,https://asp.net/,,,,,lib/net10.0/Microsoft.Extensions.FileProviders.Embedded.xml,https://github.com/dotnet/aspnetcore,,,,https://asp.net/,,https://www.nuget.org/packages/Microsoft.Extensions.FileProviders.Embedded,
FluentValidation.DependencyInjectionExtensions,12.1.1,464174559.0,hand-written site; readme; xml docs; homepage,2,https://fluentvalidation.net/,,README.md,,,lib/net8.0/FluentValidation.DependencyInjectionExtensions.xml,https://github.com/jeremyskinner/fluentvalidation,,,,https://fluentvalidation.net/,,https://www.nuget.org/packages/FluentValidation.DependencyInjectionExtensions,
System.Diagnostics.Contracts,4.3.0,462370937.0,hand-written site; xml docs; homepage,2,https://dot.net/,,,,,ref/netcore50/System.Diagnostics.Contracts.xml,,,,,https://dot.net/,,https://www.nuget.org/packages/System.Diagnostics.Contracts,
Microsoft.VisualStudio.Azure.Containers.Tools.Targets,1.23.0,460908605.0,hand-written site; homepage,2,https://aka.ms/vscontainertools,,,,,,,,,,https://aka.ms/vscontainertools,,https://www.nuget.org/packages/Microsoft.VisualStudio.Azure.Containers.Tools.Targets,
Microsoft.AspNetCore.Diagnostics.Abstractions,2.3.12,460002271.0,hand-written site; xml docs; homepage,2,https://asp.net/,,,,,lib/netstandard2.0/Microsoft.AspNetCore.Diagnostics.Abstractions.xml,https://github.com/dotnet/aspnetcore,,,,https://asp.net/,,https://www.nuget.org/packages/Microsoft.AspNetCore.Diagnostics.Abstractions,
MSTest.TestAdapter,4.4.0,459683395.0,homepage,1,,,,,,,https://github.com/microsoft/testfx,,,,https://github.com/microsoft/testfx,,https://www.nuget.org/packages/MSTest.TestAdapter,
System.Xml.XPath.XDocument,4.3.0,459589248.0,hand-written site; xml docs; homepage,2,https://dot.net/,,,,,ref/netstandard1.3/System.Xml.XPath.XDocument.xml,,,,,https://dot.net/,,https://www.nuget.org/packages/System.Xml.XPath.XDocument,
Microsoft.EntityFrameworkCore.InMemory,10.0.11,457710247.0,hand-written site; xml docs; homepage,2,https://docs.microsoft.com/ef/core/,,,,,lib/net10.0/Microsoft.EntityFrameworkCore.InMemory.xml,https://github.com/dotnet/efcore,,,,https://docs.microsoft.com/ef/core/,,https://www.nuget.org/packages/Microsoft.EntityFrameworkCore.InMemory,
AWSSDK.Polly,4.0.100.12,453817239.0,xml docs; homepage,1,,,,,,lib/net472/AWSSDK.Polly.xml,https://github.com/aws/aws-sdk-net,,,,https://github.com/aws/aws-sdk-net/,,https://www.nuget.org/packages/AWSSDK.Polly,
Microsoft.NETCore.App,2.2.8,453111401.0,hand-written site; xml docs; homepage,2,https://dot.net/,,,,,ref/netcoreapp2.2/Microsoft.CSharp.xml,,,,,https://dot.net/,,https://www.nuget.org/packages/Microsoft.NETCore.App,
Microsoft.NETCore.DotNetHostPolicy,8.0.30,452396034.0,hand-written site; homepage,2,https://dot.net/,,,,,,https://github.com/dotnet/runtime,,,,https://dot.net/,,https://www.nuget.org/packages/Microsoft.NETCore.DotNetHostPolicy,
Microsoft.NETCore.DotNetHostResolver,8.0.30,440044457.0,hand-written site; homepage,2,https://dot.net/,,,,,,https://github.com/dotnet/runtime,,,,https://dot.net/,,https://www.nuget.org/packages/Microsoft.NETCore.DotNetHostResolver,
Microsoft.AspNetCore.Razor,2.3.0,437984596.0,hand-written site; homepage,2,https://asp.net/,,,,,,https://github.com/dotnet/aspnetcore,,,,https://asp.net/,,https://www.nuget.org/packages/Microsoft.AspNetCore.Razor,
Microsoft.Extensions.Identity.Core,10.0.11,433908378.0,hand-written site; xml docs; homepage,2,https://asp.net/,,,,,lib/net10.0/Microsoft.Extensions.Identity.Core.xml,https://github.com/dotnet/aspnetcore,,,,https://asp.net/,,https://www.nuget.org/packages/Microsoft.Extensions.Identity.Core,
Microsoft.AspNetCore.Razor.Runtime,2.3.0,433543705.0,hand-written site; homepage,2,https://asp.net/,,,,,,https://github.com/dotnet/aspnetcore,,,,https://asp.net/,,https://www.nuget.org/packages/Microsoft.AspNetCore.Razor.Runtime,
EntityFramework,6.5.2,429322903.0,hand-written site; readme; xml docs; homepage,2,https://go.microsoft.com/fwlink/?LinkID=263480,,README.md,,,lib/net40/EntityFramework.xml,https://github.com/dotnet/ef6,,,,https://go.microsoft.com/fwlink/?LinkID=263480,,https://www.nuget.org/packages/EntityFramework,
Microsoft.Data.Sqlite.Core,10.0.11,429274814.0,hand-written site; xml docs; homepage,2,https://docs.microsoft.com/dotnet/standard/data/sqlite/,,,,,lib/net8.0/Microsoft.Data.Sqlite.xml,https://github.com/dotnet/efcore,,,,https://docs.microsoft.com/dotnet/standard/data/sqlite/,,https://www.nuget.org/packages/Microsoft.Data.Sqlite.Core,
Microsoft.AspNetCore.Mvc.ApiExplorer,2.3.12,428440686.0,hand-written site; xml docs; homepage,2,https://asp.net/,,,,,lib/netstandard2.0/Microsoft.AspNetCore.Mvc.ApiExplorer.xml,https://github.com/dotnet/aspnetcore,,,,https://asp.net/,,https://www.nuget.org/packages/Microsoft.AspNetCore.Mvc.ApiExplorer,
System.Reactive,7.0.0,423116438.0,readme; homepage,1,,,readme.md,,,,https://github.com/dotnet/reactive,,,,https://github.com/dotnet/reactive,,https://www.nuget.org/packages/System.Reactive,
log4net,3.4.0,422542837.0,hand-written site; readme; xml docs; homepage,2,https://logging.apache.org/log4net/,,README.md,,,lib/net462/log4net.xml,https://github.com/apache/logging-log4net,,,,https://logging.apache.org/log4net/,,https://www.nuget.org/packages/log4net,
DocumentFormat.OpenXml,3.5.1,420843899.0,readme; xml docs; homepage,1,,,README.md,,,lib/net10.0/DocumentFormat.OpenXml.xml,https://github.com/dotnet/open-xml-sdk,,,,https://github.com/dotnet/Open-XML-SDK,,https://www.nuget.org/packages/DocumentFormat.OpenXml,
OpenTelemetry.Extensions.Hosting,1.18.0,417926440.0,hand-written site; readme; xml docs; homepage,2,https://opentelemetry.io/,,README.md,,,lib/net10.0/OpenTelemetry.Extensions.Hosting.xml,https://github.com/open-telemetry/opentelemetry-dotnet,,,,https://opentelemetry.io/,,https://www.nuget.org/packages/OpenTelemetry.Extensions.Hosting,
MongoDB.Driver,3.11.1,416565940.0,hand-written site; readme; xml docs; homepage,2,https://www.mongodb.com/docs/drivers/csharp/,,README.md,,,lib/net472/MongoDB.Driver.xml,https://github.com/mongodb/mongo-csharp-driver,,,,https://www.mongodb.com/docs/drivers/csharp/,,https://www.nuget.org/packages/MongoDB.Driver,
BouncyCastle.Cryptography,2.7.0,415167880.0,hand-written site; readme; xml docs; homepage,2,https://www.bouncycastle.org/stable/nuget/csharp/website,,README.md,,,lib/net461/BouncyCastle.Cryptography.xml,https://github.com/bcgit/bc-csharp,,,,https://www.bouncycastle.org/stable/nuget/csharp/website,,https://www.nuget.org/packages/BouncyCastle.Cryptography,
Microsoft.IO.RecyclableMemoryStream,3.0.1,413089712.0,readme; xml docs; homepage,1,,,README.md,,,lib/net6.0/Microsoft.IO.RecyclableMemoryStream.xml,https://github.com/microsoft/microsoft.io.recyclablememorystream,,,,https://github.com/Microsoft/Microsoft.IO.RecyclableMemoryStream,,https://www.nuget.org/packages/Microsoft.IO.RecyclableMemoryStream,
Microsoft.AspNet.WebApi.Core,5.3.0,401209457.0,hand-written site; xml docs; homepage,2,https://www.asp.net/web-api,,,,,lib/net45/System.Web.Http.xml,https://github.com/aspnet/aspnetwebstack,,,,https://www.asp.net/web-api,,https://www.nuget.org/packages/Microsoft.AspNet.WebApi.Core,
Hangfire.Core,1.8.25,399073585.0,hand-written site; readme; xml docs; homepage,2,https://www.hangfire.io/,,README.md,,,lib/net451/Hangfire.Core.xml,https://github.com/hangfireio/hangfire,,,,https://www.hangfire.io/,,https://www.nuget.org/packages/Hangfire.Core,
Microsoft.NET.Sdk.iOS.Manifest-6.0.400,16.4.60,398931176.0,,0,,,,,,,https://github.com/xamarin/xamarin-macios,,,,,,https://www.nuget.org/packages/Microsoft.NET.Sdk.iOS.Manifest-6.0.400,
Microsoft.NET.Sdk.MacCatalyst.Manifest-6.0.400,16.4.60,398905171.0,,0,,,,,,,https://github.com/xamarin/xamarin-macios,,,,,,https://www.nuget.org/packages/Microsoft.NET.Sdk.MacCatalyst.Manifest-6.0.400,
Microsoft.NET.Sdk.macOS.Manifest-6.0.400,13.3.60,398825409.0,,0,,,,,,,https://github.com/xamarin/xamarin-macios,,,,,,https://www.nuget.org/packages/Microsoft.NET.Sdk.macOS.Manifest-6.0.400,
Microsoft.NET.Sdk.Android.Manifest-6.0.400,32.0.509,398759185.0,,0,,,,,,,https://github.com/xamarin/xamarin-android,,,,,,https://www.nuget.org/packages/Microsoft.NET.Sdk.Android.Manifest-6.0.400,
Microsoft.NET.Sdk.Maui.Manifest-6.0.400,6.0.553,398596428.0,,0,,,,,,,https://github.com/dotnet/maui,,,,,,https://www.nuget.org/packages/Microsoft.NET.Sdk.Maui.Manifest-6.0.400,
Microsoft.NET.Sdk.tvOS.Manifest-6.0.400,16.4.60,398523639.0,,0,,,,,,,https://github.com/xamarin/xamarin-macios,,,,,,https://www.nuget.org/packages/Microsoft.NET.Sdk.tvOS.Manifest-6.0.400,
Azure.Messaging.ServiceBus,7.20.2,396413402.0,readme; xml docs; homepage,1,,,README.md,,,lib/net10.0/Azure.Messaging.ServiceBus.xml,https://github.com/azure/azure-sdk-for-net,,,,https://github.com/Azure/azure-sdk-for-net/blob/Azure.Messaging.ServiceBus_7.20.2/sdk/servicebus/Azure.Messaging.ServiceBus/README.md,,https://www.nuget.org/packages/Azure.Messaging.ServiceBus,
System.Runtime.Serialization.Xml,4.3.0,396162498.0,hand-written site; xml docs; homepage,2,https://dot.net/,,,,,ref/netcore50/System.Runtime.Serialization.Xml.xml,,,,,https://dot.net/,,https://www.nuget.org/packages/System.Runtime.Serialization.Xml,
Grpc.Net.ClientFactory,2.83.0,394926781.0,readme; xml docs; homepage,1,,,README.md,,,lib/net10.0/Grpc.Net.ClientFactory.xml,https://github.com/grpc/grpc-dotnet,,,,https://github.com/grpc/grpc-dotnet,,https://www.nuget.org/packages/Grpc.Net.ClientFactory,
System.Net.WebSockets,4.3.0,392240831.0,hand-written site; xml docs; homepage,2,https://dot.net/,,,,,ref/netstandard1.3/System.Net.WebSockets.xml,,,,,https://dot.net/,,https://www.nuget.org/packages/System.Net.WebSockets,
Microsoft.AspNetCore.Mvc.ViewFeatures,2.3.12,389409976.0,hand-written site; xml docs; homepage,2,https://asp.net/,,,,,lib/netstandard2.0/Microsoft.AspNetCore.Mvc.ViewFeatures.xml,https://github.com/dotnet/aspnetcore,,,,https://asp.net/,,https://www.nuget.org/packages/Microsoft.AspNetCore.Mvc.ViewFeatures,
Microsoft.NET.Workload.Mono.ToolChain.Manifest-6.0.400,6.0.36,387298943.0,hand-written site; homepage,2,https://dot.net/,,,,,,https://github.com/dotnet/runtime,,,,https://dot.net/,,https://www.nuget.org/packages/Microsoft.NET.Workload.Mono.ToolChain.Manifest-6.0.400,
Microsoft.NET.Workload.Emscripten.Manifest-6.0.400,6.0.36,387128414.0,homepage,1,,,,,,,https://github.com/dotnet/emsdk,,,,https://github.com/dotnet/emsdk,,https://www.nuget.org/packages/Microsoft.NET.Workload.Emscripten.Manifest-6.0.400,
Microsoft.AspNetCore.Antiforgery,2.3.12,386247468.0,hand-written site; xml docs; homepage,2,https://asp.net/,,,,,lib/netstandard2.0/Microsoft.AspNetCore.Antiforgery.xml,https://github.com/dotnet/aspnetcore,,,,https://asp.net/,,https://www.nuget.org/packages/Microsoft.AspNetCore.Antiforgery,
MongoDB.Driver.Core,2.30.0,385909610.0,hand-written site; readme; xml docs; homepage,2,https://www.mongodb.com/docs/drivers/csharp/,,README.md,,,lib/net472/MongoDB.Driver.Core.xml,https://github.com/mongodb/mongo-csharp-driver,,,,https://www.mongodb.com/docs/drivers/csharp/,,https://www.nuget.org/packages/MongoDB.Driver.Core,
System.ServiceModel.NetTcp,10.0.652802,382357881.0,readme; homepage,1,,,README.md,,,,https://github.com/dotnet/wcf,,,,https://github.com/dotnet/wcf,,https://www.nuget.org/packages/System.ServiceModel.NetTcp,
NJsonSchema,11.6.1,381390758.0,hand-written site; readme; xml docs; homepage,2,http://njsonschema.org/,,README.md,,,lib/net462/NJsonSchema.xml,https://github.com/ricosuter/njsonschema,,,,http://njsonschema.org/,,https://www.nuget.org/packages/NJsonSchema,
Microsoft.AspNetCore.Authentication,2.3.12,381345603.0,hand-written site; xml docs; homepage,2,https://asp.net/,,,,,lib/netstandard2.0/Microsoft.AspNetCore.Authentication.xml,https://github.com/dotnet/aspnetcore,,,,https://asp.net/,,https://www.nuget.org/packages/Microsoft.AspNetCore.Authentication,
AWSSDK.SecurityToken,4.0.100.12,380206563.0,xml docs; homepage,1,,,,,,lib/net472/AWSSDK.SecurityToken.xml,https://github.com/aws/aws-sdk-net,,,,https://github.com/aws/aws-sdk-net/,,https://www.nuget.org/packages/AWSSDK.SecurityToken,
Microsoft.Extensions.FileProviders.Composite,10.0.11,379345706.0,hand-written site; xml docs; homepage,2,https://dot.net/,,,,,lib/net10.0/Microsoft.Extensions.FileProviders.Composite.xml,https://github.com/dotnet/runtime,,,,https://dot.net/,,https://www.nuget.org/packages/Microsoft.Extensions.FileProviders.Composite,
Microsoft.AspNetCore.Mvc.Testing,10.0.11,376699326.0,hand-written site; xml docs; homepage,2,https://asp.net/,,,,,lib/net10.0/Microsoft.AspNetCore.Mvc.Testing.xml,https://github.com/dotnet/aspnetcore,,,,https://asp.net/,,https://www.nuget.org/packages/Microsoft.AspNetCore.Mvc.Testing,
System.Linq.Async,7.0.1,372713286.0,readme; xml docs; homepage,1,,,readme.md,,,lib/net10.0/System.Linq.Async.xml,https://github.com/dotnet/reactive,,,,https://github.com/dotnet/reactive,,https://www.nuget.org/packages/System.Linq.Async,
SharpCompress,1.0.0,370865608.0,readme; homepage,1,,,README.md,,,,https://github.com/adamhathcock/sharpcompress,,,,https://github.com/adamhathcock/sharpcompress,,https://www.nuget.org/packages/SharpCompress,
AutoMapper.Extensions.Microsoft.DependencyInjection,12.0.1,367021389.0,hand-written site; readme; homepage,2,https://automapper.org/,,README.md,,,,https://github.com/automapper/automapper.extensions.microsoft.dependencyinjection,,,,https://automapper.org/,,https://www.nuget.org/packages/AutoMapper.Extensions.Microsoft.DependencyInjection,
OpenTelemetry.Instrumentation.AspNetCore,1.18.0,365617078.0,hand-written site; readme; xml docs; homepage,2,https://opentelemetry.io/,,README.md,,,lib/net10.0/OpenTelemetry.Instrumentation.AspNetCore.xml,https://github.com/open-telemetry/opentelemetry-dotnet-contrib,,,,https://opentelemetry.io/,,https://www.nuget.org/packages/OpenTelemetry.Instrumentation.AspNetCore,
Azure.Core.Amqp,1.3.1,364288283.0,readme; xml docs; homepage,1,,,README.md,,,lib/netstandard2.0/Azure.Core.Amqp.xml,https://github.com/azure/azure-sdk-for-net,,,,https://github.com/Azure/azure-sdk-for-net/blob/Azure.Core.Amqp_1.3.1/sdk/core/Azure.Core.Amqp/README.md,,https://www.nuget.org/packages/Azure.Core.Amqp,
Grpc.Tools,2.83.0,361303893.0,readme; homepage,1,,,README.md,,,,https://github.com/grpc/grpc,,,,https://github.com/grpc/grpc,,https://www.nuget.org/packages/Grpc.Tools,
OpenTelemetry.Instrumentation.Http,1.18.0,357771754.0,hand-written site; readme; xml docs; homepage,2,https://opentelemetry.io/,,README.md,,,lib/net10.0/OpenTelemetry.Instrumentation.Http.xml,https://github.com/open-telemetry/opentelemetry-dotnet-contrib,,,,https://opentelemetry.io/,,https://www.nuget.org/packages/OpenTelemetry.Instrumentation.Http,
HtmlAgilityPack,1.13.0,352602086.0,hand-written site; readme; xml docs; homepage,2,http://html-agility-pack.net/,,readme.md,,,lib/Net35/HtmlAgilityPack.xml,https://github.com/zzzprojects/html-agility-pack,,,,http://html-agility-pack.net/,,https://www.nuget.org/packages/HtmlAgilityPack,
Microsoft.AspNetCore.Mvc.Razor,2.3.0,350443644.0,hand-written site; xml docs; homepage,2,https://asp.net/,,,,,lib/netstandard2.0/Microsoft.AspNetCore.Mvc.Razor.xml,https://github.com/dotnet/aspnetcore,,,,https://asp.net/,,https://www.nuget.org/packages/Microsoft.AspNetCore.Mvc.Razor,
Microsoft.EntityFrameworkCore.Sqlite.Core,10.0.11,348775841.0,hand-written site; xml docs; homepage,2,https://docs.microsoft.com/ef/core/,,,,,lib/net10.0/Microsoft.EntityFrameworkCore.Sqlite.xml,https://github.com/dotnet/efcore,,,,https://docs.microsoft.com/ef/core/,,https://www.nuget.org/packages/Microsoft.EntityFrameworkCore.Sqlite.Core,
Swashbuckle.AspNetCore.Annotations,10.2.3,347903161.0,xml docs; homepage,1,,,,,,lib/net10.0/Swashbuckle.AspNetCore.Annotations.xml,https://github.com/domaindrivendev/swashbuckle.aspnetcore,,,,https://github.com/domaindrivendev/Swashbuckle.AspNetCore,,https://www.nuget.org/packages/Swashbuckle.AspNetCore.Annotations,
System.IO.FileSystem.Watcher,4.3.0,347075892.0,hand-written site; xml docs; homepage,2,https://dot.net/,,,,,ref/netstandard1.3/System.IO.FileSystem.Watcher.xml,,,,,https://dot.net/,,https://www.nuget.org/packages/System.IO.FileSystem.Watcher,
Microsoft.NET.StringTools,18.9.6,346815312.0,hand-written site; readme; xml docs; homepage,2,https://go.microsoft.com/fwlink/?LinkId=624683,,README.md,,,lib/net10.0/Microsoft.NET.StringTools.xml,https://github.com/dotnet/msbuild,,,,https://go.microsoft.com/fwlink/?LinkId=624683,,https://www.nuget.org/packages/Microsoft.NET.StringTools,
Microsoft.AspNetCore.Components.Web,10.0.11,345232150.0,hand-written site; xml docs; homepage,2,https://asp.net/,,,,,lib/net10.0/Microsoft.AspNetCore.Components.Web.xml,https://github.com/dotnet/aspnetcore,,,,https://asp.net/,,https://www.nuget.org/packages/Microsoft.AspNetCore.Components.Web,
Microsoft.Rest.ClientRuntime.Azure,4.0.3,343885445.0,homepage,1,,,,,,,https://github.com/azure/azure-sdk-for-net,,,,https://github.com/Azure/AutoRest,,https://www.nuget.org/packages/Microsoft.Rest.ClientRuntime.Azure,
Microsoft.Extensions.Azure,1.14.1,343023214.0,readme; xml docs; homepage,1,,,README.md,,,lib/net10.0/Microsoft.Extensions.Azure.xml,https://github.com/azure/azure-sdk-for-net,,,,https://github.com/Azure/azure-sdk-for-net/blob/Microsoft.Extensions.Azure_1.14.1/sdk/extensions/Microsoft.Extensions.Azure/README.md,,https://www.nuget.org/packages/Microsoft.Extensions.Azure,
Microsoft.AspNetCore.Components,10.0.11,341634792.0,hand-written site; xml docs; homepage,2,https://asp.net/,,,,,lib/net10.0/Microsoft.AspNetCore.Components.xml,https://github.com/dotnet/aspnetcore,,,,https://asp.net/,,https://www.nuget.org/packages/Microsoft.AspNetCore.Components,
System.ComponentModel.EventBasedAsync,4.3.0,341082450.0,hand-written site; xml docs; homepage,2,https://dot.net/,,,,,ref/netcore50/System.ComponentModel.EventBasedAsync.xml,,,,,https://dot.net/,,https://www.nuget.org/packages/System.ComponentModel.EventBasedAsync,
Elasticsearch.Net,7.17.5,340955085.0,xml docs; homepage,1,,,,,,lib/net461/Elasticsearch.Net.xml,https://github.com/elastic/elasticsearch-net,,,,https://github.com/elastic/elasticsearch-net,,https://www.nuget.org/packages/Elasticsearch.Net,
System.Diagnostics.TextWriterTraceListener,4.3.0,340481620.0,hand-written site; xml docs; homepage,2,https://dot.net/,,,,,ref/netstandard1.3/System.Diagnostics.TextWriterTraceListener.xml,,,,,https://dot.net/,,https://www.nuget.org/packages/System.Diagnostics.TextWriterTraceListener,
runtime.any.System.Runtime,4.3.1,339991027.0,hand-written site; homepage,2,https://dot.net/,,,,,,,,,,https://dot.net/,,https://www.nuget.org/packages/runtime.any.System.Runtime,
Microsoft.AspNet.Razor,3.3.0,338879745.0,hand-written site; xml docs; homepage,2,https://www.asp.net/web-pages,,,,,lib/net45/System.Web.Razor.xml,https://github.com/aspnet/aspnetwebstack,,,,https://www.asp.net/web-pages,,https://www.nuget.org/packages/Microsoft.AspNet.Razor,
OpenTelemetry.Exporter.OpenTelemetryProtocol,1.18.0,338132765.0,hand-written site; readme; xml docs; homepage,2,https://opentelemetry.io/,,README.md,,,lib/net10.0/OpenTelemetry.Exporter.OpenTelemetryProtocol.xml,https://github.com/open-telemetry/opentelemetry-dotnet,,,,https://opentelemetry.io/,,https://www.nuget.org/packages/OpenTelemetry.Exporter.OpenTelemetryProtocol,
AWSSDK.SQS,4.0.100.12,336907423.0,xml docs; homepage,1,,,,,,lib/net472/AWSSDK.SQS.xml,https://github.com/aws/aws-sdk-net,,,,https://github.com/aws/aws-sdk-net/,,https://www.nuget.org/packages/AWSSDK.SQS,
Fare,2.2.2,336096173.0,readme; xml docs; homepage,1,,,README.md,,,lib/net35/Fare.xml,https://github.com/moodmosaic/fare,,,,https://github.com/moodmosaic/Fare,,https://www.nuget.org/packages/Fare,
Microsoft.Extensions.Identity.Stores,10.0.11,332638886.0,hand-written site; xml docs; homepage,2,https://asp.net/,,,,,lib/net10.0/Microsoft.Extensions.Identity.Stores.xml,https://github.com/dotnet/aspnetcore,,,,https://asp.net/,,https://www.nuget.org/packages/Microsoft.Extensions.Identity.Stores,
runtime.any.System.Text.Encoding,4.3.0,332046296.0,hand-written site; homepage,2,https://dot.net/,,,,,,,,,,https://dot.net/,,https://www.nuget.org/packages/runtime.any.System.Text.Encoding,
System.ServiceModel.Duplex,6.0.0,330617704.0,homepage,1,,,,,,,https://github.com/dotnet/wcf,,,,https://github.com/dotnet/wcf,,https://www.nuget.org/packages/System.ServiceModel.Duplex,
Microsoft.CodeAnalysis.VisualBasic,5.9.0,330248774.0,xml docs; homepage,1,,,,,,lib/net10.0/Microsoft.CodeAnalysis.VisualBasic.xml,https://github.com/dotnet/roslyn,,,,https://github.com/dotnet/roslyn,,https://www.nuget.org/packages/Microsoft.CodeAnalysis.VisualBasic,
Microsoft.AspNetCore.Cors,2.3.12,328376470.0,hand-written site; xml docs; homepage,2,https://asp.net/,,,,,lib/netstandard2.0/Microsoft.AspNetCore.Cors.xml,https://github.com/dotnet/aspnetcore,,,,https://asp.net/,,https://www.nuget.org/packages/Microsoft.AspNetCore.Cors,
Microsoft.Extensions.PlatformAbstractions,1.1.0,325988199.0,hand-written site; xml docs; homepage,2,https://www.asp.net/,,,,,lib/net451/Microsoft.Extensions.PlatformAbstractions.xml,,,,,https://www.asp.net/,,https://www.nuget.org/packages/Microsoft.Extensions.PlatformAbstractions,
System.Linq.Dynamic.Core,1.7.4,325175159.0,hand-written site; xml docs; homepage,2,https://dynamic-linq.net/,,,,,lib/net10.0/System.Linq.Dynamic.Core.xml,https://github.com/zzzprojects/system.linq.dynamic.core,,,,https://dynamic-linq.net/,,https://www.nuget.org/packages/System.Linq.Dynamic.Core,
runtime.any.System.IO,4.3.0,325014718.0,hand-written site; homepage,2,https://dot.net/,,,,,,,,,,https://dot.net/,,https://www.nuget.org/packages/runtime.any.System.IO,
Google.Api.Gax,4.15.0,324892400.0,xml docs; homepage,1,,,,,,lib/net462/Google.Api.Gax.xml,https://github.com/googleapis/gax-dotnet,,,,https://github.com/googleapis/gax-dotnet,,https://www.nuget.org/packages/Google.Api.Gax,
SSH.NET,2026.0.0,323820674.0,readme; xml docs,0,,,README.md,,,lib/net10.0/Renci.SshNet.xml,https://github.com/sshnet/ssh.net,,,,,,https://www.nuget.org/packages/SSH.NET,
TimeZoneConverter,7.2.0,323537894.0,readme; xml docs; homepage,1,,,README.md,,,lib/net462/TimeZoneConverter.xml,https://github.com/mattjohnsonpint/timezoneconverter,,,,https://github.com/mattjohnsonpint/TimeZoneConverter,,https://www.nuget.org/packages/TimeZoneConverter,
prometheus-net,8.2.1,322581161.0,readme; xml docs; homepage,1,,,README.md,,,lib/net462/Prometheus.NetStandard.xml,https://github.com/prometheus-net/prometheus-net,,,,https://github.com/prometheus-net/prometheus-net,,https://www.nuget.org/packages/prometheus-net,
runtime.any.System.Threading.Tasks,4.3.0,322507745.0,hand-written site; homepage,2,https://dot.net/,,,,,,,,,,https://dot.net/,,https://www.nuget.org/packages/runtime.any.System.Threading.Tasks,
runtime.any.System.Reflection,4.3.0,322142783.0,hand-written site; homepage,2,https://dot.net/,,,,,,,,,,https://dot.net/,,https://www.nuget.org/packages/runtime.any.System.Reflection,
Ecng.Collections,1.0.308,322061936.0,hand-written site; readme; xml docs; homepage,2,https://stocksharp.com/,,README.md,,,lib/net10.0/Ecng.Collections.xml,https://github.com/stocksharp/ecng,,,,https://stocksharp.com/,,https://www.nuget.org/packages/Ecng.Collections,
runtime.any.System.Reflection.Primitives,4.3.0,321825836.0,hand-written site; homepage,2,https://dot.net/,,,,,,,,,,https://dot.net/,,https://www.nuget.org/packages/runtime.any.System.Reflection.Primitives,
AutoFixture,4.18.1,321271111.0,xml docs; homepage,1,,,,,,lib/net452/AutoFixture.xml,https://github.com/autofixture/autofixture,,,,https://github.com/AutoFixture/AutoFixture,,https://www.nuget.org/packages/AutoFixture,
SkiaSharp,4.151.2,320893857.0,hand-written site; readme; xml docs; homepage,2,https://go.microsoft.com/fwlink/?linkid=868515,,README.md,,,lib/net10.0-android36.0/SkiaSharp.xml,,,,,https://go.microsoft.com/fwlink/?linkid=868515,,https://www.nuget.org/packages/SkiaSharp,
NodaTime,3.3.3,320715139.0,hand-written site; readme; xml docs; homepage,2,https://nodatime.org/,,README.md,,,lib/net8.0/NodaTime.xml,https://github.com/nodatime/nodatime,,,,https://nodatime.org/,,https://www.nuget.org/packages/NodaTime,
System.ServiceModel.Security,6.0.0,320162402.0,homepage,1,,,,,,,https://github.com/dotnet/wcf,,,,https://github.com/dotnet/wcf,,https://www.nuget.org/packages/System.ServiceModel.Security,
MessagePack,3.1.8,319239443.0,xml docs; homepage,1,,,,,,lib/net472/MessagePack.xml,https://github.com/messagepack-csharp/messagepack-csharp,,,,https://github.com/MessagePack-CSharp/MessagePack-CSharp,,https://www.nuget.org/packages/MessagePack,
SQLitePCLRaw.lib.e_sqlite3,3.53.3,318735217.0,hand-written site; readme; homepage,2,https://sqlite.org/,,README.md,,,,https://github.com/ericsink/sqlitepcl.raw,,,,https://sqlite.org/,,https://www.nuget.org/packages/SQLitePCLRaw.lib.e_sqlite3,
Microsoft.Build,18.9.6,317845553.0,hand-written site; readme; xml docs; homepage,2,https://go.microsoft.com/fwlink/?LinkId=624683,,README.md,,,lib/net10.0/Microsoft.Build.xml,https://github.com/dotnet/msbuild,,,,https://go.microsoft.com/fwlink/?LinkId=624683,,https://www.nuget.org/packages/Microsoft.Build,
Microsoft.AspNetCore.Mvc.Cors,2.3.12,316610155.0,hand-written site; xml docs; homepage,2,https://asp.net/,,,,,lib/netstandard2.0/Microsoft.AspNetCore.Mvc.Cors.xml,https://github.com/dotnet/aspnetcore,,,,https://asp.net/,,https://www.nuget.org/packages/Microsoft.AspNetCore.Mvc.Cors,
Microsoft.AspNet.WebPages,3.3.0,316514526.0,hand-written site; xml docs; homepage,2,https://www.asp.net/web-pages,,,,,lib/net45/System.Web.Helpers.xml,https://github.com/aspnet/aspnetwebstack,,,,https://www.asp.net/web-pages,,https://www.nuget.org/packages/Microsoft.AspNet.WebPages,
Microsoft.AspNetCore.Mvc.TagHelpers,2.3.12,314056313.0,hand-written site; xml docs; homepage,2,https://asp.net/,,,,,lib/netstandard2.0/Microsoft.AspNetCore.Mvc.TagHelpers.xml,https://github.com/dotnet/aspnetcore,,,,https://asp.net/,,https://www.nuget.org/packages/Microsoft.AspNetCore.Mvc.TagHelpers,
Microsoft.AspNetCore.Components.Forms,10.0.11,313552410.0,hand-written site; xml docs; homepage,2,https://asp.net/,,,,,lib/net10.0/Microsoft.AspNetCore.Components.Forms.xml,https://github.com/dotnet/aspnetcore,,,,https://asp.net/,,https://www.nuget.org/packages/Microsoft.AspNetCore.Components.Forms,
runtime.any.System.Resources.ResourceManager,4.3.0,311909722.0,hand-written site; homepage,2,https://dot.net/,,,,,,,,,,https://dot.net/,,https://www.nuget.org/packages/runtime.any.System.Resources.ResourceManager,
runtime.any.System.Globalization,4.3.0,311695449.0,hand-written site; homepage,2,https://dot.net/,,,,,,,,,,https://dot.net/,,https://www.nuget.org/packages/runtime.any.System.Globalization,
MimeKit,4.17.0,309649806.0,hand-written site; readme; xml docs; homepage,2,https://www.mimekit.net/,,docs/README.md,,,lib/net10.0/MimeKit.xml,https://github.com/jstedfast/mimekit,,,,https://www.mimekit.net/,,https://www.nuget.org/packages/MimeKit,
runtime.any.System.Collections,4.3.0,308838377.0,hand-written site; homepage,2,https://dot.net/,,,,,,,,,,https://dot.net/,,https://www.nuget.org/packages/runtime.any.System.Collections,
Microsoft.AspNet.Mvc,5.3.0,307369662.0,hand-written site; xml docs; homepage,2,https://www.asp.net/mvc,,,,,lib/net45/System.Web.Mvc.xml,https://github.com/aspnet/aspnetwebstack,,,,https://www.asp.net/mvc,,https://www.nuget.org/packages/Microsoft.AspNet.Mvc,
AngleSharp,1.8.0,306626705.0,hand-written site; readme; xml docs; homepage,2,https://anglesharp.github.io/,,README.md,,,lib/net10.0/AngleSharp.xml,https://github.com/anglesharp/anglesharp,,,,https://anglesharp.github.io/,,https://www.nuget.org/packages/AngleSharp,
Microsoft.JSInterop,10.0.11,306309621.0,hand-written site; xml docs; homepage,2,https://asp.net/,,,,,lib/net10.0/Microsoft.JSInterop.xml,https://github.com/dotnet/aspnetcore,,,,https://asp.net/,,https://www.nuget.org/packages/Microsoft.JSInterop,
Microsoft.AspNetCore.Mvc.RazorPages,2.3.0,305706886.0,hand-written site; xml docs; homepage,2,https://asp.net/,,,,,lib/netstandard2.0/Microsoft.AspNetCore.Mvc.RazorPages.xml,https://github.com/dotnet/aspnetcore,,,,https://asp.net/,,https://www.nuget.org/packages/Microsoft.AspNetCore.Mvc.RazorPages,
Namotion.Reflection,3.5.1,305204006.0,readme; xml docs; homepage,1,,,README.md,,,lib/net462/Namotion.Reflection.xml,https://github.com/ricosuter/namotion.reflection,,,,https://github.com/RicoSuter/Namotion.Reflection,,https://www.nuget.org/packages/Namotion.Reflection,
SQLitePCLRaw.bundle_e_sqlite3,3.0.5,302413591.0,readme,0,,,README.md,,,,https://github.com/ericsink/sqlitepcl.raw,,,,,,https://www.nuget.org/packages/SQLitePCLRaw.bundle_e_sqlite3,
SixLabors.ImageSharp,4.1.1,301431845.0,xml docs; homepage,1,,,,,,lib/net8.0/SixLabors.ImageSharp.xml,https://github.com/sixlabors/imagesharp,,,,https://github.com/SixLabors/ImageSharp,,https://www.nuget.org/packages/SixLabors.ImageSharp,
Microsoft.AspNetCore.Mvc.Localization,2.3.12,300984248.0,hand-written site; xml docs; homepage,2,https://asp.net/,,,,,lib/netstandard2.0/Microsoft.AspNetCore.Mvc.Localization.xml,https://github.com/dotnet/aspnetcore,,,,https://asp.net/,,https://www.nuget.org/packages/Microsoft.AspNetCore.Mvc.Localization,
MediatR.Contracts,2.0.1,300978297.0,xml docs,0,,,,,,lib/netstandard2.0/MediatR.Contracts.xml,https://github.com/jbogard/mediatr,,,,,,https://www.nuget.org/packages/MediatR.Contracts,
FluentValidation.AspNetCore,11.3.1,300846477.0,hand-written site; readme; xml docs; homepage,2,https://fluentvalidation.net/,,README.md,,,lib/net5.0/FluentValidation.AspNetCore.xml,https://github.com/fluentvalidation/fluentvalidation.aspnetcore,,,,https://fluentvalidation.net/,,https://www.nuget.org/packages/FluentValidation.AspNetCore,
Scrutor,7.0.0,300114483.0,readme; xml docs; homepage,1,,,README.md,,,lib/net10.0/Scrutor.xml,https://github.com/khellang/scrutor,,,,https://github.com/khellang/Scrutor,,https://www.nuget.org/packages/Scrutor,
Serilog.Enrichers.Environment,3.0.1,299381610.0,readme; xml docs; homepage,1,,,README.md,,,lib/net462/Serilog.Enrichers.Environment.xml,https://github.com/serilog/serilog-enrichers-environment,,,,https://github.com/serilog/serilog-enrichers-environment,,https://www.nuget.org/packages/Serilog.Enrichers.Environment,
Microsoft.AspNetCore.Mvc,2.3.12,298425888.0,hand-written site; xml docs; homepage,2,https://asp.net/,,,,,lib/netstandard2.0/Microsoft.AspNetCore.Mvc.xml,https://github.com/dotnet/aspnetcore,,,,https://asp.net/,,https://www.nuget.org/packages/Microsoft.AspNetCore.Mvc,
Microsoft.AspNetCore.Server.Kestrel,2.3.12,297860317.0,hand-written site; xml docs; homepage,2,https://asp.net/,,,,,lib/netstandard2.0/Microsoft.AspNetCore.Server.Kestrel.xml,https://github.com/dotnet/aspnetcore,,,,https://asp.net/,,https://www.nuget.org/packages/Microsoft.AspNetCore.Server.Kestrel,
Microsoft.AspNetCore.Localization,2.3.12,296733503.0,hand-written site; xml docs; homepage,2,https://asp.net/,,,,,lib/netstandard2.0/Microsoft.AspNetCore.Localization.xml,https://github.com/dotnet/aspnetcore,,,,https://asp.net/,,https://www.nuget.org/packages/Microsoft.AspNetCore.Localization,
NSubstitute,6.2.0,296732466.0,hand-written site; readme; xml docs; homepage,2,https://nsubstitute.github.io/,,README.md,,,lib/net8.0/NSubstitute.xml,https://github.com/nsubstitute/nsubstitute,,,,https://nsubstitute.github.io/,,https://www.nuget.org/packages/NSubstitute,
runtime.any.System.Runtime.InteropServices,4.3.0,296477158.0,hand-written site; homepage,2,https://dot.net/,,,,,,,,,,https://dot.net/,,https://www.nuget.org/packages/runtime.any.System.Runtime.InteropServices,
runtime.any.System.Runtime.Handles,4.3.0,296208305.0,hand-written site; homepage,2,https://dot.net/,,,,,,,,,,https://dot.net/,,https://www.nuget.org/packages/runtime.any.System.Runtime.Handles,
System.Interactive.Async,7.0.1,293045908.0,xml docs; homepage,1,,,,,,lib/net10.0/System.Interactive.Async.xml,https://github.com/dotnet/reactive,,,,https://github.com/dotnet/reactive,,https://www.nuget.org/packages/System.Interactive.Async,
System.ServiceProcess.ServiceController,10.0.11,290023672.0,hand-written site; xml docs; homepage,2,https://dot.net/,,,,,lib/net10.0/System.ServiceProcess.ServiceController.xml,https://github.com/dotnet/dotnet,,,,https://dot.net/,,https://www.nuget.org/packages/System.ServiceProcess.ServiceController,
Microsoft.Web.Infrastructure,2.0.1,289477909.0,hand-written site; homepage,2,https://www.asp.net/,,,,,,,,,,https://www.asp.net/,,https://www.nuget.org/packages/Microsoft.Web.Infrastructure,
MongoDB.Libmongocrypt,1.12.0,289025613.0,hand-written site; homepage,2,http://www.mongodb.org/display/DOCS/CSharp+Language+Center,,,,,,,,,,http://www.mongodb.org/display/DOCS/CSharp+Language+Center,,https://www.nuget.org/packages/MongoDB.Libmongocrypt,
Microsoft.VisualStudio.Web.CodeGeneration.Design,10.0.2,286990867.0,readme; xml docs; homepage,1,,,README.md,,,lib/net10.0/dotnet-aspnet-codegenerator-design.xml,https://github.com/dotnet/scaffolding,,,,https://github.com/dotnet/Scaffolding,,https://www.nuget.org/packages/Microsoft.VisualStudio.Web.CodeGeneration.Design,
NuGet.Versioning,7.9.0,286827192.0,hand-written site; readme; xml docs; homepage,2,https://aka.ms/nugetprj,,README.md,,,lib/net472/NuGet.Versioning.xml,https://github.com/nuget/nuget.client,,,,https://aka.ms/nugetprj,,https://www.nuget.org/packages/NuGet.Versioning,
Microsoft.VisualStudio.Web.CodeGenerators.Mvc,10.0.2,286761865.0,readme; xml docs; homepage,1,,,README.md,,,lib/net10.0/Microsoft.VisualStudio.Web.CodeGenerators.Mvc.xml,https://github.com/dotnet/scaffolding,,,,https://github.com/dotnet/Scaffolding,,https://www.nuget.org/packages/Microsoft.VisualStudio.Web.CodeGenerators.Mvc,
Microsoft.Extensions.Caching.StackExchangeRedis,10.0.11,286244090.0,hand-written site; xml docs; homepage,2,https://asp.net/,,,,,lib/net10.0/Microsoft.Extensions.Caching.StackExchangeRedis.xml,https://github.com/dotnet/aspnetcore,,,,https://asp.net/,,https://www.nuget.org/packages/Microsoft.Extensions.Caching.StackExchangeRedis,
Microsoft.VisualStudio.Web.CodeGeneration,10.0.2,285721818.0,readme; xml docs; homepage,1,,,README.md,,,lib/net10.0/Microsoft.VisualStudio.Web.CodeGeneration.xml,https://github.com/dotnet/scaffolding,,,,https://github.com/dotnet/Scaffolding,,https://www.nuget.org/packages/Microsoft.VisualStudio.Web.CodeGeneration,
Microsoft.VisualStudio.Web.CodeGeneration.EntityFrameworkCore,10.0.2,285535066.0,readme; xml docs; homepage,1,,,README.md,,,lib/net10.0/Microsoft.VisualStudio.Web.CodeGeneration.EntityFrameworkCore.xml,https://github.com/dotnet/scaffolding,,,,https://github.com/dotnet/Scaffolding,,https://www.nuget.org/packages/Microsoft.VisualStudio.Web.CodeGeneration.EntityFrameworkCore,
Microsoft.AspNetCore.SignalR.Common,10.0.11,285135345.0,hand-written site; xml docs; homepage,2,https://asp.net/,,,,,lib/net10.0/Microsoft.AspNetCore.SignalR.Common.xml,https://github.com/dotnet/aspnetcore,,,,https://asp.net/,,https://www.nuget.org/packages/Microsoft.AspNetCore.SignalR.Common,
Microsoft.Azure.Functions.Worker.Core,2.52.0,285002594.0,xml docs; homepage,1,,,,,,lib/net10.0/Microsoft.Azure.Functions.Worker.Core.xml,https://github.com/azure/azure-functions-dotnet-worker,,,,https://github.com/Azure/azure-functions-dotnet-worker,,https://www.nuget.org/packages/Microsoft.Azure.Functions.Worker.Core,
Microsoft.VisualStudio.Web.CodeGeneration.Core,10.0.2,284895314.0,readme; xml docs; homepage,1,,,README.md,,,lib/net10.0/Microsoft.VisualStudio.Web.CodeGeneration.Core.xml,https://github.com/dotnet/scaffolding,,,,https://github.com/dotnet/Scaffolding,,https://www.nuget.org/packages/Microsoft.VisualStudio.Web.CodeGeneration.Core,
Microsoft.VisualStudio.Web.CodeGeneration.Utils,10.0.2,284591111.0,readme; xml docs; homepage,1,,,README.md,,,lib/net10.0/Microsoft.VisualStudio.Web.CodeGeneration.Utils.xml,https://github.com/dotnet/scaffolding,,,,https://github.com/dotnet/Scaffolding,,https://www.nuget.org/packages/Microsoft.VisualStudio.Web.CodeGeneration.Utils,
Microsoft.AspNetCore.Identity.EntityFrameworkCore,10.0.11,284455755.0,hand-written site; xml docs; homepage,2,https://asp.net/,,,,,lib/net10.0/Microsoft.AspNetCore.Identity.EntityFrameworkCore.xml,https://github.com/dotnet/aspnetcore,,,,https://asp.net/,,https://www.nuget.org/packages/Microsoft.AspNetCore.Identity.EntityFrameworkCore,
Microsoft.VisualStudio.Web.CodeGeneration.Templating,10.0.2,284412441.0,readme; xml docs; homepage,1,,,README.md,,,lib/net10.0/Microsoft.VisualStudio.Web.CodeGeneration.Templating.xml,https://github.com/dotnet/scaffolding,,,,https://github.com/dotnet/Scaffolding,,https://www.nuget.org/packages/Microsoft.VisualStudio.Web.CodeGeneration.Templating,
EO.WebBrowser,26.2.42,282252512.0,hand-written site; xml docs; homepage,2,http://www.essentialobjects.com/Products/WebBrowser/Default.aspx,,,,,lib/EO.Base.xml,,,,,http://www.essentialobjects.com/Products/WebBrowser/Default.aspx,,https://www.nuget.org/packages/EO.WebBrowser,
runtime.any.System.Text.Encoding.Extensions,4.3.0,281921543.0,hand-written site; homepage,2,https://dot.net/,,,,,,,,,,https://dot.net/,,https://www.nuget.org/packages/runtime.any.System.Text.Encoding.Extensions,
Microsoft.EntityFrameworkCore.Sqlite,10.0.11,281424157.0,hand-written site; homepage,2,https://docs.microsoft.com/ef/core/,,,,,,https://github.com/dotnet/efcore,,,,https://docs.microsoft.com/ef/core/,,https://www.nuget.org/packages/Microsoft.EntityFrameworkCore.Sqlite,
AWSSDK.Extensions.NETCore.Setup,4.0.101.2,279983966.0,xml docs; homepage,1,,,,,,lib/netstandard2.0/AWSSDK.Extensions.NETCore.Setup.xml,https://github.com/aws/aws-sdk-net,,,,https://github.com/aws/aws-sdk-net/,,https://www.nuget.org/packages/AWSSDK.Extensions.NETCore.Setup,
runtime.any.System.Diagnostics.Tracing,4.3.0,278628268.0,hand-written site; homepage,2,https://dot.net/,,,,,,,,,,https://dot.net/,,https://www.nuget.org/packages/runtime.any.System.Diagnostics.Tracing,
runtime.any.System.Reflection.Extensions,4.3.0,277454663.0,hand-written site; homepage,2,https://dot.net/,,,,,,,,,,https://dot.net/,,https://www.nuget.org/packages/runtime.any.System.Reflection.Extensions,
Microsoft.Owin,4.2.3,276350481.0,xml docs; homepage,1,,,,,,lib/net45/Microsoft.Owin.xml,https://github.com/aspnet/aspnetkatana,,,,https://github.com/aspnet/AspNetKatana,,https://www.nuget.org/packages/Microsoft.Owin,
Microsoft.AspNetCore.Mvc.Versioning,5.1.0,276129466.0,readme; xml docs; homepage,1,,,README.md,,,lib/net5.0/Microsoft.AspNetCore.Mvc.Versioning.xml,https://github.com/dotnet/aspnet-api-versioning,,,,https://github.com/dotnet/aspnet-api-versioning/wiki,,https://www.nuget.org/packages/Microsoft.AspNetCore.Mvc.Versioning,
Azure.Security.KeyVault.Certificates,4.9.1,275907447.0,readme; xml docs; homepage,1,,,README.md,,,lib/net10.0/Azure.Security.KeyVault.Certificates.xml,https://github.com/azure/azure-sdk-for-net,,,,https://github.com/Azure/azure-sdk-for-net/blob/Azure.Security.KeyVault.Certificates_4.9.0/sdk/keyvault/Azure.Security.KeyVault.Certificates/README.md,,https://www.nuget.org/packages/Azure.Security.KeyVault.Certificates,
Microsoft.AspNetCore.Components.Analyzers,10.0.11,275823296.0,hand-written site; homepage,2,https://asp.net/,,,,,,https://github.com/dotnet/aspnetcore,,,,https://asp.net/,,https://www.nuget.org/packages/Microsoft.AspNetCore.Components.Analyzers,
Microsoft.Extensions.DiagnosticAdapter,3.1.32,274938947.0,hand-written site; xml docs; homepage,2,https://asp.net/,,,,,lib/net461/Microsoft.Extensions.DiagnosticAdapter.xml,https://github.com/aspnet/extensions,,,,https://asp.net/,,https://www.nuget.org/packages/Microsoft.Extensions.DiagnosticAdapter,
Microsoft.NETCore.DotNetAppHost,10.0.11,274465058.0,hand-written site; homepage,2,https://dot.net/,,,,,,https://github.com/dotnet/runtime,,,,https://dot.net/,,https://www.nuget.org/packages/Microsoft.NETCore.DotNetAppHost,
Grpc.Core,2.46.6,274323779.0,xml docs; homepage,1,,,,,,lib/net45/Grpc.Core.xml,https://github.com/grpc/grpc,,,,https://github.com/grpc/grpc,,https://www.nuget.org/packages/Grpc.Core,
Grpc.AspNetCore.Server,2.83.0,273047127.0,readme; xml docs; homepage,1,,,README.md,,,lib/net10.0/Grpc.AspNetCore.Server.xml,https://github.com/grpc/grpc-dotnet,,,,https://github.com/grpc/grpc-dotnet,,https://www.nuget.org/packages/Grpc.AspNetCore.Server,
Bogus,35.6.5,272784207.0,xml docs; homepage,1,,,,,,lib/net40/Bogus.xml,https://github.com/bchavez/bogus,,,,https://github.com/bchavez/Bogus,,https://www.nuget.org/packages/Bogus,
Microsoft.AspNet.WebApi.WebHost,5.3.0,268678914.0,hand-written site; xml docs; homepage,2,https://www.asp.net/web-api,,,,,lib/net45/System.Web.Http.WebHost.xml,https://github.com/aspnet/aspnetwebstack,,,,https://www.asp.net/web-api,,https://www.nuget.org/packages/Microsoft.AspNet.WebApi.WebHost,
StyleCop.Analyzers,1.1.118,268596784.0,homepage,1,,,,,,,https://github.com/dotnetanalyzers/stylecopanalyzers,,,,https://github.com/DotNetAnalyzers/StyleCopAnalyzers,,https://www.nuget.org/packages/StyleCop.Analyzers,
Microsoft.AspNetCore.Http.Connections.Common,10.0.11,268115395.0,hand-written site; xml docs; homepage,2,https://asp.net/,,,,,lib/net10.0/Microsoft.AspNetCore.Http.Connections.Common.xml,https://github.com/dotnet/aspnetcore,,,,https://asp.net/,,https://www.nuget.org/packages/Microsoft.AspNetCore.Http.Connections.Common,
MessagePack.Annotations,3.1.8,266450785.0,xml docs; homepage,1,,,,,,lib/netstandard2.0/MessagePack.Annotations.xml,https://github.com/messagepack-csharp/messagepack-csharp,,,,https://github.com/MessagePack-CSharp/MessagePack-CSharp,,https://www.nuget.org/packages/MessagePack.Annotations,
Microsoft.AspNetCore.Server.Kestrel.Core,2.3.12,263753382.0,hand-written site; xml docs; homepage,2,https://asp.net/,,,,,lib/netstandard2.0/Microsoft.AspNetCore.Server.Kestrel.Core.xml,https://github.com/dotnet/aspnetcore,,,,https://asp.net/,,https://www.nuget.org/packages/Microsoft.AspNetCore.Server.Kestrel.Core,
protobuf-net,3.4.21,263687981.0,readme; xml docs; homepage,1,,,readme.md,,,lib/net462/protobuf-net.xml,https://github.com/protobuf-net/protobuf-net,,,,https://github.com/protobuf-net/protobuf-net,,https://www.nuget.org/packages/protobuf-net,
Microsoft.NET.Workload.Mono.ToolChain.Current.Manifest-9.0.100,9.0.19,262697233.0,hand-written site; homepage,2,https://dot.net/,,,,,,https://github.com/dotnet/runtime,,,,https://dot.net/,,https://www.nuget.org/packages/Microsoft.NET.Workload.Mono.ToolChain.Current.Manifest-9.0.100,
Confluent.Kafka,2.15.0,262692981.0,readme; xml docs; homepage,1,,,README.md,,,lib/net10.0/Confluent.Kafka.xml,https://github.com/confluentinc/confluent-kafka-dotnet,,,,https://github.com/confluentinc/confluent-kafka-dotnet/,,https://www.nuget.org/packages/Confluent.Kafka,
Microsoft.NET.Workload.Emscripten.Current.Manifest-9.0.100,9.0.19,262494695.0,homepage,1,,,,,,,https://github.com/dotnet/emsdk,,,,https://github.com/dotnet/emsdk,,https://www.nuget.org/packages/Microsoft.NET.Workload.Emscripten.Current.Manifest-9.0.100,
Microsoft.NET.Workload.Emscripten.net8.Manifest-9.0.100,9.0.19,262287313.0,homepage,1,,,,,,,https://github.com/dotnet/emsdk,,,,https://github.com/dotnet/emsdk,,https://www.nuget.org/packages/Microsoft.NET.Workload.Emscripten.net8.Manifest-9.0.100,
Microsoft.NET.Workload.Mono.ToolChain.net8.Manifest-9.0.100,9.0.19,262211310.0,hand-written site; homepage,2,https://dot.net/,,,,,,https://github.com/dotnet/runtime,,,,https://dot.net/,,https://www.nuget.org/packages/Microsoft.NET.Workload.Mono.ToolChain.net8.Manifest-9.0.100,
Microsoft.NET.Workload.Emscripten.net7.Manifest-9.0.100,9.0.19,261016475.0,homepage,1,,,,,,,https://github.com/dotnet/emsdk,,,,https://github.com/dotnet/emsdk,,https://www.nuget.org/packages/Microsoft.NET.Workload.Emscripten.net7.Manifest-9.0.100,
Microsoft.NET.Workload.Emscripten.net6.Manifest-9.0.100,9.0.19,261009223.0,homepage,1,,,,,,,https://github.com/dotnet/emsdk,,,,https://github.com/dotnet/emsdk,,https://www.nuget.org/packages/Microsoft.NET.Workload.Emscripten.net6.Manifest-9.0.100,
Microsoft.NET.Workload.Mono.ToolChain.net7.Manifest-9.0.100,9.0.19,260979894.0,hand-written site; homepage,2,https://dot.net/,,,,,,https://github.com/dotnet/runtime,,,,https://dot.net/,,https://www.nuget.org/packages/Microsoft.NET.Workload.Mono.ToolChain.net7.Manifest-9.0.100,
Microsoft.NET.Workload.Mono.ToolChain.net6.Manifest-9.0.100,9.0.19,260974356.0,hand-written site; homepage,2,https://dot.net/,,,,,,https://github.com/dotnet/runtime,,,,https://dot.net/,,https://www.nuget.org/packages/Microsoft.NET.Workload.Mono.ToolChain.net6.Manifest-9.0.100,
Microsoft.Build.Utilities.Core,18.9.6,259960708.0,hand-written site; readme; xml docs; homepage,2,https://go.microsoft.com/fwlink/?LinkId=624683,,README.md,,,lib/net10.0/Microsoft.Build.Utilities.Core.xml,https://github.com/dotnet/msbuild,,,,https://go.microsoft.com/fwlink/?LinkId=624683,,https://www.nuget.org/packages/Microsoft.Build.Utilities.Core,
jQuery,3.7.1,259944339.0,hand-written site; homepage,2,http://jquery.com/,,,,,,,,,,http://jquery.com/,,https://www.nuget.org/packages/jQuery,
MailKit,4.17.0,259687237.0,hand-written site; readme; xml docs; homepage,2,http://www.mimekit.net/,,docs/README.md,,,lib/net10.0/MailKit.xml,https://github.com/jstedfast/mailkit,,,,http://www.mimekit.net/,,https://www.nuget.org/packages/MailKit,
Microsoft.AspNetCore.StaticFiles,2.3.12,259121768.0,hand-written site; xml docs; homepage,2,https://asp.net/,,,,,lib/netstandard2.0/Microsoft.AspNetCore.StaticFiles.xml,https://github.com/dotnet/aspnetcore,,,,https://asp.net/,,https://www.nuget.org/packages/Microsoft.AspNetCore.StaticFiles,
System.DirectoryServices.Protocols,10.0.11,257723723.0,hand-written site; xml docs; homepage,2,https://dot.net/,,,,,lib/net10.0/System.DirectoryServices.Protocols.xml,https://github.com/dotnet/dotnet,,,,https://dot.net/,,https://www.nuget.org/packages/System.DirectoryServices.Protocols,
AWSSDK.DynamoDBv2,4.0.103.6,257706507.0,xml docs; homepage,1,,,,,,lib/net472/AWSSDK.DynamoDBv2.xml,https://github.com/aws/aws-sdk-net,,,,https://github.com/aws/aws-sdk-net/,,https://www.nuget.org/packages/AWSSDK.DynamoDBv2,
coverlet.msbuild,10.0.1,257689858.0,homepage,1,,,,,,,https://github.com/coverlet-coverage/coverlet,,,,https://github.com/coverlet-coverage/coverlet,,https://www.nuget.org/packages/coverlet.msbuild,
SixLabors.Fonts,3.1.0,257605242.0,xml docs; homepage,1,,,,,,lib/net8.0/SixLabors.Fonts.xml,https://github.com/sixlabors/fonts,,,,https://github.com/SixLabors/Fonts,,https://www.nuget.org/packages/SixLabors.Fonts,
ZstdSharp.Port,0.8.8,257444509.0,homepage,1,,,,,,,https://github.com/oleg-st/zstdsharp,,,,https://github.com/oleg-st/ZstdSharp,,https://www.nuget.org/packages/ZstdSharp.Port,
Microsoft.IdentityModel.Validators,8.22.0,257431077.0,readme; xml docs; homepage,1,,,README.md,,,lib/net10.0/Microsoft.IdentityModel.Validators.xml,https://github.com/azuread/azure-activedirectory-identitymodel-extensions-for-dotnet,,,,https://github.com/AzureAD/azure-activedirectory-identitymodel-extensions-for-dotnet,,https://www.nuget.org/packages/Microsoft.IdentityModel.Validators,
Microsoft.Spatial,9.0.0,257412510.0,hand-written site; readme; xml docs; homepage,2,https://odata.github.io/,,docs/README.md,,,lib/net10.0/Microsoft.Spatial.xml,,,,,https://odata.github.io/,,https://www.nuget.org/packages/Microsoft.Spatial,
System.Data.DataSetExtensions,4.5.0,257269835.0,hand-written site; homepage,2,https://dot.net/,,,,,,,,,,https://dot.net/,,https://www.nuget.org/packages/System.Data.DataSetExtensions,
Microsoft.Graph.Core,4.0.1,255891608.0,hand-written site; readme; xml docs; homepage,2,https://developer.microsoft.com/graph,,README.md,,,lib/net10.0/Microsoft.Graph.Core.xml,https://github.com/microsoftgraph/msgraph-sdk-dotnet-core,,,,https://developer.microsoft.com/graph,,https://www.nuget.org/packages/Microsoft.Graph.Core,
librdkafka.redist,2.15.0,255567295.0,readme; homepage,1,,,README.md,,,,https://github.com/confluentinc/librdkafka,,,,https://github.com/confluentinc/librdkafka,,https://www.nuget.org/packages/librdkafka.redist,
Microsoft.AspNetCore.Server.Kestrel.Https,2.3.12,254337753.0,hand-written site; xml docs; homepage,2,https://asp.net/,,,,,lib/netstandard2.0/Microsoft.AspNetCore.Server.Kestrel.Https.xml,https://github.com/dotnet/aspnetcore,,,,https://asp.net/,,https://www.nuget.org/packages/Microsoft.AspNetCore.Server.Kestrel.Https,
MySqlConnector,2.6.2,253495527.0,hand-written site; readme; xml docs; homepage,2,https://mysqlconnector.net/,,README.md,,,lib/net10.0/MySqlConnector.xml,https://github.com/mysql-net/mysqlconnector,,,,https://mysqlconnector.net/,,https://www.nuget.org/packages/MySqlConnector,
Microsoft.Testing.Platform,2.4.0,253487993.0,xml docs; homepage,1,,,,,,lib/net8.0/Microsoft.Testing.Platform.xml,https://github.com/microsoft/testfx,,,,https://github.com/microsoft/testfx,,https://www.nuget.org/packages/Microsoft.Testing.Platform,
System.Linq.Parallel,4.3.0,253373693.0,hand-written site; xml docs; homepage,2,https://dot.net/,,,,,ref/netcore50/System.Linq.Parallel.xml,,,,,https://dot.net/,,https://www.nuget.org/packages/System.Linq.Parallel,
runtime.any.System.Globalization.Calendars,4.3.0,252835015.0,hand-written site; homepage,2,https://dot.net/,,,,,,,,,,https://dot.net/,,https://www.nuget.org/packages/runtime.any.System.Globalization.Calendars,
NuGet.Common,7.9.0,252740119.0,hand-written site; readme; xml docs; homepage,2,https://aka.ms/nugetprj,,README.md,,,lib/net472/NuGet.Common.xml,https://github.com/nuget/nuget.client,,,,https://aka.ms/nugetprj,,https://www.nuget.org/packages/NuGet.Common,
CommandLineParser,2.9.1,252599852.0,readme; xml docs; homepage,1,,,README.md,,,lib/net40/CommandLine.xml,https://github.com/commandlineparser/commandline,,,,https://github.com/commandlineparser/commandline,,https://www.nuget.org/packages/CommandLineParser,
Microsoft.CodeAnalysis.Workspaces.MSBuild,5.9.0,250755402.0,xml docs; homepage,1,,,,,,lib/net10.0/Microsoft.CodeAnalysis.Workspaces.MSBuild.xml,https://github.com/dotnet/roslyn,,,,https://github.com/dotnet/roslyn,,https://www.nuget.org/packages/Microsoft.CodeAnalysis.Workspaces.MSBuild,
Microsoft.AspNetCore.Server.Kestrel.Transport.Abstractions,2.3.12,250708845.0,hand-written site; xml docs; homepage,2,https://asp.net/,,,,,lib/netstandard2.0/Microsoft.AspNetCore.Server.Kestrel.Transport.Abstractions.xml,https://github.com/dotnet/aspnetcore,,,,https://asp.net/,,https://www.nuget.org/packages/Microsoft.AspNetCore.Server.Kestrel.Transport.Abstractions,
AWSSDK.SecretsManager,4.0.100.12,250655668.0,xml docs; homepage,1,,,,,,lib/net472/AWSSDK.SecretsManager.xml,https://github.com/aws/aws-sdk-net,,,,https://github.com/aws/aws-sdk-net/,,https://www.nuget.org/packages/AWSSDK.SecretsManager,
Microsoft.Azure.KeyVault.Core,3.0.5,248971877.0,homepage,1,,,,,,,https://github.com/azure/azure-sdk-for-net,,,,https://github.com/Azure/azure-sdk-for-net,,https://www.nuget.org/packages/Microsoft.Azure.KeyVault.Core,
System.Resources.Reader,4.3.0,248889687.0,hand-written site; homepage,2,https://dot.net/,,,,,,,,,,https://dot.net/,,https://www.nuget.org/packages/System.Resources.Reader,
System.Net.Http.Json,10.0.11,248838105.0,hand-written site; xml docs; homepage,2,https://dot.net/,,,,,lib/net10.0/System.Net.Http.Json.xml,https://github.com/dotnet/dotnet,,,,https://dot.net/,,https://www.nuget.org/packages/System.Net.Http.Json,
Autofac.Extensions.DependencyInjection,11.0.2,247704162.0,hand-written site; readme; xml docs; homepage,2,https://autofac.org/,,README.md,,,lib/net10.0/Autofac.Extensions.DependencyInjection.xml,https://github.com/autofac/autofac.extensions.dependencyinjection,,,,https://autofac.org/,,https://www.nuget.org/packages/Autofac.Extensions.DependencyInjection,
SQLitePCLRaw.provider.e_sqlite3,3.0.5,246838647.0,,0,,,,,,,https://github.com/ericsink/sqlitepcl.raw,,,,,,https://www.nuget.org/packages/SQLitePCLRaw.provider.e_sqlite3,
Microsoft.Graph,6.6.0,245980963.0,hand-written site; readme; xml docs; homepage,2,https://developer.microsoft.com/graph,,README.md,,,lib/net10.0/Microsoft.Graph.xml,https://github.com/microsoftgraph/msgraph-sdk-dotnet,,,,https://developer.microsoft.com/graph,,https://www.nuget.org/packages/Microsoft.Graph,
NLog.Extensions.Logging,6.2.0,245445090.0,readme; xml docs; homepage,1,,,README.md,,,lib/net10.0/NLog.Extensions.Logging.xml,https://github.com/nlog/nlog.extensions.logging,,,,https://github.com/NLog/NLog.Extensions.Logging,,https://www.nuget.org/packages/NLog.Extensions.Logging,
NuGet.Packaging,7.9.0,242756187.0,hand-written site; readme; xml docs; homepage,2,https://aka.ms/nugetprj,,README.md,,,lib/net472/NuGet.Packaging.xml,https://github.com/nuget/nuget.client,,,,https://aka.ms/nugetprj,,https://www.nuget.org/packages/NuGet.Packaging,
MassTransit,9.2.1,239472895.0,hand-written site; xml docs; homepage,2,https://massient.com/,,,,,lib/net10.0/MassTransit.xml,https://github.com/massient/masstransit,,,,https://massient.com/,,https://www.nuget.org/packages/MassTransit,
Sendgrid,9.29.3,239197488.0,hand-written site; xml docs; homepage,2,https://sendgrid.com/,,,,,lib/net40/SendGrid.xml,https://github.com/sendgrid/sendgrid-csharp,,,,https://sendgrid.com/,,https://www.nuget.org/packages/Sendgrid,
runtime.any.System.Diagnostics.Tools,4.3.0,239001924.0,hand-written site; homepage,2,https://dot.net/,,,,,,,,,,https://dot.net/,,https://www.nuget.org/packages/runtime.any.System.Diagnostics.Tools,
Microsoft.VisualStudio.Web.CodeGeneration.Contracts,5.0.2,237967969.0,xml docs; homepage,1,,,,,,lib/net5.0/Microsoft.VisualStudio.Web.CodeGeneration.Contracts.xml,https://github.com/dotnet/scaffolding,,,,https://github.com/dotnet/Scaffolding,,https://www.nuget.org/packages/Microsoft.VisualStudio.Web.CodeGeneration.Contracts,
Microsoft.AspNetCore.SignalR.Protocols.Json,10.0.11,236964179.0,hand-written site; xml docs; homepage,2,https://asp.net/,,,,,lib/net10.0/Microsoft.AspNetCore.SignalR.Protocols.Json.xml,https://github.com/dotnet/aspnetcore,,,,https://asp.net/,,https://www.nuget.org/packages/Microsoft.AspNetCore.SignalR.Protocols.Json,
System.DirectoryServices,10.0.11,236104840.0,hand-written site; xml docs; homepage,2,https://dot.net/,,,,,lib/net10.0/System.DirectoryServices.xml,https://github.com/dotnet/dotnet,,,,https://dot.net/,,https://www.nuget.org/packages/System.DirectoryServices,
runtime.unix.System.Private.Uri,4.3.2,235685759.0,hand-written site; homepage,2,https://dot.net/,,,,,,,,,,https://dot.net/,,https://www.nuget.org/packages/runtime.unix.System.Private.Uri,
Microsoft.Bcl.Cryptography,10.0.11,235541384.0,hand-written site; xml docs; homepage,2,https://dot.net/,,,,,lib/net10.0/Microsoft.Bcl.Cryptography.xml,https://github.com/dotnet/runtime,,,,https://dot.net/,,https://www.nuget.org/packages/Microsoft.Bcl.Cryptography,
NuGet.Configuration,7.9.0,234751540.0,hand-written site; readme; xml docs; homepage,2,https://aka.ms/nugetprj,,README.md,,,lib/net472/NuGet.Configuration.xml,https://github.com/nuget/nuget.client,,,,https://aka.ms/nugetprj,,https://www.nuget.org/packages/NuGet.Configuration,
Microsoft.OData.Edm,9.0.0,234504118.0,hand-written site; readme; xml docs; homepage,2,https://odata.github.io/,,docs/README.md,,,lib/net10.0/Microsoft.OData.Edm.xml,,,,,https://odata.github.io/,,https://www.nuget.org/packages/Microsoft.OData.Edm,
Microsoft.AspNetCore.Razor.Design,2.3.0,234459901.0,hand-written site; homepage,2,https://asp.net/,,,,,,https://github.com/dotnet/aspnetcore,,,,https://asp.net/,,https://www.nuget.org/packages/Microsoft.AspNetCore.Razor.Design,
Microsoft.NETCore.Runtime.CoreCLR,2.0.8,233927111.0,hand-written site; homepage,2,https://dot.net/,,,,,,,,,,https://dot.net/,,https://www.nuget.org/packages/Microsoft.NETCore.Runtime.CoreCLR,
System.Net.NetworkInformation,4.3.0,233736652.0,hand-written site; xml docs; homepage,2,https://dot.net/,,,,,ref/netcore50/System.Net.NetworkInformation.xml,,,,,https://dot.net/,,https://www.nuget.org/packages/System.Net.NetworkInformation,
Microsoft.Testing.Extensions.TrxReport.Abstractions,2.4.0,233112681.0,xml docs; homepage,1,,,,,,lib/net8.0/Microsoft.Testing.Extensions.TrxReport.Abstractions.xml,https://github.com/microsoft/testfx,,,,https://github.com/microsoft/testfx,,https://www.nuget.org/packages/Microsoft.Testing.Extensions.TrxReport.Abstractions,
SkiaSharp.NativeAssets.Win32,4.151.2,232662012.0,hand-written site; readme; homepage,2,https://go.microsoft.com/fwlink/?linkid=868515,,README.md,,,,,,,,https://go.microsoft.com/fwlink/?linkid=868515,,https://www.nuget.org/packages/SkiaSharp.NativeAssets.Win32,
NetTopologySuite,2.6.0,232112064.0,xml docs,0,,,,,,lib/netstandard2.0/NetTopologySuite.xml,https://github.com/nettopologysuite/nettopologysuite,,,,,,https://www.nuget.org/packages/NetTopologySuite,
SkiaSharp.NativeAssets.macOS,4.151.2,231600056.0,hand-written site; readme; homepage,2,https://go.microsoft.com/fwlink/?linkid=868515,,README.md,,,,,,,,https://go.microsoft.com/fwlink/?linkid=868515,,https://www.nuget.org/packages/SkiaSharp.NativeAssets.macOS,
Microsoft.Bcl.TimeProvider,10.0.11,231523121.0,hand-written site; xml docs; homepage,2,https://dot.net/,,,,,lib/net462/Microsoft.Bcl.TimeProvider.xml,https://github.com/dotnet/runtime,,,,https://dot.net/,,https://www.nuget.org/packages/Microsoft.Bcl.TimeProvider,
Microsoft.Testing.Platform.MSBuild,2.4.0,230661104.0,xml docs; homepage,1,,,,,,lib/net8.0/Microsoft.Testing.Extensions.MSBuild.xml,https://github.com/microsoft/testfx,,,,https://github.com/microsoft/testfx,,https://www.nuget.org/packages/Microsoft.Testing.Platform.MSBuild,
Microsoft.AspNet.WebApi,5.3.0,230389498.0,hand-written site; homepage,2,https://www.asp.net/web-api,,,,,,https://github.com/aspnet/aspnetwebstack,,,,https://www.asp.net/web-api,,https://www.nuget.org/packages/Microsoft.AspNet.WebApi,
Google.Api.CommonProtos,2.17.0,229842743.0,xml docs; homepage,1,,,,,,lib/net461/Google.Api.CommonProtos.xml,https://github.com/googleapis/gax-dotnet,,,,https://github.com/googleapis/gax-dotnet,,https://www.nuget.org/packages/Google.Api.CommonProtos,
NewRelic.Agent.Api,10.54.0,229468508.0,hand-written site; readme; homepage,2,https://docs.newrelic.com/docs/apm/agents/net-agent/net-agent-api/guide-using-net-agent-api,,README.md,,,,https://github.com/newrelic/newrelic-dotnet-agent,,,,https://docs.newrelic.com/docs/apm/agents/net-agent/net-agent-api/guide-using-net-agent-api,,https://www.nuget.org/packages/NewRelic.Agent.Api,
Serilog.Enrichers.Thread,4.0.0,227419516.0,hand-written site; readme; xml docs; homepage,2,http://serilog.net/,,README.md,,,lib/net462/Serilog.Enrichers.Thread.xml,https://github.com/serilog/serilog-enrichers-thread,,,,http://serilog.net/,,https://www.nuget.org/packages/Serilog.Enrichers.Thread,
AWSSDK.SimpleNotificationService,4.0.100.12,224351312.0,xml docs; homepage,1,,,,,,lib/net472/AWSSDK.SimpleNotificationService.xml,https://github.com/aws/aws-sdk-net,,,,https://github.com/aws/aws-sdk-net/,,https://www.nuget.org/packages/AWSSDK.SimpleNotificationService,
runtime.any.System.Threading.Timer,4.3.0,224023827.0,hand-written site; homepage,2,https://dot.net/,,,,,,,,,,https://dot.net/,,https://www.nuget.org/packages/runtime.any.System.Threading.Timer,
Remotion.Linq,2.2.0,223809172.0,hand-written site; xml docs; homepage,2,https://relinq.codeplex.com/,,,,,lib/net35/Remotion.Linq.XML,,,,,https://relinq.codeplex.com/,,https://www.nuget.org/packages/Remotion.Linq,
Microsoft.AspNetCore.OpenApi,10.0.11,223106550.0,hand-written site; xml docs; homepage,2,https://asp.net/,,,,,lib/net10.0/Microsoft.AspNetCore.OpenApi.xml,https://github.com/dotnet/aspnetcore,,,,https://asp.net/,,https://www.nuget.org/packages/Microsoft.AspNetCore.OpenApi,
System.Net.WebSockets.Client,4.3.2,221907814.0,hand-written site; homepage,2,https://dot.net/,,,,,,,,,,https://dot.net/,,https://www.nuget.org/packages/System.Net.WebSockets.Client,
Microsoft.Azure.WebJobs.Extensions,5.2.1,221625903.0,homepage,1,,,,,,,https://github.com/azure/azure-webjobs-sdk-extensions,,,,https://github.com/Azure/azure-webjobs-sdk-extensions,,https://www.nuget.org/packages/Microsoft.Azure.WebJobs.Extensions,
Serilog.Sinks.Async,2.1.0,221133684.0,hand-written site; readme; xml docs; homepage,2,https://serilog.net/,,README.md,,,lib/net462/Serilog.Sinks.Async.xml,https://github.com/serilog/serilog-sinks-async,,,,https://serilog.net/,,https://www.nuget.org/packages/Serilog.Sinks.Async,
Azure.Storage.Queues,12.27.1,220909565.0,readme; xml docs; homepage,1,,,README.md,,,lib/net10.0/Azure.Storage.Queues.xml,https://github.com/azure/azure-sdk-for-net,,,,https://github.com/Azure/azure-sdk-for-net/blob/Azure.Storage.Queues_12.27.1/sdk/storage/Azure.Storage.Queues/README.md,,https://www.nuget.org/packages/Azure.Storage.Queues,
Microsoft.AspNetCore.Authentication.Google,10.0.11,220577657.0,hand-written site; xml docs; homepage,2,https://asp.net/,,,,,lib/net10.0/Microsoft.AspNetCore.Authentication.Google.xml,https://github.com/dotnet/aspnetcore,,,,https://asp.net/,,https://www.nuget.org/packages/Microsoft.AspNetCore.Authentication.Google,
Microsoft.Identity.Web,4.14.2,220570309.0,readme; xml docs; homepage,1,,,README.md,,,lib/net10.0/Microsoft.Identity.Web.xml,https://github.com/azuread/microsoft-identity-web,,,,https://github.com/AzureAD/microsoft-identity-web,,https://www.nuget.org/packages/Microsoft.Identity.Web,
AWSSDK.SimpleSystemsManagement,4.0.103.7,219948609.0,xml docs; homepage,1,,,,,,lib/net472/AWSSDK.SimpleSystemsManagement.xml,https://github.com/aws/aws-sdk-net,,,,https://github.com/aws/aws-sdk-net/,,https://www.nuget.org/packages/AWSSDK.SimpleSystemsManagement,
Microsoft.Azure.Cosmos,3.62.1,219909070.0,xml docs; homepage,1,,,,,,lib/netstandard2.0/Microsoft.Azure.Cosmos.Client.xml,https://github.com/azure/azure-cosmos-dotnet-v3,,,,https://github.com/Azure/azure-cosmos-dotnet-v3,,https://www.nuget.org/packages/Microsoft.Azure.Cosmos,
runtime.unix.System.Runtime.Extensions,4.3.1,216702044.0,hand-written site; homepage,2,https://dot.net/,,,,,,,,,,https://dot.net/,,https://www.nuget.org/packages/runtime.unix.System.Runtime.Extensions,
runtime.unix.System.Diagnostics.Debug,4.3.0,215825426.0,hand-written site; homepage,2,https://dot.net/,,,,,,,,,,https://dot.net/,,https://www.nuget.org/packages/runtime.unix.System.Diagnostics.Debug,
System.Spatial,5.8.5,215144037.0,hand-written site; xml docs; homepage,2,https://odata.github.io/,,,,,lib/net40/System.Spatial.xml,,,,,https://odata.github.io/,,https://www.nuget.org/packages/System.Spatial,
Microsoft.NET.Sdk.iOS.Manifest-9.0.100,26.5.9004,215077163.0,hand-written site; homepage,2,https://dot.net/,,,,,,https://github.com/dotnet/macios,,,,https://dot.net/,,https://www.nuget.org/packages/Microsoft.NET.Sdk.iOS.Manifest-9.0.100,
Microsoft.OData.Core,9.0.0,214289679.0,hand-written site; readme; xml docs; homepage,2,https://odata.github.io/,,docs/README.md,,,lib/net10.0/Microsoft.OData.Core.xml,,,,,https://odata.github.io/,,https://www.nuget.org/packages/Microsoft.OData.Core,
Microsoft.AspNetCore.Server.Kestrel.Transport.Sockets,2.3.12,214078250.0,hand-written site; xml docs; homepage,2,https://asp.net/,,,,,lib/netstandard2.0/Microsoft.AspNetCore.Server.Kestrel.Transport.Sockets.xml,https://github.com/dotnet/aspnetcore,,,,https://asp.net/,,https://www.nuget.org/packages/Microsoft.AspNetCore.Server.Kestrel.Transport.Sockets,
Microsoft.NETCore.Jit,2.0.8,213937940.0,hand-written site; homepage,2,https://dot.net/,,,,,,,,,,https://dot.net/,,https://www.nuget.org/packages/Microsoft.NETCore.Jit,
Microsoft.NET.Sdk.Android.Manifest-9.0.100,35.0.105,213486845.0,hand-written site; homepage,2,https://dot.net/,,,,,,https://github.com/dotnet/android,,,,https://dot.net/,,https://www.nuget.org/packages/Microsoft.NET.Sdk.Android.Manifest-9.0.100,
Microsoft.NET.Sdk.MacCatalyst.Manifest-9.0.100,26.5.9004,213431954.0,hand-written site; homepage,2,https://dot.net/,,,,,,https://github.com/dotnet/macios,,,,https://dot.net/,,https://www.nuget.org/packages/Microsoft.NET.Sdk.MacCatalyst.Manifest-9.0.100,
Microsoft.NET.Sdk.macOS.Manifest-9.0.100,26.5.9004,213388692.0,hand-written site; homepage,2,https://dot.net/,,,,,,https://github.com/dotnet/macios,,,,https://dot.net/,,https://www.nuget.org/packages/Microsoft.NET.Sdk.macOS.Manifest-9.0.100,
Microsoft.NET.Sdk.tvOS.Manifest-9.0.100,26.5.9004,213330765.0,hand-written site; homepage,2,https://dot.net/,,,,,,https://github.com/dotnet/macios,,,,https://dot.net/,,https://www.nuget.org/packages/Microsoft.NET.Sdk.tvOS.Manifest-9.0.100,
Microsoft.NET.Sdk.Maui.Manifest-9.0.100,9.0.120,213314335.0,readme; homepage,1,,,README.md,,,,https://github.com/dotnet/maui,,,,https://github.com/dotnet/maui,,https://www.nuget.org/packages/Microsoft.NET.Sdk.Maui.Manifest-9.0.100,
ClosedXML,0.105.1,212957537.0,xml docs; homepage,1,,,,,,lib/netstandard2.0/ClosedXML.xml,https://github.com/closedxml/closedxml,,,,https://github.com/ClosedXML/ClosedXML,,https://www.nuget.org/packages/ClosedXML,
Microsoft.Testing.Extensions.Telemetry,2.4.0,212942155.0,xml docs; homepage,1,,,,,,lib/net8.0/Microsoft.Testing.Extensions.Telemetry.xml,https://github.com/microsoft/testfx,,,,https://github.com/microsoft/testfx,,https://www.nuget.org/packages/Microsoft.Testing.Extensions.Telemetry,
Microsoft.AspNetCore.Mvc.WebApiCompatShim,2.3.12,211871623.0,hand-written site; xml docs; homepage,2,https://asp.net/,,,,,lib/netstandard2.0/Microsoft.AspNetCore.Mvc.WebApiCompatShim.xml,https://github.com/dotnet/aspnetcore,,,,https://asp.net/,,https://www.nuget.org/packages/Microsoft.AspNetCore.Mvc.WebApiCompatShim,
Libuv,1.10.0,211751299.0,,0,,,,,,,,,,,,,https://www.nuget.org/packages/Libuv,
Microsoft.Azure.WebJobs.Extensions.Http,3.3.0,211703342.0,homepage,1,,,,,,,https://github.com/azure/azure-webjobs-sdk-extensions,,,,https://github.com/Azure/azure-webjobs-sdk-extensions,,https://www.nuget.org/packages/Microsoft.Azure.WebJobs.Extensions.Http,
Microsoft.Data.Edm,5.8.5,210880555.0,hand-written site; xml docs; homepage,2,https://odata.github.io/,,,,,lib/net40/Microsoft.Data.Edm.xml,,,,,https://odata.github.io/,,https://www.nuget.org/packages/Microsoft.Data.Edm,
Microsoft.Data.OData,5.8.5,209879088.0,hand-written site; xml docs; homepage,2,https://odata.github.io/,,,,,lib/net40/Microsoft.Data.OData.xml,,,,,https://odata.github.io/,,https://www.nuget.org/packages/Microsoft.Data.OData,
Microsoft.AspNetCore.Diagnostics,2.3.12,209103967.0,hand-written site; xml docs; homepage,2,https://asp.net/,,,,,lib/netstandard2.0/Microsoft.AspNetCore.Diagnostics.xml,https://github.com/dotnet/aspnetcore,,,,https://asp.net/,,https://www.nuget.org/packages/Microsoft.AspNetCore.Diagnostics,
Microsoft.Azure.KeyVault,3.0.5,208602736.0,readme; homepage,1,,,README.md,,,,https://github.com/azure/azure-sdk-for-net,,,,https://github.com/Azure/azure-sdk-for-net/blob/99f52a3417df5d3023d10997cb20e7499207e976/sdk/keyvault/Microsoft.Azure.KeyVault/README.md,,https://www.nuget.org/packages/Microsoft.Azure.KeyVault,
Microsoft.NET.Sdk.Functions,4.6.0,208453518.0,homepage,1,,,,,,,https://github.com/azure/azure-functions-vs-build-sdk,,,,https://github.com/Azure/azure-functions-vs-build-sdk,,https://www.nuget.org/packages/Microsoft.NET.Sdk.Functions,
Microsoft.AspNetCore.Server.IISIntegration,2.3.12,208373015.0,hand-written site; xml docs; homepage,2,https://asp.net/,,,,,lib/netstandard2.0/Microsoft.AspNetCore.Server.IISIntegration.xml,https://github.com/dotnet/aspnetcore,,,,https://asp.net/,,https://www.nuget.org/packages/Microsoft.AspNetCore.Server.IISIntegration,
Microsoft.Owin.Security,4.2.3,207702075.0,xml docs; homepage,1,,,,,,lib/net45/Microsoft.Owin.Security.xml,https://github.com/aspnet/aspnetkatana,,,,https://github.com/aspnet/AspNetKatana,,https://www.nuget.org/packages/Microsoft.Owin.Security,
Microsoft.Azure.Functions.Worker.ProjectTemplates,4.0.5590,206837891.0,hand-written site; homepage,2,https://go.microsoft.com/fwlink/?linkid=848145,,,,,,https://github.com/azure/azure-functions-templates,,,,https://go.microsoft.com/fwlink/?linkid=848145,,https://www.nuget.org/packages/Microsoft.Azure.Functions.Worker.ProjectTemplates,
Nito.Disposables,2.5.0,206733789.0,readme; xml docs; homepage,1,,,README.md,,,lib/net461/Nito.Disposables.xml,https://github.com/stephencleary/disposables,,,,https://github.com/StephenCleary/Disposables,,https://www.nuget.org/packages/Nito.Disposables,
Grpc.AspNetCore.Server.ClientFactory,2.83.0,206624379.0,xml docs; homepage,1,,,,,,lib/net10.0/Grpc.AspNetCore.Server.ClientFactory.xml,https://github.com/grpc/grpc-dotnet,,,,https://github.com/grpc/grpc-dotnet,,https://www.nuget.org/packages/Grpc.AspNetCore.Server.ClientFactory,
NSwag.Core,14.7.1,206403703.0,hand-written site; xml docs; homepage,2,http://nswag.org/,,,,,lib/net462/NSwag.Core.xml,https://github.com/ricosuter/nswag,,,,http://nswag.org/,,https://www.nuget.org/packages/NSwag.Core,
EPPlus,8.7.0,205686930.0,hand-written site; readme; xml docs; homepage,2,https://epplussoftware.com/,,readme.md,,,lib/net10.0/EPPlus.xml,https://github.com/epplussoftware/epplus,,,,https://epplussoftware.com/,,https://www.nuget.org/packages/EPPlus,
ncrontab.signed,3.4.0,205368798.0,readme; xml docs; homepage,1,,,README.md,,,lib/net35/NCrontab.Signed.xml,https://github.com/atifaziz/ncrontab,,,,https://github.com/atifaziz/NCrontab,,https://www.nuget.org/packages/ncrontab.signed,
Microsoft.Azure.KeyVault.WebKey,3.0.5,205295974.0,homepage,1,,,,,,,https://github.com/azure/azure-sdk-for-net,,,,https://github.com/Azure/azure-sdk-for-net,,https://www.nuget.org/packages/Microsoft.Azure.KeyVault.WebKey,
Microsoft.AspNetCore.HttpOverrides,2.3.12,204454654.0,hand-written site; xml docs; homepage,2,https://asp.net/,,,,,lib/netstandard2.0/Microsoft.AspNetCore.HttpOverrides.xml,https://github.com/dotnet/aspnetcore,,,,https://asp.net/,,https://www.nuget.org/packages/Microsoft.AspNetCore.HttpOverrides,
Microsoft.VisualBasic,10.3.0,204254329.0,hand-written site; xml docs; homepage,2,https://dot.net/,,,,,ref/netcore50/Microsoft.VisualBasic.xml,,,,,https://dot.net/,,https://www.nuget.org/packages/Microsoft.VisualBasic,
Microsoft.NETCore.App.Runtime.linux-x64,10.0.11,203449197.0,hand-written site; homepage,2,https://dot.net/,,,,,,https://github.com/dotnet/dotnet,,,,https://dot.net/,,https://www.nuget.org/packages/Microsoft.NETCore.App.Runtime.linux-x64,
Snappier,1.3.1,202700490.0,hand-written site; readme; xml docs; homepage,2,https://brantburnett.github.io/Snappier/,,README.md,,,lib/net472/Snappier.xml,https://github.com/brantburnett/snappier,,,,https://brantburnett.github.io/Snappier/,,https://www.nuget.org/packages/Snappier,
Microsoft.Identity.Web.TokenCache,4.14.2,202605853.0,readme; xml docs; homepage,1,,,README.md,,,lib/net10.0/Microsoft.Identity.Web.TokenCache.xml,https://github.com/azuread/microsoft-identity-web,,,,https://github.com/AzureAD/microsoft-identity-web,,https://www.nuget.org/packages/Microsoft.Identity.Web.TokenCache,
Grpc.AspNetCore,2.83.0,202474910.0,readme; homepage,1,,,README.md,,,,https://github.com/grpc/grpc-dotnet,,,,https://github.com/grpc/grpc-dotnet,,https://www.nuget.org/packages/Grpc.AspNetCore,
Google.Api.Gax.Rest,4.15.0,202084401.0,xml docs; homepage,1,,,,,,lib/net462/Google.Api.Gax.Rest.xml,https://github.com/googleapis/gax-dotnet,,,,https://github.com/googleapis/gax-dotnet,,https://www.nuget.org/packages/Google.Api.Gax.Rest,
Microsoft.AspNetCore.App.Runtime.linux-x64,10.0.11,200283900.0,hand-written site; homepage,2,https://asp.net/,,,,,,https://github.com/dotnet/dotnet,,,,https://asp.net/,,https://www.nuget.org/packages/Microsoft.AspNetCore.App.Runtime.linux-x64,
Microsoft.Extensions.Features,10.0.11,199998854.0,hand-written site; xml docs; homepage,2,https://asp.net/,,,,,lib/net10.0/Microsoft.Extensions.Features.xml,https://github.com/dotnet/aspnetcore,,,,https://asp.net/,,https://www.nuget.org/packages/Microsoft.Extensions.Features,
Microsoft.Identity.Web.Certificate,4.14.2,199656555.0,readme; xml docs; homepage,1,,,README.md,,,lib/net10.0/Microsoft.Identity.Web.Certificate.xml,https://github.com/azuread/microsoft-identity-web,,,,https://github.com/AzureAD/microsoft-identity-web,,https://www.nuget.org/packages/Microsoft.Identity.Web.Certificate,
System.Threading.RateLimiting,10.0.11,198907176.0,hand-written site; xml docs; homepage,2,https://dot.net/,,,,,lib/net10.0/System.Threading.RateLimiting.xml,https://github.com/dotnet/dotnet,,,,https://dot.net/,,https://www.nuget.org/packages/System.Threading.RateLimiting,
Microsoft.NETCore.Windows.ApiSets,1.0.1,197305059.0,hand-written site; homepage,2,https://dot.net/,,,,,,,,,,https://dot.net/,,https://www.nuget.org/packages/Microsoft.NETCore.Windows.ApiSets,
Microsoft.Azure.WebJobs.Host.Storage,5.0.2,197144756.0,readme; homepage,1,,,README.md,,,,https://github.com/azure/azure-webjobs-sdk,,,,https://github.com/Azure/azure-webjobs-sdk,,https://www.nuget.org/packages/Microsoft.Azure.WebJobs.Host.Storage,
Microsoft.AspNetCore.Authentication.Cookies,2.3.12,196547016.0,hand-written site; xml docs; homepage,2,https://asp.net/,,,,,lib/netstandard2.0/Microsoft.AspNetCore.Authentication.Cookies.xml,https://github.com/dotnet/aspnetcore,,,,https://asp.net/,,https://www.nuget.org/packages/Microsoft.AspNetCore.Authentication.Cookies,
Swashbuckle.AspNetCore.Newtonsoft,10.2.3,196494339.0,xml docs; homepage,1,,,,,,lib/net10.0/Swashbuckle.AspNetCore.Newtonsoft.xml,https://github.com/domaindrivendev/swashbuckle.aspnetcore,,,,https://github.com/domaindrivendev/Swashbuckle.AspNetCore,,https://www.nuget.org/packages/Swashbuckle.AspNetCore.Newtonsoft,
runtime.unix.System.IO.FileSystem,4.3.0,196464069.0,hand-written site; homepage,2,https://dot.net/,,,,,,,,,,https://dot.net/,,https://www.nuget.org/packages/runtime.unix.System.IO.FileSystem,
Microsoft.NET.Sdk.iOS.Manifest-7.0.100,16.4.7142,196287656.0,,0,,,,,,,https://github.com/xamarin/xamarin-macios,,,,,,https://www.nuget.org/packages/Microsoft.NET.Sdk.iOS.Manifest-7.0.100,
Microsoft.NET.Workload.Mono.ToolChain.net7.Manifest-7.0.100,7.0.20,195441256.0,hand-written site; homepage,2,https://dot.net/,,,,,,https://github.com/dotnet/runtime,,,,https://dot.net/,,https://www.nuget.org/packages/Microsoft.NET.Workload.Mono.ToolChain.net7.Manifest-7.0.100,
Microsoft.NET.Workload.Mono.ToolChain.net6.Manifest-7.0.100,7.0.20,195430968.0,hand-written site; homepage,2,https://dot.net/,,,,,,https://github.com/dotnet/runtime,,,,https://dot.net/,,https://www.nuget.org/packages/Microsoft.NET.Workload.Mono.ToolChain.net6.Manifest-7.0.100,
Microsoft.NET.Workload.Emscripten.net6.Manifest-7.0.100,7.0.20,195330609.0,homepage,1,,,,,,,https://github.com/dotnet/emsdk,,,,https://github.com/dotnet/emsdk,,https://www.nuget.org/packages/Microsoft.NET.Workload.Emscripten.net6.Manifest-7.0.100,
Microsoft.NET.Workload.Emscripten.net7.Manifest-7.0.100,7.0.20,195272069.0,homepage,1,,,,,,,https://github.com/dotnet/emsdk,,,,https://github.com/dotnet/emsdk,,https://www.nuget.org/packages/Microsoft.NET.Workload.Emscripten.net7.Manifest-7.0.100,
Microsoft.NET.Sdk.macOS.Manifest-7.0.100,13.3.7142,195092188.0,,0,,,,,,,https://github.com/xamarin/xamarin-macios,,,,,,https://www.nuget.org/packages/Microsoft.NET.Sdk.macOS.Manifest-7.0.100,
Microsoft.NET.Sdk.MacCatalyst.Manifest-7.0.100,16.4.7142,195058211.0,,0,,,,,,,https://github.com/xamarin/xamarin-macios,,,,,,https://www.nuget.org/packages/Microsoft.NET.Sdk.MacCatalyst.Manifest-7.0.100,
ExcelNumberFormat,1.1.0,195013448.0,xml docs; homepage,1,,,,,,lib/net20/ExcelNumberFormat.xml,https://github.com/andersnm/excelnumberformat,,,,https://github.com/andersnm/ExcelNumberFormat,,https://www.nuget.org/packages/ExcelNumberFormat,
Microsoft.NET.Sdk.Maui.Manifest-7.0.100,7.0.101,194926542.0,,0,,,,,,,https://github.com/dotnet/maui,,,,,,https://www.nuget.org/packages/Microsoft.NET.Sdk.Maui.Manifest-7.0.100,
Microsoft.NET.Sdk.tvOS.Manifest-7.0.100,16.4.7142,194849430.0,,0,,,,,,,https://github.com/xamarin/xamarin-macios,,,,,,https://www.nuget.org/packages/Microsoft.NET.Sdk.tvOS.Manifest-7.0.100,
Microsoft.NET.Sdk.Android.Manifest-7.0.100,33.0.95,194770454.0,,0,,,,,,,https://github.com/xamarin/xamarin-android,,,,,,https://www.nuget.org/packages/Microsoft.NET.Sdk.Android.Manifest-7.0.100,
Microsoft.Owin.Host.SystemWeb,4.2.3,193881481.0,xml docs; homepage,1,,,,,,lib/net45/Microsoft.Owin.Host.SystemWeb.xml,https://github.com/aspnet/aspnetkatana,,,,https://github.com/aspnet/AspNetKatana,,https://www.nuget.org/packages/Microsoft.Owin.Host.SystemWeb,
Microsoft.NETCore.App.Host.linux-x64,10.0.11,192832396.0,hand-written site; homepage,2,https://dot.net/,,,,,,https://github.com/dotnet/dotnet,,,,https://dot.net/,,https://www.nuget.org/packages/Microsoft.NETCore.App.Host.linux-x64,
Microsoft.Build.Tasks.Core,18.9.6,192083577.0,hand-written site; readme; xml docs; homepage,2,https://go.microsoft.com/fwlink/?LinkId=624683,,README.md,,,lib/net10.0/Microsoft.Build.Tasks.Core.xml,https://github.com/dotnet/msbuild,,,,https://go.microsoft.com/fwlink/?LinkId=624683,,https://www.nuget.org/packages/Microsoft.Build.Tasks.Core,
WebGrease,1.6.0,191883140.0,hand-written site; homepage,2,https://webgrease.codeplex.com/,,,,,,,,,,https://webgrease.codeplex.com/,,https://www.nuget.org/packages/WebGrease,
Nito.AsyncEx.Tasks,5.1.2,191447213.0,xml docs; homepage,1,,,,,,lib/net461/Nito.AsyncEx.Tasks.xml,https://github.com/stephencleary/asyncex,,,,https://github.com/StephenCleary/AsyncEx,,https://www.nuget.org/packages/Nito.AsyncEx.Tasks,
Microsoft.DotNet.InternalAbstractions,1.0.0,190177082.0,,0,,,,,,,,,,,,,https://www.nuget.org/packages/Microsoft.DotNet.InternalAbstractions,
Microsoft.Identity.Web.Certificateless,4.14.2,188923528.0,readme; xml docs; homepage,1,,,README.md,,,lib/net8.0/Microsoft.Identity.Web.Certificateless.xml,https://github.com/azuread/microsoft-identity-web,,,,https://github.com/AzureAD/microsoft-identity-web,,https://www.nuget.org/packages/Microsoft.Identity.Web.Certificateless,
System.ComponentModel.Composition,2010.2.11.1,188709201.0,xml docs,0,,,,,,lib/net35/System.ComponentModel.Composition.xml,https://github.com/dotnet/dotnet,,,,,,https://www.nuget.org/packages/System.ComponentModel.Composition,
Microsoft.IdentityModel.Tokens.Saml,8.22.0,188679751.0,readme; xml docs; homepage,1,,,README.md,,,lib/net10.0/Microsoft.IdentityModel.Tokens.Saml.xml,https://github.com/azuread/azure-activedirectory-identitymodel-extensions-for-dotnet,,,,https://github.com/AzureAD/azure-activedirectory-identitymodel-extensions-for-dotnet,,https://www.nuget.org/packages/Microsoft.IdentityModel.Tokens.Saml,
Refit,15.2.0,188675884.0,readme; xml docs; homepage,1,,,README.md,,,lib/net10.0/Refit.xml,https://github.com/reactiveui/refit,,,,https://github.com/reactiveui/refit,,https://www.nuget.org/packages/Refit,
Amazon.Lambda.Core,3.3.0,188472905.0,readme; xml docs; homepage,1,,,README.md,,,lib/net10.0/Amazon.Lambda.Core.xml,https://github.com/aws/aws-lambda-dotnet,,,,https://github.com/aws/aws-lambda-dotnet,,https://www.nuget.org/packages/Amazon.Lambda.Core,
Hangfire.AspNetCore,1.8.25,188006518.0,hand-written site; xml docs; homepage,2,https://www.hangfire.io/,,,,,lib/net451/Hangfire.AspNetCore.xml,https://github.com/hangfireio/hangfire,,,,https://www.hangfire.io/,,https://www.nuget.org/packages/Hangfire.AspNetCore,
NEST,7.17.5,187877715.0,xml docs; homepage,1,,,,,,lib/net461/Nest.xml,https://github.com/elastic/elasticsearch-net,,,,https://github.com/elastic/elasticsearch-net,,https://www.nuget.org/packages/NEST,
Microsoft.IdentityModel.Xml,8.22.0,187864335.0,readme; xml docs; homepage,1,,,README.md,,,lib/net10.0/Microsoft.IdentityModel.Xml.xml,https://github.com/azuread/azure-activedirectory-identitymodel-extensions-for-dotnet,,,,https://github.com/AzureAD/azure-activedirectory-identitymodel-extensions-for-dotnet,,https://www.nuget.org/packages/Microsoft.IdentityModel.Xml,
Microsoft.NET.Sdk.Aspire.Manifest-8.0.100.Msi.x64,8.2.2,187479959.0,homepage,1,,,,,,,https://github.com/dotnet/aspire,,,,https://github.com/dotnet/aspire,,https://www.nuget.org/packages/Microsoft.NET.Sdk.Aspire.Manifest-8.0.100.Msi.x64,
Microsoft.AspNetCore,2.3.12,186871976.0,hand-written site; xml docs; homepage,2,https://asp.net/,,,,,lib/netstandard2.0/Microsoft.AspNetCore.xml,https://github.com/dotnet/aspnetcore,,,,https://asp.net/,,https://www.nuget.org/packages/Microsoft.AspNetCore,
Antlr,3.5.0.2,186178092.0,homepage,1,,,,,,,https://github.com/antlr/antlrcs,,,,https://github.com/antlr/antlrcs,,https://www.nuget.org/packages/Antlr,
Microsoft.CodeAnalysis.Scripting.Common,5.9.0,185962735.0,xml docs; homepage,1,,,,,,lib/net10.0/Microsoft.CodeAnalysis.Scripting.xml,https://github.com/dotnet/roslyn,,,,https://github.com/dotnet/roslyn,,https://www.nuget.org/packages/Microsoft.CodeAnalysis.Scripting.Common,
Serilog.Exceptions,8.4.0,185766807.0,readme; xml docs,0,,,README.md,,,lib/net461/Serilog.Exceptions.xml,https://github.com/rehansaeed/serilog.exceptions,,,,,,https://www.nuget.org/packages/Serilog.Exceptions,
System.Net.Http.WinHttpHandler,10.0.11,185475507.0,hand-written site; xml docs; homepage,2,https://dot.net/,,,,,lib/net10.0/System.Net.Http.WinHttpHandler.xml,https://github.com/dotnet/dotnet,,,,https://dot.net/,,https://www.nuget.org/packages/System.Net.Http.WinHttpHandler,
OpenTelemetry.Instrumentation.Runtime,1.18.0,184607468.0,hand-written site; readme; xml docs; homepage,2,https://opentelemetry.io/,,README.md,,,lib/net10.0/OpenTelemetry.Instrumentation.Runtime.xml,https://github.com/open-telemetry/opentelemetry-dotnet-contrib,,,,https://opentelemetry.io/,,https://www.nuget.org/packages/OpenTelemetry.Instrumentation.Runtime,
Selenium.WebDriver,4.48.0,183850782.0,hand-written site; readme; xml docs; homepage,2,https://selenium.dev/,,README.md,,,lib/net462/Selenium.WebDriver.xml,https://github.com/seleniumhq/selenium,,,,https://selenium.dev/,,https://www.nuget.org/packages/Selenium.WebDriver,
Azure.Extensions.AspNetCore.Configuration.Secrets,1.5.2,183156050.0,readme; xml docs; homepage,1,,,README.md,,,lib/net10.0/Azure.Extensions.AspNetCore.Configuration.Secrets.xml,https://github.com/azure/azure-sdk-for-net,,,,https://github.com/Azure/azure-sdk-for-net/blob/Azure.Extensions.AspNetCore.Configuration.Secrets_1.5.2/sdk/extensions/Azure.Extensions.AspNetCore.Configuration.Secrets/README.md,,https://www.nuget.org/packages/Azure.Extensions.AspNetCore.Configuration.Secrets,
System.Threading.AccessControl,10.0.11,181942506.0,hand-written site; xml docs; homepage,2,https://dot.net/,,,,,lib/net10.0/System.Threading.AccessControl.xml,https://github.com/dotnet/dotnet,,,,https://dot.net/,,https://www.nuget.org/packages/System.Threading.AccessControl,
Microsoft.Azure.WebJobs.Script.ExtensionsMetadataGenerator,4.0.1,180943816.0,hand-written site; homepage,2,https://go.microsoft.com/fwlink/?LinkID=320972,,,,,,https://github.com/azure/azure-functions-host,,,,https://go.microsoft.com/fwlink/?LinkID=320972,,https://www.nuget.org/packages/Microsoft.Azure.WebJobs.Script.ExtensionsMetadataGenerator,
NuGet.Protocol,7.9.0,180868577.0,hand-written site; readme; xml docs; homepage,2,https://aka.ms/nugetprj,,README.md,,,lib/net472/NuGet.Protocol.xml,https://github.com/nuget/nuget.client,,,,https://aka.ms/nugetprj,,https://www.nuget.org/packages/NuGet.Protocol,
Microsoft.Testing.Extensions.VSTestBridge,2.4.0,180847148.0,xml docs; homepage,1,,,,,,lib/net8.0/Microsoft.Testing.Extensions.VSTestBridge.xml,https://github.com/microsoft/testfx,,,,https://github.com/microsoft/testfx,,https://www.nuget.org/packages/Microsoft.Testing.Extensions.VSTestBridge,
Google.Api.Gax.Grpc,4.15.0,180139351.0,xml docs; homepage,1,,,,,,lib/net462/Google.Api.Gax.Grpc.xml,https://github.com/googleapis/gax-dotnet,,,,https://github.com/googleapis/gax-dotnet,,https://www.nuget.org/packages/Google.Api.Gax.Grpc,
OpenTelemetry.Exporter.Console,1.18.0,178932836.0,hand-written site; readme; xml docs; homepage,2,https://opentelemetry.io/,,README.md,,,lib/net10.0/OpenTelemetry.Exporter.Console.xml,https://github.com/open-telemetry/opentelemetry-dotnet,,,,https://opentelemetry.io/,,https://www.nuget.org/packages/OpenTelemetry.Exporter.Console,
runtime.unix.Microsoft.Win32.Primitives,4.3.0,178922720.0,hand-written site; homepage,2,https://dot.net/,,,,,,,,,,https://dot.net/,,https://www.nuget.org/packages/runtime.unix.Microsoft.Win32.Primitives,
Microsoft.AspNetCore.Mvc.Versioning.ApiExplorer,5.1.0,178790049.0,readme; xml docs; homepage,1,,,README.md,,,lib/net5.0/Microsoft.AspNetCore.Mvc.Versioning.ApiExplorer.xml,https://github.com/dotnet/aspnet-api-versioning,,,,https://github.com/dotnet/aspnet-api-versioning/wiki,,https://www.nuget.org/packages/Microsoft.AspNetCore.Mvc.Versioning.ApiExplorer,
Quartz,4.0.0,178581813.0,hand-written site; readme; xml docs; homepage,2,https://www.quartz-scheduler.net/,,README.md,,,lib/net10.0/Quartz.xml,https://github.com/quartznet/quartznet,,,,https://www.quartz-scheduler.net/,,https://www.nuget.org/packages/Quartz,
Microsoft.CodeDom.Providers.DotNetCompilerPlatform,4.1.0,178383176.0,xml docs; homepage,1,,,,,,lib/net472/Microsoft.CodeDom.Providers.DotNetCompilerPlatform.xml,https://github.com/aspnet/roslyncodedomprovider,,,,https://github.com/aspnet/RoslynCodeDomProvider,,https://www.nuget.org/packages/Microsoft.CodeDom.Providers.DotNetCompilerPlatform,
Microsoft.IdentityModel.LoggingExtensions,8.22.0,178148954.0,xml docs; homepage,1,,,,,,lib/net10.0/Microsoft.IdentityModel.LoggingExtensions.xml,https://github.com/azuread/azure-activedirectory-identitymodel-extensions-for-dotnet,,,,https://github.com/AzureAD/azure-activedirectory-identitymodel-extensions-for-dotnet,,https://www.nuget.org/packages/Microsoft.IdentityModel.LoggingExtensions,
runtime.unix.System.Net.Primitives,4.3.1,177454082.0,hand-written site; homepage,2,https://dot.net/,,,,,,,,,,https://dot.net/,,https://www.nuget.org/packages/runtime.unix.System.Net.Primitives,
System.IO.UnmanagedMemoryStream,4.3.0,176877115.0,hand-written site; xml docs; homepage,2,https://dot.net/,,,,,ref/netstandard1.3/System.IO.UnmanagedMemoryStream.xml,,,,,https://dot.net/,,https://www.nuget.org/packages/System.IO.UnmanagedMemoryStream,
System.IO.Pipes,4.3.0,174383430.0,hand-written site; xml docs; homepage,2,https://dot.net/,,,,,ref/netstandard1.3/System.IO.Pipes.xml,,,,,https://dot.net/,,https://www.nuget.org/packages/System.IO.Pipes,
NLog.Web.AspNetCore,6.2.0,174212336.0,readme; xml docs; homepage,1,,,README.md,,,lib/net10.0/NLog.Web.AspNetCore.xml,https://github.com/nlog/nlog.web,,,,https://github.com/NLog/NLog.Web,,https://www.nuget.org/packages/NLog.Web.AspNetCore,
prometheus-net.AspNetCore,8.2.1,174106640.0,readme; xml docs; homepage,1,,,README.md,,,lib/net6.0/Prometheus.AspNetCore.xml,https://github.com/prometheus-net/prometheus-net,,,,https://github.com/prometheus-net/prometheus-net,,https://www.nuget.org/packages/prometheus-net.AspNetCore,
Flurl,4.0.0,173829089.0,hand-written site; xml docs; homepage,2,https://flurl.dev/,,,,,lib/net461/Flurl.xml,https://github.com/tmenier/flurl,,,,https://flurl.dev/,,https://www.nuget.org/packages/Flurl,
starkbank-ecdsa,1.3.3,173627378.0,homepage,1,,,,,,,https://github.com/starkbank/ecdsa-dotnet,,,,https://github.com/starkbank/ecdsa-dotnet,,https://www.nuget.org/packages/starkbank-ecdsa,
Microsoft.Extensions.Compliance.Abstractions,10.9.0,173550189.0,hand-written site; readme; xml docs; homepage,2,https://dot.net/,,README.md,,,lib/net10.0/Microsoft.Extensions.Compliance.Abstractions.xml,https://github.com/dotnet/extensions,,,,https://dot.net/,,https://www.nuget.org/packages/Microsoft.Extensions.Compliance.Abstractions,
Microsoft.NETCore.App.Runtime.win-x64,10.0.11,171596337.0,hand-written site; homepage,2,https://dot.net/,,,,,,https://github.com/dotnet/dotnet,,,,https://dot.net/,,https://www.nuget.org/packages/Microsoft.NETCore.App.Runtime.win-x64,
Microsoft.Extensions.Telemetry.Abstractions,10.9.0,171423922.0,hand-written site; readme; xml docs; homepage,2,https://dot.net/,,README.md,,,lib/net10.0/Microsoft.Extensions.Telemetry.Abstractions.xml,https://github.com/dotnet/extensions,,,,https://dot.net/,,https://www.nuget.org/packages/Microsoft.Extensions.Telemetry.Abstractions,
Azure.Messaging.EventGrid,5.0.0,171377479.0,readme; xml docs; homepage,1,,,README.md,,,lib/net8.0/Azure.Messaging.EventGrid.xml,https://github.com/azure/azure-sdk-for-net,,,,https://github.com/Azure/azure-sdk-for-net/blob/Azure.Messaging.EventGrid_5.0.0/sdk/eventgrid/Azure.Messaging.EventGrid/README.md,,https://www.nuget.org/packages/Azure.Messaging.EventGrid,
Microsoft.FeatureManagement,4.7.0,171168631.0,xml docs; homepage,1,,,,,,lib/net10.0/Microsoft.FeatureManagement.xml,https://github.com/microsoft/featuremanagement-dotnet,,,,https://github.com/microsoft/FeatureManagement-Dotnet,,https://www.nuget.org/packages/Microsoft.FeatureManagement,
Microsoft.AspNet.Web.Optimization,1.1.3,171085372.0,xml docs,0,,,,,,lib/net40/system.web.optimization.xml,,,,,,,https://www.nuget.org/packages/Microsoft.AspNet.Web.Optimization,
Azure.Data.AppConfiguration,1.11.1,170708159.0,readme; xml docs; homepage,1,,,README.md,,,lib/net10.0/Azure.Data.AppConfiguration.xml,https://github.com/azure/azure-sdk-for-net,,,,https://github.com/Azure/azure-sdk-for-net/blob/Azure.Data.AppConfiguration_1.11.1/sdk/appconfiguration/Azure.Data.AppConfiguration/README.md,,https://www.nuget.org/packages/Azure.Data.AppConfiguration,
Microsoft.Build.Locator,1.11.2,170252219.0,readme; homepage,1,,,README.md,,,,https://github.com/microsoft/msbuildlocator,,,,https://github.com/microsoft/MSBuildLocator,,https://www.nuget.org/packages/Microsoft.Build.Locator,
Microsoft.Extensions.Configuration.AzureAppConfiguration,8.6.0,169991987.0,xml docs; homepage,1,,,,,,lib/netstandard2.0/Microsoft.Extensions.Configuration.AzureAppConfiguration.xml,https://github.com/azure/azconfig-dotnetprovider,,,,https://github.com/Azure/AppConfiguration,,https://www.nuget.org/packages/Microsoft.Extensions.Configuration.AzureAppConfiguration,
Cake.Tool,6.2.0,169823973.0,hand-written site; homepage,2,https://cakebuild.net/,,,,,,https://github.com/cake-build/cake,,,,https://cakebuild.net/,,https://www.nuget.org/packages/Cake.Tool,
runtime.unix.System.Console,4.3.1,169250290.0,hand-written site; homepage,2,https://dot.net/,,,,,,,,,,https://dot.net/,,https://www.nuget.org/packages/runtime.unix.System.Console,
MediatR.Extensions.Microsoft.DependencyInjection,11.1.0,168119652.0,,0,,,,,,,https://github.com/jbogard/mediatr.extensions.microsoft.dependencyinjection,,,,,,https://www.nuget.org/packages/MediatR.Extensions.Microsoft.DependencyInjection,
System.IO.MemoryMappedFiles,4.3.0,167556152.0,hand-written site; xml docs; homepage,2,https://dot.net/,,,,,ref/netstandard1.3/System.IO.MemoryMappedFiles.xml,,,,,https://dot.net/,,https://www.nuget.org/packages/System.IO.MemoryMappedFiles,
Grpc.Auth,2.83.0,167363287.0,readme; xml docs; homepage,1,,,README.md,,,lib/net462/Grpc.Auth.xml,https://github.com/grpc/grpc-dotnet,,,,https://github.com/grpc/grpc-dotnet,,https://www.nuget.org/packages/Grpc.Auth,
Microsoft.AspNetCore.App.Runtime.win-x64,10.0.11,167214754.0,hand-written site; homepage,2,https://asp.net/,,,,,,https://github.com/dotnet/aspnetcore,,,,https://asp.net/,,https://www.nuget.org/packages/Microsoft.AspNetCore.App.Runtime.win-x64,
Polly.Contrib.WaitAndRetry,1.1.1,167071927.0,xml docs; homepage,1,,,,,,lib/net461/Polly.Contrib.WaitAndRetry.xml,https://github.com/polly-contrib/polly.contrib.waitandretry,,,,https://github.com/Polly-Contrib/Polly.Contrib.WaitAndRetry,,https://www.nuget.org/packages/Polly.Contrib.WaitAndRetry,
Microsoft.NETCore.DotNetHost,8.0.30,167028153.0,hand-written site; homepage,2,https://dot.net/,,,,,,https://github.com/dotnet/runtime,,,,https://dot.net/,,https://www.nuget.org/packages/Microsoft.NETCore.DotNetHost,
Microsoft.AspNetCore.Mvc.Analyzers,2.3.0,164246776.0,hand-written site; homepage,2,https://asp.net/,,,,,,https://github.com/dotnet/aspnetcore,,,,https://asp.net/,,https://www.nuget.org/packages/Microsoft.AspNetCore.Mvc.Analyzers,
Nito.Collections.Deque,1.2.1,163712756.0,readme; xml docs; homepage,1,,,README.md,,,lib/net461/Nito.Collections.Deque.xml,https://github.com/stephencleary/deque,,,,https://github.com/StephenCleary/Deque,,https://www.nuget.org/packages/Nito.Collections.Deque,
Microsoft.AspNetCore.WebSockets,2.3.12,163506207.0,hand-written site; xml docs; homepage,2,https://asp.net/,,,,,lib/netstandard2.0/Microsoft.AspNetCore.WebSockets.xml,https://github.com/dotnet/aspnetcore,,,,https://asp.net/,,https://www.nuget.org/packages/Microsoft.AspNetCore.WebSockets,
AspNetCore.HealthChecks.UI.Client,9.0.0,162185165.0,xml docs; homepage,1,,,,,,lib/net8.0/HealthChecks.UI.Client.xml,https://github.com/xabaril/aspnetcore.diagnostics.healthchecks,,,,https://github.com/Xabaril/AspNetCore.Diagnostics.HealthChecks,,https://www.nuget.org/packages/AspNetCore.HealthChecks.UI.Client,
MassTransit.Abstractions,9.2.1,162147309.0,hand-written site; xml docs; homepage,2,https://massient.com/,,,,,lib/net10.0/MassTransit.Abstractions.xml,https://github.com/massient/masstransit,,,,https://massient.com/,,https://www.nuget.org/packages/MassTransit.Abstractions,
System.Reflection.MetadataLoadContext,10.0.11,161442837.0,hand-written site; xml docs; homepage,2,https://dot.net/,,,,,lib/net10.0/System.Reflection.MetadataLoadContext.xml,https://github.com/dotnet/dotnet,,,,https://dot.net/,,https://www.nuget.org/packages/System.Reflection.MetadataLoadContext,
Nito.AsyncEx.Context,5.1.2,161122641.0,xml docs; homepage,1,,,,,,lib/net461/Nito.AsyncEx.Context.xml,https://github.com/stephencleary/asyncex,,,,https://github.com/StephenCleary/AsyncEx,,https://www.nuget.org/packages/Nito.AsyncEx.Context,
Microsoft.NETCore.App.Host.win-x64,10.0.11,160890706.0,hand-written site; homepage,2,https://dot.net/,,,,,,https://github.com/dotnet/runtime,,,,https://dot.net/,,https://www.nuget.org/packages/Microsoft.NETCore.App.Host.win-x64,
Microsoft.Identity.Web.TokenAcquisition,4.14.2,160209584.0,readme; xml docs; homepage,1,,,README.md,,,lib/net10.0/Microsoft.Identity.Web.TokenAcquisition.xml,https://github.com/azuread/microsoft-identity-web,,,,https://github.com/AzureAD/microsoft-identity-web,,https://www.nuget.org/packages/Microsoft.Identity.Web.TokenAcquisition,
System.Resources.Extensions,10.0.11,160177763.0,hand-written site; xml docs; homepage,2,https://dot.net/,,,,,lib/net10.0/System.Resources.Extensions.xml,https://github.com/dotnet/dotnet,,,,https://dot.net/,,https://www.nuget.org/packages/System.Resources.Extensions,
Microsoft.Identity.Web.Diagnostics,4.14.2,160147081.0,readme; xml docs; homepage,1,,,README.md,,,lib/net10.0/Microsoft.Identity.Web.Diagnostics.xml,https://github.com/azuread/microsoft-identity-web,,,,https://github.com/AzureAD/microsoft-identity-web,,https://www.nuget.org/packages/Microsoft.Identity.Web.Diagnostics,
Microsoft.Extensions.Options.DataAnnotations,10.0.11,160144058.0,hand-written site; xml docs; homepage,2,https://dot.net/,,,,,lib/net10.0/Microsoft.Extensions.Options.DataAnnotations.xml,https://github.com/dotnet/runtime,,,,https://dot.net/,,https://www.nuget.org/packages/Microsoft.Extensions.Options.DataAnnotations,
Microsoft.Identity.Abstractions,12.6.1,159788399.0,readme; xml docs; homepage,1,,,README.md,,,lib/net10.0/Microsoft.Identity.Abstractions.xml,https://github.com/azuread/microsoft-identity-abstractions-for-dotnet,,,,https://github.com/AzureAD/microsoft-identity-abstractions-for-dotnet,,https://www.nuget.org/packages/Microsoft.Identity.Abstractions,
NUnit.Analyzers,4.14.0,159421370.0,readme; homepage,1,,,docs/README.md,,,,https://github.com/nunit/nunit.analyzers,,,,https://github.com/nunit/nunit.analyzers,,https://www.nuget.org/packages/NUnit.Analyzers,
Nito.AsyncEx.Coordination,5.1.2,158195028.0,xml docs; homepage,1,,,,,,lib/net461/Nito.AsyncEx.Coordination.xml,https://github.com/stephencleary/asyncex,,,,https://github.com/StephenCleary/AsyncEx,,https://www.nuget.org/packages/Nito.AsyncEx.Coordination,
Humanizer,3.0.10,157403657.0,homepage,1,,,,,,,https://github.com/humanizr/humanizer,,,,https://github.com/Humanizr/Humanizer,,https://www.nuget.org/packages/Humanizer,
Serilog.Sinks.ApplicationInsights,5.0.1,157384750.0,readme; xml docs; homepage,1,,,README.md,,,lib/net462/Serilog.Sinks.ApplicationInsights.xml,https://github.com/serilog-contrib/serilog-sinks-applicationinsights,,,,https://github.com/serilog-contrib/serilog-sinks-applicationinsights,,https://www.nuget.org/packages/Serilog.Sinks.ApplicationInsights,
Microsoft.Azure.ServiceBus,5.2.0,156840915.0,readme; xml docs; homepage,1,,,README.md,,,lib/netstandard2.0/Microsoft.Azure.ServiceBus.xml,https://github.com/azure/azure-sdk-for-net,,,,https://github.com/Azure/azure-sdk-for-net/blob/Microsoft.Azure.ServiceBus_5.2.0/sdk/servicebus/Microsoft.Azure.ServiceBus/README.md,,https://www.nuget.org/packages/Microsoft.Azure.ServiceBus,
AspNetCore.HealthChecks.UI.Core,9.0.0,156598811.0,xml docs; homepage,1,,,,,,lib/net8.0/HealthChecks.UI.Core.xml,https://github.com/xabaril/aspnetcore.diagnostics.healthchecks,,,,https://github.com/Xabaril/AspNetCore.Diagnostics.HealthChecks,,https://www.nuget.org/packages/AspNetCore.HealthChecks.UI.Core,
Humanizer.Core.uk,3.0.10,156325122.0,homepage,1,,,,,,,https://github.com/humanizr/humanizer,,,,https://github.com/Humanizr/Humanizer,,https://www.nuget.org/packages/Humanizer.Core.uk,
SshNet.Security.Cryptography,1.3.0,155966525.0,xml docs; homepage,1,,,,,,lib/net20/SshNet.Security.Cryptography.xml,https://github.com/sshnet/cryptography,,,,https://github.com/sshnet/Cryptography/,,https://www.nuget.org/packages/SshNet.Security.Cryptography,
Microsoft.AspNetCore.Mvc.Razor.RuntimeCompilation,10.0.11,155834447.0,hand-written site; xml docs; homepage,2,https://asp.net/,,,,,lib/net10.0/Microsoft.AspNetCore.Mvc.Razor.RuntimeCompilation.xml,https://github.com/dotnet/aspnetcore,,,,https://asp.net/,,https://www.nuget.org/packages/Microsoft.AspNetCore.Mvc.Razor.RuntimeCompilation,
Hangfire.SqlServer,1.8.25,154899377.0,hand-written site; xml docs; homepage,2,https://www.hangfire.io/,,,,,lib/net451/Hangfire.SqlServer.xml,https://github.com/hangfireio/hangfire,,,,https://www.hangfire.io/,,https://www.nuget.org/packages/Hangfire.SqlServer,
Microsoft.AspNetCore.Http.Connections.Client,10.0.11,154736270.0,hand-written site; xml docs; homepage,2,https://asp.net/,,,,,lib/net10.0/Microsoft.AspNetCore.Http.Connections.Client.xml,https://github.com/dotnet/aspnetcore,,,,https://asp.net/,,https://www.nuget.org/packages/Microsoft.AspNetCore.Http.Connections.Client,
Humanizer.Core.fr,3.0.10,154088680.0,homepage,1,,,,,,,https://github.com/humanizr/humanizer,,,,https://github.com/Humanizr/Humanizer,,https://www.nuget.org/packages/Humanizer.Core.fr,
Polly.Extensions,8.7.0,154067416.0,xml docs; homepage,1,,,,,,lib/net462/Polly.Extensions.xml,https://github.com/app-vnext/polly,,,,https://github.com/App-vNext/Polly,,https://www.nuget.org/packages/Polly.Extensions,
Microsoft.Azure.Functions.Worker.ItemTemplates,4.0.5590,154006950.0,hand-written site; homepage,2,https://go.microsoft.com/fwlink/?linkid=848145,,,,,,https://github.com/azure/azure-functions-templates,,,,https://go.microsoft.com/fwlink/?linkid=848145,,https://www.nuget.org/packages/Microsoft.Azure.Functions.Worker.ItemTemplates,
Humanizer.Core.de,3.0.10,153823188.0,homepage,1,,,,,,,https://github.com/humanizr/humanizer,,,,https://github.com/Humanizr/Humanizer,,https://www.nuget.org/packages/Humanizer.Core.de,
Humanizer.Core.es,3.0.10,153770772.0,homepage,1,,,,,,,https://github.com/humanizr/humanizer,,,,https://github.com/Humanizr/Humanizer,,https://www.nuget.org/packages/Humanizer.Core.es,
Microsoft.DiaSymReader,2.2.11,153598193.0,xml docs; homepage,1,,,,,,lib/net10.0/Microsoft.DiaSymReader.xml,https://github.com/dotnet/dotnet,,,,https://github.com/dotnet/symreader,,https://www.nuget.org/packages/Microsoft.DiaSymReader,
Humanizer.Core.ru,3.0.10,153520643.0,homepage,1,,,,,,,https://github.com/humanizr/humanizer,,,,https://github.com/Humanizr/Humanizer,,https://www.nuget.org/packages/Humanizer.Core.ru,
Humanizer.Core.pt,3.0.10,153169395.0,homepage,1,,,,,,,https://github.com/humanizr/humanizer,,,,https://github.com/Humanizr/Humanizer,,https://www.nuget.org/packages/Humanizer.Core.pt,
Serilog.Expressions,5.0.0,153162235.0,readme; xml docs; homepage,1,,,README.md,,,lib/net462/Serilog.Expressions.xml,https://github.com/serilog/serilog-expressions,,,,https://github.com/serilog/serilog-expressions,,https://www.nuget.org/packages/Serilog.Expressions,
Humanizer.Core.zh-CN,3.0.10,152988355.0,homepage,1,,,,,,,https://github.com/humanizr/humanizer,,,,https://github.com/Humanizr/Humanizer,,https://www.nuget.org/packages/Humanizer.Core.zh-CN,
Humanizer.Core.it,3.0.10,152851279.0,homepage,1,,,,,,,https://github.com/humanizr/humanizer,,,,https://github.com/Humanizr/Humanizer,,https://www.nuget.org/packages/Humanizer.Core.it,
Humanizer.Core.nl,3.0.10,152848262.0,homepage,1,,,,,,,https://github.com/humanizr/humanizer,,,,https://github.com/Humanizr/Humanizer,,https://www.nuget.org/packages/Humanizer.Core.nl,
Microsoft.CodeAnalysis.VisualBasic.Workspaces,5.9.0,152807224.0,xml docs; homepage,1,,,,,,lib/net10.0/Microsoft.CodeAnalysis.VisualBasic.Workspaces.xml,https://github.com/dotnet/roslyn,,,,https://github.com/dotnet/roslyn,,https://www.nuget.org/packages/Microsoft.CodeAnalysis.VisualBasic.Workspaces,
Humanizer.Core.zh-Hans,3.0.10,152743025.0,homepage,1,,,,,,,https://github.com/humanizr/humanizer,,,,https://github.com/Humanizr/Humanizer,,https://www.nuget.org/packages/Humanizer.Core.zh-Hans,
Humanizer.Core.zh-Hant,3.0.10,152713868.0,homepage,1,,,,,,,https://github.com/humanizr/humanizer,,,,https://github.com/Humanizr/Humanizer,,https://www.nuget.org/packages/Humanizer.Core.zh-Hant,
Humanizer.Core.pl,3.0.10,152628622.0,homepage,1,,,,,,,https://github.com/humanizr/humanizer,,,,https://github.com/Humanizr/Humanizer,,https://www.nuget.org/packages/Humanizer.Core.pl,
Humanizer.Core.ja,3.0.10,152578658.0,homepage,1,,,,,,,https://github.com/humanizr/humanizer,,,,https://github.com/Humanizr/Humanizer,,https://www.nuget.org/packages/Humanizer.Core.ja,
Humanizer.Core.sv,3.0.10,152509787.0,homepage,1,,,,,,,https://github.com/humanizr/humanizer,,,,https://github.com/Humanizr/Humanizer,,https://www.nuget.org/packages/Humanizer.Core.sv,
Humanizer.Core.cs,3.0.10,152461673.0,homepage,1,,,,,,,https://github.com/humanizr/humanizer,,,,https://github.com/Humanizr/Humanizer,,https://www.nuget.org/packages/Humanizer.Core.cs,
Humanizer.Core.da,3.0.10,152459247.0,homepage,1,,,,,,,https://github.com/humanizr/humanizer,,,,https://github.com/Humanizr/Humanizer,,https://www.nuget.org/packages/Humanizer.Core.da,
Humanizer.Core.id,3.0.10,152451437.0,homepage,1,,,,,,,https://github.com/humanizr/humanizer,,,,https://github.com/Humanizr/Humanizer,,https://www.nuget.org/packages/Humanizer.Core.id,
Humanizer.Core.he,3.0.10,152425625.0,homepage,1,,,,,,,https://github.com/humanizr/humanizer,,,,https://github.com/Humanizr/Humanizer,,https://www.nuget.org/packages/Humanizer.Core.he,
Humanizer.Core.tr,3.0.10,152422570.0,homepage,1,,,,,,,https://github.com/humanizr/humanizer,,,,https://github.com/Humanizr/Humanizer,,https://www.nuget.org/packages/Humanizer.Core.tr,
Humanizer.Core.hr,3.0.10,152421382.0,homepage,1,,,,,,,https://github.com/humanizr/humanizer,,,,https://github.com/Humanizr/Humanizer,,https://www.nuget.org/packages/Humanizer.Core.hr,
Humanizer.Core.el,3.0.10,152406588.0,homepage,1,,,,,,,https://github.com/humanizr/humanizer,,,,https://github.com/Humanizr/Humanizer,,https://www.nuget.org/packages/Humanizer.Core.el,
Serilog.Sinks.Seq,9.1.0,152396493.0,readme; xml docs; homepage,1,,,README.md,,,lib/net10.0/Serilog.Sinks.Seq.xml,https://github.com/datalust/serilog-sinks-seq,,,,https://github.com/serilog/serilog-sinks-seq,,https://www.nuget.org/packages/Serilog.Sinks.Seq,
Humanizer.Core.ro,3.0.10,152394704.0,homepage,1,,,,,,,https://github.com/humanizr/humanizer,,,,https://github.com/Humanizr/Humanizer,,https://www.nuget.org/packages/Humanizer.Core.ro,
Humanizer.Core.fa,3.0.10,152390687.0,homepage,1,,,,,,,https://github.com/humanizr/humanizer,,,,https://github.com/Humanizr/Humanizer,,https://www.nuget.org/packages/Humanizer.Core.fa,
Humanizer.Core.hu,3.0.10,152379957.0,homepage,1,,,,,,,https://github.com/humanizr/humanizer,,,,https://github.com/Humanizr/Humanizer,,https://www.nuget.org/packages/Humanizer.Core.hu,
Humanizer.Core.ar,3.0.10,152356604.0,homepage,1,,,,,,,https://github.com/humanizr/humanizer,,,,https://github.com/Humanizr/Humanizer,,https://www.nuget.org/packages/Humanizer.Core.ar,
Humanizer.Core.nb,3.0.10,152350149.0,homepage,1,,,,,,,https://github.com/humanizr/humanizer,,,,https://github.com/Humanizr/Humanizer,,https://www.nuget.org/packages/Humanizer.Core.nb,
Humanizer.Core.uz-Cyrl-UZ,3.0.10,152300817.0,homepage,1,,,,,,,https://github.com/humanizr/humanizer,,,,https://github.com/Humanizr/Humanizer,,https://www.nuget.org/packages/Humanizer.Core.uz-Cyrl-UZ,
Humanizer.Core.sk,3.0.10,152300642.0,homepage,1,,,,,,,https://github.com/humanizr/humanizer,,,,https://github.com/Humanizr/Humanizer,,https://www.nuget.org/packages/Humanizer.Core.sk,
Humanizer.Core.bg,3.0.10,152273703.0,homepage,1,,,,,,,https://github.com/humanizr/humanizer,,,,https://github.com/Humanizr/Humanizer,,https://www.nuget.org/packages/Humanizer.Core.bg,
Humanizer.Core.sl,3.0.10,152271024.0,homepage,1,,,,,,,https://github.com/humanizr/humanizer,,,,https://github.com/Humanizr/Humanizer,,https://www.nuget.org/packages/Humanizer.Core.sl,
Humanizer.Core.vi,3.0.10,152259985.0,homepage,1,,,,,,,https://github.com/humanizr/humanizer,,,,https://github.com/Humanizr/Humanizer,,https://www.nuget.org/packages/Humanizer.Core.vi,
Humanizer.Core.sr-Latn,3.0.10,152256641.0,homepage,1,,,,,,,https://github.com/humanizr/humanizer,,,,https://github.com/Humanizr/Humanizer,,https://www.nuget.org/packages/Humanizer.Core.sr-Latn,
Humanizer.Core.uz-Latn-UZ,3.0.10,152253553.0,homepage,1,,,,,,,https://github.com/humanizr/humanizer,,,,https://github.com/Humanizr/Humanizer,,https://www.nuget.org/packages/Humanizer.Core.uz-Latn-UZ,
Humanizer.Core.sr,3.0.10,152247087.0,homepage,1,,,,,,,https://github.com/humanizr/humanizer,,,,https://github.com/Humanizr/Humanizer,,https://www.nuget.org/packages/Humanizer.Core.sr,
Humanizer.Core.af,3.0.10,152148949.0,homepage,1,,,,,,,https://github.com/humanizr/humanizer,,,,https://github.com/Humanizr/Humanizer,,https://www.nuget.org/packages/Humanizer.Core.af,
AngleSharp.Css,1.1.0,151924044.0,hand-written site; readme; xml docs; homepage,2,https://anglesharp.github.io/,,README.md,,,lib/net10.0/AngleSharp.Css.xml,https://github.com/anglesharp/anglesharp.css,,,,https://anglesharp.github.io/,,https://www.nuget.org/packages/AngleSharp.Css,
KubernetesClient,19.0.2,151783580.0,xml docs; homepage,1,,,,,,lib/net10.0/KubernetesClient.xml,https://github.com/kubernetes-client/csharp,,,,https://github.com/kubernetes-client/csharp,,https://www.nuget.org/packages/KubernetesClient,
Humanizer.Core.lv,3.0.10,151576852.0,homepage,1,,,,,,,https://github.com/humanizr/humanizer,,,,https://github.com/Humanizr/Humanizer,,https://www.nuget.org/packages/Humanizer.Core.lv,
Microsoft.Extensions.DependencyInjection.AutoActivation,10.9.0,151559183.0,hand-written site; readme; xml docs; homepage,2,https://dot.net/,,README.md,,,lib/net10.0/Microsoft.Extensions.DependencyInjection.AutoActivation.xml,https://github.com/dotnet/extensions,,,,https://dot.net/,,https://www.nuget.org/packages/Microsoft.Extensions.DependencyInjection.AutoActivation,
DiffEngine,20.2.2,150818141.0,xml docs; homepage,1,,,,,,lib/net10.0/DiffEngine.xml,https://github.com/verifytests/diffengine,,,,https://github.com/VerifyTests/DiffEngine,,https://www.nuget.org/packages/DiffEngine,
runtime.unix.System.Net.Sockets,4.3.0,150714154.0,hand-written site; homepage,2,https://dot.net/,,,,,,,,,,https://dot.net/,,https://www.nuget.org/packages/runtime.unix.System.Net.Sockets,
protobuf-net.Core,3.4.21,150536720.0,readme; xml docs; homepage,1,,,readme.md,,,lib/net462/protobuf-net.Core.xml,https://github.com/protobuf-net/protobuf-net,,,,https://github.com/protobuf-net/protobuf-net,,https://www.nuget.org/packages/protobuf-net.Core,
MySql.Data,26.7.0,150241337.0,hand-written site; readme; xml docs; homepage,2,https://dev.mysql.com/downloads/,,README.md,,,lib/net10.0/MySql.Data.xml,,,,,https://dev.mysql.com/downloads/,,https://www.nuget.org/packages/MySql.Data,
System.Data.OleDb,10.0.11,149943890.0,hand-written site; xml docs; homepage,2,https://dot.net/,,,,,lib/net10.0/System.Data.OleDb.xml,https://github.com/dotnet/dotnet,,,,https://dot.net/,,https://www.nuget.org/packages/System.Data.OleDb,
NSwag.Annotations,14.7.1,149419788.0,hand-written site; xml docs; homepage,2,http://nswag.org/,,,,,lib/net462/NSwag.Annotations.xml,https://github.com/ricosuter/nswag,,,,http://nswag.org/,,https://www.nuget.org/packages/NSwag.Annotations,
Humanizer.Core.mt,3.0.10,148868946.0,homepage,1,,,,,,,https://github.com/humanizr/humanizer,,,,https://github.com/Humanizr/Humanizer,,https://www.nuget.org/packages/Humanizer.Core.mt,
Humanizer.Core.nb-NO,2.14.1,148412422.0,homepage,1,,,,,,,https://github.com/humanizr/humanizer,,,,https://github.com/Humanizr/Humanizer,,https://www.nuget.org/packages/Humanizer.Core.nb-NO,
Humanizer.Core.fi-FI,2.14.1,148381289.0,homepage,1,,,,,,,https://github.com/humanizr/humanizer,,,,https://github.com/Humanizr/Humanizer,,https://www.nuget.org/packages/Humanizer.Core.fi-FI,
Humanizer.Core.fr-BE,2.14.1,148357270.0,homepage,1,,,,,,,https://github.com/humanizr/humanizer,,,,https://github.com/Humanizr/Humanizer,,https://www.nuget.org/packages/Humanizer.Core.fr-BE,
Humanizer.Core.bn-BD,2.14.1,148260055.0,homepage,1,,,,,,,https://github.com/humanizr/humanizer,,,,https://github.com/Humanizr/Humanizer,,https://www.nuget.org/packages/Humanizer.Core.bn-BD,
Asp.Versioning.Abstractions,10.2.1,146755105.0,hand-written site; readme; xml docs; homepage,2,https://dotnet.github.io/aspnet-api-versioning,,README.md,,,lib/net10.0/Asp.Versioning.Abstractions.xml,https://github.com/dotnet/aspnet-api-versioning,,,,https://dotnet.github.io/aspnet-api-versioning,,https://www.nuget.org/packages/Asp.Versioning.Abstractions,
Asp.Versioning.Http,10.2.3,146737034.0,hand-written site; readme; xml docs; homepage,2,https://dotnet.github.io/aspnet-api-versioning,,README.md,,,lib/net10.0/Asp.Versioning.Http.xml,https://github.com/dotnet/aspnet-api-versioning,,,,https://dotnet.github.io/aspnet-api-versioning,,https://www.nuget.org/packages/Asp.Versioning.Http,
System.IO.Abstractions,22.2.0,146357485.0,readme; xml docs; homepage,1,,,README.md,,,lib/net10.0/System.IO.Abstractions.xml,https://github.com/testableio/system.io.abstractions,,,,https://github.com/TestableIO/System.IO.Abstractions,,https://www.nuget.org/packages/System.IO.Abstractions,
EmptyFiles,8.18.2,145685071.0,xml docs; homepage,1,,,,,,lib/net10.0/EmptyFiles.xml,https://github.com/verifytests/emptyfiles,,,,https://github.com/VerifyTests/EmptyFiles,,https://www.nuget.org/packages/EmptyFiles,
K4os.Compression.LZ4,1.3.8,145251251.0,xml docs; homepage,1,,,,,,lib/net462/K4os.Compression.LZ4.xml,https://github.com/miloszkrajewski/k4os.compression.lz4,,,,https://github.com/MiloszKrajewski/K4os.Compression.LZ4,,https://www.nuget.org/packages/K4os.Compression.LZ4,
Microsoft.Net.Http,2.2.29,145220882.0,hand-written site; xml docs; homepage,2,https://go.microsoft.com/fwlink/?LinkID=280055,,,,,lib/sl4-windowsphone71/System.Net.Http.xml,,,,,https://go.microsoft.com/fwlink/?LinkID=280055,,https://www.nuget.org/packages/Microsoft.Net.Http,
Humanizer.Core.hy,3.0.10,145125228.0,homepage,1,,,,,,,https://github.com/humanizr/humanizer,,,,https://github.com/Humanizr/Humanizer,,https://www.nuget.org/packages/Humanizer.Core.hy,
Microsoft.Extensions.Configuration.Xml,10.0.11,144906422.0,hand-written site; xml docs; homepage,2,https://dot.net/,,,,,lib/net10.0/Microsoft.Extensions.Configuration.Xml.xml,https://github.com/dotnet/runtime,,,,https://dot.net/,,https://www.nuget.org/packages/Microsoft.Extensions.Configuration.Xml,
Humanizer.Core.ms-MY,2.14.1,144867614.0,homepage,1,,,,,,,https://github.com/humanizr/humanizer,,,,https://github.com/Humanizr/Humanizer,,https://www.nuget.org/packages/Humanizer.Core.ms-MY,
Microsoft.Extensions.Http.Diagnostics,10.9.0,144621683.0,hand-written site; readme; xml docs; homepage,2,https://dot.net/,,README.md,,,lib/net10.0/Microsoft.Extensions.Http.Diagnostics.xml,https://github.com/dotnet/extensions,,,,https://dot.net/,,https://www.nuget.org/packages/Microsoft.Extensions.Http.Diagnostics,
Microsoft.NET.Workloads.10.0.300,10.303.1,144614822.0,hand-written site; readme; homepage,2,https://learn.microsoft.com/dotnet/core/tools/dotnet-workload-sets,,README.md,,,,https://github.com/dotnet/workload-versions,,,,https://learn.microsoft.com/dotnet/core/tools/dotnet-workload-sets,,https://www.nuget.org/packages/Microsoft.NET.Workloads.10.0.300,
WebActivatorEx,2.2.0,144250222.0,homepage,1,,,,,,,https://github.com/davidebbo/webactivator,,,,https://github.com/davidebbo/WebActivator,,https://www.nuget.org/packages/WebActivatorEx,
Microsoft.Extensions.Telemetry,10.9.0,144186471.0,hand-written site; readme; xml docs; homepage,2,https://dot.net/,,README.md,,,lib/net10.0/Microsoft.Extensions.Telemetry.xml,https://github.com/dotnet/extensions,,,,https://dot.net/,,https://www.nuget.org/packages/Microsoft.Extensions.Telemetry,
Humanizer.Core.az,3.0.10,144060634.0,homepage,1,,,,,,,https://github.com/humanizr/humanizer,,,,https://github.com/Humanizr/Humanizer,,https://www.nuget.org/packages/Humanizer.Core.az,
Microsoft.Kiota.Abstractions,2.1.1,143633889.0,hand-written site; readme; xml docs; homepage,2,https://aka.ms/kiota/docs,,README.md,,,lib/net10.0/Microsoft.Kiota.Abstractions.xml,https://github.com/microsoft/kiota-abstractions-dotnet,,,,https://aka.ms/kiota/docs,,https://www.nuget.org/packages/Microsoft.Kiota.Abstractions,
Microsoft.Extensions.AmbientMetadata.Application,10.9.0,142270592.0,hand-written site; readme; xml docs; homepage,2,https://dot.net/,,README.md,,,lib/net10.0/Microsoft.Extensions.AmbientMetadata.Application.xml,https://github.com/dotnet/extensions,,,,https://dot.net/,,https://www.nuget.org/packages/Microsoft.Extensions.AmbientMetadata.Application,
Asp.Versioning.Mvc,10.2.1,142187073.0,hand-written site; readme; xml docs; homepage,2,https://dotnet.github.io/aspnet-api-versioning,,README.md,,,lib/net10.0/Asp.Versioning.Mvc.xml,https://github.com/dotnet/aspnet-api-versioning,,,,https://dotnet.github.io/aspnet-api-versioning,,https://www.nuget.org/packages/Asp.Versioning.Mvc,
Azure.Data.Tables,12.12.0,142059259.0,readme; xml docs; homepage,1,,,README.md,,,lib/net10.0/Azure.Data.Tables.xml,https://github.com/azure/azure-sdk-for-net,,,,https://github.com/Azure/azure-sdk-for-net/blob/Azure.Data.Tables_12.12.0/sdk/tables/Azure.Data.Tables/README.md,,https://www.nuget.org/packages/Azure.Data.Tables,
JsonSubTypes,2.1.0,141931389.0,readme; homepage,1,,,README.md,,,,https://github.com/manuc66/jsonsubtypes,,,,https://github.com/manuc66/JsonSubTypes,,https://www.nuget.org/packages/JsonSubTypes,
MassTransit.RabbitMQ,9.2.1,141661858.0,hand-written site; xml docs; homepage,2,https://massient.com/,,,,,lib/net10.0/MassTransit.RabbitMqTransport.xml,https://github.com/massient/masstransit,,,,https://massient.com/,,https://www.nuget.org/packages/MassTransit.RabbitMQ,
Microsoft.AspNetCore.Diagnostics.EntityFrameworkCore,10.0.11,141348335.0,hand-written site; xml docs; homepage,2,https://asp.net/,,,,,lib/net10.0/Microsoft.AspNetCore.Diagnostics.EntityFrameworkCore.xml,https://github.com/dotnet/aspnetcore,,,,https://asp.net/,,https://www.nuget.org/packages/Microsoft.AspNetCore.Diagnostics.EntityFrameworkCore,
Microsoft.AspNetCore.SpaServices.Extensions,10.0.11,141294308.0,hand-written site; homepage,2,https://asp.net/,,,,,,https://github.com/dotnet/aspnetcore,,,,https://asp.net/,,https://www.nuget.org/packages/Microsoft.AspNetCore.SpaServices.Extensions,
Microsoft.Extensions.Diagnostics.HealthChecks.EntityFrameworkCore,10.0.11,141079276.0,hand-written site; xml docs; homepage,2,https://asp.net/,,,,,lib/net10.0/Microsoft.Extensions.Diagnostics.HealthChecks.EntityFrameworkCore.xml,https://github.com/dotnet/aspnetcore,,,,https://asp.net/,,https://www.nuget.org/packages/Microsoft.Extensions.Diagnostics.HealthChecks.EntityFrameworkCore,
Microsoft.WindowsDesktop.App.Ref,10.0.11,141039676.0,hand-written site; xml docs; homepage,2,https://dot.net/,,,,,ref/net10.0/Accessibility.xml,https://github.com/dotnet/windowsdesktop,,,,https://dot.net/,,https://www.nuget.org/packages/Microsoft.WindowsDesktop.App.Ref,
runtime.win.System.Runtime.Extensions,4.3.1,140998611.0,hand-written site; homepage,2,https://dot.net/,,,,,,,,,,https://dot.net/,,https://www.nuget.org/packages/runtime.win.System.Runtime.Extensions,
Microsoft.Owin.Security.OAuth,4.2.3,140917455.0,xml docs; homepage,1,,,,,,lib/net45/Microsoft.Owin.Security.OAuth.xml,https://github.com/aspnet/aspnetkatana,,,,https://github.com/aspnet/AspNetKatana,,https://www.nuget.org/packages/Microsoft.Owin.Security.OAuth,
Microsoft.Extensions.Resilience,10.9.0,140332454.0,hand-written site; readme; xml docs; homepage,2,https://dot.net/,,README.md,,,lib/net10.0/Microsoft.Extensions.Resilience.xml,https://github.com/dotnet/extensions,,,,https://dot.net/,,https://www.nuget.org/packages/Microsoft.Extensions.Resilience,
Humanizer.Core.ku,3.0.10,140005997.0,homepage,1,,,,,,,https://github.com/humanizr/humanizer,,,,https://github.com/Humanizr/Humanizer,,https://www.nuget.org/packages/Humanizer.Core.ku,
Microsoft.Extensions.Diagnostics.ExceptionSummarization,10.9.0,139966872.0,hand-written site; readme; xml docs; homepage,2,https://dot.net/,,README.md,,,lib/net10.0/Microsoft.Extensions.Diagnostics.ExceptionSummarization.xml,https://github.com/dotnet/extensions,,,,https://dot.net/,,https://www.nuget.org/packages/Microsoft.Extensions.Diagnostics.ExceptionSummarization,
Microsoft.AspNetCore.Identity,2.3.12,139647151.0,hand-written site; xml docs; homepage,2,https://asp.net/,,,,,lib/netstandard2.0/Microsoft.AspNetCore.Identity.xml,https://github.com/dotnet/aspnetcore,,,,https://asp.net/,,https://www.nuget.org/packages/Microsoft.AspNetCore.Identity,
System.Reactive.Linq,6.1.0,139234140.0,readme; xml docs; homepage,1,,,readme.md,,,lib/net472/System.Reactive.Linq.xml,https://github.com/dotnet/reactive,,,,https://github.com/dotnet/reactive,,https://www.nuget.org/packages/System.Reactive.Linq,
NSwag.Generation,14.7.1,139188048.0,hand-written site; xml docs; homepage,2,http://nswag.org/,,,,,lib/net462/NSwag.Generation.xml,https://github.com/ricosuter/nswag,,,,http://nswag.org/,,https://www.nuget.org/packages/NSwag.Generation,
Microsoft.Azure.Storage.Common,11.2.3,138913279.0,hand-written site; xml docs; homepage,2,https://go.microsoft.com/fwlink/?LinkId=235168,,,,,lib/net452/Microsoft.Azure.Storage.Common.xml,,,,,https://go.microsoft.com/fwlink/?LinkId=235168,,https://www.nuget.org/packages/Microsoft.Azure.Storage.Common,
runtime.win.System.Diagnostics.Debug,4.3.0,138602252.0,hand-written site; homepage,2,https://dot.net/,,,,,,,,,,https://dot.net/,,https://www.nuget.org/packages/runtime.win.System.Diagnostics.Debug,
Microsoft.Extensions.Http.Resilience,10.9.0,138099937.0,hand-written site; readme; xml docs; homepage,2,https://dot.net/,,README.md,,,lib/net10.0/Microsoft.Extensions.Http.Resilience.xml,https://github.com/dotnet/extensions,,,,https://dot.net/,,https://www.nuget.org/packages/Microsoft.Extensions.Http.Resilience,
Microsoft.Azure.WebJobs.ItemTemplates,4.0.5590,137859298.0,hand-written site; homepage,2,https://go.microsoft.com/fwlink/?linkid=848145,,,,,,https://github.com/azure/azure-functions-templates,,,,https://go.microsoft.com/fwlink/?linkid=848145,,https://www.nuget.org/packages/Microsoft.Azure.WebJobs.ItemTemplates,
Microsoft.Azure.WebJobs.ProjectTemplates,4.0.5590,137447064.0,hand-written site; homepage,2,https://go.microsoft.com/fwlink/?linkid=848145,,,,,,https://github.com/azure/azure-functions-templates,,,,https://go.microsoft.com/fwlink/?linkid=848145,,https://www.nuget.org/packages/Microsoft.Azure.WebJobs.ProjectTemplates,
DocumentFormat.OpenXml.Framework,3.5.1,137278318.0,readme; xml docs; homepage,1,,,README.md,,,lib/net10.0/DocumentFormat.OpenXml.Framework.xml,https://github.com/dotnet/open-xml-sdk,,,,https://github.com/dotnet/Open-XML-SDK,,https://www.nuget.org/packages/DocumentFormat.OpenXml.Framework,
Microsoft.NETFramework.ReferenceAssemblies,1.0.3,137254724.0,homepage,1,,,,,,,https://github.com/microsoft/dotnet,,,,https://github.com/Microsoft/dotnet/tree/master/releases/reference-assemblies,,https://www.nuget.org/packages/Microsoft.NETFramework.ReferenceAssemblies,
Microsoft.Azure.Functions.Analyzers,1.0.0,137023645.0,hand-written site; homepage,2,https://go.microsoft.com/fwlink/?LinkID=320972,,,,,,https://github.com/azure/azure-functions-host,,,,https://go.microsoft.com/fwlink/?LinkID=320972,,https://www.nuget.org/packages/Microsoft.Azure.Functions.Analyzers,
System.DirectoryServices.AccountManagement,10.0.11,137018225.0,hand-written site; xml docs; homepage,2,https://dot.net/,,,,,lib/net10.0/System.DirectoryServices.AccountManagement.xml,https://github.com/dotnet/dotnet,,,,https://dot.net/,,https://www.nuget.org/packages/System.DirectoryServices.AccountManagement,
Humanizer.Core.ko-KR,2.14.1,136228771.0,homepage,1,,,,,,,https://github.com/humanizr/humanizer,,,,https://github.com/Humanizr/Humanizer,,https://www.nuget.org/packages/Humanizer.Core.ko-KR,
Humanizer.Core.th-TH,2.14.1,136015507.0,homepage,1,,,,,,,https://github.com/humanizr/humanizer,,,,https://github.com/Humanizr/Humanizer,,https://www.nuget.org/packages/Humanizer.Core.th-TH,
Microsoft.NET.Workloads.10.0.100,10.111.1,135935987.0,hand-written site; readme; homepage,2,https://learn.microsoft.com/dotnet/core/tools/dotnet-workload-sets,,README.md,,,,https://github.com/dotnet/workload-versions,,,,https://learn.microsoft.com/dotnet/core/tools/dotnet-workload-sets,,https://www.nuget.org/packages/Microsoft.NET.Workloads.10.0.100,
Pomelo.EntityFrameworkCore.MySql,9.0.0,135916136.0,readme; xml docs; homepage,1,,,README.md,,,lib/net8.0/Pomelo.EntityFrameworkCore.MySql.xml,https://github.com/pomelofoundation/pomelo.entityframeworkcore.mysql,,,,https://github.com/PomeloFoundation/Pomelo.EntityFrameworkCore.MySql,,https://www.nuget.org/packages/Pomelo.EntityFrameworkCore.MySql,
NSwag.AspNetCore,14.7.1,135902889.0,hand-written site; xml docs; homepage,2,http://nswag.org/,,,,,lib/net10.0/NSwag.AspNetCore.xml,https://github.com/ricosuter/nswag,,,,http://nswag.org/,,https://www.nuget.org/packages/NSwag.AspNetCore,
Microsoft.TestPlatform,18.9.0,135793378.0,readme; homepage,1,,,README.md,,,,https://github.com/microsoft/vstest,,,,https://github.com/microsoft/vstest,,https://www.nuget.org/packages/Microsoft.TestPlatform,
Twilio,8.0.0,135067854.0,readme; xml docs; homepage,1,,,README.md,,,lib/net35/Twilio.xml,https://github.com/twilio/twilio-csharp,,,,https://github.com/twilio/twilio-csharp,,https://www.nuget.org/packages/Twilio,
Microsoft.Data.Services.Client,5.8.5,134999825.0,hand-written site; xml docs; homepage,2,https://odata.github.io/,,,,,lib/net40/Microsoft.Data.Services.Client.xml,,,,,https://odata.github.io/,,https://www.nuget.org/packages/Microsoft.Data.Services.Client,
System.Data.Odbc,10.0.11,134524409.0,hand-written site; xml docs; homepage,2,https://dot.net/,,,,,lib/net10.0/System.Data.Odbc.xml,https://github.com/dotnet/dotnet,,,,https://dot.net/,,https://www.nuget.org/packages/System.Data.Odbc,
Serilog.Formatting.Elasticsearch,10.0.0,134467337.0,xml docs; homepage,1,,,,,,lib/netstandard2.0/Serilog.Formatting.Elasticsearch.xml,https://github.com/serilog-contrib/serilog-sinks-elasticsearch,,,,https://github.com/serilog-contrib/serilog-sinks-elasticsearch,,https://www.nuget.org/packages/Serilog.Formatting.Elasticsearch,
AWSSDK.CloudWatchLogs,4.0.104.1,134434975.0,xml docs; homepage,1,,,,,,lib/net472/AWSSDK.CloudWatchLogs.xml,https://github.com/aws/aws-sdk-net,,,,https://github.com/aws/aws-sdk-net/,,https://www.nuget.org/packages/AWSSDK.CloudWatchLogs,
Polly.RateLimiting,8.7.0,134175033.0,xml docs; homepage,1,,,,,,lib/net462/Polly.RateLimiting.xml,https://github.com/app-vnext/polly,,,,https://github.com/App-vNext/Polly,,https://www.nuget.org/packages/Polly.RateLimiting,
Modernizr,2.8.3,133864691.0,hand-written site; homepage,2,http://www.modernizr.com/,,,,,,,,,,http://www.modernizr.com/,,https://www.nuget.org/packages/Modernizr,
Microsoft.AspNetCore.SignalR.Client,10.0.11,133765990.0,hand-written site; xml docs; homepage,2,https://asp.net/,,,,,lib/net10.0/Microsoft.AspNetCore.SignalR.Client.xml,https://github.com/dotnet/aspnetcore,,,,https://asp.net/,,https://www.nuget.org/packages/Microsoft.AspNetCore.SignalR.Client,
bootstrap,5.3.8,133535930.0,hand-written site; homepage,2,https://getbootstrap.com/,,,,,,https://github.com/twbs/bootstrap,,,,https://getbootstrap.com/,,https://www.nuget.org/packages/bootstrap,
Fractions,8.3.2,133234427.0,readme; xml docs; homepage,1,,,Readme.md,,,lib/net8.0/Fractions.xml,https://github.com/danm-de/fractions,,,,https://github.com/danm-de/Fractions,,https://www.nuget.org/packages/Fractions,
Humanizer.Core.is,3.0.10,133201865.0,homepage,1,,,,,,,https://github.com/humanizr/humanizer,,,,https://github.com/Humanizr/Humanizer,,https://www.nuget.org/packages/Humanizer.Core.is,
Microsoft.ApplicationInsights.WorkerService,3.1.2,132624124.0,hand-written site; xml docs; homepage,2,https://go.microsoft.com/fwlink/?LinkId=392727,,,,,lib/net10.0/Microsoft.ApplicationInsights.WorkerService.xml,https://github.com/microsoft/applicationinsights-dotnet,,,,https://go.microsoft.com/fwlink/?LinkId=392727,,https://www.nuget.org/packages/Microsoft.ApplicationInsights.WorkerService,
Microsoft.VisualStudio.Threading.Analyzers,18.7.23,132470824.0,hand-written site; readme; homepage,2,https://microsoft.github.io/vs-threading/,,README.md,,,,https://github.com/microsoft/vs-threading,,,,https://microsoft.github.io/vs-threading/,,https://www.nuget.org/packages/Microsoft.VisualStudio.Threading.Analyzers,
Microsoft.AspNetCore.SignalR.Client.Core,10.0.11,132467864.0,hand-written site; xml docs; homepage,2,https://asp.net/,,,,,lib/net10.0/Microsoft.AspNetCore.SignalR.Client.Core.xml,https://github.com/dotnet/aspnetcore,,,,https://asp.net/,,https://www.nuget.org/packages/Microsoft.AspNetCore.SignalR.Client.Core,
NuGet.ProjectModel,7.9.0,132414280.0,hand-written site; readme; xml docs; homepage,2,https://aka.ms/nugetprj,,README.md,,,lib/net472/NuGet.ProjectModel.xml,https://github.com/nuget/nuget.client,,,,https://aka.ms/nugetprj,,https://www.nuget.org/packages/NuGet.ProjectModel,
Sentry,6.10.0,132368891.0,hand-written site; readme; xml docs; homepage,2,https://sentry.io/,,README.md,,,lib/net10.0-android36.0/Sentry.xml,https://github.com/getsentry/sentry-dotnet,,,,https://sentry.io/,,https://www.nuget.org/packages/Sentry,
NuGet.DependencyResolver.Core,7.9.0,132115864.0,hand-written site; readme; xml docs; homepage,2,https://aka.ms/nugetprj,,README.md,,,lib/net472/NuGet.DependencyResolver.Core.xml,https://github.com/nuget/nuget.client,,,,https://aka.ms/nugetprj,,https://www.nuget.org/packages/NuGet.DependencyResolver.Core,
NuGet.LibraryModel,7.9.0,131874711.0,hand-written site; readme; xml docs; homepage,2,https://aka.ms/nugetprj,,README.md,,,lib/net472/NuGet.LibraryModel.xml,https://github.com/nuget/nuget.client,,,,https://aka.ms/nugetprj,,https://www.nuget.org/packages/NuGet.LibraryModel,
Microsoft.NET.ILLink.Tasks,10.0.11,131109835.0,hand-written site; homepage,2,https://dot.net/,,,,,,https://github.com/dotnet/runtime,,,,https://dot.net/,,https://www.nuget.org/packages/Microsoft.NET.ILLink.Tasks,
Microsoft.Owin.Security.Cookies,4.2.3,130383163.0,xml docs; homepage,1,,,,,,lib/net45/Microsoft.Owin.Security.Cookies.xml,https://github.com/aspnet/aspnetkatana,,,,https://github.com/aspnet/AspNetKatana,,https://www.nuget.org/packages/Microsoft.Owin.Security.Cookies,
FSharp.Core,11.0.100,129554925.0,xml docs; homepage,1,,,,,,lib/netstandard2.0/FSharp.Core.xml,https://github.com/dotnet/dotnet,,,,https://github.com/dotnet/fsharp,,https://www.nuget.org/packages/FSharp.Core,
Microsoft.AspNetCore.Authentication.Facebook,10.0.11,129446211.0,hand-written site; xml docs; homepage,2,https://asp.net/,,,,,lib/net10.0/Microsoft.AspNetCore.Authentication.Facebook.xml,https://github.com/dotnet/aspnetcore,,,,https://asp.net/,,https://www.nuget.org/packages/Microsoft.AspNetCore.Authentication.Facebook,
Serilog.Sinks.RollingFile,3.3.0,129341933.0,hand-written site; xml docs; homepage,2,http://serilog.net/,,,,,lib/net45/Serilog.Sinks.RollingFile.xml,,,,,http://serilog.net/,,https://www.nuget.org/packages/Serilog.Sinks.RollingFile,
NSwag.Generation.AspNetCore,14.7.1,129134707.0,hand-written site; xml docs; homepage,2,http://nswag.org/,,,,,lib/net10.0/NSwag.Generation.AspNetCore.xml,https://github.com/ricosuter/nswag,,,,http://nswag.org/,,https://www.nuget.org/packages/NSwag.Generation.AspNetCore,
runtime.win.System.IO.FileSystem,4.3.0,129106567.0,hand-written site; homepage,2,https://dot.net/,,,,,,,,,,https://dot.net/,,https://www.nuget.org/packages/runtime.win.System.IO.FileSystem,
System.Net.WebSockets.WebSocketProtocol,5.1.3,128957865.0,xml docs; homepage,1,,,,,,lib/net462/System.Net.WebSockets.WebSocketProtocol.xml,https://github.com/dotnet/maintenance-packages,,,,https://github.com/dotnet/maintenance-packages,,https://www.nuget.org/packages/System.Net.WebSockets.WebSocketProtocol,
AspNetCore.HealthChecks.SqlServer,9.0.0,127856650.0,xml docs; homepage,1,,,,,,lib/net8.0/HealthChecks.SqlServer.xml,https://github.com/xabaril/aspnetcore.diagnostics.healthchecks,,,,https://github.com/Xabaril/AspNetCore.Diagnostics.HealthChecks,,https://www.nuget.org/packages/AspNetCore.HealthChecks.SqlServer,
Oracle.ManagedDataAccess.Core,23.26.300,127646115.0,hand-written site; readme; homepage,2,https://www.oracle.com/database/technologies/appdev/dotnet.html,,README.md,,,,,,,,https://www.oracle.com/database/technologies/appdev/dotnet.html,,https://www.nuget.org/packages/Oracle.ManagedDataAccess.Core,
jQuery.Validation,1.21.0,127555602.0,hand-written site; homepage,2,http://bassistance.de/jquery-plugins/jquery-plugin-validation/,,,,,,,,,,http://bassistance.de/jquery-plugins/jquery-plugin-validation/,,https://www.nuget.org/packages/jQuery.Validation,
Microsoft.Net.Compilers,4.2.0,127403031.0,homepage,1,,,,,,,https://github.com/dotnet/roslyn,,,,https://github.com/dotnet/roslyn,,https://www.nuget.org/packages/Microsoft.Net.Compilers,
Microsoft.Azure.Storage.Blob,11.2.3,127170171.0,hand-written site; xml docs; homepage,2,https://go.microsoft.com/fwlink/?LinkId=235168,,,,,lib/net452/Microsoft.Azure.Storage.Blob.xml,,,,,https://go.microsoft.com/fwlink/?LinkId=235168,,https://www.nuget.org/packages/Microsoft.Azure.Storage.Blob,
HtmlSanitizer,9.2.1039,127135244.0,readme; xml docs; homepage,1,,,README.md,,,lib/net462/HtmlSanitizer.xml,https://github.com/mganss/htmlsanitizer,,,,https://github.com/mganss/HtmlSanitizer,,https://www.nuget.org/packages/HtmlSanitizer,
Selenium.Support,4.48.0,126574616.0,hand-written site; xml docs; homepage,2,https://selenium.dev/,,,,,lib/netstandard2.0/Selenium.Support.xml,https://github.com/seleniumhq/selenium,,,,https://selenium.dev/,,https://www.nuget.org/packages/Selenium.Support,
Microsoft.AspNetCore.Identity.UI,10.0.11,125977080.0,hand-written site; xml docs; homepage,2,https://asp.net/,,,,,lib/net10.0/Microsoft.AspNetCore.Identity.UI.xml,https://github.com/dotnet/aspnetcore,,,,https://asp.net/,,https://www.nuget.org/packages/Microsoft.AspNetCore.Identity.UI,
Flurl.Http,4.0.2,125734826.0,hand-written site; readme; xml docs; homepage,2,https://flurl.dev/,,README.md,,,lib/net461/Flurl.Http.xml,https://github.com/tmenier/flurl,,,,https://flurl.dev/,,https://www.nuget.org/packages/Flurl.Http,
morelinq,4.4.0,125642465.0,hand-written site; readme; xml docs; homepage,2,https://morelinq.github.io/,,README.md,,,lib/net6.0/MoreLinq.xml,https://github.com/morelinq/morelinq,,,,https://morelinq.github.io/,,https://www.nuget.org/packages/morelinq,
Microsoft.AspNetCore.HostFiltering,2.3.12,124950298.0,hand-written site; xml docs; homepage,2,https://asp.net/,,,,,lib/netstandard2.0/Microsoft.AspNetCore.HostFiltering.xml,https://github.com/dotnet/aspnetcore,,,,https://asp.net/,,https://www.nuget.org/packages/Microsoft.AspNetCore.HostFiltering,
Serilog.Sinks.Elasticsearch,10.0.0,124736313.0,readme; xml docs; homepage,1,,,README.md,,,lib/net6.0/Serilog.Sinks.Elasticsearch.xml,https://github.com/serilog-contrib/serilog-sinks-elasticsearch,,,,https://github.com/serilog-contrib/serilog-sinks-elasticsearch,,https://www.nuget.org/packages/Serilog.Sinks.Elasticsearch,
Google.Apis.Storage.v1,1.76.0.4250,124489972.0,xml docs; homepage,1,,,,,,lib/net462/Google.Apis.Storage.v1.xml,https://github.com/google/google-api-dotnet-client,,,,https://github.com/google/google-api-dotnet-client,,https://www.nuget.org/packages/Google.Apis.Storage.v1,
Microsoft.Bcl.Build,1.0.21,124463449.0,hand-written site; homepage,2,https://go.microsoft.com/fwlink/?LinkID=296436,,,,,,,,,,https://go.microsoft.com/fwlink/?LinkID=296436,,https://www.nuget.org/packages/Microsoft.Bcl.Build,
Microsoft.Kiota.Http.HttpClientLibrary,2.1.1,124068837.0,hand-written site; readme; xml docs; homepage,2,https://aka.ms/kiota/docs,,README.md,,,lib/net10.0-browser1.0/Microsoft.Kiota.Http.HttpClientLibrary.xml,https://github.com/microsoft/kiota-dotnet,,,,https://aka.ms/kiota/docs,,https://www.nuget.org/packages/Microsoft.Kiota.Http.HttpClientLibrary,
NJsonSchema.Yaml,11.6.1,123554814.0,hand-written site; readme; xml docs; homepage,2,http://njsonschema.org/,,README.md,,,lib/net462/NJsonSchema.Yaml.xml,https://github.com/ricosuter/njsonschema,,,,http://njsonschema.org/,,https://www.nuget.org/packages/NJsonSchema.Yaml,
Microsoft.Kiota.Serialization.Json,2.1.1,123414442.0,hand-written site; readme; xml docs; homepage,2,https://aka.ms/kiota/docs,,README.md,,,lib/net10.0/Microsoft.Kiota.Serialization.Json.xml,https://github.com/microsoft/kiota-dotnet,,,,https://aka.ms/kiota/docs,,https://www.nuget.org/packages/Microsoft.Kiota.Serialization.Json,
Microsoft.CodeAnalysis.Features,5.9.0,123242762.0,xml docs; homepage,1,,,,,,lib/net10.0/Microsoft.CodeAnalysis.Features.xml,https://github.com/dotnet/roslyn,,,,https://github.com/dotnet/roslyn,,https://www.nuget.org/packages/Microsoft.CodeAnalysis.Features,
dotnet-ef,10.0.11,122934593.0,hand-written site; homepage,2,https://docs.microsoft.com/ef/core/,,,,,,https://github.com/dotnet/dotnet,,,,https://docs.microsoft.com/ef/core/,,https://www.nuget.org/packages/dotnet-ef,
Shouldly,4.3.0,122619511.0,hand-written site; xml docs; homepage,2,https://docs.shouldly.org/,,,,,lib/net8.0/Shouldly.xml,https://github.com/shouldly/shouldly,,,,https://docs.shouldly.org/,,https://www.nuget.org/packages/Shouldly,
Microsoft.Azure.Functions.Worker,2.52.0,122348301.0,xml docs; homepage,1,,,,,,lib/net10.0/Microsoft.Azure.Functions.Worker.xml,https://github.com/azure/azure-functions-dotnet-worker,,,,https://github.com/Azure/azure-functions-dotnet-worker,,https://www.nuget.org/packages/Microsoft.Azure.Functions.Worker,
Microsoft.Data.Sqlite,10.0.11,122258095.0,hand-written site; homepage,2,https://docs.microsoft.com/dotnet/standard/data/sqlite/,,,,,,https://github.com/dotnet/efcore,,,,https://docs.microsoft.com/dotnet/standard/data/sqlite/,,https://www.nuget.org/packages/Microsoft.Data.Sqlite,
Microsoft.Azure.Functions.Worker.Extensions.Abstractions,1.3.0,122120255.0,homepage,1,,,,,,,https://github.com/azure/azure-functions-dotnet-worker,,,,https://github.com/Azure/azure-functions-dotnet-worker,,https://www.nuget.org/packages/Microsoft.Azure.Functions.Worker.Extensions.Abstractions,
GitVersion.Tool,6.8.2,121937308.0,readme; homepage,1,,,README.md,,,,https://github.com/gittools/gitversion,,,,https://github.com/GitTools/GitVersion,,https://www.nuget.org/packages/GitVersion.Tool,
Microsoft.Extensions.Configuration.Ini,10.0.11,121619205.0,hand-written site; xml docs; homepage,2,https://dot.net/,,,,,lib/net10.0/Microsoft.Extensions.Configuration.Ini.xml,https://github.com/dotnet/dotnet,,,,https://dot.net/,,https://www.nuget.org/packages/Microsoft.Extensions.Configuration.Ini,
Microsoft.Kiota.Serialization.Text,2.1.1,121309694.0,hand-written site; readme; xml docs; homepage,2,https://aka.ms/kiota/docs,,README.md,,,lib/net10.0/Microsoft.Kiota.Serialization.Text.xml,https://github.com/microsoft/kiota-dotnet,,,,https://aka.ms/kiota/docs,,https://www.nuget.org/packages/Microsoft.Kiota.Serialization.Text,
Microsoft.AspNetCore.Authentication.Twitter,10.0.11,121039255.0,hand-written site; xml docs; homepage,2,https://asp.net/,,,,,lib/net10.0/Microsoft.AspNetCore.Authentication.Twitter.xml,https://github.com/dotnet/aspnetcore,,,,https://asp.net/,,https://www.nuget.org/packages/Microsoft.AspNetCore.Authentication.Twitter,
Microsoft.Kiota.Serialization.Form,2.1.1,120693233.0,hand-written site; readme; xml docs; homepage,2,https://aka.ms/kiota/docs,,README.md,,,lib/net10.0/Microsoft.Kiota.Serialization.Form.xml,https://github.com/microsoft/kiota-dotnet,,,,https://aka.ms/kiota/docs,,https://www.nuget.org/packages/Microsoft.Kiota.Serialization.Form,
AWSSDK.Lambda,4.0.107.1,120497666.0,xml docs; homepage,1,,,,,,lib/net472/AWSSDK.Lambda.xml,https://github.com/aws/aws-sdk-net,,,,https://github.com/aws/aws-sdk-net/,,https://www.nuget.org/packages/AWSSDK.Lambda,
System.IO.Ports,10.0.11,120470493.0,hand-written site; xml docs; homepage,2,https://dot.net/,,,,,lib/net10.0/System.IO.Ports.xml,https://github.com/dotnet/dotnet,,,,https://dot.net/,,https://www.nuget.org/packages/System.IO.Ports,
StyleCop.Analyzers.Unstable,1.2.0.556,120230605.0,homepage,1,,,,,,,https://github.com/dotnetanalyzers/stylecopanalyzers,,,,https://github.com/DotNetAnalyzers/StyleCopAnalyzers,,https://www.nuget.org/packages/StyleCop.Analyzers.Unstable,
Microsoft.CodeAnalysis.CSharp.Features,5.9.0,120117359.0,xml docs; homepage,1,,,,,,lib/net10.0/Microsoft.CodeAnalysis.CSharp.Features.xml,https://github.com/dotnet/roslyn,,,,https://github.com/dotnet/roslyn,,https://www.nuget.org/packages/Microsoft.CodeAnalysis.CSharp.Features,
Microsoft.AspNetCore.Http.Connections,1.2.12,119337406.0,hand-written site; xml docs; homepage,2,https://asp.net/,,,,,lib/netstandard2.0/Microsoft.AspNetCore.Http.Connections.xml,https://github.com/dotnet/aspnetcore,,,,https://asp.net/,,https://www.nuget.org/packages/Microsoft.AspNetCore.Http.Connections,
NJsonSchema.Annotations,11.6.1,119268368.0,hand-written site; readme; xml docs; homepage,2,http://njsonschema.org/,,README.md,,,lib/net462/NJsonSchema.Annotations.xml,https://github.com/ricosuter/njsonschema,,,,http://njsonschema.org/,,https://www.nuget.org/packages/NJsonSchema.Annotations,
runtime.win.Microsoft.Win32.Primitives,4.3.0,119208856.0,hand-written site; homepage,2,https://dot.net/,,,,,,,,,,https://dot.net/,,https://www.nuget.org/packages/runtime.win.Microsoft.Win32.Primitives,
Asp.Versioning.Mvc.ApiExplorer,10.2.1,119053049.0,hand-written site; readme; xml docs; homepage,2,https://dotnet.github.io/aspnet-api-versioning,,README.md,,,lib/net10.0/Asp.Versioning.Mvc.ApiExplorer.xml,https://github.com/dotnet/aspnet-api-versioning,,,,https://dotnet.github.io/aspnet-api-versioning,,https://www.nuget.org/packages/Asp.Versioning.Mvc.ApiExplorer,
Unity,5.11.10,119005509.0,homepage,1,,,,,,,https://github.com/unitycontainer/unity,,,,https://github.com/unitycontainer/unity,,https://www.nuget.org/packages/Unity,
Handlebars.Net,2.4.3,118394701.0,readme; xml docs; homepage,1,,,README.md,,,lib/net10.0/Handlebars.xml,https://github.com/handlebars-net/handlebars.net,,,,https://github.com/Handlebars-Net,,https://www.nuget.org/packages/Handlebars.Net,
SpecFlow,3.9.74,118370934.0,hand-written site; xml docs; homepage,2,https://www.specflow.org/,,,,,lib/net461/TechTalk.SpecFlow.xml,,,,,https://www.specflow.org/,,https://www.nuget.org/packages/SpecFlow,
Microsoft.Build.Tasks.Git,10.0.400,117279664.0,homepage,1,,,,,,,https://github.com/dotnet/dotnet,,,,https://github.com/dotnet/dotnet,,https://www.nuget.org/packages/Microsoft.Build.Tasks.Git,
Microsoft.Diagnostics.Tracing.TraceEvent,3.2.6,117186287.0,xml docs; homepage,1,,,,,,lib/netstandard2.0/Microsoft.Diagnostics.Tracing.TraceEvent.xml,https://github.com/microsoft/perfview,,,,https://github.com/Microsoft/perfview,,https://www.nuget.org/packages/Microsoft.Diagnostics.Tracing.TraceEvent,
runtime.win.System.Net.Primitives,4.3.1,117081874.0,hand-written site; homepage,2,https://dot.net/,,,,,,,,,,https://dot.net/,,https://www.nuget.org/packages/runtime.win.System.Net.Primitives,
Swashbuckle.AspNetCore.Filters,10.0.1,116903140.0,readme; homepage,1,,,README.md,,,,https://github.com/mattfrear/swashbuckle.aspnetcore.filters,,,,https://github.com/mattfrear/Swashbuckle.AspNetCore.Filters,,https://www.nuget.org/packages/Swashbuckle.AspNetCore.Filters,
NPOI,2.8.0,116751964.0,hand-written site; readme; xml docs; homepage,2,https://nissl-lab.github.io/npoi/,,README.md,,,lib/net8.0/NPOI.OpenXmlFormats.xml,https://github.com/nissl-lab/npoi,,,,https://nissl-lab.github.io/npoi/,,https://www.nuget.org/packages/NPOI,
Microsoft.CodeAnalysis.CSharp.Scripting,5.9.0,116473552.0,xml docs; homepage,1,,,,,,lib/net10.0/Microsoft.CodeAnalysis.CSharp.Scripting.xml,https://github.com/dotnet/roslyn,,,,https://github.com/dotnet/roslyn,,https://www.nuget.org/packages/Microsoft.CodeAnalysis.CSharp.Scripting,
Azure.Security.KeyVault.Keys,4.10.1,116373232.0,readme; xml docs; homepage,1,,,README.md,,,lib/net10.0/Azure.Security.KeyVault.Keys.xml,https://github.com/azure/azure-sdk-for-net,,,,https://github.com/Azure/azure-sdk-for-net/blob/Azure.Security.KeyVault.Keys_4.10.0/sdk/keyvault/Azure.Security.KeyVault.Keys/README.md,,https://www.nuget.org/packages/Azure.Security.KeyVault.Keys,
Refit.HttpClientFactory,15.2.0,116328194.0,readme; xml docs; homepage,1,,,README.md,,,lib/net10.0/Refit.HttpClientFactory.xml,https://github.com/reactiveui/refit,,,,https://github.com/reactiveui/refit,,https://www.nuget.org/packages/Refit.HttpClientFactory,
Common.Logging,3.4.1,116084371.0,hand-written site; xml docs; homepage,2,https://net-commons.github.io/common-logging/,,,,,lib/net35/Common.Logging.xml,,,,,https://net-commons.github.io/common-logging/,,https://www.nuget.org/packages/Common.Logging,
Microsoft.AspNet.Cors,5.3.0,115850512.0,hand-written site; homepage,2,https://www.asp.net/web-api,,,,,,https://github.com/aspnet/aspnetwebstack,,,,https://www.asp.net/web-api,,https://www.nuget.org/packages/Microsoft.AspNet.Cors,
Microsoft.SourceLink.Common,10.0.400,115745129.0,homepage,1,,,,,,,https://github.com/dotnet/dotnet,,,,https://github.com/dotnet/dotnet,,https://www.nuget.org/packages/Microsoft.SourceLink.Common,
Google.Cloud.Storage.V1,4.15.0,115311485.0,xml docs; homepage,1,,,,,,lib/net462/Google.Cloud.Storage.V1.xml,https://github.com/googleapis/google-cloud-dotnet,,,,https://github.com/googleapis/google-cloud-dotnet,,https://www.nuget.org/packages/Google.Cloud.Storage.V1,
dotnet-reportgenerator-globaltool,5.5.11,114858956.0,readme; homepage,1,,,Readme.md,,,,https://github.com/danielpalme/reportgenerator,,,,https://github.com/danielpalme/ReportGenerator,,https://www.nuget.org/packages/dotnet-reportgenerator-globaltool,
OpenTelemetry.Instrumentation.SqlClient,1.18.0,114774052.0,hand-written site; readme; xml docs; homepage,2,https://opentelemetry.io/,,README.md,,,lib/net10.0/OpenTelemetry.Instrumentation.SqlClient.xml,https://github.com/open-telemetry/opentelemetry-dotnet-contrib,,,,https://opentelemetry.io/,,https://www.nuget.org/packages/OpenTelemetry.Instrumentation.SqlClient,
Microsoft.Kiota.Serialization.Multipart,2.1.1,114628575.0,hand-written site; readme; xml docs; homepage,2,https://aka.ms/kiota/docs,,README.md,,,lib/net10.0/Microsoft.Kiota.Serialization.Multipart.xml,https://github.com/microsoft/kiota-dotnet,,,,https://aka.ms/kiota/docs,,https://www.nuget.org/packages/Microsoft.Kiota.Serialization.Multipart,
NSwag.Core.Yaml,14.7.1,114528987.0,hand-written site; homepage,2,http://nswag.org/,,,,,,https://github.com/ricosuter/nswag,,,,http://nswag.org/,,https://www.nuget.org/packages/NSwag.Core.Yaml,
Microsoft.Azure.Functions.Worker.Grpc,2.52.0,114245530.0,xml docs; homepage,1,,,,,,lib/net10.0/Microsoft.Azure.Functions.Worker.Grpc.xml,https://github.com/azure/azure-functions-dotnet-worker,,,,https://github.com/Azure/azure-functions-dotnet-worker,,https://www.nuget.org/packages/Microsoft.Azure.Functions.Worker.Grpc,
Microsoft.AspNetCore.Authentication.OAuth,2.3.12,113965363.0,hand-written site; xml docs; homepage,2,https://asp.net/,,,,,lib/netstandard2.0/Microsoft.AspNetCore.Authentication.OAuth.xml,https://github.com/dotnet/aspnetcore,,,,https://asp.net/,,https://www.nuget.org/packages/Microsoft.AspNetCore.Authentication.OAuth,
Serilog.Enrichers.Process,3.0.0,113750351.0,hand-written site; readme; homepage,2,http://serilog.net/,,README.md,,,,https://github.com/serilog/serilog-enrichers-process,,,,http://serilog.net/,,https://www.nuget.org/packages/Serilog.Enrichers.Process,
runtime.win.System.Console,4.3.1,113483459.0,hand-written site; homepage,2,https://dot.net/,,,,,,,,,,https://dot.net/,,https://www.nuget.org/packages/runtime.win.System.Console,
Microsoft.Bcl,1.1.10,113234709.0,hand-written site; xml docs; homepage,2,https://go.microsoft.com/fwlink/?LinkID=280057,,,,,lib/net40/System.IO.xml,,,,,https://go.microsoft.com/fwlink/?LinkID=280057,,https://www.nuget.org/packages/Microsoft.Bcl,
Microsoft.Diagnostics.NETCore.Client,0.2.731102,113179945.0,xml docs; homepage,1,,,,,,lib/net8.0/Microsoft.Diagnostics.NETCore.Client.xml,https://github.com/dotnet/diagnostics,,,,https://github.com/dotnet/diagnostics,,https://www.nuget.org/packages/Microsoft.Diagnostics.NETCore.Client,
Microsoft.DotNet.Scaffolding.Shared,10.0.2,113021273.0,xml docs; homepage,1,,,,,,lib/net9.0/Microsoft.DotNet.Scaffolding.Shared.xml,https://github.com/dotnet/scaffolding,,,,https://github.com/dotnet/Scaffolding,,https://www.nuget.org/packages/Microsoft.DotNet.Scaffolding.Shared,
Microsoft.CodeAnalysis.AnalyzerUtilities,5.6.0,112962595.0,xml docs; homepage,1,,,,,,lib/netstandard2.0/Microsoft.CodeAnalysis.AnalyzerUtilities.xml,https://github.com/dotnet/roslyn,,,,https://github.com/dotnet/roslyn,,https://www.nuget.org/packages/Microsoft.CodeAnalysis.AnalyzerUtilities,
System.Runtime.InteropServices.WindowsRuntime,4.3.0,112868231.0,hand-written site; xml docs; homepage,2,https://dot.net/,,,,,ref/netcore50/System.Runtime.InteropServices.WindowsRuntime.xml,,,,,https://dot.net/,,https://www.nuget.org/packages/System.Runtime.InteropServices.WindowsRuntime,
Microsoft.jQuery.Unobtrusive.Validation,4.0.0,112534386.0,hand-written site; homepage,2,https://www.asp.net/,,,,,,,,,,https://www.asp.net/,,https://www.nuget.org/packages/Microsoft.jQuery.Unobtrusive.Validation,
Microsoft.VisualStudio.Validation,17.13.22,112406889.0,xml docs; homepage,1,,,,,,lib/net8.0/Microsoft.VisualStudio.Validation.xml,https://github.com/microsoft/vs-validation,,,,https://github.com/Microsoft/vs-validation,,https://www.nuget.org/packages/Microsoft.VisualStudio.Validation,
NewRelic.Agent,10.54.0,112305322.0,readme; homepage,1,,,contentFiles/any/netstandard2.0/newrelic/README.md,,,,https://github.com/newrelic/newrelic-dotnet-agent,,,,https://github.com/newrelic/newrelic-dotnet-agent,,https://www.nuget.org/packages/NewRelic.Agent,
Microsoft.AspNetCore.SignalR.Core,1.2.12,112063890.0,hand-written site; xml docs; homepage,2,https://asp.net/,,,,,lib/netstandard2.0/Microsoft.AspNetCore.SignalR.Core.xml,https://github.com/dotnet/aspnetcore,,,,https://asp.net/,,https://www.nuget.org/packages/Microsoft.AspNetCore.SignalR.Core,
Microsoft.ApplicationInsights.Web,3.1.2,111984423.0,hand-written site; xml docs; homepage,2,https://go.microsoft.com/fwlink/?LinkId=392727,,,,,lib/net462/Microsoft.AI.Web.xml,https://github.com/microsoft/applicationinsights-dotnet,,,,https://go.microsoft.com/fwlink/?LinkId=392727,,https://www.nuget.org/packages/Microsoft.ApplicationInsights.Web,
Microsoft.AspNet.Identity.Core,2.2.4,111902946.0,xml docs; homepage,1,,,,,,lib/net45/Microsoft.AspNet.Identity.Core.xml,https://github.com/aspnet/aspnetidentity,,,,https://github.com/aspnet/AspNetIdentity,,https://www.nuget.org/packages/Microsoft.AspNet.Identity.Core,
Microsoft.ApplicationInsights.Agent.Intercept,2.4.0,111672886.0,hand-written site; homepage,2,https://go.microsoft.com/fwlink/?LinkId=392727,,,,,,,,,,https://go.microsoft.com/fwlink/?LinkId=392727,,https://www.nuget.org/packages/Microsoft.ApplicationInsights.Agent.Intercept,
ExcelDataReader,3.9.0,111404451.0,readme; xml docs; homepage,1,,,README.md,,,lib/net462/ExcelDataReader.xml,https://github.com/exceldatareader/exceldatareader,,,,https://github.com/ExcelDataReader/ExcelDataReader,,https://www.nuget.org/packages/ExcelDataReader,
Std.UriTemplate,2.0.12,111313752.0,readme,0,,,Readme.md,,,,https://github.com/std-uritemplate/std-uritemplate,,,,,,https://www.nuget.org/packages/Std.UriTemplate,
CommonServiceLocator,2.0.7,110888738.0,homepage,1,,,,,,,https://github.com/unitycontainer/commonservicelocator,,,,https://github.com/unitycontainer/commonservicelocator,,https://www.nuget.org/packages/CommonServiceLocator,
Microsoft.Kiota.Authentication.Azure,2.1.1,110747099.0,hand-written site; readme; xml docs; homepage,2,https://aka.ms/kiota/docs,,README.md,,,lib/net10.0/Microsoft.Kiota.Authentication.Azure.xml,https://github.com/microsoft/kiota-dotnet,,,,https://aka.ms/kiota/docs,,https://www.nuget.org/packages/Microsoft.Kiota.Authentication.Azure,
Microsoft.EntityFrameworkCore.Proxies,10.0.11,110543352.0,hand-written site; xml docs; homepage,2,https://docs.microsoft.com/ef/core/,,,,,lib/net10.0/Microsoft.EntityFrameworkCore.Proxies.xml,https://github.com/dotnet/efcore,,,,https://docs.microsoft.com/ef/core/,,https://www.nuget.org/packages/Microsoft.EntityFrameworkCore.Proxies,
Common.Logging.Core,3.4.1,109893354.0,hand-written site; xml docs; homepage,2,https://net-commons.github.io/common-logging/,,,,,lib/portable-win%2Bnet40%2Bsl40%2Bwp7%2Bwpa81/Common.Logging.Core.XML,,,,,https://net-commons.github.io/common-logging/,,https://www.nuget.org/packages/Common.Logging.Core,
Xamarin.AndroidX.Annotation,1.10.0.1,108890288.0,hand-written site; readme; xml docs; homepage,2,https://aka.ms/android-libraries,,readme.md,,,lib/net10.0-android36.0/Xamarin.AndroidX.Annotation.xml,https://github.com/dotnet/android-libraries,,,,https://aka.ms/android-libraries,,https://www.nuget.org/packages/Xamarin.AndroidX.Annotation,
TestContainers,4.15.0,108786237.0,hand-written site; readme; xml docs; homepage,2,https://dotnet.testcontainers.org/,,README.md,,,lib/net10.0/Testcontainers.xml,https://github.com/testcontainers/testcontainers-dotnet,,,,https://dotnet.testcontainers.org/,,https://www.nuget.org/packages/TestContainers,
System.Reactive.Core,6.1.0,108646585.0,readme; xml docs; homepage,1,,,readme.md,,,lib/net472/System.Reactive.Core.xml,https://github.com/dotnet/reactive,,,,https://github.com/dotnet/reactive,,https://www.nuget.org/packages/System.Reactive.Core,
Microsoft.NET.Sdk.Android.Manifest-8.0.100.Msi.x64,34.0.154,108177219.0,hand-written site; homepage,2,https://dot.net/,,,,,,,,,,https://dot.net/,,https://www.nuget.org/packages/Microsoft.NET.Sdk.Android.Manifest-8.0.100.Msi.x64,
System.ServiceModel.Syndication,10.0.11,108151896.0,hand-written site; xml docs; homepage,2,https://dot.net/,,,,,lib/net10.0/System.ServiceModel.Syndication.xml,https://github.com/dotnet/dotnet,,,,https://dot.net/,,https://www.nuget.org/packages/System.ServiceModel.Syndication,
Microsoft.Azure.Functions.Worker.Sdk,2.1.0,108143924.0,readme; homepage,1,,,README.md,,,,https://github.com/azure/azure-functions-dotnet-worker,,,,https://github.com/Azure/azure-functions-dotnet-worker,,https://www.nuget.org/packages/Microsoft.Azure.Functions.Worker.Sdk,
Microsoft.NET.Sdk.iOS.Manifest-8.0.100.Msi.x64,18.0.8319,107995729.0,hand-written site; homepage,2,https://dot.net/,,,,,,,,,,https://dot.net/,,https://www.nuget.org/packages/Microsoft.NET.Sdk.iOS.Manifest-8.0.100.Msi.x64,
Microsoft.NET.Sdk.MacCatalyst.Manifest-8.0.100.Msi.x64,18.0.8319,107931942.0,hand-written site; homepage,2,https://dot.net/,,,,,,,,,,https://dot.net/,,https://www.nuget.org/packages/Microsoft.NET.Sdk.MacCatalyst.Manifest-8.0.100.Msi.x64,
Microsoft.NET.Sdk.macOS.Manifest-8.0.100.Msi.x64,15.0.8319,107807771.0,hand-written site; homepage,2,https://dot.net/,,,,,,,,,,https://dot.net/,,https://www.nuget.org/packages/Microsoft.NET.Sdk.macOS.Manifest-8.0.100.Msi.x64,
Microsoft.NET.Workload.Mono.ToolChain.Current.Manifest-8.0.100.Msi.x64,8.0.30,107793867.0,hand-written site; homepage,2,https://dot.net/,,,,,,https://github.com/dotnet/runtime,,,,https://dot.net/,,https://www.nuget.org/packages/Microsoft.NET.Workload.Mono.ToolChain.Current.Manifest-8.0.100.Msi.x64,
Microsoft.NET.Workload.Emscripten.Current.Manifest-8.0.100.Msi.x64,8.0.30,107666552.0,homepage,1,,,,,,,https://github.com/dotnet/emsdk,,,,https://github.com/dotnet/emsdk,,https://www.nuget.org/packages/Microsoft.NET.Workload.Emscripten.Current.Manifest-8.0.100.Msi.x64,
Microsoft.NET.Sdk.Maui.Manifest-8.0.100.Msi.x64,8.0.100,107663297.0,homepage,1,,,,,,,https://github.com/dotnet/maui,,,,https://github.com/dotnet/maui,,https://www.nuget.org/packages/Microsoft.NET.Sdk.Maui.Manifest-8.0.100.Msi.x64,
Microsoft.NET.Sdk.tvOS.Manifest-8.0.100.Msi.x64,18.0.8319,107661392.0,hand-written site; homepage,2,https://dot.net/,,,,,,,,,,https://dot.net/,,https://www.nuget.org/packages/Microsoft.NET.Sdk.tvOS.Manifest-8.0.100.Msi.x64,
Grpc,2.46.6,107586401.0,homepage,1,,,,,,,https://github.com/grpc/grpc,,,,https://github.com/grpc/grpc,,https://www.nuget.org/packages/Grpc,
Microsoft.NET.Workload.Emscripten.net6.Manifest-8.0.100.Msi.x64,8.0.30,107548354.0,homepage,1,,,,,,,https://github.com/dotnet/emsdk,,,,https://github.com/dotnet/emsdk,,https://www.nuget.org/packages/Microsoft.NET.Workload.Emscripten.net6.Manifest-8.0.100.Msi.x64,
Microsoft.NET.Workload.Emscripten.net7.Manifest-8.0.100.Msi.x64,8.0.30,107449866.0,homepage,1,,,,,,,https://github.com/dotnet/emsdk,,,,https://github.com/dotnet/emsdk,,https://www.nuget.org/packages/Microsoft.NET.Workload.Emscripten.net7.Manifest-8.0.100.Msi.x64,
Microsoft.NET.Workload.Mono.ToolChain.net6.Manifest-8.0.100.Msi.x64,8.0.30,107329564.0,hand-written site; homepage,2,https://dot.net/,,,,,,https://github.com/dotnet/runtime,,,,https://dot.net/,,https://www.nuget.org/packages/Microsoft.NET.Workload.Mono.ToolChain.net6.Manifest-8.0.100.Msi.x64,
Microsoft.NET.Workload.Mono.ToolChain.net7.Manifest-8.0.100.Msi.x64,8.0.30,107135538.0,hand-written site; homepage,2,https://dot.net/,,,,,,https://github.com/dotnet/runtime,,,,https://dot.net/,,https://www.nuget.org/packages/Microsoft.NET.Workload.Mono.ToolChain.net7.Manifest-8.0.100.Msi.x64,
Microsoft.Azure.DocumentDB.Core,2.22.0,107111893.0,hand-written site; xml docs; homepage,2,https://go.microsoft.com/fwlink/?LinkID=509927,,,,,lib/netstandard1.5/Microsoft.Azure.DocumentDB.Core.xml,,,,,https://go.microsoft.com/fwlink/?LinkID=509927,,https://www.nuget.org/packages/Microsoft.Azure.DocumentDB.Core,
Microsoft.AspNetCore.DataProtection.Extensions,10.0.11,106448844.0,hand-written site; xml docs; homepage,2,https://asp.net/,,,,,lib/net10.0/Microsoft.AspNetCore.DataProtection.Extensions.xml,https://github.com/dotnet/aspnetcore,,,,https://asp.net/,,https://www.nuget.org/packages/Microsoft.AspNetCore.DataProtection.Extensions,
JunitXml.TestLogger,8.0.0,106260991.0,readme; homepage,1,,,docs/README.md,,,,https://github.com/spekt/testlogger,,,,https://github.com/spekt/testlogger,,https://www.nuget.org/packages/JunitXml.TestLogger,
SonarAnalyzer.CSharp,10.33.0.1635,105724995.0,hand-written site; homepage,2,https://redirect.sonarsource.com/doc/sonar-visualstudio.html,,,,,,https://github.com/sonarsource/sonar-dotnet,,,,https://redirect.sonarsource.com/doc/sonar-visualstudio.html,,https://www.nuget.org/packages/SonarAnalyzer.CSharp,
Microsoft.Extensions.Hosting.WindowsServices,10.0.11,104698539.0,hand-written site; xml docs; homepage,2,https://dot.net/,,,,,lib/net10.0/Microsoft.Extensions.Hosting.WindowsServices.xml,https://github.com/dotnet/runtime,,,,https://dot.net/,,https://www.nuget.org/packages/Microsoft.Extensions.Hosting.WindowsServices,
Microsoft.CodeAnalysis,5.9.0,103922010.0,homepage,1,,,,,,,https://github.com/dotnet/roslyn,,,,https://github.com/dotnet/roslyn,,https://www.nuget.org/packages/Microsoft.CodeAnalysis,
Amazon.Lambda.Serialization.SystemTextJson,3.0.1,103902742.0,readme; xml docs; homepage,1,,,README.md,,,lib/net10.0/Amazon.Lambda.Serialization.SystemTextJson.xml,https://github.com/aws/aws-lambda-dotnet,,,,https://github.com/aws/aws-lambda-dotnet,,https://www.nuget.org/packages/Amazon.Lambda.Serialization.SystemTextJson,
AutoFixture.AutoMoq,4.18.1,103771686.0,xml docs; homepage,1,,,,,,lib/net452/AutoFixture.AutoMoq.xml,https://github.com/autofixture/autofixture,,,,https://github.com/AutoFixture/AutoFixture,,https://www.nuget.org/packages/AutoFixture.AutoMoq,
Datadog.Trace,3.53.0,103671586.0,hand-written site; readme; xml docs; homepage,2,https://docs.datadoghq.com/tracing/trace_collection/dd_libraries,,README.md,,,lib/net461/Datadog.Trace.Manual.xml,https://github.com/datadog/dd-trace-dotnet,,,,https://docs.datadoghq.com/tracing/trace_collection/dd_libraries,,https://www.nuget.org/packages/Datadog.Trace,
Microsoft.Extensions.Caching.SqlServer,10.0.11,102450677.0,hand-written site; xml docs; homepage,2,https://asp.net/,,,,,lib/net10.0/Microsoft.Extensions.Caching.SqlServer.xml,https://github.com/dotnet/aspnetcore,,,,https://asp.net/,,https://www.nuget.org/packages/Microsoft.Extensions.Caching.SqlServer,
Hangfire,1.8.25,102444701.0,hand-written site; readme; homepage,2,https://www.hangfire.io/,,README.md,,,,https://github.com/hangfireio/hangfire,,,,https://www.hangfire.io/,,https://www.nuget.org/packages/Hangfire,
runtime.osx-x64.runtime.native.System.IO.Ports,10.0.11,102440553.0,hand-written site; homepage,2,https://dot.net/,,,,,,https://github.com/dotnet/dotnet,,,,https://dot.net/,,https://www.nuget.org/packages/runtime.osx-x64.runtime.native.System.IO.Ports,
runtime.linux-arm.runtime.native.System.IO.Ports,10.0.11,102412852.0,hand-written site; homepage,2,https://dot.net/,,,,,,https://github.com/dotnet/dotnet,,,,https://dot.net/,,https://www.nuget.org/packages/runtime.linux-arm.runtime.native.System.IO.Ports,
runtime.native.System.IO.Ports,10.0.11,102406581.0,hand-written site; homepage,2,https://dot.net/,,,,,,https://github.com/dotnet/dotnet,,,,https://dot.net/,,https://www.nuget.org/packages/runtime.native.System.IO.Ports,
runtime.linux-x64.runtime.native.System.IO.Ports,10.0.11,102390638.0,hand-written site; homepage,2,https://dot.net/,,,,,,https://github.com/dotnet/dotnet,,,,https://dot.net/,,https://www.nuget.org/packages/runtime.linux-x64.runtime.native.System.IO.Ports,
runtime.linux-arm64.runtime.native.System.IO.Ports,10.0.11,102373409.0,hand-written site; homepage,2,https://dot.net/,,,,,,https://github.com/dotnet/dotnet,,,,https://dot.net/,,https://www.nuget.org/packages/runtime.linux-arm64.runtime.native.System.IO.Ports,
Mono.Cecil,0.11.6,101847185.0,homepage,1,,,,,,,https://github.com/jbevain/cecil,,,,https://github.com/jbevain/cecil/,,https://www.nuget.org/packages/Mono.Cecil,
libphonenumber-csharp,9.0.38,101727158.0,readme; xml docs; homepage,1,,,README.md,,,lib/net10.0/PhoneNumbers.xml,https://github.com/twcclegg/libphonenumber-csharp,,,,https://github.com/twcclegg/libphonenumber-csharp,,https://www.nuget.org/packages/libphonenumber-csharp,
Azure.Messaging.EventHubs,5.12.2,101574978.0,readme; xml docs; homepage,1,,,README.md,,,lib/net8.0/Azure.Messaging.EventHubs.xml,https://github.com/azure/azure-sdk-for-net,,,,https://github.com/Azure/azure-sdk-for-net/blob/Azure.Messaging.EventHubs_5.12.2/sdk/eventhub/Azure.Messaging.EventHubs/README.md,,https://www.nuget.org/packages/Azure.Messaging.EventHubs,
Validation,2.6.68,101051647.0,hand-written site; readme; xml docs; homepage,2,https://aarnott.github.io/Validation/,,README.md,,,lib/net35/Validation.xml,https://github.com/aarnott/validation,,,,https://aarnott.github.io/Validation/,,https://www.nuget.org/packages/Validation,
NSwag.MSBuild,14.7.1,100365056.0,homepage,1,,,,,,,https://github.com/ricosuter/nswag,,,,https://github.com/RicoSuter/NSwag,,https://www.nuget.org/packages/NSwag.MSBuild,
runtime.win.System.Net.Sockets,4.3.0,99981172.0,hand-written site; homepage,2,https://dot.net/,,,,,,,,,,https://dot.net/,,https://www.nuget.org/packages/runtime.win.System.Net.Sockets,
Hangfire.NetCore,1.8.25,99713060.0,hand-written site; xml docs; homepage,2,https://www.hangfire.io/,,,,,lib/net451/Hangfire.NetCore.xml,https://github.com/hangfireio/hangfire,,,,https://www.hangfire.io/,,https://www.nuget.org/packages/Hangfire.NetCore,
Microsoft.Azure.Functions.Extensions,1.1.0,99544456.0,hand-written site; homepage,2,https://go.microsoft.com/fwlink/?LinkID=320972,,,,,,https://github.com/azure/azure-functions-dotnet-extensions,,,,https://go.microsoft.com/fwlink/?LinkID=320972,,https://www.nuget.org/packages/Microsoft.Azure.Functions.Extensions,
Microsoft.AspNetCore.SpaServices,3.1.32,99253596.0,hand-written site; homepage,2,https://asp.net/,,,,,,https://github.com/dotnet/aspnetcore,,,,https://asp.net/,,https://www.nuget.org/packages/Microsoft.AspNetCore.SpaServices,
gherkin,42.0.1,99188325.0,xml docs; homepage,1,,,,,,lib/netstandard2.0/Gherkin.xml,https://github.com/cucumber/gherkin,,,,https://github.com/cucumber/gherkin,,https://www.nuget.org/packages/gherkin,
Microsoft.AspNetCore.NodeServices,3.1.32,99159541.0,hand-written site; homepage,2,https://asp.net/,,,,,,https://github.com/dotnet/aspnetcore,,,,https://asp.net/,,https://www.nuget.org/packages/Microsoft.AspNetCore.NodeServices,
K4os.Hash.xxHash,1.0.8,98436734.0,xml docs; homepage,1,,,,,,lib/net462/K4os.Hash.xxHash.xml,https://github.com/miloszkrajewski/k4os.hash.xxhash,,,,https://github.com/MiloszKrajewski/K4os.Hash.xxHash,,https://www.nuget.org/packages/K4os.Hash.xxHash,
Microsoft.Win32.Registry.AccessControl,10.0.11,98135878.0,hand-written site; xml docs; homepage,2,https://dot.net/,,,,,lib/net10.0/Microsoft.Win32.Registry.AccessControl.xml,https://github.com/dotnet/dotnet,,,,https://dot.net/,,https://www.nuget.org/packages/Microsoft.Win32.Registry.AccessControl,
Stripe.net,52.4.1,97989079.0,readme; xml docs; homepage,1,,,README.md,,,lib/net462/Stripe.net.xml,https://github.com/stripe/stripe-dotnet,,,,https://github.com/stripe/stripe-dotnet,,https://www.nuget.org/packages/Stripe.net,
Microsoft.WindowsDesktop.App.Runtime.win-x64,10.0.11,97769303.0,hand-written site; homepage,2,https://dot.net/,,,,,,https://github.com/dotnet/dotnet,,,,https://dot.net/,,https://www.nuget.org/packages/Microsoft.WindowsDesktop.App.Runtime.win-x64,
BouncyCastle.NetCore,2.2.1,97714929.0,xml docs; homepage,1,,,,,,lib/net45/BouncyCastle.Crypto.xml,https://github.com/chrishaly/bc-csharp,,,,https://github.com/chrishaly/bc-csharp,,https://www.nuget.org/packages/BouncyCastle.NetCore,
Sfa.Core.ServiceModel,4.0.2,97705984.0,,0,,,,,,,https://github.com/skillsfundingagency/core,,,,,,https://www.nuget.org/packages/Sfa.Core.ServiceModel,
Microsoft.Azure.Functions.Worker.Extensions.Http,3.3.0,97169978.0,xml docs; homepage,1,,,,,,lib/netstandard2.0/Microsoft.Azure.Functions.Worker.Extensions.Http.xml,https://github.com/azure/azure-functions-dotnet-worker,,,,https://github.com/Azure/azure-functions-dotnet-worker,,https://www.nuget.org/packages/Microsoft.Azure.Functions.Worker.Extensions.Http,
System.CommandLine,2.0.11,96858427.0,readme; xml docs; homepage,1,,,README.md,,,lib/net8.0/System.CommandLine.xml,https://github.com/dotnet/dotnet,,,,https://github.com/dotnet/command-line-api,,https://www.nuget.org/packages/System.CommandLine,
DevExpress.Xpo,26.1.4,96325822.0,hand-written site; xml docs; homepage,2,https://www.devexpress.com/xpo,,,,,lib/net462/DevExpress.Xpo.v26.1.xml,https://github.com/devexpress/xpo,,,,https://www.devexpress.com/xpo,,https://www.nuget.org/packages/DevExpress.Xpo,
Microsoft.NET.Sdk.Android.Manifest-9.0.100.Msi.x64,35.0.105,96325530.0,hand-written site; homepage,2,https://dot.net/,,,,,,,,,,https://dot.net/,,https://www.nuget.org/packages/Microsoft.NET.Sdk.Android.Manifest-9.0.100.Msi.x64,
Microsoft.AspNet.WebApi.Owin,5.3.0,96294881.0,hand-written site; xml docs; homepage,2,https://www.asp.net/web-api,,,,,lib/net45/System.Web.Http.Owin.xml,https://github.com/aspnet/aspnetwebstack,,,,https://www.asp.net/web-api,,https://www.nuget.org/packages/Microsoft.AspNet.WebApi.Owin,
Microsoft.NET.Sdk.iOS.Manifest-9.0.100.Msi.x64,26.5.9004,96285491.0,hand-written site; homepage,2,https://dot.net/,,,,,,,,,,https://dot.net/,,https://www.nuget.org/packages/Microsoft.NET.Sdk.iOS.Manifest-9.0.100.Msi.x64,
Microsoft.NET.Sdk.MacCatalyst.Manifest-9.0.100.Msi.x64,26.5.9004,96249822.0,hand-written site; homepage,2,https://dot.net/,,,,,,,,,,https://dot.net/,,https://www.nuget.org/packages/Microsoft.NET.Sdk.MacCatalyst.Manifest-9.0.100.Msi.x64,
Microsoft.NET.Sdk.macOS.Manifest-9.0.100.Msi.x64,26.5.9004,96200219.0,hand-written site; homepage,2,https://dot.net/,,,,,,,,,,https://dot.net/,,https://www.nuget.org/packages/Microsoft.NET.Sdk.macOS.Manifest-9.0.100.Msi.x64,
Microsoft.FeatureManagement.AspNetCore,4.7.0,96112883.0,xml docs; homepage,1,,,,,,lib/net10.0/Microsoft.FeatureManagement.AspNetCore.xml,https://github.com/microsoft/featuremanagement-dotnet,,,,https://github.com/microsoft/FeatureManagement-Dotnet,,https://www.nuget.org/packages/Microsoft.FeatureManagement.AspNetCore,
Microsoft.Azure.Functions.Worker.Sdk.Generators,1.4.0,96065204.0,homepage,1,,,,,,,https://github.com/azure/azure-functions-dotnet-worker,,,,https://github.com/Azure/azure-functions-dotnet-worker,,https://www.nuget.org/packages/Microsoft.Azure.Functions.Worker.Sdk.Generators,
Microsoft.NET.Sdk.tvOS.Manifest-9.0.100.Msi.x64,26.5.9004,96052826.0,hand-written site; homepage,2,https://dot.net/,,,,,,,,,,https://dot.net/,,https://www.nuget.org/packages/Microsoft.NET.Sdk.tvOS.Manifest-9.0.100.Msi.x64,
System.Reactive.Interfaces,6.1.0,95976785.0,readme; xml docs; homepage,1,,,readme.md,,,lib/net472/System.Reactive.Interfaces.xml,https://github.com/dotnet/reactive,,,,https://github.com/dotnet/reactive,,https://www.nuget.org/packages/System.Reactive.Interfaces,
Microsoft.NET.Workload.Mono.ToolChain.Current.Manifest-9.0.100.Msi.x64,9.0.19,95721864.0,hand-written site; homepage,2,https://dot.net/,,,,,,https://github.com/dotnet/runtime,,,,https://dot.net/,,https://www.nuget.org/packages/Microsoft.NET.Workload.Mono.ToolChain.Current.Manifest-9.0.100.Msi.x64,
Microsoft.NET.Sdk.Maui.Manifest-9.0.100.Msi.x64,9.0.120,95676804.0,readme; homepage,1,,,README.md,,,,https://github.com/dotnet/maui,,,,https://github.com/dotnet/maui,,https://www.nuget.org/packages/Microsoft.NET.Sdk.Maui.Manifest-9.0.100.Msi.x64,
Microsoft.NET.Workload.Emscripten.Current.Manifest-9.0.100.Msi.x64,9.0.19,95644128.0,homepage,1,,,,,,,https://github.com/dotnet/emsdk,,,,https://github.com/dotnet/emsdk,,https://www.nuget.org/packages/Microsoft.NET.Workload.Emscripten.Current.Manifest-9.0.100.Msi.x64,
Microsoft.NET.Workload.Emscripten.net6.Manifest-9.0.100.Msi.x64,9.0.19,95521206.0,homepage,1,,,,,,,https://github.com/dotnet/emsdk,,,,https://github.com/dotnet/emsdk,,https://www.nuget.org/packages/Microsoft.NET.Workload.Emscripten.net6.Manifest-9.0.100.Msi.x64,
Microsoft.NET.Workload.Emscripten.net7.Manifest-9.0.100.Msi.x64,9.0.19,95514220.0,homepage,1,,,,,,,https://github.com/dotnet/emsdk,,,,https://github.com/dotnet/emsdk,,https://www.nuget.org/packages/Microsoft.NET.Workload.Emscripten.net7.Manifest-9.0.100.Msi.x64,
LaunchDarkly.EventSource,5.3.2,95400031.0,xml docs; homepage,1,,,,,,lib/net462/LaunchDarkly.EventSource.xml,https://github.com/launchdarkly/dotnet-eventsource,,,,https://github.com/launchdarkly/dotnet-eventsource,,https://www.nuget.org/packages/LaunchDarkly.EventSource,
Microsoft.Windows.Compatibility,10.0.11,95352016.0,hand-written site; homepage,2,https://dot.net/,,,,,,https://github.com/dotnet/windowsdesktop,,,,https://dot.net/,,https://www.nuget.org/packages/Microsoft.Windows.Compatibility,
Microsoft.NET.Workload.Emscripten.net8.Manifest-9.0.100.Msi.x64,9.0.19,95343374.0,homepage,1,,,,,,,https://github.com/dotnet/emsdk,,,,https://github.com/dotnet/emsdk,,https://www.nuget.org/packages/Microsoft.NET.Workload.Emscripten.net8.Manifest-9.0.100.Msi.x64,
Newtonsoft.Json.Schema,4.0.1,95273587.0,hand-written site; readme; xml docs; homepage,2,https://www.newtonsoft.com/jsonschema,,README.md,,,lib/net35/Newtonsoft.Json.Schema.xml,https://github.com/jamesnk/newtonsoft.json.schema,,,,https://www.newtonsoft.com/jsonschema,,https://www.nuget.org/packages/Newtonsoft.Json.Schema,
Microsoft.NET.Workload.Mono.ToolChain.net6.Manifest-9.0.100.Msi.x64,9.0.19,95193987.0,hand-written site; homepage,2,https://dot.net/,,,,,,https://github.com/dotnet/runtime,,,,https://dot.net/,,https://www.nuget.org/packages/Microsoft.NET.Workload.Mono.ToolChain.net6.Manifest-9.0.100.Msi.x64,
SkiaSharp.NativeAssets.Linux.NoDependencies,4.151.2,95174589.0,hand-written site; readme; homepage,2,https://go.microsoft.com/fwlink/?linkid=868515,,README.md,,,,,,,,https://go.microsoft.com/fwlink/?linkid=868515,,https://www.nuget.org/packages/SkiaSharp.NativeAssets.Linux.NoDependencies,
Microsoft.WindowsAzure.ConfigurationManager,3.2.3,95167866.0,hand-written site; xml docs; homepage,2,https://go.microsoft.com/fwlink/?linkid=252450,,,,,lib/net40/Microsoft.WindowsAzure.Configuration.xml,,,,,https://go.microsoft.com/fwlink/?linkid=252450,,https://www.nuget.org/packages/Microsoft.WindowsAzure.ConfigurationManager,
Microsoft.NET.Workload.Mono.ToolChain.net7.Manifest-9.0.100.Msi.x64,9.0.19,95145811.0,hand-written site; homepage,2,https://dot.net/,,,,,,https://github.com/dotnet/runtime,,,,https://dot.net/,,https://www.nuget.org/packages/Microsoft.NET.Workload.Mono.ToolChain.net7.Manifest-9.0.100.Msi.x64,
SQLitePCLRaw.provider.dynamic_cdecl,3.0.5,95109284.0,,0,,,,,,,https://github.com/ericsink/sqlitepcl.raw,,,,,,https://www.nuget.org/packages/SQLitePCLRaw.provider.dynamic_cdecl,
Microsoft.AspNetCore.Server.Kestrel.Transport.Libuv,6.0.36,95052933.0,hand-written site; xml docs; homepage,2,https://asp.net/,,,,,lib/net6.0/Microsoft.AspNetCore.Server.Kestrel.Transport.Libuv.xml,https://github.com/dotnet/aspnetcore,,,,https://asp.net/,,https://www.nuget.org/packages/Microsoft.AspNetCore.Server.Kestrel.Transport.Libuv,
Microsoft.NET.Workload.Mono.ToolChain.net8.Manifest-9.0.100.Msi.x64,9.0.19,95015724.0,hand-written site; homepage,2,https://dot.net/,,,,,,https://github.com/dotnet/runtime,,,,https://dot.net/,,https://www.nuget.org/packages/Microsoft.NET.Workload.Mono.ToolChain.net8.Manifest-9.0.100.Msi.x64,
Microsoft.Extensions.Configuration.AzureKeyVault,3.1.24,94761979.0,hand-written site; xml docs; homepage,2,https://asp.net/,,,,,lib/netstandard2.0/Microsoft.Extensions.Configuration.AzureKeyVault.xml,https://github.com/aspnet/extensions,,,,https://asp.net/,,https://www.nuget.org/packages/Microsoft.Extensions.Configuration.AzureKeyVault,
Microsoft.Azure.Functions.Worker.Sdk.Analyzers,1.2.2,94585973.0,homepage,1,,,,,,,https://github.com/azure/azure-functions-dotnet-worker,,,,https://github.com/Azure/azure-functions-dotnet-worker,,https://www.nuget.org/packages/Microsoft.Azure.Functions.Worker.Sdk.Analyzers,
K4os.Compression.LZ4.Streams,1.3.8,93999203.0,xml docs; homepage,1,,,,,,lib/net462/K4os.Compression.LZ4.Streams.xml,https://github.com/miloszkrajewski/k4os.compression.lz4,,,,https://github.com/MiloszKrajewski/K4os.Compression.LZ4,,https://www.nuget.org/packages/K4os.Compression.LZ4.Streams,
Json.More.Net,3.0.1,93693421.0,readme; xml docs; homepage,1,,,README.md,,,lib/net10.0/Json.More.xml,https://github.com/json-everything/json-everything,,,,https://github.com/json-everything/json-everything,,https://www.nuget.org/packages/Json.More.Net,
Microsoft.AspNetCore.SignalR,1.2.12,93350405.0,hand-written site; xml docs; homepage,2,https://asp.net/,,,,,lib/netstandard2.0/Microsoft.AspNetCore.SignalR.xml,https://github.com/dotnet/aspnetcore,,,,https://asp.net/,,https://www.nuget.org/packages/Microsoft.AspNetCore.SignalR,
Ben.Demystifier,0.4.1,93200072.0,readme; homepage,1,,,readme.md,,,,https://github.com/benaadams/ben.demystifier,,,,https://github.com/benaadams/Ben.Demystifier,,https://www.nuget.org/packages/Ben.Demystifier,
AspNetCore.HealthChecks.Redis,9.0.0,92665363.0,xml docs; homepage,1,,,,,,lib/net8.0/HealthChecks.Redis.xml,https://github.com/xabaril/aspnetcore.diagnostics.healthchecks,,,,https://github.com/Xabaril/AspNetCore.Diagnostics.HealthChecks,,https://www.nuget.org/packages/AspNetCore.HealthChecks.Redis,
Swashbuckle.AspNetCore.Filters.Abstractions,10.0.1,91905549.0,readme; homepage,1,,,README.md,,,,https://github.com/mattfrear/swashbuckle.aspnetcore.filters,,,,https://github.com/mattfrear/Swashbuckle.AspNetCore.Filters,,https://www.nuget.org/packages/Swashbuckle.AspNetCore.Filters.Abstractions,
HarfBuzzSharp,14.2.1.102,91819993.0,hand-written site; readme; xml docs; homepage,2,https://go.microsoft.com/fwlink/?linkid=868515,,README.md,,,lib/net10.0-android36.0/HarfBuzzSharp.xml,,,,,https://go.microsoft.com/fwlink/?linkid=868515,,https://www.nuget.org/packages/HarfBuzzSharp,
Cake,1.3.0,91532094.0,hand-written site; homepage,2,https://cakebuild.net/,,,,,,https://github.com/cake-build/cake,,,,https://cakebuild.net/,,https://www.nuget.org/packages/Cake,
JWT,11.1.0,91416689.0,readme; xml docs; homepage,1,,,README.md,,,lib/net35/JWT.xml,https://github.com/jwt-dotnet/jwt,,,,https://github.com/jwt-dotnet/jwt,,https://www.nuget.org/packages/JWT,
Microsoft.Azure.AppConfiguration.AspNetCore,8.6.0,90949870.0,xml docs; homepage,1,,,,,,lib/net8.0/Microsoft.Azure.AppConfiguration.AspNetCore.xml,https://github.com/azure/azconfig-dotnetprovider,,,,https://github.com/Azure/AppConfiguration,,https://www.nuget.org/packages/Microsoft.Azure.AppConfiguration.AspNetCore,
SQLitePCLRaw.bundle_green,2.1.11,90923176.0,xml docs,0,,,,,,lib/net6.0-android31.0/SQLitePCLRaw.batteries_v2.xml,https://github.com/ericsink/sqlitepcl.raw,,,,,,https://www.nuget.org/packages/SQLitePCLRaw.bundle_green,
AspNetCore.HealthChecks.Uris,9.0.0,90819289.0,xml docs; homepage,1,,,,,,lib/net8.0/HealthChecks.Uris.xml,https://github.com/xabaril/aspnetcore.diagnostics.healthchecks,,,,https://github.com/Xabaril/AspNetCore.Diagnostics.HealthChecks,,https://www.nuget.org/packages/AspNetCore.HealthChecks.Uris,
SpecFlow.Tools.MsBuild.Generation,3.9.74,90697970.0,hand-written site; homepage,2,https://www.specflow.org/,,,,,,,,,,https://www.specflow.org/,,https://www.nuget.org/packages/SpecFlow.Tools.MsBuild.Generation,
Fody,6.9.3,90659822.0,homepage,1,,,,,,,https://github.com/fody/fody,,,,https://github.com/Fody/Fody,,https://www.nuget.org/packages/Fody,
GraphQL-Parser,9.5.1,90476088.0,readme; xml docs,0,,,README.md,,,lib/net6.0/GraphQLParser.xml,https://github.com/graphql-dotnet/parser,,,,,,https://www.nuget.org/packages/GraphQL-Parser,
Microsoft.NET.Workload.Mono.ToolChain.Manifest-6.0.300,6.0.36,90298271.0,hand-written site; homepage,2,https://dot.net/,,,,,,https://github.com/dotnet/runtime,,,,https://dot.net/,,https://www.nuget.org/packages/Microsoft.NET.Workload.Mono.ToolChain.Manifest-6.0.300,
Microsoft.NET.Workload.Emscripten.Manifest-6.0.300,6.0.36,90276463.0,homepage,1,,,,,,,https://github.com/dotnet/emsdk,,,,https://github.com/dotnet/emsdk,,https://www.nuget.org/packages/Microsoft.NET.Workload.Emscripten.Manifest-6.0.300,
NJsonSchema.NewtonsoftJson,11.6.1,89585039.0,hand-written site; readme; xml docs; homepage,2,http://njsonschema.org/,,README.md,,,lib/net462/NJsonSchema.NewtonsoftJson.xml,https://github.com/ricosuter/njsonschema,,,,http://njsonschema.org/,,https://www.nuget.org/packages/NJsonSchema.NewtonsoftJson,
GraphQL,8.8.5,89312418.0,readme; xml docs,0,,,README.md,,,lib/net5.0/GraphQL.xml,https://github.com/graphql-dotnet/graphql-dotnet,,,,,,https://www.nuget.org/packages/GraphQL,
Castle.Windsor,6.0.0,89170033.0,hand-written site; xml docs; homepage,2,http://www.castleproject.org/projects/windsor/,,,,,lib/net462/Castle.Windsor.xml,https://github.com/castleproject/windsor,,,,http://www.castleproject.org/projects/windsor/,,https://www.nuget.org/packages/Castle.Windsor,
Xamarin.AndroidX.Lifecycle.Common,2.11.0.1,88962873.0,hand-written site; readme; xml docs; homepage,2,https://aka.ms/android-libraries,,readme.md,,,lib/net10.0-android36.0/Xamarin.AndroidX.Lifecycle.Common.xml,https://github.com/dotnet/android-libraries,,,,https://aka.ms/android-libraries,,https://www.nuget.org/packages/Xamarin.AndroidX.Lifecycle.Common,
Syncfusion.Licensing,34.2.7,88823247.0,hand-written site; readme; homepage,2,https://www.syncfusion.com/?utm_source=nuget&utm_medium=listing,,README.md,,,,,,,,https://www.syncfusion.com/?utm_source=nuget&utm_medium=listing,,https://www.nuget.org/packages/Syncfusion.Licensing,
Microsoft.Bcl.Memory,10.0.11,88445104.0,hand-written site; xml docs; homepage,2,https://dot.net/,,,,,lib/net10.0/Microsoft.Bcl.Memory.xml,https://github.com/dotnet/runtime,,,,https://dot.net/,,https://www.nuget.org/packages/Microsoft.Bcl.Memory,
Microsoft.Extensions.AI.Abstractions,10.9.0,88089485.0,hand-written site; readme; xml docs; homepage,2,https://dot.net/,,README.md,,,lib/net10.0/Microsoft.Extensions.AI.Abstractions.xml,https://github.com/dotnet/extensions,,,,https://dot.net/,,https://www.nuget.org/packages/Microsoft.Extensions.AI.Abstractions,
MessagePackAnalyzer,3.1.8,87971002.0,homepage,1,,,,,,,https://github.com/messagepack-csharp/messagepack-csharp,,,,https://github.com/MessagePack-CSharp/MessagePack-CSharp,,https://www.nuget.org/packages/MessagePackAnalyzer,
NetTopologySuite.IO.SqlServerBytes,2.1.0,87908628.0,xml docs; homepage,1,,,,,,lib/netstandard2.0/NetTopologySuite.IO.SqlServerBytes.xml,https://github.com/nettopologysuite/nettopologysuite.io.sqlserverbytes,,,,https://github.com/NetTopologySuite/NetTopologySuite.IO.SqlServerBytes,,https://www.nuget.org/packages/NetTopologySuite.IO.SqlServerBytes,
Xamarin.AndroidX.Collection,1.6.0.1,87718010.0,hand-written site; readme; xml docs; homepage,2,https://aka.ms/android-libraries,,readme.md,,,lib/net10.0-android36.0/Xamarin.AndroidX.Collection.xml,https://github.com/dotnet/android-libraries,,,,https://aka.ms/android-libraries,,https://www.nuget.org/packages/Xamarin.AndroidX.Collection,
Microsoft.AspNetCore.Components.Authorization,10.0.11,87529654.0,hand-written site; xml docs; homepage,2,https://asp.net/,,,,,lib/net10.0/Microsoft.AspNetCore.Components.Authorization.xml,https://github.com/dotnet/aspnetcore,,,,https://asp.net/,,https://www.nuget.org/packages/Microsoft.AspNetCore.Components.Authorization,
Microsoft.SourceLink.GitHub,10.0.400,87499083.0,homepage,1,,,,,,,https://github.com/dotnet/dotnet,,,,https://github.com/dotnet/dotnet,,https://www.nuget.org/packages/Microsoft.SourceLink.GitHub,
Microsoft.AspNet.TelemetryCorrelation,1.0.8,87471260.0,hand-written site; xml docs; homepage,2,https://www.asp.net/,,,,,lib/net45/Microsoft.AspNet.TelemetryCorrelation.xml,https://github.com/aspnet/microsoft.aspnet.telemetrycorrelation,,,,https://www.asp.net/,,https://www.nuget.org/packages/Microsoft.AspNet.TelemetryCorrelation,
Microsoft.AspNet.Identity.Owin,2.2.4,87247157.0,xml docs; homepage,1,,,,,,lib/net45/Microsoft.AspNet.Identity.Owin.xml,https://github.com/aspnet/aspnetidentity,,,,https://github.com/aspnet/AspNetIdentity,,https://www.nuget.org/packages/Microsoft.AspNet.Identity.Owin,
Microsoft.AspNetCore.Authentication.MicrosoftAccount,10.0.11,87169962.0,hand-written site; xml docs; homepage,2,https://asp.net/,,,,,lib/net10.0/Microsoft.AspNetCore.Authentication.MicrosoftAccount.xml,https://github.com/dotnet/aspnetcore,,,,https://asp.net/,,https://www.nuget.org/packages/Microsoft.AspNetCore.Authentication.MicrosoftAccount,
Microsoft.Azure.WebJobs.Extensions.ServiceBus,5.17.0,86866238.0,readme; xml docs; homepage,1,,,README.md,,,lib/net8.0/Microsoft.Azure.WebJobs.Extensions.ServiceBus.xml,https://github.com/azure/azure-sdk-for-net,,,,https://github.com/Azure/azure-sdk-for-net/blob/Microsoft.Azure.WebJobs.Extensions.ServiceBus_5.17.0/sdk/servicebus/Microsoft.Azure.WebJobs.Extensions.ServiceBus/README.md,,https://www.nuget.org/packages/Microsoft.Azure.WebJobs.Extensions.ServiceBus,
Microsoft.Diagnostics.Runtime,4.0.732401,86723156.0,xml docs; homepage,1,,,,,,lib/net10.0/Microsoft.Diagnostics.Runtime.xml,https://github.com/microsoft/clrmd,,,,https://github.com/Microsoft/clrmd,,https://www.nuget.org/packages/Microsoft.Diagnostics.Runtime,
Google.Cloud.Iam.V1,3.5.0,86722778.0,xml docs; homepage,1,,,,,,lib/net462/Google.Cloud.Iam.V1.xml,https://github.com/googleapis/google-cloud-dotnet,,,,https://github.com/googleapis/google-cloud-dotnet,,https://www.nuget.org/packages/Google.Cloud.Iam.V1,
Microsoft.SqlServer.Types,170.1000.7,86651217.0,hand-written site; homepage,2,https://learn.microsoft.com/dotnet/api/microsoft.sqlserver.types,,,,,,,,,,https://learn.microsoft.com/dotnet/api/microsoft.sqlserver.types,,https://www.nuget.org/packages/Microsoft.SqlServer.Types,
Xamarin.AndroidX.Lifecycle.Runtime,2.11.0.1,86565351.0,hand-written site; readme; xml docs; homepage,2,https://aka.ms/android-libraries,,readme.md,,,lib/net10.0-android36.0/Xamarin.AndroidX.Lifecycle.Runtime.xml,https://github.com/dotnet/android-libraries,,,,https://aka.ms/android-libraries,,https://www.nuget.org/packages/Xamarin.AndroidX.Lifecycle.Runtime,
Microsoft.CodeAnalysis.NetAnalyzers,10.0.400,86550053.0,readme; homepage,1,,,documentation/README.md,,,,https://github.com/dotnet/dotnet,,,,https://github.com/dotnet/sdk,,https://www.nuget.org/packages/Microsoft.CodeAnalysis.NetAnalyzers,
Microsoft.NET.Workloads.10.0.200,10.204.1,86543224.0,hand-written site; readme; homepage,2,https://learn.microsoft.com/dotnet/core/tools/dotnet-workload-sets,,README.md,,,,https://github.com/dotnet/workload-versions,,,,https://learn.microsoft.com/dotnet/core/tools/dotnet-workload-sets,,https://www.nuget.org/packages/Microsoft.NET.Workloads.10.0.200,
Swashbuckle.Core,5.6.0,86401276.0,homepage,1,,,,,,,https://github.com/domaindrivendev/swashbuckle,,,,https://github.com/domaindrivendev/Swashbuckle,,https://www.nuget.org/packages/Swashbuckle.Core,
runtime.win7-x86.runtime.native.System.Data.SqlClient.sni,4.3.0,86399162.0,hand-written site; homepage,2,https://dot.net/,,,,,,,,,,https://dot.net/,,https://www.nuget.org/packages/runtime.win7-x86.runtime.native.System.Data.SqlClient.sni,
runtime.win7-x64.runtime.native.System.Data.SqlClient.sni,4.3.0,86338915.0,hand-written site; homepage,2,https://dot.net/,,,,,,,,,,https://dot.net/,,https://www.nuget.org/packages/runtime.win7-x64.runtime.native.System.Data.SqlClient.sni,
ServiceStack.Text,10.1.4,86284411.0,xml docs; homepage,1,,,,,,lib/net10.0/ServiceStack.Text.xml,https://github.com/servicestack/servicestack,,,,https://github.com/ServiceStack/ServiceStack,,https://www.nuget.org/packages/ServiceStack.Text,
Xamarin.Forms,5.0.0.2662,85882880.0,xml docs,0,,,,,,lib/MonoAndroid13.0/Xamarin.Forms.Xaml.xml,https://github.com/xamarin/xamarin.forms,,,,,,https://www.nuget.org/packages/Xamarin.Forms,
AWSSDK.KeyManagementService,4.0.100.12,85618772.0,xml docs; homepage,1,,,,,,lib/net472/AWSSDK.KeyManagementService.xml,https://github.com/aws/aws-sdk-net,,,,https://github.com/aws/aws-sdk-net/,,https://www.nuget.org/packages/AWSSDK.KeyManagementService,
Microsoft.AspNet.WebApi.Cors,5.3.0,85393123.0,hand-written site; xml docs; homepage,2,https://www.asp.net/web-api,,,,,lib/net45/System.Web.Http.Cors.xml,https://github.com/aspnet/aspnetwebstack,,,,https://www.asp.net/web-api,,https://www.nuget.org/packages/Microsoft.AspNet.WebApi.Cors,
Quartz.Extensions.DependencyInjection,3.20.1,85349579.0,hand-written site; readme; xml docs; homepage,2,https://www.quartz-scheduler.net/,,README.md,,,lib/net10.0/Quartz.Extensions.DependencyInjection.xml,https://github.com/quartznet/quartznet,,,,https://www.quartz-scheduler.net/,,https://www.nuget.org/packages/Quartz.Extensions.DependencyInjection,
Xamarin.AndroidX.Core,1.19.0.1,84995064.0,hand-written site; readme; xml docs; homepage,2,https://aka.ms/android-libraries,,readme.md,,,lib/net9.0-android35.0/Xamarin.AndroidX.Core.xml,https://github.com/dotnet/android-libraries,,,,https://aka.ms/android-libraries,,https://www.nuget.org/packages/Xamarin.AndroidX.Core,
Nito.AsyncEx,5.1.2,84272161.0,homepage,1,,,,,,,https://github.com/stephencleary/asyncex,,,,https://github.com/StephenCleary/AsyncEx,,https://www.nuget.org/packages/Nito.AsyncEx,
NServiceBus,10.2.9,84039313.0,hand-written site; xml docs; homepage,2,https://docs.particular.net/nuget/NServiceBus,,,,,lib/net10.0/NServiceBus.Core.xml,https://github.com/particular/nservicebus,,,,https://docs.particular.net/nuget/NServiceBus,,https://www.nuget.org/packages/NServiceBus,
Sentry.Extensions.Logging,6.10.0,83968797.0,hand-written site; readme; xml docs; homepage,2,https://sentry.io/,,README.md,,,lib/net10.0/Sentry.Extensions.Logging.xml,https://github.com/getsentry/sentry-dotnet,,,,https://sentry.io/,,https://www.nuget.org/packages/Sentry.Extensions.Logging,
StackExchange.Redis.StrongName,1.2.6,83908867.0,xml docs; homepage,1,,,,,,lib/net45/StackExchange.Redis.StrongName.xml,https://github.com/stackexchange/stackexchange.redis,,,,https://github.com/StackExchange/StackExchange.Redis/,,https://www.nuget.org/packages/StackExchange.Redis.StrongName,
Microsoft.AspNetCore.ResponseCompression,2.3.12,83893204.0,hand-written site; xml docs; homepage,2,https://asp.net/,,,,,lib/net462/Microsoft.AspNetCore.ResponseCompression.xml,https://github.com/dotnet/aspnetcore,,,,https://asp.net/,,https://www.nuget.org/packages/Microsoft.AspNetCore.ResponseCompression,
Microsoft.AspNetCore.Server.IIS,2.2.6,83840770.0,hand-written site; xml docs; homepage,2,https://asp.net/,,,,,lib/netstandard2.0/Microsoft.AspNetCore.Server.IIS.xml,https://github.com/aspnet/aspnetcore,,,,https://asp.net/,,https://www.nuget.org/packages/Microsoft.AspNetCore.Server.IIS,
BouncyCastle,1.8.9,83824603.0,hand-written site; readme; homepage,2,http://www.bouncycastle.org/csharp/,,README.md,,,,,,,,http://www.bouncycastle.org/csharp/,,https://www.nuget.org/packages/BouncyCastle,
LinqKit.Core,1.2.11,83591131.0,xml docs; homepage,1,,,,,,lib/net10.0/LinqKit.Core.xml,https://github.com/scottksmith95/linqkit,,,,https://github.com/scottksmith95/LINQKit,,https://www.nuget.org/packages/LinqKit.Core,
LaunchDarkly.Logging,2.0.0,83412535.0,xml docs,0,,,,,,lib/net462/LaunchDarkly.Logging.xml,,,,,,,https://www.nuget.org/packages/LaunchDarkly.Logging,
AutoFixture.Xunit2,4.18.1,83329148.0,xml docs; homepage,1,,,,,,lib/net452/AutoFixture.Xunit2.xml,https://github.com/autofixture/autofixture,,,,https://github.com/AutoFixture/AutoFixture,,https://www.nuget.org/packages/AutoFixture.Xunit2,
Microsoft.AspNetCore.OData,9.5.0,82970952.0,readme; xml docs; homepage,1,,,docs/README.md,,,lib/net8.0/Microsoft.AspNetCore.OData.xml,https://github.com/odata/webapi,,,,https://github.com/OData/AspNetCoreOData,,https://www.nuget.org/packages/Microsoft.AspNetCore.OData,
Selenium.WebDriver.ChromeDriver,152.0.7977.8200,82505129.0,readme; homepage,1,,,README.md,,,,https://github.com/jsakamoto/nupkg-selenium-webdriver-chromedriver,,,,https://github.com/jsakamoto/nupkg-selenium-webdriver-chromedriver/,,https://www.nuget.org/packages/Selenium.WebDriver.ChromeDriver,
JsonPointer.Net,7.0.3,82388466.0,readme; xml docs; homepage,1,,,README.md,,,lib/net10.0/JsonPointer.Net.xml,https://github.com/json-everything/json-everything,,,,https://github.com/json-everything/json-everything,,https://www.nuget.org/packages/JsonPointer.Net,
Iesi.Collections,4.1.1,81831236.0,readme; xml docs; homepage,1,,,README.md,,,lib/net40/Iesi.Collections.xml,https://github.com/nhibernate/iesi.collections,,,,https://github.com/nhibernate/iesi.collections,,https://www.nuget.org/packages/Iesi.Collections,
Azure.ResourceManager,1.14.0,81674916.0,readme; xml docs; homepage,1,,,README.md,,,lib/net10.0/Azure.ResourceManager.xml,https://github.com/azure/azure-sdk-for-net,,,,https://github.com/Azure/azure-sdk-for-net/blob/Azure.ResourceManager_1.14.0/sdk/resourcemanager/Azure.ResourceManager/README.md,,https://www.nuget.org/packages/Azure.ResourceManager,
LaunchDarkly.ServerSdk,8.16.2,81591311.0,readme; xml docs; homepage,1,,,README.md,,,lib/net462/LaunchDarkly.ServerSdk.xml,https://github.com/launchdarkly/dotnet-core,,,,https://github.com/launchdarkly/dotnet-core,,https://www.nuget.org/packages/LaunchDarkly.ServerSdk,
Microsoft.VisualStudio.Web.CodeGeneration.Tools,2.0.4,81434796.0,hand-written site; homepage,2,https://asp.net/,,,,,,https://github.com/aspnet/scaffolding,,,,https://asp.net/,,https://www.nuget.org/packages/Microsoft.VisualStudio.Web.CodeGeneration.Tools,
Azure.Monitor.OpenTelemetry.Exporter,1.9.0,81278809.0,readme; xml docs; homepage,1,,,README.md,,,lib/net10.0/Azure.Monitor.OpenTelemetry.Exporter.xml,https://github.com/azure/azure-sdk-for-net,,,,https://github.com/Azure/azure-sdk-for-net/blob/Azure.Monitor.OpenTelemetry.Exporter_1.8.3/sdk/monitor/Azure.Monitor.OpenTelemetry.Exporter/README.md,,https://www.nuget.org/packages/Azure.Monitor.OpenTelemetry.Exporter,
NHibernate,5.7.0,80914410.0,hand-written site; xml docs; homepage,2,https://nhibernate.info/,,,,,lib/net10.0/NHibernate.xml,https://github.com/fredericdelaporte/nhibernate-core,,,,https://nhibernate.info/,,https://www.nuget.org/packages/NHibernate,
NUglify,1.22.4,80859592.0,readme; xml docs; homepage,1,,,readme.md,,,lib/net10.0/NUglify.xml,https://github.com/jbest84/nuglify,,,,https://github.com/jbest84/NUglify,,https://www.nuget.org/packages/NUglify,
SimpleInjector,5.6.0,80829956.0,hand-written site; xml docs; homepage,2,https://simpleinjector.org/,,,,,lib/net45/SimpleInjector.xml,https://github.com/simpleinjector/simpleinjector,,,,https://simpleinjector.org/,,https://www.nuget.org/packages/SimpleInjector,
Rebus,8.9.3,80595273.0,hand-written site; readme; xml docs; homepage,2,https://rebus.fm/what-is-rebus/,,README.md,,,lib/net10.0/Rebus.xml,https://github.com/rebus-org/rebus,,,,https://rebus.fm/what-is-rebus/,,https://www.nuget.org/packages/Rebus,
SkiaSharp.NativeAssets.Linux,4.151.2,80442612.0,hand-written site; readme; homepage,2,https://go.microsoft.com/fwlink/?linkid=868515,,README.md,,,,,,,,https://go.microsoft.com/fwlink/?linkid=868515,,https://www.nuget.org/packages/SkiaSharp.NativeAssets.Linux,
NewId,4.0.1,78483899.0,xml docs,0,,,,,,lib/net6.0/NewId.xml,https://github.com/phatboyg/newid,,,,,,https://www.nuget.org/packages/NewId,
BenchmarkDotNet,0.15.8,78144383.0,xml docs; homepage,1,,,,,,lib/net6.0/BenchmarkDotNet.xml,https://github.com/dotnet/benchmarkdotnet,,,,https://github.com/dotnet/BenchmarkDotNet,,https://www.nuget.org/packages/BenchmarkDotNet,
Mapster,10.0.12,77993605.0,homepage,1,,,,,,,https://github.com/mapstermapper/mapster,,,,https://github.com/MapsterMapper/Mapster,,https://www.nuget.org/packages/Mapster,
Quartz.Extensions.Hosting,3.20.1,77387861.0,hand-written site; readme; xml docs; homepage,2,https://www.quartz-scheduler.net/,,README.md,,,lib/net10.0/Quartz.Extensions.Hosting.xml,https://github.com/quartznet/quartznet,,,,https://www.quartz-scheduler.net/,,https://www.nuget.org/packages/Quartz.Extensions.Hosting,
Microsoft.DiaSymReader.Native,1.7.0,77235099.0,homepage,1,,,,,,,https://github.com/dotnet/roslyn,,,,https://github.com/dotnet/roslyn,,https://www.nuget.org/packages/Microsoft.DiaSymReader.Native,
System.Resources.Writer,4.3.0,77181663.0,hand-written site; homepage,2,https://dot.net/,,,,,,,,,,https://dot.net/,,https://www.nuget.org/packages/System.Resources.Writer,
NUnit.ConsoleRunner,3.22.0,76868296.0,hand-written site; homepage,2,https://nunit.org/,,,,,,https://github.com/nunit/nunit-console,,,,https://nunit.org/,,https://www.nuget.org/packages/NUnit.ConsoleRunner,
QRCoder,1.8.0,76761949.0,readme; xml docs,0,,,README.md,,,lib/net35/QRCoder.xml,https://github.com/shane32/qrcoder,,,,,,https://www.nuget.org/packages/QRCoder,
Docker.DotNet,3.125.15,76308561.0,,0,,,,,,,https://github.com/dotnet/docker.dotnet,,,,,,https://www.nuget.org/packages/Docker.DotNet,
Perfolizer,0.7.5,75409720.0,homepage,1,,,,,,,https://github.com/andreyakinshin/perfolizer,,,,https://github.com/AndreyAkinshin/perfolizer,,https://www.nuget.org/packages/Perfolizer,
OpenTelemetry.PersistentStorage.FileSystem,1.1.1,75359975.0,hand-written site; readme; xml docs; homepage,2,https://opentelemetry.io/,,README.md,,,lib/net10.0/OpenTelemetry.PersistentStorage.FileSystem.xml,https://github.com/open-telemetry/opentelemetry-dotnet-contrib,,,,https://opentelemetry.io/,,https://www.nuget.org/packages/OpenTelemetry.PersistentStorage.FileSystem,
Yarp.ReverseProxy,2.3.0,75294304.0,readme; xml docs; homepage,1,,,README.md,,,lib/net6.0/Yarp.ReverseProxy.xml,https://github.com/dotnet/yarp,,,,https://github.com/dotnet/yarp,,https://www.nuget.org/packages/Yarp.ReverseProxy,
Microsoft.CodeQuality.Analyzers,3.3.2,74993096.0,homepage,1,,,,,,,https://github.com/dotnet/roslyn-analyzers,,,,https://github.com/dotnet/roslyn-analyzers,,https://www.nuget.org/packages/Microsoft.CodeQuality.Analyzers,
Octokit,14.0.0,74786154.0,xml docs; homepage,1,,,,,,lib/netstandard2.0/Octokit.xml,https://github.com/octokit/octokit.net,,,,https://github.com/octokit/octokit.net,,https://www.nuget.org/packages/Octokit,
Markdig,1.3.2,74771946.0,hand-written site; readme; xml docs; homepage,2,https://xoofx.github.io/markdig,,readme.md,,,lib/net10.0/Markdig.xml,https://github.com/xoofx/markdig,,,,https://xoofx.github.io/markdig,,https://www.nuget.org/packages/Markdig,
DotNetZip,1.16.0,74737924.0,xml docs; homepage,1,,,,,,lib/netstandard2.0/DotNetZip.xml,https://github.com/haf/dotnetzip.semverd,,,,https://github.com/haf/DotNetZip.Semverd,,https://www.nuget.org/packages/DotNetZip,
Microsoft.NetCore.Analyzers,3.3.2,74582343.0,homepage,1,,,,,,,https://github.com/dotnet/roslyn-analyzers,,,,https://github.com/dotnet/roslyn-analyzers,,https://www.nuget.org/packages/Microsoft.NetCore.Analyzers,
Microsoft.Extensions.Logging.TraceSource,10.0.11,74257862.0,hand-written site; xml docs; homepage,2,https://dot.net/,,,,,lib/net10.0/Microsoft.Extensions.Logging.TraceSource.xml,https://github.com/dotnet/runtime,,,,https://dot.net/,,https://www.nuget.org/packages/Microsoft.Extensions.Logging.TraceSource,
MathNet.Numerics,5.0.0,73745860.0,hand-written site; xml docs; homepage,2,https://numerics.mathdotnet.com/,,,,,lib/net461/MathNet.Numerics.xml,https://github.com/mathnet/mathnet-numerics,,,,https://numerics.mathdotnet.com/,,https://www.nuget.org/packages/MathNet.Numerics,
Microsoft.CodeAnalysis.FxCopAnalyzers,3.3.2,73501005.0,homepage,1,,,,,,,https://github.com/dotnet/roslyn-analyzers,,,,https://github.com/dotnet/roslyn-analyzers,,https://www.nuget.org/packages/Microsoft.CodeAnalysis.FxCopAnalyzers,
AWSSDK.SimpleEmail,4.0.100.12,73340285.0,xml docs; homepage,1,,,,,,lib/net472/AWSSDK.SimpleEmail.xml,https://github.com/aws/aws-sdk-net,,,,https://github.com/aws/aws-sdk-net/,,https://www.nuget.org/packages/AWSSDK.SimpleEmail,
jose-jwt,5.3.0,73169690.0,readme; homepage,1,,,README.md,,,,https://github.com/dvsekhvalnov/jose-jwt,,,,https://github.com/dvsekhvalnov/jose-jwt,,https://www.nuget.org/packages/jose-jwt,
Microsoft.AspNetCore.MiddlewareAnalysis,10.0.11,73135307.0,hand-written site; xml docs; homepage,2,https://asp.net/,,,,,lib/net10.0/Microsoft.AspNetCore.MiddlewareAnalysis.xml,https://github.com/dotnet/aspnetcore,,,,https://asp.net/,,https://www.nuget.org/packages/Microsoft.AspNetCore.MiddlewareAnalysis,
ncrontab,3.4.0,72805800.0,readme; xml docs; homepage,1,,,README.md,,,lib/net35/NCrontab.xml,https://github.com/atifaziz/ncrontab,,,,https://github.com/atifaziz/NCrontab,,https://www.nuget.org/packages/ncrontab,
Microsoft.NetFramework.Analyzers,3.3.2,72545070.0,homepage,1,,,,,,,https://github.com/dotnet/roslyn-analyzers,,,,https://github.com/dotnet/roslyn-analyzers,,https://www.nuget.org/packages/Microsoft.NetFramework.Analyzers,
Microsoft.AspNetCore.Components.WebAssembly,10.0.11,72503461.0,hand-written site; xml docs; homepage,2,https://asp.net/,,,,,lib/net10.0/Microsoft.AspNetCore.Components.WebAssembly.xml,https://github.com/dotnet/aspnetcore,,,,https://asp.net/,,https://www.nuget.org/packages/Microsoft.AspNetCore.Components.WebAssembly,
Ninject,3.3.6,72486840.0,hand-written site; xml docs; homepage,2,http://www.ninject.org/,,,,,lib/net45/Ninject.xml,https://github.com/ninject/ninject,,,,http://www.ninject.org/,,https://www.nuget.org/packages/Ninject,
Microsoft.AspNetCore.Session,2.3.12,72467319.0,hand-written site; xml docs; homepage,2,https://asp.net/,,,,,lib/netstandard2.0/Microsoft.AspNetCore.Session.xml,https://github.com/dotnet/aspnetcore,,,,https://asp.net/,,https://www.nuget.org/packages/Microsoft.AspNetCore.Session,
Azure.Storage.Files.Shares,12.27.1,72327210.0,readme; xml docs; homepage,1,,,README.md,,,lib/net10.0/Azure.Storage.Files.Shares.xml,https://github.com/azure/azure-sdk-for-net,,,,https://github.com/Azure/azure-sdk-for-net/blob/Azure.Storage.Files.Shares_12.27.1/sdk/storage/Azure.Storage.Files.Shares/README.md,,https://www.nuget.org/packages/Azure.Storage.Files.Shares,
WindowsAzure.ServiceBus,7.0.1,72199055.0,hand-written site; xml docs; homepage,2,https://go.microsoft.com/fwlink/?LinkId=218964,,,,,lib/net462/Microsoft.ServiceBus.xml,,,,,https://go.microsoft.com/fwlink/?LinkId=218964,,https://www.nuget.org/packages/WindowsAzure.ServiceBus,
Microsoft.UI.Xaml,2.8.7,72023551.0,readme; xml docs; homepage,1,,,readme.txt,,,lib/net8.0-windows10.0.22621.0/Microsoft.UI.Xaml.Projection.xml,https://github.com/microsoft/microsoft-ui-xaml,,,,https://github.com/microsoft/microsoft-ui-xaml,,https://www.nuget.org/packages/Microsoft.UI.Xaml,
System.Data.SQLite.Core,1.0.119,71847291.0,hand-written site; homepage,2,https://system.data.sqlite.org/,,,,,,,,,,https://system.data.sqlite.org/,,https://www.nuget.org/packages/System.Data.SQLite.Core,
Microsoft.AspNetCore.Owin,10.0.11,71776250.0,hand-written site; xml docs; homepage,2,https://asp.net/,,,,,lib/net10.0/Microsoft.AspNetCore.Owin.xml,https://github.com/dotnet/aspnetcore,,,,https://asp.net/,,https://www.nuget.org/packages/Microsoft.AspNetCore.Owin,
DistributedLock.Core,1.0.9,71604778.0,xml docs; homepage,1,,,,,,lib/net462/DistributedLock.Core.xml,https://github.com/madelson/distributedlock,,,,https://github.com/madelson/DistributedLock,,https://www.nuget.org/packages/DistributedLock.Core,
Xamarin.AndroidX.Fragment,1.9.0,70647495.0,hand-written site; readme; xml docs; homepage,2,https://aka.ms/android-libraries,,readme.md,,,lib/net9.0-android35.0/Xamarin.AndroidX.Fragment.xml,https://github.com/dotnet/android-libraries,,,,https://aka.ms/android-libraries,,https://www.nuget.org/packages/Xamarin.AndroidX.Fragment,
semver,3.0.0,70617446.0,readme; xml docs; homepage,1,,,README.md,,,lib/net5.0/Semver.xml,https://github.com/walkercoderanger/semver,,,,https://github.com/WalkerCodeRanger/semver,,https://www.nuget.org/packages/semver,
OneOf,3.0.271,70236245.0,homepage,1,,,,,,,https://github.com/mcintyre321/oneof,,,,https://github.com/mcintyre321/OneOf/,,https://www.nuget.org/packages/OneOf,
MiniProfiler.Shared,4.5.4,69968347.0,hand-written site; xml docs; homepage,2,https://miniprofiler.com/,,,,,lib/net472/MiniProfiler.Shared.xml,https://github.com/miniprofiler/dotnet,,,,https://miniprofiler.com/,,https://www.nuget.org/packages/MiniProfiler.Shared,
Microsoft.AspNet.SignalR.Core,2.4.3,69845029.0,hand-written site; xml docs; homepage,2,https://www.asp.net/signalr,,,,,lib/net45/Microsoft.AspNet.SignalR.Core.xml,https://github.com/signalr/signalr,,,,https://www.asp.net/signalr,,https://www.nuget.org/packages/Microsoft.AspNet.SignalR.Core,
BenchmarkDotNet.Annotations,0.15.8,69757093.0,xml docs; homepage,1,,,,,,lib/netstandard2.0/BenchmarkDotNet.Annotations.xml,https://github.com/dotnet/benchmarkdotnet,,,,https://github.com/dotnet/BenchmarkDotNet,,https://www.nuget.org/packages/BenchmarkDotNet.Annotations,
Iced,1.21.0,69346256.0,xml docs; homepage,1,,,,,,lib/net45/Iced.xml,https://github.com/icedland/iced,,,,https://github.com/icedland/iced,,https://www.nuget.org/packages/Iced,
OpenTelemetry.Instrumentation.EntityFrameworkCore,1.18.0-beta.1,68739848.0,hand-written site; readme; xml docs; homepage,2,https://opentelemetry.io/,,README.md,,,lib/net10.0/OpenTelemetry.Instrumentation.EntityFrameworkCore.xml,https://github.com/open-telemetry/opentelemetry-dotnet-contrib,,,,https://opentelemetry.io/,,https://www.nuget.org/packages/OpenTelemetry.Instrumentation.EntityFrameworkCore,
Microsoft.VisualStudio.SolutionPersistence,1.0.52,68322308.0,xml docs; homepage,1,,,,,,lib/net472/Microsoft.VisualStudio.SolutionPersistence.xml,https://github.com/microsoft/vs-solutionpersistence,,,,https://github.com/microsoft/vs-solutionpersistence,,https://www.nuget.org/packages/Microsoft.VisualStudio.SolutionPersistence,
Microsoft.Azure.SignalR.Protocols,1.33.1,68014854.0,hand-written site; xml docs; homepage,2,https://aka.ms/signalr_service,,,,,lib/netstandard2.0/Microsoft.Azure.SignalR.Protocols.xml,https://github.com/azure/azure-signalr,,,,https://aka.ms/signalr_service,,https://www.nuget.org/packages/Microsoft.Azure.SignalR.Protocols,
Microsoft.Azure.SignalR,1.33.1,67891292.0,hand-written site; xml docs; homepage,2,https://aka.ms/signalr_service,,,,,lib/net8.0/Microsoft.Azure.SignalR.Common.xml,https://github.com/azure/azure-signalr,,,,https://aka.ms/signalr_service,,https://www.nuget.org/packages/Microsoft.Azure.SignalR,
Microsoft.AspNetCore.DataProtection.StackExchangeRedis,10.0.11,67739550.0,hand-written site; xml docs; homepage,2,https://asp.net/,,,,,lib/net10.0/Microsoft.AspNetCore.DataProtection.StackExchangeRedis.xml,https://github.com/dotnet/aspnetcore,,,,https://asp.net/,,https://www.nuget.org/packages/Microsoft.AspNetCore.DataProtection.StackExchangeRedis,
Consul,1.8.0,67697682.0,hand-written site; xml docs; homepage,2,https://consuldot.net/,,,,,lib/net461/Consul.xml,https://github.com/g-research/consuldotnet,,,,https://consuldot.net/,,https://www.nuget.org/packages/Consul,
Microsoft.AspNetCore.Server.HttpSys,2.3.12,67647364.0,hand-written site; xml docs; homepage,2,https://asp.net/,,,,,lib/netstandard2.0/Microsoft.AspNetCore.Server.HttpSys.xml,https://github.com/dotnet/aspnetcore,,,,https://asp.net/,,https://www.nuget.org/packages/Microsoft.AspNetCore.Server.HttpSys,
OpenAI,2.13.0,67269399.0,readme; xml docs; homepage,1,,,README.md,,,lib/net10.0/OpenAI.xml,https://github.com/openai/openai-dotnet,,,,https://github.com/openai/openai-dotnet/tree/OpenAI_2.13.0,,https://www.nuget.org/packages/OpenAI,
Microsoft.AspNetCore.Rewrite,2.3.12,67091532.0,hand-written site; xml docs; homepage,2,https://asp.net/,,,,,lib/netstandard2.0/Microsoft.AspNetCore.Rewrite.xml,https://github.com/dotnet/aspnetcore,,,,https://asp.net/,,https://www.nuget.org/packages/Microsoft.AspNetCore.Rewrite,
Xamarin.AndroidX.Activity,1.13.0.1,66962247.0,hand-written site; readme; xml docs; homepage,2,https://aka.ms/android-libraries,,readme.md,,,lib/net9.0-android35.0/Xamarin.AndroidX.Activity.xml,https://github.com/dotnet/android-libraries,,,,https://aka.ms/android-libraries,,https://www.nuget.org/packages/Xamarin.AndroidX.Activity,
TestableIO.System.IO.Abstractions.Wrappers,22.2.0,66914071.0,readme; xml docs; homepage,1,,,README.md,,,lib/net10.0/TestableIO.System.IO.Abstractions.Wrappers.xml,https://github.com/testableio/system.io.abstractions,,,,https://github.com/TestableIO/System.IO.Abstractions,,https://www.nuget.org/packages/TestableIO.System.IO.Abstractions.Wrappers,
Microsoft.VisualStudio.Threading,18.7.23,66680024.0,hand-written site; readme; homepage,2,https://microsoft.github.io/vs-threading/,,README.md,,,,https://github.com/microsoft/vs-threading,,,,https://microsoft.github.io/vs-threading/,,https://www.nuget.org/packages/Microsoft.VisualStudio.Threading,
Xamarin.AndroidX.Loader,1.2.0,66577634.0,hand-written site; readme; xml docs; homepage,2,https://aka.ms/android-libraries,,readme.md,,,lib/net10.0-android36.0/Xamarin.AndroidX.Loader.xml,https://github.com/dotnet/android-libraries,,,,https://aka.ms/android-libraries,,https://www.nuget.org/packages/Xamarin.AndroidX.Loader,
Apache.Avro,1.12.2,66436923.0,hand-written site; readme; xml docs; homepage,2,https://avro.apache.org/,,README.md,,,lib/netstandard2.0/Avro.xml,https://github.com/apache/avro,,,,https://avro.apache.org/,,https://www.nuget.org/packages/Apache.Avro,
Cronos,0.13.0,65801590.0,readme; xml docs; homepage,1,,,README.md,,,lib/net40/Cronos.xml,https://github.com/hangfireio/cronos,,,,https://github.com/HangfireIO/Cronos,,https://www.nuget.org/packages/Cronos,
Respond,1.4.2,64619971.0,homepage,1,,,,,,,https://github.com/scottjehl/respond,,,,https://github.com/scottjehl/Respond,,https://www.nuget.org/packages/Respond,
FastMember,1.5.0,64092540.0,homepage,1,,,,,,,https://github.com/mgravell/fast-member,,,,https://github.com/mgravell/fast-member,,https://www.nuget.org/packages/FastMember,
OpenTelemetry.Instrumentation.Process,1.18.0-rc.1,63031249.0,hand-written site; readme; xml docs; homepage,2,https://opentelemetry.io/,,README.md,,,lib/net10.0/OpenTelemetry.Instrumentation.Process.xml,https://github.com/open-telemetry/opentelemetry-dotnet-contrib,,,,https://opentelemetry.io/,,https://www.nuget.org/packages/OpenTelemetry.Instrumentation.Process,
Microsoft.AspNet.Identity.EntityFramework,2.2.4,62925369.0,xml docs; homepage,1,,,,,,lib/net45/Microsoft.AspNet.Identity.EntityFramework.xml,https://github.com/aspnet/aspnetidentity,,,,https://github.com/aspnet/AspNetIdentity,,https://www.nuget.org/packages/Microsoft.AspNet.Identity.EntityFramework,
xunit.runner.console,2.9.3,62593868.0,readme,0,,,_content/README.md,,,,https://github.com/xunit/xunit,,,,,,https://www.nuget.org/packages/xunit.runner.console,
ReportGenerator,5.5.11,62244710.0,readme; homepage,1,,,Readme.md,,,,https://github.com/danielpalme/reportgenerator,,,,https://github.com/danielpalme/ReportGenerator,,https://www.nuget.org/packages/ReportGenerator,
OpenTelemetry.Exporter.Prometheus.AspNetCore,1.18.0-beta.1,62059910.0,hand-written site; readme; xml docs; homepage,2,https://opentelemetry.io/,,README.md,,,lib/net10.0/OpenTelemetry.Exporter.Prometheus.AspNetCore.xml,https://github.com/open-telemetry/opentelemetry-dotnet,,,,https://opentelemetry.io/,,https://www.nuget.org/packages/OpenTelemetry.Exporter.Prometheus.AspNetCore,
Microsoft.Playwright,1.62.0,61718739.0,readme; xml docs; homepage,1,,,.playwright/package/README.md,,,lib/netstandard2.0/Microsoft.Playwright.xml,https://github.com/microsoft/playwright-dotnet,,,,https://github.com/microsoft/playwright-dotnet,,https://www.nuget.org/packages/Microsoft.Playwright,
jQuery.UI.Combined,1.14.1,61343146.0,hand-written site; homepage,2,http://jqueryui.com/,,,,,,,,,,http://jqueryui.com/,,https://www.nuget.org/packages/jQuery.UI.Combined,
Microsoft.Rest.ClientRuntime.Azure.Authentication,2.4.1,61249133.0,xml docs; homepage,1,,,,,,lib/net461/Microsoft.Rest.ClientRuntime.Azure.Authentication.xml,https://github.com/azure/azure-sdk-for-net,,,,https://github.com/Azure/azure-sdk-for-net,,https://www.nuget.org/packages/Microsoft.Rest.ClientRuntime.Azure.Authentication,
Microsoft.Azure.Cosmos.Table,1.0.8,61144103.0,hand-written site; xml docs; homepage,2,https://go.microsoft.com/fwlink/?LinkId=848761,,,,,lib/netstandard2.0/Microsoft.Azure.Cosmos.Table.xml,,,,,https://go.microsoft.com/fwlink/?LinkId=848761,,https://www.nuget.org/packages/Microsoft.Azure.Cosmos.Table,
Microsoft.CodeAnalysis.VersionCheckAnalyzer,3.3.2,61135923.0,homepage,1,,,,,,,https://github.com/dotnet/roslyn-analyzers,,,,https://github.com/dotnet/roslyn-analyzers,,https://www.nuget.org/packages/Microsoft.CodeAnalysis.VersionCheckAnalyzer,
BCrypt.Net-Next,4.2.1,61104576.0,readme; homepage,1,,,readme.md,,,,https://github.com/bcryptnet/bcrypt.net,,,,https://github.com/BcryptNet/bcrypt.net,,https://www.nuget.org/packages/BCrypt.Net-Next,
OpenTelemetry.Instrumentation.GrpcNetClient,1.18.0-beta.1,60654531.0,hand-written site; readme; xml docs; homepage,2,https://opentelemetry.io/,,README.md,,,lib/net10.0/OpenTelemetry.Instrumentation.GrpcNetClient.xml,https://github.com/open-telemetry/opentelemetry-dotnet-contrib,,,,https://opentelemetry.io/,,https://www.nuget.org/packages/OpenTelemetry.Instrumentation.GrpcNetClient,
Xunit.SkippableFact,1.5.85,60330610.0,readme; xml docs; homepage,1,,,README.md,,,lib/net462/Xunit.SkippableFact.xml,https://github.com/aarnott/xunit.skippablefact,,,,https://github.com/AArnott/Xunit.SkippableFact,,https://www.nuget.org/packages/Xunit.SkippableFact,
AWSSDK.Kinesis,4.0.103.1,59899637.0,xml docs; homepage,1,,,,,,lib/net472/AWSSDK.Kinesis.xml,https://github.com/aws/aws-sdk-net,,,,https://github.com/aws/aws-sdk-net/,,https://www.nuget.org/packages/AWSSDK.Kinesis,
xunit.v3.extensibility.core,4.0.0,59190514.0,readme; xml docs,0,,,_content/README.md,,,lib/netstandard2.0/xunit.v3.core.xml,https://github.com/xunit/xunit,,,,,,https://www.nuget.org/packages/xunit.v3.extensibility.core,
Microsoft.AspNetCore.Mvc.Razor.ViewCompilation,2.3.0,59185835.0,hand-written site; homepage,2,https://asp.net/,,,,,,https://github.com/dotnet/aspnetcore,,,,https://asp.net/,,https://www.nuget.org/packages/Microsoft.AspNetCore.Mvc.Razor.ViewCompilation,
LazyCache,2.4.0,58900484.0,homepage,1,,,,,,,https://github.com/alastairtree/lazycache,,,,https://github.com/alastairtree/LazyCache,,https://www.nuget.org/packages/LazyCache,
Magick.NET.Core,14.17.1,58347658.0,readme; xml docs; homepage,1,,,docs/Readme.md,,,lib/net8.0/Magick.NET.Core.xml,https://github.com/dlemstra/magick.net,,,,https://github.com/dlemstra/Magick.NET,,https://www.nuget.org/packages/Magick.NET.Core,
FluentFTP,54.2.1,57923438.0,xml docs; homepage,1,,,,,,lib/net462/FluentFTP.xml,https://github.com/robinrodricks/fluentftp,,,,https://github.com/robinrodricks/FluentFTP,,https://www.nuget.org/packages/FluentFTP,
Microsoft.TestPlatform.AdapterUtilities,18.9.0,57804394.0,readme; xml docs; homepage,1,,,README.md,,,lib/net462/Microsoft.TestPlatform.AdapterUtilities.xml,https://github.com/microsoft/vstest,,,,https://github.com/microsoft/vstest,,https://www.nuget.org/packages/Microsoft.TestPlatform.AdapterUtilities,
Microsoft.AspNet.WebApi.HelpPage,5.3.0,57510254.0,hand-written site; homepage,2,https://www.asp.net/web-api,,,,,,https://github.com/aspnet/aspnetwebstack,,,,https://www.asp.net/web-api,,https://www.nuget.org/packages/Microsoft.AspNet.WebApi.HelpPage,
Microsoft.AspNetCore.Authentication.Negotiate,10.0.11,56812183.0,hand-written site; xml docs; homepage,2,https://asp.net/,,,,,lib/net10.0/Microsoft.AspNetCore.Authentication.Negotiate.xml,https://github.com/dotnet/aspnetcore,,,,https://asp.net/,,https://www.nuget.org/packages/Microsoft.AspNetCore.Authentication.Negotiate,
Handlebars.Net.Helpers,2.5.5,56265380.0,homepage,1,,,,,,,https://github.com/handlebars-net/handlebars.net.helpers,,,,https://github.com/Handlebars-Net/Handlebars.Net.Helpers,,https://www.nuget.org/packages/Handlebars.Net.Helpers,
Microsoft.AspNetCore.DataProtection.EntityFrameworkCore,10.0.11,56023381.0,hand-written site; xml docs; homepage,2,https://asp.net/,,,,,lib/net10.0/Microsoft.AspNetCore.DataProtection.EntityFrameworkCore.xml,https://github.com/dotnet/aspnetcore,,,,https://asp.net/,,https://www.nuget.org/packages/Microsoft.AspNetCore.DataProtection.EntityFrameworkCore,
Microsoft.Owin.Hosting,4.2.3,55779739.0,xml docs; homepage,1,,,,,,lib/net45/Microsoft.Owin.Hosting.xml,https://github.com/aspnet/aspnetkatana,,,,https://github.com/aspnet/AspNetKatana,,https://www.nuget.org/packages/Microsoft.Owin.Hosting,
Microsoft.OpenApi.Readers,1.6.31,55695137.0,readme; homepage,1,,,README.md,,,,https://github.com/microsoft/openapi.net,,,,https://github.com/Microsoft/OpenAPI.NET,,https://www.nuget.org/packages/Microsoft.OpenApi.Readers,
Microsoft.Azure.WebJobs.Extensions.Storage,5.3.9,55072328.0,readme; homepage,1,,,README.md,,,,https://github.com/azure/azure-sdk-for-net,,,,https://github.com/Azure/azure-sdk-for-net/blob/Microsoft.Azure.WebJobs.Extensions.Storage_5.3.8/sdk/storage/Microsoft.Azure.WebJobs.Extensions.Storage/README.md,,https://www.nuget.org/packages/Microsoft.Azure.WebJobs.Extensions.Storage,
Spectre.Console,0.57.2,54651993.0,readme; xml docs; homepage,1,,,README.md,,,lib/net10.0/Spectre.Console.xml,https://github.com/spectreconsole/spectre.console,,,,https://github.com/spectreconsole/spectre.console,,https://www.nuget.org/packages/Spectre.Console,
Microsoft.NETCore.App.Host.linux-arm64,10.0.11,54499053.0,hand-written site; homepage,2,https://dot.net/,,,,,,https://github.com/dotnet/dotnet,,,,https://dot.net/,,https://www.nuget.org/packages/Microsoft.NETCore.App.Host.linux-arm64,
SQLitePCLRaw.lib.e_sqlite3.linux,1.1.14,54168974.0,homepage,1,,,,,,,https://github.com/ericsink/sqlitepcl.raw,,,,https://github.com/ericsink/SQLitePCL.raw,,https://www.nuget.org/packages/SQLitePCLRaw.lib.e_sqlite3.linux,
SQLitePCLRaw.lib.e_sqlite3.v110_xp,1.1.15,54146489.0,homepage,1,,,,,,,https://github.com/ericsink/sqlitepcl.raw,,,,https://github.com/ericsink/SQLitePCL.raw,,https://www.nuget.org/packages/SQLitePCLRaw.lib.e_sqlite3.v110_xp,
SQLitePCLRaw.lib.e_sqlite3.osx,1.1.14,54013682.0,homepage,1,,,,,,,https://github.com/ericsink/sqlitepcl.raw,,,,https://github.com/ericsink/SQLitePCL.raw,,https://www.nuget.org/packages/SQLitePCLRaw.lib.e_sqlite3.osx,
Microsoft.OData.ModelBuilder,3.0.0,53928428.0,xml docs; homepage,1,,,,,,lib/net10.0/Microsoft.OData.ModelBuilder.xml,https://github.com/odata/modelbuilder,,,,https://github.com/OData/ModelBuilder,,https://www.nuget.org/packages/Microsoft.OData.ModelBuilder,
Utf8Json,1.3.7,53853170.0,xml docs; homepage,1,,,,,,lib/net47/Utf8Json.xml,https://github.com/neuecc/utf8json,,,,https://github.com/neuecc/Utf8Json/,,https://www.nuget.org/packages/Utf8Json,
Z.EntityFramework.Plus.EFCore,10.105.8,53852182.0,hand-written site; readme; xml docs; homepage,2,http://entityframework-plus.net/,,readme.md,,,lib/net10.0/Z.EntityFramework.Plus.EFCore.xml,https://github.com/zzzprojects/entityframework-plus,,,,http://entityframework-plus.net/,,https://www.nuget.org/packages/Z.EntityFramework.Plus.EFCore,
Microsoft.AspNetCore.HttpsPolicy,2.3.12,53785289.0,hand-written site; xml docs; homepage,2,https://asp.net/,,,,,lib/netstandard2.0/Microsoft.AspNetCore.HttpsPolicy.xml,https://github.com/dotnet/aspnetcore,,,,https://asp.net/,,https://www.nuget.org/packages/Microsoft.AspNetCore.HttpsPolicy,
SixLabors.ImageSharp.Drawing,3.1.0,53309112.0,xml docs; homepage,1,,,,,,lib/net8.0/SixLabors.ImageSharp.Drawing.xml,https://github.com/sixlabors/imagesharp.drawing,,,,https://github.com/SixLabors/ImageSharp.Drawing,,https://www.nuget.org/packages/SixLabors.ImageSharp.Drawing,
SkiaSharp.HarfBuzz,4.151.2,53273005.0,hand-written site; readme; homepage,2,https://go.microsoft.com/fwlink/?linkid=868515,,README.md,,,,,,,,https://go.microsoft.com/fwlink/?linkid=868515,,https://www.nuget.org/packages/SkiaSharp.HarfBuzz,
Serilog.Sinks.OpenTelemetry,4.2.0,52926331.0,readme; xml docs; homepage,1,,,README.md,,,lib/net462/Serilog.Sinks.OpenTelemetry.xml,https://github.com/serilog/serilog-sinks-opentelemetry,,,,https://github.com/serilog/serilog-sinks-opentelemetry,,https://www.nuget.org/packages/Serilog.Sinks.OpenTelemetry,
WireMock.Net,2.15.0,52713692.0,xml docs; homepage,1,,,,,,lib/net462/WireMock.Net.xml,https://github.com/wiremock/wiremock.net,,,,https://github.com/wiremock/WireMock.Net,,https://www.nuget.org/packages/WireMock.Net,
Cucumber.Messages,34.2.1,52600811.0,xml docs; homepage,1,,,,,,lib/netstandard2.0/Cucumber.Messages.xml,https://github.com/cucumber/messages,,,,https://github.com/cucumber/messages,,https://www.nuget.org/packages/Cucumber.Messages,
AWSSDK.EC2,4.0.117,52528799.0,xml docs; homepage,1,,,,,,lib/net472/AWSSDK.EC2.xml,https://github.com/aws/aws-sdk-net,,,,https://github.com/aws/aws-sdk-net/,,https://www.nuget.org/packages/AWSSDK.EC2,
Microsoft.NETFramework.ReferenceAssemblies.net472,1.0.3,52321173.0,homepage,1,,,,,,,https://github.com/microsoft/dotnet,,,,https://github.com/Microsoft/dotnet/tree/master/releases/reference-assemblies,,https://www.nuget.org/packages/Microsoft.NETFramework.ReferenceAssemblies.net472,
Npgsql.OpenTelemetry,10.0.3,52227855.0,readme; xml docs; homepage,1,,,README.md,,,lib/net8.0/Npgsql.OpenTelemetry.xml,https://github.com/npgsql/npgsql,,,,https://github.com/npgsql/npgsql,,https://www.nuget.org/packages/Npgsql.OpenTelemetry,
Microsoft.VisualStudio.Web.BrowserLink,2.2.0,52169382.0,hand-written site; xml docs; homepage,2,https://asp.net/,,,,,lib/netstandard2.0/Microsoft.VisualStudio.Web.BrowserLink.xml,https://github.com/aspnet/browserlink,,,,https://asp.net/,,https://www.nuget.org/packages/Microsoft.VisualStudio.Web.BrowserLink,
Scriban,7.4.0,52161173.0,hand-written site; readme; xml docs; homepage,2,https://scriban.github.io/,,readme.md,,,lib/net8.0/Scriban.xml,https://github.com/scriban/scriban,,,,https://scriban.github.io/,,https://www.nuget.org/packages/Scriban,
itext7,9.7.0,51959749.0,hand-written site; homepage,2,https://itextpdf.com/,,,,,,https://github.com/itext/itext7-dotnet,,,,https://itextpdf.com/,,https://www.nuget.org/packages/itext7,
Azure.AI.OpenAI,2.1.0,51719669.0,readme; xml docs; homepage,1,,,README.md,,,lib/netstandard2.0/Azure.AI.OpenAI.xml,https://github.com/azure/azure-sdk-for-net,,,,https://github.com/Azure/azure-sdk-for-net/blob/Azure.AI.OpenAI_2.1.0/sdk/openai/Azure.AI.OpenAI/README.md,,https://www.nuget.org/packages/Azure.AI.OpenAI,
Microsoft.Azure.Functions.Worker.Extensions.Http.AspNetCore,2.1.1,51668292.0,xml docs; homepage,1,,,,,,lib/net6.0/Microsoft.Azure.Functions.Worker.Extensions.Http.AspNetCore.xml,https://github.com/azure/azure-functions-dotnet-worker,,,,https://github.com/Azure/azure-functions-dotnet-worker,,https://www.nuget.org/packages/Microsoft.Azure.Functions.Worker.Extensions.Http.AspNetCore,
FluentMigrator,8.0.1,51571940.0,readme; xml docs; homepage,1,,,README-nuget.md,,,lib/net48/FluentMigrator.xml,https://github.com/fluentmigrator/fluentmigrator,,,,https://github.com/fluentmigrator/fluentmigrator/wiki,,https://www.nuget.org/packages/FluentMigrator,
Microsoft.AspNet.SignalR.SystemWeb,2.4.3,50882535.0,hand-written site; xml docs; homepage,2,https://www.asp.net/signalr,,,,,lib/net45/Microsoft.AspNet.SignalR.SystemWeb.xml,https://github.com/signalr/signalr,,,,https://www.asp.net/signalr,,https://www.nuget.org/packages/Microsoft.AspNet.SignalR.SystemWeb,
Lucene.Net,3.0.3,50668076.0,hand-written site; xml docs; homepage,2,http://lucenenet.apache.org/,,,,,lib/NET35/Lucene.Net.XML,,,,,http://lucenenet.apache.org/,,https://www.nuget.org/packages/Lucene.Net,
Microsoft.Owin.Cors,4.2.3,50443812.0,xml docs; homepage,1,,,,,,lib/net45/Microsoft.Owin.Cors.xml,https://github.com/aspnet/aspnetkatana,,,,https://github.com/aspnet/AspNetKatana,,https://www.nuget.org/packages/Microsoft.Owin.Cors,
Castle.Core.AsyncInterceptor,2.1.0,50328019.0,xml docs; homepage,1,,,,,,lib/net45/Castle.Core.AsyncInterceptor.xml,https://github.com/jskimming/castle.core.asyncinterceptor,,,,https://github.com/JSkimming/Castle.Core.AsyncInterceptor,,https://www.nuget.org/packages/Castle.Core.AsyncInterceptor,
RichardSzalay.MockHttp,7.1.0,49924069.0,readme; xml docs,0,,,README.md,,,lib/net5.0/RichardSzalay.MockHttp.xml,https://github.com/richardszalay/mockhttp,,,,,,https://www.nuget.org/packages/RichardSzalay.MockHttp,
Ardalis.GuardClauses,5.0.0,49880344.0,readme; xml docs; homepage,1,,,README.md,,,lib/net8.0/Ardalis.GuardClauses.xml,https://github.com/ardalis/guardclauses,,,,https://github.com/ardalis/guardclauses,,https://www.nuget.org/packages/Ardalis.GuardClauses,
NodaTime.Serialization.JsonNet,3.3.0,49694841.0,hand-written site; readme; xml docs; homepage,2,https://nodatime.org/,,README.md,,,lib/netstandard2.0/NodaTime.Serialization.JsonNet.xml,https://github.com/nodatime/nodatime.serialization,,,,https://nodatime.org/,,https://www.nuget.org/packages/NodaTime.Serialization.JsonNet,
Microsoft.Owin.Security.OpenIdConnect,4.2.3,49611829.0,xml docs; homepage,1,,,,,,lib/net45/Microsoft.Owin.Security.OpenIdConnect.xml,https://github.com/aspnet/aspnetkatana,,,,https://github.com/aspnet/AspNetKatana,,https://www.nuget.org/packages/Microsoft.Owin.Security.OpenIdConnect,
Microsoft.AspNetCore.Components.WebAssembly.Authentication,10.0.11,49396700.0,hand-written site; xml docs; homepage,2,https://asp.net/,,,,,lib/net10.0/Microsoft.AspNetCore.Components.WebAssembly.Authentication.xml,https://github.com/dotnet/aspnetcore,,,,https://asp.net/,,https://www.nuget.org/packages/Microsoft.AspNetCore.Components.WebAssembly.Authentication,
ZXing.Net,0.16.11,49132277.0,readme; xml docs; homepage,1,,,docs/README.md,,,lib/net20/zxing.XML,https://github.com/micjahn/zxing.net,,,,https://github.com/micjahn/ZXing.Net/,,https://www.nuget.org/packages/ZXing.Net,
OpenTelemetry.Instrumentation.StackExchangeRedis,1.18.0-beta.1,48996990.0,hand-written site; readme; xml docs; homepage,2,https://opentelemetry.io/,,README.md,,,lib/net10.0/OpenTelemetry.Instrumentation.StackExchangeRedis.xml,https://github.com/open-telemetry/opentelemetry-dotnet-contrib,,,,https://opentelemetry.io/,,https://www.nuget.org/packages/OpenTelemetry.Instrumentation.StackExchangeRedis,
Microsoft.jQuery.Unobtrusive.Ajax,3.3.0,48974759.0,hand-written site; homepage,2,https://www.asp.net/,,,,,,,,,,https://www.asp.net/,,https://www.nuget.org/packages/Microsoft.jQuery.Unobtrusive.Ajax,
MiniProfiler.AspNetCore,4.5.4,48907557.0,hand-written site; xml docs; homepage,2,https://miniprofiler.com/,,,,,lib/net8.0/MiniProfiler.AspNetCore.xml,https://github.com/miniprofiler/dotnet,,,,https://miniprofiler.com/,,https://www.nuget.org/packages/MiniProfiler.AspNetCore,
JmesPath.Net,1.1.0,48853351.0,homepage,1,,,,,,,https://github.com/jmespath-community/csharp-jmespath,,,,https://github.com/jmespath-community/csharp-jmespath,,https://www.nuget.org/packages/JmesPath.Net,
Gee.External.Capstone,2.3.0,48594773.0,xml docs; homepage,1,,,,,,lib/net5.0/Gee.External.Capstone.xml,https://github.com/9ee1/capstone.net,,,,https://github.com/9ee1/Capstone.NET,,https://www.nuget.org/packages/Gee.External.Capstone,
Microsoft.Owin.Host.HttpListener,4.2.3,48444992.0,xml docs; homepage,1,,,,,,lib/net45/Microsoft.Owin.Host.HttpListener.xml,https://github.com/aspnet/aspnetkatana,,,,https://github.com/aspnet/AspNetKatana,,https://www.nuget.org/packages/Microsoft.Owin.Host.HttpListener,
Microsoft.AspNet.SignalR.JS,2.4.3,48368486.0,hand-written site; homepage,2,https://www.asp.net/signalr,,,,,,,,,,https://www.asp.net/signalr,,https://www.nuget.org/packages/Microsoft.AspNet.SignalR.JS,
xunit.v3.assert,4.0.0,48303695.0,readme; xml docs,0,,,_content/README.md,,,lib/net8.0/xunit.v3.assert.xml,https://github.com/xunit/xunit,,,,,,https://www.nuget.org/packages/xunit.v3.assert,
JsonSchema.Net,9.4.0,48080146.0,readme; xml docs; homepage,1,,,README.md,,,lib/net8.0/JsonSchema.Net.xml,https://github.com/json-everything/json-everything,,,,https://github.com/json-everything/json-everything,,https://www.nuget.org/packages/JsonSchema.Net,
AWSSDK.BedrockRuntime,4.0.101.5,47963879.0,xml docs; homepage,1,,,,,,lib/net472/AWSSDK.BedrockRuntime.xml,https://github.com/aws/aws-sdk-net,,,,https://github.com/aws/aws-sdk-net/,,https://www.nuget.org/packages/AWSSDK.BedrockRuntime,
Serilog.Enrichers.Span,3.1.0,47902618.0,readme; xml docs,0,,,README.md,,,lib/net472/Serilog.Enrichers.Span.xml,https://github.com/rehansaeed/serilog.enrichers.span,,,,,,https://www.nuget.org/packages/Serilog.Enrichers.Span,
System.Numerics.Tensors,10.0.11,47741426.0,hand-written site; xml docs; homepage,2,https://dot.net/,,,,,lib/net10.0/System.Numerics.Tensors.xml,https://github.com/dotnet/dotnet,,,,https://dot.net/,,https://www.nuget.org/packages/System.Numerics.Tensors,
Azure.Extensions.AspNetCore.DataProtection.Blobs,1.5.4,47298949.0,readme; xml docs; homepage,1,,,README.md,,,lib/net10.0/Azure.Extensions.AspNetCore.DataProtection.Blobs.xml,https://github.com/azure/azure-sdk-for-net,,,,https://github.com/Azure/azure-sdk-for-net/blob/Azure.Extensions.AspNetCore.DataProtection.Blobs_1.5.4/sdk/extensions/Azure.Extensions.AspNetCore.DataProtection.Blobs/README.md,,https://www.nuget.org/packages/Azure.Extensions.AspNetCore.DataProtection.Blobs,
Microsoft.Web.WebView2,1.0.4191.47,46901949.0,hand-written site; xml docs; homepage,2,https://aka.ms/webview,,,,,lib/net462/Microsoft.Web.WebView2.Core.xml,,,,,https://aka.ms/webview,,https://www.nuget.org/packages/Microsoft.Web.WebView2,
Hangfire.PostgreSql,1.21.1,46792978.0,xml docs,0,,,,,,lib/netstandard2.0/Hangfire.PostgreSql.xml,https://github.com/frankhommers/hangfire.postgresql,,,,,,https://www.nuget.org/packages/Hangfire.PostgreSql,
Serilog.Formatting.Compact.Reader,4.0.0,46648403.0,readme; xml docs; homepage,1,,,README.md,,,lib/net462/Serilog.Formatting.Compact.Reader.xml,https://github.com/serilog/serilog-formatting-compact-reader,,,,https://github.com/serilog/serilog-formatting-compact-reader,,https://www.nuget.org/packages/Serilog.Formatting.Compact.Reader,
HarfBuzzSharp.NativeAssets.Linux,14.2.1.102,46344421.0,hand-written site; readme; homepage,2,https://go.microsoft.com/fwlink/?linkid=868515,,README.md,,,,,,,,https://go.microsoft.com/fwlink/?linkid=868515,,https://www.nuget.org/packages/HarfBuzzSharp.NativeAssets.Linux,
dbup-sqlserver,7.2.0,46330083.0,hand-written site; xml docs; homepage,2,https://dbup.github.io/,,,,,lib/netstandard2.0/dbup-sqlserver.xml,https://github.com/dbup/dbup-sqlserver,,,,https://dbup.github.io/,,https://www.nuget.org/packages/dbup-sqlserver,
Magick.NET-Q16-AnyCPU,14.17.1,46179321.0,readme; xml docs; homepage,1,,,docs/Readme.md,,,lib/net8.0/Magick.NET-Q16-AnyCPU.xml,https://github.com/dlemstra/magick.net,,,,https://github.com/dlemstra/Magick.NET,,https://www.nuget.org/packages/Magick.NET-Q16-AnyCPU,
Microsoft.Azure.Management.ResourceManager.Fluent,1.38.1,45864041.0,xml docs; homepage,1,,,,,,lib/net452/Microsoft.Azure.Management.ResourceManager.Fluent.xml,https://github.com/azure/azure-libraries-for-net,,,,https://github.com/Azure/azure-libraries-for-net,,https://www.nuget.org/packages/Microsoft.Azure.Management.ResourceManager.Fluent,
Microsoft.AspNet.SignalR,2.4.3,45541578.0,hand-written site; homepage,2,https://www.asp.net/signalr,,,,,,https://github.com/signalr/signalr,,,,https://www.asp.net/signalr,,https://www.nuget.org/packages/Microsoft.AspNet.SignalR,
MiniProfiler.AspNetCore.Mvc,4.5.4,45417739.0,hand-written site; xml docs; homepage,2,https://miniprofiler.com/,,,,,lib/net8.0/MiniProfiler.AspNetCore.Mvc.xml,https://github.com/miniprofiler/dotnet,,,,https://miniprofiler.com/,,https://www.nuget.org/packages/MiniProfiler.AspNetCore.Mvc,
Microsoft.AspNetCore.SignalR.StackExchangeRedis,10.0.11,45290073.0,hand-written site; xml docs; homepage,2,https://asp.net/,,,,,lib/net10.0/Microsoft.AspNetCore.SignalR.StackExchangeRedis.xml,https://github.com/dotnet/dotnet,,,,https://asp.net/,,https://www.nuget.org/packages/Microsoft.AspNetCore.SignalR.StackExchangeRedis,
LiteDB,5.0.21,45192137.0,hand-written site; xml docs; homepage,2,https://www.litedb.org/,,,,,lib/net45/LiteDB.xml,https://github.com/mbdavid/litedb,,,,https://www.litedb.org/,,https://www.nuget.org/packages/LiteDB,
Xamarin.AndroidX.AppCompat,1.8.0,44736963.0,hand-written site; readme; xml docs; homepage,2,https://aka.ms/android-libraries,,readme.md,,,lib/net9.0-android35.0/Xamarin.AndroidX.AppCompat.xml,https://github.com/dotnet/android-libraries,,,,https://aka.ms/android-libraries,,https://www.nuget.org/packages/Xamarin.AndroidX.AppCompat,
AspNetCoreRateLimit,5.0.0,44655963.0,homepage,1,,,,,,,https://github.com/stefanprodan/aspnetcoreratelimit,,,,https://github.com/stefanprodan/AspNetCoreRateLimit,,https://www.nuget.org/packages/AspNetCoreRateLimit,
Microsoft.CodeAnalysis.BannedApiAnalyzers,5.6.0,44633747.0,homepage,1,,,,,,,https://github.com/dotnet/roslyn,,,,https://github.com/dotnet/roslyn,,https://www.nuget.org/packages/Microsoft.CodeAnalysis.BannedApiAnalyzers,
Fluid.Core,2.40.0,44632696.0,readme; xml docs; homepage,1,,,README.md,,,lib/net10.0/Fluid.xml,https://github.com/sebastienros/fluid,,,,https://github.com/sebastienros/fluid,,https://www.nuget.org/packages/Fluid.Core,
Serilog.Settings.AppSettings,3.0.0,44580855.0,readme; homepage,1,,,README.md,,,,https://github.com/serilog/serilog-settings-appsettings,,,,https://github.com/serilog/serilog-settings-appsettings,,https://www.nuget.org/packages/Serilog.Settings.AppSettings,
NLog.Schema,6.2.0,44549094.0,hand-written site; homepage,2,https://nlog-project.org/,,,,,,https://github.com/nlog/nlog,,,,https://nlog-project.org/,,https://www.nuget.org/packages/NLog.Schema,
Microsoft.Bcl.Async,1.0.168,44321578.0,hand-written site; xml docs; homepage,2,https://go.microsoft.com/fwlink/?LinkID=280056,,,,,lib/net40/Microsoft.Threading.Tasks.xml,,,,,https://go.microsoft.com/fwlink/?LinkID=280056,,https://www.nuget.org/packages/Microsoft.Bcl.Async,
Microsoft.CodeAnalysis.VisualBasic.Features,5.9.0,44296961.0,xml docs; homepage,1,,,,,,lib/net10.0/Microsoft.CodeAnalysis.VisualBasic.Features.xml,https://github.com/dotnet/roslyn,,,,https://github.com/dotnet/roslyn,,https://www.nuget.org/packages/Microsoft.CodeAnalysis.VisualBasic.Features,
Microsoft.VisualStudio.Debugger.Contracts,17.2.0,43993493.0,hand-written site; homepage,2,https://devdiv.visualstudio.com/DevDiv/_git/VSDebugCore,,,,,,,,,,https://devdiv.visualstudio.com/DevDiv/_git/VSDebugCore,,https://www.nuget.org/packages/Microsoft.VisualStudio.Debugger.Contracts,
Microsoft.NETCore.App.Runtime.linux-arm64,10.0.11,43978768.0,hand-written site; homepage,2,https://dot.net/,,,,,,https://github.com/dotnet/dotnet,,,,https://dot.net/,,https://www.nuget.org/packages/Microsoft.NETCore.App.Runtime.linux-arm64,
UAParser,3.1.47,43881363.0,xml docs; homepage,1,,,,,,lib/net20/UAParser.xml,https://github.com/ua-parser/uap-csharp,,,,https://github.com/ua-parser/uap-csharp,,https://www.nuget.org/packages/UAParser,
Azure.Search.Documents,12.0.0,43860919.0,readme; xml docs; homepage,1,,,README.md,,,lib/net10.0/Azure.Search.Documents.xml,https://github.com/azure/azure-sdk-for-net,,,,https://github.com/Azure/azure-sdk-for-net/blob/Azure.Search.Documents_12.0.0/sdk/search/Azure.Search.Documents/README.md,,https://www.nuget.org/packages/Azure.Search.Documents,
Microsoft.AspNetCore.App.Runtime.linux-arm64,10.0.11,43814495.0,hand-written site; homepage,2,https://asp.net/,,,,,,https://github.com/dotnet/dotnet,,,,https://asp.net/,,https://www.nuget.org/packages/Microsoft.AspNetCore.App.Runtime.linux-arm64,
Superpower,3.2.1,43768864.0,xml docs; homepage,1,,,,,,lib/net6.0/Superpower.xml,https://github.com/datalust/superpower,,,,https://github.com/datalust/superpower,,https://www.nuget.org/packages/Superpower,
Microsoft.AspNetCore.Components.WebAssembly.DevServer,10.0.11,43502204.0,hand-written site; homepage,2,https://asp.net/,,,,,,https://github.com/dotnet/aspnetcore,,,,https://asp.net/,,https://www.nuget.org/packages/Microsoft.AspNetCore.Components.WebAssembly.DevServer,
CloudNative.CloudEvents,2.9.0,43158280.0,hand-written site; xml docs; homepage,2,https://cloudevents.io/,,,,,lib/net10.0/CloudNative.CloudEvents.xml,https://github.com/cloudevents/sdk-csharp,,,,https://cloudevents.io/,,https://www.nuget.org/packages/CloudNative.CloudEvents,
Microsoft.Azure.WebJobs.Extensions.Rpc,3.0.47,42827615.0,readme; homepage,1,,,README.md,,,,https://github.com/azure/azure-webjobs-sdk,,,,https://github.com/Azure/azure-webjobs-sdk,,https://www.nuget.org/packages/Microsoft.Azure.WebJobs.Extensions.Rpc,
Microsoft.AspNetCore.App,2.2.8,42819030.0,hand-written site; homepage,2,https://asp.net/,,,,,,https://github.com/aspnet/aspnetcore,,,,https://asp.net/,,https://www.nuget.org/packages/Microsoft.AspNetCore.App,
FluentMigrator.Runner.Core,8.0.1,42815067.0,readme; xml docs; homepage,1,,,README-nuget.md,,,lib/net48/FluentMigrator.Runner.Core.xml,https://github.com/fluentmigrator/fluentmigrator,,,,https://github.com/fluentmigrator/fluentmigrator/wiki,,https://www.nuget.org/packages/FluentMigrator.Runner.Core,
Serilog.Enrichers.CorrelationId,3.0.1,42765648.0,homepage,1,,,,,,,https://github.com/ekmsystems/serilog-enrichers-correlation-id,,,,https://github.com/ekmsystems/serilog-enrichers-correlation-id,,https://www.nuget.org/packages/Serilog.Enrichers.CorrelationId,
NUnit.Extension.TeamCityEventListener,1.0.10,42723415.0,homepage,1,,,,,,,https://github.com/jetbrains/teamcity-event-listener,,,,https://github.com/JetBrains/teamcity-event-listener,,https://www.nuget.org/packages/NUnit.Extension.TeamCityEventListener,
ZiggyCreatures.FusionCache,2.7.2,42600880.0,readme; xml docs; homepage,1,,,README.md,,,lib/net8.0/ZiggyCreatures.FusionCache.xml,https://github.com/ziggycreatures/fusioncache,,,,https://github.com/ZiggyCreatures/FusionCache,,https://www.nuget.org/packages/ZiggyCreatures.FusionCache,
Grpc.AspNetCore.Server.Reflection,2.83.0,42528212.0,xml docs; homepage,1,,,,,,lib/net10.0/Grpc.AspNetCore.Server.Reflection.xml,https://github.com/grpc/grpc-dotnet,,,,https://github.com/grpc/grpc-dotnet,,https://www.nuget.org/packages/Grpc.AspNetCore.Server.Reflection,
Microsoft.Extensions.ServiceDiscovery,10.9.0,42321230.0,hand-written site; readme; xml docs; homepage,2,https://dot.net/,,README.md,,,lib/net10.0/Microsoft.Extensions.ServiceDiscovery.xml,https://github.com/dotnet/extensions,,,,https://dot.net/,,https://www.nuget.org/packages/Microsoft.Extensions.ServiceDiscovery,
NSwag.ApiDescription.Client,14.7.1,42275627.0,homepage,1,,,,,,,https://github.com/ricosuter/nswag,,,,https://github.com/RicoSuter/NSwag,,https://www.nuget.org/packages/NSwag.ApiDescription.Client,
Xamarin.Essentials,1.8.1,42243761.0,hand-written site; readme; xml docs; homepage,2,https://go.microsoft.com/fwlink/?linkid=868960,,readme.txt,,,lib/monoandroid13.0/Xamarin.Essentials.xml,https://github.com/xamarin/essentials,,,,https://go.microsoft.com/fwlink/?linkid=868960,,https://www.nuget.org/packages/Xamarin.Essentials,
Antlr4.Runtime.Standard,4.13.1,42021408.0,xml docs; homepage,1,,,,,,lib/net45/Antlr4.Runtime.Standard.xml,https://github.com/antlr/antlr4,,,,https://github.com/antlr/antlr4,,https://www.nuget.org/packages/Antlr4.Runtime.Standard,
VaultSharp,1.17.5.1,41852256.0,readme; xml docs; homepage,1,,,README.md,,,lib/net462/VaultSharp.xml,https://github.com/rajanadar/vaultsharp,,,,https://github.com/rajanadar/VaultSharp,,https://www.nuget.org/packages/VaultSharp,
Microsoft.AspNetCore.SignalR.Protocols.NewtonsoftJson,10.0.11,41798440.0,hand-written site; xml docs; homepage,2,https://asp.net/,,,,,lib/net10.0/Microsoft.AspNetCore.SignalR.Protocols.NewtonsoftJson.xml,https://github.com/dotnet/aspnetcore,,,,https://asp.net/,,https://www.nuget.org/packages/Microsoft.AspNetCore.SignalR.Protocols.NewtonsoftJson,
OpenIddict.Abstractions,7.7.0,41795536.0,hand-written site; xml docs; homepage,2,https://openiddict.com/,,,,,lib/net10.0/OpenIddict.Abstractions.xml,https://github.com/openiddict/openiddict-core,,,,https://openiddict.com/,,https://www.nuget.org/packages/OpenIddict.Abstractions,
Microsoft.TeamFoundationServer.Client,20.256.2,41720163.0,hand-written site; xml docs; homepage,2,https://go.microsoft.com/fwlink/?LinkId=613084,,,,,lib/net472/Microsoft.TeamFoundation.Build2.WebApi.xml,,,,,https://go.microsoft.com/fwlink/?LinkId=613084,,https://www.nuget.org/packages/Microsoft.TeamFoundationServer.Client,
FluentMigrator.Runner,8.0.1,41467472.0,readme; xml docs; homepage,1,,,README-nuget.md,,,lib/net48/FluentMigrator.Runner.xml,https://github.com/fluentmigrator/fluentmigrator,,,,https://github.com/fluentmigrator/fluentmigrator/wiki,,https://www.nuget.org/packages/FluentMigrator.Runner,
xunit.v3,4.0.0,41286524.0,readme,0,,,_content/README.md,,,,https://github.com/xunit/xunit,,,,,,https://www.nuget.org/packages/xunit.v3,
Apache.Arrow,23.0.0,40911116.0,hand-written site; homepage,2,https://arrow.apache.org/,,,,,,https://github.com/apache/arrow,,,,https://arrow.apache.org/,,https://www.nuget.org/packages/Apache.Arrow,
Microsoft.Extensions.TimeProvider.Testing,10.9.0,40766783.0,hand-written site; readme; xml docs; homepage,2,https://dot.net/,,README.md,,,lib/net10.0/Microsoft.Extensions.TimeProvider.Testing.xml,https://github.com/dotnet/extensions,,,,https://dot.net/,,https://www.nuget.org/packages/Microsoft.Extensions.TimeProvider.Testing,
System.Management.Automation,7.6.5,40712790.0,xml docs; homepage,1,,,,,,ref/net10.0/System.Management.Automation.xml,https://github.com/powershell/powershell,,,,https://github.com/PowerShell/PowerShell,,https://www.nuget.org/packages/System.Management.Automation,
Scalar.AspNetCore,2.17.3,40658566.0,hand-written site; readme; xml docs; homepage,2,https://scalar.com/,,README.md,,,lib/net10.0/Scalar.AspNetCore.xml,https://github.com/scalar/scalar,,,,https://scalar.com/,,https://www.nuget.org/packages/Scalar.AspNetCore,
DiffPlex,1.9.0,40598643.0,readme; xml docs; homepage,1,,,README.md,,,lib/net45/DiffPlex.xml,https://github.com/mmanela/diffplex,,,,https://github.com/mmanela/diffplex/,,https://www.nuget.org/packages/DiffPlex,
Microsoft.TypeScript.MSBuild,7.0.1,40533731.0,hand-written site; homepage,2,http://typescriptlang.org/,,,,,,,,,,http://typescriptlang.org/,,https://www.nuget.org/packages/Microsoft.TypeScript.MSBuild,
System.Data.SQLite,2.0.4,40399908.0,,0,,,,,,,,,,,,,https://www.nuget.org/packages/System.Data.SQLite,
prometheus-net.DotNetRuntime,4.4.1,40157154.0,xml docs; homepage,1,,,,,,lib/net5.0/prometheus-net.DotNetRuntime.xml,https://github.com/djluck/prometheus-net.dotnetruntime,,,,https://github.com/djluck/prometheus-net.DotNetRuntime,,https://www.nuget.org/packages/prometheus-net.DotNetRuntime,
AWSSDK.IdentityManagement,4.0.103.4,40146162.0,xml docs; homepage,1,,,,,,lib/net472/AWSSDK.IdentityManagement.xml,https://github.com/aws/aws-sdk-net,,,,https://github.com/aws/aws-sdk-net/,,https://www.nuget.org/packages/AWSSDK.IdentityManagement,
Xamarin.AndroidX.DocumentFile,1.1.0.4,40052646.0,hand-written site; readme; xml docs; homepage,2,https://aka.ms/android-libraries,,readme.md,,,lib/net9.0-android35.0/Xamarin.AndroidX.DocumentFile.xml,https://github.com/dotnet/android-libraries,,,,https://aka.ms/android-libraries,,https://www.nuget.org/packages/Xamarin.AndroidX.DocumentFile,
StreamJsonRpc,2.25.29,40029614.0,readme; xml docs,0,,,README.md,,,lib/net8.0/StreamJsonRpc.xml,https://github.com/microsoft/vs-streamjsonrpc,,,,,,https://www.nuget.org/packages/StreamJsonRpc,
Microsoft.IdentityModel.Protocol.Extensions,1.0.4.403061554,40011413.0,hand-written site; xml docs; homepage,2,https://go.microsoft.com/fwlink/?LinkId=272508,,,,,lib/net45/Microsoft.IdentityModel.Protocol.Extensions.XML,,,,,https://go.microsoft.com/fwlink/?LinkId=272508,,https://www.nuget.org/packages/Microsoft.IdentityModel.Protocol.Extensions,
Splat,21.0.0,39904778.0,readme; xml docs; homepage,1,,,README.md,,,lib/net10.0/Splat.xml,https://github.com/reactiveui/splat,,,,https://github.com/reactiveui/splat/,,https://www.nuget.org/packages/Splat,
FluentMigrator.Runner.SqlServer,8.0.1,39882764.0,readme; xml docs; homepage,1,,,README-nuget.md,,,lib/net10.0/FluentMigrator.Runner.SqlServer.xml,https://github.com/fluentmigrator/fluentmigrator,,,,https://github.com/fluentmigrator/fluentmigrator/wiki,,https://www.nuget.org/packages/FluentMigrator.Runner.SqlServer,
FluentMigrator.Runner.Postgres,8.0.1,39847878.0,readme; xml docs; homepage,1,,,README-nuget.md,,,lib/net48/FluentMigrator.Runner.Postgres.xml,https://github.com/fluentmigrator/fluentmigrator,,,,https://github.com/fluentmigrator/fluentmigrator/wiki,,https://www.nuget.org/packages/FluentMigrator.Runner.Postgres,
Otp.NET,1.4.1,39497745.0,readme; homepage,1,,,README.md,,,,https://github.com/kspearrin/otp.net,,,,https://github.com/kspearrin/Otp.NET,,https://www.nuget.org/packages/Otp.NET,
Microsoft.Owin.Security.Google,4.2.3,39473413.0,xml docs; homepage,1,,,,,,lib/net45/Microsoft.Owin.Security.Google.xml,https://github.com/aspnet/aspnetkatana,,,,https://github.com/aspnet/AspNetKatana,,https://www.nuget.org/packages/Microsoft.Owin.Security.Google,
Autofac.Extras.DynamicProxy,8.1.0,39454559.0,hand-written site; readme; xml docs; homepage,2,https://autofac.org/,,README.md,,,lib/net10.0/Autofac.Extras.DynamicProxy.xml,https://github.com/autofac/autofac.extras.dynamicproxy,,,,https://autofac.org/,,https://www.nuget.org/packages/Autofac.Extras.DynamicProxy,
Testcontainers.PostgreSql,4.15.0,39313097.0,hand-written site; readme; xml docs; homepage,2,https://dotnet.testcontainers.org/,,README.md,,,lib/net10.0/Testcontainers.PostgreSql.xml,https://github.com/testcontainers/testcontainers-dotnet,,,,https://dotnet.testcontainers.org/,,https://www.nuget.org/packages/Testcontainers.PostgreSql,
NUnit.Console,3.22.0,39311749.0,hand-written site; homepage,2,https://nunit.org/,,,,,,https://github.com/nunit/nunit-console,,,,https://nunit.org/,,https://www.nuget.org/packages/NUnit.Console,
Duende.IdentityModel,8.1.0,39248206.0,readme; xml docs; homepage,1,,,README.md,,,lib/net10.0/Duende.IdentityModel.xml,https://github.com/duendesoftware/foss,,,,https://github.com/duendesoftware/foss,,https://www.nuget.org/packages/Duende.IdentityModel,
Markdig.Signed,1.3.2,38996665.0,hand-written site; readme; xml docs; homepage,2,https://xoofx.github.io/markdig,,readme.md,,,lib/net10.0/Markdig.Signed.xml,https://github.com/xoofx/markdig,,,,https://xoofx.github.io/markdig,,https://www.nuget.org/packages/Markdig.Signed,
Microsoft.VisualStudio.Setup.Configuration.Interop,3.14.2075,38881241.0,hand-written site; xml docs; homepage,2,https://visualstudio.microsoft.com/,,,,,lib/net35/Microsoft.VisualStudio.Setup.Configuration.Interop.xml,,,,,https://visualstudio.microsoft.com/,,https://www.nuget.org/packages/Microsoft.VisualStudio.Setup.Configuration.Interop,
Microsoft.NETFramework.ReferenceAssemblies.net461,1.0.3,38867864.0,homepage,1,,,,,,,https://github.com/microsoft/dotnet,,,,https://github.com/Microsoft/dotnet/tree/master/releases/reference-assemblies,,https://www.nuget.org/packages/Microsoft.NETFramework.ReferenceAssemblies.net461,
Nuke.Common,10.1.0,38541896.0,hand-written site; xml docs; homepage,2,https://nuke.build/,,,,,lib/net10.0/Nuke.Common.xml,https://github.com/nuke-build/nuke,,,,https://nuke.build/,,https://www.nuget.org/packages/Nuke.Common,
AutoMapper.Collection,13.0.0,38490214.0,homepage,1,,,,,,,https://github.com/automapper/automapper.collection,,,,https://github.com/AutoMapper/Automapper.Collection,,https://www.nuget.org/packages/AutoMapper.Collection,
FluentMigrator.Runner.SQLite,8.0.1,38391167.0,readme; xml docs; homepage,1,,,README-nuget.md,,,lib/net48/FluentMigrator.Runner.SQLite.xml,https://github.com/fluentmigrator/fluentmigrator,,,,https://github.com/fluentmigrator/fluentmigrator/wiki,,https://www.nuget.org/packages/FluentMigrator.Runner.SQLite,
Nerdbank.Streams,2.13.31,38274925.0,readme; xml docs; homepage,1,,,README.md,,,lib/net8.0/Nerdbank.Streams.xml,https://github.com/aarnott/nerdbank.streams,,,,https://github.com/AArnott/Nerdbank.Streams,,https://www.nuget.org/packages/Nerdbank.Streams,
FluentMigrator.Runner.MySql,8.0.1,38211702.0,readme; xml docs; homepage,1,,,README-nuget.md,,,lib/net48/FluentMigrator.Runner.MySql.xml,https://github.com/fluentmigrator/fluentmigrator,,,,https://github.com/fluentmigrator/fluentmigrator/wiki,,https://www.nuget.org/packages/FluentMigrator.Runner.MySql,
knockoutjs,3.5.3,37955162.0,hand-written site; homepage,2,http://knockoutjs.com/,,,,,,,,,,http://knockoutjs.com/,,https://www.nuget.org/packages/knockoutjs,
Microsoft.AppCenter,5.0.7,37786631.0,hand-written site; xml docs; homepage,2,https://aka.ms/telgml,,,,,lib/netstandard2.0/Microsoft.AppCenter.xml,,,,,https://aka.ms/telgml,,https://www.nuget.org/packages/Microsoft.AppCenter,
SpecFlow.NUnit,3.9.74,37770815.0,hand-written site; homepage,2,https://www.specflow.org/,,,,,,,,,,https://www.specflow.org/,,https://www.nuget.org/packages/SpecFlow.NUnit,
PuppeteerSharp,25.10.0,37722334.0,readme; xml docs; homepage,1,,,README.md,,,lib/net10.0/PuppeteerSharp.xml,https://github.com/hardkoded/puppeteer-sharp,,,,https://github.com/hardkoded/puppeteer-sharp,,https://www.nuget.org/packages/PuppeteerSharp,
Xamarin.AndroidX.Browser,1.10.0.1,37413532.0,hand-written site; readme; xml docs; homepage,2,https://aka.ms/android-libraries,,readme.md,,,lib/net9.0-android35.0/Xamarin.AndroidX.Browser.xml,https://github.com/dotnet/android-libraries,,,,https://aka.ms/android-libraries,,https://www.nuget.org/packages/Xamarin.AndroidX.Browser,
Microsoft.Xaml.Behaviors.Wpf,1.1.158,37256892.0,xml docs; homepage,1,,,,,,lib/net462/Microsoft.Xaml.Behaviors.xml,https://github.com/microsoft/xamlbehaviorswpf,,,,https://github.com/Microsoft/XamlBehaviorsWpf,,https://www.nuget.org/packages/Microsoft.Xaml.Behaviors.Wpf,
Quartz.Serialization.Json,3.20.1,36997411.0,hand-written site; readme; xml docs; homepage,2,https://www.quartz-scheduler.net/,,README.md,,,lib/net462/Quartz.Serialization.Json.xml,https://github.com/quartznet/quartznet,,,,https://www.quartz-scheduler.net/,,https://www.nuget.org/packages/Quartz.Serialization.Json,
Microsoft.AspNetCore.All,2.2.8,36926858.0,hand-written site; homepage,2,https://asp.net/,,,,,,https://github.com/aspnet/aspnetcore,,,,https://asp.net/,,https://www.nuget.org/packages/Microsoft.AspNetCore.All,
Xamarin.AndroidX.RecyclerView,1.4.0.6,36747498.0,hand-written site; readme; xml docs; homepage,2,https://aka.ms/android-libraries,,readme.md,,,lib/net9.0-android35.0/Xamarin.AndroidX.RecyclerView.xml,https://github.com/dotnet/android-libraries,,,,https://aka.ms/android-libraries,,https://www.nuget.org/packages/Xamarin.AndroidX.RecyclerView,
Microsoft.Azure.EventHubs,4.3.2,36424467.0,readme; xml docs; homepage,1,,,README.md,,,lib/netstandard1.4/Microsoft.Azure.EventHubs.xml,https://github.com/azure/azure-sdk-for-net,,,,https://github.com/Azure/azure-sdk-for-net/blob/Microsoft.Azure.EventHubs_4.3.2/sdk/eventhub/Microsoft.Azure.EventHubs/README.md,,https://www.nuget.org/packages/Microsoft.Azure.EventHubs,
Microsoft.Azure.Core.NewtonsoftJson,2.0.0,36051232.0,readme; xml docs; homepage,1,,,README.md,,,lib/netstandard2.0/Microsoft.Azure.Core.NewtonsoftJson.xml,https://github.com/azure/azure-sdk-for-net,,,,https://github.com/Azure/azure-sdk-for-net/blob/Microsoft.Azure.Core.NewtonsoftJson_2.0.0/sdk/core/Microsoft.Azure.Core.NewtonsoftJson/README.md,,https://www.nuget.org/packages/Microsoft.Azure.Core.NewtonsoftJson,
Snowflake.Data,6.1.0,35741287.0,homepage,1,,,,,,,https://github.com/snowflakedb/snowflake-connector-net,,,,https://github.com/snowflakedb/snowflake-connector-net,,https://www.nuget.org/packages/Snowflake.Data,
Microsoft.Owin.Security.Facebook,4.2.3,35707715.0,xml docs; homepage,1,,,,,,lib/net45/Microsoft.Owin.Security.Facebook.xml,https://github.com/aspnet/aspnetkatana,,,,https://github.com/aspnet/AspNetKatana,,https://www.nuget.org/packages/Microsoft.Owin.Security.Facebook,
Microsoft.Owin.Security.MicrosoftAccount,4.2.3,35583106.0,xml docs; homepage,1,,,,,,lib/net45/Microsoft.Owin.Security.MicrosoftAccount.xml,https://github.com/aspnet/aspnetkatana,,,,https://github.com/aspnet/AspNetKatana,,https://www.nuget.org/packages/Microsoft.Owin.Security.MicrosoftAccount,
Xamarin.AndroidX.SwipeRefreshLayout,1.2.0.3,35545194.0,hand-written site; readme; xml docs; homepage,2,https://aka.ms/android-libraries,,readme.md,,,lib/net9.0-android35.0/Xamarin.AndroidX.SwipeRefreshLayout.xml,https://github.com/dotnet/android-libraries,,,,https://aka.ms/android-libraries,,https://www.nuget.org/packages/Xamarin.AndroidX.SwipeRefreshLayout,
Prism.Core,9.0.537,35506201.0,readme; xml docs; homepage,1,,,ReadMe.md,,,lib/net462/Prism.xml,https://github.com/prismlibrary/prism,,,,https://github.com/PrismLibrary/Prism,,https://www.nuget.org/packages/Prism.Core,
MudBlazor,9.9.0,35499001.0,hand-written site; readme; xml docs; homepage,2,https://mudblazor.com/,,README.md,,,lib/net10.0/MudBlazor.xml,https://github.com/mudblazor/mudblazor,,,,https://mudblazor.com/,,https://www.nuget.org/packages/MudBlazor,
NLog.Config,4.7.15,35441653.0,hand-written site; homepage,2,https://nlog-project.org/,,,,,,https://github.com/nlog/nlog,,,,https://nlog-project.org/,,https://www.nuget.org/packages/NLog.Config,
Ical.Net,5.2.3,35247803.0,readme; homepage,1,,,assets/readme.md,,,,https://github.com/ical-org/ical.net,,,,https://github.com/ical-org/ical.net,,https://www.nuget.org/packages/Ical.Net,
System.Data.SQLite.EF6,2.0.3,35105492.0,,0,,,,,,,,,,,,,https://www.nuget.org/packages/System.Data.SQLite.EF6,
BitMiracle.LibTiff.NET,2.4.660,35039809.0,hand-written site; xml docs; homepage,2,https://bitmiracle.com/libtiff/,,,,,lib/netstandard2.0/BitMiracle.LibTiff.NET.xml,,,,,https://bitmiracle.com/libtiff/,,https://www.nuget.org/packages/BitMiracle.LibTiff.NET,
Microsoft.Azure.Storage.Queue,11.2.3,34950418.0,hand-written site; xml docs; homepage,2,https://go.microsoft.com/fwlink/?LinkId=235168,,,,,lib/net452/Microsoft.Azure.Storage.Queue.xml,,,,,https://go.microsoft.com/fwlink/?LinkId=235168,,https://www.nuget.org/packages/Microsoft.Azure.Storage.Queue,
Crc32.NET,1.2.0,34876126.0,xml docs; homepage,1,,,,,,lib/net20/Crc32.NET.xml,https://github.com/force-net/crc32.net,,,,https://github.com/force-net/Crc32.NET,,https://www.nuget.org/packages/Crc32.NET,
NSubstitute.Analyzers.CSharp,1.0.17,34682438.0,homepage,1,,,,,,,https://github.com/nsubstitute/nsubstitute.analyzers,,,,https://github.com/nsubstitute/NSubstitute.Analyzers,,https://www.nuget.org/packages/NSubstitute.Analyzers.CSharp,
System.Net.ServerSentEvents,10.0.11,34610724.0,hand-written site; xml docs; homepage,2,https://dot.net/,,,,,lib/net10.0/System.Net.ServerSentEvents.xml,https://github.com/dotnet/dotnet,,,,https://dot.net/,,https://www.nuget.org/packages/System.Net.ServerSentEvents,
Oracle.EntityFrameworkCore,10.23.26300,34512076.0,hand-written site; readme; homepage,2,https://www.oracle.com/database/technologies/appdev/dotnet.html,,README.md,,,,,,,,https://www.oracle.com/database/technologies/appdev/dotnet.html,,https://www.nuget.org/packages/Oracle.EntityFrameworkCore,
Xamarin.AndroidX.Transition,1.7.0.2,34428771.0,hand-written site; readme; xml docs; homepage,2,https://aka.ms/android-libraries,,readme.md,,,lib/net9.0-android35.0/Xamarin.AndroidX.Transition.xml,https://github.com/dotnet/android-libraries,,,,https://aka.ms/android-libraries,,https://www.nuget.org/packages/Xamarin.AndroidX.Transition,
Azure.Extensions.AspNetCore.DataProtection.Keys,1.6.4,34271545.0,readme; xml docs; homepage,1,,,README.md,,,lib/net10.0/Azure.Extensions.AspNetCore.DataProtection.Keys.xml,https://github.com/azure/azure-sdk-for-net,,,,https://github.com/Azure/azure-sdk-for-net/blob/Azure.Extensions.AspNetCore.DataProtection.Keys_1.6.4/sdk/extensions/Azure.Extensions.AspNetCore.DataProtection.Keys/README.md,,https://www.nuget.org/packages/Azure.Extensions.AspNetCore.DataProtection.Keys,
IPNetwork2,4.3.0,34257404.0,readme; xml docs; homepage,1,,,README.md,,,lib/net10.0/System.Net.IPNetwork.xml,https://github.com/lduchosal/ipnetwork,,,,https://github.com/lduchosal/ipnetwork,,https://www.nuget.org/packages/IPNetwork2,
Microsoft.AppCenter.Crashes,5.0.7,34190085.0,hand-written site; xml docs; homepage,2,https://aka.ms/telgml,,,,,lib/netstandard2.0/Microsoft.AppCenter.Crashes.xml,,,,,https://aka.ms/telgml,,https://www.nuget.org/packages/Microsoft.AppCenter.Crashes,
Xamarin.KotlinX.Coroutines.Android,1.11.0.1,34097498.0,hand-written site; readme; xml docs; homepage,2,https://aka.ms/android-libraries,,readme.md,,,lib/net10.0-android36.0/Xamarin.KotlinX.Coroutines.Android.xml,https://github.com/dotnet/android-libraries,,,,https://aka.ms/android-libraries,,https://www.nuget.org/packages/Xamarin.KotlinX.Coroutines.Android,
ImpromptuInterface,8.0.6,34082685.0,homepage,1,,,,,,,https://github.com/ekonbenefits/impromptu-interface,,,,https://github.com/ekonbenefits/impromptu-interface,,https://www.nuget.org/packages/ImpromptuInterface,
MQTTnet,5.2.0.1603,34073486.0,xml docs; homepage,1,,,,,,lib/net10.0/MQTTnet.xml,https://github.com/dotnet/mqttnet,,,,https://github.com/dotnet/MQTTnet,,https://www.nuget.org/packages/MQTTnet,
System.Formats.Nrbf,10.0.11,34001278.0,hand-written site; xml docs; homepage,2,https://dot.net/,,,,,lib/net10.0/System.Formats.Nrbf.xml,https://github.com/dotnet/dotnet,,,,https://dot.net/,,https://www.nuget.org/packages/System.Formats.Nrbf,
Oracle.ManagedDataAccess,23.26.300,33991590.0,hand-written site; readme; homepage,2,https://www.oracle.com/database/technologies/appdev/dotnet.html,,README.md,,,,,,,,https://www.oracle.com/database/technologies/appdev/dotnet.html,,https://www.nuget.org/packages/Oracle.ManagedDataAccess,
OpenIddict.Core,7.7.0,33949479.0,hand-written site; xml docs; homepage,2,https://openiddict.com/,,,,,lib/net10.0/OpenIddict.Core.xml,https://github.com/openiddict/openiddict-core,,,,https://openiddict.com/,,https://www.nuget.org/packages/OpenIddict.Core,
Xamarin.AndroidX.Lifecycle.LiveData,2.11.0.1,33695961.0,hand-written site; readme; xml docs; homepage,2,https://aka.ms/android-libraries,,readme.md,,,lib/net10.0-android36.0/Xamarin.AndroidX.Lifecycle.LiveData.xml,https://github.com/dotnet/android-libraries,,,,https://aka.ms/android-libraries,,https://www.nuget.org/packages/Xamarin.AndroidX.Lifecycle.LiveData,
Mono.Unix,7.1.0-final.1.21458.1,33621087.0,homepage,1,,,,,,,https://github.com/mono/mono.posix,,,,https://github.com/mono/mono.posix,,https://www.nuget.org/packages/Mono.Unix,
Microsoft.NETCore.App.Host.osx-x64,10.0.11,33571203.0,hand-written site; homepage,2,https://dot.net/,,,,,,https://github.com/dotnet/dotnet,,,,https://dot.net/,,https://www.nuget.org/packages/Microsoft.NETCore.App.Host.osx-x64,
Microsoft.Management.Infrastructure,4.0.0,33445610.0,,0,,,,,,,https://github.com/powershell/mmi,,,,,,https://www.nuget.org/packages/Microsoft.Management.Infrastructure,
Microsoft.Owin.Security.Twitter,4.2.3,33387403.0,xml docs; homepage,1,,,,,,lib/net45/Microsoft.Owin.Security.Twitter.xml,https://github.com/aspnet/aspnetkatana,,,,https://github.com/aspnet/AspNetKatana,,https://www.nuget.org/packages/Microsoft.Owin.Security.Twitter,
System.IO.Abstractions.TestingHelpers,22.2.0,33220491.0,readme; xml docs; homepage,1,,,README.md,,,lib/net10.0/System.IO.Abstractions.TestingHelpers.xml,https://github.com/testableio/system.io.abstractions,,,,https://github.com/TestableIO/System.IO.Abstractions,,https://www.nuget.org/packages/System.IO.Abstractions.TestingHelpers,
Xamarin.Google.Android.Material,1.14.0.6,33159830.0,hand-written site; readme; xml docs; homepage,2,https://aka.ms/android-libraries,,readme.md,,,lib/net9.0-android35.0/Xamarin.Google.Android.Material.xml,https://github.com/dotnet/android-libraries,,,,https://aka.ms/android-libraries,,https://www.nuget.org/packages/Xamarin.Google.Android.Material,
Jint,4.16.1,33007414.0,readme; xml docs; homepage,1,,,README.md,,,lib/net10.0/Jint.xml,https://github.com/sebastienros/jint,,,,https://github.com/sebastienros/jint,,https://www.nuget.org/packages/Jint,
Microsoft.AppCenter.Analytics,5.0.7,32872650.0,hand-written site; xml docs; homepage,2,https://aka.ms/telgml,,,,,lib/netstandard2.0/Microsoft.AppCenter.Analytics.xml,,,,,https://aka.ms/telgml,,https://www.nuget.org/packages/Microsoft.AppCenter.Analytics,
Microsoft.AspNet.SignalR.Client,2.4.3,32722699.0,hand-written site; xml docs; homepage,2,https://www.asp.net/signalr,,,,,lib/net40/Microsoft.AspNet.SignalR.Client.xml,https://github.com/signalr/signalr,,,,https://www.asp.net/signalr,,https://www.nuget.org/packages/Microsoft.AspNet.SignalR.Client,
Testcontainers.MsSql,4.15.0,32281608.0,hand-written site; readme; xml docs; homepage,2,https://dotnet.testcontainers.org/,,README.md,,,lib/net10.0/Testcontainers.MsSql.xml,https://github.com/testcontainers/testcontainers-dotnet,,,,https://dotnet.testcontainers.org/,,https://www.nuget.org/packages/Testcontainers.MsSql,
Microsoft.NETCore.App.Runtime.osx-x64,10.0.11,32255187.0,hand-written site; homepage,2,https://dot.net/,,,,,,https://github.com/dotnet/dotnet,,,,https://dot.net/,,https://www.nuget.org/packages/Microsoft.NETCore.App.Runtime.osx-x64,
JsonPatch.Net,5.0.3,32059938.0,readme; xml docs; homepage,1,,,README.md,,,lib/net10.0/JsonPatch.Net.xml,https://github.com/json-everything/json-everything,,,,https://github.com/json-everything/json-everything,,https://www.nuget.org/packages/JsonPatch.Net,
Microsoft.PowerShell.CoreCLR.Eventing,7.6.5,31910141.0,xml docs; homepage,1,,,,,,ref/net10.0/Microsoft.PowerShell.CoreCLR.Eventing.xml,https://github.com/powershell/powershell,,,,https://github.com/PowerShell/PowerShell,,https://www.nuget.org/packages/Microsoft.PowerShell.CoreCLR.Eventing,
QuestPDF,2026.8.0,31883709.0,hand-written site; readme; xml docs; homepage,2,https://www.questpdf.com/,,ExternalDependencyLicenses//readme.txt,,,lib/net10.0/QuestPDF.xml,https://github.com/questpdf/questpdf,,,,https://www.questpdf.com/,,https://www.nuget.org/packages/QuestPDF,
FluentNHibernate,3.5.0,31794216.0,readme; xml docs; homepage,1,,,README.md,,,lib/net461/FluentNHibernate.xml,https://github.com/nhibernate/fluent-nhibernate,,,,https://github.com/nhibernate/fluent-nhibernate,,https://www.nuget.org/packages/FluentNHibernate,
MaxMind.GeoIP2,6.1.0,31785594.0,readme; xml docs; homepage,1,,,README.md,,,lib/net10.0/MaxMind.GeoIP2.xml,https://github.com/maxmind/geoip2-dotnet,,,,https://github.com/maxmind/GeoIP2-dotnet,,https://www.nuget.org/packages/MaxMind.GeoIP2,
Serilog.Extensions.Logging.File,3.0.0,31781298.0,xml docs; homepage,1,,,,,,lib/net5.0/Serilog.Extensions.Logging.File.xml,https://github.com/serilog/serilog-extensions-logging-file,,,,https://github.com/serilog/serilog-extensions-logging-file,,https://www.nuget.org/packages/Serilog.Extensions.Logging.File,
Google.Apis.Drive.v3,1.76.0.4252,31776190.0,xml docs; homepage,1,,,,,,lib/net462/Google.Apis.Drive.v3.xml,https://github.com/google/google-api-dotnet-client,,,,https://github.com/google/google-api-dotnet-client,,https://www.nuget.org/packages/Google.Apis.Drive.v3,
Dapr.Client,1.18.5,31738505.0,hand-written site; xml docs; homepage,2,https://dapr.io/,,,,,lib/net10.0/Dapr.Client.xml,https://github.com/dapr/dotnet-sdk,,,,https://dapr.io/,,https://www.nuget.org/packages/Dapr.Client,
Microsoft.Orleans.Core.Abstractions,10.3.1,31629401.0,readme; xml docs; homepage,1,,,README.md,,,lib/net10.0/Orleans.Core.Abstractions.xml,https://github.com/dotnet/orleans,,,,https://github.com/dotnet/orleans,,https://www.nuget.org/packages/Microsoft.Orleans.Core.Abstractions,
Castle.LoggingFacility,6.0.0,31521101.0,hand-written site; xml docs; homepage,2,http://www.castleproject.org/projects/windsor/,,,,,lib/net462/Castle.Facilities.Logging.xml,https://github.com/castleproject/windsor,,,,http://www.castleproject.org/projects/windsor/,,https://www.nuget.org/packages/Castle.LoggingFacility,
BuildBundlerMinifier,3.2.449,31447430.0,,0,,,,,,,https://github.com/madskristensen/bundlerminifier,,,,,,https://www.nuget.org/packages/BuildBundlerMinifier,
Microsoft.Orleans.Core,10.3.1,31399728.0,readme; xml docs; homepage,1,,,README.md,,,lib/net10.0/Orleans.Core.xml,https://github.com/dotnet/orleans,,,,https://github.com/dotnet/orleans,,https://www.nuget.org/packages/Microsoft.Orleans.Core,
System.Drawing.Primitives,4.3.0,31175182.0,hand-written site; homepage,2,https://dot.net/,,,,,,,,,,https://dot.net/,,https://www.nuget.org/packages/System.Drawing.Primitives,
LibGit2Sharp,0.32.0,31092020.0,readme; xml docs; homepage,1,,,App_Readme/README.md,,,lib/net472/LibGit2Sharp.xml,https://github.com/libgit2/libgit2sharp,,,,https://github.com/libgit2/libgit2sharp/,,https://www.nuget.org/packages/LibGit2Sharp,
Microsoft.NETCore.App.Runtime.win-x86,10.0.11,30910017.0,hand-written site; homepage,2,https://dot.net/,,,,,,https://github.com/dotnet/dotnet,,,,https://dot.net/,,https://www.nuget.org/packages/Microsoft.NETCore.App.Runtime.win-x86,
Minio,7.0.0,30861249.0,readme; xml docs; homepage,1,,,readme.md,,,lib/net8.0/Minio.xml,https://github.com/minio/minio-dotnet,,,,https://github.com/minio/minio-dotnet,,https://www.nuget.org/packages/Minio,
Swashbuckle.AspNetCore.ReDoc,10.2.3,30804649.0,xml docs; homepage,1,,,,,,lib/net10.0/Swashbuckle.AspNetCore.ReDoc.xml,https://github.com/domaindrivendev/swashbuckle.aspnetcore,,,,https://github.com/domaindrivendev/Swashbuckle.AspNetCore,,https://www.nuget.org/packages/Swashbuckle.AspNetCore.ReDoc,
Ecng.Interop,1.0.343,30699887.0,hand-written site; readme; xml docs; homepage,2,https://stocksharp.com/,,README.md,,,lib/net10.0/Ecng.Interop.xml,https://github.com/stocksharp/ecng,,,,https://stocksharp.com/,,https://www.nuget.org/packages/Ecng.Interop,
Elastic.Clients.Elasticsearch,9.5.2,30669748.0,readme; xml docs; homepage,1,,,README.md,,,lib/net10.0/Elastic.Clients.Elasticsearch.xml,https://github.com/elastic/elasticsearch-net,,,,https://github.com/elastic/elasticsearch-net,,https://www.nuget.org/packages/Elastic.Clients.Elasticsearch,
Microsoft.AspNetCore.App.Runtime.osx-x64,10.0.11,30633639.0,hand-written site; homepage,2,https://asp.net/,,,,,,https://github.com/dotnet/dotnet,,,,https://asp.net/,,https://www.nuget.org/packages/Microsoft.AspNetCore.App.Runtime.osx-x64,
Microsoft.ServiceFabric.Services,8.7.157,30513576.0,hand-written site; readme; xml docs; homepage,2,https://aka.ms/servicefabric,,docs/readme.md,,,lib/net462/Microsoft.ServiceFabric.Services.xml,,,,,https://aka.ms/servicefabric,,https://www.nuget.org/packages/Microsoft.ServiceFabric.Services,
Hangfire.MemoryStorage,1.8.1.2,30282709.0,homepage,1,,,,,,,https://github.com/perrich/hangfire.memorystorage,,,,https://github.com/perrich/Hangfire.MemoryStorage,,https://www.nuget.org/packages/Hangfire.MemoryStorage,
Microsoft.AspNetCore.Components.WebAssembly.Server,10.0.11,30258068.0,hand-written site; xml docs; homepage,2,https://asp.net/,,,,,lib/net10.0/Microsoft.AspNetCore.Components.WebAssembly.Server.xml,https://github.com/dotnet/aspnetcore,,,,https://asp.net/,,https://www.nuget.org/packages/Microsoft.AspNetCore.Components.WebAssembly.Server,
Riok.Mapperly,4.3.1,30195910.0,hand-written site; readme; xml docs; homepage,2,https://mapperly.riok.app/,,README.md,,,lib/netstandard2.0/Riok.Mapperly.Abstractions.xml,https://github.com/riok/mapperly,,,,https://mapperly.riok.app/,,https://www.nuget.org/packages/Riok.Mapperly,
PdfPig,0.1.16,30049663.0,readme; xml docs; homepage,1,,,README.md,,,lib/net462/UglyToad.PdfPig.Core.xml,https://github.com/uglytoad/pdfpig,,,,https://github.com/UglyToad/PdfPig,,https://www.nuget.org/packages/PdfPig,
Microsoft.Maui.Essentials,10.0.101,30028221.0,readme; xml docs; homepage,1,,,README.md,,,lib/net10.0/Microsoft.Maui.Essentials.xml,https://github.com/dotnet/maui,,,,https://github.com/dotnet/maui,,https://www.nuget.org/packages/Microsoft.Maui.Essentials,
Microsoft.PowerShell.Native,700.0.0,29826094.0,homepage,1,,,,,,,https://github.com/powershell/powershell-native,,,,https://github.com/PowerShell/PowerShell-Native,,https://www.nuget.org/packages/Microsoft.PowerShell.Native,
Microsoft.Maui.Core,10.0.101,29768036.0,readme; xml docs; homepage,1,,,README.md,,,lib/net10.0/Microsoft.Maui.xml,https://github.com/dotnet/maui,,,,https://github.com/dotnet/maui,,https://www.nuget.org/packages/Microsoft.Maui.Core,
IPAddressRange,6.3.0,29679207.0,readme; xml docs; homepage,1,,,README.md,,,lib/net5.0/IPAddressRange.xml,https://github.com/jsakamoto/ipaddressrange,,,,https://github.com/jsakamoto/ipaddressrange/,,https://www.nuget.org/packages/IPAddressRange,
Microsoft.Extensions.Caching.Hybrid,10.9.0,29119293.0,hand-written site; readme; xml docs; homepage,2,https://dot.net/,,README.md,,,lib/net10.0/Microsoft.Extensions.Caching.Hybrid.xml,https://github.com/dotnet/extensions,,,,https://dot.net/,,https://www.nuget.org/packages/Microsoft.Extensions.Caching.Hybrid,
MsgPack.Cli,1.0.1,28998523.0,xml docs; homepage,1,,,,,,lib/monoandroid10/MsgPack.XML,https://github.com/msgpack/msgpack-cli,,,,https://github.com/msgpack/msgpack-cli,,https://www.nuget.org/packages/MsgPack.Cli,
Microsoft.AspNetCore.App.Runtime.win-x86,10.0.11,28918762.0,hand-written site; homepage,2,https://asp.net/,,,,,,https://github.com/dotnet/aspnetcore,,,,https://asp.net/,,https://www.nuget.org/packages/Microsoft.AspNetCore.App.Runtime.win-x86,
Mono.Posix.NETStandard,1.0.0,28834729.0,hand-written site; homepage,2,https://go.microsoft.com/fwlink/?linkid=869051,,,,,,,,,,https://go.microsoft.com/fwlink/?linkid=869051,,https://www.nuget.org/packages/Mono.Posix.NETStandard,
AutoFixture.AutoNSubstitute,4.18.1,28814642.0,xml docs; homepage,1,,,,,,lib/net452/AutoFixture.AutoNSubstitute.xml,https://github.com/autofixture/autofixture,,,,https://github.com/AutoFixture/AutoFixture,,https://www.nuget.org/packages/AutoFixture.AutoNSubstitute,
Duende.IdentityServer.Storage,8.0.7,28803201.0,readme; xml docs; homepage,1,,,README.md,,,lib/net10.0/Duende.IdentityServer.Storage.xml,https://github.com/duendesoftware/products,,,,https://github.com/duendesoftware/products,,https://www.nuget.org/packages/Duende.IdentityServer.Storage,
McMaster.Extensions.CommandLineUtils,5.1.0,28795296.0,readme; xml docs; homepage,1,,,README.md,,,lib/net472/McMaster.Extensions.CommandLineUtils.xml,https://github.com/natemcmaster/commandlineutils,,,,https://github.com/natemcmaster/CommandLineUtils,,https://www.nuget.org/packages/McMaster.Extensions.CommandLineUtils,
Microsoft.Web.Xdt,3.2.11,28719127.0,homepage,1,,,,,,,https://github.com/dotnet/dotnet,,,,https://github.com/dotnet/xdt,,https://www.nuget.org/packages/Microsoft.Web.Xdt,
Ardalis.SmartEnum,8.2.0,28636277.0,readme; xml docs; homepage,1,,,README.md,,,lib/net6.0/Ardalis.SmartEnum.xml,https://github.com/ardalis/smartenum,,,,https://github.com/ardalis/SmartEnum,,https://www.nuget.org/packages/Ardalis.SmartEnum,
Appium.WebDriver,8.3.2,28566327.0,hand-written site; readme; xml docs; homepage,2,https://appium.io/,,README.md,,,lib/netstandard2.0/Appium.Net.xml,https://github.com/appium/dotnet-client,,,,https://appium.io/,,https://www.nuget.org/packages/Appium.WebDriver,
Magick.NET-Q8-AnyCPU,14.17.1,28440796.0,readme; xml docs; homepage,1,,,docs/Readme.md,,,lib/net8.0/Magick.NET-Q8-AnyCPU.xml,https://github.com/dlemstra/magick.net,,,,https://github.com/dlemstra/Magick.NET,,https://www.nuget.org/packages/Magick.NET-Q8-AnyCPU,
NuGet.Resolver,7.9.0,28409667.0,hand-written site; readme; xml docs; homepage,2,https://aka.ms/nugetprj,,README.md,,,lib/net472/NuGet.Resolver.xml,https://github.com/nuget/nuget.client,,,,https://aka.ms/nugetprj,,https://www.nuget.org/packages/NuGet.Resolver,
OpenIddict.Validation.AspNetCore,7.7.0,28338463.0,hand-written site; xml docs; homepage,2,https://openiddict.com/,,,,,lib/net10.0/OpenIddict.Validation.AspNetCore.xml,https://github.com/openiddict/openiddict-core,,,,https://openiddict.com/,,https://www.nuget.org/packages/OpenIddict.Validation.AspNetCore,
Microsoft.Web.Administration,11.1.0,28204804.0,hand-written site; homepage,2,https://msdn.microsoft.com/en-us/library/microsoft.web.administration(v=vs.90).aspx,,,,,,,,,,https://msdn.microsoft.com/en-us/library/microsoft.web.administration(v=vs.90).aspx,,https://www.nuget.org/packages/Microsoft.Web.Administration,
NetTopologySuite.IO.SpatiaLite,2.0.0,28021762.0,xml docs,0,,,,,,lib/netstandard2.0/NetTopologySuite.IO.SpatiaLite.xml,https://github.com/nettopologysuite/nettopologysuite.io.spatialite,,,,,,https://www.nuget.org/packages/NetTopologySuite.IO.SpatiaLite,
Microsoft.Azure.Management.ContainerRegistry.Fluent,1.38.1,28018380.0,xml docs; homepage,1,,,,,,lib/net452/Microsoft.Azure.Management.ContainerRegistry.Fluent.xml,https://github.com/azure/azure-libraries-for-net,,,,https://github.com/Azure/azure-libraries-for-net,,https://www.nuget.org/packages/Microsoft.Azure.Management.ContainerRegistry.Fluent,
Microsoft.Azure.Management.Fluent,1.38.1,27769635.0,xml docs; homepage,1,,,,,,lib/net452/Microsoft.Azure.Management.Fluent.xml,https://github.com/azure/azure-libraries-for-net,,,,https://github.com/Azure/azure-libraries-for-net,,https://www.nuget.org/packages/Microsoft.Azure.Management.Fluent,
XunitXml.TestLogger,8.0.0,27490674.0,readme; homepage,1,,,docs/README.md,,,,https://github.com/spekt/testlogger,,,,https://github.com/spekt/testlogger,,https://www.nuget.org/packages/XunitXml.TestLogger,
Xamarin.Build.Download,0.11.6,27373732.0,hand-written site; homepage,2,https://go.microsoft.com/fwlink/?linkid=865061,,,,,,https://github.com/xamarin/xamarincomponents,,,,https://go.microsoft.com/fwlink/?linkid=865061,,https://www.nuget.org/packages/Xamarin.Build.Download,
Lucene.Net.Analysis.Common,4.9.0,27308137.0,,0,,,,,,,,,,,,,https://www.nuget.org/packages/Lucene.Net.Analysis.Common,
Duende.IdentityServer,8.0.7,27114241.0,readme; xml docs; homepage,1,,,README.md,,,lib/net10.0/Duende.IdentityServer.xml,https://github.com/duendesoftware/products,,,,https://github.com/duendesoftware/products,,https://www.nuget.org/packages/Duende.IdentityServer,
CommunityToolkit.Mvvm,8.4.2,26976122.0,xml docs; homepage,1,,,,,,lib/net8.0/CommunityToolkit.Mvvm.xml,https://github.com/communitytoolkit/dotnet,,,,https://github.com/CommunityToolkit/dotnet,,https://www.nuget.org/packages/CommunityToolkit.Mvvm,
PropertyChanged.Fody,4.1.0,26963184.0,xml docs; homepage,1,,,,,,lib/net40/PropertyChanged.xml,https://github.com/fody/propertychanged,,,,https://github.com/Fody/PropertyChanged,,https://www.nuget.org/packages/PropertyChanged.Fody,
Microsoft.Azure.NotificationHubs,4.2.0,26959618.0,hand-written site; xml docs; homepage,2,https://aka.ms/NHNuget,,,,,lib/net6.0/Microsoft.Azure.NotificationHubs.xml,,,,,https://aka.ms/NHNuget,,https://www.nuget.org/packages/Microsoft.Azure.NotificationHubs,
Microsoft.Extensions.AI,10.9.0,26866053.0,hand-written site; readme; xml docs; homepage,2,https://dot.net/,,README.md,,,lib/net10.0/Microsoft.Extensions.AI.xml,https://github.com/dotnet/extensions,,,,https://dot.net/,,https://www.nuget.org/packages/Microsoft.Extensions.AI,
Xamarin.AndroidX.Migration,1.0.10,26851647.0,hand-written site; readme; homepage,2,https://go.microsoft.com/fwlink/?linkid=2099353,,readme.txt,,,,,,,,https://go.microsoft.com/fwlink/?linkid=2099353,,https://www.nuget.org/packages/Xamarin.AndroidX.Migration,
ModelContextProtocol,2.2.0,26658866.0,hand-written site; readme; xml docs; homepage,2,https://csharp.sdk.modelcontextprotocol.io/,,README.md,,,lib/net10.0/ModelContextProtocol.xml,https://github.com/modelcontextprotocol/csharp-sdk,,,,https://csharp.sdk.modelcontextprotocol.io/,,https://www.nuget.org/packages/ModelContextProtocol,
Microsoft.Azure.Devices.Shared,1.30.5,26583127.0,xml docs; homepage,1,,,,,,lib/netstandard2.0/Microsoft.Azure.Devices.Shared.xml,https://github.com/azure/azure-iot-sdk-csharp,,,,https://github.com/Azure/azure-iot-sdk-csharp,,https://www.nuget.org/packages/Microsoft.Azure.Devices.Shared,
Serilog.Filters.Expressions,2.1.0,26550056.0,xml docs; homepage,1,,,,,,lib/net45/Serilog.Filters.Expressions.xml,https://github.com/serilog/serilog-filters-expressions,,,,https://github.com/serilog/serilog-filters-expressions,,https://www.nuget.org/packages/Serilog.Filters.Expressions,
linq2db,6.4.0,26530594.0,hand-written site; readme; xml docs; homepage,2,https://linq2db.github.io/,,readme.md,,,lib/net10.0/linq2db.xml,https://github.com/linq2db/linq2db,,,,https://linq2db.github.io/,,https://www.nuget.org/packages/linq2db,
Microsoft.Playwright.TestAdapter,1.62.0,26501078.0,readme; homepage,1,,,README.md,,,,https://github.com/microsoft/playwright-dotnet,,,,https://github.com/microsoft/playwright-dotnet,,https://www.nuget.org/packages/Microsoft.Playwright.TestAdapter,
ModelContextProtocol.Core,2.2.0,26376307.0,hand-written site; readme; xml docs; homepage,2,https://csharp.sdk.modelcontextprotocol.io/,,README.md,,,lib/net10.0/ModelContextProtocol.Core.xml,https://github.com/modelcontextprotocol/csharp-sdk,,,,https://csharp.sdk.modelcontextprotocol.io/,,https://www.nuget.org/packages/ModelContextProtocol.Core,
OpenIddict.Validation.SystemNetHttp,7.7.0,26277346.0,hand-written site; xml docs; homepage,2,https://openiddict.com/,,,,,lib/net10.0/OpenIddict.Validation.SystemNetHttp.xml,https://github.com/openiddict/openiddict-core,,,,https://openiddict.com/,,https://www.nuget.org/packages/OpenIddict.Validation.SystemNetHttp,
Aspire.Hosting.AppHost,13.5.3,26200485.0,readme; xml docs; homepage,1,,,README.md,,,lib/net10.0/Aspire.Hosting.AppHost.xml,https://github.com/microsoft/aspire,,,,https://github.com/microsoft/aspire,,https://www.nuget.org/packages/Aspire.Hosting.AppHost,
Microsoft.WindowsAppSDK,2.4.0,26194468.0,homepage,1,,,,,,,https://github.com/microsoft/windowsappsdk,,,,https://github.com/microsoft/windowsappsdk,,https://www.nuget.org/packages/Microsoft.WindowsAppSDK,
MimeMapping,4.0.0,26174066.0,readme; xml docs; homepage,1,,,README.md,,,lib/net462/MimeMapping.xml,https://github.com/zone117x/mimemapping,,,,https://github.com/zone117x/MimeMapping,,https://www.nuget.org/packages/MimeMapping,
Xamarin.AndroidX.ViewPager2,1.1.0.11,26018546.0,hand-written site; readme; xml docs; homepage,2,https://aka.ms/android-libraries,,readme.md,,,lib/net10.0-android36.0/Xamarin.AndroidX.ViewPager2.xml,https://github.com/dotnet/android-libraries,,,,https://aka.ms/android-libraries,,https://www.nuget.org/packages/Xamarin.AndroidX.ViewPager2,
OpenTelemetry.Exporter.Zipkin,1.18.0,26005130.0,hand-written site; readme; xml docs; homepage,2,https://opentelemetry.io/,,README.md,,,lib/net10.0/OpenTelemetry.Exporter.Zipkin.xml,https://github.com/open-telemetry/opentelemetry-dotnet,,,,https://opentelemetry.io/,,https://www.nuget.org/packages/OpenTelemetry.Exporter.Zipkin,
Xamarin.Android.Support.Compat,28.0.0.3,25951850.0,hand-written site; homepage,2,https://go.microsoft.com/fwlink/?linkid=865352,,,,,,,,,,https://go.microsoft.com/fwlink/?linkid=865352,,https://www.nuget.org/packages/Xamarin.Android.Support.Compat,
Dapr.AspNetCore,1.18.5,25798793.0,hand-written site; xml docs; homepage,2,https://dapr.io/,,,,,lib/net10.0/Dapr.AspNetCore.xml,https://github.com/dapr/dotnet-sdk,,,,https://dapr.io/,,https://www.nuget.org/packages/Dapr.AspNetCore,
Google.Cloud.SecretManager.V1,2.8.0,25732905.0,xml docs; homepage,1,,,,,,lib/net462/Google.Cloud.SecretManager.V1.xml,https://github.com/googleapis/google-cloud-dotnet,,,,https://github.com/googleapis/google-cloud-dotnet,,https://www.nuget.org/packages/Google.Cloud.SecretManager.V1,
protobuf-net.Reflection,3.4.21,25687199.0,readme; xml docs; homepage,1,,,readme.md,,,lib/net462/protobuf-net.Reflection.xml,https://github.com/protobuf-net/protobuf-net,,,,https://github.com/protobuf-net/protobuf-net,,https://www.nuget.org/packages/protobuf-net.Reflection,
Azure.Messaging.EventHubs.Processor,5.12.2,25660700.0,readme; xml docs; homepage,1,,,README.md,,,lib/net8.0/Azure.Messaging.EventHubs.Processor.xml,https://github.com/azure/azure-sdk-for-net,,,,https://github.com/Azure/azure-sdk-for-net/blob/Azure.Messaging.EventHubs.Processor_5.12.2/sdk/eventhub/Azure.Messaging.EventHubs.Processor/README.md,,https://www.nuget.org/packages/Azure.Messaging.EventHubs.Processor,
Azure.Messaging.EventGrid.SystemEvents,1.1.0,25559440.0,readme; xml docs; homepage,1,,,README.md,,,lib/net10.0/Azure.Messaging.EventGrid.SystemEvents.xml,https://github.com/azure/azure-sdk-for-net,,,,https://github.com/Azure/azure-sdk-for-net/blob/Azure.Messaging.EventGrid.SystemEvents_1.1.0/sdk/eventgrid/Azure.Messaging.EventGrid.SystemEvents/README.md,,https://www.nuget.org/packages/Azure.Messaging.EventGrid.SystemEvents,
Microsoft.ML.DataView,5.0.0,25519600.0,hand-written site; xml docs; homepage,2,https://dot.net/ml,,,,,lib/netstandard2.0/Microsoft.ML.DataView.xml,https://github.com/dotnet/machinelearning,,,,https://dot.net/ml,,https://www.nuget.org/packages/Microsoft.ML.DataView,
Microsoft.AspNetCore.SignalR.Protocols.MessagePack,10.0.11,25407855.0,hand-written site; xml docs; homepage,2,https://asp.net/,,,,,lib/net10.0/Microsoft.AspNetCore.SignalR.Protocols.MessagePack.xml,https://github.com/dotnet/aspnetcore,,,,https://asp.net/,,https://www.nuget.org/packages/Microsoft.AspNetCore.SignalR.Protocols.MessagePack,
Microsoft.SharePointOnline.CSOM,16.1.27612.12000,25385173.0,hand-written site; homepage,2,https://go.microsoft.com/fwlink/?LinkId=531344,,,,,,,,,,https://go.microsoft.com/fwlink/?LinkId=531344,,https://www.nuget.org/packages/Microsoft.SharePointOnline.CSOM,
AWSSDK.SecretsManager.Caching,3.0.0,25337305.0,xml docs; homepage,1,,,,,,lib/netstandard2.0/Amazon.SecretsManager.Extensions.Caching.xml,https://github.com/aws/aws-secretsmanager-caching-net,,,,https://github.com/aws/aws-secretsmanager-caching-net,,https://www.nuget.org/packages/AWSSDK.SecretsManager.Caching,
OpenIddict.Validation.ServerIntegration,7.7.0,25330385.0,hand-written site; xml docs; homepage,2,https://openiddict.com/,,,,,lib/net10.0/OpenIddict.Validation.ServerIntegration.xml,https://github.com/openiddict/openiddict-core,,,,https://openiddict.com/,,https://www.nuget.org/packages/OpenIddict.Validation.ServerIntegration,
Xamarin.Android.Support.Core.Utils,28.0.0.3,25293864.0,hand-written site; homepage,2,https://go.microsoft.com/fwlink/?linkid=865352,,,,,,,,,,https://go.microsoft.com/fwlink/?linkid=865352,,https://www.nuget.org/packages/Xamarin.Android.Support.Core.Utils,
ZString,2.6.0,25292667.0,xml docs; homepage,1,,,,,,lib/net6.0/ZString.xml,https://github.com/cysharp/zstring,,,,https://github.com/Cysharp/ZString,,https://www.nuget.org/packages/ZString,
elmah.corelibrary,1.2.2,25256695.0,hand-written site; homepage,2,https://elmah.github.io/,,,,,,,,,,https://elmah.github.io/,,https://www.nuget.org/packages/elmah.corelibrary,
Microsoft.Maui.Controls,10.0.101,24977019.0,readme; homepage,1,,,README.md,,,,https://github.com/dotnet/maui,,,,https://github.com/dotnet/maui,,https://www.nuget.org/packages/Microsoft.Maui.Controls,
Microsoft.PowerShell.SDK,7.6.5,24942376.0,xml docs; homepage,1,,,,,,ref/net10.0/Microsoft.PowerShell.Commands.Management.xml,https://github.com/powershell/powershell,,,,https://github.com/PowerShell/PowerShell,,https://www.nuget.org/packages/Microsoft.PowerShell.SDK,
Xamarin.AndroidX.ConstraintLayout,2.2.2,24865665.0,hand-written site; readme; xml docs; homepage,2,https://aka.ms/android-libraries,,readme.md,,,lib/net10.0-android36.0/Xamarin.AndroidX.ConstraintLayout.xml,https://github.com/dotnet/android-libraries,,,,https://aka.ms/android-libraries,,https://www.nuget.org/packages/Xamarin.AndroidX.ConstraintLayout,
OpenIddict.Server.AspNetCore,7.7.0,24675976.0,hand-written site; xml docs; homepage,2,https://openiddict.com/,,,,,lib/net10.0/OpenIddict.Server.AspNetCore.xml,https://github.com/openiddict/openiddict-core,,,,https://openiddict.com/,,https://www.nuget.org/packages/OpenIddict.Server.AspNetCore,
Xamarin.Android.Support.Annotations,28.0.0.3,24660363.0,hand-written site; homepage,2,https://go.microsoft.com/fwlink/?linkid=865352,,,,,,,,,,https://go.microsoft.com/fwlink/?linkid=865352,,https://www.nuget.org/packages/Xamarin.Android.Support.Annotations,
Microsoft.WSMan.Management,7.6.5,24604663.0,xml docs; homepage,1,,,,,,ref/net10.0/Microsoft.WSMan.Management.xml,https://github.com/powershell/powershell,,,,https://github.com/PowerShell/PowerShell,,https://www.nuget.org/packages/Microsoft.WSMan.Management,
CliWrap,3.10.5,24549002.0,xml docs; homepage,1,,,,,,lib/net10.0/CliWrap.xml,https://github.com/tyrrrz/cliwrap,,,,https://github.com/Tyrrrz/CliWrap,,https://www.nuget.org/packages/CliWrap,
Microsoft.WSMan.Runtime,7.6.5,24405453.0,xml docs; homepage,1,,,,,,ref/net10.0/Microsoft.WSMan.Runtime.xml,https://github.com/powershell/powershell,,,,https://github.com/PowerShell/PowerShell,,https://www.nuget.org/packages/Microsoft.WSMan.Runtime,
AWSSDK,2.3.55.2,24405218.0,hand-written site; homepage,2,http://aws.amazon.com/sdkfornet/,,,,,,,,,,http://aws.amazon.com/sdkfornet/,,https://www.nuget.org/packages/AWSSDK,
Xamarin.Android.Support.v4,28.0.0.3,24330461.0,hand-written site; homepage,2,https://go.microsoft.com/fwlink/?linkid=865352,,,,,,,,,,https://go.microsoft.com/fwlink/?linkid=865352,,https://www.nuget.org/packages/Xamarin.Android.Support.v4,
MiniProfiler,4.5.4,24328501.0,hand-written site; xml docs; homepage,2,https://miniprofiler.com/,,,,,lib/net472/MiniProfiler.xml,https://github.com/miniprofiler/dotnet,,,,https://miniprofiler.com/,,https://www.nuget.org/packages/MiniProfiler,
Grpc.Net.Client.Web,2.83.0,24109737.0,readme; xml docs; homepage,1,,,README.md,,,lib/net10.0/Grpc.Net.Client.Web.xml,https://github.com/grpc/grpc-dotnet,,,,https://github.com/grpc/grpc-dotnet,,https://www.nuget.org/packages/Grpc.Net.Client.Web,
Microsoft.AspNet.Providers.Core,2.0.0,24058103.0,readme; xml docs,0,,,ReadMe.txt,,,lib/net40/System.Web.Providers.xml,,,,,,,https://www.nuget.org/packages/Microsoft.AspNet.Providers.Core,
Google.Apis.Calendar.v3,1.75.0.4206,24031157.0,xml docs; homepage,1,,,,,,lib/net462/Google.Apis.Calendar.v3.xml,https://github.com/google/google-api-dotnet-client,,,,https://github.com/google/google-api-dotnet-client,,https://www.nuget.org/packages/Google.Apis.Calendar.v3,
SpecFlow.Plus.LivingDocPlugin,3.9.57,24023646.0,hand-written site; homepage,2,https://docs.specflow.org/projects/specflow-livingdoc,,,,,,,,,,https://docs.specflow.org/projects/specflow-livingdoc,,https://www.nuget.org/packages/SpecFlow.Plus.LivingDocPlugin,
Microsoft.Azure.SignalR.Management,1.33.1,24022124.0,hand-written site; xml docs; homepage,2,https://aka.ms/signalr_service,,,,,lib/net8.0/Microsoft.Azure.SignalR.Common.xml,https://github.com/azure/azure-signalr,,,,https://aka.ms/signalr_service,,https://www.nuget.org/packages/Microsoft.Azure.SignalR.Management,
sqlite-net-pcl,1.11.285,23959746.0,xml docs; homepage,1,,,,,,lib/net8.0/SQLite-net.xml,https://github.com/praeclarum/sqlite-net,,,,https://github.com/praeclarum/sqlite-net,,https://www.nuget.org/packages/sqlite-net-pcl,
Lucene.Net.QueryParser,4.8.0-beta00018,23938764.0,hand-written site; xml docs; homepage,2,http://lucenenet.apache.org/,,,,,lib/net462/Lucene.Net.QueryParser.xml,https://github.com/apache/lucenenet,,,,http://lucenenet.apache.org/,,https://www.nuget.org/packages/Lucene.Net.QueryParser,
AsyncFixer,2.1.0,23852972.0,readme; homepage,1,,,README.md,,,,https://github.com/semihokur/asyncfixer,,,,https://github.com/semihokur/AsyncFixer,,https://www.nuget.org/packages/AsyncFixer,
Microsoft.PowerShell.Commands.Utility,7.6.5,23798653.0,xml docs; homepage,1,,,,,,ref/net10.0/Microsoft.PowerShell.Commands.Utility.xml,https://github.com/powershell/powershell,,,,https://github.com/PowerShell/PowerShell,,https://www.nuget.org/packages/Microsoft.PowerShell.Commands.Utility,
Microsoft.PowerShell.ConsoleHost,7.6.5,23696539.0,xml docs; homepage,1,,,,,,ref/net10.0/Microsoft.PowerShell.ConsoleHost.xml,https://github.com/powershell/powershell,,,,https://github.com/PowerShell/PowerShell,,https://www.nuget.org/packages/Microsoft.PowerShell.ConsoleHost,
Microsoft.PowerShell.Security,7.6.5,23691024.0,xml docs; homepage,1,,,,,,ref/net10.0/Microsoft.PowerShell.Security.xml,https://github.com/powershell/powershell,,,,https://github.com/PowerShell/PowerShell,,https://www.nuget.org/packages/Microsoft.PowerShell.Security,
Microsoft.PowerShell.Commands.Management,7.6.5,23603020.0,xml docs; homepage,1,,,,,,ref/net10.0/Microsoft.PowerShell.Commands.Management.xml,https://github.com/powershell/powershell,,,,https://github.com/PowerShell/PowerShell,,https://www.nuget.org/packages/Microsoft.PowerShell.Commands.Management,
Microsoft.AspNetCore.Authentication.Certificate,10.0.11,23586790.0,hand-written site; xml docs; homepage,2,https://asp.net/,,,,,lib/net10.0/Microsoft.AspNetCore.Authentication.Certificate.xml,https://github.com/dotnet/aspnetcore,,,,https://asp.net/,,https://www.nuget.org/packages/Microsoft.AspNetCore.Authentication.Certificate,
Xamarin.Android.Support.Core.UI,28.0.0.3,23551497.0,hand-written site; homepage,2,https://go.microsoft.com/fwlink/?linkid=865352,,,,,,,,,,https://go.microsoft.com/fwlink/?linkid=865352,,https://www.nuget.org/packages/Xamarin.Android.Support.Core.UI,
Microsoft.PowerShell.Commands.Diagnostics,7.6.5,23507642.0,xml docs; homepage,1,,,,,,ref/net10.0/Microsoft.PowerShell.Commands.Diagnostics.xml,https://github.com/powershell/powershell,,,,https://github.com/PowerShell/PowerShell,,https://www.nuget.org/packages/Microsoft.PowerShell.Commands.Diagnostics,
xunit.runner.utility,2.9.3,23433595.0,readme; xml docs,0,,,_content/README.md,,,lib/net35/xunit.runner.utility.net35.xml,https://github.com/xunit/xunit,,,,,,https://www.nuget.org/packages/xunit.runner.utility,
Microsoft.VisualStudio.Composition,17.13.41,23404168.0,readme; xml docs; homepage,1,,,README.md,,,lib/net472/Microsoft.VisualStudio.Composition.xml,https://github.com/microsoft/vs-mef,,,,https://github.com/Microsoft/vs-mef,,https://www.nuget.org/packages/Microsoft.VisualStudio.Composition,
Xamarin.AndroidX.DynamicAnimation,1.1.0.6,23335207.0,hand-written site; readme; xml docs; homepage,2,https://aka.ms/android-libraries,,readme.md,,,lib/net9.0-android35.0/Xamarin.AndroidX.DynamicAnimation.xml,https://github.com/dotnet/android-libraries,,,,https://aka.ms/android-libraries,,https://www.nuget.org/packages/Xamarin.AndroidX.DynamicAnimation,
DistributedLock.Redis,1.1.1,23146144.0,xml docs; homepage,1,,,,,,lib/net462/DistributedLock.Redis.xml,https://github.com/madelson/distributedlock,,,,https://github.com/madelson/DistributedLock,,https://www.nuget.org/packages/DistributedLock.Redis,
StrongNamer,0.2.5,23110282.0,homepage,1,,,,,,,https://github.com/dsplaisted/strongnamer,,,,https://github.com/dsplaisted/strongnamer,,https://www.nuget.org/packages/StrongNamer,
Meziantou.Analyzer,3.0.228,23018378.0,readme; homepage,1,,,README.md,,,,https://github.com/meziantou/meziantou.analyzer,,,,https://github.com/meziantou/Meziantou.Analyzer,,https://www.nuget.org/packages/Meziantou.Analyzer,
Xamarin.AndroidX.Legacy.Support.Core.UI,1.0.0.38,22833519.0,hand-written site; readme; xml docs; homepage,2,https://aka.ms/android-libraries,,readme.md,,,lib/net10.0-android36.0/Xamarin.AndroidX.Legacy.Support.Core.UI.xml,https://github.com/dotnet/android-libraries,,,,https://aka.ms/android-libraries,,https://www.nuget.org/packages/Xamarin.AndroidX.Legacy.Support.Core.UI,
Examine,4.0.0,22749723.0,xml docs; homepage,1,,,,,,lib/net10.0/Examine.xml,https://github.com/shazwazza/examine,,,,https://github.com/Shazwazza/Examine,,https://www.nuget.org/packages/Examine,
Microsoft.Azure.WebJobs.Sources,3.0.47,22731008.0,readme; homepage,1,,,README.md,,,,https://github.com/azure/azure-webjobs-sdk,,,,https://github.com/Azure/azure-webjobs-sdk,,https://www.nuget.org/packages/Microsoft.Azure.WebJobs.Sources,
System.Runtime.WindowsRuntime,4.7.0,22725056.0,xml docs; homepage,1,,,,,,lib/netstandard1.0/System.Runtime.WindowsRuntime.xml,https://github.com/dotnet/corefx,,,,https://github.com/dotnet/corefx,,https://www.nuget.org/packages/System.Runtime.WindowsRuntime,
HttpMultipartParser,10.0.0,22609686.0,readme; xml docs; homepage,1,,,README.md,,,lib/net8.0/HttpMultipartParser.xml,https://github.com/http-multipart-data-parser/httpmultipartparser,,,,https://github.com/Http-Multipart-Data-Parser/Http-Multipart-Data-Parser,,https://www.nuget.org/packages/HttpMultipartParser,
ExCSS,4.3.2,22609582.0,readme; homepage,1,,,readme.md,,,,https://github.com/tylerbrinks/excss,,,,https://github.com/TylerBrinks/ExCSS,,https://www.nuget.org/packages/ExCSS,
Microsoft.SemanticKernel.Abstractions,1.80.1,22516959.0,hand-written site; xml docs; homepage,2,https://aka.ms/semantic-kernel,,,,,lib/net10.0/Microsoft.SemanticKernel.Abstractions.xml,https://github.com/microsoft/semantic-kernel,,,,https://aka.ms/semantic-kernel,,https://www.nuget.org/packages/Microsoft.SemanticKernel.Abstractions,
Verify.Xunit,31.12.5,22478860.0,xml docs; homepage,1,,,,,,lib/net10.0/Verify.Xunit.xml,https://github.com/verifytests/verify,,,,https://github.com/VerifyTests/Verify,,https://www.nuget.org/packages/Verify.Xunit,
DynamicData,9.4.33,22446046.0,readme; xml docs; homepage,1,,,README.md,,,lib/net10.0/DynamicData.xml,https://github.com/reactiveui/dynamicdata,,,,https://github.com/reactiveui/DynamicData,,https://www.nuget.org/packages/DynamicData,
Xamarin.Android.Support.Fragment,28.0.0.3,22362679.0,hand-written site; homepage,2,https://go.microsoft.com/fwlink/?linkid=865352,,,,,,,,,,https://go.microsoft.com/fwlink/?linkid=865352,,https://www.nuget.org/packages/Xamarin.Android.Support.Fragment,
Microsoft.PowerShell.MarkdownRender,7.2.1,22301340.0,homepage,1,,,,,,,https://github.com/powershell/markdownrender,,,,https://github.com/PowerShell/MarkdownRender,,https://www.nuget.org/packages/Microsoft.PowerShell.MarkdownRender,
ByteSize,2.1.2,22279054.0,xml docs; homepage,1,,,,,,lib/net45/ByteSize.xml,https://github.com/omar/bytesize,,,,https://github.com/omar/ByteSize,,https://www.nuget.org/packages/ByteSize,
Azure.Storage.Files.DataLake,12.27.1,22131795.0,readme; xml docs; homepage,1,,,README.md,,,lib/net10.0/Azure.Storage.Files.DataLake.xml,https://github.com/azure/azure-sdk-for-net,,,,https://github.com/Azure/azure-sdk-for-net/blob/Azure.Storage.Files.DataLake_12.27.1/sdk/storage/Azure.Storage.Files.DataLake/README.md,,https://www.nuget.org/packages/Azure.Storage.Files.DataLake,
Microsoft.Net.Compilers.Toolset,5.9.0,22098309.0,homepage,1,,,,,,,https://github.com/dotnet/roslyn,,,,https://github.com/dotnet/roslyn,,https://www.nuget.org/packages/Microsoft.Net.Compilers.Toolset,
Google.Apis.Gmail.v1,1.75.0.4225,22096297.0,xml docs; homepage,1,,,,,,lib/net462/Google.Apis.Gmail.v1.xml,https://github.com/google/google-api-dotnet-client,,,,https://github.com/google/google-api-dotnet-client,,https://www.nuget.org/packages/Google.Apis.Gmail.v1,
AutoFixture.NUnit3,4.18.1,22086791.0,xml docs; homepage,1,,,,,,lib/net452/AutoFixture.NUnit3.xml,https://github.com/autofixture/autofixture,,,,https://github.com/AutoFixture/AutoFixture,,https://www.nuget.org/packages/AutoFixture.NUnit3,
Microsoft.Extensions.VectorData.Abstractions,10.9.0,21909110.0,hand-written site; readme; xml docs; homepage,2,https://learn.microsoft.com/dotnet/ai/vector-stores/overview,,README.md,,,lib/net10.0/Microsoft.Extensions.VectorData.Abstractions.xml,https://github.com/dotnet/extensions,,,,https://learn.microsoft.com/dotnet/ai/vector-stores/overview,,https://www.nuget.org/packages/Microsoft.Extensions.VectorData.Abstractions,
Microsoft.SemanticKernel.Core,1.80.1,21891245.0,hand-written site; xml docs; homepage,2,https://aka.ms/semantic-kernel,,,,,lib/net10.0/Microsoft.SemanticKernel.Core.xml,https://github.com/microsoft/semantic-kernel,,,,https://aka.ms/semantic-kernel,,https://www.nuget.org/packages/Microsoft.SemanticKernel.Core,
TeamCity.VSTest.TestAdapter,1.0.42,21781474.0,homepage,1,,,,,,,https://github.com/jetbrains/teamcity.vstest.testadapter,,,,https://github.com/JetBrains/TeamCity.VSTest.TestAdapter,,https://www.nuget.org/packages/TeamCity.VSTest.TestAdapter,
popper.js,1.16.1,21741275.0,hand-written site; readme; homepage,2,https://popper.js.org/,,content/Scripts/README.md,,,,,,,,https://popper.js.org/,,https://www.nuget.org/packages/popper.js,
Xunit.DependencyInjection,12.0.1,21688018.0,readme; xml docs; homepage,1,,,README.md,,,lib/net472/Xunit.DependencyInjection.xml,https://github.com/pengweiqhca/xunit.dependencyinjection,,,,https://github.com/pengweiqhca/Xunit.DependencyInjection/tree/main/src/Xunit.DependencyInjection,,https://www.nuget.org/packages/Xunit.DependencyInjection,
System.Data.SQLite.Linq,1.0.119,21621711.0,hand-written site; homepage,2,https://system.data.sqlite.org/,,,,,,,,,,https://system.data.sqlite.org/,,https://www.nuget.org/packages/System.Data.SQLite.Linq,
Avalonia,12.1.2,21599468.0,hand-written site; xml docs; homepage,2,https://avaloniaui.net/?utm_source=nuget&utm_medium=referral&utm_content=project_homepage_link,,,,,lib/net10.0/Avalonia.xml,https://github.com/avaloniaui/avalonia,,,,https://avaloniaui.net/?utm_source=nuget&utm_medium=referral&utm_content=project_homepage_link,,https://www.nuget.org/packages/Avalonia,
Microsoft.AspNetCore.SpaProxy,10.0.11,21587400.0,hand-written site; homepage,2,https://asp.net/,,,,,,https://github.com/dotnet/aspnetcore,,,,https://asp.net/,,https://www.nuget.org/packages/Microsoft.AspNetCore.SpaProxy,
Xamarin.Android.Support.Media.Compat,28.0.0.3,21566844.0,hand-written site; homepage,2,https://go.microsoft.com/fwlink/?linkid=865352,,,,,,,,,,https://go.microsoft.com/fwlink/?linkid=865352,,https://www.nuget.org/packages/Xamarin.Android.Support.Media.Compat,
Xamarin.AndroidX.Navigation.Common,2.9.8.1,21556281.0,hand-written site; readme; xml docs; homepage,2,https://aka.ms/android-libraries,,readme.md,,,lib/net10.0-android36.0/Xamarin.AndroidX.Navigation.Common.xml,https://github.com/dotnet/android-libraries,,,,https://aka.ms/android-libraries,,https://www.nuget.org/packages/Xamarin.AndroidX.Navigation.Common,
Xamarin.AndroidX.Navigation.Runtime,2.9.8.1,21514447.0,hand-written site; readme; xml docs; homepage,2,https://aka.ms/android-libraries,,readme.md,,,lib/net10.0-android36.0/Xamarin.AndroidX.Navigation.Runtime.xml,https://github.com/dotnet/android-libraries,,,,https://aka.ms/android-libraries,,https://www.nuget.org/packages/Xamarin.AndroidX.Navigation.Runtime,
Microsoft.NET.Sdk.Razor,3.1.32,21441624.0,homepage,1,,,,,,,https://github.com/dotnet/aspnetcore,,,,https://github.com/dotnet/razor,,https://www.nuget.org/packages/Microsoft.NET.Sdk.Razor,
BitFaster.Caching,2.6.1,21416037.0,readme; xml docs,0,,,ReadMe.md,,,lib/net10.0/BitFaster.Caching.xml,https://github.com/bitfaster/bitfaster.caching,,,,,,https://www.nuget.org/packages/BitFaster.Caching,
SharpDX,4.2.0,21396458.0,hand-written site; homepage,2,http://sharpdx.org/,,,,,,https://github.com/sharpdx/sharpdx,,,,http://sharpdx.org/,,https://www.nuget.org/packages/SharpDX,
protobuf-net.Grpc,1.3.14,21364984.0,readme; xml docs; homepage,1,,,readme.md,,,lib/net10.0/protobuf-net.Grpc.xml,https://github.com/protobuf-net/protobuf-net.grpc,,,,https://github.com/protobuf-net/protobuf-net.Grpc,,https://www.nuget.org/packages/protobuf-net.Grpc,
Plugin.Permissions,6.0.1,21322873.0,readme; homepage,1,,,readme.txt,,,,https://github.com/jamesmontemagno/permissionsplugin,,,,https://github.com/jamesmontemagno/PermissionsPlugin,,https://www.nuget.org/packages/Plugin.Permissions,
Xamarin.Android.Support.v7.AppCompat,28.0.0.3,21318086.0,hand-written site; homepage,2,https://go.microsoft.com/fwlink/?linkid=865352,,,,,,,,,,https://go.microsoft.com/fwlink/?linkid=865352,,https://www.nuget.org/packages/Xamarin.Android.Support.v7.AppCompat,
Umbraco.Cms.Web.Common,18.1.1,21286034.0,hand-written site; xml docs; homepage,2,https://umbraco.com/,,,,,lib/net10.0/Umbraco.Web.Common.xml,https://github.com/umbraco/umbraco-cms,,,,https://umbraco.com/,,https://www.nuget.org/packages/Umbraco.Cms.Web.Common,
OpenIddict.EntityFrameworkCore,7.7.0,21165772.0,hand-written site; xml docs; homepage,2,https://openiddict.com/,,,,,lib/net10.0/OpenIddict.EntityFrameworkCore.xml,https://github.com/openiddict/openiddict-core,,,,https://openiddict.com/,,https://www.nuget.org/packages/OpenIddict.EntityFrameworkCore,
AsyncKeyedLock,8.0.2,21163036.0,readme; xml docs; homepage,1,,,README.md,,,lib/net5.0/AsyncKeyedLock.xml,https://github.com/markciliavincenti/asynckeyedlock,,,,https://github.com/MarkCiliaVincenti/AsyncKeyedLock,,https://www.nuget.org/packages/AsyncKeyedLock,
CloudNative.CloudEvents.SystemTextJson,2.9.0,21145897.0,hand-written site; xml docs; homepage,2,https://cloudevents.io/,,,,,lib/net10.0/CloudNative.CloudEvents.SystemTextJson.xml,https://github.com/cloudevents/sdk-csharp,,,,https://cloudevents.io/,,https://www.nuget.org/packages/CloudNative.CloudEvents.SystemTextJson,
Nancy,2.0.0,21106810.0,hand-written site; xml docs; homepage,2,http://nancyfx.org/,,,,,lib/net452/Nancy.xml,,,,,http://nancyfx.org/,,https://www.nuget.org/packages/Nancy,
Xamarin.AndroidX.Navigation.UI,2.9.8.1,21100684.0,hand-written site; readme; xml docs; homepage,2,https://aka.ms/android-libraries,,readme.md,,,lib/net9.0-android35.0/Xamarin.AndroidX.Navigation.UI.xml,https://github.com/dotnet/android-libraries,,,,https://aka.ms/android-libraries,,https://www.nuget.org/packages/Xamarin.AndroidX.Navigation.UI,
Acr.UserDialogs,9.2.2,21099974.0,readme; xml docs; homepage,1,,,readme.md,,,lib/net8.0/Acr.UserDialogs.xml,https://github.com/aritchie/userdialogs,,,,https://github.com/aritchie/userdialogs,,https://www.nuget.org/packages/Acr.UserDialogs,
Xam.Plugin.Media,6.0.2,20993260.0,readme; xml docs; homepage,1,,,readme.txt,,,lib/netstandard2.0/Plugin.Media.xml,https://github.com/jamesmontemagno/mediaplugin,,,,https://github.com/jamesmontemagno/MediaPlugin,,https://www.nuget.org/packages/Xam.Plugin.Media,
NPoco,6.3.0,20909669.0,homepage,1,,,,,,,https://github.com/schotime/npoco,,,,https://github.com/schotime/NPoco,,https://www.nuget.org/packages/NPoco,
Xamarin.Google.Crypto.Tink.Android,1.23.0,20895887.0,hand-written site; readme; xml docs; homepage,2,https://aka.ms/android-libraries,,readme.md,,,lib/net10.0-android36.0/Xamarin.Google.Crypto.Tink.Android.xml,https://github.com/dotnet/android-libraries,,,,https://aka.ms/android-libraries,,https://www.nuget.org/packages/Xamarin.Google.Crypto.Tink.Android,
OpenIddict.AspNetCore,7.7.0,20841752.0,hand-written site; homepage,2,https://openiddict.com/,,,,,,https://github.com/openiddict/openiddict-core,,,,https://openiddict.com/,,https://www.nuget.org/packages/OpenIddict.AspNetCore,
TextCopy,6.2.1,20816411.0,xml docs; homepage,1,,,,,,lib/net6.0/TextCopy.xml,https://github.com/copytext/textcopy,,,,https://github.com/CopyText/TextCopy,,https://www.nuget.org/packages/TextCopy,
SerilogTimings,3.1.0,20780408.0,xml docs; homepage,1,,,,,,lib/net6.0/SerilogTimings.xml,https://github.com/nblumhardt/serilog-timings,,,,https://github.com/nblumhardt/serilog-timings,,https://www.nuget.org/packages/SerilogTimings,
Microsoft.DotNet.ILCompiler,10.0.11,20645437.0,hand-written site; homepage,2,https://dot.net/,,,,,,https://github.com/dotnet/runtime,,,,https://dot.net/,,https://www.nuget.org/packages/Microsoft.DotNet.ILCompiler,
GeoJSON.Net,1.4.1,20644302.0,homepage,1,,,,,,,https://github.com/geojson-net/geojson.net,,,,https://github.com/GeoJSON-Net/GeoJSON.Net,,https://www.nuget.org/packages/GeoJSON.Net,
Serilog.Sinks.Map,2.0.0,20555468.0,readme; xml docs; homepage,1,,,README.md,,,lib/net462/Serilog.Sinks.Map.xml,https://github.com/serilog/serilog-sinks-map,,,,https://github.com/serilog/serilog-sinks-map,,https://www.nuget.org/packages/Serilog.Sinks.Map,
DryIoc.dll,5.4.3,20376779.0,xml docs; homepage,1,,,,,,lib/net45/DryIoc.xml,https://github.com/dadhi/dryioc,,,,https://github.com/dadhi/DryIoc,,https://www.nuget.org/packages/DryIoc.dll,
NetTopologySuite.IO.GeoJSON,4.0.0,20316189.0,xml docs,0,,,,,,lib/netstandard2.0/NetTopologySuite.IO.GeoJSON.xml,https://github.com/nettopologysuite/nettopologysuite.io.geojson,,,,,,https://www.nuget.org/packages/NetTopologySuite.IO.GeoJSON,
Umbraco.Cms.Core,18.1.1,20271540.0,hand-written site; xml docs; homepage,2,https://umbraco.com/,,,,,lib/net10.0/Umbraco.Core.xml,https://github.com/umbraco/umbraco-cms,,,,https://umbraco.com/,,https://www.nuget.org/packages/Umbraco.Cms.Core,
Xamarin.AndroidX.ExifInterface,1.4.2.3,20219153.0,hand-written site; readme; xml docs; homepage,2,https://aka.ms/android-libraries,,readme.md,,,lib/net9.0-android35.0/Xamarin.AndroidX.ExifInterface.xml,https://github.com/dotnet/android-libraries,,,,https://aka.ms/android-libraries,,https://www.nuget.org/packages/Xamarin.AndroidX.ExifInterface,
OpenIddict.Server.DataProtection,7.7.0,20215212.0,hand-written site; xml docs; homepage,2,https://openiddict.com/,,,,,lib/net10.0/OpenIddict.Server.DataProtection.xml,https://github.com/openiddict/openiddict-core,,,,https://openiddict.com/,,https://www.nuget.org/packages/OpenIddict.Server.DataProtection,
Microsoft.Extensions.AI.OpenAI,10.9.0,20200571.0,hand-written site; readme; xml docs; homepage,2,https://dot.net/,,README.md,,,lib/net10.0/Microsoft.Extensions.AI.OpenAI.xml,https://github.com/dotnet/extensions,,,,https://dot.net/,,https://www.nuget.org/packages/Microsoft.Extensions.AI.OpenAI,
OpenIddict.Validation.DataProtection,7.7.0,20006666.0,hand-written site; xml docs; homepage,2,https://openiddict.com/,,,,,lib/net10.0/OpenIddict.Validation.DataProtection.xml,https://github.com/openiddict/openiddict-core,,,,https://openiddict.com/,,https://www.nuget.org/packages/OpenIddict.Validation.DataProtection,
AwesomeAssertions,9.6.0,19693511.0,readme; xml docs; homepage,1,,,README.md,,,lib/net47/AwesomeAssertions.xml,https://github.com/awesomeassertions/awesomeassertions,,,,https://github.com/AwesomeAssertions/AwesomeAssertions,,https://www.nuget.org/packages/AwesomeAssertions,
NBuilder,6.1.0,19637719.0,homepage,1,,,,,,,https://github.com/nbuilder/nbuilder,,,,https://github.com/nbuilder/nbuilder/wiki,,https://www.nuget.org/packages/NBuilder,
Xamarin.Android.Support.Animated.Vector.Drawable,28.0.0.3,19601361.0,hand-written site; homepage,2,https://go.microsoft.com/fwlink/?linkid=865352,,,,,,,,,,https://go.microsoft.com/fwlink/?linkid=865352,,https://www.nuget.org/packages/Xamarin.Android.Support.Animated.Vector.Drawable,
Azure.Provisioning,1.6.0,19530637.0,readme; xml docs; homepage,1,,,README.md,,,lib/net10.0/Azure.Provisioning.xml,https://github.com/azure/azure-sdk-for-net,,,,https://github.com/Azure/azure-sdk-for-net/blob/Azure.Provisioning_1.6.0/sdk/provisioning/Azure.Provisioning/README.md,,https://www.nuget.org/packages/Azure.Provisioning,
Microsoft.Testing.Extensions.TrxReport,2.4.0,19518610.0,xml docs; homepage,1,,,,,,lib/net8.0/Microsoft.Testing.Extensions.TrxReport.xml,https://github.com/microsoft/testfx,,,,https://github.com/microsoft/testfx,,https://www.nuget.org/packages/Microsoft.Testing.Extensions.TrxReport,
Microsoft.Reactive.Testing,7.0.0,19468251.0,readme; xml docs; homepage,1,,,readme.md,,,lib/net8.0/Microsoft.Reactive.Testing.xml,https://github.com/dotnet/reactive,,,,https://github.com/dotnet/reactive,,https://www.nuget.org/packages/Microsoft.Reactive.Testing,
ReactiveUI,24.2.0,19454552.0,hand-written site; readme; xml docs; homepage,2,https://reactiveui.net/,,README.md,,,lib/net10.0-android36.0/ReactiveUI.xml,https://github.com/reactiveui/reactiveui,,,,https://reactiveui.net/,,https://www.nuget.org/packages/ReactiveUI,
SixLabors.ImageSharp.Web,4.0.1,19430367.0,xml docs; homepage,1,,,,,,lib/net8.0/SixLabors.ImageSharp.Web.xml,https://github.com/sixlabors/imagesharp.web,,,,https://github.com/SixLabors/ImageSharp.Web,,https://www.nuget.org/packages/SixLabors.ImageSharp.Web,
Microsoft.Identity.Client.Broker,4.88.0,19396463.0,hand-written site; xml docs; homepage,2,https://go.microsoft.com/fwlink/?linkid=844761,,,,,lib/net462/Microsoft.Identity.Client.Broker.xml,https://github.com/azuread/microsoft-authentication-library-for-dotnet,,,,https://go.microsoft.com/fwlink/?linkid=844761,,https://www.nuget.org/packages/Microsoft.Identity.Client.Broker,
Microsoft.Azure.Devices,1.41.1,19358026.0,xml docs; homepage,1,,,,,,lib/net6.0/Microsoft.Azure.Devices.xml,https://github.com/azure/azure-iot-sdk-csharp,,,,https://github.com/Azure/azure-iot-sdk-csharp,,https://www.nuget.org/packages/Microsoft.Azure.Devices,
Xamarin.Android.Support.Vector.Drawable,28.0.0.3,19309886.0,hand-written site; homepage,2,https://go.microsoft.com/fwlink/?linkid=865352,,,,,,,,,,https://go.microsoft.com/fwlink/?linkid=865352,,https://www.nuget.org/packages/Xamarin.Android.Support.Vector.Drawable,
Google.Cloud.Firestore,4.4.0,19309108.0,xml docs; homepage,1,,,,,,lib/net462/Google.Cloud.Firestore.xml,https://github.com/googleapis/google-cloud-dotnet,,,,https://github.com/googleapis/google-cloud-dotnet,,https://www.nuget.org/packages/Google.Cloud.Firestore,
Nuget.Core,2.14.0,19268758.0,homepage,1,,,,,,,https://github.com/nuget/nuget2,,,,https://github.com/NuGet/NuGet2,,https://www.nuget.org/packages/Nuget.Core,
Aspire.Hosting.Orchestration.linux-x64,13.5.3,19236491.0,homepage,1,,,,,,,https://github.com/microsoft/aspire,,,,https://github.com/microsoft/aspire,,https://www.nuget.org/packages/Aspire.Hosting.Orchestration.linux-x64,
Ardalis.Specification,9.3.1,19227594.0,readme; xml docs; homepage,1,,,readme-nuget.md,,,lib/net8.0/Ardalis.Specification.xml,https://github.com/ardalis/specification,,,,https://github.com/ardalis/specification,,https://www.nuget.org/packages/Ardalis.Specification,
Microsoft.VisualStudio.Composition.NetFxAttributes,16.9.20,19186024.0,xml docs; homepage,1,,,,,,lib/netstandard2.0/Microsoft.VisualStudio.Composition.NetFxAttributes.xml,https://github.com/microsoft/vs-mef,,,,https://github.com/Microsoft/vs-mef,,https://www.nuget.org/packages/Microsoft.VisualStudio.Composition.NetFxAttributes,
DotNet.Glob,3.1.3,19171926.0,homepage,1,,,,,,,https://github.com/dazinator/dotnet.glob,,,,https://github.com/dazinator/DotNet.Glob,,https://www.nuget.org/packages/DotNet.Glob,
DeepEqual,5.1.0,19100676.0,readme; homepage,1,,,Readme.md,,,,https://github.com/jamesfoster/deepequal,,,,https://github.com/jamesfoster/DeepEqual,,https://www.nuget.org/packages/DeepEqual,
Microsoft.ClearScript.V8,7.5.1.1,18957922.0,readme; xml docs; homepage,1,,,ReadMe.md,,,lib/net462/ClearScript.V8.xml,https://github.com/microsoft/clearscript,,,,https://github.com/Microsoft/ClearScript,,https://www.nuget.org/packages/Microsoft.ClearScript.V8,
Aspire.Dashboard.Sdk.linux-x64,13.5.3,18956571.0,homepage,1,,,,,,,https://github.com/microsoft/aspire,,,,https://github.com/microsoft/aspire,,https://www.nuget.org/packages/Aspire.Dashboard.Sdk.linux-x64,
FirebirdSql.Data.FirebirdClient,10.3.4,18812687.0,hand-written site; readme; homepage,2,http://www.firebirdsql.org/en/net-provider/,,README.md,,,,https://github.com/firebirdsql/netprovider,,,,http://www.firebirdsql.org/en/net-provider/,,https://www.nuget.org/packages/FirebirdSql.Data.FirebirdClient,
MinVer,8.0.0,18760277.0,readme; homepage,1,,,README.md,,,,https://github.com/adamralph/minver,,,,https://github.com/adamralph/minver,,https://www.nuget.org/packages/MinVer,
Microsoft.Azure.Storage.File,11.2.3,18714738.0,hand-written site; xml docs; homepage,2,https://go.microsoft.com/fwlink/?LinkId=235168,,,,,lib/net452/Microsoft.Azure.Storage.File.xml,,,,,https://go.microsoft.com/fwlink/?LinkId=235168,,https://www.nuget.org/packages/Microsoft.Azure.Storage.File,
Microsoft.AspNetCore.Hosting.WindowsServices,10.0.11,18710544.0,hand-written site; xml docs; homepage,2,https://asp.net/,,,,,lib/net10.0/Microsoft.AspNetCore.Hosting.WindowsServices.xml,https://github.com/dotnet/aspnetcore,,,,https://asp.net/,,https://www.nuget.org/packages/Microsoft.AspNetCore.Hosting.WindowsServices,
SharpDX.DXGI,4.2.0,18684674.0,hand-written site; xml docs; homepage,2,http://sharpdx.org/,,,,,lib/net40/SharpDX.DXGI.xml,https://github.com/sharpdx/sharpdx,,,,http://sharpdx.org/,,https://www.nuget.org/packages/SharpDX.DXGI,
Xamarin.Forms.Maps,5.0.0.2662,18187354.0,xml docs,0,,,,,,lib/netstandard1.0/Xamarin.Forms.Maps.xml,https://github.com/xamarin/xamarin.forms,,,,,,https://www.nuget.org/packages/Xamarin.Forms.Maps,
SerilogAnalyzer,0.15.0,18018654.0,homepage,1,,,,,,,https://github.com/suchiman/seriloganalyzer,,,,https://github.com/Suchiman/SerilogAnalyzer,,https://www.nuget.org/packages/SerilogAnalyzer,
Microsoft.NETCore.App.Runtime.osx-arm64,10.0.11,18011349.0,hand-written site; homepage,2,https://dot.net/,,,,,,https://github.com/dotnet/dotnet,,,,https://dot.net/,,https://www.nuget.org/packages/Microsoft.NETCore.App.Runtime.osx-arm64,
WebSocket4Net,0.15.2,17897993.0,hand-written site; homepage,2,https://websocket4net.codeplex.com/,,,,,,,,,,https://websocket4net.codeplex.com/,,https://www.nuget.org/packages/WebSocket4Net,
Xamarin.AndroidX.Legacy.Support.V4,1.0.0.37,17777755.0,hand-written site; readme; xml docs; homepage,2,https://aka.ms/android-libraries,,readme.md,,,lib/net10.0-android36.0/Xamarin.AndroidX.Legacy.Support.V4.xml,https://github.com/dotnet/android-libraries,,,,https://aka.ms/android-libraries,,https://www.nuget.org/packages/Xamarin.AndroidX.Legacy.Support.V4,
Microsoft.Extensions.Validation,10.0.11,17767956.0,hand-written site; xml docs; homepage,2,https://asp.net/,,,,,lib/net10.0/Microsoft.Extensions.Validation.xml,https://github.com/dotnet/dotnet,,,,https://asp.net/,,https://www.nuget.org/packages/Microsoft.Extensions.Validation,
Microsoft.Windows.SDK.BuildTools,10.0.28000.2705,17760217.0,hand-written site; homepage,2,https://aka.ms/WinSDKProjectURL,,,,,,,,,,https://aka.ms/WinSDKProjectURL,,https://www.nuget.org/packages/Microsoft.Windows.SDK.BuildTools,
Microsoft.SemanticKernel.Connectors.OpenAI,1.80.1,17700993.0,hand-written site; xml docs; homepage,2,https://aka.ms/semantic-kernel,,,,,lib/net10.0/Microsoft.SemanticKernel.Connectors.OpenAI.xml,https://github.com/microsoft/semantic-kernel,,,,https://aka.ms/semantic-kernel,,https://www.nuget.org/packages/Microsoft.SemanticKernel.Connectors.OpenAI,
NUnit.Runners,3.12.0,17651612.0,hand-written site; homepage,2,https://nunit.org/,,,,,,https://github.com/nunit/nunit-console,,,,https://nunit.org/,,https://www.nuget.org/packages/NUnit.Runners,
Microsoft.EntityFrameworkCore.SqlServer.Design,1.1.6,17637382.0,hand-written site; xml docs; homepage,2,https://www.asp.net/,,,,,lib/net451/Microsoft.EntityFrameworkCore.SqlServer.Design.xml,,,,,https://www.asp.net/,,https://www.nuget.org/packages/Microsoft.EntityFrameworkCore.SqlServer.Design,
Umbraco.Cms.Web.Website,18.1.1,17606200.0,hand-written site; xml docs; homepage,2,https://umbraco.com/,,,,,lib/net10.0/Umbraco.Web.Website.xml,https://github.com/umbraco/umbraco-cms,,,,https://umbraco.com/,,https://www.nuget.org/packages/Umbraco.Cms.Web.Website,
GraphQL.SystemTextJson,8.8.5,17604233.0,readme; xml docs,0,,,README.md,,,lib/net5.0/GraphQL.SystemTextJson.xml,https://github.com/graphql-dotnet/graphql-dotnet,,,,,,https://www.nuget.org/packages/GraphQL.SystemTextJson,
Xamarin.Android.Support.v7.RecyclerView,28.0.0.3,17587930.0,hand-written site; homepage,2,https://go.microsoft.com/fwlink/?linkid=865352,,,,,,,,,,https://go.microsoft.com/fwlink/?linkid=865352,,https://www.nuget.org/packages/Xamarin.Android.Support.v7.RecyclerView,
MimeTypes,2.5.2,17586832.0,readme; homepage,1,,,docs/README.md,,,,https://github.com/khellang/mimetypes,,,,https://github.com/khellang/MimeTypes,,https://www.nuget.org/packages/MimeTypes,
Microsoft.NETCore.App.Host.osx-arm64,10.0.11,17561068.0,hand-written site; homepage,2,https://dot.net/,,,,,,https://github.com/dotnet/dotnet,,,,https://dot.net/,,https://www.nuget.org/packages/Microsoft.NETCore.App.Host.osx-arm64,
Google.Apis.Admin.Directory.directory_v1,1.75.0.4227,17518357.0,xml docs; homepage,1,,,,,,lib/net462/Google.Apis.Admin.Directory.directory_v1.xml,https://github.com/google/google-api-dotnet-client,,,,https://github.com/google/google-api-dotnet-client,,https://www.nuget.org/packages/Google.Apis.Admin.Directory.directory_v1,
CommunityToolkit.Diagnostics,8.4.2,17484210.0,xml docs; homepage,1,,,,,,lib/net8.0/CommunityToolkit.Diagnostics.xml,https://github.com/communitytoolkit/dotnet,,,,https://github.com/CommunityToolkit/dotnet,,https://www.nuget.org/packages/CommunityToolkit.Diagnostics,
Cake.FileHelpers,9.0.0,17428769.0,xml docs; homepage,1,,,,,,lib/net10.0/Cake.FileHelpers.xml,https://github.com/cake-contrib/cake.filehelpers,,,,https://github.com/cake-contrib/Cake.FileHelpers,,https://www.nuget.org/packages/Cake.FileHelpers,
EnvDTE,17.14.40260,17412964.0,hand-written site; xml docs; homepage,2,https://aka.ms/vsextensibility,,,,,lib/net20/envdte.xml,,,,,https://aka.ms/vsextensibility,,https://www.nuget.org/packages/EnvDTE,
PolySharp,1.16.0,17393697.0,readme,0,,,README.md,,,,https://github.com/sergio0694/polysharp,,,,,,https://www.nuget.org/packages/PolySharp,
Xamarin.Android.Arch.Lifecycle.Common,26.1.0,17382713.0,homepage,1,,,,,,,https://github.com/xamarin/androidsupportcomponents,,,,https://github.com/xamarin/AndroidSupportComponents/,,https://www.nuget.org/packages/Xamarin.Android.Arch.Lifecycle.Common,
itext.bouncy-castle-adapter,9.7.0,17380539.0,hand-written site; xml docs; homepage,2,https://itextpdf.com/,,,,,lib/net461/itext.bouncy-castle-adapter.xml,,,,,https://itextpdf.com/,,https://www.nuget.org/packages/itext.bouncy-castle-adapter,
Markdown,2.2.1,17366900.0,homepage,1,,,,,,,https://github.com/kiri-rin/markdownsharp,,,,https://github.com/hey-red/Markdown,,https://www.nuget.org/packages/Markdown,
Microsoft.AspNetCore.App.Runtime.osx-arm64,10.0.11,17344726.0,hand-written site; homepage,2,https://asp.net/,,,,,,https://github.com/dotnet/dotnet,,,,https://asp.net/,,https://www.nuget.org/packages/Microsoft.AspNetCore.App.Runtime.osx-arm64,
ZiggyCreatures.FusionCache.Backplane.StackExchangeRedis,2.7.2,17285279.0,readme; xml docs; homepage,1,,,README.md,,,lib/net8.0/ZiggyCreatures.FusionCache.Backplane.StackExchangeRedis.xml,https://github.com/ziggycreatures/fusioncache,,,,https://github.com/ZiggyCreatures/FusionCache,,https://www.nuget.org/packages/ZiggyCreatures.FusionCache.Backplane.StackExchangeRedis,
elmah,1.2.2,17260307.0,hand-written site; readme; homepage,2,https://elmah.github.io/,,Readme.txt,,,,,,,,https://elmah.github.io/,,https://www.nuget.org/packages/elmah,
Xamarin.Android.Arch.Lifecycle.Runtime,26.1.0,17225329.0,homepage,1,,,,,,,https://github.com/xamarin/androidsupportcomponents,,,,https://github.com/xamarin/AndroidSupportComponents/,,https://www.nuget.org/packages/Xamarin.Android.Arch.Lifecycle.Runtime,
itext7.pdfhtml,6.3.3,17188608.0,hand-written site; homepage,2,https://itextpdf.com/en/products/itext-7/pdfhtml,,,,,,https://github.com/itext/i7n-pdfhtml,,,,https://itextpdf.com/en/products/itext-7/pdfhtml,,https://www.nuget.org/packages/itext7.pdfhtml,
Microsoft.AspNetCore.Components.WebView,10.0.11,17161972.0,hand-written site; xml docs; homepage,2,https://asp.net/,,,,,lib/net10.0/Microsoft.AspNetCore.Components.WebView.xml,https://github.com/dotnet/aspnetcore,,,,https://asp.net/,,https://www.nuget.org/packages/Microsoft.AspNetCore.Components.WebView,
AvalonEdit,6.3.1.120,17144300.0,hand-written site; xml docs; homepage,2,http://www.avalonedit.net/,,,,,lib/net462/ICSharpCode.AvalonEdit.xml,https://github.com/icsharpcode/avalonedit,,,,http://www.avalonedit.net/,,https://www.nuget.org/packages/AvalonEdit,
Xamarin.Android.Support.Design,28.0.0.3,17143768.0,hand-written site; homepage,2,https://go.microsoft.com/fwlink/?linkid=865352,,,,,,,,,,https://go.microsoft.com/fwlink/?linkid=865352,,https://www.nuget.org/packages/Xamarin.Android.Support.Design,
Xamarin.Android.Arch.Core.Common,26.1.0,17076426.0,homepage,1,,,,,,,https://github.com/xamarin/androidsupportcomponents,,,,https://github.com/xamarin/AndroidSupportComponents/,,https://www.nuget.org/packages/Xamarin.Android.Arch.Core.Common,
SimpleInjector.Integration.ServiceCollection,5.5.0,17036436.0,hand-written site; xml docs; homepage,2,https://simpleinjector.org/servicecollection,,,,,lib/net6.0/SimpleInjector.Integration.ServiceCollection.xml,,,,,https://simpleinjector.org/servicecollection,,https://www.nuget.org/packages/SimpleInjector.Integration.ServiceCollection,
Microsoft.NETCore.UniversalWindowsPlatform,6.2.15,17029365.0,homepage,1,,,,,,,https://github.com/microsoft/dotnet,,,,https://github.com/Microsoft/dotnet/blob/master/releases/UWP/README.md,,https://www.nuget.org/packages/Microsoft.NETCore.UniversalWindowsPlatform,
GitHubActionsTestLogger,3.0.5,17012745.0,xml docs; homepage,1,,,,,,lib/net10.0/GitHubActionsTestLogger.xml,https://github.com/tyrrrz/githubactionstestlogger,,,,https://github.com/Tyrrrz/GitHubActionsTestLogger,,https://www.nuget.org/packages/GitHubActionsTestLogger,
CassandraCSharpDriver,3.22.1,17008911.0,xml docs; homepage,1,,,,,,lib/net452/Cassandra.xml,https://github.com/datastax/csharp-driver,,,,https://github.com/datastax/csharp-driver,,https://www.nuget.org/packages/CassandraCSharpDriver,
MSTest,4.4.0,17002214.0,homepage,1,,,,,,,https://github.com/microsoft/testfx,,,,https://github.com/microsoft/testfx,,https://www.nuget.org/packages/MSTest,
Serilog.Sinks.Graylog,3.1.1,16992713.0,homepage,1,,,,,,,https://github.com/serilog-contrib/serilog-sinks-graylog,,,,https://github.com/serilog-contrib/serilog-sinks-graylog,,https://www.nuget.org/packages/Serilog.Sinks.Graylog,
Extended.Wpf.Toolkit,5.1.2,16939191.0,homepage,1,,,,,,,https://github.com/xceedsoftware/wpftoolkit,,,,https://github.com/xceedsoftware/wpftoolkit,,https://www.nuget.org/packages/Extended.Wpf.Toolkit,
SharpDX.Direct3D11,4.2.0,16905707.0,hand-written site; xml docs; homepage,2,http://sharpdx.org/,,,,,lib/net40/SharpDX.Direct3D11.xml,https://github.com/sharpdx/sharpdx,,,,http://sharpdx.org/,,https://www.nuget.org/packages/SharpDX.Direct3D11,
Microsoft.Owin.StaticFiles,4.2.3,16892022.0,xml docs; homepage,1,,,,,,lib/net45/Microsoft.Owin.StaticFiles.xml,https://github.com/aspnet/aspnetkatana,,,,https://github.com/aspnet/AspNetKatana,,https://www.nuget.org/packages/Microsoft.Owin.StaticFiles,
mongocsharpdriver,2.30.0,16847587.0,hand-written site; readme; xml docs; homepage,2,https://www.mongodb.com/docs/drivers/csharp/,,README.md,,,lib/net472/MongoDB.Driver.Legacy.xml,https://github.com/mongodb/mongo-csharp-driver,,,,https://www.mongodb.com/docs/drivers/csharp/,,https://www.nuget.org/packages/mongocsharpdriver,
Grpc.AspNetCore.HealthChecks,2.83.0,16825578.0,xml docs; homepage,1,,,,,,lib/net10.0/Grpc.AspNetCore.HealthChecks.xml,https://github.com/grpc/grpc-dotnet,,,,https://github.com/grpc/grpc-dotnet,,https://www.nuget.org/packages/Grpc.AspNetCore.HealthChecks,
Microsoft.NETFramework.ReferenceAssemblies.net45,1.0.3,16749950.0,homepage,1,,,,,,,https://github.com/microsoft/dotnet,,,,https://github.com/Microsoft/dotnet/tree/master/releases/reference-assemblies,,https://www.nuget.org/packages/Microsoft.NETFramework.ReferenceAssemblies.net45,
Hyak.Common,1.2.2,16724401.0,xml docs; homepage,1,,,,,,lib/net452/Hyak.Common.xml,https://github.com/azure/azure-sdk-for-net,,,,https://github.com/Azure/azure-sdk-for-net,,https://www.nuget.org/packages/Hyak.Common,
Xamarin.Android.Support.v7.CardView,28.0.0.3,16672848.0,hand-written site; homepage,2,https://go.microsoft.com/fwlink/?linkid=865352,,,,,,,,,,https://go.microsoft.com/fwlink/?linkid=865352,,https://www.nuget.org/packages/Xamarin.Android.Support.v7.CardView,
Rebus.ServiceProvider,10.7.2,16634809.0,hand-written site; readme; homepage,2,https://rebus.fm/what-is-rebus/,,README.md,,,,https://github.com/rebus-org/rebus.serviceprovider,,,,https://rebus.fm/what-is-rebus/,,https://www.nuget.org/packages/Rebus.ServiceProvider,
Microsoft.ML,5.0.0,16563250.0,hand-written site; xml docs; homepage,2,https://dot.net/ml,,,,,lib/netstandard2.0/Microsoft.ML.Core.xml,https://github.com/dotnet/machinelearning,,,,https://dot.net/ml,,https://www.nuget.org/packages/Microsoft.ML,
SharpRaven,2.4.0,16561969.0,homepage,1,,,,,,,https://github.com/getsentry/raven-csharp,,,,https://github.com/getsentry/raven-csharp,,https://www.nuget.org/packages/SharpRaven,
Xamarin.Android.Glide,5.0.9,16556500.0,hand-written site; readme; xml docs; homepage,2,https://aka.ms/android-libraries,,readme.md,,,lib/net10.0-android36.0/Xamarin.Android.Glide.xml,https://github.com/dotnet/android-libraries,,,,https://aka.ms/android-libraries,,https://www.nuget.org/packages/Xamarin.Android.Glide,
Microsoft.Maui.Controls.Compatibility,10.0.101,16523765.0,readme; xml docs; homepage,1,,,README.md,,,lib/net10.0/Microsoft.Maui.Controls.Compatibility.xml,https://github.com/dotnet/maui,,,,https://github.com/dotnet/maui,,https://www.nuget.org/packages/Microsoft.Maui.Controls.Compatibility,
Microsoft.ClearScript.V8.Native.win-x64,7.5.1.1,16520082.0,readme; homepage,1,,,ReadMe.md,,,,https://github.com/microsoft/clearscript,,,,https://github.com/Microsoft/ClearScript,,https://www.nuget.org/packages/Microsoft.ClearScript.V8.Native.win-x64,
FastEndpoints,8.3.0,16481688.0,hand-written site; readme; xml docs; homepage,2,https://fast-endpoints.com/,,README.md,,,lib/net10.0/FastEndpoints.xml,https://github.com/fastendpoints/fastendpoints,,,,https://fast-endpoints.com/,,https://www.nuget.org/packages/FastEndpoints,
SuperSocket.ClientEngine.Core,0.10.0,16468695.0,hand-written site; homepage,2,http://www.supersocket.net/,,,,,,,,,,http://www.supersocket.net/,,https://www.nuget.org/packages/SuperSocket.ClientEngine.Core,
TestableIO.System.IO.Abstractions.TestingHelpers,22.2.0,16420248.0,readme; xml docs; homepage,1,,,README.md,,,lib/net10.0/TestableIO.System.IO.Abstractions.TestingHelpers.xml,https://github.com/testableio/system.io.abstractions,,,,https://github.com/TestableIO/System.IO.Abstractions,,https://www.nuget.org/packages/TestableIO.System.IO.Abstractions.TestingHelpers,
System.CommandLine.NamingConventionBinder,2.0.0-beta5.25306.1,16366097.0,xml docs; homepage,1,,,,,,lib/net8.0/System.CommandLine.NamingConventionBinder.xml,https://github.com/dotnet/command-line-api,,,,https://github.com/dotnet/command-line-api,,https://www.nuget.org/packages/System.CommandLine.NamingConventionBinder,
Microsoft.CodeAnalysis.Analyzer.Testing,1.1.4,16299974.0,xml docs; homepage,1,,,,,,lib/net461/Microsoft.CodeAnalysis.Analyzer.Testing.xml,https://github.com/dotnet/roslyn-sdk,,,,https://github.com/dotnet/roslyn-sdk,,https://www.nuget.org/packages/Microsoft.CodeAnalysis.Analyzer.Testing,
bunit,2.10.3,16260225.0,hand-written site; readme; xml docs; homepage,2,https://bunit.egilhansen.com/,,README.md,,,lib/net10.0/bunit.xml,https://github.com/bunit-dev/bunit,,,,https://bunit.egilhansen.com/,,https://www.nuget.org/packages/bunit,
CronExpressionDescriptor,2.51.0,16223940.0,homepage,1,,,,,,,https://github.com/bradymholt/cron-expression-descriptor,,,,https://github.com/bradymholt/cron-expression-descriptor,,https://www.nuget.org/packages/CronExpressionDescriptor,
Stub.System.Data.SQLite.Core.NetFramework,1.0.119,16207004.0,hand-written site; xml docs; homepage,2,https://system.data.sqlite.org/,,,,,lib/net20/System.Data.SQLite.xml,,,,,https://system.data.sqlite.org/,,https://www.nuget.org/packages/Stub.System.Data.SQLite.Core.NetFramework,
akavache.sqlite3,13.0.0,16185775.0,readme; xml docs; homepage,1,,,README.md,,,lib/net10.0-android36.0/Akavache.Sqlite3.xml,https://github.com/reactiveui/akavache,,,,https://github.com/reactiveui/akavache/,,https://www.nuget.org/packages/akavache.sqlite3,
Microsoft.Azure.Common,2.2.1,16172045.0,xml docs; homepage,1,,,,,,lib/net452/Microsoft.Azure.Common.xml,https://github.com/azure/azure-sdk-for-net,,,,https://github.com/Azure/azure-sdk-for-net,,https://www.nuget.org/packages/Microsoft.Azure.Common,
Xamarin.AndroidX.Window,1.5.1.3,16124659.0,hand-written site; readme; xml docs; homepage,2,https://aka.ms/android-libraries,,readme.md,,,lib/net9.0-android35.0/Xamarin.AndroidX.Window.xml,https://github.com/dotnet/android-libraries,,,,https://aka.ms/android-libraries,,https://www.nuget.org/packages/Xamarin.AndroidX.Window,
akavache,13.0.0,16094131.0,readme; xml docs; homepage,1,,,README.md,,,lib/net10.0-android36.0/Akavache.xml,https://github.com/reactiveui/akavache,,,,https://github.com/reactiveui/akavache/,,https://www.nuget.org/packages/akavache,
akavache.core,10.2.41,16042115.0,readme; xml docs; homepage,1,,,README.md,,,lib/net8.0/Akavache.Core.xml,https://github.com/reactiveui/akavache,,,,https://github.com/reactiveui/akavache/,,https://www.nuget.org/packages/akavache.core,
Duende.IdentityServer.EntityFramework,8.0.7,15973802.0,readme; xml docs; homepage,1,,,README.md,,,lib/net10.0/Duende.IdentityServer.EntityFramework.xml,https://github.com/duendesoftware/products,,,,https://github.com/duendesoftware/products,,https://www.nuget.org/packages/Duende.IdentityServer.EntityFramework,
Microsoft.NETCore.App.Host.win-x86,10.0.11,15956044.0,hand-written site; homepage,2,https://dot.net/,,,,,,https://github.com/dotnet/runtime,,,,https://dot.net/,,https://www.nuget.org/packages/Microsoft.NETCore.App.Host.win-x86,
FsCheck,3.4.0,15900926.0,hand-written site; readme; xml docs; homepage,2,https://fscheck.github.io/FsCheck/,,README.md,,,lib/netstandard2.0/FsCheck.xml,https://github.com/fscheck/fscheck,,,,https://fscheck.github.io/FsCheck/,,https://www.nuget.org/packages/FsCheck,
FluentAssertions.Analyzers,0.34.1,15891684.0,readme; homepage,1,,,docs/README.md,,,,https://github.com/fluentassertions/fluentassertions.analyzers,,,,https://github.com/fluentassertions/fluentassertions.analyzers,,https://www.nuget.org/packages/FluentAssertions.Analyzers,
Examine.Core,4.0.0,15874318.0,xml docs; homepage,1,,,,,,lib/net10.0/Examine.Core.xml,https://github.com/shazwazza/examine,,,,https://github.com/Shazwazza/Examine,,https://www.nuget.org/packages/Examine.Core,
FuzzySharp,2.0.2,15796772.0,readme; homepage,1,,,README.md,,,,https://github.com/jakebayer/fuzzysharp,,,,https://github.com/JakeBayer/FuzzySharp,,https://www.nuget.org/packages/FuzzySharp,
Avalonia.Skia,12.1.2,15792064.0,hand-written site; xml docs; homepage,2,https://avaloniaui.net/?utm_source=nuget&utm_medium=referral&utm_content=project_homepage_link,,,,,lib/net10.0/Avalonia.Skia.xml,https://github.com/avaloniaui/avalonia,,,,https://avaloniaui.net/?utm_source=nuget&utm_medium=referral&utm_content=project_homepage_link,,https://www.nuget.org/packages/Avalonia.Skia,
Microsoft.Extensions.Diagnostics.Testing,10.9.0,15784552.0,hand-written site; readme; xml docs; homepage,2,https://dot.net/,,README.md,,,lib/net10.0/Microsoft.Extensions.Diagnostics.Testing.xml,https://github.com/dotnet/extensions,,,,https://dot.net/,,https://www.nuget.org/packages/Microsoft.Extensions.Diagnostics.Testing,
Microsoft.Security.Extensions,1.4.0,15773443.0,hand-written site; homepage,2,https://aka.ms/getfilesiginforedist,,,,,,,,,,https://aka.ms/getfilesiginforedist,,https://www.nuget.org/packages/Microsoft.Security.Extensions,
Xamarin.AndroidX.Navigation.Fragment,2.9.8.1,15735751.0,hand-written site; readme; xml docs; homepage,2,https://aka.ms/android-libraries,,readme.md,,,lib/net9.0-android35.0/Xamarin.AndroidX.Navigation.Fragment.xml,https://github.com/dotnet/android-libraries,,,,https://aka.ms/android-libraries,,https://www.nuget.org/packages/Xamarin.AndroidX.Navigation.Fragment,
Azure.ResourceManager.Resources,1.12.0,15727979.0,readme; xml docs; homepage,1,,,README.md,,,lib/net10.0/Azure.ResourceManager.Resources.xml,https://github.com/azure/azure-sdk-for-net,,,,https://github.com/Azure/azure-sdk-for-net/blob/Azure.ResourceManager.Resources_1.11.2/sdk/resources/Azure.ResourceManager.Resources/README.md,,https://www.nuget.org/packages/Azure.ResourceManager.Resources,
Microsoft.SemanticKernel,1.80.1,15684427.0,hand-written site; xml docs; homepage,2,https://aka.ms/semantic-kernel,,,,,lib/net10.0/Microsoft.SemanticKernel.xml,https://github.com/microsoft/semantic-kernel,,,,https://aka.ms/semantic-kernel,,https://www.nuget.org/packages/Microsoft.SemanticKernel,
Faker.Net,2.0.163,15655603.0,homepage,1,,,,,,,https://github.com/oriches/faker-cs,,,,https://github.com/oriches/faker-cs,,https://www.nuget.org/packages/Faker.Net,
Microsoft.DotNet.UpgradeAssistant.Extensions.Default.Analyzers,0.4.421302,15651081.0,homepage,1,,,,,,,https://github.com/dotnet/upgrade-assistant,,,,https://github.com/dotnet/upgrade-assistant,,https://www.nuget.org/packages/Microsoft.DotNet.UpgradeAssistant.Extensions.Default.Analyzers,
Ardalis.Specification.EntityFrameworkCore,9.3.1,15493013.0,readme; xml docs; homepage,1,,,readme-nuget.md,,,lib/net8.0/Ardalis.Specification.EntityFrameworkCore.xml,https://github.com/ardalis/specification,,,,https://github.com/ardalis/specification,,https://www.nuget.org/packages/Ardalis.Specification.EntityFrameworkCore,
Microsoft.Bot.Connector,4.23.1,15477197.0,xml docs; homepage,1,,,,,,lib/netstandard2.0/Microsoft.Bot.Connector.xml,https://github.com/microsoft/botbuilder-dotnet,,,,https://github.com/Microsoft/botbuilder-dotnet,,https://www.nuget.org/packages/Microsoft.Bot.Connector,
SharpDX.D3DCompiler,4.2.0,15465834.0,hand-written site; xml docs; homepage,2,http://sharpdx.org/,,,,,lib/net40/SharpDX.D3DCompiler.xml,https://github.com/sharpdx/sharpdx,,,,http://sharpdx.org/,,https://www.nuget.org/packages/SharpDX.D3DCompiler,
LightInject,7.1.0,15417554.0,hand-written site; xml docs; homepage,2,https://www.lightinject.net/,,,,,lib/net462/LightInject.xml,https://github.com/seesharper/lightinject,,,,https://www.lightinject.net/,,https://www.nuget.org/packages/LightInject,
DynamicLanguageRuntime,1.3.5,15269843.0,hand-written site; readme; xml docs; homepage,2,https://ironpython.net/,,README.md,,,lib/net462/Microsoft.Dynamic.xml,https://github.com/ironlanguages/dlr,,,,https://ironpython.net/,,https://www.nuget.org/packages/DynamicLanguageRuntime,
Svg.Skia,5.2.3,15264592.0,homepage,1,,,,,,,https://github.com/wieslawsoltes/svg.skia,,,,https://github.com/wieslawsoltes/Svg.Skia,,https://www.nuget.org/packages/Svg.Skia,
Grpc.AspNetCore.Web,2.83.0,15243834.0,readme; xml docs; homepage,1,,,README.md,,,lib/net10.0/Grpc.AspNetCore.Web.xml,https://github.com/grpc/grpc-dotnet,,,,https://github.com/grpc/grpc-dotnet,,https://www.nuget.org/packages/Grpc.AspNetCore.Web,
ImageProcessor,2.9.1,15235462.0,hand-written site; xml docs; homepage,2,http://imageprocessor.org/,,,,,lib/net452/ImageProcessor.xml,,,,,http://imageprocessor.org/,,https://www.nuget.org/packages/ImageProcessor,
Castle.Windsor.MsDependencyInjection,6.0.0,15146374.0,homepage,1,,,,,,,https://github.com/volosoft/castle-windsor-ms-adapter,,,,https://github.com/volosoft/castle-windsor-ms-adapter,,https://www.nuget.org/packages/Castle.Windsor.MsDependencyInjection,
Azure.Communication.Email,1.1.0,15143825.0,readme; xml docs; homepage,1,,,README.md,,,lib/net8.0/Azure.Communication.Email.xml,https://github.com/azure/azure-sdk-for-net,,,,https://github.com/Azure/azure-sdk-for-net/blob/Azure.Communication.Email_1.1.0/sdk/communication/Azure.Communication.Email/README.md,,https://www.nuget.org/packages/Azure.Communication.Email,
Examine.Lucene,4.0.0,15117233.0,xml docs; homepage,1,,,,,,lib/net10.0/Examine.Lucene.xml,https://github.com/shazwazza/examine,,,,https://github.com/Shazwazza/Examine,,https://www.nuget.org/packages/Examine.Lucene,
Xamarin.KotlinX.Coroutines.Core,1.11.0.1,15091283.0,hand-written site; readme; xml docs; homepage,2,https://aka.ms/android-libraries,,readme.md,,,lib/net10.0-android36.0/Xamarin.KotlinX.Coroutines.Core.xml,https://github.com/dotnet/android-libraries,,,,https://aka.ms/android-libraries,,https://www.nuget.org/packages/Xamarin.KotlinX.Coroutines.Core,
NetArchTest.Rules,1.3.2,14912737.0,hand-written site; xml docs; homepage,2,https://www.ben-morris.com/writing-archunit-style-tests-for-net-and-c-for-self-testing-architectures/,,,,,lib/netstandard2.0/NetArchTest.Rules.xml,https://github.com/benmorris/netarchtest,,,,https://www.ben-morris.com/writing-archunit-style-tests-for-net-and-c-for-self-testing-architectures/,,https://www.nuget.org/packages/NetArchTest.Rules,
MySql.EntityFrameworkCore,10.0.9,14850628.0,readme; xml docs,0,,,README.md,,,lib/net8.0/MySql.EntityFrameworkCore.xml,https://github.com/mysql/mysql-connector-net,,,,,,https://www.nuget.org/packages/MySql.EntityFrameworkCore,
Xamarin.AndroidX.Security.SecurityCrypto,1.1.0.3,14743553.0,hand-written site; readme; xml docs; homepage,2,https://aka.ms/android-libraries,,readme.md,,,lib/net9.0-android35.0/Xamarin.AndroidX.Security.SecurityCrypto.xml,https://github.com/dotnet/android-libraries,,,,https://aka.ms/android-libraries,,https://www.nuget.org/packages/Xamarin.AndroidX.Security.SecurityCrypto,
Microsoft.Bot.Builder,4.23.1,14702731.0,xml docs; homepage,1,,,,,,lib/netstandard2.0/Microsoft.Bot.Builder.xml,https://github.com/microsoft/botbuilder-dotnet,,,,https://github.com/Microsoft/botbuilder-dotnet,,https://www.nuget.org/packages/Microsoft.Bot.Builder,
Hangfire.InMemory,1.0.0,14672577.0,readme; xml docs; homepage,1,,,README.md,,,lib/net451/Hangfire.InMemory.xml,https://github.com/hangfireio/hangfire.inmemory,,,,https://github.com/HangfireIO/Hangfire.InMemory,,https://www.nuget.org/packages/Hangfire.InMemory,
Testcontainers.Redis,4.15.0,14653238.0,hand-written site; readme; xml docs; homepage,2,https://dotnet.testcontainers.org/,,README.md,,,lib/net10.0/Testcontainers.Redis.xml,https://github.com/testcontainers/testcontainers-dotnet,,,,https://dotnet.testcontainers.org/,,https://www.nuget.org/packages/Testcontainers.Redis,
wix,7.0.0,14646829.0,hand-written site; readme; homepage,2,https://wixtoolset.org/,,README.md,,,,https://github.com/wixtoolset/wix,,,,https://wixtoolset.org/,,https://www.nuget.org/packages/wix,
IronPython,3.4.2,14638678.0,hand-written site; readme; xml docs; homepage,2,https://ironpython.net/,,README.md,,,lib/net462/IronPython.xml,https://github.com/ironlanguages/ironpython3,,,,https://ironpython.net/,,https://www.nuget.org/packages/IronPython,
Azure.Storage.Blobs.Batch,12.26.0,14556565.0,readme; xml docs; homepage,1,,,README.md,,,lib/net10.0/Azure.Storage.Blobs.Batch.xml,https://github.com/azure/azure-sdk-for-net,,,,https://github.com/Azure/azure-sdk-for-net/blob/Azure.Storage.Blobs.Batch_12.26.0/sdk/storage/Azure.Storage.Blobs.Batch/README.md,,https://www.nuget.org/packages/Azure.Storage.Blobs.Batch,
Microsoft.Azure.Devices.Client,1.42.4,14543195.0,xml docs; homepage,1,,,,,,lib/net8.0/Microsoft.Azure.Devices.Client.xml,https://github.com/azure/azure-iot-sdk-csharp,,,,https://github.com/Azure/azure-iot-sdk-csharp,,https://www.nuget.org/packages/Microsoft.Azure.Devices.Client,
fasterflect,3.0.0,14504853.0,xml docs; homepage,1,,,,,,lib/netstandard20/Fasterflect.XML,https://github.com/buunguyen/fasterflect,,,,https://github.com/buunguyen/fasterflect,,https://www.nuget.org/packages/fasterflect,
ConfigureAwait.Fody,3.4.1,14449812.0,xml docs; homepage,1,,,,,,lib/net452/ConfigureAwait.xml,https://github.com/fody/configureawait,,,,https://github.com/Fody/ConfigureAwait,,https://www.nuget.org/packages/ConfigureAwait.Fody,
Microsoft.CodeAnalysis.CSharp.Analyzer.Testing,1.1.4,14371806.0,xml docs; homepage,1,,,,,,lib/net461/Microsoft.CodeAnalysis.CSharp.Analyzer.Testing.xml,https://github.com/dotnet/roslyn-sdk,,,,https://github.com/dotnet/roslyn-sdk,,https://www.nuget.org/packages/Microsoft.CodeAnalysis.CSharp.Analyzer.Testing,
Bugsnag,4.1.1,14318659.0,xml docs; homepage,1,,,,,,lib/net462/Bugsnag.xml,https://github.com/bugsnag/bugsnag-dotnet,,,,https://github.com/bugsnag/bugsnag-dotnet,,https://www.nuget.org/packages/Bugsnag,
Microsoft.ML.OnnxRuntime,1.29.0,14215794.0,readme; homepage,1,,,README.md,,,,https://github.com/microsoft/onnxruntime,,,,https://github.com/Microsoft/onnxruntime,,https://www.nuget.org/packages/Microsoft.ML.OnnxRuntime,
Duende.IdentityServer.AspNetIdentity,8.0.7,14176205.0,readme; xml docs; homepage,1,,,README.md,,,lib/net10.0/Duende.IdentityServer.AspNetIdentity.xml,https://github.com/duendesoftware/products,,,,https://github.com/duendesoftware/products,,https://www.nuget.org/packages/Duende.IdentityServer.AspNetIdentity,
SkiaSharp.Views,4.151.2,14174777.0,hand-written site; readme; xml docs; homepage,2,https://go.microsoft.com/fwlink/?linkid=868515,,README.md,,,lib/net10.0-android36.0/SkiaSharp.Views.Android.xml,,,,,https://go.microsoft.com/fwlink/?linkid=868515,,https://www.nuget.org/packages/SkiaSharp.Views,
Microsoft.NETCore.App.Runtime.win-arm64,10.0.11,14170673.0,hand-written site; homepage,2,https://dot.net/,,,,,,https://github.com/dotnet/dotnet,,,,https://dot.net/,,https://www.nuget.org/packages/Microsoft.NETCore.App.Runtime.win-arm64,
MahApps.Metro,2.4.11,14151050.0,xml docs; homepage,1,,,,,,lib/net452/MahApps.Metro.xml,https://github.com/mahapps/mahapps.metro,,,,https://github.com/MahApps/MahApps.Metro,,https://www.nuget.org/packages/MahApps.Metro,
Microsoft.Azure.Management.ResourceManager,3.17.4-preview,14147702.0,xml docs; homepage,1,,,,,,lib/net452/Microsoft.Azure.Management.ResourceManager.xml,https://github.com/azure/azure-sdk-for-net,,,,https://github.com/Azure/azure-sdk-for-net,,https://www.nuget.org/packages/Microsoft.Azure.Management.ResourceManager,
Braintree,5.41.0,14132883.0,homepage,1,,,,,,,https://github.com/braintree/braintree_dotnet,,,,https://github.com/braintree/braintree_dotnet,,https://www.nuget.org/packages/Braintree,
System.Runtime.WindowsRuntime.UI.Xaml,4.7.0,14064711.0,xml docs; homepage,1,,,,,,lib/netstandard1.1/System.Runtime.WindowsRuntime.UI.Xaml.xml,https://github.com/dotnet/corefx,,,,https://github.com/dotnet/corefx,,https://www.nuget.org/packages/System.Runtime.WindowsRuntime.UI.Xaml,
LigerShark.WebOptimizer.Core,3.0.477,14054378.0,readme; xml docs; homepage,1,,,README.md,,,lib/net8.0/WebOptimizer.Core.xml,https://github.com/ligershark/weboptimizer,,,,https://github.com/ligershark/WebOptimizer,,https://www.nuget.org/packages/LigerShark.WebOptimizer.Core,
Microsoft.AspNetCore.Components.WebView.Maui,10.0.101,14021154.0,readme; xml docs; homepage,1,,,README.md,,,lib/net10.0/Microsoft.AspNetCore.Components.WebView.Maui.xml,https://github.com/dotnet/maui,,,,https://github.com/dotnet/maui,,https://www.nuget.org/packages/Microsoft.AspNetCore.Components.WebView.Maui,
Microsoft.Owin.Diagnostics,4.2.3,13844603.0,xml docs; homepage,1,,,,,,lib/net45/Microsoft.Owin.Diagnostics.xml,https://github.com/aspnet/aspnetkatana,,,,https://github.com/aspnet/AspNetKatana,,https://www.nuget.org/packages/Microsoft.Owin.Diagnostics,
EnvDTE80,17.14.40260,13790332.0,hand-written site; xml docs; homepage,2,https://aka.ms/vsextensibility,,,,,lib/net20/envdte80.xml,,,,,https://aka.ms/vsextensibility,,https://www.nuget.org/packages/EnvDTE80,
Xamarin.Android.Support.Transition,28.0.0.3,13763035.0,hand-written site; homepage,2,https://go.microsoft.com/fwlink/?linkid=865352,,,,,,,,,,https://go.microsoft.com/fwlink/?linkid=865352,,https://www.nuget.org/packages/Xamarin.Android.Support.Transition,
OpenTK,4.9.4,13758655.0,homepage,1,,,,,,,https://github.com/opentk/opentk,,,,https://github.com/opentk/opentk,,https://www.nuget.org/packages/OpenTK,
EPPlus.Core,1.5.4,13698109.0,xml docs; homepage,1,,,,,,lib/net40/EPPlus.Core.xml,https://github.com/vahidn/epplus.core,,,,https://github.com/VahidN/EPPlus.Core,,https://www.nuget.org/packages/EPPlus.Core,
MimeTypeMapOfficial,1.0.17,13628640.0,homepage,1,,,,,,,https://github.com/samuelneff/mimetypemap,,,,https://github.com/samuelneff/MimeTypeMap,,https://www.nuget.org/packages/MimeTypeMapOfficial,
System.Linq.AsyncEnumerable,10.0.11,13581979.0,hand-written site; xml docs; homepage,2,https://dot.net/,,,,,lib/net10.0/System.Linq.AsyncEnumerable.xml,https://github.com/dotnet/dotnet,,,,https://dot.net/,,https://www.nuget.org/packages/System.Linq.AsyncEnumerable,
MartinCostello.Logging.XUnit,0.7.1,13562386.0,xml docs; homepage,1,,,,,,lib/net10.0/MartinCostello.Logging.XUnit.xml,https://github.com/martincostello/xunit-logging,,,,https://github.com/martincostello/xunit-logging,,https://www.nuget.org/packages/MartinCostello.Logging.XUnit,
Spectre.Console.Cli,0.55.0,13453758.0,readme; xml docs; homepage,1,,,README.md,,,lib/net10.0/Spectre.Console.Cli.xml,https://github.com/spectreconsole/spectre.console.cli,,,,https://github.com/spectreconsole/spectre.console.cli,,https://www.nuget.org/packages/Spectre.Console.Cli,
NAudio,3.1.0,13267156.0,hand-written site; readme; xml docs; homepage,2,https://naudio.github.io/NAudio/,,README.md,,,lib/net9.0/NAudio.xml,https://github.com/naudio/naudio,,,,https://naudio.github.io/NAudio/,,https://www.nuget.org/packages/NAudio,
Microsoft.VisualStudio.Utilities,17.14.40264,13102772.0,hand-written site; xml docs; homepage,2,https://aka.ms/vsextensibility,,,,,lib/net472/Microsoft.VisualStudio.Utilities.xml,,,,,https://aka.ms/vsextensibility,,https://www.nuget.org/packages/Microsoft.VisualStudio.Utilities,
Microsoft.ML.OnnxRuntime.Managed,1.29.0,13021043.0,readme; xml docs; homepage,1,,,README.md,,,lib/net9.0-android35.0/Microsoft.ML.OnnxRuntime.xml,https://github.com/microsoft/onnxruntime,,,,https://github.com/Microsoft/onnxruntime,,https://www.nuget.org/packages/Microsoft.ML.OnnxRuntime.Managed,
GraphQL.MicrosoftDI,8.8.5,12993305.0,readme; xml docs,0,,,README.md,,,lib/net5.0/GraphQL.MicrosoftDI.xml,https://github.com/graphql-dotnet/graphql-dotnet,,,,,,https://www.nuget.org/packages/GraphQL.MicrosoftDI,
GoogleAuthenticator,3.2.0,12893326.0,readme; homepage,1,,,README.md,,,,https://github.com/brandonpotter/googleauthenticator,,,,https://github.com/BrandonPotter/GoogleAuthenticator,,https://www.nuget.org/packages/GoogleAuthenticator,
Microsoft.AspNetCore.App.Runtime.win-arm64,10.0.11,12882922.0,hand-written site; homepage,2,https://asp.net/,,,,,,https://github.com/dotnet/dotnet,,,,https://asp.net/,,https://www.nuget.org/packages/Microsoft.AspNetCore.App.Runtime.win-arm64,
MiniExcel,1.46.0,12840055.0,readme; homepage,1,,,README.md,,,,https://github.com/mini-software/miniexcel,,,,https://github.com/mini-software/MiniExcel,,https://www.nuget.org/packages/MiniExcel,
Microsoft.Azure.Storage.DataMovement,2.0.5,12789819.0,xml docs; homepage,1,,,,,,lib/net452/Microsoft.Azure.Storage.DataMovement.xml,https://github.com/azure/azure-storage-net-data-movement,,,,https://github.com/Azure/azure-storage-net-data-movement,,https://www.nuget.org/packages/Microsoft.Azure.Storage.DataMovement,
Avalonia.Desktop,12.1.2,12743202.0,hand-written site; xml docs; homepage,2,https://avaloniaui.net/?utm_source=nuget&utm_medium=referral&utm_content=project_homepage_link,,,,,lib/net10.0/Avalonia.Desktop.xml,https://github.com/avaloniaui/avalonia,,,,https://avaloniaui.net/?utm_source=nuget&utm_medium=referral&utm_content=project_homepage_link,,https://www.nuget.org/packages/Avalonia.Desktop,
MemoryPack,1.21.4,12666375.0,homepage,1,,,,,,,https://github.com/cysharp/memorypack,,,,https://github.com/Cysharp/MemoryPack,,https://www.nuget.org/packages/MemoryPack,
Xamarin.Android.Support.v7.MediaRouter,28.0.0.3,12589581.0,hand-written site; homepage,2,https://go.microsoft.com/fwlink/?linkid=865352,,,,,,,,,,https://go.microsoft.com/fwlink/?linkid=865352,,https://www.nuget.org/packages/Xamarin.Android.Support.v7.MediaRouter,
SemanticVersioning,3.0.0,12507581.0,readme; homepage,1,,,README.md,,,,https://github.com/adamreeve/semver.net,,,,https://github.com/adamreeve/semver.net,,https://www.nuget.org/packages/SemanticVersioning,
Azure.ResourceManager.Storage,1.7.0,12453267.0,readme; xml docs; homepage,1,,,README.md,,,lib/net10.0/Azure.ResourceManager.Storage.xml,https://github.com/azure/azure-sdk-for-net,,,,https://github.com/Azure/azure-sdk-for-net/blob/Azure.ResourceManager.Storage_1.7.0/sdk/storage/Azure.ResourceManager.Storage/README.md,,https://www.nuget.org/packages/Azure.ResourceManager.Storage,
Microsoft.VisualStudio.OLE.Interop,17.14.40260,12445392.0,hand-written site; xml docs; homepage,2,https://aka.ms/vsextensibility,,,,,lib/net20/Microsoft.VisualStudio.OLE.Interop.xml,,,,,https://aka.ms/vsextensibility,,https://www.nuget.org/packages/Microsoft.VisualStudio.OLE.Interop,
GitInfo,3.6.1,12424946.0,hand-written site; readme; homepage,2,https://clarius.org/GitInfo,,readme.md,,,,https://github.com/devlooped/gitinfo,,,,https://clarius.org/GitInfo,,https://www.nuget.org/packages/GitInfo,
Avalonia.Win32,12.1.2,12423585.0,hand-written site; xml docs; homepage,2,https://avaloniaui.net/?utm_source=nuget&utm_medium=referral&utm_content=project_homepage_link,,,,,lib/net10.0/Avalonia.Win32.xml,https://github.com/avaloniaui/avalonia,,,,https://avaloniaui.net/?utm_source=nuget&utm_medium=referral&utm_content=project_homepage_link,,https://www.nuget.org/packages/Avalonia.Win32,
FastEndpoints.Swagger,8.3.0,12421128.0,hand-written site; xml docs; homepage,2,https://fast-endpoints.com/,,,,,lib/net10.0/FastEndpoints.Swagger.xml,https://github.com/fastendpoints/fastendpoints,,,,https://fast-endpoints.com/,,https://www.nuget.org/packages/FastEndpoints.Swagger,
NBitcoin,10.0.10,12401031.0,xml docs; homepage,1,,,,,,lib/net472/NBitcoin.xml,https://github.com/metacosa/nbitcoin,,,,https://github.com/MetacoSA/NBitcoin,,https://www.nuget.org/packages/NBitcoin,
protobuf-net.Grpc.AspNetCore,1.3.14,12395923.0,readme; xml docs; homepage,1,,,readme.md,,,lib/net10.0/protobuf-net.Grpc.AspNetCore.xml,https://github.com/protobuf-net/protobuf-net.grpc,,,,https://github.com/protobuf-net/protobuf-net.Grpc,,https://www.nuget.org/packages/protobuf-net.Grpc.AspNetCore,
Lamar,16.0.0,12366434.0,hand-written site; homepage,2,https://jasperfx.github.io/lamar,,,,,,,,,,https://jasperfx.github.io/lamar,,https://www.nuget.org/packages/Lamar,
Xamarin.Android.Support.Collections,28.0.0.3,12282783.0,hand-written site; homepage,2,https://go.microsoft.com/fwlink/?linkid=865352,,,,,,,,,,https://go.microsoft.com/fwlink/?linkid=865352,,https://www.nuget.org/packages/Xamarin.Android.Support.Collections,
Avalonia.X11,12.1.2,12277370.0,hand-written site; xml docs; homepage,2,https://avaloniaui.net/?utm_source=nuget&utm_medium=referral&utm_content=project_homepage_link,,,,,lib/net10.0/Avalonia.X11.xml,https://github.com/avaloniaui/avalonia,,,,https://avaloniaui.net/?utm_source=nuget&utm_medium=referral&utm_content=project_homepage_link,,https://www.nuget.org/packages/Avalonia.X11,
Microsoft.Orleans.Sdk,10.3.1,12267583.0,readme; homepage,1,,,README.md,,,,https://github.com/dotnet/orleans,,,,https://github.com/dotnet/orleans,,https://www.nuget.org/packages/Microsoft.Orleans.Sdk,
Avalonia.Native,12.1.2,12237537.0,hand-written site; xml docs; homepage,2,https://avaloniaui.net/?utm_source=nuget&utm_medium=referral&utm_content=project_homepage_link,,,,,lib/net10.0/Avalonia.Native.xml,https://github.com/avaloniaui/avalonia,,,,https://avaloniaui.net/?utm_source=nuget&utm_medium=referral&utm_content=project_homepage_link,,https://www.nuget.org/packages/Avalonia.Native,
Xamarin.UITest,4.4.2,12233592.0,hand-written site; xml docs; homepage,2,https://docs.microsoft.com/appcenter/test-cloud/uitest/,,,,,lib/net462/Xamarin.UITest.xml,,,,,https://docs.microsoft.com/appcenter/test-cloud/uitest/,,https://www.nuget.org/packages/Xamarin.UITest,
CoreWCF.Primitives,1.9.1,12208308.0,readme; homepage,1,,,README.md,,,,https://github.com/corewcf/corewcf,,,,https://github.com/CoreWCF/CoreWCF,,https://www.nuget.org/packages/CoreWCF.Primitives,
TaskScheduler,2.12.2,12180253.0,xml docs; homepage,1,,,,,,lib/net45/Microsoft.Win32.TaskScheduler.xml,https://github.com/dahall/taskscheduler,,,,https://github.com/dahall/taskscheduler,,https://www.nuget.org/packages/TaskScheduler,
vswhere,3.1.7,12131473.0,homepage,1,,,,,,,https://github.com/microsoft/vswhere,,,,https://github.com/Microsoft/vswhere,,https://www.nuget.org/packages/vswhere,
ModelContextProtocol.AspNetCore,2.2.0,12081860.0,hand-written site; readme; xml docs; homepage,2,https://csharp.sdk.modelcontextprotocol.io/,,README.md,,,lib/net10.0/ModelContextProtocol.AspNetCore.xml,https://github.com/modelcontextprotocol/csharp-sdk,,,,https://csharp.sdk.modelcontextprotocol.io/,,https://www.nuget.org/packages/ModelContextProtocol.AspNetCore,
Microsoft.Azure.ActiveDirectory.GraphClient,2.1.1,11894431.0,hand-written site; homepage,2,https://go.microsoft.com/fwlink/?LinkId=398199,,,,,,https://github.com/windowsazuread/maad-graphapiclientlibrary-for-dotnet,,,,https://go.microsoft.com/fwlink/?LinkId=398199,,https://www.nuget.org/packages/Microsoft.Azure.ActiveDirectory.GraphClient,
GraphQL.DataLoader,8.8.5,11887614.0,readme; xml docs,0,,,README.md,,,lib/netstandard2.0/GraphQL.DataLoader.xml,https://github.com/graphql-dotnet/graphql-dotnet,,,,,,https://www.nuget.org/packages/GraphQL.DataLoader,
SharpDX.Direct2D1,4.2.0,11874784.0,hand-written site; xml docs; homepage,2,http://sharpdx.org/,,,,,lib/net40/SharpDX.Direct2D1.xml,https://github.com/sharpdx/sharpdx,,,,http://sharpdx.org/,,https://www.nuget.org/packages/SharpDX.Direct2D1,
Microsoft.Azure.Management.ServiceBus,5.0.0,11828152.0,xml docs; homepage,1,,,,,,lib/net452/Microsoft.Azure.Management.ServiceBus.xml,https://github.com/azure/azure-sdk-for-net,,,,https://github.com/Azure/azure-sdk-for-net,,https://www.nuget.org/packages/Microsoft.Azure.Management.ServiceBus,
GeoAPI.CoordinateSystems,1.7.5,11809728.0,xml docs; homepage,1,,,,,,lib/net20/GeoAPI.CoordinateSystems.xml,https://github.com/nettopologysuite/geoapi,,,,https://github.com/NetTopologySuite/GeoAPI,,https://www.nuget.org/packages/GeoAPI.CoordinateSystems,
Microsoft.ML.Tokenizers,2.0.0,11666880.0,hand-written site; xml docs; homepage,2,https://dot.net/ml,,,,,lib/net8.0/Microsoft.ML.Tokenizers.xml,https://github.com/dotnet/machinelearning,,,,https://dot.net/ml,,https://www.nuget.org/packages/Microsoft.ML.Tokenizers,
Microsoft.Azure.EventHubs.Processor,4.3.2,11662628.0,xml docs; homepage,1,,,,,,lib/netstandard1.4/Microsoft.Azure.EventHubs.Processor.xml,https://github.com/azure/azure-sdk-for-net,,,,https://github.com/Azure/azure-sdk-for-net,,https://www.nuget.org/packages/Microsoft.Azure.EventHubs.Processor,
SecurityCodeScan,3.5.4,11655483.0,hand-written site; homepage,2,https://security-code-scan.github.io/,,,,,,,,,,https://security-code-scan.github.io/,,https://www.nuget.org/packages/SecurityCodeScan,
NetMQ,4.0.4.3,11645837.0,xml docs; homepage,1,,,,,,lib/net10.0/NetMQ.xml,https://github.com/zeromq/netmq,,,,https://github.com/zeromq/netmq,,https://www.nuget.org/packages/NetMQ,
Microsoft.Web.LibraryManager.Build,3.0.114,11606562.0,homepage,1,,,,,,,https://github.com/aspnet/librarymanager,,,,https://github.com/aspnet/LibraryManager,,https://www.nuget.org/packages/Microsoft.Web.LibraryManager.Build,
IDisposableAnalyzers,4.0.8,11599440.0,homepage,1,,,,,,,https://github.com/dotnetanalyzers/idisposableanalyzers,,,,https://github.com/DotNetAnalyzers/IDisposableAnalyzers,,https://www.nuget.org/packages/IDisposableAnalyzers,
Microsoft.CodeAnalysis.PublicApiAnalyzers,5.6.0,11574195.0,homepage,1,,,,,,,https://github.com/dotnet/roslyn,,,,https://github.com/dotnet/roslyn,,https://www.nuget.org/packages/Microsoft.CodeAnalysis.PublicApiAnalyzers,
Sustainsys.Saml2.AspNetCore2,2.11.0,11504193.0,xml docs; homepage,1,,,,,,lib/net8.0/Sustainsys.Saml2.AspNetCore2.xml,https://github.com/sustainsys/saml2,,,,https://github.com/Sustainsys/Saml2,,https://www.nuget.org/packages/Sustainsys.Saml2.AspNetCore2,
Aspire.StackExchange.Redis,13.5.3,11460210.0,readme; xml docs; homepage,1,,,README.md,,,lib/net10.0/Aspire.StackExchange.Redis.xml,https://github.com/microsoft/aspire,,,,https://github.com/microsoft/aspire,,https://www.nuget.org/packages/Aspire.StackExchange.Redis,
ImageResizer,4.2.8,11455445.0,hand-written site; xml docs; homepage,2,http://imageresizing.net/,,,,,lib/net45/ImageResizer.XML,,,,,http://imageresizing.net/,,https://www.nuget.org/packages/ImageResizer,
Microsoft.Owin.Testing,4.2.3,11439364.0,xml docs; homepage,1,,,,,,lib/net45/Microsoft.Owin.Testing.xml,https://github.com/aspnet/aspnetkatana,,,,https://github.com/aspnet/AspNetKatana,,https://www.nuget.org/packages/Microsoft.Owin.Testing,
Microsoft.VisualStudio.Services.InteractiveClient,20.256.2,11409697.0,hand-written site; xml docs; homepage,2,https://go.microsoft.com/fwlink/?LinkId=613084,,,,,lib/net472/Microsoft.VisualStudio.Services.Client.Interactive.xml,,,,,https://go.microsoft.com/fwlink/?LinkId=613084,,https://www.nuget.org/packages/Microsoft.VisualStudio.Services.InteractiveClient,
MaterialDesignThemes,5.3.2,11358566.0,readme; xml docs; homepage,1,,,README.md,,,lib/net10.0-windows7.0/MaterialDesignThemes.Wpf.xml,https://github.com/materialdesigninxaml/materialdesigninxamltoolkit,,,,https://github.com/MaterialDesignInXAML/MaterialDesignInXamlToolkit,,https://www.nuget.org/packages/MaterialDesignThemes,
Volo.Abp.Autofac,10.6.0,11346385.0,hand-written site; xml docs; homepage,2,https://abp.io/,,,,,lib/net10.0/Volo.Abp.Autofac.xml,https://github.com/abpframework/abp,,,,https://abp.io/,,https://www.nuget.org/packages/Volo.Abp.Autofac,
Aliyun.OSS.SDK.NetCore,2.14.1,11288463.0,hand-written site; xml docs; homepage,2,http://www.aliyun.com/product/oss,,,,,lib/netstandard2.0/Aliyun.OSS.Core.xml,,,,,http://www.aliyun.com/product/oss,,https://www.nuget.org/packages/Aliyun.OSS.SDK.NetCore,
Microsoft.Windows.CppWinRT,3.0.260818.1,11280941.0,readme; homepage,1,,,readme.txt,,,,https://github.com/microsoft/cppwinrt,,,,https://github.com/Microsoft/cppwinrt,,https://www.nuget.org/packages/Microsoft.Windows.CppWinRT,
Microsoft.AspNet.Providers.LocalDB,2.0.1,11277561.0,,0,,,,,,,,,,,,,https://www.nuget.org/packages/Microsoft.AspNet.Providers.LocalDB,
Avalonia.Angle.Windows.Natives,2.2.0.20230930,11265233.0,hand-written site; homepage,2,https://avaloniaui.net/,,,,,,https://github.com/avaloniaui/angle,,,,https://avaloniaui.net/,,https://www.nuget.org/packages/Avalonia.Angle.Windows.Natives,
SharpDX.Direct3D9,4.2.0,11230784.0,hand-written site; xml docs; homepage,2,http://sharpdx.org/,,,,,lib/net40/SharpDX.Direct3D9.xml,https://github.com/sharpdx/sharpdx,,,,http://sharpdx.org/,,https://www.nuget.org/packages/SharpDX.Direct3D9,
Selenium.Chrome.WebDriver,85.0.0,11189876.0,homepage,1,,,,,,,https://github.com/jbaranda/nupkg-selenium-webdrivers,,,,https://github.com/jbaranda/nupkg-selenium-webdrivers,,https://www.nuget.org/packages/Selenium.Chrome.WebDriver,
OpenCvSharp4.runtime.win,4.13.0.20260627,11140720.0,readme; homepage,1,,,README.runtime.md,,,,https://github.com/shimat/opencvsharp,,,,https://github.com/shimat/opencvsharp,,https://www.nuget.org/packages/OpenCvSharp4.runtime.win,
runtime.linux-x64.Microsoft.DotNet.ILCompiler,10.0.11,11110438.0,hand-written site; homepage,2,https://dot.net/,,,,,,https://github.com/dotnet/dotnet,,,,https://dot.net/,,https://www.nuget.org/packages/runtime.linux-x64.Microsoft.DotNet.ILCompiler,
Microsoft.ReportingServices.ReportViewerControl.WebForms,150.1652.0,11104305.0,hand-written site; homepage,2,https://go.microsoft.com/fwlink/?linkid=2014377,,,,,,,,,,https://go.microsoft.com/fwlink/?linkid=2014377,,https://www.nuget.org/packages/Microsoft.ReportingServices.ReportViewerControl.WebForms,
OpenCvSharp4,4.13.0.20260627,11040762.0,readme; xml docs; homepage,1,,,README.managed.md,,,lib/net8.0/OpenCvSharp.xml,https://github.com/shimat/opencvsharp,,,,https://github.com/shimat/opencvsharp,,https://www.nuget.org/packages/OpenCvSharp4,
Microsoft.VSSDK.BuildTools,18.9.820,11029970.0,hand-written site; homepage,2,https://aka.ms/vsextensibility,,,,,,,,,,https://aka.ms/vsextensibility,,https://www.nuget.org/packages/Microsoft.VSSDK.BuildTools,
CefSharp.Common,151.3.240,10955811.0,xml docs; homepage,1,,,,,,lib/net462/CefSharp.Core.XML,https://github.com/cefsharp/cefsharp,,,,https://github.com/cefsharp/CefSharp,,https://www.nuget.org/packages/CefSharp.Common,
Xamarin.Android.Support.CustomTabs,28.0.0.3,10922811.0,hand-written site; homepage,2,https://go.microsoft.com/fwlink/?linkid=865352,,,,,,,,,,https://go.microsoft.com/fwlink/?linkid=865352,,https://www.nuget.org/packages/Xamarin.Android.Support.CustomTabs,
Microsoft.ICU.ICU4C.Runtime,72.1.0.3,10922398.0,homepage,1,,,,,,,https://github.com/microsoft/icu,,,,https://github.com/microsoft/icu,,https://www.nuget.org/packages/Microsoft.ICU.ICU4C.Runtime,
Microsoft.Orleans.Runtime,10.3.1,10736733.0,readme; xml docs; homepage,1,,,README.md,,,lib/net10.0/Orleans.Runtime.xml,https://github.com/dotnet/orleans,,,,https://github.com/dotnet/orleans,,https://www.nuget.org/packages/Microsoft.Orleans.Runtime,
Avalonia.BuildServices,11.3.2,10688055.0,hand-written site; readme; homepage,2,https://avaloniaui.net/,,README.md,,,,https://github.com/avaloniaui/avalonia.buildservices,,,,https://avaloniaui.net/,,https://www.nuget.org/packages/Avalonia.BuildServices,
PInvoke.Windows.Core,0.7.124,10673327.0,xml docs; homepage,1,,,,,,lib/net45/PInvoke.Windows.Core.xml,https://github.com/dotnet/pinvoke,,,,https://github.com/dotnet/pinvoke,,https://www.nuget.org/packages/PInvoke.Windows.Core,
Microsoft.Orleans.Client,10.3.1,10662243.0,readme; homepage,1,,,README.md,,,,https://github.com/dotnet/orleans,,,,https://github.com/dotnet/orleans,,https://www.nuget.org/packages/Microsoft.Orleans.Client,
JsonPath.Net,3.0.2,10644403.0,readme; xml docs; homepage,1,,,README.md,,,lib/net10.0/JsonPath.Net.xml,https://github.com/json-everything/json-everything,,,,https://github.com/json-everything/json-everything,,https://www.nuget.org/packages/JsonPath.Net,
Plugin.CurrentActivity,2.1.0.4,10642110.0,readme; xml docs; homepage,1,,,readme.txt,,,lib/monoandroid44/Plugin.CurrentActivity.xml,https://github.com/jamesmontemagno/currentactivityplugin,,,,https://github.com/jamesmontemagno/CurrentActivityPlugin,,https://www.nuget.org/packages/Plugin.CurrentActivity,
ZiggyCreatures.FusionCache.Serialization.SystemTextJson,2.7.2,10641258.0,readme; xml docs; homepage,1,,,README.md,,,lib/netstandard2.0/ZiggyCreatures.FusionCache.Serialization.SystemTextJson.xml,https://github.com/ziggycreatures/fusioncache,,,,https://github.com/ZiggyCreatures/FusionCache,,https://www.nuget.org/packages/ZiggyCreatures.FusionCache.Serialization.SystemTextJson,
MSBuild.StructuredLogger,2.3.246,10607445.0,readme; homepage,1,,,README.md,,,,https://github.com/kirillosenkov/msbuildstructuredlog,,,,https://github.com/KirillOsenkov/MSBuildStructuredLog,,https://www.nuget.org/packages/MSBuild.StructuredLogger,
Mediator.Abstractions,3.0.2,10601900.0,readme; xml docs; homepage,1,,,README.md,,,lib/net8.0/Mediator.xml,https://github.com/martinothamar/mediator,,,,https://github.com/martinothamar/Mediator,,https://www.nuget.org/packages/Mediator.Abstractions,
Azure.ResourceManager.Authorization,1.1.7,10498290.0,readme; xml docs; homepage,1,,,README.md,,,lib/net10.0/Azure.ResourceManager.Authorization.xml,https://github.com/azure/azure-sdk-for-net,,,,https://github.com/Azure/azure-sdk-for-net/blob/Azure.ResourceManager.Authorization_1.1.7/sdk/authorization/Azure.ResourceManager.Authorization/README.md,,https://www.nuget.org/packages/Azure.ResourceManager.Authorization,
Microsoft.CodeAnalysis.CSharp.CodeFix.Testing,1.1.4,10486555.0,xml docs; homepage,1,,,,,,lib/net461/Microsoft.CodeAnalysis.CSharp.CodeFix.Testing.xml,https://github.com/dotnet/roslyn-sdk,,,,https://github.com/dotnet/roslyn-sdk,,https://www.nuget.org/packages/Microsoft.CodeAnalysis.CSharp.CodeFix.Testing,
Accord,3.8.0,10481332.0,hand-written site; xml docs; homepage,2,http://accord-framework.net/,,,,,lib/net35-unity%20full%20v3.5/Accord.xml,,,,,http://accord-framework.net/,,https://www.nuget.org/packages/Accord,
Mongo2Go,5.0.0,10473476.0,xml docs; homepage,1,,,,,,lib/net472/Mongo2Go.xml,https://github.com/mongo2go/mongo2go,,,,https://github.com/Mongo2Go/Mongo2Go,,https://www.nuget.org/packages/Mongo2Go,
Microsoft.Orleans.Server,10.3.1,10463991.0,readme; homepage,1,,,README.md,,,,https://github.com/dotnet/orleans,,,,https://github.com/dotnet/orleans,,https://www.nuget.org/packages/Microsoft.Orleans.Server,
CoreWCF.Http,1.9.1,10412850.0,readme; homepage,1,,,README.md,,,,https://github.com/corewcf/corewcf,,,,https://github.com/CoreWCF/CoreWCF,,https://www.nuget.org/packages/CoreWCF.Http,
PInvoke.Kernel32,0.7.124,10406146.0,xml docs; homepage,1,,,,,,lib/net45/PInvoke.Kernel32.xml,https://github.com/dotnet/pinvoke,,,,https://github.com/dotnet/pinvoke,,https://www.nuget.org/packages/PInvoke.Kernel32,
UmbracoCms.Core,8.18.15,10303412.0,hand-written site; xml docs; homepage,2,http://umbraco.com/,,,,,lib/net472/Umbraco.Core.xml,https://github.com/umbraco/umbraco-cms,,,,http://umbraco.com/,,https://www.nuget.org/packages/UmbracoCms.Core,
Tmds.DBus.Protocol,0.95.1,10219588.0,readme; xml docs,0,,,README.md,,,lib/net6.0/Tmds.DBus.Protocol.xml,https://github.com/tmds/tmds.dbus,,,,,,https://www.nuget.org/packages/Tmds.DBus.Protocol,
OpenTelemetry.Exporter.InMemory,1.18.0,10218899.0,hand-written site; readme; xml docs; homepage,2,https://opentelemetry.io/,,README.md,,,lib/net10.0/OpenTelemetry.Exporter.InMemory.xml,https://github.com/open-telemetry/opentelemetry-dotnet,,,,https://opentelemetry.io/,,https://www.nuget.org/packages/OpenTelemetry.Exporter.InMemory,
Testcontainers.Azurite,4.15.0,10180756.0,hand-written site; readme; xml docs; homepage,2,https://dotnet.testcontainers.org/,,README.md,,,lib/net10.0/Testcontainers.Azurite.xml,https://github.com/testcontainers/testcontainers-dotnet,,,,https://dotnet.testcontainers.org/,,https://www.nuget.org/packages/Testcontainers.Azurite,
Finbuckle.MultiTenant,10.1.3,10162660.0,hand-written site; xml docs; homepage,2,https://www.finbuckle.com/MultiTenant,,,,,lib/net10.0/Finbuckle.MultiTenant.xml,https://github.com/finbuckle/finbuckle.multitenant,,,,https://www.finbuckle.com/MultiTenant,,https://www.nuget.org/packages/Finbuckle.MultiTenant,
Dazinator.Extensions.FileProviders,2.0.0,10135620.0,homepage,1,,,,,,,https://github.com/dazinator/dazinator.extensions.fileproviders,,,,https://github.com/dazinator/Dazinator.Extensions.FileProviders,,https://www.nuget.org/packages/Dazinator.Extensions.FileProviders,
IronPython.StdLib,3.4.2,10074625.0,hand-written site; readme; homepage,2,https://ironpython.net/,,contentFiles/any/any/lib/site-packages/README,,,,,,,,https://ironpython.net/,,https://www.nuget.org/packages/IronPython.StdLib,
Ardalis.Result,10.1.0,10057802.0,homepage,1,,,,,,,https://github.com/ardalis/result,,,,https://github.com/ardalis/result,,https://www.nuget.org/packages/Ardalis.Result,
WebMarkupMin.Core,2.21.0,9995171.0,readme; xml docs; homepage,1,,,readme.txt,,,lib/net40-client/WebMarkupMin.Core.xml,https://github.com/taritsyn/webmarkupmin,,,,https://github.com/Taritsyn/WebMarkupMin,,https://www.nuget.org/packages/WebMarkupMin.Core,
Prism.Wpf,9.0.537,9921955.0,readme; xml docs; homepage,1,,,ReadMe.md,,,lib/net462/Prism.Wpf.xml,https://github.com/prismlibrary/prism,,,,https://github.com/PrismLibrary/Prism,,https://www.nuget.org/packages/Prism.Wpf,
Accord.Math,3.8.0,9870502.0,hand-written site; xml docs; homepage,2,http://accord-framework.net/,,,,,lib/net35-unity%20full%20v3.5/Accord.Math.xml,,,,,http://accord-framework.net/,,https://www.nuget.org/packages/Accord.Math,
MaterialDesignColors,5.3.2,9802464.0,readme; homepage,1,,,README.md,,,,https://github.com/materialdesigninxaml/materialdesigninxamltoolkit,,,,https://github.com/MaterialDesignInXAML/MaterialDesignInXamlToolkit,,https://www.nuget.org/packages/MaterialDesignColors,
Xamarin.GooglePlayServices.Maps,120.0.0.3,9722805.0,hand-written site; readme; xml docs; homepage,2,https://aka.ms/android-libraries,,readme.md,,,lib/net9.0-android35.0/Xamarin.GooglePlayServices.Maps.xml,https://github.com/dotnet/android-libraries,,,,https://aka.ms/android-libraries,,https://www.nuget.org/packages/Xamarin.GooglePlayServices.Maps,
Microsoft.CodeAnalysis.ResxSourceGenerator,5.0.0-1.25277.114,9695950.0,homepage,1,,,,,,,https://github.com/dotnet/roslyn-analyzers,,,,https://github.com/dotnet/roslyn,,https://www.nuget.org/packages/Microsoft.CodeAnalysis.ResxSourceGenerator,
Microsoft.VisualStudio.Telemetry,17.14.18,9683475.0,hand-written site; xml docs; homepage,2,https://aka.ms/VsExtensibility,,,,,lib/net45/Microsoft.VisualStudio.Telemetry.xml,,,,,https://aka.ms/VsExtensibility,,https://www.nuget.org/packages/Microsoft.VisualStudio.Telemetry,
WindowsAPICodePack-Core,1.1.2,9675241.0,xml docs; homepage,1,,,,,,lib/Microsoft.WindowsAPICodePack.xml,https://github.com/aybe/windows-api-code-pack-1.1,,,,https://github.com/aybe/Windows-API-Code-Pack-1.1,,https://www.nuget.org/packages/WindowsAPICodePack-Core,
xRetry,1.9.0,9667161.0,readme; homepage,1,,,docs/README.md,,,,https://github.com/joshkeegan/xretry,,,,https://github.com/JoshKeegan/xRetry,,https://www.nuget.org/packages/xRetry,
CommunityToolkit.Maui,15.0.1,9640599.0,readme; xml docs; homepage,1,,,ReadMe.txt,,,lib/net10.0/CommunityToolkit.Maui.xml,https://github.com/communitytoolkit/maui,,,,https://github.com/CommunityToolkit/Maui,,https://www.nuget.org/packages/CommunityToolkit.Maui,
Microsoft.VisualStudio.Imaging.Interop.14.0.DesignTime,17.14.40254,9629857.0,hand-written site; xml docs; homepage,2,https://aka.ms/vsextensibility,,,,,lib/net20/Microsoft.VisualStudio.Imaging.Interop.14.0.DesignTime.xml,,,,,https://aka.ms/vsextensibility,,https://www.nuget.org/packages/Microsoft.VisualStudio.Imaging.Interop.14.0.DesignTime,
Microsoft.Azure.Common.Dependencies,1.0.0,9626972.0,homepage,1,,,,,,,https://github.com/azure/azure-sdk-for-net,,,,https://github.com/Azure/azure-sdk-for-net,,https://www.nuget.org/packages/Microsoft.Azure.Common.Dependencies,
ZooKeeperNetEx,3.4.12.4,9621941.0,xml docs; homepage,1,,,,,,lib/net461/ZooKeeperNetEx.xml,https://github.com/shayhatsor/zookeeper,,,,https://github.com/shayhatsor/zookeeper,,https://www.nuget.org/packages/ZooKeeperNetEx,
Xamarin.Android.Support.v7.Palette,28.0.0.3,9607409.0,hand-written site; homepage,2,https://go.microsoft.com/fwlink/?linkid=865352,,,,,,,,,,https://go.microsoft.com/fwlink/?linkid=865352,,https://www.nuget.org/packages/Xamarin.Android.Support.v7.Palette,
Volo.Abp.Identity.Domain,10.6.0,9603778.0,hand-written site; xml docs; homepage,2,https://abp.io/,,,,,lib/net10.0/Volo.Abp.Identity.Domain.xml,https://github.com/abpframework/abp,,,,https://abp.io/,,https://www.nuget.org/packages/Volo.Abp.Identity.Domain,
Finbuckle.MultiTenant.AspNetCore,10.1.3,9541630.0,hand-written site; xml docs; homepage,2,https://www.finbuckle.com/MultiTenant,,,,,lib/net10.0/Finbuckle.MultiTenant.AspNetCore.xml,https://github.com/finbuckle/finbuckle.multitenant,,,,https://www.finbuckle.com/MultiTenant,,https://www.nuget.org/packages/Finbuckle.MultiTenant.AspNetCore,
Microsoft.VisualStudio.Text.Data,17.14.249,9524201.0,hand-written site; xml docs; homepage,2,https://aka.ms/vsextensibility,,,,,lib/net472/Microsoft.VisualStudio.Text.Data.xml,,,,,https://aka.ms/vsextensibility,,https://www.nuget.org/packages/Microsoft.VisualStudio.Text.Data,
UTF.Unknown,2.7.0,9520078.0,readme; xml docs; homepage,1,,,README.md,,,lib/net10.0/UtfUnknown.xml,https://github.com/charsetdetector/utf-unknown,,,,https://github.com/CharsetDetector/UTF-unknown,,https://www.nuget.org/packages/UTF.Unknown,
Hardcodet.NotifyIcon.Wpf,2.0.1,9465871.0,xml docs; homepage,1,,,,,,lib/net462/Hardcodet.NotifyIcon.Wpf.xml,https://github.com/hardcodet/wpf-notifyicon,,,,https://github.com/hardcodet/wpf-notifyicon,,https://www.nuget.org/packages/Hardcodet.NotifyIcon.Wpf,
Microsoft.VisualStudio.Shell.Framework,17.14.40264,9442595.0,hand-written site; xml docs; homepage,2,https://aka.ms/vsextensibility,,,,,lib/net472/Microsoft.VisualStudio.Shell.Framework.xml,,,,,https://aka.ms/vsextensibility,,https://www.nuget.org/packages/Microsoft.VisualStudio.Shell.Framework,
MsgReader,6.1.1,9432245.0,readme; xml docs; homepage,1,,,README.md,,,lib/net10.0/MsgReader.xml,https://github.com/sicos1977/msgreader,,,,https://github.com/Sicos1977/MSGReader,,https://www.nuget.org/packages/MsgReader,
Microsoft.VisualStudio.CoreUtility,17.14.275,9401518.0,hand-written site; xml docs; homepage,2,https://aka.ms/vsextensibility,,,,,lib/net472/Microsoft.VisualStudio.CoreUtility.xml,,,,,https://aka.ms/vsextensibility,,https://www.nuget.org/packages/Microsoft.VisualStudio.CoreUtility,
Azure.ResourceManager.KeyVault,1.4.0,9366099.0,readme; xml docs; homepage,1,,,README.md,,,lib/net10.0/Azure.ResourceManager.KeyVault.xml,https://github.com/azure/azure-sdk-for-net,,,,https://github.com/Azure/azure-sdk-for-net/blob/Azure.ResourceManager.KeyVault_1.4.0/sdk/keyvault/Azure.ResourceManager.KeyVault/README.md,,https://www.nuget.org/packages/Azure.ResourceManager.KeyVault,
Microsoft.VisualStudio.Interop,17.14.40260,9363686.0,hand-written site; xml docs; homepage,2,https://aka.ms/vsextensibility,,,,,lib/net20/Microsoft.VisualStudio.Interop.xml,,,,,https://aka.ms/vsextensibility,,https://www.nuget.org/packages/Microsoft.VisualStudio.Interop,
Cake.Git,5.0.1,9291397.0,xml docs; homepage,1,,,,,,lib/net8.0/Cake.Git.xml,https://github.com/cake-contrib/cake_git,,,,https://github.com/cake-contrib/Cake_Git,,https://www.nuget.org/packages/Cake.Git,
Websocket.Client,5.5.0,9255173.0,readme; xml docs; homepage,1,,,README.md,,,lib/net10.0/Websocket.Client.xml,https://github.com/marfusios/websocket-client,,,,https://github.com/Marfusios/websocket-client,,https://www.nuget.org/packages/Websocket.Client,
Lamar.Microsoft.DependencyInjection,16.0.0,9253748.0,hand-written site; homepage,2,https://jasperfx.github.io/lamar,,,,,,,,,,https://jasperfx.github.io/lamar,,https://www.nuget.org/packages/Lamar.Microsoft.DependencyInjection,
SmartFormat,3.6.1,9251454.0,xml docs; homepage,1,,,,,,lib/net462/SmartFormat.xml,https://github.com/axuno/smartformat,,,,https://github.com/axuno/SmartFormat,,https://www.nuget.org/packages/SmartFormat,
WindowsAPICodePack-Shell,1.1.1,9237280.0,xml docs; homepage,1,,,,,,lib/Microsoft.WindowsAPICodePack.Shell.xml,https://github.com/aybe/windows-api-code-pack-1.1,,,,https://github.com/aybe/Windows-API-Code-Pack-1.1,,https://www.nuget.org/packages/WindowsAPICodePack-Shell,
Microsoft.CodeAnalysis.Compilers,5.9.0,9233356.0,homepage,1,,,,,,,https://github.com/dotnet/roslyn,,,,https://github.com/dotnet/roslyn,,https://www.nuget.org/packages/Microsoft.CodeAnalysis.Compilers,
Costura.Fody,6.2.0,9209143.0,xml docs; homepage,1,,,,,,lib/netstandard2.0/Costura.xml,https://github.com/fody/costura,,,,https://github.com/Fody/Costura,,https://www.nuget.org/packages/Costura.Fody,
YamlDotNet.NetCore,1.0.0,9149865.0,,0,,,,,,,,,,,,,https://www.nuget.org/packages/YamlDotNet.NetCore,
MathNet.Numerics.FSharp,5.0.0,9126963.0,hand-written site; xml docs; homepage,2,https://numerics.mathdotnet.com/,,,,,lib/net461/MathNet.Numerics.FSharp.xml,https://github.com/mathnet/mathnet-numerics,,,,https://numerics.mathdotnet.com/,,https://www.nuget.org/packages/MathNet.Numerics.FSharp,
ControlzEx,7.0.4,9067189.0,xml docs; homepage,1,,,,,,lib/net462/ControlzEx.xml,https://github.com/controlzex/controlzex,,,,https://github.com/ControlzEx/ControlzEx,,https://www.nuget.org/packages/ControlzEx,
Microsoft.Bot.Builder.Integration.AspNet.Core,4.23.1,9005308.0,xml docs; homepage,1,,,,,,lib/net8.0/Microsoft.Bot.Builder.Integration.AspNet.Core.xml,https://github.com/microsoft/botbuilder-dotnet,,,,https://github.com/Microsoft/botbuilder-dotnet,,https://www.nuget.org/packages/Microsoft.Bot.Builder.Integration.AspNet.Core,
JsonSchema.Net.Generation,7.3.11,8992516.0,readme; xml docs; homepage,1,,,README.md,,,lib/net10.0/JsonSchema.Net.Generation.xml,https://github.com/json-everything/json-everything,,,,https://github.com/json-everything/json-everything,,https://www.nuget.org/packages/JsonSchema.Net.Generation,
SQLitePCLRaw.provider.e_sqlite3.net45,1.1.14,8975750.0,homepage,1,,,,,,,https://github.com/ericsink/sqlitepcl.raw,,,,https://github.com/ericsink/SQLitePCL.raw,,https://www.nuget.org/packages/SQLitePCLRaw.provider.e_sqlite3.net45,
GitVersion.MsBuild,6.8.2,8971357.0,readme; homepage,1,,,README.md,,,,https://github.com/gittools/gitversion,,,,https://github.com/GitTools/GitVersion,,https://www.nuget.org/packages/GitVersion.MsBuild,
Microsoft-WindowsAPICodePack-Core,1.1.5,8918463.0,xml docs; homepage,1,,,,,,lib/net452/Microsoft.WindowsAPICodePack.xml,https://github.com/contre/windows-api-code-pack-1.1,,,,https://github.com/contre/Windows-API-Code-Pack-1.1,,https://www.nuget.org/packages/Microsoft-WindowsAPICodePack-Core,
Mono.Options,6.12.0.148,8866807.0,hand-written site; homepage,2,https://go.microsoft.com/fwlink/?linkid=865059,,,,,,,,,,https://go.microsoft.com/fwlink/?linkid=865059,,https://www.nuget.org/packages/Mono.Options,
Microsoft.Graphics.Win2D,1.4.0,8857167.0,hand-written site; homepage,2,https://go.microsoft.com/fwlink/?LinkID=519078,,,,,,,,,,https://go.microsoft.com/fwlink/?LinkID=519078,,https://www.nuget.org/packages/Microsoft.Graphics.Win2D,
RazorEngineCore,2026.1.1,8797992.0,homepage,1,,,,,,,https://github.com/adoconnection/razorenginecore,,,,https://github.com/adoconnection/RazorEngineCore,,https://www.nuget.org/packages/RazorEngineCore,
Google.Apis.YouTube.v3,1.76.0.4249,8780466.0,xml docs; homepage,1,,,,,,lib/net462/Google.Apis.YouTube.v3.xml,https://github.com/google/google-api-dotnet-client,,,,https://github.com/google/google-api-dotnet-client,,https://www.nuget.org/packages/Google.Apis.YouTube.v3,
Microsoft.Azure.Management.Sql,3.1.0-preview,8774508.0,xml docs; homepage,1,,,,,,lib/net452/Microsoft.Azure.Management.Sql.xml,https://github.com/azure/azure-sdk-for-net,,,,https://github.com/Azure/azure-sdk-for-net,,https://www.nuget.org/packages/Microsoft.Azure.Management.Sql,
PInvoke.NCrypt,0.7.124,8765335.0,xml docs; homepage,1,,,,,,lib/net45/PInvoke.NCrypt.xml,https://github.com/dotnet/pinvoke,,,,https://github.com/dotnet/pinvoke,,https://www.nuget.org/packages/PInvoke.NCrypt,
Microsoft.Owin.SelfHost,4.2.3,8750529.0,readme; homepage,1,,,README.md,,,,https://github.com/aspnet/aspnetkatana,,,,https://github.com/aspnet/AspNetKatana,,https://www.nuget.org/packages/Microsoft.Owin.SelfHost,
SkiaSharp.Views.Forms,2.88.9,8748206.0,hand-written site; xml docs; homepage,2,https://go.microsoft.com/fwlink/?linkid=868515,,,,,lib/uap10.0/SkiaSharp.Views.Forms.xml,https://github.com/mono/skiasharp,,,,https://go.microsoft.com/fwlink/?linkid=868515,,https://www.nuget.org/packages/SkiaSharp.Views.Forms,
StructureMap.Microsoft.DependencyInjection,2.0.0,8684746.0,xml docs; homepage,1,,,,,,lib/netstandard2.0/StructureMap.Microsoft.DependencyInjection.xml,https://github.com/structuremap/structuremap.microsoft.dependencyinjection,,,,https://github.com/structuremap/StructureMap.Microsoft.DependencyInjection,,https://www.nuget.org/packages/StructureMap.Microsoft.DependencyInjection,
Microsoft.WindowsDesktop.App.Runtime.win-arm64,10.0.12,8681426.0,hand-written site; homepage,2,https://dot.net/,,,,,,https://github.com/dotnet/dotnet,,,,https://dot.net/,,https://www.nuget.org/packages/Microsoft.WindowsDesktop.App.Runtime.win-arm64,
EasyCaching.InMemory,1.9.2,8652308.0,xml docs; homepage,1,,,,,,lib/net6.0/EasyCaching.InMemory.xml,https://github.com/dotnetcore/easycaching,,,,https://github.com/dotnetcore/EasyCaching,,https://www.nuget.org/packages/EasyCaching.InMemory,
Acornima,1.8.0,8649224.0,readme; xml docs; homepage,1,,,README.md,,,lib/net462/Acornima.xml,https://github.com/adams85/acornima,,,,https://github.com/adams85/acornima,,https://www.nuget.org/packages/Acornima,
Microsoft-WindowsAPICodePack-Shell,1.1.5,8644291.0,xml docs; homepage,1,,,,,,lib/net452/Microsoft.WindowsAPICodePack.Shell.xml,https://github.com/contre/windows-api-code-pack-1.1,,,,https://github.com/contre/Windows-API-Code-Pack-1.1,,https://www.nuget.org/packages/Microsoft-WindowsAPICodePack-Shell,
Microsoft.Azure.Management.DataFactory,9.3.0,8627151.0,xml docs; homepage,1,,,,,,lib/net452/Microsoft.Azure.Management.DataFactory.xml,https://github.com/azure/azure-sdk-for-net,,,,https://github.com/Azure/azure-sdk-for-net,,https://www.nuget.org/packages/Microsoft.Azure.Management.DataFactory,
AspNetCoreRateLimit.Redis,2.0.0,8611004.0,homepage,1,,,,,,,https://github.com/stefanprodan/aspnetcoreratelimit,,,,https://github.com/stefanprodan/AspNetCoreRateLimit,,https://www.nuget.org/packages/AspNetCoreRateLimit.Redis,
Avalonia.Controls.DataGrid,12.1.2,8575672.0,hand-written site; readme; xml docs; homepage,2,https://avaloniaui.net/?utm_source=nuget&utm_medium=referral&utm_content=project_homepage_link,,readme.md,,,lib/net10.0/Avalonia.Controls.DataGrid.xml,https://github.com/avaloniaui/avalonia.controls.datagrid,,,,https://avaloniaui.net/?utm_source=nuget&utm_medium=referral&utm_content=project_homepage_link,,https://www.nuget.org/packages/Avalonia.Controls.DataGrid,
PInvoke.BCrypt,0.7.124,8574040.0,xml docs; homepage,1,,,,,,lib/net45/PInvoke.BCrypt.xml,https://github.com/dotnet/pinvoke,,,,https://github.com/dotnet/pinvoke,,https://www.nuget.org/packages/PInvoke.BCrypt,
Microsoft.Azure.Management.Network,26.0.0,8555280.0,xml docs; homepage,1,,,,,,lib/net452/Microsoft.Azure.Management.Network.xml,https://github.com/azure/azure-sdk-for-net,,,,https://github.com/Azure/azure-sdk-for-net,,https://www.nuget.org/packages/Microsoft.Azure.Management.Network,
Microsoft.Windows.SDK.Contracts,10.0.28000.2705,8539057.0,hand-written site; homepage,2,https://aka.ms/WinSDKProjectURL,,,,,,,,,,https://aka.ms/WinSDKProjectURL,,https://www.nuget.org/packages/Microsoft.Windows.SDK.Contracts,
Microsoft.AspNetCore.Grpc.JsonTranscoding,10.0.12,8532278.0,hand-written site; homepage,2,https://asp.net/,,,,,,https://github.com/dotnet/aspnetcore,,,,https://asp.net/,,https://www.nuget.org/packages/Microsoft.AspNetCore.Grpc.JsonTranscoding,
Microsoft.TeamFoundationServer.ExtendedClient,20.256.2,8515247.0,hand-written site; xml docs; homepage,2,https://go.microsoft.com/fwlink/?LinkId=613084,,,,,lib/net472/Microsoft.TeamFoundation.Build.Client.xml,,,,,https://go.microsoft.com/fwlink/?LinkId=613084,,https://www.nuget.org/packages/Microsoft.TeamFoundationServer.ExtendedClient,
Microsoft.VisualStudio.Shell.15.0,17.14.40264,8504517.0,hand-written site; xml docs; homepage,2,https://aka.ms/vsextensibility,,,,,lib/net472/Microsoft.VisualStudio.Shell.15.0.xml,,,,,https://aka.ms/vsextensibility,,https://www.nuget.org/packages/Microsoft.VisualStudio.Shell.15.0,
Microsoft.CognitiveServices.Speech,1.51.2,8492679.0,hand-written site; readme; xml docs; homepage,2,https://aka.ms/csspeech,,readme.md,,,lib/net462/Microsoft.CognitiveServices.Speech.csharp.xml,,,,,https://aka.ms/csspeech,,https://www.nuget.org/packages/Microsoft.CognitiveServices.Speech,
Cake.Common,6.2.0,8478179.0,hand-written site; xml docs; homepage,2,https://cakebuild.net/,,,,,lib/net10.0/Cake.Common.xml,https://github.com/cake-build/cake,,,,https://cakebuild.net/,,https://www.nuget.org/packages/Cake.Common,
Castle.LoggingFacility.MsLogging,3.1.0,8454296.0,homepage,1,,,,,,,https://github.com/volosoft/castle-logging-ms-adapter,,,,https://github.com/volosoft/castle-logging-ms-adapter,,https://www.nuget.org/packages/Castle.LoggingFacility.MsLogging,
Microsoft.VisualStudio.RemoteControl,16.3.52,8448682.0,hand-written site; xml docs; homepage,2,https://aka.ms/VsExtensibility,,,,,lib/net45/Microsoft.VisualStudio.RemoteControl.xml,,,,,https://aka.ms/VsExtensibility,,https://www.nuget.org/packages/Microsoft.VisualStudio.RemoteControl,
ServiceStack.OrmLite.SqlServer,10.1.4,8439054.0,xml docs; homepage,1,,,,,,lib/net10.0/ServiceStack.OrmLite.SqlServer.xml,https://github.com/servicestack/servicestack,,,,https://github.com/ServiceStack/ServiceStack,,https://www.nuget.org/packages/ServiceStack.OrmLite.SqlServer,
BrotliSharpLib,0.3.3,8437569.0,xml docs; homepage,1,,,,,,lib/net20/BrotliSharpLib.xml,https://github.com/master131/brotlisharplib,,,,https://github.com/master131/BrotliSharpLib,,https://www.nuget.org/packages/BrotliSharpLib,
Microsoft.ServiceHub.Framework,4.8.55,8414875.0,readme; xml docs; homepage,1,,,README.md,,,lib/net472/Microsoft.ServiceHub.Framework.xml,https://github.com/microsoft/vs-servicehub,,,,https://github.com/microsoft/vs-servicehub,,https://www.nuget.org/packages/Microsoft.ServiceHub.Framework,
NATS.Net,3.2.0,8410414.0,readme; xml docs; homepage,1,,,README.md,,,lib/net10.0/NATS.Net.xml,https://github.com/nats-io/nats.net,,,,https://github.com/nats-io/nats.net,,https://www.nuget.org/packages/NATS.Net,
Microsoft.VisualStudio.Shell.Interop,17.14.40260,8401926.0,hand-written site; xml docs; homepage,2,https://aka.ms/vsextensibility,,,,,lib/net20/Microsoft.VisualStudio.Shell.Interop.xml,,,,,https://aka.ms/vsextensibility,,https://www.nuget.org/packages/Microsoft.VisualStudio.Shell.Interop,
Microsoft.VisualStudio.Imaging,17.14.40264,8394063.0,hand-written site; xml docs; homepage,2,https://aka.ms/vsextensibility,,,,,lib/net472/Microsoft.VisualStudio.Imaging.xml,,,,,https://aka.ms/vsextensibility,,https://www.nuget.org/packages/Microsoft.VisualStudio.Imaging,
Microsoft.VisualStudio.TextManager.Interop,17.14.40260,8381622.0,hand-written site; xml docs; homepage,2,https://aka.ms/vsextensibility,,,,,lib/net20/Microsoft.VisualStudio.TextManager.Interop.xml,,,,,https://aka.ms/vsextensibility,,https://www.nuget.org/packages/Microsoft.VisualStudio.TextManager.Interop,
NUnitLite,4.6.1,8370227.0,hand-written site; homepage,2,https://nunit.org/,,,,,,https://github.com/nunit/nunit,,,,https://nunit.org/,,https://www.nuget.org/packages/NUnitLite,
Twitter.Bootstrap,3.0.1.1,8352577.0,hand-written site; readme; homepage,2,http://getbootstrap.com/,,readme.txt,,,,,,,,http://getbootstrap.com/,,https://www.nuget.org/packages/Twitter.Bootstrap,
Pidgin,3.5.1,8341145.0,readme; xml docs; homepage,1,,,README.md,,,lib/net7.0/Pidgin.xml,https://github.com/benjamin-hodgson/pidgin,,,,https://github.com/benjamin-hodgson/Pidgin,,https://www.nuget.org/packages/Pidgin,
NPoco.SqlServer,6.3.0,8331513.0,homepage,1,,,,,,,https://github.com/schotime/npoco,,,,https://github.com/schotime/NPoco,,https://www.nuget.org/packages/NPoco.SqlServer,
Microsoft.Azure.Management.KeyVault,3.1.0,8233579.0,xml docs; homepage,1,,,,,,lib/net452/Microsoft.Azure.Management.KeyVault.xml,https://github.com/azure/azure-sdk-for-net,,,,https://github.com/Azure/azure-sdk-for-net,,https://www.nuget.org/packages/Microsoft.Azure.Management.KeyVault,
Accord.Statistics,3.8.0,8217689.0,hand-written site; xml docs; homepage,2,http://accord-framework.net/,,,,,lib/net35-unity%20full%20v3.5/Accord.Statistics.xml,,,,,http://accord-framework.net/,,https://www.nuget.org/packages/Accord.Statistics,
Microsoft.IO.Redist,6.1.3,8148253.0,xml docs; homepage,1,,,,,,lib/net472/Microsoft.IO.Redist.xml,https://github.com/dotnet/maintenance-packages,,,,https://github.com/dotnet/maintenance-packages,,https://www.nuget.org/packages/Microsoft.IO.Redist,
Testcontainers.MongoDb,4.15.0,8132993.0,hand-written site; readme; xml docs; homepage,2,https://dotnet.testcontainers.org/,,README.md,,,lib/net10.0/Testcontainers.MongoDb.xml,https://github.com/testcontainers/testcontainers-dotnet,,,,https://dotnet.testcontainers.org/,,https://www.nuget.org/packages/Testcontainers.MongoDb,
Avalonia.Themes.Fluent,12.1.2,8125075.0,hand-written site; xml docs; homepage,2,https://avaloniaui.net/?utm_source=nuget&utm_medium=referral&utm_content=project_homepage_link,,,,,lib/net10.0/Avalonia.Themes.Fluent.xml,https://github.com/avaloniaui/avalonia,,,,https://avaloniaui.net/?utm_source=nuget&utm_medium=referral&utm_content=project_homepage_link,,https://www.nuget.org/packages/Avalonia.Themes.Fluent,
Microsoft.Agents.AI.Abstractions,1.20.0,8114633.0,hand-written site; xml docs; homepage,2,https://learn.microsoft.com/agent-framework/,,,,,lib/net10.0/Microsoft.Agents.AI.Abstractions.xml,https://github.com/microsoft/agent-framework,,,,https://learn.microsoft.com/agent-framework/,,https://www.nuget.org/packages/Microsoft.Agents.AI.Abstractions,
Mediator.SourceGenerator,3.0.2,8072573.0,readme; homepage,1,,,README.md,,,,https://github.com/martinothamar/mediator,,,,https://github.com/martinothamar/Mediator,,https://www.nuget.org/packages/Mediator.SourceGenerator,
ClientDependency,1.9.10,8063851.0,homepage,1,,,,,,,https://github.com/shandem/clientdependency,,,,https://github.com/Shandem/ClientDependency,,https://www.nuget.org/packages/ClientDependency,
PCLCrypto,2.0.147,8030016.0,xml docs; homepage,1,,,,,,lib/MonoAndroid23/PCLCrypto.xml,https://github.com/aarnott/pclcrypto,,,,https://github.com/aarnott/pclcrypto/,,https://www.nuget.org/packages/PCLCrypto,
MvvmCross,10.1.2,7988162.0,readme; xml docs; homepage,1,,,README.md,,,lib/net10.0/MvvmCross.xml,https://github.com/mvvmcross/mvvmcross,,,,https://github.com/MvvmCross/MvvmCross,,https://www.nuget.org/packages/MvvmCross,
NAudio.Wasapi,22.0.0,7985615.0,xml docs; homepage,1,,,,,,lib/netstandard2.0/NAudio.Wasapi.xml,https://github.com/naudio/naudio,,,,https://github.com/naudio/NAudio,,https://www.nuget.org/packages/NAudio.Wasapi,
Microsoft.ILVerification,10.0.12,7895592.0,hand-written site; homepage,2,https://dot.net/,,,,,,https://github.com/dotnet/runtime,,,,https://dot.net/,,https://www.nuget.org/packages/Microsoft.ILVerification,
Microsoft.VisualStudio.Utilities.Internal,16.3.90,7890977.0,hand-written site; xml docs; homepage,2,https://aka.ms/VsExtensibility,,,,,lib/net45/Microsoft.VisualStudio.Utilities.Internal.xml,,,,,https://aka.ms/VsExtensibility,,https://www.nuget.org/packages/Microsoft.VisualStudio.Utilities.Internal,
Quartz.Plugins.TimeZoneConverter,4.0.1,7862422.0,hand-written site; readme; xml docs; homepage,2,https://www.quartz-scheduler.net/,,README.md,,,lib/net10.0/Quartz.Plugins.TimeZoneConverter.xml,https://github.com/quartznet/quartznet,,,,https://www.quartz-scheduler.net/,,https://www.nuget.org/packages/Quartz.Plugins.TimeZoneConverter,
Avalara.AvaTax,26.8.3,7851142.0,hand-written site; xml docs; homepage,2,https://developer.avalara.com/,,,,,lib/net20/Avalara.AvaTax.RestClient.xml,,,,,https://developer.avalara.com/,,https://www.nuget.org/packages/Avalara.AvaTax,
CommonMark.NET,0.15.1,7841434.0,xml docs; homepage,1,,,,,,lib/net20/CommonMark.xml,https://github.com/knagis/commonmark.net,,,,https://github.com/Knagis/CommonMark.NET/,,https://www.nuget.org/packages/CommonMark.NET,
Microsoft.Orleans.Reminders,10.3.1,7794442.0,xml docs; homepage,1,,,,,,lib/net10.0/Orleans.Reminders.xml,https://github.com/dotnet/orleans,,,,https://github.com/dotnet/orleans,,https://www.nuget.org/packages/Microsoft.Orleans.Reminders,
Microsoft.Azure.Management.Storage,25.0.0,7771143.0,xml docs; homepage,1,,,,,,lib/net452/Microsoft.Azure.Management.Storage.xml,https://github.com/azure/azure-sdk-for-net,,,,https://github.com/Azure/azure-sdk-for-net,,https://www.nuget.org/packages/Microsoft.Azure.Management.Storage,
Pgvector,0.3.2,7746576.0,readme; homepage,1,,,README.md,,,,https://github.com/pgvector/pgvector-dotnet,,,,https://github.com/pgvector/pgvector-dotnet,,https://www.nuget.org/packages/Pgvector,
linq2db.EntityFrameworkCore,10.5.0,7710107.0,hand-written site; readme; xml docs; homepage,2,https://linq2db.github.io/,,readme.md,,,lib/net10.0/linq2db.EntityFrameworkCore.xml,https://github.com/linq2db/linq2db,,,,https://linq2db.github.io/,,https://www.nuget.org/packages/linq2db.EntityFrameworkCore,
Volo.Abp.SettingManagement.EntityFrameworkCore,10.6.0,7697832.0,hand-written site; xml docs; homepage,2,https://abp.io/,,,,,lib/net10.0/Volo.Abp.SettingManagement.EntityFrameworkCore.xml,https://github.com/abpframework/abp,,,,https://abp.io/,,https://www.nuget.org/packages/Volo.Abp.SettingManagement.EntityFrameworkCore,
Wcwidth,4.0.1,7656686.0,xml docs; homepage,1,,,,,,lib/net10.0/Wcwidth.xml,https://github.com/spectreconsole/wcwidth,,,,https://github.com/spectreconsole/wcwidth,,https://www.nuget.org/packages/Wcwidth,
SQLite,3.53.4,7645846.0,hand-written site; readme; homepage,2,https://sqlite.org/,,README.md,,,,,,,,https://sqlite.org/,,https://www.nuget.org/packages/SQLite,
Volo.Abp.PermissionManagement.EntityFrameworkCore,10.6.0,7641812.0,hand-written site; xml docs; homepage,2,https://abp.io/,,,,,lib/net10.0/Volo.Abp.PermissionManagement.EntityFrameworkCore.xml,https://github.com/abpframework/abp,,,,https://abp.io/,,https://www.nuget.org/packages/Volo.Abp.PermissionManagement.EntityFrameworkCore,
Aspire.Hosting.Testing,13.5.3,7610467.0,xml docs; homepage,1,,,,,,lib/net10.0/Aspire.Hosting.Testing.xml,https://github.com/microsoft/aspire,,,,https://github.com/microsoft/aspire,,https://www.nuget.org/packages/Aspire.Hosting.Testing,
Nett,0.15.0,7566162.0,xml docs; homepage,1,,,,,,lib/net40/Nett.xml,https://github.com/paiden/nett,,,,https://github.com/paiden/Nett,,https://www.nuget.org/packages/Nett,
FsCheck.Xunit,3.4.0,7530217.0,hand-written site; readme; xml docs; homepage,2,https://fscheck.github.io/FsCheck/,,README.md,,,lib/net462/FsCheck.Xunit.xml,https://github.com/fscheck/fscheck,,,,https://fscheck.github.io/FsCheck/,,https://www.nuget.org/packages/FsCheck.Xunit,
DryIoc.Microsoft.DependencyInjection,6.2.0,7511470.0,xml docs; homepage,1,,,,,,lib/net6.0/DryIoc.Microsoft.DependencyInjection.xml,https://github.com/dadhi/dryioc,,,,https://github.com/dadhi/DryIoc,,https://www.nuget.org/packages/DryIoc.Microsoft.DependencyInjection,
Avalonia.Diagnostics,11.3.21,7482824.0,hand-written site; xml docs; homepage,2,https://avaloniaui.net/?utm_source=nuget&utm_medium=referral&utm_content=project_homepage_link,,,,,lib/net6.0/Avalonia.Diagnostics.xml,https://github.com/avaloniaui/avalonia,,,,https://avaloniaui.net/?utm_source=nuget&utm_medium=referral&utm_content=project_homepage_link,,https://www.nuget.org/packages/Avalonia.Diagnostics,
Microsoft.VisualStudio.Shell.Interop.8.0,17.14.40260,7477424.0,hand-written site; xml docs; homepage,2,https://aka.ms/vsextensibility,,,,,lib/net20/Microsoft.VisualStudio.Shell.Interop.8.0.xml,,,,,https://aka.ms/vsextensibility,,https://www.nuget.org/packages/Microsoft.VisualStudio.Shell.Interop.8.0,
Nullable,1.3.1,7472085.0,homepage,1,,,,,,,https://github.com/manuelroemer/nullable,,,,https://github.com/manuelroemer/Nullable,,https://www.nuget.org/packages/Nullable,
Umbraco.Cms,18.1.1,7441390.0,hand-written site; homepage,2,https://umbraco.com/,,,,,,https://github.com/umbraco/umbraco-cms,,,,https://umbraco.com/,,https://www.nuget.org/packages/Umbraco.Cms,
Microsoft.VisualStudio.Shell.Interop.10.0,17.14.40260,7401001.0,hand-written site; xml docs; homepage,2,https://aka.ms/vsextensibility,,,,,lib/net20/Microsoft.VisualStudio.Shell.Interop.10.0.xml,,,,,https://aka.ms/vsextensibility,,https://www.nuget.org/packages/Microsoft.VisualStudio.Shell.Interop.10.0,
Microsoft.VisualStudio.TextManager.Interop.8.0,17.14.40260,7364821.0,hand-written site; xml docs; homepage,2,https://aka.ms/vsextensibility,,,,,lib/net20/Microsoft.VisualStudio.TextManager.Interop.8.0.xml,,,,,https://aka.ms/vsextensibility,,https://www.nuget.org/packages/Microsoft.VisualStudio.TextManager.Interop.8.0,
ExifLibNet,2.1.4,7307007.0,homepage,1,,,,,,,https://github.com/oozcitak/exiflibrary,,,,https://github.com/oozcitak/exiflibrary,,https://www.nuget.org/packages/ExifLibNet,
Aspire.Hosting.PostgreSQL,13.5.3,7278003.0,readme; xml docs; homepage,1,,,README.md,,,lib/net8.0/Aspire.Hosting.PostgreSQL.xml,https://github.com/microsoft/aspire,,,,https://github.com/microsoft/aspire,,https://www.nuget.org/packages/Aspire.Hosting.PostgreSQL,
Xunit.Combinatorial,2.1.41,7268569.0,readme; xml docs; homepage,1,,,README.md,,,lib/net472/Xunit.Combinatorial.xml,https://github.com/aarnott/xunit.combinatorial,,,,https://github.com/aarnott/Xunit.Combinatorial,,https://www.nuget.org/packages/Xunit.Combinatorial,
Xam.Plugins.Settings,4.0.0.7,7232231.0,readme; xml docs; homepage,1,,,readme.txt,,,lib/monoandroid44/Plugin.Settings.xml,https://github.com/jamesmontemagno/settingsplugin,,,,https://github.com/jamesmontemagno/SettingsPlugin,,https://www.nuget.org/packages/Xam.Plugins.Settings,
Aspire.Hosting.SqlServer,13.5.3,7221506.0,readme; xml docs; homepage,1,,,README.md,,,lib/net10.0/Aspire.Hosting.SqlServer.xml,https://github.com/microsoft/aspire,,,,https://github.com/microsoft/aspire,,https://www.nuget.org/packages/Aspire.Hosting.SqlServer,
Aspire.Hosting.Redis,13.5.3,7206789.0,readme; xml docs; homepage,1,,,README.md,,,lib/net8.0/Aspire.Hosting.Redis.xml,https://github.com/microsoft/aspire,,,,https://github.com/microsoft/aspire,,https://www.nuget.org/packages/Aspire.Hosting.Redis,
ZXing.Net.Bindings.SkiaSharp,0.16.24,7199343.0,readme; xml docs; homepage,1,,,readme.md,,,lib/net462/ZXing.SkiaSharp.xml,https://github.com/micjahn/zxing.net,,,,https://github.com/micjahn/ZXing.Net/,,https://www.nuget.org/packages/ZXing.Net.Bindings.SkiaSharp,
BenchmarkDotNet.Diagnostics.Windows,0.15.8,7180930.0,xml docs; homepage,1,,,,,,lib/netstandard2.0/BenchmarkDotNet.Diagnostics.Windows.xml,https://github.com/dotnet/benchmarkdotnet,,,,https://github.com/dotnet/BenchmarkDotNet,,https://www.nuget.org/packages/BenchmarkDotNet.Diagnostics.Windows,
Microsoft.Azure.SignalR.Serverless.Protocols,1.11.0,7140198.0,hand-written site; homepage,2,https://aka.ms/signalr_service,,,,,,https://github.com/azure/azure-signalr,,,,https://aka.ms/signalr_service,,https://www.nuget.org/packages/Microsoft.Azure.SignalR.Serverless.Protocols,
ILMerge,3.0.41,7138779.0,homepage,1,,,,,,,https://github.com/dotnet/ilmerge,,,,https://github.com/dotnet/ILMerge,,https://www.nuget.org/packages/ILMerge,
Microsoft.Azure.Management.Monitor,0.28.0-preview,7097775.0,xml docs; homepage,1,,,,,,lib/net452/Microsoft.Azure.Management.Monitor.xml,https://github.com/azure/azure-sdk-for-net,,,,https://github.com/Azure/azure-sdk-for-net,,https://www.nuget.org/packages/Microsoft.Azure.Management.Monitor,
Microsoft.NETCore.App.Host.win-arm64,10.0.12,7085234.0,hand-written site; homepage,2,https://dot.net/,,,,,,https://github.com/dotnet/dotnet,,,,https://dot.net/,,https://www.nuget.org/packages/Microsoft.NETCore.App.Host.win-arm64,
Azure.ResourceManager.AppService,1.5.0,7055365.0,readme; xml docs; homepage,1,,,README.md,,,lib/net10.0/Azure.ResourceManager.AppService.xml,https://github.com/azure/azure-sdk-for-net,,,,https://github.com/Azure/azure-sdk-for-net/blob/Azure.ResourceManager.AppService_1.5.0/sdk/websites/Azure.ResourceManager.AppService/README.md,,https://www.nuget.org/packages/Azure.ResourceManager.AppService,
Microsoft.VisualStudio.SDK.Analyzers,17.7.122,7050086.0,readme; homepage,1,,,README.md,,,,https://github.com/microsoft/vssdk-analyzers,,,,https://github.com/Microsoft/VSSDK-Analyzers,,https://www.nuget.org/packages/Microsoft.VisualStudio.SDK.Analyzers,
Blazorise,2.3.2,7035322.0,hand-written site; readme; xml docs; homepage,2,https://blazorise.com/,,README.md,,,lib/net10.0/Blazorise.xml,https://github.com/megabit/blazorise,,,,https://blazorise.com/,,https://www.nuget.org/packages/Blazorise,
xmlrpcnet,3.0.0.266,7008533.0,hand-written site; homepage,2,http://www.xml-rpc.net/,,,,,,,,,,http://www.xml-rpc.net/,,https://www.nuget.org/packages/xmlrpcnet,
Win2D.uwp,1.28.3,6993173.0,hand-written site; xml docs; homepage,2,https://go.microsoft.com/fwlink/?LinkID=519078,,,,,lib/net8.0-windows10.0.19041.0/Microsoft.Graphics.Canvas.Interop.xml,,,,,https://go.microsoft.com/fwlink/?LinkID=519078,,https://www.nuget.org/packages/Win2D.uwp,
PDFtoImage,5.4.0,6991815.0,readme; xml docs; homepage,1,,,README.md,,,lib/net10.0-android36.0/PDFtoImage.xml,https://github.com/sungaila/pdftoimage,,,,https://github.com/sungaila/PDFtoImage,,https://www.nuget.org/packages/PDFtoImage,
Microsoft.Azure.Management.WebSites,4.0.0,6964216.0,xml docs; homepage,1,,,,,,lib/net452/Microsoft.Azure.Management.Websites.xml,https://github.com/azure/azure-sdk-for-net,,,,https://github.com/Azure/azure-sdk-for-net,,https://www.nuget.org/packages/Microsoft.Azure.Management.WebSites,
SourceGear.sqlite3,3.53.4,6948670.0,hand-written site; readme; homepage,2,https://sqlite.org/,,README.md,,,,,,,,https://sqlite.org/,,https://www.nuget.org/packages/SourceGear.sqlite3,
Azure.ResourceManager.Sql,1.4.0,6861570.0,readme; xml docs; homepage,1,,,README.md,,,lib/net10.0/Azure.ResourceManager.Sql.xml,https://github.com/azure/azure-sdk-for-net,,,,https://github.com/Azure/azure-sdk-for-net/blob/Azure.ResourceManager.Sql_1.4.0/sdk/sqlmanagement/Azure.ResourceManager.Sql/README.md,,https://www.nuget.org/packages/Azure.ResourceManager.Sql,
Slugify.Core,5.1.1,6833446.0,readme; homepage,1,,,README.md,,,,https://github.com/ctolkien/slugify,,,,https://github.com/ctolkien/Slugify,,https://www.nuget.org/packages/Slugify.Core,
Google.Cloud.Translation.V2,3.5.0,6802603.0,xml docs; homepage,1,,,,,,lib/net462/Google.Cloud.Translation.V2.xml,https://github.com/googleapis/google-cloud-dotnet,,,,https://github.com/googleapis/google-cloud-dotnet,,https://www.nuget.org/packages/Google.Cloud.Translation.V2,
Fido2,4.0.1,6801104.0,xml docs; homepage,1,,,,,,lib/net8.0/Fido2.xml,https://github.com/passwordless-lib/fido2-net-lib,,,,https://github.com/passwordless-lib/fido2-net-lib,,https://www.nuget.org/packages/Fido2,
Avalonia.Controls.ColorPicker,12.1.2,6786580.0,hand-written site; xml docs; homepage,2,https://avaloniaui.net/?utm_source=nuget&utm_medium=referral&utm_content=project_homepage_link,,,,,lib/net10.0/Avalonia.Controls.ColorPicker.xml,https://github.com/avaloniaui/avalonia,,,,https://avaloniaui.net/?utm_source=nuget&utm_medium=referral&utm_content=project_homepage_link,,https://www.nuget.org/packages/Avalonia.Controls.ColorPicker,
Vogen,8.0.7,6781009.0,xml docs; homepage,1,,,,,,lib/net10.0/Vogen.SharedTypes.xml,https://github.com/stevedunn/vogen,,,,https://github.com/SteveDunn/Vogen,,https://www.nuget.org/packages/Vogen,
EnyimMemcached,2.16.0,6763540.0,xml docs; homepage,1,,,,,,lib/net35/Enyim.Caching.xml,https://github.com/enyim/enyimmemcached,,,,https://github.com/enyim/EnyimMemcached,,https://www.nuget.org/packages/EnyimMemcached,
Aspire.Npgsql.EntityFrameworkCore.PostgreSQL,13.5.3,6723573.0,readme; xml docs; homepage,1,,,README.md,,,lib/net10.0/Aspire.Npgsql.EntityFrameworkCore.PostgreSQL.xml,https://github.com/microsoft/aspire,,,,https://github.com/microsoft/aspire,,https://www.nuget.org/packages/Aspire.Npgsql.EntityFrameworkCore.PostgreSQL,
Aspire.Azure.Storage.Blobs,13.5.3,6718312.0,readme; xml docs; homepage,1,,,README.md,,,lib/net10.0/Aspire.Azure.Storage.Blobs.xml,https://github.com/microsoft/aspire,,,,https://github.com/microsoft/aspire,,https://www.nuget.org/packages/Aspire.Azure.Storage.Blobs,
Microsoft.Agents.AI,1.20.0,6715441.0,hand-written site; xml docs; homepage,2,https://learn.microsoft.com/agent-framework/,,,,,lib/net10.0/Microsoft.Agents.AI.xml,https://github.com/microsoft/agent-framework,,,,https://learn.microsoft.com/agent-framework/,,https://www.nuget.org/packages/Microsoft.Agents.AI,
Microsoft.VisualStudio.Text.Logic,17.14.249,6697231.0,hand-written site; xml docs; homepage,2,https://aka.ms/vsextensibility,,,,,lib/net472/Microsoft.VisualStudio.Text.Logic.xml,,,,,https://aka.ms/vsextensibility,,https://www.nuget.org/packages/Microsoft.VisualStudio.Text.Logic,
Microsoft.VisualStudio.ImageCatalog,17.14.40260,6684781.0,hand-written site; homepage,2,https://aka.ms/vsextensibility,,,,,,,,,,https://aka.ms/vsextensibility,,https://www.nuget.org/packages/Microsoft.VisualStudio.ImageCatalog,
DiscordRichPresence,1.143.0,6672359.0,homepage,1,,,,,,,https://github.com/lachee/discord-rpc-csharp,,,,https://github.com/Lachee/discord-rpc-csharp,,https://www.nuget.org/packages/DiscordRichPresence,
Serilog.Sinks.SpectreConsole,0.4.0,6617341.0,homepage,1,,,,,,,https://github.com/pragmaticflow/serilog.sinks.spectreconsole,,,,https://github.com/PragmaticFlow/Serilog.Sinks.SpectreConsole,,https://www.nuget.org/packages/Serilog.Sinks.SpectreConsole,
Volo.Abp.Identity.EntityFrameworkCore,10.6.0,6599654.0,hand-written site; xml docs; homepage,2,https://abp.io/,,,,,lib/net10.0/Volo.Abp.Identity.EntityFrameworkCore.xml,https://github.com/abpframework/abp,,,,https://abp.io/,,https://www.nuget.org/packages/Volo.Abp.Identity.EntityFrameworkCore,
Microsoft.CodeAnalysis.Metrics,5.6.0,6586185.0,homepage,1,,,,,,,https://github.com/dotnet/roslyn,,,,https://github.com/dotnet/roslyn,,https://www.nuget.org/packages/Microsoft.CodeAnalysis.Metrics,
Microsoft.Azure.Management.Logic,4.1.0,6555491.0,xml docs; homepage,1,,,,,,lib/net452/Microsoft.Azure.Management.Logic.xml,https://github.com/azure/azure-sdk-for-net,,,,https://github.com/Azure/azure-sdk-for-net,,https://www.nuget.org/packages/Microsoft.Azure.Management.Logic,
Wangkanai.Detection,8.20.0,6532766.0,readme; homepage,1,,,README.md,,,,https://github.com/wangkanai/wangkanai,,,,https://github.com/wangkanai/wangkanai/tree/main/Detection,,https://www.nuget.org/packages/Wangkanai.Detection,
Azure.ResourceManager.Compute,1.16.0,6512089.0,readme; xml docs; homepage,1,,,README.md,,,lib/net10.0/Azure.ResourceManager.Compute.xml,https://github.com/azure/azure-sdk-for-net,,,,https://github.com/Azure/azure-sdk-for-net/blob/Azure.ResourceManager.Compute_1.16.0/sdk/compute/Azure.ResourceManager.Compute/README.md,,https://www.nuget.org/packages/Azure.ResourceManager.Compute,
JetBrains.Profiler.SelfApi,2.5.18,6479912.0,xml docs; homepage,1,,,,,,lib/net46/JetBrains.Profiler.SelfApi.xml,https://github.com/jetbrains/profiler-self-api,,,,https://github.com/JetBrains/profiler-self-api/blob/master/README.md,,https://www.nuget.org/packages/JetBrains.Profiler.SelfApi,
Xamarin.TestCloud.Agent,0.23.2,6468599.0,homepage,1,,,,,,,https://github.com/calabash/calabash-ios-server,,,,https://github.com/calabash/calabash-ios-server,,https://www.nuget.org/packages/Xamarin.TestCloud.Agent,
Google.Apis.PeopleService.v1,1.74.0.3973,6430711.0,xml docs; homepage,1,,,,,,lib/net462/Google.Apis.PeopleService.v1.xml,https://github.com/google/google-api-dotnet-client,,,,https://github.com/google/google-api-dotnet-client,,https://www.nuget.org/packages/Google.Apis.PeopleService.v1,
SMBLibrary,1.5.7.1,6356593.0,xml docs; homepage,1,,,,,,lib/net20/SMBLibrary.xml,https://github.com/talaloni/smblibrary,,,,https://github.com/TalAloni/SMBLibrary,,https://www.nuget.org/packages/SMBLibrary,
Azure.ResourceManager.Network,1.17.0,6341238.0,readme; xml docs; homepage,1,,,README.md,,,lib/net10.0/Azure.ResourceManager.Network.xml,https://github.com/azure/azure-sdk-for-net,,,,https://github.com/Azure/azure-sdk-for-net/blob/Azure.ResourceManager.Network_1.17.0/sdk/network/Azure.ResourceManager.Network/README.md,,https://www.nuget.org/packages/Azure.ResourceManager.Network,
Avalonia.Fonts.Inter,12.1.2,6330333.0,hand-written site; xml docs; homepage,2,https://avaloniaui.net/?utm_source=nuget&utm_medium=referral&utm_content=project_homepage_link,,,,,lib/net10.0/Avalonia.Fonts.Inter.xml,https://github.com/avaloniaui/avalonia,,,,https://avaloniaui.net/?utm_source=nuget&utm_medium=referral&utm_content=project_homepage_link,,https://www.nuget.org/packages/Avalonia.Fonts.Inter,
Lib.Harmony,2.4.2,6323066.0,readme; xml docs; homepage,1,,,README.md,,,lib/net10.0/0Harmony.xml,https://github.com/pardeike/harmony,,,,https://github.com/pardeike/Harmony,,https://www.nuget.org/packages/Lib.Harmony,
Slapper.AutoMapper,2.0.5,6308846.0,homepage,1,,,,,,,https://github.com/slapperautomapper/slapper.automapper,,,,https://github.com/SlapperAutoMapper/Slapper.AutoMapper,,https://www.nuget.org/packages/Slapper.AutoMapper,
Microsoft.Azure.Management.RecoveryServices.Backup,0.1.2,6261173.0,xml docs; homepage,1,,,,,,lib/portable-net45%2Bwp8%2Bwpa81%2Bwin/Microsoft.Azure.Management.RecoveryServices.Backup.xml,https://github.com/azure/azure-sdk-for-net,,,,https://github.com/Azure/azure-sdk-for-net,,https://www.nuget.org/packages/Microsoft.Azure.Management.RecoveryServices.Backup,
UIAComWrapper,1.1.0.14,6236734.0,homepage,1,,,,,,,https://github.com/jakeginnivan/uiacomwrapper,,,,https://github.com/TestStack/UIAComWrapper,,https://www.nuget.org/packages/UIAComWrapper,
Microsoft.PowerShell.5.ReferenceAssemblies,1.1.0,6212453.0,hand-written site; xml docs; homepage,2,https://msdn.microsoft.com/en-us/mt173057.aspx,,,,,lib/net4/Microsoft.PowerShell.Activities.xml,,,,,https://msdn.microsoft.com/en-us/mt173057.aspx,,https://www.nuget.org/packages/Microsoft.PowerShell.5.ReferenceAssemblies,
Umbraco.Cms.Api.Common,18.1.1,6206719.0,hand-written site; xml docs; homepage,2,https://umbraco.com/,,,,,lib/net10.0/Umbraco.Cms.Api.Common.xml,https://github.com/umbraco/umbraco-cms,,,,https://umbraco.com/,,https://www.nuget.org/packages/Umbraco.Cms.Api.Common,
Microsoft.VisualStudio.ComponentModelHost,17.14.106,6151530.0,xml docs; homepage,1,,,,,,lib/net472/Microsoft.VisualStudio.ComponentModelHost.xml,https://github.com/microsoft/vs-mef,,,,https://github.com/Microsoft/vs-mef,,https://www.nuget.org/packages/Microsoft.VisualStudio.ComponentModelHost,
Microsoft.VisualStudio.Text.UI,17.14.249,6119963.0,hand-written site; xml docs; homepage,2,https://aka.ms/vsextensibility,,,,,lib/net472/Microsoft.VisualStudio.Text.UI.xml,,,,,https://aka.ms/vsextensibility,,https://www.nuget.org/packages/Microsoft.VisualStudio.Text.UI,
Microsoft.VisualStudio.Shell.Interop.9.0,17.14.40260,6119507.0,hand-written site; xml docs; homepage,2,https://aka.ms/vsextensibility,,,,,lib/net20/Microsoft.VisualStudio.Shell.Interop.9.0.xml,,,,,https://aka.ms/vsextensibility,,https://www.nuget.org/packages/Microsoft.VisualStudio.Shell.Interop.9.0,
Microsoft.Orleans.Clustering.AzureStorage,10.3.1,6099884.0,readme; xml docs; homepage,1,,,README.md,,,lib/net10.0/Orleans.Clustering.AzureStorage.xml,https://github.com/dotnet/orleans,,,,https://github.com/dotnet/orleans,,https://www.nuget.org/packages/Microsoft.Orleans.Clustering.AzureStorage,
Xamarin.Google.Dagger,2.60.1,5989142.0,hand-written site; readme; xml docs; homepage,2,https://aka.ms/android-libraries,,readme.md,,,lib/net10.0-android36.0/Xamarin.Google.Dagger.xml,https://github.com/dotnet/android-libraries,,,,https://aka.ms/android-libraries,,https://www.nuget.org/packages/Xamarin.Google.Dagger,
PowerShellStandard.Library,5.1.1,5977722.0,homepage,1,,,,,,,https://github.com/powershell/powershellstandard,,,,https://github.com/PowerShell/PowerShellStandard,,https://www.nuget.org/packages/PowerShellStandard.Library,
Microsoft.Orleans.Clustering.AdoNet,10.3.1,5934751.0,readme; xml docs; homepage,1,,,README.md,,,lib/net10.0/Orleans.Clustering.AdoNet.xml,https://github.com/dotnet/orleans,,,,https://github.com/dotnet/orleans,,https://www.nuget.org/packages/Microsoft.Orleans.Clustering.AdoNet,
Google.Cloud.Kms.V1,3.26.0,5934605.0,xml docs; homepage,1,,,,,,lib/net462/Google.Cloud.Kms.V1.xml,https://github.com/googleapis/google-cloud-dotnet,,,,https://github.com/googleapis/google-cloud-dotnet,,https://www.nuget.org/packages/Google.Cloud.Kms.V1,
CsvTextFieldParser,1.2.2,5928650.0,xml docs; homepage,1,,,,,,lib/netstandard2.0/CsvTextFieldParser.xml,https://github.com/22222/csvtextfieldparser,,,,https://github.com/22222/CsvTextFieldParser,,https://www.nuget.org/packages/CsvTextFieldParser,
Azure.Provisioning.Storage,1.1.2,5926799.0,readme; xml docs; homepage,1,,,README.md,,,lib/net8.0/Azure.Provisioning.Storage.xml,https://github.com/azure/azure-sdk-for-net,,,,https://github.com/Azure/azure-sdk-for-net/blob/Azure.Provisioning.Storage_1.1.2/sdk/provisioning/Azure.Provisioning.Storage/README.md,,https://www.nuget.org/packages/Azure.Provisioning.Storage,
Aspire.Hosting.Azure.Storage,13.5.3,5917957.0,readme; xml docs; homepage,1,,,README.md,,,lib/net8.0/Aspire.Hosting.Azure.Storage.xml,https://github.com/microsoft/aspire,,,,https://github.com/microsoft/aspire,,https://www.nuget.org/packages/Aspire.Hosting.Azure.Storage,
SQLitePCLRaw.bundle_e_sqlcipher,2.1.11,5863495.0,xml docs,0,,,,,,lib/net6.0-android31.0/SQLitePCLRaw.batteries_v2.xml,https://github.com/ericsink/sqlitepcl.raw,,,,,,https://www.nuget.org/packages/SQLitePCLRaw.bundle_e_sqlcipher,
Microsoft.AspNetCore.App.Runtime.linux-arm,10.0.12,5862993.0,hand-written site; homepage,2,https://asp.net/,,,,,,https://github.com/dotnet/dotnet,,,,https://asp.net/,,https://www.nuget.org/packages/Microsoft.AspNetCore.App.Runtime.linux-arm,
ClientDependency-Mvc5,1.9.3,5784295.0,homepage,1,,,,,,,https://github.com/shandem/clientdependency,,,,https://github.com/Shandem/ClientDependency,,https://www.nuget.org/packages/ClientDependency-Mvc5,
Avalonia.Themes.Simple,12.1.2,5767566.0,hand-written site; xml docs; homepage,2,https://avaloniaui.net/?utm_source=nuget&utm_medium=referral&utm_content=project_homepage_link,,,,,lib/net10.0/Avalonia.Themes.Simple.xml,https://github.com/avaloniaui/avalonia,,,,https://avaloniaui.net/?utm_source=nuget&utm_medium=referral&utm_content=project_homepage_link,,https://www.nuget.org/packages/Avalonia.Themes.Simple,
Microsoft.VisualStudio.Text.UI.Wpf,17.14.249,5762831.0,hand-written site; xml docs; homepage,2,https://aka.ms/vsextensibility,,,,,lib/net472/Microsoft.VisualStudio.Text.UI.Wpf.xml,,,,,https://aka.ms/vsextensibility,,https://www.nuget.org/packages/Microsoft.VisualStudio.Text.UI.Wpf,
Caliburn.Micro,5.0.258,5751003.0,hand-written site; xml docs; homepage,2,http://caliburnmicro.com/,,,,,lib/net462/Caliburn.Micro.Platform.Core.xml,https://github.com/caliburn-micro/caliburn.micro,,,,http://caliburnmicro.com/,,https://www.nuget.org/packages/Caliburn.Micro,
Microsoft.NETCore.App.Runtime.linux-arm,10.0.12,5715334.0,hand-written site; homepage,2,https://dot.net/,,,,,,https://github.com/dotnet/dotnet,,,,https://dot.net/,,https://www.nuget.org/packages/Microsoft.NETCore.App.Runtime.linux-arm,
Microsoft.DiaSymReader.PortablePdb,1.6.0,5659553.0,xml docs; homepage,1,,,,,,lib/netstandard1.1/Microsoft.DiaSymReader.PortablePdb.xml,https://github.com/dotnet/symreader-portable,,,,https://github.com/dotnet/symreader-portable,,https://www.nuget.org/packages/Microsoft.DiaSymReader.PortablePdb,
Microsoft.Data.SqlClient.Extensions.Azure,7.0.2,5651214.0,hand-written site; readme; xml docs; homepage,2,https://aka.ms/sqlclientproject,,README.md,,,lib/net462/Microsoft.Data.SqlClient.Extensions.Azure.xml,https://github.com/dotnet/sqlclient,,,,https://aka.ms/sqlclientproject,,https://www.nuget.org/packages/Microsoft.Data.SqlClient.Extensions.Azure,
Volo.Abp.EntityFrameworkCore.SqlServer,10.6.0,5647965.0,hand-written site; xml docs; homepage,2,https://abp.io/,,,,,lib/net10.0/Volo.Abp.EntityFrameworkCore.SqlServer.xml,https://github.com/abpframework/abp,,,,https://abp.io/,,https://www.nuget.org/packages/Volo.Abp.EntityFrameworkCore.SqlServer,
ImGui.NET,1.91.6.1,5645065.0,xml docs; homepage,1,,,,,,lib/net6.0/ImGui.NET.xml,https://github.com/mellinoe/imgui.net,,,,https://github.com/mellinoe/imgui.net,,https://www.nuget.org/packages/ImGui.NET,
ScottPlot,5.1.59,5642580.0,hand-written site; readme; xml docs; homepage,2,https://scottplot.net/,,readme.md,,,lib/net10.0/ScottPlot.xml,https://github.com/scottplot/scottplot,,,,https://scottplot.net/,,https://www.nuget.org/packages/ScottPlot,
Docnet.Core,2.6.0,5635035.0,xml docs; homepage,1,,,,,,lib/netstandard2.0/Docnet.Core.xml,https://github.com/gowengit/docnet,,,,https://github.com/GowenGit/docnet,,https://www.nuget.org/packages/Docnet.Core,
Unidecode.NET,2.2.1,5602518.0,readme; xml docs; homepage,1,,,README.md,,,lib/net7.0/Unidecode.NET.xml,https://github.com/thecoderok/unidecode.net,,,,https://github.com/thecoderok/Unidecode.NET,,https://www.nuget.org/packages/Unidecode.NET,
Ardalis.ApiEndpoints,4.1.0,5593772.0,homepage,1,,,,,,,https://github.com/ardalis/apiendpoints,,,,https://github.com/ardalis/ApiEndpoints,,https://www.nuget.org/packages/Ardalis.ApiEndpoints,
NeoLua,1.3.19,5583836.0,xml docs; homepage,1,,,,,,lib/net451/Neo.Lua.xml,https://github.com/neolithos/neolua,,,,https://github.com/neolithos/neolua/,,https://www.nuget.org/packages/NeoLua,
BTProgressHUD,2.3.1,5552039.0,readme; xml docs; homepage,1,,,README.md,,,lib/net10.0-ios26.0/BTProgressHUD.xml,https://github.com/redth-org/btprogresshud,,,,https://github.com/redth-org/BTProgressHUD,,https://www.nuget.org/packages/BTProgressHUD,
Azure.Communication.Common,1.4.1,5532615.0,readme; xml docs; homepage,1,,,README.md,,,lib/net10.0/Azure.Communication.Common.xml,https://github.com/azure/azure-sdk-for-net,,,,https://github.com/Azure/azure-sdk-for-net/blob/Azure.Communication.Common_1.4.1/sdk/communication/Azure.Communication.Common/README.md,,https://www.nuget.org/packages/Azure.Communication.Common,
Microsoft.NETCore.App.Host.linux-arm,10.0.12,5523074.0,hand-written site; homepage,2,https://dot.net/,,,,,,https://github.com/dotnet/dotnet,,,,https://dot.net/,,https://www.nuget.org/packages/Microsoft.NETCore.App.Host.linux-arm,
Net.Codecrete.QrCodeGenerator,3.2.1,5522898.0,readme; xml docs; homepage,1,,,README.md,,,lib/net6.0/QrCodeGenerator.xml,https://github.com/manuelbl/qrcodegenerator,,,,https://github.com/manuelbl/QrCodeGenerator,,https://www.nuget.org/packages/Net.Codecrete.QrCodeGenerator,
EntityFramework.DynamicFilters,3.2.4,5509718.0,xml docs; homepage,1,,,,,,lib/net40/EntityFramework.DynamicFilters.xml,https://github.com/zzzprojects/entityframework.dynamicfilters,,,,https://github.com/zzzprojects/EntityFramework.DynamicFilters,,https://www.nuget.org/packages/EntityFramework.DynamicFilters,
SkiaSharp.Views.Desktop.Common,4.152.0,5503206.0,hand-written site; readme; homepage,2,https://go.microsoft.com/fwlink/?linkid=868515,,README.md,,,,,,,,https://go.microsoft.com/fwlink/?linkid=868515,,https://www.nuget.org/packages/SkiaSharp.Views.Desktop.Common,
Ude.NetStandard,1.2.0,5471736.0,homepage,1,,,,,,,https://github.com/yinyue200/ude,,,,https://github.com/yinyue200/ude,,https://www.nuget.org/packages/Ude.NetStandard,
Azure.ResourceManager.CosmosDB,1.5.0,5470189.0,readme; xml docs; homepage,1,,,README.md,,,lib/net10.0/Azure.ResourceManager.CosmosDB.xml,https://github.com/azure/azure-sdk-for-net,,,,https://github.com/Azure/azure-sdk-for-net/blob/Azure.ResourceManager.CosmosDB_1.5.0/sdk/cosmosdb/Azure.ResourceManager.CosmosDB/README.md,,https://www.nuget.org/packages/Azure.ResourceManager.CosmosDB,
Avalonia.ReactiveUI,11.3.9,5443140.0,hand-written site; xml docs; homepage,2,https://avaloniaui.net/?utm_source=nuget&utm_medium=referral&utm_content=project_homepage_link,,,,,lib/net6.0/Avalonia.ReactiveUI.xml,https://github.com/avaloniaui/avalonia,,,,https://avaloniaui.net/?utm_source=nuget&utm_medium=referral&utm_content=project_homepage_link,,https://www.nuget.org/packages/Avalonia.ReactiveUI,
Microsoft.Orleans.Hosting.Kubernetes,10.3.1,5407467.0,xml docs; homepage,1,,,,,,lib/net10.0/Orleans.Hosting.Kubernetes.xml,https://github.com/dotnet/orleans,,,,https://github.com/dotnet/orleans,,https://www.nuget.org/packages/Microsoft.Orleans.Hosting.Kubernetes,
Ecng.ComponentModel,1.0.466,5380010.0,hand-written site; readme; xml docs; homepage,2,https://stocksharp.com/,,README.md,,,lib/net10.0/Ecng.ComponentModel.xml,https://github.com/stocksharp/ecng,,,,https://stocksharp.com/,,https://www.nuget.org/packages/Ecng.ComponentModel,
CloneExtensions,1.4.2,5369883.0,homepage,1,,,,,,,https://github.com/marcinjuraszek/cloneextensions,,,,https://github.com/MarcinJuraszek/CloneExtensions,,https://www.nuget.org/packages/CloneExtensions,
Square.OkHttp3,5.5.0,5335812.0,hand-written site; readme; xml docs; homepage,2,https://aka.ms/android-libraries,,readme.md,,,lib/net10.0-android36.0/Square.OkHttp3.xml,https://github.com/dotnet/android-libraries,,,,https://aka.ms/android-libraries,,https://www.nuget.org/packages/Square.OkHttp3,
Microsoft.AspNet.SignalR.SqlServer,2.4.3,5333420.0,hand-written site; xml docs; homepage,2,https://www.asp.net/signalr,,,,,lib/net45/Microsoft.AspNet.SignalR.SqlServer.xml,https://github.com/signalr/signalr,,,,https://www.asp.net/signalr,,https://www.nuget.org/packages/Microsoft.AspNet.SignalR.SqlServer,
Azure.Containers.ContainerRegistry,1.3.0,5326972.0,readme; xml docs; homepage,1,,,README.md,,,lib/net10.0/Azure.Containers.ContainerRegistry.xml,https://github.com/azure/azure-sdk-for-net,,,,https://github.com/Azure/azure-sdk-for-net/blob/Azure.Containers.ContainerRegistry_1.3.0/sdk/containerregistry/Azure.Containers.ContainerRegistry/README.md,,https://www.nuget.org/packages/Azure.Containers.ContainerRegistry,
Microsoft.Owin.Security.Interop,2.3.13,5286898.0,hand-written site; xml docs; homepage,2,https://asp.net/,,,,,lib/net462/Microsoft.Owin.Security.Interop.xml,https://github.com/dotnet/aspnetcore,,,,https://asp.net/,,https://www.nuget.org/packages/Microsoft.Owin.Security.Interop,
Microsoft.ML.FastTree,5.0.0,5252148.0,hand-written site; xml docs; homepage,2,https://dot.net/ml,,,,,lib/netstandard2.0/Microsoft.ML.FastTree.xml,https://github.com/dotnet/machinelearning,,,,https://dot.net/ml,,https://www.nuget.org/packages/Microsoft.ML.FastTree,
Microsoft.Toolkit.Uwp.Notifications,7.1.3,5248168.0,xml docs; homepage,1,,,,,,lib/net461/Microsoft.Toolkit.Uwp.Notifications.xml,https://github.com/communitytoolkit/windowscommunitytoolkit,,,,https://github.com/CommunityToolkit/WindowsCommunityToolkit,,https://www.nuget.org/packages/Microsoft.Toolkit.Uwp.Notifications,
Veldrid,4.9.0,5235092.0,xml docs,0,,,,,,lib/net6.0/Veldrid.xml,https://github.com/mellinoe/veldrid,,,,,,https://www.nuget.org/packages/Veldrid,
TUnit,1.66.27,5220528.0,readme; xml docs; homepage,1,,,README.md,,,lib/net10.0/TUnit.xml,https://github.com/thomhurst/tunit,,,,https://github.com/thomhurst/TUnit,,https://www.nuget.org/packages/TUnit,
chromiumembeddedframework.runtime.win-x64,151.3.24,5214101.0,readme; homepage,1,,,README.txt,,,,https://github.com/cefsharp/cef-binary,,,,https://github.com/cefsharp/cef-binary,,https://www.nuget.org/packages/chromiumembeddedframework.runtime.win-x64,
WixToolset.Dtf.WindowsInstaller,7.0.0,5194354.0,readme; xml docs,0,,,README.md,,,lib/net20/WixToolset.Dtf.WindowsInstaller.xml,https://github.com/wixtoolset/wix,,,,,,https://www.nuget.org/packages/WixToolset.Dtf.WindowsInstaller,
Microsoft.AspNet.SignalR.Redis,2.4.3,5137216.0,hand-written site; xml docs; homepage,2,https://www.asp.net/signalr,,,,,lib/net45/Microsoft.AspNet.SignalR.Redis.xml,https://github.com/signalr/signalr,,,,https://www.asp.net/signalr,,https://www.nuget.org/packages/Microsoft.AspNet.SignalR.Redis,
OpenTK.GLControl,4.0.2,5103180.0,homepage,1,,,,,,,https://github.com/opentk/glcontrol,,,,https://github.com/opentk/GLControl,,https://www.nuget.org/packages/OpenTK.GLControl,
PublicApiGenerator,11.5.4,5090378.0,readme; xml docs,0,,,README.md,,,lib/netstandard2.0/PublicApiGenerator.xml,https://github.com/publicapigenerator/publicapigenerator,,,,,,https://www.nuget.org/packages/PublicApiGenerator,
CefSharp.Wpf,151.3.240,5090157.0,readme; xml docs; homepage,1,,,Readme.txt,,,lib/net462/CefSharp.Wpf.XML,https://github.com/cefsharp/cefsharp,,,,https://github.com/cefsharp/CefSharp,,https://www.nuget.org/packages/CefSharp.Wpf,
fo-dicom,5.2.6,5084841.0,readme; xml docs; homepage,1,,,READMENuget.md,,,lib/netstandard2.0/FO-DICOM.Core.xml,https://github.com/fo-dicom/fo-dicom,,,,https://github.com/fo-dicom/fo-dicom,,https://www.nuget.org/packages/fo-dicom,
Realm,20.1.0,5079178.0,xml docs; homepage,1,,,,,,lib/net6.0/Realm.xml,https://github.com/realm/realm-dotnet,,,,https://github.com/realm/realm-dotnet,,https://www.nuget.org/packages/Realm,
CefSharp.WinForms,151.3.240,5063194.0,readme; xml docs; homepage,1,,,Readme.txt,,,lib/net462/CefSharp.WinForms.XML,https://github.com/cefsharp/cefsharp,,,,https://github.com/cefsharp/CefSharp,,https://www.nuget.org/packages/CefSharp.WinForms,
Microsoft.VisualStudio.Editor,17.14.249,5050083.0,hand-written site; xml docs; homepage,2,https://aka.ms/vsextensibility,,,,,lib/net472/Microsoft.VisualStudio.Editor.xml,,,,,https://aka.ms/vsextensibility,,https://www.nuget.org/packages/Microsoft.VisualStudio.Editor,
PowerArgs,4.0.3,5023149.0,readme; homepage,1,,,readme.md,,,,https://github.com/adamabdelhamed/powerargs,,,,https://github.com/adamabdelhamed/powerargs,,https://www.nuget.org/packages/PowerArgs,
Dapr.Actors,1.18.5,5022646.0,hand-written site; xml docs; homepage,2,https://dapr.io/,,,,,lib/net10.0/Dapr.Actors.xml,https://github.com/dapr/dotnet-sdk,,,,https://dapr.io/,,https://www.nuget.org/packages/Dapr.Actors,
Microsoft.AspNetCore.Components.QuickGrid,10.0.12,5008593.0,hand-written site; xml docs; homepage,2,https://asp.net/,,,,,lib/net10.0/Microsoft.AspNetCore.Components.QuickGrid.xml,https://github.com/dotnet/aspnetcore,,,,https://asp.net/,,https://www.nuget.org/packages/Microsoft.AspNetCore.Components.QuickGrid,
Linguini.Bundle,0.11.0,5002502.0,readme; xml docs; homepage,1,,,README.md,,,lib/net6.0/Linguini.Bundle.xml,https://github.com/ygg01/linguini,,,,https://github.com/Ygg01/Linguini,,https://www.nuget.org/packages/Linguini.Bundle,
Microsoft.VisualStudio.RpcContracts,17.14.20,4984709.0,hand-written site; xml docs; homepage,2,https://aka.ms/vsextensibility,,,,,lib/net8.0/Microsoft.VisualStudio.RpcContracts.xml,,,,,https://aka.ms/vsextensibility,,https://www.nuget.org/packages/Microsoft.VisualStudio.RpcContracts,
ICSharpCode.Decompiler,11.0.0.9375,4983441.0,xml docs; homepage,1,,,,,,lib/netstandard2.0/ICSharpCode.Decompiler.xml,https://github.com/icsharpcode/ilspy,,,,https://github.com/icsharpcode/ILSpy/,,https://www.nuget.org/packages/ICSharpCode.Decompiler,
Ecng.Configuration,1.0.277,4976006.0,hand-written site; readme; xml docs; homepage,2,https://stocksharp.com/,,README.md,,,lib/net10.0/Ecng.Configuration.xml,https://github.com/stocksharp/ecng,,,,https://stocksharp.com/,,https://www.nuget.org/packages/Ecng.Configuration,
Xamarin.CommunityToolkit,2.0.6,4950375.0,xml docs; homepage,1,,,,,,lib/monoandroid10.0/Xamarin.CommunityToolkit.xml,https://github.com/xamarin/xamarincommunitytoolkit,,,,https://github.com/xamarin/XamarinCommunityToolkit,,https://www.nuget.org/packages/Xamarin.CommunityToolkit,
Flurl.Http.Signed,4.0.2,4925446.0,readme; xml docs; homepage,1,,,README.md,,,lib/net461/Flurl.Http.xml,https://github.com/tmenier/flurl,,,,https://github.com/ellenfieldn/Flurl.Signed,,https://www.nuget.org/packages/Flurl.Http.Signed,
Volo.Abp.TestBase,10.6.0,4917904.0,hand-written site; xml docs; homepage,2,https://abp.io/,,,,,lib/net10.0/Volo.Abp.TestBase.xml,https://github.com/abpframework/abp,,,,https://abp.io/,,https://www.nuget.org/packages/Volo.Abp.TestBase,
Microsoft.VisualStudio.Language.Intellisense,17.14.249,4878491.0,hand-written site; xml docs; homepage,2,https://aka.ms/vsextensibility,,,,,lib/net472/Microsoft.VisualStudio.Language.Intellisense.xml,,,,,https://aka.ms/vsextensibility,,https://www.nuget.org/packages/Microsoft.VisualStudio.Language.Intellisense,
Robust.Shared.AuthLib,0.1.2,4874249.0,,0,,,,,,,https://github.com/space-wizards/robust.shared.authlib,,,,,,https://www.nuget.org/packages/Robust.Shared.AuthLib,
chromiumembeddedframework.runtime.win-x86,151.3.24,4839979.0,readme; homepage,1,,,README.txt,,,,https://github.com/cefsharp/cef-binary,,,,https://github.com/cefsharp/cef-binary,,https://www.nuget.org/packages/chromiumembeddedframework.runtime.win-x86,
Xamarin.AndroidX.MediaRouter,1.8.1.4,4824743.0,hand-written site; readme; xml docs; homepage,2,https://aka.ms/android-libraries,,readme.md,,,lib/net9.0-android35.0/Xamarin.AndroidX.MediaRouter.xml,https://github.com/dotnet/android-libraries,,,,https://aka.ms/android-libraries,,https://www.nuget.org/packages/Xamarin.AndroidX.MediaRouter,
MathParser.org-mXparser,6.1.1,4769103.0,hand-written site; readme; homepage,2,https://mathparser.org/,,README.txt,,,,https://github.com/mariuszgromada/mathparser.org-mxparser,,,,https://mathparser.org/,,https://www.nuget.org/packages/MathParser.org-mXparser,
SQLitePCLRaw.provider.sqlite3,3.0.5,4733854.0,,0,,,,,,,https://github.com/ericsink/sqlitepcl.raw,,,,,,https://www.nuget.org/packages/SQLitePCLRaw.provider.sqlite3,
xunit.v3.mtp-v2,4.0.0,4732301.0,readme,0,,,_content/README.md,,,,https://github.com/xunit/xunit,,,,,,https://www.nuget.org/packages/xunit.v3.mtp-v2,
PCLStorage,1.0.2,4706791.0,xml docs; homepage,1,,,,,,lib/portable-net45%2Bsl5%2Bwp8%2Bwpa81%2Bwin8%2Bmonoandroid%2Bmonotouch%2BXamarin.iOS%2BXamarin.Mac/PCLStorage.xml,https://github.com/dsplaisted/pclstorage,,,,https://github.com/dsplaisted/PCLStorage,,https://www.nuget.org/packages/PCLStorage,
Hyperion,0.12.2,4656860.0,homepage,1,,,,,,,https://github.com/akkadotnet/hyperion,,,,https://github.com/akkadotnet/Hyperion,,https://www.nuget.org/packages/Hyperion,
Veldrid.SPIRV,1.0.15,4656058.0,xml docs,0,,,,,,lib/netstandard2.0/Veldrid.SPIRV.xml,https://github.com/mellinoe/veldrid-spirv,,,,,,https://www.nuget.org/packages/Veldrid.SPIRV,
xunit.runner.msbuild,2.9.3,4640546.0,readme,0,,,_content/README.md,,,,https://github.com/xunit/xunit,,,,,,https://www.nuget.org/packages/xunit.runner.msbuild,
NCalc,7.1.0,4626866.0,readme; homepage,1,,,README.md,,,,https://github.com/ncalc/ncalc,,,,https://github.com/ncalc/ncalc,,https://www.nuget.org/packages/NCalc,
Senparc.CO2NET,4.2.0,4626165.0,xml docs; homepage,1,,,,,,lib/net462/Senparc.CO2NET.xml,https://github.com/senparc/senparc.co2net,,,,https://github.com/Senparc/Senparc.CO2NET,,https://www.nuget.org/packages/Senparc.CO2NET,
Microsoft.Azure.Management.Authorization,2.0.1,4588350.0,xml docs; homepage,1,,,,,,lib/portable-net45%2Bwp8%2Bwpa81%2Bwin/Microsoft.Azure.Management.Authorization.xml,https://github.com/azure/azure-sdk-for-net,,,,https://github.com/Azure/azure-sdk-for-net,,https://www.nuget.org/packages/Microsoft.Azure.Management.Authorization,
Microsoft.AspNetCore.SystemWebAdapters.CoreServices,2.3.0,4587352.0,readme; homepage,1,,,README.md,,,,https://github.com/dotnet/systemweb-adapters,,,,https://github.com/dotnet/systemweb-adapters,,https://www.nuget.org/packages/Microsoft.AspNetCore.SystemWebAdapters.CoreServices,
Microsoft.Orleans.Streaming,10.3.1,4572093.0,xml docs; homepage,1,,,,,,lib/net10.0/Orleans.Streaming.xml,https://github.com/dotnet/orleans,,,,https://github.com/dotnet/orleans,,https://www.nuget.org/packages/Microsoft.Orleans.Streaming,
Finbuckle.MultiTenant.EntityFrameworkCore,10.1.3,4556732.0,hand-written site; xml docs; homepage,2,https://www.finbuckle.com/MultiTenant,,,,,lib/net10.0/Finbuckle.MultiTenant.EntityFrameworkCore.xml,https://github.com/finbuckle/finbuckle.multitenant,,,,https://www.finbuckle.com/MultiTenant,,https://www.nuget.org/packages/Finbuckle.MultiTenant.EntityFrameworkCore,
VSLangProj,17.14.40260,4544289.0,hand-written site; xml docs; homepage,2,https://aka.ms/vsextensibility,,,,,lib/net20/VSLangProj.xml,,,,,https://aka.ms/vsextensibility,,https://www.nuget.org/packages/VSLangProj,
Ecng.Net,1.0.541,4526340.0,hand-written site; readme; xml docs; homepage,2,https://stocksharp.com/,,README.md,,,lib/net10.0/Ecng.Net.xml,https://github.com/stocksharp/ecng,,,,https://stocksharp.com/,,https://www.nuget.org/packages/Ecng.Net,
Cake.Frosting,6.2.0,4517857.0,hand-written site; xml docs; homepage,2,https://cakebuild.net/,,,,,lib/net10.0/Cake.Frosting.xml,https://github.com/cake-build/cake,,,,https://cakebuild.net/,,https://www.nuget.org/packages/Cake.Frosting,
Elsa,3.8.0,4513501.0,xml docs; homepage,1,,,,,,lib/net10.0/Elsa.xml,https://github.com/elsa-workflows/elsa-core,,,,https://github.com/elsa-workflows/elsa-core,,https://www.nuget.org/packages/Elsa,
Azure.Communication.Sms,1.0.2,4512449.0,readme; xml docs; homepage,1,,,README.md,,,lib/net8.0/Azure.Communication.Sms.xml,https://github.com/azure/azure-sdk-for-net,,,,https://github.com/Azure/azure-sdk-for-net/blob/Azure.Communication.Sms_1.0.2/sdk/communication/Azure.Communication.Sms/README.md,,https://www.nuget.org/packages/Azure.Communication.Sms,
jquery.cookie,1.4.1,4493092.0,hand-written site; homepage,2,http://plugins.jquery.com/cookie/,,,,,,,,,,http://plugins.jquery.com/cookie/,,https://www.nuget.org/packages/jquery.cookie,
Microsoft.Windows.SDK.Win32Metadata,71.0.26-preview,4442698.0,homepage,1,,,,,,,https://github.com/microsoft/win32metadata,,,,https://github.com/microsoft/win32metadata,,https://www.nuget.org/packages/Microsoft.Windows.SDK.Win32Metadata,
Carter,10.0.0,4432947.0,readme; homepage,1,,,README.md,,,,https://github.com/cartercommunity/carter,,,,https://github.com/CarterCommunity/Carter,,https://www.nuget.org/packages/Carter,
Verify.XunitV3,32.0.0,4417152.0,xml docs; homepage,1,,,,,,lib/net10.0/Verify.XunitV3.xml,https://github.com/verifytests/verify,,,,https://github.com/VerifyTests/Verify,,https://www.nuget.org/packages/Verify.XunitV3,
Microsoft.Orleans.TestingHost,10.3.1,4409498.0,xml docs; homepage,1,,,,,,lib/net10.0/Orleans.TestingHost.xml,https://github.com/dotnet/orleans,,,,https://github.com/dotnet/orleans,,https://www.nuget.org/packages/Microsoft.Orleans.TestingHost,
Microsoft.Azure.Management.Compute,61.0.0,4388082.0,xml docs; homepage,1,,,,,,lib/net452/Microsoft.Azure.Management.Compute.xml,https://github.com/azure/azure-sdk-for-net,,,,https://github.com/Azure/azure-sdk-for-net,,https://www.nuget.org/packages/Microsoft.Azure.Management.Compute,
Microsoft.VisualStudio.Language.StandardClassification,17.14.249,4386851.0,hand-written site; xml docs; homepage,2,https://aka.ms/vsextensibility,,,,,lib/net472/Microsoft.VisualStudio.Language.StandardClassification.xml,,,,,https://aka.ms/vsextensibility,,https://www.nuget.org/packages/Microsoft.VisualStudio.Language.StandardClassification,
NDesk.Options,0.2.1,4371168.0,,0,,,,,,,,,,,,,https://www.nuget.org/packages/NDesk.Options,
Xamarin.AndroidX.Biometric,1.1.0.33,4359209.0,hand-written site; readme; xml docs; homepage,2,https://aka.ms/android-libraries,,readme.md,,,lib/net9.0-android35.0/Xamarin.AndroidX.Biometric.xml,https://github.com/dotnet/android-libraries,,,,https://aka.ms/android-libraries,,https://www.nuget.org/packages/Xamarin.AndroidX.Biometric,
XamlAnimatedGif,2.3.2,4345844.0,homepage,1,,,,,,,https://github.com/xamlanimatedgif/xamlanimatedgif,,,,https://github.com/XamlAnimatedGif/XamlAnimatedGif,,https://www.nuget.org/packages/XamlAnimatedGif,
CSharpier.MsBuild,1.3.0,4330464.0,readme,0,,,README.md,,,,https://github.com/belav/csharpier,,,,,,https://www.nuget.org/packages/CSharpier.MsBuild,
ini-parser,3.4.0,4312080.0,xml docs; homepage,1,,,,,,lib/net20/INIFileParser.xml,https://github.com/rickyah/ini-parser,,,,https://github.com/rickyah/ini-parser,,https://www.nuget.org/packages/ini-parser,
Volo.Abp.Identity.Application,10.6.0,4311813.0,hand-written site; xml docs; homepage,2,https://abp.io/,,,,,lib/net10.0/Volo.Abp.Identity.Application.xml,https://github.com/abpframework/abp,,,,https://abp.io/,,https://www.nuget.org/packages/Volo.Abp.Identity.Application,
SQLitePCLRaw.provider.sqlite3.ios_unified,1.1.14,4277989.0,homepage,1,,,,,,,https://github.com/ericsink/sqlitepcl.raw,,,,https://github.com/ericsink/SQLitePCL.raw,,https://www.nuget.org/packages/SQLitePCLRaw.provider.sqlite3.ios_unified,
FlaUI.UIA3,5.0.0,4272186.0,xml docs; homepage,1,,,,,,lib/net48/FlaUI.UIA3.xml,https://github.com/flaui/flaui,,,,https://github.com/FlaUI/FlaUI,,https://www.nuget.org/packages/FlaUI.UIA3,
Xunit.StaFact,4.0.23,4265345.0,hand-written site; readme; xml docs; homepage,2,https://aarnott.github.io/Xunit.StaFact/,,README.md,,,lib/net472/Xunit.StaFact.xml,https://github.com/aarnott/xunit.stafact,,,,https://aarnott.github.io/Xunit.StaFact/,,https://www.nuget.org/packages/Xunit.StaFact,
Antlr4BuildTasks,12.14.0,4257015.0,homepage,1,,,,,,,https://github.com/kaby76/antlr4buildtasks,,,,https://github.com/kaby76/Antlr4BuildTasks,,https://www.nuget.org/packages/Antlr4BuildTasks,
OxyPlot.Wpf,2014.1.546,4248512.0,hand-written site; readme; xml docs; homepage,2,http://oxyplot.org/,,README.md,,,lib/net45/OxyPlot.Wpf.XML,,,,,http://oxyplot.org/,,https://www.nuget.org/packages/OxyPlot.Wpf,
OpenCvSharp4.Extensions,4.13.0.20260627,4219246.0,readme; xml docs; homepage,1,,,README.managed.md,,,lib/net8.0/OpenCvSharp.Extensions.xml,https://github.com/shimat/opencvsharp,,,,https://github.com/shimat/opencvsharp,,https://www.nuget.org/packages/OpenCvSharp4.Extensions,
Pgvector.EntityFrameworkCore,0.3.0,4218030.0,readme; homepage,1,,,README.md,,,,https://github.com/pgvector/pgvector-dotnet,,,,https://github.com/pgvector/pgvector-dotnet,,https://www.nuget.org/packages/Pgvector.EntityFrameworkCore,
Microsoft.ServiceHub.Client,4.1.3102,4215046.0,hand-written site; xml docs; homepage,2,https://aka.ms/vsextensibility,,,,,lib/net472/Microsoft.ServiceHub.Client.xml,,,,,https://aka.ms/vsextensibility,,https://www.nuget.org/packages/Microsoft.ServiceHub.Client,
Dapr.Actors.AspNetCore,1.18.5,4204257.0,hand-written site; xml docs; homepage,2,https://dapr.io/,,,,,lib/net10.0/Dapr.Actors.AspNetCore.xml,https://github.com/dapr/dotnet-sdk,,,,https://dapr.io/,,https://www.nuget.org/packages/Dapr.Actors.AspNetCore,
NLog.Targets.Syslog,7.0.0,4191414.0,xml docs; homepage,1,,,,,,lib/net6.0/NLog.Targets.Syslog.xml,https://github.com/luigiberrettini/nlog.targets.syslog,,,,https://github.com/luigiberrettini/NLog.Targets.Syslog,,https://www.nuget.org/packages/NLog.Targets.Syslog,
Azure.Messaging.WebPubSub,1.6.0,4190107.0,readme; xml docs; homepage,1,,,README.md,,,lib/net8.0/Azure.Messaging.WebPubSub.xml,https://github.com/azure/azure-sdk-for-net,,,,https://github.com/Azure/azure-sdk-for-net/blob/Azure.Messaging.WebPubSub_1.6.0/sdk/webpubsub/Azure.Messaging.WebPubSub/README.md,,https://www.nuget.org/packages/Azure.Messaging.WebPubSub,
NLipsum,1.1.0,4183367.0,xml docs; homepage,1,,,,,,lib/net20/NLipsum.Core.XML,https://github.com/alexcpendleton/nlipsum,,,,https://github.com/alexcpendleton/NLipsum,,https://www.nuget.org/packages/NLipsum,
TagLibSharp,2.3.0,4170017.0,xml docs; homepage,1,,,,,,lib/net462/TaglibSharp.xml,https://github.com/mono/taglib-sharp,,,,https://github.com/mono/taglib-sharp,,https://www.nuget.org/packages/TagLibSharp,
Microsoft.Windows.ImplementationLibrary,1.0.260126.7,4158974.0,homepage,1,,,,,,,https://github.com/microsoft/wil,,,,https://github.com/Microsoft/wil,,https://www.nuget.org/packages/Microsoft.Windows.ImplementationLibrary,
Diacritics,4.1.8,4157791.0,readme; xml docs; homepage,1,,,README.md,,,lib/net48/Diacritics.xml,https://github.com/thomasgalliker/diacritics.net,,,,https://github.com/thomasgalliker/Diacritics.NET,,https://www.nuget.org/packages/Diacritics,
Microsoft.Azure.DataLake.Store,2.0.3,4150723.0,xml docs; homepage,1,,,,,,lib/netstandard2.0/Microsoft.Azure.DataLake.Store.xml,https://github.com/azure/azure-data-lake-store-net,,,,https://github.com/azure/azure-data-lake-store-net,,https://www.nuget.org/packages/Microsoft.Azure.DataLake.Store,
Testcontainers.LocalStack,4.15.0,4117647.0,hand-written site; readme; xml docs; homepage,2,https://dotnet.testcontainers.org/,,README.md,,,lib/net10.0/Testcontainers.LocalStack.xml,https://github.com/testcontainers/testcontainers-dotnet,,,,https://dotnet.testcontainers.org/,,https://www.nuget.org/packages/Testcontainers.LocalStack,
Xamarin.AndroidX.Camera.Camera2,1.6.1.1,4116416.0,hand-written site; readme; xml docs; homepage,2,https://aka.ms/android-libraries,,readme.md,,,lib/net9.0-android35.0/Xamarin.AndroidX.Camera.Camera2.xml,https://github.com/dotnet/android-libraries,,,,https://aka.ms/android-libraries,,https://www.nuget.org/packages/Xamarin.AndroidX.Camera.Camera2,
Mono.Posix,5.4.0.201,4097784.0,,0,,,,,,,https://github.com/mono/mono,,,,,,https://www.nuget.org/packages/Mono.Posix,
SkiaSharp.Extended,3.0.0,4082181.0,hand-written site; readme; homepage,2,https://go.microsoft.com/fwlink/?linkid=2071915,,README.md,,,,,,,,https://go.microsoft.com/fwlink/?linkid=2071915,,https://www.nuget.org/packages/SkiaSharp.Extended,
Microsoft.Azure.Batch,16.3.1,4068734.0,readme; xml docs; homepage,1,,,README.md,,,lib/net452/Microsoft.Azure.Batch.xml,https://github.com/azure/azure-sdk-for-net,,,,https://github.com/Azure/azure-sdk-for-net/blob/Microsoft.Azure.Batch_16.3.1/sdk/batch/Microsoft.Azure.Batch/README.md,,https://www.nuget.org/packages/Microsoft.Azure.Batch,
Xamarin.AndroidX.Camera.Lifecycle,1.6.1.1,4054061.0,hand-written site; readme; xml docs; homepage,2,https://aka.ms/android-libraries,,readme.md,,,lib/net9.0-android35.0/Xamarin.AndroidX.Camera.Lifecycle.xml,https://github.com/dotnet/android-libraries,,,,https://aka.ms/android-libraries,,https://www.nuget.org/packages/Xamarin.AndroidX.Camera.Lifecycle,
Microsoft.Orleans.Persistence.AzureStorage,10.3.1,4040899.0,readme; xml docs; homepage,1,,,README.md,,,lib/net10.0/Orleans.Persistence.AzureStorage.xml,https://github.com/dotnet/orleans,,,,https://github.com/dotnet/orleans,,https://www.nuget.org/packages/Microsoft.Orleans.Persistence.AzureStorage,
Xamarin.AndroidX.AppCompat.Resources,1.1.0.3,4040097.0,hand-written site; xml docs; homepage,2,https://aka.ms/androidx,,,,,lib/net7.0-android33.0/Xamarin.AndroidX.AppCompat.Resources.xml,https://github.com/xamarin/androidx,,,,https://aka.ms/androidx,,https://www.nuget.org/packages/Xamarin.AndroidX.AppCompat.Resources,
LdapForNet,2.7.15,4027945.0,homepage,1,,,,,,,https://github.com/flamencist/ldap4net,,,,https://github.com/flamencist/ldap4net,,https://www.nuget.org/packages/LdapForNet,
Fido2.AspNet,4.0.1,4022537.0,xml docs; homepage,1,,,,,,lib/net8.0/Fido2.AspNet.xml,https://github.com/passwordless-lib/fido2-net-lib,,,,https://github.com/passwordless-lib/fido2-net-lib,,https://www.nuget.org/packages/Fido2.AspNet,
IsExternalInit,1.0.3,4018691.0,homepage,1,,,,,,,https://github.com/manuelroemer/isexternalinit,,,,https://github.com/manuelroemer/IsExternalInit,,https://www.nuget.org/packages/IsExternalInit,
Xamarin.AndroidX.Camera.View,1.6.1.1,4015535.0,hand-written site; readme; xml docs; homepage,2,https://aka.ms/android-libraries,,readme.md,,,lib/net9.0-android35.0/Xamarin.AndroidX.Camera.View.xml,https://github.com/dotnet/android-libraries,,,,https://aka.ms/android-libraries,,https://www.nuget.org/packages/Xamarin.AndroidX.Camera.View,
SkiaSharp.Views.WPF,4.152.0,4009183.0,hand-written site; readme; homepage,2,https://go.microsoft.com/fwlink/?linkid=868515,,README.md,,,,,,,,https://go.microsoft.com/fwlink/?linkid=868515,,https://www.nuget.org/packages/SkiaSharp.Views.WPF,
YesSql.Abstractions,6.0.0,4006785.0,xml docs; homepage,1,,,,,,lib/net10.0/YesSql.Abstractions.xml,https://github.com/sebastienros/yessql,,,,https://github.com/sebastienros/yessql,,https://www.nuget.org/packages/YesSql.Abstractions,
Microsoft.VisualStudio.Language,17.14.249,3995461.0,hand-written site; xml docs; homepage,2,https://aka.ms/vsextensibility,,,,,lib/net472/Microsoft.VisualStudio.Language.xml,,,,,https://aka.ms/vsextensibility,,https://www.nuget.org/packages/Microsoft.VisualStudio.Language,
Microsoft.Extensions.Compliance.Redaction,10.9.0,3985576.0,hand-written site; readme; xml docs; homepage,2,https://dot.net/,,README.md,,,lib/net10.0/Microsoft.Extensions.Compliance.Redaction.xml,https://github.com/dotnet/extensions,,,,https://dot.net/,,https://www.nuget.org/packages/Microsoft.Extensions.Compliance.Redaction,
gong-wpf-dragdrop,4.0.0,3972009.0,xml docs; homepage,1,,,,,,lib/net462/GongSolutions.WPF.DragDrop.xml,https://github.com/punker76/gong-wpf-dragdrop,,,,https://github.com/punker76/gong-wpf-dragdrop,,https://www.nuget.org/packages/gong-wpf-dragdrop,
Microsoft.VisualStudio.Language.NavigateTo.Interfaces,17.14.249,3966142.0,hand-written site; xml docs; homepage,2,https://aka.ms/vsextensibility,,,,,lib/net472/Microsoft.VisualStudio.Language.NavigateTo.Interfaces.xml,,,,,https://aka.ms/vsextensibility,,https://www.nuget.org/packages/Microsoft.VisualStudio.Language.NavigateTo.Interfaces,
GitVersionTask,5.5.1,3962662.0,homepage,1,,,,,,,https://github.com/gittools/gitversion,,,,https://github.com/GitTools/GitVersion,,https://www.nuget.org/packages/GitVersionTask,
Ardalis.Result.AspNetCore,10.1.0,3959779.0,homepage,1,,,,,,,https://github.com/ardalis/result,,,,https://github.com/ardalis/result,,https://www.nuget.org/packages/Ardalis.Result.AspNetCore,
NGettext,0.6.7,3939649.0,xml docs; homepage,1,,,,,,lib/net20/NGettext.xml,https://github.com/vitaliitsilnyk/ngettext,,,,https://github.com/VitaliiTsilnyk/NGettext,,https://www.nuget.org/packages/NGettext,
Umbraco.Code,2.4.0,3921886.0,homepage,1,,,,,,,https://github.com/umbraco/umbraco-code,,,,https://github.com/umbraco/Umbraco-Code,,https://www.nuget.org/packages/Umbraco.Code,
Aspire.Azure.Data.Tables,13.5.3,3915602.0,readme; xml docs; homepage,1,,,README.md,,,lib/net10.0/Aspire.Azure.Data.Tables.xml,https://github.com/microsoft/aspire,,,,https://github.com/microsoft/aspire,,https://www.nuget.org/packages/Aspire.Azure.Data.Tables,
Senparc.Weixin,6.25.1,3891887.0,xml docs; homepage,1,,,,,,lib/net462/Senparc.Weixin.xml,https://github.com/jeffreysu/weixinmpsdk,,,,https://github.com/JeffreySu/WeiXinMPSDK,,https://www.nuget.org/packages/Senparc.Weixin,
Microsoft.Orleans.Persistence.AdoNet,10.3.1,3889263.0,readme; xml docs; homepage,1,,,README.md,,,lib/net10.0/Orleans.Persistence.AdoNet.xml,https://github.com/dotnet/orleans,,,,https://github.com/dotnet/orleans,,https://www.nuget.org/packages/Microsoft.Orleans.Persistence.AdoNet,
ILRepack,2.0.48,3875105.0,readme; homepage,1,,,README.md,,,,https://github.com/gluck/il-repack,,,,https://github.com/gluck/il-repack,,https://www.nuget.org/packages/ILRepack,
YesSql.Core,6.0.0,3862081.0,homepage,1,,,,,,,https://github.com/sebastienros/yessql,,,,https://github.com/sebastienros/yessql,,https://www.nuget.org/packages/YesSql.Core,
WpfAnimatedGif,2.0.2,3843840.0,xml docs; homepage,1,,,,,,lib/net35/WpfAnimatedGif.xml,https://github.com/xamlanimatedgif/wpfanimatedgif,,,,https://github.com/XamlAnimatedGif/WpfAnimatedGif,,https://www.nuget.org/packages/WpfAnimatedGif,
InputSimulator,1.0.4,3840015.0,hand-written site; xml docs; homepage,2,https://inputsimulator.codeplex.com/,,,,,lib/net20/WindowsInput.xml,,,,,https://inputsimulator.codeplex.com/,,https://www.nuget.org/packages/InputSimulator,
Microsoft.NETCore.App.Runtime.NativeAOT.linux-x64,10.0.12,3824024.0,hand-written site; homepage,2,https://dot.net/,,,,,,https://github.com/dotnet/dotnet,,,,https://dot.net/,,https://www.nuget.org/packages/Microsoft.NETCore.App.Runtime.NativeAOT.linux-x64,
Vanara.PInvoke.Kernel32,5.0.7,3794234.0,xml docs; homepage,1,,,,,,lib/net10.0-windows7.0/Vanara.PInvoke.Kernel32.xml,https://github.com/dahall/vanara,,,,https://github.com/dahall/vanara,,https://www.nuget.org/packages/Vanara.PInvoke.Kernel32,
Azure.ResourceManager.DataFactory,1.11.1,3792039.0,readme; xml docs; homepage,1,,,README.md,,,lib/net10.0/Azure.ResourceManager.DataFactory.xml,https://github.com/azure/azure-sdk-for-net,,,,https://github.com/Azure/azure-sdk-for-net/blob/Azure.ResourceManager.DataFactory_1.11.1/sdk/datafactory/Azure.ResourceManager.DataFactory/README.md,,https://www.nuget.org/packages/Azure.ResourceManager.DataFactory,
Azure.AI.Projects,2.0.1,3776989.0,readme; xml docs; homepage,1,,,README.md,,,lib/net10.0/Azure.AI.Projects.xml,https://github.com/azure/azure-sdk-for-net,,,,https://github.com/Azure/azure-sdk-for-net/blob/Azure.AI.Projects_2.0.1/sdk/ai/Azure.AI.Projects/README.md,,https://www.nuget.org/packages/Azure.AI.Projects,
MyCSharp.HttpUserAgentParser,3.1.6,3774582.0,readme; xml docs; homepage,1,,,readme.md,,,lib/net10.0/MyCSharp.HttpUserAgentParser.xml,https://github.com/mycsharp/httpuseragentparser,,,,https://github.com/mycsharp/HttpUserAgentParser,,https://www.nuget.org/packages/MyCSharp.HttpUserAgentParser,
Microsoft.VisualStudio.SDK,17.14.40265,3765762.0,hand-written site; homepage,2,https://aka.ms/vsextensibility,,,,,,,,,,https://aka.ms/vsextensibility,,https://www.nuget.org/packages/Microsoft.VisualStudio.SDK,
json2,1.0.2,3751543.0,hand-written site; homepage,2,http://www.json.org/js.html,,,,,,,,,,http://www.json.org/js.html,,https://www.nuget.org/packages/json2,
Azure.ResourceManager.ContainerService,1.7.0,3718892.0,readme; xml docs; homepage,1,,,README.md,,,lib/net10.0/Azure.ResourceManager.ContainerService.xml,https://github.com/azure/azure-sdk-for-net,,,,https://github.com/Azure/azure-sdk-for-net/blob/Azure.ResourceManager.ContainerService_1.6.0/sdk/containerservice/Azure.ResourceManager.ContainerService/README.md,,https://www.nuget.org/packages/Azure.ResourceManager.ContainerService,
Devart.Data.Oracle.EFCore,11.2.192.10,3706585.0,hand-written site; readme; homepage,2,https://www.devart.com/dotconnect/oracle,,docs/README.md,,,,,,,,https://www.devart.com/dotconnect/oracle,,https://www.nuget.org/packages/Devart.Data.Oracle.EFCore,
Microsoft.ML.OnnxRuntime.Gpu,1.29.0,3696304.0,readme; homepage,1,,,README.md,,,,https://github.com/microsoft/onnxruntime,,,,https://github.com/Microsoft/onnxruntime,,https://www.nuget.org/packages/Microsoft.ML.OnnxRuntime.Gpu,
WireMock.Net.FluentAssertions,2.15.0,3635377.0,xml docs; homepage,1,,,,,,lib/netstandard2.0/WireMock.Net.FluentAssertions.xml,https://github.com/wiremock/wiremock.net,,,,https://github.com/wiremock/WireMock.Net,,https://www.nuget.org/packages/WireMock.Net.FluentAssertions,
Polyfill,11.2.0,3623975.0,readme; homepage,1,,,readme.md,,,,https://github.com/simoncropp/polyfill,,,,https://github.com/SimonCropp/Polyfill,,https://www.nuget.org/packages/Polyfill,
DuckDB.NET.Data.Full,1.5.5,3608236.0,readme; homepage,1,,,README.md,,,,https://github.com/giorgi/duckdb.net,,,,https://github.com/Giorgi/DuckDB.NET,,https://www.nuget.org/packages/DuckDB.NET.Data.Full,
Microsoft.VisualStudio.LanguageServer.Client,17.14.60,3599297.0,hand-written site; xml docs; homepage,2,https://aka.ms/vslsp,,,,,lib/net472/Microsoft.VisualStudio.LanguageServer.Client.xml,,,,,https://aka.ms/vslsp,,https://www.nuget.org/packages/Microsoft.VisualStudio.LanguageServer.Client,
Microsoft.Windows.CsWin32,0.3.333,3598298.0,readme; homepage,1,,,README.md,,,,https://github.com/microsoft/cswin32,,,,https://github.com/Microsoft/CsWin32,,https://www.nuget.org/packages/Microsoft.Windows.CsWin32,
Accord.MachineLearning,3.8.0,3586415.0,hand-written site; xml docs; homepage,2,http://accord-framework.net/,,,,,lib/net35-unity%20full%20v3.5/Accord.MachineLearning.xml,,,,,http://accord-framework.net/,,https://www.nuget.org/packages/Accord.MachineLearning,
Aspire.Hosting.NodeJs,9.5.2,3574050.0,readme; xml docs; homepage,1,,,README.md,,,lib/net8.0/Aspire.Hosting.NodeJs.xml,https://github.com/dotnet/aspire,,,,https://github.com/dotnet/aspire,,https://www.nuget.org/packages/Aspire.Hosting.NodeJs,
Utf8StringInterpolation,1.3.2,3543645.0,xml docs; homepage,1,,,,,,lib/net6.0/Utf8StringInterpolation.xml,https://github.com/cysharp/utf8stringinterpolation,,,,https://github.com/Cysharp/Utf8StringInterpolation,,https://www.nuget.org/packages/Utf8StringInterpolation,
OllamaSharp,5.4.30,3539903.0,readme; xml docs; homepage,1,,,README.md,,,lib/net10.0/OllamaSharp.xml,https://github.com/awaescher/ollamasharp,,,,https://github.com/awaescher/OllamaSharp,,https://www.nuget.org/packages/OllamaSharp,
Azure.Core.Expressions.DataFactory,1.0.0,3515499.0,readme; xml docs; homepage,1,,,README.md,,,lib/netstandard2.0/Azure.Core.Expressions.DataFactory.xml,https://github.com/azure/azure-sdk-for-net,,,,https://github.com/Azure/azure-sdk-for-net/blob/Azure.Core.Expressions.DataFactory_1.0.0/sdk/core/Azure.Core.Expressions.DataFactory/README.md,,https://www.nuget.org/packages/Azure.Core.Expressions.DataFactory,
Microsoft.ML.Tokenizers.Data.O200kBase,2.0.0,3495626.0,hand-written site; xml docs; homepage,2,https://dot.net/ml,,,,,lib/netstandard2.0/Microsoft.ML.Tokenizers.Data.O200kBase.xml,https://github.com/dotnet/machinelearning,,,,https://dot.net/ml,,https://www.nuget.org/packages/Microsoft.ML.Tokenizers.Data.O200kBase,
MessageFormat,8.0.0,3486462.0,xml docs,0,,,,,,lib/net10.0/Jeffijoe.MessageFormat.xml,https://github.com/jeffijoe/messageformat.net,,,,,,https://www.nuget.org/packages/MessageFormat,
Aspire.Npgsql,13.5.3,3469958.0,readme; xml docs; homepage,1,,,README.md,,,lib/net10.0/Aspire.Npgsql.xml,https://github.com/microsoft/aspire,,,,https://github.com/microsoft/aspire,,https://www.nuget.org/packages/Aspire.Npgsql,
Aspire.Hosting.JavaScript,13.5.3,3460830.0,readme; xml docs; homepage,1,,,README.md,,,lib/net8.0/Aspire.Hosting.JavaScript.xml,https://github.com/microsoft/aspire,,,,https://github.com/microsoft/aspire,,https://www.nuget.org/packages/Aspire.Hosting.JavaScript,
Volo.Abp.Account.Web,10.6.0,3447976.0,hand-written site; xml docs; homepage,2,https://abp.io/,,,,,lib/net10.0/Volo.Abp.Account.Web.xml,https://github.com/abpframework/abp,,,,https://abp.io/,,https://www.nuget.org/packages/Volo.Abp.Account.Web,
Microsoft.Orleans.Reminders.AdoNet,10.3.1,3425856.0,readme; xml docs; homepage,1,,,README.md,,,lib/net10.0/Orleans.Reminders.AdoNet.xml,https://github.com/dotnet/orleans,,,,https://github.com/dotnet/orleans,,https://www.nuget.org/packages/Microsoft.Orleans.Reminders.AdoNet,
ZstdNet,1.5.7,3406507.0,readme; homepage,1,,,README.md,,,,https://github.com/skbkontur/zstdnet,,,,https://github.com/skbkontur/ZstdNet,,https://www.nuget.org/packages/ZstdNet,
ReactiveUI.Fody,19.5.41,3398846.0,hand-written site; readme; xml docs; homepage,2,https://reactiveui.net/,,README.md,,,lib/monoandroid13.0/ReactiveUI.Fody.Helpers.xml,https://github.com/reactiveui/reactiveui,,,,https://reactiveui.net/,,https://www.nuget.org/packages/ReactiveUI.Fody,
BlazorInputFile,0.2.0,3397223.0,,0,,,,,,,,,,,,,https://www.nuget.org/packages/BlazorInputFile,
ZXing.Net.Bindings.Windows.Compatibility,0.16.16,3361639.0,readme; xml docs; homepage,1,,,readme.md,,,lib/net462/ZXing.Windows.Compatibility.xml,https://github.com/micjahn/zxing.net,,,,https://github.com/micjahn/ZXing.Net/,,https://www.nuget.org/packages/ZXing.Net.Bindings.Windows.Compatibility,
DeviceId,6.11.0,3344207.0,readme; xml docs; homepage,1,,,readme.md,,,lib/net10.0/DeviceId.xml,https://github.com/matthewking/deviceid,,,,https://github.com/MatthewKing/DeviceId,,https://www.nuget.org/packages/DeviceId,
MonoMod.RuntimeDetour,25.3.6,3343247.0,readme; xml docs; homepage,1,,,README.md,,,lib/net6.0/MonoMod.RuntimeDetour.xml,https://github.com/monomod/monomod,,,,https://github.com/MonoMod,,https://www.nuget.org/packages/MonoMod.RuntimeDetour,
Microsoft.Azure.Functions.Worker.OpenTelemetry,1.2.0,3318631.0,readme; homepage,1,,,README.md,,,,https://github.com/azure/azure-functions-dotnet-worker,,,,https://github.com/Azure/azure-functions-dotnet-worker,,https://www.nuget.org/packages/Microsoft.Azure.Functions.Worker.OpenTelemetry,
WeCantSpell.Hunspell,7.0.1,3311255.0,readme; xml docs; homepage,1,,,readme.md,,,lib/net10.0/WeCantSpell.Hunspell.xml,https://github.com/aarondandy/wecantspell.hunspell,,,,https://github.com/aarondandy/WeCantSpell.Hunspell/,,https://www.nuget.org/packages/WeCantSpell.Hunspell,
Senparc.NeuChar,3.0.0,3282801.0,xml docs; homepage,1,,,,,,lib/net462/Senparc.NeuChar.xml,https://github.com/senparc/neuchar,,,,https://github.com/Senparc/NeuChar,,https://www.nuget.org/packages/Senparc.NeuChar,
Xam.Plugin.DeviceInfo,4.1.1,3264192.0,readme; homepage,1,,,readme.txt,,,,https://github.com/jamesmontemagno/deviceinfoplugin,,,,https://github.com/jamesmontemagno/DeviceInfoPlugin,,https://www.nuget.org/packages/Xam.Plugin.DeviceInfo,
ReactiveProperty,9.9.0,3243977.0,readme; xml docs; homepage,1,,,README.md,,,lib/net10.0/ReactiveProperty.xml,https://github.com/runceel/reactiveproperty,,,,https://github.com/runceel/ReactiveProperty,,https://www.nuget.org/packages/ReactiveProperty,
Blazorise.Snackbar,2.3.2,3238118.0,hand-written site; readme; xml docs; homepage,2,https://blazorise.com/,,README.md,,,lib/net10.0/Blazorise.Snackbar.xml,https://github.com/megabit/blazorise,,,,https://blazorise.com/,,https://www.nuget.org/packages/Blazorise.Snackbar,
OrchardCore.Localization.Core,3.0.1,3227873.0,hand-written site; xml docs; homepage,2,https://www.orchardcore.net/,,,,,lib/net10.0/OrchardCore.Localization.Core.xml,https://github.com/orchardcms/orchardcore,,,,https://www.orchardcore.net/,,https://www.nuget.org/packages/OrchardCore.Localization.Core,
Blazorise.Components,2.3.2,3219647.0,hand-written site; readme; xml docs; homepage,2,https://blazorise.com/,,README.md,,,lib/net10.0/Blazorise.Components.xml,https://github.com/megabit/blazorise,,,,https://blazorise.com/,,https://www.nuget.org/packages/Blazorise.Components,
Meziantou.Framework.Win32.CredentialManager,3.0.3,3196924.0,readme; xml docs; homepage,1,,,README.md,,,lib/net10.0/Meziantou.Framework.Win32.CredentialManager.xml,https://github.com/meziantou/meziantou.framework,,,,https://github.com/meziantou/Meziantou.Framework,,https://www.nuget.org/packages/Meziantou.Framework.Win32.CredentialManager,
Google.Apis.Auth.AspNetCore3,1.76.0,3194667.0,xml docs; homepage,1,,,,,,lib/netcoreapp3.0/Google.Apis.Auth.AspNetCore3.xml,https://github.com/googleapis/google-api-dotnet-client,,,,https://github.com/googleapis/google-api-dotnet-client,,https://www.nuget.org/packages/Google.Apis.Auth.AspNetCore3,
KeraLua,1.4.9,3193385.0,xml docs; homepage,1,,,,,,lib/MonoAndroid/KeraLua.xml,https://github.com/nlua/keralua,,,,https://github.com/nlua/KeraLua,,https://www.nuget.org/packages/KeraLua,
Neovolve.Logging.Xunit,6.3.0,3171919.0,readme; xml docs; homepage,1,,,README.md,,,lib/netstandard2.0/Neovolve.Logging.Xunit.xml,https://github.com/roryprimrose/neovolve.logging.xunit,,,,https://github.com/roryprimrose/Neovolve.Logging.Xunit,,https://www.nuget.org/packages/Neovolve.Logging.Xunit,
PhotoSauce.MagicScaler,0.15.0,3158011.0,hand-written site; readme; xml docs; homepage,2,https://photosauce.net/,,readme.md,,,lib/net462/PhotoSauce.MagicScaler.xml,https://github.com/saucecontrol/photosauce,,,,https://photosauce.net/,,https://www.nuget.org/packages/PhotoSauce.MagicScaler,
NetVips,3.2.0,3156479.0,hand-written site; xml docs; homepage,2,https://kleisauke.github.io/net-vips,,,,,lib/net462/NetVips.xml,https://github.com/kleisauke/net-vips,,,,https://kleisauke.github.io/net-vips,,https://www.nuget.org/packages/NetVips,
LightInject.WebApi,2.0.0,3145000.0,hand-written site; xml docs; homepage,2,https://seesharper.github.io/LightInject/,,,,,lib/net45/LightInject.WebApi.XML,,,,,https://seesharper.github.io/LightInject/,,https://www.nuget.org/packages/LightInject.WebApi,
WebDav.Client,2.9.0,3123028.0,readme; xml docs; homepage,1,,,README.md,,,lib/net45/WebDav.Client.xml,https://github.com/skazantsev/webdavclient,,,,https://github.com/skazantsev/WebDavClient,,https://www.nuget.org/packages/WebDav.Client,
Ardalis.ListStartupServices,1.1.4,3114933.0,homepage,1,,,,,,,https://github.com/ardalis/aspnetcorestartupservices,,,,https://github.com/ardalis/AspNetCoreStartupServices,,https://www.nuget.org/packages/Ardalis.ListStartupServices,
Senparc.CO2NET.APM,2.2.0,3102798.0,xml docs; homepage,1,,,,,,lib/net462/Senparc.CO2NET.APM.xml,https://github.com/senparc/senparc.co2net,,,,https://github.com/Senparc/Senparc.CO2NET,,https://www.nuget.org/packages/Senparc.CO2NET.APM,
Titanium.Web.Proxy,7.0.4,3097541.0,,0,,,,,,,,,,,,,https://www.nuget.org/packages/Titanium.Web.Proxy,
Microsoft.DotNet.Analyzers.Compatibility,0.2.12-alpha,3089339.0,homepage,1,,,,,,,https://github.com/dotnet/platform-compat,,,,https://github.com/dotnet/platform-compat,,https://www.nuget.org/packages/Microsoft.DotNet.Analyzers.Compatibility,
NsDepCop,3.1.0,3075449.0,homepage,1,,,,,,,https://github.com/realvizu/nsdepcop,,,,https://github.com/realvizu/NsDepCop,,https://www.nuget.org/packages/NsDepCop,
Microsoft.CodeAnalysis.CSharp.SourceGenerators.Testing,1.1.4,3069556.0,xml docs; homepage,1,,,,,,lib/net472/Microsoft.CodeAnalysis.CSharp.SourceGenerators.Testing.xml,https://github.com/dotnet/roslyn-sdk,,,,https://github.com/dotnet/roslyn-sdk,,https://www.nuget.org/packages/Microsoft.CodeAnalysis.CSharp.SourceGenerators.Testing,
AspNet.Security.OAuth.GitHub,10.0.0,3043780.0,readme; xml docs; homepage,1,,,README.md,,,lib/net10.0/AspNet.Security.OAuth.GitHub.xml,https://github.com/aspnet-contrib/aspnet.security.oauth.providers,,,,https://github.com/aspnet-contrib/AspNet.Security.OAuth.Providers,,https://www.nuget.org/packages/AspNet.Security.OAuth.GitHub,
Microsoft.Net.Sdk.Compilers.Toolset,10.0.401,3040570.0,homepage,1,,,,,,,https://github.com/dotnet/dotnet,,,,https://github.com/dotnet/sdk,,https://www.nuget.org/packages/Microsoft.Net.Sdk.Compilers.Toolset,
Xamarin.Forms.Visual.Material,5.0.0.2662,3039533.0,,0,,,,,,,https://github.com/xamarin/xamarin.forms,,,,,,https://www.nuget.org/packages/Xamarin.Forms.Visual.Material,
CefSharp.Common.NETCore,151.3.240,3038307.0,homepage,1,,,,,,,https://github.com/cefsharp/cefsharp,,,,https://github.com/cefsharp/CefSharp,,https://www.nuget.org/packages/CefSharp.Common.NETCore,
AnyAscii,0.3.3,3000221.0,hand-written site; homepage,2,https://anyascii.com/,,,,,,https://github.com/anyascii/anyascii,,,,https://anyascii.com/,,https://www.nuget.org/packages/AnyAscii,
Expression.Blend.Sdk,1.0.2,2984709.0,xml docs,0,,,,,,lib/netcore45/Windows.UI.Interactivity.xml,,,,,,,https://www.nuget.org/packages/Expression.Blend.Sdk,
Microsoft.ML.Tokenizers.Data.Cl100kBase,2.0.0,2965115.0,hand-written site; xml docs; homepage,2,https://dot.net/ml,,,,,lib/netstandard2.0/Microsoft.ML.Tokenizers.Data.Cl100kBase.xml,https://github.com/dotnet/machinelearning,,,,https://dot.net/ml,,https://www.nuget.org/packages/Microsoft.ML.Tokenizers.Data.Cl100kBase,
Microsoft.Agents.AI.OpenAI,1.20.0,2950845.0,hand-written site; xml docs; homepage,2,https://learn.microsoft.com/agent-framework/,,,,,lib/net10.0/Microsoft.Agents.AI.OpenAI.xml,https://github.com/microsoft/agent-framework,,,,https://learn.microsoft.com/agent-framework/,,https://www.nuget.org/packages/Microsoft.Agents.AI.OpenAI,
Aspire.Hosting.RabbitMQ,13.5.3,2948394.0,readme; xml docs; homepage,1,,,README.md,,,lib/net8.0/Aspire.Hosting.RabbitMQ.xml,https://github.com/microsoft/aspire,,,,https://github.com/microsoft/aspire,,https://www.nuget.org/packages/Aspire.Hosting.RabbitMQ,
dnlib,4.5.0,2935916.0,xml docs; homepage,1,,,,,,lib/net35/dnlib.xml,https://github.com/0xd4d/dnlib,,,,https://github.com/0xd4d/dnlib,,https://www.nuget.org/packages/dnlib,
LightInject.Web,2.0.0,2932554.0,hand-written site; xml docs; homepage,2,https://seesharper.github.io/LightInject/,,,,,lib/net45/LightInject.Web.XML,,,,,https://seesharper.github.io/LightInject/,,https://www.nuget.org/packages/LightInject.Web,
Azure.ResourceManager.ContainerRegistry,1.4.0,2929060.0,readme; xml docs; homepage,1,,,README.md,,,lib/net8.0/Azure.ResourceManager.ContainerRegistry.xml,https://github.com/azure/azure-sdk-for-net,,,,https://github.com/Azure/azure-sdk-for-net/blob/Azure.ResourceManager.ContainerRegistry_1.4.0/sdk/containerregistry/Azure.ResourceManager.ContainerRegistry/README.md,,https://www.nuget.org/packages/Azure.ResourceManager.ContainerRegistry,
Senparc.Weixin.MP,16.25.3,2913314.0,xml docs; homepage,1,,,,,,lib/net462/Senparc.Weixin.MP.xml,https://github.com/jeffreysu/weixinmpsdk,,,,https://github.com/JeffreySu/WeiXinMPSDK,,https://www.nuget.org/packages/Senparc.Weixin.MP,
Microsoft.Azure.Management.EventHub,5.0.0,2910837.0,xml docs; homepage,1,,,,,,lib/net452/Microsoft.Azure.Management.EventHub.xml,https://github.com/azure/azure-sdk-for-net,,,,https://github.com/Azure/azure-sdk-for-net,,https://www.nuget.org/packages/Microsoft.Azure.Management.EventHub,
Microsoft.VisualStudio.LanguageServer.Protocol,17.2.8,2896352.0,hand-written site; xml docs; homepage,2,https://aka.ms/vslsp,,,,,lib/netstandard2.0/Microsoft.VisualStudio.LanguageServer.Protocol.xml,,,,,https://aka.ms/vslsp,,https://www.nuget.org/packages/Microsoft.VisualStudio.LanguageServer.Protocol,
Azure.ResourceManager.ManagedServiceIdentities,1.4.1,2886952.0,readme; xml docs; homepage,1,,,README.md,,,lib/net10.0/Azure.ResourceManager.ManagedServiceIdentities.xml,https://github.com/azure/azure-sdk-for-net,,,,https://github.com/Azure/azure-sdk-for-net/blob/Azure.ResourceManager.ManagedServiceIdentities_1.4.1/sdk/managedserviceidentity/Azure.ResourceManager.ManagedServiceIdentities/README.md,,https://www.nuget.org/packages/Azure.ResourceManager.ManagedServiceIdentities,
Microsoft.Extensions.Caching.Cosmos,1.8.0,2857104.0,xml docs; homepage,1,,,,,,lib/netstandard2.0/Microsoft.Extensions.Caching.Cosmos.xml,https://github.com/azure/microsoft.extensions.caching.cosmos,,,,https://github.com/Azure/Microsoft.Extensions.Caching.Cosmos,,https://www.nuget.org/packages/Microsoft.Extensions.Caching.Cosmos,
OpenCvSharp4_.runtime.ubuntu.20.04-x64,4.10.0.20240616,2855403.0,homepage,1,,,,,,,https://github.com/shimat/opencvsharp,,,,https://github.com/shimat/opencvsharp,,https://www.nuget.org/packages/OpenCvSharp4_.runtime.ubuntu.20.04-x64,
Blazorise.DataGrid,2.3.2,2837314.0,hand-written site; readme; xml docs; homepage,2,https://blazorise.com/,,README.md,,,lib/net10.0/Blazorise.DataGrid.xml,https://github.com/megabit/blazorise,,,,https://blazorise.com/,,https://www.nuget.org/packages/Blazorise.DataGrid,
tusdotnet,2.11.2,2823528.0,readme; xml docs; homepage,1,,,README.md,,,lib/net452/tusdotnet.xml,https://github.com/tusdotnet/tusdotnet,,,,https://github.com/tusdotnet/tusdotnet,,https://www.nuget.org/packages/tusdotnet,
LightInject.Microsoft.DependencyInjection,4.1.0,2813474.0,xml docs,0,,,,,,lib/net8.0/LightInject.Microsoft.DependencyInjection.xml,https://github.com/seesharper/lightinject.microsoft.dependencyinjection,,,,,,https://www.nuget.org/packages/LightInject.Microsoft.DependencyInjection,
Microsoft.ML.TimeSeries,5.0.0,2795386.0,hand-written site; xml docs; homepage,2,https://dot.net/ml,,,,,lib/netstandard2.0/Microsoft.ML.TimeSeries.xml,https://github.com/dotnet/machinelearning,,,,https://dot.net/ml,,https://www.nuget.org/packages/Microsoft.ML.TimeSeries,
chromiumembeddedframework.runtime,151.3.24,2795325.0,homepage,1,,,,,,,https://github.com/cefsharp/cef-binary,,,,https://github.com/cefsharp/cef-binary,,https://www.nuget.org/packages/chromiumembeddedframework.runtime,
Microsoft.Windows.WDK.Win32Metadata,0.13.25-experimental,2786432.0,homepage,1,,,,,,,https://github.com/microsoft/wdkmetadata,,,,https://github.com/microsoft/wdkmetadata,,https://www.nuget.org/packages/Microsoft.Windows.WDK.Win32Metadata,
SpanJson,4.2.1,2754497.0,readme; xml docs; homepage,1,,,README.md,,,lib/net6.0/SpanJson.xml,https://github.com/tornhoof/spanjson,,,,https://github.com/Tornhoof/SpanJson,,https://www.nuget.org/packages/SpanJson,
Deedle,8.1.0,2740208.0,readme; xml docs,0,,,README.md,,,lib/net10.0/Deedle.xml,https://github.com/fslaborg/deedle,,,,,,https://www.nuget.org/packages/Deedle,
Azure.AI.Agents.Persistent,1.1.0,2739771.0,readme; xml docs; homepage,1,,,README.md,,,lib/net8.0/Azure.AI.Agents.Persistent.xml,https://github.com/azure/azure-sdk-for-net,,,,https://github.com/Azure/azure-sdk-for-net/blob/Azure.AI.Agents.Persistent_1.1.0/sdk/ai/Azure.AI.Agents.Persistent/README.md,,https://www.nuget.org/packages/Azure.AI.Agents.Persistent,
SocketIOClient,4.0.5,2720437.0,readme; homepage,1,,,README.md,,,,https://github.com/doghappy/socket.io-client-csharp,,,,https://github.com/doghappy/socket.io-client-csharp,,https://www.nuget.org/packages/SocketIOClient,
ppy.osu.Framework,2026.901.0,2710923.0,xml docs; homepage,1,,,,,,lib/net10.0/osu.Framework.xml,https://github.com/ppy/osu-framework,,,,https://github.com/ppy/osu-framework,,https://www.nuget.org/packages/ppy.osu.Framework,
Microsoft.Agents.AI.Workflows,1.20.0,2694809.0,hand-written site; xml docs; homepage,2,https://learn.microsoft.com/agent-framework/,,,,,lib/net10.0/Microsoft.Agents.AI.Workflows.xml,https://github.com/microsoft/agent-framework,,,,https://learn.microsoft.com/agent-framework/,,https://www.nuget.org/packages/Microsoft.Agents.AI.Workflows,
QLNet,1.13.1,2689500.0,homepage,1,,,,,,,https://github.com/amaggiulli/qlnet,,,,https://github.com/amaggiulli/qlnet,,https://www.nuget.org/packages/QLNet,
Xamarin.Auth,1.7.0,2688574.0,hand-written site; homepage,2,https://go.microsoft.com/fwlink/?linkid=2021816,,,,,,,,,,https://go.microsoft.com/fwlink/?linkid=2021816,,https://www.nuget.org/packages/Xamarin.Auth,
AspNet.Security.OAuth.Apple,10.0.0,2677053.0,readme; xml docs; homepage,1,,,README.md,,,lib/net10.0/AspNet.Security.OAuth.Apple.xml,https://github.com/aspnet-contrib/aspnet.security.oauth.providers,,,,https://github.com/aspnet-contrib/AspNet.Security.OAuth.Providers,,https://www.nuget.org/packages/AspNet.Security.OAuth.Apple,
McMaster.Extensions.Hosting.CommandLine,5.1.0,2674851.0,xml docs; homepage,1,,,,,,lib/net472/McMaster.Extensions.Hosting.CommandLine.xml,https://github.com/natemcmaster/commandlineutils,,,,https://github.com/natemcmaster/CommandLineUtils,,https://www.nuget.org/packages/McMaster.Extensions.Hosting.CommandLine,
AutoMoq,2.0.0,2643684.0,homepage,1,,,,,,,https://github.com/darrencauthon/automoq,,,,https://github.com/darrencauthon/AutoMoq,,https://www.nuget.org/packages/AutoMoq,
LightInject.Annotation,1.1.0,2642583.0,hand-written site; homepage,2,https://seesharper.github.io/LightInject/,,,,,,,,,,https://seesharper.github.io/LightInject/,,https://www.nuget.org/packages/LightInject.Annotation,
NCrunch.Framework,5.11.0,2640189.0,xml docs,0,,,,,,lib/net35/NCrunch.Framework.xml,,,,,,,https://www.nuget.org/packages/NCrunch.Framework,
Microsoft.Azure.Management.Media,6.0.0,2632091.0,xml docs; homepage,1,,,,,,lib/net452/Microsoft.Azure.Management.Media.xml,https://github.com/azure/azure-sdk-for-net,,,,https://github.com/Azure/azure-sdk-for-net,,https://www.nuget.org/packages/Microsoft.Azure.Management.Media,
Google.GenAI,1.21.0,2630298.0,readme; xml docs; homepage,1,,,README.md,,,lib/net8.0/Google.GenAI.xml,https://github.com/googleapis/dotnet-genai,,,,https://github.com/googleapis/dotnet-genai,,https://www.nuget.org/packages/Google.GenAI,
ReactiveUI.WPF,24.2.0,2629452.0,hand-written site; readme; xml docs; homepage,2,https://reactiveui.net/,,README.md,,,lib/net10.0-windows10.0.19041/ReactiveUI.Wpf.xml,https://github.com/reactiveui/reactiveui,,,,https://reactiveui.net/,,https://www.nuget.org/packages/ReactiveUI.WPF,
OpenCvSharp4.Windows,4.13.0.20260627,2627582.0,readme; homepage,1,,,README.managed.md,,,,https://github.com/shimat/opencvsharp,,,,https://github.com/shimat/opencvsharp,,https://www.nuget.org/packages/OpenCvSharp4.Windows,
LightInject.Mvc,2.0.0,2617917.0,hand-written site; homepage,2,https://seesharper.github.io/LightInject/,,,,,,,,,,https://seesharper.github.io/LightInject/,,https://www.nuget.org/packages/LightInject.Mvc,
mod_spatialite,4.3.0.1,2576147.0,hand-written site; homepage,2,https://www.gaia-gis.it/fossil/libspatialite/index,,,,,,,,,,https://www.gaia-gis.it/fossil/libspatialite/index,,https://www.nuget.org/packages/mod_spatialite,
chocolatey,2.7.4,2575854.0,homepage,1,,,,,,,https://github.com/chocolatey/choco,,,,https://github.com/chocolatey/choco,,https://www.nuget.org/packages/chocolatey,
Community.OData.Linq,2.1.0,2567501.0,readme; homepage,1,,,README.md,,,,https://github.com/iharyakimush/comminity-data-odata-linq,,,,https://github.com/IharYakimush/comminity-data-odata-linq,,https://www.nuget.org/packages/Community.OData.Linq,
Qdrant.Client,1.19.0,2551965.0,readme; xml docs; homepage,1,,,README.md,,,lib/net462/Qdrant.Client.xml,https://github.com/qdrant/qdrant-dotnet,,,,https://github.com/qdrant/qdrant-dotnet,,https://www.nuget.org/packages/Qdrant.Client,
Umbraco.Cms.Api.Management,18.1.1,2549559.0,hand-written site; xml docs; homepage,2,https://umbraco.com/,,,,,lib/net10.0/Umbraco.Cms.Api.Management.xml,https://github.com/umbraco/umbraco-cms,,,,https://umbraco.com/,,https://www.nuget.org/packages/Umbraco.Cms.Api.Management,
Azure.ResourceManager.EventGrid,1.1.0,2547648.0,readme; xml docs; homepage,1,,,README.md,,,lib/net8.0/Azure.ResourceManager.EventGrid.xml,https://github.com/azure/azure-sdk-for-net,,,,https://github.com/Azure/azure-sdk-for-net/blob/Azure.ResourceManager.EventGrid_1.1.0/sdk/eventgrid/Azure.ResourceManager.EventGrid/README.md,,https://www.nuget.org/packages/Azure.ResourceManager.EventGrid,
Asyncify,0.9.5707.38527,2535739.0,homepage,1,,,,,,,https://github.com/hvanbakel/asyncify-csharp,,,,https://github.com/hvanbakel/Asyncify-CSharp,,https://www.nuget.org/packages/Asyncify,
linq2db.SqlServer,6.4.0,2535256.0,hand-written site; readme; homepage,2,https://linq2db.github.io/,,content/LinqToDB.Templates/README.md,,,,https://github.com/linq2db/linq2db,,,,https://linq2db.github.io/,,https://www.nuget.org/packages/linq2db.SqlServer,
NVorbis,0.10.5,2533548.0,xml docs; homepage,1,,,,,,lib/net45/NVorbis.xml,https://github.com/nvorbis/nvorbis,,,,https://github.com/NVorbis/NVorbis,,https://www.nuget.org/packages/NVorbis,
Xam.Plugins.Forms.ImageCircle,3.0.0.5,2532019.0,xml docs; homepage,1,,,,,,lib/monoandroid71/ImageCircle.Forms.Plugin.xml,https://github.com/jamesmontemagno/imagecircleplugin,,,,https://github.com/jamesmontemagno/ImageCirclePlugin,,https://www.nuget.org/packages/Xam.Plugins.Forms.ImageCircle,
AutoFixture.Xunit3,4.19.0,2523973.0,readme; xml docs; homepage,1,,,README.md,,,lib/net6.0/AutoFixture.Xunit3.xml,https://github.com/autofixture/autofixture,,,,https://github.com/AutoFixture/AutoFixture.xUnit3,,https://www.nuget.org/packages/AutoFixture.Xunit3,
CommunityToolkit.Common,8.4.2,2510646.0,xml docs; homepage,1,,,,,,lib/net8.0/CommunityToolkit.Common.xml,https://github.com/communitytoolkit/dotnet,,,,https://github.com/CommunityToolkit/dotnet,,https://www.nuget.org/packages/CommunityToolkit.Common,
Ecng.StringSearch,1.0.265,2503479.0,hand-written site; readme; homepage,2,https://stocksharp.com/,,README.md,,,,https://github.com/stocksharp/ecng,,,,https://stocksharp.com/,,https://www.nuget.org/packages/Ecng.StringSearch,
jquery.mobile,1.4.5,2497789.0,hand-written site; homepage,2,http://jquerymobile.com/,,,,,,,,,,http://jquerymobile.com/,,https://www.nuget.org/packages/jquery.mobile,
YoutubeExplode,6.6.2,2491288.0,xml docs; homepage,1,,,,,,lib/net10.0/YoutubeExplode.xml,https://github.com/tyrrrz/youtubeexplode,,,,https://github.com/Tyrrrz/YoutubeExplode,,https://www.nuget.org/packages/YoutubeExplode,
Azure.ResourceManager.EventHubs,1.3.0,2489425.0,readme; xml docs; homepage,1,,,README.md,,,lib/net10.0/Azure.ResourceManager.EventHubs.xml,https://github.com/azure/azure-sdk-for-net,,,,https://github.com/Azure/azure-sdk-for-net/blob/Azure.ResourceManager.EventHubs_1.3.0/sdk/eventhub/Azure.ResourceManager.EventHubs/README.md,,https://www.nuget.org/packages/Azure.ResourceManager.EventHubs,
YesSql,6.0.0,2470452.0,readme; xml docs; homepage,1,,,README.md,,,lib/net10.0/YesSql.xml,https://github.com/sebastienros/yessql,,,,https://github.com/sebastienros/yessql,,https://www.nuget.org/packages/YesSql,
Azure.ResourceManager.Dns,1.1.1,2468570.0,readme; xml docs; homepage,1,,,README.md,,,lib/netstandard2.0/Azure.ResourceManager.Dns.xml,https://github.com/azure/azure-sdk-for-net,,,,https://github.com/Azure/azure-sdk-for-net/blob/Azure.ResourceManager.Dns_1.1.1/sdk/dns/Azure.ResourceManager.Dns/README.md,,https://www.nuget.org/packages/Azure.ResourceManager.Dns,
NuGet.VisualStudio,17.14.0,2462141.0,hand-written site; readme; xml docs; homepage,2,https://aka.ms/nugetprj,,README.md,,,lib/net472/NuGet.VisualStudio.xml,https://github.com/nuget/nuget.client,,,,https://aka.ms/nugetprj,,https://www.nuget.org/packages/NuGet.VisualStudio,
Azure.ResourceManager.Monitor,1.3.1,2453525.0,readme; xml docs; homepage,1,,,README.md,,,lib/netstandard2.0/Azure.ResourceManager.Monitor.xml,https://github.com/azure/azure-sdk-for-net,,,,https://github.com/Azure/azure-sdk-for-net/blob/Azure.ResourceManager.Monitor_1.3.1/sdk/monitor/Azure.ResourceManager.Monitor/README.md,,https://www.nuget.org/packages/Azure.ResourceManager.Monitor,
Polly.Testing,8.7.0,2438439.0,xml docs; homepage,1,,,,,,lib/net8.0/Polly.Testing.xml,https://github.com/app-vnext/polly,,,,https://github.com/App-vNext/Polly,,https://www.nuget.org/packages/Polly.Testing,
Microsoft.Azure.Devices.Provisioning.Service,1.18.5,2429727.0,xml docs; homepage,1,,,,,,lib/net8.0/Microsoft.Azure.Devices.Provisioning.Service.xml,https://github.com/azure/azure-iot-sdk-csharp,,,,https://github.com/Azure/azure-iot-sdk-csharp,,https://www.nuget.org/packages/Microsoft.Azure.Devices.Provisioning.Service,
Microsoft.Azure.Management.EventGrid,9.0.0,2427617.0,xml docs; homepage,1,,,,,,lib/net452/Microsoft.Azure.Management.EventGrid.xml,https://github.com/azure/azure-sdk-for-net,,,,https://github.com/Azure/azure-sdk-for-net,,https://www.nuget.org/packages/Microsoft.Azure.Management.EventGrid,
AngleSharp.Xml,1.2.0,2419184.0,hand-written site; readme; xml docs; homepage,2,https://anglesharp.github.io/,,README.md,,,lib/net10.0/AngleSharp.Xml.xml,https://github.com/anglesharp/anglesharp.xml,,,,https://anglesharp.github.io/,,https://www.nuget.org/packages/AngleSharp.Xml,
Azure.ResourceManager.ApiManagement,1.3.1,2401384.0,readme; xml docs; homepage,1,,,README.md,,,lib/net10.0/Azure.ResourceManager.ApiManagement.xml,https://github.com/azure/azure-sdk-for-net,,,,https://github.com/Azure/azure-sdk-for-net/blob/Azure.ResourceManager.ApiManagement_1.3.1/sdk/apimanagement/Azure.ResourceManager.ApiManagement/README.md,,https://www.nuget.org/packages/Azure.ResourceManager.ApiManagement,
Microsoft.VisualStudio.Web.BrowserLink.Loader,14.1.0,2397084.0,hand-written site; xml docs; homepage,2,https://www.asp.net/,,,,,lib/net451/Microsoft.VisualStudio.Web.BrowserLink.Loader.xml,,,,,https://www.asp.net/,,https://www.nuget.org/packages/Microsoft.VisualStudio.Web.BrowserLink.Loader,
DeepL.net,1.22.1,2393161.0,hand-written site; readme; homepage,2,https://www.deepl.com/pro-api,,README.md,,,,https://github.com/deeplcom/deepl-dotnet,,,,https://www.deepl.com/pro-api,,https://www.nuget.org/packages/DeepL.net,
Microsoft.AspNet.SignalR.ServiceBus3,2.4.3,2390704.0,hand-written site; xml docs; homepage,2,https://www.asp.net/signalr,,,,,lib/net45/Microsoft.AspNet.SignalR.ServiceBus3.xml,https://github.com/signalr/signalr,,,,https://www.asp.net/signalr,,https://www.nuget.org/packages/Microsoft.AspNet.SignalR.ServiceBus3,
Hangfire.Console.Extensions.Serilog,2.1.2,2389526.0,readme; homepage,1,,,README.md,,,,https://github.com/anderssonpeter/hangfire.console.extensions,,,,https://github.com/AnderssonPeter/Hangfire.Console.Extensions,,https://www.nuget.org/packages/Hangfire.Console.Extensions.Serilog,
System.Web.Providers,1.2.0,2389004.0,,0,,,,,,,,,,,,,https://www.nuget.org/packages/System.Web.Providers,
Microsoft.ML.ImageAnalytics,5.0.0,2381606.0,hand-written site; xml docs; homepage,2,https://dot.net/ml,,,,,lib/netstandard2.0/Microsoft.ML.ImageAnalytics.xml,https://github.com/dotnet/machinelearning,,,,https://dot.net/ml,,https://www.nuget.org/packages/Microsoft.ML.ImageAnalytics,
CSharpTest.Net.Collections,14.906.1403.1082,2375189.0,xml docs; homepage,1,,,,,,lib/net20/CSharpTest.Net.Collections.XML,https://github.com/csharptest/csharptest.net.collections,,,,https://github.com/csharptest/CSharpTest.Net.Collections,,https://www.nuget.org/packages/CSharpTest.Net.Collections,
WebMarkupMin.NUglify,2.22.3,2369653.0,readme; xml docs; homepage,1,,,readme.txt,,,lib/net10.0/WebMarkupMin.NUglify.xml,https://github.com/taritsyn/webmarkupmin,,,,https://github.com/Taritsyn/WebMarkupMin,,https://www.nuget.org/packages/WebMarkupMin.NUglify,
MvvmCross.Platform,5.7.0,2367144.0,homepage,1,,,,,,,https://github.com/mvvmcross/mvvmcross,,,,https://github.com/MvvmCross/MvvmCross,,https://www.nuget.org/packages/MvvmCross.Platform,
Microsoft.Orleans.Serialization.SystemTextJson,10.3.1,2363086.0,readme; xml docs; homepage,1,,,README.md,,,lib/net10.0/Orleans.Serialization.SystemTextJson.xml,https://github.com/dotnet/orleans,,,,https://github.com/dotnet/orleans,,https://www.nuget.org/packages/Microsoft.Orleans.Serialization.SystemTextJson,
TestStack.White,9.2.0.11,2362613.0,homepage,1,,,,,,,,,,,https://teststack.github.com/White/,,https://www.nuget.org/packages/TestStack.White,
Microsoft.NET.Build.Containers,10.0.303,2357290.0,readme; homepage,1,,,README.md,,,,https://github.com/dotnet/dotnet,,,,https://github.com/dotnet/sdk-container-builds,,https://www.nuget.org/packages/Microsoft.NET.Build.Containers,
ppy.osu.Game.Resources,2026.909.0,2349623.0,xml docs; homepage,1,,,,,,lib/net8.0/osu.Game.Resources.xml,https://github.com/ppy/osu-resources,,,,https://github.com/ppy/osu-resources,,https://www.nuget.org/packages/ppy.osu.Game.Resources,
OpenTelemetry.Exporter.Geneva,1.17.0,2334915.0,hand-written site; readme; xml docs; homepage,2,https://opentelemetry.io/,,README.md,,,lib/net10.0/OpenTelemetry.Exporter.Geneva.xml,https://github.com/open-telemetry/opentelemetry-dotnet-contrib,,,,https://opentelemetry.io/,,https://www.nuget.org/packages/OpenTelemetry.Exporter.Geneva,
Microsoft.SyndicationFeed.ReaderWriter,1.0.2,2333575.0,homepage,1,,,,,,,https://github.com/dotnet/syndicationfeedreaderwriter,,,,https://github.com/dotnet/SyndicationFeedReaderWriter,,https://www.nuget.org/packages/Microsoft.SyndicationFeed.ReaderWriter,
AlibabaCloud.SDK.Dysmsapi20170525,4.4.0,2328668.0,homepage,1,,,,,,,https://github.com/aliyun/alibabacloud-csharp-sdk,,,,https://github.com/aliyun/alibabacloud-csharp-sdk,,https://www.nuget.org/packages/AlibabaCloud.SDK.Dysmsapi20170525,
squirrel.windows,2.0.1,2317381.0,homepage,1,,,,,,,https://github.com/squirrel/squirrel.windows,,,,https://github.com/squirrel/Squirrel.Windows,,https://www.nuget.org/packages/squirrel.windows,
PetaPoco,5.1.306,2312614.0,homepage,1,,,,,,,https://github.com/collaboratingplatypus/petapoco,,,,https://github.com/CollaboratingPlatypus/PetaPoco,,https://www.nuget.org/packages/PetaPoco,
YesSql.Filters.Query,6.0.0,2309998.0,xml docs; homepage,1,,,,,,lib/net10.0/YesSql.Filters.Query.xml,https://github.com/sebastienros/yessql,,,,https://github.com/sebastienros/yessql,,https://www.nuget.org/packages/YesSql.Filters.Query,
Microsoft.Azure.Mobile.Client,4.2.0,2278390.0,xml docs; homepage,1,,,,,,lib/monoandroid90/Microsoft.Azure.Mobile.Client.xml,https://github.com/azure/azure-mobile-apps-net-client,,,,https://github.com/Azure/azure-mobile-apps-net-client,,https://www.nuget.org/packages/Microsoft.Azure.Mobile.Client,
Microsoft.Orleans.Reminders.AzureStorage,10.3.1,2273269.0,readme; xml docs; homepage,1,,,README.md,,,lib/net10.0/Orleans.Reminders.AzureStorage.xml,https://github.com/dotnet/orleans,,,,https://github.com/dotnet/orleans,,https://www.nuget.org/packages/Microsoft.Orleans.Reminders.AzureStorage,
Microsoft.ML.TensorFlow,5.0.0,2271693.0,hand-written site; xml docs; homepage,2,https://dot.net/ml,,,,,lib/netstandard2.0/Microsoft.ML.TensorFlow.xml,https://github.com/dotnet/machinelearning,,,,https://dot.net/ml,,https://www.nuget.org/packages/Microsoft.ML.TensorFlow,
Microsoft.Azure.Management.DataLake.Store,2.2.1,2254798.0,xml docs; homepage,1,,,,,,lib/net452/Microsoft.Azure.Management.DataLake.Store.xml,https://github.com/azure/azure-sdk-for-net,,,,https://github.com/Azure/AutoRest,,https://www.nuget.org/packages/Microsoft.Azure.Management.DataLake.Store,
Microsoft.CodeAnalysis.CSharp.CodeRefactoring.Testing,1.1.4,2253320.0,xml docs; homepage,1,,,,,,lib/net461/Microsoft.CodeAnalysis.CSharp.CodeRefactoring.Testing.xml,https://github.com/dotnet/roslyn-sdk,,,,https://github.com/dotnet/roslyn-sdk,,https://www.nuget.org/packages/Microsoft.CodeAnalysis.CSharp.CodeRefactoring.Testing,
SciSharp.TensorFlow.Redist,2.16.0,2247997.0,hand-written site; homepage,2,https://www.tensorflow.org/,,,,,,,,,,https://www.tensorflow.org/,,https://www.nuget.org/packages/SciSharp.TensorFlow.Redist,
GtkSharp,3.24.24.95,2235656.0,homepage,1,,,,,,,https://github.com/gtksharp/gtksharp,,,,https://github.com/GtkSharp/GtkSharp,,https://www.nuget.org/packages/GtkSharp,
SharpAvi,3.0.1,2228609.0,readme; xml docs; homepage,1,,,readme.md,,,lib/net45/SharpAvi.xml,https://github.com/bassill/sharpavi,,,,https://github.com/baSSiLL/SharpAvi,,https://www.nuget.org/packages/SharpAvi,
FSharpPlus,1.9.1,2216407.0,readme; xml docs; homepage,1,,,README.md,,,lib/net6.0/FSharpPlus.xml,https://github.com/fsprojects/fsharpplus,,,,https://github.com/fsprojects/FSharpPlus,,https://www.nuget.org/packages/FSharpPlus,
Volo.Abp.AspNetCore.Mvc.UI.Theme.Basic,10.6.0,2215708.0,hand-written site; xml docs; homepage,2,https://abp.io/,,,,,lib/net10.0/Volo.Abp.AspNetCore.Mvc.UI.Theme.Basic.xml,https://github.com/abpframework/abp,,,,https://abp.io/,,https://www.nuget.org/packages/Volo.Abp.AspNetCore.Mvc.UI.Theme.Basic,
DynamicInterop,0.9.1,2214038.0,xml docs; homepage,1,,,,,,lib/netstandard2.0/DynamicInterop.xml,https://github.com/jmp75/dynamic-interop-dll,,,,https://github.com/jmp75/dynamic-interop-dll,,https://www.nuget.org/packages/DynamicInterop,
Microsoft.Azure.SignalR.AspNet,1.33.1,2211426.0,hand-written site; xml docs; homepage,2,https://aka.ms/signalr_service,,,,,lib/net462/Microsoft.Azure.SignalR.AspNet.xml,https://github.com/azure/azure-signalr,,,,https://aka.ms/signalr_service,,https://www.nuget.org/packages/Microsoft.Azure.SignalR.AspNet,
Nancy.Authentication.Forms,2.0.0,2183523.0,hand-written site; xml docs; homepage,2,http://nancyfx.org/,,,,,lib/net452/Nancy.Authentication.Forms.xml,,,,,http://nancyfx.org/,,https://www.nuget.org/packages/Nancy.Authentication.Forms,
Nancy.Owin,2.0.0,2181878.0,hand-written site; xml docs; homepage,2,http://nancyfx.org/,,,,,lib/net452/Nancy.Owin.xml,,,,,http://nancyfx.org/,,https://www.nuget.org/packages/Nancy.Owin,
Umbraco.SqlServerCE,4.0.0.1,2168420.0,,0,,,,,,,,,,,,,https://www.nuget.org/packages/Umbraco.SqlServerCE,
NetCord,1.0.0-beta.19,2161056.0,readme; xml docs,0,,,README.md,,,lib/net10.0/NetCord.xml,https://github.com/netcorddev/netcord,,,,,,https://www.nuget.org/packages/NetCord,
Fleck,1.2.0,2145923.0,homepage,1,,,,,,,https://github.com/statianzo/fleck,,,,https://github.com/statianzo/Fleck,,https://www.nuget.org/packages/Fleck,
Microsoft.WindowsAppSDK.AI,2.4.4,2122018.0,xml docs; homepage,1,,,,,,lib/net6.0-windows10.0.17763.0/Microsoft.Graphics.Imaging.Projection.xml,https://github.com/microsoft/windowsappsdk,,,,https://github.com/microsoft/windowsappsdk,,https://www.nuget.org/packages/Microsoft.WindowsAppSDK.AI,
Microsoft.WindowsAppSDK.ML,2.1.74,2105986.0,readme; homepage,1,,,README.md,,,,https://github.com/microsoft/windowsappsdk,,,,https://github.com/microsoft/windowsappsdk,,https://www.nuget.org/packages/Microsoft.WindowsAppSDK.ML,
Verify.SourceGenerators,2.5.0,2105225.0,xml docs; homepage,1,,,,,,lib/net472/Verify.SourceGenerators.xml,https://github.com/verifytests/verify.sourcegenerators,,,,https://github.com/VerifyTests/Verify.SourceGenerators,,https://www.nuget.org/packages/Verify.SourceGenerators,
Lucene.Net.Spatial,4.8.0-beta00018,2100270.0,hand-written site; xml docs; homepage,2,http://lucenenet.apache.org/,,,,,lib/net462/Lucene.Net.Spatial.xml,https://github.com/apache/lucenenet,,,,http://lucenenet.apache.org/,,https://www.nuget.org/packages/Lucene.Net.Spatial,
Microsoft.WindowsAppSDK.Widgets,2.0.5,2080299.0,xml docs; homepage,1,,,,,,lib/net6.0-windows10.0.17763.0/Microsoft.Windows.Widgets.Projection.xml,https://github.com/microsoft/windowsappsdk,,,,https://github.com/microsoft/windowsappsdk,,https://www.nuget.org/packages/Microsoft.WindowsAppSDK.Widgets,
BinaryFormatter,3.0.0,2079021.0,homepage,1,,,,,,,https://github.com/lukasz-pyrzyk/binaryformatter,,,,https://github.com/lukasz-pyrzyk/BinaryFormatter,,https://www.nuget.org/packages/BinaryFormatter,
Shortcodes,1.3.6,2071608.0,xml docs; homepage,1,,,,,,lib/netstandard2.1/Shortcodes.xml,https://github.com/sebastienros/shortcodes,,,,https://github.com/sebastienros/shortcodes,,https://www.nuget.org/packages/Shortcodes,
Hangfire.MaximumConcurrentExecutions,1.1.0,2069922.0,homepage,1,,,,,,,https://github.com/alastairtree/hangfire.maximumconcurrentexecutions,,,,https://github.com/alastairtree/Hangfire.MaximumConcurrentExecutions,,https://www.nuget.org/packages/Hangfire.MaximumConcurrentExecutions,
Spectre.Console.Json,0.57.2,2069705.0,readme; xml docs; homepage,1,,,README.md,,,lib/net10.0/Spectre.Console.Json.xml,https://github.com/spectreconsole/spectre.console,,,,https://github.com/spectreconsole/spectre.console,,https://www.nuget.org/packages/Spectre.Console.Json,
BruTile,6.0.0,2063630.0,homepage,1,,,,,,,https://github.com/brutile/brutile,,,,https://github.com/BruTile/BruTile,,https://www.nuget.org/packages/BruTile,
IcedTasks,0.11.9,2058683.0,readme; xml docs; homepage,1,,,README.md,,,lib/net6.0/IcedTasks.xml,https://github.com/theangrybyrd/icedtasks,,,,https://github.com/TheAngryByrd/IcedTasks,,https://www.nuget.org/packages/IcedTasks,
Ookii.Dialogs.Wpf,5.0.1,2057948.0,xml docs; homepage,1,,,,,,lib/net462/Ookii.Dialogs.Wpf.xml,https://github.com/ookii-dialogs/ookii-dialogs-wpf,,,,https://github.com/ookii-dialogs/ookii-dialogs-wpf,,https://www.nuget.org/packages/Ookii.Dialogs.Wpf,
Microsoft.Azure.Management.ContainerRegistry,6.0.0,2055256.0,xml docs; homepage,1,,,,,,lib/net452/Microsoft.Azure.Management.ContainerRegistry.xml,https://github.com/azure/azure-sdk-for-net,,,,https://github.com/Azure/azure-sdk-for-net,,https://www.nuget.org/packages/Microsoft.Azure.Management.ContainerRegistry,
Vortice.DXGI,3.8.3,2054241.0,readme; xml docs,0,,,README.md,,,lib/net10.0/Vortice.DXGI.xml,https://github.com/amerkoleci/vortice.windows,,,,,,https://www.nuget.org/packages/Vortice.DXGI,
Microsoft.Extensions.ServiceDiscovery.Yarp,10.9.0,2049641.0,hand-written site; readme; xml docs; homepage,2,https://dot.net/,,README.md,,,lib/net10.0/Microsoft.Extensions.ServiceDiscovery.Yarp.xml,https://github.com/dotnet/extensions,,,,https://dot.net/,,https://www.nuget.org/packages/Microsoft.Extensions.ServiceDiscovery.Yarp,
Microsoft.ML.Recommender,0.23.0,2049310.0,hand-written site; xml docs; homepage,2,https://dot.net/ml,,,,,lib/netstandard2.0/Microsoft.ML.Recommender.xml,https://github.com/dotnet/machinelearning,,,,https://dot.net/ml,,https://www.nuget.org/packages/Microsoft.ML.Recommender,
System.Device.Gpio,4.2.0,2043732.0,readme; xml docs; homepage,1,,,README.md,,,lib/net8.0/System.Device.Gpio.xml,https://github.com/dotnet/iot,,,,https://github.com/dotnet/iot,,https://www.nuget.org/packages/System.Device.Gpio,
CliFx,3.0.1,2042761.0,xml docs; homepage,1,,,,,,lib/net10.0/CliFx.xml,https://github.com/tyrrrz/clifx,,,,https://github.com/Tyrrrz/CliFx,,https://www.nuget.org/packages/CliFx,
Google.Apis.CustomSearchAPI.v1,1.74.0.3520,2027999.0,xml docs; homepage,1,,,,,,lib/net462/Google.Apis.CustomSearchAPI.v1.xml,https://github.com/google/google-api-dotnet-client,,,,https://github.com/google/google-api-dotnet-client,,https://www.nuget.org/packages/Google.Apis.CustomSearchAPI.v1,
Azure.ResourceManager.CognitiveServices,1.5.2,2023018.0,readme; xml docs; homepage,1,,,README.md,,,lib/net8.0/Azure.ResourceManager.CognitiveServices.xml,https://github.com/azure/azure-sdk-for-net,,,,https://github.com/Azure/azure-sdk-for-net/blob/Azure.ResourceManager.CognitiveServices_1.5.2/sdk/cognitiveservices/Azure.ResourceManager.CognitiveServices/README.md,,https://www.nuget.org/packages/Azure.ResourceManager.CognitiveServices,
Azure.Identity.Broker,1.7.0,2022391.0,readme; xml docs; homepage,1,,,README.md,,,lib/net10.0/Azure.Identity.Broker.xml,https://github.com/azure/azure-sdk-for-net,,,,https://github.com/Azure/azure-sdk-for-net/blob/Azure.Identity.Broker_1.7.0/sdk/identity/Azure.Identity.Broker/README.md,,https://www.nuget.org/packages/Azure.Identity.Broker,
Microsoft.Orleans.Streaming.AzureStorage,10.3.1,2014355.0,readme; xml docs; homepage,1,,,README.md,,,lib/net10.0/Orleans.Streaming.AzureStorage.xml,https://github.com/dotnet/orleans,,,,https://github.com/dotnet/orleans,,https://www.nuget.org/packages/Microsoft.Orleans.Streaming.AzureStorage,
XAMLMarkupExtensions,2.1.3,2006892.0,xml docs; homepage,1,,,,,,lib/net40/XAMLMarkupExtensions.xml,https://github.com/xamlmarkupextensions/xamlmarkupextensions,,,,https://github.com/XAMLMarkupExtensions/XAMLMarkupExtensions,,https://www.nuget.org/packages/XAMLMarkupExtensions,
Spectre.Console.Testing,0.57.2,2000756.0,readme; xml docs; homepage,1,,,README.md,,,lib/net10.0/Spectre.Console.Testing.xml,https://github.com/spectreconsole/spectre.console,,,,https://github.com/spectreconsole/spectre.console,,https://www.nuget.org/packages/Spectre.Console.Testing,
Microsoft.OpenApi.YamlReader,3.10.2,1985799.0,readme; homepage,1,,,README.md,,,,https://github.com/microsoft/openapi.net,,,,https://github.com/Microsoft/OpenAPI.NET,,https://www.nuget.org/packages/Microsoft.OpenApi.YamlReader,
Microsoft.WindowsAzure.Management.Compute,14.0.0,1983692.0,xml docs; homepage,1,,,,,,lib/portable-net45%2Bwp8%2Bwpa81%2Bwin/Microsoft.WindowsAzure.Management.Compute.xml,https://github.com/windowsazure/azure-sdk-for-net,,,,https://github.com/WindowsAzure/azure-sdk-for-net,,https://www.nuget.org/packages/Microsoft.WindowsAzure.Management.Compute,
AWSSDK.BedrockAgentRuntime,4.0.102.4,1967154.0,xml docs; homepage,1,,,,,,lib/net472/AWSSDK.BedrockAgentRuntime.xml,https://github.com/aws/aws-sdk-net,,,,https://github.com/aws/aws-sdk-net/,,https://www.nuget.org/packages/AWSSDK.BedrockAgentRuntime,
VideoLAN.LibVLC.Windows,3.0.23.1,1952688.0,hand-written site; readme; homepage,2,https://code.videolan.org/videolan/libvlc-nuget,,build/x64/lua/http/requests/README.txt,,,,,,,,https://code.videolan.org/videolan/libvlc-nuget,,https://www.nuget.org/packages/VideoLAN.LibVLC.Windows,
Grace.DependencyInjection.Extensions,7.1.0,1950184.0,xml docs; homepage,1,,,,,,lib/net5.0/Grace.DependencyInjection.Extensions.xml,https://github.com/ipjohnson/grace,,,,https://github.com/ipjohnson/Grace,,https://www.nuget.org/packages/Grace.DependencyInjection.Extensions,
ZeroFormatter,1.6.4,1942768.0,homepage,1,,,,,,,https://github.com/neuecc/zeroformatter,,,,https://github.com/neuecc/ZeroFormatter/,,https://www.nuget.org/packages/ZeroFormatter,
Testcontainers.CosmosDb,4.15.0,1937551.0,hand-written site; readme; xml docs; homepage,2,https://dotnet.testcontainers.org/,,README.md,,,lib/net10.0/Testcontainers.CosmosDb.xml,https://github.com/testcontainers/testcontainers-dotnet,,,,https://dotnet.testcontainers.org/,,https://www.nuget.org/packages/Testcontainers.CosmosDb,
OrchardCore.Module.Targets,3.0.1,1935904.0,hand-written site; xml docs; homepage,2,https://www.orchardcore.net/,,,,,lib/net10.0/OrchardCore.Module.Targets.xml,https://github.com/orchardcms/orchardcore,,,,https://www.orchardcore.net/,,https://www.nuget.org/packages/OrchardCore.Module.Targets,
Microsoft.Azure.Management.Dns,3.0.1,1933589.0,xml docs; homepage,1,,,,,,lib/net452/Microsoft.Azure.Management.Dns.xml,https://github.com/azure/azure-sdk-for-net,,,,https://github.com/Azure/azure-sdk-for-net,,https://www.nuget.org/packages/Microsoft.Azure.Management.Dns,
Equ,2.3.0,1928346.0,homepage,1,,,,,,,https://github.com/thedmi/equ,,,,https://github.com/thedmi/Equ,,https://www.nuget.org/packages/Equ,
Avalonia.Xaml.Behaviors,11.3.0.6,1926416.0,homepage,1,,,,,,,https://github.com/wieslawsoltes/xaml.behaviors,,,,https://github.com/wieslawsoltes/Xaml.Behaviors,,https://www.nuget.org/packages/Avalonia.Xaml.Behaviors,
MvvmCross.Core,5.7.0,1921106.0,homepage,1,,,,,,,https://github.com/mvvmcross/mvvmcross,,,,https://github.com/MvvmCross/MvvmCross,,https://www.nuget.org/packages/MvvmCross.Core,
AWSSDK.BedrockAgent,4.0.101.1,1920957.0,xml docs; homepage,1,,,,,,lib/net472/AWSSDK.BedrockAgent.xml,https://github.com/aws/aws-sdk-net,,,,https://github.com/aws/aws-sdk-net/,,https://www.nuget.org/packages/AWSSDK.BedrockAgent,
Xamarin.iOS.MaterialComponents,92.0.0,1918252.0,hand-written site; homepage,2,https://go.microsoft.com/fwlink/?linkid=2060919,,,,,,,,,,https://go.microsoft.com/fwlink/?linkid=2060919,,https://www.nuget.org/packages/Xamarin.iOS.MaterialComponents,
Ardalis.EFCore.Extensions,6.0.0,1910810.0,homepage,1,,,,,,,https://github.com/ardalis/efcore.extensions,,,,https://github.com/ardalis/EFCore.Extensions,,https://www.nuget.org/packages/Ardalis.EFCore.Extensions,
Aspire.Microsoft.Data.SqlClient,13.5.3,1896232.0,readme; xml docs; homepage,1,,,README.md,,,lib/net10.0/Aspire.Microsoft.Data.SqlClient.xml,https://github.com/microsoft/aspire,,,,https://github.com/microsoft/aspire,,https://www.nuget.org/packages/Aspire.Microsoft.Data.SqlClient,
QuantConnect.pythonnet,2.0.66,1894949.0,hand-written site; readme; homepage,2,https://pythonnet.github.io/,,README.md,,,,https://github.com/pythonnet/pythonnet,,,,https://pythonnet.github.io/,,https://www.nuget.org/packages/QuantConnect.pythonnet,
Microsoft.WindowsAzure.Management.Storage,6.0.1,1874962.0,xml docs; homepage,1,,,,,,lib/portable-net45%2Bwp8%2Bwpa81%2Bwin/Microsoft.WindowsAzure.Management.Storage.xml,https://github.com/windowsazure/azure-sdk-for-net,,,,https://github.com/WindowsAzure/azure-sdk-for-net,,https://www.nuget.org/packages/Microsoft.WindowsAzure.Management.Storage,
OrchardCore.Translations.All,3.0.0,1863121.0,hand-written site; homepage,2,https://www.orchardcore.net/,,,,,,https://github.com/orchardcms/orchardcore,,,,https://www.orchardcore.net/,,https://www.nuget.org/packages/OrchardCore.Translations.All,
Microsoft.OpenApi.ApiManifest,3.0.0-preview.1,1857788.0,homepage,1,,,,,,,https://github.com/microsoft/openapi.apimanifest,,,,https://github.com/Microsoft/OpenApi.ApiManifest,,https://www.nuget.org/packages/Microsoft.OpenApi.ApiManifest,
NBitcoin.Altcoins,6.0.4,1855327.0,homepage,1,,,,,,,https://github.com/metacosa/nbitcoin,,,,https://github.com/MetacoSA/NBitcoin,,https://www.nuget.org/packages/NBitcoin.Altcoins,
Castle.Windsor.Extensions.DependencyInjection,6.0.0,1848834.0,hand-written site; xml docs; homepage,2,http://www.castleproject.org/projects/windsor/,,,,,lib/net6.0/Castle.Windsor.Extensions.DependencyInjection.xml,https://github.com/castleproject/windsor,,,,http://www.castleproject.org/projects/windsor/,,https://www.nuget.org/packages/Castle.Windsor.Extensions.DependencyInjection,
Microsoft.Maui.Controls.Maps,10.0.101,1841148.0,readme; xml docs; homepage,1,,,README.md,,,lib/net10.0/Microsoft.Maui.Controls.Maps.xml,https://github.com/dotnet/maui,,,,https://github.com/dotnet/maui,,https://www.nuget.org/packages/Microsoft.Maui.Controls.Maps,
Aspire.Azure.Storage.Queues,13.5.3,1835377.0,readme; xml docs; homepage,1,,,README.md,,,lib/net10.0/Aspire.Azure.Storage.Queues.xml,https://github.com/microsoft/aspire,,,,https://github.com/microsoft/aspire,,https://www.nuget.org/packages/Aspire.Azure.Storage.Queues,
Magick.NET-Q16-x86,14.17.1,1830089.0,readme; xml docs; homepage,1,,,docs/Readme.md,,,lib/net8.0/Magick.NET-Q16-x86.xml,https://github.com/dlemstra/magick.net,,,,https://github.com/dlemstra/Magick.NET,,https://www.nuget.org/packages/Magick.NET-Q16-x86,
Vortice.Direct3D11,3.8.3,1813641.0,readme; xml docs,0,,,README.md,,,lib/net10.0/Vortice.Direct3D11.xml,https://github.com/amerkoleci/vortice.windows,,,,,,https://www.nuget.org/packages/Vortice.Direct3D11,
Nullable.Extended.Analyzer,1.16.6891,1812657.0,homepage,1,,,,,,,https://github.com/tom-englert/nullable.extended.analyzer,,,,https://github.com/tom-englert/Nullable.Extended.Analyzer,,https://www.nuget.org/packages/Nullable.Extended.Analyzer,
Microsoft.AspNet.SignalR.ServiceBus,2.4.3,1811005.0,hand-written site; xml docs; homepage,2,https://www.asp.net/signalr,,,,,lib/net45/Microsoft.AspNet.SignalR.ServiceBus.xml,https://github.com/signalr/signalr,,,,https://www.asp.net/signalr,,https://www.nuget.org/packages/Microsoft.AspNet.SignalR.ServiceBus,
CefSharp.OffScreen,151.3.240,1807974.0,readme; xml docs; homepage,1,,,Readme.txt,,,lib/net462/CefSharp.OffScreen.xml,https://github.com/cefsharp/cefsharp,,,,https://github.com/cefsharp/CefSharp,,https://www.nuget.org/packages/CefSharp.OffScreen,
WPFLocalizeExtension,3.10.0,1802857.0,xml docs; homepage,1,,,,,,lib/net40/WPFLocalizeExtension.xml,https://github.com/xamlmarkupextensions/wpflocalizationextension,,,,https://github.com/XAMLMarkupExtensions/WPFLocalizationExtension/,,https://www.nuget.org/packages/WPFLocalizeExtension,
Microsoft.AspNetCore.Components.CustomElements,10.0.12,1802480.0,hand-written site; homepage,2,https://asp.net/,,,,,,https://github.com/dotnet/aspnetcore,,,,https://asp.net/,,https://www.nuget.org/packages/Microsoft.AspNetCore.Components.CustomElements,
Magick.NET-Q8-x86,14.17.1,1796417.0,readme; xml docs; homepage,1,,,docs/Readme.md,,,lib/net8.0/Magick.NET-Q8-x86.xml,https://github.com/dlemstra/magick.net,,,,https://github.com/dlemstra/Magick.NET,,https://www.nuget.org/packages/Magick.NET-Q8-x86,
Xamarin.Plugin.FilePicker,2.1.41,1786195.0,xml docs; homepage,1,,,,,,lib/netstandard1.0/Plugin.FilePicker.xml,https://github.com/jfversluis/filepicker-plugin-for-xamarin-and-windows,,,,https://github.com/jfversluis/FilePicker-Plugin-for-Xamarin-and-Windows,,https://www.nuget.org/packages/Xamarin.Plugin.FilePicker,
Appveyor.TestLogger,2.0.0,1782994.0,homepage,1,,,,,,,https://github.com/faizan2304/loggerextensions,,,,https://github.com/Faizan2304/LoggerExtensions,,https://www.nuget.org/packages/Appveyor.TestLogger,
Avalonia.AvaloniaEdit,12.0.0,1782958.0,,0,,,,,,,https://github.com/avaloniaui/avaloniaedit,,,,,,https://www.nuget.org/packages/Avalonia.AvaloniaEdit,
Microsoft.Azure.Management.ApplicationInsights,0.3.0-preview,1769415.0,xml docs; homepage,1,,,,,,lib/net452/Microsoft.Azure.Management.ApplicationInsights.xml,https://github.com/azure/azure-sdk-for-net,,,,https://github.com/Azure/azure-sdk-for-net,,https://www.nuget.org/packages/Microsoft.Azure.Management.ApplicationInsights,
Testcontainers.Minio,4.15.0,1767298.0,hand-written site; readme; xml docs; homepage,2,https://dotnet.testcontainers.org/,,README.md,,,lib/net10.0/Testcontainers.Minio.xml,https://github.com/testcontainers/testcontainers-dotnet,,,,https://dotnet.testcontainers.org/,,https://www.nuget.org/packages/Testcontainers.Minio,
CommandDotNet,8.1.1,1762915.0,homepage,1,,,,,,,https://github.com/bilal-fazlani/commanddotnet,,,,https://github.com/bilal-fazlani/CommandDotNet,,https://www.nuget.org/packages/CommandDotNet,
Vanara.PInvoke.Security,5.0.7,1757606.0,xml docs; homepage,1,,,,,,lib/net10.0-windows7.0/Vanara.PInvoke.Security.xml,https://github.com/dahall/vanara,,,,https://github.com/dahall/vanara,,https://www.nuget.org/packages/Vanara.PInvoke.Security,
Microsoft.AspNetCore.Server.WebListener,1.1.4,1747122.0,hand-written site; xml docs; homepage,2,https://www.asp.net/,,,,,lib/net451/Microsoft.AspNetCore.Server.WebListener.xml,,,,,https://www.asp.net/,,https://www.nuget.org/packages/Microsoft.AspNetCore.Server.WebListener,
Senparc.NeuChar.App,1.6.0,1745462.0,xml docs; homepage,1,,,,,,lib/net462/Senparc.NeuChar.App.xml,https://github.com/jeffreysu/weixinmpsdk,,,,https://github.com/JeffreySu/WeiXinMPSDK,,https://www.nuget.org/packages/Senparc.NeuChar.App,
Microsoft.Azure.Management.ApiManagement,8.0.0-preview,1736264.0,xml docs; homepage,1,,,,,,lib/net452/Microsoft.Azure.Management.ApiManagement.xml,https://github.com/azure/azure-sdk-for-net,,,,https://github.com/Azure/azure-sdk-for-net,,https://www.nuget.org/packages/Microsoft.Azure.Management.ApiManagement,
ILRepack.Lib.MSBuild.Task,2.0.46,1723142.0,homepage,1,,,,,,,https://github.com/ravibpatel/ilrepack.lib.msbuild.task,,,,https://github.com/ravibpatel/ILRepack.Lib.MSBuild.Task,,https://www.nuget.org/packages/ILRepack.Lib.MSBuild.Task,
Microsoft.AspNet.Mvc.zh-Hans,5.3.0,1706645.0,hand-written site; homepage,2,https://www.asp.net/mvc,,,,,,,,,,https://www.asp.net/mvc,,https://www.nuget.org/packages/Microsoft.AspNet.Mvc.zh-Hans,
MvvmCross.Binding,5.7.0,1700856.0,homepage,1,,,,,,,https://github.com/mvvmcross/mvvmcross,,,,https://github.com/MvvmCross/MvvmCross,,https://www.nuget.org/packages/MvvmCross.Binding,
Microsoft.Azure.Management.Redis,8.0.0,1699929.0,xml docs; homepage,1,,,,,,lib/net452/Microsoft.Azure.Management.Redis.xml,https://github.com/azure/azure-sdk-for-net,,,,https://github.com/Azure/azure-sdk-for-net,,https://www.nuget.org/packages/Microsoft.Azure.Management.Redis,
Avalonia.HarfBuzz,12.1.2,1689017.0,hand-written site; xml docs; homepage,2,https://avaloniaui.net/?utm_source=nuget&utm_medium=referral&utm_content=project_homepage_link,,,,,lib/net10.0/Avalonia.HarfBuzz.xml,https://github.com/avaloniaui/avalonia,,,,https://avaloniaui.net/?utm_source=nuget&utm_medium=referral&utm_content=project_homepage_link,,https://www.nuget.org/packages/Avalonia.HarfBuzz,
Microsoft.AspNet.Razor.zh-Hans,3.3.0,1677214.0,hand-written site; homepage,2,https://www.asp.net/web-pages,,,,,,,,,,https://www.asp.net/web-pages,,https://www.nuget.org/packages/Microsoft.AspNet.Razor.zh-Hans,
Tencent.QCloud.Cos.Sdk,5.4.51,1673064.0,,0,,,,,,,,,,,,,https://www.nuget.org/packages/Tencent.QCloud.Cos.Sdk,
Microsoft.Azure.Management.ResourceGraph,2.1.0,1672790.0,xml docs; homepage,1,,,,,,lib/net452/Microsoft.Azure.Management.ResourceGraph.xml,https://github.com/azure/azure-sdk-for-net,,,,https://github.com/Azure/azure-sdk-for-net,,https://www.nuget.org/packages/Microsoft.Azure.Management.ResourceGraph,
Azure.AI.ContentSafety,1.0.0,1668377.0,readme; xml docs; homepage,1,,,README.md,,,lib/netstandard2.0/Azure.AI.ContentSafety.xml,https://github.com/azure/azure-sdk-for-net,,,,https://github.com/Azure/azure-sdk-for-net/blob/Azure.AI.ContentSafety_1.0.0/sdk/contentsafety/Azure.AI.ContentSafety/README.md,,https://www.nuget.org/packages/Azure.AI.ContentSafety,
Microsoft.AspNet.WebPages.zh-Hans,3.3.0,1663127.0,hand-written site; homepage,2,https://www.asp.net/web-pages,,,,,,,,,,https://www.asp.net/web-pages,,https://www.nuget.org/packages/Microsoft.AspNet.WebPages.zh-Hans,
SkiaSharp.Views.WinUI,4.152.0,1658159.0,hand-written site; readme; homepage,2,https://go.microsoft.com/fwlink/?linkid=868515,,README.md,,,,,,,,https://go.microsoft.com/fwlink/?linkid=868515,,https://www.nuget.org/packages/SkiaSharp.Views.WinUI,
Xamarin.AndroidX.Core.SplashScreen,1.2.0.3,1652802.0,hand-written site; readme; xml docs; homepage,2,https://aka.ms/android-libraries,,readme.md,,,lib/net9.0-android35.0/Xamarin.AndroidX.Core.SplashScreen.xml,https://github.com/dotnet/android-libraries,,,,https://aka.ms/android-libraries,,https://www.nuget.org/packages/Xamarin.AndroidX.Core.SplashScreen,
YubicoDotNetClient,1.2.0,1639912.0,homepage,1,,,,,,,https://github.com/yubico/yubico-dotnet-client,,,,https://github.com/Yubico/yubico-dotnet-client,,https://www.nuget.org/packages/YubicoDotNetClient,
HidSharpCore,1.3.0,1627935.0,,0,,,,,,,,,,,,,https://www.nuget.org/packages/HidSharpCore,
Microsoft.VisualStudio.ProjectSystem,17.9.380,1627477.0,hand-written site; xml docs; homepage,2,https://aka.ms/VSProjectSystemExtensibility,,,,,lib/net472/Microsoft.VisualStudio.ProjectSystem.xml,,,,,https://aka.ms/VSProjectSystemExtensibility,,https://www.nuget.org/packages/Microsoft.VisualStudio.ProjectSystem,
Xamarin.Google.MLKit.BarcodeScanning,117.3.0.9,1622516.0,hand-written site; readme; xml docs; homepage,2,https://aka.ms/android-libraries,,readme.md,,,lib/net9.0-android35.0/Xamarin.Google.MLKit.BarcodeScanning.xml,https://github.com/dotnet/android-libraries,,,,https://aka.ms/android-libraries,,https://www.nuget.org/packages/Xamarin.Google.MLKit.BarcodeScanning,
Stashbox,5.21.0,1611835.0,hand-written site; readme; xml docs; homepage,2,https://z4kn4fein.github.io/stashbox,,README.md,,,lib/net10.0/Stashbox.xml,https://github.com/z4kn4fein/stashbox,,,,https://z4kn4fein.github.io/stashbox,,https://www.nuget.org/packages/Stashbox,
DialogHost.Avalonia,0.12.3,1589075.0,readme; xml docs; homepage,1,,,README.md,,,lib/net8.0/DialogHost.Avalonia.xml,https://github.com/avaloniautils/dialoghost.avalonia,,,,https://github.com/AvaloniaUtils/DialogHost.Avalonia/,,https://www.nuget.org/packages/DialogHost.Avalonia,
AlphaFS,2.2.6,1587465.0,hand-written site; xml docs; homepage,2,https://alphafs.alphaleonis.com/,,,,,lib/net35/AlphaFS.xml,,,,,https://alphafs.alphaleonis.com/,,https://www.nuget.org/packages/AlphaFS,
Avalonia.Headless,12.1.2,1576015.0,hand-written site; xml docs; homepage,2,https://avaloniaui.net/?utm_source=nuget&utm_medium=referral&utm_content=project_homepage_link,,,,,lib/net10.0/Avalonia.Headless.xml,https://github.com/avaloniaui/avalonia,,,,https://avaloniaui.net/?utm_source=nuget&utm_medium=referral&utm_content=project_homepage_link,,https://www.nuget.org/packages/Avalonia.Headless,
Mono.Nat,3.0.4,1572108.0,xml docs; homepage,1,,,,,,lib/net6.0/Mono.Nat.xml,https://github.com/mono/mono.nat,,,,https://github.com/mono/Mono.Nat,,https://www.nuget.org/packages/Mono.Nat,
Microsoft.CodeAnalysis.CSharp.Analyzer.Testing.MSTest,1.1.2,1566478.0,xml docs; homepage,1,,,,,,lib/net452/Microsoft.CodeAnalysis.CSharp.Analyzer.Testing.MSTest.xml,https://github.com/dotnet/roslyn-sdk,,,,https://github.com/dotnet/roslyn-sdk,,https://www.nuget.org/packages/Microsoft.CodeAnalysis.CSharp.Analyzer.Testing.MSTest,
Microsoft.Azure.Management.Automation,2.0.7,1546696.0,homepage,1,,,,,,,https://github.com/windowsazure/azure-sdk-for-net,,,,https://github.com/Azure/azure-sdk-for-net,,https://www.nuget.org/packages/Microsoft.Azure.Management.Automation,
VirtualizingWrapPanel,2.5.4,1545698.0,hand-written site; readme; homepage,2,https://sbaeumlisberger.github.io/VirtualizingWrapPanel/docs/getting-started.html,,README.md,,,,https://github.com/sbaeumlisberger/virtualizingwrappanel,,,,https://sbaeumlisberger.github.io/VirtualizingWrapPanel/docs/getting-started.html,,https://www.nuget.org/packages/VirtualizingWrapPanel,
DiscUtils.Udf,0.16.13,1534788.0,xml docs; homepage,1,,,,,,lib/net40/DiscUtils.Udf.xml,https://github.com/discutils/discutils,,,,https://github.com/DiscUtils/DiscUtils,,https://www.nuget.org/packages/DiscUtils.Udf,
Microsoft.Orleans.EventSourcing,10.3.1,1534009.0,readme; xml docs; homepage,1,,,README.md,,,lib/net10.0/Orleans.EventSourcing.xml,https://github.com/dotnet/orleans,,,,https://github.com/dotnet/orleans,,https://www.nuget.org/packages/Microsoft.Orleans.EventSourcing,
Microsoft.WindowsAzure.Management,4.1.3,1531357.0,xml docs; homepage,1,,,,,,lib/portable-net45%2Bwp8%2Bwpa81%2Bwin/Microsoft.WindowsAzure.Management.xml,https://github.com/windowsazure/azure-sdk-for-net,,,,https://github.com/WindowsAzure/azure-sdk-for-net,,https://www.nuget.org/packages/Microsoft.WindowsAzure.Management,
Microsoft.ApplicationBlocks.Data,2.0.0,1525458.0,hand-written site; homepage,2,https://msdn.microsoft.com/library/en-us/dnbda/html/daab-rm.asp,,,,,,,,,,https://msdn.microsoft.com/library/en-us/dnbda/html/daab-rm.asp,,https://www.nuget.org/packages/Microsoft.ApplicationBlocks.Data,
SharpDX.XInput,4.2.0,1525163.0,hand-written site; xml docs; homepage,2,http://sharpdx.org/,,,,,lib/net40/SharpDX.XInput.xml,https://github.com/sharpdx/sharpdx,,,,http://sharpdx.org/,,https://www.nuget.org/packages/SharpDX.XInput,
CefSharp.Wpf.NETCore,151.3.240,1510200.0,readme; xml docs; homepage,1,,,Readme.txt,,,lib/net6.0-windows7.0/CefSharp.Wpf.xml,https://github.com/cefsharp/cefsharp,,,,https://github.com/cefsharp/CefSharp,,https://www.nuget.org/packages/CefSharp.Wpf.NETCore,
ICU4N.Transliterator,60.1.0-alpha.356,1505510.0,xml docs; homepage,1,,,,,,lib/net40/ICU4N.Transliterator.xml,https://github.com/nightowl888/icu4n,,,,https://github.com/NightOwl888/ICU4N/,,https://www.nuget.org/packages/ICU4N.Transliterator,
RepoDb.SqlServer,1.16.0,1505210.0,hand-written site; readme; xml docs; homepage,2,https://repodb.net/tutorial/get-started-sqlserver,,README.md,,,lib/net10.0/RepoDb.SqlServer.xml,https://github.com/mikependon/repodb,,,,https://repodb.net/tutorial/get-started-sqlserver,,https://www.nuget.org/packages/RepoDb.SqlServer,
Microsoft.Azure.Management.Cdn,6.1.0,1494558.0,xml docs; homepage,1,,,,,,lib/net452/Microsoft.Azure.Management.Cdn.xml,https://github.com/azure/azure-sdk-for-net,,,,https://github.com/Azure/azure-sdk-for-net,,https://www.nuget.org/packages/Microsoft.Azure.Management.Cdn,
Velopack,1.2.0,1492561.0,readme; xml docs; homepage,1,,,README_NUGET.md,,,lib/net10.0/Velopack.xml,https://github.com/velopack/velopack,,,,https://github.com/velopack/velopack,,https://www.nuget.org/packages/Velopack,
ColorCode.UWP,2.0.15,1477382.0,homepage,1,,,,,,,https://github.com/communitytoolkit/colorcode-universal,,,,https://github.com/CommunityToolkit/ColorCode-Universal,,https://www.nuget.org/packages/ColorCode.UWP,
zlib.net,1.0.4,1467096.0,hand-written site; homepage,2,http://www.componentace.com/zlib_.NET.htm,,,,,,,,,,http://www.componentace.com/zlib_.NET.htm,,https://www.nuget.org/packages/zlib.net,
Microsoft.Windows.CsWinRT,2.3.1,1465636.0,readme; homepage,1,,,readme.txt,,,,https://github.com/microsoft/cswinrt,,,,https://github.com/microsoft/cswinrt,,https://www.nuget.org/packages/Microsoft.Windows.CsWinRT,
DeviceId.Windows,6.11.0,1449844.0,readme; xml docs; homepage,1,,,readme.md,,,lib/net10.0-windows10.0.17763/DeviceId.Windows.xml,https://github.com/matthewking/deviceid,,,,https://github.com/MatthewKing/DeviceId,,https://www.nuget.org/packages/DeviceId.Windows,
Plotly.NET,5.1.0,1445660.0,hand-written site; xml docs; homepage,2,https://plotly.net/,,,,,lib/netstandard2.0/Plotly.NET.xml,https://github.com/plotly/plotly.net,,,,https://plotly.net/,,https://www.nuget.org/packages/Plotly.NET,
NetVips.Native,8.18.6,1430788.0,hand-written site; homepage,2,https://kleisauke.github.io/net-vips,,,,,,https://github.com/kleisauke/net-vips,,,,https://kleisauke.github.io/net-vips,,https://www.nuget.org/packages/NetVips.Native,
Azure.Provisioning.CosmosDB,1.0.0,1430338.0,readme; xml docs; homepage,1,,,README.md,,,lib/netstandard2.0/Azure.Provisioning.CosmosDB.xml,https://github.com/azure/azure-sdk-for-net,,,,https://github.com/Azure/azure-sdk-for-net/blob/Azure.Provisioning.CosmosDB_1.0.0/sdk/provisioning/Azure.Provisioning.CosmosDB/README.md,,https://www.nuget.org/packages/Azure.Provisioning.CosmosDB,
Vanara.PInvoke.Gdi32,5.0.7,1415971.0,xml docs; homepage,1,,,,,,lib/net10.0-windows7.0/Vanara.PInvoke.Gdi32.xml,https://github.com/dahall/vanara,,,,https://github.com/dahall/vanara,,https://www.nuget.org/packages/Vanara.PInvoke.Gdi32,
Clipper2,2.0.0,1399989.0,hand-written site; readme; homepage,2,https://www.angusj.com/clipper2/Docs/Overview.htm,,README.md,,,,https://github.com/angusjohnson/clipper2,,,,https://www.angusj.com/clipper2/Docs/Overview.htm,,https://www.nuget.org/packages/Clipper2,
Ardalis.HttpClientTestExtensions,4.2.0,1398512.0,readme; homepage,1,,,README.md,,,,https://github.com/ardalis/httpclienttestextensions,,,,https://github.com/ardalis/HttpClientTestExtensions,,https://www.nuget.org/packages/Ardalis.HttpClientTestExtensions,
Ecng.Compilation,1.0.331,1396705.0,hand-written site; readme; xml docs; homepage,2,https://stocksharp.com/,,README.md,,,lib/net10.0/Ecng.Compilation.xml,https://github.com/stocksharp/ecng,,,,https://stocksharp.com/,,https://www.nuget.org/packages/Ecng.Compilation,
Microsoft.Azure.Management.Subscription,2.0.0,1392809.0,xml docs; homepage,1,,,,,,lib/net452/Microsoft.Azure.Management.Subscription.xml,https://github.com/azure/azure-sdk-for-net,,,,https://github.com/Azure/azure-sdk-for-net,,https://www.nuget.org/packages/Microsoft.Azure.Management.Subscription,
TorchSharp,0.107.0,1390883.0,homepage,1,,,,,,,https://github.com/dotnet/torchsharp,,,,https://github.com/dotnet/TorchSharp,,https://www.nuget.org/packages/TorchSharp,
SQLitePCLRaw.provider.internal.ios_unified,1.1.14,1377772.0,homepage,1,,,,,,,https://github.com/ericsink/sqlitepcl.raw,,,,https://github.com/ericsink/SQLitePCL.raw,,https://www.nuget.org/packages/SQLitePCLRaw.provider.internal.ios_unified,
Microsoft.WindowsAzure.Management.Sql,5.2.0,1374478.0,xml docs; homepage,1,,,,,,lib/portable-net45%2Bwp8%2Bwpa81%2Bwin/Microsoft.WindowsAzure.Management.Sql.xml,https://github.com/windowsazure/azure-sdk-for-net,,,,https://github.com/WindowsAzure/azure-sdk-for-net,,https://www.nuget.org/packages/Microsoft.WindowsAzure.Management.Sql,
SteamKit2,3.4.0,1374174.0,readme; xml docs; homepage,1,,,readme.txt,,,lib/net10.0/SteamKit2.xml,https://github.com/steamre/steamkit,,,,https://github.com/SteamRE/SteamKit,,https://www.nuget.org/packages/SteamKit2,
DuoUniversal,1.3.1,1372260.0,homepage,1,,,,,,,https://github.com/duosecurity/duo_universal_csharp,,,,https://github.com/duosecurity/duo_universal_csharp,,https://www.nuget.org/packages/DuoUniversal,
Microsoft.CodeAnalysis.VisualBasic.CodeFix.Testing,1.1.4,1371755.0,xml docs; homepage,1,,,,,,lib/net461/Microsoft.CodeAnalysis.VisualBasic.CodeFix.Testing.xml,https://github.com/dotnet/roslyn-sdk,,,,https://github.com/dotnet/roslyn-sdk,,https://www.nuget.org/packages/Microsoft.CodeAnalysis.VisualBasic.CodeFix.Testing,
Azure.AI.Extensions.OpenAI,2.0.0,1368826.0,readme; xml docs; homepage,1,,,README.md,,,lib/net10.0/Azure.AI.Extensions.OpenAI.xml,https://github.com/azure/azure-sdk-for-net,,,,https://github.com/Azure/azure-sdk-for-net/blob/Azure.AI.Extensions.OpenAI_2.0.0/sdk/ai/Azure.AI.Extensions.OpenAI/README.md,,https://www.nuget.org/packages/Azure.AI.Extensions.OpenAI,
Eto.Forms,2.11.0,1360315.0,xml docs; homepage,1,,,,,,lib/net10.0/Eto.xml,https://github.com/picoe/eto,,,,https://github.com/picoe/Eto,,https://www.nuget.org/packages/Eto.Forms,
Microsoft.WindowsAzure.Management.Scheduler,6.2.0,1358277.0,xml docs; homepage,1,,,,,,lib/portable-net45%2Bwp8%2Bwpa81%2Bwin/Microsoft.WindowsAzure.Management.Scheduler.xml,https://github.com/windowsazure/azure-sdk-for-net,,,,https://github.com/WindowsAzure/azure-sdk-for-net,,https://www.nuget.org/packages/Microsoft.WindowsAzure.Management.Scheduler,
Dotnet.Bundle,0.9.13,1356335.0,,0,,,,,,,,,,,,,https://www.nuget.org/packages/Dotnet.Bundle,
Microsoft.Azure.Insights,0.16.0-preview,1344749.0,xml docs; homepage,1,,,,,,lib/net452/Microsoft.Azure.Insights.xml,https://github.com/azure/azure-sdk-for-net,,,,https://github.com/Azure/azure-sdk-for-net,,https://www.nuget.org/packages/Microsoft.Azure.Insights,
Microsoft.CodeAnalysis.VisualBasic.Analyzer.Testing,1.1.4,1339826.0,xml docs; homepage,1,,,,,,lib/net461/Microsoft.CodeAnalysis.VisualBasic.Analyzer.Testing.xml,https://github.com/dotnet/roslyn-sdk,,,,https://github.com/dotnet/roslyn-sdk,,https://www.nuget.org/packages/Microsoft.CodeAnalysis.VisualBasic.Analyzer.Testing,
Microsoft.CodeAnalysis.VisualBasic.CodeRefactoring.Testing,1.1.4,1338760.0,xml docs; homepage,1,,,,,,lib/net461/Microsoft.CodeAnalysis.VisualBasic.CodeRefactoring.Testing.xml,https://github.com/dotnet/roslyn-sdk,,,,https://github.com/dotnet/roslyn-sdk,,https://www.nuget.org/packages/Microsoft.CodeAnalysis.VisualBasic.CodeRefactoring.Testing,
Volo.Abp.Identity.Web,10.6.0,1329545.0,hand-written site; xml docs; homepage,2,https://abp.io/,,,,,lib/net10.0/Volo.Abp.Identity.Web.xml,https://github.com/abpframework/abp,,,,https://abp.io/,,https://www.nuget.org/packages/Volo.Abp.Identity.Web,
Microsoft.AspNet.WebApi.WebHost.zh-Hans,5.3.0,1329332.0,hand-written site; homepage,2,https://www.asp.net/web-api,,,,,,,,,,https://www.asp.net/web-api,,https://www.nuget.org/packages/Microsoft.AspNet.WebApi.WebHost.zh-Hans,
Microsoft.VisualStudio.Workspace.VSIntegration,17.12.19,1322641.0,hand-written site; xml docs; homepage,2,https://aka.ms/VsExtensibility,,,,,lib/net472/Microsoft.VisualStudio.Workspace.VSIntegration.Contracts.xml,,,,,https://aka.ms/VsExtensibility,,https://www.nuget.org/packages/Microsoft.VisualStudio.Workspace.VSIntegration,
Microsoft.Orleans.Clustering.DynamoDB,10.3.1,1321761.0,readme; xml docs; homepage,1,,,README.md,,,lib/net10.0/Orleans.Clustering.DynamoDB.xml,https://github.com/dotnet/orleans,,,,https://github.com/dotnet/orleans,,https://www.nuget.org/packages/Microsoft.Orleans.Clustering.DynamoDB,
Dragablz,0.0.3.234,1319392.0,hand-written site; xml docs; homepage,2,http://dragablz.net/,,,,,lib/netcoreapp3.0/Dragablz.xml,,,,,http://dragablz.net/,,https://www.nuget.org/packages/Dragablz,
Microsoft.AspNetCore.Buffering,0.2.2,1314529.0,hand-written site; xml docs; homepage,2,https://www.asp.net/,,,,,lib/net451/Microsoft.AspNetCore.Buffering.xml,,,,,https://www.asp.net/,,https://www.nuget.org/packages/Microsoft.AspNetCore.Buffering,
Microsoft.WindowsAzure.Management.WebSites,4.0.0,1302186.0,xml docs; homepage,1,,,,,,lib/portable-net45%2Bsl50%2Bwp80%2Bwin/Microsoft.WindowsAzure.Management.WebSites.xml,https://github.com/windowsazure/azure-sdk-for-net,,,,https://github.com/WindowsAzure/azure-sdk-for-net,,https://www.nuget.org/packages/Microsoft.WindowsAzure.Management.WebSites,
Microsoft.Extensions.AI.AzureAIInference,10.0.0-preview.1.25559.3,1290510.0,hand-written site; readme; xml docs; homepage,2,https://dot.net/,,README.md,,,lib/net10.0/Microsoft.Extensions.AI.AzureAIInference.xml,https://github.com/dotnet/extensions,,,,https://dot.net/,,https://www.nuget.org/packages/Microsoft.Extensions.AI.AzureAIInference,
BitPay.Light,1.0.1907,1283449.0,hand-written site; homepage,2,https://bitpay.com/,,,,,,https://github.com/bitpay/csharp-bitpay-client,,,,https://bitpay.com/,,https://www.nuget.org/packages/BitPay.Light,
Vanara.PInvoke.User32,5.0.7,1270830.0,xml docs; homepage,1,,,,,,lib/net10.0-windows7.0/Vanara.PInvoke.User32.xml,https://github.com/dahall/vanara,,,,https://github.com/dahall/vanara,,https://www.nuget.org/packages/Vanara.PInvoke.User32,
Microsoft.AspNet.WebApi.Client.zh-Hans,6.0.0,1268571.0,hand-written site; homepage,2,https://www.asp.net/web-api,,,,,,,,,,https://www.asp.net/web-api,,https://www.nuget.org/packages/Microsoft.AspNet.WebApi.Client.zh-Hans,
Microsoft.AspNet.WebApi.Core.zh-Hans,5.3.0,1267751.0,hand-written site; homepage,2,https://www.asp.net/web-api,,,,,,,,,,https://www.asp.net/web-api,,https://www.nuget.org/packages/Microsoft.AspNet.WebApi.Core.zh-Hans,
Google.Cloud.TextToSpeech.V1,3.18.0,1266110.0,xml docs; homepage,1,,,,,,lib/net462/Google.Cloud.TextToSpeech.V1.xml,https://github.com/googleapis/google-cloud-dotnet,,,,https://github.com/googleapis/google-cloud-dotnet,,https://www.nuget.org/packages/Google.Cloud.TextToSpeech.V1,
Tewr.Blazor.FileReader,3.4.0.24340,1258922.0,xml docs; homepage,1,,,,,,lib/net5.0/Tewr.Blazor.FileReader.xml,https://github.com/tewr/blazorfilereader,,,,https://github.com/Tewr/BlazorFileReader,,https://www.nuget.org/packages/Tewr.Blazor.FileReader,
Azure.ResourceManager.OperationalInsights,1.3.2,1253544.0,readme; xml docs; homepage,1,,,README.md,,,lib/net10.0/Azure.ResourceManager.OperationalInsights.xml,https://github.com/azure/azure-sdk-for-net,,,,https://github.com/Azure/azure-sdk-for-net/blob/Azure.ResourceManager.OperationalInsights_1.3.2/sdk/operationalinsights/Azure.ResourceManager.OperationalInsights/README.md,,https://www.nuget.org/packages/Azure.ResourceManager.OperationalInsights,
Avalonia.Controls.ItemsRepeater,12.0.0,1248964.0,,0,,,,,,,https://github.com/avaloniaui/avalonia.controls.itemsrepeater,,,,,,https://www.nuget.org/packages/Avalonia.Controls.ItemsRepeater,
Microsoft.Web.Deployment,4.0.5,1240716.0,hand-written site; homepage,2,https://www.iis.net/downloads/microsoft/web-deploy,,,,,,,,,,https://www.iis.net/downloads/microsoft/web-deploy,,https://www.nuget.org/packages/Microsoft.Web.Deployment,
WindowsAPICodePack,8.0.15.2,1238696.0,readme; xml docs; homepage,1,,,Readme.md,,,lib/net10.0-windows7.0/Microsoft.WindowsAPICodePack.Core.xml,https://github.com/wagnerp/windows-api-codepack-net,,,,https://github.com/Wagnerp/Windows-API-CodePack-NET,,https://www.nuget.org/packages/WindowsAPICodePack,
Microsoft.DocAsCode.ECMA2Yaml,1.0.916,1238494.0,,0,,,,,,,,,,,,,https://www.nuget.org/packages/Microsoft.DocAsCode.ECMA2Yaml,
OrleansTestKit,10.0.0,1236926.0,readme; xml docs; homepage,1,,,README.md,,,lib/net10.0/OrleansTestKit.xml,https://github.com/orleanscontrib/orleanstestkit,,,,https://github.com/OrleansContrib/OrleansTestKit,,https://www.nuget.org/packages/OrleansTestKit,
Google.Apis.Tasks.v1,1.74.0.3958,1225757.0,xml docs; homepage,1,,,,,,lib/net462/Google.Apis.Tasks.v1.xml,https://github.com/google/google-api-dotnet-client,,,,https://github.com/google/google-api-dotnet-client,,https://www.nuget.org/packages/Google.Apis.Tasks.v1,
Microsoft.TestPlatform.TranslationLayer,18.9.0,1215557.0,readme; xml docs; homepage,1,,,README.md,,,lib/net462/Microsoft.TestPlatform.VsTestConsole.TranslationLayer.XML,https://github.com/microsoft/vstest,,,,https://github.com/microsoft/vstest,,https://www.nuget.org/packages/Microsoft.TestPlatform.TranslationLayer,
Microsoft.Orleans.Clustering.Redis,10.3.1,1207126.0,readme; xml docs; homepage,1,,,README.md,,,lib/net10.0/Orleans.Clustering.Redis.xml,https://github.com/dotnet/orleans,,,,https://github.com/dotnet/orleans,,https://www.nuget.org/packages/Microsoft.Orleans.Clustering.Redis,
Blazor.Extensions.Canvas,1.1.1,1206518.0,homepage,1,,,,,,,https://github.com/blazorextensions/canvas,,,,https://github.com/BlazorExtensions/Canvas,,https://www.nuget.org/packages/Blazor.Extensions.Canvas,
AdysTech.CredentialManager,3.1.0,1201693.0,readme; homepage,1,,,README.md,,,,https://github.com/adystech/credentialmanager,,,,https://github.com/AdysTech/CredentialManager,,https://www.nuget.org/packages/AdysTech.CredentialManager,
Pharmacist.Common,2.0.8,1199949.0,xml docs; homepage,1,,,,,,lib/net472/Pharmacist.Common.xml,https://github.com/reactiveui/pharmacist,,,,https://github.com/reactiveui/Pharmacist,,https://www.nuget.org/packages/Pharmacist.Common,
Microsoft.CodeAnalysis.FlowAnalysis.Utilities,2.9.6,1199697.0,xml docs; homepage,1,,,,,,lib/netstandard1.3/Microsoft.CodeAnalysis.FlowAnalysis.Utilities.xml,https://github.com/dotnet/roslyn-analyzers,,,,https://github.com/dotnet/roslyn-analyzers,,https://www.nuget.org/packages/Microsoft.CodeAnalysis.FlowAnalysis.Utilities,
ScreenRecorderLib,7.0.1,1196932.0,readme; homepage,1,,,README.md,,,,https://github.com/sskodje/screenrecorderlib,,,,https://github.com/sskodje/ScreenRecorderLib,,https://www.nuget.org/packages/ScreenRecorderLib,
DockPanelSuite,3.1.1,1195255.0,hand-written site; homepage,2,http://dockpanelsuite.com/,,,,,,,,,,http://dockpanelsuite.com/,,https://www.nuget.org/packages/DockPanelSuite,
GDAL,3.12.1,1195008.0,hand-written site; homepage,2,http://www.gdal.org/,,,,,,,,,,http://www.gdal.org/,,https://www.nuget.org/packages/GDAL,
OpenCvSharp4.WpfExtensions,4.13.0.20260627,1186666.0,readme; xml docs; homepage,1,,,README.managed.md,,,lib/net48/OpenCvSharp.WpfExtensions.xml,https://github.com/shimat/opencvsharp,,,,https://github.com/shimat/opencvsharp,,https://www.nuget.org/packages/OpenCvSharp4.WpfExtensions,
TextMateSharp,2.0.4,1183179.0,homepage,1,,,,,,,https://github.com/danipen/textmatesharp,,,,https://github.com/danipen/TextMateSharp,,https://www.nuget.org/packages/TextMateSharp,
Squid-Box.SevenZipSharp,1.6.2.24,1182853.0,readme; xml docs; homepage,1,,,docs/readme.md,,,lib/netstandard2.0/SevenZipSharp.xml,https://github.com/squid-box/sevenzipsharp,,,,https://github.com/squid-box/SevenZipSharp,,https://www.nuget.org/packages/Squid-Box.SevenZipSharp,
Downloader,5.9.6,1179422.0,readme; homepage,1,,,README.md,,,,https://github.com/bezzad/downloader,,,,https://github.com/bezzad/Downloader,,https://www.nuget.org/packages/Downloader,
SkiaSharp.Views.WindowsForms,4.152.0,1173638.0,hand-written site; readme; homepage,2,https://go.microsoft.com/fwlink/?linkid=868515,,README.md,,,,,,,,https://go.microsoft.com/fwlink/?linkid=868515,,https://www.nuget.org/packages/SkiaSharp.Views.WindowsForms,
FluentAvaloniaUI,3.1.0,1172633.0,xml docs,0,,,,,,lib/net10.0/FluentAvalonia.xml,https://github.com/amwx/fluentavalonia,,,,,,https://www.nuget.org/packages/FluentAvaloniaUI,
GDAL.Native,3.12.1,1172207.0,hand-written site; homepage,2,http://www.gdal.org/,,,,,,,,,,http://www.gdal.org/,,https://www.nuget.org/packages/GDAL.Native,
Senparc.Weixin.WxOpen,3.28.3,1167891.0,xml docs; homepage,1,,,,,,lib/netstandard2.0/Senparc.Weixin.WxOpen.xml,https://github.com/jeffreysu/weixinmpsdk,,,,https://github.com/JeffreySu/WeiXinMPSDK,,https://www.nuget.org/packages/Senparc.Weixin.WxOpen,
Aspire.Hosting.Azure.AppContainers,13.5.3,1166805.0,xml docs; homepage,1,,,,,,lib/net8.0/Aspire.Hosting.Azure.AppContainers.xml,https://github.com/microsoft/aspire,,,,https://github.com/microsoft/aspire,,https://www.nuget.org/packages/Aspire.Hosting.Azure.AppContainers,
ICSharpCode.SharpZipLib.Patched,1.2.0.9,1147741.0,xml docs; homepage,1,,,,,,lib/net45/ICSharpCode.SharpZipLib.xml,https://github.com/icsharpcode/sharpziplib,,,,https://github.com/icsharpcode/SharpZipLib,,https://www.nuget.org/packages/ICSharpCode.SharpZipLib.Patched,
LargeAddressAware,1.0.6,1144545.0,homepage,1,,,,,,,https://github.com/kirillosenkov/largeaddressaware,,,,https://github.com/KirillOsenkov/LargeAddressAware,,https://www.nuget.org/packages/LargeAddressAware,
Aspire.RabbitMQ.Client,13.5.3,1137195.0,readme; xml docs; homepage,1,,,README.md,,,lib/net10.0/Aspire.RabbitMQ.Client.xml,https://github.com/microsoft/aspire,,,,https://github.com/microsoft/aspire,,https://www.nuget.org/packages/Aspire.RabbitMQ.Client,
Senparc.CO2NET.AspNet,2.1.4,1136140.0,xml docs; homepage,1,,,,,,lib/net8.0/Senparc.CO2NET.AspNet.xml,https://github.com/senparc/senparc.co2net,,,,https://github.com/Senparc/Senparc.CO2NET,,https://www.nuget.org/packages/Senparc.CO2NET.AspNet,
Microsoft.Azure.Management.ManagedServiceIdentity,1.0.0,1135935.0,xml docs; homepage,1,,,,,,lib/net452/Microsoft.Azure.Management.ManagedServiceIdentity.xml,https://github.com/azure/azure-sdk-for-net,,,,https://github.com/Azure/azure-sdk-for-net,,https://www.nuget.org/packages/Microsoft.Azure.Management.ManagedServiceIdentity,
Google.Apis.Groupssettings.v1,1.74.0.2721,1135186.0,xml docs; homepage,1,,,,,,lib/net462/Google.Apis.Groupssettings.v1.xml,https://github.com/google/google-api-dotnet-client,,,,https://github.com/google/google-api-dotnet-client,,https://www.nuget.org/packages/Google.Apis.Groupssettings.v1,
SharpDX.DirectInput,4.2.0,1131478.0,hand-written site; xml docs; homepage,2,http://sharpdx.org/,,,,,lib/net40/SharpDX.DirectInput.xml,https://github.com/sharpdx/sharpdx,,,,http://sharpdx.org/,,https://www.nuget.org/packages/SharpDX.DirectInput,
SharpVectors.Wpf,1.8.6,1119121.0,xml docs; homepage,1,,,,,,lib/net10.0-windows7.0/SharpVectors.Converters.Wpf.xml,https://github.com/elinamllc/sharpvectors,,,,https://github.com/ElinamLLC/SharpVectors,,https://www.nuget.org/packages/SharpVectors.Wpf,
CryptSharpStandard,1.0.0,1117540.0,homepage,1,,,,,,,https://github.com/nyandika/cryptsharp,,,,https://github.com/nyandika/CryptSharp,,https://www.nuget.org/packages/CryptSharpStandard,
Blazor-Analytics,4.0.0,1108113.0,,0,,,,,,,https://github.com/isc30/blazor-analytics,,,,,,https://www.nuget.org/packages/Blazor-Analytics,
WPF-UI,4.3.0,1103240.0,readme; xml docs; homepage,1,,,README.md,,,lib/net10.0-windows7.0/Wpf.Ui.xml,https://github.com/lepoco/wpfui,,,,https://github.com/lepoco/wpfui,,https://www.nuget.org/packages/WPF-UI,
Microsoft.WindowsAzure.Management.Network,8.2.1,1096202.0,xml docs; homepage,1,,,,,,lib/portable-net45%2Bwp8%2Bwpa81%2Bwin/Microsoft.WindowsAzure.Management.Network.xml,https://github.com/windowsazure/azure-sdk-for-net,,,,https://github.com/WindowsAzure/azure-sdk-for-net,,https://www.nuget.org/packages/Microsoft.WindowsAzure.Management.Network,
Volo.Abp.AspNetCore.Mvc.UI.Theme.LeptonXLite,5.6.0,1096110.0,hand-written site; xml docs; homepage,2,https://commercial.abp.io/,,,,,lib/net10.0/Volo.Abp.AspNetCore.Mvc.UI.Theme.LeptonXLite.xml,,,,,https://commercial.abp.io/,,https://www.nuget.org/packages/Volo.Abp.AspNetCore.Mvc.UI.Theme.LeptonXLite,
EntityFramework.zh-Hans,6.2.0,1092020.0,hand-written site; homepage,2,https://go.microsoft.com/fwlink/?LinkId=263480&clcid=0x804,,,,,,,,,,https://go.microsoft.com/fwlink/?LinkId=263480&clcid=0x804,,https://www.nuget.org/packages/EntityFramework.zh-Hans,
DeviceId.Windows.Wmi,6.11.0,1091723.0,readme; xml docs; homepage,1,,,readme.md,,,lib/net10.0/DeviceId.Windows.Wmi.xml,https://github.com/matthewking/deviceid,,,,https://github.com/MatthewKing/DeviceId,,https://www.nuget.org/packages/DeviceId.Windows.Wmi,
DBreeze,1.138.2026.603,1087126.0,readme; xml docs; homepage,1,,,README.md,,,lib/net6.0/DBreeze.XML,https://github.com/hhblaze/dbreeze,,,,https://github.com/hhblaze/DBreeze,,https://www.nuget.org/packages/DBreeze,
Microsoft.AspNetCore.Diagnostics.Middleware,10.9.0,1076632.0,hand-written site; readme; xml docs; homepage,2,https://dot.net/,,README.md,,,lib/net10.0/Microsoft.AspNetCore.Diagnostics.Middleware.xml,https://github.com/dotnet/extensions,,,,https://dot.net/,,https://www.nuget.org/packages/Microsoft.AspNetCore.Diagnostics.Middleware,
Microsoft.ML.OnnxRuntimeGenAI,0.15.2,1074798.0,homepage,1,,,,,,,https://github.com/microsoft/onnxruntime-genai,,,,https://github.com/microsoft/onnxruntime-genai,,https://www.nuget.org/packages/Microsoft.ML.OnnxRuntimeGenAI,
Accord.Fuzzy,3.8.0,1069749.0,hand-written site; xml docs; homepage,2,http://accord-framework.net/,,,,,lib/net35-unity%20full%20v3.5/Accord.Fuzzy.xml,,,,,http://accord-framework.net/,,https://www.nuget.org/packages/Accord.Fuzzy,
ReactiveUI.XamForms,19.6.12,1056853.0,hand-written site; readme; xml docs; homepage,2,https://reactiveui.net/,,README.md,,,lib/net6.0/ReactiveUI.XamForms.xml,https://github.com/reactiveui/reactiveui,,,,https://reactiveui.net/,,https://www.nuget.org/packages/ReactiveUI.XamForms,
Azure.ResourceManager.PrivateDns,1.2.3,1054335.0,readme; xml docs; homepage,1,,,README.md,,,lib/net10.0/Azure.ResourceManager.PrivateDns.xml,https://github.com/azure/azure-sdk-for-net,,,,https://github.com/Azure/azure-sdk-for-net/blob/Azure.ResourceManager.PrivateDns_1.2.3/sdk/privatedns/Azure.ResourceManager.PrivateDns/README.md,,https://www.nuget.org/packages/Azure.ResourceManager.PrivateDns,
YoutubeExplode.Converter,6.6.2,1054116.0,xml docs; homepage,1,,,,,,lib/net10.0/YoutubeExplode.Converter.xml,https://github.com/tyrrrz/youtubeexplode,,,,https://github.com/Tyrrrz/YoutubeExplode/tree/prime/YoutubeExplode.Converter,,https://www.nuget.org/packages/YoutubeExplode.Converter,
Azure.Monitor.Query.Logs,1.0.0,1052761.0,readme; xml docs; homepage,1,,,README.md,,,lib/net8.0/Azure.Monitor.Query.Logs.xml,https://github.com/azure/azure-sdk-for-net,,,,https://github.com/Azure/azure-sdk-for-net/blob/Azure.Monitor.Query.Logs_1.0.0/sdk/monitor/Azure.Monitor.Query.Logs/README.md,,https://www.nuget.org/packages/Azure.Monitor.Query.Logs,
Microsoft.ML.OnnxRuntime.DirectML,1.24.4,1048727.0,readme; homepage,1,,,README.md,,,,https://github.com/microsoft/onnxruntime,,,,https://github.com/Microsoft/onnxruntime,,https://www.nuget.org/packages/Microsoft.ML.OnnxRuntime.DirectML,
Microsoft.VisualStudioEng.MicroBuild.Core,1.0.0,1048090.0,hand-written site; homepage,2,https://aka.ms/microbuild.package,,,,,,,,,,https://aka.ms/microbuild.package,,https://www.nuget.org/packages/Microsoft.VisualStudioEng.MicroBuild.Core,
Microsoft.Orleans.Transactions,10.3.1,1047804.0,xml docs; homepage,1,,,,,,lib/net10.0/Orleans.Transactions.xml,https://github.com/dotnet/orleans,,,,https://github.com/dotnet/orleans,,https://www.nuget.org/packages/Microsoft.Orleans.Transactions,
Accord.Imaging,3.8.0,1047089.0,hand-written site; xml docs; homepage,2,http://accord-framework.net/,,,,,lib/net35-unity%20full%20v3.5/Accord.Imaging.xml,,,,,http://accord-framework.net/,,https://www.nuget.org/packages/Accord.Imaging,
Microsoft.Azure.Management.DataFactories,4.13.3,1040233.0,homepage,1,,,,,,,https://github.com/azure/azure-sdk-for-net,,,,https://github.com/Azure/azure-sdk-for-net,,https://www.nuget.org/packages/Microsoft.Azure.Management.DataFactories,
Utf8Json.AspNetCoreMvcFormatter,1.3.7,1036299.0,homepage,1,,,,,,,https://github.com/neuecc/utf8json,,,,https://github.com/neuecc/Utf8Json/,,https://www.nuget.org/packages/Utf8Json.AspNetCoreMvcFormatter,
TextMateSharp.Grammars,2.0.4,1035599.0,homepage,1,,,,,,,https://github.com/danipen/textmatesharp,,,,https://github.com/danipen/TextMateSharp,,https://www.nuget.org/packages/TextMateSharp.Grammars,
Azure.ResourceManager.AppConfiguration,1.4.1,1028857.0,readme; xml docs; homepage,1,,,README.md,,,lib/net8.0/Azure.ResourceManager.AppConfiguration.xml,https://github.com/azure/azure-sdk-for-net,,,,https://github.com/Azure/azure-sdk-for-net/blob/Azure.ResourceManager.AppConfiguration_1.4.1/sdk/appconfiguration/Azure.ResourceManager.AppConfiguration/README.md,,https://www.nuget.org/packages/Azure.ResourceManager.AppConfiguration,
Tizen.NET,13.0.0.19198,1024093.0,hand-written site; homepage,2,https://www.tizen.org/,,,,,,,,,,https://www.tizen.org/,,https://www.nuget.org/packages/Tizen.NET,
Volo.Abp.AspNetCore.TestBase,10.6.0,1013843.0,hand-written site; xml docs; homepage,2,https://abp.io/,,,,,lib/net10.0/Volo.Abp.AspNetCore.TestBase.xml,https://github.com/abpframework/abp,,,,https://abp.io/,,https://www.nuget.org/packages/Volo.Abp.AspNetCore.TestBase,
FastBertTokenizer,1.0.28,1012357.0,readme; xml docs; homepage,1,,,README.md,,,lib/net6.0/FastBertTokenizer.xml,https://github.com/georg-jung/fastberttokenizer,,,,https://github.com/georg-jung/FastBertTokenizer,,https://www.nuget.org/packages/FastBertTokenizer,
ColorHelper,1.8.1,1007340.0,homepage,1,,,,,,,https://github.com/iamartyom/colorhelper,,,,https://github.com/iamartyom/ColorHelper,,https://www.nuget.org/packages/ColorHelper,
WinUIEx,2.9.3,1005498.0,hand-written site; readme; xml docs; homepage,2,https://dotmorten.github.io/WinUIEx,,README.md,,,lib/net8.0-windows10.0.19041/WinUIEx.xml,https://github.com/dotmorten/winuiex,,,,https://dotmorten.github.io/WinUIEx,,https://www.nuget.org/packages/WinUIEx,
Microsoft.Azure.Management.Relay,2.0.2,1000306.0,xml docs; homepage,1,,,,,,lib/net452/Microsoft.Azure.Management.Relay.xml,https://github.com/azure/azure-sdk-for-net,,,,https://github.com/Azure/azure-sdk-for-net,,https://www.nuget.org/packages/Microsoft.Azure.Management.Relay,
Microsoft.WindowsAzure.Management.MediaServices,4.1.0,997919.0,xml docs; homepage,1,,,,,,lib/portable-net45%2Bwp8%2Bwpa81%2Bwin/Microsoft.WindowsAzure.Management.MediaServices.xml,https://github.com/windowsazure/azure-sdk-for-net,,,,https://github.com/WindowsAzure/azure-sdk-for-net,,https://www.nuget.org/packages/Microsoft.WindowsAzure.Management.MediaServices,
Microsoft.VisualStudio.ProjectSystem.SDK.Tools,17.9.380,997368.0,hand-written site; readme; homepage,2,https://aka.ms/VSProjectSystemExtensibility,,README.txt,,,,,,,,https://aka.ms/VSProjectSystemExtensibility,,https://www.nuget.org/packages/Microsoft.VisualStudio.ProjectSystem.SDK.Tools,
MinimalApi.Endpoint,1.3.0,995461.0,readme; homepage,1,,,README.md,,,,https://github.com/michelcedric/structuredminimalapi,,,,https://github.com/michelcedric/StructuredMinimalApi,,https://www.nuget.org/packages/MinimalApi.Endpoint,
Microsoft.Sbom.Targets,4.1.5,995369.0,readme; homepage,1,,,tasks/net472/sbom-tool/README.md,,,,https://github.com/microsoft/sbom-tool,,,,https://github.com/microsoft/sbom-tool,,https://www.nuget.org/packages/Microsoft.Sbom.Targets,
Microsoft.AspNetCore.Components.WebView.Wpf,10.0.101,993778.0,readme; xml docs; homepage,1,,,README.md,,,lib/net10.0-windows7.0/Microsoft.AspNetCore.Components.WebView.Wpf.xml,https://github.com/dotnet/maui,,,,https://github.com/dotnet/maui,,https://www.nuget.org/packages/Microsoft.AspNetCore.Components.WebView.Wpf,
Splat.Drawing,21.0.0,990287.0,readme; xml docs; homepage,1,,,README.md,,,lib/net10.0-android36.0/Splat.Drawing.xml,https://github.com/reactiveui/splat,,,,https://github.com/reactiveui/splat/,,https://www.nuget.org/packages/Splat.Drawing,
TickerQ,10.4.0,967446.0,hand-written site; readme; homepage,2,https://tickerq.net/,,README.md,,,,https://github.com/arcenox-co/tickerq,,,,https://tickerq.net/,,https://www.nuget.org/packages/TickerQ,
MonoGame.Content.Builder.Task,3.8.5.1,966427.0,hand-written site; homepage,2,https://www.monogame.net/,,,,,,https://github.com/monogame/monogame,,,,https://www.monogame.net/,,https://www.nuget.org/packages/MonoGame.Content.Builder.Task,
Asp.Versioning.Http.Client,10.2.0,966147.0,hand-written site; readme; xml docs; homepage,2,https://dotnet.github.io/aspnet-api-versioning,,README.md,,,lib/net10.0/Asp.Versioning.Http.Client.xml,https://github.com/dotnet/aspnet-api-versioning,,,,https://dotnet.github.io/aspnet-api-versioning,,https://www.nuget.org/packages/Asp.Versioning.Http.Client,
SmartAnalyzers.MultithreadingAnalyzer,1.1.31,963092.0,homepage,1,,,,,,,https://github.com/smartanalyzers/multithreadinganalyzer,,,,https://github.com/smartanalyzers/MultithreadingAnalyzer,,https://www.nuget.org/packages/SmartAnalyzers.MultithreadingAnalyzer,
Microsoft.CodeAnalysis.CSharp.CodeFix.Testing.MSTest,1.1.2,961449.0,xml docs; homepage,1,,,,,,lib/net452/Microsoft.CodeAnalysis.CSharp.CodeFix.Testing.MSTest.xml,https://github.com/dotnet/roslyn-sdk,,,,https://github.com/dotnet/roslyn-sdk,,https://www.nuget.org/packages/Microsoft.CodeAnalysis.CSharp.CodeFix.Testing.MSTest,
C1.Win,10.0.20261.813,958925.0,hand-written site; readme; xml docs; homepage,2,http://developer.mescius.com/componentone,,docs/readme.md,,,lib/net462/C1.Win.4.6.2.xml,,,,,http://developer.mescius.com/componentone,,https://www.nuget.org/packages/C1.Win,
Microsoft.Azure.Management.HDInsight,8.0.0,957893.0,xml docs; homepage,1,,,,,,lib/net452/Microsoft.Azure.Management.HDInsight.xml,https://github.com/azure/azure-sdk-for-net,,,,https://github.com/Azure/azure-sdk-for-net,,https://www.nuget.org/packages/Microsoft.Azure.Management.HDInsight,
SlowCheetah.Xdt,1.1.1,954649.0,homepage,1,,,,,,,https://github.com/sayedihashimi/package-web,,,,https://github.com/sayedihashimi/package-web/,,https://www.nuget.org/packages/SlowCheetah.Xdt,
Silk.NET.Vulkan,2.23.0,954395.0,readme; xml docs,0,,,README.md,,,lib/net5.0/Silk.NET.Vulkan.xml,https://github.com/dotnet/silk.net,,,,,,https://www.nuget.org/packages/Silk.NET.Vulkan,
Magick.NET.SystemDrawing,8.0.27,952267.0,readme; xml docs; homepage,1,,,docs/Readme.md,,,lib/net462/Magick.NET.SystemDrawing.xml,https://github.com/dlemstra/magick.net,,,,https://github.com/dlemstra/Magick.NET,,https://www.nuget.org/packages/Magick.NET.SystemDrawing,
HttpToSocks5Proxy,1.4.0,946475.0,homepage,1,,,,,,,https://github.com/mihazupan/httptosocks5proxy,,,,https://github.com/MihaZupan/HttpToSocks5Proxy,,https://www.nuget.org/packages/HttpToSocks5Proxy,
Microsoft.Azure.Management.Billing,4.1.0,940554.0,xml docs; homepage,1,,,,,,lib/net452/Microsoft.Azure.Management.Billing.xml,https://github.com/azure/azure-sdk-for-net,,,,https://github.com/Azure/azure-sdk-for-net,,https://www.nuget.org/packages/Microsoft.Azure.Management.Billing,
KGySoft.CoreLibraries,10.5.1,938355.0,readme; xml docs,0,,,readme.txt,,,lib/net35/KGySoft.CoreLibraries.xml,https://github.com/koszeggy/kgysoft.corelibraries,,,,,,https://www.nuget.org/packages/KGySoft.CoreLibraries,
Google.Apis.HangoutsChat.v1,1.76.0.4257,925558.0,xml docs; homepage,1,,,,,,lib/net462/Google.Apis.HangoutsChat.v1.xml,https://github.com/google/google-api-dotnet-client,,,,https://github.com/google/google-api-dotnet-client,,https://www.nuget.org/packages/Google.Apis.HangoutsChat.v1,
Microsoft.Testing.Extensions.HangDump,2.4.0,918756.0,xml docs; homepage,1,,,,,,lib/net8.0/Microsoft.Testing.Extensions.HangDump.xml,https://github.com/microsoft/testfx,,,,https://github.com/microsoft/testfx,,https://www.nuget.org/packages/Microsoft.Testing.Extensions.HangDump,
Azure.ResourceManager.Logic,1.2.0,917328.0,readme; xml docs; homepage,1,,,README.md,,,lib/net10.0/Azure.ResourceManager.Logic.xml,https://github.com/azure/azure-sdk-for-net,,,,https://github.com/Azure/azure-sdk-for-net/blob/Azure.ResourceManager.Logic_1.2.0/sdk/logic/Azure.ResourceManager.Logic/README.md,,https://www.nuget.org/packages/Azure.ResourceManager.Logic,
ObjectListView.Official,2.9.1,916732.0,hand-written site; xml docs; homepage,2,http://objectlistview.sourceforge.net/,,,,,lib/net20/ObjectListView.XML,,,,,http://objectlistview.sourceforge.net/,,https://www.nuget.org/packages/ObjectListView.Official,
ppy.LocalisationAnalyser,2026.611.0,911076.0,homepage,1,,,,,,,https://github.com/ppy/osu-localisation-analyser,,,,https://github.com/ppy/osu-localisation-analyser,,https://www.nuget.org/packages/ppy.LocalisationAnalyser,
Microsoft.AspNet.Web.Optimization.zh-Hans,1.1.3,909316.0,,0,,,,,,,,,,,,,https://www.nuget.org/packages/Microsoft.AspNet.Web.Optimization.zh-Hans,
Microsoft.CodeAnalysis.EditorFeatures.Text,4.14.0,901417.0,xml docs; homepage,1,,,,,,lib/net8.0/Microsoft.CodeAnalysis.EditorFeatures.Text.xml,https://github.com/dotnet/roslyn,,,,https://github.com/dotnet/roslyn,,https://www.nuget.org/packages/Microsoft.CodeAnalysis.EditorFeatures.Text,
Azure.Security.KeyVault.Administration,4.8.1,891553.0,readme; xml docs; homepage,1,,,README.md,,,lib/net10.0/Azure.Security.KeyVault.Administration.xml,https://github.com/azure/azure-sdk-for-net,,,,https://github.com/Azure/azure-sdk-for-net/blob/Azure.Security.KeyVault.Administration_4.8.0/sdk/keyvault/Azure.Security.KeyVault.Administration/README.md,,https://www.nuget.org/packages/Azure.Security.KeyVault.Administration,
Avalonia.Headless.XUnit,12.1.2,891261.0,hand-written site; xml docs; homepage,2,https://avaloniaui.net/?utm_source=nuget&utm_medium=referral&utm_content=project_homepage_link,,,,,lib/net10.0/Avalonia.Headless.XUnit.xml,https://github.com/avaloniaui/avalonia,,,,https://avaloniaui.net/?utm_source=nuget&utm_medium=referral&utm_content=project_homepage_link,,https://www.nuget.org/packages/Avalonia.Headless.XUnit,
Finbuckle.MultiTenant.Abstractions,10.1.3,891126.0,hand-written site; xml docs; homepage,2,https://www.finbuckle.com/MultiTenant,,,,,lib/net10.0/Finbuckle.MultiTenant.Abstractions.xml,https://github.com/finbuckle/finbuckle.multitenant,,,,https://www.finbuckle.com/MultiTenant,,https://www.nuget.org/packages/Finbuckle.MultiTenant.Abstractions,
CommunityToolkit.Aspire.Hosting.NodeJS.Extensions,9.9.0,886205.0,readme; xml docs; homepage,1,,,README.md,,,lib/net8.0/CommunityToolkit.Aspire.Hosting.NodeJS.Extensions.xml,https://github.com/communitytoolkit/aspire,,,,https://github.com/CommunityToolkit/Aspire,,https://www.nuget.org/packages/CommunityToolkit.Aspire.Hosting.NodeJS.Extensions,
Microsoft.WindowsAPICodePack.Core,1.1.0,884899.0,,0,,,,,,,,,,,,,https://www.nuget.org/packages/Microsoft.WindowsAPICodePack.Core,
Blazor.Extensions.Storage,1.0.0,884836.0,homepage,1,,,,,,,https://github.com/blazorextensions/storage,,,,https://github.com/BlazorExtensions/Storage,,https://www.nuget.org/packages/Blazor.Extensions.Storage,
SQLitePCLRaw.lib.e_sqlite3.ios_unified.static,1.1.14,882756.0,homepage,1,,,,,,,https://github.com/ericsink/sqlitepcl.raw,,,,https://github.com/ericsink/SQLitePCL.raw,,https://www.nuget.org/packages/SQLitePCLRaw.lib.e_sqlite3.ios_unified.static,
Senparc.Weixin.Work,3.32.3,878448.0,xml docs; homepage,1,,,,,,lib/net462/Senparc.Weixin.Work.xml,https://github.com/jeffreysu/weixinmpsdk,,,,https://github.com/JeffreySu/WeiXinMPSDK,,https://www.nuget.org/packages/Senparc.Weixin.Work,
SharpDX.MediaFoundation,4.2.0,876349.0,hand-written site; xml docs; homepage,2,http://sharpdx.org/,,,,,lib/net40/SharpDX.MediaFoundation.xml,https://github.com/sharpdx/sharpdx,,,,http://sharpdx.org/,,https://www.nuget.org/packages/SharpDX.MediaFoundation,
Microsoft.Orleans.Persistence.DynamoDB,10.3.1,874939.0,readme; xml docs; homepage,1,,,README.md,,,lib/net10.0/Orleans.Persistence.DynamoDB.xml,https://github.com/dotnet/orleans,,,,https://github.com/dotnet/orleans,,https://www.nuget.org/packages/Microsoft.Orleans.Persistence.DynamoDB,
MonoTorrent,3.0.2,874268.0,xml docs; homepage,1,,,,,,lib/net472/MonoTorrent.BEncoding.xml,https://github.com/alanmcgovern/monotorrent,,,,https://github.com/alanmcgovern/monotorrent,,https://www.nuget.org/packages/MonoTorrent,
xunit.console,2.9.3,871088.0,readme,0,,,_content/README.md,,,,https://github.com/xunit/xunit,,,,,,https://www.nuget.org/packages/xunit.console,
Xamarin.Forms.AppLinks,5.0.0.2662,866402.0,,0,,,,,,,https://github.com/xamarin/xamarin.forms,,,,,,https://www.nuget.org/packages/Xamarin.Forms.AppLinks,
Microsoft.Azure.Graph.RBAC,3.8.0-preview,865740.0,xml docs; homepage,1,,,,,,lib/net452/Microsoft.Azure.Graph.RBAC.xml,https://github.com/azure/azure-sdk-for-net,,,,https://github.com/Azure/azure-sdk-for-net,,https://www.nuget.org/packages/Microsoft.Azure.Graph.RBAC,
gfoidl.Base64,2.0.0,862313.0,readme; xml docs; homepage,1,,,ReadMe.md,,,lib/net7.0/gfoidl.Base64.xml,https://github.com/gfoidl/base64,,,,https://github.com/gfoidl/Base64,,https://www.nuget.org/packages/gfoidl.Base64,
sqlite-net,1.6.292,861394.0,homepage,1,,,,,,,https://github.com/praeclarum/sqlite-net,,,,https://github.com/praeclarum/sqlite-net,,https://www.nuget.org/packages/sqlite-net,
CommunityToolkit.WinUI.Extensions,8.2.251219,858870.0,readme; xml docs; homepage,1,,,ReadMe.md,,,lib/net8.0-windows10.0.19041/CommunityToolkit.WinUI.Extensions.xml,https://github.com/communitytoolkit/windows,,,,https://github.com/CommunityToolkit/Windows,,https://www.nuget.org/packages/CommunityToolkit.WinUI.Extensions,
AssimpNet,4.1.0,858797.0,hand-written site; xml docs; homepage,2,https://bitbucket.org/Starnick/assimpnet,,,,,lib/net35/AssimpNet.xml,,,,,https://bitbucket.org/Starnick/assimpnet,,https://www.nuget.org/packages/AssimpNet,
System.Web.Providers.Core,1.1.0,857941.0,,0,,,,,,,,,,,,,https://www.nuget.org/packages/System.Web.Providers.Core,
Microsoft.Azure.WebPubSub.Common,1.5.0,854296.0,readme; xml docs; homepage,1,,,README.md,,,lib/netstandard2.0/Microsoft.Azure.WebPubSub.Common.xml,https://github.com/azure/azure-sdk-for-net,,,,https://github.com/Azure/azure-sdk-for-net/blob/Microsoft.Azure.WebPubSub.Common_1.5.0/sdk/webpubsub/Microsoft.Azure.WebPubSub.Common/README.md,,https://www.nuget.org/packages/Microsoft.Azure.WebPubSub.Common,
TestContainers.Container.Abstractions,1.5.4,850016.0,xml docs; homepage,1,,,,,,lib/netstandard2.0/TestContainers.Container.Abstractions.xml,https://github.com/isen-ng/testcontainers-dotnet,,,,https://github.com/isen-ng/testcontainers-dotnet,,https://www.nuget.org/packages/TestContainers.Container.Abstractions,
Microsoft.Orleans.Reminders.DynamoDB,10.3.1,849194.0,readme; xml docs; homepage,1,,,README.md,,,lib/net10.0/Orleans.Reminders.DynamoDB.xml,https://github.com/dotnet/orleans,,,,https://github.com/dotnet/orleans,,https://www.nuget.org/packages/Microsoft.Orleans.Reminders.DynamoDB,
MouseKeyHook,5.7.1,848375.0,homepage,1,,,,,,,https://github.com/gmamaladze/globalmousekeyhook,,,,https://github.com/gmamaladze/globalmousekeyhook,,https://www.nuget.org/packages/MouseKeyHook,
Microsoft.Xaml.Behaviors.WinUI.Managed,3.0.1,843654.0,hand-written site; xml docs; homepage,2,https://go.microsoft.com/fwlink/?LinkID=651678,,,,,lib/net8.0-windows10.0.17763.0/Microsoft.Xaml.Interactivity.xml,,,,,https://go.microsoft.com/fwlink/?LinkID=651678,,https://www.nuget.org/packages/Microsoft.Xaml.Behaviors.WinUI.Managed,
Xamarin.AndroidX.DataBinding.ViewBinding,9.3.1,841628.0,hand-written site; readme; xml docs; homepage,2,https://aka.ms/android-libraries,,readme.md,,,lib/net10.0-android36.0/Xamarin.AndroidX.DataBinding.ViewBinding.xml,https://github.com/dotnet/android-libraries,,,,https://aka.ms/android-libraries,,https://www.nuget.org/packages/Xamarin.AndroidX.DataBinding.ViewBinding,
Microsoft.Azure.Management.DataLake.Analytics,3.0.1,841190.0,xml docs; homepage,1,,,,,,lib/net452/Microsoft.Azure.Management.DataLake.Analytics.xml,https://github.com/azure/azure-sdk-for-net,,,,https://github.com/Azure/AutoRest,,https://www.nuget.org/packages/Microsoft.Azure.Management.DataLake.Analytics,
Microsoft.VisualStudio.LanguageServices,4.14.0,839822.0,homepage,1,,,,,,,https://github.com/dotnet/roslyn,,,,https://github.com/dotnet/roslyn,,https://www.nuget.org/packages/Microsoft.VisualStudio.LanguageServices,
Microsoft.Azure.Test.HttpRecorder,1.13.3,837941.0,xml docs; homepage,1,,,,,,lib/net452/Microsoft.Azure.Test.HttpRecorder.xml,https://github.com/azure/azure-sdk-for-net,,,,https://github.com/Azure/azure-sdk-for-net,,https://www.nuget.org/packages/Microsoft.Azure.Test.HttpRecorder,
BTCPayServer.Lightning.Common,1.7.2,834980.0,readme; homepage,1,,,README.md,,,,https://github.com/btcpayserver/btcpayserver.lightning,,,,https://github.com/btcpayserver/BTCPayServer.Lightning,,https://www.nuget.org/packages/BTCPayServer.Lightning.Common,
Senparc.Weixin.Open,4.24.5,832371.0,xml docs; homepage,1,,,,,,lib/net462/Senparc.Weixin.Open.xml,https://github.com/jeffreysu/weixinmpsdk,,,,https://github.com/JeffreySu/WeiXinMPSDK,,https://www.nuget.org/packages/Senparc.Weixin.Open,
Microsoft.Agents.AI.Hosting,1.20.0-preview.260831.1,831863.0,hand-written site; xml docs; homepage,2,https://learn.microsoft.com/agent-framework/,,,,,lib/net10.0/Microsoft.Agents.AI.Hosting.xml,https://github.com/microsoft/agent-framework,,,,https://learn.microsoft.com/agent-framework/,,https://www.nuget.org/packages/Microsoft.Agents.AI.Hosting,
OrchardCore.Application.Targets,3.0.1,830504.0,hand-written site; xml docs; homepage,2,https://www.orchardcore.net/,,,,,lib/net10.0/OrchardCore.Application.Targets.xml,https://github.com/orchardcms/orchardcore,,,,https://www.orchardcore.net/,,https://www.nuget.org/packages/OrchardCore.Application.Targets,
Xamarin.Firebase.AppIndexing,120.0.0.30,829647.0,hand-written site; readme; xml docs; homepage,2,https://aka.ms/android-libraries,,readme.md,,,lib/net9.0-android35.0/Xamarin.Firebase.AppIndexing.xml,https://github.com/dotnet/android-libraries,,,,https://aka.ms/android-libraries,,https://www.nuget.org/packages/Xamarin.Firebase.AppIndexing,
Microsoft.Azure.Management.Batch,15.0.0,826837.0,xml docs; homepage,1,,,,,,lib/net452/Microsoft.Azure.Management.Batch.xml,https://github.com/azure/azure-sdk-for-net,,,,https://github.com/Azure/azure-sdk-for-net,,https://www.nuget.org/packages/Microsoft.Azure.Management.Batch,
PdfRpt.Core,1.5.18,826516.0,readme; xml docs; homepage,1,,,README.md,,,lib/net462/PdfRpt.Core.xml,https://github.com/vahidn/pdfreport.core,,,,https://github.com/VahidN/PdfReport.Core,,https://www.nuget.org/packages/PdfRpt.Core,
TencentCloudSDK.Sms,3.0.1499,823984.0,xml docs; homepage,1,,,,,,lib/net45/TencentCloudSms.xml,https://github.com/tencentcloud/tencentcloud-sdk-dotnet,,,,https://github.com/TencentCloud/tencentcloud-sdk-dotnet,,https://www.nuget.org/packages/TencentCloudSDK.Sms,
Microsoft.Azure.OperationalInsights,1.1.0,821039.0,homepage,1,,,,,,,https://github.com/azure/azure-sdk-for-net,,,,https://github.com/Azure/azure-sdk-for-net,,https://www.nuget.org/packages/Microsoft.Azure.OperationalInsights,
Microsoft.CodeAnalysis.CSharp.CodeRefactoring.Testing.MSTest,1.1.2,821016.0,xml docs; homepage,1,,,,,,lib/net452/Microsoft.CodeAnalysis.CSharp.CodeRefactoring.Testing.MSTest.xml,https://github.com/dotnet/roslyn-sdk,,,,https://github.com/dotnet/roslyn-sdk,,https://www.nuget.org/packages/Microsoft.CodeAnalysis.CSharp.CodeRefactoring.Testing.MSTest,
ELFSharp,2.17.3,820119.0,hand-written site; homepage,2,http://elfsharp.it/,,,,,,,,,,http://elfsharp.it/,,https://www.nuget.org/packages/ELFSharp,
TMDbLib,3.0.0,819461.0,readme; xml docs; homepage,1,,,Readme.md,,,lib/net10.0/TMDbLib.xml,https://github.com/jellyfin/tmdblib,,,,https://github.com/jellyfin/TMDbLib,,https://www.nuget.org/packages/TMDbLib,
Tizen.NET.Sdk,1.2.1,811463.0,hand-written site; homepage,2,https://www.tizen.org/,,,,,,,,,,https://www.tizen.org/,,https://www.nuget.org/packages/Tizen.NET.Sdk,
Nito.Comparers,6.2.2,809561.0,homepage,1,,,,,,,https://github.com/stephencleary/comparers,,,,https://github.com/StephenCleary/Comparers,,https://www.nuget.org/packages/Nito.Comparers,
Aspire.Hosting.Azure.CognitiveServices,13.5.3,803009.0,readme; xml docs; homepage,1,,,README.md,,,lib/net8.0/Aspire.Hosting.Azure.CognitiveServices.xml,https://github.com/microsoft/aspire,,,,https://github.com/microsoft/aspire,,https://www.nuget.org/packages/Aspire.Hosting.Azure.CognitiveServices,
Microsoft.Maps.MapControl.WPF,1.0.1,802180.0,hand-written site; xml docs; homepage,2,https://msdn.microsoft.com/en-us/library/hh750210.aspx,,,,,lib/net40-Client/Microsoft.Maps.MapControl.WPF.xml,,,,,https://msdn.microsoft.com/en-us/library/hh750210.aspx,,https://www.nuget.org/packages/Microsoft.Maps.MapControl.WPF,
Microsoft.Azure.Management.Reservations,1.15.0-preview,801860.0,xml docs; homepage,1,,,,,,lib/net452/Microsoft.Azure.Management.Reservations.xml,https://github.com/azure/azure-sdk-for-net,,,,https://github.com/Azure/azure-sdk-for-net,,https://www.nuget.org/packages/Microsoft.Azure.Management.Reservations,
ReactiveUI.Validation,7.1.0,801130.0,readme; xml docs; homepage,1,,,README.md,,,lib/net10.0-android36.0/ReactiveUI.Validation.xml,https://github.com/reactiveui/reactiveui.validation,,,,https://github.com/reactiveui/ReactiveUI.Validation/,,https://www.nuget.org/packages/ReactiveUI.Validation,
Microsoft.Azure.ContainerRegistry,1.0.0-preview.2,798752.0,homepage,1,,,,,,,https://github.com/azure/azure-sdk-for-net,,,,https://github.com/Azure/azure-sdk-for-net,,https://www.nuget.org/packages/Microsoft.Azure.ContainerRegistry,
WindowsFirewallHelper,2.2.0.86,796721.0,readme; xml docs; homepage,1,,,readme.txt,,,lib/net40/WindowsFirewallHelper.xml,https://github.com/falahati/windowsfirewallhelper,,,,https://github.com/falahati/WindowsFirewallHelper,,https://www.nuget.org/packages/WindowsFirewallHelper,
Microsoft.Orleans.Serialization.NewtonsoftJson,10.3.1,796518.0,readme; xml docs; homepage,1,,,README.md,,,lib/net10.0/Orleans.Serialization.NewtonsoftJson.xml,https://github.com/dotnet/orleans,,,,https://github.com/dotnet/orleans,,https://www.nuget.org/packages/Microsoft.Orleans.Serialization.NewtonsoftJson,
Stashbox.Extensions.Dependencyinjection,6.0.0,795403.0,readme; xml docs; homepage,1,,,README.md,,,lib/net10.0/Stashbox.Extensions.DependencyInjection.xml,https://github.com/z4kn4fein/stashbox-extensions-dependencyinjection,,,,https://github.com/z4kn4fein/stashbox-extensions-dependencyinjection,,https://www.nuget.org/packages/Stashbox.Extensions.Dependencyinjection,
Material.Icons.Avalonia,3.0.2,792804.0,readme; homepage,1,,,README.md,,,,https://github.com/avaloniautils/material.icons.avalonia,,,,https://github.com/AvaloniaUtils/Material.Icons.Avalonia/,,https://www.nuget.org/packages/Material.Icons.Avalonia,
Silk.NET.Vulkan.Extensions.KHR,2.23.0,789966.0,readme; xml docs,0,,,README.md,,,lib/net5.0/Silk.NET.Vulkan.Extensions.KHR.xml,https://github.com/dotnet/silk.net,,,,,,https://www.nuget.org/packages/Silk.NET.Vulkan.Extensions.KHR,
Microsoft.Rest.ClientRuntime.Azure.TestFramework,1.7.7,783491.0,homepage,1,,,,,,,https://github.com/azure/azure-sdk-for-net,,,,https://github.com/Azure/azure-sdk-for-net,,https://www.nuget.org/packages/Microsoft.Rest.ClientRuntime.Azure.TestFramework,
Microsoft.AspNetCore.JsonPatch.SystemTextJson,10.0.12,780812.0,hand-written site; xml docs; homepage,2,https://asp.net/,,,,,lib/net10.0/Microsoft.AspNetCore.JsonPatch.SystemTextJson.xml,https://github.com/dotnet/dotnet,,,,https://asp.net/,,https://www.nuget.org/packages/Microsoft.AspNetCore.JsonPatch.SystemTextJson,
Microsoft.Azure.Management.Resources,3.4.0-preview,778105.0,xml docs; homepage,1,,,,,,lib/dnxcore50/Microsoft.Azure.ResourceManager.xml,https://github.com/azure/azure-sdk-for-net,,,,https://github.com/Azure/azure-sdk-for-net,,https://www.nuget.org/packages/Microsoft.Azure.Management.Resources,
Microsoft.Plugins.Manifest,2.0.0-rc2,777891.0,readme; homepage,1,,,README.md,,,,https://github.com/microsoft/microsoft.plugins.manifest,,,,https://github.com/microsoft/Microsoft.Plugins.Manifest,,https://www.nuget.org/packages/Microsoft.Plugins.Manifest,
A2A,1.0.0-preview2,775556.0,readme; xml docs; homepage,1,,,README.md,,,lib/net10.0/A2A.xml,https://github.com/a2aproject/a2a-dotnet,,,,https://github.com/a2aproject/a2a-dotnet,,https://www.nuget.org/packages/A2A,
Aspire.Azure.AI.OpenAI,13.5.3-preview.1.26425.3,774912.0,readme; xml docs; homepage,1,,,README.md,,,lib/net10.0/Aspire.Azure.AI.OpenAI.xml,https://github.com/microsoft/aspire,,,,https://github.com/microsoft/aspire,,https://www.nuget.org/packages/Aspire.Azure.AI.OpenAI,
Microsoft.Orleans.Persistence.Redis,10.3.1,774379.0,readme; xml docs; homepage,1,,,README.md,,,lib/net10.0/Orleans.Persistence.Redis.xml,https://github.com/dotnet/orleans,,,,https://github.com/dotnet/orleans,,https://www.nuget.org/packages/Microsoft.Orleans.Persistence.Redis,
Blazor.Extensions.WebUSB,1.0.0,770464.0,homepage,1,,,,,,,https://github.com/blazorextensions/webusb,,,,https://github.com/BlazorExtensions/WebUSB,,https://www.nuget.org/packages/Blazor.Extensions.WebUSB,
Microsoft.WindowsAPICodePack.Shell,1.1.0,770083.0,,0,,,,,,,,,,,,,https://www.nuget.org/packages/Microsoft.WindowsAPICodePack.Shell,
AsmResolver.DotNet,6.0.1,769428.0,xml docs,0,,,,,,lib/net10.0/AsmResolver.DotNet.xml,https://github.com/washi1337/asmresolver,,,,,,https://www.nuget.org/packages/AsmResolver.DotNet,
ColorCode.HTML,2.0.15,766640.0,homepage,1,,,,,,,https://github.com/communitytoolkit/colorcode-universal,,,,https://github.com/CommunityToolkit/ColorCode-Universal,,https://www.nuget.org/packages/ColorCode.HTML,
Microsoft.Azure.Management.RecoveryServices,4.3.3-preview,761703.0,xml docs; homepage,1,,,,,,lib/net452/Microsoft.Azure.Management.RecoveryServices.xml,https://github.com/azure/azure-sdk-for-net,,,,https://github.com/Azure/azure-sdk-for-net,,https://www.nuget.org/packages/Microsoft.Azure.Management.RecoveryServices,
Syncfusion.Maui.Toolkit,1.0.11,754871.0,hand-written site; readme; xml docs; homepage,2,https://www.syncfusion.com/maui-controls/?utm_source=nuget&utm_medium=listing,,README.md,,,lib/net9.0/Syncfusion.Maui.Toolkit.xml,,,,,https://www.syncfusion.com/maui-controls/?utm_source=nuget&utm_medium=listing,,https://www.nuget.org/packages/Syncfusion.Maui.Toolkit,
brevo_csharp,1.1.3,753434.0,homepage,1,,,,,,,https://github.com/getbrevo/brevo-csharp,,,,https://github.com/getbrevo/brevo-csharp,,https://www.nuget.org/packages/brevo_csharp,
Tools.InnoSetup,7.1.0,753299.0,readme; homepage,1,,,README.md,,,,https://github.com/vslavik/nuget-tools-innosetup,,,,https://github.com/vslavik/nuget-tools-innosetup,,https://www.nuget.org/packages/Tools.InnoSetup,
Ignore,0.2.1,752868.0,homepage,1,,,,,,,https://github.com/goelhardik/ignore,,,,https://github.com/goelhardik/ignore,,https://www.nuget.org/packages/Ignore,
PlaylistsNET,1.4.1,751052.0,readme; homepage,1,,,README.md,,,,https://github.com/tmk907/playlistsnet,,,,https://github.com/tmk907/PlaylistsNET,,https://www.nuget.org/packages/PlaylistsNET,
LibreHardwareMonitorLib,0.9.6,750098.0,xml docs; homepage,1,,,,,,ref/net10.0/LibreHardwareMonitorLib.xml,https://github.com/librehardwaremonitor/librehardwaremonitor,,,,https://github.com/LibreHardwareMonitor/LibreHardwareMonitor,,https://www.nuget.org/packages/LibreHardwareMonitorLib,
Azure.ResourceManager.SecurityCenter,1.1.0,747446.0,readme; xml docs; homepage,1,,,README.md,,,lib/netstandard2.0/Azure.ResourceManager.SecurityCenter.xml,https://github.com/azure/azure-sdk-for-net,,,,https://github.com/Azure/azure-sdk-for-net/blob/Azure.ResourceManager.SecurityCenter_1.1.0/sdk/securitycenter/Azure.ResourceManager.SecurityCenter/README.md,,https://www.nuget.org/packages/Azure.ResourceManager.SecurityCenter,
Senparc.Weixin.TenPay,1.20.1,745044.0,xml docs; homepage,1,,,,,,lib/net462/Senparc.Weixin.TenPay.xml,https://github.com/jeffreysu/weixinmpsdk,,,,https://github.com/JeffreySu/WeiXinMPSDK,,https://www.nuget.org/packages/Senparc.Weixin.TenPay,
SQLite.Native,3.12.3,741831.0,,0,,,,,,,,,,,,,https://www.nuget.org/packages/SQLite.Native,
Azure.ResourceManager.Batch,1.7.0,740152.0,readme; xml docs; homepage,1,,,README.md,,,lib/net10.0/Azure.ResourceManager.Batch.xml,https://github.com/azure/azure-sdk-for-net,,,,https://github.com/Azure/azure-sdk-for-net/blob/Azure.ResourceManager.Batch_1.7.0/sdk/batch/Azure.ResourceManager.Batch/README.md,,https://www.nuget.org/packages/Azure.ResourceManager.Batch,
FSharp.Control.TaskSeq,1.1.1,736174.0,hand-written site; xml docs; homepage,2,https://fsprojects.github.io/FSharp.Control.TaskSeq/,,,,,lib/netstandard2.1/FSharp.Control.TaskSeq.xml,https://github.com/fsprojects/fsharp.control.taskseq,,,,https://fsprojects.github.io/FSharp.Control.TaskSeq/,,https://www.nuget.org/packages/FSharp.Control.TaskSeq,
CsCheck,4.8.0,725891.0,readme; xml docs; homepage,1,,,README.md,,,lib/net8.0/CsCheck.xml,https://github.com/anthonylloyd/cscheck,,,,https://github.com/AnthonyLloyd/CsCheck,,https://www.nuget.org/packages/CsCheck,
MahApps.Metro.IconPacks.Modern,6.2.1,725655.0,xml docs; homepage,1,,,,,,lib/net462/MahApps.Metro.IconPacks.Modern.xml,https://github.com/mahapps/mahapps.metro.iconpacks,,,,https://github.com/MahApps/MahApps.Metro.IconPacks,,https://www.nuget.org/packages/MahApps.Metro.IconPacks.Modern,
Ardalis.SharedKernel,5.0.0,720996.0,xml docs; homepage,1,,,,,,lib/net10.0/Ardalis.SharedKernel.xml,https://github.com/ardalis/ardalis.sharedkernel,,,,https://github.com/ardalis/Ardalis.SharedKernel,,https://www.nuget.org/packages/Ardalis.SharedKernel,
Microsoft.Azure.Management.MarketplaceOrdering,1.0.1,715621.0,xml docs; homepage,1,,,,,,lib/net452/Microsoft.Azure.Management.MarketplaceOrdering.xml,https://github.com/azure/azure-sdk-for-net,,,,https://github.com/Azure/azure-sdk-for-net,,https://www.nuget.org/packages/Microsoft.Azure.Management.MarketplaceOrdering,
BencodeNET,5.0.0,714349.0,xml docs; homepage,1,,,,,,lib/net6.0/BencodeNET.xml,https://github.com/krusen/bencodenet,,,,https://github.com/Krusen/BencodeNET,,https://www.nuget.org/packages/BencodeNET,
GrpcDotNetNamedPipes,3.1.0,708034.0,readme; homepage,1,,,README.md,,,,https://github.com/cyanfish/grpc-dotnet-namedpipes,,,,https://github.com/cyanfish/grpc-dotnet-namedpipes,,https://www.nuget.org/packages/GrpcDotNetNamedPipes,
jQuery.Color,2.1.2,699564.0,hand-written site; homepage,2,http://plugins.jquery.com/project/color/,,,,,,,,,,http://plugins.jquery.com/project/color/,,https://www.nuget.org/packages/jQuery.Color,
Pfim,0.11.4,696659.0,hand-written site; homepage,2,https://nickbabcock.github.io/Pfim/,,,,,,https://github.com/nickbabcock/pfim,,,,https://nickbabcock.github.io/Pfim/,,https://www.nuget.org/packages/Pfim,
DockPanelSuite.ThemeVS2015,3.1.1,694535.0,hand-written site; homepage,2,http://dockpanelsuite.com/,,,,,,,,,,http://dockpanelsuite.com/,,https://www.nuget.org/packages/DockPanelSuite.ThemeVS2015,
DNNE,2.1.2,693749.0,readme; homepage,1,,,readme.md,,,,https://github.com/aaronrobinsonmsft/dnne,,,,https://github.com/AaronRobinsonMSFT/DNNE,,https://www.nuget.org/packages/DNNE,
Rnwood.SmtpServer,3.0.25,689980.0,xml docs; homepage,1,,,,,,lib/net40/Rnwood.SmtpServer.XML,https://github.com/rnwood/smtp4dev,,,,https://github.com/rnwood/smtp4dev,,https://www.nuget.org/packages/Rnwood.SmtpServer,
DNS,7.0.0,689840.0,readme; homepage,1,,,README.md,,,,https://github.com/kapetan/dns,,,,https://github.com/kapetan/dns,,https://www.nuget.org/packages/DNS,
CommunityToolkit.Aspire.Hosting.Dapr,13.0.0,684918.0,readme; xml docs; homepage,1,,,README.md,,,lib/net10.0/CommunityToolkit.Aspire.Hosting.Dapr.xml,https://github.com/communitytoolkit/aspire,,,,https://github.com/CommunityToolkit/Aspire,,https://www.nuget.org/packages/CommunityToolkit.Aspire.Hosting.Dapr,
EventAggregator.Blazor,2.0.0,679892.0,homepage,1,,,,,,,https://github.com/mikoskinen/blazor.eventaggregator,,,,https://github.com/mikoskinen/Blazor.EventAggregator,,https://www.nuget.org/packages/EventAggregator.Blazor,
DotNet4.SocksProxy,1.4.0.1,679450.0,homepage,1,,,,,,,https://github.com/lloydsparkes/sockswebproxy,,,,https://github.com/lloydsparkes/SocksWebProxy/,,https://www.nuget.org/packages/DotNet4.SocksProxy,
Microsoft.Packaging.Tools.Trimming,1.1.0-preview1-26619-01,675017.0,hand-written site; homepage,2,https://dot.net/,,,,,,,,,,https://dot.net/,,https://www.nuget.org/packages/Microsoft.Packaging.Tools.Trimming,
rix0rrr.BeaconLib,1.0.2,674921.0,homepage,1,,,,,,,https://github.com/rix0rrr/beacon,,,,https://github.com/rix0rrr/beacon,,https://www.nuget.org/packages/rix0rrr.BeaconLib,
AvaloniaUI.DiagnosticsSupport,2.2.3,669375.0,hand-written site; readme; homepage,2,https://avaloniaui.net/,,README.md,,,,,,,,https://avaloniaui.net/,,https://www.nuget.org/packages/AvaloniaUI.DiagnosticsSupport,
NiL.JS,2.6.1722,667466.0,readme,0,,,README.md,,,,https://github.com/nilproject/nil.js,,,,,,https://www.nuget.org/packages/NiL.JS,
Microsoft.VisualStudio.TemplateWizardInterface,17.10.40170,667444.0,hand-written site; xml docs; homepage,2,https://aka.ms/vsextensibility,,,,,lib/net472/Microsoft.VisualStudio.TemplateWizardInterface.xml,,,,,https://aka.ms/vsextensibility,,https://www.nuget.org/packages/Microsoft.VisualStudio.TemplateWizardInterface,
z440.atl.core,7.16.0,664910.0,readme; xml docs; homepage,1,,,README.md,,,lib/net6.0/ATL.xml,https://github.com/zeugma440/atldotnet,,,,https://github.com/Zeugma440/atldotnet,,https://www.nuget.org/packages/z440.atl.core,
Ecng.Data,1.0.476,664526.0,hand-written site; readme; xml docs; homepage,2,https://stocksharp.com/,,README.md,,,lib/net10.0/Ecng.Data.xml,https://github.com/stocksharp/ecng,,,,https://stocksharp.com/,,https://www.nuget.org/packages/Ecng.Data,
ReactiveUI.Events.WPF,15.1.1,663626.0,hand-written site; xml docs; homepage,2,https://reactiveui.net/,,,,,lib/net461/ReactiveUI.Events.WPF.xml,https://github.com/reactiveui/reactiveui,,,,https://reactiveui.net/,,https://www.nuget.org/packages/ReactiveUI.Events.WPF,
Square.Picasso,2.71828.0,658939.0,hand-written site; homepage,2,https://go.microsoft.com/fwlink/?linkid=2130312,,,,,,https://github.com/dotnet/android-libraries,,,,https://go.microsoft.com/fwlink/?linkid=2130312,,https://www.nuget.org/packages/Square.Picasso,
Senparc.CO2NET.Cache.Redis,5.3.0,657773.0,xml docs; homepage,1,,,,,,lib/net462/Senparc.CO2NET.Cache.Redis.xml,https://github.com/senparc/senparc.co2net,,,,https://github.com/JeffreySu/WeiXinMPSDK,,https://www.nuget.org/packages/Senparc.CO2NET.Cache.Redis,
NEbml,1.1.0.5,655199.0,readme; xml docs; homepage,1,,,README.md,,,lib/net461/NEbml.Core.xml,https://github.com/olegzee/nebml,,,,https://github.com/OlegZee/NEbml,,https://www.nuget.org/packages/NEbml,
Microsoft.Azure.Management.OperationalInsights,0.25.0-preview,652054.0,xml docs; homepage,1,,,,,,lib/net452/Microsoft.Azure.Management.OperationalInsights.xml,https://github.com/azure/azure-sdk-for-net,,,,https://github.com/Azure/azure-sdk-for-net,,https://www.nuget.org/packages/Microsoft.Azure.Management.OperationalInsights,
Watson,7.1.1,650770.0,readme; xml docs; homepage,1,,,README.md,,,lib/net10.0/WatsonWebserver.xml,https://github.com/dotnet/watsonwebserver,,,,https://github.com/dotnet/WatsonWebserver,,https://www.nuget.org/packages/Watson,
Xamarin.AndroidX.WebKit,1.17.0,648945.0,hand-written site; readme; xml docs; homepage,2,https://aka.ms/android-libraries,,readme.md,,,lib/net9.0-android35.0/Xamarin.AndroidX.WebKit.xml,https://github.com/dotnet/android-libraries,,,,https://aka.ms/android-libraries,,https://www.nuget.org/packages/Xamarin.AndroidX.WebKit,
Microsoft.Azure.Management.Search,4.0.0,646401.0,xml docs; homepage,1,,,,,,lib/net452/Microsoft.Azure.Management.Search.xml,https://github.com/azure/azure-sdk-for-net,,,,https://github.com/Azure/azure-sdk-for-net,,https://www.nuget.org/packages/Microsoft.Azure.Management.Search,
Diacritical.Net,1.0.5,645533.0,homepage,1,,,,,,,https://github.com/anth12/diacritical-dotnet,,,,https://github.com/anth12/diacritical-dotnet,,https://www.nuget.org/packages/Diacritical.Net,
Iot.Device.Bindings,4.2.0,642937.0,readme; xml docs; homepage,1,,,README.md,,,lib/net8.0/Iot.Device.Bindings.xml,https://github.com/dotnet/iot,,,,https://github.com/dotnet/iot,,https://www.nuget.org/packages/Iot.Device.Bindings,
Milvus.Client,2.3.0-preview.1,642551.0,readme; xml docs; homepage,1,,,readme.md,,,lib/net462/Milvus.Client.xml,https://github.com/milvus-io/milvus-sdk-csharp,,,,https://github.com/milvus-io/milvus-sdk-csharp,,https://www.nuget.org/packages/Milvus.Client,
System.Security.Cryptography.Cose,10.0.12,640976.0,hand-written site; xml docs; homepage,2,https://dot.net/,,,,,lib/net10.0/System.Security.Cryptography.Cose.xml,https://github.com/dotnet/dotnet,,,,https://dot.net/,,https://www.nuget.org/packages/System.Security.Cryptography.Cose,
Open.NAT,2.1.0,640031.0,xml docs; homepage,1,,,,,,lib/net35/Open.Nat.XML,https://github.com/lontivero/open.nat,,,,https://github.com/lontivero/Open.NAT,,https://www.nuget.org/packages/Open.NAT,
aliyun-net-sdk-sts,3.1.3,635965.0,homepage,1,,,,,,,https://github.com/aliyun/aliyun-openapi-net-sdk,,,,https://github.com/aliyun/aliyun-openapi-net-sdk,,https://www.nuget.org/packages/aliyun-net-sdk-sts,
CmdLine,1.0.7.509,632323.0,hand-written site; homepage,2,https://code.msdn.microsoft.com/Command-Line-Parser-Library-a8ba828a,,,,,,,,,,https://code.msdn.microsoft.com/Command-Line-Parser-Library-a8ba828a,,https://www.nuget.org/packages/CmdLine,
Dock.Avalonia,12.1.0.6,629736.0,readme; xml docs; homepage,1,,,README.md,,,lib/net10.0/Dock.Avalonia.xml,https://github.com/wieslawsoltes/dock,,,,https://github.com/wieslawsoltes/Dock,,https://www.nuget.org/packages/Dock.Avalonia,
LiveChartsCore.SkiaSharpView.Avalonia,2.0.5,627312.0,readme; xml docs,0,,,README.md,,,lib/net6.0/LiveChartsCore.SkiaSharpView.Avalonia.xml,https://github.com/beto-rodriguez/livecharts2,,,,,,https://www.nuget.org/packages/LiveChartsCore.SkiaSharpView.Avalonia,
TickerQ.Dashboard,10.4.0,624791.0,hand-written site; readme; homepage,2,https://tickerq.net/,,README.md,,,,https://github.com/arcenox-co/tickerq,,,,https://tickerq.net/,,https://www.nuget.org/packages/TickerQ.Dashboard,
nunit.xamarin,3.6.1,621314.0,xml docs; homepage,1,,,,,,lib/MonoAndroid/nunit.runner.Droid.xml,https://github.com/nunit/nunit.xamarin,,,,https://github.com/nunit/nunit.xamarin,,https://www.nuget.org/packages/nunit.xamarin,
ReactiveUI.Avalonia,14.7.1,618727.0,xml docs; homepage,1,,,,,,lib/net6.0/ReactiveUI.Avalonia.xml,https://github.com/reactiveui/reactiveui.avalonia,,,,https://github.com/reactiveui/splat/,,https://www.nuget.org/packages/ReactiveUI.Avalonia,
BlurHashSharp,1.3.4,615440.0,readme; xml docs,0,,,README.md,,,lib/net8.0/BlurHashSharp.xml,https://github.com/bond-009/blurhashsharp,,,,,,https://www.nuget.org/packages/BlurHashSharp,
Microsoft.Windows.AI.MachineLearning,2.3.42,615143.0,readme; xml docs; homepage,1,,,README.md,,,lib/net6.0-windows10.0.17763.0/Microsoft.Windows.AI.MachineLearning.Projection.xml,https://github.com/microsoft/windowsml,,,,https://github.com/microsoft/windowsml,,https://www.nuget.org/packages/Microsoft.Windows.AI.MachineLearning,
Senparc.CO2NET.Cache.Redis.RedLock,4.2.0,613937.0,xml docs; homepage,1,,,,,,lib/net462/Senparc.CO2NET.Cache.Redis.RedLock.xml,https://github.com/senparc/senparc.co2net,,,,https://github.com/JeffreySu/WeiXinMPSDK,,https://www.nuget.org/packages/Senparc.CO2NET.Cache.Redis.RedLock,
Microsoft.Azure.Management.IotHub,4.2.0,609804.0,xml docs; homepage,1,,,,,,lib/net452/Microsoft.Azure.Management.IotHub.xml,https://github.com/azure/azure-sdk-for-net,,,,https://github.com/Azure/azure-sdk-for-net,,https://www.nuget.org/packages/Microsoft.Azure.Management.IotHub,
DiffLib,2025.0.0,605556.0,readme; xml docs; homepage,1,,,README.md,,,lib/net8.0/DiffLib.xml,https://github.com/lassevk/difflib,,,,https://github.com/lassevk/DiffLib,,https://www.nuget.org/packages/DiffLib,
ModernWpfUI,0.9.6,604992.0,readme; xml docs; homepage,1,,,readme.txt,,,lib/net45/ModernWpf.Controls.xml,https://github.com/kinnara/modernwpf,,,,https://github.com/Kinnara/ModernWpf,,https://www.nuget.org/packages/ModernWpfUI,
AvaloniaEdit.TextMate,12.0.0,604678.0,,0,,,,,,,https://github.com/avaloniaui/avaloniaedit,,,,,,https://www.nuget.org/packages/AvaloniaEdit.TextMate,
NLog.OutputDebugString,6.2.0,602228.0,hand-written site; readme; xml docs; homepage,2,https://nlog-project.org/,,README.md,,,lib/net35/NLog.OutputDebugString.xml,https://github.com/nlog/nlog,,,,https://nlog-project.org/,,https://www.nuget.org/packages/NLog.OutputDebugString,
A2A.AspNetCore,1.0.0-preview2,602152.0,readme; xml docs; homepage,1,,,README.md,,,lib/net10.0/A2A.AspNetCore.xml,https://github.com/a2aproject/a2a-dotnet,,,,https://github.com/a2aproject/a2a-dotnet,,https://www.nuget.org/packages/A2A.AspNetCore,
CommunityToolkit.WinUI.UI.Controls.DataGrid,7.1.2,599753.0,xml docs; homepage,1,,,,,,lib/net5.0-windows10.0.18362/CommunityToolkit.WinUI.UI.Controls.DataGrid.xml,https://github.com/communitytoolkit/windowscommunitytoolkit,,,,https://github.com/CommunityToolkit/WindowsCommunityToolkit,,https://www.nuget.org/packages/CommunityToolkit.WinUI.UI.Controls.DataGrid,
BlurHashSharp.SkiaSharp,1.3.4,599266.0,readme; xml docs,0,,,README.md,,,lib/net8.0/BlurHashSharp.SkiaSharp.xml,https://github.com/bond-009/blurhashsharp,,,,,,https://www.nuget.org/packages/BlurHashSharp.SkiaSharp,
Magick.NET-Q16-HDRI-OpenMP-x64,14.17.1,599068.0,readme; xml docs; homepage,1,,,docs/Readme.md,,,lib/net8.0/Magick.NET-Q16-HDRI-OpenMP-x64.xml,https://github.com/dlemstra/magick.net,,,,https://github.com/dlemstra/Magick.NET,,https://www.nuget.org/packages/Magick.NET-Q16-HDRI-OpenMP-x64,
Aspire.Hosting.Azure.EventHubs,13.5.3,596501.0,readme; xml docs; homepage,1,,,README.md,,,lib/net8.0/Aspire.Hosting.Azure.EventHubs.xml,https://github.com/microsoft/aspire,,,,https://github.com/microsoft/aspire,,https://www.nuget.org/packages/Aspire.Hosting.Azure.EventHubs,
Azure.Analytics.Synapse.Artifacts,1.0.0-preview.23,593473.0,readme; xml docs; homepage,1,,,README.md,,,lib/net10.0/Azure.Analytics.Synapse.Artifacts.xml,https://github.com/azure/azure-sdk-for-net,,,,https://github.com/Azure/azure-sdk-for-net/blob/Azure.Analytics.Synapse.Artifacts_1.0.0-preview.1/sdk/synapse/Azure.Analytics.Synapse.Artifacts/README.md,,https://www.nuget.org/packages/Azure.Analytics.Synapse.Artifacts,
Microsoft.Azure.Management.SecurityCenter,3.0.0,590539.0,xml docs; homepage,1,,,,,,lib/net452/Microsoft.Azure.Management.SecurityCenter.xml,https://github.com/azure/azure-sdk-for-net,,,,https://github.com/Azure/azure-sdk-for-net,,https://www.nuget.org/packages/Microsoft.Azure.Management.SecurityCenter,
ColorCode.WinUI,2.0.15,587618.0,homepage,1,,,,,,,https://github.com/communitytoolkit/colorcode-universal,,,,https://github.com/CommunityToolkit/ColorCode-Universal,,https://www.nuget.org/packages/ColorCode.WinUI,
BDInfo,0.8.0,585603.0,homepage,1,,,,,,,https://github.com/jellyfin/bdinfo,,,,https://github.com/jellyfin/BDInfo,,https://www.nuget.org/packages/BDInfo,
Silk.NET.Vulkan.Extensions.EXT,2.23.0,583748.0,readme; xml docs,0,,,README.md,,,lib/net5.0/Silk.NET.Vulkan.Extensions.EXT.xml,https://github.com/dotnet/silk.net,,,,,,https://www.nuget.org/packages/Silk.NET.Vulkan.Extensions.EXT,
libse,5.1.0,583191.0,readme; xml docs; homepage,1,,,Readme.md,,,lib/net10.0/libse.xml,https://github.com/subtitleedit/subtitleedit,,,,https://github.com/SubtitleEdit/subtitleedit/tree/main/src/libse,,https://www.nuget.org/packages/libse,
Azure.Provisioning.EventHubs,1.1.0,582182.0,readme; xml docs; homepage,1,,,README.md,,,lib/net8.0/Azure.Provisioning.EventHubs.xml,https://github.com/azure/azure-sdk-for-net,,,,https://github.com/Azure/azure-sdk-for-net/blob/Azure.Provisioning.EventHubs_1.1.0/sdk/provisioning/Azure.Provisioning.EventHubs/README.md,,https://www.nuget.org/packages/Azure.Provisioning.EventHubs,
Jellyfin.XmlTv,10.8.0,581240.0,xml docs,0,,,,,,lib/net6.0/Jellyfin.XmlTv.xml,https://github.com/jellyfin/jellyfin.xmltv,,,,,,https://www.nuget.org/packages/Jellyfin.XmlTv,
LoxSmoke.DocXml,3.9.0,579234.0,readme; xml docs; homepage,1,,,README.md,,,lib/netstandard2.0/DocXml.xml,https://github.com/loxsmoke/docxml,,,,https://github.com/loxsmoke/DocXml,,https://www.nuget.org/packages/LoxSmoke.DocXml,
Microsoft.VisualStudio.DiagnosticsHub.BenchmarkDotNetDiagnosers,18.7.37220.1,577092.0,hand-written site; readme; homepage,2,https://docs.microsoft.com/en-us/visualstudio/profiling/,,README.md,,,,,,,,https://docs.microsoft.com/en-us/visualstudio/profiling/,,https://www.nuget.org/packages/Microsoft.VisualStudio.DiagnosticsHub.BenchmarkDotNetDiagnosers,
Microsoft.CodeAnalysis.VisualBasic.CodeFix.Testing.MSTest,1.1.2,576819.0,xml docs; homepage,1,,,,,,lib/net452/Microsoft.CodeAnalysis.VisualBasic.CodeFix.Testing.MSTest.xml,https://github.com/dotnet/roslyn-sdk,,,,https://github.com/dotnet/roslyn-sdk,,https://www.nuget.org/packages/Microsoft.CodeAnalysis.VisualBasic.CodeFix.Testing.MSTest,
Microsoft.CodeAnalysis.VisualBasic.Analyzer.Testing.MSTest,1.1.2,576730.0,xml docs; homepage,1,,,,,,lib/net452/Microsoft.CodeAnalysis.VisualBasic.Analyzer.Testing.MSTest.xml,https://github.com/dotnet/roslyn-sdk,,,,https://github.com/dotnet/roslyn-sdk,,https://www.nuget.org/packages/Microsoft.CodeAnalysis.VisualBasic.Analyzer.Testing.MSTest,
Microsoft.CodeAnalysis.VisualBasic.CodeRefactoring.Testing.MSTest,1.1.2,575556.0,xml docs; homepage,1,,,,,,lib/net452/Microsoft.CodeAnalysis.VisualBasic.CodeRefactoring.Testing.MSTest.xml,https://github.com/dotnet/roslyn-sdk,,,,https://github.com/dotnet/roslyn-sdk,,https://www.nuget.org/packages/Microsoft.CodeAnalysis.VisualBasic.CodeRefactoring.Testing.MSTest,
Senparc.NeuChar.AspNet,1.7.0,572019.0,xml docs; homepage,1,,,,,,lib/net462/Senparc.NeuChar.AspNet.xml,https://github.com/senparc/neuchar,,,,https://github.com/Senparc/NeuChar,,https://www.nuget.org/packages/Senparc.NeuChar.AspNet,
FlareSolverrSharp,4.0.0,568495.0,homepage,1,,,,,,,https://github.com/flaresolverr/flaresolverrsharp,,,,https://github.com/FlareSolverr/FlareSolverrSharp,,https://www.nuget.org/packages/FlareSolverrSharp,
Cake.Frosting.Git,5.0.1,566007.0,xml docs; homepage,1,,,,,,lib/net8.0/Cake.Git.xml,https://github.com/cake-contrib/cake_git,,,,https://github.com/cake-contrib/Cake_Git,,https://www.nuget.org/packages/Cake.Frosting.Git,
WebMarkupMin.AspNetCoreLatest,2.22.3,565097.0,readme; xml docs; homepage,1,,,readme.txt,,,lib/net10.0/WebMarkupMin.AspNetCoreLatest.xml,https://github.com/taritsyn/webmarkupmin,,,,https://github.com/Taritsyn/WebMarkupMin,,https://www.nuget.org/packages/WebMarkupMin.AspNetCoreLatest,
Xunit.Repeat,1.1.26,563268.0,homepage,1,,,,,,,https://github.com/marcolinopt/xunit.repeat,,,,https://www.nuget.org/packages/Xunit.Repeat/,,https://www.nuget.org/packages/Xunit.Repeat,
Plotly.NET.CSharp,0.13.0,562616.0,hand-written site; xml docs; homepage,2,https://plotly.net/,,,,,lib/net6.0/Plotly.NET.CSharp.xml,https://github.com/plotly/plotly.net,,,,https://plotly.net/,,https://www.nuget.org/packages/Plotly.NET.CSharp,
Microsoft.Orleans.Dashboard,10.3.1,560507.0,readme; xml docs; homepage,1,,,README.md,,,lib/net10.0/Orleans.Dashboard.xml,https://github.com/dotnet/orleans,,,,https://github.com/dotnet/orleans,,https://www.nuget.org/packages/Microsoft.Orleans.Dashboard,
coverlet.MTP,10.0.1,554529.0,xml docs; homepage,1,,,,,,lib/net10.0/coverlet.core.xml,https://github.com/coverlet-coverage/coverlet,,,,https://github.com/coverlet-coverage/coverlet,,https://www.nuget.org/packages/coverlet.MTP,
Senparc.Weixin.Cache.Redis,2.21.5,553292.0,homepage,1,,,,,,,https://github.com/jeffreysu/weixinmpsdk,,,,https://github.com/JeffreySu/WeiXinMPSDK,,https://www.nuget.org/packages/Senparc.Weixin.Cache.Redis,
Senparc.Weixin.MP.MVC,7.17.6,550013.0,xml docs; homepage,1,,,,,,lib/net10.0/Senparc.Weixin.MP.MvcExtension.xml,https://github.com/jeffreysu/weixinmpsdk,,,,https://github.com/JeffreySu/WeiXinMPSDK,,https://www.nuget.org/packages/Senparc.Weixin.MP.MVC,
ModernUI.WPF,1.0.9,544640.0,xml docs; homepage,1,,,,,,lib/net45/FirstFloor.ModernUI.XML,https://github.com/firstfloorsoftware/mui,,,,https://github.com/firstfloorsoftware/mui,,https://www.nuget.org/packages/ModernUI.WPF,
TwentyTwenty.Storage,3.0.0,539375.0,homepage,1,,,,,,,https://github.com/2020ip/twentytwenty.storage,,,,https://github.com/2020IP/TwentyTwenty.Storage,,https://www.nuget.org/packages/TwentyTwenty.Storage,
Bugsnag.ConfigurationSection,4.1.1,539355.0,xml docs; homepage,1,,,,,,lib/net462/Bugsnag.ConfigurationSection.xml,https://github.com/bugsnag/bugsnag-dotnet,,,,https://github.com/bugsnag/bugsnag-dotnet,,https://www.nuget.org/packages/Bugsnag.ConfigurationSection,
Nancy.Authentication.Basic,2.0.0,530326.0,hand-written site; xml docs; homepage,2,http://nancyfx.org/,,,,,lib/net452/Nancy.Authentication.Basic.xml,,,,,http://nancyfx.org/,,https://www.nuget.org/packages/Nancy.Authentication.Basic,
Material.Avalonia,3.20.0,523931.0,readme; homepage,1,,,README.md,,,,https://github.com/avaloniacommunity/material.avalonia,,,,https://github.com/AvaloniaCommunity/Material.Avalonia,,https://www.nuget.org/packages/Material.Avalonia,
Aspire.Hosting.Seq,13.5.3,522534.0,readme; xml docs; homepage,1,,,README.md,,,lib/net8.0/Aspire.Hosting.Seq.xml,https://github.com/microsoft/aspire,,,,https://github.com/microsoft/aspire,,https://www.nuget.org/packages/Aspire.Hosting.Seq,
Lorem.Universal.NET,5.0.0,519951.0,readme; xml docs; homepage,1,,,readme.md,,,lib/net8.0/Lorem.NET.xml,https://github.com/trichards57/lorem.universal.net,,,,https://github.com/trichards57/Lorem.Universal.NET,,https://www.nuget.org/packages/Lorem.Universal.NET,
ShowMeTheXAML,2.1.1,516602.0,readme,0,,,README.md,,,,https://github.com/keboo/showmethexaml,,,,,,https://www.nuget.org/packages/ShowMeTheXAML,
Semi.Avalonia,12.1.0.1,516362.0,readme; homepage,1,,,README.md,,,,https://github.com/irihitech/semi.avalonia,,,,https://github.com/irihitech/Semi.Avalonia,,https://www.nuget.org/packages/Semi.Avalonia,
DotNetZip.NetStandard,1.12.0,515658.0,homepage,1,,,,,,,https://github.com/haf/dotnetzip.semverd,,,,https://github.com/haf/DotNetZip.Semverd,,https://www.nuget.org/packages/DotNetZip.NetStandard,
CommunityToolkit.WinUI.Controls.Primitives,8.2.251219,512468.0,readme; xml docs; homepage,1,,,ReadMe.md,,,lib/net8.0-windows10.0.19041/CommunityToolkit.WinUI.Controls.Primitives.xml,https://github.com/communitytoolkit/windows,,,,https://github.com/CommunityToolkit/Windows,,https://www.nuget.org/packages/CommunityToolkit.WinUI.Controls.Primitives,
Microsoft.Toolkit.Win32.UI.XamlApplication,6.1.3,502271.0,homepage,1,,,,,,,https://github.com/windows-toolkit/microsoft.toolkit.win32,,,,https://github.com/windows-toolkit/Microsoft.Toolkit.Win32,,https://www.nuget.org/packages/Microsoft.Toolkit.Win32.UI.XamlApplication,
Microsoft.Orleans.Connections.Security,10.3.1,502229.0,xml docs; homepage,1,,,,,,lib/net10.0/Orleans.Connections.Security.xml,https://github.com/dotnet/orleans,,,,https://github.com/dotnet/orleans,,https://www.nuget.org/packages/Microsoft.Orleans.Connections.Security,
Spectre.Console.ImageSharp,0.57.2,501104.0,readme; xml docs; homepage,1,,,README.md,,,lib/net10.0/Spectre.Console.ImageSharp.xml,https://github.com/spectreconsole/spectre.console,,,,https://github.com/spectreconsole/spectre.console,,https://www.nuget.org/packages/Spectre.Console.ImageSharp,
Quamotion.RemoteViewing,1.1.211,499530.0,xml docs; homepage,1,,,,,,lib/net462/RemoteViewing.xml,https://github.com/quamotion/remoteviewing,,,,https://github.com/qmfrederik/remoteviewing/,,https://www.nuget.org/packages/Quamotion.RemoteViewing,
FastEndpoints.ApiExplorer,2.3.0,498473.0,xml docs; homepage,1,,,,,,lib/net6.0/FastEndpoints.ApiExplorer.xml,https://github.com/ductran95/fastendpoints.extensions,,,,https://github.com/ductran95/FastEndpoints.Extensions,,https://www.nuget.org/packages/FastEndpoints.ApiExplorer,
WinForms.DataVisualization,1.10.2,497261.0,xml docs; homepage,1,,,,,,lib/net6.0-windows7.0/WinForms.DataVisualization.Utilities.xml,https://github.com/kirsan31/winforms-datavisualization,,,,https://github.com/kirsan31/winforms-datavisualization,,https://www.nuget.org/packages/WinForms.DataVisualization,
Microsoft.Orleans.Streaming.EventHubs,10.3.1,494926.0,readme; xml docs; homepage,1,,,README.md,,,lib/net10.0/Orleans.Streaming.EventHubs.xml,https://github.com/dotnet/orleans,,,,https://github.com/dotnet/orleans,,https://www.nuget.org/packages/Microsoft.Orleans.Streaming.EventHubs,
NeoSmart.Caching.Sqlite,9.0.3,494140.0,hand-written site; readme; homepage,2,https://neosmart.net/blog/2019/sqlite-cache-for-asp-net-core,,README.md,,,,https://github.com/neosmart/aspsqlitecache,,,,https://neosmart.net/blog/2019/sqlite-cache-for-asp-net-core,,https://www.nuget.org/packages/NeoSmart.Caching.Sqlite,
fusillade,7.0.0,489656.0,readme; xml docs; homepage,1,,,README.md,,,lib/net10.0/Fusillade.xml,https://github.com/reactiveui/fusillade,,,,https://github.com/reactiveui/fusillade/,,https://www.nuget.org/packages/fusillade,
Azure.ResourceManager.IotHub,1.1.1,489499.0,readme; xml docs; homepage,1,,,README.md,,,lib/netstandard2.0/Azure.ResourceManager.IotHub.xml,https://github.com/azure/azure-sdk-for-net,,,,https://github.com/Azure/azure-sdk-for-net/blob/Azure.ResourceManager.IotHub_1.1.1/sdk/iothub/Azure.ResourceManager.IotHub/README.md,,https://www.nuget.org/packages/Azure.ResourceManager.IotHub,
MegaApiClient,1.10.5,488824.0,xml docs; homepage,1,,,,,,lib/net40/MegaApiClient.xml,https://github.com/gpailler/megaapiclient,,,,https://github.com/gpailler/MegaApiClient,,https://www.nuget.org/packages/MegaApiClient,
CommunityToolkit.WinUI.Helpers,8.2.251219,488525.0,readme; xml docs; homepage,1,,,ReadMe.md,,,lib/net8.0-windows10.0.19041/CommunityToolkit.WinUI.Helpers.xml,https://github.com/communitytoolkit/windows,,,,https://github.com/CommunityToolkit/Windows,,https://www.nuget.org/packages/CommunityToolkit.WinUI.Helpers,
OrchardCore.Application.Cms.Targets,3.0.1,488139.0,hand-written site; xml docs; homepage,2,https://www.orchardcore.net/,,,,,lib/net10.0/OrchardCore.Application.Cms.Targets.xml,https://github.com/orchardcms/orchardcore,,,,https://www.orchardcore.net/,,https://www.nuget.org/packages/OrchardCore.Application.Cms.Targets,
NBXplorer.Client,5.0.8,485134.0,readme; xml docs; homepage,1,,,README.md,,,lib/net10.0/NBXplorer.Client.xml,https://github.com/btcpayserver/nbxplorer,,,,https://github.com/btcpayserver/NBXplorer/,,https://www.nuget.org/packages/NBXplorer.Client,
Microsoft.Dism,6.1.0,482729.0,readme; xml docs; homepage,1,,,README.md,,,lib/net10.0/Microsoft.Dism.xml,https://github.com/jeffkl/manageddism,,,,https://github.com/jeffkl/ManagedDism,,https://www.nuget.org/packages/Microsoft.Dism,
Aspire.Hosting.Yarp,13.5.3,481171.0,readme; xml docs; homepage,1,,,README.md,,,lib/net8.0/Aspire.Hosting.Yarp.xml,https://github.com/microsoft/aspire,,,,https://github.com/microsoft/aspire,,https://www.nuget.org/packages/Aspire.Hosting.Yarp,
MarkdownBuilder,1.0.0,479723.0,hand-written site; readme; xml docs; homepage,2,https://charlesdevandiere.github.io/markdown-builder-dotnet,,README.md,,,lib/netstandard2.0/MarkdownBuilder.xml,https://github.com/charlesdevandiere/markdown-builder-dotnet,,,,https://charlesdevandiere.github.io/markdown-builder-dotnet,,https://www.nuget.org/packages/MarkdownBuilder,
Microsoft.Azure.Management.ManagementGroups,2.0.0-beta,478214.0,xml docs; homepage,1,,,,,,lib/net452/Microsoft.Azure.Management.ManagementGroups.xml,https://github.com/azure/azure-sdk-for-net,,,,https://github.com/Azure/azure-sdk-for-net,,https://www.nuget.org/packages/Microsoft.Azure.Management.ManagementGroups,
Xamarin.SDWebImage,4.4.7,476468.0,hand-written site; homepage,2,https://go.microsoft.com/fwlink/?linkid=865081,,,,,,,,,,https://go.microsoft.com/fwlink/?linkid=865081,,https://www.nuget.org/packages/Xamarin.SDWebImage,
MahApps.Metro.IconPacks.Octicons,6.2.1,476273.0,xml docs; homepage,1,,,,,,lib/net462/MahApps.Metro.IconPacks.Octicons.xml,https://github.com/mahapps/mahapps.metro.iconpacks,,,,https://github.com/MahApps/MahApps.Metro.IconPacks,,https://www.nuget.org/packages/MahApps.Metro.IconPacks.Octicons,
Blazor.Serialization,10.1.0,476199.0,readme; xml docs; homepage,1,,,README.md,,,lib/net10.0/Blazor.Serialization.xml,https://github.com/ievangelist/blazorators,,,,https://github.com/IEvangelist/blazorators,,https://www.nuget.org/packages/Blazor.Serialization,
Microsoft.NETCore.ILAsm,10.0.12,474159.0,hand-written site; homepage,2,https://dot.net/,,,,,,https://github.com/dotnet/runtime,,,,https://dot.net/,,https://www.nuget.org/packages/Microsoft.NETCore.ILAsm,
Microsoft.Azure.DigitalTwins.Parser,3.12.7,473321.0,homepage,1,,,,,,,https://github.com/azure/azure-iot-digitaltwin-libraries,,,,https://github.com/Azure/azure-iot-digitaltwin-libraries,,https://www.nuget.org/packages/Microsoft.Azure.DigitalTwins.Parser,
MdXaml,1.27.0,472109.0,homepage,1,,,,,,,https://github.com/whistyun/mdxaml,,,,https://github.com/whistyun/MdXaml,,https://www.nuget.org/packages/MdXaml,
diskann-garnet,5.0.0,471378.0,readme; homepage,1,,,docs/README.md,,,,https://github.com/microsoft/diskann,,,,https://github.com/microsoft/DiskANN,,https://www.nuget.org/packages/diskann-garnet,
MonoGame.Library.SDL,2.32.10.2,468185.0,readme,0,,,README.md,,,,https://github.com/monogame/monogame.library.sdl,,,,,,https://www.nuget.org/packages/MonoGame.Library.SDL,
AppForSharePointWebToolkit,3.1.5,466896.0,hand-written site; homepage,2,https://go.microsoft.com/fwlink/?LinkID=267590&clcid=0x409,,,,,,,,,,https://go.microsoft.com/fwlink/?LinkID=267590&clcid=0x409,,https://www.nuget.org/packages/AppForSharePointWebToolkit,
ReactiveUI.Maui,24.2.0,466466.0,hand-written site; readme; xml docs; homepage,2,https://reactiveui.net/,,README.md,,,lib/net10.0-android36.0/ReactiveUI.Maui.xml,https://github.com/reactiveui/reactiveui,,,,https://reactiveui.net/,,https://www.nuget.org/packages/ReactiveUI.Maui,
Basic.Reference.Assemblies.Net80,1.8.11,465504.0,readme,0,,,README.md,,,,https://github.com/jaredpar/basic-reference-assemblies,,,,,,https://www.nuget.org/packages/Basic.Reference.Assemblies.Net80,
CommunityToolkit.WinUI.Animations,8.2.251219,464217.0,readme; xml docs; homepage,1,,,ReadMe.md,,,lib/net8.0-windows10.0.19041/CommunityToolkit.WinUI.Animations.xml,https://github.com/communitytoolkit/windows,,,,https://github.com/CommunityToolkit/Windows,,https://www.nuget.org/packages/CommunityToolkit.WinUI.Animations,
MahApps.Metro.IconPacks.Entypo,6.2.1,462370.0,xml docs; homepage,1,,,,,,lib/net462/MahApps.Metro.IconPacks.Entypo.xml,https://github.com/mahapps/mahapps.metro.iconpacks,,,,https://github.com/MahApps/MahApps.Metro.IconPacks,,https://www.nuget.org/packages/MahApps.Metro.IconPacks.Entypo,
Microsoft.Azure.Management.CognitiveServices,8.4.0,460939.0,xml docs; homepage,1,,,,,,lib/net452/Microsoft.Azure.Management.CognitiveServices.xml,https://github.com/azure/azure-sdk-for-net,,,,https://github.com/Azure/azure-sdk-for-net,,https://www.nuget.org/packages/Microsoft.Azure.Management.CognitiveServices,
CommunityToolkit.Aspire.OllamaSharp,13.5.0,456921.0,readme; xml docs; homepage,1,,,README.md,,,lib/net10.0/CommunityToolkit.Aspire.OllamaSharp.xml,https://github.com/communitytoolkit/aspire,,,,https://github.com/CommunityToolkit/Aspire,,https://www.nuget.org/packages/CommunityToolkit.Aspire.OllamaSharp,
Microsoft.Orleans.Reminders.Redis,10.3.1,456740.0,readme; xml docs; homepage,1,,,README.md,,,lib/net10.0/Orleans.Reminders.Redis.xml,https://github.com/dotnet/orleans,,,,https://github.com/dotnet/orleans,,https://www.nuget.org/packages/Microsoft.Orleans.Reminders.Redis,
Avalonia.Browser,12.1.2,456107.0,hand-written site; xml docs; homepage,2,https://avaloniaui.net/?utm_source=nuget&utm_medium=referral&utm_content=project_homepage_link,,,,,lib/net10.0-browser1.0/Avalonia.Browser.xml,https://github.com/avaloniaui/avalonia,,,,https://avaloniaui.net/?utm_source=nuget&utm_medium=referral&utm_content=project_homepage_link,,https://www.nuget.org/packages/Avalonia.Browser,
MP3Sharp,1.0.5,455553.0,homepage,1,,,,,,,https://github.com/nihlus/mp3sharp,,,,https://github.com/Nihlus/MP3Sharp,,https://www.nuget.org/packages/MP3Sharp,
FastEndpoints.Swagger.Swashbuckle,2.3.0,453881.0,xml docs; homepage,1,,,,,,lib/net6.0/FastEndpoints.Swagger.Swashbuckle.xml,https://github.com/ductran95/fastendpoints.extensions,,,,https://github.com/ductran95/FastEndpoints.Extensions,,https://www.nuget.org/packages/FastEndpoints.Swagger.Swashbuckle,
Microsoft.Agents.AI.Hosting.AGUI.AspNetCore,1.20.0-preview.260831.1,452501.0,hand-written site; xml docs; homepage,2,https://learn.microsoft.com/agent-framework/,,,,,lib/net10.0/Microsoft.Agents.AI.Hosting.AGUI.AspNetCore.xml,https://github.com/microsoft/agent-framework,,,,https://learn.microsoft.com/agent-framework/,,https://www.nuget.org/packages/Microsoft.Agents.AI.Hosting.AGUI.AspNetCore,
Microsoft.Azure.Management.HDInsight.Job,2.0.7,451814.0,homepage,1,,,,,,,https://github.com/azure/azure-sdk-for-net,,,,https://github.com/Azure/azure-sdk-for-net,,https://www.nuget.org/packages/Microsoft.Azure.Management.HDInsight.Job,
Microsoft.Orleans.BroadcastChannel,10.3.1,451615.0,xml docs; homepage,1,,,,,,lib/net10.0/Orleans.BroadcastChannel.xml,https://github.com/dotnet/orleans,,,,https://github.com/dotnet/orleans,,https://www.nuget.org/packages/Microsoft.Orleans.BroadcastChannel,
Microsoft.Orleans.Transactions.AzureStorage,10.3.1,450111.0,readme; xml docs; homepage,1,,,README.md,,,lib/net10.0/Orleans.Transactions.AzureStorage.xml,https://github.com/dotnet/orleans,,,,https://github.com/dotnet/orleans,,https://www.nuget.org/packages/Microsoft.Orleans.Transactions.AzureStorage,
Eto.Platform.Gtk,2.11.0,449710.0,homepage,1,,,,,,,https://github.com/picoe/eto,,,,https://github.com/picoe/Eto,,https://www.nuget.org/packages/Eto.Platform.Gtk,
DirectShowLib,1.0.0,445878.0,homepage,1,,,,,,,https://github.com/larrybeall/directshowlib,,,,https://github.com/larrybeall/DirectShowLib,,https://www.nuget.org/packages/DirectShowLib,
Emoji.Wpf,0.3.4,442806.0,homepage,1,,,,,,,https://github.com/samhocevar/emoji.wpf,,,,https://github.com/samhocevar/emoji.wpf,,https://www.nuget.org/packages/Emoji.Wpf,
NetOffice.Excel,1.7.4.11,441766.0,xml docs; homepage,1,,,,,,lib/net20/ExcelApi.xml,https://github.com/netoffice/netoffice-nuget,,,,https://github.com/netoffice/NetOffice-NuGet,,https://www.nuget.org/packages/NetOffice.Excel,
Aspire.Azure.Search.Documents,13.5.3,438613.0,readme; xml docs; homepage,1,,,README.md,,,lib/net10.0/Aspire.Azure.Search.Documents.xml,https://github.com/microsoft/aspire,,,,https://github.com/microsoft/aspire,,https://www.nuget.org/packages/Aspire.Azure.Search.Documents,
Eto.Platform.Wpf,2.11.0,437689.0,homepage,1,,,,,,,https://github.com/picoe/eto,,,,https://github.com/picoe/Eto,,https://www.nuget.org/packages/Eto.Platform.Wpf,
RazorSlices,0.11.3,437519.0,readme; xml docs; homepage,1,,,README.md,,,lib/net10.0/RazorSlices.xml,https://github.com/damianedwards/razorslices,,,,https://github.com/DamianEdwards/RazorSlices,,https://www.nuget.org/packages/RazorSlices,
Toast.iOS,1.2.0,434922.0,homepage,1,,,,,,,https://github.com/andrius-k/toast,,,,https://github.com/andrius-k/Toast,,https://www.nuget.org/packages/Toast.iOS,
MetaBrainz.MusicBrainz,8.0.1,433478.0,readme; xml docs,0,,,README.md,,,lib/net10.0/MetaBrainz.MusicBrainz.xml,https://github.com/zastai/metabrainz.musicbrainz,,,,,,https://www.nuget.org/packages/MetaBrainz.MusicBrainz,
Microsoft.Azure.Management.TrafficManager,2.5.4,432021.0,xml docs; homepage,1,,,,,,lib/net452/Microsoft.Azure.Management.TrafficManager.xml,https://github.com/azure/azure-sdk-for-net,,,,https://github.com/Azure/azure-sdk-for-net,,https://www.nuget.org/packages/Microsoft.Azure.Management.TrafficManager,
Microsoft.VisualStudio.LiveShare,1.1.57,426736.0,hand-written site; xml docs; homepage,2,https://aka.ms/vsls,,,,,lib/net461/Microsoft.VisualStudio.LiveShare.xml,https://github.com/microsoftdocs/live-share,,,,https://aka.ms/vsls,,https://www.nuget.org/packages/Microsoft.VisualStudio.LiveShare,
Svg.Controls.Skia.Avalonia,12.0.0.17,425492.0,homepage,1,,,,,,,https://github.com/wieslawsoltes/svg.skia,,,,https://github.com/wieslawsoltes/Svg.Skia,,https://www.nuget.org/packages/Svg.Controls.Skia.Avalonia,
Senparc.Weixin.AspNet,1.6.7,419789.0,xml docs; homepage,1,,,,,,lib/net10.0/Senparc.Weixin.AspNet.xml,https://github.com/jeffreysu/weixinmpsdk,,,,https://github.com/JeffreySu/WeiXinMPSDK,,https://www.nuget.org/packages/Senparc.Weixin.AspNet,
Microsoft.Orleans.GrainDirectory.Redis,10.3.1,419001.0,readme; xml docs; homepage,1,,,README.md,,,lib/net10.0/Orleans.GrainDirectory.Redis.xml,https://github.com/dotnet/orleans,,,,https://github.com/dotnet/orleans,,https://www.nuget.org/packages/Microsoft.Orleans.GrainDirectory.Redis,
Microsoft.CodeAnalysis.Test.Resources.Proprietary,1.2.0,418949.0,hand-written site; homepage,2,https://msdn.com/roslyn,,,,,,,,,,https://msdn.com/roslyn,,https://www.nuget.org/packages/Microsoft.CodeAnalysis.Test.Resources.Proprietary,
OrchardCore.Logging.NLog,3.0.1,418947.0,hand-written site; xml docs; homepage,2,https://www.orchardcore.net/,,,,,lib/net10.0/OrchardCore.Logging.NLog.xml,https://github.com/orchardcms/orchardcore,,,,https://www.orchardcore.net/,,https://www.nuget.org/packages/OrchardCore.Logging.NLog,
HtmlBuilders,8.1.0,418153.0,xml docs,0,,,,,,lib/net10.0/HtmlBuilders.xml,https://github.com/amoerie/htmlbuilders,,,,,,https://www.nuget.org/packages/HtmlBuilders,
Avalonia.Android,12.1.2,417084.0,hand-written site; xml docs; homepage,2,https://avaloniaui.net/?utm_source=nuget&utm_medium=referral&utm_content=project_homepage_link,,,,,lib/net10.0-android36.0/Avalonia.Android.xml,https://github.com/avaloniaui/avalonia,,,,https://avaloniaui.net/?utm_source=nuget&utm_medium=referral&utm_content=project_homepage_link,,https://www.nuget.org/packages/Avalonia.Android,
PInvoke.AdvApi32,0.7.124,416564.0,xml docs; homepage,1,,,,,,lib/net45/PInvoke.AdvApi32.xml,https://github.com/dotnet/pinvoke,,,,https://github.com/dotnet/pinvoke,,https://www.nuget.org/packages/PInvoke.AdvApi32,
SharpFuzz,2.3.0,413974.0,xml docs,0,,,,,,lib/netstandard2.0/SharpFuzz.xml,https://github.com/metalnem/sharpfuzz,,,,,,https://www.nuget.org/packages/SharpFuzz,
NHotkey.Wpf,4.0.0,413869.0,homepage,1,,,,,,,https://github.com/thomaslevesque/nhotkey,,,,https://github.com/thomaslevesque/NHotkey,,https://www.nuget.org/packages/NHotkey.Wpf,
TunnelVisionLabs.ReferenceAssemblyAnnotator,1.0.0-alpha.160,407406.0,,0,,,,,,,https://github.com/tunnelvisionlabs/referenceassemblyannotator,,,,,,https://www.nuget.org/packages/TunnelVisionLabs.ReferenceAssemblyAnnotator,
H.NotifyIcon.Wpf,2.4.1,402520.0,readme; xml docs; homepage,1,,,README.md,,,lib/net10.0-windows7.0/H.NotifyIcon.Wpf.xml,https://github.com/havendv/h.notifyicon,,,,https://github.com/HavenDV/H.NotifyIcon,,https://www.nuget.org/packages/H.NotifyIcon.Wpf,
Resource.Embedder,2.2.0,402348.0,,0,,,,,,,https://github.com/marcstan/resource.embedder,,,,,,https://www.nuget.org/packages/Resource.Embedder,
Azure.Provisioning.Network,1.1.0,402167.0,readme; xml docs; homepage,1,,,README.md,,,lib/net10.0/Azure.Provisioning.Network.xml,https://github.com/azure/azure-sdk-for-net,,,,https://github.com/Azure/azure-sdk-for-net/blob/Azure.Provisioning.Network_1.1.0/sdk/network/Azure.Provisioning.Network/README.md,,https://www.nuget.org/packages/Azure.Provisioning.Network,
LrcParser,2025.623.0,401770.0,readme; xml docs; homepage,1,,,README.md,,,lib/netstandard2.1/LrcParser.xml,https://github.com/karaoke-dev/lrcparser,,,,https://github.com/karaoke-dev/LrcParser,,https://www.nuget.org/packages/LrcParser,
MdXaml.Plugins,1.27.0,397774.0,homepage,1,,,,,,,https://github.com/whistyun/mdxaml,,,,https://github.com/whistyun/MdXaml,,https://www.nuget.org/packages/MdXaml.Plugins,
Microsoft.Agents.CopilotStudio.Client,1.8.77,395861.0,readme; xml docs; homepage,1,,,README.md,,,lib/net10.0/Microsoft.Agents.CopilotStudio.Client.xml,https://github.com/microsoft/agents-for-net,,,,https://github.com/microsoft/agents,,https://www.nuget.org/packages/Microsoft.Agents.CopilotStudio.Client,
Accord.Vision,3.8.0,394530.0,hand-written site; xml docs; homepage,2,http://accord-framework.net/,,,,,lib/net35-unity%20full%20v3.5/Accord.Vision.xml,,,,,http://accord-framework.net/,,https://www.nuget.org/packages/Accord.Vision,
Vestris.ResourceLib,2.2.0,394440.0,readme; xml docs; homepage,1,,,README.md,,,lib/net20/Vestris.ResourceLib.xml,https://github.com/resourcelib/resourcelib,,,,https://github.com/resourcelib/resourcelib,,https://www.nuget.org/packages/Vestris.ResourceLib,
BasicUndo,0.9.3,390531.0,homepage,1,,,,,,,https://github.com/jaredpar/basicundo,,,,https://github.com/jaredpar/BasicUndo,,https://www.nuget.org/packages/BasicUndo,
LibVLCSharp.WPF,3.10.1,390218.0,readme; xml docs,0,,,README.md,,,lib/net461/LibVLCSharp.WPF.xml,,,,,,,https://www.nuget.org/packages/LibVLCSharp.WPF,
MediatR.Courier,7.0.1,387418.0,readme; xml docs,0,,,README.md,,,lib/net6.0/MediatR.Courier.xml,https://github.com/kuraiandras/mediatr.courier,,,,,,https://www.nuget.org/packages/MediatR.Courier,
Microsoft.Orleans.Persistence.Cosmos,10.3.1,386394.0,readme; xml docs; homepage,1,,,README.md,,,lib/net10.0/Orleans.Persistence.Cosmos.xml,https://github.com/dotnet/orleans,,,,https://github.com/dotnet/orleans,,https://www.nuget.org/packages/Microsoft.Orleans.Persistence.Cosmos,
FsCheck.Xunit.v3,3.4.0,385812.0,hand-written site; readme; xml docs; homepage,2,https://fscheck.github.io/FsCheck/,,README.md,,,lib/netstandard2.0/FsCheck.Xunit.v3.xml,https://github.com/fscheck/fscheck,,,,https://fscheck.github.io/FsCheck/,,https://www.nuget.org/packages/FsCheck.Xunit.v3,
LNURL,0.0.36,384784.0,,0,,,,,,,https://github.com/kukks/lnurl,,,,,,https://www.nuget.org/packages/LNURL,
PooledAwait,1.0.49,384376.0,xml docs; homepage,1,,,,,,lib/net45/PooledAwait.xml,https://github.com/mgravell/pooledawait,,,,https://github.com/mgravell/PooledAwait/,,https://www.nuget.org/packages/PooledAwait,
Microsoft.Security.Utilities.Core,1.21.0,384038.0,xml docs; homepage,1,,,,,,lib/net8.0/Microsoft.Security.Utilities.Core.xml,https://github.com/microsoft/security-utilities,,,,https://github.com/microsoft/security-utilities,,https://www.nuget.org/packages/Microsoft.Security.Utilities.Core,
TinyPinyin.Net,1.0.2,382914.0,homepage,1,,,,,,,https://github.com/hueifeng/tinypinyin.net,,,,https://github.com/hueifeng/TinyPinyin.Net,,https://www.nuget.org/packages/TinyPinyin.Net,
DokanNet,2.3.0.3,380728.0,hand-written site; readme; xml docs; homepage,2,https://dokan-dev.github.io/,,README.md,,,lib/net46/DokanNet.xml,https://github.com/dokan-dev/dokan-dotnet,,,,https://dokan-dev.github.io/,,https://www.nuget.org/packages/DokanNet,
CommunityToolkit.WinUI.Converters,8.2.251219,379331.0,readme; xml docs; homepage,1,,,ReadMe.md,,,lib/net8.0-windows10.0.19041/CommunityToolkit.WinUI.Converters.xml,https://github.com/communitytoolkit/windows,,,,https://github.com/CommunityToolkit/Windows,,https://www.nuget.org/packages/CommunityToolkit.WinUI.Converters,
Microsoft.Azure.Management.ContainerInstance,7.0.0,379193.0,xml docs; homepage,1,,,,,,lib/net452/Microsoft.Azure.Management.ContainerInstance.xml,https://github.com/azure/azure-sdk-for-net,,,,https://github.com/Azure/azure-sdk-for-net,,https://www.nuget.org/packages/Microsoft.Azure.Management.ContainerInstance,
MetroFramework.RunTime,1.2.0.3,376837.0,hand-written site; readme; homepage,2,https://thielj.github.io/MetroFramework,,README.TXT,,,,,,,,https://thielj.github.io/MetroFramework,,https://www.nuget.org/packages/MetroFramework.RunTime,
Kralizek.AutoFixture.Extensions.MockHttp,2.2.1,375871.0,homepage,1,,,,,,,https://github.com/kralizek/autofixtureextensions,,,,https://github.com/Kralizek/AutoFixtureExtensions,,https://www.nuget.org/packages/Kralizek.AutoFixture.Extensions.MockHttp,
Plotly.NET.Interactive,5.0.0,375788.0,hand-written site; xml docs; homepage,2,https://plotly.net/,,,,,lib/netstandard2.1/Plotly.NET.Interactive.xml,https://github.com/plotly/plotly.net,,,,https://plotly.net/,,https://www.nuget.org/packages/Plotly.NET.Interactive,
MetroFramework.Design,1.2.0.3,374873.0,hand-written site; readme; homepage,2,https://thielj.github.io/MetroFramework,,README.TXT,,,,,,,,https://thielj.github.io/MetroFramework,,https://www.nuget.org/packages/MetroFramework.Design,
ShowMeTheXAML.MSBuild,2.1.1,374702.0,readme,0,,,README.md,,,,https://github.com/keboo/showmethexaml,,,,,,https://www.nuget.org/packages/ShowMeTheXAML.MSBuild,
Microsoft.Azure.Management.FrontDoor,4.0.1,372401.0,xml docs; homepage,1,,,,,,lib/net452/Microsoft.Azure.Management.FrontDoor.xml,https://github.com/azure/azure-sdk-for-net,,,,https://github.com/Azure/azure-sdk-for-net,,https://www.nuget.org/packages/Microsoft.Azure.Management.FrontDoor,
Microsoft.VisualStudio.DesignTools.Extensibility,17.10.34916.79,371985.0,hand-written site; homepage,2,https://aka.ms/vsextensibility,,,,,,,,,,https://aka.ms/vsextensibility,,https://www.nuget.org/packages/Microsoft.VisualStudio.DesignTools.Extensibility,
CommunityToolkit.Aspire.Hosting.Ollama,13.5.0,370090.0,readme; xml docs; homepage,1,,,README.md,,,lib/net10.0/CommunityToolkit.Aspire.Hosting.Ollama.xml,https://github.com/communitytoolkit/aspire,,,,https://github.com/CommunityToolkit/Aspire,,https://www.nuget.org/packages/CommunityToolkit.Aspire.Hosting.Ollama,
DesktopBridge.Helpers,1.2.2,368887.0,homepage,1,,,,,,,https://github.com/microsoft/windows-appconsult-tools-desktopbridgehelpers,,,,https://github.com/microsoft/Windows-AppConsult-Tools-DesktopBridgeHelpers,,https://www.nuget.org/packages/DesktopBridge.Helpers,
Vortice.Direct2D1,3.8.3,367404.0,readme; xml docs,0,,,README.md,,,lib/net10.0/Vortice.Direct2D1.xml,https://github.com/amerkoleci/vortice.windows,,,,,,https://www.nuget.org/packages/Vortice.Direct2D1,
Basic.Reference.Assemblies.Net100,1.8.11,365849.0,readme,0,,,README.md,,,,https://github.com/jaredpar/basic-reference-assemblies,,,,,,https://www.nuget.org/packages/Basic.Reference.Assemblies.Net100,
ReactiveUI.SourceGenerators,3.2.0,365838.0,hand-written site; readme; homepage,2,https://reactiveui.net/,,README.md,,,,https://github.com/reactiveui/reactiveui.sourcegenerators,,,,https://reactiveui.net/,,https://www.nuget.org/packages/ReactiveUI.SourceGenerators,
ImageLibrary,3.0.2,365152.0,hand-written site; xml docs; homepage,2,http://kaliko.com/image-library/,,,,,lib/net20/Kaliko.ImageLibrary.XML,,,,,http://kaliko.com/image-library/,,https://www.nuget.org/packages/ImageLibrary,
WixSharp_wix4,2.14.1,365115.0,homepage,1,,,,,,,https://github.com/oleg-shilo/wixsharp,,,,https://github.com/oleg-shilo/wixsharp,,https://www.nuget.org/packages/WixSharp_wix4,
CommunityToolkit.WinUI.Triggers,8.2.251219,364899.0,readme; xml docs; homepage,1,,,ReadMe.md,,,lib/net8.0-windows10.0.19041/CommunityToolkit.WinUI.Triggers.xml,https://github.com/communitytoolkit/windows,,,,https://github.com/CommunityToolkit/Windows,,https://www.nuget.org/packages/CommunityToolkit.WinUI.Triggers,
Xaml.Behaviors.Avalonia,12.0.7,364461.0,homepage,1,,,,,,,https://github.com/wieslawsoltes/xaml.behaviors,,,,https://github.com/wieslawsoltes/Xaml.Behaviors,,https://www.nuget.org/packages/Xaml.Behaviors.Avalonia,
CSharp.OperationResult,0.1.6,364372.0,homepage,1,,,,,,,https://github.com/gnaeus/operationresult,,,,https://github.com/gnaeus/OperationResult,,https://www.nuget.org/packages/CSharp.OperationResult,
NuGet.SolutionRestoreManager.Interop,5.11.7,362340.0,hand-written site; xml docs; homepage,2,https://aka.ms/nugetprj,,,,,lib/net472/NuGet.SolutionRestoreManager.Interop.xml,https://github.com/nuget/nuget.client,,,,https://aka.ms/nugetprj,,https://www.nuget.org/packages/NuGet.SolutionRestoreManager.Interop,
MetroFramework,1.2.0.3,359922.0,hand-written site; readme; homepage,2,https://thielj.github.io/MetroFramework,,README.TXT,,,,,,,,https://thielj.github.io/MetroFramework,,https://www.nuget.org/packages/MetroFramework,
MetroFramework.Fonts,1.2.0.3,358704.0,hand-written site; readme; homepage,2,https://thielj.github.io/MetroFramework,,README.TXT,,,,,,,,https://thielj.github.io/MetroFramework,,https://www.nuget.org/packages/MetroFramework.Fonts,
TwentyTwenty.Storage.Azure,3.0.0,358014.0,homepage,1,,,,,,,https://github.com/2020ip/twentytwenty.storage,,,,https://github.com/2020IP/TwentyTwenty.Storage,,https://www.nuget.org/packages/TwentyTwenty.Storage.Azure,
DigitalRuby.ExchangeSharp,1.2.1,357646.0,readme; homepage,1,,,README.md,,,,https://github.com/digitalruby/exchangesharp,,,,https://github.com/DigitalRuby/ExchangeSharp,,https://www.nuget.org/packages/DigitalRuby.ExchangeSharp,
Testcontainers.Milvus,4.15.0,357202.0,hand-written site; readme; xml docs; homepage,2,https://dotnet.testcontainers.org/,,README.md,,,lib/net10.0/Testcontainers.Milvus.xml,https://github.com/testcontainers/testcontainers-dotnet,,,,https://dotnet.testcontainers.org/,,https://www.nuget.org/packages/Testcontainers.Milvus,
Microsoft.Azure.Management.Scheduler,2.2.0,355837.0,homepage,1,,,,,,,https://github.com/azure/azure-sdk-for-net,,,,https://github.com/Azure/azure-sdk-for-net,,https://www.nuget.org/packages/Microsoft.Azure.Management.Scheduler,
JetBrains.Annotations.Sources,2026.2.0,355503.0,hand-written site; readme; homepage,2,https://www.jetbrains.com/help/resharper/Code_Analysis__Code_Annotations.html,,readme.md,,,,https://github.com/jetbrains/jetbrains.annotations,,,,https://www.jetbrains.com/help/resharper/Code_Analysis__Code_Annotations.html,,https://www.nuget.org/packages/JetBrains.Annotations.Sources,
Photino.NET,4.0.16,354992.0,homepage,1,,,,,,,https://github.com/tryphotino/photino.net,,,,https://github.com/tryphotino/photino.NET,,https://www.nuget.org/packages/Photino.NET,
SQLitePCLRaw.provider.winsqlite3,3.0.5,353882.0,,0,,,,,,,https://github.com/ericsink/sqlitepcl.raw,,,,,,https://www.nuget.org/packages/SQLitePCLRaw.provider.winsqlite3,
Microsoft.SemanticKernel.Planners.OpenAI,1.47.0-preview,348351.0,hand-written site; xml docs; homepage,2,https://aka.ms/semantic-kernel,,,,,lib/net8.0/Microsoft.SemanticKernel.Planners.OpenAI.xml,https://github.com/microsoft/semantic-kernel,,,,https://aka.ms/semantic-kernel,,https://www.nuget.org/packages/Microsoft.SemanticKernel.Planners.OpenAI,
Semi.Avalonia.DataGrid,12.1.0.1,347946.0,readme; homepage,1,,,README.md,,,,https://github.com/irihitech/semi.avalonia,,,,https://github.com/irihitech/Semi.Avalonia,,https://www.nuget.org/packages/Semi.Avalonia.DataGrid,
CommunityToolkit.WinUI.Controls.SettingsControls,8.2.251219,347678.0,readme; xml docs; homepage,1,,,ReadMe.md,,,lib/net8.0-windows10.0.19041/CommunityToolkit.WinUI.Controls.SettingsControls.xml,https://github.com/communitytoolkit/windows,,,,https://github.com/CommunityToolkit/Windows,,https://www.nuget.org/packages/CommunityToolkit.WinUI.Controls.SettingsControls,
Aspire.Hosting.Orleans,13.5.3,346884.0,readme; xml docs; homepage,1,,,README.md,,,lib/net8.0/Aspire.Hosting.Orleans.xml,https://github.com/microsoft/aspire,,,,https://github.com/microsoft/aspire,,https://www.nuget.org/packages/Aspire.Hosting.Orleans,
Microsoft.Azure.Management.StreamAnalytics,4.0.0,345372.0,xml docs; homepage,1,,,,,,lib/net452/Microsoft.Azure.Management.StreamAnalytics.xml,https://github.com/azure/azure-sdk-for-net,,,,https://github.com/Azure/azure-sdk-for-net,,https://www.nuget.org/packages/Microsoft.Azure.Management.StreamAnalytics,
Morestachio,5.0.1.670,343409.0,xml docs; homepage,1,,,,,,lib/net10.0/Morestachio.xml,https://github.com/jpvenson/morestachio,,,,https://github.com/JPVenson/morestachio,,https://www.nuget.org/packages/Morestachio,
AlphaVSS,2.0.3,339463.0,hand-written site; xml docs; homepage,2,https://alphavss.alphaleonis.com/,,,,,lib/net45/AlphaVSS.Common.xml,https://github.com/alphaleonis/alphavss,,,,https://alphavss.alphaleonis.com/,,https://www.nuget.org/packages/AlphaVSS,
uplink.NET,2.14.3772,338908.0,homepage,1,,,,,,,https://github.com/topperdel/uplink.net,,,,https://github.com/TopperDEL/uplink.net,,https://www.nuget.org/packages/uplink.NET,
Xamarin.AndroidX.Window.WindowJava,1.5.1.3,337099.0,hand-written site; readme; xml docs; homepage,2,https://aka.ms/android-libraries,,readme.md,,,lib/net9.0-android35.0/Xamarin.AndroidX.Window.WindowJava.xml,https://github.com/dotnet/android-libraries,,,,https://aka.ms/android-libraries,,https://www.nuget.org/packages/Xamarin.AndroidX.Window.WindowJava,
Xamarin.Forms.DataGrid,5.0.0.2545,334165.0,homepage,1,,,,,,,https://github.com/akgulebubekir/xamarin.forms.datagrid,,,,https://github.com/akgulebubekir/Xamarin.Forms.DataGrid,,https://www.nuget.org/packages/Xamarin.Forms.DataGrid,
ILGPU.Algorithms,1.5.3,327796.0,hand-written site; xml docs; homepage,2,http://www.ilgpu.net/,,,,,lib/net471/ILGPU.Algorithms.xml,https://github.com/m4rs-mt/ilgpu,,,,http://www.ilgpu.net/,,https://www.nuget.org/packages/ILGPU.Algorithms,
Nager.ArticleNumber,1.0.8,327093.0,readme; xml docs; homepage,1,,,README.md,,,lib/net10.0/Nager.ArticleNumber.xml,https://github.com/nager/nager.articlenumber,,,,https://github.com/nager/Nager.ArticleNumber,,https://www.nuget.org/packages/Nager.ArticleNumber,
Basic.CompilerLog.Util,0.9.62,326901.0,readme; xml docs; homepage,1,,,README.md,,,lib/net10.0/Basic.CompilerLog.Util.xml,https://github.com/jaredpar/complog,,,,https://github.com/jaredpar/complog,,https://www.nuget.org/packages/Basic.CompilerLog.Util,
MonoMac.NetStandard,0.0.4,324360.0,homepage,1,,,,,,,https://github.com/avaloniaui/monomac,,,,https://github.com/AvaloniaUI/monomac,,https://www.nuget.org/packages/MonoMac.NetStandard,
Microsoft.NETCore.ILDAsm,10.0.12,322936.0,hand-written site; homepage,2,https://dot.net/,,,,,,https://github.com/dotnet/runtime,,,,https://dot.net/,,https://www.nuget.org/packages/Microsoft.NETCore.ILDAsm,
TwentyTwenty.Storage.Local,3.0.0,322474.0,homepage,1,,,,,,,https://github.com/2020ip/twentytwenty.storage,,,,https://github.com/2020IP/TwentyTwenty.Storage,,https://www.nuget.org/packages/TwentyTwenty.Storage.Local,
ShowMeTheXAML.AvalonEdit,2.1.1,311010.0,readme,0,,,README.md,,,,https://github.com/keboo/showmethexaml,,,,,,https://www.nuget.org/packages/ShowMeTheXAML.AvalonEdit,
Microsoft.Toolkit.Wpf.UI.XamlHost,6.1.2,310999.0,xml docs,0,,,,,,lib/net462/Microsoft.Toolkit.Wpf.UI.XamlHost.xml,https://github.com/windows-toolkit/microsoft.toolkit.win32,,,,,,https://www.nuget.org/packages/Microsoft.Toolkit.Wpf.UI.XamlHost,
Microsoft.Agents.AI.Foundry,1.5.0,310501.0,xml docs,0,,,,,,lib/net10.0/Microsoft.Agents.AI.Foundry.xml,https://github.com/microsoft/agent-framework,,,,,,https://www.nuget.org/packages/Microsoft.Agents.AI.Foundry,
Azure.AI.AgentServer.Core,1.0.0-beta.29,309741.0,readme; xml docs,0,,,README.md,,,lib/net10.0/Azure.AI.AgentServer.Core.xml,https://github.com/azure/azure-sdk-for-net,,,,,,https://www.nuget.org/packages/Azure.AI.AgentServer.Core,
Sotsera.Blazor.Toaster,3.0.0,308449.0,,0,,,,,,,https://github.com/sotsera/sotsera.blazor.toaster,,,,,,https://www.nuget.org/packages/Sotsera.Blazor.Toaster,
ThisAssembly.Project,2.1.5,307098.0,readme,0,,,readme.md,,,,https://github.com/devlooped/thisassembly,,,,,,https://www.nuget.org/packages/ThisAssembly.Project,
Microsoft.VSSDK.Vsixsigntool,17.10.34916.79,306503.0,,0,,,,,,,,,,,,,https://www.nuget.org/packages/Microsoft.VSSDK.Vsixsigntool,
InputSimulatorPlus,1.0.7,306413.0,xml docs,0,,,,,,lib/net20/WindowsInput.xml,https://github.com/tchatzigiannakis/inputsimulatorplus,,,,,,https://www.nuget.org/packages/InputSimulatorPlus,
AsyncImageLoader.Avalonia,3.8.0,305226.0,readme,0,,,README.md,,,,https://github.com/avaloniautils/asyncimageloader.avalonia,,,,,,https://www.nuget.org/packages/AsyncImageLoader.Avalonia,
Microsoft.Azure.Management.PrivateDns,1.0.0,304338.0,xml docs,0,,,,,,lib/net452/Microsoft.Azure.Management.PrivateDns.xml,https://github.com/azure/azure-sdk-for-net,,,,,,https://www.nuget.org/packages/Microsoft.Azure.Management.PrivateDns,
FftSharp,2.2.0,304187.0,readme; xml docs,0,,,README.md,,,lib/net8.0/FftSharp.xml,https://github.com/swharden/fftsharp,,,,,,https://www.nuget.org/packages/FftSharp,
Dock.Model.Mvvm,12.1.0.6,301546.0,readme; xml docs,0,,,README.md,,,lib/net10.0/Dock.Model.Mvvm.xml,https://github.com/wieslawsoltes/dock,,,,,,https://www.nuget.org/packages/Dock.Model.Mvvm,
Microsoft.Orleans.Clustering.Cosmos,10.3.1,299796.0,readme; xml docs,0,,,README.md,,,lib/net10.0/Orleans.Clustering.Cosmos.xml,https://github.com/dotnet/orleans,,,,,,https://www.nuget.org/packages/Microsoft.Orleans.Clustering.Cosmos,
Microsoft.AI.Foundry.Local,2.0.1,299344.0,readme; xml docs,0,,,README.md,,,lib/net8.0/Microsoft.AI.Foundry.Local.xml,https://github.com/microsoft/foundry-local,,,,,,https://www.nuget.org/packages/Microsoft.AI.Foundry.Local,
NicolasDorier.StandardConfiguration,2.0.1,299184.0,,0,,,,,,,https://github.com/nicolasdorier/nicolasdorier.tools,,,,,,https://www.nuget.org/packages/NicolasDorier.StandardConfiguration,
BTCPayServer.Lightning.All,1.7.8,295869.0,readme,0,,,README.md,,,,https://github.com/btcpayserver/btcpayserver.lightning,,,,,,https://www.nuget.org/packages/BTCPayServer.Lightning.All,
NetCoreAudio,2.0.1,293028.0,readme,0,,,README.md,,,,https://github.com/mobiletechtracker/netcoreaudio,,,,,,https://www.nuget.org/packages/NetCoreAudio,
Aspire.Hosting.Azure.Search,13.5.3,292325.0,readme; xml docs,0,,,README.md,,,lib/net8.0/Aspire.Hosting.Azure.Search.xml,https://github.com/microsoft/aspire,,,,,,https://www.nuget.org/packages/Aspire.Hosting.Azure.Search,
VersOne.Epub,3.3.6,291969.0,xml docs,0,,,,,,lib/net46/VersOne.Epub.xml,https://github.com/vers-one/epubreader,,,,,,https://www.nuget.org/packages/VersOne.Epub,
Microsoft.Azure.Management.ServiceFabric,1.3.0,291865.0,xml docs,0,,,,,,lib/net452/Microsoft.Azure.Management.ServiceFabric.xml,https://github.com/azure/azure-sdk-for-net,,,,,,https://www.nuget.org/packages/Microsoft.Azure.Management.ServiceFabric,
Microsoft.Azure.Management.Consumption,3.0.2,291081.0,xml docs,0,,,,,,lib/net452/Microsoft.Azure.Management.Consumption.xml,https://github.com/azure/azure-sdk-for-net,,,,,,https://www.nuget.org/packages/Microsoft.Azure.Management.Consumption,
BunnyCDN.Net.Storage,1.0.4,290172.0,,0,,,,,,,https://github.com/bunnyway/bunnycdn.net.storage,,,,,,https://www.nuget.org/packages/BunnyCDN.Net.Storage,
Senparc.CO2NET.Cache.CsRedis,2.3.3,288452.0,xml docs,0,,,,,,lib/net462/Senparc.CO2NET.Cache.CsRedis.xml,https://github.com/senparc/senparc.co2net,,,,,,https://www.nuget.org/packages/Senparc.CO2NET.Cache.CsRedis,
NetOffice.Word,1.7.4.11,282210.0,xml docs,0,,,,,,lib/net20/WordApi.xml,https://github.com/netoffice/netoffice-nuget,,,,,,https://www.nuget.org/packages/NetOffice.Word,
Splat.NLog,21.0.0,281988.0,readme; xml docs,0,,,README.md,,,lib/net10.0/Splat.NLog.xml,https://github.com/reactiveui/splat,,,,,,https://www.nuget.org/packages/Splat.NLog,
Azure.ResourceManager.RedisEnterprise,1.3.0,280562.0,readme; xml docs,0,,,README.md,,,lib/net8.0/Azure.ResourceManager.RedisEnterprise.xml,https://github.com/azure/azure-sdk-for-net,,,,,,https://www.nuget.org/packages/Azure.ResourceManager.RedisEnterprise,
Microsoft.WindowsAzure.Management.HDInsight,1.5.13,280184.0,xml docs,0,,,,,,lib/net45/Microsoft.WindowsAzure.Management.HDInsight.xml,,,,,,,https://www.nuget.org/packages/Microsoft.WindowsAzure.Management.HDInsight,
NicolasDorier.CommandLine.Configuration,2.0.0,278607.0,,0,,,,,,,https://github.com/nicolasdorier/nicolasdorier.tools,,,,,,https://www.nuget.org/packages/NicolasDorier.CommandLine.Configuration,
GirCore.Gtk-4.0,0.8.1,278507.0,,0,,,,,,,https://github.com/gircore/gir.core,,,,,,https://www.nuget.org/packages/GirCore.Gtk-4.0,
NicolasDorier.CommandLine,2.0.0,277337.0,,0,,,,,,,https://github.com/nicolasdorier/nicolasdorier.tools,,,,,,https://www.nuget.org/packages/NicolasDorier.CommandLine,
Belgrade.Sql.Client,1.1.4,274476.0,,0,,,,,,,https://github.com/jocapc/belgrade-sqlclient,,,,,,https://www.nuget.org/packages/Belgrade.Sql.Client,
Avalonia.iOS,12.1.2,274060.0,xml docs,0,,,,,,lib/net10.0-ios26.0/Avalonia.iOS.xml,https://github.com/avaloniaui/avalonia,,,,,,https://www.nuget.org/packages/Avalonia.iOS,
Tmds.DBus.Generator,0.95.1,272196.0,readme,0,,,README.md,,,,https://github.com/tmds/tmds.dbus,,,,,,https://www.nuget.org/packages/Tmds.DBus.Generator,
Azure.ResourceManager.WebPubSub,1.2.0,271310.0,readme; xml docs,0,,,README.md,,,lib/net8.0/Azure.ResourceManager.WebPubSub.xml,https://github.com/azure/azure-sdk-for-net,,,,,,https://www.nuget.org/packages/Azure.ResourceManager.WebPubSub,
Microsoft.Net.Http.zh-Hans,2.0.20710,270776.0,,0,,,,,,,,,,,,,https://www.nuget.org/packages/Microsoft.Net.Http.zh-Hans,
OpenRA-SDL2-CS,1.0.44,270768.0,,0,,,,,,,https://github.com/openra/sdl2-cs,,,,,,https://www.nuget.org/packages/OpenRA-SDL2-CS,
Microsoft.Extensions.DataIngestion,10.9.0-preview.1.26411.16,269530.0,readme; xml docs,0,,,README.md,,,lib/net10.0/Microsoft.Extensions.DataIngestion.xml,https://github.com/dotnet/extensions,,,,,,https://www.nuget.org/packages/Microsoft.Extensions.DataIngestion,
Magick.NET-Q16-HDRI-OpenMP-arm64,14.17.1,269464.0,readme; xml docs,0,,,docs/Readme.md,,,lib/net8.0/Magick.NET-Q16-HDRI-OpenMP-arm64.xml,https://github.com/dlemstra/magick.net,,,,,,https://www.nuget.org/packages/Magick.NET-Q16-HDRI-OpenMP-arm64,
sqlite-net-e,1.11.285,269056.0,xml docs,0,,,,,,lib/net8.0/SQLite-net.xml,https://github.com/praeclarum/sqlite-net,,,,,,https://www.nuget.org/packages/sqlite-net-e,
Melanchall.DryWetMidi,8.0.3,268571.0,readme; xml docs,0,,,README.md,,,lib/net45/Melanchall.DryWetMidi.xml,https://github.com/melanchall/drywetmidi,,,,,,https://www.nuget.org/packages/Melanchall.DryWetMidi,
Basic.Reference.Assemblies.Net60,1.8.11,268440.0,readme,0,,,README.md,,,,https://github.com/jaredpar/basic-reference-assemblies,,,,,,https://www.nuget.org/packages/Basic.Reference.Assemblies.Net60,
UACHelper,1.3.0.5,267964.0,readme,0,,,readme.txt,,,,https://github.com/falahati/uachelper,,,,,,https://www.nuget.org/packages/UACHelper,
BytexDigital.Blazor.Components.CookieConsent,1.3.0,267448.0,readme,0,,,content/README.md,,,,https://github.com/bytexdigital/bytexdigital.blazor.components.cookieconsent,,,,,,https://www.nuget.org/packages/BytexDigital.Blazor.Components.CookieConsent,
Vanara.Security,5.0.7,267200.0,xml docs,0,,,,,,lib/net10.0-windows7.0/Vanara.Security.xml,https://github.com/dahall/vanara,,,,,,https://www.nuget.org/packages/Vanara.Security,
PdfiumViewer.Updated,2.14.5,266918.0,xml docs,0,,,,,,lib/net20/PdfiumViewer.xml,https://github.com/bluegrams/pdfiumviewer,,,,,,https://www.nuget.org/packages/PdfiumViewer.Updated,
Microsoft.Hadoop.Client,1.5.13,266808.0,xml docs,0,,,,,,lib/net45/Microsoft.Hadoop.Client.xml,,,,,,,https://www.nuget.org/packages/Microsoft.Hadoop.Client,
CommunityToolkit.WinUI.Behaviors,8.2.251219,265394.0,readme; xml docs,0,,,ReadMe.md,,,lib/net8.0-windows10.0.19041/CommunityToolkit.WinUI.Behaviors.xml,https://github.com/communitytoolkit/windows,,,,,,https://www.nuget.org/packages/CommunityToolkit.WinUI.Behaviors,
BCnEncoder.Net,2.3.0,264785.0,xml docs,0,,,,,,lib/netstandard2.0/BCnEncoder.xml,https://github.com/nominom/bcnencoder.net,,,,,,https://www.nuget.org/packages/BCnEncoder.Net,
OpenRA-Freetype6,1.0.12,263996.0,,0,,,,,,,https://github.com/openra/freetype,,,,,,https://www.nuget.org/packages/OpenRA-Freetype6,
Microsoft.Azure.Management.SignalR,1.1.0,263685.0,xml docs,0,,,,,,lib/net452/Microsoft.Azure.Management.SignalR.xml,https://github.com/azure/azure-sdk-for-net,,,,,,https://www.nuget.org/packages/Microsoft.Azure.Management.SignalR,
Excubo.Blazor.Canvas,3.2.96,263421.0,readme,0,,,README.md,,,,https://github.com/excubo-ag/blazor.canvas,,,,,,https://www.nuget.org/packages/Excubo.Blazor.Canvas,
OpenRA-Eluant,1.0.24,263277.0,,0,,,,,,,https://github.com/openra/eluant,,,,,,https://www.nuget.org/packages/OpenRA-Eluant,
Dock.Controls.Recycling,12.1.0.6,263193.0,readme; xml docs,0,,,README.md,,,lib/net10.0/Dock.Controls.Recycling.xml,https://github.com/wieslawsoltes/dock,,,,,,https://www.nuget.org/packages/Dock.Controls.Recycling,
Microsoft.Extensions.DataIngestion.Markdig,10.9.0-preview.1.26411.16,263017.0,readme; xml docs,0,,,README.md,,,lib/net10.0/Microsoft.Extensions.DataIngestion.Markdig.xml,https://github.com/dotnet/extensions,,,,,,https://www.nuget.org/packages/Microsoft.Extensions.DataIngestion.Markdig,
NvAPIWrapper.Net,0.8.1.101,262787.0,readme; xml docs,0,,,readme.txt,,,lib/net45/NvAPIWrapper.xml,https://github.com/falahati/nvapiwrapper,,,,,,https://www.nuget.org/packages/NvAPIWrapper.Net,
NeoSmart.Caching.Sqlite.AspNetCore,9.0.3,260849.0,readme,0,,,README.md,,,,https://github.com/neosmart/aspsqlitecache,,,,,,https://www.nuget.org/packages/NeoSmart.Caching.Sqlite.AspNetCore,
StockSharp.Xaml,5.0.251,260375.0,readme; xml docs,0,,,README.md,,,lib/net10.0-windows7.0/StockSharp.Xaml.xml,https://github.com/stocksharp/stocksharp,,,,,,https://www.nuget.org/packages/StockSharp.Xaml,
CommunityToolkit.WinUI.Controls.Sizers,8.2.251219,259304.0,readme; xml docs,0,,,ReadMe.md,,,lib/net8.0-windows10.0.19041/CommunityToolkit.WinUI.Controls.Sizers.xml,https://github.com/communitytoolkit/windows,,,,,,https://www.nuget.org/packages/CommunityToolkit.WinUI.Controls.Sizers,
Azure.Analytics.Synapse.Spark,1.0.0-preview.8,258935.0,readme; xml docs,0,,,README.md,,,lib/netstandard2.0/Azure.Analytics.Synapse.Spark.xml,https://github.com/azure/azure-sdk-for-net,,,,,,https://www.nuget.org/packages/Azure.Analytics.Synapse.Spark,
Microsoft.Azure.Management.Analysis,2.0.4,257720.0,xml docs,0,,,,,,lib/net452/Microsoft.Azure.Management.Analysis.xml,https://github.com/azure/azure-sdk-for-net,,,,,,https://www.nuget.org/packages/Microsoft.Azure.Management.Analysis,
CommunityToolkit.WinUI.Controls.Segmented,8.2.251219,257262.0,readme; xml docs,0,,,ReadMe.md,,,lib/net8.0-windows10.0.19041/CommunityToolkit.WinUI.Controls.Segmented.xml,https://github.com/communitytoolkit/windows,,,,,,https://www.nuget.org/packages/CommunityToolkit.WinUI.Controls.Segmented,
MarkdownLog.NS20,0.10.1,257023.0,,0,,,,,,,https://github.com/wheelies/markdownlog,,,,,,https://www.nuget.org/packages/MarkdownLog.NS20,
Avalonia.Headless.NUnit,12.1.2,256191.0,xml docs,0,,,,,,lib/net10.0/Avalonia.Headless.NUnit.xml,https://github.com/avaloniaui/avalonia,,,,,,https://www.nuget.org/packages/Avalonia.Headless.NUnit,
Docfx.App,2.78.5,256129.0,readme,0,,,README.md,,,,https://github.com/dotnet/docfx,,,,,,https://www.nuget.org/packages/Docfx.App,
deniszykov.WebSocketListener,4.2.19,255280.0,,0,,,,,,,https://github.com/deniszykov/websocketlistener,,,,,,https://www.nuget.org/packages/deniszykov.WebSocketListener,
Vanara.PInvoke.DwmApi,5.0.7,255099.0,xml docs,0,,,,,,lib/net10.0-windows7.0/Vanara.PInvoke.DwmApi.xml,https://github.com/dahall/vanara,,,,,,https://www.nuget.org/packages/Vanara.PInvoke.DwmApi,
Umbraco.Cms.DevelopmentMode.Backoffice,18.1.1,253765.0,xml docs,0,,,,,,lib/net10.0/Umbraco.Cms.DevelopmentMode.Backoffice.xml,https://github.com/umbraco/umbraco-cms,,,,,,https://www.nuget.org/packages/Umbraco.Cms.DevelopmentMode.Backoffice,
Norm.net,5.4.0,253288.0,xml docs,0,,,,,,lib/netstandard2.1/Norm.xml,https://github.com/vb-consulting/norm.net,,,,,,https://www.nuget.org/packages/Norm.net,
Microsoft.VisualStudio.InteractiveWindow,4.0.0,253189.0,xml docs,0,,,,,,lib/net472/Microsoft.VisualStudio.InteractiveWindow.xml,https://github.com/dotnet/interactive-window,,,,,,https://www.nuget.org/packages/Microsoft.VisualStudio.InteractiveWindow,
Magick.NET-Q16-HDRI-arm64,14.17.1,252953.0,readme; xml docs,0,,,docs/Readme.md,,,lib/net8.0/Magick.NET-Q16-HDRI-arm64.xml,https://github.com/dlemstra/magick.net,,,,,,https://www.nuget.org/packages/Magick.NET-Q16-HDRI-arm64,
NetEscapades.EnumGenerators.Generators,1.0.0-beta21,251687.0,readme; xml docs,0,,,README.md,,,lib/netstandard2.0/NetEscapades.EnumGenerators.Attributes.xml,https://github.com/andrewlock/netescapades.enumgenerators,,,,,,https://www.nuget.org/packages/NetEscapades.EnumGenerators.Generators,
NBitpayClient,1.0.0.39,249556.0,,0,,,,,,,https://github.com/metacosa/nbitpayclient,,,,,,https://www.nuget.org/packages/NBitpayClient,
OpenRA-OpenAL-CS,1.0.23,246267.0,,0,,,,,,,https://github.com/openra/openal-cs,,,,,,https://www.nuget.org/packages/OpenRA-OpenAL-CS,
Microsoft.Agents.AI.Hosting.OpenAI,1.20.0-alpha.260831.1,246015.0,xml docs,0,,,,,,lib/net10.0/Microsoft.Agents.AI.Hosting.OpenAI.xml,https://github.com/microsoft/agent-framework,,,,,,https://www.nuget.org/packages/Microsoft.Agents.AI.Hosting.OpenAI,
Microsoft.WindowsAzure.Management.ServiceBus,0.19.0-preview,245782.0,xml docs,0,,,,,,lib/portable-net45%2Bwp8%2Bwpa81%2Bwin/Microsoft.WindowsAzure.Management.ServiceBus.xml,https://github.com/windowsazure/azure-sdk-for-net,,,,,,https://www.nuget.org/packages/Microsoft.WindowsAzure.Management.ServiceBus,
Microsoft.Toolkit.Wpf.UI.Controls,6.1.2,245533.0,xml docs,0,,,,,,lib/net462/Microsoft.Toolkit.Wpf.UI.Controls.xml,https://github.com/windows-toolkit/microsoft.toolkit.win32,,,,,,https://www.nuget.org/packages/Microsoft.Toolkit.Wpf.UI.Controls,
NumpyDotNet,0.9.87.2,241412.0,xml docs,0,,,,,,lib/netstandard2.0/NumpyDotNet.xml,https://github.com/quansight-labs/numpy.net,,,,,,https://www.nuget.org/packages/NumpyDotNet,
Azure.ResourceManager.RecoveryServices,1.4.0,240707.0,readme; xml docs,0,,,README.md,,,lib/net10.0/Azure.ResourceManager.RecoveryServices.xml,https://github.com/azure/azure-sdk-for-net,,,,,,https://www.nuget.org/packages/Azure.ResourceManager.RecoveryServices,
TwentyTwenty.Storage.Amazon,3.0.0,240687.0,,0,,,,,,,https://github.com/2020ip/twentytwenty.storage,,,,,,https://www.nuget.org/packages/TwentyTwenty.Storage.Amazon,
Microsoft.VisualStudio.LiveShare.LanguageServices,2.0.1,238537.0,,0,,,,,,,https://github.com/microsoftdocs/live-share,,,,,,https://www.nuget.org/packages/Microsoft.VisualStudio.LiveShare.LanguageServices,
uplink.NET.Linux,2.14.3772,237710.0,,0,,,,,,,https://github.com/topperdel/uplink.net,,,,,,https://www.nuget.org/packages/uplink.NET.Linux,
TwentyTwenty.Storage.Google,3.0.0,237705.0,,0,,,,,,,https://github.com/2020ip/twentytwenty.storage,,,,,,https://www.nuget.org/packages/TwentyTwenty.Storage.Google,
MathConverter,3.0.0,237533.0,readme,0,,,README.md,,,,https://github.com/hexinnovation/mathconverter,,,,,,https://www.nuget.org/packages/MathConverter,
Microsoft.Orleans.Reminders.Cosmos,10.3.1,235354.0,readme; xml docs,0,,,README.md,,,lib/net10.0/Orleans.Reminders.Cosmos.xml,https://github.com/dotnet/orleans,,,,,,https://www.nuget.org/packages/Microsoft.Orleans.Reminders.Cosmos,
Senparc.WebSocket,1.2.4,234733.0,xml docs,0,,,,,,lib/net10.0/Senparc.WebSocket.xml,https://github.com/jeffreysu/weixinmpsdk,,,,,,https://www.nuget.org/packages/Senparc.WebSocket,
Microsoft.Azure.Management.RecoveryServices.SiteRecovery,2.2.0-preview,233526.0,xml docs,0,,,,,,lib/net452/Microsoft.Azure.Management.RecoveryServices.SiteRecovery.xml,https://github.com/azure/azure-sdk-for-net,,,,,,https://www.nuget.org/packages/Microsoft.Azure.Management.RecoveryServices.SiteRecovery,
StockSharp.Xaml.Charting,5.0.252,232227.0,readme; xml docs,0,,,README.md,,,lib/net10.0-windows7.0/StockSharp.Xaml.Charting.xml,https://github.com/stocksharp/stocksharp,,,,,,https://www.nuget.org/packages/StockSharp.Xaml.Charting,
Meziantou.WpfFontAwesome,5.15.4,229540.0,,0,,,,,,,https://github.com/meziantou/wpffontawesome,,,,,,https://www.nuget.org/packages/Meziantou.WpfFontAwesome,
Senparc.Weixin.MP.Middleware,1.5.7,227840.0,xml docs,0,,,,,,lib/net10.0/Senparc.Weixin.MP.Middleware.xml,https://github.com/jeffreysu/weixinmpsdk,,,,,,https://www.nuget.org/packages/Senparc.Weixin.MP.Middleware,
Microsoft.Azure.Management.NotificationHubs,2.3.4-preview,226403.0,xml docs,0,,,,,,lib/net452/Microsoft.Azure.Management.NotificationHubs.xml,https://github.com/azure/azure-sdk-for-net,,,,,,https://www.nuget.org/packages/Microsoft.Azure.Management.NotificationHubs,
Microsoft.Maui.Controls.Foldable,10.0.101,225456.0,readme; xml docs,0,,,README.md,,,lib/net10.0/Microsoft.Maui.Controls.Foldable.xml,https://github.com/dotnet/maui,,,,,,https://www.nuget.org/packages/Microsoft.Maui.Controls.Foldable,
Microsoft.VisualStudio.TextTemplating.14.0,14.3.25407,225431.0,xml docs,0,,,,,,lib/net45/Microsoft.VisualStudio.TextTemplating.14.0.xml,,,,,,,https://www.nuget.org/packages/Microsoft.VisualStudio.TextTemplating.14.0,
Senparc.CO2NET.Cache.Memcached,5.1.3,224743.0,xml docs,0,,,,,,lib/net462/Senparc.CO2NET.Cache.Memcached.xml,https://github.com/senparc/senparc.co2net,,,,,,https://www.nuget.org/packages/Senparc.CO2NET.Cache.Memcached,
JsonExtensions,1.2.3,222280.0,xml docs,0,,,,,,lib/net10.0/JsonExtensions.xml,https://github.com/tyrrrz/jsonextensions,,,,,,https://www.nuget.org/packages/JsonExtensions,
OpenRA-FuzzyLogicLibrary,1.0.1,221795.0,,0,,,,,,,https://github.com/openra/fuzzynet,,,,,,https://www.nuget.org/packages/OpenRA-FuzzyLogicLibrary,
Prompty.Core,2.0.0-beta.4,220008.0,readme; xml docs,0,,,README.md,,,lib/net9.0/Prompty.Core.xml,https://github.com/microsoft/prompty,,,,,,https://www.nuget.org/packages/Prompty.Core,
Microsoft.TemplateEngine.Tasks,7.0.120,219039.0,,0,,,,,,,https://github.com/dotnet/templating,,,,,,https://www.nuget.org/packages/Microsoft.TemplateEngine.Tasks,
Microsoft.AspNet.Providers.Core.zh-Hans,2.0.0,214991.0,,0,,,,,,,,,,,,,https://www.nuget.org/packages/Microsoft.AspNet.Providers.Core.zh-Hans,
Axe.Windows,2.4.2,213061.0,xml docs,0,,,,,,lib/netstandard20/Axe.Windows.Automation.xml,https://github.com/microsoft/axe-windows,,,,,,https://www.nuget.org/packages/Axe.Windows,
Microsoft.WinForms.Designer.SDK,1.6.0,212764.0,readme; xml docs,0,,,readme.md,,,ref/net472/Microsoft.DotNet.DesignTools.Protocol.xml,,,,,,,https://www.nuget.org/packages/Microsoft.WinForms.Designer.SDK,
MongoSandbox.Core,2.0.0,210135.0,readme; xml docs,0,,,README.md,,,lib/net472/MongoSandbox.Core.xml,https://github.com/wassim-k/mongosandbox,,,,,,https://www.nuget.org/packages/MongoSandbox.Core,
Senparc.Weixin.Cache.Memcached,2.19.6,209454.0,,0,,,,,,,https://github.com/jeffreysu/weixinmpsdk,,,,,,https://www.nuget.org/packages/Senparc.Weixin.Cache.Memcached,
ToolGood.Words.Pinyin,3.1.0.4,207452.0,,0,,,,,,,https://github.com/toolgood/toolgood.words.pinyin,,,,,,https://www.nuget.org/packages/ToolGood.Words.Pinyin,
XAB.FlexboxLayout,3.0.0.2,205830.0,xml docs,0,,,,,,lib/monoandroid11.0/XAB.FlexboxLayout.xml,https://github.com/aigiol/xamarin-bindings,,,,,,https://www.nuget.org/packages/XAB.FlexboxLayout,
Senparc.Weixin.TenPayV3,2.6.1,205224.0,,0,,,,,,,https://github.com/jeffreysu/weixinmpsdk,,,,,,https://www.nuget.org/packages/Senparc.Weixin.TenPayV3,
SourceBrowser,1.0.47,204543.0,,0,,,,,,,https://github.com/kirillosenkov/sourcebrowser,,,,,,https://www.nuget.org/packages/SourceBrowser,
SharpShell,2.7.2,204401.0,xml docs,0,,,,,,lib/net40-client/SharpShell.xml,https://github.com/dwmkerr/sharpshell,,,,,,https://www.nuget.org/packages/SharpShell,
uplink.NET.Win,2.14.3772,202808.0,,0,,,,,,,https://github.com/topperdel/uplink.net,,,,,,https://www.nuget.org/packages/uplink.NET.Win,
Mages,3.0.1,202037.0,readme; xml docs,0,,,README.md,,,lib/netstandard2.1/Mages.Core.xml,https://github.com/florianrappl/mages,,,,,,https://www.nuget.org/packages/Mages,
BD.Common,1.25.10122.11624,201089.0,xml docs,0,,,,,,lib/net8.0/BD.Common.xml,https://github.com/beyonddimension/common,,,,,,https://www.nuget.org/packages/BD.Common,
Xunit.v3.Priority,1.1.18,200503.0,readme; xml docs,0,,,README.md,,,lib/netstandard2.0/Xunit.v3.Priority.xml,https://github.com/asherber/xunit.priority,,,,,,https://www.nuget.org/packages/Xunit.v3.Priority,
LibVLCSharp.WinForms,3.10.1,200104.0,readme; xml docs,0,,,README.md,,,lib/net40/LibVLCSharp.WinForms.xml,,,,,,,https://www.nuget.org/packages/LibVLCSharp.WinForms,
CoCoL,1.8.4,199993.0,readme,0,,,docs/README.md,,,,https://github.com/kenkendk/cocol,,,,,,https://www.nuget.org/packages/CoCoL,
RawInput.Sharp,0.2.0,199730.0,readme,0,,,README.md,,,,https://github.com/mfakane/rawinput-sharp,,,,,,https://www.nuget.org/packages/RawInput.Sharp,
Microsoft.Azure.Management.MachineLearning,1.0.1,199441.0,xml docs,0,,,,,,lib/net452/Microsoft.Azure.Management.MachineLearning.xml,https://github.com/azure/azure-sdk-for-net,,,,,,https://www.nuget.org/packages/Microsoft.Azure.Management.MachineLearning,
SharpAESCrypt,3.0.0,196886.0,readme; xml docs,0,,,docs/README.md,,,lib/net8.0/SharpAESCrypt.xml,https://github.com/duplicati/sharpaescrypt,,,,,,https://www.nuget.org/packages/SharpAESCrypt,
Vanara.PInvoke.PowrProf,5.0.7,194393.0,xml docs,0,,,,,,lib/net10.0-windows7.0/Vanara.PInvoke.PowrProf.xml,https://github.com/dahall/vanara,,,,,,https://www.nuget.org/packages/Vanara.PInvoke.PowrProf,
OperatingSystem2,3.0.0,191553.0,xml docs,0,,,,,,lib/net35/System.OperatingSystem2.xml,https://github.com/beyonddimension/operatingsystem2,,,,,,https://www.nuget.org/packages/OperatingSystem2,
Microsoft.Azure.Management.DevTestLabs,3.0.0,191446.0,xml docs,0,,,,,,lib/net452/Microsoft.Azure.Management.DevTestLabs.xml,https://github.com/azure/azure-sdk-for-net,,,,,,https://www.nuget.org/packages/Microsoft.Azure.Management.DevTestLabs,
CSMatIO,1.0.20,191383.0,,0,,,,,,,,,,,,,https://www.nuget.org/packages/CSMatIO,
Asp.Versioning.OpenApi,10.2.3,189902.0,readme; xml docs,0,,,README.md,,,lib/net10.0/Asp.Versioning.OpenApi.xml,https://github.com/dotnet/aspnet-api-versioning,,,,,,https://www.nuget.org/packages/Asp.Versioning.OpenApi,
NLog.Layouts.ClefJsonLayout,1.0.5,187354.0,readme,0,,,README.md,,,,https://github.com/paulem/nlog-layouts-clef,,,,,,https://www.nuget.org/packages/NLog.Layouts.ClefJsonLayout,
Microsoft.Agents.AI.Workflows.Generators,1.20.0,187146.0,,0,,,,,,,https://github.com/microsoft/agent-framework,,,,,,https://www.nuget.org/packages/Microsoft.Agents.AI.Workflows.Generators,
Enyim.Caching.Web,1.0.0.1,186499.0,,0,,,,,,,https://github.com/enyim/memcached-providers,,,,,,https://www.nuget.org/packages/Enyim.Caching.Web,
Microsoft.Agents.AI.DevUI,1.20.0-preview.260831.1,183299.0,xml docs,0,,,,,,lib/net10.0/Microsoft.Agents.AI.DevUI.xml,https://github.com/microsoft/agent-framework,,,,,,https://www.nuget.org/packages/Microsoft.Agents.AI.DevUI,
Avalonia.Controls.WebView,12.1.0,182367.0,readme; xml docs,0,,,README.md,,,lib/net10.0-android36.0/Avalonia.Controls.WebView.xml,,,,,,,https://www.nuget.org/packages/Avalonia.Controls.WebView,
Microsoft.Crank.EventSources,0.2.0-alpha.26316.1,182065.0,,0,,,,,,,https://github.com/dotnet/crank,,,,,,https://www.nuget.org/packages/Microsoft.Crank.EventSources,
Microsoft.DataTransfer.Gateway.Encryption,5.40.8869.1,180416.0,,0,,,,,,,,,,,,,https://www.nuget.org/packages/Microsoft.DataTransfer.Gateway.Encryption,
CommunityToolkit.Aspire.Hosting.Ngrok,13.5.0,179834.0,readme; xml docs,0,,,README.md,,,lib/net10.0/CommunityToolkit.Aspire.Hosting.Ngrok.xml,https://github.com/communitytoolkit/aspire,,,,,,https://www.nuget.org/packages/CommunityToolkit.Aspire.Hosting.Ngrok,
Senparc.Weixin.Cache.CsRedis,1.3.5,177921.0,,0,,,,,,,https://github.com/jeffreysu/weixinmpsdk,,,,,,https://www.nuget.org/packages/Senparc.Weixin.Cache.CsRedis,
Microsoft.Azure.Management.DeviceProvisioningServices,4.0.0,177358.0,xml docs,0,,,,,,lib/net452/Microsoft.Azure.Management.DeviceProvisioningServices.xml,https://github.com/azure/azure-sdk-for-net,,,,,,https://www.nuget.org/packages/Microsoft.Azure.Management.DeviceProvisioningServices,
Microsoft.VisualStudio.ProjectSystem.Managed,2.0.6142705,177137.0,,0,,,,,,,https://github.com/dotnet/roslyn-project-system,,,,,,https://www.nuget.org/packages/Microsoft.VisualStudio.ProjectSystem.Managed,
Azure.AI.AgentServer.Responses,1.0.0-beta.8,177114.0,readme; xml docs,0,,,README.md,,,lib/net10.0/Azure.AI.AgentServer.Responses.xml,https://github.com/azure/azure-sdk-for-net,,,,,,https://www.nuget.org/packages/Azure.AI.AgentServer.Responses,
Microsoft.Azure.Management.PolicyInsights,5.1.0,176471.0,xml docs,0,,,,,,lib/net452/Microsoft.Azure.Management.PolicyInsights.xml,https://github.com/azure/azure-sdk-for-net,,,,,,https://www.nuget.org/packages/Microsoft.Azure.Management.PolicyInsights,
Gameloop.Vdf,0.6.2,174649.0,readme; xml docs,0,,,readme.txt,,,lib/net45/Gameloop.Vdf.xml,https://github.com/shravan2x/gameloop.vdf,,,,,,https://www.nuget.org/packages/Gameloop.Vdf,
Microsoft.Azure.Management.Maps,1.0.2,174466.0,xml docs,0,,,,,,lib/net452/Microsoft.Azure.Management.Maps.xml,https://github.com/azure/azure-sdk-for-net,,,,,,https://www.nuget.org/packages/Microsoft.Azure.Management.Maps,
uplink.NET.Mac,2.13.3484,174010.0,,0,,,,,,,https://github.com/topperdel/uplink.net,,,,,,https://www.nuget.org/packages/uplink.NET.Mac,
System.Web.Providers.LocalDb,1.1.0,173829.0,,0,,,,,,,,,,,,,https://www.nuget.org/packages/System.Web.Providers.LocalDb,
Microsoft.Azure.Management.PowerBIDedicated,0.11.0-preview,173110.0,xml docs,0,,,,,,lib/net452/Microsoft.Azure.Management.PowerBIDedicated.xml,https://github.com/azure/azure-sdk-for-net,,,,,,https://www.nuget.org/packages/Microsoft.Azure.Management.PowerBIDedicated,
ReactiveUI.AndroidX,24.2.0,172752.0,readme; xml docs,0,,,README.md,,,lib/net10.0-android36.0/ReactiveUI.AndroidX.xml,https://github.com/reactiveui/reactiveui,,,,,,https://www.nuget.org/packages/ReactiveUI.AndroidX,
Harmony.Extensions,4.0.0.60,170822.0,,0,,,,,,,https://github.com/butr/harmony.extensions,,,,,,https://www.nuget.org/packages/Harmony.Extensions,
C1.Win.Ribbon,10.0.20261.813,170566.0,readme; xml docs,0,,,docs/readme.md,,,lib/net462/C1.Win.Ribbon.4.6.2.xml,,,,,,,https://www.nuget.org/packages/C1.Win.Ribbon,
Basic.Reference.Assemblies.NetStandard20,1.8.11,170564.0,readme,0,,,README.md,,,,https://github.com/jaredpar/basic-reference-assemblies,,,,,,https://www.nuget.org/packages/Basic.Reference.Assemblies.NetStandard20,
Microsoft.Agents.AI.Hosting.A2A.AspNetCore,1.20.0-preview.260831.1,169039.0,xml docs,0,,,,,,lib/net10.0/Microsoft.Agents.AI.Hosting.A2A.AspNetCore.xml,https://github.com/microsoft/agent-framework,,,,,,https://www.nuget.org/packages/Microsoft.Agents.AI.Hosting.A2A.AspNetCore,
Azure.ResourceManager.ExtendedLocations,1.1.2,168517.0,readme; xml docs,0,,,README.md,,,lib/net10.0/Azure.ResourceManager.ExtendedLocations.xml,https://github.com/azure/azure-sdk-for-net,,,,,,https://www.nuget.org/packages/Azure.ResourceManager.ExtendedLocations,
SQLitePCLRaw.bundle_e_sqlite3mc,2.1.11,168121.0,readme; xml docs,0,,,README.md,,,lib/net6.0-android31.0/SQLitePCLRaw.batteries_v2.xml,https://github.com/ericsink/sqlitepcl.raw,,,,,,https://www.nuget.org/packages/SQLitePCLRaw.bundle_e_sqlite3mc,
Azure.Analytics.Synapse.AccessControl,1.0.0-preview.5,168031.0,readme; xml docs,0,,,README.md,,,lib/netstandard2.0/Azure.Analytics.Synapse.AccessControl.xml,https://github.com/azure/azure-sdk-for-net,,,,,,https://www.nuget.org/packages/Azure.Analytics.Synapse.AccessControl,
XAMLTest,3.0.0,167839.0,,0,,,,,,,https://github.com/keboo/xamltest,,,,,,https://www.nuget.org/packages/XAMLTest,
Xamarin.Android.ReactiveX.RxJava3.RxJava,3.1.12.3,165287.0,readme; xml docs,0,,,readme.md,,,lib/net10.0-android36.0/Xamarin.Android.ReactiveX.RxJava3.RxJava.xml,https://github.com/dotnet/android-libraries,,,,,,https://www.nuget.org/packages/Xamarin.Android.ReactiveX.RxJava3.RxJava,
SMBLibrary.Win32,1.5.7,164924.0,xml docs,0,,,,,,lib/net20/SMBLibrary.Win32.xml,https://github.com/talaloni/smblibrary,,,,,,https://www.nuget.org/packages/SMBLibrary.Win32,
Onova,2.6.13,163368.0,xml docs,0,,,,,,lib/net462/Onova.xml,https://github.com/tyrrrz/onova,,,,,,https://www.nuget.org/packages/Onova,
SQLite3MC.PCLRaw.bundle,2.4.0,162441.0,readme,0,,,README.md,,,,https://github.com/utelle/sqlite3multipleciphers-nuget,,,,,,https://www.nuget.org/packages/SQLite3MC.PCLRaw.bundle,
Vanara.Windows.Extensions,5.0.7,161458.0,xml docs,0,,,,,,lib/net10.0-windows7.0/Vanara.Windows.Extensions.xml,https://github.com/dahall/vanara,,,,,,https://www.nuget.org/packages/Vanara.Windows.Extensions,
C1.Win.FlexGrid,10.0.20261.813,161395.0,readme; xml docs,0,,,docs/readme.md,,,lib/net462/C1.Win.FlexGrid.4.6.2.xml,,,,,,,https://www.nuget.org/packages/C1.Win.FlexGrid,
bblanchon.PDFiumV8.Win32,155.0.8044,160756.0,readme,0,,,README.md,,,,https://github.com/bblanchon/pdfium-binaries,,,,,,https://www.nuget.org/packages/bblanchon.PDFiumV8.Win32,
OrchardCore.Application.Mvc.Targets,3.0.1,160748.0,xml docs,0,,,,,,lib/net10.0/OrchardCore.Application.Mvc.Targets.xml,https://github.com/orchardcms/orchardcore,,,,,,https://www.nuget.org/packages/OrchardCore.Application.Mvc.Targets,
JsonPeek,1.3.0,160543.0,readme,0,,,readme.md,,,,https://github.com/devlooped/json,,,,,,https://www.nuget.org/packages/JsonPeek,
Silk.NET.Direct3D11,2.23.0,160036.0,readme; xml docs,0,,,README.md,,,lib/net5.0/Silk.NET.Direct3D11.xml,https://github.com/dotnet/silk.net,,,,,,https://www.nuget.org/packages/Silk.NET.Direct3D11,
Microsoft.Azure.Management.DataMigration,0.11.0-preview,159776.0,xml docs,0,,,,,,lib/net452/Microsoft.Azure.Management.DataMigration.xml,https://github.com/azure/azure-sdk-for-net,,,,,,https://www.nuget.org/packages/Microsoft.Azure.Management.DataMigration,
AppInsights.WindowsDesktop,2.18.1,158201.0,xml docs,0,,,,,,lib/net461/AppInsights.WindowsDesktop.xml,https://github.com/novotnyllc/appinsights.windowsdesktop,,,,,,https://www.nuget.org/packages/AppInsights.WindowsDesktop,
Xam.Plugin.TabView,1.1.1,157983.0,,0,,,,,,,https://github.com/chaosifier/tabview,,,,,,https://www.nuget.org/packages/Xam.Plugin.TabView,
Microsoft.Agents.AI.A2A,1.20.0-preview.260831.1,157459.0,xml docs,0,,,,,,lib/net10.0/Microsoft.Agents.AI.A2A.xml,https://github.com/microsoft/agent-framework,,,,,,https://www.nuget.org/packages/Microsoft.Agents.AI.A2A,
CryptoBase,3.1.2,157444.0,xml docs,0,,,,,,lib/net10.0/CryptoBase.xml,https://github.com/hmbsbige/cryptobase,,,,,,https://www.nuget.org/packages/CryptoBase,
Artalk.Xmpp,2.20.3,156903.0,readme; xml docs,0,,,README.md,,,lib/net10.0/Artalk.Xmpp.xml,https://github.com/araditc/artalk.xmpp,,,,,,https://www.nuget.org/packages/Artalk.Xmpp,
NicolasDorier.RateLimits,1.2.3,156666.0,,0,,,,,,,https://github.com/nicolasdorier/nicolasdorier.ratelimits,,,,,,https://www.nuget.org/packages/NicolasDorier.RateLimits,
Semi.Avalonia.AvaloniaEdit,12.0.0,155755.0,readme,0,,,README.MD,,,,,,,,,,https://www.nuget.org/packages/Semi.Avalonia.AvaloniaEdit,
Basic.Reference.Assemblies.Net70,1.8.11,155094.0,readme,0,,,README.md,,,,https://github.com/jaredpar/basic-reference-assemblies,,,,,,https://www.nuget.org/packages/Basic.Reference.Assemblies.Net70,
WPFMediaKit,3.0.1,154745.0,readme,0,,,README.md,,,,https://github.com/sascha-l/wpf-mediakit,,,,,,https://www.nuget.org/packages/WPFMediaKit,
HungarianAlgorithm,2.3.6,154620.0,readme; xml docs,0,,,README.md,,,lib/netstandard2.0/HungarianAlgorithm.xml,https://github.com/vivet/hungarianalgorithm,,,,,,https://www.nuget.org/packages/HungarianAlgorithm,
Umbraco.JsonSchema.Extensions,0.4.3,154549.0,,0,,,,,,,https://github.com/umbraco/umbraco.jsonschema.extensions,,,,,,https://www.nuget.org/packages/Umbraco.JsonSchema.Extensions,
Ecng.Drawing,1.0.190,154325.0,readme; xml docs,0,,,README.md,,,lib/net10.0/Ecng.Drawing.xml,https://github.com/stocksharp/ecng,,,,,,https://www.nuget.org/packages/Ecng.Drawing,
Vanara.PInvoke.NtDll,5.0.7,154220.0,xml docs,0,,,,,,lib/net10.0-windows7.0/Vanara.PInvoke.NtDll.xml,https://github.com/dahall/vanara,,,,,,https://www.nuget.org/packages/Vanara.PInvoke.NtDll,
Microsoft.Azure.Management.DevSpaces,0.10.0-preview,152592.0,xml docs,0,,,,,,lib/net452/Microsoft.Azure.Management.DevSpaces.xml,https://github.com/azure/azure-sdk-for-net,,,,,,https://www.nuget.org/packages/Microsoft.Azure.Management.DevSpaces,
Microsoft.Agents.AI.Workflows.Declarative,1.20.0,152396.0,xml docs,0,,,,,,lib/net10.0/Microsoft.Agents.AI.Workflows.Declarative.xml,https://github.com/microsoft/agent-framework,,,,,,https://www.nuget.org/packages/Microsoft.Agents.AI.Workflows.Declarative,
Caseless.Fody,1.9.1,152269.0,xml docs,0,,,,,,lib/net452/Caseless.xml,https://github.com/fody/caseless,,,,,,https://www.nuget.org/packages/Caseless.Fody,
LokiLoggingProvider,1.0.0,151992.0,readme,0,,,README.md,,,,https://github.com/hannahchan/lokiloggingprovider,,,,,,https://www.nuget.org/packages/LokiLoggingProvider,
Microsoft.Orleans.Journaling,10.3.1-alpha.1,151874.0,readme; xml docs,0,,,README.md,,,lib/net10.0/Orleans.Journaling.xml,https://github.com/dotnet/orleans,,,,,,https://www.nuget.org/packages/Microsoft.Orleans.Journaling,
FreeTypeSharp,3.1.0,151391.0,readme; xml docs,0,,,README.md,,,lib/net9.0-android35.0/FreeTypeSharp.xml,https://github.com/ryancheung/freetypesharp,,,,,,https://www.nuget.org/packages/FreeTypeSharp,
Microsoft.WindowsAzure.Management.TrafficManager,0.16.1-preview,151276.0,xml docs,0,,,,,,lib/portable-net45%2Bwp8%2Bwpa81%2Bwin/Microsoft.WindowsAzure.Management.TrafficManager.xml,https://github.com/windowsazure/azure-sdk-for-net,,,,,,https://www.nuget.org/packages/Microsoft.WindowsAzure.Management.TrafficManager,
Owin,1.0.0,151269.0,,0,,,,,,,https://github.com/owin-contrib/owin-hosting,,,,,,https://www.nuget.org/packages/Owin,
GeoidHeightsDotNet,1.0.6,151039.0,readme,0,,,README.md,,,,https://github.com/geoidheightsdotnet/geoidheightsdotnet,,,,,,https://www.nuget.org/packages/GeoidHeightsDotNet,
Basic.Reference.Assemblies.Net90,1.8.11,150661.0,readme,0,,,README.md,,,,https://github.com/jaredpar/basic-reference-assemblies,,,,,,https://www.nuget.org/packages/Basic.Reference.Assemblies.Net90,
Material.Avalonia.DataGrid,3.20.0,150596.0,,0,,,,,,,https://github.com/avaloniacommunity/material.avalonia,,,,,,https://www.nuget.org/packages/Material.Avalonia.DataGrid,
Xamarin.AndroidX.Emoji.AppCompat,1.2.0.3,150211.0,readme; xml docs,0,,,readme.md,,,lib/net9.0-android35.0/Xamarin.AndroidX.Emoji.AppCompat.xml,https://github.com/dotnet/android-libraries,,,,,,https://www.nuget.org/packages/Xamarin.AndroidX.Emoji.AppCompat,
ConsoleControl,1.3.0,148221.0,xml docs,0,,,,,,lib/net40-client/ConsoleControl.xml,https://github.com/dwmkerr/consolecontrol,,,,,,https://www.nuget.org/packages/ConsoleControl,
Microsoft.ML.OnnxRuntimeGenAI.Cuda,0.15.2,147597.0,,0,,,,,,,https://github.com/microsoft/onnxruntime-genai,,,,,,https://www.nuget.org/packages/Microsoft.ML.OnnxRuntimeGenAI.Cuda,
Gress,2.2.0,146186.0,xml docs,0,,,,,,lib/net10.0/Gress.xml,https://github.com/tyrrrz/gress,,,,,,https://www.nuget.org/packages/Gress,
BuildTools.StyleCop,4.7.49,145303.0,,0,,,,,,,https://github.com/jonwagner/buildtools,,,,,,https://www.nuget.org/packages/BuildTools.StyleCop,
Hardcodet.NotifyIcon.Wpf.NetCore,1.1.5,144536.0,readme; xml docs,0,,,README.md,,,lib/net451/Hardcodet.Wpf.TaskbarNotification.xml,https://github.com/havendv/h.notifyicon,,,,,,https://www.nuget.org/packages/Hardcodet.NotifyIcon.Wpf.NetCore,
StockSharp.Web.Api.Client,5.0.197,143422.0,xml docs,0,,,,,,lib/net10.0/StockSharp.Web.Api.Client.xml,,,,,,,https://www.nuget.org/packages/StockSharp.Web.Api.Client,
Microsoft.Azure.Commerce.UsageAggregates,1.5.3,143349.0,,0,,,,,,,https://github.com/azure/azure-sdk-for-net,,,,,,https://www.nuget.org/packages/Microsoft.Azure.Commerce.UsageAggregates,
Microsoft.Azure.Management.AlertsManagement,1.0.0,142931.0,xml docs,0,,,,,,lib/net452/Microsoft.Azure.Management.AlertsManagement.xml,https://github.com/azure/azure-sdk-for-net,,,,,,https://www.nuget.org/packages/Microsoft.Azure.Management.AlertsManagement,
Microsoft.ML.OnnxRuntimeGenAI.DirectML,0.14.1,142145.0,,0,,,,,,,https://github.com/microsoft/onnxruntime-genai,,,,,,https://www.nuget.org/packages/Microsoft.ML.OnnxRuntimeGenAI.DirectML,
Ecng.Linq,1.0.190,141491.0,readme; xml docs,0,,,README.md,,,lib/net10.0/Ecng.Linq.xml,https://github.com/stocksharp/ecng,,,,,,https://www.nuget.org/packages/Ecng.Linq,
BTCPayServer.Hwi,2.0.6,141232.0,,0,,,,,,,https://github.com/btcpayserver/btcpayserver.vault,,,,,,https://www.nuget.org/packages/BTCPayServer.Hwi,
Microsoft.Azure.Management.PowerBIEmbedded,1.1.1-preview,140577.0,xml docs,0,,,,,,lib/net452/Microsoft.Azure.Management.PowerBIEmbedded.xml,https://github.com/azure/azure-sdk-for-net,,,,,,https://www.nuget.org/packages/Microsoft.Azure.Management.PowerBIEmbedded,
Dashing,3.0.0,139592.0,,0,,,,,,,https://github.com/polylytics/dashing,,,,,,https://www.nuget.org/packages/Dashing,
AspNetCore.Localizer.Json,1.0.5,135422.0,readme,0,,,README.md,,,,https://github.com/askmethatfr/aspnetcore.localizer.json,,,,,,https://www.nuget.org/packages/AspNetCore.Localizer.Json,
AdvancedColorPicker,2.0.1,134615.0,xml docs,0,,,,,,lib/Xamarin.iOS/AdvancedColorPicker.xml,,,,,,,https://www.nuget.org/packages/AdvancedColorPicker,
NuGet.VisualStudio.Contracts,17.14.0,133214.0,readme; xml docs,0,,,README.md,,,lib/netstandard2.0/NuGet.VisualStudio.Contracts.xml,https://github.com/nuget/nuget.client,,,,,,https://www.nuget.org/packages/NuGet.VisualStudio.Contracts,
Microsoft.Azure.Management.ManagementPartner,1.1.1-preview,131232.0,xml docs,0,,,,,,lib/net452/Microsoft.Azure.Management.ManagementPartner.xml,https://github.com/azure/azure-sdk-for-net,,,,,,https://www.nuget.org/packages/Microsoft.Azure.Management.ManagementPartner,
Microsoft.OpenTelemetry,1.1.0,130322.0,readme; xml docs,0,,,README.md,,,lib/net8.0/Microsoft.OpenTelemetry.xml,https://github.com/microsoft/opentelemetry-distro-dotnet,,,,,,https://www.nuget.org/packages/Microsoft.OpenTelemetry,
Repobot.SQLite.Unofficial,3.53.4.1,129786.0,readme,0,,,README.md,,,,https://github.com/autorepobot/sqlite-nuget-unofficial,,,,,,https://www.nuget.org/packages/Repobot.SQLite.Unofficial,
Bannerlord.BuildResources,1.1.0.129,126996.0,,0,,,,,,,https://github.com/butr/bannerlord.buildresources,,,,,,https://www.nuget.org/packages/Bannerlord.BuildResources,
Microsoft.Azure.Management.Advisor,0.9.5-preview,126177.0,xml docs,0,,,,,,lib/net452/Microsoft.Azure.Management.Advisor.xml,https://github.com/azure/azure-sdk-for-net,,,,,,https://www.nuget.org/packages/Microsoft.Azure.Management.Advisor,
Microsoft.Testing.Extensions.GitHubActionsReport,2.4.0,125350.0,xml docs,0,,,,,,lib/net8.0/Microsoft.Testing.Extensions.GitHubActionsReport.xml,https://github.com/microsoft/testfx,,,,,,https://www.nuget.org/packages/Microsoft.Testing.Extensions.GitHubActionsReport,
Onvif.Core,3.0.0,125009.0,readme,0,,,README.md,,,,https://github.com/jazea/onvif.core,,,,,,https://www.nuget.org/packages/Onvif.Core,
Reshiru.Blazor.IndexedDB.Framework,1.0.1,124294.0,,0,,,,,,,https://github.com/reshiru/blazor.indexeddb.framework,,,,,,https://www.nuget.org/packages/Reshiru.Blazor.IndexedDB.Framework,
Ecng.Compilation.Roslyn,1.0.330,123949.0,readme; xml docs,0,,,README.md,,,lib/net10.0/Ecng.Compilation.Roslyn.xml,https://github.com/stocksharp/ecng,,,,,,https://www.nuget.org/packages/Ecng.Compilation.Roslyn,
MahApps.Metro.IconPacks.FontAwesome5,6.2.1,123645.0,xml docs,0,,,,,,lib/net462/MahApps.Metro.IconPacks.FontAwesome5.xml,https://github.com/mahapps/mahapps.metro.iconpacks,,,,,,https://www.nuget.org/packages/MahApps.Metro.IconPacks.FontAwesome5,
Tizen.NET.MaterialComponents,0.9.9-pre2,122951.0,,0,,,,,,,https://github.com/tizenapi/tizen.net.materialcomponents,,,,,,https://www.nuget.org/packages/Tizen.NET.MaterialComponents,
Spectre.Verify.Extensions,28.16.0,122177.0,xml docs,0,,,,,,lib/net48/Spectre.Verify.Extensions.xml,https://github.com/spectresystems/spectre.verify.extensions,,,,,,https://www.nuget.org/packages/Spectre.Verify.Extensions,
elFinder.NetCore,1.6.0,122040.0,,0,,,,,,,https://github.com/gordon-matt/elfinder.netcore,,,,,,https://www.nuget.org/packages/elFinder.NetCore,
BluwolfIcons,1.0.1,121595.0,xml docs,0,,,,,,lib/net461/BluwolfIcons.XML,https://github.com/davipb/bluwolficons,,,,,,https://www.nuget.org/packages/BluwolfIcons,
NSubsys,1.0.0,121072.0,,0,,,,,,,https://github.com/jmacato/nsubsys,,,,,,https://www.nuget.org/packages/NSubsys,
RazorBlade,1.0.0,120270.0,readme; xml docs,0,,,README.md,,,lib/net10.0/RazorBlade.xml,https://github.com/ltrzesniewski/razorblade,,,,,,https://www.nuget.org/packages/RazorBlade,
OrchardCore.Logging.Serilog,3.0.1,119663.0,xml docs,0,,,,,,lib/net10.0/OrchardCore.Logging.Serilog.xml,https://github.com/orchardcms/orchardcore,,,,,,https://www.nuget.org/packages/OrchardCore.Logging.Serilog,
Tewr.BlazorWorker.BackgroundService,6.0.0,119607.0,xml docs,0,,,,,,lib/net8.0/BlazorWorker.WorkerBackgroundService.xml,https://github.com/tewr/blazorworker,,,,,,https://www.nuget.org/packages/Tewr.BlazorWorker.BackgroundService,
Ecng.Logging,1.0.193,118784.0,readme; xml docs,0,,,README.md,,,lib/net10.0/Ecng.Logging.xml,https://github.com/stocksharp/ecng,,,,,,https://www.nuget.org/packages/Ecng.Logging,
VsWebSite.Interop,17.10.40170,117866.0,xml docs,0,,,,,,lib/net472/VsWebSite.Interop.xml,,,,,,,https://www.nuget.org/packages/VsWebSite.Interop,
Xamarin.DuoSdk,0.0.3.4,117610.0,,0,,,,,,,https://github.com/xamarin/xamarincomponents,,,,,,https://www.nuget.org/packages/Xamarin.DuoSdk,
Microsoft.AspNetCore.Testing,10.9.0,116929.0,readme; xml docs,0,,,README.md,,,lib/net10.0/Microsoft.AspNetCore.Testing.xml,https://github.com/dotnet/extensions,,,,,,https://www.nuget.org/packages/Microsoft.AspNetCore.Testing,
SkiaSharp.Views.Gtk3,4.152.0,116648.0,readme,0,,,README.md,,,,,,,,,,https://www.nuget.org/packages/SkiaSharp.Views.Gtk3,
BIP78.Sender,0.2.5,115465.0,,0,,,,,,,https://github.com/btcpayserver/btcpayserver.bip78,,,,,,https://www.nuget.org/packages/BIP78.Sender,
Silk.NET.Direct3D.Compilers,2.23.0,114309.0,readme; xml docs,0,,,README.md,,,lib/net5.0/Silk.NET.Direct3D.Compilers.xml,https://github.com/dotnet/silk.net,,,,,,https://www.nuget.org/packages/Silk.NET.Direct3D.Compilers,
MemoryAnalyzers,0.1.0-beta.5,111546.0,readme,0,,,README.md,,,,https://github.com/jonathanpeppers/memory-analyzers,,,,,,https://www.nuget.org/packages/MemoryAnalyzers,
Bannerlord.ButterLib,2.11.1,110987.0,xml docs,0,,,,,,lib/net472/Bannerlord.ButterLib.xml,https://github.com/butr/bannerlord.butterlib,,,,,,https://www.nuget.org/packages/Bannerlord.ButterLib,
OData2Linq,2.2.1,110925.0,readme,0,,,README.md,,,,https://github.com/arnaudb88/odata2linq,,,,,,https://www.nuget.org/packages/OData2Linq,
Magick.NET.SystemWindowsMedia,8.0.27,110610.0,readme; xml docs,0,,,docs/Readme.md,,,lib/net462/Magick.NET.SystemWindowsMedia.xml,https://github.com/dlemstra/magick.net,,,,,,https://www.nuget.org/packages/Magick.NET.SystemWindowsMedia,
CocosSharp,1.7.1,109939.0,xml docs,0,,,,,,lib/MonoAndroid10/CocosSharp.XML,https://github.com/xamarin/cocossharp,,,,,,https://www.nuget.org/packages/CocosSharp,
Microsoft.VisualStudio.DebuggerVisualizers,17.6.1032901,109932.0,xml docs,0,,,,,,ref/net2.0/Microsoft.VisualStudio.DebuggerVisualizers.xml,,,,,,,https://www.nuget.org/packages/Microsoft.VisualStudio.DebuggerVisualizers,
Wcwidth.Sources,4.0.1,108010.0,,0,,,,,,,https://github.com/spectreconsole/wcwidth,,,,,,https://www.nuget.org/packages/Wcwidth.Sources,
OwlCore.Storage,0.15.0,107510.0,xml docs,0,,,,,,lib/net10.0/OwlCore.Storage.xml,https://github.com/arlodotexe/owlcore.storage,,,,,,https://www.nuget.org/packages/OwlCore.Storage,
Mighty,3.3.0,107347.0,xml docs,0,,,,,,lib/net40/Mighty.xml,https://github.com/mightyorm/mightyorm,,,,,,https://www.nuget.org/packages/Mighty,
Duplicati.StreamUtil,1.0.5,107308.0,readme; xml docs,0,,,docs/README.md,,,lib/net8.0/StreamUtil.xml,https://github.com/duplicati/streamutil,,,,,,https://www.nuget.org/packages/Duplicati.StreamUtil,
Vanara.PInvoke.SHCore,5.0.7,106332.0,xml docs,0,,,,,,lib/net10.0-windows7.0/Vanara.PInvoke.SHCore.xml,https://github.com/dahall/vanara,,,,,,https://www.nuget.org/packages/Vanara.PInvoke.SHCore,
WebView.Avalonia,11.0.0.1,105501.0,readme; xml docs,0,,,README.md,,,lib/netstandard2.0/WebView.Avalonia.xml,https://github.com/microsugardeveloperorg/avalonia.webview,,,,,,https://www.nuget.org/packages/WebView.Avalonia,
Testcontainers.Consul,4.15.0,104229.0,readme; xml docs,0,,,README.md,,,lib/net10.0/Testcontainers.Consul.xml,https://github.com/testcontainers/testcontainers-dotnet,,,,,,https://www.nuget.org/packages/Testcontainers.Consul,
KGySoft.Drawing,10.1.0,103864.0,readme; xml docs,0,,,readme.txt,,,lib/net35/KGySoft.Drawing.xml,https://github.com/koszeggy/kgysoft.drawing,,,,,,https://www.nuget.org/packages/KGySoft.Drawing,
Senparc.Weixin.WxOpen.Middleware,1.5.7,103683.0,xml docs,0,,,,,,lib/net10.0/Senparc.Weixin.WxOpen.Middleware.xml,https://github.com/jeffreysu/weixinmpsdk,,,,,,https://www.nuget.org/packages/Senparc.Weixin.WxOpen.Middleware,
LivetCask.Behaviors,4.0.2,103128.0,,0,,,,,,,https://github.com/runceel/livet,,,,,,https://www.nuget.org/packages/LivetCask.Behaviors,
tlbimp-Microsoft.Search.Interop,1.0.0,103034.0,,0,,,,,,,,,,,,,https://www.nuget.org/packages/tlbimp-Microsoft.Search.Interop,
Xamarin.Social,1.1.8,102994.0,,0,,,,,,,,,,,,,https://www.nuget.org/packages/Xamarin.Social,
Susanoo.SqlServer,9.0.1.14,102276.0,xml docs,0,,,,,,lib/net45/Susanoo.SqlServer.XML,,,,,,,https://www.nuget.org/packages/Susanoo.SqlServer,
Microsoft.VisualStudio.VsInteractiveWindow,4.0.0,100338.0,xml docs,0,,,,,,lib/net472/Microsoft.VisualStudio.VsInteractiveWindow.xml,https://github.com/dotnet/interactive-window,,,,,,https://www.nuget.org/packages/Microsoft.VisualStudio.VsInteractiveWindow,
mbprogresshud,0.9.2,99569.0,,0,,,,,,,,,,,,,https://www.nuget.org/packages/mbprogresshud,
Meziantou.Framework.Win32.Jobs,4.0.2,99143.0,readme; xml docs,0,,,README.md,,,lib/net10.0/Meziantou.Framework.Win32.Jobs.xml,https://github.com/meziantou/meziantou.framework,,,,,,https://www.nuget.org/packages/Meziantou.Framework.Win32.Jobs,
CommunityToolkit.WinUI.Media,8.2.251219,99039.0,readme; xml docs,0,,,ReadMe.md,,,lib/net8.0-windows10.0.19041/CommunityToolkit.WinUI.Media.xml,https://github.com/communitytoolkit/windows,,,,,,https://www.nuget.org/packages/CommunityToolkit.WinUI.Media,
CommunityToolkit.WinUI.Collections,8.2.251219,98708.0,readme; xml docs,0,,,ReadMe.md,,,lib/net8.0-windows10.0.19041/CommunityToolkit.WinUI.Collections.xml,https://github.com/communitytoolkit/windows,,,,,,https://www.nuget.org/packages/CommunityToolkit.WinUI.Collections,
WebView.Avalonia.Desktop,11.0.0.1,98438.0,readme; xml docs,0,,,README.md,,,lib/netstandard2.0/Avalonia.WebView.Desktop.xml,https://github.com/microsugardeveloperorg/avalonia.webview,,,,,,https://www.nuget.org/packages/WebView.Avalonia.Desktop,
Microsoft.Native.Quic.MsQuic.OpenSSL,2.6.1,97761.0,readme,0,,,README.md,,,,https://github.com/microsoft/msquic,,,,,,https://www.nuget.org/packages/Microsoft.Native.Quic.MsQuic.OpenSSL,
Bannerlord.MCM,5.12.3,97179.0,,0,,,,,,,https://github.com/aragas/bannerlord.mboptionscreen,,,,,,https://www.nuget.org/packages/Bannerlord.MCM,
MonoDevelop.Addins,0.4.7,97123.0,,0,,,,,,,https://github.com/mhutch/monodevelop.addinmaker,,,,,,https://www.nuget.org/packages/MonoDevelop.Addins,
Deorcify,2.0.1,96817.0,xml docs,0,,,,,,lib/net10.0/Deorcify.xml,https://github.com/tyrrrz/deorcify,,,,,,https://www.nuget.org/packages/Deorcify,
TinyTwitter,1.1.2,96752.0,,0,,,,,,,https://github.com/jmhdez/tinytwitter,,,,,,https://www.nuget.org/packages/TinyTwitter,
Blazor.LocalStorage,10.1.0,96558.0,readme; xml docs,0,,,README.md,,,lib/net10.0/Blazor.LocalStorage.xml,https://github.com/ievangelist/blazorators,,,,,,https://www.nuget.org/packages/Blazor.LocalStorage,
JustArchiNET.Madness,3.17.0,94654.0,readme; xml docs,0,,,README.md,,,lib/netstandard2.0/JustArchiNET.Madness.xml,https://github.com/justarchinet/madness,,,,,,https://www.nuget.org/packages/JustArchiNET.Madness,
LivetCask.EventListeners,4.0.2,93305.0,,0,,,,,,,https://github.com/runceel/livet,,,,,,https://www.nuget.org/packages/LivetCask.EventListeners,
GlobalHotKey,1.1.0,92655.0,,0,,,,,,,https://github.com/kirmir/globalhotkey,,,,,,https://www.nuget.org/packages/GlobalHotKey,
Basic.Reference.Assemblies.Net50,1.8.11,92601.0,readme,0,,,README.md,,,,https://github.com/jaredpar/basic-reference-assemblies,,,,,,https://www.nuget.org/packages/Basic.Reference.Assemblies.Net50,
Finbuckle.MultiTenant.Identity.EntityFrameworkCore,10.1.3,92312.0,xml docs,0,,,,,,lib/net10.0/Finbuckle.MultiTenant.Identity.EntityFrameworkCore.xml,https://github.com/finbuckle/finbuckle.multitenant,,,,,,https://www.nuget.org/packages/Finbuckle.MultiTenant.Identity.EntityFrameworkCore,
WPF-UI.Tray,4.3.0,92193.0,readme; xml docs,0,,,README.md,,,lib/net10.0-windows7.0/Wpf.Ui.Tray.xml,https://github.com/lepoco/wpfui,,,,,,https://www.nuget.org/packages/WPF-UI.Tray,
Sdl.MultiSelectComboBox,1.0.114,91078.0,,0,,,,,,,,,,,,,https://www.nuget.org/packages/Sdl.MultiSelectComboBox,
Microsoft.Azure.Synapse,0.1.0-preview,91054.0,readme,0,,,README.md,,,,https://github.com/azure/azure-sdk-for-net,,,,,,https://www.nuget.org/packages/Microsoft.Azure.Synapse,
MongoSandbox8.runtime.linux-x64,2.0.0,89973.0,readme,0,,,README.md,,,,https://github.com/wassim-k/mongosandbox,,,,,,https://www.nuget.org/packages/MongoSandbox8.runtime.linux-x64,
Senparc.Weixin.Work.Middleware,1.5.6,89903.0,xml docs,0,,,,,,lib/net10.0/Senparc.Weixin.Work.Middleware.xml,https://github.com/jeffreysu/weixinmpsdk,,,,,,https://www.nuget.org/packages/Senparc.Weixin.Work.Middleware,
SshNet.Agent,2026.0.0,88908.0,readme; xml docs,0,,,README.md,,,lib/net48/SshNet.Agent.xml,https://github.com/darinkes/sshnet.agent,,,,,,https://www.nuget.org/packages/SshNet.Agent,
WebRtcVadSharp,1.3.2,88500.0,xml docs,0,,,,,,lib/netstandard2.0/WebRtcVadSharp.xml,https://github.com/ladenedge/webrtcvadsharp,,,,,,https://www.nuget.org/packages/WebRtcVadSharp,
KGySoft.Drawing.Core,10.0.2,86576.0,readme; xml docs,0,,,readme.txt,,,lib/net35/KGySoft.Drawing.Core.xml,https://github.com/koszeggy/kgysoft.drawing,,,,,,https://www.nuget.org/packages/KGySoft.Drawing.Core,
CocosSharp.Forms,1.7.1,86353.0,,0,,,,,,,https://github.com/xamarin/cocossharp,,,,,,https://www.nuget.org/packages/CocosSharp.Forms,
Microsoft.WindowsAzure.Management.ExpressRoute,0.23.0-preview,84703.0,xml docs,0,,,,,,lib/portable-net45%2Bwp8%2Bwpa81%2Bwin/Microsoft.WindowsAzure.Management.ExpressRoute.xml,https://github.com/windowsazure/azure-sdk-for-net,,,,,,https://www.nuget.org/packages/Microsoft.WindowsAzure.Management.ExpressRoute,
NCache.Microsoft.Extensions.Caching.OpenSource,5.3.6.2,84117.0,readme,0,,,readme.txt,,,,,,,,,,https://www.nuget.org/packages/NCache.Microsoft.Extensions.Caching.OpenSource,
LivetCask.Messaging,4.0.2,83852.0,,0,,,,,,,https://github.com/runceel/livet,,,,,,https://www.nuget.org/packages/LivetCask.Messaging,
Microsoft.Azure.Management.MachineLearningCompute,0.4.0,83846.0,xml docs,0,,,,,,lib/net452/Microsoft.Azure.Management.MachineLearningCompute.xml,https://github.com/azure/azure-sdk-for-net,,,,,,https://www.nuget.org/packages/Microsoft.Azure.Management.MachineLearningCompute,
H.Hooks,1.7.0,83715.0,readme; xml docs,0,,,README.md,,,lib/net462/H.Hooks.xml,https://github.com/havendv/h.hooks,,,,,,https://www.nuget.org/packages/H.Hooks,
Microsoft.Agents.AI.AGUI,1.13.0-preview.260703.1,82680.0,xml docs,0,,,,,,lib/net10.0/Microsoft.Agents.AI.AGUI.xml,https://github.com/microsoft/agent-framework,,,,,,https://www.nuget.org/packages/Microsoft.Agents.AI.AGUI,
XAMLTools.MSBuild,1.0.0-alpha0178,81250.0,,0,,,,,,,https://github.com/batzen/xamltools,,,,,,https://www.nuget.org/packages/XAMLTools.MSBuild,
Unofficial.ObjectListView,2.6.0,81055.0,,0,,,,,,,,,,,,,https://www.nuget.org/packages/Unofficial.ObjectListView,
Senparc.CO2NET.WebApi,2.1.4,80701.0,,0,,,,,,,https://github.com/senparc/senparc.co2net,,,,,,https://www.nuget.org/packages/Senparc.CO2NET.WebApi,
Squid-Box.SevenZipSharp.Lite,1.6.2.24,80160.0,readme; xml docs,0,,,docs/readme.md,,,lib/netstandard2.0/SevenZipSharp.xml,https://github.com/squid-box/sevenzipsharp,,,,,,https://www.nuget.org/packages/Squid-Box.SevenZipSharp.Lite,
AssimpNetter,6.0.5,79935.0,readme,0,,,README.md,,,,https://github.com/saalvage/assimpnetter,,,,,,https://www.nuget.org/packages/AssimpNetter,
Microsoft.Extensions.Telemetry.Testing,8.0.0-rc.2.23510.2,79404.0,xml docs,0,,,,,,lib/net462/Microsoft.Extensions.Telemetry.Testing.xml,https://github.com/dotnet/extensions,,,,,,https://www.nuget.org/packages/Microsoft.Extensions.Telemetry.Testing,
WPF-UI.DependencyInjection,4.3.0,78170.0,readme; xml docs,0,,,README.md,,,lib/net10.0/Wpf.Ui.DependencyInjection.xml,https://github.com/lepoco/wpfui,,,,,,https://www.nuget.org/packages/WPF-UI.DependencyInjection,
CommunityToolkit.WinUI.Controls.ColorPicker,8.2.251219,76803.0,xml docs,0,,,,,,lib/net8.0-windows10.0.19041/CommunityToolkit.WinUI.Controls.ColorPicker.xml,https://github.com/communitytoolkit/windows,,,,,,https://www.nuget.org/packages/CommunityToolkit.WinUI.Controls.ColorPicker,
Azure.AI.VoiceLive,1.2.0,76499.0,readme; xml docs,0,,,README.md,,,lib/net10.0/Azure.AI.VoiceLive.xml,https://github.com/azure/azure-sdk-for-net,,,,,,https://www.nuget.org/packages/Azure.AI.VoiceLive,
CocosSharp.PCL.Shared,1.6.2,76262.0,xml docs,0,,,,,,lib/MonoAndroid10/CocosSharp.XML,https://github.com/xamarin/cocossharp,,,,,,https://www.nuget.org/packages/CocosSharp.PCL.Shared,
Toolbelt.Blazor.SpeechSynthesis,11.0.0,76123.0,readme; xml docs,0,,,README.md,,,lib/net10.0/Toolbelt.Blazor.SpeechSynthesis.xml,https://github.com/jsakamoto/toolbelt.blazor.speechsynthesis,,,,,,https://www.nuget.org/packages/Toolbelt.Blazor.SpeechSynthesis,
Microsoft.Agents.AI.Declarative,1.20.0-rc1,75907.0,xml docs,0,,,,,,lib/net10.0/Microsoft.Agents.AI.Declarative.xml,https://github.com/microsoft/agent-framework,,,,,,https://www.nuget.org/packages/Microsoft.Agents.AI.Declarative,
Azure.ResourceManager.Kubernetes,1.0.0-beta.6,75705.0,readme; xml docs,0,,,README.md,,,lib/net10.0/Azure.ResourceManager.Kubernetes.xml,https://github.com/azure/azure-sdk-for-net,,,,,,https://www.nuget.org/packages/Azure.ResourceManager.Kubernetes,
LibUsbDfu,1.1.7,75569.0,readme,0,,,README.md,,,,https://github.com/intergatedcircuits/libusbdfu,,,,,,https://www.nuget.org/packages/LibUsbDfu,
Microsoft.Azure.Management.StorageCache,2.0.0,74680.0,xml docs,0,,,,,,lib/net452/Microsoft.Azure.Management.StorageCache.xml,https://github.com/azure/azure-sdk-for-net,,,,,,https://www.nuget.org/packages/Microsoft.Azure.Management.StorageCache,
LivetCask.Mvvm,4.0.2,74174.0,,0,,,,,,,https://github.com/runceel/livet,,,,,,https://www.nuget.org/packages/LivetCask.Mvvm,
Ookii.Dialogs.WindowsForms,4.0.0,73984.0,,0,,,,,,,https://github.com/ookii-dialogs/ookii-dialogs-winforms,,,,,,https://www.nuget.org/packages/Ookii.Dialogs.WindowsForms,
Microsoft.Azure.Attestation,0.10.0-preview,73075.0,,0,,,,,,,https://github.com/azure/azure-sdk-for-net,,,,,,https://www.nuget.org/packages/Microsoft.Azure.Attestation,
Azure.AI.AgentServer.Invocations,1.0.0-beta.7,71645.0,readme; xml docs,0,,,README.md,,,lib/net10.0/Azure.AI.AgentServer.Invocations.xml,https://github.com/azure/azure-sdk-for-net,,,,,,https://www.nuget.org/packages/Azure.AI.AgentServer.Invocations,
Inkore.UI.WPF.Modern,0.10.2.1,68600.0,readme; xml docs,0,,,README.md,,,lib/net452/iNKORE.UI.WPF.Modern.xml,https://github.com/inkore-net/ui.wpf.modern,,,,,,https://www.nuget.org/packages/Inkore.UI.WPF.Modern,
StaticCS,0.3.1,68405.0,,0,,,,,,,https://github.com/agocke/static-cs,,,,,,https://www.nuget.org/packages/StaticCS,
fo-dicom.Imaging.Desktop,5.2.6,68100.0,readme; xml docs,0,,,READMENuget.md,,,lib/net462/FO-DICOM.Imaging.Desktop.xml,https://github.com/fo-dicom/fo-dicom,,,,,,https://www.nuget.org/packages/fo-dicom.Imaging.Desktop,
CommunityToolkit.Uwp.Controls.SettingsControls,8.2.251219,67299.0,readme; xml docs,0,,,ReadMe.md,,,lib/net8.0-windows10.0.26100/CommunityToolkit.WinUI.Controls.SettingsControls.xml,https://github.com/communitytoolkit/windows,,,,,,https://www.nuget.org/packages/CommunityToolkit.Uwp.Controls.SettingsControls,
Cogwheel,2.1.1,65285.0,xml docs,0,,,,,,lib/net10.0/Cogwheel.xml,https://github.com/tyrrrz/cogwheel,,,,,,https://www.nuget.org/packages/Cogwheel,
BTCPayServer.NTag424,1.0.25,65166.0,readme; xml docs,0,,,README.md,,,lib/net8.0/BTCPayServer.NTag424.xml,https://github.com/btcpayserver/btcpayserver.boltcardtools,,,,,,https://www.nuget.org/packages/BTCPayServer.NTag424,
JsonSignature,1.0.0,63564.0,readme,0,,,README.md,,,,https://github.com/duplicati/jsonsignature,,,,,,https://www.nuget.org/packages/JsonSignature,
BsDiff,1.1.0,63280.0,readme,0,,,README.md,,,,https://github.com/logosbible/bsdiff.net,,,,,,https://www.nuget.org/packages/BsDiff,
AGUI.Abstractions,0.0.6,62184.0,readme; xml docs,0,,,README.md,,,lib/net10.0/AGUI.Abstractions.xml,https://github.com/ag-ui-protocol/ag-ui,,,,,,https://www.nuget.org/packages/AGUI.Abstractions,
Microsoft.VisualStudio.Extensibility,17.14.2098,62138.0,xml docs,0,,,,,,lib/net472/Microsoft.VisualStudio.Extensibility.xml,,,,,,,https://www.nuget.org/packages/Microsoft.VisualStudio.Extensibility,
Google.Apis.Keep.v1,1.74.0.3729,61905.0,xml docs,0,,,,,,lib/net462/Google.Apis.Keep.v1.xml,https://github.com/google/google-api-dotnet-client,,,,,,https://www.nuget.org/packages/Google.Apis.Keep.v1,
Microsoft.Native.Quic.MsQuic.Schannel,2.6.1,61124.0,readme,0,,,README.md,,,,https://github.com/microsoft/msquic,,,,,,https://www.nuget.org/packages/Microsoft.Native.Quic.MsQuic.Schannel,
MP.DotSpatial.Projections,4.0.0,59416.0,xml docs,0,,,,,,lib/netstandard2.0/DotSpatial.Projections.xml,https://github.com/dotspatial/dotspatial,,,,,,https://www.nuget.org/packages/MP.DotSpatial.Projections,
Bannerlord.UIExtenderEx,2.13.3,59395.0,,0,,,,,,,https://github.com/butr/bannerlord.uiextenderex,,,,,,https://www.nuget.org/packages/Bannerlord.UIExtenderEx,
Serilog.Sinks.SignalR.Core,0.1.2,58711.0,,0,,,,,,,https://github.com/drugolebowski/serilog-sinks-signalr-core,,,,,,https://www.nuget.org/packages/Serilog.Sinks.SignalR.Core,
MongoSandbox8.runtime.win-x64,2.0.0,58583.0,readme,0,,,README.md,,,,https://github.com/wassim-k/mongosandbox,,,,,,https://www.nuget.org/packages/MongoSandbox8.runtime.win-x64,
StrongOf,3.0.31,57920.0,readme; xml docs,0,,,readme.md,,,lib/net10.0/StrongOf.xml,https://github.com/benjaminabt/strongof,,,,,,https://www.nuget.org/packages/StrongOf,
Chocolatey.NuGet.PackageManagement,3.5.0,57701.0,readme; xml docs,0,,,README.md,,,lib/net472/Chocolatey.NuGet.PackageManagement.xml,https://github.com/chocolatey/nuget.client,,,,,,https://www.nuget.org/packages/Chocolatey.NuGet.PackageManagement,
HMBSbige.SingleInstance,7.0.0,57582.0,readme; xml docs,0,,,README.md,,,lib/net10.0/SingleInstance.xml,https://github.com/hmbsbige/singleinstance,,,,,,https://www.nuget.org/packages/HMBSbige.SingleInstance,
Microsoft.VisualStudio.Extensibility.JsonGenerators.Sdk,17.14.2098,57404.0,,0,,,,,,,,,,,,,https://www.nuget.org/packages/Microsoft.VisualStudio.Extensibility.JsonGenerators.Sdk,
Microsoft.VisualStudio.ProjectSystem.Managed.VS,2.0.6142705,57126.0,,0,,,,,,,https://github.com/dotnet/roslyn-project-system,,,,,,https://www.nuget.org/packages/Microsoft.VisualStudio.ProjectSystem.Managed.VS,
SharpShellTools,2.2.1,56929.0,xml docs,0,,,,,,lib/SharpShell.xml,https://github.com/dwmkerr/sharpshell,,,,,,https://www.nuget.org/packages/SharpShellTools,
Microsoft.WindowsAzure.Management.Store,0.15.1-preview,56929.0,xml docs,0,,,,,,lib/portable-net45%2Bwp8%2Bwpa81%2Bwin/Microsoft.WindowsAzure.Management.Store.xml,https://github.com/windowsazure/azure-sdk-for-net,,,,,,https://www.nuget.org/packages/Microsoft.WindowsAzure.Management.Store,
Microsoft.WindowsPackageManager.InProcCom,1.29.290,56057.0,,0,,,,,,,https://github.com/microsoft/winget-cli,,,,,,https://www.nuget.org/packages/Microsoft.WindowsPackageManager.InProcCom,
NimblePros.Metronome,0.4.1,55692.0,readme,0,,,README.md,,,,https://github.com/nimblepros/metronome,,,,,,https://www.nuget.org/packages/NimblePros.Metronome,
Openur.FFprobeStatic,9.0.1.492,55678.0,readme,0,,,README.md,,,,https://github.com/openur/ffprobe-static-build,,,,,,https://www.nuget.org/packages/Openur.FFprobeStatic,
C1.Win.SuperTooltip,10.0.20261.813,55625.0,readme; xml docs,0,,,docs/readme.md,,,lib/net462/C1.Win.SuperTooltip.4.6.2.xml,,,,,,,https://www.nuget.org/packages/C1.Win.SuperTooltip,
Microsoft.Windows.MixedReality.DotNetWinRT,0.5.1049,54966.0,xml docs,0,,,,,,lib/uap10.0.18362/Microsoft.Windows.MixedReality.DotNetWinRT.xml,,,,,,,https://www.nuget.org/packages/Microsoft.Windows.MixedReality.DotNetWinRT,
AnsiConsoleToHtml,0.2.0,54328.0,readme; xml docs,0,,,README.md,,,lib/net7.0/AnsiConsoleToHtml.xml,https://github.com/gcollic/ansi-console-to-html,,,,,,https://www.nuget.org/packages/AnsiConsoleToHtml,
PlayniteSDK,6.16.0,54193.0,readme; xml docs,0,,,docs/readme.md,,,lib/net462/Playnite.SDK.xml,https://github.com/josefnemec/playnite,,,,,,https://www.nuget.org/packages/PlayniteSDK,
WinApi,4.0.0,53071.0,,0,,,,,,,https://github.com/prasannavl/winapi,,,,,,https://www.nuget.org/packages/WinApi,
Mpv.NET,1.2.0,52349.0,,0,,,,,,,https://github.com/hudec117/mpv.net-lib-,,,,,,https://www.nuget.org/packages/Mpv.NET,
Openur.FFMpegCore,5.4.0.37,52027.0,readme,0,,,README.md,,,,https://github.com/openur/ffmpegcore,,,,,,https://www.nuget.org/packages/Openur.FFMpegCore,
NetOffice.PowerPoint,1.7.4.11,51965.0,xml docs,0,,,,,,lib/net20/PowerPointApi.xml,https://github.com/netoffice/netoffice-nuget,,,,,,https://www.nuget.org/packages/NetOffice.PowerPoint,
MdXaml.Html,1.27.0,50279.0,,0,,,,,,,https://github.com/whistyun/mdxaml,,,,,,https://www.nuget.org/packages/MdXaml.Html,
NetCoreEx.Geometry,3.0.0,50148.0,,0,,,,,,,https://github.com/prasannavl/netcoreex,,,,,,https://www.nuget.org/packages/NetCoreEx.Geometry,
AGUI.Server,0.0.6,49279.0,readme; xml docs,0,,,README.md,,,lib/net10.0/AGUI.Server.xml,https://github.com/ag-ui-protocol/ag-ui,,,,,,https://www.nuget.org/packages/AGUI.Server,
Eto.Platform.XamMac2,2.8.2,49254.0,readme,0,,,build/README.txt,,,,https://github.com/picoe/eto,,,,,,https://www.nuget.org/packages/Eto.Platform.XamMac2,
PortableSettingsProvider,0.2.5,48965.0,xml docs,0,,,,,,lib/net45/PortableSettingsProvider.xml,https://github.com/bluegrams/settingsproviders,,,,,,https://www.nuget.org/packages/PortableSettingsProvider,
FlaUI.Adapter.White,0.2.1,48785.0,xml docs,0,,,,,,lib/net48/FlaUI.Adapter.White.xml,https://github.com/flaui/flaui.adapter.white,,,,,,https://www.nuget.org/packages/FlaUI.Adapter.White,
Stun.Net,10.0.8,47814.0,readme; xml docs,0,,,README.md,,,lib/net10.0/STUN.xml,https://github.com/hmbsbige/nattypetester,,,,,,https://www.nuget.org/packages/Stun.Net,
Aspire.Hosting.Foundry,13.5.3-preview.1.26425.3,47403.0,readme; xml docs,0,,,README.md,,,lib/net8.0/Aspire.Hosting.Foundry.xml,https://github.com/microsoft/aspire,,,,,,https://www.nuget.org/packages/Aspire.Hosting.Foundry,
Microsoft.ML.SampleUtils,0.23.0,47113.0,xml docs,0,,,,,,lib/netstandard2.0/Microsoft.ML.SamplesUtils.xml,https://github.com/dotnet/machinelearning,,,,,,https://www.nuget.org/packages/Microsoft.ML.SampleUtils,
Microsoft.Orleans.Serialization.MessagePack,10.3.1,46813.0,readme; xml docs,0,,,README.md,,,lib/net10.0/Orleans.Serialization.MessagePack.xml,https://github.com/dotnet/orleans,,,,,,https://www.nuget.org/packages/Microsoft.Orleans.Serialization.MessagePack,
Vanara.PInvoke.VssApi,5.0.7,46542.0,xml docs,0,,,,,,lib/net8.0-windows7.0/Vanara.PInvoke.VssApi.xml,https://github.com/dahall/vanara,,,,,,https://www.nuget.org/packages/Vanara.PInvoke.VssApi,
LibKTX,1.0.0,45478.0,xml docs,0,,,,,,lib/net10.0/KtxSharp.xml,https://github.com/mcraiha/libktxsharp,,,,,,https://www.nuget.org/packages/LibKTX,
FluentIcons.WinUI,2.2.339.1,45039.0,readme,0,,,README.md,,,,https://github.com/davidxuang/fluenticons,,,,,,https://www.nuget.org/packages/FluentIcons.WinUI,
Azure.Analytics.Synapse.ManagedPrivateEndpoints,1.0.0-beta.5,44821.0,readme; xml docs,0,,,README.md,,,lib/netstandard2.0/Azure.Analytics.Synapse.ManagedPrivateEndpoints.xml,https://github.com/azure/azure-sdk-for-net,,,,,,https://www.nuget.org/packages/Azure.Analytics.Synapse.ManagedPrivateEndpoints,
Microsoft.Azure.Gallery,2.6.2-preview,44529.0,xml docs,0,,,,,,lib/portable-net45%2Bwp8%2Bwpa81%2Bwin/Microsoft.Azure.Gallery.xml,https://github.com/azure/azure-sdk-for-net,,,,,,https://www.nuget.org/packages/Microsoft.Azure.Gallery,
Artifactory,2.3.2,43565.0,,0,,,,,,,,,,,,,https://www.nuget.org/packages/Artifactory,
MediaFoundation,3.1.0,43432.0,,0,,,,,,,,,,,,,https://www.nuget.org/packages/MediaFoundation,
MonoGame.Library.FreeType,2.13.2.5,43283.0,readme,0,,,README.md,,,,https://github.com/monogame/monogame.library.freetype,,,,,,https://www.nuget.org/packages/MonoGame.Library.FreeType,
SqlMarshal,0.5.0,43145.0,readme,0,,,README.md,,,,https://github.com/kant2002/sqlmarshal,,,,,,https://www.nuget.org/packages/SqlMarshal,
NotifyIcon.Base,1.23.10209.11223,42468.0,xml docs,0,,,,,,lib/net35/System.Windows.NotifyIcon.xml,https://github.com/beyonddimension/notifyicon,,,,,,https://www.nuget.org/packages/NotifyIcon.Base,
ObservableVector,2.1.0,42454.0,,0,,,,,,,,,,,,,https://www.nuget.org/packages/ObservableVector,
Microsoft.WindowsPackageManager.ComInterop,1.29.290,41847.0,,0,,,,,,,https://github.com/microsoft/winget-cli,,,,,,https://www.nuget.org/packages/Microsoft.WindowsPackageManager.ComInterop,
Avalonia.Markup.Declarative,12.1.1,41375.0,readme,0,,,readme.txt,,,,https://github.com/avaloniacommunity/avalonia.markup.declarative,,,,,,https://www.nuget.org/packages/Avalonia.Markup.Declarative,
C1.Win.RulesManager,10.0.20261.813,40482.0,readme; xml docs,0,,,docs/readme.md,,,lib/net462/C1.Win.RulesManager.4.6.2.xml,,,,,,,https://www.nuget.org/packages/C1.Win.RulesManager,
MP.DotSpatial.Data,4.0.0,40132.0,xml docs,0,,,,,,lib/net472/DotSpatial.Data.xml,https://github.com/dotspatial/dotspatial,,,,,,https://www.nuget.org/packages/MP.DotSpatial.Data,
de.hdodenhof.circleimageview,3.1.0.4,39324.0,xml docs,0,,,,,,lib/monoandroid10.0/XAB.de.hdodenhof.circleimageview.xml,https://github.com/aigiol/xamarin-bindings,,,,,,https://www.nuget.org/packages/de.hdodenhof.circleimageview,
C1.Win.Themes,10.0.20261.813,38675.0,readme; xml docs,0,,,docs/readme.md,,,lib/net462/C1.Win.Themes.4.6.2.xml,,,,,,,https://www.nuget.org/packages/C1.Win.Themes,
WebGLDotNET,2.1.0,38637.0,,0,,,,,,,https://github.com/waveengine/webgl.net,,,,,,https://www.nuget.org/packages/WebGLDotNET,
Ae.Dns.Client,3.1.0,38575.0,xml docs,0,,,,,,lib/net6.0/Ae.Dns.Client.xml,https://github.com/alanedwardes/ae.dns,,,,,,https://www.nuget.org/packages/Ae.Dns.Client,
iNKORE.UI.WPF,1.2.8,38262.0,readme,0,,,README.md,,,,https://github.com/inkore-net/ui.wpf,,,,,,https://www.nuget.org/packages/iNKORE.UI.WPF,
Azure.Provisioning.EventGrid,1.1.0,38163.0,readme; xml docs,0,,,README.md,,,lib/net8.0/Azure.Provisioning.EventGrid.xml,https://github.com/azure/azure-sdk-for-net,,,,,,https://www.nuget.org/packages/Azure.Provisioning.EventGrid,
StockSharp.Samples.HistoryData,5.0.3,37996.0,,0,,,,,,,https://github.com/stocksharp/stocksharp,,,,,,https://www.nuget.org/packages/StockSharp.Samples.HistoryData,
MonoGame.Tool.FFmpeg,7.0.0.11,37983.0,readme,0,,,README.md,,,,https://github.com/monogame/monogame.tool.ffmpeg,,,,,,https://www.nuget.org/packages/MonoGame.Tool.FFmpeg,
MonoGame.Tool.FFprobe,7.0.0.11,37731.0,readme,0,,,README.md,,,,https://github.com/monogame/monogame.tool.ffprobe,,,,,,https://www.nuget.org/packages/MonoGame.Tool.FFprobe,
MonoGame.Tool.Basisu,2.0.2.3,37508.0,readme,0,,,README.md,,,,https://github.com/monogame/monogame.tool.basisuniversal,,,,,,https://www.nuget.org/packages/MonoGame.Tool.Basisu,
MonoGame.Tool.Crunch,1.0.4.8,37356.0,readme,0,,,README.md,,,,https://github.com/monogame/monogame.tool.crunch,,,,,,https://www.nuget.org/packages/MonoGame.Tool.Crunch,
Senparc.AI.Kernel,0.29.1,36433.0,xml docs,0,,,,,,lib/netstandard2.1/Senparc.AI.Kernel.xml,https://github.com/senparc/senparc.ai.kernel,,,,,,https://www.nuget.org/packages/Senparc.AI.Kernel,
Terminal.Gui.Editor,2.5.7,35203.0,readme; xml docs,0,,,README.md,,,lib/net10.0/Terminal.Gui.Editor.xml,https://github.com/tui-cs/editor,,,,,,https://www.nuget.org/packages/Terminal.Gui.Editor,
ProDataGrid,12.1.0.4,34958.0,readme; xml docs,0,,,readme.md,,,lib/net10.0/Avalonia.Controls.DataGrid.xml,https://github.com/wieslawsoltes/prodatagrid,,,,,,https://www.nuget.org/packages/ProDataGrid,
Microsoft.Diagnostics.Runtime.Utilities,4.0.732401,34719.0,,0,,,,,,,https://github.com/microsoft/clrmd,,,,,,https://www.nuget.org/packages/Microsoft.Diagnostics.Runtime.Utilities,
Prowlin,0.9.4456.26422,34298.0,,0,,,,,,,https://github.com/nippe/prowlin,,,,,,https://www.nuget.org/packages/Prowlin,
WindowsJobAPI,7.1.0,33975.0,readme,0,,,README.md,,,,https://github.com/hmbsbige/windowsjobapi,,,,,,https://www.nuget.org/packages/WindowsJobAPI,
NWayland,0.12.5,33845.0,readme; xml docs,0,,,README.md,,,lib/net8.0/NWayland.xml,https://github.com/kekekeks/nwayland,,,,,,https://www.nuget.org/packages/NWayland,
WPF-UI.Violeta,4.3.0.12,32327.0,readme,0,,,README.md,,,,https://github.com/emako/wpfui.violeta,,,,,,https://www.nuget.org/packages/WPF-UI.Violeta,
Sentinel.NLogViewer,3.1.1,32017.0,,0,,,,,,,https://github.com/boexler/nlogviewer,,,,,,https://www.nuget.org/packages/Sentinel.NLogViewer,
MonoGame.Tool.Dxc,1.9.2607.1,31930.0,readme,0,,,README.md,,,,https://github.com/monogame/monogame.tool.dxc,,,,,,https://www.nuget.org/packages/MonoGame.Tool.Dxc,
Optris.Icons.Avalonia,12.0.7,31646.0,readme,0,,,README.md,,,,https://github.com/optris/optris.icons.avalonia,,,,,,https://www.nuget.org/packages/Optris.Icons.Avalonia,
Azure.CodeSigning.Sdk,0.1.164,31292.0,,0,,,,,,,,,,,,,https://www.nuget.org/packages/Azure.CodeSigning.Sdk,
BD.Common.Pinyin.CFStringTransform,1.25.10122.11624,30516.0,xml docs,0,,,,,,lib/net8.0-ios18.0/BD.Common.Pinyin.CFStringTransform.xml,https://github.com/beyonddimension/common,,,,,,https://www.nuget.org/packages/BD.Common.Pinyin.CFStringTransform,
Devolutions.AvaloniaTheme.MacOS,2026.9.3,30490.0,readme,0,,,README.md,,,,https://github.com/devolutions/avalonia-extensions,,,,,,https://www.nuget.org/packages/Devolutions.AvaloniaTheme.MacOS,
WindowsAPICodePack.Shell.CommonFileDialogs,1.1.5,30463.0,readme,0,,,README.md,,,,https://github.com/emako/commonfiledialogs,,,,,,https://www.nuget.org/packages/WindowsAPICodePack.Shell.CommonFileDialogs,
BUTR.Harmony.Analyzer,1.0.1.50,29582.0,,0,,,,,,,https://github.com/butr/butr.harmony.analyzer,,,,,,https://www.nuget.org/packages/BUTR.Harmony.Analyzer,
YoloSharp,6.1.0,29527.0,readme,0,,,README.md,,,,https://github.com/dme-compunet/yolosharp,,,,,,https://www.nuget.org/packages/YoloSharp,
Microsoft.Azure.Management.BackupServices,1.0.5-preview,29435.0,xml docs,0,,,,,,lib/portable-net45%2Bwp8%2Bwpa81%2Bwin/Microsoft.Azure.Management.BackupServicesManagement.xml,https://github.com/azure/azure-sdk-for-net,,,,,,https://www.nuget.org/packages/Microsoft.Azure.Management.BackupServices,
Microsoft.MixedReality.Toolkit.Foundation,2.3.0,29405.0,readme,0,,,MRTK/EventDatum/README.md,,,,,,,,,,https://www.nuget.org/packages/Microsoft.MixedReality.Toolkit.Foundation,
Microsoft.VisualStudio.LanguageServer.Protocol.Extensions,17.2.8,28925.0,xml docs,0,,,,,,lib/netstandard2.0/Microsoft.VisualStudio.LanguageServer.Protocol.Extensions.xml,,,,,,,https://www.nuget.org/packages/Microsoft.VisualStudio.LanguageServer.Protocol.Extensions,
Tizen.UIExtensions.NUI,0.9.2,28839.0,,0,,,,,,,https://github.com/tizenapi/tizen.uiextensions.elmsharp,,,,,,https://www.nuget.org/packages/Tizen.UIExtensions.NUI,
Dock.Avalonia.Themes.Simple,12.1.0.6,28792.0,readme; xml docs,0,,,README.md,,,lib/net10.0/Dock.Avalonia.Themes.Simple.xml,https://github.com/wieslawsoltes/dock,,,,,,https://www.nuget.org/packages/Dock.Avalonia.Themes.Simple,
Dock.Serializer.SystemTextJson,12.1.0.6,27666.0,readme; xml docs,0,,,README.md,,,lib/net10.0/Dock.Serializer.SystemTextJson.xml,https://github.com/wieslawsoltes/dock,,,,,,https://www.nuget.org/packages/Dock.Serializer.SystemTextJson,
Microsoft.WindowsAzure.Management.StorSimple,1.0.5-preview,27599.0,xml docs,0,,,,,,lib/net40/Microsoft.WindowsAzure.Management.StorSimple.xml,https://github.com/azure/azure-sdk-for-net,,,,,,https://www.nuget.org/packages/Microsoft.WindowsAzure.Management.StorSimple,
Aigio.Avalonia.AppCenter,4.5.3,27431.0,xml docs,0,,,,,,lib/net461/Microsoft.AppCenter.xml,https://github.com/beyonddimension/appcenter-sdk-dotnet,,,,,,https://www.nuget.org/packages/Aigio.Avalonia.AppCenter,
Enterwell.Clients.Wpf.Notifications,1.4.2,27311.0,,0,,,,,,,https://github.com/enterwell/wpf.notifications,,,,,,https://www.nuget.org/packages/Enterwell.Clients.Wpf.Notifications,
SamOatesGames.ModernUI.Xceed.Toolkit,1.0.1905191936,27114.0,,0,,,,,,,https://github.com/samoatesgames/mui.extended.toolkit,,,,,,https://www.nuget.org/packages/SamOatesGames.ModernUI.Xceed.Toolkit,
AGUI.Formatting,0.0.6,26846.0,readme; xml docs,0,,,README.md,,,lib/net10.0/AGUI.Formatting.xml,https://github.com/ag-ui-protocol/ag-ui,,,,,,https://www.nuget.org/packages/AGUI.Formatting,
AGUI.Client,0.0.6,26590.0,readme; xml docs,0,,,README.md,,,lib/net10.0/AGUI.Client.xml,https://github.com/ag-ui-protocol/ag-ui,,,,,,https://www.nuget.org/packages/AGUI.Client,
Senparc.Weixin.All,2026.8.6,26407.0,,0,,,,,,,https://github.com/jeffreysu/weixinmpsdk,,,,,,https://www.nuget.org/packages/Senparc.Weixin.All,
Optris.Icons.Avalonia.FontAwesome,12.0.7,25713.0,readme,0,,,README.md,,,,https://github.com/optris/optris.icons.avalonia,,,,,,https://www.nuget.org/packages/Optris.Icons.Avalonia.FontAwesome,
Dongle.GuidRVAGen,1.0.5,25342.0,readme; xml docs,0,,,README.md,,,lib/netstandard1.1/GuidRVAGen.Attributes.xml,https://github.com/dongle-the-gadget/guidrvagen,,,,,,https://www.nuget.org/packages/Dongle.GuidRVAGen,
MonoGame.Library.MojoShader,1.0.0.7,25277.0,readme,0,,,README.md,,,,https://github.com/monogame/monogame.library.mojoshader,,,,,,https://www.nuget.org/packages/MonoGame.Library.MojoShader,
GirCore.WebKit-6.0,0.8.1,25070.0,,0,,,,,,,https://github.com/gircore/gir.core,,,,,,https://www.nuget.org/packages/GirCore.WebKit-6.0,
Devolutions.AvaloniaTheme.Linux,2026.9.4,24908.0,readme,0,,,README.md,,,,https://github.com/devolutions/avalonia-extensions,,,,,,https://www.nuget.org/packages/Devolutions.AvaloniaTheme.Linux,
GitHubClient,1.0.15,24721.0,,0,,,,,,,https://github.com/thedillonb/githubsharp,,,,,,https://www.nuget.org/packages/GitHubClient,
Aigio.Avalonia.AppCenter.Crashes,4.5.3,24428.0,xml docs,0,,,,,,lib/net461/Microsoft.AppCenter.Crashes.xml,https://github.com/beyonddimension/appcenter-sdk-dotnet,,,,,,https://www.nuget.org/packages/Aigio.Avalonia.AppCenter.Crashes,
Aigio.Avalonia.AppCenter.Analytics,4.5.3,24264.0,xml docs,0,,,,,,lib/net461/Microsoft.AppCenter.Analytics.xml,https://github.com/beyonddimension/appcenter-sdk-dotnet,,,,,,https://www.nuget.org/packages/Aigio.Avalonia.AppCenter.Analytics,
MonoTouch.SlideoutNavigation,1.0.1,23287.0,,0,,,,,,,https://github.com/thedillonb/monotouch.slideoutnavigation,,,,,,https://www.nuget.org/packages/MonoTouch.SlideoutNavigation,
Droplex,1.7.0,23261.0,xml docs,0,,,,,,lib/netcoreapp3.1/Droplex.xml,https://github.com/jjw24/droplex,,,,,,https://www.nuget.org/packages/Droplex,
Microsoft.WindowsAzure.Management.Automation,1.0.3,23030.0,xml docs,0,,,,,,lib/portable-net45%2Bwp8%2Bwpa81%2Bwin/Microsoft.WindowsAzure.Management.Automation.xml,https://github.com/windowsazure/azure-sdk-for-net,,,,,,https://www.nuget.org/packages/Microsoft.WindowsAzure.Management.Automation,
Eto.Platform.macOS,2.11.0,22450.0,readme,0,,,build/README.txt,,,,https://github.com/picoe/eto,,,,,,https://www.nuget.org/packages/Eto.Platform.macOS,
NimblePros.SharedKernel,3.1.0,22373.0,xml docs,0,,,,,,lib/net8.0/NimblePros.SharedKernel.xml,https://github.com/nimblepros/sharedkernelsample,,,,,,https://www.nuget.org/packages/NimblePros.SharedKernel,
NotifyIcon.Windows,1.23.10209.11223,22229.0,xml docs,0,,,,,,lib/net35/System.Windows.NotifyIcon.Windows.xml,https://github.com/beyonddimension/notifyicon,,,,,,https://www.nuget.org/packages/NotifyIcon.Windows,
Microsoft.Orleans.Journaling.AzureStorage,10.3.1-alpha.1,22214.0,readme; xml docs,0,,,README.md,,,lib/net10.0/Orleans.Journaling.AzureStorage.xml,https://github.com/dotnet/orleans,,,,,,https://www.nuget.org/packages/Microsoft.Orleans.Journaling.AzureStorage,
Basic.Reference.Assemblies.Net461,1.8.11,21781.0,readme,0,,,README.md,,,,https://github.com/jaredpar/basic-reference-assemblies,,,,,,https://www.nuget.org/packages/Basic.Reference.Assemblies.Net461,
VncSharpCore,1.2.1,21550.0,readme,0,,,content/zlib.NET/readme.txt,,,,https://github.com/mremoteng/vncsharp,,,,,,https://www.nuget.org/packages/VncSharpCore,
Hydro,1.3.0,21469.0,readme; xml docs,0,,,README.md,,,lib/net6.0/Hydro.xml,https://github.com/hydrostack/hydro,,,,,,https://www.nuget.org/packages/Hydro,
MdXaml.AnimatedGif,1.27.0,21224.0,,0,,,,,,,https://github.com/whistyun/mdxaml,,,,,,https://www.nuget.org/packages/MdXaml.AnimatedGif,
MonoMod.Patcher,25.0.1,21149.0,readme; xml docs,0,,,README.md,,,lib/net6.0/MonoMod.Patcher.xml,https://github.com/monomod/monomod,,,,,,https://www.nuget.org/packages/MonoMod.Patcher,
Optris.Icons.Avalonia.MaterialDesign,12.0.7,21000.0,readme,0,,,README.md,,,,https://github.com/optris/optris.icons.avalonia,,,,,,https://www.nuget.org/packages/Optris.Icons.Avalonia.MaterialDesign,
NativeMemoryArray,1.2.2,20985.0,xml docs,0,,,,,,lib/net5.0/NativeMemoryArray.xml,https://github.com/cysharp/nativememoryarray,,,,,,https://www.nuget.org/packages/NativeMemoryArray,
Vanara.PInvoke.CoreAudio,5.0.7,20937.0,xml docs,0,,,,,,lib/net10.0-windows7.0/Vanara.PInvoke.CoreAudio.xml,https://github.com/dahall/vanara,,,,,,https://www.nuget.org/packages/Vanara.PInvoke.CoreAudio,
JumpLists.Win32.Avalonia,1.23.10209.11223,20343.0,xml docs,0,,,,,,lib/net461/JumpLists.Win32.Avalonia.xml,https://github.com/beyonddimension/avalonia.win32.jumplists,,,,,,https://www.nuget.org/packages/JumpLists.Win32.Avalonia,
7-Zip.NativeAssets.Win32,25.1.0,20028.0,,0,,,,,,,https://github.com/aigiol/7-zip.nativeassets,,,,,,https://www.nuget.org/packages/7-Zip.NativeAssets.Win32,
MdXaml.Svg,1.27.0,19595.0,,0,,,,,,,https://github.com/whistyun/mdxaml,,,,,,https://www.nuget.org/packages/MdXaml.Svg,
PowerKit,2.3.1,19467.0,xml docs,0,,,,,,lib/net10.0/PowerKit.xml,https://github.com/tyrrrz/powerkit,,,,,,https://www.nuget.org/packages/PowerKit,
D2Phap.FileWatcherEx,3.0.0,18633.0,readme,0,,,README.md,,,,https://github.com/d2phap/filewatcherex,,,,,,https://www.nuget.org/packages/D2Phap.FileWatcherEx,
Ecng.Compilation.All,1.0.85,18516.0,xml docs,0,,,,,,lib/net10.0/Ecng.Compilation.All.xml,https://github.com/stocksharp/ecng,,,,,,https://www.nuget.org/packages/Ecng.Compilation.All,
D2Phap.DXControl,4.3.1,18481.0,readme; xml docs,0,,,README.md,,,lib/net10.0-windows7.0/D2Phap.DXControl.xml,https://github.com/d2phap/dxcontrol,,,,,,https://www.nuget.org/packages/D2Phap.DXControl,
KGySoft.Drawing.Wpf,10.0.1,18273.0,xml docs,0,,,,,,lib/net35/KGySoft.Drawing.Wpf.xml,https://github.com/koszeggy/kgysoft.drawing,,,,,,https://www.nuget.org/packages/KGySoft.Drawing.Wpf,
Senparc.CO2NET.Cache.Dapr,1.1.4,17945.0,,0,,,,,,,https://github.com/senparc/senparc.co2net,,,,,,https://www.nuget.org/packages/Senparc.CO2NET.Cache.Dapr,
WicNet,1.8.4.1,17238.0,,0,,,,,,,https://github.com/smourier/wicnet,,,,,,https://www.nuget.org/packages/WicNet,
Ecng.Data.Ado,1.0.88,17114.0,xml docs,0,,,,,,lib/net10.0/Ecng.Data.Ado.xml,https://github.com/stocksharp/ecng,,,,,,https://www.nuget.org/packages/Ecng.Data.Ado,
Ecng.IO.Compression,1.0.51,16934.0,readme; xml docs,0,,,README.md,,,lib/net10.0/Ecng.IO.Compression.xml,https://github.com/stocksharp/ecng,,,,,,https://www.nuget.org/packages/Ecng.IO.Compression,
CommunityToolkit.VectorData.InMemory,1.0.1,16807.0,readme; xml docs,0,,,README.md,,,lib/net10.0/CommunityToolkit.VectorData.InMemory.xml,https://github.com/communitytoolkit/ai,,,,,,https://www.nuget.org/packages/CommunityToolkit.VectorData.InMemory,
Aigio.WinDivertSharp,1.4.4.5,16669.0,xml docs,0,,,,,,lib/net35/WinDivertSharp.xml,https://github.com/beyonddimension/windivertsharp,,,,,,https://www.nuget.org/packages/Aigio.WinDivertSharp,
Microsoft.AI.Foundry.Local.WinML,1.2.4,15773.0,readme; xml docs,0,,,README.md,,,lib/net8.0-windows10.0.18362/Microsoft.AI.Foundry.Local.WinML.xml,https://github.com/microsoft/foundry-local,,,,,,https://www.nuget.org/packages/Microsoft.AI.Foundry.Local.WinML,
WinApi.Desktop,4.0.0,15326.0,,0,,,,,,,https://github.com/prasannavl/winapi,,,,,,https://www.nuget.org/packages/WinApi.Desktop,
WinApi.Utils,4.0.0,15222.0,,0,,,,,,,https://github.com/prasannavl/winapi,,,,,,https://www.nuget.org/packages/WinApi.Utils,
WinEventHook,0.3.6,14993.0,,0,,,,,,,https://github.com/openbytedev/wineventhook,,,,,,https://www.nuget.org/packages/WinEventHook,
Basic.Reference.Assemblies.NetStandard13,1.8.11,14725.0,readme,0,,,README.md,,,,https://github.com/jaredpar/basic-reference-assemblies,,,,,,https://www.nuget.org/packages/Basic.Reference.Assemblies.NetStandard13,
Openur.Mono.Unix,7.1.0.256,14610.0,,0,,,,,,,https://github.com/mono/mono.posix,,,,,,https://www.nuget.org/packages/Openur.Mono.Unix,
CommunityToolkit.VectorData.Qdrant,1.0.0,14597.0,readme; xml docs,0,,,README.md,,,lib/net10.0/CommunityToolkit.VectorData.Qdrant.xml,https://github.com/communitytoolkit/ai,,,,,,https://www.nuget.org/packages/CommunityToolkit.VectorData.Qdrant,
LeakCanaryBinding,1.5.1.1,14353.0,,0,,,,,,,https://github.com/crehmann/leakcanarybinding,,,,,,https://www.nuget.org/packages/LeakCanaryBinding,
XAB.TinyPinyin,2.0.4.4,14245.0,xml docs,0,,,,,,lib/monoandroid90/XAB.TinyPinyin.xml,https://github.com/aigiol/xamarin-bindings,,,,,,https://www.nuget.org/packages/XAB.TinyPinyin,
PresentMonFps,2.0.6,14200.0,readme,0,,,README.md,,,,https://github.com/lemutec/presentmonfps,,,,,,https://www.nuget.org/packages/PresentMonFps,
Ecng.Excel,1.0.34,14072.0,xml docs,0,,,,,,lib/net10.0/Ecng.Excel.xml,https://github.com/stocksharp/ecng,,,,,,https://www.nuget.org/packages/Ecng.Excel,
Microsoft.CodeAnalysis.VisualBasic.SourceGenerators.Testing,1.1.4,13861.0,xml docs,0,,,,,,lib/net472/Microsoft.CodeAnalysis.VisualBasic.SourceGenerators.Testing.xml,https://github.com/dotnet/roslyn-sdk,,,,,,https://www.nuget.org/packages/Microsoft.CodeAnalysis.VisualBasic.SourceGenerators.Testing,
BetterGI.Assets.Model,1.0.33,12759.0,readme,0,,,contentFiles/any/any/Assets/Model/PaddleOCR/README.md,,,,https://github.com/babalae/bettergi-libraries,,,,,,https://www.nuget.org/packages/BetterGI.Assets.Model,
Numerge,1.0.0,12753.0,,0,,,,,,,https://github.com/kekekeks/numerge,,,,,,https://www.nuget.org/packages/Numerge,
CompilerPaths,1.0.3,12606.0,,0,,,,,,,https://github.com/aaronrobinsonmsft/compilerpaths,,,,,,https://www.nuget.org/packages/CompilerPaths,
TUnit.Assertions.Should,1.66.27-beta,12552.0,readme; xml docs,0,,,README.md,,,lib/net10.0/TUnit.Assertions.Should.xml,https://github.com/thomhurst/tunit,,,,,,https://www.nuget.org/packages/TUnit.Assertions.Should,
WebView2.Avalonia,1.0.3240.44-preview.250526.1,12418.0,readme; xml docs,0,,,README.md,,,lib/net462/Avalonia.WebView2.xml,https://github.com/beyonddimension/avalonia.webview2,,,,,,https://www.nuget.org/packages/WebView2.Avalonia,
Microsoft.AzureStack.Management.Fabric.Admin,2.9.1-preview,12243.0,xml docs,0,,,,,,lib/net452/Microsoft.AzureStack.Management.Fabric.Admin.xml,https://github.com/azure/azure-sdk-for-net,,,,,,https://www.nuget.org/packages/Microsoft.AzureStack.Management.Fabric.Admin,
Mono.ApiTools.MSBuildTasks,0.6.0,12175.0,readme,0,,,README.md,,,,https://github.com/mattleibow/mono.apitools.msbuildtasks,,,,,,https://www.nuget.org/packages/Mono.ApiTools.MSBuildTasks,
Serilog.Sinks.RichTextBoxEx.Wpf,1.1.0.1,11820.0,readme,0,,,README.md,,,,https://github.com/emako/serilog-sinks-richtextbox,,,,,,https://www.nuget.org/packages/Serilog.Sinks.RichTextBoxEx.Wpf,
Ecng.Data.SqlServer,1.0.57,11657.0,xml docs,0,,,,,,lib/net10.0/Ecng.Data.SqlServer.xml,https://github.com/stocksharp/ecng,,,,,,https://www.nuget.org/packages/Ecng.Data.SqlServer,
Ecng.Excel.OpenXml,1.0.37,11337.0,xml docs,0,,,,,,lib/net10.0/Ecng.Excel.OpenXml.xml,https://github.com/stocksharp/ecng,,,,,,https://www.nuget.org/packages/Ecng.Excel.OpenXml,
Microsoft.AzureStack.Management.Backup.Admin,0.3.2-preview,11206.0,xml docs,0,,,,,,lib/net452/Microsoft.AzureStack.Management.Backup.Admin.xml,https://github.com/azure/azure-sdk-for-net,,,,,,https://www.nuget.org/packages/Microsoft.AzureStack.Management.Backup.Admin,
BetterGI.Assets.Map,1.0.22,10798.0,,0,,,,,,,https://github.com/babalae/bettergi-libraries,,,,,,https://www.nuget.org/packages/BetterGI.Assets.Map,
Microsoft.AzureStack.Management.Subscriptions.Admin,0.2.0-preview,10665.0,xml docs,0,,,,,,lib/net452/Microsoft.AzureStack.Management.Subscriptions.Admin.xml,https://github.com/azure/azure-sdk-for-net,,,,,,https://www.nuget.org/packages/Microsoft.AzureStack.Management.Subscriptions.Admin,
DirectNStandard,1.18.0,10489.0,readme,0,,,readme.md,,,,https://github.com/smourier/directn,,,,,,https://www.nuget.org/packages/DirectNStandard,
NotifyIcon.Linux,1.23.10209.11223,10102.0,xml docs,0,,,,,,lib/net6.0/System.Windows.NotifyIcon.Linux.xml,https://github.com/beyonddimension/notifyicon,,,,,,https://www.nuget.org/packages/NotifyIcon.Linux,
Flow.Launcher.Localization,0.0.6,10094.0,readme,0,,,README.md,,,,https://github.com/flow-launcher/flow.launcher.localization,,,,,,https://www.nuget.org/packages/Flow.Launcher.Localization,
NPSMLib,0.9.14,9645.0,xml docs,0,,,,,,lib/net45/NPSMLib.xml,https://github.com/adeltax/npsmlib,,,,,,https://www.nuget.org/packages/NPSMLib,
Senparc.AI.Agents,0.7.3,9316.0,xml docs,0,,,,,,lib/netstandard2.1/Senparc.AI.Agents.xml,https://github.com/senparc/senparc.ai.agents,,,,,,https://www.nuget.org/packages/Senparc.AI.Agents,
ChefKeys,0.1.2,9262.0,xml docs,0,,,,,,lib/net7.0-windows7.0/ChefKeys.xml,https://github.com/jjw24/chefkeys,,,,,,https://www.nuget.org/packages/ChefKeys,
Basic.Reference.Assemblies.Net40,1.8.11,9057.0,readme,0,,,README.md,,,,https://github.com/jaredpar/basic-reference-assemblies,,,,,,https://www.nuget.org/packages/Basic.Reference.Assemblies.Net40,
Basic.Reference.Assemblies.Net20,1.8.11,8512.0,readme,0,,,README.md,,,,https://github.com/jaredpar/basic-reference-assemblies,,,,,,https://www.nuget.org/packages/Basic.Reference.Assemblies.Net20,
Microsoft.AzureStack.Management.InfrastructureInsights.Admin,0.3.0-preview,8477.0,xml docs,0,,,,,,lib/net452/Microsoft.AzureStack.Management.InfrastructureInsights.Admin.xml,https://github.com/azure/azure-sdk-for-net,,,,,,https://www.nuget.org/packages/Microsoft.AzureStack.Management.InfrastructureInsights.Admin,
BetterGI.Assets.Other,1.0.26,8442.0,,0,,,,,,,https://github.com/babalae/bettergi-libraries,,,,,,https://www.nuget.org/packages/BetterGI.Assets.Other,
Basic.Reference.Assemblies.Net110,1.8.11,8249.0,readme,0,,,README.md,,,,https://github.com/jaredpar/basic-reference-assemblies,,,,,,https://www.nuget.org/packages/Basic.Reference.Assemblies.Net110,
Microsoft.AzureStack.Management.Update.Admin,0.1.0-preview,7976.0,xml docs,0,,,,,,lib/net452/Microsoft.AzureStack.Management.Update.Admin.xml,https://github.com/azure/azure-sdk-for-net,,,,,,https://www.nuget.org/packages/Microsoft.AzureStack.Management.Update.Admin,
Microsoft.AzureStack.Management.Commerce.Admin,0.2.0-preview,7903.0,xml docs,0,,,,,,lib/net452/Microsoft.AzureStack.Management.Commerce.Admin.xml,https://github.com/azure/azure-sdk-for-net,,,,,,https://www.nuget.org/packages/Microsoft.AzureStack.Management.Commerce.Admin,
PureSharpCompress,0.40.0,7593.0,readme,0,,,README.md,,,,https://github.com/emako/puresharpcompress,,,,,,https://www.nuget.org/packages/PureSharpCompress,
Ecng.GeneticSharp,1.0.5,7478.0,xml docs,0,,,,,,lib/net10.0/GeneticSharp.xml,https://github.com/stocksharp/ecng,,,,,,https://www.nuget.org/packages/Ecng.GeneticSharp,
TinyWebServer.dll,1.0.1,7451.0,,0,,,,,,,,,,,,,https://www.nuget.org/packages/TinyWebServer.dll,
Microsoft.Azure.Management.LocationBasedServices,2.0.0,7409.0,xml docs,0,,,,,,lib/net452/Microsoft.Azure.Management.LocationBasedServices.xml,https://github.com/azure/azure-sdk-for-net,,,,,,https://www.nuget.org/packages/Microsoft.Azure.Management.LocationBasedServices,
Microsoft.AzureStack.Management.Storage.Admin,2.0.0-preview,7396.0,xml docs,0,,,,,,lib/net452/Microsoft.AzureStack.Management.Storage.Admin.xml,https://github.com/azure/azure-sdk-for-net,,,,,,https://www.nuget.org/packages/Microsoft.AzureStack.Management.Storage.Admin,
Microsoft.AzureStack.Management.KeyVault.Admin,0.1.0-preview,7361.0,xml docs,0,,,,,,lib/net452/Microsoft.AzureStack.Management.KeyVault.Admin.xml,https://github.com/azure/azure-sdk-for-net,,,,,,https://www.nuget.org/packages/Microsoft.AzureStack.Management.KeyVault.Admin,
Microsoft.AzureStack.Management.Compute.Admin,0.3.0-preview,7212.0,xml docs,0,,,,,,lib/net452/Microsoft.AzureStack.Management.Compute.Admin.xml,https://github.com/azure/azure-sdk-for-net,,,,,,https://www.nuget.org/packages/Microsoft.AzureStack.Management.Compute.Admin,
TencentOpenApiSDK.Android,3.5.4.11,7181.0,xml docs,0,,,,,,lib/monoandroid11.0/TencentOpenApiSDK.Android.xml,https://github.com/steamtools-team/tencentopenapisdk,,,,,,https://www.nuget.org/packages/TencentOpenApiSDK.Android,
CommunityToolkit.VectorData.PgVector,1.0.1,6973.0,readme; xml docs,0,,,README.md,,,lib/net10.0/CommunityToolkit.VectorData.PgVector.xml,https://github.com/communitytoolkit/ai,,,,,,https://www.nuget.org/packages/CommunityToolkit.VectorData.PgVector,
Basic.Reference.Assemblies.AspNet80,1.8.11,6838.0,readme,0,,,README.md,,,,https://github.com/jaredpar/basic-reference-assemblies,,,,,,https://www.nuget.org/packages/Basic.Reference.Assemblies.AspNet80,
CommunityToolkit.Labs.WinUI.Controls.MarkdownTextBlock,0.1.251217-build.2433,6835.0,xml docs,0,,,,,,lib/net8.0-windows10.0.19041/CommunityToolkit.WinUI.Controls.MarkdownTextBlock.xml,https://github.com/communitytoolkit/labs-windows,,,,,,https://www.nuget.org/packages/CommunityToolkit.Labs.WinUI.Controls.MarkdownTextBlock,
Devolutions.Pinget.Cli.Rust,0.11.0,6659.0,,0,,,,,,,https://github.com/devolutions/pinget,,,,,,https://www.nuget.org/packages/Devolutions.Pinget.Cli.Rust,
BetterGI.VCRuntime,14.44.35208,6599.0,,0,,,,,,,https://github.com/babalae/bettergi-libraries,,,,,,https://www.nuget.org/packages/BetterGI.VCRuntime,
Microsoft.AspNetCore.AspNetCoreModule,2.1.0-preview1-final,6400.0,,0,,,,,,,,,,,,,https://www.nuget.org/packages/Microsoft.AspNetCore.AspNetCoreModule,
CommunityToolkit.VectorData.AzureAISearch,1.0.0,6154.0,readme; xml docs,0,,,README.md,,,lib/net10.0/CommunityToolkit.VectorData.AzureAISearch.xml,https://github.com/communitytoolkit/ai,,,,,,https://www.nuget.org/packages/CommunityToolkit.VectorData.AzureAISearch,
UnblockZoneIdentifier,1.0.1,5912.0,readme,0,,,README.md,,,,https://github.com/emako/unblockzoneidentifier,,,,,,https://www.nuget.org/packages/UnblockZoneIdentifier,
Microsoft.AzureStack.Management.Gallery.Admin,0.1.0-preview,5852.0,xml docs,0,,,,,,lib/net452/Microsoft.AzureStack.Management.Gallery.Admin.xml,https://github.com/azure/azure-sdk-for-net,,,,,,https://www.nuget.org/packages/Microsoft.AzureStack.Management.Gallery.Admin,
Prefetch,2026.5.2,5760.0,readme; xml docs,0,,,README.md,,,lib/netstandard2.0/Prefetch.xml,https://github.com/ericzimmerman/prefetch,,,,,,https://www.nuget.org/packages/Prefetch,
Microsoft.AzureStack.Management.Subscription,0.1.0-preview,5724.0,xml docs,0,,,,,,lib/net452/Microsoft.AzureStack.Management.Subscription.xml,https://github.com/azure/azure-sdk-for-net,,,,,,https://www.nuget.org/packages/Microsoft.AzureStack.Management.Subscription,
QuickLook.LAVFilters,0.81.0,5716.0,readme,0,,,README.md,,,,https://github.com/ql-win/quicklook.lavfilters,,,,,,https://www.nuget.org/packages/QuickLook.LAVFilters,
Microsoft.AzureStack.Management.Network.Admin,0.1.0-preview,5579.0,xml docs,0,,,,,,lib/net452/Microsoft.AzureStack.Management.Network.Admin.xml,https://github.com/azure/azure-sdk-for-net,,,,,,https://www.nuget.org/packages/Microsoft.AzureStack.Management.Network.Admin,
Microsoft.AzureStack.Management.AzureBridge.Admin,0.1.0-preview,5572.0,xml docs,0,,,,,,lib/net452/Microsoft.AzureStack.Management.AzureBridge.Admin.xml,https://github.com/azure/azure-sdk-for-net,,,,,,https://www.nuget.org/packages/Microsoft.AzureStack.Management.AzureBridge.Admin,
Material.Icons.WinUI3,3.0.2,5548.0,readme,0,,,README.md,,,,https://github.com/skproch/material.icons,,,,,,https://www.nuget.org/packages/Material.Icons.WinUI3,
ImageGlass.Tools,1.9200.2,5513.0,readme,0,,,README.md,,,,https://github.com/imageglass/imageglass.tools,,,,,,https://www.nuget.org/packages/ImageGlass.Tools,
QuickLook.WPFMediaKit,2.3.4,5167.0,xml docs,0,,,,,,lib/QuickLook.WPFMediaKit.xml,https://github.com/ql-win/quicklook.wpf-mediakit,,,,,,https://www.nuget.org/packages/QuickLook.WPFMediaKit,
Microsoft.Azure.Management.RecoveryServicesVaultUpgrade,1.0.0-preview,4989.0,xml docs,0,,,,,,lib/portable-net45%2Bwp8%2Bwpa81%2Bwin/Microsoft.WindowsAzure.Management.RecoveryServicesVaultUpgrade.xml,https://github.com/azure/azure-sdk-for-net,,,,,,https://www.nuget.org/packages/Microsoft.Azure.Management.RecoveryServicesVaultUpgrade,
CodeChicken.DiffPatch,1.1.0,4846.0,,0,,,,,,,https://github.com/chicken-bones/diffpatch,,,,,,https://www.nuget.org/packages/CodeChicken.DiffPatch,
Devolutions.Pinget.Core,0.11.0,4716.0,xml docs,0,,,,,,lib/net10.0/Devolutions.Pinget.Core.xml,https://github.com/devolutions/pinget,,,,,,https://www.nuget.org/packages/Devolutions.Pinget.Core,
QuickLook.ImageGlass.WebP,1.4.0,4591.0,readme,0,,,README.md,,,,https://github.com/ql-win/quicklook.imageglass.webp,,,,,,https://www.nuget.org/packages/QuickLook.ImageGlass.WebP,
AppSettingStronglyTyped,1.0.0,4044.0,,0,,,,,,,,,,,,,https://www.nuget.org/packages/AppSettingStronglyTyped,
QuickLook.Typography.OpenFont,1.0.1,4020.0,readme,0,,,README.md,,,,https://github.com/ql-win/quicklook.typography.openfont,,,,,,https://www.nuget.org/packages/QuickLook.Typography.OpenFont,
RumpSharp,1.0.1,4004.0,readme; xml docs,0,,,README.md,,,lib/net10.0/RumpSharp.xml,https://github.com/duplicati/rumpsharp,,,,,,https://www.nuget.org/packages/RumpSharp,
AWS.Bedrock.MEAI,1.0.0,3969.0,readme; xml docs,0,,,README.md,,,lib/net472/AWS.Bedrock.MEAI.xml,https://github.com/aws/aws-dotnet-ai,,,,,,https://www.nuget.org/packages/AWS.Bedrock.MEAI,
MongoSandbox8.runtime.osx-arm64,2.0.0,3911.0,readme,0,,,README.md,,,,https://github.com/wassim-k/mongosandbox,,,,,,https://www.nuget.org/packages/MongoSandbox8.runtime.osx-arm64,
Devolutions.UniGetUI.Elevator,2.6.1.3,3627.0,,0,,,,,,,https://github.com/devolutions/gsudo-test,,,,,,https://www.nuget.org/packages/Devolutions.UniGetUI.Elevator,
CommunityToolkit.VectorData.Redis,1.0.0,3520.0,readme; xml docs,0,,,README.md,,,lib/net10.0/CommunityToolkit.VectorData.Redis.xml,https://github.com/communitytoolkit/ai,,,,,,https://www.nuget.org/packages/CommunityToolkit.VectorData.Redis,
CommunityToolkit.VectorData.Weaviate,1.0.0,3368.0,readme; xml docs,0,,,README.md,,,lib/net10.0/CommunityToolkit.VectorData.Weaviate.xml,https://github.com/communitytoolkit/ai,,,,,,https://www.nuget.org/packages/CommunityToolkit.VectorData.Weaviate,
ElBruno.Text2Image.Foundry,1.5.1,3324.0,readme; xml docs,0,,,README.md,,,lib/net10.0/ElBruno.Text2Image.Foundry.xml,https://github.com/elbruno/elbruno.text2image,,,,,,https://www.nuget.org/packages/ElBruno.Text2Image.Foundry,
QuickLook.ApkReader,2.1.0,3298.0,readme; xml docs,0,,,README.md,,,lib/net462/QuickLook.ApkReader.xml,https://github.com/soar360/apk-reader,,,,,,https://www.nuget.org/packages/QuickLook.ApkReader,
Basic,1.0.0,3190.0,,0,,,,,,,,,,,,,https://www.nuget.org/packages/Basic,
QuickLook.DiscUtils,1.0.0,3165.0,readme,0,,,README.md,,,,https://github.com/ql-win/quicklook.hfsplus,,,,,,https://www.nuget.org/packages/QuickLook.DiscUtils,
PcdSharp,1.0.1,3131.0,readme,0,,,README.md,,,,https://github.com/emako/pcdsharp,,,,,,https://www.nuget.org/packages/PcdSharp,
QuickLook.RpmReader,1.0.0,3104.0,readme,0,,,README.md,,,,https://github.com/ql-win/quicklook.rpmreader,,,,,,https://www.nuget.org/packages/QuickLook.RpmReader,
Senparc.AI.AgentKernel,0.1.12,2525.0,xml docs,0,,,,,,lib/net10.0/Senparc.AI.AgentKernel.xml,https://github.com/senparc/senparc.ai,,,,,,https://www.nuget.org/packages/Senparc.AI.AgentKernel,
unofficial.mesa.softwarerenderer,25.3.6.29,2500.0,,0,,,,,,,https://github.com/kekekeks/mesa-software-only-builds,,,,,,https://www.nuget.org/packages/unofficial.mesa.softwarerenderer,
AzureSoraSDK,1.0.2,2413.0,readme; xml docs,0,,,README.md,,,lib/net6.0/AzureSoraSDK.xml,https://github.com/drhazemali/azuresorasdk,,,,,,https://www.nuget.org/packages/AzureSoraSDK,
KRCLib,1.0.1,2275.0,readme,0,,,README.md,,,,https://github.com/emako/krclib,,,,,,https://www.nuget.org/packages/KRCLib,
elbruno.Extensions.AI.Claude,0.1.0-preview.6,2268.0,readme,0,,,README.md,,,,https://github.com/elbruno/elbruno-extensions-ai-claude,,,,,,https://www.nuget.org/packages/elbruno.Extensions.AI.Claude,
ElBruno.Whisper,0.9.0,2074.0,readme; xml docs,0,,,README.md,,,lib/net10.0/ElBruno.Whisper.xml,https://github.com/elbruno/elbruno.whisper,,,,,,https://www.nuget.org/packages/ElBruno.Whisper,
Devolutions.Now.Policy.Api,2026.9.3,2013.0,readme,0,,,README.md,,,,https://github.com/devolutions/now-libraries,,,,,,https://www.nuget.org/packages/Devolutions.Now.Policy.Api,
Devolutions.Now.Policy.Client,2026.9.3,1946.0,readme,0,,,README.md,,,,https://github.com/devolutions/now-libraries,,,,,,https://www.nuget.org/packages/Devolutions.Now.Policy.Client,
blazings.echarts,3.3.2,1844.0,,0,,,,,,,,,,,,,https://www.nuget.org/packages/blazings.echarts,
D2Phap.EggShell-x64,1.1.824,1672.0,readme,0,,,README.md,,,,https://github.com/d2phap/eggshell,,,,,,https://www.nuget.org/packages/D2Phap.EggShell-x64,
Microsoft.Accordant,0.1.6,1548.0,readme,0,,,docs/readme.md,,,,https://github.com/microsoft/accordant,,,,,,https://www.nuget.org/packages/Microsoft.Accordant,
HostingStartupPackage,1.0.0,1540.0,,0,,,,,,,,,,,,,https://www.nuget.org/packages/HostingStartupPackage,
CommunityToolkit.Labs.WinUI.DependencyPropertyGenerator,0.1.251217-build.2433,1377.0,xml docs,0,,,,,,lib/net8.0-windows10.0.19041/CommunityToolkit.WinUI.DependencyPropertyGenerator.xml,https://github.com/communitytoolkit/labs-windows,,,,,,https://www.nuget.org/packages/CommunityToolkit.Labs.WinUI.DependencyPropertyGenerator,
ImageGlass.SDK,1.2.0,1300.0,readme; xml docs,0,,,README.md,,,lib/net10.0/ImageGlass.SDK.xml,https://github.com/imageglass/sdk,,,,,,https://www.nuget.org/packages/ImageGlass.SDK,
Microsoft.MixedReality.Toolkit.Tests.Utilities,2.3.0,1225.0,,0,,,,,,,,,,,,,https://www.nuget.org/packages/Microsoft.MixedReality.Toolkit.Tests.Utilities,
D2Phap.EggShell-ARM64,1.1.824,1188.0,readme,0,,,README.md,,,,https://github.com/d2phap/eggshell,,,,,,https://www.nuget.org/packages/D2Phap.EggShell-ARM64,
QuickLook.LibAPNG,0.3.1,1168.0,readme,0,,,README.md,,,,https://github.com/ql-win/quicklook.libapng,,,,,,https://www.nuget.org/packages/QuickLook.LibAPNG,
CsTrees,1.0.5,1090.0,readme; xml docs,0,,,README.md,,,lib/net8.0/CsTrees.xml,https://github.com/fishmanthemurloc/cstrees,,,,,,https://www.nuget.org/packages/CsTrees,
RecipeEngine.Modules.Wrench,0.10.44,930.0,,0,,,,,,,,,,,,,https://www.nuget.org/packages/RecipeEngine.Modules.Wrench,
PackageManagement,1.0.0,890.0,,0,,,,,,,,,,,,,https://www.nuget.org/packages/PackageManagement,
MacBundle,1.0.0,833.0,,0,,,,,,,https://github.com/tyrrrz/macbundle,,,,,,https://www.nuget.org/packages/MacBundle,
QuickLook.HelixToolkit,3.1.2,670.0,readme; xml docs,0,,,README.md,,,lib/net462/HelixToolkit.Wpf.xml,https://github.com/helix-toolkit/helix-toolkit,,,,,,https://www.nuget.org/packages/QuickLook.HelixToolkit,
ElBruno.Connectors.SqliteVec,0.5.3,631.0,readme; xml docs,0,,,README.md,,,lib/net10.0/ElBruno.Connectors.SqliteVec.xml,https://github.com/elbruno/elbruno.connectors.sqlitevec,,,,,,https://www.nuget.org/packages/ElBruno.Connectors.SqliteVec,
ElBruno.MAF.FoundryLocal.Adapter,0.2.1,626.0,readme,0,,,README.Package.md,,,,https://github.com/elbruno/elbruno.maf.foundrylocal,,,,,,https://www.nuget.org/packages/ElBruno.MAF.FoundryLocal.Adapter,
QuickLook.MediaInfo,26.5.0,565.0,readme,0,,,README.md,,,,https://github.com/ql-win/quicklook.mediainfo,,,,,,https://www.nuget.org/packages/QuickLook.MediaInfo,
QuickLook.MediaInfo.Native.win-x64,26.5.0,556.0,,0,,,,,,,https://github.com/ql-win/quicklook.mediainfo,,,,,,https://www.nuget.org/packages/QuickLook.MediaInfo.Native.win-x64,
QuickLook.MediaInfo.Native.win-x86,26.5.0,490.0,,0,,,,,,,https://github.com/ql-win/quicklook.mediainfo,,,,,,https://www.nuget.org/packages/QuickLook.MediaInfo.Native.win-x86,
QuickLook.HexEditor,2.6.1,389.0,readme,0,,,README.md,,,,https://github.com/abbaye/wpfhexeditorcontrol,,,,,,https://www.nuget.org/packages/QuickLook.HexEditor,
CommunityToolkit.VectorData.AzureCosmosDB,1.0.0,385.0,readme; xml docs,0,,,README.md,,,lib/net10.0/CommunityToolkit.VectorData.AzureCosmosDB.xml,https://github.com/communitytoolkit/ai,,,,,,https://www.nuget.org/packages/CommunityToolkit.VectorData.AzureCosmosDB,
Azure.ResourceManager.ServiceGroups,1.0.0,379.0,readme; xml docs,0,,,README.md,,,lib/net10.0/Azure.ResourceManager.ServiceGroups.xml,https://github.com/azure/azure-sdk-for-net,,,,,,https://www.nuget.org/packages/Azure.ResourceManager.ServiceGroups,
Microsoft.AspNetCore.Components.Testing,11.0.0-preview.7.26425.128,306.0,xml docs,0,,,,,,lib/net11.0/Microsoft.AspNetCore.Components.Testing.xml,https://github.com/dotnet/dotnet,,,,,,https://www.nuget.org/packages/Microsoft.AspNetCore.Components.Testing,
Azure.ResourceManager.KubernetesConfiguration.Extensions,1.0.0,271.0,readme; xml docs,0,,,README.md,,,lib/net10.0/Azure.ResourceManager.KubernetesConfiguration.Extensions.xml,https://github.com/azure/azure-sdk-for-net,,,,,,https://www.nuget.org/packages/Azure.ResourceManager.KubernetesConfiguration.Extensions,
Microsoft.Orleans.Streaming.Kinesis,10.3.1,225.0,readme; xml docs,0,,,README.md,,,lib/net10.0/Orleans.Streaming.Kinesis.xml,https://github.com/dotnet/orleans,,,,,,https://www.nuget.org/packages/Microsoft.Orleans.Streaming.Kinesis,
Microsoft.Orleans.GrainDirectory.Firestore,10.3.1,224.0,xml docs,0,,,,,,lib/net10.0/Orleans.GrainDirectory.Firestore.xml,https://github.com/dotnet/orleans,,,,,,https://www.nuget.org/packages/Microsoft.Orleans.GrainDirectory.Firestore,
Microsoft.Orleans.Clustering.Firestore,10.3.1,223.0,xml docs,0,,,,,,lib/net10.0/Orleans.Clustering.Firestore.xml,https://github.com/dotnet/orleans,,,,,,https://www.nuget.org/packages/Microsoft.Orleans.Clustering.Firestore,
Microsoft.Orleans.Persistence.Firestore,10.3.1,223.0,xml docs,0,,,,,,lib/net10.0/Orleans.Persistence.Firestore.xml,https://github.com/dotnet/orleans,,,,,,https://www.nuget.org/packages/Microsoft.Orleans.Persistence.Firestore,
Cyqwel,0.3.0,219.0,readme; xml docs,0,,,README.md,,,lib/net8.0/Cyqwel.xml,https://github.com/sebastienros/cyqwel,,,,,,https://www.nuget.org/packages/Cyqwel,
Microsoft.Orleans.Reminders.Firestore,10.3.1,219.0,xml docs,0,,,,,,lib/net10.0/Orleans.Reminders.Firestore.xml,https://github.com/dotnet/orleans,,,,,,https://www.nuget.org/packages/Microsoft.Orleans.Reminders.Firestore,
Azure.ResourceManager.Resources.Deployments,1.0.0,169.0,readme; xml docs,0,,,README.md,,,lib/net10.0/Azure.ResourceManager.Resources.Deployments.xml,https://github.com/azure/azure-sdk-for-net,,,,,,https://www.nuget.org/packages/Azure.ResourceManager.Resources.Deployments,
CommunityToolkit.VectorData.AzureDocumentDB,1.0.0,169.0,readme; xml docs,0,,,README.md,,,lib/net10.0/CommunityToolkit.VectorData.AzureDocumentDB.xml,https://github.com/communitytoolkit/ai,,,,,,https://www.nuget.org/packages/CommunityToolkit.VectorData.AzureDocumentDB,
Microsoft.AspNetCore.Components.Server.AutoPause,11.0.0-rc.1.26425.128,123.0,xml docs,0,,,,,,lib/net11.0/Microsoft.AspNetCore.Components.Server.AutoPause.xml,https://github.com/dotnet/dotnet,,,,,,https://www.nuget.org/packages/Microsoft.AspNetCore.Components.Server.AutoPause,
jQuery.Templates,0.1.0,7.0,,0,,,,,,,,,,,,,https://www.nuget.org/packages/jQuery.Templates,
identityserver4.accesstokenvalidation,3.0.1,,xml docs,0,,,,,,lib/netcoreapp3.0/IdentityServer4.AccessTokenValidation.xml,,,,,,,https://www.nuget.org/packages/identityserver4.accesstokenvalidation,
identitymodel,7.0.0,,readme; xml docs,0,,,README.md,,,lib/net462/IdentityModel.xml,,,,,,,https://www.nuget.org/packages/identitymodel,
blazored.localstorage,4.5.0,,readme,0,,,README.md,,,,,,,,,,https://www.nuget.org/packages/blazored.localstorage,
membase,2.14.0,,xml docs,0,,,,,,lib/net35/Enyim.Caching.xml,,,,,,,https://www.nuget.org/packages/membase,
azure.developer.trustedsigning.cryptoprovider,0.1.60,,,0,,,,,,,,,,,,,https://www.nuget.org/packages/azure.developer.trustedsigning.cryptoprovider,
identitymodel.oidcclient,6.0.0,,readme; xml docs,0,,,README.md,,,lib/net6.0/IdentityModel.OidcClient.xml,,,,,,,https://www.nuget.org/packages/identitymodel.oidcclient,
microbuild.core,0.3.1,,,0,,,,,,,,,,,,,https://www.nuget.org/packages/microbuild.core,
microsoft.azure.services.appauthentication,1.6.2,,,0,,,,,,,,,,,,,https://www.nuget.org/packages/microsoft.azure.services.appauthentication,
identityserver4.aspnetidentity,4.1.2,,xml docs,0,,,,,,lib/netcoreapp3.1/IdentityServer4.AspNetIdentity.xml,,,,,,,https://www.nuget.org/packages/identityserver4.aspnetidentity,
microsoft.extensions.logging.testing,0.0.1-alpha,,readme,0,,,content/Readme.txt,,,,,,,,,,https://www.nuget.org/packages/microsoft.extensions.logging.testing,
az.accounts,3.0.4,,,0,,,,,,,,,,,,,https://www.nuget.org/packages/az.accounts,
microsoft.extensions.closedgenericmatcher.sources,0.0.1-alpha,,readme,0,,,content/Readme.txt,,,,,,,,,,https://www.nuget.org/packages/microsoft.extensions.closedgenericmatcher.sources,
microsoft.azure.test.framework,2.0.5658.29898-prerelease,,,0,,,,,,,,,,,,,https://www.nuget.org/packages/microsoft.azure.test.framework,
microsoft.extensions.securityhelper.sources,0.0.1-alpha,,readme,0,,,content/Readme.txt,,,,,,,,,,https://www.nuget.org/packages/microsoft.extensions.securityhelper.sources,
microsoft.extensions.propertyhelper.sources,0.0.1-alpha,,readme,0,,,content/Readme.txt,,,,,,,,,,https://www.nuget.org/packages/microsoft.extensions.propertyhelper.sources,
microsoft.extensions.copyonwritedictionary.sources,0.0.1-alpha,,readme,0,,,content/Readme.txt,,,,,,,,,,https://www.nuget.org/packages/microsoft.extensions.copyonwritedictionary.sources,
microsoft.extensions.typenamehelper.sources,0.0.1-alpha,,readme,0,,,content/Readme.txt,,,,,,,,,,https://www.nuget.org/packages/microsoft.extensions.typenamehelper.sources,
monogame.content.builder,3.7.0.9,,,0,,,,,,,,,,,,,https://www.nuget.org/packages/monogame.content.builder,
microsoft.codeanalysis.elfie,1.0.0,,,0,,,,,,,,,,,,,https://www.nuget.org/packages/microsoft.codeanalysis.elfie,
azure.batch,8.1.3,,xml docs,0,,,,,,lib/net452/Microsoft.Azure.Batch.xml,,,,,,,https://www.nuget.org/packages/azure.batch,
identityserver4,4.1.2,,xml docs,0,,,,,,lib/netcoreapp3.1/IdentityServer4.xml,,,,,,,https://www.nuget.org/packages/identityserver4,
microsoft.extensions.propertyactivator.sources,0.0.1-alpha,,readme,0,,,content/Readme.txt,,,,,,,,,,https://www.nuget.org/packages/microsoft.extensions.propertyactivator.sources,
microsoft.toolkit.mvvm,7.1.2,,xml docs,0,,,,,,lib/net5.0/Microsoft.Toolkit.Mvvm.xml,,,,,,,https://www.nuget.org/packages/microsoft.toolkit.mvvm,
microsoft.toolkit.uwp.ui,7.1.3,,xml docs,0,,,,,,lib/uap10.0.17763/Microsoft.Toolkit.Uwp.UI.xml,,,,,,,https://www.nuget.org/packages/microsoft.toolkit.uwp.ui,
microsoft.extensions.hashcodecombiner.sources,0.0.1-alpha,,readme,0,,,content/Readme.txt,,,,,,,,,,https://www.nuget.org/packages/microsoft.extensions.hashcodecombiner.sources,
microsoft.toolkit.uwp.ui.controls,7.1.3,,readme,0,,,ReadMe.txt,,,,,,,,,,https://www.nuget.org/packages/microsoft.toolkit.uwp.ui.controls,
oauth,1.0.3,,xml docs,0,,,,,,lib/net20/OAuth.Net20.xml,,,,,,,https://www.nuget.org/packages/oauth,
rx-main,2.2.5,,,0,,,,,,,,,,,,,https://www.nuget.org/packages/rx-main,
microsoft.azure.resourcemanager,3.0.0-preview,,xml docs,0,,,,,,lib/dnxcore50/Microsoft.Azure.ResourceManager.xml,,,,,,,https://www.nuget.org/packages/microsoft.azure.resourcemanager,
microsoft.toolkit.highperformance,7.1.2,,xml docs,0,,,,,,lib/net5.0/Microsoft.Toolkit.HighPerformance.xml,,,,,,,https://www.nuget.org/packages/microsoft.toolkit.highperformance,
selfsignedcertificate,0.0.1,,,0,,,,,,,,,,,,,https://www.nuget.org/packages/selfsignedcertificate,
microsoft.toolkit.uwp.ui.behaviors,7.1.3,,xml docs,0,,,,,,lib/uap10.0.17763/Microsoft.Toolkit.Uwp.UI.Behaviors.xml,,,,,,,https://www.nuget.org/packages/microsoft.toolkit.uwp.ui.behaviors,
microsoft.visualstudio.search,16.3.29318.20,,xml docs,0,,,,,,lib/net45/Microsoft.VisualStudio.Search.xml,,,,,,,https://www.nuget.org/packages/microsoft.visualstudio.search,
rx-interfaces,2.2.5,,xml docs,0,,,,,,lib/net40/System.Reactive.Interfaces.XML,,,,,,,https://www.nuget.org/packages/rx-interfaces,
rx-platformservices,2.3.0,,xml docs,0,,,,,,lib/net40/System.Reactive.PlatformServices.XML,,,,,,,https://www.nuget.org/packages/rx-platformservices,
rx-core,2.2.5,,xml docs,0,,,,,,lib/net40/System.Reactive.Core.XML,,,,,,,https://www.nuget.org/packages/rx-core,
serilog.opentelemetry.consolesink,2.0.0,,,0,,,,,,,,,,,,,https://www.nuget.org/packages/serilog.opentelemetry.consolesink,
rick.docs.samples.routeinfo,1.0.0.8,,,0,,,,,,,,,,,,,https://www.nuget.org/packages/rick.docs.samples.routeinfo,
sevenzipsharp,0.64.0,,,0,,,,,,,,,,,,,https://www.nuget.org/packages/sevenzipsharp,
serilog.sinks.aspnetcore.signalr,0.4.0,,,0,,,,,,,,,,,,,https://www.nuget.org/packages/serilog.sinks.aspnetcore.signalr,
webrequest.webrequesthandler,1.0.3,,,0,,,,,,,,,,,,,https://www.nuget.org/packages/webrequest.webrequesthandler,
sqlitepcl.bundle_green,0.9.3,,,0,,,,,,,,,,,,,https://www.nuget.org/packages/sqlitepcl.bundle_green,
sqlitepcl.raw,0.9.3,,,0,,,,,,,,,,,,,https://www.nuget.org/packages/sqlitepcl.raw,
microsoft.visualstudio.languageserver.client.implementation,16.6.45,,xml docs,0,,,,,,lib/net472/Microsoft.VisualStudio.LanguageServer.Client.Implementation.xml,,,,,,,https://www.nuget.org/packages/microsoft.visualstudio.languageserver.client.implementation,
yamldotnet.signed,6.0.0,,,0,,,,,,,,,,,,,https://www.nuget.org/packages/yamldotnet.signed,
rx-linq,2.2.5,,xml docs,0,,,,,,lib/net40/System.Reactive.Linq.XML,,,,,,,https://www.nuget.org/packages/rx-linq,
xab.androidlibv2raylite,1.0.0.1,,xml docs,0,,,,,,lib/monoandroid11.0/AndroidLibV2rayLite.xml,,,,,,,https://www.nuget.org/packages/xab.androidlibv2raylite,
system.management.automation_powershell_3.0,6.3.9600.17400,,,0,,,,,,,,,,,,,https://www.nuget.org/packages/system.management.automation_powershell_3.0,
reactiveui-core,7.4.0,,xml docs,0,,,,,,lib/MonoAndroid403/ReactiveUI.xml,https://github.com/xpaulbettsx/reactiveui,,,,,,https://www.nuget.org/packages/reactiveui-core,
system.management.automation.dll,10.0.10586,,,0,,,,,,,,,,,,,https://www.nuget.org/packages/system.management.automation.dll,
officedevpnpcore16,2.6.1608.999,,,0,,,,,,,,,,,,,https://www.nuget.org/packages/officedevpnpcore16,
sqlitepcl.raw_basic,0.8.6,,,0,,,,,,,,,,,,,https://www.nuget.org/packages/sqlitepcl.raw_basic,
system.commandline.experimental,0.3.0-alpha.19577.1,,,0,,,,,,,,,,,,,https://www.nuget.org/packages/system.commandline.experimental,
monogame.framework.desktopgl.core,3.8.0.13,,xml docs,0,,,,,,lib/net452/MonoGame.Framework.xml,,,,,,,https://www.nuget.org/packages/monogame.framework.desktopgl.core,
xamarin.insights,1.12.3,,xml docs,0,,,,,,lib/portable-win%2Bnet45%2Bwp80%2Bwindows8%2Bwpa%2BMonoAndroid10%2BMonoTouch10/Xamarin.Insights.XML,,,,,,,https://www.nuget.org/packages/xamarin.insights,
microsoft.winui,3.0.0-preview4.210210.4,,readme; xml docs,0,,,readme.txt,,,lib/net5.0-windows10.0.18362.0/Microsoft.WinUI.xml,,,,,,,https://www.nuget.org/packages/microsoft.winui,
