registry,link_type,url,status,final_url,note
csharp,handwritten_site,https://dot.net/,redirected,https://dotnet.microsoft.com/en-us/,now on dotnet.microsoft.com
csharp,handwritten_site,https://www.newtonsoft.com/json,ok,https://www.newtonsoft.com/json,
csharp,handwritten_site,https://serilog.net/,ok,https://serilog.net/,
csharp,handwritten_site,https://asp.net/,unreachable,https://asp.net/,timed out
csharp,handwritten_site,https://go.microsoft.com/fwlink/?linkid=844761,redirected,https://github.com/AzureAD/microsoft-authentication-library-for-dotnet,now on github.com
csharp,handwritten_site,https://docs.microsoft.com/ef/core/,redirected,https://learn.microsoft.com/en-us/ef/core/,now on learn.microsoft.com
csharp,handwritten_site,http://www.castleproject.org/,ok,http://www.castleproject.org/,
csharp,handwritten_site,https://aka.ms/sqlclientproject,redirected,https://github.com/dotnet/SqlClient,now on github.com
csharp,handwritten_site,http://www.newtonsoft.com/json,ok,https://www.newtonsoft.com/json,
csharp,handwritten_site,https://go.microsoft.com/fwlink/?LinkId=392727,redirected,https://learn.microsoft.com/en-us/azure/azure-monitor/app/app-insights-overview,now on learn.microsoft.com
csharp,handwritten_site,https://aka.ms/nugetprj,redirected,https://github.com/NuGet/Home,now on github.com
csharp,handwritten_site,https://seredis.dev/,ok,https://seredis.dev/,
csharp,handwritten_site,https://automapper.io/,ok,https://automapper.io/,
csharp,handwritten_site,https://fluentvalidation.net/,ok,https://fluentvalidation.net/,
csharp,handwritten_site,https://www.asp.net/web-api,redirected,https://dotnet.microsoft.com/en-us/apps/aspnet,now on dotnet.microsoft.com
csharp,handwritten_site,https://opentelemetry.io/,ok,https://opentelemetry.io/,
csharp,handwritten_site,https://xceed.com/products/unit-testing/fluent-assertions/,ok,https://xceed.com/products/unit-testing/fluent-assertions/,
csharp,handwritten_site,https://go.microsoft.com/fwlink/?LinkId=624683,redirected,https://github.com/dotnet/msbuild,now on github.com
csharp,handwritten_site,https://nunit.org/,ok,https://nunit.org/,
csharp,handwritten_site,https://joshclose.github.io/CsvHelper/,ok,https://joshclose.github.io/CsvHelper/,
csharp,handwritten_site,https://nlog-project.org/,ok,https://nlog-project.org/,
csharp,handwritten_site,https://aka.ms/adalnet,redirected,https://github.com/AzureAD/azure-activedirectory-library-for-dotnet/wiki,now on github.com
csharp,handwritten_site,https://restsharp.dev/,ok,https://restsharp.dev/,
csharp,handwritten_site,https://autofac.org/,ok,https://autofac.org/,
csharp,handwritten_site,https://docs.nunit.org/articles/vs-test-adapter/Index.html,ok,https://docs.nunit.org/articles/vs-test-adapter/Index.html,
csharp,handwritten_site,https://www.bouncycastle.org/csharp/,ok,https://www.bouncycastle.org/download/bouncy-castle-c/,
csharp,handwritten_site,https://www.rabbitmq.com/dotnet.html,ok,https://www.rabbitmq.com/client-libraries/dotnet,
csharp,handwritten_site,https://www.jetbrains.com/help/resharper/Code_Analysis__Code_Annotations.html,ok,https://www.jetbrains.com/help/resharper/Code_Analysis__Code_Annotations.html,
csharp,handwritten_site,https://www.mongodb.com/docs/drivers/csharp/,ok,https://www.mongodb.com/docs/drivers/csharp/current/,
csharp,handwritten_site,https://mediatr.io/,ok,https://mediatr.io/,
csharp,handwritten_site,http://dnsclient.michaco.net/,ok,https://dnsclient.michaco.net/,
csharp,handwritten_site,https://aka.ms/vscontainertools,redirected,https://learn.microsoft.com/en-us/visualstudio/containers/add-container-support?view=visualstudio&viewFallbackFrom=aspnetcore-2.1,now on learn.microsoft.com
csharp,handwritten_site,https://go.microsoft.com/fwlink/?LinkID=263480,redirected,https://github.com/dotnet/ef6/wiki,now on github.com
csharp,handwritten_site,https://docs.microsoft.com/dotnet/standard/data/sqlite/,redirected,https://learn.microsoft.com/en-us/dotnet/standard/data/sqlite/,now on learn.microsoft.com
csharp,handwritten_site,https://logging.apache.org/log4net/,ok,https://logging.apache.org/log4net/,
csharp,handwritten_site,https://www.bouncycastle.org/stable/nuget/csharp/website,ok,https://www.bouncycastle.org/download/bouncy-castle-c/,
csharp,handwritten_site,https://www.hangfire.io/,ok,https://www.hangfire.io/,
csharp,handwritten_site,http://njsonschema.org/,blocked,http://njsonschema.org/,HTTP 403 -- may still exist
csharp,handwritten_site,https://automapper.org/,redirected,https://automapper.io/,now on automapper.io
csharp,handwritten_site,http://html-agility-pack.net/,ok,https://html-agility-pack.net/,
csharp,handwritten_site,https://www.asp.net/web-pages,redirected,https://dotnet.microsoft.com/en-us/apps/aspnet,now on dotnet.microsoft.com
csharp,handwritten_site,https://www.asp.net/,redirected,https://dotnet.microsoft.com/en-us/apps/aspnet,now on dotnet.microsoft.com
csharp,handwritten_site,https://dynamic-linq.net/,ok,https://dynamic-linq.net/,
csharp,handwritten_site,https://stocksharp.com/,ok,https://stocksharp.com/en/,
csharp,handwritten_site,https://go.microsoft.com/fwlink/?linkid=868515,redirected,https://github.com/mono/SkiaSharp,now on github.com
csharp,handwritten_site,https://nodatime.org/,ok,https://nodatime.org/,
csharp,handwritten_site,https://sqlite.org/,ok,https://sqlite.org/,
csharp,handwritten_site,https://www.mimekit.net/,ok,https://mimekit.net/,
csharp,handwritten_site,https://www.asp.net/mvc,redirected,https://dotnet.microsoft.com/en-us/apps/aspnet,now on dotnet.microsoft.com
csharp,handwritten_site,https://anglesharp.github.io/,ok,https://anglesharp.github.io/,
csharp,handwritten_site,https://nsubstitute.github.io/,ok,https://nsubstitute.github.io/,
csharp,handwritten_site,http://www.mongodb.org/display/DOCS/CSharp+Language+Center,redirected,https://www.mongodb.com/docs/drivers/csharp/current/,now on www.mongodb.com
csharp,handwritten_site,http://www.essentialobjects.com/Products/WebBrowser/Default.aspx,ok,https://www.essentialobjects.com/,
csharp,handwritten_site,http://jquery.com/,ok,https://jquery.com/,
csharp,handwritten_site,http://www.mimekit.net/,ok,https://mimekit.net/,
csharp,handwritten_site,https://odata.github.io/,ok,https://odata.github.io/,
csharp,handwritten_site,https://developer.microsoft.com/graph,ok,https://developer.microsoft.com/en-us/graph,
csharp,handwritten_site,https://mysqlconnector.net/,ok,https://mysqlconnector.net/,
csharp,handwritten_site,https://massient.com/,ok,https://massient.com/,
csharp,handwritten_site,https://sendgrid.com/,redirected,https://www.twilio.com/en-us/sendgrid,now on www.twilio.com
csharp,handwritten_site,https://docs.newrelic.com/docs/apm/agents/net-agent/net-agent-api/guide-using-net-agent-api,ok,https://docs.newrelic.com/docs/apm/agents/net-agent/net-agent-api/net-agent-api/,
csharp,handwritten_site,http://serilog.net/,ok,https://serilog.net/,
csharp,handwritten_site,https://relinq.codeplex.com/,unreachable,https://relinq.codeplex.com/,domain does not resolve
csharp,handwritten_site,https://go.microsoft.com/fwlink/?linkid=848145,redirected,https://github.com/Azure/azure-functions-templates,now on github.com
csharp,handwritten_site,http://nswag.org/,blocked,http://nswag.org/,HTTP 403 -- may still exist
csharp,handwritten_site,https://epplussoftware.com/,ok,https://epplussoftware.com/,
csharp,handwritten_site,https://brantburnett.github.io/Snappier/,ok,https://brantburnett.github.io/Snappier/,
csharp,handwritten_site,https://webgrease.codeplex.com/,unreachable,https://webgrease.codeplex.com/,domain does not resolve
csharp,handwritten_site,https://selenium.dev/,ok,https://www.selenium.dev/,
csharp,handwritten_site,https://go.microsoft.com/fwlink/?LinkID=320972,unreachable,https://go.microsoft.com/fwlink/?LinkID=320972,timed out
csharp,handwritten_site,https://www.quartz-scheduler.net/,ok,https://www.quartz-scheduler.net/,
csharp,handwritten_site,https://flurl.dev/,ok,https://flurl.dev/,
csharp,handwritten_site,https://cakebuild.net/,ok,https://cakebuild.net/,
csharp,handwritten_site,https://dev.mysql.com/downloads/,blocked,https://dev.mysql.com/downloads/,HTTP 403 -- may still exist
csharp,handwritten_site,https://dotnet.github.io/aspnet-api-versioning,ok,https://dotnet.github.io/aspnet-api-versioning/,
csharp,handwritten_site,https://go.microsoft.com/fwlink/?LinkID=280055,blocked,https://go.microsoft.com/fwlink/?LinkID=280055,HTTP 403 -- may still exist
csharp,handwritten_site,https://learn.microsoft.com/dotnet/core/tools/dotnet-workload-sets,ok,https://learn.microsoft.com/en-us/dotnet/core/tools/dotnet-workload-sets,
csharp,handwritten_site,https://aka.ms/kiota/docs,redirected,https://learn.microsoft.com/en-us/openapi/kiota/,now on learn.microsoft.com
csharp,handwritten_site,https://go.microsoft.com/fwlink/?LinkId=235168,not_found,https://go.microsoft.com/fwlink/?LinkId=235168,HTTP 404
csharp,handwritten_site,http://www.modernizr.com/,ok,https://modernizr.com/,
csharp,handwritten_site,https://getbootstrap.com/,ok,https://getbootstrap.com/,
csharp,handwritten_site,https://microsoft.github.io/vs-threading/,ok,https://microsoft.github.io/vs-threading/,
csharp,handwritten_site,https://sentry.io/,ok,https://sentry.io/welcome/,
csharp,handwritten_site,https://www.oracle.com/database/technologies/appdev/dotnet.html,ok,https://www.oracle.com/database/technologies/appdev/dotnet.html,
csharp,handwritten_site,http://bassistance.de/jquery-plugins/jquery-plugin-validation/,ok,http://bassistance.de/jquery-plugins/jquery-plugin-validation/,
csharp,handwritten_site,https://morelinq.github.io/,ok,https://morelinq.github.io/,
csharp,handwritten_site,https://go.microsoft.com/fwlink/?LinkID=296436,blocked,https://go.microsoft.com/fwlink/?LinkID=296436,HTTP 403 -- may still exist
csharp,handwritten_site,https://docs.shouldly.org/,ok,https://docs.shouldly.org/,
csharp,handwritten_site,https://www.specflow.org/,redirected,https://shiftsync.tricentis.com/p/shift-to-shiftsync,now on shiftsync.tricentis.com
csharp,handwritten_site,https://nissl-lab.github.io/npoi/,ok,https://nissl-lab.github.io/npoi/,
csharp,handwritten_site,https://net-commons.github.io/common-logging/,ok,https://net-commons.github.io/common-logging/,
csharp,handwritten_site,https://go.microsoft.com/fwlink/?LinkID=280057,blocked,https://go.microsoft.com/fwlink/?LinkID=280057,HTTP 403 -- may still exist
csharp,handwritten_site,https://aka.ms/android-libraries,redirected,https://github.com/dotnet/android-libraries,now on github.com
csharp,handwritten_site,https://dotnet.testcontainers.org/,ok,https://dotnet.testcontainers.org/,
csharp,handwritten_site,https://go.microsoft.com/fwlink/?LinkID=509927,redirected,https://www.bing.com/?ref=go&linkid=509927,now on www.bing.com
csharp,handwritten_site,https://redirect.sonarsource.com/doc/sonar-visualstudio.html,redirected,https://www.sonarsource.com/products/sonarqube/ide/features/visual-studio/,now on www.sonarsource.com
csharp,handwritten_site,https://docs.datadoghq.com/tracing/trace_collection/dd_libraries,ok,https://docs.datadoghq.com/tracing/trace_collection/dd_libraries/,
csharp,handwritten_site,https://aarnott.github.io/Validation/,ok,https://aarnott.github.io/Validation/,
csharp,handwritten_site,https://www.devexpress.com/xpo,ok,https://www.devexpress.com/products/net/orm/,
csharp,handwritten_site,https://www.newtonsoft.com/jsonschema,ok,https://www.newtonsoft.com/jsonschema,
csharp,handwritten_site,https://go.microsoft.com/fwlink/?linkid=252450,redirected,https://learn.microsoft.com/en-us/previous-versions/azure/?redirectedfrom=MSDN,now on learn.microsoft.com
csharp,handwritten_site,http://www.castleproject.org/projects/windsor/,ok,http://www.castleproject.org/projects/windsor/,
csharp,handwritten_site,https://www.syncfusion.com/?utm_source=nuget&utm_medium=listing,ok,https://www.syncfusion.com/?utm_source=nuget&utm_medium=listing,
csharp,handwritten_site,https://learn.microsoft.com/dotnet/api/microsoft.sqlserver.types,ok,https://learn.microsoft.com/en-us/dotnet/api/microsoft.sqlserver.types?view=sql-dacfx-161,
csharp,handwritten_site,https://docs.particular.net/nuget/NServiceBus,ok,https://docs.particular.net/nservicebus/,
csharp,handwritten_site,http://www.bouncycastle.org/csharp/,ok,https://www.bouncycastle.org/download/bouncy-castle-c/,
csharp,handwritten_site,https://nhibernate.info/,ok,https://nhibernate.info/,
csharp,handwritten_site,https://simpleinjector.org/,ok,https://simpleinjector.org/,
csharp,handwritten_site,https://rebus.fm/what-is-rebus/,ok,https://rebus.fm/what-is-rebus/,
csharp,handwritten_site,https://xoofx.github.io/markdig,ok,https://xoofx.github.io/markdig/,
csharp,handwritten_site,https://numerics.mathdotnet.com/,ok,https://numerics.mathdotnet.com/,
csharp,handwritten_site,http://www.ninject.org/,ok,http://www.ninject.org/,
csharp,handwritten_site,https://go.microsoft.com/fwlink/?LinkId=218964,redirected,https://azure.microsoft.com/en-us/products/service-bus/,now on azure.microsoft.com
csharp,handwritten_site,https://system.data.sqlite.org/,ok,https://system.data.sqlite.org/home/doc/trunk/www/index.md,
csharp,handwritten_site,https://miniprofiler.com/,ok,https://miniprofiler.com/,
csharp,handwritten_site,https://www.asp.net/signalr,redirected,https://dotnet.microsoft.com/en-us/apps/aspnet,now on dotnet.microsoft.com
csharp,handwritten_site,https://aka.ms/signalr_service,redirected,https://azure.microsoft.com/en-us/products/signalr-service/,now on azure.microsoft.com
csharp,handwritten_site,https://consuldot.net/,ok,https://consuldot.net/,
csharp,handwritten_site,https://avro.apache.org/,ok,https://avro.apache.org/,
csharp,handwritten_site,http://jqueryui.com/,ok,https://jqueryui.com/,
csharp,handwritten_site,https://go.microsoft.com/fwlink/?LinkId=848761,redirected,https://learn.microsoft.com/en-us/azure/cosmos-db/table/overview,now on learn.microsoft.com
csharp,handwritten_site,http://entityframework-plus.net/,ok,https://entityframework-plus.net/,
csharp,handwritten_site,https://scriban.github.io/,ok,https://scriban.github.io/,
csharp,handwritten_site,https://itextpdf.com/,ok,https://itextpdf.com/,
csharp,handwritten_site,http://lucenenet.apache.org/,ok,https://lucenenet.apache.org/,
csharp,handwritten_site,https://aka.ms/webview,redirected,https://learn.microsoft.com/en-us/microsoft-edge/webview2/,now on learn.microsoft.com
csharp,handwritten_site,https://dbup.github.io/,ok,https://dbup.github.io/,
csharp,handwritten_site,https://www.litedb.org/,ok,https://www.litedb.org/,
csharp,handwritten_site,https://go.microsoft.com/fwlink/?LinkID=280056,blocked,https://go.microsoft.com/fwlink/?LinkID=280056,HTTP 403 -- may still exist
csharp,handwritten_site,https://devdiv.visualstudio.com/DevDiv/_git/VSDebugCore,blocked,https://devdiv.visualstudio.com/DevDiv/_git/VSDebugCore,HTTP 401 -- may still exist
csharp,handwritten_site,https://cloudevents.io/,ok,https://cloudevents.io/,
csharp,handwritten_site,https://go.microsoft.com/fwlink/?linkid=868960,redirected,https://github.com/xamarin/Essentials,now on github.com
csharp,handwritten_site,https://openiddict.com/,ok,https://openiddict.com/,
csharp,handwritten_site,https://go.microsoft.com/fwlink/?LinkId=613084,redirected,https://learn.microsoft.com/en-us/azure/devops/integrate/concepts/dotnet-client-libraries?view=azure-devops,now on learn.microsoft.com
csharp,handwritten_site,https://arrow.apache.org/,ok,https://arrow.apache.org/,
csharp,handwritten_site,https://scalar.com/,ok,https://scalar.com/,
csharp,handwritten_site,http://typescriptlang.org/,ok,https://www.typescriptlang.org/,
csharp,handwritten_site,https://go.microsoft.com/fwlink/?LinkId=272508,redirected,https://www.bing.com/?ref=go&linkid=272508,now on www.bing.com
csharp,handwritten_site,https://visualstudio.microsoft.com/,ok,https://visualstudio.microsoft.com/,
csharp,handwritten_site,https://nuke.build/,unreachable,https://nuke.build/,domain does not resolve
csharp,handwritten_site,http://knockoutjs.com/,ok,https://knockoutjs.com/,
csharp,handwritten_site,https://aka.ms/telgml,redirected,https://learn.microsoft.com/en-us/appcenter/retirement,now on learn.microsoft.com
csharp,handwritten_site,https://mudblazor.com/,ok,https://mudblazor.com/,
csharp,handwritten_site,https://bitmiracle.com/libtiff/,ok,https://bitmiracle.com/libtiff/,
csharp,handwritten_site,https://www.questpdf.com/,ok,https://www.questpdf.com/,
csharp,handwritten_site,https://dapr.io/,ok,https://dapr.io/,
csharp,handwritten_site,https://aka.ms/servicefabric,redirected,https://learn.microsoft.com/en-us/azure/service-fabric/service-fabric-overview,now on learn.microsoft.com
csharp,handwritten_site,https://mapperly.riok.app/,ok,https://mapperly.riok.app/,
csharp,handwritten_site,https://go.microsoft.com/fwlink/?linkid=869051,redirected,https://github.com/mono/mono/tree/main/mcs/class/Mono.Posix,now on github.com
csharp,handwritten_site,https://appium.io/,ok,https://appium.io/,
csharp,handwritten_site,https://msdn.microsoft.com/en-us/library/microsoft.web.administration(v=vs.90).aspx,redirected,https://learn.microsoft.com/en-us/dotnet/api/microsoft.web.administration?view=iis-dotnet&redirectedfrom=MSDN,now on learn.microsoft.com
csharp,handwritten_site,https://go.microsoft.com/fwlink/?linkid=865061,not_found,https://go.microsoft.com/fwlink/?linkid=865061,HTTP 404
csharp,handwritten_site,https://aka.ms/NHNuget,redirected,https://azure.microsoft.com/en-us/products/notification-hubs/,now on azure.microsoft.com
csharp,handwritten_site,https://go.microsoft.com/fwlink/?linkid=2099353,redirected,https://github.com/xamarin/XamarinAndroidXMigration,now on github.com
csharp,handwritten_site,https://csharp.sdk.modelcontextprotocol.io/,ok,https://csharp.sdk.modelcontextprotocol.io/,
csharp,handwritten_site,https://linq2db.github.io/,ok,https://linq2db.github.io/,
csharp,handwritten_site,https://go.microsoft.com/fwlink/?linkid=865352,redirected,https://github.com/xamarin/AndroidSupportComponents,now on github.com
csharp,handwritten_site,https://dot.net/ml,redirected,https://dotnet.microsoft.com/en-us/apps/ai/ml-dotnet,now on dotnet.microsoft.com
csharp,handwritten_site,https://go.microsoft.com/fwlink/?LinkId=531344,redirected,https://learn.microsoft.com/en-us/previous-versions/office/sharepoint-csom/jj193041(v=office.15)?redirectedfrom=MSDN,now on learn.microsoft.com
csharp,handwritten_site,https://elmah.github.io/,ok,https://elmah.github.io/,
csharp,handwritten_site,http://aws.amazon.com/sdkfornet/,ok,https://aws.amazon.com/sdk-for-net/,
csharp,handwritten_site,https://docs.specflow.org/projects/specflow-livingdoc,unreachable,https://docs.specflow.org/projects/specflow-livingdoc,domain does not resolve
csharp,handwritten_site,https://aka.ms/semantic-kernel,redirected,https://learn.microsoft.com/en-us/semantic-kernel/overview/,now on learn.microsoft.com
csharp,handwritten_site,https://learn.microsoft.com/dotnet/ai/vector-stores/overview,ok,https://learn.microsoft.com/en-us/dotnet/ai/vector-stores/overview,
csharp,handwritten_site,https://popper.js.org/,ok,https://popper.js.org/,
csharp,handwritten_site,https://avaloniaui.net/?utm_source=nuget&utm_medium=referral&utm_content=project_homepage_link,ok,https://avaloniaui.net/?utm_source=nuget&utm_medium=referral&utm_content=project_homepage_link,
csharp,handwritten_site,http://sharpdx.org/,error_522,http://sharpdx.org/,
csharp,handwritten_site,https://umbraco.com/,blocked,https://umbraco.com/,HTTP 403 -- may still exist
csharp,handwritten_site,http://nancyfx.org/,ok,http://nancyfx.org/,
csharp,handwritten_site,https://reactiveui.net/,ok,https://reactiveui.net/,
csharp,handwritten_site,http://www.firebirdsql.org/en/net-provider/,ok,https://www.firebirdsql.org/en/net-provider/,
csharp,handwritten_site,https://websocket4net.codeplex.com/,unreachable,https://websocket4net.codeplex.com/,domain does not resolve
csharp,handwritten_site,https://aka.ms/WinSDKProjectURL,redirected,https://www.nuget.org/packages/Microsoft.Windows.SDK.Contracts,now on www.nuget.org
csharp,handwritten_site,https://aka.ms/vsextensibility,redirected,https://learn.microsoft.com/en-us/visualstudio/extensibility/visual-studio-sdk?view=visualstudio&WT.mc_id=visualstudio_extensibility_aka_VSExtensibility,now on learn.microsoft.com
csharp,handwritten_site,https://itextpdf.com/en/products/itext-7/pdfhtml,ok,https://itextpdf.com/products/convert-html-css-to-pdf-pdfhtml,
csharp,handwritten_site,http://www.avalonedit.net/,ok,http://avalonedit.net/,
csharp,handwritten_site,https://simpleinjector.org/servicecollection,ok,https://simpleinjector.org/servicecollection,
csharp,handwritten_site,https://fast-endpoints.com/,ok,https://fast-endpoints.com/,
csharp,handwritten_site,http://www.supersocket.net/,ok,https://www.supersocket.net/,
csharp,handwritten_site,https://bunit.egilhansen.com/,redirected,https://bunit.dev/,now on bunit.dev
csharp,handwritten_site,https://fscheck.github.io/FsCheck/,ok,https://fscheck.github.io/FsCheck/,
csharp,handwritten_site,https://aka.ms/getfilesiginforedist,redirected,https://learn.microsoft.com/en-us/powershell/module/microsoft.powershell.security/get-authenticodesignature?view=powershell-7.6&viewFallbackFrom=powershell-7.1,now on learn.microsoft.com
csharp,handwritten_site,https://www.lightinject.net/,unreachable,https://www.lightinject.net/,timed out
csharp,handwritten_site,https://ironpython.net/,ok,https://ironpython.net/,
csharp,handwritten_site,http://imageprocessor.org/,unreachable,http://imageprocessor.org/,domain does not resolve
csharp,handwritten_site,https://www.ben-morris.com/writing-archunit-style-tests-for-net-and-c-for-self-testing-architectures/,ok,https://www.ben-morris.com/writing-archunit-style-tests-for-net-and-c-for-self-testing-architectures/,
csharp,handwritten_site,https://wixtoolset.org/,redirected,https://www.firegiant.com/wixtoolset/,now on www.firegiant.com
csharp,handwritten_site,https://naudio.github.io/NAudio/,ok,https://naudio.github.io/NAudio/,
csharp,handwritten_site,https://clarius.org/GitInfo,ok,https://www.clarius.org/GitInfo/,
csharp,handwritten_site,https://jasperfx.github.io/lamar,ok,https://jasperfx.github.io/lamar/,
csharp,handwritten_site,https://docs.microsoft.com/appcenter/test-cloud/uitest/,redirected,https://learn.microsoft.com/en-us/appcenter/,now on learn.microsoft.com
csharp,handwritten_site,https://go.microsoft.com/fwlink/?LinkId=398199,redirected,https://www.bing.com/?ref=aka&shorturl=office365apitoolspreview,now on www.bing.com
csharp,handwritten_site,https://security-code-scan.github.io/,ok,https://security-code-scan.github.io/,
csharp,handwritten_site,http://imageresizing.net/,ok,https://imageresizing.net/,
csharp,handwritten_site,https://abp.io/,ok,https://abp.io/,
csharp,handwritten_site,http://www.aliyun.com/product/oss,redirected,https://cn.aliyun.com/product/oss?from_alibabacloud=,now on cn.aliyun.com
csharp,handwritten_site,https://avaloniaui.net/,ok,https://avaloniaui.net/,
csharp,handwritten_site,https://go.microsoft.com/fwlink/?linkid=2014377,redirected,https://learn.microsoft.com/en-us/sql/reporting-services/application-integration/integrating-reporting-services-using-reportviewer-controls-get-started?view=sql-server-ver17,now on learn.microsoft.com
csharp,handwritten_site,http://accord-framework.net/,ok,http://accord-framework.net/,
csharp,handwritten_site,http://umbraco.com/,blocked,http://umbraco.com/,HTTP 403 -- may still exist
csharp,handwritten_site,https://www.finbuckle.com/MultiTenant,ok,https://www.finbuckle.com/MultiTenant,
csharp,handwritten_site,https://aka.ms/VsExtensibility,redirected,https://learn.microsoft.com/en-us/visualstudio/extensibility/visual-studio-sdk?view=visualstudio&WT.mc_id=visualstudio_extensibility_aka_VSExtensibility,now on learn.microsoft.com
csharp,handwritten_site,https://go.microsoft.com/fwlink/?linkid=865059,redirected,https://github.com/xamarin/XamarinComponents/tree/main/XPlat/Mono.Options,now on github.com
csharp,handwritten_site,https://go.microsoft.com/fwlink/?LinkID=519078,redirected,https://microsoft.github.io/Win2D/html/Introduction.htm,now on microsoft.github.io
csharp,handwritten_site,https://aka.ms/csspeech,redirected,https://learn.microsoft.com/en-us/azure/ai-services/speech-service/,now on learn.microsoft.com
csharp,handwritten_site,http://getbootstrap.com/,ok,https://getbootstrap.com/,
csharp,handwritten_site,https://learn.microsoft.com/agent-framework/,ok,https://learn.microsoft.com/en-us/agent-framework/,
csharp,handwritten_site,https://developer.avalara.com/,ok,https://developer.avalara.com/,
csharp,handwritten_site,https://blazorise.com/,ok,https://blazorise.com/,
csharp,handwritten_site,http://www.xml-rpc.net/,unreachable,http://www.xml-rpc.net/,domain does not resolve
csharp,handwritten_site,https://msdn.microsoft.com/en-us/mt173057.aspx,redirected,https://learn.microsoft.com/en-us/previous-versions/msdn10/mt173057(v=msdn.10),now on learn.microsoft.com
csharp,handwritten_site,http://caliburnmicro.com/,ok,https://caliburnmicro.com/,
csharp,handwritten_site,https://scottplot.net/,ok,https://scottplot.net/,
csharp,handwritten_site,https://mathparser.org/,ok,https://mathparser.org/,
csharp,handwritten_site,http://plugins.jquery.com/cookie/,ok,http://plugins.jquery.com/cookie/,
csharp,handwritten_site,https://aarnott.github.io/Xunit.StaFact/,ok,https://aarnott.github.io/Xunit.StaFact/,
csharp,handwritten_site,http://oxyplot.org/,ok,https://oxyplot.org/,
csharp,handwritten_site,https://go.microsoft.com/fwlink/?linkid=2071915,redirected,https://github.com/mono/SkiaSharp.Extended,now on github.com
csharp,handwritten_site,https://aka.ms/androidx,redirected,https://github.com/dotnet/android-libraries,now on github.com
csharp,handwritten_site,https://inputsimulator.codeplex.com/,unreachable,https://inputsimulator.codeplex.com/,domain does not resolve
csharp,handwritten_site,http://www.json.org/js.html,not_found,http://www.json.org/js.html,HTTP 404
csharp,handwritten_site,https://www.devart.com/dotconnect/oracle,ok,https://www.devart.com/dotconnect/oracle/,
csharp,handwritten_site,https://aka.ms/vslsp,redirected,https://learn.microsoft.com/en-us/visualstudio/extensibility/language-server-protocol?view=visualstudio,now on learn.microsoft.com
csharp,handwritten_site,https://www.orchardcore.net/,ok,https://orchardcore.net/,
csharp,handwritten_site,https://photosauce.net/,ok,https://photosauce.net/,
csharp,handwritten_site,https://kleisauke.github.io/net-vips,ok,https://kleisauke.github.io/net-vips/,
csharp,handwritten_site,https://seesharper.github.io/LightInject/,ok,https://seesharper.github.io/LightInject/,
csharp,handwritten_site,https://anyascii.com/,ok,https://anyascii.com/,
csharp,handwritten_site,https://go.microsoft.com/fwlink/?linkid=2021816,redirected,https://github.com/xamarin/Xamarin.Auth,now on github.com
csharp,handwritten_site,https://www.gaia-gis.it/fossil/libspatialite/index,ok,https://www.gaia-gis.it/fossil/libspatialite/index,
csharp,handwritten_site,http://jquerymobile.com/,ok,https://jquerymobile.com/,
csharp,handwritten_site,https://www.deepl.com/pro-api,ok,https://www.deepl.com/en/pro,
csharp,handwritten_site,https://www.tensorflow.org/,ok,https://www.tensorflow.org/,
csharp,handwritten_site,https://code.videolan.org/videolan/libvlc-nuget,ok,https://code.videolan.org/videolan/libvlc-nuget,
csharp,handwritten_site,https://go.microsoft.com/fwlink/?linkid=2060919,redirected,https://github.com/xamarin/XamarinComponents/tree/main/iOS/MaterialComponents,now on github.com
csharp,handwritten_site,https://pythonnet.github.io/,ok,https://pythonnet.github.io/,
csharp,handwritten_site,https://aka.ms/VSProjectSystemExtensibility,redirected,https://github.com/Microsoft/VSProjectSystem,now on github.com
csharp,handwritten_site,https://z4kn4fein.github.io/stashbox,ok,https://z4kn4fein.github.io/stashbox/,
csharp,handwritten_site,https://alphafs.alphaleonis.com/,unreachable,https://alphafs.alphaleonis.com/,domain does not resolve
csharp,handwritten_site,https://sbaeumlisberger.github.io/VirtualizingWrapPanel/docs/getting-started.html,ok,https://sbaeumlisberger.github.io/VirtualizingWrapPanel/docs/getting-started.html,
csharp,handwritten_site,https://msdn.microsoft.com/library/en-us/dnbda/html/daab-rm.asp,redirected,https://learn.microsoft.com/en-us/,now on learn.microsoft.com
csharp,handwritten_site,https://repodb.net/tutorial/get-started-sqlserver,ok,https://repodb.net/tutorial/get-started-sqlserver,
csharp,handwritten_site,http://www.componentace.com/zlib_.NET.htm,ok,http://www.componentace.com/zlib_.NET.htm,
csharp,handwritten_site,https://plotly.net/,ok,https://plotly.net/,
csharp,handwritten_site,https://www.angusj.com/clipper2/Docs/Overview.htm,ok,https://www.angusj.com/clipper2/Docs/Overview.htm,
csharp,handwritten_site,http://dragablz.net/,ok,https://dragablz.net/,
csharp,handwritten_site,https://bitpay.com/,ok,https://bitpay.com/,
csharp,handwritten_site,https://www.iis.net/downloads/microsoft/web-deploy,ok,https://www.iis.net/downloads/microsoft/web-deploy,
csharp,handwritten_site,http://dockpanelsuite.com/,ok,http://dockpanelsuite.com/,
csharp,handwritten_site,http://www.gdal.org/,ok,https://gdal.org/en/stable/,
csharp,handwritten_site,https://commercial.abp.io/,ok,https://commercial.abp.io/,
csharp,handwritten_site,https://go.microsoft.com/fwlink/?LinkId=263480&clcid=0x804,redirected,https://github.com/dotnet/ef6/wiki,now on github.com
csharp,handwritten_site,https://aka.ms/microbuild.package,redirected,https://www.bing.com/?ref=aka&shorturl=microbuild.package,now on www.bing.com
csharp,handwritten_site,https://www.tizen.org/,ok,https://www.tizen.org/,
csharp,handwritten_site,https://dotmorten.github.io/WinUIEx,ok,https://dotmorten.github.io/WinUIEx/,
csharp,handwritten_site,https://tickerq.net/,ok,https://tickerq.net/,
csharp,handwritten_site,https://www.monogame.net/,ok,https://monogame.net/,
csharp,handwritten_site,http://developer.mescius.com/componentone,ok,https://developer.mescius.com/componentone,
csharp,handwritten_site,http://objectlistview.sourceforge.net/,ok,https://objectlistview.sourceforge.net/,
csharp,handwritten_site,https://bitbucket.org/Starnick/assimpnet,ok,https://bitbucket.org/Starnick/assimpnet,
csharp,handwritten_site,https://go.microsoft.com/fwlink/?LinkID=651678,redirected,https://github.com/Microsoft/XamlBehaviors,now on github.com
csharp,handwritten_site,http://elfsharp.it/,ok,https://elfsharp.it/,
csharp,handwritten_site,https://msdn.microsoft.com/en-us/library/hh750210.aspx,redirected,https://learn.microsoft.com/en-us/previous-versions/bing/wpf-control/hh750210(v=msdn.10)?redirectedfrom=MSDN,now on learn.microsoft.com
csharp,handwritten_site,https://www.syncfusion.com/maui-controls/?utm_source=nuget&utm_medium=listing,ok,https://www.syncfusion.com/maui-controls?utm_source=nuget&utm_medium=listing,
csharp,handwritten_site,https://fsprojects.github.io/FSharp.Control.TaskSeq/,ok,https://fsprojects.github.io/FSharp.Control.TaskSeq/,
csharp,handwritten_site,http://plugins.jquery.com/project/color/,not_found,http://plugins.jquery.com/project/color/,HTTP 404
csharp,handwritten_site,https://nickbabcock.github.io/Pfim/,ok,https://nickbabcock.github.io/Pfim/,
csharp,handwritten_site,https://go.microsoft.com/fwlink/?linkid=2130312,not_found,https://go.microsoft.com/fwlink/?linkid=2130312,HTTP 404
csharp,handwritten_site,https://code.msdn.microsoft.com/Command-Line-Parser-Library-a8ba828a,not_found,https://code.msdn.microsoft.com/Command-Line-Parser-Library-a8ba828a,HTTP 404
csharp,handwritten_site,https://docs.microsoft.com/en-us/visualstudio/profiling/,redirected,https://learn.microsoft.com/en-us/visualstudio/profiling/?view=visualstudio,now on learn.microsoft.com
csharp,handwritten_site,https://neosmart.net/blog/2019/sqlite-cache-for-asp-net-core,ok,https://neosmart.net/blog/sqlite-cache-for-asp-net-core/,
csharp,handwritten_site,https://charlesdevandiere.github.io/markdown-builder-dotnet,ok,https://charlesdevandiere.github.io/markdown-builder-dotnet/,
csharp,handwritten_site,https://go.microsoft.com/fwlink/?linkid=865081,redirected,https://github.com/xamarin/XamarinComponents/tree/main/iOS/SDWebImage,now on github.com
csharp,handwritten_site,https://go.microsoft.com/fwlink/?LinkID=267590&clcid=0x409,redirected,https://www.bing.com/?ref=go&linkid=267590,now on www.bing.com
csharp,handwritten_site,https://aka.ms/vsls,redirected,https://visualstudio.microsoft.com/services/live-share/,now on visualstudio.microsoft.com
csharp,handwritten_site,https://msdn.com/roslyn,redirected,https://github.com/dotnet/roslyn,now on github.com
csharp,handwritten_site,https://dokan-dev.github.io/,ok,https://dokan-dev.github.io/,
csharp,handwritten_site,https://thielj.github.io/MetroFramework,ok,https://thielj.github.io/MetroFramework/,
csharp,handwritten_site,http://kaliko.com/image-library/,ok,https://kaliko.com/image-library/,
csharp,handwritten_site,https://alphavss.alphaleonis.com/,unreachable,https://alphavss.alphaleonis.com/,domain does not resolve
csharp,handwritten_site,http://www.ilgpu.net/,ok,https://ilgpu.net/,
csharp,homepage,https://github.com/dotnet/maintenance-packages,ok,https://github.com/dotnet/maintenance-packages,
csharp,homepage,https://github.com/dotnet/corefx,ok,https://github.com/dotnet/corefx,
csharp,homepage,https://github.com/dotnet/runtime,ok,https://github.com/dotnet/runtime,
csharp,homepage,https://github.com/AzureAD/azure-activedirectory-identitymodel-extensions-for-dotnet,ok,https://github.com/AzureAD/azure-activedirectory-identitymodel-extensions-for-dotnet,
csharp,homepage,https://github.com/Azure/azure-sdk-for-net/blob/Azure.Core_1.62.0/sdk/core/Azure.Core/README.md,ok,https://github.com/Azure/azure-sdk-for-net/blob/Azure.Core_1.62.0/sdk/core/Azure.Core/README.md,
csharp,homepage,https://github.com/dotnet/winforms,ok,https://github.com/dotnet/winforms,
csharp,homepage,https://github.com/aws/aws-sdk-net/,ok,https://github.com/aws/aws-sdk-net/,
csharp,homepage,https://github.com/microsoft/vstest,ok,https://github.com/microsoft/vstest,
csharp,homepage,https://github.com/Azure/azure-sdk-for-net/blob/Azure.Identity_1.21.0/sdk/identity/Azure.Identity/README.md,ok,https://github.com/Azure/azure-sdk-for-net/blob/Azure.Identity_1.21.0/sdk/identity/Azure.Identity/README.md,
csharp,homepage,https://github.com/dotnet/roslyn,ok,https://github.com/dotnet/roslyn,
csharp,homepage,https://github.com/App-vNext/Polly,ok,https://github.com/App-vNext/Polly,
csharp,homepage,https://github.com/Microsoft/OpenAPI.NET,ok,https://github.com/Microsoft/OpenAPI.NET,
csharp,homepage,https://github.com/domaindrivendev/Swashbuckle.AspNetCore,ok,https://github.com/domaindrivendev/Swashbuckle.AspNetCore,
csharp,homepage,https://github.com/protocolbuffers/protobuf,ok,https://github.com/protocolbuffers/protobuf,
csharp,homepage,https://github.com/Azure/azure-sdk-for-net/blob/System.ClientModel_1.15.0/sdk/core/System.ClientModel/README.md,ok,https://github.com/Azure/azure-sdk-for-net/blob/System.ClientModel_1.15.0/sdk/core/System.ClientModel/README.md,
csharp,homepage,https://github.com/moq/moq,ok,https://github.com/moq/moq,
csharp,homepage,https://github.com/serilog/serilog-sinks-file,ok,https://github.com/serilog/serilog-sinks-file,
csharp,homepage,https://github.com/serilog/serilog-sinks-console,ok,https://github.com/serilog/serilog-sinks-console,
csharp,homepage,https://github.com/grpc/grpc-dotnet,ok,https://github.com/grpc/grpc-dotnet,
csharp,homepage,https://github.com/serilog/serilog-extensions-logging,ok,https://github.com/serilog/serilog-extensions-logging,
csharp,homepage,https://github.com/dotnet/aspire,ok,https://github.com/dotnet/aspire,
csharp,homepage,https://github.com/xunit/xunit,ok,https://github.com/xunit/xunit,
csharp,homepage,https://github.com/Humanizr/Humanizer,ok,https://github.com/Humanizr/Humanizer,
csharp,homepage,https://github.com/coverlet-coverage/coverlet,ok,https://github.com/coverlet-coverage/coverlet,
csharp,homepage,https://github.com/serilog/serilog-settings-configuration,ok,https://github.com/serilog/serilog-settings-configuration,
csharp,homepage,https://github.com/npgsql/npgsql,ok,https://github.com/npgsql/npgsql,
csharp,homepage,https://github.com/serilog/serilog-formatting-compact,ok,https://github.com/serilog/serilog-formatting-compact,
csharp,homepage,https://github.com/mgravell/Pipelines.Sockets.Unofficial,ok,https://github.com/mgravell/Pipelines.Sockets.Unofficial,
csharp,homepage,https://github.com/serilog/serilog-extensions-hosting,ok,https://github.com/serilog/serilog-extensions-hosting,
csharp,homepage,https://github.com/Azure/azure-sdk-for-net/blob/Azure.Storage.Common_12.28.0/sdk/storage/Azure.Storage.Common/README.md,ok,https://github.com/Azure/azure-sdk-for-net/blob/Azure.Storage.Common_12.28.0/sdk/storage/Azure.Storage.Common/README.md,
csharp,homepage,https://github.com/dotnet/emsdk,ok,https://github.com/dotnet/emsdk,
csharp,homepage,https://github.com/serilog/serilog-aspnetcore,ok,https://github.com/serilog/serilog-aspnetcore,
csharp,homepage,https://github.com/dotnet/maui,ok,https://github.com/dotnet/maui,
csharp,homepage,https://github.com/Azure/azure-sdk-for-net/blob/Azure.Storage.Blobs_12.29.2/sdk/storage/Azure.Storage.Blobs/README.md,ok,https://github.com/Azure/azure-sdk-for-net/blob/Azure.Storage.Blobs_12.29.2/sdk/storage/Azure.Storage.Blobs/README.md,
csharp,homepage,https://github.com/DapperLib/Dapper,ok,https://github.com/DapperLib/Dapper,
csharp,homepage,https://github.com/serilog/serilog-sinks-debug,ok,https://github.com/serilog/serilog-sinks-debug,
csharp,homepage,https://github.com/dotnet/wcf,ok,https://github.com/dotnet/wcf,
csharp,homepage,https://github.com/Azure/azure-amqp,ok,https://github.com/Azure/azure-amqp,
csharp,homepage,https://github.com/Azure/azure-sdk-for-net/blob/Azure.Security.KeyVault.Secrets_4.11.0/sdk/keyvault/Azure.Security.KeyVault.Secrets/README.md,ok,https://github.com/Azure/azure-sdk-for-net/blob/Azure.Security.KeyVault.Secrets_4.11.0/sdk/keyvault/Azure.Security.KeyVault.Secrets/README.md,
csharp,homepage,https://github.com/Azure/AutoRest,ok,https://github.com/Azure/AutoRest,
csharp,homepage,https://github.com/Azure/azure-webjobs-sdk,ok,https://github.com/Azure/azure-webjobs-sdk,
csharp,homepage,https://github.com/googleapis/google-api-dotnet-client,ok,https://github.com/googleapis/google-api-dotnet-client,
csharp,homepage,https://github.com/aaubry/YamlDotNet/wiki,ok,https://github.com/aaubry/YamlDotNet/wiki,
csharp,homepage,https://github.com/mono/t4,ok,https://github.com/mono/t4,
csharp,homepage,https://github.com/App-vNext/Polly.Extensions.Http,ok,https://github.com/App-vNext/Polly.Extensions.Http,
csharp,homepage,https://github.com/icsharpcode/SharpZipLib,ok,https://github.com/icsharpcode/SharpZipLib,
csharp,homepage,https://github.com/Azure/azure-storage-net,ok,https://github.com/Azure/azure-storage-net,
csharp,homepage,https://github.com/microsoft/testfx,ok,https://github.com/microsoft/testfx,
csharp,homepage,https://github.com/npgsql/efcore.pg,ok,https://github.com/npgsql/efcore.pg,
csharp,homepage,https://github.com/serilog/serilog-sinks-periodicbatching,ok,https://github.com/serilog/serilog-sinks-periodicbatching,
csharp,homepage,https://github.com/dotnet/reactive,ok,https://github.com/dotnet/reactive,
csharp,homepage,https://github.com/dotnet/Open-XML-SDK,ok,https://github.com/dotnet/Open-XML-SDK,
csharp,homepage,https://github.com/Microsoft/Microsoft.IO.RecyclableMemoryStream,ok,https://github.com/Microsoft/Microsoft.IO.RecyclableMemoryStream,
csharp,homepage,https://github.com/Azure/azure-sdk-for-net/blob/Azure.Messaging.ServiceBus_7.20.2/sdk/servicebus/Azure.Messaging.ServiceBus/README.md,ok,https://github.com/Azure/azure-sdk-for-net/blob/Azure.Messaging.ServiceBus_7.20.2/sdk/servicebus/Azure.Messaging.ServiceBus/README.md,
csharp,homepage,https://github.com/adamhathcock/sharpcompress,ok,https://github.com/adamhathcock/sharpcompress,
csharp,homepage,https://github.com/Azure/azure-sdk-for-net/blob/Azure.Core.Amqp_1.3.1/sdk/core/Azure.Core.Amqp/README.md,ok,https://github.com/Azure/azure-sdk-for-net/blob/Azure.Core.Amqp_1.3.1/sdk/core/Azure.Core.Amqp/README.md,
csharp,homepage,https://github.com/grpc/grpc,ok,https://github.com/grpc/grpc,
csharp,homepage,https://github.com/Azure/azure-sdk-for-net/blob/Microsoft.Extensions.Azure_1.14.1/sdk/extensions/Microsoft.Extensions.Azure/README.md,ok,https://github.com/Azure/azure-sdk-for-net/blob/Microsoft.Extensions.Azure_1.14.1/sdk/extensions/Microsoft.Extensions.Azure/README.md,
csharp,homepage,https://github.com/elastic/elasticsearch-net,ok,https://github.com/elastic/elasticsearch-net,
csharp,homepage,https://github.com/moodmosaic/Fare,ok,https://github.com/moodmosaic/Fare,
csharp,homepage,https://github.com/googleapis/gax-dotnet,ok,https://github.com/googleapis/gax-dotnet,
csharp,homepage,https://github.com/mattjohnsonpint/TimeZoneConverter,ok,https://github.com/mattjohnsonpint/TimeZoneConverter,
csharp,homepage,https://github.com/prometheus-net/prometheus-net,ok,https://github.com/prometheus-net/prometheus-net,
csharp,homepage,https://github.com/AutoFixture/AutoFixture,ok,https://github.com/AutoFixture/AutoFixture,
csharp,homepage,https://github.com/MessagePack-CSharp/MessagePack-CSharp,ok,https://github.com/MessagePack-CSharp/MessagePack-CSharp,
csharp,homepage,https://github.com/RicoSuter/Namotion.Reflection,ok,https://github.com/RicoSuter/Namotion.Reflection,
csharp,homepage,https://github.com/SixLabors/ImageSharp,ok,https://github.com/SixLabors/ImageSharp,
csharp,homepage,https://github.com/khellang/Scrutor,ok,https://github.com/khellang/Scrutor,
csharp,homepage,https://github.com/serilog/serilog-enrichers-environment,ok,https://github.com/serilog/serilog-enrichers-environment,
csharp,homepage,https://github.com/dotnet/Scaffolding,ok,https://github.com/dotnet/Scaffolding,
csharp,homepage,https://github.com/Azure/azure-functions-dotnet-worker,ok,https://github.com/Azure/azure-functions-dotnet-worker,
csharp,homepage,https://github.com/aspnet/AspNetKatana,ok,https://github.com/aspnet/AspNetKatana,
csharp,homepage,https://github.com/dotnet/aspnet-api-versioning/wiki,ok,https://github.com/dotnet/aspnet-api-versioning/wiki,wiki enabled
csharp,homepage,https://github.com/Azure/azure-sdk-for-net/blob/Azure.Security.KeyVault.Certificates_4.9.0/sdk/keyvault/Azure.Security.KeyVault.Certificates/README.md,ok,https://github.com/Azure/azure-sdk-for-net/blob/Azure.Security.KeyVault.Certificates_4.9.0/sdk/keyvault/Azure.Security.KeyVault.Certificates/README.md,
csharp,homepage,https://github.com/bchavez/Bogus,ok,https://github.com/bchavez/Bogus,
csharp,homepage,https://github.com/DotNetAnalyzers/StyleCopAnalyzers,ok,https://github.com/DotNetAnalyzers/StyleCopAnalyzers,
csharp,homepage,https://github.com/protobuf-net/protobuf-net,ok,https://github.com/protobuf-net/protobuf-net,
csharp,homepage,https://github.com/confluentinc/confluent-kafka-dotnet/,ok,https://github.com/confluentinc/confluent-kafka-dotnet/,
csharp,homepage,https://github.com/SixLabors/Fonts,ok,https://github.com/SixLabors/Fonts,
csharp,homepage,https://github.com/oleg-st/ZstdSharp,ok,https://github.com/oleg-st/ZstdSharp,
csharp,homepage,https://github.com/confluentinc/librdkafka,ok,https://github.com/confluentinc/librdkafka,
csharp,homepage,https://github.com/commandlineparser/commandline,ok,https://github.com/commandlineparser/commandline,
csharp,homepage,https://github.com/Azure/azure-sdk-for-net,ok,https://github.com/Azure/azure-sdk-for-net,
csharp,homepage,https://github.com/NLog/NLog.Extensions.Logging,ok,https://github.com/NLog/NLog.Extensions.Logging,
csharp,homepage,https://github.com/Azure/azure-webjobs-sdk-extensions,ok,https://github.com/Azure/azure-webjobs-sdk-extensions,
csharp,homepage,https://github.com/Azure/azure-sdk-for-net/blob/Azure.Storage.Queues_12.27.1/sdk/storage/Azure.Storage.Queues/README.md,ok,https://github.com/Azure/azure-sdk-for-net/blob/Azure.Storage.Queues_12.27.1/sdk/storage/Azure.Storage.Queues/README.md,
csharp,homepage,https://github.com/AzureAD/microsoft-identity-web,ok,https://github.com/AzureAD/microsoft-identity-web,
csharp,homepage,https://github.com/Azure/azure-cosmos-dotnet-v3,ok,https://github.com/Azure/azure-cosmos-dotnet-v3,
csharp,homepage,https://github.com/ClosedXML/ClosedXML,ok,https://github.com/ClosedXML/ClosedXML,
csharp,homepage,https://github.com/Azure/azure-sdk-for-net/blob/99f52a3417df5d3023d10997cb20e7499207e976/sdk/keyvault/Microsoft.Azure.KeyVault/README.md,ok,https://github.com/Azure/azure-sdk-for-net/blob/99f52a3417df5d3023d10997cb20e7499207e976/sdk/keyvault/Microsoft.Azure.KeyVault/README.md,
csharp,homepage,https://github.com/Azure/azure-functions-vs-build-sdk,ok,https://github.com/Azure/azure-functions-vs-build-sdk,
csharp,homepage,https://github.com/StephenCleary/Disposables,ok,https://github.com/StephenCleary/Disposables,
csharp,homepage,https://github.com/atifaziz/NCrontab,ok,https://github.com/atifaziz/NCrontab,
csharp,homepage,https://github.com/andersnm/ExcelNumberFormat,ok,https://github.com/andersnm/ExcelNumberFormat,
csharp,homepage,https://github.com/StephenCleary/AsyncEx,ok,https://github.com/StephenCleary/AsyncEx,
csharp,homepage,https://github.com/reactiveui/refit,ok,https://github.com/reactiveui/refit,
csharp,homepage,https://github.com/aws/aws-lambda-dotnet,ok,https://github.com/aws/aws-lambda-dotnet,
csharp,homepage,https://github.com/antlr/antlrcs,ok,https://github.com/antlr/antlrcs,
csharp,homepage,https://github.com/Azure/azure-sdk-for-net/blob/Azure.Extensions.AspNetCore.Configuration.Secrets_1.5.2/sdk/extensions/Azure.Extensions.AspNetCore.Configuration.Secrets/README.md,ok,https://github.com/Azure/azure-sdk-for-net/blob/Azure.Extensions.AspNetCore.Configuration.Secrets_1.5.2/sdk/extensions/Azure.Extensions.AspNetCore.Configuration.Secrets/README.md,
csharp,homepage,https://github.com/aspnet/RoslynCodeDomProvider,ok,https://github.com/aspnet/RoslynCodeDomProvider,
csharp,homepage,https://github.com/NLog/NLog.Web,ok,https://github.com/NLog/NLog.Web,
csharp,homepage,https://github.com/starkbank/ecdsa-dotnet,ok,https://github.com/starkbank/ecdsa-dotnet,
csharp,homepage,https://github.com/Azure/azure-sdk-for-net/blob/Azure.Messaging.EventGrid_5.0.0/sdk/eventgrid/Azure.Messaging.EventGrid/README.md,ok,https://github.com/Azure/azure-sdk-for-net/blob/Azure.Messaging.EventGrid_5.0.0/sdk/eventgrid/Azure.Messaging.EventGrid/README.md,
csharp,homepage,https://github.com/microsoft/FeatureManagement-Dotnet,ok,https://github.com/microsoft/FeatureManagement-Dotnet,
csharp,homepage,https://github.com/Azure/azure-sdk-for-net/blob/Azure.Data.AppConfiguration_1.11.1/sdk/appconfiguration/Azure.Data.AppConfiguration/README.md,ok,https://github.com/Azure/azure-sdk-for-net/blob/Azure.Data.AppConfiguration_1.11.1/sdk/appconfiguration/Azure.Data.AppConfiguration/README.md,
csharp,homepage,https://github.com/microsoft/MSBuildLocator,ok,https://github.com/microsoft/MSBuildLocator,
csharp,homepage,https://github.com/Azure/AppConfiguration,ok,https://github.com/Azure/AppConfiguration,
csharp,homepage,https://github.com/Polly-Contrib/Polly.Contrib.WaitAndRetry,ok,https://github.com/Polly-Contrib/Polly.Contrib.WaitAndRetry,
csharp,homepage,https://github.com/StephenCleary/Deque,ok,https://github.com/StephenCleary/Deque,
csharp,homepage,https://github.com/Xabaril/AspNetCore.Diagnostics.HealthChecks,ok,https://github.com/Xabaril/AspNetCore.Diagnostics.HealthChecks,
csharp,homepage,https://github.com/AzureAD/microsoft-identity-abstractions-for-dotnet,ok,https://github.com/AzureAD/microsoft-identity-abstractions-for-dotnet,
csharp,homepage,https://github.com/nunit/nunit.analyzers,ok,https://github.com/nunit/nunit.analyzers,
csharp,homepage,https://github.com/serilog-contrib/serilog-sinks-applicationinsights,ok,https://github.com/serilog-contrib/serilog-sinks-applicationinsights,
csharp,homepage,https://github.com/Azure/azure-sdk-for-net/blob/Microsoft.Azure.ServiceBus_5.2.0/sdk/servicebus/Microsoft.Azure.ServiceBus/README.md,ok,https://github.com/Azure/azure-sdk-for-net/blob/Microsoft.Azure.ServiceBus_5.2.0/sdk/servicebus/Microsoft.Azure.ServiceBus/README.md,
csharp,homepage,https://github.com/sshnet/Cryptography/,ok,https://github.com/sshnet/Cryptography/,
csharp,homepage,https://github.com/dotnet/symreader,ok,https://github.com/dotnet/symreader,
csharp,homepage,https://github.com/serilog/serilog-expressions,ok,https://github.com/serilog/serilog-expressions,
csharp,homepage,https://github.com/serilog/serilog-sinks-seq,ok,https://github.com/serilog/serilog-sinks-seq,
csharp,homepage,https://github.com/kubernetes-client/csharp,ok,https://github.com/kubernetes-client/csharp,
csharp,homepage,https://github.com/VerifyTests/DiffEngine,ok,https://github.com/VerifyTests/DiffEngine,
csharp,homepage,https://github.com/TestableIO/System.IO.Abstractions,ok,https://github.com/TestableIO/System.IO.Abstractions,
csharp,homepage,https://github.com/VerifyTests/EmptyFiles,ok,https://github.com/VerifyTests/EmptyFiles,
csharp,homepage,https://github.com/MiloszKrajewski/K4os.Compression.LZ4,ok,https://github.com/MiloszKrajewski/K4os.Compression.LZ4,
csharp,homepage,https://github.com/davidebbo/WebActivator,ok,https://github.com/davidebbo/WebActivator,
csharp,homepage,https://github.com/Azure/azure-sdk-for-net/blob/Azure.Data.Tables_12.12.0/sdk/tables/Azure.Data.Tables/README.md,ok,https://github.com/Azure/azure-sdk-for-net/blob/Azure.Data.Tables_12.12.0/sdk/tables/Azure.Data.Tables/README.md,
csharp,homepage,https://github.com/manuc66/JsonSubTypes,ok,https://github.com/manuc66/JsonSubTypes,
csharp,homepage,https://github.com/Microsoft/dotnet/tree/master/releases/reference-assemblies,ok,https://github.com/Microsoft/dotnet/tree/main/releases/reference-assemblies,
csharp,homepage,https://github.com/PomeloFoundation/Pomelo.EntityFrameworkCore.MySql,ok,https://github.com/PomeloFoundation/Pomelo.EntityFrameworkCore.MySql,
csharp,homepage,https://github.com/twilio/twilio-csharp,ok,https://github.com/twilio/twilio-csharp,
csharp,homepage,https://github.com/serilog-contrib/serilog-sinks-elasticsearch,ok,https://github.com/serilog-contrib/serilog-sinks-elasticsearch,
csharp,homepage,https://github.com/danm-de/Fractions,ok,https://github.com/danm-de/Fractions,
csharp,homepage,https://github.com/dotnet/fsharp,ok,https://github.com/dotnet/fsharp,
csharp,homepage,https://github.com/mganss/HtmlSanitizer,ok,https://github.com/mganss/HtmlSanitizer,
csharp,homepage,https://github.com/google/google-api-dotnet-client,ok,https://github.com/google/google-api-dotnet-client,
csharp,homepage,https://github.com/GitTools/GitVersion,ok,https://github.com/GitTools/GitVersion,
csharp,homepage,https://github.com/unitycontainer/unity,ok,https://github.com/unitycontainer/unity,
csharp,homepage,https://github.com/Handlebars-Net,ok,https://github.com/Handlebars-Net,
csharp,homepage,https://github.com/dotnet/dotnet,ok,https://github.com/dotnet/dotnet,
csharp,homepage,https://github.com/Microsoft/perfview,ok,https://github.com/Microsoft/perfview,
csharp,homepage,https://github.com/mattfrear/Swashbuckle.AspNetCore.Filters,ok,https://github.com/mattfrear/Swashbuckle.AspNetCore.Filters,
csharp,homepage,https://github.com/Azure/azure-sdk-for-net/blob/Azure.Security.KeyVault.Keys_4.10.0/sdk/keyvault/Azure.Security.KeyVault.Keys/README.md,ok,https://github.com/Azure/azure-sdk-for-net/blob/Azure.Security.KeyVault.Keys_4.10.0/sdk/keyvault/Azure.Security.KeyVault.Keys/README.md,
csharp,homepage,https://github.com/googleapis/google-cloud-dotnet,ok,https://github.com/googleapis/google-cloud-dotnet,
csharp,homepage,https://github.com/danielpalme/ReportGenerator,ok,https://github.com/danielpalme/ReportGenerator,
csharp,homepage,https://github.com/dotnet/diagnostics,ok,https://github.com/dotnet/diagnostics,
csharp,homepage,https://github.com/Microsoft/vs-validation,ok,https://github.com/Microsoft/vs-validation,
csharp,homepage,https://github.com/newrelic/newrelic-dotnet-agent,ok,https://github.com/newrelic/newrelic-dotnet-agent,
csharp,homepage,https://github.com/aspnet/AspNetIdentity,ok,https://github.com/aspnet/AspNetIdentity,
csharp,homepage,https://github.com/ExcelDataReader/ExcelDataReader,ok,https://github.com/ExcelDataReader/ExcelDataReader,
csharp,homepage,https://github.com/unitycontainer/commonservicelocator,ok,https://github.com/unitycontainer/commonservicelocator,
csharp,homepage,https://github.com/spekt/testlogger,ok,https://github.com/spekt/testlogger,
csharp,homepage,https://github.com/jbevain/cecil/,ok,https://github.com/jbevain/cecil/,
csharp,homepage,https://github.com/twcclegg/libphonenumber-csharp,ok,https://github.com/twcclegg/libphonenumber-csharp,
csharp,homepage,https://github.com/Azure/azure-sdk-for-net/blob/Azure.Messaging.EventHubs_5.12.2/sdk/eventhub/Azure.Messaging.EventHubs/README.md,ok,https://github.com/Azure/azure-sdk-for-net/blob/Azure.Messaging.EventHubs_5.12.2/sdk/eventhub/Azure.Messaging.EventHubs/README.md,
csharp,homepage,https://github.com/RicoSuter/NSwag,ok,https://github.com/RicoSuter/NSwag,
csharp,homepage,https://github.com/cucumber/gherkin,ok,https://github.com/cucumber/gherkin,
csharp,homepage,https://github.com/MiloszKrajewski/K4os.Hash.xxHash,ok,https://github.com/MiloszKrajewski/K4os.Hash.xxHash,
csharp,homepage,https://github.com/stripe/stripe-dotnet,ok,https://github.com/stripe/stripe-dotnet,
csharp,homepage,https://github.com/chrishaly/bc-csharp,ok,https://github.com/chrishaly/bc-csharp,
csharp,homepage,https://github.com/dotnet/command-line-api,ok,https://github.com/dotnet/command-line-api,
csharp,homepage,https://github.com/launchdarkly/dotnet-eventsource,ok,https://github.com/launchdarkly/dotnet-eventsource,
csharp,homepage,https://github.com/json-everything/json-everything,ok,https://github.com/json-everything/json-everything,
csharp,homepage,https://github.com/benaadams/Ben.Demystifier,ok,https://github.com/benaadams/Ben.Demystifier,
csharp,homepage,https://github.com/jwt-dotnet/jwt,ok,https://github.com/jwt-dotnet/jwt,
csharp,homepage,https://github.com/Fody/Fody,ok,https://github.com/Fody/Fody,
csharp,homepage,https://github.com/NetTopologySuite/NetTopologySuite.IO.SqlServerBytes,ok,https://github.com/NetTopologySuite/NetTopologySuite.IO.SqlServerBytes,
csharp,homepage,https://github.com/Azure/azure-sdk-for-net/blob/Microsoft.Azure.WebJobs.Extensions.ServiceBus_5.17.0/sdk/servicebus/Microsoft.Azure.WebJobs.Extensions.ServiceBus/README.md,ok,https://github.com/Azure/azure-sdk-for-net/blob/Microsoft.Azure.WebJobs.Extensions.ServiceBus_5.17.0/sdk/servicebus/Microsoft.Azure.WebJobs.Extensions.ServiceBus/README.md,
csharp,homepage,https://github.com/Microsoft/clrmd,ok,https://github.com/Microsoft/clrmd,
csharp,homepage,https://github.com/dotnet/sdk,ok,https://github.com/dotnet/sdk,
csharp,homepage,https://github.com/domaindrivendev/Swashbuckle,ok,https://github.com/domaindrivendev/Swashbuckle,
csharp,homepage,https://github.com/ServiceStack/ServiceStack,ok,https://github.com/ServiceStack/ServiceStack,
csharp,homepage,https://github.com/StackExchange/StackExchange.Redis/,ok,https://github.com/StackExchange/StackExchange.Redis/,
csharp,homepage,https://github.com/scottksmith95/LINQKit,ok,https://github.com/scottksmith95/LINQKit,
csharp,homepage,https://github.com/OData/AspNetCoreOData,ok,https://github.com/OData/AspNetCoreOData,
csharp,homepage,https://github.com/jsakamoto/nupkg-selenium-webdriver-chromedriver/,ok,https://github.com/jsakamoto/nupkg-selenium-webdriver-chromedriver/,
csharp,homepage,https://github.com/nhibernate/iesi.collections,ok,https://github.com/nhibernate/iesi.collections,
csharp,homepage,https://github.com/Azure/azure-sdk-for-net/blob/Azure.ResourceManager_1.14.0/sdk/resourcemanager/Azure.ResourceManager/README.md,ok,https://github.com/Azure/azure-sdk-for-net/blob/Azure.ResourceManager_1.14.0/sdk/resourcemanager/Azure.ResourceManager/README.md,
csharp,homepage,https://github.com/launchdarkly/dotnet-core,ok,https://github.com/launchdarkly/dotnet-core,
csharp,homepage,https://github.com/Azure/azure-sdk-for-net/blob/Azure.Monitor.OpenTelemetry.Exporter_1.8.3/sdk/monitor/Azure.Monitor.OpenTelemetry.Exporter/README.md,ok,https://github.com/Azure/azure-sdk-for-net/blob/Azure.Monitor.OpenTelemetry.Exporter_1.8.3/sdk/monitor/Azure.Monitor.OpenTelemetry.Exporter/README.md,
csharp,homepage,https://github.com/jbest84/NUglify,ok,https://github.com/jbest84/NUglify,
csharp,homepage,https://github.com/dotnet/BenchmarkDotNet,ok,https://github.com/dotnet/BenchmarkDotNet,
csharp,homepage,https://github.com/MapsterMapper/Mapster,ok,https://github.com/MapsterMapper/Mapster,
csharp,homepage,https://github.com/AndreyAkinshin/perfolizer,ok,https://github.com/AndreyAkinshin/perfolizer,
csharp,homepage,https://github.com/dotnet/yarp,ok,https://github.com/dotnet/yarp,
csharp,homepage,https://github.com/dotnet/roslyn-analyzers,ok,https://github.com/dotnet/roslyn-analyzers,
csharp,homepage,https://github.com/octokit/octokit.net,ok,https://github.com/octokit/octokit.net,
csharp,homepage,https://github.com/haf/DotNetZip.Semverd,ok,https://github.com/haf/DotNetZip.Semverd,
csharp,homepage,https://github.com/dvsekhvalnov/jose-jwt,ok,https://github.com/dvsekhvalnov/jose-jwt,
csharp,homepage,https://github.com/Azure/azure-sdk-for-net/blob/Azure.Storage.Files.Shares_12.27.1/sdk/storage/Azure.Storage.Files.Shares/README.md,ok,https://github.com/Azure/azure-sdk-for-net/blob/Azure.Storage.Files.Shares_12.27.1/sdk/storage/Azure.Storage.Files.Shares/README.md,
csharp,homepage,https://github.com/microsoft/microsoft-ui-xaml,ok,https://github.com/microsoft/microsoft-ui-xaml,
csharp,homepage,https://github.com/madelson/DistributedLock,ok,https://github.com/madelson/DistributedLock,
csharp,homepage,https://github.com/WalkerCodeRanger/semver,ok,https://github.com/WalkerCodeRanger/semver,
csharp,homepage,https://github.com/mcintyre321/OneOf/,ok,https://github.com/mcintyre321/OneOf/,
csharp,homepage,https://github.com/icedland/iced,ok,https://github.com/icedland/iced,
csharp,homepage,https://github.com/microsoft/vs-solutionpersistence,ok,https://github.com/microsoft/vs-solutionpersistence,
csharp,homepage,https://github.com/openai/openai-dotnet/tree/OpenAI_2.13.0,ok,https://github.com/openai/openai-dotnet/tree/OpenAI_2.13.0,
csharp,homepage,https://github.com/HangfireIO/Cronos,ok,https://github.com/HangfireIO/Cronos,
csharp,homepage,https://github.com/scottjehl/Respond,ok,https://github.com/scottjehl/Respond,
csharp,homepage,https://github.com/mgravell/fast-member,ok,https://github.com/mgravell/fast-member,
csharp,homepage,https://github.com/microsoft/playwright-dotnet,ok,https://github.com/microsoft/playwright-dotnet,
csharp,homepage,https://github.com/BcryptNet/bcrypt.net,ok,https://github.com/BcryptNet/bcrypt.net,
csharp,homepage,https://github.com/AArnott/Xunit.SkippableFact,ok,https://github.com/AArnott/Xunit.SkippableFact,
csharp,homepage,https://github.com/alastairtree/LazyCache,ok,https://github.com/alastairtree/LazyCache,
csharp,homepage,https://github.com/dlemstra/Magick.NET,ok,https://github.com/dlemstra/Magick.NET,
csharp,homepage,https://github.com/robinrodricks/FluentFTP,ok,https://github.com/robinrodricks/FluentFTP,
csharp,homepage,https://github.com/Handlebars-Net/Handlebars.Net.Helpers,ok,https://github.com/Handlebars-Net/Handlebars.Net.Helpers,
csharp,homepage,https://github.com/Azure/azure-sdk-for-net/blob/Microsoft.Azure.WebJobs.Extensions.Storage_5.3.8/sdk/storage/Microsoft.Azure.WebJobs.Extensions.Storage/README.md,ok,https://github.com/Azure/azure-sdk-for-net/blob/Microsoft.Azure.WebJobs.Extensions.Storage_5.3.8/sdk/storage/Microsoft.Azure.WebJobs.Extensions.Storage/README.md,
csharp,homepage,https://github.com/spectreconsole/spectre.console,ok,https://github.com/spectreconsole/spectre.console,
csharp,homepage,https://github.com/ericsink/SQLitePCL.raw,ok,https://github.com/ericsink/SQLitePCL.raw,
csharp,homepage,https://github.com/OData/ModelBuilder,ok,https://github.com/OData/ModelBuilder,
csharp,homepage,https://github.com/neuecc/Utf8Json/,ok,https://github.com/neuecc/Utf8Json/,
csharp,homepage,https://github.com/SixLabors/ImageSharp.Drawing,ok,https://github.com/SixLabors/ImageSharp.Drawing,
csharp,homepage,https://github.com/serilog/serilog-sinks-opentelemetry,ok,https://github.com/serilog/serilog-sinks-opentelemetry,
csharp,homepage,https://github.com/wiremock/WireMock.Net,ok,https://github.com/wiremock/WireMock.Net,
csharp,homepage,https://github.com/cucumber/messages,ok,https://github.com/cucumber/messages,
csharp,homepage,https://github.com/Azure/azure-sdk-for-net/blob/Azure.AI.OpenAI_2.1.0/sdk/openai/Azure.AI.OpenAI/README.md,ok,https://github.com/Azure/azure-sdk-for-net/blob/Azure.AI.OpenAI_2.1.0/sdk/openai/Azure.AI.OpenAI/README.md,
csharp,homepage,https://github.com/fluentmigrator/fluentmigrator/wiki,not_found,https://github.com/fluentmigrator/fluentmigrator/wiki,wiki disabled
csharp,homepage,https://github.com/JSkimming/Castle.Core.AsyncInterceptor,ok,https://github.com/JSkimming/Castle.Core.AsyncInterceptor,
csharp,homepage,https://github.com/ardalis/guardclauses,ok,https://github.com/ardalis/guardclauses,
csharp,homepage,https://github.com/micjahn/ZXing.Net/,ok,https://github.com/micjahn/ZXing.Net/,
csharp,homepage,https://github.com/jmespath-community/csharp-jmespath,ok,https://github.com/jmespath-community/csharp-jmespath,
csharp,homepage,https://github.com/9ee1/Capstone.NET,ok,https://github.com/9ee1/Capstone.NET,
csharp,homepage,https://github.com/Azure/azure-sdk-for-net/blob/Azure.Extensions.AspNetCore.DataProtection.Blobs_1.5.4/sdk/extensions/Azure.Extensions.AspNetCore.DataProtection.Blobs/README.md,ok,https://github.com/Azure/azure-sdk-for-net/blob/Azure.Extensions.AspNetCore.DataProtection.Blobs_1.5.4/sdk/extensions/Azure.Extensions.AspNetCore.DataProtection.Blobs/README.md,
csharp,homepage,https://github.com/serilog/serilog-formatting-compact-reader,ok,https://github.com/serilog/serilog-formatting-compact-reader,
csharp,homepage,https://github.com/Azure/azure-libraries-for-net,ok,https://github.com/Azure/azure-libraries-for-net,
csharp,homepage,https://github.com/stefanprodan/AspNetCoreRateLimit,ok,https://github.com/stefanprodan/AspNetCoreRateLimit,
csharp,homepage,https://github.com/sebastienros/fluid,ok,https://github.com/sebastienros/fluid,
csharp,homepage,https://github.com/serilog/serilog-settings-appsettings,ok,https://github.com/serilog/serilog-settings-appsettings,
csharp,homepage,https://github.com/ua-parser/uap-csharp,ok,https://github.com/ua-parser/uap-csharp,
csharp,homepage,https://github.com/Azure/azure-sdk-for-net/blob/Azure.Search.Documents_12.0.0/sdk/search/Azure.Search.Documents/README.md,ok,https://github.com/Azure/azure-sdk-for-net/blob/Azure.Search.Documents_12.0.0/sdk/search/Azure.Search.Documents/README.md,
csharp,homepage,https://github.com/datalust/superpower,ok,https://github.com/datalust/superpower,
csharp,homepage,https://github.com/ekmsystems/serilog-enrichers-correlation-id,ok,https://github.com/ekmsystems/serilog-enrichers-correlation-id,
csharp,homepage,https://github.com/JetBrains/teamcity-event-listener,ok,https://github.com/JetBrains/teamcity-event-listener,
csharp,homepage,https://github.com/ZiggyCreatures/FusionCache,ok,https://github.com/ZiggyCreatures/FusionCache,
csharp,homepage,https://github.com/antlr/antlr4,ok,https://github.com/antlr/antlr4,
csharp,homepage,https://github.com/rajanadar/VaultSharp,ok,https://github.com/rajanadar/VaultSharp,
csharp,homepage,https://github.com/PowerShell/PowerShell,ok,https://github.com/PowerShell/PowerShell,
csharp,homepage,https://github.com/mmanela/diffplex/,ok,https://github.com/mmanela/diffplex/,
csharp,homepage,https://github.com/djluck/prometheus-net.DotNetRuntime,ok,https://github.com/djluck/prometheus-net.DotNetRuntime,
csharp,homepage,https://github.com/reactiveui/splat/,ok,https://github.com/reactiveui/splat/,
csharp,homepage,https://github.com/kspearrin/Otp.NET,ok,https://github.com/kspearrin/Otp.NET,
csharp,homepage,https://github.com/duendesoftware/foss,ok,https://github.com/duendesoftware/foss,
csharp,homepage,https://github.com/AutoMapper/Automapper.Collection,ok,https://github.com/AutoMapper/Automapper.Collection,
csharp,homepage,https://github.com/AArnott/Nerdbank.Streams,ok,https://github.com/dotnet/Nerdbank.Streams,
csharp,homepage,https://github.com/hardkoded/puppeteer-sharp,ok,https://github.com/hardkoded/puppeteer-sharp,
csharp,homepage,https://github.com/Microsoft/XamlBehaviorsWpf,ok,https://github.com/Microsoft/XamlBehaviorsWpf,
csharp,homepage,https://github.com/Azure/azure-sdk-for-net/blob/Microsoft.Azure.EventHubs_4.3.2/sdk/eventhub/Microsoft.Azure.EventHubs/README.md,ok,https://github.com/Azure/azure-sdk-for-net/blob/Microsoft.Azure.EventHubs_4.3.2/sdk/eventhub/Microsoft.Azure.EventHubs/README.md,
csharp,homepage,https://github.com/Azure/azure-sdk-for-net/blob/Microsoft.Azure.Core.NewtonsoftJson_2.0.0/sdk/core/Microsoft.Azure.Core.NewtonsoftJson/README.md,ok,https://github.com/Azure/azure-sdk-for-net/blob/Microsoft.Azure.Core.NewtonsoftJson_2.0.0/sdk/core/Microsoft.Azure.Core.NewtonsoftJson/README.md,
csharp,homepage,https://github.com/snowflakedb/snowflake-connector-net,ok,https://github.com/snowflakedb/snowflake-connector-net,
csharp,homepage,https://github.com/PrismLibrary/Prism,ok,https://github.com/PrismLibrary/Prism,
csharp,homepage,https://github.com/ical-org/ical.net,ok,https://github.com/ical-org/ical.net,
csharp,homepage,https://github.com/force-net/Crc32.NET,ok,https://github.com/force-net/Crc32.NET,
csharp,homepage,https://github.com/nsubstitute/NSubstitute.Analyzers,ok,https://github.com/nsubstitute/NSubstitute.Analyzers,
csharp,homepage,https://github.com/Azure/azure-sdk-for-net/blob/Azure.Extensions.AspNetCore.DataProtection.Keys_1.6.4/sdk/extensions/Azure.Extensions.AspNetCore.DataProtection.Keys/README.md,ok,https://github.com/Azure/azure-sdk-for-net/blob/Azure.Extensions.AspNetCore.DataProtection.Keys_1.6.4/sdk/extensions/Azure.Extensions.AspNetCore.DataProtection.Keys/README.md,
csharp,homepage,https://github.com/lduchosal/ipnetwork,ok,https://github.com/lduchosal/ipnetwork,
csharp,homepage,https://github.com/ekonbenefits/impromptu-interface,ok,https://github.com/ekonbenefits/impromptu-interface,
csharp,homepage,https://github.com/dotnet/MQTTnet,ok,https://github.com/dotnet/MQTTnet,
csharp,homepage,https://github.com/mono/mono.posix,ok,https://github.com/mono/mono.posix,
csharp,homepage,https://github.com/sebastienros/jint,ok,https://github.com/sebastienros/jint,
csharp,homepage,https://github.com/nhibernate/fluent-nhibernate,ok,https://github.com/nhibernate/fluent-nhibernate,
csharp,homepage,https://github.com/maxmind/GeoIP2-dotnet,ok,https://github.com/maxmind/GeoIP2-dotnet,
csharp,homepage,https://github.com/serilog/serilog-extensions-logging-file,ok,https://github.com/serilog/serilog-extensions-logging-file,
csharp,homepage,https://github.com/dotnet/orleans,ok,https://github.com/dotnet/orleans,
csharp,homepage,https://github.com/libgit2/libgit2sharp/,ok,https://github.com/libgit2/libgit2sharp/,
csharp,homepage,https://github.com/minio/minio-dotnet,ok,https://github.com/minio/minio-dotnet,
csharp,homepage,https://github.com/perrich/Hangfire.MemoryStorage,ok,https://github.com/perrich/Hangfire.MemoryStorage,
csharp,homepage,https://github.com/UglyToad/PdfPig,ok,https://github.com/UglyToad/PdfPig,
csharp,homepage,https://github.com/PowerShell/PowerShell-Native,ok,https://github.com/PowerShell/PowerShell-Native,
csharp,homepage,https://github.com/jsakamoto/ipaddressrange/,ok,https://github.com/jsakamoto/ipaddressrange/,
csharp,homepage,https://github.com/msgpack/msgpack-cli,ok,https://github.com/msgpack/msgpack-cli,
csharp,homepage,https://github.com/duendesoftware/products,ok,https://github.com/duendesoftware/products,
csharp,homepage,https://github.com/natemcmaster/CommandLineUtils,ok,https://github.com/natemcmaster/CommandLineUtils,
csharp,homepage,https://github.com/dotnet/xdt,ok,https://github.com/dotnet/xdt,
csharp,homepage,https://github.com/ardalis/SmartEnum,ok,https://github.com/ardalis/SmartEnum,
csharp,homepage,https://github.com/CommunityToolkit/dotnet,ok,https://github.com/CommunityToolkit/dotnet,
csharp,homepage,https://github.com/Fody/PropertyChanged,ok,https://github.com/Fody/PropertyChanged,
csharp,homepage,https://github.com/Azure/azure-iot-sdk-csharp,ok,https://github.com/Azure/azure-iot-sdk-csharp,
csharp,homepage,https://github.com/serilog/serilog-filters-expressions,ok,https://github.com/serilog/serilog-filters-expressions,
csharp,homepage,https://github.com/microsoft/aspire,ok,https://github.com/microsoft/aspire,
csharp,homepage,https://github.com/microsoft/windowsappsdk,ok,https://github.com/microsoft/windowsappsdk,
csharp,homepage,https://github.com/zone117x/MimeMapping,ok,https://github.com/zone117x/MimeMapping,
csharp,homepage,https://github.com/Azure/azure-sdk-for-net/blob/Azure.Messaging.EventHubs.Processor_5.12.2/sdk/eventhub/Azure.Messaging.EventHubs.Processor/README.md,ok,https://github.com/Azure/azure-sdk-for-net/blob/Azure.Messaging.EventHubs.Processor_5.12.2/sdk/eventhub/Azure.Messaging.EventHubs.Processor/README.md,
csharp,homepage,https://github.com/Azure/azure-sdk-for-net/blob/Azure.Messaging.EventGrid.SystemEvents_1.1.0/sdk/eventgrid/Azure.Messaging.EventGrid.SystemEvents/README.md,ok,https://github.com/Azure/azure-sdk-for-net/blob/Azure.Messaging.EventGrid.SystemEvents_1.1.0/sdk/eventgrid/Azure.Messaging.EventGrid.SystemEvents/README.md,
csharp,homepage,https://github.com/aws/aws-secretsmanager-caching-net,ok,https://github.com/aws/aws-secretsmanager-caching-net,
csharp,homepage,https://github.com/Cysharp/ZString,ok,https://github.com/Cysharp/ZString,
csharp,homepage,https://github.com/Tyrrrz/CliWrap,ok,https://github.com/Tyrrrz/CliWrap,
csharp,homepage,https://github.com/praeclarum/sqlite-net,ok,https://github.com/praeclarum/sqlite-net,
csharp,homepage,https://github.com/semihokur/AsyncFixer,ok,https://github.com/semihokur/AsyncFixer,
csharp,homepage,https://github.com/Microsoft/vs-mef,ok,https://github.com/Microsoft/vs-mef,
csharp,homepage,https://github.com/dsplaisted/strongnamer,ok,https://github.com/dsplaisted/strongnamer,
csharp,homepage,https://github.com/meziantou/Meziantou.Analyzer,ok,https://github.com/meziantou/Meziantou.Analyzer,
csharp,homepage,https://github.com/Shazwazza/Examine,ok,https://github.com/Shazwazza/Examine,
csharp,homepage,https://github.com/Http-Multipart-Data-Parser/Http-Multipart-Data-Parser,ok,https://github.com/Http-Multipart-Data-Parser/HttpMultipartParser,
csharp,homepage,https://github.com/TylerBrinks/ExCSS,ok,https://github.com/TylerBrinks/ExCSS,
csharp,homepage,https://github.com/VerifyTests/Verify,ok,https://github.com/VerifyTests/Verify,
csharp,homepage,https://github.com/reactiveui/DynamicData,ok,https://github.com/reactiveui/DynamicData,
csharp,homepage,https://github.com/PowerShell/MarkdownRender,ok,https://github.com/PowerShell/MarkdownRender,
csharp,homepage,https://github.com/omar/ByteSize,ok,https://github.com/omar/ByteSize,
csharp,homepage,https://github.com/Azure/azure-sdk-for-net/blob/Azure.Storage.Files.DataLake_12.27.1/sdk/storage/Azure.Storage.Files.DataLake/README.md,ok,https://github.com/Azure/azure-sdk-for-net/blob/Azure.Storage.Files.DataLake_12.27.1/sdk/storage/Azure.Storage.Files.DataLake/README.md,
csharp,homepage,https://github.com/JetBrains/TeamCity.VSTest.TestAdapter,ok,https://github.com/JetBrains/TeamCity.VSTest.TestAdapter,
csharp,homepage,https://github.com/pengweiqhca/Xunit.DependencyInjection/tree/main/src/Xunit.DependencyInjection,ok,https://github.com/pengweiqhca/Xunit.DependencyInjection/tree/main/src/Xunit.DependencyInjection,
csharp,homepage,https://github.com/dotnet/razor,ok,https://github.com/dotnet/razor,
csharp,homepage,https://github.com/protobuf-net/protobuf-net.Grpc,ok,https://github.com/protobuf-net/protobuf-net.Grpc,
csharp,homepage,https://github.com/jamesmontemagno/PermissionsPlugin,ok,https://github.com/jamesmontemagno/PermissionsPlugin,
csharp,homepage,https://github.com/MarkCiliaVincenti/AsyncKeyedLock,ok,https://github.com/MarkCiliaVincenti/AsyncKeyedLock,
csharp,homepage,https://github.com/aritchie/userdialogs,ok,https://github.com/aritchie/userdialogs,
csharp,homepage,https://github.com/jamesmontemagno/MediaPlugin,ok,https://github.com/jamesmontemagno/MediaPlugin,
csharp,homepage,https://github.com/schotime/NPoco,ok,https://github.com/schotime/NPoco,
csharp,homepage,https://github.com/CopyText/TextCopy,ok,https://github.com/CopyText/TextCopy,
csharp,homepage,https://github.com/nblumhardt/serilog-timings,ok,https://github.com/nblumhardt/serilog-timings,
csharp,homepage,https://github.com/GeoJSON-Net/GeoJSON.Net,ok,https://github.com/GeoJSON-Net/GeoJSON.Net,
csharp,homepage,https://github.com/serilog/serilog-sinks-map,ok,https://github.com/serilog/serilog-sinks-map,
csharp,homepage,https://github.com/dadhi/DryIoc,ok,https://github.com/dadhi/DryIoc,
csharp,homepage,https://github.com/AwesomeAssertions/AwesomeAssertions,ok,https://github.com/AwesomeAssertions/AwesomeAssertions,
csharp,homepage,https://github.com/nbuilder/nbuilder/wiki,ok,https://github.com/nbuilder/nbuilder/wiki,wiki enabled
csharp,homepage,https://github.com/Azure/azure-sdk-for-net/blob/Azure.Provisioning_1.6.0/sdk/provisioning/Azure.Provisioning/README.md,ok,https://github.com/Azure/azure-sdk-for-net/blob/Azure.Provisioning_1.6.0/sdk/provisioning/Azure.Provisioning/README.md,
csharp,homepage,https://github.com/SixLabors/ImageSharp.Web,ok,https://github.com/SixLabors/ImageSharp.Web,
csharp,homepage,https://github.com/NuGet/NuGet2,ok,https://github.com/NuGet/NuGet2,
csharp,homepage,https://github.com/ardalis/specification,ok,https://github.com/ardalis/specification,
csharp,homepage,https://github.com/dazinator/DotNet.Glob,ok,https://github.com/dazinator/DotNet.Glob,
csharp,homepage,https://github.com/jamesfoster/DeepEqual,ok,https://github.com/jamesfoster/DeepEqual,
csharp,homepage,https://github.com/Microsoft/ClearScript,ok,https://github.com/ClearFoundry/ClearScript,
csharp,homepage,https://github.com/adamralph/minver,ok,https://github.com/adamralph/minver,
csharp,homepage,https://github.com/Suchiman/SerilogAnalyzer,ok,https://github.com/Suchiman/SerilogAnalyzer,
csharp,homepage,https://github.com/khellang/MimeTypes,ok,https://github.com/khellang/MimeTypes,
csharp,homepage,https://github.com/cake-contrib/Cake.FileHelpers,ok,https://github.com/cake-contrib/Cake.FileHelpers,
csharp,homepage,https://github.com/xamarin/AndroidSupportComponents/,ok,https://github.com/xamarin/AndroidSupportComponents/,
csharp,homepage,https://github.com/hey-red/Markdown,ok,https://github.com/hey-red/Markdown,
csharp,homepage,https://github.com/Microsoft/dotnet/blob/master/releases/UWP/README.md,ok,https://github.com/Microsoft/dotnet/blob/main/releases/UWP/README.md,
csharp,homepage,https://github.com/Tyrrrz/GitHubActionsTestLogger,ok,https://github.com/Tyrrrz/GitHubActionsTestLogger,
csharp,homepage,https://github.com/datastax/csharp-driver,ok,https://github.com/datastax/csharp-driver,
csharp,homepage,https://github.com/serilog-contrib/serilog-sinks-graylog,ok,https://github.com/serilog-contrib/serilog-sinks-graylog,
csharp,homepage,https://github.com/xceedsoftware/wpftoolkit,ok,https://github.com/xceedsoftware/wpftoolkit,
csharp,homepage,https://github.com/getsentry/raven-csharp,ok,https://github.com/getsentry/raven-csharp,
csharp,homepage,https://github.com/dotnet/roslyn-sdk,ok,https://github.com/dotnet/roslyn-sdk,
csharp,homepage,https://github.com/bradymholt/cron-expression-descriptor,ok,https://github.com/bradymholt/cron-expression-descriptor,
csharp,homepage,https://github.com/reactiveui/akavache/,ok,https://github.com/reactiveui/akavache/,
csharp,homepage,https://github.com/fluentassertions/fluentassertions.analyzers,ok,https://github.com/fluentassertions/fluentassertions.analyzers,
csharp,homepage,https://github.com/JakeBayer/FuzzySharp,ok,https://github.com/JakeBayer/FuzzySharp,
csharp,homepage,https://github.com/Azure/azure-sdk-for-net/blob/Azure.ResourceManager.Resources_1.11.2/sdk/resources/Azure.ResourceManager.Resources/README.md,ok,https://github.com/Azure/azure-sdk-for-net/blob/Azure.ResourceManager.Resources_1.11.2/sdk/resources/Azure.ResourceManager.Resources/README.md,
csharp,homepage,https://github.com/oriches/faker-cs,ok,https://github.com/oriches/faker-cs,
csharp,homepage,https://github.com/dotnet/upgrade-assistant,ok,https://github.com/dotnet/upgrade-assistant,
csharp,homepage,https://github.com/Microsoft/botbuilder-dotnet,ok,https://github.com/Microsoft/botbuilder-dotnet,
csharp,homepage,https://github.com/wieslawsoltes/Svg.Skia,ok,https://github.com/wieslawsoltes/Svg.Skia,
csharp,homepage,https://github.com/volosoft/castle-windsor-ms-adapter,ok,https://github.com/volosoft/castle-windsor-ms-adapter,
csharp,homepage,https://github.com/Azure/azure-sdk-for-net/blob/Azure.Communication.Email_1.1.0/sdk/communication/Azure.Communication.Email/README.md,ok,https://github.com/Azure/azure-sdk-for-net/blob/Azure.Communication.Email_1.1.0/sdk/communication/Azure.Communication.Email/README.md,
csharp,homepage,https://github.com/HangfireIO/Hangfire.InMemory,ok,https://github.com/HangfireIO/Hangfire.InMemory,
csharp,homepage,https://github.com/Azure/azure-sdk-for-net/blob/Azure.Storage.Blobs.Batch_12.26.0/sdk/storage/Azure.Storage.Blobs.Batch/README.md,ok,https://github.com/Azure/azure-sdk-for-net/blob/Azure.Storage.Blobs.Batch_12.26.0/sdk/storage/Azure.Storage.Blobs.Batch/README.md,
csharp,homepage,https://github.com/buunguyen/fasterflect,ok,https://github.com/buunguyen/fasterflect,
csharp,homepage,https://github.com/Fody/ConfigureAwait,ok,https://github.com/Fody/ConfigureAwait,
csharp,homepage,https://github.com/bugsnag/bugsnag-dotnet,ok,https://github.com/bugsnag/bugsnag-dotnet,
csharp,homepage,https://github.com/Microsoft/onnxruntime,ok,https://github.com/Microsoft/onnxruntime,
csharp,homepage,https://github.com/MahApps/MahApps.Metro,ok,https://github.com/MahApps/MahApps.Metro,
csharp,homepage,https://github.com/braintree/braintree_dotnet,ok,https://github.com/braintree/braintree_dotnet,
csharp,homepage,https://github.com/ligershark/WebOptimizer,ok,https://github.com/ligershark/WebOptimizer,
csharp,homepage,https://github.com/opentk/opentk,ok,https://github.com/opentk/opentk,
csharp,homepage,https://github.com/VahidN/EPPlus.Core,ok,https://github.com/VahidN/EPPlus.Core,
csharp,homepage,https://github.com/samuelneff/MimeTypeMap,ok,https://github.com/samuelneff/MimeTypeMap,
csharp,homepage,https://github.com/martincostello/xunit-logging,ok,https://github.com/martincostello/xunit-logging,
csharp,homepage,https://github.com/spectreconsole/spectre.console.cli,ok,https://github.com/spectreconsole/spectre.console.cli,
csharp,homepage,https://github.com/BrandonPotter/GoogleAuthenticator,ok,https://github.com/BrandonPotter/GoogleAuthenticator,
csharp,homepage,https://github.com/mini-software/MiniExcel,ok,https://github.com/mini-software/MiniExcel,
csharp,homepage,https://github.com/Azure/azure-storage-net-data-movement,ok,https://github.com/Azure/azure-storage-net-data-movement,
csharp,homepage,https://github.com/Cysharp/MemoryPack,ok,https://github.com/Cysharp/MemoryPack,
csharp,homepage,https://github.com/adamreeve/semver.net,ok,https://github.com/adamreeve/semver.net,
csharp,homepage,https://github.com/Azure/azure-sdk-for-net/blob/Azure.ResourceManager.Storage_1.7.0/sdk/storage/Azure.ResourceManager.Storage/README.md,ok,https://github.com/Azure/azure-sdk-for-net/blob/Azure.ResourceManager.Storage_1.7.0/sdk/storage/Azure.ResourceManager.Storage/README.md,
csharp,homepage,https://github.com/MetacoSA/NBitcoin,ok,https://github.com/MetacoSA/NBitcoin,
csharp,homepage,https://github.com/CoreWCF/CoreWCF,ok,https://github.com/CoreWCF/CoreWCF,
csharp,homepage,https://github.com/dahall/taskscheduler,ok,https://github.com/dahall/taskscheduler,
csharp,homepage,https://github.com/Microsoft/vswhere,ok,https://github.com/Microsoft/vswhere,
csharp,homepage,https://github.com/NetTopologySuite/GeoAPI,ok,https://github.com/NetTopologySuite/GeoAPI,
csharp,homepage,https://github.com/zeromq/netmq,ok,https://github.com/zeromq/netmq,
csharp,homepage,https://github.com/aspnet/LibraryManager,ok,https://github.com/aspnet/LibraryManager,
csharp,homepage,https://github.com/DotNetAnalyzers/IDisposableAnalyzers,ok,https://github.com/DotNetAnalyzers/IDisposableAnalyzers,
csharp,homepage,https://github.com/Sustainsys/Saml2,ok,https://github.com/Sustainsys/Saml2,
csharp,homepage,https://github.com/MaterialDesignInXAML/MaterialDesignInXamlToolkit,ok,https://github.com/MaterialDesignInXAML/MaterialDesignInXamlToolkit,
csharp,homepage,https://github.com/Microsoft/cppwinrt,ok,https://github.com/Microsoft/cppwinrt,
csharp,homepage,https://github.com/jbaranda/nupkg-selenium-webdrivers,ok,https://github.com/jbaranda/nupkg-selenium-webdrivers,
csharp,homepage,https://github.com/shimat/opencvsharp,ok,https://github.com/shimat/opencvsharp,
csharp,homepage,https://github.com/cefsharp/CefSharp,ok,https://github.com/cefsharp/CefSharp,
csharp,homepage,https://github.com/microsoft/icu,ok,https://github.com/microsoft/icu,
csharp,homepage,https://github.com/dotnet/pinvoke,ok,https://github.com/dotnet/pinvoke,
csharp,homepage,https://github.com/jamesmontemagno/CurrentActivityPlugin,ok,https://github.com/jamesmontemagno/CurrentActivityPlugin,
csharp,homepage,https://github.com/KirillOsenkov/MSBuildStructuredLog,ok,https://github.com/KirillOsenkov/MSBuildStructuredLog,
csharp,homepage,https://github.com/martinothamar/Mediator,ok,https://github.com/martinothamar/Mediator,
csharp,homepage,https://github.com/Azure/azure-sdk-for-net/blob/Azure.ResourceManager.Authorization_1.1.7/sdk/authorization/Azure.ResourceManager.Authorization/README.md,ok,https://github.com/Azure/azure-sdk-for-net/blob/Azure.ResourceManager.Authorization_1.1.7/sdk/authorization/Azure.ResourceManager.Authorization/README.md,
csharp,homepage,https://github.com/Mongo2Go/Mongo2Go,ok,https://github.com/Mongo2Go/Mongo2Go,
csharp,homepage,https://github.com/dazinator/Dazinator.Extensions.FileProviders,ok,https://github.com/dazinator/Dazinator.Extensions.FileProviders,
csharp,homepage,https://github.com/ardalis/result,ok,https://github.com/ardalis/result,
csharp,homepage,https://github.com/Taritsyn/WebMarkupMin,ok,https://github.com/Taritsyn/WebMarkupMin,
csharp,homepage,https://github.com/aybe/Windows-API-Code-Pack-1.1,ok,https://github.com/aybe/Windows-API-Code-Pack-1.1,
csharp,homepage,https://github.com/JoshKeegan/xRetry,ok,https://github.com/JoshKeegan/xRetry,
csharp,homepage,https://github.com/CommunityToolkit/Maui,ok,https://github.com/CommunityToolkit/Maui,
csharp,homepage,https://github.com/shayhatsor/zookeeper,ok,https://github.com/shayhatsor/zookeeper,
csharp,homepage,https://github.com/CharsetDetector/UTF-unknown,ok,https://github.com/CharsetDetector/UTF-unknown,
csharp,homepage,https://github.com/hardcodet/wpf-notifyicon,ok,https://github.com/hardcodet/wpf-notifyicon,
csharp,homepage,https://github.com/Sicos1977/MSGReader,ok,https://github.com/Sicos1977/MSGReader,
csharp,homepage,https://github.com/Azure/azure-sdk-for-net/blob/Azure.ResourceManager.KeyVault_1.4.0/sdk/keyvault/Azure.ResourceManager.KeyVault/README.md,ok,https://github.com/Azure/azure-sdk-for-net/blob/Azure.ResourceManager.KeyVault_1.4.0/sdk/keyvault/Azure.ResourceManager.KeyVault/README.md,
csharp,homepage,https://github.com/cake-contrib/Cake_Git,ok,https://github.com/cake-contrib/Cake_Git,
csharp,homepage,https://github.com/Marfusios/websocket-client,ok,https://github.com/Marfusios/websocket-client,
csharp,homepage,https://github.com/axuno/SmartFormat,ok,https://github.com/axuno/SmartFormat,
csharp,homepage,https://github.com/Fody/Costura,ok,https://github.com/Fody/Costura,
csharp,homepage,https://github.com/ControlzEx/ControlzEx,ok,https://github.com/ControlzEx/ControlzEx,
csharp,homepage,https://github.com/contre/Windows-API-Code-Pack-1.1,ok,https://github.com/contre/Windows-API-Code-Pack-1.1,
csharp,homepage,https://github.com/adoconnection/RazorEngineCore,ok,https://github.com/adoconnection/RazorEngineCore,
csharp,homepage,https://github.com/structuremap/StructureMap.Microsoft.DependencyInjection,ok,https://github.com/structuremap/StructureMap.Microsoft.DependencyInjection,
csharp,homepage,https://github.com/dotnetcore/EasyCaching,ok,https://github.com/dotnetcore/EasyCaching,
csharp,homepage,https://github.com/adams85/acornima,ok,https://github.com/adams85/acornima,
csharp,homepage,https://github.com/volosoft/castle-logging-ms-adapter,ok,https://github.com/volosoft/castle-logging-ms-adapter,
csharp,homepage,https://github.com/master131/BrotliSharpLib,ok,https://github.com/master131/BrotliSharpLib,
csharp,homepage,https://github.com/microsoft/vs-servicehub,ok,https://github.com/microsoft/vs-servicehub,
csharp,homepage,https://github.com/nats-io/nats.net,ok,https://github.com/nats-io/nats.net,
csharp,homepage,https://github.com/benjamin-hodgson/Pidgin,ok,https://github.com/benjamin-hodgson/Pidgin,
csharp,homepage,https://github.com/Shandem/ClientDependency,ok,https://github.com/Shazwazza/ClientDependency,
csharp,homepage,https://github.com/aarnott/pclcrypto/,ok,https://github.com/aarnott/pclcrypto/,
csharp,homepage,https://github.com/MvvmCross/MvvmCross,ok,https://github.com/MvvmCross/MvvmCross,
csharp,homepage,https://github.com/naudio/NAudio,ok,https://github.com/naudio/NAudio,
csharp,homepage,https://github.com/Knagis/CommonMark.NET/,ok,https://github.com/Knagis/CommonMark.NET/,
csharp,homepage,https://github.com/pgvector/pgvector-dotnet,ok,https://github.com/pgvector/pgvector-dotnet,
csharp,homepage,https://github.com/spectreconsole/wcwidth,ok,https://github.com/spectreconsole/wcwidth,
csharp,homepage,https://github.com/paiden/Nett,ok,https://github.com/paiden/Nett,
csharp,homepage,https://github.com/manuelroemer/Nullable,ok,https://github.com/manuelroemer/Nullable,
csharp,homepage,https://github.com/oozcitak/exiflibrary,ok,https://github.com/oozcitak/exiflibrary,
csharp,homepage,https://github.com/aarnott/Xunit.Combinatorial,ok,https://github.com/aarnott/Xunit.Combinatorial,
csharp,homepage,https://github.com/jamesmontemagno/SettingsPlugin,ok,https://github.com/jamesmontemagno/SettingsPlugin,
csharp,homepage,https://github.com/dotnet/ILMerge,ok,https://github.com/dotnet/ILMerge,
csharp,homepage,https://github.com/Azure/azure-sdk-for-net/blob/Azure.ResourceManager.AppService_1.5.0/sdk/websites/Azure.ResourceManager.AppService/README.md,ok,https://github.com/Azure/azure-sdk-for-net/blob/Azure.ResourceManager.AppService_1.5.0/sdk/websites/Azure.ResourceManager.AppService/README.md,
csharp,homepage,https://github.com/Microsoft/VSSDK-Analyzers,ok,https://github.com/Microsoft/VSSDK-Analyzers,
csharp,homepage,https://github.com/sungaila/PDFtoImage,ok,https://github.com/sungaila/PDFtoImage,
csharp,homepage,https://github.com/Azure/azure-sdk-for-net/blob/Azure.ResourceManager.Sql_1.4.0/sdk/sqlmanagement/Azure.ResourceManager.Sql/README.md,ok,https://github.com/Azure/azure-sdk-for-net/blob/Azure.ResourceManager.Sql_1.4.0/sdk/sqlmanagement/Azure.ResourceManager.Sql/README.md,
csharp,homepage,https://github.com/ctolkien/Slugify,ok,https://github.com/ctolkien/Slugify,
csharp,homepage,https://github.com/passwordless-lib/fido2-net-lib,ok,https://github.com/passwordless-lib/fido2-net-lib,
csharp,homepage,https://github.com/SteveDunn/Vogen,ok,https://github.com/SteveDunn/Vogen,
csharp,homepage,https://github.com/enyim/EnyimMemcached,ok,https://github.com/enyim/EnyimMemcached,
csharp,homepage,https://github.com/Lachee/discord-rpc-csharp,ok,https://github.com/Lachee/discord-rpc-csharp,
csharp,homepage,https://github.com/PragmaticFlow/Serilog.Sinks.SpectreConsole,ok,https://github.com/PragmaticFlow/Serilog.Sinks.SpectreConsole,
csharp,homepage,https://github.com/wangkanai/wangkanai/tree/main/Detection,ok,https://github.com/wangkanai/wangkanai/tree/main/Detection,
csharp,homepage,https://github.com/Azure/azure-sdk-for-net/blob/Azure.ResourceManager.Compute_1.16.0/sdk/compute/Azure.ResourceManager.Compute/README.md,ok,https://github.com/Azure/azure-sdk-for-net/blob/Azure.ResourceManager.Compute_1.16.0/sdk/compute/Azure.ResourceManager.Compute/README.md,
csharp,homepage,https://github.com/JetBrains/profiler-self-api/blob/master/README.md,ok,https://github.com/JetBrains/profiler-self-api/blob/master/README.md,
csharp,homepage,https://github.com/calabash/calabash-ios-server,ok,https://github.com/calabash/calabash-ios-server,
csharp,homepage,https://github.com/TalAloni/SMBLibrary,ok,https://github.com/TalAloni/SMBLibrary,
csharp,homepage,https://github.com/Azure/azure-sdk-for-net/blob/Azure.ResourceManager.Network_1.17.0/sdk/network/Azure.ResourceManager.Network/README.md,ok,https://github.com/Azure/azure-sdk-for-net/blob/Azure.ResourceManager.Network_1.17.0/sdk/network/Azure.ResourceManager.Network/README.md,
csharp,homepage,https://github.com/pardeike/Harmony,ok,https://github.com/pardeike/Harmony,
csharp,homepage,https://github.com/SlapperAutoMapper/Slapper.AutoMapper,ok,https://github.com/SlapperAutoMapper/Slapper.AutoMapper,
csharp,homepage,https://github.com/TestStack/UIAComWrapper,ok,https://github.com/TestStack/UIAComWrapper,
csharp,homepage,https://github.com/PowerShell/PowerShellStandard,ok,https://github.com/PowerShell/PowerShellStandard,
csharp,homepage,https://github.com/22222/CsvTextFieldParser,ok,https://github.com/22222/CsvTextFieldParser,
csharp,homepage,https://github.com/Azure/azure-sdk-for-net/blob/Azure.Provisioning.Storage_1.1.2/sdk/provisioning/Azure.Provisioning.Storage/README.md,ok,https://github.com/Azure/azure-sdk-for-net/blob/Azure.Provisioning.Storage_1.1.2/sdk/provisioning/Azure.Provisioning.Storage/README.md,
csharp,homepage,https://github.com/dotnet/symreader-portable,ok,https://github.com/dotnet/symreader-portable,
csharp,homepage,https://github.com/mellinoe/imgui.net,ok,https://github.com/mellinoe/imgui.net,
csharp,homepage,https://github.com/GowenGit/docnet,ok,https://github.com/GowenGit/docnet,
csharp,homepage,https://github.com/thecoderok/Unidecode.NET,ok,https://github.com/thecoderok/Unidecode.NET,
csharp,homepage,https://github.com/ardalis/ApiEndpoints,ok,https://github.com/ardalis/ApiEndpoints,
csharp,homepage,https://github.com/neolithos/neolua/,ok,https://github.com/neolithos/neolua/,
csharp,homepage,https://github.com/redth-org/BTProgressHUD,ok,https://github.com/redth-org/BTProgressHUD,
csharp,homepage,https://github.com/Azure/azure-sdk-for-net/blob/Azure.Communication.Common_1.4.1/sdk/communication/Azure.Communication.Common/README.md,ok,https://github.com/Azure/azure-sdk-for-net/blob/Azure.Communication.Common_1.4.1/sdk/communication/Azure.Communication.Common/README.md,
csharp,homepage,https://github.com/manuelbl/QrCodeGenerator,ok,https://github.com/manuelbl/QrCodeGenerator,
csharp,homepage,https://github.com/zzzprojects/EntityFramework.DynamicFilters,ok,https://github.com/zzzprojects/EntityFramework.DynamicFilters,
csharp,homepage,https://github.com/yinyue200/ude,ok,https://github.com/yinyue200/ude,
csharp,homepage,https://github.com/Azure/azure-sdk-for-net/blob/Azure.ResourceManager.CosmosDB_1.5.0/sdk/cosmosdb/Azure.ResourceManager.CosmosDB/README.md,ok,https://github.com/Azure/azure-sdk-for-net/blob/Azure.ResourceManager.CosmosDB_1.5.0/sdk/cosmosdb/Azure.ResourceManager.CosmosDB/README.md,
csharp,homepage,https://github.com/MarcinJuraszek/CloneExtensions,ok,https://github.com/MarcinJuraszek/CloneExtensions,
csharp,homepage,https://github.com/Azure/azure-sdk-for-net/blob/Azure.Containers.ContainerRegistry_1.3.0/sdk/containerregistry/Azure.Containers.ContainerRegistry/README.md,ok,https://github.com/Azure/azure-sdk-for-net/blob/Azure.Containers.ContainerRegistry_1.3.0/sdk/containerregistry/Azure.Containers.ContainerRegistry/README.md,
csharp,homepage,https://github.com/CommunityToolkit/WindowsCommunityToolkit,ok,https://github.com/CommunityToolkit/WindowsCommunityToolkit,
csharp,homepage,https://github.com/thomhurst/TUnit,ok,https://github.com/thomhurst/TUnit,
csharp,homepage,https://github.com/cefsharp/cef-binary,ok,https://github.com/cefsharp/cef-binary,
csharp,homepage,https://github.com/opentk/GLControl,ok,https://github.com/opentk/GLControl,
csharp,homepage,https://github.com/fo-dicom/fo-dicom,ok,https://github.com/fo-dicom/fo-dicom,
csharp,homepage,https://github.com/realm/realm-dotnet,ok,https://github.com/realm/realm-dotnet,
csharp,homepage,https://github.com/adamabdelhamed/powerargs,ok,https://github.com/adamabdelhamed/powerargs,
csharp,homepage,https://github.com/Ygg01/Linguini,ok,https://github.com/Ygg01/Linguini,
csharp,homepage,https://github.com/icsharpcode/ILSpy/,ok,https://github.com/icsharpcode/ILSpy/,
csharp,homepage,https://github.com/xamarin/XamarinCommunityToolkit,ok,https://github.com/xamarin/XamarinCommunityToolkit,
csharp,homepage,https://github.com/ellenfieldn/Flurl.Signed,ok,https://github.com/ellenfieldn/Flurl.Signed,
csharp,homepage,https://github.com/dsplaisted/PCLStorage,ok,https://github.com/dsplaisted/PCLStorage,
csharp,homepage,https://github.com/akkadotnet/Hyperion,ok,https://github.com/akkadotnet/Hyperion,
csharp,homepage,https://github.com/ncalc/ncalc,ok,https://github.com/ncalc/ncalc,
csharp,homepage,https://github.com/Senparc/Senparc.CO2NET,ok,https://github.com/Senparc/Senparc.CO2NET,
csharp,homepage,https://github.com/dotnet/systemweb-adapters,ok,https://github.com/dotnet/systemweb-adapters,
csharp,homepage,https://github.com/elsa-workflows/elsa-core,ok,https://github.com/elsa-workflows/elsa-core,
csharp,homepage,https://github.com/Azure/azure-sdk-for-net/blob/Azure.Communication.Sms_1.0.2/sdk/communication/Azure.Communication.Sms/README.md,ok,https://github.com/Azure/azure-sdk-for-net/blob/Azure.Communication.Sms_1.0.2/sdk/communication/Azure.Communication.Sms/README.md,
csharp,homepage,https://github.com/microsoft/win32metadata,ok,https://github.com/microsoft/win32metadata,
csharp,homepage,https://github.com/CarterCommunity/Carter,ok,https://github.com/CarterCommunity/Carter,
csharp,homepage,https://github.com/XamlAnimatedGif/XamlAnimatedGif,ok,https://github.com/XamlAnimatedGif/XamlAnimatedGif,
csharp,homepage,https://github.com/rickyah/ini-parser,ok,https://github.com/rickyah/ini-parser,
csharp,homepage,https://github.com/FlaUI/FlaUI,ok,https://github.com/FlaUI/FlaUI,
csharp,homepage,https://github.com/kaby76/Antlr4BuildTasks,ok,https://github.com/kaby76/Antlr4BuildTasks,
csharp,homepage,https://github.com/luigiberrettini/NLog.Targets.Syslog,ok,https://github.com/luigiberrettini/NLog.Targets.Syslog,
csharp,homepage,https://github.com/Azure/azure-sdk-for-net/blob/Azure.Messaging.WebPubSub_1.6.0/sdk/webpubsub/Azure.Messaging.WebPubSub/README.md,ok,https://github.com/Azure/azure-sdk-for-net/blob/Azure.Messaging.WebPubSub_1.6.0/sdk/webpubsub/Azure.Messaging.WebPubSub/README.md,
csharp,homepage,https://github.com/alexcpendleton/NLipsum,not_found,https://github.com/alexcpendleton/NLipsum,HTTP 404
csharp,homepage,https://github.com/mono/taglib-sharp,ok,https://github.com/mono/taglib-sharp,
csharp,homepage,https://github.com/Microsoft/wil,ok,https://github.com/Microsoft/wil,
csharp,homepage,https://github.com/thomasgalliker/Diacritics.NET,ok,https://github.com/thomasgalliker/Diacritics.NET,
csharp,homepage,https://github.com/azure/azure-data-lake-store-net,ok,https://github.com/azure/azure-data-lake-store-net,
csharp,homepage,https://github.com/Azure/azure-sdk-for-net/blob/Microsoft.Azure.Batch_16.3.1/sdk/batch/Microsoft.Azure.Batch/README.md,ok,https://github.com/Azure/azure-sdk-for-net/blob/Microsoft.Azure.Batch_16.3.1/sdk/batch/Microsoft.Azure.Batch/README.md,
csharp,homepage,https://github.com/flamencist/ldap4net,ok,https://github.com/flamencist/ldap4net,
csharp,homepage,https://github.com/manuelroemer/IsExternalInit,ok,https://github.com/manuelroemer/IsExternalInit,
csharp,homepage,https://github.com/sebastienros/yessql,ok,https://github.com/sebastienros/yessql,
csharp,homepage,https://github.com/punker76/gong-wpf-dragdrop,ok,https://github.com/punker76/gong-wpf-dragdrop,
csharp,homepage,https://github.com/VitaliiTsilnyk/NGettext,ok,https://github.com/VitaliiTsilnyk/NGettext,
csharp,homepage,https://github.com/umbraco/Umbraco-Code,ok,https://github.com/umbraco/Umbraco-Code,
csharp,homepage,https://github.com/JeffreySu/WeiXinMPSDK,ok,https://github.com/JeffreySu/WeiXinMPSDK,
csharp,homepage,https://github.com/gluck/il-repack,ok,https://github.com/gluck/il-repack,
csharp,homepage,https://github.com/XamlAnimatedGif/WpfAnimatedGif,ok,https://github.com/XamlAnimatedGif/WpfAnimatedGif,
csharp,homepage,https://github.com/dahall/vanara,ok,https://github.com/dahall/vanara,
csharp,homepage,https://github.com/Azure/azure-sdk-for-net/blob/Azure.ResourceManager.DataFactory_1.11.1/sdk/datafactory/Azure.ResourceManager.DataFactory/README.md,ok,https://github.com/Azure/azure-sdk-for-net/blob/Azure.ResourceManager.DataFactory_1.11.1/sdk/datafactory/Azure.ResourceManager.DataFactory/README.md,
csharp,homepage,https://github.com/Azure/azure-sdk-for-net/blob/Azure.AI.Projects_2.0.1/sdk/ai/Azure.AI.Projects/README.md,ok,https://github.com/Azure/azure-sdk-for-net/blob/Azure.AI.Projects_2.0.1/sdk/ai/Azure.AI.Projects/README.md,
csharp,homepage,https://github.com/mycsharp/HttpUserAgentParser,ok,https://github.com/mycsharp/HttpUserAgentParser,
csharp,homepage,https://github.com/Azure/azure-sdk-for-net/blob/Azure.ResourceManager.ContainerService_1.6.0/sdk/containerservice/Azure.ResourceManager.ContainerService/README.md,ok,https://github.com/Azure/azure-sdk-for-net/blob/Azure.ResourceManager.ContainerService_1.6.0/sdk/containerservice/Azure.ResourceManager.ContainerService/README.md,
csharp,homepage,https://github.com/SimonCropp/Polyfill,ok,https://github.com/SimonCropp/Polyfill,
csharp,homepage,https://github.com/Giorgi/DuckDB.NET,ok,https://github.com/Giorgi/DuckDB.NET,
csharp,homepage,https://github.com/Microsoft/CsWin32,ok,https://github.com/Microsoft/CsWin32,
csharp,homepage,https://github.com/Cysharp/Utf8StringInterpolation,ok,https://github.com/Cysharp/Utf8StringInterpolation,
csharp,homepage,https://github.com/awaescher/OllamaSharp,ok,https://github.com/awaescher/OllamaSharp,
csharp,homepage,https://github.com/Azure/azure-sdk-for-net/blob/Azure.Core.Expressions.DataFactory_1.0.0/sdk/core/Azure.Core.Expressions.DataFactory/README.md,ok,https://github.com/Azure/azure-sdk-for-net/blob/Azure.Core.Expressions.DataFactory_1.0.0/sdk/core/Azure.Core.Expressions.DataFactory/README.md,
csharp,homepage,https://github.com/skbkontur/ZstdNet,ok,https://github.com/skbkontur/ZstdNet,
csharp,homepage,https://github.com/MatthewKing/DeviceId,ok,https://github.com/MatthewKing/DeviceId,
csharp,homepage,https://github.com/MonoMod,ok,https://github.com/MonoMod,
csharp,homepage,https://github.com/aarondandy/WeCantSpell.Hunspell/,ok,https://github.com/aarondandy/WeCantSpell.Hunspell/,
csharp,homepage,https://github.com/Senparc/NeuChar,ok,https://github.com/Senparc/NeuChar,
csharp,homepage,https://github.com/jamesmontemagno/DeviceInfoPlugin,ok,https://github.com/jamesmontemagno/DeviceInfoPlugin,
csharp,homepage,https://github.com/runceel/ReactiveProperty,ok,https://github.com/runceel/ReactiveProperty,
csharp,homepage,https://github.com/meziantou/Meziantou.Framework,ok,https://github.com/meziantou/Meziantou.Framework,
csharp,homepage,https://github.com/nlua/KeraLua,ok,https://github.com/nlua/KeraLua,
csharp,homepage,https://github.com/roryprimrose/Neovolve.Logging.Xunit,ok,https://github.com/roryprimrose/Neovolve.Logging.Xunit,
csharp,homepage,https://github.com/skazantsev/WebDavClient,ok,https://github.com/skazantsev/WebDavClient,
csharp,homepage,https://github.com/ardalis/AspNetCoreStartupServices,ok,https://github.com/ardalis/AspNetCoreStartupServices,
csharp,homepage,https://github.com/dotnet/platform-compat,ok,https://github.com/dotnet/platform-compat,
csharp,homepage,https://github.com/realvizu/NsDepCop,ok,https://github.com/realvizu/NsDepCop,
csharp,homepage,https://github.com/aspnet-contrib/AspNet.Security.OAuth.Providers,ok,https://github.com/aspnet-contrib/AspNet.Security.OAuth.Providers,
csharp,homepage,https://github.com/0xd4d/dnlib,ok,https://github.com/0xd4d/dnlib,
csharp,homepage,https://github.com/Azure/azure-sdk-for-net/blob/Azure.ResourceManager.ContainerRegistry_1.4.0/sdk/containerregistry/Azure.ResourceManager.ContainerRegistry/README.md,ok,https://github.com/Azure/azure-sdk-for-net/blob/Azure.ResourceManager.ContainerRegistry_1.4.0/sdk/containerregistry/Azure.ResourceManager.ContainerRegistry/README.md,
csharp,homepage,https://github.com/Azure/azure-sdk-for-net/blob/Azure.ResourceManager.ManagedServiceIdentities_1.4.1/sdk/managedserviceidentity/Azure.ResourceManager.ManagedServiceIdentities/README.md,ok,https://github.com/Azure/azure-sdk-for-net/blob/Azure.ResourceManager.ManagedServiceIdentities_1.4.1/sdk/managedserviceidentity/Azure.ResourceManager.ManagedServiceIdentities/README.md,
csharp,homepage,https://github.com/Azure/Microsoft.Extensions.Caching.Cosmos,ok,https://github.com/Azure/Microsoft.Extensions.Caching.Cosmos,
csharp,homepage,https://github.com/tusdotnet/tusdotnet,ok,https://github.com/tusdotnet/tusdotnet,
csharp,homepage,https://github.com/microsoft/wdkmetadata,ok,https://github.com/microsoft/wdkmetadata,
csharp,homepage,https://github.com/Tornhoof/SpanJson,ok,https://github.com/Tornhoof/SpanJson,
csharp,homepage,https://github.com/Azure/azure-sdk-for-net/blob/Azure.AI.Agents.Persistent_1.1.0/sdk/ai/Azure.AI.Agents.Persistent/README.md,ok,https://github.com/Azure/azure-sdk-for-net/blob/Azure.AI.Agents.Persistent_1.1.0/sdk/ai/Azure.AI.Agents.Persistent/README.md,
csharp,homepage,https://github.com/doghappy/socket.io-client-csharp,ok,https://github.com/doghappy/socket.io-client-csharp,
csharp,homepage,https://github.com/ppy/osu-framework,ok,https://github.com/ppy/osu-framework,
csharp,homepage,https://github.com/amaggiulli/qlnet,ok,https://github.com/amaggiulli/qlnet,
csharp,homepage,https://github.com/darrencauthon/AutoMoq,ok,https://github.com/darrencauthon/AutoMoq,
csharp,homepage,https://github.com/googleapis/dotnet-genai,ok,https://github.com/googleapis/dotnet-genai,
csharp,homepage,https://github.com/chocolatey/choco,ok,https://github.com/chocolatey/choco,
csharp,homepage,https://github.com/IharYakimush/comminity-data-odata-linq,ok,https://github.com/IharYakimush/comminity-data-odata-linq,
csharp,homepage,https://github.com/qdrant/qdrant-dotnet,ok,https://github.com/qdrant/qdrant-dotnet,
csharp,homepage,https://github.com/Azure/azure-sdk-for-net/blob/Azure.ResourceManager.EventGrid_1.1.0/sdk/eventgrid/Azure.ResourceManager.EventGrid/README.md,ok,https://github.com/Azure/azure-sdk-for-net/blob/Azure.ResourceManager.EventGrid_1.1.0/sdk/eventgrid/Azure.ResourceManager.EventGrid/README.md,
csharp,homepage,https://github.com/hvanbakel/Asyncify-CSharp,ok,https://github.com/hvanbakel/Asyncify-CSharp,
csharp,homepage,https://github.com/NVorbis/NVorbis,ok,https://github.com/NVorbis/NVorbis,
csharp,homepage,https://github.com/jamesmontemagno/ImageCirclePlugin,ok,https://github.com/jamesmontemagno/ImageCirclePlugin,
csharp,homepage,https://github.com/AutoFixture/AutoFixture.xUnit3,not_found,https://github.com/AutoFixture/AutoFixture.xUnit3,HTTP 404
csharp,homepage,https://github.com/Tyrrrz/YoutubeExplode,ok,https://github.com/Tyrrrz/YoutubeExplode,
csharp,homepage,https://github.com/Azure/azure-sdk-for-net/blob/Azure.ResourceManager.EventHubs_1.3.0/sdk/eventhub/Azure.ResourceManager.EventHubs/README.md,ok,https://github.com/Azure/azure-sdk-for-net/blob/Azure.ResourceManager.EventHubs_1.3.0/sdk/eventhub/Azure.ResourceManager.EventHubs/README.md,
csharp,homepage,https://github.com/Azure/azure-sdk-for-net/blob/Azure.ResourceManager.Dns_1.1.1/sdk/dns/Azure.ResourceManager.Dns/README.md,ok,https://github.com/Azure/azure-sdk-for-net/blob/Azure.ResourceManager.Dns_1.1.1/sdk/dns/Azure.ResourceManager.Dns/README.md,
csharp,homepage,https://github.com/Azure/azure-sdk-for-net/blob/Azure.ResourceManager.Monitor_1.3.1/sdk/monitor/Azure.ResourceManager.Monitor/README.md,ok,https://github.com/Azure/azure-sdk-for-net/blob/Azure.ResourceManager.Monitor_1.3.1/sdk/monitor/Azure.ResourceManager.Monitor/README.md,
csharp,homepage,https://github.com/Azure/azure-sdk-for-net/blob/Azure.ResourceManager.ApiManagement_1.3.1/sdk/apimanagement/Azure.ResourceManager.ApiManagement/README.md,ok,https://github.com/Azure/azure-sdk-for-net/blob/Azure.ResourceManager.ApiManagement_1.3.1/sdk/apimanagement/Azure.ResourceManager.ApiManagement/README.md,
csharp,homepage,https://github.com/AnderssonPeter/Hangfire.Console.Extensions,ok,https://github.com/AnderssonPeter/Hangfire.Console.Extensions,
csharp,homepage,https://github.com/csharptest/CSharpTest.Net.Collections,ok,https://github.com/csharptest/CSharpTest.Net.Collections,
csharp,homepage,https://teststack.github.com/White/,unreachable,https://teststack.github.com/White/,domain does not resolve
csharp,homepage,https://github.com/dotnet/sdk-container-builds,ok,https://github.com/dotnet/sdk-container-builds,
csharp,homepage,https://github.com/ppy/osu-resources,ok,https://github.com/ppy/osu-resources,
csharp,homepage,https://github.com/dotnet/SyndicationFeedReaderWriter,ok,https://github.com/dotnet/SyndicationFeedReaderWriter,
csharp,homepage,https://github.com/aliyun/alibabacloud-csharp-sdk,ok,https://github.com/aliyun/alibabacloud-csharp-sdk,
csharp,homepage,https://github.com/squirrel/Squirrel.Windows,ok,https://github.com/squirrel/Squirrel.Windows,
csharp,homepage,https://github.com/CollaboratingPlatypus/PetaPoco,ok,https://github.com/CollaboratingPlatypus/PetaPoco,
csharp,homepage,https://github.com/Azure/azure-mobile-apps-net-client,not_found,https://github.com/Azure/azure-mobile-apps-net-client,HTTP 404
csharp,homepage,https://github.com/GtkSharp/GtkSharp,ok,https://github.com/GtkSharp/GtkSharp,
csharp,homepage,https://github.com/baSSiLL/SharpAvi,ok,https://github.com/baSSiLL/SharpAvi,
csharp,homepage,https://github.com/fsprojects/FSharpPlus,ok,https://github.com/fsprojects/FSharpPlus,
csharp,homepage,https://github.com/jmp75/dynamic-interop-dll,ok,https://github.com/jmp75/dynamic-interop-dll,
csharp,homepage,https://github.com/statianzo/Fleck,ok,https://github.com/statianzo/Fleck,
csharp,homepage,https://github.com/VerifyTests/Verify.SourceGenerators,ok,https://github.com/VerifyTests/Verify.SourceGenerators,
csharp,homepage,https://github.com/lukasz-pyrzyk/BinaryFormatter,ok,https://github.com/lukasz-pyrzyk/BinaryFormatter,
csharp,homepage,https://github.com/sebastienros/shortcodes,ok,https://github.com/sebastienros/shortcodes,
csharp,homepage,https://github.com/alastairtree/Hangfire.MaximumConcurrentExecutions,ok,https://github.com/alastairtree/Hangfire.MaximumConcurrentExecutions,
csharp,homepage,https://github.com/BruTile/BruTile,ok,https://github.com/BruTile/BruTile,
csharp,homepage,https://github.com/TheAngryByrd/IcedTasks,ok,https://github.com/TheAngryByrd/IcedTasks,
csharp,homepage,https://github.com/ookii-dialogs/ookii-dialogs-wpf,ok,https://github.com/ookii-dialogs/ookii-dialogs-wpf,
csharp,homepage,https://github.com/dotnet/iot,ok,https://github.com/dotnet/iot,
csharp,homepage,https://github.com/Tyrrrz/CliFx,ok,https://github.com/Tyrrrz/CliFx,
csharp,homepage,https://github.com/Azure/azure-sdk-for-net/blob/Azure.ResourceManager.CognitiveServices_1.5.2/sdk/cognitiveservices/Azure.ResourceManager.CognitiveServices/README.md,ok,https://github.com/Azure/azure-sdk-for-net/blob/Azure.ResourceManager.CognitiveServices_1.5.2/sdk/cognitiveservices/Azure.ResourceManager.CognitiveServices/README.md,
csharp,homepage,https://github.com/Azure/azure-sdk-for-net/blob/Azure.Identity.Broker_1.7.0/sdk/identity/Azure.Identity.Broker/README.md,ok,https://github.com/Azure/azure-sdk-for-net/blob/Azure.Identity.Broker_1.7.0/sdk/identity/Azure.Identity.Broker/README.md,
csharp,homepage,https://github.com/XAMLMarkupExtensions/XAMLMarkupExtensions,ok,https://github.com/XAMLMarkupExtensions/XAMLMarkupExtensions,
csharp,homepage,https://github.com/WindowsAzure/azure-sdk-for-net,ok,https://github.com/Azure/azure-sdk-for-net,
csharp,homepage,https://github.com/ipjohnson/Grace,ok,https://github.com/ipjohnson/Grace,
csharp,homepage,https://github.com/neuecc/ZeroFormatter/,ok,https://github.com/neuecc/ZeroFormatter/,
csharp,homepage,https://github.com/thedmi/Equ,ok,https://github.com/thedmi/Equ,
csharp,homepage,https://github.com/wieslawsoltes/Xaml.Behaviors,ok,https://github.com/wieslawsoltes/Xaml.Behaviors,
csharp,homepage,https://github.com/ardalis/EFCore.Extensions,ok,https://github.com/ardalis/EFCore.Extensions,
csharp,homepage,https://github.com/Microsoft/OpenApi.ApiManifest,ok,https://github.com/Microsoft/OpenApi.ApiManifest,
csharp,homepage,https://github.com/tom-englert/Nullable.Extended.Analyzer,ok,https://github.com/tom-englert/Nullable.Extended.Analyzer,
csharp,homepage,https://github.com/XAMLMarkupExtensions/WPFLocalizationExtension/,ok,https://github.com/XAMLMarkupExtensions/WPFLocalizeExtension,
csharp,homepage,https://github.com/jfversluis/FilePicker-Plugin-for-Xamarin-and-Windows,ok,https://github.com/jfversluis/FilePicker-Plugin-for-Xamarin-and-Windows,
csharp,homepage,https://github.com/Faizan2304/LoggerExtensions,ok,https://github.com/spekt/nunit.testlogger,
csharp,homepage,https://github.com/bilal-fazlani/CommandDotNet,ok,https://github.com/bilal-fazlani/CommandDotNet,
csharp,homepage,https://github.com/ravibpatel/ILRepack.Lib.MSBuild.Task,ok,https://github.com/ravibpatel/ILRepack.Lib.MSBuild.Task,
csharp,homepage,https://github.com/Azure/azure-sdk-for-net/blob/Azure.AI.ContentSafety_1.0.0/sdk/contentsafety/Azure.AI.ContentSafety/README.md,ok,https://github.com/Azure/azure-sdk-for-net/blob/Azure.AI.ContentSafety_1.0.0/sdk/contentsafety/Azure.AI.ContentSafety/README.md,
csharp,homepage,https://github.com/Yubico/yubico-dotnet-client,ok,https://github.com/Yubico/yubico-dotnet-client,
csharp,homepage,https://github.com/AvaloniaUtils/DialogHost.Avalonia/,ok,https://github.com/AvaloniaUtils/DialogHost.Avalonia/,
csharp,homepage,https://github.com/mono/Mono.Nat,ok,https://github.com/mono/Mono.Nat,
csharp,homepage,https://github.com/DiscUtils/DiscUtils,ok,https://github.com/DiscUtils/DiscUtils,
csharp,homepage,https://github.com/NightOwl888/ICU4N/,ok,https://github.com/NightOwl888/ICU4N/,
csharp,homepage,https://github.com/velopack/velopack,ok,https://github.com/velopack/velopack,
csharp,homepage,https://github.com/CommunityToolkit/ColorCode-Universal,ok,https://github.com/CommunityToolkit/ColorCode-Universal,
csharp,homepage,https://github.com/microsoft/cswinrt,ok,https://github.com/microsoft/cswinrt,
csharp,homepage,https://github.com/Azure/azure-sdk-for-net/blob/Azure.Provisioning.CosmosDB_1.0.0/sdk/provisioning/Azure.Provisioning.CosmosDB/README.md,ok,https://github.com/Azure/azure-sdk-for-net/blob/Azure.Provisioning.CosmosDB_1.0.0/sdk/provisioning/Azure.Provisioning.CosmosDB/README.md,
csharp,homepage,https://github.com/ardalis/HttpClientTestExtensions,ok,https://github.com/ardalis/HttpClientTestExtensions,
csharp,homepage,https://github.com/dotnet/TorchSharp,ok,https://github.com/dotnet/TorchSharp,
csharp,homepage,https://github.com/SteamRE/SteamKit,ok,https://github.com/SteamRE/SteamKit,
csharp,homepage,https://github.com/duosecurity/duo_universal_csharp,ok,https://github.com/duosecurity/duo_universal_csharp,
csharp,homepage,https://github.com/Azure/azure-sdk-for-net/blob/Azure.AI.Extensions.OpenAI_2.0.0/sdk/ai/Azure.AI.Extensions.OpenAI/README.md,ok,https://github.com/Azure/azure-sdk-for-net/blob/Azure.AI.Extensions.OpenAI_2.0.0/sdk/ai/Azure.AI.Extensions.OpenAI/README.md,
csharp,homepage,https://github.com/picoe/Eto,ok,https://github.com/picoe/Eto,
csharp,homepage,https://github.com/Tewr/BlazorFileReader,ok,https://github.com/Tewr/BlazorFileReader,
csharp,homepage,https://github.com/Azure/azure-sdk-for-net/blob/Azure.ResourceManager.OperationalInsights_1.3.2/sdk/operationalinsights/Azure.ResourceManager.OperationalInsights/README.md,ok,https://github.com/Azure/azure-sdk-for-net/blob/Azure.ResourceManager.OperationalInsights_1.3.2/sdk/operationalinsights/Azure.ResourceManager.OperationalInsights/README.md,
csharp,homepage,https://github.com/Wagnerp/Windows-API-CodePack-NET,ok,https://github.com/PWagner1/Windows-API-CodePack-NET,
csharp,homepage,https://github.com/OrleansContrib/OrleansTestKit,ok,https://github.com/OrleansContrib/OrleansTestKit,
csharp,homepage,https://github.com/BlazorExtensions/Canvas,ok,https://github.com/BlazorExtensions/Canvas,
csharp,homepage,https://github.com/AdysTech/CredentialManager,ok,https://github.com/AdysTech/CredentialManager,
csharp,homepage,https://github.com/reactiveui/Pharmacist,ok,https://github.com/reactiveui/Pharmacist,
csharp,homepage,https://github.com/sskodje/ScreenRecorderLib,ok,https://github.com/sskodje/ScreenRecorderLib,
csharp,homepage,https://github.com/danipen/TextMateSharp,ok,https://github.com/danipen/TextMateSharp,
csharp,homepage,https://github.com/squid-box/SevenZipSharp,ok,https://github.com/squid-box/SevenZipSharp,
csharp,homepage,https://github.com/bezzad/Downloader,ok,https://github.com/bezzad/Downloader,
csharp,homepage,https://github.com/KirillOsenkov/LargeAddressAware,ok,https://github.com/KirillOsenkov/LargeAddressAware,
csharp,homepage,https://github.com/ElinamLLC/SharpVectors,ok,https://github.com/ElinamLLC/SharpVectors,
csharp,homepage,https://github.com/nyandika/CryptSharp,ok,https://github.com/nyandika/CryptSharp,
csharp,homepage,https://github.com/lepoco/wpfui,ok,https://github.com/lepoco/wpfui,
csharp,homepage,https://github.com/hhblaze/DBreeze,ok,https://github.com/hhblaze/DBreeze,
csharp,homepage,https://github.com/microsoft/onnxruntime-genai,ok,https://github.com/microsoft/onnxruntime-genai,
csharp,homepage,https://github.com/Azure/azure-sdk-for-net/blob/Azure.ResourceManager.PrivateDns_1.2.3/sdk/privatedns/Azure.ResourceManager.PrivateDns/README.md,ok,https://github.com/Azure/azure-sdk-for-net/blob/Azure.ResourceManager.PrivateDns_1.2.3/sdk/privatedns/Azure.ResourceManager.PrivateDns/README.md,
csharp,homepage,https://github.com/Tyrrrz/YoutubeExplode/tree/prime/YoutubeExplode.Converter,ok,https://github.com/Tyrrrz/YoutubeExplode/tree/prime/YoutubeExplode.Converter,
csharp,homepage,https://github.com/Azure/azure-sdk-for-net/blob/Azure.Monitor.Query.Logs_1.0.0/sdk/monitor/Azure.Monitor.Query.Logs/README.md,ok,https://github.com/Azure/azure-sdk-for-net/blob/Azure.Monitor.Query.Logs_1.0.0/sdk/monitor/Azure.Monitor.Query.Logs/README.md,
csharp,homepage,https://github.com/Azure/azure-sdk-for-net/blob/Azure.ResourceManager.AppConfiguration_1.4.1/sdk/appconfiguration/Azure.ResourceManager.AppConfiguration/README.md,ok,https://github.com/Azure/azure-sdk-for-net/blob/Azure.ResourceManager.AppConfiguration_1.4.1/sdk/appconfiguration/Azure.ResourceManager.AppConfiguration/README.md,
csharp,homepage,https://github.com/georg-jung/FastBertTokenizer,ok,https://github.com/georg-jung/FastBertTokenizer,
csharp,homepage,https://github.com/iamartyom/ColorHelper,ok,https://github.com/iamartyom/ColorHelper,
csharp,homepage,https://github.com/michelcedric/StructuredMinimalApi,ok,https://github.com/michelcedric/StructuredMinimalApi,
csharp,homepage,https://github.com/microsoft/sbom-tool,ok,https://github.com/microsoft/sbom-tool,
csharp,homepage,https://github.com/smartanalyzers/MultithreadingAnalyzer,ok,https://github.com/smartanalyzers/MultithreadingAnalyzer,
csharp,homepage,https://github.com/sayedihashimi/package-web/,ok,https://github.com/sayedihashimi/package-web/,
csharp,homepage,https://github.com/MihaZupan/HttpToSocks5Proxy,ok,https://github.com/MihaZupan/HttpToSocks5Proxy,
csharp,homepage,https://github.com/Azure/azure-sdk-for-net/blob/Azure.ResourceManager.Logic_1.2.0/sdk/logic/Azure.ResourceManager.Logic/README.md,ok,https://github.com/Azure/azure-sdk-for-net/blob/Azure.ResourceManager.Logic_1.2.0/sdk/logic/Azure.ResourceManager.Logic/README.md,
csharp,homepage,https://github.com/ppy/osu-localisation-analyser,ok,https://github.com/ppy/osu-localisation-analyser,
csharp,homepage,https://github.com/Azure/azure-sdk-for-net/blob/Azure.Security.KeyVault.Administration_4.8.0/sdk/keyvault/Azure.Security.KeyVault.Administration/README.md,ok,https://github.com/Azure/azure-sdk-for-net/blob/Azure.Security.KeyVault.Administration_4.8.0/sdk/keyvault/Azure.Security.KeyVault.Administration/README.md,
csharp,homepage,https://github.com/CommunityToolkit/Aspire,ok,https://github.com/CommunityToolkit/Aspire,
csharp,homepage,https://github.com/BlazorExtensions/Storage,ok,https://github.com/BlazorExtensions/Storage,
csharp,homepage,https://github.com/alanmcgovern/monotorrent,ok,https://github.com/alanmcgovern/monotorrent,
csharp,homepage,https://github.com/gfoidl/Base64,ok,https://github.com/gfoidl/Base64,
csharp,homepage,https://github.com/CommunityToolkit/Windows,ok,https://github.com/CommunityToolkit/Windows,
csharp,homepage,https://github.com/Azure/azure-sdk-for-net/blob/Microsoft.Azure.WebPubSub.Common_1.5.0/sdk/webpubsub/Microsoft.Azure.WebPubSub.Common/README.md,ok,https://github.com/Azure/azure-sdk-for-net/blob/Microsoft.Azure.WebPubSub.Common_1.5.0/sdk/webpubsub/Microsoft.Azure.WebPubSub.Common/README.md,
csharp,homepage,https://github.com/isen-ng/testcontainers-dotnet,ok,https://github.com/isen-ng/testcontainers-dotnet,
csharp,homepage,https://github.com/gmamaladze/globalmousekeyhook,ok,https://github.com/gmamaladze/globalmousekeyhook,
csharp,homepage,https://github.com/btcpayserver/BTCPayServer.Lightning,ok,https://github.com/btcpayserver/BTCPayServer.Lightning,
csharp,homepage,https://github.com/VahidN/PdfReport.Core,ok,https://github.com/VahidN/PdfReport.Core,
csharp,homepage,https://github.com/TencentCloud/tencentcloud-sdk-dotnet,ok,https://github.com/TencentCloud/tencentcloud-sdk-dotnet,
csharp,homepage,https://github.com/jellyfin/TMDbLib,ok,https://github.com/jellyfin/TMDbLib,
csharp,homepage,https://github.com/StephenCleary/Comparers,ok,https://github.com/StephenCleary/Comparers,
csharp,homepage,https://github.com/reactiveui/ReactiveUI.Validation/,ok,https://github.com/reactiveui/ReactiveUI.Validation/,
csharp,homepage,https://github.com/falahati/WindowsFirewallHelper,ok,https://github.com/falahati/WindowsFirewallHelper,
csharp,homepage,https://github.com/z4kn4fein/stashbox-extensions-dependencyinjection,ok,https://github.com/z4kn4fein/stashbox-extensions-dependencyinjection,
csharp,homepage,https://github.com/AvaloniaUtils/Material.Icons.Avalonia/,ok,https://github.com/AvaloniaUtils/Material.Icons.Avalonia/,
csharp,homepage,https://github.com/microsoft/Microsoft.Plugins.Manifest,not_found,https://github.com/microsoft/Microsoft.Plugins.Manifest,repo or path gone
csharp,homepage,https://github.com/a2aproject/a2a-dotnet,ok,https://github.com/a2aproject/a2a-dotnet,
csharp,homepage,https://github.com/BlazorExtensions/WebUSB,ok,https://github.com/BlazorExtensions/WebUSB,
csharp,homepage,https://github.com/getbrevo/brevo-csharp,ok,https://github.com/getbrevo/brevo-csharp,
csharp,homepage,https://github.com/vslavik/nuget-tools-innosetup,ok,https://github.com/vslavik/nuget-tools-innosetup,
csharp,homepage,https://github.com/goelhardik/ignore,ok,https://github.com/goelhardik/ignore,
csharp,homepage,https://github.com/tmk907/PlaylistsNET,ok,https://github.com/tmk907/PlaylistsNET,
csharp,homepage,https://github.com/LibreHardwareMonitor/LibreHardwareMonitor,ok,https://github.com/LibreHardwareMonitor/LibreHardwareMonitor,
csharp,homepage,https://github.com/Azure/azure-sdk-for-net/blob/Azure.ResourceManager.SecurityCenter_1.1.0/sdk/securitycenter/Azure.ResourceManager.SecurityCenter/README.md,ok,https://github.com/Azure/azure-sdk-for-net/blob/Azure.ResourceManager.SecurityCenter_1.1.0/sdk/securitycenter/Azure.ResourceManager.SecurityCenter/README.md,
csharp,homepage,https://github.com/Azure/azure-sdk-for-net/blob/Azure.ResourceManager.Batch_1.7.0/sdk/batch/Azure.ResourceManager.Batch/README.md,ok,https://github.com/Azure/azure-sdk-for-net/blob/Azure.ResourceManager.Batch_1.7.0/sdk/batch/Azure.ResourceManager.Batch/README.md,
csharp,homepage,https://github.com/AnthonyLloyd/CsCheck,ok,https://github.com/AnthonyLloyd/CsCheck,
csharp,homepage,https://github.com/MahApps/MahApps.Metro.IconPacks,ok,https://github.com/MahApps/MahApps.Metro.IconPacks,
csharp,homepage,https://github.com/ardalis/Ardalis.SharedKernel,ok,https://github.com/ardalis/Ardalis.SharedKernel,
csharp,homepage,https://github.com/Krusen/BencodeNET,ok,https://github.com/Krusen/BencodeNET,
csharp,homepage,https://github.com/cyanfish/grpc-dotnet-namedpipes,ok,https://github.com/cyanfish/grpc-dotnet-namedpipes,
csharp,homepage,https://github.com/AaronRobinsonMSFT/DNNE,ok,https://github.com/AaronRobinsonMSFT/DNNE,
csharp,homepage,https://github.com/rnwood/smtp4dev,ok,https://github.com/rnwood/smtp4dev,
csharp,homepage,https://github.com/kapetan/dns,ok,https://github.com/kapetan/dns,
csharp,homepage,https://github.com/mikoskinen/Blazor.EventAggregator,ok,https://github.com/mikoskinen/Blazor.EventAggregator,
csharp,homepage,https://github.com/lloydsparkes/SocksWebProxy/,ok,https://github.com/lloydsparkes/SocksWebProxy/,
csharp,homepage,https://github.com/rix0rrr/beacon,ok,https://github.com/rix0rrr/beacon,
csharp,homepage,https://github.com/Zeugma440/atldotnet,ok,https://github.com/Zeugma440/atldotnet,
csharp,homepage,https://github.com/OlegZee/NEbml,ok,https://github.com/OlegZee/NEbml,
csharp,homepage,https://github.com/dotnet/WatsonWebserver,ok,https://github.com/dotnet/WatsonWebserver,
csharp,homepage,https://github.com/anth12/diacritical-dotnet,ok,https://github.com/anth12/diacritical-dotnet,
csharp,homepage,https://github.com/milvus-io/milvus-sdk-csharp,ok,https://github.com/milvus-io/milvus-sdk-csharp,
csharp,homepage,https://github.com/lontivero/Open.NAT,ok,https://github.com/lontivero/Open.NAT,
csharp,homepage,https://github.com/aliyun/aliyun-openapi-net-sdk,ok,https://github.com/aliyun/aliyun-openapi-net-sdk,
csharp,homepage,https://github.com/wieslawsoltes/Dock,ok,https://github.com/wieslawsoltes/Dock,
csharp,homepage,https://github.com/nunit/nunit.xamarin,ok,https://github.com/nunit/nunit.xamarin,
csharp,homepage,https://github.com/microsoft/windowsml,ok,https://github.com/microsoft/windowsml,
csharp,homepage,https://github.com/lassevk/DiffLib,ok,https://github.com/lassevk/DiffLib,
csharp,homepage,https://github.com/Kinnara/ModernWpf,ok,https://github.com/Kinnara/ModernWpf,
csharp,homepage,https://github.com/Azure/azure-sdk-for-net/blob/Azure.Analytics.Synapse.Artifacts_1.0.0-preview.1/sdk/synapse/Azure.Analytics.Synapse.Artifacts/README.md,ok,https://github.com/Azure/azure-sdk-for-net/blob/Azure.Analytics.Synapse.Artifacts_1.0.0-preview.1/sdk/synapse/Azure.Analytics.Synapse.Artifacts/README.md,
csharp,homepage,https://github.com/jellyfin/BDInfo,ok,https://github.com/jellyfin/BDInfo,
csharp,homepage,https://github.com/SubtitleEdit/subtitleedit/tree/main/src/libse,ok,https://github.com/SubtitleEdit/subtitleedit/tree/main/src/libse,
csharp,homepage,https://github.com/Azure/azure-sdk-for-net/blob/Azure.Provisioning.EventHubs_1.1.0/sdk/provisioning/Azure.Provisioning.EventHubs/README.md,ok,https://github.com/Azure/azure-sdk-for-net/blob/Azure.Provisioning.EventHubs_1.1.0/sdk/provisioning/Azure.Provisioning.EventHubs/README.md,
csharp,homepage,https://github.com/loxsmoke/DocXml,ok,https://github.com/loxsmoke/DocXml,
csharp,homepage,https://github.com/FlareSolverr/FlareSolverrSharp,ok,https://github.com/FlareSolverr/FlareSolverrSharp,
csharp,homepage,https://www.nuget.org/packages/Xunit.Repeat/,not_found,https://www.nuget.org/packages/Xunit.Repeat/,HTTP 404
csharp,homepage,https://github.com/firstfloorsoftware/mui,ok,https://github.com/firstfloorsoftware/mui,
csharp,homepage,https://github.com/2020IP/TwentyTwenty.Storage,ok,https://github.com/2020IP/TwentyTwenty.Storage,
csharp,homepage,https://github.com/AvaloniaCommunity/Material.Avalonia,ok,https://github.com/AvaloniaCommunity/Material.Avalonia,
csharp,homepage,https://github.com/trichards57/Lorem.Universal.NET,ok,https://github.com/trichards57/Lorem.Universal.NET,
csharp,homepage,https://github.com/irihitech/Semi.Avalonia,ok,https://github.com/irihitech/Semi.Avalonia,
csharp,homepage,https://github.com/windows-toolkit/Microsoft.Toolkit.Win32,ok,https://github.com/windows-toolkit/Microsoft.Toolkit.Win32,
csharp,homepage,https://github.com/qmfrederik/remoteviewing/,ok,https://github.com/quamotion/remoteviewing,
csharp,homepage,https://github.com/ductran95/FastEndpoints.Extensions,ok,https://github.com/ductran95/FastEndpoints.Extensions,
csharp,homepage,https://github.com/kirsan31/winforms-datavisualization,ok,https://github.com/kirsan31/winforms-datavisualization,
csharp,homepage,https://github.com/reactiveui/fusillade/,ok,https://github.com/reactiveui/fusillade/,
csharp,homepage,https://github.com/Azure/azure-sdk-for-net/blob/Azure.ResourceManager.IotHub_1.1.1/sdk/iothub/Azure.ResourceManager.IotHub/README.md,ok,https://github.com/Azure/azure-sdk-for-net/blob/Azure.ResourceManager.IotHub_1.1.1/sdk/iothub/Azure.ResourceManager.IotHub/README.md,
csharp,homepage,https://github.com/gpailler/MegaApiClient,ok,https://github.com/gpailler/MegaApiClient,
csharp,homepage,https://github.com/btcpayserver/NBXplorer/,ok,https://github.com/btcpayserver/NBXplorer/,
csharp,homepage,https://github.com/jeffkl/ManagedDism,ok,https://github.com/jeffkl/ManagedDism,
csharp,homepage,https://github.com/IEvangelist/blazorators,ok,https://github.com/IEvangelist/blazorators,
csharp,homepage,https://github.com/Azure/azure-iot-digitaltwin-libraries,not_found,https://github.com/Azure/azure-iot-digitaltwin-libraries,HTTP 404
csharp,homepage,https://github.com/whistyun/MdXaml,ok,https://github.com/whistyun/MdXaml,
csharp,homepage,https://github.com/microsoft/DiskANN,ok,https://github.com/microsoft/DiskANN,
csharp,homepage,https://github.com/Nihlus/MP3Sharp,ok,https://github.com/Nihlus/MP3Sharp,
csharp,homepage,https://github.com/larrybeall/DirectShowLib,ok,https://github.com/larrybeall/DirectShowLib,
csharp,homepage,https://github.com/samhocevar/emoji.wpf,ok,https://github.com/samhocevar/emoji.wpf,
csharp,homepage,https://github.com/netoffice/NetOffice-NuGet,ok,https://github.com/netoffice/NetOffice-NuGet,
csharp,homepage,https://github.com/DamianEdwards/RazorSlices,ok,https://github.com/DamianEdwards/RazorSlices,
csharp,homepage,https://github.com/andrius-k/Toast,ok,https://github.com/andrius-k/Toast,
csharp,homepage,https://github.com/thomaslevesque/NHotkey,ok,https://github.com/thomaslevesque/NHotkey,
csharp,homepage,https://github.com/HavenDV/H.NotifyIcon,ok,https://github.com/HavenDV/H.NotifyIcon,
csharp,homepage,https://github.com/Azure/azure-sdk-for-net/blob/Azure.Provisioning.Network_1.1.0/sdk/network/Azure.Provisioning.Network/README.md,ok,https://github.com/Azure/azure-sdk-for-net/blob/Azure.Provisioning.Network_1.1.0/sdk/network/Azure.Provisioning.Network/README.md,
csharp,homepage,https://github.com/karaoke-dev/LrcParser,ok,https://github.com/karaoke-dev/LrcParser,
csharp,homepage,https://github.com/microsoft/agents,ok,https://github.com/microsoft/agents,
csharp,homepage,https://github.com/resourcelib/resourcelib,ok,https://github.com/resourcelib/resourcelib,
csharp,homepage,https://github.com/jaredpar/BasicUndo,ok,https://github.com/jaredpar/BasicUndo,
csharp,homepage,https://github.com/mgravell/PooledAwait/,ok,https://github.com/mgravell/PooledAwait/,
csharp,homepage,https://github.com/microsoft/security-utilities,ok,https://github.com/microsoft/security-utilities,
csharp,homepage,https://github.com/hueifeng/TinyPinyin.Net,ok,https://github.com/hueifeng/TinyPinyin.Net,
csharp,homepage,https://github.com/Kralizek/AutoFixtureExtensions,ok,https://github.com/Kralizek/AutoFixtureExtensions,
csharp,homepage,https://github.com/microsoft/Windows-AppConsult-Tools-DesktopBridgeHelpers,ok,https://github.com/microsoft/Windows-AppConsult-Tools-DesktopBridgeHelpers,
csharp,homepage,https://github.com/oleg-shilo/wixsharp,ok,https://github.com/oleg-shilo/wixsharp,
csharp,homepage,https://github.com/gnaeus/OperationResult,ok,https://github.com/gnaeus/OperationResult,
csharp,homepage,https://github.com/DigitalRuby/ExchangeSharp,ok,https://github.com/DigitalRuby/ExchangeSharp,
csharp,homepage,https://github.com/tryphotino/photino.NET,ok,https://github.com/tryphotino/photino.NET,
csharp,homepage,https://github.com/JPVenson/morestachio,ok,https://github.com/JPVenson/morestachio,
csharp,homepage,https://github.com/TopperDEL/uplink.net,ok,https://github.com/TopperDEL/uplink.net,
csharp,homepage,https://github.com/akgulebubekir/Xamarin.Forms.DataGrid,ok,https://github.com/akgulebubekir/Xamarin.Forms.DataGrid,
csharp,homepage,https://github.com/nager/Nager.ArticleNumber,ok,https://github.com/nager/Nager.ArticleNumber,
csharp,homepage,https://github.com/jaredpar/complog,ok,https://github.com/jaredpar/complog,
csharp,homepage,https://github.com/AvaloniaUI/monomac,not_found,https://github.com/AvaloniaUI/monomac,HTTP 404
