package,downloads,registry_name,in_stars,in_forks,in_downloads_90pct,sources
bundler,3670861388.0,bundler,True,True,True,stars+forks+downloads
aws-sdk-core,1735534533.0,aws-sdk-core,True,True,True,stars+forks+downloads
aws-sigv4,1542666286.0,aws-sigv4,True,True,True,stars+forks+downloads
aws-partitions,1503401650.0,aws-partitions,True,True,True,stars+forks+downloads
jmespath,1428846385.0,jmespath,True,True,True,stars+forks+downloads
i18n,1415699447.0,i18n,True,True,True,stars+forks+downloads
activesupport,1412649969.0,activesupport,True,True,True,stars+forks+downloads
rake,1395357068.0,rake,True,True,True,stars+forks+downloads
json,1355755833.0,json,True,True,True,stars+forks+downloads
concurrent-ruby,1350894115.0,concurrent-ruby,True,True,True,stars+forks+downloads
aws-eventstream,1346700829.0,aws-eventstream,True,True,True,stars+forks+downloads
rack,1332332606.0,rack,True,True,True,stars+forks+downloads
tzinfo,1302574308.0,tzinfo,True,True,True,stars+forks+downloads
minitest,1281474403.0,minitest,True,True,True,stars+forks+downloads
nokogiri,1249776487.0,nokogiri,True,True,True,stars+forks+downloads
addressable,1248517381.0,addressable,True,True,True,stars+forks+downloads
faraday,1241469867.0,faraday,True,True,True,stars+forks+downloads
public_suffix,1220136610.0,public_suffix,True,True,True,stars+forks+downloads
diff-lcs,1218933223.0,diff-lcs,True,True,True,stars+forks+downloads
rspec-core,1187996415.0,rspec-core,True,True,True,stars+forks+downloads
rspec-expectations,1187518803.0,rspec-expectations,True,True,True,stars+forks+downloads
rspec-mocks,1182198478.0,rspec-mocks,True,True,True,stars+forks+downloads
rspec-support,1174568773.0,rspec-support,True,True,True,stars+forks+downloads
multi_json,1150569936.0,multi_json,True,True,True,stars+forks+downloads
thor,1137357482.0,thor,True,True,True,stars+forks+downloads
aws-sdk-s3,1092149547.0,aws-sdk-s3,True,True,True,stars+forks+downloads
ffi,1073180440.0,ffi,True,True,True,stars+forks+downloads
aws-sdk-kms,1057101340.0,aws-sdk-kms,True,True,True,stars+forks+downloads
rspec,1011146338.0,rspec,True,True,True,stars+forks+downloads
unicode-display_width,968488522.0,unicode-display_width,True,True,True,stars+forks+downloads
mime-types,923099952.0,mime-types,True,True,True,stars+forks+downloads
builder,920491109.0,builder,True,True,True,stars+forks+downloads
multipart-post,915576435.0,multipart-post,True,True,True,stars+forks+downloads
activemodel,882549386.0,activemodel,True,True,True,stars+forks+downloads
mini_mime,870447435.0,mini_mime,True,True,True,stars+forks+downloads
parser,828189139.0,parser,True,True,True,stars+forks+downloads
activerecord,827451393.0,activerecord,True,True,True,stars+forks+downloads
actionpack,815491897.0,actionpack,True,True,True,stars+forks+downloads
parallel,811681714.0,parallel,True,True,True,stars+forks+downloads
rexml,810871125.0,rexml,True,True,True,stars+forks+downloads
rack-test,803290815.0,rack-test,True,True,True,stars+forks+downloads
jwt,801609851.0,jwt,True,True,True,stars+forks+downloads
tilt,785021188.0,tilt,True,True,True,stars+forks+downloads
ast,783778184.0,ast,True,True,True,stars+forks+downloads
rails,779205830.0,rails,True,True,True,stars+forks+downloads
railties,777205380.0,railties,True,True,True,stars+forks+downloads
rubyzip,777092084.0,rubyzip,True,True,True,stars+forks+downloads
method_source,767938956.0,method_source,True,True,True,stars+forks+downloads
actionview,766268811.0,actionview,True,True,True,stars+forks+downloads
actionmailer,763842759.0,actionmailer,True,True,True,stars+forks+downloads
mail,754842068.0,mail,True,True,True,stars+forks+downloads
rainbow,739818942.0,rainbow,True,True,True,stars+forks+downloads
mime-types-data,737435701.0,mime-types-data,True,True,True,stars+forks+downloads
faraday-net_http,736329487.0,faraday-net_http,True,True,True,stars+forks+downloads
loofah,736109102.0,loofah,True,True,True,stars+forks+downloads
ruby-progressbar,735115064.0,ruby-progressbar,True,True,True,stars+forks+downloads
rubocop,734707853.0,rubocop,True,True,True,stars+forks+downloads
racc,723234494.0,racc,True,True,True,stars+forks+downloads
connection_pool,714121393.0,connection_pool,True,True,True,stars+forks+downloads
excon,699638385.0,excon,True,True,True,stars+forks+downloads
rails-html-sanitizer,696248028.0,rails-html-sanitizer,True,True,True,stars+forks+downloads
activejob,696010000.0,activejob,True,True,True,stars+forks+downloads
zeitwerk,687602871.0,zeitwerk,True,True,True,stars+forks+downloads
nio4r,680201465.0,nio4r,True,True,True,stars+forks+downloads
http-cookie,675660712.0,http-cookie,True,True,True,stars+forks+downloads
rails-dom-testing,673995535.0,rails-dom-testing,True,True,True,stars+forks+downloads
domain_name,665154305.0,domain_name,True,True,True,stars+forks+downloads
regexp_parser,655109800.0,regexp_parser,True,True,True,stars+forks+downloads
globalid,655044043.0,globalid,True,True,True,stars+forks+downloads
websocket-driver,635011192.0,websocket-driver,True,True,True,stars+forks+downloads
coderay,633559883.0,coderay,True,True,True,stars+forks+downloads
pry,627158033.0,pry,True,True,True,stars+forks+downloads
erubi,619847466.0,erubi,True,True,True,stars+forks+downloads
rubygems-update,617390717.0,rubygems-update,False,False,True,downloads
sprockets,616732053.0,sprockets,True,True,True,stars+forks+downloads
thread_safe,609501804.0,thread_safe,True,True,True,stars+forks+downloads
mini_portile2,609044561.0,mini_portile2,True,True,True,stars+forks+downloads
crass,605460118.0,crass,True,True,True,stars+forks+downloads
puma,595931815.0,puma,True,True,True,stars+forks+downloads
actioncable,594202807.0,actioncable,True,True,True,stars+forks+downloads
multi_xml,593822457.0,multi_xml,True,True,True,stars+forks+downloads
websocket-extensions,584271328.0,websocket-extensions,True,True,True,stars+forks+downloads
redis,577344114.0,redis,True,True,True,stars+forks+downloads
sprockets-rails,558004953.0,sprockets-rails,True,True,True,stars+forks+downloads
netrc,553938345.0,netrc,True,True,True,stars+forks+downloads
rubocop-ast,552455088.0,rubocop-ast,True,True,True,stars+forks+downloads
dotenv,538308437.0,dotenv,True,True,True,stars+forks+downloads
unf_ext,537189212.0,unf_ext,True,True,True,stars+forks+downloads
activestorage,530725185.0,activestorage,True,True,True,stars+forks+downloads
httpclient,530384545.0,httpclient,True,True,True,stars+forks+downloads
rack-protection,512153202.0,rack-protection,True,True,True,stars+forks+downloads
msgpack,509308157.0,msgpack,True,True,True,stars+forks+downloads
rb-fsevent,507981985.0,rb-fsevent,True,True,True,stars+forks+downloads
unf,506723919.0,unf,True,True,True,stars+forks+downloads
base64,503292110.0,base64,True,True,True,stars+forks+downloads
googleauth,501950178.0,googleauth,True,True,True,stars+forks+downloads
docile,496511855.0,docile,True,True,True,stars+forks+downloads
simplecov,493862671.0,simplecov,True,True,True,stars+forks+downloads
signet,491573212.0,signet,True,True,True,stars+forks+downloads
simplecov-html,487665330.0,simplecov-html,True,True,True,stars+forks+downloads
rb-inotify,486777759.0,rb-inotify,True,True,True,stars+forks+downloads
ruby2_keywords,483280267.0,ruby2_keywords,True,True,True,stars+forks+downloads
bigdecimal,481790161.0,bigdecimal,True,True,True,stars+forks+downloads
rest-client,481478550.0,rest-client,True,True,True,stars+forks+downloads
hashie,479165143.0,hashie,True,True,True,stars+forks+downloads
marcel,476837726.0,marcel,True,True,True,stars+forks+downloads
httparty,476464045.0,httparty,True,True,True,stars+forks+downloads
byebug,475212268.0,byebug,True,True,True,stars+forks+downloads
webrick,468861923.0,webrick,True,True,True,stars+forks+downloads
pg,465126164.0,pg,True,True,True,stars+forks+downloads
os,461926178.0,os,True,True,True,stars+forks+downloads
faraday_middleware,460138840.0,faraday_middleware,True,True,True,stars+forks+downloads
google-protobuf,446985529.0,google-protobuf,True,True,True,stars+forks+downloads
actiontext,436348849.0,actiontext,True,True,True,stars+forks+downloads
actionmailbox,436176913.0,actionmailbox,True,True,True,stars+forks+downloads
hashdiff,420647674.0,hashdiff,True,True,True,stars+forks+downloads
webmock,417492500.0,webmock,True,True,True,stars+forks+downloads
terminal-table,412403595.0,terminal-table,True,True,True,stars+forks+downloads
execjs,411937580.0,execjs,True,True,True,stars+forks+downloads
bcrypt,408763964.0,bcrypt,True,True,True,stars+forks+downloads
crack,408033397.0,crack,True,True,True,stars+forks+downloads
faraday-retry,404156360.0,faraday-retry,True,True,True,stars+forks+downloads
rspec-rails,403443148.0,rspec-rails,True,True,True,stars+forks+downloads
logger,399224543.0,logger,True,True,True,stars+forks+downloads
retriable,398945499.0,retriable,True,True,True,stars+forks+downloads
sawyer,396792426.0,sawyer,True,True,True,stars+forks+downloads
listen,396407401.0,listen,True,True,True,stars+forks+downloads
faraday-excon,393793312.0,faraday-excon,True,True,True,stars+forks+downloads
faraday-net_http_persistent,389854634.0,faraday-net_http_persistent,True,True,True,stars+forks+downloads
octokit,389392733.0,octokit,True,True,True,stars+forks+downloads
faraday-multipart,389326082.0,faraday-multipart,True,True,True,stars+forks+downloads
aws-sdk,383208381.0,aws-sdk,False,False,True,downloads
net-ssh,381119067.0,net-ssh,True,True,True,stars+forks+downloads
knapsack,379678028.0,knapsack,True,True,True,stars+forks+downloads
representable,375198093.0,representable,True,True,True,stars+forks+downloads
mini_magick,371325238.0,mini_magick,True,True,True,stars+forks+downloads
bootsnap,369450370.0,bootsnap,True,True,True,stars+forks+downloads
net-imap,368829984.0,net-imap,True,True,True,stars+forks+downloads
uber,368675607.0,uber,True,True,True,stars+forks+downloads
aws-sdk-resources,366023383.0,aws-sdk-resources,False,False,True,downloads
sass,365189059.0,sass,True,True,True,stars+forks+downloads
declarative,360985975.0,declarative,True,True,True,stars+forks+downloads
faraday-em_synchrony,357249224.0,faraday-em_synchrony,True,True,True,stars+forks+downloads
capybara,354718067.0,capybara,True,True,True,stars+forks+downloads
sinatra,353765751.0,sinatra,True,True,True,stars+forks+downloads
selenium-webdriver,353688503.0,selenium-webdriver,True,True,True,stars+forks+downloads
timeout,351482312.0,timeout,True,True,True,stars+forks+downloads
factory_bot,349202234.0,factory_bot,True,True,True,stars+forks+downloads
request_store,347835052.0,request_store,True,True,True,stars+forks+downloads
faraday-em_http,346168207.0,faraday-em_http,True,True,True,stars+forks+downloads
aws-sdk-sqs,341742660.0,aws-sdk-sqs,True,True,True,stars+forks+downloads
faker,338413299.0,faker,True,True,True,stars+forks+downloads
xpath,336849107.0,xpath,True,True,True,stars+forks+downloads
rdoc,336704129.0,rdoc,True,True,True,stars+forks+downloads
highline,335740032.0,highline,True,True,True,stars+forks+downloads
faraday-httpclient,334123586.0,faraday-httpclient,True,True,True,stars+forks+downloads
sidekiq,332028509.0,sidekiq,True,True,True,stars+forks+downloads
google-cloud-env,331290096.0,google-cloud-env,True,True,True,stars+forks+downloads
responders,330964796.0,responders,True,True,True,stars+forks+downloads
faraday-patron,330607291.0,faraday-patron,True,True,True,stars+forks+downloads
arel,329529292.0,arel,True,True,True,stars+forks+downloads
eventmachine,329492472.0,eventmachine,True,True,True,stars+forks+downloads
faraday-rack,324208034.0,faraday-rack,True,True,True,stars+forks+downloads
rubocop-performance,321199710.0,rubocop-performance,True,True,True,stars+forks+downloads
memoist,320277638.0,memoist,True,True,True,stars+forks+downloads
net-smtp,320022773.0,net-smtp,True,True,True,stars+forks+downloads
rouge,319732219.0,rouge,True,True,True,stars+forks+downloads
daemons,315450885.0,daemons,True,True,True,stars+forks+downloads
jquery-rails,309044968.0,jquery-rails,True,True,True,stars+forks+downloads
jbuilder,308885862.0,jbuilder,True,True,True,stars+forks+downloads
digest-crc,306512006.0,digest-crc,True,True,True,stars+forks+downloads
childprocess,306348991.0,childprocess,True,True,True,stars+forks+downloads
warden,303230030.0,warden,True,True,True,stars+forks+downloads
oj,302456970.0,oj,True,True,True,stars+forks+downloads
rubocop-rails,301258033.0,rubocop-rails,True,True,True,stars+forks+downloads
erubis,300263403.0,erubis,True,True,True,stars+forks+downloads
launchy,296504969.0,launchy,True,True,True,stars+forks+downloads
uglifier,293446267.0,uglifier,True,True,True,stars+forks+downloads
date,293328201.0,date,True,True,True,stars+forks+downloads
ethon,293222792.0,ethon,True,True,True,stars+forks+downloads
sass-rails,293027871.0,sass-rails,True,True,True,stars+forks+downloads
devise,292438114.0,devise,True,True,True,stars+forks+downloads
mustermann,291677604.0,mustermann,True,True,True,stars+forks+downloads
rubocop-rspec,290638447.0,rubocop-rspec,True,True,True,stars+forks+downloads
factory_bot_rails,289486391.0,factory_bot_rails,True,True,True,stars+forks+downloads
net-protocol,288814983.0,net-protocol,True,True,True,stars+forks+downloads
language_server-protocol,286380093.0,language_server-protocol,True,True,True,stars+forks+downloads
typhoeus,285595359.0,typhoeus,True,True,True,stars+forks+downloads
awesome_print,285526299.0,awesome_print,True,True,True,stars+forks+downloads
pry-byebug,284761605.0,pry-byebug,True,True,True,stars+forks+downloads
orm_adapter,283168637.0,orm_adapter,True,True,True,stars+forks+downloads
formatador,280543071.0,formatador,True,True,True,stars+forks+downloads
google-apis-core,280026305.0,google-apis-core,True,True,True,stars+forks+downloads
google-cloud-core,278167727.0,google-cloud-core,True,True,True,stars+forks+downloads
aws-sdk-ssm,276520107.0,aws-sdk-ssm,True,True,True,stars+forks+downloads
http-accept,274809149.0,http-accept,True,True,True,stars+forks+downloads
oauth2,273444936.0,oauth2,True,True,True,stars+forks+downloads
rack-cors,271297599.0,rack-cors,True,True,True,stars+forks+downloads
shoulda-matchers,270007865.0,shoulda-matchers,True,True,True,stars+forks+downloads
timecop,269857712.0,timecop,True,True,True,stars+forks+downloads
rspec_junit_formatter,269445516.0,rspec_junit_formatter,True,True,True,stars+forks+downloads
kaminari,269174084.0,kaminari,True,True,True,stars+forks+downloads
simplecov_json_formatter,267572933.0,simplecov_json_formatter,True,True,True,stars+forks+downloads
cfpropertylist,266452910.0,CFPropertyList,True,True,True,stars+forks+downloads
coffee-script-source,264795892.0,coffee-script-source,True,True,True,stars+forks+downloads
google-cloud-errors,264528496.0,google-cloud-errors,True,True,True,stars+forks+downloads
aws-sdk-ec2,261212916.0,aws-sdk-ec2,True,True,True,stars+forks+downloads
drb,260254066.0,drb,True,True,True,stars+forks+downloads
spring,257199552.0,spring,True,True,True,stars+forks+downloads
coffee-script,255899896.0,coffee-script,True,True,True,stars+forks+downloads
trailblazer-option,250899606.0,trailblazer-option,True,True,True,stars+forks+downloads
temple,249518913.0,temple,True,True,True,stars+forks+downloads
kramdown,249408655.0,kramdown,True,True,True,stars+forks+downloads
net-ntp,249168218.0,net-ntp,True,True,True,stars+forks+downloads
claide,248619897.0,claide,True,True,True,stars+forks+downloads
reline,243087624.0,reline,True,True,True,stars+forks+downloads
colored2,241610501.0,colored2,True,True,True,stars+forks+downloads
mysql2,240433290.0,mysql2,True,True,True,stars+forks+downloads
uri,239996610.0,uri,True,True,True,stars+forks+downloads
dry-core,239959618.0,dry-core,True,True,True,stars+forks+downloads
htmlentities,239656514.0,htmlentities,True,True,True,stars+forks+downloads
net-pop,238041197.0,net-pop,True,True,True,stars+forks+downloads
psych,237958602.0,psych,True,True,True,stars+forks+downloads
tty-screen,237438686.0,tty-screen,True,True,True,stars+forks+downloads
kaminari-core,236615737.0,kaminari-core,True,True,True,stars+forks+downloads
google-cloud-storage,235748336.0,google-cloud-storage,True,True,True,stars+forks+downloads
coffee-rails,235309126.0,coffee-rails,True,True,True,stars+forks+downloads
irb,234425178.0,irb,True,True,True,stars+forks+downloads
kaminari-activerecord,232312526.0,kaminari-activerecord,True,True,True,stars+forks+downloads
yard,232228652.0,yard,True,True,True,stars+forks+downloads
kaminari-actionview,231823631.0,kaminari-actionview,True,True,True,stars+forks+downloads
brakeman,230162174.0,brakeman,True,True,True,stars+forks+downloads
dry-inflector,229568242.0,dry-inflector,True,True,True,stars+forks+downloads
net-scp,229164441.0,net-scp,True,True,True,stars+forks+downloads
pry-rails,227395164.0,pry-rails,True,True,True,stars+forks+downloads
tty-cursor,227238282.0,tty-cursor,True,True,True,stars+forks+downloads
io-console,226078357.0,io-console,True,True,True,stars+forks+downloads
benchmark,224986490.0,benchmark,True,True,True,stars+forks+downloads
googleapis-common-protos-types,224015244.0,googleapis-common-protos-types,True,True,True,stars+forks+downloads
securerandom,223146455.0,securerandom,True,True,True,stars+forks+downloads
et-orbi,221840850.0,et-orbi,True,True,True,stars+forks+downloads
omniauth,221473069.0,omniauth,True,True,True,stars+forks+downloads
aws-sdk-kinesis,221000792.0,aws-sdk-kinesis,True,True,True,stars+forks+downloads
xcodeproj,220587476.0,xcodeproj,True,True,True,stars+forks+downloads
dry-types,217196187.0,dry-types,True,True,True,stars+forks+downloads
database_cleaner,216582911.0,database_cleaner,True,True,True,stars+forks+downloads
dry-logic,216330274.0,dry-logic,True,True,True,stars+forks+downloads
elasticsearch-api,215048322.0,elasticsearch-api,True,True,True,stars+forks+downloads
elasticsearch,214005956.0,elasticsearch,True,True,True,stars+forks+downloads
safe_yaml,213179730.0,safe_yaml,True,True,True,stars+forks+downloads
http,211562950.0,http,True,True,True,stars+forks+downloads
plist,210469231.0,plist,True,True,True,stars+forks+downloads
redis-namespace,210318282.0,redis-namespace,True,True,True,stars+forks+downloads
fugit,210105571.0,fugit,True,True,True,stars+forks+downloads
fastlane,209217624.0,fastlane,False,False,True,downloads
aws-sdk-dynamodb,208775481.0,aws-sdk-dynamodb,True,True,True,stars+forks+downloads
sassc,208591302.0,sassc,True,True,True,stars+forks+downloads
thin,208174185.0,thin,True,True,True,stars+forks+downloads
fastimage,207811112.0,fastimage,True,True,True,stars+forks+downloads
ice_nine,206865733.0,ice_nine,True,True,True,stars+forks+downloads
net-http-persistent,206468314.0,net-http-persistent,True,True,True,stars+forks+downloads
chunky_png,205566811.0,chunky_png,True,True,True,stars+forks+downloads
git,205258215.0,git,True,True,True,stars+forks+downloads
grpc,204314754.0,grpc,True,True,True,stars+forks+downloads
haml,204196085.0,haml,True,True,True,stars+forks+downloads
http-form_data,203539480.0,http-form_data,True,True,True,stars+forks+downloads
debug_inspector,202515120.0,debug_inspector,True,True,True,stars+forks+downloads
websocket,202384926.0,websocket,True,True,True,stars+forks+downloads
dotenv-rails,202240900.0,dotenv-rails,True,True,True,stars+forks+downloads
google-apis-storage_v1,201940791.0,google-apis-storage_v1,True,True,True,stars+forks+downloads
timers,201860739.0,timers,True,False,True,stars+downloads
raabro,201688114.0,raabro,True,True,True,stars+forks+downloads
graphql,200662105.0,graphql,True,True,True,stars+forks+downloads
mutex_m,197976720.0,mutex_m,True,True,True,stars+forks+downloads
lograge,197935385.0,lograge,True,True,True,stars+forks+downloads
binding_of_caller,197457832.0,binding_of_caller,True,True,True,stars+forks+downloads
rails-controller-testing,196842561.0,rails-controller-testing,True,True,True,stars+forks+downloads
google-apis-iamcredentials_v1,196181247.0,google-apis-iamcredentials_v1,True,True,True,stars+forks+downloads
rack-session,194804052.0,rack-session,True,True,True,stars+forks+downloads
fog-core,194466687.0,fog-core,True,True,True,stars+forks+downloads
sqlite3,192591321.0,sqlite3,True,True,True,stars+forks+downloads
mimemagic,192279704.0,mimemagic,True,True,True,stars+forks+downloads
json-schema,192208756.0,json-schema,True,True,True,stars+forks+downloads
stringio,191321611.0,stringio,True,True,True,stars+forks+downloads
dry-configurable,189239730.0,dry-configurable,True,True,True,stars+forks+downloads
csv,188585638.0,csv,True,True,True,stars+forks+downloads
net-http,186722051.0,net-http,True,True,True,stars+forks+downloads
nap,186409923.0,nap,True,True,True,stars+forks+downloads
omniauth-oauth2,185947358.0,omniauth-oauth2,True,True,True,stars+forks+downloads
newrelic_rpm,185060294.0,newrelic_rpm,True,True,True,stars+forks+downloads
fog-json,184818182.0,fog-json,True,True,True,stars+forks+downloads
prism,184656385.0,prism,True,True,True,stars+forks+downloads
google-api-client,184620325.0,google-api-client,True,True,True,stars+forks+downloads
ipaddress,183917507.0,ipaddress,True,True,True,stars+forks+downloads
state_machines,182808027.0,state_machines,True,True,True,stars+forks+downloads
bullet,182102206.0,bullet,True,True,True,stars+forks+downloads
web-console,181328414.0,web-console,True,True,True,stars+forks+downloads
uniform_notifier,181050827.0,uniform_notifier,True,True,True,stars+forks+downloads
fog-xml,180578397.0,fog-xml,True,True,True,stars+forks+downloads
sass-listen,179517118.0,sass-listen,True,True,True,stars+forks+downloads
css_parser,179212798.0,css_parser,True,True,True,stars+forks+downloads
net-sftp,177980893.0,net-sftp,True,True,True,stars+forks+downloads
http_parser.rb,177751585.0,http_parser.rb,True,True,True,stars+forks+downloads
ffi-compiler,177731383.0,ffi-compiler,True,True,True,stars+forks+downloads
rack-proxy,176559323.0,rack-proxy,True,True,True,stars+forks+downloads
xml-simple,176463034.0,xml-simple,True,True,True,stars+forks+downloads
fog-aws,175246679.0,fog-aws,True,True,True,stars+forks+downloads
nanaimo,174320111.0,nanaimo,True,True,True,stars+forks+downloads
elasticsearch-transport,173734612.0,elasticsearch-transport,True,True,True,stars+forks+downloads
matrix,173681256.0,matrix,True,True,True,stars+forks+downloads
aws-sdk-sns,173518383.0,aws-sdk-sns,True,True,True,stars+forks+downloads
sassc-rails,173406616.0,sassc-rails,True,True,True,stars+forks+downloads
rackup,172638698.0,rackup,True,True,True,stars+forks+downloads
kramdown-parser-gfm,170505400.0,kramdown-parser-gfm,True,True,True,stars+forks+downloads
babosa,170417092.0,babosa,True,True,True,stars+forks+downloads
aws-sdk-cloudformation,167891762.0,aws-sdk-cloudformation,True,True,True,stars+forks+downloads
aws-sdk-lambda,167688971.0,aws-sdk-lambda,False,False,True,downloads
aws-sdk-secretsmanager,167343450.0,aws-sdk-secretsmanager,True,True,True,stars+forks+downloads
celluloid,167035240.0,celluloid,True,False,True,stars+downloads
oauth,166911268.0,oauth,True,True,True,stars+forks+downloads
aws-sdk-cloudwatch,166678152.0,aws-sdk-cloudwatch,True,True,True,stars+forks+downloads
colorize,166488669.0,colorize,True,True,True,stars+forks+downloads
activerecord-import,164704068.0,activerecord-import,True,True,True,stars+forks+downloads
parallel_tests,164620203.0,parallel_tests,True,True,True,stars+forks+downloads
unicode-emoji,164149836.0,unicode-emoji,True,True,True,stars+forks+downloads
faraday-cookie_jar,164145012.0,faraday-cookie_jar,True,True,True,stars+forks+downloads
vcr,163164309.0,vcr,True,True,True,stars+forks+downloads
autoprefixer-rails,163156696.0,autoprefixer-rails,True,True,True,stars+forks+downloads
ttfunk,161297380.0,ttfunk,True,True,True,stars+forks+downloads
rchardet,161020150.0,rchardet,True,True,True,stars+forks+downloads
tty-spinner,160584700.0,tty-spinner,True,True,True,stars+forks+downloads
bindex,159925706.0,bindex,True,True,True,stars+forks+downloads
fluent-plugin-s3,159070498.0,fluent-plugin-s3,False,False,True,downloads
atomos,157364329.0,atomos,True,True,True,stars+forks+downloads
slop,157245117.0,slop,True,True,True,stars+forks+downloads
fluent-plugin-kubernetes_metadata_filter,156996995.0,fluent-plugin-kubernetes_metadata_filter,False,False,True,downloads
redis-client,156342833.0,redis-client,True,True,True,stars+forks+downloads
stackprof,155275563.0,stackprof,True,True,True,stars+forks+downloads
colored,154322564.0,colored,True,True,True,stars+forks+downloads
gh_inspector,154253950.0,gh_inspector,True,True,True,stars+forks+downloads
guard,153631020.0,guard,True,True,True,stars+forks+downloads
lumberjack,153221799.0,lumberjack,True,True,True,stars+forks+downloads
google-apis-androidpublisher_v3,152667700.0,google-apis-androidpublisher_v3,True,True,True,stars+forks+downloads
backports,151574120.0,backports,True,False,True,stars+downloads
aws-sdk-iam,151436948.0,aws-sdk-iam,True,True,True,stars+forks+downloads
sexp_processor,151042849.0,sexp_processor,True,True,True,stars+forks+downloads
rack-attack,149825060.0,rack-attack,True,True,True,stars+forks+downloads
open4,149177552.0,open4,True,True,True,stars+forks+downloads
sorbet-runtime,147928060.0,sorbet-runtime,True,True,True,stars+forks+downloads
sentry-ruby,147803090.0,sentry-ruby,True,True,True,stars+forks+downloads
ostruct,147377039.0,ostruct,True,True,True,stars+forks+downloads
commander,145929014.0,commander,True,True,True,stars+forks+downloads
aws-sdk-ecr,145611463.0,aws-sdk-ecr,False,False,True,downloads
paper_trail,145194929.0,paper_trail,True,True,True,stars+forks+downloads
browser,144244411.0,browser,True,True,True,stars+forks+downloads
descendants_tracker,143685012.0,descendants_tracker,True,True,True,stars+forks+downloads
aws-sdk-cloudwatchlogs,143431321.0,aws-sdk-cloudwatchlogs,False,False,True,downloads
turbolinks,142564324.0,turbolinks,True,True,True,stars+forks+downloads
xcpretty,142020092.0,xcpretty,True,True,True,stars+forks+downloads
bundler-audit,141579566.0,bundler-audit,True,True,True,stars+forks+downloads
climate_control,141217682.0,climate_control,True,True,True,stars+forks+downloads
rufus-scheduler,140972965.0,rufus-scheduler,True,True,True,stars+forks+downloads
carrierwave,140945919.0,carrierwave,True,True,True,stars+forks+downloads
bindata,140893251.0,bindata,True,True,True,stars+forks+downloads
ruby_parser,140778038.0,ruby_parser,True,True,True,stars+forks+downloads
nenv,140647688.0,nenv,True,True,True,stars+forks+downloads
notiffany,140639777.0,notiffany,True,True,True,stars+forks+downloads
unicode_utils,139441880.0,unicode_utils,True,True,True,stars+forks+downloads
slack-notifier,139435781.0,slack-notifier,True,True,True,stars+forks+downloads
rails-i18n,139039988.0,rails-i18n,True,True,True,stars+forks+downloads
shellany,139022664.0,shellany,True,True,True,stars+forks+downloads
faraday-http-cache,138867641.0,faraday-http-cache,True,True,True,stars+forks+downloads
cocoapods,138370087.0,cocoapods,True,False,True,stars+downloads
jaro_winkler,137638100.0,jaro_winkler,True,True,True,stars+forks+downloads
rotp,137530525.0,rotp,True,True,True,stars+forks+downloads
aws-sdk-route53,137511734.0,aws-sdk-route53,False,False,True,downloads
bootboot,137456162.0,bootboot,False,False,True,downloads
version_gem,137295209.0,version_gem,True,True,True,stars+forks+downloads
liquid,137087717.0,liquid,True,True,True,stars+forks+downloads
active_model_serializers,136475792.0,active_model_serializers,True,True,True,stars+forks+downloads
dry-container,136353480.0,dry-container,False,False,True,downloads
sanitize,136020883.0,sanitize,True,True,True,stars+forks+downloads
emoji_regex,135664826.0,emoji_regex,True,True,True,stars+forks+downloads
redis-store,135632725.0,redis-store,True,True,True,stars+forks+downloads
ruby-saml,135326142.0,ruby-saml,True,True,True,stars+forks+downloads
dogstatsd-ruby,135136992.0,dogstatsd-ruby,True,True,True,stars+forks+downloads
spring-commands-rspec,134421975.0,spring-commands-rspec,True,True,True,stars+forks+downloads
cocoapods-core,134079383.0,cocoapods-core,True,False,True,stars+downloads
guard-compat,133901669.0,guard-compat,True,True,True,stars+forks+downloads
chronic,133816216.0,chronic,True,True,True,stars+forks+downloads
optimist,133513968.0,optimist,True,True,True,stars+forks+downloads
dry-initializer,133266210.0,dry-initializer,True,True,True,stars+forks+downloads
coercible,133210480.0,coercible,True,True,True,stars+forks+downloads
celluloid-io,132844104.0,celluloid-io,True,False,True,stars+downloads
twilio-ruby,132718598.0,twilio-ruby,True,True,True,stars+forks+downloads
naturally,132608954.0,naturally,True,True,True,stars+forks+downloads
useragent,132500179.0,useragent,True,True,True,stars+forks+downloads
security,132311931.0,security,True,True,True,stars+forks+downloads
terminal-notifier,132240502.0,terminal-notifier,True,True,True,stars+forks+downloads
redcarpet,132235149.0,redcarpet,True,True,True,stars+forks+downloads
money,131943841.0,money,True,True,True,stars+forks+downloads
foreman,131797828.0,foreman,True,True,True,stars+forks+downloads
simctl,131346760.0,simctl,True,True,True,stars+forks+downloads
equalizer,131102941.0,equalizer,True,True,True,stars+forks+downloads
pp,131012006.0,pp,True,True,True,stars+forks+downloads
nori,131010843.0,nori,True,True,True,stars+forks+downloads
database_cleaner-active_record,130833275.0,database_cleaner-active_record,True,True,True,stars+forks+downloads
countries,130269882.0,countries,True,True,True,stars+forks+downloads
virtus,130058206.0,virtus,True,True,True,stars+forks+downloads
aws-sdk-ses,129879364.0,aws-sdk-ses,True,True,True,stars+forks+downloads
guard-rspec,128676589.0,guard-rspec,True,True,True,stars+forks+downloads
lint_roller,128585445.0,lint_roller,True,True,True,stars+forks+downloads
dalli,128525995.0,dalli,True,True,True,stars+forks+downloads
ed25519,128302443.0,ed25519,True,True,True,stars+forks+downloads
ruby-vips,128288515.0,ruby-vips,True,True,True,stars+forks+downloads
axiom-types,128151234.0,axiom-types,True,True,True,stars+forks+downloads
redis-rack,127403690.0,redis-rack,True,True,True,stars+forks+downloads
aws-sdk-firehose,127304152.0,aws-sdk-firehose,False,False,True,downloads
rqrcode,127155990.0,rqrcode,True,True,True,stars+forks+downloads
database_cleaner-core,126925338.0,database_cleaner-core,True,True,True,stars+forks+downloads
gyoku,126801835.0,gyoku,True,True,True,stars+forks+downloads
premailer,125880917.0,premailer,True,True,True,stars+forks+downloads
aws-sdk-elasticloadbalancing,125818294.0,aws-sdk-elasticloadbalancing,False,False,True,downloads
redis-actionpack,125592628.0,redis-actionpack,True,True,True,stars+forks+downloads
rspec-retry,124871744.0,rspec-retry,True,True,True,stars+forks+downloads
xcpretty-travis-formatter,124569636.0,xcpretty-travis-formatter,True,True,True,stars+forks+downloads
kgio,124364435.0,kgio,False,False,True,downloads
danger,124307534.0,danger,True,True,True,stars+forks+downloads
raindrops,124063553.0,raindrops,True,True,True,stars+forks+downloads
tins,123720033.0,tins,True,True,True,stars+forks+downloads
ruby-rc4,123468393.0,ruby-rc4,True,True,True,stars+forks+downloads
snaky_hash,122936793.0,snaky_hash,True,True,True,stars+forks+downloads
tzinfo-data,122903101.0,tzinfo-data,True,True,True,stars+forks+downloads
image_processing,122864376.0,image_processing,True,True,True,stars+forks+downloads
celluloid-supervision,122436584.0,celluloid-supervision,True,False,True,stars+downloads
celluloid-pool,122232623.0,celluloid-pool,True,False,True,stars+downloads
celluloid-essentials,122212001.0,celluloid-essentials,True,False,True,stars+downloads
celluloid-fsm,122203991.0,celluloid-fsm,True,False,True,stars+downloads
celluloid-extras,122201467.0,celluloid-extras,True,False,True,stars+downloads
omniauth-google-oauth2,121968315.0,omniauth-google-oauth2,True,True,True,stars+forks+downloads
statsd-ruby,121906845.0,statsd-ruby,True,True,True,stars+forks+downloads
encryptor,121890339.0,encryptor,True,True,True,stars+forks+downloads
word_wrap,121862776.0,word_wrap,True,True,True,stars+forks+downloads
debase-ruby_core_source,121670636.0,debase-ruby_core_source,True,True,True,stars+forks+downloads
faraday_middleware-aws-sigv4,121221055.0,faraday_middleware-aws-sigv4,True,True,True,stars+forks+downloads
deep_merge,121219001.0,deep_merge,True,True,True,stars+forks+downloads
get_process_mem,120896834.0,get_process_mem,True,True,True,stars+forks+downloads
dry-schema,120256851.0,dry-schema,True,True,True,stars+forks+downloads
aws-sdk-rds,120083591.0,aws-sdk-rds,True,False,True,stars+downloads
declarative-option,120041420.0,declarative-option,True,True,True,stars+forks+downloads
debug,120040842.0,debug,True,True,True,stars+forks+downloads
stripe,119739284.0,stripe,True,True,True,stars+forks+downloads
aws-sdk-cloudfront,119411805.0,aws-sdk-cloudfront,False,False,True,downloads
unicorn,118804315.0,unicorn,False,False,True,downloads
bson,117847417.0,bson,True,True,True,stars+forks+downloads
optparse,117817698.0,optparse,True,True,True,stars+forks+downloads
letter_opener,117801373.0,letter_opener,True,True,True,stars+forks+downloads
sentry-rails,117706519.0,sentry-rails,True,True,True,stars+forks+downloads
dry-validation,117463313.0,dry-validation,True,True,True,stars+forks+downloads
ransack,116214444.0,ransack,True,True,True,stars+forks+downloads
artifactory,115903593.0,artifactory,True,True,True,stars+forks+downloads
google-apis-playcustomapp_v1,115602731.0,google-apis-playcustomapp_v1,True,True,True,stars+forks+downloads
cork,115372734.0,cork,True,True,True,stars+forks+downloads
tty-color,115259971.0,tty-color,True,True,True,stars+forks+downloads
rubygems-bundler,115200886.0,rubygems-bundler,False,False,True,downloads
claide-plugins,115012183.0,claide-plugins,True,True,True,stars+forks+downloads
wisper,114908520.0,wisper,True,True,True,stars+forks+downloads
pastel,114783440.0,pastel,True,True,True,stars+forks+downloads
gitlab,114534328.0,gitlab,True,True,True,stars+forks+downloads
eye,114478505.0,eye,False,False,True,downloads
aws-sdk-states,114151163.0,aws-sdk-states,False,False,True,downloads
roo,113397456.0,roo,False,False,True,downloads
molinillo,113076984.0,molinillo,True,True,True,stars+forks+downloads
aws-sdk-cloudwatchevents,112919770.0,aws-sdk-cloudwatchevents,False,False,True,downloads
aws-sdk-codecommit,112719338.0,aws-sdk-codecommit,False,False,True,downloads
doorkeeper,112688272.0,doorkeeper,True,True,True,stars+forks+downloads
dogapi,112574861.0,dogapi,False,False,True,downloads
pdf-reader,112159332.0,pdf-reader,True,True,True,stars+forks+downloads
sentry-raven,112105125.0,sentry-raven,False,False,True,downloads
aws-sdk-autoscaling,111970074.0,aws-sdk-autoscaling,True,True,True,stars+forks+downloads
aws-sdk-ecs,111591348.0,aws-sdk-ecs,False,False,True,downloads
ascii85,111458713.0,Ascii85,True,True,True,stars+forks+downloads
kostya-sigar,111412874.0,kostya-sigar,False,False,True,downloads
prettyprint,111338380.0,prettyprint,True,True,True,stars+forks+downloads
googleapis-common-protos,111060244.0,googleapis-common-protos,True,True,True,stars+forks+downloads
ansi,110937769.0,ansi,True,True,True,stars+forks+downloads
gli,110187368.0,gli,True,True,True,stars+forks+downloads
premailer-rails,110170382.0,premailer-rails,True,True,True,stars+forks+downloads
rack-timeout,109886581.0,rack-timeout,True,True,True,stars+forks+downloads
cocoapods-downloader,109711113.0,cocoapods-downloader,True,True,True,stars+forks+downloads
nkf,109560921.0,nkf,True,True,True,stars+forks+downloads
systemu,109451816.0,systemu,True,True,True,stars+forks+downloads
capybara-screenshot,109248458.0,capybara-screenshot,True,True,True,stars+forks+downloads
httpi,109083501.0,httpi,False,False,True,downloads
better_errors,108993204.0,better_errors,True,True,True,stars+forks+downloads
geocoder,108662063.0,geocoder,True,True,True,stars+forks+downloads
erb,108522393.0,erb,True,True,True,stars+forks+downloads
yajl-ruby,108358993.0,yajl-ruby,True,True,True,stars+forks+downloads
pundit,108312904.0,pundit,True,True,True,stars+forks+downloads
json-jwt,108295330.0,json-jwt,True,True,True,stars+forks+downloads
diffy,107426199.0,diffy,True,True,True,stars+forks+downloads
will_paginate,107125301.0,will_paginate,True,True,True,stars+forks+downloads
memory_profiler,106485380.0,memory_profiler,True,True,True,stars+forks+downloads
ruby-macho,106454497.0,ruby-macho,True,True,True,stars+forks+downloads
logging,106206047.0,logging,True,True,True,stars+forks+downloads
powerpack,105832650.0,powerpack,False,False,True,downloads
strscan,104893019.0,strscan,True,True,True,stars+forks+downloads
aasm,104333244.0,aasm,True,True,True,stars+forks+downloads
llhttp-ffi,104057733.0,llhttp-ffi,True,True,True,stars+forks+downloads
bcrypt_pbkdf,103993257.0,bcrypt_pbkdf,True,True,True,stars+forks+downloads
aws-sdk-elasticloadbalancingv2,103967450.0,aws-sdk-elasticloadbalancingv2,False,False,True,downloads
little-plugger,103942794.0,little-plugger,True,True,True,stars+forks+downloads
turbolinks-source,103883826.0,turbolinks-source,True,True,True,stars+forks+downloads
mongo,103590417.0,mongo,True,True,True,stars+forks+downloads
fuzzy_match,103216278.0,fuzzy_match,True,True,True,stars+forks+downloads
wasabi,103176634.0,wasabi,False,False,True,downloads
cucumber,103042690.0,cucumber,True,True,True,stars+forks+downloads
rspec-its,102809692.0,rspec-its,True,True,True,stars+forks+downloads
aes_key_wrap,102779261.0,aes_key_wrap,True,True,True,stars+forks+downloads
fluent-plugin-record-modifier,102736231.0,fluent-plugin-record-modifier,False,False,True,downloads
reverse_markdown,102429821.0,reverse_markdown,True,True,True,stars+forks+downloads
jsonapi-renderer,102106728.0,jsonapi-renderer,True,True,True,stars+forks+downloads
prawn,101720203.0,prawn,True,True,True,stars+forks+downloads
cocoapods-trunk,101642627.0,cocoapods-trunk,True,True,True,stars+forks+downloads
unparser,101560283.0,unparser,True,True,True,stars+forks+downloads
akami,101525762.0,akami,False,False,True,downloads
polyglot,101386389.0,polyglot,True,False,True,stars+downloads
hashery,101094195.0,hashery,True,True,True,stars+forks+downloads
rails-deprecated_sanitizer,100912433.0,rails-deprecated_sanitizer,True,True,True,stars+forks+downloads
aws-sdk-cognitoidentityprovider,100535239.0,aws-sdk-cognitoidentityprovider,False,False,True,downloads
savon,100240333.0,savon,False,False,True,downloads
rubocop-capybara,100211969.0,rubocop-capybara,True,True,True,stars+forks+downloads
tomlrb,99923835.0,tomlrb,True,True,True,stars+forks+downloads
ddtrace,99543229.0,ddtrace,True,True,True,stars+forks+downloads
aws-sdk-athena,99504808.0,aws-sdk-athena,False,False,True,downloads
i18n_data,99315992.0,i18n_data,True,True,True,stars+forks+downloads
afm,99061675.0,afm,True,True,True,stars+forks+downloads
aws-sdk-rekognition,98895163.0,aws-sdk-rekognition,False,False,True,downloads
ssrf_filter,98745580.0,ssrf_filter,True,True,True,stars+forks+downloads
uuidtools,98616988.0,uuidtools,True,True,True,stars+forks+downloads
aws-sdk-configservice,97721419.0,aws-sdk-configservice,False,False,True,downloads
simple_form,97316530.0,simple_form,True,True,True,stars+forks+downloads
escape,96950191.0,escape,True,False,True,stars+downloads
aws-sdk-apigateway,96842314.0,aws-sdk-apigateway,False,False,True,downloads
aws-sdk-redshift,96780457.0,aws-sdk-redshift,False,False,True,downloads
rubocop-factory_bot,96617906.0,rubocop-factory_bot,True,True,True,stars+forks+downloads
cocoapods-deintegrate,96557944.0,cocoapods-deintegrate,True,True,True,stars+forks+downloads
aws-sdk-glue,96555981.0,aws-sdk-glue,False,False,True,downloads
pdf-core,96537147.0,pdf-core,True,True,True,stars+forks+downloads
aws-sdk-elasticache,96316595.0,aws-sdk-elasticache,False,False,True,downloads
mocha,96109848.0,mocha,True,True,True,stars+forks+downloads
test-unit,95811984.0,test-unit,True,True,True,stars+forks+downloads
webpacker,95572983.0,webpacker,True,True,True,stars+forks+downloads
algoliasearch,95502045.0,algoliasearch,True,True,True,stars+forks+downloads
term-ansicolor,95447870.0,term-ansicolor,True,True,True,stars+forks+downloads
sidekiq-cron,95335717.0,sidekiq-cron,True,True,True,stars+forks+downloads
commonmarker,95287259.0,commonmarker,True,True,True,stars+forks+downloads
cocoapods-try,95223751.0,cocoapods-try,True,True,True,stars+forks+downloads
jsonpath,95100987.0,jsonpath,True,True,True,stars+forks+downloads
fourflusher,94947582.0,fourflusher,True,True,True,stars+forks+downloads
docker-api,94905652.0,docker-api,False,False,True,downloads
aws-sdk-elasticsearchservice,94761282.0,aws-sdk-elasticsearchservice,False,False,True,downloads
flipper,94515638.0,flipper,True,True,True,stars+forks+downloads
activemodel-serializers-xml,94445524.0,activemodel-serializers-xml,True,True,True,stars+forks+downloads
sshkit,94442477.0,sshkit,True,True,True,stars+forks+downloads
cocoapods-search,94355818.0,cocoapods-search,True,True,True,stars+forks+downloads
aws-sdk-batch,94256567.0,aws-sdk-batch,False,False,True,downloads
aws-sdk-pinpoint,94221978.0,aws-sdk-pinpoint,False,False,True,downloads
aws-sdk-acm,94158768.0,aws-sdk-acm,False,False,True,downloads
treetop,94151826.0,treetop,True,False,True,stars+downloads
aws-sdk-cloudtrail,94141953.0,aws-sdk-cloudtrail,False,False,True,downloads
case_transform,94093203.0,case_transform,True,True,True,stars+forks+downloads
cancancan,94085944.0,cancancan,True,True,True,stars+forks+downloads
aws-sdk-mediaconvert,93989066.0,aws-sdk-mediaconvert,True,True,True,stars+forks+downloads
redis-activesupport,93945891.0,redis-activesupport,False,True,True,forks+downloads
aws-sdk-organizations,93940263.0,aws-sdk-organizations,False,False,True,downloads
no_proxy_fix,93851592.0,no_proxy_fix,True,True,True,stars+forks+downloads
graphql-client,93695224.0,graphql-client,False,False,True,downloads
openssl,93606365.0,openssl,True,True,True,stars+forks+downloads
aws-sdk-emr,93439795.0,aws-sdk-emr,False,False,True,downloads
mixlib-shellout,93294364.0,mixlib-shellout,True,True,True,stars+forks+downloads
aws-sdk-codedeploy,93173624.0,aws-sdk-codedeploy,False,False,True,downloads
aws-sdk-xray,93133725.0,aws-sdk-xray,False,False,True,downloads
aws-sdk-databasemigrationservice,93068705.0,aws-sdk-databasemigrationservice,False,False,True,downloads
cocoapods-plugins,92940954.0,cocoapods-plugins,True,True,True,stars+forks+downloads
aws-sdk-efs,92907435.0,aws-sdk-efs,False,False,True,downloads
aws-sdk-sagemaker,92893644.0,aws-sdk-sagemaker,False,False,True,downloads
aws-sdk-dynamodbstreams,92872622.0,aws-sdk-dynamodbstreams,False,False,True,downloads
aws-sdk-applicationautoscaling,92852922.0,aws-sdk-applicationautoscaling,True,True,True,stars+forks+downloads
require_all,92808868.0,require_all,True,True,True,stars+forks+downloads
fluent-plugin-elasticsearch,92386518.0,fluent-plugin-elasticsearch,False,False,True,downloads
aws-sdk-codebuild,92371087.0,aws-sdk-codebuild,False,False,True,downloads
aws-sdk-elasticbeanstalk,92189231.0,aws-sdk-elasticbeanstalk,False,False,True,downloads
multi_test,92082097.0,multi_test,True,True,True,stars+forks+downloads
sixarm_ruby_unaccent,91953293.0,sixarm_ruby_unaccent,True,True,True,stars+forks+downloads
rubyntlm,91873635.0,rubyntlm,True,True,True,stars+forks+downloads
aws-sdk-iot,91796329.0,aws-sdk-iot,False,False,True,downloads
aws-sdk-cloudhsmv2,91584186.0,aws-sdk-cloudhsmv2,False,False,True,downloads
aws-sdk-codepipeline,91505720.0,aws-sdk-codepipeline,False,False,True,downloads
aws-sdk-servicecatalog,91497017.0,aws-sdk-servicecatalog,False,False,True,downloads
ruby-prof,91485801.0,ruby-prof,True,True,True,stars+forks+downloads
aws-sdk-polly,90957368.0,aws-sdk-polly,False,False,True,downloads
jquery-ui-rails,90846309.0,jquery-ui-rails,True,True,True,stars+forks+downloads
aws-sdk-cognitoidentity,90779466.0,aws-sdk-cognitoidentity,False,False,True,downloads
aws-sdk-lightsail,90591286.0,aws-sdk-lightsail,False,False,True,downloads
aws-sdk-budgets,90518271.0,aws-sdk-budgets,False,False,True,downloads
aws-sdk-route53domains,90492227.0,aws-sdk-route53domains,False,False,True,downloads
aws-sdk-workspaces,90460392.0,aws-sdk-workspaces,False,False,True,downloads
aws-sdk-waf,90438076.0,aws-sdk-waf,False,False,True,downloads
slack-ruby-client,90420709.0,slack-ruby-client,True,True,True,stars+forks+downloads
activeresource,90315860.0,activeresource,True,False,True,stars+downloads
recaptcha,89959761.0,recaptcha,True,True,True,stars+forks+downloads
fog-google,89929168.0,fog-google,True,True,True,stars+forks+downloads
rugged,89917034.0,rugged,True,True,True,stars+forks+downloads
aws-sdk-costandusagereportservice,89862706.0,aws-sdk-costandusagereportservice,False,False,True,downloads
tty-reader,89753698.0,tty-reader,True,True,True,stars+forks+downloads
aws-sdk-shield,89719558.0,aws-sdk-shield,False,False,True,downloads
tty-prompt,89703066.0,tty-prompt,True,True,True,stars+forks+downloads
capistrano,89545172.0,capistrano,True,True,True,stars+forks+downloads
ice_cube,89503525.0,ice_cube,True,True,True,stars+forks+downloads
aws-sdk-cloudhsm,89334246.0,aws-sdk-cloudhsm,False,False,True,downloads
aws-sdk-applicationdiscoveryservice,89268937.0,aws-sdk-applicationdiscoveryservice,False,False,True,downloads
slim,89213662.0,slim,True,True,True,stars+forks+downloads
annotate,89184163.0,annotate,True,False,True,stars+downloads
aws-sdk-guardduty,89085417.0,aws-sdk-guardduty,False,False,True,downloads
aws-sdk-comprehend,89020888.0,aws-sdk-comprehend,False,False,True,downloads
aws-sdk-directconnect,88903739.0,aws-sdk-directconnect,False,False,True,downloads
aws-sdk-directoryservice,88872366.0,aws-sdk-directoryservice,False,False,True,downloads
aws-sdk-gamelift,88841331.0,aws-sdk-gamelift,False,False,True,downloads
aws-sdk-storagegateway,88812112.0,aws-sdk-storagegateway,False,False,True,downloads
aws-sdk-appstream,88671403.0,aws-sdk-appstream,False,False,True,downloads
aws-sdk-resourcegroupstaggingapi,88583504.0,aws-sdk-resourcegroupstaggingapi,False,False,True,downloads
aws-sdk-devicefarm,88576225.0,aws-sdk-devicefarm,False,False,True,downloads
aws-sdk-cloudsearch,88576219.0,aws-sdk-cloudsearch,False,False,True,downloads
aws-sdk-costexplorer,88382341.0,aws-sdk-costexplorer,False,False,True,downloads
aws-sdk-sagemakerruntime,88367618.0,aws-sdk-sagemakerruntime,False,False,True,downloads
benchmark-ips,88343598.0,benchmark-ips,True,True,True,stars+forks+downloads
fog-local,88282795.0,fog-local,True,True,True,stars+forks+downloads
aws-sdk-opsworks,88242995.0,aws-sdk-opsworks,False,False,True,downloads
aws-sdk-sms,88181770.0,aws-sdk-sms,False,False,True,downloads
aws-sdk-medialive,88121434.0,aws-sdk-medialive,False,False,True,downloads
aws-sdk-lex,87993793.0,aws-sdk-lex,False,False,True,downloads
aws-sdk-glacier,87896509.0,aws-sdk-glacier,False,False,True,downloads
aws-sdk-transcribeservice,87894623.0,aws-sdk-transcribeservice,False,False,True,downloads
aws-sdk-dax,87879390.0,aws-sdk-dax,False,False,True,downloads
aws-sdk-simpledb,87831588.0,aws-sdk-simpledb,False,False,True,downloads
cucumber-core,87809920.0,cucumber-core,True,True,True,stars+forks+downloads
aws-sdk-greengrass,87802066.0,aws-sdk-greengrass,False,False,True,downloads
aws-sdk-marketplacemetering,87789385.0,aws-sdk-marketplacemetering,False,False,True,downloads
aws-sdk-health,87755603.0,aws-sdk-health,False,False,True,downloads
aws-sdk-lexmodelbuildingservice,87706255.0,aws-sdk-lexmodelbuildingservice,False,False,True,downloads
aws-sdk-iotdataplane,87634434.0,aws-sdk-iotdataplane,False,False,True,downloads
aws-sdk-snowball,87630642.0,aws-sdk-snowball,False,False,True,downloads
aws-sdk-swf,87469395.0,aws-sdk-swf,False,False,True,downloads
aws-sdk-migrationhub,87425859.0,aws-sdk-migrationhub,False,False,True,downloads
net-ldap,87287792.0,net-ldap,True,True,True,stars+forks+downloads
aws-sdk-elastictranscoder,87240616.0,aws-sdk-elastictranscoder,True,False,True,stars+downloads
aws-sdk-machinelearning,87223811.0,aws-sdk-machinelearning,False,False,True,downloads
aws-sdk-cloudsearchdomain,87168105.0,aws-sdk-cloudsearchdomain,False,False,True,downloads
hike,87054822.0,hike,True,True,True,stars+forks+downloads
aws-sdk-marketplacecommerceanalytics,86937137.0,aws-sdk-marketplacecommerceanalytics,False,False,True,downloads
aws-sdk-wafregional,86885651.0,aws-sdk-wafregional,False,False,True,downloads
aws-sdk-inspector,86878479.0,aws-sdk-inspector,False,False,True,downloads
aws-sdk-translate,86858793.0,aws-sdk-translate,False,False,True,downloads
aws-sdk-support,86820663.0,aws-sdk-support,False,False,True,downloads
aws-sdk-workdocs,86789025.0,aws-sdk-workdocs,False,False,True,downloads
aws-sdk-mturk,86749187.0,aws-sdk-mturk,False,False,True,downloads
validate_url,86746426.0,validate_url,True,True,True,stars+forks+downloads
aws-sdk-eks,86706730.0,aws-sdk-eks,False,False,True,downloads
aws-sdk-clouddirectory,86699826.0,aws-sdk-clouddirectory,False,False,True,downloads
aws-sdk-marketplaceentitlementservice,86614756.0,aws-sdk-marketplaceentitlementservice,False,False,True,downloads
aws-sdk-kinesisanalytics,86544026.0,aws-sdk-kinesisanalytics,False,False,True,downloads
aws-sdk-datapipeline,86527210.0,aws-sdk-datapipeline,False,False,True,downloads
aws-sdk-cognitosync,86489318.0,aws-sdk-cognitosync,False,False,True,downloads
aws-sdk-appsync,86379362.0,aws-sdk-appsync,False,False,True,downloads
aws-sdk-connect,86364734.0,aws-sdk-connect,False,False,True,downloads
aws-sdk-importexport,86308953.0,aws-sdk-importexport,False,False,True,downloads
aws-sdk-mq,86238562.0,aws-sdk-mq,False,False,True,downloads
redis-rails,86068983.0,redis-rails,False,True,True,forks+downloads
aws-sdk-mediapackage,86024648.0,aws-sdk-mediapackage,False,False,True,downloads
aws-sdk-opsworkscm,85974387.0,aws-sdk-opsworkscm,False,False,True,downloads
spring-watcher-listen,85745154.0,spring-watcher-listen,True,True,True,stars+forks+downloads
webdrivers,85634927.0,webdrivers,True,True,True,stars+forks+downloads
ruby-kafka,85407893.0,ruby-kafka,False,False,True,downloads
ruby-ole,85328544.0,ruby-ole,True,True,True,stars+forks+downloads
hiredis,85210762.0,hiredis,True,True,True,stars+forks+downloads
grape,85170897.0,grape,True,True,True,stars+forks+downloads
aws-sdk-kinesisvideo,85086411.0,aws-sdk-kinesisvideo,False,False,True,downloads
aws-sdk-servicediscovery,85001452.0,aws-sdk-servicediscovery,False,False,True,downloads
aws-sdk-pricing,84959296.0,aws-sdk-pricing,False,False,True,downloads
wicked_pdf,84928223.0,wicked_pdf,False,False,True,downloads
rack-mini-profiler,84922099.0,rack-mini-profiler,True,True,True,stars+forks+downloads
aws-sdk-resourcegroups,84828844.0,aws-sdk-resourcegroups,False,False,True,downloads
power_assert,84747615.0,power_assert,True,True,True,stars+forks+downloads
aws-sdk-workmail,84682777.0,aws-sdk-workmail,False,False,True,downloads
aws-sdk-mediastore,84434184.0,aws-sdk-mediastore,False,False,True,downloads
aws-sdk-kinesisvideoarchivedmedia,84343778.0,aws-sdk-kinesisvideoarchivedmedia,False,False,True,downloads
aws-sdk-serverlessapplicationrepository,84207389.0,aws-sdk-serverlessapplicationrepository,False,False,True,downloads
aws-sdk-cloud9,84085278.0,aws-sdk-cloud9,False,False,True,downloads
libddwaf,84028375.0,libddwaf,True,True,True,stars+forks+downloads
sentry-sidekiq,83938361.0,sentry-sidekiq,True,True,True,stars+forks+downloads
rqrcode_core,83608061.0,rqrcode_core,True,True,True,stars+forks+downloads
aws-sdk-acmpca,83487185.0,aws-sdk-acmpca,False,False,True,downloads
aws-sdk-iotjobsdataplane,83376549.0,aws-sdk-iotjobsdataplane,False,False,True,downloads
aws-sdk-mediastoredata,83375100.0,aws-sdk-mediastoredata,False,False,True,downloads
aws-sdk-kinesisvideomedia,83363831.0,aws-sdk-kinesisvideomedia,False,False,True,downloads
attr_required,83200298.0,attr_required,True,True,True,stars+forks+downloads
rack-accept,83041035.0,rack-accept,False,True,True,forks+downloads
aws-sdk-autoscalingplans,82963825.0,aws-sdk-autoscalingplans,False,False,True,downloads
rack-oauth2,82824138.0,rack-oauth2,True,True,True,stars+forks+downloads
turbo-rails,82771755.0,turbo-rails,True,True,True,stars+forks+downloads
parslet,82706104.0,parslet,True,True,True,stars+forks+downloads
aws-sdk-fms,81995864.0,aws-sdk-fms,False,False,True,downloads
spreadsheet,81894895.0,spreadsheet,True,True,True,stars+forks+downloads
strong_migrations,81833777.0,strong_migrations,True,True,True,stars+forks+downloads
paranoia,81811482.0,paranoia,True,True,True,stars+forks+downloads
paperclip,81311926.0,paperclip,True,False,True,stars+downloads
whenever,81245970.0,whenever,False,True,True,forks+downloads
libdatadog,81061225.0,libdatadog,True,True,True,stars+forks+downloads
libv8,81013999.0,libv8,True,True,True,stars+forks+downloads
sdoc,80753437.0,sdoc,True,True,True,stars+forks+downloads
logstash-filter-translate,80701880.0,logstash-filter-translate,False,False,True,downloads
test-prof,80433149.0,test-prof,True,True,True,stars+forks+downloads
numerizer,80419759.0,numerizer,True,True,True,stars+forks+downloads
mustache,80211828.0,mustache,True,True,True,stars+forks+downloads
aws-sdk-neptune,80107269.0,aws-sdk-neptune,False,False,True,downloads
icalendar,79997886.0,icalendar,True,True,True,stars+forks+downloads
aws-sdk-lambdapreview,79997063.0,aws-sdk-lambdapreview,False,False,True,downloads
logstash-output-sqs,79952762.0,logstash-output-sqs,False,False,True,downloads
aws-sdk-codestar,79651056.0,aws-sdk-codestar,False,False,True,downloads
attr_encrypted,79563395.0,attr_encrypted,True,True,True,stars+forks+downloads
aws-sdk-mediatailor,79524789.0,aws-sdk-mediatailor,False,False,True,downloads
aws-sdk-iotanalytics,78870849.0,aws-sdk-iotanalytics,False,False,True,downloads
aws-sdk-pi,78856825.0,aws-sdk-pi,False,False,True,downloads
aws-sdk-alexaforbusiness,78820288.0,aws-sdk-alexaforbusiness,False,False,True,downloads
socksify,78804071.0,socksify,True,True,True,stars+forks+downloads
aws-sdk-dlm,78740078.0,aws-sdk-dlm,False,False,True,downloads
rspec-parameterized,78710268.0,rspec-parameterized,True,True,True,stars+forks+downloads
aws-sdk-mobile,78584515.0,aws-sdk-mobile,False,False,True,downloads
gapic-common,78427199.0,gapic-common,True,True,True,stars+forks+downloads
proc_to_ast,78388290.0,proc_to_ast,True,True,True,stars+forks+downloads
amq-protocol,78295830.0,amq-protocol,True,True,True,stars+forks+downloads
phonelib,78061303.0,phonelib,True,True,True,stars+forks+downloads
hana,78047224.0,hana,True,True,True,stars+forks+downloads
dry-equalizer,77630489.0,dry-equalizer,False,False,True,downloads
ruby_dep,77371070.0,ruby_dep,True,False,True,stars+downloads
aws-sdk-kafka,77249376.0,aws-sdk-kafka,False,False,True,downloads
aws-sdk-s3control,77189232.0,aws-sdk-s3control,False,False,True,downloads
cgi,77149042.0,cgi,True,True,True,stars+forks+downloads
aws-sdk-transfer,77123508.0,aws-sdk-transfer,False,False,True,downloads
aws-sigv2,77116753.0,aws-sigv2,False,False,True,downloads
bunny,76951212.0,bunny,True,True,True,stars+forks+downloads
elasticsearch-model,76753123.0,elasticsearch-model,True,True,True,stars+forks+downloads
aws-sdk-quicksight,76626835.0,aws-sdk-quicksight,False,False,True,downloads
json_schemer,76621999.0,json_schemer,True,True,True,stars+forks+downloads
bootstrap-sass,76564687.0,bootstrap-sass,True,True,True,stars+forks+downloads
openid_connect,76472108.0,openid_connect,True,True,True,stars+forks+downloads
rollbar,76096363.0,rollbar,False,False,True,downloads
terrapin,75862411.0,terrapin,True,True,True,stars+forks+downloads
aws-sdk-securityhub,75841178.0,aws-sdk-securityhub,False,False,True,downloads
mustermann-grape,75721287.0,mustermann-grape,True,True,True,stars+forks+downloads
macaddr,75516064.0,macaddr,True,True,True,stars+forks+downloads
toml-rb,75179353.0,toml-rb,True,True,True,stars+forks+downloads
ohai,75045172.0,ohai,True,True,True,stars+forks+downloads
aws-sdk-signer,75038934.0,aws-sdk-signer,False,False,True,downloads
grpc-google-iam-v1,74830161.0,grpc-google-iam-v1,True,True,True,stars+forks+downloads
aws-sdk-route53resolver,74627850.0,aws-sdk-route53resolver,False,False,True,downloads
opentelemetry-api,74593910.0,opentelemetry-api,True,True,True,stars+forks+downloads
fluent-plugin-rewrite-tag-filter,74541051.0,fluent-plugin-rewrite-tag-filter,False,False,True,downloads
mixlib-cli,74320309.0,mixlib-cli,True,True,True,stars+forks+downloads
aws-sdk-ram,74220153.0,aws-sdk-ram,False,False,True,downloads
rbs,74176985.0,rbs,True,True,True,stars+forks+downloads
aws-sdk-chime,73965509.0,aws-sdk-chime,False,False,True,downloads
omniauth-rails_csrf_protection,73954028.0,omniauth-rails_csrf_protection,True,True,True,stars+forks+downloads
citrus,73847666.0,citrus,True,True,True,stars+forks+downloads
sequel,73482075.0,sequel,True,True,True,stars+forks+downloads
email_spec,73335519.0,email_spec,True,True,True,stars+forks+downloads
swd,73204399.0,swd,True,True,True,stars+forks+downloads
acts_as_list,73155808.0,acts_as_list,True,True,True,stars+forks+downloads
strings-ansi,73122793.0,strings-ansi,True,True,True,stars+forks+downloads
ffaker,73073447.0,ffaker,True,True,True,stars+forks+downloads
aws-sdk-iot1clickprojects,73040201.0,aws-sdk-iot1clickprojects,False,False,True,downloads
marginalia,73034976.0,marginalia,False,False,True,downloads
aws-sdk-iot1clickdevicesservice,73030682.0,aws-sdk-iot1clickdevicesservice,False,False,True,downloads
webfinger,73026028.0,webfinger,True,True,True,stars+forks+downloads
aws-sdk-datasync,72754246.0,aws-sdk-datasync,False,False,True,downloads
aws-sdk-fsx,72581083.0,aws-sdk-fsx,False,False,True,downloads
sorbet-static,72577817.0,sorbet-static,True,True,True,stars+forks+downloads
aws-sdk-amplify,72556936.0,aws-sdk-amplify,False,False,True,downloads
aws-sdk-rdsdataservice,72485930.0,aws-sdk-rdsdataservice,False,False,True,downloads
monetize,72414878.0,monetize,True,True,True,stars+forks+downloads
uuid,72370513.0,uuid,True,True,True,stars+forks+downloads
simpleidn,72335987.0,simpleidn,True,True,True,stars+forks+downloads
fuubar,72322619.0,fuubar,True,True,True,stars+forks+downloads
arr-pm,72030322.0,arr-pm,True,True,True,stars+forks+downloads
aws-sdk-apigatewayv2,71865018.0,aws-sdk-apigatewayv2,False,False,True,downloads
rbtrace,71632493.0,rbtrace,True,True,True,stars+forks+downloads
factory_girl,71623438.0,factory_girl,False,True,True,forks+downloads
json_pure,71261315.0,json_pure,True,False,True,stars+downloads
faraday-follow_redirects,71141159.0,faraday-follow_redirects,True,True,True,stars+forks+downloads
aws-sdk-appmesh,71129712.0,aws-sdk-appmesh,False,False,True,downloads
aws-sdk-globalaccelerator,71016780.0,aws-sdk-globalaccelerator,False,False,True,downloads
ruby-graphviz,70898543.0,ruby-graphviz,True,True,True,stars+forks+downloads
wkhtmltopdf-binary,70787593.0,wkhtmltopdf-binary,False,False,True,downloads
mixlib-config,70681659.0,mixlib-config,True,True,True,stars+forks+downloads
fast_gettext,70536467.0,fast_gettext,True,True,True,stars+forks+downloads
recursive-open-struct,70502754.0,recursive-open-struct,True,True,True,stars+forks+downloads
aws-sdk-pinpointemail,70430894.0,aws-sdk-pinpointemail,False,False,True,downloads
aws-sdk-pinpointsmsvoice,70427192.0,aws-sdk-pinpointsmsvoice,False,False,True,downloads
has_scope,70378515.0,has_scope,True,True,True,stars+forks+downloads
aws-sdk-licensemanager,70251982.0,aws-sdk-licensemanager,False,False,True,downloads
aws-sdk-mediaconnect,70194795.0,aws-sdk-mediaconnect,False,False,True,downloads
aws-sdk-kinesisanalyticsv2,70165722.0,aws-sdk-kinesisanalyticsv2,False,False,True,downloads
aws-sdk-comprehendmedical,70110696.0,aws-sdk-comprehendmedical,False,False,True,downloads
aws-sdk-textract,70051659.0,aws-sdk-textract,False,False,True,downloads
strings,70014761.0,strings,True,True,True,stars+forks+downloads
lru_redux,69988490.0,lru_redux,True,True,True,stars+forks+downloads
acts-as-taggable-on,69952722.0,acts-as-taggable-on,True,True,True,stars+forks+downloads
rbtree,69778218.0,rbtree,True,True,True,stars+forks+downloads
stimulus-rails,69385001.0,stimulus-rails,True,True,True,stars+forks+downloads
aws-sdk-backup,69289020.0,aws-sdk-backup,False,False,True,downloads
aws-sdk-docdb,69025645.0,aws-sdk-docdb,False,False,True,downloads
pg_query,68739226.0,pg_query,True,True,True,stars+forks+downloads
aws-sdk-robomaker,68714453.0,aws-sdk-robomaker,False,False,True,downloads
tsort,68635814.0,tsort,True,True,True,stars+forks+downloads
simplecov-cobertura,68602542.0,simplecov-cobertura,True,True,True,stars+forks+downloads
flipper-active_record,68529182.0,flipper-active_record,True,True,True,stars+forks+downloads
state_machines-activemodel,68518731.0,state_machines-activemodel,True,True,True,stars+forks+downloads
sigdump,68264318.0,sigdump,True,True,True,stars+forks+downloads
aws-sdk-apigatewaymanagementapi,67912594.0,aws-sdk-apigatewaymanagementapi,False,False,True,downloads
warning,67652839.0,warning,True,True,True,stars+forks+downloads
omniauth-facebook,67336625.0,omniauth-facebook,True,True,True,stars+forks+downloads
sync,67169477.0,sync,True,True,True,stars+forks+downloads
elasticsearch-rails,66940811.0,elasticsearch-rails,True,True,True,stars+forks+downloads
bugsnag,66683134.0,bugsnag,False,False,True,downloads
state_machines-activerecord,66429894.0,state_machines-activerecord,True,True,True,stars+forks+downloads
delayed_job,66363805.0,delayed_job,True,True,True,stars+forks+downloads
fluent-config-regexp-type,66340368.0,fluent-config-regexp-type,False,False,True,downloads
gherkin,66288369.0,gherkin,False,False,True,downloads
prometheus-client,66133136.0,prometheus-client,True,False,True,stars+downloads
charlock_holmes,66126588.0,charlock_holmes,True,True,True,stars+forks+downloads
mixlib-log,66114446.0,mixlib-log,True,True,True,stars+forks+downloads
aws-sdk-sesv2,66029219.0,aws-sdk-sesv2,True,True,True,stars+forks+downloads
aws-sdk-macie,66006990.0,aws-sdk-macie,False,False,True,downloads
mini_portile,65690932.0,mini_portile,False,True,True,forks+downloads
omniauth-saml,65429417.0,omniauth-saml,True,True,True,stars+forks+downloads
thrift,65402518.0,thrift,True,True,True,stars+forks+downloads
text,65399084.0,text,True,True,True,stars+forks+downloads
locale,65261186.0,locale,True,True,True,stars+forks+downloads
aws-sdk-eventbridge,65224671.0,aws-sdk-eventbridge,False,False,True,downloads
sys-filesystem,64748449.0,sys-filesystem,True,True,True,stars+forks+downloads
gon,64743555.0,gon,True,True,True,stars+forks+downloads
semantic_range,64697008.0,semantic_range,True,True,True,stars+forks+downloads
trollop,64619327.0,trollop,False,False,True,downloads
terser,64439997.0,terser,True,True,True,stars+forks+downloads
aws-sdk-transcribestreamingservice,64377207.0,aws-sdk-transcribestreamingservice,False,False,True,downloads
jira-ruby,64141395.0,jira-ruby,True,True,True,stars+forks+downloads
font-awesome-rails,63741607.0,font-awesome-rails,False,False,True,downloads
fluentd,63672749.0,fluentd,False,False,True,downloads
with_env,63409837.0,with_env,True,True,True,stars+forks+downloads
fast_blank,63144701.0,fast_blank,True,True,True,stars+forks+downloads
formtastic,63099112.0,formtastic,True,True,True,stars+forks+downloads
logstash-output-statsd,63052402.0,logstash-output-statsd,False,False,True,downloads
graphiql-rails,63029674.0,graphiql-rails,False,False,True,downloads
grape-entity,62870657.0,grape-entity,True,True,True,stars+forks+downloads
hitimes,62869921.0,hitimes,True,False,True,stars+downloads
escape_utils,62601894.0,escape_utils,True,True,True,stars+forks+downloads
aws-sdk-personalize,62519902.0,aws-sdk-personalize,False,False,True,downloads
device_detector,62514683.0,device_detector,True,True,True,stars+forks+downloads
rack-cache,62509857.0,rack-cache,True,True,True,stars+forks+downloads
fog-aliyun,62459806.0,fog-aliyun,True,True,True,stars+forks+downloads
aws-sdk-mediapackagevod,61968789.0,aws-sdk-mediapackagevod,False,False,True,downloads
aws-sdk-managedblockchain,61859505.0,aws-sdk-managedblockchain,False,False,True,downloads
view_component,61832667.0,view_component,True,True,True,stars+forks+downloads
opentracing,61740831.0,opentracing,True,True,True,stars+forks+downloads
aws-sdk-personalizeruntime,61508681.0,aws-sdk-personalizeruntime,False,False,True,downloads
gettext,61275444.0,gettext,True,True,True,stars+forks+downloads
sorted_set,61271284.0,sorted_set,True,True,True,stars+forks+downloads
draper,61122748.0,draper,True,True,True,stars+forks+downloads
sendgrid-ruby,60935050.0,sendgrid-ruby,True,False,True,stars+downloads
aws-sdk-ioteventsdata,60624512.0,aws-sdk-ioteventsdata,False,False,True,downloads
em-websocket,60568842.0,em-websocket,True,True,True,stars+forks+downloads
aws-sdk-iotevents,60520761.0,aws-sdk-iotevents,False,False,True,downloads
aws-sdk-groundstation,60377942.0,aws-sdk-groundstation,False,False,True,downloads
devise-two-factor,60325470.0,devise-two-factor,True,True,True,stars+forks+downloads
aws-sdk-iotthingsgraph,60237680.0,aws-sdk-iotthingsgraph,False,False,True,downloads
aws-sdk-v1,60071946.0,aws-sdk-v1,False,False,True,downloads
aws-sdk-worklink,59923660.0,aws-sdk-worklink,False,False,True,downloads
delayed_job_active_record,59910479.0,delayed_job_active_record,True,True,True,stars+forks+downloads
dry-struct,59871943.0,dry-struct,False,False,True,downloads
aws-sdk-ec2instanceconnect,59866001.0,aws-sdk-ec2instanceconnect,True,True,True,stars+forks+downloads
opentelemetry-sdk,59862388.0,opentelemetry-sdk,True,True,True,stars+forks+downloads
aws-sdk-personalizeevents,59827895.0,aws-sdk-personalizeevents,False,False,True,downloads
memoizable,59783055.0,memoizable,True,True,True,stars+forks+downloads
aws-sdk-applicationinsights,59763543.0,aws-sdk-applicationinsights,False,False,True,downloads
fog,59588804.0,fog,False,False,True,downloads
therubyracer,59504534.0,therubyracer,True,True,True,stars+forks+downloads
vault,59081903.0,vault,True,True,True,stars+forks+downloads
gemoji,59017387.0,gemoji,True,True,True,stars+forks+downloads
aws-sdk-forecastservice,58952791.0,aws-sdk-forecastservice,False,False,True,downloads
ruby_http_client,58901388.0,ruby_http_client,True,False,True,stars+downloads
murmurhash3,58873013.0,murmurhash3,False,False,True,downloads
friendly_id,58759564.0,friendly_id,True,True,True,stars+forks+downloads
inherited_resources,58443616.0,inherited_resources,True,True,True,stars+forks+downloads
opentelemetry-common,58405042.0,opentelemetry-common,True,True,True,stars+forks+downloads
rspec-sidekiq,58398753.0,rspec-sidekiq,True,True,True,stars+forks+downloads
net-ssh-gateway,58358618.0,net-ssh-gateway,True,True,True,stars+forks+downloads
aws-sdk-servicequotas,58117862.0,aws-sdk-servicequotas,False,False,True,downloads
haml-rails,58116091.0,haml-rails,True,True,True,stars+forks+downloads
gssapi,57983079.0,gssapi,True,True,True,stars+forks+downloads
importmap-rails,57976564.0,importmap-rails,True,True,True,stars+forks+downloads
health_check,57941419.0,health_check,True,True,True,stars+forks+downloads
aws-sdk-lakeformation,57907747.0,aws-sdk-lakeformation,False,False,True,downloads
licensee,57727936.0,licensee,True,True,True,stars+forks+downloads
tty-command,57575457.0,tty-command,True,True,True,stars+forks+downloads
license_finder,57478865.0,license_finder,True,True,True,stars+forks+downloads
combine_pdf,57240986.0,combine_pdf,False,False,True,downloads
gpgme,57229271.0,gpgme,True,True,True,stars+forks+downloads
config,57170259.0,config,False,False,True,downloads
restforce,57124293.0,restforce,False,False,True,downloads
rinku,56950380.0,rinku,True,True,True,stars+forks+downloads
aws-sdk-forecastqueryservice,56854894.0,aws-sdk-forecastqueryservice,False,False,True,downloads
minitar,56853503.0,minitar,True,True,True,stars+forks+downloads
aws-sdk-appconfig,56851101.0,aws-sdk-appconfig,False,False,True,downloads
chef-utils,56719421.0,chef-utils,True,True,True,stars+forks+downloads
rmagick,56210915.0,rmagick,True,False,True,stars+downloads
ffi-yajl,56130076.0,ffi-yajl,True,True,True,stars+forks+downloads
opentelemetry-semantic_conventions,56117040.0,opentelemetry-semantic_conventions,True,True,True,stars+forks+downloads
chef-config,56094767.0,chef-config,True,True,True,stars+forks+downloads
aws-sdk-wafv2,56035518.0,aws-sdk-wafv2,False,False,True,downloads
cucumber-wire,55903943.0,cucumber-wire,False,False,True,downloads
einhorn,55866731.0,einhorn,False,False,True,downloads
opensearch-ruby,55840772.0,opensearch-ruby,True,True,True,stars+forks+downloads
ref,55816548.0,ref,False,True,True,forks+downloads
asciidoctor,55631931.0,asciidoctor,True,True,True,stars+forks+downloads
prawn-table,55340105.0,prawn-table,True,True,True,stars+forks+downloads
aws-sdk-workmailmessageflow,55300688.0,aws-sdk-workmailmessageflow,False,False,True,downloads
aws-sdk-networkmanager,55202119.0,aws-sdk-networkmanager,False,False,True,downloads
aws-sdk-kendra,54968962.0,aws-sdk-kendra,False,False,True,downloads
clamp,54934133.0,clamp,True,False,True,stars+downloads
fluent-plugin-grafana-loki,54851049.0,fluent-plugin-grafana-loki,False,False,True,downloads
http-parser,54755448.0,http-parser,True,True,True,stars+forks+downloads
aws-sdk-accessanalyzer,54660041.0,aws-sdk-accessanalyzer,False,False,True,downloads
gems,54615975.0,gems,True,False,True,stars+downloads
libyajl2,54577199.0,libyajl2,True,True,True,stars+forks+downloads
babel-source,54543826.0,babel-source,True,True,True,stars+forks+downloads
aws-sdk-qldbsession,54457069.0,aws-sdk-qldbsession,False,False,True,downloads
aws-sdk-marketplacecatalog,54367895.0,aws-sdk-marketplacecatalog,False,False,True,downloads
money-rails,54305725.0,money-rails,False,False,True,downloads
aws-sdk-qldb,54297755.0,aws-sdk-qldb,False,False,True,downloads
minitest-reporters,54282745.0,minitest-reporters,True,True,True,stars+forks+downloads
sys-uname,54253864.0,sys-uname,True,True,True,stars+forks+downloads
resque,54233339.0,resque,True,True,True,stars+forks+downloads
mock_redis,54233331.0,mock_redis,True,True,True,stars+forks+downloads
aws-sdk-frauddetector,54202334.0,aws-sdk-frauddetector,False,False,True,downloads
sorbet,54131073.0,sorbet,True,True,True,stars+forks+downloads
factory_girl_rails,53987055.0,factory_girl_rails,True,True,True,stars+forks+downloads
fastlane-plugin-firebase_app_distribution,53986530.0,fastlane-plugin-firebase_app_distribution,False,False,True,downloads
validate_email,53912664.0,validate_email,True,True,True,stars+forks+downloads
aws-sdk-codestarnotifications,53904432.0,aws-sdk-codestarnotifications,False,False,True,downloads
arbre,53837170.0,arbre,True,True,True,stars+forks+downloads
wmi-lite,53811100.0,wmi-lite,True,True,True,stars+forks+downloads
fluent-plugin-ignore-filter,53772292.0,fluent-plugin-ignore-filter,False,False,True,downloads
aws-sdk-outposts,53756842.0,aws-sdk-outposts,False,False,True,downloads
aws-sdk-savingsplans,53633647.0,aws-sdk-savingsplans,False,False,True,downloads
babel-transpiler,53483099.0,babel-transpiler,True,True,True,stars+forks+downloads
rb-readline,53457270.0,rb-readline,True,True,True,stars+forks+downloads
mono_logger,53368591.0,mono_logger,True,True,True,stars+forks+downloads
capistrano-bundler,53350980.0,capistrano-bundler,True,True,True,stars+forks+downloads
derailed_benchmarks,53333006.0,derailed_benchmarks,True,True,True,stars+forks+downloads
aws-sdk-dataexchange,53200820.0,aws-sdk-dataexchange,False,False,True,downloads
rspec-collection_matchers,53170144.0,rspec-collection_matchers,True,True,True,stars+forks+downloads
atlassian-jwt,53082585.0,atlassian-jwt,True,True,True,stars+forks+downloads
aws-sdk-detective,53028459.0,aws-sdk-detective,False,False,True,downloads
aws-sdk-computeoptimizer,53024597.0,aws-sdk-computeoptimizer,False,False,True,downloads
html-pipeline,52966671.0,html-pipeline,True,True,True,stars+forks+downloads
aws-sdk-imagebuilder,52902117.0,aws-sdk-imagebuilder,False,False,True,downloads
fuzzyurl,52876223.0,fuzzyurl,True,True,True,stars+forks+downloads
aws-sdk-codegurureviewer,52831654.0,aws-sdk-codegurureviewer,False,False,True,downloads
aws-sdk-augmentedairuntime,52771390.0,aws-sdk-augmentedairuntime,False,False,True,downloads
aws-sdk-connectparticipant,52475675.0,aws-sdk-connectparticipant,False,False,True,downloads
opentelemetry-registry,52280907.0,opentelemetry-registry,True,True,True,stars+forks+downloads
async,52166088.0,async,True,True,True,stars+forks+downloads
aws-sdk-iotsecuretunneling,52107065.0,aws-sdk-iotsecuretunneling,False,False,True,downloads
aws-sdk-migrationhubconfig,52087300.0,aws-sdk-migrationhubconfig,False,False,True,downloads
aws-sdk-ebs,52040105.0,aws-sdk-ebs,False,False,True,downloads
aws-sdk-codeguruprofiler,52013781.0,aws-sdk-codeguruprofiler,False,False,True,downloads
omniauth-github,51943692.0,omniauth-github,True,True,True,stars+forks+downloads
aws-sdk-schemas,51902584.0,aws-sdk-schemas,False,False,True,downloads
caxlsx,51830860.0,caxlsx,False,False,True,downloads
heapy,51786813.0,heapy,True,True,True,stars+forks+downloads
shoulda-context,51780888.0,shoulda-context,True,True,True,stars+forks+downloads
debase,51766149.0,debase,False,False,True,downloads
aws-sdk-kinesisvideosignalingchannels,51647551.0,aws-sdk-kinesisvideosignalingchannels,False,False,True,downloads
timeliness,51621441.0,timeliness,False,False,True,downloads
console,51550072.0,console,True,True,True,stars+forks+downloads
gitlab-labkit,51497169.0,gitlab-labkit,True,True,True,stars+forks+downloads
aws-sdk-codestarconnections,51492725.0,aws-sdk-codestarconnections,False,False,True,downloads
fluent-plugin-kinesis-aggregation,51337361.0,fluent-plugin-kinesis-aggregation,False,False,True,downloads
activerecord-session_store,51106768.0,activerecord-session_store,True,True,True,stars+forks+downloads
set,51093257.0,set,True,True,True,stars+forks+downloads
rswag-ui,50933170.0,rswag-ui,True,False,True,stars+downloads
fluent-plugin-prometheus,50876742.0,fluent-plugin-prometheus,False,False,True,downloads
fpm,50784368.0,fpm,False,False,True,downloads
facter,50736887.0,facter,True,False,True,stars+downloads
base32,50717458.0,base32,True,True,True,stars+forks+downloads
pg_search,50647040.0,pg_search,True,True,True,stars+forks+downloads
kubeclient,50615915.0,kubeclient,True,True,True,stars+forks+downloads
gitlab-markup,50590619.0,gitlab-markup,True,True,True,stars+forks+downloads
seed-fu,50561679.0,seed-fu,True,True,True,stars+forks+downloads
redcloth,50495579.0,RedCloth,True,True,True,stars+forks+downloads
rubocop-rspec_rails,50486219.0,rubocop-rspec_rails,True,True,True,stars+forks+downloads
haml_lint,50457175.0,haml_lint,True,True,True,stars+forks+downloads
activeadmin,50373324.0,activeadmin,False,False,True,downloads
airbrussh,50336248.0,airbrussh,True,True,True,stars+forks+downloads
table_print,50331418.0,table_print,True,True,True,stars+forks+downloads
standard,50306918.0,standard,True,True,True,stars+forks+downloads
better_html,50271916.0,better_html,True,True,True,stars+forks+downloads
e2mmap,50223693.0,e2mmap,True,True,True,stars+forks+downloads
rswag-api,50181643.0,rswag-api,True,False,True,stars+downloads
smart_properties,50174436.0,smart_properties,True,True,True,stars+forks+downloads
airbrake,50118429.0,airbrake,True,True,True,stars+forks+downloads
uri_template,49981842.0,uri_template,True,True,True,stars+forks+downloads
simplecov-lcov,49962290.0,simplecov-lcov,True,True,True,stars+forks+downloads
letter_opener_web,49947718.0,letter_opener_web,True,True,True,stars+forks+downloads
pry-stack_explorer,49892399.0,pry-stack_explorer,True,True,True,stars+forks+downloads
aws-sdk-synthetics,49837839.0,aws-sdk-synthetics,False,False,True,downloads
formtastic_i18n,49812851.0,formtastic_i18n,True,True,True,stars+forks+downloads
aws-sdk-iotsitewise,49757091.0,aws-sdk-iotsitewise,False,False,True,downloads
ruby-statistics,49674943.0,ruby-statistics,True,True,True,stars+forks+downloads
jaeger-client,49666168.0,jaeger-client,True,True,True,stars+forks+downloads
aws-sdk-macie2,49634953.0,aws-sdk-macie2,False,False,True,downloads
fog-brightbox,49495683.0,fog-brightbox,False,False,True,downloads
flipper-active_support_cache_store,49361937.0,flipper-active_support_cache_store,True,True,True,stars+forks+downloads
apollo_upload_server,49060169.0,apollo_upload_server,True,True,True,stars+forks+downloads
specinfra,48885745.0,specinfra,False,False,True,downloads
cucumber-messages,48757028.0,cucumber-messages,True,True,True,stars+forks+downloads
semantic,48681023.0,semantic,True,True,True,stars+forks+downloads
mongoid,48550445.0,mongoid,True,False,True,stars+downloads
rswag-specs,48527405.0,rswag-specs,True,True,True,stars+forks+downloads
grpc-tools,48454533.0,grpc-tools,True,True,True,stars+forks+downloads
sidekiq-unique-jobs,48290073.0,sidekiq-unique-jobs,True,True,True,stars+forks+downloads
opentelemetry-exporter-otlp,48214460.0,opentelemetry-exporter-otlp,True,True,True,stars+forks+downloads
aws-sdk-codeartifact,48206532.0,aws-sdk-codeartifact,False,False,True,downloads
choice,48165997.0,choice,False,False,True,downloads
fiber-local,48026019.0,fiber-local,True,True,True,stars+forks+downloads
lockbox,47935844.0,lockbox,True,True,True,stars+forks+downloads
cocaine,47802273.0,cocaine,False,False,True,downloads
compass,47796239.0,compass,True,True,True,stars+forks+downloads
rspec-parameterized-core,47744878.0,rspec-parameterized-core,True,True,True,stars+forks+downloads
sysexits,47714514.0,sysexits,True,True,True,stars+forks+downloads
omniauth-oauth,47673818.0,omniauth-oauth,True,True,True,stars+forks+downloads
select2-rails,47459180.0,select2-rails,True,True,True,stars+forks+downloads
hamlit,47430846.0,hamlit,True,True,True,stars+forks+downloads
cucumber-gherkin,47424327.0,cucumber-gherkin,True,True,True,stars+forks+downloads
aws-sdk-elasticinference,47250118.0,aws-sdk-elasticinference,False,False,True,downloads
cliver,47238768.0,cliver,False,True,True,forks+downloads
rspec-parameterized-table_syntax,47193805.0,rspec-parameterized-table_syntax,True,True,True,stars+forks+downloads
snowplow-tracker,47132708.0,snowplow-tracker,True,True,True,stars+forks+downloads
rails-erd,47120539.0,rails-erd,False,False,True,downloads
opentelemetry-instrumentation-base,47104130.0,opentelemetry-instrumentation-base,True,True,True,stars+forks+downloads
redlock,46978047.0,redlock,False,False,True,downloads
rubyxl,46972486.0,rubyXL,True,False,True,stars+downloads
google-cloud-pubsub,46945064.0,google-cloud-pubsub,False,False,True,downloads
shoulda,46939912.0,shoulda,True,True,True,stars+forks+downloads
nokogumbo,46873771.0,nokogumbo,False,False,True,downloads
grape_logging,46862603.0,grape_logging,True,True,True,stars+forks+downloads
fiber-storage,46769224.0,fiber-storage,True,True,True,stars+forks+downloads
omniauth-auth0,46723831.0,omniauth-auth0,True,True,True,stars+forks+downloads
aws-sdk-ivs,46562729.0,aws-sdk-ivs,False,False,True,downloads
valid_email,46529633.0,valid_email,True,True,True,stars+forks+downloads
fog-softlayer,46520586.0,fog-softlayer,False,False,True,downloads
opentelemetry-instrumentation-rack,46310551.0,opentelemetry-instrumentation-rack,True,True,True,stars+forks+downloads
batch-loader,46309452.0,batch-loader,True,True,True,stars+forks+downloads
deprecation_toolkit,46280193.0,deprecation_toolkit,False,False,True,downloads
serverspec,46271431.0,serverspec,False,False,True,downloads
slim-rails,46223446.0,slim-rails,False,True,True,forks+downloads
ecma-re-validator,46123265.0,ecma-re-validator,True,True,True,stars+forks+downloads
sidekiq-scheduler,46010005.0,sidekiq-scheduler,True,True,True,stars+forks+downloads
dpl,46009408.0,dpl,False,False,True,downloads
holidays,45998862.0,holidays,False,False,True,downloads
down,45755152.0,down,True,True,True,stars+forks+downloads
ruby-openai,45712883.0,ruby-openai,True,True,True,stars+forks+downloads
grape-swagger,45604150.0,grape-swagger,True,True,True,stars+forks+downloads
faye-websocket,45558730.0,faye-websocket,True,True,True,stars+forks+downloads
train-core,45549567.0,train-core,True,True,True,stars+forks+downloads
logstash-event,45377041.0,logstash-event,True,True,True,stars+forks+downloads
executable-hooks,45287716.0,executable-hooks,False,False,True,downloads
aws-sdk-appflow,45092842.0,aws-sdk-appflow,False,False,True,downloads
gettext_i18n_rails,45058781.0,gettext_i18n_rails,True,True,True,stars+forks+downloads
aws-sdk-locationservice,45058539.0,aws-sdk-locationservice,False,False,True,downloads
zendesk_api,44970940.0,zendesk_api,True,True,True,stars+forks+downloads
fog-profitbricks,44934092.0,fog-profitbricks,False,False,True,downloads
aws-sdk-redshiftdataapiservice,44702321.0,aws-sdk-redshiftdataapiservice,False,False,True,downloads
mini_histogram,44652027.0,mini_histogram,True,True,True,stars+forks+downloads
aws-sdk-networkfirewall,44578406.0,aws-sdk-networkfirewall,False,False,True,downloads
pusher,44551759.0,pusher,False,True,True,forks+downloads
aws-sdk-identitystore,44502322.0,aws-sdk-identitystore,False,False,True,downloads
fog-sakuracloud,44410773.0,fog-sakuracloud,False,False,True,downloads
chronic_duration,44340153.0,chronic_duration,False,False,True,downloads
analytics-ruby,44288660.0,analytics-ruby,True,True,True,stars+forks+downloads
gitaly,44234667.0,gitaly,True,True,True,stars+forks+downloads
inflection,44210334.0,inflection,True,True,True,stars+forks+downloads
rubocop-graphql,44184482.0,rubocop-graphql,True,True,True,stars+forks+downloads
fog-radosgw,44172378.0,fog-radosgw,False,False,True,downloads
google-gax,44132721.0,google-gax,False,False,True,downloads
google-logging-utils,44093112.0,google-logging-utils,True,True,True,stars+forks+downloads
doorkeeper-openid_connect,44071698.0,doorkeeper-openid_connect,True,True,True,stars+forks+downloads
aws-sdk-braket,44047459.0,aws-sdk-braket,False,False,True,downloads
fission,44041581.0,fission,False,False,True,downloads
aws-sdk-ssoadmin,43985770.0,aws-sdk-ssoadmin,False,False,True,downloads
scenic,43963163.0,scenic,True,True,True,stars+forks+downloads
opentelemetry-instrumentation-action_pack,43947338.0,opentelemetry-instrumentation-action_pack,True,True,True,stars+forks+downloads
fog-openstack,43909856.0,fog-openstack,True,True,True,stars+forks+downloads
rly,43868222.0,rly,False,False,True,downloads
iniparse,43862444.0,iniparse,True,True,True,stars+forks+downloads
sitemap_generator,43833506.0,sitemap_generator,True,False,True,stars+downloads
prometheus-client-mmap,43735857.0,prometheus-client-mmap,True,True,True,stars+forks+downloads
danger-gitlab,43641735.0,danger-gitlab,True,True,True,stars+forks+downloads
vegas,43589716.0,vegas,True,True,True,stars+forks+downloads
cucumber-tag-expressions,43580251.0,cucumber-tag-expressions,True,True,True,stars+forks+downloads
pry-doc,43466390.0,pry-doc,True,False,True,stars+downloads
fog-vmfusion,43432817.0,fog-vmfusion,False,False,True,downloads
cucumber-cucumber-expressions,43412795.0,cucumber-cucumber-expressions,True,True,True,stars+forks+downloads
fog-terremark,43407014.0,fog-terremark,False,False,True,downloads
cucumber-html-formatter,43385019.0,cucumber-html-formatter,True,True,True,stars+forks+downloads
fog-voxel,43376680.0,fog-voxel,False,False,True,downloads
simple_po_parser,43145521.0,simple_po_parser,True,True,True,stars+forks+downloads
fluent-plugin-kafka,43119485.0,fluent-plugin-kafka,False,False,True,downloads
fog-ecloud,43103610.0,fog-ecloud,False,False,True,downloads
invisible_captcha,43103301.0,invisible_captcha,True,True,True,stars+forks+downloads
cookiejar,42993783.0,cookiejar,True,True,True,stars+forks+downloads
jekyll,42951998.0,jekyll,True,True,True,stars+forks+downloads
rubocop-rake,42937937.0,rubocop-rake,True,True,True,stars+forks+downloads
acme-client,42936498.0,acme-client,True,True,True,stars+forks+downloads
fog-storm_on_demand,42911893.0,fog-storm_on_demand,False,False,True,downloads
user_agent_parser,42831830.0,user_agent_parser,False,False,True,downloads
serverengine,42553994.0,serverengine,True,True,True,stars+forks+downloads
simple_oauth,42542136.0,simple_oauth,True,True,True,stars+forks+downloads
devise_invitable,42539583.0,devise_invitable,True,True,True,stars+forks+downloads
pagy,42531318.0,pagy,True,True,True,stars+forks+downloads
aws-sdk-timestreamquery,42331263.0,aws-sdk-timestreamquery,False,False,True,downloads
aws-sdk-timestreamwrite,42314682.0,aws-sdk-timestreamwrite,False,False,True,downloads
fog-atmos,42272966.0,fog-atmos,False,False,True,downloads
chartkick,42269190.0,chartkick,True,True,True,stars+forks+downloads
watir,42255548.0,watir,False,False,True,downloads
net-telnet,42225887.0,net-telnet,False,False,True,downloads
elastic-transport,42216228.0,elastic-transport,True,True,True,stars+forks+downloads
opentelemetry-instrumentation-sidekiq,42208013.0,opentelemetry-instrumentation-sidekiq,True,True,True,stars+forks+downloads
fog-serverlove,42172951.0,fog-serverlove,False,False,True,downloads
aws-sdk-s3outposts,42130257.0,aws-sdk-s3outposts,False,False,True,downloads
danger-plugin-api,42112362.0,danger-plugin-api,False,False,True,downloads
aws-sdk-auditmanager,42100725.0,aws-sdk-auditmanager,False,False,True,downloads
aws-sdk-ecrpublic,42065259.0,aws-sdk-ecrpublic,False,False,True,downloads
rack-contrib,42062050.0,rack-contrib,True,True,True,stars+forks+downloads
aws-sdk-devopsguru,42060264.0,aws-sdk-devopsguru,False,False,True,downloads
aws-sdk-appregistry,41933838.0,aws-sdk-appregistry,False,False,True,downloads
aws-sdk-iotwireless,41799059.0,aws-sdk-iotwireless,False,False,True,downloads
akismet,41699831.0,akismet,True,True,True,stars+forks+downloads
aws-sdk-prometheusservice,41646577.0,aws-sdk-prometheusservice,False,False,True,downloads
cbor,41638751.0,cbor,True,True,True,stars+forks+downloads
mechanize,41634486.0,mechanize,False,True,True,forks+downloads
opentelemetry-instrumentation-active_record,41537517.0,opentelemetry-instrumentation-active_record,True,True,True,stars+forks+downloads
gitlab-styles,41490759.0,gitlab-styles,True,True,True,stars+forks+downloads
retryable,41472536.0,retryable,True,True,True,stars+forks+downloads
aws-sdk-greengrassv2,41453654.0,aws-sdk-greengrassv2,False,False,True,downloads
aws-sdk-customerprofiles,41359314.0,aws-sdk-customerprofiles,False,False,True,downloads
sfl,41357421.0,sfl,False,False,True,downloads
fog-riakcs,41292117.0,fog-riakcs,False,False,True,downloads
js_regex,41258326.0,js_regex,True,True,True,stars+forks+downloads
google-apis-generator,41224455.0,google-apis-generator,False,False,True,downloads
aws-sdk-mwaa,41183487.0,aws-sdk-mwaa,False,False,True,downloads
curb,41174682.0,curb,True,False,True,stars+downloads
aws-sdk-gluedatabrew,41142103.0,aws-sdk-gluedatabrew,False,False,True,downloads
fog-powerdns,41138041.0,fog-powerdns,False,False,True,downloads
aws-sdk-lexmodelsv2,41104443.0,aws-sdk-lexmodelsv2,False,False,True,downloads
rails-observers,41103754.0,rails-observers,True,True,True,stars+forks+downloads
stringex,41082489.0,stringex,True,True,True,stars+forks+downloads
capistrano-rails,41050678.0,capistrano-rails,True,True,True,stars+forks+downloads
puma_worker_killer,41031604.0,puma_worker_killer,True,False,True,stars+downloads
opentelemetry-instrumentation-net_http,41018790.0,opentelemetry-instrumentation-net_http,True,True,True,stars+forks+downloads
net-http-digest_auth,41003698.0,net-http-digest_auth,False,False,True,downloads
aws-sdk-iotdeviceadvisor,40996521.0,aws-sdk-iotdeviceadvisor,False,False,True,downloads
aws-sdk-sagemakeredgemanager,40992644.0,aws-sdk-sagemakeredgemanager,False,False,True,downloads
aws-sdk-emrcontainers,40973778.0,aws-sdk-emrcontainers,False,False,True,downloads
google-apis-discovery_v1,40942873.0,google-apis-discovery_v1,False,False,True,downloads
fastlane-sirp,40786781.0,fastlane-sirp,True,True,True,stars+forks+downloads
aws-sdk-wellarchitected,40782528.0,aws-sdk-wellarchitected,False,False,True,downloads
em-http-request,40782283.0,em-http-request,True,True,True,stars+forks+downloads
path_expander,40767333.0,path_expander,True,True,True,stars+forks+downloads
benchmark-memory,40391603.0,benchmark-memory,True,True,True,stars+forks+downloads
cose,40355109.0,cose,True,True,True,stars+forks+downloads
em-socksify,40311456.0,em-socksify,True,True,True,stars+forks+downloads
sysrandom,40309307.0,sysrandom,False,False,True,downloads
opentelemetry-instrumentation-faraday,40292618.0,opentelemetry-instrumentation-faraday,True,True,True,stars+forks+downloads
aws-sdk-amplifybackend,40227709.0,aws-sdk-amplifybackend,False,False,True,downloads
audited,40194498.0,audited,True,True,True,stars+forks+downloads
aws-sdk-lexruntimev2,40192980.0,aws-sdk-lexruntimev2,False,False,True,downloads
aws-sdk-healthlake,40157280.0,aws-sdk-healthlake,False,False,True,downloads
aws-sdk-appintegrationsservice,40127909.0,aws-sdk-appintegrationsservice,False,False,True,downloads
aws-sdk-sagemakerfeaturestoreruntime,40117019.0,aws-sdk-sagemakerfeaturestoreruntime,False,False,True,downloads
sass-embedded,40108934.0,sass-embedded,True,True,True,stars+forks+downloads
regexp_property_values,40078348.0,regexp_property_values,True,True,True,stars+forks+downloads
aws-sdk-connectcontactlens,40044634.0,aws-sdk-connectcontactlens,False,False,True,downloads
openssl-signature_algorithm,40001498.0,openssl-signature_algorithm,True,True,True,stars+forks+downloads
ox,39995611.0,ox,True,True,True,stars+forks+downloads
honeybadger,39985119.0,honeybadger,True,True,True,stars+forks+downloads
aws-sdk-lookoutforvision,39974050.0,aws-sdk-lookoutforvision,False,False,True,downloads
metaclass,39764087.0,metaclass,True,True,True,stars+forks+downloads
i18n-js,39687094.0,i18n-js,True,True,True,stars+forks+downloads
webauthn,39685414.0,webauthn,True,True,True,stars+forks+downloads
ltsv,39652115.0,ltsv,False,False,True,downloads
after_commit_everywhere,39591454.0,after_commit_everywhere,True,True,True,stars+forks+downloads
omniauth-twitter,39539294.0,omniauth-twitter,True,True,True,stars+forks+downloads
email_reply_trimmer,39506913.0,email_reply_trimmer,True,True,True,stars+forks+downloads
html2text,39472779.0,html2text,True,True,True,stars+forks+downloads
character_set,39463728.0,character_set,True,True,True,stars+forks+downloads
truncato,39462343.0,truncato,True,True,True,stars+forks+downloads
groupdate,39456588.0,groupdate,True,True,True,stars+forks+downloads
vmstat,39426455.0,vmstat,True,True,True,stars+forks+downloads
android_key_attestation,39410307.0,android_key_attestation,True,True,True,stars+forks+downloads
pusher-signature,39378516.0,pusher-signature,False,False,True,downloads
rack-ssl,39373380.0,rack-ssl,True,False,True,stars+downloads
opentelemetry-instrumentation-active_support,39313663.0,opentelemetry-instrumentation-active_support,True,True,True,stars+forks+downloads
tpm-key_attestation,39256795.0,tpm-key_attestation,True,True,True,stars+forks+downloads
safety_net_attestation,39251708.0,safety_net_attestation,True,True,True,stars+forks+downloads
opentelemetry-instrumentation-redis,39190620.0,opentelemetry-instrumentation-redis,True,True,True,stars+forks+downloads
re2,39044256.0,re2,True,True,True,stars+forks+downloads
reek,39022801.0,reek,False,False,True,downloads
business_time,39003767.0,business_time,True,True,True,stars+forks+downloads
solargraph,38993051.0,solargraph,True,True,True,stars+forks+downloads
kwalify,38926875.0,kwalify,False,False,True,downloads
azure-storage-common,38871225.0,azure-storage-common,True,True,True,stars+forks+downloads
poltergeist,38868511.0,poltergeist,False,True,True,forks+downloads
ruby-next-core,38859611.0,ruby-next-core,True,True,True,stars+forks+downloads
cocoon,38817527.0,cocoon,True,True,True,stars+forks+downloads
io-event,38773082.0,io-event,True,True,True,stars+forks+downloads
pyu-ruby-sasl,38759753.0,pyu-ruby-sasl,True,True,True,stars+forks+downloads
dry-cli,38712605.0,dry-cli,True,True,True,stars+forks+downloads
inifile,38692218.0,inifile,False,False,True,downloads
ancestry,38681758.0,ancestry,True,True,True,stars+forks+downloads
unleash,38604919.0,unleash,False,False,True,downloads
mixlib-versioning,38485199.0,mixlib-versioning,True,True,True,stars+forks+downloads
aws-sdk-iotfleethub,38482348.0,aws-sdk-iotfleethub,False,False,True,downloads
aws-sdk-lookoutequipment,38411558.0,aws-sdk-lookoutequipment,False,False,True,downloads
rubypants,38393208.0,rubypants,True,True,True,stars+forks+downloads
gitlab_omniauth-ldap,38317702.0,gitlab_omniauth-ldap,True,True,True,stars+forks+downloads
opentelemetry-instrumentation-action_view,38289701.0,opentelemetry-instrumentation-action_view,True,True,True,stars+forks+downloads
aws-sdk-mgn,38272943.0,aws-sdk-mgn,False,False,True,downloads
react-rails,38198289.0,react-rails,False,False,True,downloads
vite_ruby,38194024.0,vite_ruby,True,True,True,stars+forks+downloads
polyamorous,38144426.0,polyamorous,False,False,True,downloads
rubocop-minitest,38142021.0,rubocop-minitest,True,True,True,stars+forks+downloads
webrobots,38118041.0,webrobots,False,False,True,downloads
opentelemetry-instrumentation-rails,38117689.0,opentelemetry-instrumentation-rails,True,True,True,stars+forks+downloads
version_sorter,38111066.0,version_sorter,True,True,True,stars+forks+downloads
asciidoctor-plantuml,37951868.0,asciidoctor-plantuml,True,True,True,stars+forks+downloads
gitlab-license,37907228.0,gitlab-license,True,True,True,stars+forks+downloads
aws-sdk-lookoutmetrics,37866667.0,aws-sdk-lookoutmetrics,False,False,True,downloads
aws-sdk-fis,37858172.0,aws-sdk-fis,False,False,True,downloads
aws-sdk-apprunner,37739669.0,aws-sdk-apprunner,False,False,True,downloads
fog-rackspace,37735559.0,fog-rackspace,False,False,True,downloads
gitlab-dangerfiles,37621861.0,gitlab-dangerfiles,True,True,True,stars+forks+downloads
aws-sdk-finspacedata,37608546.0,aws-sdk-finspacedata,False,False,True,downloads
pkg-config,37600673.0,pkg-config,False,False,True,downloads
moneta,37587571.0,moneta,False,False,True,downloads
creole,37547402.0,creole,True,True,True,stars+forks+downloads
aws-sdk-ssmincidents,37535532.0,aws-sdk-ssmincidents,False,False,True,downloads
phony,37529586.0,phony,True,False,True,stars+downloads
flipper-ui,37501242.0,flipper-ui,True,True,True,stars+forks+downloads
sinatra-contrib,37476590.0,sinatra-contrib,True,False,True,stars+downloads
jekyll-sass-converter,37471782.0,jekyll-sass-converter,True,True,True,stars+forks+downloads
awrence,37436933.0,awrence,False,False,True,downloads
prime,37360565.0,prime,True,True,True,stars+forks+downloads
deckar01-task_list,37355720.0,deckar01-task_list,True,True,True,stars+forks+downloads
aws-sdk-honeycode,37345155.0,aws-sdk-honeycode,False,False,True,downloads
expression_parser,37344255.0,expression_parser,True,True,True,stars+forks+downloads
validates_hostname,37278857.0,validates_hostname,True,True,True,stars+forks+downloads
pact-support,37252574.0,pact-support,True,True,True,stars+forks+downloads
org-ruby,37244807.0,org-ruby,True,True,True,stars+forks+downloads
amazing_print,37172932.0,amazing_print,True,True,True,stars+forks+downloads
wikicloth,37080384.0,wikicloth,True,True,True,stars+forks+downloads
rails_stdout_logging,37072885.0,rails_stdout_logging,False,True,True,forks+downloads
pact-mock_service,36980791.0,pact-mock_service,True,True,True,stars+forks+downloads
settingslogic,36948054.0,settingslogic,False,False,True,downloads
zip-zip,36919061.0,zip-zip,False,False,True,downloads
pact,36876365.0,pact,True,True,True,stars+forks+downloads
timfel-krb5-auth,36853888.0,timfel-krb5-auth,True,True,True,stars+forks+downloads
momentjs-rails,36801501.0,momentjs-rails,False,True,True,forks+downloads
chef-handler-datadog,36736731.0,chef-handler-datadog,False,False,True,downloads
vite_rails,36720803.0,vite_rails,True,True,True,stars+forks+downloads
peek,36700659.0,peek,True,True,True,stars+forks+downloads
rails_serve_static_assets,36632258.0,rails_serve_static_assets,False,True,True,forks+downloads
aws-sdk-finspace,36630615.0,aws-sdk-finspace,False,False,True,downloads
aws-sdk-ssmcontacts,36590800.0,aws-sdk-ssmcontacts,False,False,True,downloads
scientist,36588263.0,scientist,False,False,True,downloads
email_validator,36563480.0,email_validator,True,True,True,stars+forks+downloads
semantic_logger,36562255.0,semantic_logger,False,False,True,downloads
grape-path-helpers,36528501.0,grape-path-helpers,True,True,True,stars+forks+downloads
find_a_port,36493718.0,find_a_port,True,True,True,stars+forks+downloads
omniauth-oauth2-generic,36328671.0,omniauth-oauth2-generic,True,True,True,stars+forks+downloads
sidekiq-failures,36325861.0,sidekiq-failures,False,False,True,downloads
opentelemetry-instrumentation-http,36306794.0,opentelemetry-instrumentation-http,True,True,True,stars+forks+downloads
datadog,36287550.0,datadog,True,True,True,stars+forks+downloads
aws-sdk-applicationcostprofiler,36253955.0,aws-sdk-applicationcostprofiler,False,False,True,downloads
mercenary,36095403.0,mercenary,True,True,True,stars+forks+downloads
ruby-lsp,36079739.0,ruby-lsp,True,True,True,stars+forks+downloads
omniauth-azure-activedirectory-v2,35989532.0,omniauth-azure-activedirectory-v2,True,True,True,stars+forks+downloads
resque-scheduler,35980357.0,resque-scheduler,True,True,True,stars+forks+downloads
rgeo,35943391.0,rgeo,True,False,True,stars+downloads
inflecto,35935284.0,inflecto,False,False,True,downloads
azure-storage-blob,35907309.0,azure-storage-blob,True,True,True,stars+forks+downloads
rbnacl,35831207.0,rbnacl,False,False,True,downloads
opentelemetry-instrumentation-http_client,35623709.0,opentelemetry-instrumentation-http_client,True,True,True,stars+forks+downloads
parseconfig,35596116.0,parseconfig,False,False,True,downloads
asciidoctor-include-ext,35483003.0,asciidoctor-include-ext,True,True,True,stars+forks+downloads
rb_sys,35482491.0,rb_sys,True,True,True,stars+forks+downloads
gitlab_chronic_duration,35443279.0,gitlab_chronic_duration,True,True,True,stars+forks+downloads
omniauth_openid_connect,35440258.0,omniauth_openid_connect,True,True,True,stars+forks+downloads
aws-sdk-proton,35430376.0,aws-sdk-proton,False,False,True,downloads
slack-messenger,35429678.0,slack-messenger,True,True,True,stars+forks+downloads
gitlab-mail_room,35427108.0,gitlab-mail_room,True,True,True,stars+forks+downloads
backport,35424294.0,backport,True,True,True,stars+forks+downloads
gitlab-net-dns,35341748.0,gitlab-net-dns,True,True,True,stars+forks+downloads
opentelemetry-instrumentation-active_job,35309097.0,opentelemetry-instrumentation-active_job,True,True,True,stars+forks+downloads
graphql-docs,35287326.0,graphql-docs,True,True,True,stars+forks+downloads
font-awesome-sass,35264179.0,font-awesome-sass,False,True,True,forks+downloads
mini_racer,35210687.0,mini_racer,True,True,True,stars+forks+downloads
ruby-fogbugz,35146560.0,ruby-fogbugz,False,False,True,downloads
html2haml,35098000.0,html2haml,False,False,True,downloads
opentelemetry-instrumentation-pg,35028328.0,opentelemetry-instrumentation-pg,True,True,True,stars+forks+downloads
opentelemetry-instrumentation-concurrent_ruby,34987826.0,opentelemetry-instrumentation-concurrent_ruby,True,True,True,stars+forks+downloads
pry-nav,34964869.0,pry-nav,True,True,True,stars+forks+downloads
gitlab-chronic,34861341.0,gitlab-chronic,True,True,True,stars+forks+downloads
figaro,34798430.0,figaro,False,True,True,forks+downloads
mixlib-install,34767415.0,mixlib-install,True,True,True,stars+forks+downloads
compass-import-once,34765938.0,compass-import-once,False,False,True,downloads
gitlab-fog-azure-rm,34735776.0,gitlab-fog-azure-rm,True,True,True,stars+forks+downloads
extended-markdown-filter,34675502.0,extended-markdown-filter,True,True,True,stars+forks+downloads
rails_12factor,34587823.0,rails_12factor,False,True,True,forks+downloads
active_record_query_trace,34425820.0,active_record_query_trace,True,True,True,stars+forks+downloads
grape-swagger-entity,34388935.0,grape-swagger-entity,True,True,True,stars+forks+downloads
rspec_profiling,34386098.0,rspec_profiling,True,True,True,stars+forks+downloads
activerecord-explain-analyze,34368289.0,activerecord-explain-analyze,False,False,True,downloads
opentelemetry-instrumentation-graphql,34358380.0,opentelemetry-instrumentation-graphql,True,True,True,stars+forks+downloads
safely_block,34285528.0,safely_block,True,True,True,stars+forks+downloads
pry-remote,34210616.0,pry-remote,False,False,True,downloads
data_migrate,34197130.0,data_migrate,True,True,True,stars+forks+downloads
colorator,34146345.0,colorator,True,True,True,stars+forks+downloads
fiber-annotation,34141910.0,fiber-annotation,True,True,True,stars+forks+downloads
anyway_config,34094539.0,anyway_config,True,True,True,stars+forks+downloads
datadog-ci,34093346.0,datadog-ci,True,True,True,stars+forks+downloads
aws-sdk-chimesdkmessaging,34093197.0,aws-sdk-chimesdkmessaging,False,False,True,downloads
jekyll-watch,34073150.0,jekyll-watch,True,True,True,stars+forks+downloads
opentelemetry-instrumentation-ethon,34064877.0,opentelemetry-instrumentation-ethon,True,True,True,stars+forks+downloads
dumb_delegator,34062482.0,dumb_delegator,True,True,True,stars+forks+downloads
sentry-ruby-core,33929164.0,sentry-ruby-core,False,False,True,downloads
ruby-debug-ide,33871844.0,ruby-debug-ide,True,True,True,stars+forks+downloads
fluent-plugin-cloudwatch-logs,33830593.0,fluent-plugin-cloudwatch-logs,False,False,True,downloads
io-like,33774408.0,io-like,True,False,True,stars+downloads
compass-core,33721101.0,compass-core,False,False,True,downloads
aws-sdk-opensearchservice,33712987.0,aws-sdk-opensearchservice,False,False,True,downloads
tty-table,33674867.0,tty-table,True,True,True,stars+forks+downloads
circuitbox,33634261.0,circuitbox,True,True,True,stars+forks+downloads
png_quantizator,33569747.0,png_quantizator,True,True,True,stars+forks+downloads
gitlab-experiment,33503190.0,gitlab-experiment,True,True,True,stars+forks+downloads
spoom,33497584.0,spoom,True,True,True,stars+forks+downloads
fog-dynect,33486898.0,fog-dynect,False,False,True,downloads
aws-sdk-account,33407879.0,aws-sdk-account,False,False,True,downloads
cssbundling-rails,33406176.0,cssbundling-rails,True,True,True,stars+forks+downloads
flay,33292726.0,flay,False,False,True,downloads
fluent-plugin-opensearch,33218820.0,fluent-plugin-opensearch,False,False,True,downloads
opentelemetry-instrumentation-aws_sdk,33126298.0,opentelemetry-instrumentation-aws_sdk,True,True,True,stars+forks+downloads
sorbet-static-and-runtime,33077355.0,sorbet-static-and-runtime,True,True,True,stars+forks+downloads
aws-sdk-route53recoverycluster,33065064.0,aws-sdk-route53recoverycluster,False,False,True,downloads
omniauth-atlassian-oauth2,33050177.0,omniauth-atlassian-oauth2,True,True,True,stars+forks+downloads
aws-sdk-route53recoverycontrolconfig,33049247.0,aws-sdk-route53recoverycontrolconfig,False,False,True,downloads
aws-sdk-route53recoveryreadiness,32981292.0,aws-sdk-route53recoveryreadiness,False,False,True,downloads
airbrake-ruby,32968013.0,airbrake-ruby,True,True,True,stars+forks+downloads
shoryuken,32936877.0,shoryuken,False,False,True,downloads
dry-monads,32816319.0,dry-monads,True,True,True,stars+forks+downloads
cucumber-rails,32786117.0,cucumber-rails,True,True,True,stars+forks+downloads
fastlane-plugin-appcenter,32782614.0,fastlane-plugin-appcenter,False,False,True,downloads
nested_form,32764251.0,nested_form,True,False,True,stars+downloads
aws-sdk-chimesdkidentity,32739070.0,aws-sdk-chimesdkidentity,False,False,True,downloads
bcrypt-ruby,32727637.0,bcrypt-ruby,True,True,True,stars+forks+downloads
koala,32707727.0,koala,True,True,True,stars+forks+downloads
passenger,32692435.0,passenger,False,False,True,downloads
dante,32689876.0,dante,True,True,True,stars+forks+downloads
google_drive,32663075.0,google_drive,False,False,True,downloads
i18n-tasks,32627321.0,i18n-tasks,True,True,True,stars+forks+downloads
google-apis-compute_v1,32577951.0,google-apis-compute_v1,True,True,True,stars+forks+downloads
asciidoctor-kroki,32559940.0,asciidoctor-kroki,True,True,True,stars+forks+downloads
aws-sdk-voiceid,32526185.0,aws-sdk-voiceid,False,False,True,downloads
google-apis-dns_v1,32512878.0,google-apis-dns_v1,True,True,True,stars+forks+downloads
http-2,32512192.0,http-2,True,True,True,stars+forks+downloads
test_file_finder,32505244.0,test_file_finder,True,True,True,stars+forks+downloads
aws-sdk-snowdevicemanagement,32484337.0,aws-sdk-snowdevicemanagement,False,False,True,downloads
aws-sdk-memorydb,32433561.0,aws-sdk-memorydb,False,False,True,downloads
aws-sdk-chimesdkmeetings,32427786.0,aws-sdk-chimesdkmeetings,False,False,True,downloads
google-apis-monitoring_v3,32314481.0,google-apis-monitoring_v3,True,True,True,stars+forks+downloads
mize,32310191.0,mize,True,True,True,stars+forks+downloads
fluent-plugin-aws-elasticsearch-service,32284069.0,fluent-plugin-aws-elasticsearch-service,False,False,True,downloads
aws-sdk-connectwisdomservice,32264207.0,aws-sdk-connectwisdomservice,False,False,True,downloads
graphlient,32234660.0,graphlient,False,False,True,downloads
coverband,32199102.0,coverband,True,True,True,stars+forks+downloads
discard,32184155.0,discard,True,True,True,stars+forks+downloads
benchmark-perf,32163935.0,benchmark-perf,True,True,True,stars+forks+downloads
google-apis-pubsub_v1,32163898.0,google-apis-pubsub_v1,True,True,True,stars+forks+downloads
tapioca,32154591.0,tapioca,True,True,True,stars+forks+downloads
undercover,32141455.0,undercover,True,True,True,stars+forks+downloads
popper_js,31989334.0,popper_js,False,False,True,downloads
bootstrap,31964721.0,bootstrap,False,False,True,downloads
statsd-instrument,31900107.0,statsd-instrument,False,False,True,downloads
amatch,31805530.0,amatch,True,True,True,stars+forks+downloads
google-apis-sqladmin_v1beta4,31789647.0,google-apis-sqladmin_v1beta4,True,True,True,stars+forks+downloads
aws-sdk-nimblestudio,31757186.0,aws-sdk-nimblestudio,False,False,True,downloads
benchmark-trend,31667370.0,benchmark-trend,True,True,True,stars+forks+downloads
opentelemetry-instrumentation-excon,31664651.0,opentelemetry-instrumentation-excon,True,True,True,stars+forks+downloads
roo-xls,31655713.0,roo-xls,False,False,True,downloads
secure_headers,31576851.0,secure_headers,True,True,True,stars+forks+downloads
netaddr,31572554.0,netaddr,True,False,True,stars+downloads
benchmark-malloc,31558396.0,benchmark-malloc,True,True,True,stars+forks+downloads
aws-sdk-cloudcontrolapi,31531723.0,aws-sdk-cloudcontrolapi,False,False,True,downloads
aws-sdk-kafkaconnect,31531301.0,aws-sdk-kafkaconnect,False,False,True,downloads
enumerize,31498247.0,enumerize,False,True,True,forks+downloads
rspec-benchmark,31494256.0,rspec-benchmark,True,True,True,stars+forks+downloads
hirb,31474105.0,hirb,False,False,True,downloads
naught,31433509.0,naught,True,True,True,stars+forks+downloads
aws-sdk-managedgrafana,31376288.0,aws-sdk-managedgrafana,False,False,True,downloads
journey,31374469.0,journey,True,False,True,stars+downloads
pathutil,31370577.0,pathutil,True,True,True,stars+forks+downloads
waterdrop,31368797.0,waterdrop,True,True,True,stars+forks+downloads
aws-sdk-rails,31367641.0,aws-sdk-rails,False,False,True,downloads
aws-sdk-panorama,31355874.0,aws-sdk-panorama,False,False,True,downloads
imagen,31291882.0,imagen,True,True,True,stars+forks+downloads
ruby-magic,31150353.0,ruby-magic,True,True,True,stars+forks+downloads
rbi,31093047.0,rbi,True,True,True,stars+forks+downloads
aws-sdk-resiliencehub,31022014.0,aws-sdk-resiliencehub,False,False,True,downloads
unicorn-worker-killer,31012104.0,unicorn-worker-killer,False,False,True,downloads
fluent-plugin-gcloud-pubsub-custom,30997251.0,fluent-plugin-gcloud-pubsub-custom,False,False,True,downloads
github-markup,30977136.0,github-markup,False,False,True,downloads
forwardable-extended,30959051.0,forwardable-extended,True,True,True,stars+forks+downloads
declarative_policy,30822090.0,declarative_policy,True,True,True,stars+forks+downloads
aws-sdk-drs,30699784.0,aws-sdk-drs,False,False,True,downloads
cucumber-tag_expressions,30679310.0,cucumber-tag_expressions,False,False,True,downloads
flamegraph,30661019.0,flamegraph,True,True,True,stars+forks+downloads
puppet,30601088.0,puppet,False,False,True,downloads
unaccent,30591352.0,unaccent,True,True,True,stars+forks+downloads
prometheus_exporter,30526693.0,prometheus_exporter,True,True,True,stars+forks+downloads
tanuki_emoji,30518499.0,tanuki_emoji,True,True,True,stars+forks+downloads
discordrb-webhooks,30349542.0,discordrb-webhooks,True,False,True,stars+downloads
ld-eventsource,30324982.0,ld-eventsource,False,False,True,downloads
cucumber-expressions,30223926.0,cucumber-expressions,True,True,True,stars+forks+downloads
fcm,30221921.0,fcm,True,True,True,stars+forks+downloads
rbvmomi,30184290.0,rbvmomi,False,False,True,downloads
spamcheck,30171964.0,spamcheck,True,True,True,stars+forks+downloads
with_advisory_lock,30168450.0,with_advisory_lock,True,True,True,stars+forks+downloads
pdfkit,30130665.0,pdfkit,True,False,True,stars+downloads
contracts,30101906.0,contracts,True,True,True,stars+forks+downloads
commander-fastlane,30082879.0,commander-fastlane,False,False,True,downloads
fluent-plugin-grok-parser,30031564.0,fluent-plugin-grok-parser,False,False,True,downloads
rake-compiler,30008654.0,rake-compiler,True,True,True,stars+forks+downloads
geokit,29959600.0,geokit,True,True,True,stars+forks+downloads
propshaft,29938968.0,propshaft,True,True,True,stars+forks+downloads
crystalball,29936979.0,crystalball,False,False,True,downloads
columnize,29894053.0,columnize,False,True,True,forks+downloads
aws-sdk-inspector2,29892103.0,aws-sdk-inspector2,False,False,True,downloads
aws-sdk-migrationhubrefactorspaces,29863839.0,aws-sdk-migrationhubrefactorspaces,False,False,True,downloads
aws-sdk-appconfigdata,29829473.0,aws-sdk-appconfigdata,False,False,True,downloads
log4r,29749862.0,log4r,True,True,True,stars+forks+downloads
event_stream_parser,29736715.0,event_stream_parser,True,True,True,stars+forks+downloads
aws-sdk-backupgateway,29702307.0,aws-sdk-backupgateway,False,False,True,downloads
sd_notify,29679136.0,sd_notify,True,True,True,stars+forks+downloads
avro,29659983.0,avro,False,False,True,downloads
aws-sdk-cloudwatchevidently,29550460.0,aws-sdk-cloudwatchevidently,False,False,True,downloads
ssh_data,29524560.0,ssh_data,True,True,True,stars+forks+downloads
aws-sdk-ssooidc,29496022.0,aws-sdk-ssooidc,False,False,True,downloads
aws-sdk-workspacesweb,29465446.0,aws-sdk-workspacesweb,False,False,True,downloads
libxml-ruby,29458689.0,libxml-ruby,True,True,True,stars+forks+downloads
google-apis-sheets_v4,29425074.0,google-apis-sheets_v4,False,False,True,downloads
active_storage_validations,29396758.0,active_storage_validations,True,True,True,stars+forks+downloads
datadog-ruby_core_source,29369876.0,datadog-ruby_core_source,True,True,True,stars+forks+downloads
binding_ninja,29363005.0,binding_ninja,False,False,True,downloads
hashids,29357422.0,hashids,False,False,True,downloads
stud,29329709.0,stud,True,False,True,stars+downloads
geoip,29309559.0,geoip,True,False,True,stars+downloads
json_schema,29239574.0,json_schema,True,False,True,stars+downloads
aws-sdk-migrationhubstrategyrecommendations,29221685.0,aws-sdk-migrationhubstrategyrecommendations,False,False,True,downloads
aws-sdk-amplifyuibuilder,29107132.0,aws-sdk-amplifyuibuilder,False,False,True,downloads
redmine_crm,29034237.0,redmine_crm,False,False,True,downloads
country_select,28911698.0,country_select,True,True,True,stars+forks+downloads
pry-rescue,28899950.0,pry-rescue,True,True,True,stars+forks+downloads
atomic,28882386.0,atomic,False,True,True,forks+downloads
google-apis-drive_v3,28859760.0,google-apis-drive_v3,True,True,True,stars+forks+downloads
launchdarkly-server-sdk,28843965.0,launchdarkly-server-sdk,False,False,True,downloads
aws-sdk-cloudwatchrum,28807717.0,aws-sdk-cloudwatchrum,False,False,True,downloads
rubocop-sorbet,28794276.0,rubocop-sorbet,True,True,True,stars+forks+downloads
aws-sdk-iottwinmaker,28778422.0,aws-sdk-iottwinmaker,False,False,True,downloads
oga,28747037.0,oga,False,False,True,downloads
sin_lru_redux,28741817.0,sin_lru_redux,False,False,True,downloads
promise.rb,28740062.0,promise.rb,True,True,True,stars+forks+downloads
bourbon,28738862.0,bourbon,False,True,True,forks+downloads
faraday_middleware-multi_json,28625916.0,faraday_middleware-multi_json,False,False,True,downloads
aws-sdk-recyclebin,28621817.0,aws-sdk-recyclebin,False,False,True,downloads
graphql-batch,28577093.0,graphql-batch,True,True,True,stars+forks+downloads
asana,28560794.0,asana,False,False,True,downloads
yard-sorbet,28511980.0,yard-sorbet,True,True,True,stars+forks+downloads
standard-performance,28474300.0,standard-performance,True,True,True,stars+forks+downloads
interception,28459135.0,interception,True,True,True,stars+forks+downloads
ruby-ll,28381098.0,ruby-ll,False,False,True,downloads
observer,28342793.0,observer,True,True,True,stars+forks+downloads
karafka,28312737.0,karafka,False,False,True,downloads
barby,28312239.0,barby,False,False,True,downloads
pry-shell,28305858.0,pry-shell,True,True,True,stars+forks+downloads
tty-markdown,28274703.0,tty-markdown,False,False,True,downloads
cucumber-ci-environment,28202383.0,cucumber-ci-environment,True,True,True,stars+forks+downloads
chef-sugar,28120580.0,chef-sugar,False,False,True,downloads
axe-core-api,28083309.0,axe-core-api,True,True,True,stars+forks+downloads
google-apis-firebaseappdistribution_v1,28002643.0,google-apis-firebaseappdistribution_v1,False,False,True,downloads
rack-rewrite,27953726.0,rack-rewrite,True,True,True,stars+forks+downloads
fluent-plugin-ec2-metadata,27938145.0,fluent-plugin-ec2-metadata,False,False,True,downloads
twitter,27916560.0,twitter,True,True,True,stars+forks+downloads
searchkick,27856457.0,searchkick,True,True,True,stars+forks+downloads
posix-spawn,27849351.0,posix-spawn,False,False,True,downloads
thwait,27777076.0,thwait,False,False,True,downloads
bootstrap_form,27763954.0,bootstrap_form,False,False,True,downloads
standard-custom,27725131.0,standard-custom,True,True,True,stars+forks+downloads
buftok,27720607.0,buftok,True,True,True,stars+forks+downloads
rspec-instafail,27719134.0,rspec-instafail,True,False,True,stars+downloads
braintree,27617540.0,braintree,True,True,True,stars+forks+downloads
adamantium,27614736.0,adamantium,False,False,True,downloads
remotipart,27577355.0,remotipart,False,False,True,downloads
google-cloud-location,27558779.0,google-cloud-location,True,True,True,stars+forks+downloads
flog,27533539.0,flog,False,False,True,downloads
scout_apm,27487895.0,scout_apm,True,True,True,stars+forks+downloads
deep_cloneable,27434289.0,deep_cloneable,False,False,True,downloads
inspec,27433531.0,inspec,False,False,True,downloads
http_accept_language,27409014.0,http_accept_language,True,True,True,stars+forks+downloads
dead_end,27366961.0,dead_end,True,True,True,stars+forks+downloads
opentelemetry-instrumentation-rake,27340717.0,opentelemetry-instrumentation-rake,True,True,True,stars+forks+downloads
archive-zip,27226201.0,archive-zip,True,False,True,stars+downloads
cabin,27211521.0,cabin,True,False,True,stars+downloads
bundler-unload,27101063.0,bundler-unload,False,False,True,downloads
hiera,27080891.0,hiera,False,False,True,downloads
abstract_type,27060669.0,abstract_type,False,False,True,downloads
intercom,27038110.0,intercom,False,False,True,downloads
mixlib-authentication,27024086.0,mixlib-authentication,True,True,True,stars+forks+downloads
digest,27019535.0,digest,True,True,True,stars+forks+downloads
aliyun-sdk,26899380.0,aliyun-sdk,True,True,True,stars+forks+downloads
rubocop-rails-omakase,26889020.0,rubocop-rails-omakase,True,True,True,stars+forks+downloads
expgen,26855003.0,expgen,True,True,True,stars+forks+downloads
roadie,26801004.0,roadie,False,False,True,downloads
chef,26795250.0,chef,True,True,True,stars+forks+downloads
interactor,26772152.0,interactor,False,False,True,downloads
rgeo-activerecord,26685677.0,rgeo-activerecord,True,False,True,stars+downloads
train,26661779.0,train,False,False,True,downloads
procto,26624231.0,procto,False,False,True,downloads
net-ftp,26520209.0,net-ftp,True,True,True,stars+forks+downloads
concord,26459126.0,concord,False,False,True,downloads
spoon,26458006.0,spoon,False,False,True,downloads
aws-sdk-ivschat,26382393.0,aws-sdk-ivschat,False,False,True,downloads
gitlab_quality-test_tooling,26343239.0,gitlab_quality-test_tooling,True,True,True,stars+forks+downloads
hocon,26333612.0,hocon,True,False,True,stars+downloads
diplomat,26317048.0,diplomat,True,True,True,stars+forks+downloads
aws-sdk-keyspaces,26290576.0,aws-sdk-keyspaces,False,False,True,downloads
aws-sdk-chimesdkmediapipelines,26237405.0,aws-sdk-chimesdkmediapipelines,False,False,True,downloads
overcommit,26199837.0,overcommit,True,False,True,stars+downloads
pstore,26188790.0,pstore,True,True,True,stars+forks+downloads
jsonb_accessor,26080665.0,jsonb_accessor,True,True,True,stars+forks+downloads
google-cloud-bigquery,26054243.0,google-cloud-bigquery,False,False,True,downloads
abbrev,26016328.0,abbrev,True,True,True,stars+forks+downloads
activerecord-postgis-adapter,26014764.0,activerecord-postgis-adapter,True,False,True,stars+downloads
omniauth-alicloud,25905216.0,omniauth-alicloud,True,True,True,stars+forks+downloads
aws-sdk-billingconductor,25815938.0,aws-sdk-billingconductor,False,False,True,downloads
fog-vsphere,25726811.0,fog-vsphere,False,False,True,downloads
gemojione,25708536.0,gemojione,True,False,True,stars+downloads
king_konf,25591664.0,king_konf,False,False,True,downloads
aws-sdk-pinpointsmsvoicev2,25522347.0,aws-sdk-pinpointsmsvoicev2,False,False,True,downloads
rspec-activemodel-mocks,25477290.0,rspec-activemodel-mocks,False,False,True,downloads
gem-release,25404195.0,gem-release,True,False,True,stars+downloads
ci_reporter,25398404.0,ci_reporter,False,False,True,downloads
aws-sdk-emrserverless,25384162.0,aws-sdk-emrserverless,False,False,True,downloads
fog-xenserver,25265582.0,fog-xenserver,False,False,True,downloads
ruby-enum,25264566.0,ruby-enum,True,False,True,stars+downloads
rabl,25244596.0,rabl,True,False,True,stars+downloads
asset_sync,25154566.0,asset_sync,True,True,True,stars+forks+downloads
aws-sdk-redshiftserverless,25089611.0,aws-sdk-redshiftserverless,False,False,True,downloads
sshkey,25077890.0,sshkey,True,True,True,stars+forks+downloads
fakeredis,25044900.0,fakeredis,True,True,True,stars+forks+downloads
ms_rest_azure,25038757.0,ms_rest_azure,False,False,True,downloads
zlib,24984410.0,zlib,True,True,True,stars+forks+downloads
insist,24961831.0,insist,True,False,True,stars+downloads
ffi-libarchive,24959991.0,ffi-libarchive,True,True,True,stars+forks+downloads
ms_rest,24927444.0,ms_rest,False,False,True,downloads
aws-sdk-connectcampaignservice,24873996.0,aws-sdk-connectcampaignservice,False,False,True,downloads
rails_autolink,24790658.0,rails_autolink,False,False,True,downloads
aws-sdk-mainframemodernization,24778895.0,aws-sdk-mainframemodernization,False,False,True,downloads
karafka-rdkafka,24769891.0,karafka-rdkafka,True,True,True,stars+forks+downloads
thruster,24733027.0,thruster,True,True,True,stars+forks+downloads
karafka-core,24695998.0,karafka-core,True,True,True,stars+forks+downloads
rolify,24695258.0,rolify,True,True,True,stars+forks+downloads
traces,24686530.0,traces,False,False,True,downloads
pleaserun,24683272.0,pleaserun,True,False,True,stars+downloads
awesome_nested_set,24681471.0,awesome_nested_set,True,True,True,stars+forks+downloads
site_prism,24602461.0,site_prism,False,False,True,downloads
rails_semantic_logger,24561918.0,rails_semantic_logger,False,False,True,downloads
retries,24557748.0,retries,False,False,True,downloads
activerecord-nulldb-adapter,24508695.0,activerecord-nulldb-adapter,True,True,True,stars+forks+downloads
active_record_union,24499078.0,active_record_union,True,True,True,stars+forks+downloads
inline_svg,24420771.0,inline_svg,True,True,True,stars+forks+downloads
transproc,24407871.0,transproc,False,False,True,downloads
axe-core-rspec,24394740.0,axe-core-rspec,True,True,True,stars+forks+downloads
rvm,24286110.0,rvm,False,False,True,downloads
codecov,24274809.0,codecov,True,False,True,stars+downloads
composite_primary_keys,24270124.0,composite_primary_keys,False,False,True,downloads
plaid,24252474.0,plaid,True,False,True,stars+downloads
meta_request,24247764.0,meta_request,True,True,True,stars+forks+downloads
dry-auto_inject,24213058.0,dry-auto_inject,False,False,True,downloads
opentelemetry-helpers-sql-obfuscation,24212133.0,opentelemetry-helpers-sql-obfuscation,False,False,True,downloads
google-apis-firebaseappdistribution_v1alpha,24205862.0,google-apis-firebaseappdistribution_v1alpha,False,False,True,downloads
kt-paperclip,24185223.0,kt-paperclip,True,True,True,stars+forks+downloads
logstash-logger,24156354.0,logstash-logger,False,False,True,downloads
activemerchant,24144621.0,activemerchant,False,False,True,downloads
aws-sdk-rolesanywhere,24092711.0,aws-sdk-rolesanywhere,False,False,True,downloads
capistrano-rvm,24035451.0,capistrano-rvm,False,False,True,downloads
progress_bar,24023147.0,progress_bar,False,False,True,downloads
exception_notification,23952810.0,exception_notification,False,False,True,downloads
xmlrpc,23924208.0,xmlrpc,True,True,True,stars+forks+downloads
gitlab-triage,23919489.0,gitlab-triage,False,False,True,downloads
default_value_for,23903607.0,default_value_for,False,False,True,downloads
sidekiq-status,23795678.0,sidekiq-status,False,False,True,downloads
simplecov-json,23780122.0,simplecov-json,False,False,True,downloads
scss_lint,23747590.0,scss_lint,True,True,True,stars+forks+downloads
maxminddb,23741030.0,maxminddb,True,True,True,stars+forks+downloads
opentelemetry-instrumentation-grape,23723270.0,opentelemetry-instrumentation-grape,True,True,True,stars+forks+downloads
kamal,23713897.0,kamal,True,True,True,stars+forks+downloads
cvss-suite,23676001.0,cvss-suite,True,True,True,stars+forks+downloads
options,23601379.0,options,False,False,True,downloads
db-query-matchers,23596901.0,db-query-matchers,True,True,True,stars+forks+downloads
clockwork,23586706.0,clockwork,False,False,True,downloads
rubocop-thread_safety,23575169.0,rubocop-thread_safety,False,False,True,downloads
jsbundling-rails,23486803.0,jsbundling-rails,True,True,True,stars+forks+downloads
solid_queue,23478304.0,solid_queue,True,True,True,stars+forks+downloads
aws-sdk-licensemanagerusersubscriptions,23453764.0,aws-sdk-licensemanagerusersubscriptions,False,False,True,downloads
minitest-spec-rails,23403904.0,minitest-spec-rails,False,False,True,downloads
winrm,23364989.0,winrm,True,True,True,stars+forks+downloads
pdf-inspector,23363680.0,pdf-inspector,True,True,True,stars+forks+downloads
oauth-tty,23340895.0,oauth-tty,True,True,True,stars+forks+downloads
allure-ruby-commons,23301520.0,allure-ruby-commons,True,True,True,stars+forks+downloads
telesign,23300682.0,telesign,True,True,True,stars+forks+downloads
unicode,23298314.0,unicode,True,True,True,stars+forks+downloads
dnsruby,23295289.0,dnsruby,True,True,True,stars+forks+downloads
influxdb-client,23173041.0,influxdb-client,False,False,True,downloads
puppet-lint,23121942.0,puppet-lint,False,False,True,downloads
ntlm-http,23067361.0,ntlm-http,False,False,True,downloads
carmen,23054703.0,carmen,False,False,True,downloads
action_text-trix,23047278.0,action_text-trix,True,True,True,stars+forks+downloads
flipper-redis,22959008.0,flipper-redis,True,False,True,stars+downloads
jsonapi-serializer,22948872.0,jsonapi-serializer,True,True,True,stars+forks+downloads
hanami-utils,22864715.0,hanami-utils,True,False,True,stars+downloads
opentelemetry-instrumentation-action_mailer,22863200.0,opentelemetry-instrumentation-action_mailer,True,True,True,stars+forks+downloads
aws-sdk-supportapp,22830176.0,aws-sdk-supportapp,False,False,True,downloads
chef-vault,22818110.0,chef-vault,True,True,True,stars+forks+downloads
rbtree3,22792256.0,rbtree3,True,True,True,stars+forks+downloads
google-apis-cloudresourcemanager_v1,22736045.0,google-apis-cloudresourcemanager_v1,True,True,True,stars+forks+downloads
aws-sdk-controltower,22720896.0,aws-sdk-controltower,False,False,True,downloads
middleware,22679081.0,middleware,False,False,True,downloads
validates_timeliness,22632884.0,validates_timeliness,False,False,True,downloads
oj-introspect,22593769.0,oj-introspect,True,True,True,stars+forks+downloads
jruby-openssl,22570544.0,jruby-openssl,True,True,True,stars+forks+downloads
time,22485601.0,time,True,True,True,stars+forks+downloads
net-ssh-multi,22418599.0,net-ssh-multi,False,False,True,downloads
guard-rubocop,22414244.0,guard-rubocop,True,False,True,stars+downloads
forwardable,22370991.0,forwardable,True,True,True,stars+forks+downloads
sucker_punch,22340312.0,sucker_punch,True,True,True,stars+forks+downloads
aws-sdk-iotfleetwise,22320760.0,aws-sdk-iotfleetwise,False,False,True,downloads
graphlyte,22291459.0,graphlyte,True,True,True,stars+forks+downloads
telesignenterprise,22290290.0,telesignenterprise,True,True,True,stars+forks+downloads
faraday-typhoeus,22276352.0,faraday-typhoeus,True,True,True,stars+forks+downloads
faraday-mashify,22217863.0,faraday-mashify,True,True,True,stars+forks+downloads
chef-zero,22197006.0,chef-zero,True,True,True,stars+forks+downloads
string-scrub,22196249.0,string-scrub,False,False,True,downloads
counter_culture,22159299.0,counter_culture,True,True,True,stars+forks+downloads
gettext_i18n_rails_js,22144276.0,gettext_i18n_rails_js,False,False,True,downloads
knapsack_pro,22142729.0,knapsack_pro,True,True,True,stars+forks+downloads
aws-sdk-connectcases,22133407.0,aws-sdk-connectcases,False,False,True,downloads
xcode-install,22121838.0,xcode-install,True,True,True,stars+forks+downloads
app_store_connect,22117093.0,app_store_connect,True,True,True,stars+forks+downloads
semver_dialects,22105167.0,semver_dialects,True,True,True,stars+forks+downloads
aws-sdk-migrationhuborchestrator,22036812.0,aws-sdk-migrationhuborchestrator,False,False,True,downloads
aws-sdk-scheduler,22033933.0,aws-sdk-scheduler,False,False,True,downloads
busser,22000330.0,busser,False,False,True,downloads
to_regexp,21977883.0,to_regexp,False,False,True,downloads
google-apis-iam_v1,21962863.0,google-apis-iam_v1,True,True,True,stars+forks+downloads
roadie-rails,21946411.0,roadie-rails,False,True,True,forks+downloads
filelock,21887313.0,filelock,False,False,True,downloads
constant_resolver,21867888.0,constant_resolver,False,False,True,downloads
slather,21825752.0,slather,False,False,True,downloads
rqrcode-rails3,21800075.0,rqrcode-rails3,False,False,True,downloads
po_to_json,21786793.0,po_to_json,False,False,True,downloads
libv8-node,21764229.0,libv8-node,True,True,True,stars+forks+downloads
neighbor,21762253.0,neighbor,True,True,True,stars+forks+downloads
devise-security,21759985.0,devise-security,False,False,True,downloads
mixpanel-ruby,21754042.0,mixpanel-ruby,False,False,True,downloads
opentelemetry-instrumentation-mysql2,21734465.0,opentelemetry-instrumentation-mysql2,True,True,True,stars+forks+downloads
semantic_puppet,21703395.0,semantic_puppet,True,False,True,stars+downloads
less,21692940.0,less,False,False,True,downloads
devfile,21647233.0,devfile,True,True,True,stars+forks+downloads
sys-proctable,21637259.0,sys-proctable,True,False,True,stars+downloads
barnes,21555163.0,barnes,True,True,True,stars+forks+downloads
actionpack-action_caching,21516486.0,actionpack-action_caching,True,False,True,stars+downloads
fiddle,21453564.0,fiddle,True,True,True,stars+forks+downloads
phantomjs,21427598.0,phantomjs,True,True,True,stars+forks+downloads
rdkafka,21420186.0,rdkafka,False,False,True,downloads
json_spec,21403981.0,json_spec,True,True,True,stars+forks+downloads
duo_api,21384676.0,duo_api,True,True,True,stars+forks+downloads
aws-sdk-bedrockruntime,21346019.0,aws-sdk-bedrockruntime,True,True,True,stars+forks+downloads
commonjs,21290157.0,commonjs,False,False,True,downloads
caxlsx_rails,21280072.0,caxlsx_rails,False,False,True,downloads
toml,21278385.0,toml,True,False,True,stars+downloads
tty-which,21263317.0,tty-which,True,True,True,stars+forks+downloads
packwerk,21261919.0,packwerk,False,False,True,downloads
filesize,21243161.0,filesize,True,True,True,stars+forks+downloads
ruby-hmac,21239821.0,ruby-hmac,False,False,True,downloads
google-apis-container_v1,21231977.0,google-apis-container_v1,True,True,True,stars+forks+downloads
google-apis-serviceusage_v1,21222910.0,google-apis-serviceusage_v1,True,True,True,stars+forks+downloads
google-apis-container_v1beta1,21205709.0,google-apis-container_v1beta1,True,True,True,stars+forks+downloads
google-apis-cloudbilling_v1,21199854.0,google-apis-cloudbilling_v1,True,True,True,stars+forks+downloads
fluent-plugin-out-http,21118466.0,fluent-plugin-out-http,False,False,True,downloads
roda,21110849.0,roda,False,False,True,downloads
meta-tags,21074980.0,meta-tags,True,True,True,stars+forks+downloads
postmark,21031502.0,postmark,False,False,True,downloads
prawn-svg,21010582.0,prawn-svg,True,True,True,stars+forks+downloads
docker_registry2,20981976.0,docker_registry2,False,False,True,downloads
rspec-json_expectations,20981271.0,rspec-json_expectations,True,True,True,stars+forks+downloads
gmail_xoauth,20979762.0,gmail_xoauth,True,True,True,stars+forks+downloads
ruby2ruby,20973286.0,ruby2ruby,True,True,True,stars+forks+downloads
aws-record,20964176.0,aws-record,False,False,True,downloads
phony_rails,20903892.0,phony_rails,False,False,True,downloads
gserver,20845320.0,gserver,True,True,True,stars+forks+downloads
erb_lint,20813898.0,erb_lint,True,True,True,stars+forks+downloads
solid_cache,20765866.0,solid_cache,True,True,True,stars+forks+downloads
fluent-plugin-kinesis,20757580.0,fluent-plugin-kinesis,False,False,True,downloads
rss,20741732.0,rss,True,True,True,stars+forks+downloads
ipaddr,20682826.0,ipaddr,True,True,True,stars+forks+downloads
aws-sdk-resourceexplorer2,20677408.0,aws-sdk-resourceexplorer2,False,False,True,downloads
aws-sdk-chimesdkvoice,20640989.0,aws-sdk-chimesdkvoice,False,False,True,downloads
smarter_csv,20612711.0,smarter_csv,False,False,True,downloads
rails_best_practices,20584161.0,rails_best_practices,False,False,True,downloads
cocoapods-stats,20572819.0,cocoapods-stats,False,False,True,downloads
jekyll-feed,20561271.0,jekyll-feed,True,True,True,stars+forks+downloads
aws-sdk-ssmsap,20521925.0,aws-sdk-ssmsap,False,False,True,downloads
dependabot-common,20516744.0,dependabot-common,False,False,True,downloads
attr_extras,20494365.0,attr_extras,True,True,True,stars+forks+downloads
allure-rspec,20492241.0,allure-rspec,True,True,True,stars+forks+downloads
proxifier,20468427.0,proxifier,False,False,True,downloads
google-apis-bigquery_v2,20463407.0,google-apis-bigquery_v2,False,False,True,downloads
aws-sdk-omics,20458447.0,aws-sdk-omics,False,False,True,downloads
fog-cloudatcost,20450004.0,fog-cloudatcost,False,False,True,downloads
puppet_forge,20417527.0,puppet_forge,False,False,True,downloads
hanami-cli,20359628.0,hanami-cli,True,False,True,stars+downloads
aws-sdk-codecatalyst,20337601.0,aws-sdk-codecatalyst,False,False,True,downloads
aws-sdk-pipes,20302583.0,aws-sdk-pipes,False,False,True,downloads
devise-i18n,20302445.0,devise-i18n,False,False,True,downloads
aws-sdk-arczonalshift,20288081.0,aws-sdk-arczonalshift,False,False,True,downloads
aws-sdk-opensearchserverless,20277366.0,aws-sdk-opensearchserverless,False,False,True,downloads
aws-sdk-securitylake,20269120.0,aws-sdk-securitylake,False,False,True,downloads
aws-sdk-docdbelastic,20262964.0,aws-sdk-docdbelastic,False,False,True,downloads
aws-sdk-oam,20259136.0,aws-sdk-oam,False,False,True,downloads
less-rails,20242743.0,less-rails,False,False,True,downloads
aws-sdk-privatenetworks,20218597.0,aws-sdk-privatenetworks,False,False,True,downloads
aws-sdk-sagemakergeospatial,20205450.0,aws-sdk-sagemakergeospatial,False,False,True,downloads
fluent-plugin-multi-format-parser,20203384.0,fluent-plugin-multi-format-parser,False,False,True,downloads
fluent-plugin-concat,20195855.0,fluent-plugin-concat,False,False,True,downloads
syntax_tree,20136238.0,syntax_tree,True,True,True,stars+forks+downloads
aws-sdk-simspaceweaver,20131181.0,aws-sdk-simspaceweaver,False,False,True,downloads
net-http2,20070173.0,net-http2,True,True,True,stars+forks+downloads
cloudinary,20048408.0,cloudinary,True,True,True,stars+forks+downloads
semaphore_test_boosters,20015595.0,semaphore_test_boosters,False,False,True,downloads
dependabot-omnibus,20003481.0,dependabot-omnibus,False,False,True,downloads
dependabot-terraform,19996092.0,dependabot-terraform,False,False,True,downloads
active_hash,19935084.0,active_hash,True,True,True,stars+forks+downloads
dependabot-git_submodules,19930526.0,dependabot-git_submodules,False,False,True,downloads
dependabot-nuget,19894843.0,dependabot-nuget,False,False,True,downloads
axlsx,19879091.0,axlsx,False,False,True,downloads
dependabot-python,19851130.0,dependabot-python,False,False,True,downloads
dependabot-gradle,19849185.0,dependabot-gradle,False,False,True,downloads
dependabot-docker,19834284.0,dependabot-docker,False,False,True,downloads
prettier_print,19811742.0,prettier_print,True,True,True,stars+forks+downloads
aws-sdk-sagemakermetrics,19810202.0,aws-sdk-sagemakermetrics,False,False,True,downloads
appsignal,19798244.0,appsignal,True,True,True,stars+forks+downloads
dependabot-cargo,19793639.0,dependabot-cargo,False,False,True,downloads
dependabot-elm,19793615.0,dependabot-elm,False,False,True,downloads
dalli-elasticache,19782581.0,dalli-elasticache,False,False,True,downloads
dependabot-maven,19766192.0,dependabot-maven,False,False,True,downloads
dependabot-composer,19765090.0,dependabot-composer,False,False,True,downloads
semaphore_cucumber_booster_config,19762258.0,semaphore_cucumber_booster_config,False,False,True,downloads
chromedriver-helper,19740756.0,chromedriver-helper,True,True,True,stars+forks+downloads
sort_alphabetical,19723987.0,sort_alphabetical,False,False,True,downloads
compass-rails,19719775.0,compass-rails,False,False,True,downloads
bson_ext,19714376.0,bson_ext,True,False,True,stars+downloads
state_machine,19711006.0,state_machine,False,False,True,downloads
code_analyzer,19693501.0,code_analyzer,False,False,True,downloads
dependabot-hex,19680930.0,dependabot-hex,False,False,True,downloads
dependabot-go_modules,19673036.0,dependabot-go_modules,False,False,True,downloads
dependabot-npm_and_yarn,19642954.0,dependabot-npm_and_yarn,False,False,True,downloads
paint,19623113.0,paint,True,False,True,stars+downloads
singleton,19531628.0,singleton,True,True,True,stars+forks+downloads
dependabot-bundler,19531499.0,dependabot-bundler,False,False,True,downloads
net-ping,19513661.0,net-ping,False,False,True,downloads
gettext-setup,19511424.0,gettext-setup,True,False,True,stars+downloads
fileutils,19500101.0,fileutils,True,True,True,stars+forks+downloads
fastlane-plugin-sentry,19391626.0,fastlane-plugin-sentry,False,False,True,downloads
aws-sdk-kinesisvideowebrtcstorage,19284006.0,aws-sdk-kinesisvideowebrtcstorage,False,False,True,downloads
strip_attributes,19259175.0,strip_attributes,True,False,True,stars+downloads
creek,19180016.0,creek,False,False,True,downloads
headless,19172917.0,headless,True,True,True,stars+forks+downloads
gibbon,19170641.0,gibbon,True,True,True,stars+forks+downloads
opentelemetry-instrumentation-dalli,19163675.0,opentelemetry-instrumentation-dalli,True,True,True,stars+forks+downloads
aws-sdk-licensemanagerlinuxsubscriptions,19157354.0,aws-sdk-licensemanagerlinuxsubscriptions,False,False,True,downloads
ejson,19149774.0,ejson,False,False,True,downloads
omniauth-shibboleth-redux,19146411.0,omniauth-shibboleth-redux,True,True,True,stars+forks+downloads
pghero,19139588.0,pghero,True,True,True,stars+forks+downloads
rack-utf8_sanitizer,19086212.0,rack-utf8_sanitizer,True,False,True,stars+downloads
async-io,19041658.0,async-io,False,False,True,downloads
aws_cf_signer,19009814.0,aws_cf_signer,True,True,True,stars+forks+downloads
datadog_api_client,18997856.0,datadog_api_client,False,False,True,downloads
fluent-plugin-detect-exceptions,18996199.0,fluent-plugin-detect-exceptions,False,False,True,downloads
ruby-dbus,18982580.0,ruby-dbus,False,False,True,downloads
aws-sdk-cleanrooms,18968005.0,aws-sdk-cleanrooms,False,False,True,downloads
strptime,18965178.0,strptime,True,True,True,stars+forks+downloads
aws-sdk-kendraranking,18887547.0,aws-sdk-kendraranking,False,False,True,downloads
page-object,18827798.0,page-object,False,False,True,downloads
rubocop-gitlab-security,18775249.0,rubocop-gitlab-security,False,False,True,downloads
errbase,18772911.0,errbase,False,False,True,downloads
hashie-forbidden_attributes,18721084.0,hashie-forbidden_attributes,False,False,True,downloads
protocol-http,18698046.0,protocol-http,False,False,True,downloads
google-cloud-profiler-v2,18631720.0,google-cloud-profiler-v2,False,False,True,downloads
zstd-ruby,18626425.0,zstd-ruby,True,True,True,stars+forks+downloads
mailgun-ruby,18611622.0,mailgun-ruby,False,False,True,downloads
jquery-fileupload-rails,18597918.0,jquery-fileupload-rails,True,True,False,stars+forks
redis-cluster-client,18529097.0,redis-cluster-client,True,True,False,stars+forks
pretender,18527093.0,pretender,True,False,False,stars
elasticsearch-dsl,18459237.0,elasticsearch-dsl,True,True,False,stars+forks
twitter_cldr,18433196.0,twitter_cldr,True,False,False,stars
rake-compiler-dock,18401193.0,rake-compiler-dock,True,True,False,stars+forks
currencies,18365610.0,currencies,False,True,False,forks
quiet_assets,18352687.0,quiet_assets,False,True,False,forks
async-http,18344869.0,async-http,True,False,False,stars
syslog-logger,18334267.0,syslog-logger,True,True,False,stars+forks
solid_cable,18318169.0,solid_cable,True,True,False,stars+forks
stripe-ruby-mock,18291669.0,stripe-ruby-mock,True,True,False,stars+forks
jekyll-seo-tag,18288663.0,jekyll-seo-tag,True,True,False,stars+forks
codeclimate-test-reporter,18251241.0,codeclimate-test-reporter,True,False,False,stars
junit_merge,18214594.0,junit_merge,True,True,False,stars+forks
semverse,18175008.0,semverse,True,True,False,stars+forks
gitlab-glfm-markdown,18146516.0,gitlab-glfm-markdown,True,True,False,stars+forks
redis-clustering,18143967.0,redis-clustering,True,True,False,stars+forks
pagerduty,18105817.0,pagerduty,True,False,False,stars
tailwindcss-rails,18083116.0,tailwindcss-rails,True,True,False,stars+forks
cldr-plurals-runtime-rb,18060267.0,cldr-plurals-runtime-rb,True,False,False,stars
sidekiq-limit_fetch,18042305.0,sidekiq-limit_fetch,True,False,False,stars
mixlib-archive,17993943.0,mixlib-archive,True,True,False,stars+forks
camertron-eprun,17947465.0,camertron-eprun,True,False,False,stars
opentelemetry-instrumentation-ruby_kafka,17897828.0,opentelemetry-instrumentation-ruby_kafka,True,True,False,stars+forks
gitlab-sdk,17884052.0,gitlab-sdk,True,True,False,stars+forks
simplecov-rcov,17753024.0,simplecov-rcov,True,True,False,stars+forks
opentelemetry-instrumentation-resque,17723836.0,opentelemetry-instrumentation-resque,True,True,False,stars+forks
shrine,17687771.0,shrine,True,False,False,stars
scrypt,17651778.0,scrypt,True,True,False,stars+forks
js-routes,17532851.0,js-routes,True,True,False,stars+forks
opentelemetry-instrumentation-restclient,17512993.0,opentelemetry-instrumentation-restclient,True,True,False,stars+forks
winrm-fs,17472333.0,winrm-fs,True,True,False,stars+forks
deb_version,17240210.0,deb_version,True,True,False,stars+forks
jekyll-sitemap,17207095.0,jekyll-sitemap,True,True,False,stars+forks
coveralls,17188770.0,coveralls,True,True,False,stars+forks
thread,17179511.0,thread,True,True,False,stars+forks
iconv,17176088.0,iconv,True,True,False,stars+forks
rubocop-shopify,16969828.0,rubocop-shopify,True,False,False,stars
rack-mount,16955602.0,rack-mount,True,True,False,stars+forks
makara,16915308.0,makara,True,False,False,stars
tiny_tds,16727107.0,tiny_tds,False,True,False,forks
pronto,16716443.0,pronto,True,True,False,stars+forks
date_validator,16713148.0,date_validator,True,True,False,stars+forks
rack_session_access,16663786.0,rack_session_access,True,True,False,stars+forks
opentelemetry-instrumentation-trilogy,16643239.0,opentelemetry-instrumentation-trilogy,True,True,False,stars+forks
r10k,16622426.0,r10k,True,False,False,stars
gelf,16607208.0,gelf,True,False,False,stars
google-cloud-common,16564745.0,google-cloud-common,True,True,False,stars+forks
google-cloud-compute-v1,16430581.0,google-cloud-compute-v1,True,True,False,stars+forks
github-linguist,16349897.0,github-linguist,False,True,False,forks
google-cloud-artifact_registry-v1,16305674.0,google-cloud-artifact_registry-v1,True,True,False,stars+forks
opentelemetry-instrumentation-active_model_serializers,16259284.0,opentelemetry-instrumentation-active_model_serializers,True,True,False,stars+forks
opentelemetry-instrumentation-delayed_job,16164865.0,opentelemetry-instrumentation-delayed_job,True,True,False,stars+forks
brpoplpush-redis_script,16012590.0,brpoplpush-redis_script,True,True,False,stars+forks
process_executer,15965945.0,process_executer,True,True,False,stars+forks
yaml,15922594.0,yaml,True,True,False,stars+forks
rspec-html-matchers,15807944.0,rspec-html-matchers,True,True,False,stars+forks
exifr,15770254.0,exifr,True,True,False,stars+forks
swagger-blocks,15609724.0,swagger-blocks,True,True,False,stars+forks
actionpack-xml_parser,15605846.0,actionpack-xml_parser,True,True,False,stars+forks
dynamic_form,15600332.0,dynamic_form,True,False,False,stars
pronto-rubocop,15527755.0,pronto-rubocop,True,True,False,stars+forks
opentelemetry-instrumentation-bunny,15484360.0,opentelemetry-instrumentation-bunny,True,True,False,stars+forks
sneakers,15439630.0,sneakers,True,True,False,stars+forks
appraisal,15367818.0,appraisal,True,True,False,stars+forks
jasmine-core,15247262.0,jasmine-core,True,True,False,stars+forks
hkdf,15235657.0,hkdf,True,True,False,stars+forks
opentelemetry-instrumentation-mongo,15189728.0,opentelemetry-instrumentation-mongo,True,True,False,stars+forks
opentelemetry-instrumentation-sinatra,15139525.0,opentelemetry-instrumentation-sinatra,True,True,False,stars+forks
ferrum,15138208.0,ferrum,True,True,False,stars+forks
syslog_protocol,15100356.0,syslog_protocol,False,True,False,forks
telephone_number,14990318.0,telephone_number,True,True,False,stars+forks
geokit-rails,14960957.0,geokit-rails,True,True,False,stars+forks
jekyll-paginate,14913673.0,jekyll-paginate,True,True,False,stars+forks
xcresult,14903653.0,xcresult,True,True,False,stars+forks
eventmachine_httpserver,14889710.0,eventmachine_httpserver,True,True,False,stars+forks
openapi_parser,14838211.0,openapi_parser,True,False,False,stars
maxmind-db,14782155.0,maxmind-db,True,False,False,stars
iso8601,14741946.0,iso8601,True,True,False,stars+forks
handlebars_assets,14644694.0,handlebars_assets,True,True,False,stars+forks
cmdparse,14601204.0,cmdparse,True,False,False,stars
opentelemetry-instrumentation-all,14601028.0,opentelemetry-instrumentation-all,True,True,False,stars+forks
ace-rails-ap,14566383.0,ace-rails-ap,True,True,False,stars+forks
selectize-rails,14556536.0,selectize-rails,True,True,False,stars+forks
htmlbeautifier,14498319.0,htmlbeautifier,True,True,False,stars+forks
minitest-retry,14485697.0,minitest-retry,True,True,False,stars+forks
aws-sdk-sts,14418150.0,aws-sdk-sts,True,True,False,stars+forks
image_size,14409132.0,image_size,True,True,False,stars+forks
super_diff,14408621.0,super_diff,True,False,False,stars
opentelemetry-instrumentation-koala,14407389.0,opentelemetry-instrumentation-koala,True,True,False,stars+forks
opentelemetry-instrumentation-lmdb,14378565.0,opentelemetry-instrumentation-lmdb,True,True,False,stars+forks
opentelemetry-instrumentation-que,14363868.0,opentelemetry-instrumentation-que,True,True,False,stars+forks
redis-prescription,14359797.0,redis-prescription,True,True,False,stars+forks
globalize,14213576.0,globalize,False,True,False,forks
shakapacker,14168636.0,shakapacker,True,False,False,stars
activerecord-deprecated_finders,14112185.0,activerecord-deprecated_finders,False,True,False,forks
patience_diff,14025705.0,patience_diff,True,False,False,stars
cool.io,13983826.0,cool.io,True,False,False,stars
hipchat,13977655.0,hipchat,True,True,False,stars+forks
xcov,13856230.0,xcov,True,True,False,stars+forks
rr,13795953.0,rr,True,True,False,stars+forks
fabrication,13758380.0,fabrication,True,True,False,stars+forks
hamster,13757419.0,hamster,True,False,False,stars
sidekiq-throttled,13745063.0,sidekiq-throttled,True,True,False,stars+forks
gitlab-kas-grpc,13654283.0,gitlab-kas-grpc,True,True,False,stars+forks
ruby-openid,13636257.0,ruby-openid,True,True,False,stars+forks
hexapdf,13579357.0,hexapdf,True,False,False,stars
nilify_blanks,13568824.0,nilify_blanks,True,False,False,stars
ahoy_matey,13516428.0,ahoy_matey,True,True,False,stars+forks
doorkeeper-device_authorization_grant,13379571.0,doorkeeper-device_authorization_grant,True,True,False,stars+forks
docx,13323167.0,docx,True,True,False,stars+forks
rdiscount,13240056.0,rdiscount,True,True,False,stars+forks
rgeo-geojson,13221330.0,rgeo-geojson,True,False,False,stars
committee,13133731.0,committee,True,False,False,stars
skylight,13042046.0,skylight,True,False,False,stars
rails_admin,13007974.0,rails_admin,True,False,False,stars
tty-box,12972937.0,tty-box,True,True,False,stars+forks
shopify_api,12957470.0,shopify_api,True,True,False,stars+forks
devise_token_auth,12952161.0,devise_token_auth,True,True,False,stars+forks
opentelemetry-instrumentation-rdkafka,12871362.0,opentelemetry-instrumentation-rdkafka,True,True,False,stars+forks
syslog,12802377.0,syslog,True,True,False,stars+forks
bundle-audit,12793836.0,bundle-audit,True,True,False,stars+forks
annotaterb,12721600.0,annotaterb,True,True,False,stars+forks
em-synchrony,12690998.0,em-synchrony,True,True,False,stars+forks
protected_attributes,12642793.0,protected_attributes,False,True,False,forks
code_ownership,12621246.0,code_ownership,True,True,False,stars+forks
google-cloud-storage_transfer-v1,12440628.0,google-cloud-storage_transfer-v1,True,True,False,stars+forks
google-cloud-storage_transfer,12432371.0,google-cloud-storage_transfer,True,True,False,stars+forks
gitlab-security_report_schemas,12365385.0,gitlab-security_report_schemas,True,True,False,stars+forks
valid_email2,12331976.0,valid_email2,True,True,False,stars+forks
open_uri_redirections,12309206.0,open_uri_redirections,True,False,False,stars
terminal-notifier-guard,12309147.0,terminal-notifier-guard,True,True,False,stars+forks
cronex,12301959.0,cronex,True,True,False,stars+forks
simplecov-console,12265358.0,simplecov-console,True,False,False,stars
debugger-linecache,12097504.0,debugger-linecache,False,True,False,forks
okcomputer,12019401.0,okcomputer,True,True,False,stars+forks
stoplight,11682915.0,stoplight,True,True,False,stars+forks
google-id-token,11677770.0,google-id-token,True,False,False,stars
open3,11604754.0,open3,True,True,False,stars+forks
ruby_llm,11540210.0,ruby_llm,True,True,False,stars+forks
opentelemetry-instrumentation-racecar,11520513.0,opentelemetry-instrumentation-racecar,True,True,False,stars+forks
httpx,11476573.0,httpx,True,True,False,stars+forks
wannabe_bool,11404624.0,wannabe_bool,True,True,False,stars+forks
code_teams,11385356.0,code_teams,True,True,False,stars+forks
rspec-wait,11352414.0,rspec-wait,True,True,False,stars+forks
json_matchers,11266500.0,json_matchers,True,False,False,stars
packs-specification,11177681.0,packs-specification,True,True,False,stars+forks
geom2d,11166988.0,geom2d,True,False,False,stars
yabeda,11163710.0,yabeda,True,True,False,stars+forks
solve,11158672.0,solve,True,True,False,stars+forks
tailwindcss-ruby,11154580.0,tailwindcss-ruby,True,True,False,stars+forks
gitlab-cloud-connector,11153410.0,gitlab-cloud-connector,True,True,False,stars+forks
streamio-ffmpeg,11130486.0,streamio-ffmpeg,True,False,False,stars
jasmine,11104044.0,jasmine,True,True,False,stars+forks
guard-bundler,11090860.0,guard-bundler,True,False,False,stars
pundit-matchers,11059955.0,pundit-matchers,True,True,False,stars+forks
mysql,11041098.0,mysql,True,False,False,stars
resolv,11000668.0,resolv,True,True,False,stars+forks
rails-settings-cached,10977838.0,rails-settings-cached,True,False,False,stars
winrm-elevated,10964231.0,winrm-elevated,True,True,False,stars+forks
fakefs,10951025.0,fakefs,True,True,False,stars+forks
minima,10930812.0,minima,True,True,False,stars+forks
sax-machine,10865929.0,sax-machine,True,True,False,stars+forks
event_emitter,10839869.0,event_emitter,True,True,False,stars+forks
license-acceptance,10814888.0,license-acceptance,True,True,False,stars+forks
acts_as_tree,10776199.0,acts_as_tree,True,True,False,stars+forks
jar-dependencies,10742961.0,jar-dependencies,True,True,False,stars+forks
auto_strip_attributes,10729064.0,auto_strip_attributes,True,True,False,stars+forks
jekyll-redirect-from,10704581.0,jekyll-redirect-from,True,True,False,stars+forks
opentelemetry-helpers-mysql,10644322.0,opentelemetry-helpers-mysql,True,True,False,stars+forks
puppet-resource_api,10514390.0,puppet-resource_api,True,False,False,stars
sinatra-activerecord,10510969.0,sinatra-activerecord,False,True,False,forks
puma-plugin-statsd,10509278.0,puma-plugin-statsd,True,True,False,stars+forks
job-iteration,10504862.0,job-iteration,True,True,False,stars+forks
disposable,10357348.0,disposable,True,True,False,stars+forks
lookbook,10348452.0,lookbook,True,True,False,stars+forks
prosopite,10313581.0,prosopite,True,True,False,stars+forks
nats-pure,10180387.0,nats-pure,True,True,False,stars+forks
sslshake,10143004.0,sslshake,True,True,False,stars+forks
progress,10136880.0,progress,True,True,False,stars+forks
callsite,10038713.0,callsite,False,True,False,forks
resolv-replace,9930718.0,resolv-replace,True,True,False,stars+forks
inspec-core,9847584.0,inspec-core,True,True,False,stars+forks
seed_dump,9774888.0,seed_dump,True,True,False,stars+forks
cuprite,9760835.0,cuprite,True,True,False,stars+forks
cleanroom,9747694.0,cleanroom,True,True,False,stars+forks
jekyll-gist,9649369.0,jekyll-gist,True,True,False,stars+forks
goldiloader,9617831.0,goldiloader,True,True,False,stars+forks
jwe,9598285.0,jwe,False,True,False,forks
iso-639,9596677.0,iso-639,True,True,False,stars+forks
blazer,9564446.0,blazer,True,True,False,stars+forks
scanf,9535850.0,scanf,True,False,False,stars
websocket-client-simple,9535745.0,websocket-client-simple,True,True,False,stars+forks
jose,9512129.0,jose,False,True,False,forks
rspec-github,9432428.0,rspec-github,True,True,False,stars+forks
in_threads,9371582.0,in_threads,True,True,False,stars+forks
minitest-stub-const,9355444.0,minitest-stub-const,True,False,False,stars
fspath,9333715.0,fspath,True,True,False,stars+forks
httplog,9293090.0,httplog,True,True,False,stars+forks
dragonfly,9292928.0,dragonfly,True,False,False,stars
image_optim,9290965.0,image_optim,True,True,False,stars+forks
test-kitchen,9207095.0,test-kitchen,True,True,False,stars+forks
algoliasearch-rails,9195471.0,algoliasearch-rails,True,True,False,stars+forks
administrate,9159876.0,administrate,True,True,False,stars+forks
easy_translate,9156577.0,easy_translate,True,True,False,stars+forks
gitlab-secret_detection,9057724.0,gitlab-secret_detection,True,True,False,stars+forks
mcp,9056455.0,mcp,True,True,False,stars+forks
equivalent-xml,9055185.0,equivalent-xml,True,True,False,stars+forks
with_model,9035326.0,with_model,True,True,False,stars+forks
httmultiparty,8942725.0,httmultiparty,True,True,False,stars+forks
elastic-apm,8936099.0,elastic-apm,True,True,False,stars+forks
customerio,8887748.0,customerio,True,True,False,stars+forks
lefthook,8883060.0,lefthook,True,True,False,stars+forks
sidekiq_alive,8817069.0,sidekiq_alive,True,True,False,stars+forks
fivemat,8740961.0,fivemat,True,True,False,stars+forks
versionist,8731064.0,versionist,True,True,False,stars+forks
rpush,8729058.0,rpush,True,True,False,stars+forks
selenium-devtools,8720722.0,selenium-devtools,True,True,False,stars+forks
github-pages,8702131.0,github-pages,True,True,False,stars+forks
hairtrigger,8673004.0,hairtrigger,True,True,False,stars+forks
eco-source,8658208.0,eco-source,False,True,False,forks
train-winrm,8625417.0,train-winrm,True,True,False,stars+forks
eco,8624075.0,eco,False,True,False,forks
jemoji,8610197.0,jemoji,True,True,False,stars+forks
link_header,8607797.0,link_header,True,True,False,stars+forks
angularjs-rails,8595413.0,angularjs-rails,False,True,False,forks
berkshelf,8590385.0,berkshelf,True,True,False,stars+forks
opentelemetry-instrumentation-gruf,8576432.0,opentelemetry-instrumentation-gruf,True,True,False,stars+forks
jquery-datatables-rails,8559225.0,jquery-datatables-rails,False,True,False,forks
apnotic,8538896.0,apnotic,True,True,False,stars+forks
bump,8527944.0,bump,True,True,False,stars+forks
ruby-mysql,8477997.0,ruby-mysql,True,True,False,stars+forks
roar,8465021.0,roar,True,True,False,stars+forks
closure_tree,8456220.0,closure_tree,True,True,False,stars+forks
maruku,8416240.0,maruku,False,True,False,forks
ruby-limiter,8407023.0,ruby-limiter,True,False,False,stars
active_model_otp,8405620.0,active_model_otp,True,False,False,stars
html-proofer,8398008.0,html-proofer,True,True,False,stars+forks
yabeda-puma-plugin,8295325.0,yabeda-puma-plugin,True,True,False,stars+forks
good_job,8274511.0,good_job,True,True,False,stars+forks
rack-openid,8266404.0,rack-openid,True,True,False,stars+forks
jekyll-remote-theme,8265665.0,jekyll-remote-theme,True,True,False,stars+forks
rspec-sorbet,8246086.0,rspec-sorbet,True,True,False,stars+forks
jekyll-coffeescript,8167541.0,jekyll-coffeescript,True,True,False,stars+forks
chewy,8167241.0,chewy,True,True,False,stars+forks
google-apis-calendar_v3,8152264.0,google-apis-calendar_v3,True,True,False,stars+forks
yell,8104129.0,yell,True,True,False,stars+forks
getoptlong,8059228.0,getoptlong,True,True,False,stars+forks
faraday-gzip,8051759.0,faraday-gzip,True,True,False,stars+forks
abstract,7868597.0,abstract,True,False,False,stars
yabeda-prometheus,7856129.0,yabeda-prometheus,True,False,False,stars
soap4r-ruby1.9,7854314.0,soap4r-ruby1.9,True,True,False,stars+forks
mobility,7852112.0,mobility,True,True,False,stars+forks
aws-s3,7825586.0,aws-s3,True,False,False,stars
namae,7824813.0,namae,False,True,False,forks
gitlab-qa,7785676.0,gitlab-qa,True,True,False,stars+forks
maxmind-geoip2,7748238.0,maxmind-geoip2,True,False,False,stars
spring-commands-rubocop,7705897.0,spring-commands-rubocop,True,True,False,stars+forks
jekyll-include-cache,7685142.0,jekyll-include-cache,True,True,False,stars+forks
em-hiredis,7665843.0,em-hiredis,True,False,False,stars
hash_diff,7642259.0,hash_diff,True,True,False,stars+forks
feedjira,7630650.0,feedjira,True,True,False,stars+forks
activerecord-sqlserver-adapter,7606775.0,activerecord-sqlserver-adapter,False,True,False,forks
minitest-server,7577852.0,minitest-server,True,True,False,stars+forks
jekyll-github-metadata,7537366.0,jekyll-github-metadata,True,True,False,stars+forks
github-pages-health-check,7499256.0,github-pages-health-check,True,True,False,stars+forks
ruby-lsp-rails,7471916.0,ruby-lsp-rails,True,True,False,stars+forks
anycable-rails,7470007.0,anycable-rails,True,False,False,stars
ruby-lsp-rspec,7430102.0,ruby-lsp-rspec,True,True,False,stars+forks
yaml-lint,7385635.0,yaml-lint,True,True,False,stars+forks
state_machines-rspec,7268366.0,state_machines-rspec,True,True,False,stars+forks
grpc_reflection,7262758.0,grpc_reflection,True,True,False,stars+forks
opentelemetry-helpers-sql,7251509.0,opentelemetry-helpers-sql,True,True,False,stars+forks
sequel_pg,7249775.0,sequel_pg,True,False,False,stars
easypost,7237585.0,easypost,True,True,False,stars+forks
pygments.rb,7221709.0,pygments.rb,True,True,False,stars+forks
tiktoken_ruby,7182766.0,tiktoken_ruby,True,True,False,stars+forks
ruby_llm-schema,7119291.0,ruby_llm-schema,True,True,False,stars+forks
algolia,7108935.0,algolia,True,True,False,stars+forks
padrino-helpers,7102826.0,padrino-helpers,True,False,False,stars
mdl,7093134.0,mdl,True,True,False,stars+forks
licensed,7092963.0,licensed,True,True,False,stars+forks
jekyll-relative-links,6990895.0,jekyll-relative-links,True,True,False,stars+forks
package_json,6927736.0,package_json,True,False,False,stars
anycable,6927073.0,anycable,True,False,False,stars
iostruct,6896373.0,iostruct,True,True,False,stars+forks
auth-sanitizer,6893430.0,auth-sanitizer,True,True,False,stars+forks
yabeda-rails,6890691.0,yabeda-rails,True,True,False,stars+forks
pwned,6890052.0,pwned,True,False,False,stars
suo,6880924.0,suo,True,False,False,stars
ruby-duration,6851758.0,ruby-duration,True,True,False,stars+forks
jekyll-mentions,6849969.0,jekyll-mentions,True,True,False,stars+forks
anycable-core,6792022.0,anycable-core,True,False,False,stars
require-hooks,6783850.0,require-hooks,True,True,False,stars+forks
chef-telemetry,6772596.0,chef-telemetry,True,True,False,stars+forks
bootstrap-kaminari-views,6713193.0,bootstrap-kaminari-views,True,True,False,stars+forks
jekyll-titles-from-headings,6670048.0,jekyll-titles-from-headings,True,True,False,stars+forks
opentelemetry-instrumentation-active_storage,6664155.0,opentelemetry-instrumentation-active_storage,True,True,False,stars+forks
jekyll-avatar,6643255.0,jekyll-avatar,True,True,False,stars+forks
memoist3,6639596.0,memoist3,True,True,False,stars+forks
trilogy,6622327.0,trilogy,True,True,False,stars+forks
statesman,6605837.0,statesman,True,True,False,stars+forks
rubocop-i18n,6604068.0,rubocop-i18n,True,True,False,stars+forks
amqp,6594391.0,amqp,False,True,False,forks
pandoc-ruby,6580647.0,pandoc-ruby,True,False,False,stars
pedump,6574346.0,pedump,True,True,False,stars+forks
jekyll-optional-front-matter,6556767.0,jekyll-optional-front-matter,True,True,False,stars+forks
opentelemetry-instrumentation-aws_lambda,6551612.0,opentelemetry-instrumentation-aws_lambda,True,True,False,stars+forks
argon2-kdf,6533321.0,argon2-kdf,True,False,False,stars
certified,6528181.0,certified,True,True,False,stars+forks
padrino-support,6492024.0,padrino-support,True,False,False,stars
faye,6484138.0,faye,True,True,False,stars+forks
rkelly-remix,6481039.0,rkelly-remix,True,True,False,stars+forks
jekyll-default-layout,6447857.0,jekyll-default-layout,True,True,False,stars+forks
jekyll-readme-index,6402652.0,jekyll-readme-index,True,True,False,stars+forks
arel-helpers,6402423.0,arel-helpers,True,True,False,stars+forks
json-canonicalization,6393581.0,json-canonicalization,True,True,False,stars+forks
puppet-strings,6382061.0,puppet-strings,True,False,False,stars
ruby_smb,6376283.0,ruby_smb,True,True,False,stars+forks
jekyll-theme-hacker,6356899.0,jekyll-theme-hacker,True,True,False,stars+forks
jekyll-swiss,6322991.0,jekyll-swiss,True,True,False,stars+forks
csv-safe,6306140.0,csv-safe,True,True,False,stars+forks
jekyll-theme-primer,6295342.0,jekyll-theme-primer,True,True,False,stars+forks
omniauth-apple,6269594.0,omniauth-apple,True,True,False,stars+forks
windows_error,6261863.0,windows_error,True,True,False,stars+forks
jekyll-theme-cayman,6256638.0,jekyll-theme-cayman,True,True,False,stars+forks
jekyll-theme-minimal,6254408.0,jekyll-theme-minimal,True,True,False,stars+forks
rdf,6248600.0,rdf,True,True,False,stars+forks
zhexdump,6241468.0,zhexdump,True,True,False,stars+forks
jekyll-theme-architect,6235858.0,jekyll-theme-architect,True,True,False,stars+forks
jekyll-theme-modernist,6230854.0,jekyll-theme-modernist,True,True,False,stars+forks
jekyll-theme-time-machine,6229180.0,jekyll-theme-time-machine,True,True,False,stars+forks
readline,6228705.0,readline,True,True,False,stars+forks
paypal-sdk-core,6228190.0,paypal-sdk-core,True,False,False,stars
jekyll-theme-slate,6226989.0,jekyll-theme-slate,True,True,False,stars+forks
jekyll-theme-midnight,6225413.0,jekyll-theme-midnight,True,True,False,stars+forks
jekyll-theme-tactile,6222814.0,jekyll-theme-tactile,True,True,False,stars+forks
jekyll-theme-merlot,6220768.0,jekyll-theme-merlot,True,True,False,stars+forks
jekyll-theme-leap-day,6220246.0,jekyll-theme-leap-day,True,True,False,stars+forks
jekyll-theme-dinky,6218623.0,jekyll-theme-dinky,True,True,False,stars+forks
twitter-text,6125542.0,twitter-text,True,True,False,stars+forks
faraday-encoding,6119682.0,faraday-encoding,True,True,False,stars+forks
jekyll-commonmark-ghpages,6101274.0,jekyll-commonmark-ghpages,True,True,False,stars+forks
sprite-factory,6090837.0,sprite-factory,True,True,False,stars+forks
flag_shih_tzu,6087140.0,flag_shih_tzu,True,True,False,stars+forks
ratelimit,6036244.0,ratelimit,True,False,False,stars
nesty,5966052.0,nesty,True,True,False,stars+forks
remote_syslog_logger,5949362.0,remote_syslog_logger,False,True,False,forks
servolux,5942778.0,servolux,True,False,False,stars
patron,5930697.0,patron,True,False,False,stars
jruby-jars,5911905.0,jruby-jars,True,True,False,stars+forks
valvat,5890780.0,valvat,True,True,False,stars+forks
activerecord-jdbc-adapter,5879599.0,activerecord-jdbc-adapter,True,True,False,stars+forks
yabeda-sidekiq,5871643.0,yabeda-sidekiq,True,False,False,stars
manpages,5870732.0,manpages,True,False,False,stars
rinda,5802710.0,rinda,True,True,False,stars+forks
aruba,5781193.0,aruba,True,True,False,stars+forks
active_record_doctor,5763791.0,active_record_doctor,True,True,False,stars+forks
dartsass-rails,5747299.0,dartsass-rails,True,True,False,stars+forks
jekyll-commonmark,5739208.0,jekyll-commonmark,True,True,False,stars+forks
hiredis-client,5736360.0,hiredis-client,True,True,False,stars+forks
doorkeeper-i18n,5723418.0,doorkeeper-i18n,False,True,False,forks
repl_type_completor,5631595.0,repl_type_completor,True,True,False,stars+forks
squasher,5608212.0,squasher,True,True,False,stars+forks
ahoy_email,5564413.0,ahoy_email,True,True,False,stars+forks
line-bot-api,5519164.0,line-bot-api,True,True,False,stars+forks
git_diff,5495986.0,git_diff,False,True,False,forks
bluecloth,5434568.0,bluecloth,True,True,False,stars+forks
mission_control-jobs,5430283.0,mission_control-jobs,True,False,False,stars
open-uri,5402262.0,open-uri,False,True,False,forks
web-push,5400671.0,web-push,True,True,False,stars+forks
vernier,5381539.0,vernier,True,True,False,stars+forks
mqtt,5331363.0,mqtt,True,True,False,stars+forks
jruby-rack,5311090.0,jruby-rack,True,True,False,stars+forks
fakeweb,5306233.0,fakeweb,True,True,False,stars+forks
brotli,5297438.0,brotli,True,True,False,stars+forks
rubocop-packaging,5226479.0,rubocop-packaging,True,True,False,stars+forks
nakayoshi_fork,5202369.0,nakayoshi_fork,True,True,False,stars+forks
license_scout,5195065.0,license_scout,True,True,False,stars+forks
libhoney,5058732.0,libhoney,True,True,False,stars+forks
puffing-billy,4998015.0,puffing-billy,True,True,False,stars+forks
time_diff,4973624.0,time_diff,True,True,False,stars+forks
yard-activesupport-concern,4960591.0,yard-activesupport-concern,True,True,False,stars+forks
metasploit-payloads,4960337.0,metasploit-payloads,True,True,False,stars+forks
omniauth-openid,4924838.0,omniauth-openid,True,True,False,stars+forks
apple_id,4919686.0,apple_id,True,False,False,stars
rubytree,4904737.0,rubytree,True,True,False,stars+forks
paypalhttp,4902857.0,paypalhttp,True,False,False,stars
simple-navigation,4897077.0,simple-navigation,True,True,False,stars+forks
que,4894832.0,que,True,True,False,stars+forks
json-ld,4887254.0,json-ld,True,True,False,stars+forks
model_attribute,4866701.0,model_attribute,True,False,False,stars
openssl-ccm,4863369.0,openssl-ccm,True,True,False,stars+forks
ims-lti,4809011.0,ims-lti,True,True,False,stars+forks
combustion,4744854.0,combustion,True,False,False,stars
tracking_number,4735842.0,tracking_number,True,True,False,stars+forks
pcaprub,4652452.0,pcaprub,True,True,False,stars+forks
sprockets-helpers,4638805.0,sprockets-helpers,True,False,False,stars
honeycomb-beeline,4586292.0,honeycomb-beeline,True,True,False,stars+forks
gvltools,4585243.0,gvltools,True,True,False,stars+forks
yard-solargraph,4561486.0,yard-solargraph,True,True,False,stars+forks
prawn-rails,4554660.0,prawn-rails,True,True,False,stars+forks
m,4542600.0,m,True,False,False,stars
signature,4527301.0,signature,False,True,False,forks
paypal-checkout-sdk,4468937.0,paypal-checkout-sdk,True,False,False,stars
rb-kqueue,4460776.0,rb-kqueue,True,True,False,stars+forks
argon2,4459724.0,argon2,True,True,False,stars+forks
jsobfu,4447945.0,jsobfu,True,True,False,stars+forks
glob,4445556.0,glob,True,True,False,stars+forks
judoscale-ruby,4393173.0,judoscale-ruby,True,True,False,stars+forks
metasm,4388743.0,metasm,True,True,False,stars+forks
google-apis-gmail_v1,4375910.0,google-apis-gmail_v1,True,True,False,stars+forks
rubocop-sequel,4372478.0,rubocop-sequel,True,False,False,stars
async-http-faraday,4367767.0,async-http-faraday,True,False,False,stars
webrat,4345988.0,webrat,True,True,False,stars+forks
sassc-embedded,4341735.0,sassc-embedded,True,True,False,stars+forks
rrule,4336080.0,rrule,True,True,False,stars+forks
ya2yaml,4330132.0,ya2yaml,True,True,False,stars+forks
judoscale-rails,4327574.0,judoscale-rails,True,True,False,stars+forks
rex-text,4317632.0,rex-text,True,True,False,stars+forks
solargraph-rails,4294369.0,solargraph-rails,True,True,False,stars+forks
ar_lazy_preload,4262058.0,ar_lazy_preload,True,True,False,stars+forks
rex-socket,4251032.0,rex-socket,True,True,False,stars+forks
rex-core,4246802.0,rex-core,True,True,False,stars+forks
test-unit-rr,4245128.0,test-unit-rr,True,False,False,stars
escape_code,4203864.0,escape_code,True,True,False,stars+forks
turbo_tests,4199238.0,turbo_tests,True,False,False,stars
alba,4197310.0,alba,True,True,False,stars+forks
anycable-rails-core,4196233.0,anycable-rails-core,True,False,False,stars
opentelemetry-instrumentation-grpc,4179300.0,opentelemetry-instrumentation-grpc,True,True,False,stars+forks
validates_zipcode,4160880.0,validates_zipcode,True,True,False,stars+forks
structured_warnings,4147472.0,structured_warnings,True,True,False,stars+forks
idn-ruby,4116835.0,idn-ruby,True,True,False,stars+forks
metainspector,4106091.0,metainspector,True,True,False,stars+forks
packetfu,4101589.0,packetfu,True,True,False,stars+forks
paypal-sdk-merchant,4087993.0,paypal-sdk-merchant,True,False,False,stars
test-queue,4069151.0,test-queue,True,True,False,stars+forks
working_hours,4030923.0,working_hours,True,True,False,stars+forks
dry-system,4030130.0,dry-system,True,False,False,stars
strongbox,4001104.0,strongbox,True,False,False,stars
google-cloud-translate-v3,3950759.0,google-cloud-translate-v3,True,True,False,stars+forks
corefoundation,3939533.0,corefoundation,True,True,False,stars+forks
taxjar-ruby,3933753.0,taxjar-ruby,True,False,False,stars
posthog-ruby,3914733.0,posthog-ruby,True,False,False,stars
opus-ruby,3903745.0,opus-ruby,True,False,False,stars
dm-core,3891328.0,dm-core,True,False,False,stars
fastly,3876947.0,fastly,True,True,False,stars+forks
xmpp4r,3867354.0,xmpp4r,True,True,False,stars+forks
network_interface,3867006.0,network_interface,True,True,False,stars+forks
rubocop-md,3861549.0,rubocop-md,True,True,False,stars+forks
opentelemetry-helpers-sql-processor,3852824.0,opentelemetry-helpers-sql-processor,True,True,False,stars+forks
playwright-ruby-client,3849673.0,playwright-ruby-client,True,True,False,stars+forks
toxiproxy,3844330.0,toxiproxy,True,True,False,stars+forks
elftools,3834636.0,elftools,True,True,False,stars+forks
administrate-field-active_storage,3831056.0,administrate-field-active_storage,True,True,False,stars+forks
google-cloud-translate-v2,3818738.0,google-cloud-translate-v2,True,True,False,stars+forks
carrierwave-bombshelter,3816150.0,carrierwave-bombshelter,True,True,False,stars+forks
clamby,3798037.0,clamby,False,True,False,forks
cookstyle,3795954.0,cookstyle,True,True,False,stars+forks
gitlab-crystalball,3790583.0,gitlab-crystalball,True,True,False,stars+forks
rspec-rerun,3790096.0,rspec-rerun,True,True,False,stars+forks
bootstrap-switch-rails,3774733.0,bootstrap-switch-rails,True,True,False,stars+forks
recog,3774313.0,recog,True,True,False,stars+forks
flexmock,3772781.0,flexmock,True,False,False,stars
haversine,3760941.0,haversine,True,True,False,stars+forks
octicons,3752167.0,octicons,True,False,False,stars
metasploit_data_models,3750513.0,metasploit_data_models,True,True,False,stars+forks
warbler,3743933.0,warbler,True,True,False,stars+forks
unix-crypt,3727133.0,unix-crypt,True,True,False,stars+forks
coveralls_reborn,3681329.0,coveralls_reborn,True,False,False,stars
metasploit_payloads-mettle,3665277.0,metasploit_payloads-mettle,True,True,False,stars+forks
kitchen-vagrant,3663272.0,kitchen-vagrant,True,True,False,stars+forks
actionpack-cloudflare,3657396.0,actionpack-cloudflare,True,False,False,stars
judoscale-sidekiq,3647735.0,judoscale-sidekiq,True,True,False,stars+forks
nexpose,3604347.0,nexpose,True,True,False,stars+forks
protobug,3595976.0,protobug,True,True,False,stars+forks
minitest-bisect,3592664.0,minitest-bisect,True,True,False,stars+forks
protobug_well_known_protos,3591520.0,protobug_well_known_protos,True,True,False,stars+forks
protobug_googleapis_field_behavior_protos,3591259.0,protobug_googleapis_field_behavior_protos,True,True,False,stars+forks
protobug_sigstore_protos,3590619.0,protobug_sigstore_protos,True,True,False,stars+forks
w3c_validators,3587152.0,w3c_validators,True,True,False,stars+forks
sigstore,3584922.0,sigstore,True,True,False,stars+forks
business,3583954.0,business,False,True,False,forks
sigstore-cli,3561181.0,sigstore-cli,True,True,False,stars+forks
rack-mobile-detect,3492357.0,rack-mobile-detect,True,True,False,stars+forks
track_open_instances,3472787.0,track_open_instances,True,True,False,stars+forks
devise-pwned_password,3466096.0,devise-pwned_password,True,False,False,stars
base58,3456339.0,base58,True,True,False,stars+forks
dm-migrations,3400270.0,dm-migrations,True,False,False,stars
fauxhai-ng,3385725.0,fauxhai-ng,True,True,False,stars+forks
rex-powershell,3358621.0,rex-powershell,True,True,False,stars+forks
metasploit-credential,3336127.0,metasploit-credential,True,True,False,stars+forks
bootstrap-wysihtml5-rails,3314128.0,bootstrap-wysihtml5-rails,False,True,False,forks
opentelemetry-instrumentation-httpx,3301693.0,opentelemetry-instrumentation-httpx,True,True,False,stars+forks
ruby-oembed,3284244.0,ruby-oembed,True,True,False,stars+forks
anonymous_loader,3258385.0,anonymous_loader,True,True,False,stars+forks
openssl-cmac,3253210.0,openssl-cmac,True,True,False,stars+forks
guard-cucumber,3232882.0,guard-cucumber,True,False,False,stars
rex-exploitation,3219060.0,rex-exploitation,True,True,False,stars+forks
metasploit-model,3212952.0,metasploit-model,True,True,False,stars+forks
jdbc-mysql,3209855.0,jdbc-mysql,True,True,False,stars+forks
xdr,3208572.0,xdr,True,True,False,stars+forks
rspec-openapi,3197692.0,rspec-openapi,True,True,False,stars+forks
zip_kit,3173427.0,zip_kit,True,False,False,stars
win32-process,3163655.0,win32-process,True,True,False,stars+forks
cld3,3161144.0,cld3,True,True,False,stars+forks
metasploit-concern,3155439.0,metasploit-concern,True,True,False,stars+forks
generator_spec,3142285.0,generator_spec,True,True,False,stars+forks
liferaft,3140136.0,liferaft,True,False,False,stars
xcinvoke,3126515.0,xcinvoke,True,False,False,stars
opentelemetry-instrumentation-anthropic,3126216.0,opentelemetry-instrumentation-anthropic,True,True,False,stars+forks
rex-java,3116741.0,rex-java,True,True,False,stars+forks
rex-registry,3111364.0,rex-registry,True,True,False,stars+forks
rex-struct2,3103786.0,rex-struct2,True,True,False,stars+forks
mina,3092719.0,mina,False,True,False,forks
ronn,3077916.0,ronn,True,False,False,stars
rex-arch,3057214.0,rex-arch,True,True,False,stars+forks
rex-random_identifier,3055175.0,rex-random_identifier,True,True,False,stars+forks
pgvector,3042149.0,pgvector,True,True,False,stars+forks
patch_finder,3038804.0,patch_finder,True,True,False,stars+forks
nessus_rest,3037034.0,nessus_rest,True,True,False,stars+forks
openvas-omp,3029164.0,openvas-omp,True,True,False,stars+forks
patchelf,3026954.0,patchelf,True,True,False,stars+forks
localhost,3015828.0,localhost,True,False,False,stars
text-hyphen,3011731.0,text-hyphen,True,True,False,stars+forks
rex-ole,3004016.0,rex-ole,True,True,False,stars+forks
rex-mime,3001198.0,rex-mime,True,True,False,stars+forks
rex-zip,3000080.0,rex-zip,True,True,False,stars+forks
name_of_person,2999869.0,name_of_person,True,True,False,stars+forks
lz4-ruby,2998705.0,lz4-ruby,True,True,False,stars+forks
onnxruntime,2996749.0,onnxruntime,True,False,False,stars
rex-bin_tools,2993137.0,rex-bin_tools,True,True,False,stars+forks
classifier-reborn,2984409.0,classifier-reborn,True,True,False,stars+forks
rex-rop_builder,2968653.0,rex-rop_builder,True,True,False,stars+forks
rex-sslscan,2965709.0,rex-sslscan,True,True,False,stars+forks
ibandit,2955559.0,ibandit,True,False,False,stars
rex-encoder,2955067.0,rex-encoder,True,True,False,stars+forks
console1984,2954229.0,console1984,True,False,False,stars
spree_core,2941883.0,spree_core,True,True,False,stars+forks
rex-nop,2933256.0,rex-nop,True,True,False,stars+forks
win32api,2912138.0,win32api,True,True,False,stars+forks
anthropic,2887933.0,anthropic,True,False,False,stars
therubyrhino,2883430.0,therubyrhino,True,False,False,stars
spree,2882357.0,spree,True,True,False,stars+forks
discordrb,2880776.0,discordrb,True,False,False,stars
jdbc-postgres,2806940.0,jdbc-postgres,True,True,False,stars+forks
yabeda-http_requests,2804692.0,yabeda-http_requests,True,False,False,stars
chef-cleanroom,2798859.0,chef-cleanroom,True,True,False,stars+forks
beaneater,2753169.0,beaneater,True,True,False,stars+forks
activerecord-jdbcpostgresql-adapter,2747463.0,activerecord-jdbcpostgresql-adapter,True,True,False,stars+forks
gollum-lib,2744119.0,gollum-lib,True,False,False,stars
shellwords,2741334.0,shellwords,True,False,False,stars
message_bus,2719472.0,message_bus,True,True,False,stars+forks
turbo_power,2708740.0,turbo_power,True,True,False,stars+forks
s3_direct_upload,2706443.0,s3_direct_upload,True,True,False,stars+forks
rubydns,2703889.0,rubydns,True,False,False,stars
samovar,2686615.0,samovar,True,True,False,stars+forks
haikunator,2685998.0,haikunator,True,True,False,stars+forks
logging-rails,2669246.0,logging-rails,True,True,False,stars+forks
capybara-select-2,2639491.0,capybara-select-2,True,True,False,stars+forks
autotuner,2626593.0,autotuner,True,False,False,stars
bcp47_spec,2624357.0,bcp47_spec,True,True,False,stars+forks
gemoji-parser,2607722.0,gemoji-parser,True,False,False,stars
citeproc-ruby,2587388.0,citeproc-ruby,False,True,False,forks
proxifier2,2544371.0,proxifier2,True,True,False,stars+forks
train-rest,2541416.0,train-rest,True,True,False,stars+forks
informers,2540348.0,informers,True,False,False,stars
digest-murmurhash,2519636.0,digest-murmurhash,True,True,False,stars+forks
rails-timeago,2500348.0,rails-timeago,True,True,False,stars+forks
csl,2494268.0,csl,False,True,False,forks
tdiff,2483950.0,tdiff,False,True,False,forks
rubycas-client,2478412.0,rubycas-client,True,True,False,stars+forks
activerecord-jdbcmysql-adapter,2470523.0,activerecord-jdbcmysql-adapter,True,True,False,stars+forks
jdbc-sqlite3,2468955.0,jdbc-sqlite3,True,True,False,stars+forks
yabeda-prometheus-mmap,2467743.0,yabeda-prometheus-mmap,True,True,False,stars+forks
scimitar,2456018.0,scimitar,True,True,False,stars+forks
nokogiri-diff,2453773.0,nokogiri-diff,False,True,False,forks
backburner,2443006.0,backburner,True,True,False,stars+forks
activerecord-mysql-index-hint,2404798.0,activerecord-mysql-index-hint,True,False,False,stars
fast-mcp,2395497.0,fast-mcp,True,True,False,stars+forks
omniauth-identity,2372453.0,omniauth-identity,False,True,False,forks
rbpdf,2368581.0,rbpdf,False,True,False,forks
google-cloud-dialogflow-v2,2356693.0,google-cloud-dialogflow-v2,True,True,False,stars+forks
private_address_check,2349502.0,private_address_check,True,False,False,stars
aws-actionmailer-ses,2331247.0,aws-actionmailer-ses,True,True,False,stars+forks
capybara-playwright-driver,2282375.0,capybara-playwright-driver,True,True,False,stars+forks
falcon,2253372.0,falcon,True,False,False,stars
activerecord-jdbcsqlite3-adapter,2246404.0,activerecord-jdbcsqlite3-adapter,True,True,False,stars+forks
rice,2226283.0,rice,True,True,False,stars+forks
curses,2224971.0,curses,True,True,False,stars+forks
procore-sift,2222769.0,procore-sift,True,True,False,stars+forks
facebook-messenger,2212150.0,facebook-messenger,True,True,False,stars+forks
carrierwave_direct,2173916.0,carrierwave_direct,True,True,False,stars+forks
rack-host-redirect,2147322.0,rack-host-redirect,True,True,False,stars+forks
hrr_rb_ssh,2126503.0,hrr_rb_ssh,True,True,False,stars+forks
csl-styles,2114470.0,csl-styles,False,True,False,forks
color_diff,2102987.0,color_diff,True,True,False,stars+forks
citeproc,2092490.0,citeproc,False,True,False,forks
field_test,2037808.0,field_test,True,True,False,stars+forks
logster,2024174.0,logster,True,True,False,stars+forks
fixture_builder,1979720.0,fixture_builder,True,True,False,stars+forks
json_refs,1976986.0,json_refs,True,True,False,stars+forks
iso,1959435.0,iso,True,True,False,stars+forks
datagrid,1944221.0,datagrid,False,True,False,forks
json-ld-preloaded,1943980.0,json-ld-preloaded,True,True,False,stars+forks
gergich,1929087.0,gergich,True,True,False,stars+forks
hotwire-livereload,1926894.0,hotwire-livereload,True,False,False,stars
inertia_rails,1922097.0,inertia_rails,True,False,False,stars
swearjar,1915524.0,swearjar,True,True,False,stars+forks
administrate-field-belongs_to_search,1903987.0,administrate-field-belongs_to_search,True,True,False,stars+forks
daemons-rails,1902272.0,daemons-rails,False,True,False,forks
gravatar_image_tag,1893370.0,gravatar_image_tag,True,True,False,stars+forks
audits1984,1881475.0,audits1984,True,False,False,stars
hanami-router,1874055.0,hanami-router,True,False,False,stars
click_house-client,1859648.0,click_house-client,True,True,False,stars+forks
wdm,1858848.0,wdm,True,True,False,stars+forks
switchman,1849482.0,switchman,True,True,False,stars+forks
yard-activerecord,1844519.0,yard-activerecord,True,True,False,stars+forks
bourne,1842162.0,bourne,True,True,False,stars+forks
requestjs-rails,1834988.0,requestjs-rails,False,True,False,forks
prawn-emoji,1810083.0,prawn-emoji,True,True,False,stars+forks
yabeda-activerecord,1808421.0,yabeda-activerecord,True,True,False,stars+forks
newrelic-sidekiq-metrics,1800899.0,newrelic-sidekiq-metrics,True,True,False,stars+forks
leaflet-rails,1785427.0,leaflet-rails,True,True,False,stars+forks
rdf-normalize,1771514.0,rdf-normalize,True,True,False,stars+forks
front_matter_parser,1766404.0,front_matter_parser,True,True,False,stars+forks
zonebie,1764669.0,zonebie,True,True,False,stars+forks
dm-sqlite-adapter,1763236.0,dm-sqlite-adapter,True,False,False,stars
compare-xml,1757757.0,compare-xml,True,True,False,stars+forks
llhttp,1756492.0,llhttp,True,True,False,stars+forks
acts_as_api,1756052.0,acts_as_api,True,True,False,stars+forks
win32-api,1745789.0,win32-api,True,True,False,stars+forks
ruby-readability,1741867.0,ruby-readability,True,True,False,stars+forks
twitty,1729552.0,twitty,True,True,False,stars+forks
modis,1728119.0,modis,True,True,False,stars+forks
messagebird-rest,1705765.0,messagebird-rest,True,True,False,stars+forks
guess_html_encoding,1704780.0,guess_html_encoding,True,True,False,stars+forks
spectrum-rails,1678090.0,spectrum-rails,True,True,False,stars+forks
appbundler,1617361.0,appbundler,True,True,False,stars+forks
tokenizers,1585570.0,tokenizers,True,True,False,stars+forks
store_attribute,1573067.0,store_attribute,True,True,False,stars+forks
tidewave,1560204.0,tidewave,True,True,False,stars+forks
win32-service,1525466.0,win32-service,True,True,False,stars+forks
i18n-spec,1521019.0,i18n-spec,True,True,False,stars+forks
herb,1520683.0,herb,True,True,False,stars+forks
jasmine-jquery-rails,1514975.0,jasmine-jquery-rails,True,True,False,stars+forks
minitest-proveit,1507118.0,minitest-proveit,True,False,False,stars
sass-globbing,1463374.0,sass-globbing,True,True,False,stars+forks
html_truncator,1460482.0,html_truncator,True,True,False,stars+forks
mobile-fu,1435090.0,mobile-fu,True,True,False,stars+forks
h3,1434819.0,h3,True,False,False,stars
minitest-mock,1432952.0,minitest-mock,True,True,False,stars+forks
liquid-c,1417018.0,liquid-c,True,True,False,stars+forks
azure-blob,1391540.0,azure-blob,True,True,False,stars+forks
aws-actionmailbox-ses,1352330.0,aws-actionmailbox-ses,True,True,False,stars+forks
fake_ftp,1351127.0,fake_ftp,True,True,False,stars+forks
after_transaction_commit,1350335.0,after_transaction_commit,True,True,False,stars+forks
omniauth-cas,1339651.0,omniauth-cas,True,True,False,stars+forks
sidekiq-bulk,1334694.0,sidekiq-bulk,True,True,False,stars+forks
rubocop-discourse,1331719.0,rubocop-discourse,True,True,False,stars+forks
rubydex,1328589.0,rubydex,True,True,False,stars+forks
win32-registry,1324547.0,win32-registry,True,False,False,stars
inst-jobs,1323192.0,inst-jobs,True,True,False,stars+forks
hrr_rb_ssh-ed25519,1300139.0,hrr_rb_ssh-ed25519,True,True,False,stars+forks
chef-licensing,1295870.0,chef-licensing,True,True,False,stars+forks
aroi,1294420.0,aroi,True,True,False,stars+forks
saml2,1281532.0,saml2,True,True,False,stars+forks
redis-scripting,1276521.0,redis-scripting,True,True,False,stars+forks
xorcist,1276231.0,xorcist,True,True,False,stars+forks
pitchfork,1275390.0,pitchfork,True,True,False,stars+forks
meilisearch,1274475.0,meilisearch,True,True,False,stars+forks
allocation_stats,1268912.0,allocation_stats,True,False,False,stars
delegate,1234386.0,delegate,True,True,False,stars+forks
minitest-profile,1231694.0,minitest-profile,True,True,False,stars+forks
cypress-rails,1228339.0,cypress-rails,True,True,False,stars+forks
yard-junk,1223609.0,yard-junk,True,False,False,stars
blurhash,1223230.0,blurhash,True,True,False,stars+forks
sqids,1204432.0,sqids,True,True,False,stars+forks
chef-gyoku,1201242.0,chef-gyoku,True,True,False,stars+forks
ffi-icu,1200839.0,ffi-icu,True,True,False,stars+forks
chef-winrm,1197843.0,chef-winrm,True,True,False,stars+forks
rubocop-require_tools,1197079.0,rubocop-require_tools,True,True,False,stars+forks
uri-idna,1177959.0,uri-idna,True,True,False,stars+forks
once-ler,1177415.0,once-ler,True,True,False,stars+forks
chef-winrm-fs,1176313.0,chef-winrm-fs,True,True,False,stars+forks
queue_classic,1172575.0,queue_classic,True,True,False,stars+forks
rpush-redis,1157333.0,rpush-redis,True,True,False,stars+forks
ai-agents,1148930.0,ai-agents,True,True,False,stars+forks
chef-winrm-elevated,1147438.0,chef-winrm-elevated,True,True,False,stars+forks
chrome_remote,1140210.0,chrome_remote,True,True,False,stars+forks
imgproxy,1139115.0,imgproxy,True,True,False,stars+forks
rails_multisite,1133916.0,rails_multisite,True,True,False,stars+forks
json_skooma,1125492.0,json_skooma,True,True,False,stars+forks
skooma,1122608.0,skooma,True,True,False,stars+forks
mario-redis-lock,1105864.0,mario-redis-lock,True,True,False,stars+forks
gepub,1097286.0,gepub,True,True,False,stars+forks
mini_sql,1085143.0,mini_sql,True,True,False,stars+forks
gitlab_query_language,1076351.0,gitlab_query_language,True,True,False,stars+forks
kindlerb,1060250.0,kindlerb,True,True,False,stars+forks
globby,1056686.0,globby,True,True,False,stars+forks
net-ftp-list,1055820.0,net-ftp-list,True,True,False,stars+forks
logtail,1054052.0,logtail,True,False,False,stars
awesome_bot,1040732.0,awesome_bot,True,False,False,stars
ffi-win32-extensions,1035652.0,ffi-win32-extensions,True,True,False,stars+forks
inspec-core-bin,1030537.0,inspec-core-bin,True,True,False,stars+forks
moodle2cc,1021701.0,moodle2cc,True,True,False,stars+forks
ladle,1020498.0,ladle,True,True,False,stars+forks
resend,1000679.0,resend,True,False,False,stars
email-provider-info,989899.0,email-provider-info,True,True,False,stars+forks
google-apis-cloudkms_v1,981246.0,google-apis-cloudkms_v1,True,False,False,stars
hcaptcha,977570.0,hcaptcha,True,True,False,stars+forks
nokogiri-xmlsec-instructure,958675.0,nokogiri-xmlsec-instructure,True,True,False,stars+forks
i18nliner,955689.0,i18nliner,True,True,False,stars+forks
hanami-view,946016.0,hanami-view,True,False,False,stars
perfect_toml,945420.0,perfect_toml,True,False,False,stars
pronto-scss,934151.0,pronto-scss,True,True,False,stars+forks
pronto-haml,903298.0,pronto-haml,True,True,False,stars+forks
yard-appendix,873112.0,yard-appendix,True,True,False,stars+forks
rasn1,866189.0,rasn1,True,True,False,stars+forks
logtail-rack,861356.0,logtail-rack,True,False,False,stars
danger-changelog,850601.0,danger-changelog,True,False,False,stars
sparkr,847393.0,sparkr,True,True,False,stars+forks
mini_scheduler,844606.0,mini_scheduler,True,True,False,stars+forks
encrypted_cookie_store-instructure,844060.0,encrypted_cookie_store-instructure,True,True,False,stars+forks
adobe_connect,839173.0,adobe_connect,True,True,False,stars+forks
inst_statsd,838940.0,inst_statsd,True,True,False,stars+forks
logtail-rails,834420.0,logtail-rails,True,False,False,stars
jira_ref_parser,827820.0,jira_ref_parser,True,True,False,stars+forks
win32-eventlog,814299.0,win32-eventlog,True,True,False,stars+forks
rails_failover,811607.0,rails_failover,True,True,False,stars+forks
platform_agent,806202.0,platform_agent,True,False,False,stars
yabeda-gc,805145.0,yabeda-gc,True,False,False,stars
canvas_connect,802523.0,canvas_connect,True,True,False,stars+forks
hanami-assets,797791.0,hanami-assets,True,False,False,stars
hypershield,794889.0,hypershield,True,True,False,stars+forks
hotwire_combobox,792031.0,hotwire_combobox,True,False,False,stars
switchman-inst-jobs,783890.0,switchman-inst-jobs,True,True,False,stars+forks
friendly_id-mobility,782683.0,friendly_id-mobility,True,True,False,stars+forks
sinon-rails,775304.0,sinon-rails,True,True,False,stars+forks
canvas_webex,754872.0,canvas_webex,True,True,False,stars+forks
ritex,737315.0,ritex,True,True,False,stars+forks
testrailtagging,736411.0,testrailtagging,True,True,False,stars+forks
soap4r-middleware,735744.0,soap4r-middleware,True,True,False,stars+forks
hanami-mailer,734650.0,hanami-mailer,True,False,False,stars
luminosity_contrast,733353.0,luminosity_contrast,True,True,False,stars+forks
sequel-annotate,729277.0,sequel-annotate,True,False,False,stars
sterile,723644.0,sterile,True,True,False,stars+forks
folio-pagination,721967.0,folio-pagination,True,True,False,stars+forks
swagger_yard,717871.0,swagger_yard,True,True,False,stars+forks
rubocop-erb,716545.0,rubocop-erb,True,False,False,stars
discourse-fonts,714148.0,discourse-fonts,True,True,False,stars+forks
mobility-ransack,711108.0,mobility-ransack,True,True,False,stars+forks
htmldiff,710966.0,htmldiff,True,True,False,stars+forks
lucide-rails,699583.0,lucide-rails,True,False,False,stars
testrail_client,695231.0,testrail_client,True,True,False,stars+forks
color_conversion,688023.0,color_conversion,True,True,False,stars+forks
instructure-happymapper,676639.0,instructure-happymapper,True,True,False,stars+forks
svg-graph,670692.0,svg-graph,True,True,False,stars+forks
inch,669435.0,inch,True,True,False,stars+forks
cppjieba_rb,658492.0,cppjieba_rb,True,True,False,stars+forks
academic_benchmarks,653001.0,academic_benchmarks,True,True,False,stars+forks
geared_pagination,638794.0,geared_pagination,True,False,False,stars
inst-jobs-statsd,635130.0,inst-jobs-statsd,True,True,False,stars+forks
actionview_precompiler,633474.0,actionview_precompiler,True,True,False,stars+forks
flatware,629273.0,flatware,True,True,False,stars+forks
vericite_api,627290.0,vericite_api,True,True,False,stars+forks
devise_lastseenable,614608.0,devise_lastseenable,True,True,False,stars+forks
omniauth-weibo-oauth2,611649.0,omniauth-weibo-oauth2,False,True,False,forks
outrigger,608518.0,outrigger,True,True,False,stars+forks
blade,606188.0,blade,True,True,False,stars+forks
cocoapods-dependencies,602499.0,cocoapods-dependencies,True,True,False,stars+forks
win32-ipc,601335.0,win32-ipc,True,True,False,stars+forks
katex,598997.0,katex,True,True,False,stars+forks
flatware-rspec,596230.0,flatware-rspec,True,True,False,stars+forks
standardwebhooks,595961.0,standardwebhooks,True,False,False,stars
mini_suffix,595903.0,mini_suffix,True,True,False,stars+forks
dry-logger,589609.0,dry-logger,True,False,False,stars
bacon,584977.0,bacon,True,True,False,stars+forks
blade-qunit_adapter,584530.0,blade-qunit_adapter,True,True,False,stars+forks
sprockets-export,579424.0,sprockets-export,True,True,False,stars+forks
rspec_around_all,578923.0,rspec_around_all,True,True,False,stars+forks
rspec-multi-mock,574612.0,rspec-multi-mock,True,True,False,stars+forks
dress_code,574329.0,dress_code,True,True,False,stars+forks
yabeda-activejob,571699.0,yabeda-activejob,True,False,False,stars
inst-jobs-autoscaling,569652.0,inst-jobs-autoscaling,True,True,False,stars+forks
lexxy,569360.0,lexxy,True,False,False,stars
win32-event,560928.0,win32-event,True,True,False,stars+forks
aarch64,541070.0,aarch64,True,True,False,stars+forks
rack-unreloader,532770.0,rack-unreloader,True,False,False,stars
simple_captcha2,532373.0,simple_captcha2,True,True,False,stars+forks
ronn-ng,521236.0,ronn-ng,True,False,False,stars
literate_randomizer,514296.0,literate_randomizer,True,True,False,stars+forks
devise-secure_password,510687.0,devise-secure_password,True,True,False,stars+forks
sus,497388.0,sus,True,False,False,stars
freezolite,495406.0,freezolite,True,True,False,stars+forks
saharspec,490988.0,saharspec,True,False,False,stars
arabic-letter-connector,473849.0,arabic-letter-connector,True,False,False,stars
canvas_statsd,470949.0,canvas_statsd,True,True,False,stars+forks
string-direction,468482.0,string-direction,True,True,False,stars+forks
test-unit-rails,460010.0,test-unit-rails,True,False,False,stars
win32-taskscheduler,456929.0,win32-taskscheduler,True,True,False,stars+forks
qunit-selenium,449315.0,qunit-selenium,True,True,False,stars+forks
firecrawl-sdk,431286.0,firecrawl-sdk,True,True,False,stars+forks
axe-core-selenium,428360.0,axe-core-selenium,True,True,False,stars+forks
eslintrb,423973.0,eslintrb,True,True,False,stars+forks
discourse_dev_assets,423583.0,discourse_dev_assets,True,True,False,stars+forks
discourse_ai-tokenizers,422394.0,discourse_ai-tokenizers,True,True,False,stars+forks
evernote-thrift,420131.0,evernote-thrift,True,True,False,stars+forks
rails_icons,407774.0,rails_icons,True,False,False,stars
fastlane-plugin-ruby,407506.0,fastlane-plugin-ruby,True,True,False,stars+forks
discourse-emojis,405740.0,discourse-emojis,True,True,False,stars+forks
multipart,401663.0,multipart,True,True,False,stars+forks
markaby,395625.0,markaby,True,False,False,stars
rtlcss,394905.0,rtlcss,True,True,False,stars+forks
hashicorp-checkpoint,394597.0,hashicorp-checkpoint,True,True,False,stars+forks
ip2location_ruby,394153.0,ip2location_ruby,True,False,False,stars
automatiek,393038.0,automatiek,True,False,False,stars
win32-mutex,384934.0,win32-mutex,True,True,False,stars+forks
win32-mmap,384249.0,win32-mmap,True,True,False,stars+forks
win32-certstore,381246.0,win32-certstore,True,True,False,stars+forks
typelizer,372908.0,typelizer,True,True,False,stars+forks
evernote_oauth,356678.0,evernote_oauth,True,True,False,stars+forks
octopress-hooks,356274.0,octopress-hooks,True,True,False,stars+forks
discourse-seed-fu,355033.0,discourse-seed-fu,True,True,False,stars+forks
cucumber-api-steps,353839.0,cucumber-api-steps,True,True,False,stars+forks
erblint-github,350435.0,erblint-github,True,True,False,stars+forks
rubysl,350280.0,rubysl,True,False,False,stars
puppetserver-ca,348121.0,puppetserver-ca,True,False,False,stars
guardrail,347743.0,guardrail,True,True,False,stars+forks
vagrant_cloud,336409.0,vagrant_cloud,True,True,False,stars+forks
epub-parser,335939.0,epub-parser,True,False,False,stars
gdk-toogle,335234.0,gdk-toogle,True,True,False,stars+forks
markly,321431.0,markly,True,True,False,stars+forks
minio_runner,318676.0,minio_runner,True,True,False,stars+forks
selma,316899.0,selma,False,True,False,forks
jekyll_test_plugin,313273.0,jekyll_test_plugin,True,True,False,stars+forks
cucumber-rails-training-wheels,311650.0,cucumber-rails-training-wheels,False,True,False,forks
pronto-eslint,306482.0,pronto-eslint,True,True,False,stars+forks
jekyll_test_plugin_malicious,306155.0,jekyll_test_plugin_malicious,True,True,False,stars+forks
themoviedb,292935.0,themoviedb,False,True,False,forks
openproject-token,289216.0,openproject-token,True,True,False,stars+forks
dry-operation,285256.0,dry-operation,True,False,False,stars
warden-basic_auth,284351.0,warden-basic_auth,True,True,False,stars+forks
activerecord-pg-extensions,278946.0,activerecord-pg-extensions,True,True,False,stars+forks
openproject-primer_view_components,277919.0,openproject-primer_view_components,True,True,False,stars+forks
numo-narray-alt,274697.0,numo-narray-alt,True,False,False,stars
plaintext,273764.0,plaintext,True,True,False,stars+forks
valid,273130.0,valid,True,True,False,stars+forks
speedshop-cloudwatch,269573.0,speedshop-cloudwatch,True,True,False,stars+forks
digest-xxhash,262342.0,digest-xxhash,True,True,False,stars+forks
mocha-on-bacon,260201.0,mocha-on-bacon,True,True,False,stars+forks
mails_viewer,257297.0,mails_viewer,False,True,False,forks
kicker,251775.0,kicker,True,True,False,stars+forks
linzer,248785.0,linzer,True,True,False,stars+forks
bigbluebutton-api-ruby,245565.0,bigbluebutton-api-ruby,False,True,False,forks
gitlab-glaz,245210.0,gitlab-glaz,True,True,False,stars+forks
notify,239624.0,notify,True,True,False,stars+forks
lobby_boy,232871.0,lobby_boy,True,True,False,stars+forks
authie,231522.0,authie,True,False,False,stars
flakey_spec_catcher,229341.0,flakey_spec_catcher,True,True,False,stars+forks
messageformat-wrapper,226279.0,messageformat-wrapper,True,True,False,stars+forks
solargraph-rspec,222351.0,solargraph-rspec,True,True,False,stars+forks
posthog-rails,219683.0,posthog-rails,True,False,False,stars
starry,219274.0,starry,True,True,False,stars+forks
devise_pam_authenticatable2,216973.0,devise_pam_authenticatable2,True,True,False,stars+forks
hanami-webconsole,216742.0,hanami-webconsole,True,False,False,stars
jd-paperclip-azure,216393.0,jd-paperclip-azure,True,True,False,stars+forks
turbo_dev_assets,215884.0,turbo_dev_assets,True,True,False,stars+forks
wcag_color_contrast,215057.0,wcag_color_contrast,True,True,False,stars+forks
rodauth-omniauth,214161.0,rodauth-omniauth,True,False,False,stars
prettybacon,211814.0,prettybacon,True,True,False,stars+forks
mittens,209247.0,mittens,True,False,False,stars
meta_where,208317.0,meta_where,True,False,False,stars
openproject-octicons,207556.0,openproject-octicons,True,True,False,stars+forks
gitlab-grape-openapi,206290.0,gitlab-grape-openapi,True,True,False,stars+forks
rpam2,205726.0,rpam2,True,True,False,stars+forks
nifty-utils,202714.0,nifty-utils,True,False,False,stars
easy_table,200560.0,easy_table,False,True,False,forks
openproject-octicons_helper,191497.0,openproject-octicons_helper,True,True,False,stars+forks
inst_access,187133.0,inst_access,True,True,False,stars+forks
chef-powershell,184056.0,chef-powershell,True,True,False,stars+forks
certstore_c,183704.0,certstore_c,True,False,False,stars
epub-cfi,182446.0,epub-cfi,True,False,False,stars
svg_sprite,180346.0,svg_sprite,False,True,False,forks
kramdown-syntax-coderay,179552.0,kramdown-syntax-coderay,True,True,False,stars+forks
uk_phone_numbers,178463.0,uk_phone_numbers,False,True,False,forks
open_graph_reader,176967.0,open_graph_reader,True,True,False,stars+forks
paranoid2,172167.0,paranoid2,False,True,False,forks
feedbag,171159.0,feedbag,True,False,False,stars
rack-freeze,165725.0,rack-freeze,True,False,False,stars
chef-ruby-shadow,163482.0,chef-ruby-shadow,True,True,False,stars+forks
diaspora_federation,158561.0,diaspora_federation,True,True,False,stars+forks
configurate,157537.0,configurate,True,True,False,stars+forks
sentry-inst_jobs,155647.0,sentry-inst_jobs,True,True,False,stars+forks
diaspora_federation-rails,154170.0,diaspora_federation-rails,True,True,False,stars+forks
rubocop-inst,151778.0,rubocop-inst,True,True,False,stars+forks
spring-commands-parallel-rspec,151633.0,spring-commands-parallel-rspec,True,True,False,stars+forks
forme,147098.0,forme,True,False,False,stars
stormbreaker,145046.0,stormbreaker,True,True,False,stars+forks
op-clamav-client,144535.0,op-clamav-client,True,True,False,stars+forks
canvas_link_migrator,140972.0,canvas_link_migrator,True,True,False,stars+forks
mlb,138814.0,mlb,True,False,False,stars
omniauth-evernote,136298.0,omniauth-evernote,True,True,False,stars+forks
liability-proof,133884.0,liability-proof,False,True,False,forks
rack-piwik,130292.0,rack-piwik,True,True,False,stars+forks
i18n-language-mapping,128610.0,i18n-language-mapping,False,True,False,forks
fit4ruby,125306.0,fit4ruby,True,False,False,stars
json_completer,123780.0,json_completer,True,True,False,stars+forks
google-apis-cloudresourcemanager_v3,116941.0,google-apis-cloudresourcemanager_v3,True,False,False,stars
icons,115408.0,icons,True,False,False,stars
gitlab-rspec-metrics-exporter,114891.0,gitlab-rspec-metrics-exporter,True,True,False,stars+forks
huginn_agent,111812.0,huginn_agent,True,True,False,stars+forks
rubocop-discourse-base,109781.0,rubocop-discourse-base,True,True,False,stars+forks
langfuse-ruby,108582.0,langfuse-ruby,True,False,False,stars
mustache-sinatra,102407.0,mustache-sinatra,True,False,False,stars
autoforme,94892.0,autoforme,True,False,False,stars
rubocop-openproject,92271.0,rubocop-openproject,True,True,False,stars+forks
refrigerator,90113.0,refrigerator,True,False,False,stars
diaspora_federation-test,89977.0,diaspora_federation-test,True,True,False,stars+forks
js_image_paths,89183.0,js_image_paths,True,True,False,stars+forks
email_typo,88714.0,email_typo,True,False,False,stars
jgeoip,86456.0,jgeoip,True,False,False,stars
rack3-brotli,85725.0,rack3-brotli,True,True,False,stars+forks
diaspora_federation-json_schema,83480.0,diaspora_federation-json_schema,True,True,False,stars+forks
inst_llm,83007.0,inst_llm,True,True,False,stars+forks
supermodel,83004.0,supermodel,True,False,False,stars
sqlite_ext,81562.0,sqlite_ext,True,False,False,stars
octopress-date-format,79413.0,octopress-date-format,True,True,False,stars+forks
cocoapods_debug,76272.0,cocoapods_debug,True,True,False,stars+forks
ractor-dispatch,65045.0,ractor-dispatch,True,True,False,stars+forks
tty-markdown-meinac,64687.0,tty-markdown-meinac,True,True,False,stars+forks
sidekiq-pro,63397.0,sidekiq-pro,True,False,False,stars
discourse_math_bundle,60357.0,discourse_math_bundle,True,True,False,stars+forks
hanami-db,56963.0,hanami-db,True,False,False,stars
toon-ruby,56595.0,toon-ruby,True,True,False,stars+forks
ratatui_ruby,55559.0,ratatui_ruby,True,True,False,stars+forks
landlock,49937.0,landlock,True,True,False,stars+forks
rubinius-coverage,48094.0,rubinius-coverage,True,False,False,stars
selenium_statistics,47874.0,selenium_statistics,True,False,False,stars
alterity,46957.0,alterity,True,False,False,stars
rubinius-developer_tools,45169.0,rubinius-developer_tools,True,False,False,stars
guard-ronn,44130.0,guard-ronn,True,False,False,stars
enum_csv,42771.0,enum_csv,True,False,False,stars
pirate_weather_forecast_ruby,37272.0,pirate_weather_forecast_ruby,True,True,False,stars+forks
omniauth-dropbox2,35717.0,omniauth-dropbox2,True,True,False,stars+forks
extralite-bundle,34535.0,extralite-bundle,True,True,False,stars+forks
omniauth-mlh,29156.0,omniauth-mlh,True,True,False,stars+forks
keela,27210.0,keela,True,True,False,stars+forks
capybara-validate_html5,26256.0,capybara-validate_html5,True,False,False,stars
gitlab-orbit-proto,25513.0,gitlab-orbit-proto,True,True,False,stars+forks
klogger-logger,24497.0,klogger-logger,True,False,False,stars
by,23191.0,by,True,False,False,stars
queenbee,22648.0,queenbee,True,False,False,stars
danger-pr-comment,22139.0,danger-pr-comment,True,False,False,stars
smarter_json,21603.0,smarter_json,True,True,False,stars+forks
rodish,19198.0,rodish,True,False,False,stars
yabeda-actioncable,18505.0,yabeda-actioncable,True,False,False,stars
konfig-config,17316.0,konfig-config,True,False,False,stars
paginated_collection,15697.0,paginated_collection,True,True,False,stars+forks
grids,15361.0,grids,True,True,False,stars+forks
hanami-devtools,5555.0,hanami-devtools,True,False,False,stars
sqlite3-ffi,4129.0,sqlite3-ffi,True,False,False,stars
hanami-action,3482.0,hanami-action,True,False,False,stars
markbridge,3326.0,markbridge,True,True,False,stars+forks
hotcell-server,2297.0,hotcell-server,True,False,False,stars
hotcell-core,2043.0,hotcell-core,True,False,False,stars
activestorage-hotcell-server,1837.0,activestorage-hotcell-server,True,False,False,stars
rails_structured_logging,659.0,rails_structured_logging,True,False,False,stars
liquid-spec,226.0,liquid-spec,True,False,False,stars
canvas_mimetype_fu,92.0,canvas_mimetype_fu,True,True,False,stars+forks
canvas_http,91.0,canvas_http,True,True,False,stars+forks
html_text_helper,89.0,html_text_helper,True,True,False,stars+forks
