package,version,downloads,doc_types_available,link_count,handwritten_site,tool_generated_docs,readme_in_package,docs_folder_in_package,docs_folder_files,xml_docs_in_package,github_repo,github_docs_folder,github_wiki,github_pages,homepage,changelog,registry_page,doc_coverage_pct
aws-sdk-core,3.254.1,1735534533,tool-generated; homepage,3,,https://rubydoc.info/gems/aws-sdk-core,,,,,https://github.com/aws/aws-sdk-ruby,,,,https://github.com/aws/aws-sdk-ruby,https://github.com/aws/aws-sdk-ruby/tree/version-3/gems/aws-sdk-core/CHANGELOG.md,https://rubygems.org/gems/aws-sdk-core,29.8
aws-sigv4,1.12.1,1542666286,tool-generated; homepage,3,,https://rubydoc.info/gems/aws-sigv4,,,,,https://github.com/aws/aws-sdk-ruby,,,,https://github.com/aws/aws-sdk-ruby,https://github.com/aws/aws-sdk-ruby/tree/version-3/gems/aws-sigv4/CHANGELOG.md,https://rubygems.org/gems/aws-sigv4,40.7
aws-partitions,1.1283.0,1503401650,tool-generated; homepage,3,,https://rubydoc.info/gems/aws-partitions,,,,,https://github.com/aws/aws-sdk-ruby,,,,https://github.com/aws/aws-sdk-ruby,https://github.com/aws/aws-sdk-ruby/tree/version-3/gems/aws-partitions/CHANGELOG.md,https://rubygems.org/gems/aws-partitions,46.3
jmespath,1.6.2,1428846385,tool-generated; github wiki; homepage,3,,https://www.rubydoc.info/gems/jmespath/1.6.2,,,,,https://github.com/trevorrowe/jmespath.rb,,https://github.com/trevorrowe/jmespath.rb/wiki,,http://github.com/trevorrowe/jmespath.rb,,https://rubygems.org/gems/jmespath,7.0
aws-eventstream,1.4.0,1346700829,tool-generated; homepage,3,,https://rubydoc.info/gems/aws-eventstream,,,,,https://github.com/aws/aws-sdk-ruby,,,,https://github.com/aws/aws-sdk-ruby,https://github.com/aws/aws-sdk-ruby/tree/version-3/gems/aws-eventstream/CHANGELOG.md,https://rubygems.org/gems/aws-eventstream,25.0
aws-sdk-s3,1.229.0,1092149547,tool-generated; homepage,3,,https://rubydoc.info/gems/aws-sdk-s3,,,,,https://github.com/aws/aws-sdk-ruby,,,,https://github.com/aws/aws-sdk-ruby,https://github.com/aws/aws-sdk-ruby/tree/version-3/gems/aws-sdk-s3/CHANGELOG.md,https://rubygems.org/gems/aws-sdk-s3,47.2
aws-sdk-kms,1.130.0,1057101340,tool-generated; homepage,3,,https://rubydoc.info/gems/aws-sdk-kms,,,,,https://github.com/aws/aws-sdk-ruby,,,,https://github.com/aws/aws-sdk-ruby,https://github.com/aws/aws-sdk-ruby/tree/version-3/gems/aws-sdk-kms/CHANGELOG.md,https://rubygems.org/gems/aws-sdk-kms,65.2
parser,3.3.12.0,828189139,tool-generated; github wiki; homepage,4,,https://www.rubydoc.info/gems/parser/3.3.12.0,,,,,https://github.com/whitequark/parser,,https://github.com/whitequark/parser/wiki,,https://github.com/whitequark/parser,https://github.com/whitequark/parser/blob/v3.3.12.0/CHANGELOG.md,https://rubygems.org/gems/parser,1.8
regexp_parser,2.12.0,655109800,tool-generated; github wiki; homepage,4,,https://rubydoc.info/gems/regexp_parser,,,,,https://github.com/ammar/regexp_parser,,https://github.com/ammar/regexp_parser/wiki,,https://github.com/ammar/regexp_parser,https://github.com/ammar/regexp_parser/blob/master/CHANGELOG.md,https://rubygems.org/gems/regexp_parser,6.9
bigdecimal,4.1.2,481790161,tool-generated; github wiki; homepage,4,,https://rubydoc.info/gems/bigdecimal,,,,,https://github.com/ruby/bigdecimal,,https://github.com/ruby/bigdecimal/wiki,,https://github.com/ruby/bigdecimal,https://github.com/ruby/bigdecimal/blob/master/CHANGES.md,https://rubygems.org/gems/bigdecimal,54.3
aws-sdk-sqs,1.117.0,341742660,tool-generated; homepage,3,,https://rubydoc.info/gems/aws-sdk-sqs,,,,,https://github.com/aws/aws-sdk-ruby,,,,https://github.com/aws/aws-sdk-ruby,https://github.com/aws/aws-sdk-ruby/tree/version-3/gems/aws-sdk-sqs/CHANGELOG.md,https://rubygems.org/gems/aws-sdk-sqs,61.8
aws-sdk-ssm,1.220.0,276520107,tool-generated; homepage,3,,https://rubydoc.info/gems/aws-sdk-ssm,,,,,https://github.com/aws/aws-sdk-ruby,,,,https://github.com/aws/aws-sdk-ruby,https://github.com/aws/aws-sdk-ruby/tree/version-3/gems/aws-sdk-ssm/CHANGELOG.md,https://rubygems.org/gems/aws-sdk-ssm,67.2
aws-sdk-ec2,1.644.0,261212916,tool-generated; homepage,3,,https://rubydoc.info/gems/aws-sdk-ec2,,,,,https://github.com/aws/aws-sdk-ruby,,,,https://github.com/aws/aws-sdk-ruby,https://github.com/aws/aws-sdk-ruby/tree/version-3/gems/aws-sdk-ec2/CHANGELOG.md,https://rubygems.org/gems/aws-sdk-ec2,94.1
drb,2.2.3,260254066,tool-generated; github wiki; homepage,4,,https://rubydoc.info/gems/drb,,,,,https://github.com/ruby/drb,,https://github.com/ruby/drb/wiki,,https://github.com/ruby/drb,https://github.com/ruby/drb/releases/tag/v2.2.3,https://rubygems.org/gems/drb,40.4
htmlentities,4.4.2,239656514,tool-generated; github wiki; homepage,3,,https://www.rubydoc.info/gems/htmlentities/4.4.2,,,,,https://github.com/threedaymonk/htmlentities,,https://github.com/threedaymonk/htmlentities/wiki,,https://github.com/threedaymonk/htmlentities,,https://rubygems.org/gems/htmlentities,13.0
aws-sdk-kinesis,1.106.0,221000792,tool-generated; homepage,3,,https://rubydoc.info/gems/aws-sdk-kinesis,,,,,https://github.com/aws/aws-sdk-ruby,,,,https://github.com/aws/aws-sdk-ruby,https://github.com/aws/aws-sdk-ruby/tree/version-3/gems/aws-sdk-kinesis/CHANGELOG.md,https://rubygems.org/gems/aws-sdk-kinesis,44.2
aws-sdk-dynamodb,1.172.0,208775481,tool-generated; homepage,3,,https://rubydoc.info/gems/aws-sdk-dynamodb,,,,,https://github.com/aws/aws-sdk-ruby,,,,https://github.com/aws/aws-sdk-ruby,https://github.com/aws/aws-sdk-ruby/tree/version-3/gems/aws-sdk-dynamodb/CHANGELOG.md,https://rubygems.org/gems/aws-sdk-dynamodb,55.2
grpc,1.83.1,204314754,tool-generated; github wiki; homepage,3,,https://www.rubydoc.info/gems/grpc/1.83.0,,,,,https://github.com/google/grpc,,https://github.com/google/grpc/wiki,,https://github.com/google/grpc/tree/master/src/ruby,,https://rubygems.org/gems/grpc,43.6
lograge,0.15.0,197935385,tool-generated; github wiki; homepage,4,,https://rubydoc.info/gems/lograge,,,,,https://github.com/roidrage/lograge,,https://github.com/roidrage/lograge/wiki,,https://github.com/roidrage/lograge,https://github.com/roidrage/lograge/blob/master/CHANGELOG.md,https://rubygems.org/gems/lograge,1.1
css_parser,3.0.0,179212798,tool-generated; github wiki; homepage,4,,https://rubydoc.info/gems/css_parser,,,,,https://github.com/alexdunae/css_parser,,https://github.com/alexdunae/css_parser/wiki,,https://github.com/premailer/css_parser,https://github.com/premailer/css_parser/blob/master/CHANGELOG.md,https://rubygems.org/gems/css_parser,68.1
xml-simple,1.1.9,176463034,tool-generated; github wiki; homepage,3,,https://www.rubydoc.info/gems/xml-simple/1.1.9,,,,,https://github.com/maik/xml-simple,,https://github.com/maik/xml-simple/wiki,,https://github.com/maik/xml-simple,,https://rubygems.org/gems/xml-simple,97.5
matrix,0.4.3,173681256,tool-generated; github wiki; homepage,3,,https://www.rubydoc.info/gems/matrix/0.4.3,,,,,https://github.com/ruby/matrix,,https://github.com/ruby/matrix/wiki,,https://github.com/ruby/matrix,,https://rubygems.org/gems/matrix,71.0
aws-sdk-sns,1.118.0,173518383,tool-generated; homepage,3,,https://rubydoc.info/gems/aws-sdk-sns,,,,,https://github.com/aws/aws-sdk-ruby,,,,https://github.com/aws/aws-sdk-ruby,https://github.com/aws/aws-sdk-ruby/tree/version-3/gems/aws-sdk-sns/CHANGELOG.md,https://rubygems.org/gems/aws-sdk-sns,69.1
kramdown-parser-gfm,1.1.0,170505400,tool-generated; github wiki; homepage,3,,https://www.rubydoc.info/gems/kramdown-parser-gfm/1.1.0,,,,,https://github.com/kramdown/parser-gfm,,https://github.com/kramdown/parser-gfm/wiki,,https://github.com/kramdown/parser-gfm,,https://rubygems.org/gems/kramdown-parser-gfm,33.3
aws-sdk-cloudformation,1.157.0,167891762,tool-generated; homepage,3,,https://rubydoc.info/gems/aws-sdk-cloudformation,,,,,https://github.com/aws/aws-sdk-ruby,,,,https://github.com/aws/aws-sdk-ruby,https://github.com/aws/aws-sdk-ruby/tree/version-3/gems/aws-sdk-cloudformation/CHANGELOG.md,https://rubygems.org/gems/aws-sdk-cloudformation,79.3
aws-sdk-lambda,1.194.0,167688971,tool-generated; homepage,3,,https://rubydoc.info/gems/aws-sdk-lambda,,,,,https://github.com/aws/aws-sdk-ruby,,,,https://github.com/aws/aws-sdk-ruby,https://github.com/aws/aws-sdk-ruby/tree/version-3/gems/aws-sdk-lambda/CHANGELOG.md,https://rubygems.org/gems/aws-sdk-lambda,73.0
aws-sdk-secretsmanager,1.134.0,167343450,tool-generated; homepage,3,,https://rubydoc.info/gems/aws-sdk-secretsmanager,,,,,https://github.com/aws/aws-sdk-ruby,,,,https://github.com/aws/aws-sdk-ruby,https://github.com/aws/aws-sdk-ruby/tree/version-3/gems/aws-sdk-secretsmanager/CHANGELOG.md,https://rubygems.org/gems/aws-sdk-secretsmanager,65.6
aws-sdk-cloudwatch,1.146.0,166678152,tool-generated; homepage,3,,https://rubydoc.info/gems/aws-sdk-cloudwatch,,,,,https://github.com/aws/aws-sdk-ruby,,,,https://github.com/aws/aws-sdk-ruby,https://github.com/aws/aws-sdk-ruby/tree/version-3/gems/aws-sdk-cloudwatch/CHANGELOG.md,https://rubygems.org/gems/aws-sdk-cloudwatch,81.4
rchardet,1.10.2,161020150,tool-generated; github wiki; homepage,3,,https://www.rubydoc.info/gems/rchardet/1.10.2,,,,,https://github.com/jmhodges/rchardet,,https://github.com/jmhodges/rchardet/wiki,,https://github.com/jmhodges/rchardet,,https://rubygems.org/gems/rchardet,1.7
aws-sdk-iam,1.152.0,151436948,tool-generated; homepage,3,,https://rubydoc.info/gems/aws-sdk-iam,,,,,https://github.com/aws/aws-sdk-ruby,,,,https://github.com/aws/aws-sdk-ruby,https://github.com/aws/aws-sdk-ruby/tree/version-3/gems/aws-sdk-iam/CHANGELOG.md,https://rubygems.org/gems/aws-sdk-iam,88.1
aws-sdk-ecr,1.132.0,145611463,tool-generated; homepage,3,,https://rubydoc.info/gems/aws-sdk-ecr,,,,,https://github.com/aws/aws-sdk-ruby,,,,https://github.com/aws/aws-sdk-ruby,https://github.com/aws/aws-sdk-ruby/tree/version-3/gems/aws-sdk-ecr/CHANGELOG.md,https://rubygems.org/gems/aws-sdk-ecr,66.9
paper_trail,17.0.0,145194929,tool-generated; github wiki; homepage,4,,https://rubydoc.info/gems/paper_trail,,,,,https://github.com/airblade/paper_trail,,https://github.com/airblade/paper_trail/wiki,,https://github.com/paper-trail-gem/paper_trail,https://github.com/paper-trail-gem/paper_trail/blob/master/CHANGELOG.md,https://rubygems.org/gems/paper_trail,67.8
aws-sdk-cloudwatchlogs,1.162.0,143431321,tool-generated; homepage,3,,https://rubydoc.info/gems/aws-sdk-cloudwatchlogs,,,,,https://github.com/aws/aws-sdk-ruby,,,,https://github.com/aws/aws-sdk-ruby,https://github.com/aws/aws-sdk-ruby/tree/version-3/gems/aws-sdk-cloudwatchlogs/CHANGELOG.md,https://rubygems.org/gems/aws-sdk-cloudwatchlogs,73.2
slack-notifier,2.4.0,139435781,tool-generated; github wiki; homepage,3,,https://www.rubydoc.info/gems/slack-notifier/2.4.0,,,,,https://github.com/stevenosloan/slack-notifier,,https://github.com/stevenosloan/slack-notifier/wiki,,http://github.com/stevenosloan/slack-notifier,,https://rubygems.org/gems/slack-notifier,5.1
jaro_winkler,1.7.0,137638100,tool-generated; github wiki; homepage,4,,https://www.rubydoc.info/gems/jaro_winkler/1.7.0,,,,,https://github.com/tonytonyjan/jaro_winkler,,https://github.com/tonytonyjan/jaro_winkler/wiki,,https://github.com/tonytonyjan/jaro_winkler,https://github.com/tonytonyjan/jaro_winkler/blob/v1.7.0/CHANGELOG.md,https://rubygems.org/gems/jaro_winkler,0.0
aws-sdk-route53,1.137.0,137511734,tool-generated; homepage,3,,https://rubydoc.info/gems/aws-sdk-route53,,,,,https://github.com/aws/aws-sdk-ruby,,,,https://github.com/aws/aws-sdk-ruby,https://github.com/aws/aws-sdk-ruby/tree/version-3/gems/aws-sdk-route53/CHANGELOG.md,https://rubygems.org/gems/aws-sdk-route53,64.2
pp,0.6.4,131012006,tool-generated; github wiki; homepage,3,,https://rubydoc.info/gems/pp,,,,,https://github.com/ruby/pp,,https://github.com/ruby/pp/wiki,,https://github.com/ruby/pp,,https://rubygems.org/gems/pp,42.2
countries,8.1.0,130269882,tool-generated; github wiki; homepage,4,,https://rubydoc.info/gems/countries,,,,,https://github.com/hexorx/countries,,https://github.com/hexorx/countries/wiki,,https://github.com/countries/countries,https://github.com/countries/countries/blob/master/CHANGELOG.md,https://rubygems.org/gems/countries,41.2
aws-sdk-ses,1.102.0,129879364,tool-generated; homepage,3,,https://rubydoc.info/gems/aws-sdk-ses,,,,,https://github.com/aws/aws-sdk-ruby,,,,https://github.com/aws/aws-sdk-ruby,https://github.com/aws/aws-sdk-ruby/tree/version-3/gems/aws-sdk-ses/CHANGELOG.md,https://rubygems.org/gems/aws-sdk-ses,70.6
aws-sdk-firehose,1.112.0,127304152,tool-generated; homepage,3,,https://rubydoc.info/gems/aws-sdk-firehose,,,,,https://github.com/aws/aws-sdk-ruby,,,,https://github.com/aws/aws-sdk-ruby,https://github.com/aws/aws-sdk-ruby/tree/version-3/gems/aws-sdk-firehose/CHANGELOG.md,https://rubygems.org/gems/aws-sdk-firehose,61.4
aws-sdk-elasticloadbalancing,1.92.0,125818294,tool-generated; homepage,3,,https://rubydoc.info/gems/aws-sdk-elasticloadbalancing,,,,,https://github.com/aws/aws-sdk-ruby,,,,https://github.com/aws/aws-sdk-ruby,https://github.com/aws/aws-sdk-ruby/tree/version-3/gems/aws-sdk-elasticloadbalancing/CHANGELOG.md,https://rubygems.org/gems/aws-sdk-elasticloadbalancing,52.7
aws-sdk-rds,1.321.0,120083591,tool-generated; homepage,3,,https://rubydoc.info/gems/aws-sdk-rds,,,,,https://github.com/aws/aws-sdk-ruby,,,,https://github.com/aws/aws-sdk-ruby,https://github.com/aws/aws-sdk-ruby/tree/version-3/gems/aws-sdk-rds/CHANGELOG.md,https://rubygems.org/gems/aws-sdk-rds,82.1
aws-sdk-cloudfront,1.152.0,119411805,tool-generated; homepage,3,,https://rubydoc.info/gems/aws-sdk-cloudfront,,,,,https://github.com/aws/aws-sdk-ruby,,,,https://github.com/aws/aws-sdk-ruby,https://github.com/aws/aws-sdk-ruby/tree/version-3/gems/aws-sdk-cloudfront/CHANGELOG.md,https://rubygems.org/gems/aws-sdk-cloudfront,66.2
artifactory,3.0.17,115903593,tool-generated; github wiki; homepage,3,,https://www.rubydoc.info/gems/artifactory/3.0.17,,,,,https://github.com/opscode/artifactory-client,,https://github.com/opscode/artifactory-client/wiki,,https://github.com/chef/artifactory-client,,https://rubygems.org/gems/artifactory,83.0
aws-sdk-states,1.111.0,114151163,tool-generated; homepage,3,,https://rubydoc.info/gems/aws-sdk-states,,,,,https://github.com/aws/aws-sdk-ruby,,,,https://github.com/aws/aws-sdk-ruby,https://github.com/aws/aws-sdk-ruby/tree/version-3/gems/aws-sdk-states/CHANGELOG.md,https://rubygems.org/gems/aws-sdk-states,65.3
aws-sdk-cloudwatchevents,1.108.0,112919770,tool-generated; homepage,3,,https://rubydoc.info/gems/aws-sdk-cloudwatchevents,,,,,https://github.com/aws/aws-sdk-ruby,,,,https://github.com/aws/aws-sdk-ruby,https://github.com/aws/aws-sdk-ruby/tree/version-3/gems/aws-sdk-cloudwatchevents/CHANGELOG.md,https://rubygems.org/gems/aws-sdk-cloudwatchevents,73.7
aws-sdk-codecommit,1.103.0,112719338,tool-generated; homepage,3,,https://rubydoc.info/gems/aws-sdk-codecommit,,,,,https://github.com/aws/aws-sdk-ruby,,,,https://github.com/aws/aws-sdk-ruby,https://github.com/aws/aws-sdk-ruby/tree/version-3/gems/aws-sdk-codecommit/CHANGELOG.md,https://rubygems.org/gems/aws-sdk-codecommit,29.9
aws-sdk-autoscaling,1.166.0,111970074,tool-generated; homepage,3,,https://rubydoc.info/gems/aws-sdk-autoscaling,,,,,https://github.com/aws/aws-sdk-ruby,,,,https://github.com/aws/aws-sdk-ruby,https://github.com/aws/aws-sdk-ruby/tree/version-3/gems/aws-sdk-autoscaling/CHANGELOG.md,https://rubygems.org/gems/aws-sdk-autoscaling,88.3
aws-sdk-ecs,1.245.0,111591348,tool-generated; homepage,3,,https://rubydoc.info/gems/aws-sdk-ecs,,,,,https://github.com/aws/aws-sdk-ruby,,,,https://github.com/aws/aws-sdk-ruby,https://github.com/aws/aws-sdk-ruby/tree/version-3/gems/aws-sdk-ecs/CHANGELOG.md,https://rubygems.org/gems/aws-sdk-ecs,71.7
strscan,3.1.8,104893019,tool-generated; docs folder; github wiki; homepage,3,,https://www.rubydoc.info/gems/strscan/3.1.8,,Yes,doc/strscan/helper_methods.md; doc/strscan/link_refs.txt; doc/strscan/methods/get_byte.md; doc/strscan/methods/get_charpos.md; doc/strscan/methods/get_pos.md; doc/strscan/methods/getch.md; doc/strscan/methods/scan.md; doc/strscan/methods/scan_until.md; doc/strscan/methods/set_pos.md; doc/strscan/methods/skip.md; doc/strscan/methods/skip_until.md; doc/strscan/methods/terminate.md; doc/strscan/strsc,,https://github.com/ruby/strscan,,https://github.com/ruby/strscan/wiki,,https://github.com/ruby/strscan,,https://rubygems.org/gems/strscan,18.6
aws-sdk-elasticloadbalancingv2,1.157.0,103967450,tool-generated; homepage,3,,https://rubydoc.info/gems/aws-sdk-elasticloadbalancingv2,,,,,https://github.com/aws/aws-sdk-ruby,,,,https://github.com/aws/aws-sdk-ruby,https://github.com/aws/aws-sdk-ruby/tree/version-3/gems/aws-sdk-elasticloadbalancingv2/CHANGELOG.md,https://rubygems.org/gems/aws-sdk-elasticloadbalancingv2,47.0
aws-sdk-cognitoidentityprovider,1.151.0,100535239,tool-generated; homepage,3,,https://rubydoc.info/gems/aws-sdk-cognitoidentityprovider,,,,,https://github.com/aws/aws-sdk-ruby,,,,https://github.com/aws/aws-sdk-ruby,https://github.com/aws/aws-sdk-ruby/tree/version-3/gems/aws-sdk-cognitoidentityprovider/CHANGELOG.md,https://rubygems.org/gems/aws-sdk-cognitoidentityprovider,74.3
tomlrb,2.0.4,99923835,tool-generated; github wiki; homepage,3,,https://www.rubydoc.info/gems/tomlrb/2.0.4,,,,,https://github.com/fbernier/tomlrb,,https://github.com/fbernier/tomlrb/wiki,,https://github.com/fbernier/tomlrb,,https://rubygems.org/gems/tomlrb,8.9
aws-sdk-athena,1.123.0,99504808,tool-generated; homepage,3,,https://rubydoc.info/gems/aws-sdk-athena,,,,,https://github.com/aws/aws-sdk-ruby,,,,https://github.com/aws/aws-sdk-ruby,https://github.com/aws/aws-sdk-ruby/tree/version-3/gems/aws-sdk-athena/CHANGELOG.md,https://rubygems.org/gems/aws-sdk-athena,84.8
i18n_data,1.1.0,99315992,tool-generated; github wiki; homepage,3,,https://www.rubydoc.info/gems/i18n_data/1.1.0,,,,,https://github.com/grosser/i18n_data,,https://github.com/grosser/i18n_data/wiki,,https://github.com/grosser/i18n_data,,https://rubygems.org/gems/i18n_data,6.7
aws-sdk-rekognition,1.134.0,98895163,tool-generated; homepage,3,,https://rubydoc.info/gems/aws-sdk-rekognition,,,,,https://github.com/aws/aws-sdk-ruby,,,,https://github.com/aws/aws-sdk-ruby,https://github.com/aws/aws-sdk-ruby/tree/version-3/gems/aws-sdk-rekognition/CHANGELOG.md,https://rubygems.org/gems/aws-sdk-rekognition,71.3
aws-sdk-configservice,1.156.0,97721419,tool-generated; homepage,3,,https://rubydoc.info/gems/aws-sdk-configservice,,,,,https://github.com/aws/aws-sdk-ruby,,,,https://github.com/aws/aws-sdk-ruby,https://github.com/aws/aws-sdk-ruby/tree/version-3/gems/aws-sdk-configservice/CHANGELOG.md,https://rubygems.org/gems/aws-sdk-configservice,62.3
aws-sdk-apigateway,1.137.0,96842314,tool-generated; homepage,3,,https://rubydoc.info/gems/aws-sdk-apigateway,,,,,https://github.com/aws/aws-sdk-ruby,,,,https://github.com/aws/aws-sdk-ruby,https://github.com/aws/aws-sdk-ruby/tree/version-3/gems/aws-sdk-apigateway/CHANGELOG.md,https://rubygems.org/gems/aws-sdk-apigateway,89.1
aws-sdk-redshift,1.166.0,96780457,tool-generated; homepage,3,,https://rubydoc.info/gems/aws-sdk-redshift,,,,,https://github.com/aws/aws-sdk-ruby,,,,https://github.com/aws/aws-sdk-ruby,https://github.com/aws/aws-sdk-ruby/tree/version-3/gems/aws-sdk-redshift/CHANGELOG.md,https://rubygems.org/gems/aws-sdk-redshift,49.5
aws-sdk-glue,1.270.0,96555981,tool-generated; homepage,3,,https://rubydoc.info/gems/aws-sdk-glue,,,,,https://github.com/aws/aws-sdk-ruby,,,,https://github.com/aws/aws-sdk-ruby,https://github.com/aws/aws-sdk-ruby/tree/version-3/gems/aws-sdk-glue/CHANGELOG.md,https://rubygems.org/gems/aws-sdk-glue,86.0
aws-sdk-elasticache,1.148.0,96316595,tool-generated; homepage,3,,https://rubydoc.info/gems/aws-sdk-elasticache,,,,,https://github.com/aws/aws-sdk-ruby,,,,https://github.com/aws/aws-sdk-ruby,https://github.com/aws/aws-sdk-ruby/tree/version-3/gems/aws-sdk-elasticache/CHANGELOG.md,https://rubygems.org/gems/aws-sdk-elasticache,49.4
aws-sdk-elasticsearchservice,1.124.0,94761282,tool-generated; homepage,3,,https://rubydoc.info/gems/aws-sdk-elasticsearchservice,,,,,https://github.com/aws/aws-sdk-ruby,,,,https://github.com/aws/aws-sdk-ruby,https://github.com/aws/aws-sdk-ruby/tree/version-3/gems/aws-sdk-elasticsearchservice/CHANGELOG.md,https://rubygems.org/gems/aws-sdk-elasticsearchservice,74.0
aws-sdk-batch,1.151.0,94256567,tool-generated; homepage,3,,https://rubydoc.info/gems/aws-sdk-batch,,,,,https://github.com/aws/aws-sdk-ruby,,,,https://github.com/aws/aws-sdk-ruby,https://github.com/aws/aws-sdk-ruby/tree/version-3/gems/aws-sdk-batch/CHANGELOG.md,https://rubygems.org/gems/aws-sdk-batch,82.5
aws-sdk-pinpoint,1.125.0,94221978,tool-generated; homepage,3,,https://rubydoc.info/gems/aws-sdk-pinpoint,,,,,https://github.com/aws/aws-sdk-ruby,,,,https://github.com/aws/aws-sdk-ruby,https://github.com/aws/aws-sdk-ruby/tree/version-3/gems/aws-sdk-pinpoint/CHANGELOG.md,https://rubygems.org/gems/aws-sdk-pinpoint,89.4
aws-sdk-acm,1.109.0,94158768,tool-generated; homepage,3,,https://rubydoc.info/gems/aws-sdk-acm,,,,,https://github.com/aws/aws-sdk-ruby,,,,https://github.com/aws/aws-sdk-ruby,https://github.com/aws/aws-sdk-ruby/tree/version-3/gems/aws-sdk-acm/CHANGELOG.md,https://rubygems.org/gems/aws-sdk-acm,49.0
aws-sdk-cloudtrail,1.125.0,94141953,tool-generated; homepage,3,,https://rubydoc.info/gems/aws-sdk-cloudtrail,,,,,https://github.com/aws/aws-sdk-ruby,,,,https://github.com/aws/aws-sdk-ruby,https://github.com/aws/aws-sdk-ruby/tree/version-3/gems/aws-sdk-cloudtrail/CHANGELOG.md,https://rubygems.org/gems/aws-sdk-cloudtrail,40.6
cancancan,3.6.1,94085944,tool-generated; github wiki; homepage,3,,https://rubydoc.info/gems/cancancan,,,,,https://github.com/cancancommunity/cancancan,,https://github.com/cancancommunity/cancancan/wiki,,https://github.com/CanCanCommunity/cancancan,,https://rubygems.org/gems/cancancan,22.0
aws-sdk-mediaconvert,1.192.0,93989066,tool-generated; homepage,3,,https://rubydoc.info/gems/aws-sdk-mediaconvert,,,,,https://github.com/aws/aws-sdk-ruby,,,,https://github.com/aws/aws-sdk-ruby,https://github.com/aws/aws-sdk-ruby/tree/version-3/gems/aws-sdk-mediaconvert/CHANGELOG.md,https://rubygems.org/gems/aws-sdk-mediaconvert,74.2
aws-sdk-organizations,1.147.0,93940263,tool-generated; homepage,3,,https://rubydoc.info/gems/aws-sdk-organizations,,,,,https://github.com/aws/aws-sdk-ruby,,,,https://github.com/aws/aws-sdk-ruby,https://github.com/aws/aws-sdk-ruby/tree/version-3/gems/aws-sdk-organizations/CHANGELOG.md,https://rubygems.org/gems/aws-sdk-organizations,67.6
aws-sdk-emr,1.135.0,93439795,tool-generated; homepage,3,,https://rubydoc.info/gems/aws-sdk-emr,,,,,https://github.com/aws/aws-sdk-ruby,,,,https://github.com/aws/aws-sdk-ruby,https://github.com/aws/aws-sdk-ruby/tree/version-3/gems/aws-sdk-emr/CHANGELOG.md,https://rubygems.org/gems/aws-sdk-emr,83.0
mixlib-shellout,3.4.10,93294364,tool-generated; github wiki; homepage,3,,https://www.rubydoc.info/gems/mixlib-shellout/3.4.10,,,,,https://github.com/chef/mixlib-shellout,,https://github.com/chef/mixlib-shellout/wiki,,https://github.com/chef/mixlib-shellout,,https://rubygems.org/gems/mixlib-shellout,44.6
aws-sdk-codedeploy,1.103.0,93173624,tool-generated; homepage,3,,https://rubydoc.info/gems/aws-sdk-codedeploy,,,,,https://github.com/aws/aws-sdk-ruby,,,,https://github.com/aws/aws-sdk-ruby,https://github.com/aws/aws-sdk-ruby/tree/version-3/gems/aws-sdk-codedeploy/CHANGELOG.md,https://rubygems.org/gems/aws-sdk-codedeploy,30.7
aws-sdk-xray,1.102.0,93133725,tool-generated; homepage,3,,https://rubydoc.info/gems/aws-sdk-xray,,,,,https://github.com/aws/aws-sdk-ruby,,,,https://github.com/aws/aws-sdk-ruby,https://github.com/aws/aws-sdk-ruby/tree/version-3/gems/aws-sdk-xray/CHANGELOG.md,https://rubygems.org/gems/aws-sdk-xray,74.3
aws-sdk-databasemigrationservice,1.149.0,93068705,tool-generated; homepage,3,,https://rubydoc.info/gems/aws-sdk-databasemigrationservice,,,,,https://github.com/aws/aws-sdk-ruby,,,,https://github.com/aws/aws-sdk-ruby,https://github.com/aws/aws-sdk-ruby/tree/version-3/gems/aws-sdk-databasemigrationservice/CHANGELOG.md,https://rubygems.org/gems/aws-sdk-databasemigrationservice,76.2
aws-sdk-efs,1.113.0,92907435,tool-generated; homepage,3,,https://rubydoc.info/gems/aws-sdk-efs,,,,,https://github.com/aws/aws-sdk-ruby,,,,https://github.com/aws/aws-sdk-ruby,https://github.com/aws/aws-sdk-ruby/tree/version-3/gems/aws-sdk-efs/CHANGELOG.md,https://rubygems.org/gems/aws-sdk-efs,71.3
aws-sdk-sagemaker,1.389.0,92893644,tool-generated; homepage,3,,https://rubydoc.info/gems/aws-sdk-sagemaker,,,,,https://github.com/aws/aws-sdk-ruby,,,,https://github.com/aws/aws-sdk-ruby,https://github.com/aws/aws-sdk-ruby/tree/version-3/gems/aws-sdk-sagemaker/CHANGELOG.md,https://rubygems.org/gems/aws-sdk-sagemaker,94.1
aws-sdk-dynamodbstreams,1.94.0,92872622,tool-generated; homepage,3,,https://rubydoc.info/gems/aws-sdk-dynamodbstreams,,,,,https://github.com/aws/aws-sdk-ruby,,,,https://github.com/aws/aws-sdk-ruby,https://github.com/aws/aws-sdk-ruby/tree/version-3/gems/aws-sdk-dynamodbstreams/CHANGELOG.md,https://rubygems.org/gems/aws-sdk-dynamodbstreams,31.8
aws-sdk-applicationautoscaling,1.125.0,92852922,tool-generated; homepage,3,,https://rubydoc.info/gems/aws-sdk-applicationautoscaling,,,,,https://github.com/aws/aws-sdk-ruby,,,,https://github.com/aws/aws-sdk-ruby,https://github.com/aws/aws-sdk-ruby/tree/version-3/gems/aws-sdk-applicationautoscaling/CHANGELOG.md,https://rubygems.org/gems/aws-sdk-applicationautoscaling,62.5
aws-sdk-codebuild,1.177.0,92371087,tool-generated; homepage,3,,https://rubydoc.info/gems/aws-sdk-codebuild,,,,,https://github.com/aws/aws-sdk-ruby,,,,https://github.com/aws/aws-sdk-ruby,https://github.com/aws/aws-sdk-ruby/tree/version-3/gems/aws-sdk-codebuild/CHANGELOG.md,https://rubygems.org/gems/aws-sdk-codebuild,81.0
aws-sdk-elasticbeanstalk,1.106.0,92189231,tool-generated; homepage,3,,https://rubydoc.info/gems/aws-sdk-elasticbeanstalk,,,,,https://github.com/aws/aws-sdk-ruby,,,,https://github.com/aws/aws-sdk-ruby,https://github.com/aws/aws-sdk-ruby/tree/version-3/gems/aws-sdk-elasticbeanstalk/CHANGELOG.md,https://rubygems.org/gems/aws-sdk-elasticbeanstalk,64.4
aws-sdk-iot,1.173.0,91796329,tool-generated; homepage,3,,https://rubydoc.info/gems/aws-sdk-iot,,,,,https://github.com/aws/aws-sdk-ruby,,,,https://github.com/aws/aws-sdk-ruby,https://github.com/aws/aws-sdk-ruby/tree/version-3/gems/aws-sdk-iot/CHANGELOG.md,https://rubygems.org/gems/aws-sdk-iot,88.2
aws-sdk-cloudhsmv2,1.94.0,91584186,tool-generated; homepage,3,,https://rubydoc.info/gems/aws-sdk-cloudhsmv2,,,,,https://github.com/aws/aws-sdk-ruby,,,,https://github.com/aws/aws-sdk-ruby,https://github.com/aws/aws-sdk-ruby/tree/version-3/gems/aws-sdk-cloudhsmv2/CHANGELOG.md,https://rubygems.org/gems/aws-sdk-cloudhsmv2,65.2
aws-sdk-codepipeline,1.118.0,91505720,tool-generated; homepage,3,,https://rubydoc.info/gems/aws-sdk-codepipeline,,,,,https://github.com/aws/aws-sdk-ruby,,,,https://github.com/aws/aws-sdk-ruby,https://github.com/aws/aws-sdk-ruby/tree/version-3/gems/aws-sdk-codepipeline/CHANGELOG.md,https://rubygems.org/gems/aws-sdk-codepipeline,55.3
aws-sdk-servicecatalog,1.132.0,91497017,tool-generated; homepage,3,,https://rubydoc.info/gems/aws-sdk-servicecatalog,,,,,https://github.com/aws/aws-sdk-ruby,,,,https://github.com/aws/aws-sdk-ruby,https://github.com/aws/aws-sdk-ruby/tree/version-3/gems/aws-sdk-servicecatalog/CHANGELOG.md,https://rubygems.org/gems/aws-sdk-servicecatalog,84.8
aws-sdk-polly,1.127.0,90957368,tool-generated; homepage,3,,https://rubydoc.info/gems/aws-sdk-polly,,,,,https://github.com/aws/aws-sdk-ruby,,,,https://github.com/aws/aws-sdk-ruby,https://github.com/aws/aws-sdk-ruby/tree/version-3/gems/aws-sdk-polly/CHANGELOG.md,https://rubygems.org/gems/aws-sdk-polly,47.1
aws-sdk-cognitoidentity,1.91.0,90779466,tool-generated; homepage,3,,https://rubydoc.info/gems/aws-sdk-cognitoidentity,,,,,https://github.com/aws/aws-sdk-ruby,,,,https://github.com/aws/aws-sdk-ruby,https://github.com/aws/aws-sdk-ruby/tree/version-3/gems/aws-sdk-cognitoidentity/CHANGELOG.md,https://rubygems.org/gems/aws-sdk-cognitoidentity,66.1
aws-sdk-lightsail,1.135.0,90591286,tool-generated; homepage,3,,https://rubydoc.info/gems/aws-sdk-lightsail,,,,,https://github.com/aws/aws-sdk-ruby,,,,https://github.com/aws/aws-sdk-ruby,https://github.com/aws/aws-sdk-ruby/tree/version-3/gems/aws-sdk-lightsail/CHANGELOG.md,https://rubygems.org/gems/aws-sdk-lightsail,92.1
aws-sdk-budgets,1.111.0,90518271,tool-generated; homepage,3,,https://rubydoc.info/gems/aws-sdk-budgets,,,,,https://github.com/aws/aws-sdk-ruby,,,,https://github.com/aws/aws-sdk-ruby,https://github.com/aws/aws-sdk-ruby/tree/version-3/gems/aws-sdk-budgets/CHANGELOG.md,https://rubygems.org/gems/aws-sdk-budgets,67.2
aws-sdk-route53domains,1.98.0,90492227,tool-generated; homepage,3,,https://rubydoc.info/gems/aws-sdk-route53domains,,,,,https://github.com/aws/aws-sdk-ruby,,,,https://github.com/aws/aws-sdk-ruby,https://github.com/aws/aws-sdk-ruby/tree/version-3/gems/aws-sdk-route53domains/CHANGELOG.md,https://rubygems.org/gems/aws-sdk-route53domains,74.2
aws-sdk-workspaces,1.164.0,90460392,tool-generated; homepage,3,,https://rubydoc.info/gems/aws-sdk-workspaces,,,,,https://github.com/aws/aws-sdk-ruby,,,,https://github.com/aws/aws-sdk-ruby,https://github.com/aws/aws-sdk-ruby/tree/version-3/gems/aws-sdk-workspaces/CHANGELOG.md,https://rubygems.org/gems/aws-sdk-workspaces,78.8
aws-sdk-waf,1.96.0,90438076,tool-generated; homepage,3,,https://rubydoc.info/gems/aws-sdk-waf,,,,,https://github.com/aws/aws-sdk-ruby,,,,https://github.com/aws/aws-sdk-ruby,https://github.com/aws/aws-sdk-ruby/tree/version-3/gems/aws-sdk-waf/CHANGELOG.md,https://rubygems.org/gems/aws-sdk-waf,78.8
aws-sdk-costandusagereportservice,1.91.0,89862706,tool-generated; homepage,3,,https://rubydoc.info/gems/aws-sdk-costandusagereportservice,,,,,https://github.com/aws/aws-sdk-ruby,,,,https://github.com/aws/aws-sdk-ruby,https://github.com/aws/aws-sdk-ruby/tree/version-3/gems/aws-sdk-costandusagereportservice/CHANGELOG.md,https://rubygems.org/gems/aws-sdk-costandusagereportservice,54.8
aws-sdk-shield,1.99.0,89719558,tool-generated; homepage,3,,https://rubydoc.info/gems/aws-sdk-shield,,,,,https://github.com/aws/aws-sdk-ruby,,,,https://github.com/aws/aws-sdk-ruby,https://github.com/aws/aws-sdk-ruby/tree/version-3/gems/aws-sdk-shield/CHANGELOG.md,https://rubygems.org/gems/aws-sdk-shield,73.2
ice_cube,0.17.0,89503525,tool-generated; github wiki; homepage,4,,https://rubydoc.info/gems/ice_cube,,,,,https://github.com/seejohnrun/ice_cube,,https://github.com/seejohnrun/ice_cube/wiki,,http://seejohnrun.github.com/ice_cube/,https://github.com/ice-cube-ruby/ice_cube/blob/master/CHANGELOG.md,https://rubygems.org/gems/ice_cube,28.8
aws-sdk-cloudhsm,1.88.0,89334246,tool-generated; homepage,3,,https://rubydoc.info/gems/aws-sdk-cloudhsm,,,,,https://github.com/aws/aws-sdk-ruby,,,,https://github.com/aws/aws-sdk-ruby,https://github.com/aws/aws-sdk-ruby/tree/version-3/gems/aws-sdk-cloudhsm/CHANGELOG.md,https://rubygems.org/gems/aws-sdk-cloudhsm,69.2
aws-sdk-applicationdiscoveryservice,1.104.0,89268937,tool-generated; homepage,3,,https://rubydoc.info/gems/aws-sdk-applicationdiscoveryservice,,,,,https://github.com/aws/aws-sdk-ruby,,,,https://github.com/aws/aws-sdk-ruby,https://github.com/aws/aws-sdk-ruby/tree/version-3/gems/aws-sdk-applicationdiscoveryservice/CHANGELOG.md,https://rubygems.org/gems/aws-sdk-applicationdiscoveryservice,69.4
aws-sdk-guardduty,1.160.0,89085417,tool-generated; homepage,3,,https://rubydoc.info/gems/aws-sdk-guardduty,,,,,https://github.com/aws/aws-sdk-ruby,,,,https://github.com/aws/aws-sdk-ruby,https://github.com/aws/aws-sdk-ruby/tree/version-3/gems/aws-sdk-guardduty/CHANGELOG.md,https://rubygems.org/gems/aws-sdk-guardduty,89.3
aws-sdk-comprehend,1.117.0,89020888,tool-generated; homepage,3,,https://rubydoc.info/gems/aws-sdk-comprehend,,,,,https://github.com/aws/aws-sdk-ruby,,,,https://github.com/aws/aws-sdk-ruby,https://github.com/aws/aws-sdk-ruby/tree/version-3/gems/aws-sdk-comprehend/CHANGELOG.md,https://rubygems.org/gems/aws-sdk-comprehend,81.2
aws-sdk-directconnect,1.115.0,88903739,tool-generated; homepage,3,,https://rubydoc.info/gems/aws-sdk-directconnect,,,,,https://github.com/aws/aws-sdk-ruby,,,,https://github.com/aws/aws-sdk-ruby,https://github.com/aws/aws-sdk-ruby/tree/version-3/gems/aws-sdk-directconnect/CHANGELOG.md,https://rubygems.org/gems/aws-sdk-directconnect,83.5
aws-sdk-directoryservice,1.106.0,88872366,tool-generated; homepage,3,,https://rubydoc.info/gems/aws-sdk-directoryservice,,,,,https://github.com/aws/aws-sdk-ruby,,,,https://github.com/aws/aws-sdk-ruby,https://github.com/aws/aws-sdk-ruby/tree/version-3/gems/aws-sdk-directoryservice/CHANGELOG.md,https://rubygems.org/gems/aws-sdk-directoryservice,76.7
aws-sdk-gamelift,1.134.0,88841331,tool-generated; homepage,3,,https://rubydoc.info/gems/aws-sdk-gamelift,,,,,https://github.com/aws/aws-sdk-ruby,,,,https://github.com/aws/aws-sdk-ruby,https://github.com/aws/aws-sdk-ruby/tree/version-3/gems/aws-sdk-gamelift/CHANGELOG.md,https://rubygems.org/gems/aws-sdk-gamelift,84.9
aws-sdk-storagegateway,1.129.0,88812112,tool-generated; homepage,3,,https://rubydoc.info/gems/aws-sdk-storagegateway,,,,,https://github.com/aws/aws-sdk-ruby,,,,https://github.com/aws/aws-sdk-ruby,https://github.com/aws/aws-sdk-ruby/tree/version-3/gems/aws-sdk-storagegateway/CHANGELOG.md,https://rubygems.org/gems/aws-sdk-storagegateway,89.9
aws-sdk-appstream,1.140.0,88671403,tool-generated; homepage,3,,https://rubydoc.info/gems/aws-sdk-appstream,,,,,https://github.com/aws/aws-sdk-ruby,,,,https://github.com/aws/aws-sdk-ruby,https://github.com/aws/aws-sdk-ruby/tree/version-3/gems/aws-sdk-appstream/CHANGELOG.md,https://rubygems.org/gems/aws-sdk-appstream,80.7
aws-sdk-resourcegroupstaggingapi,1.99.0,88583504,tool-generated; homepage,3,,https://rubydoc.info/gems/aws-sdk-resourcegroupstaggingapi,,,,,https://github.com/aws/aws-sdk-ruby,,,,https://github.com/aws/aws-sdk-ruby,https://github.com/aws/aws-sdk-ruby/tree/version-3/gems/aws-sdk-resourcegroupstaggingapi/CHANGELOG.md,https://rubygems.org/gems/aws-sdk-resourcegroupstaggingapi,57.1
aws-sdk-devicefarm,1.110.0,88576225,tool-generated; homepage,3,,https://rubydoc.info/gems/aws-sdk-devicefarm,,,,,https://github.com/aws/aws-sdk-ruby,,,,https://github.com/aws/aws-sdk-ruby,https://github.com/aws/aws-sdk-ruby/tree/version-3/gems/aws-sdk-devicefarm/CHANGELOG.md,https://rubygems.org/gems/aws-sdk-devicefarm,82.2
aws-sdk-cloudsearch,1.91.0,88576219,tool-generated; homepage,3,,https://rubydoc.info/gems/aws-sdk-cloudsearch,,,,,https://github.com/aws/aws-sdk-ruby,,,,https://github.com/aws/aws-sdk-ruby,https://github.com/aws/aws-sdk-ruby/tree/version-3/gems/aws-sdk-cloudsearch/CHANGELOG.md,https://rubygems.org/gems/aws-sdk-cloudsearch,66.0
aws-sdk-costexplorer,1.154.0,88382341,tool-generated; homepage,3,,https://rubydoc.info/gems/aws-sdk-costexplorer,,,,,https://github.com/aws/aws-sdk-ruby,,,,https://github.com/aws/aws-sdk-ruby,https://github.com/aws/aws-sdk-ruby/tree/version-3/gems/aws-sdk-costexplorer/CHANGELOG.md,https://rubygems.org/gems/aws-sdk-costexplorer,74.2
aws-sdk-sagemakerruntime,1.102.0,88367618,tool-generated; homepage,3,,https://rubydoc.info/gems/aws-sdk-sagemakerruntime,,,,,https://github.com/aws/aws-sdk-ruby,,,,https://github.com/aws/aws-sdk-ruby,https://github.com/aws/aws-sdk-ruby/tree/version-3/gems/aws-sdk-sagemakerruntime/CHANGELOG.md,https://rubygems.org/gems/aws-sdk-sagemakerruntime,43.5
aws-sdk-opsworks,1.79.0,88242995,tool-generated; homepage,3,,https://rubydoc.info/gems/aws-sdk-opsworks,,,,,https://github.com/aws/aws-sdk-ruby,,,,https://github.com/aws/aws-sdk-ruby,https://github.com/aws/aws-sdk-ruby/tree/version-3/gems/aws-sdk-opsworks/CHANGELOG.md,https://rubygems.org/gems/aws-sdk-opsworks,89.2
aws-sdk-sms,1.77.0,88181770,tool-generated; homepage,3,,https://rubydoc.info/gems/aws-sdk-sms,,,,,https://github.com/aws/aws-sdk-ruby,,,,https://github.com/aws/aws-sdk-ruby,https://github.com/aws/aws-sdk-ruby/tree/version-3/gems/aws-sdk-sms/CHANGELOG.md,https://rubygems.org/gems/aws-sdk-sms,70.8
aws-sdk-medialive,1.195.0,88121434,tool-generated; homepage,3,,https://rubydoc.info/gems/aws-sdk-medialive,,,,,https://github.com/aws/aws-sdk-ruby,,,,https://github.com/aws/aws-sdk-ruby,https://github.com/aws/aws-sdk-ruby/tree/version-3/gems/aws-sdk-medialive/CHANGELOG.md,https://rubygems.org/gems/aws-sdk-medialive,79.8
aws-sdk-lex,1.96.0,87993793,tool-generated; homepage,3,,https://rubydoc.info/gems/aws-sdk-lex,,,,,https://github.com/aws/aws-sdk-ruby,,,,https://github.com/aws/aws-sdk-ruby,https://github.com/aws/aws-sdk-ruby/tree/version-3/gems/aws-sdk-lex/CHANGELOG.md,https://rubygems.org/gems/aws-sdk-lex,52.4
aws-sdk-glacier,1.96.0,87896509,tool-generated; homepage,3,,https://rubydoc.info/gems/aws-sdk-glacier,,,,,https://github.com/aws/aws-sdk-ruby,,,,https://github.com/aws/aws-sdk-ruby,https://github.com/aws/aws-sdk-ruby/tree/version-3/gems/aws-sdk-glacier/CHANGELOG.md,https://rubygems.org/gems/aws-sdk-glacier,82.5
aws-sdk-transcribeservice,1.143.0,87894623,tool-generated; homepage,3,,https://rubydoc.info/gems/aws-sdk-transcribeservice,,,,,https://github.com/aws/aws-sdk-ruby,,,,https://github.com/aws/aws-sdk-ruby,https://github.com/aws/aws-sdk-ruby/tree/version-3/gems/aws-sdk-transcribeservice/CHANGELOG.md,https://rubygems.org/gems/aws-sdk-transcribeservice,73.8
aws-sdk-dax,1.89.0,87879390,tool-generated; homepage,3,,https://rubydoc.info/gems/aws-sdk-dax,,,,,https://github.com/aws/aws-sdk-ruby,,,,https://github.com/aws/aws-sdk-ruby,https://github.com/aws/aws-sdk-ruby/tree/version-3/gems/aws-sdk-dax/CHANGELOG.md,https://rubygems.org/gems/aws-sdk-dax,43.1
aws-sdk-simpledb,1.79.0,87831588,tool-generated; homepage,3,,https://rubydoc.info/gems/aws-sdk-simpledb,,,,,https://github.com/aws/aws-sdk-ruby,,,,https://github.com/aws/aws-sdk-ruby,https://github.com/aws/aws-sdk-ruby/tree/version-3/gems/aws-sdk-simpledb/CHANGELOG.md,https://rubygems.org/gems/aws-sdk-simpledb,64.0
aws-sdk-greengrass,1.98.0,87802066,tool-generated; homepage,3,,https://rubydoc.info/gems/aws-sdk-greengrass,,,,,https://github.com/aws/aws-sdk-ruby,,,,https://github.com/aws/aws-sdk-ruby,https://github.com/aws/aws-sdk-ruby/tree/version-3/gems/aws-sdk-greengrass/CHANGELOG.md,https://rubygems.org/gems/aws-sdk-greengrass,90.2
aws-sdk-marketplacemetering,1.103.0,87789385,tool-generated; homepage,3,,https://rubydoc.info/gems/aws-sdk-marketplacemetering,,,,,https://github.com/aws/aws-sdk-ruby,,,,https://github.com/aws/aws-sdk-ruby,https://github.com/aws/aws-sdk-ruby/tree/version-3/gems/aws-sdk-marketplacemetering/CHANGELOG.md,https://rubygems.org/gems/aws-sdk-marketplacemetering,50.0
aws-sdk-health,1.102.0,87755603,tool-generated; homepage,3,,https://rubydoc.info/gems/aws-sdk-health,,,,,https://github.com/aws/aws-sdk-ruby,,,,https://github.com/aws/aws-sdk-ruby,https://github.com/aws/aws-sdk-ruby/tree/version-3/gems/aws-sdk-health/CHANGELOG.md,https://rubygems.org/gems/aws-sdk-health,64.7
aws-sdk-lexmodelbuildingservice,1.108.0,87706255,tool-generated; homepage,3,,https://rubydoc.info/gems/aws-sdk-lexmodelbuildingservice,,,,,https://github.com/aws/aws-sdk-ruby,,,,https://github.com/aws/aws-sdk-ruby,https://github.com/aws/aws-sdk-ruby/tree/version-3/gems/aws-sdk-lexmodelbuildingservice/CHANGELOG.md,https://rubygems.org/gems/aws-sdk-lexmodelbuildingservice,77.0
aws-sdk-iotdataplane,1.93.0,87634434,tool-generated; homepage,3,,https://rubydoc.info/gems/aws-sdk-iotdataplane,,,,,https://github.com/aws/aws-sdk-ruby,,,,https://github.com/aws/aws-sdk-ruby,https://github.com/aws/aws-sdk-ruby/tree/version-3/gems/aws-sdk-iotdataplane/CHANGELOG.md,https://rubygems.org/gems/aws-sdk-iotdataplane,57.1
aws-sdk-snowball,1.105.0,87630642,tool-generated; homepage,3,,https://rubydoc.info/gems/aws-sdk-snowball,,,,,https://github.com/aws/aws-sdk-ruby,,,,https://github.com/aws/aws-sdk-ruby,https://github.com/aws/aws-sdk-ruby/tree/version-3/gems/aws-sdk-snowball/CHANGELOG.md,https://rubygems.org/gems/aws-sdk-snowball,69.2
aws-sdk-swf,1.89.0,87469395,tool-generated; homepage,3,,https://rubydoc.info/gems/aws-sdk-swf,,,,,https://github.com/aws/aws-sdk-ruby,,,,https://github.com/aws/aws-sdk-ruby,https://github.com/aws/aws-sdk-ruby/tree/version-3/gems/aws-sdk-swf/CHANGELOG.md,https://rubygems.org/gems/aws-sdk-swf,72.4
aws-sdk-migrationhub,1.90.0,87425859,tool-generated; homepage,3,,https://rubydoc.info/gems/aws-sdk-migrationhub,,,,,https://github.com/aws/aws-sdk-ruby,,,,https://github.com/aws/aws-sdk-ruby,https://github.com/aws/aws-sdk-ruby/tree/version-3/gems/aws-sdk-migrationhub/CHANGELOG.md,https://rubygems.org/gems/aws-sdk-migrationhub,66.1
aws-sdk-elastictranscoder,1.80.0,87240616,tool-generated; homepage,3,,https://rubydoc.info/gems/aws-sdk-elastictranscoder,,,,,https://github.com/aws/aws-sdk-ruby,,,,https://github.com/aws/aws-sdk-ruby,https://github.com/aws/aws-sdk-ruby/tree/version-3/gems/aws-sdk-elastictranscoder/CHANGELOG.md,https://rubygems.org/gems/aws-sdk-elastictranscoder,58.1
aws-sdk-machinelearning,1.89.0,87223811,tool-generated; homepage,3,,https://rubydoc.info/gems/aws-sdk-machinelearning,,,,,https://github.com/aws/aws-sdk-ruby,,,,https://github.com/aws/aws-sdk-ruby,https://github.com/aws/aws-sdk-ruby/tree/version-3/gems/aws-sdk-machinelearning/CHANGELOG.md,https://rubygems.org/gems/aws-sdk-machinelearning,69.3
aws-sdk-cloudsearchdomain,1.74.0,87168105,tool-generated; homepage,3,,https://rubydoc.info/gems/aws-sdk-cloudsearchdomain,,,,,https://github.com/aws/aws-sdk-ruby,,,,https://github.com/aws/aws-sdk-ruby,https://github.com/aws/aws-sdk-ruby/tree/version-3/gems/aws-sdk-cloudsearchdomain/CHANGELOG.md,https://rubygems.org/gems/aws-sdk-cloudsearchdomain,61.1
aws-sdk-marketplacecommerceanalytics,1.91.0,86937137,tool-generated; homepage,3,,https://rubydoc.info/gems/aws-sdk-marketplacecommerceanalytics,,,,,https://github.com/aws/aws-sdk-ruby,,,,https://github.com/aws/aws-sdk-ruby,https://github.com/aws/aws-sdk-ruby/tree/version-3/gems/aws-sdk-marketplacecommerceanalytics/CHANGELOG.md,https://rubygems.org/gems/aws-sdk-marketplacecommerceanalytics,44.4
aws-sdk-wafregional,1.97.0,86885651,tool-generated; homepage,3,,https://rubydoc.info/gems/aws-sdk-wafregional,,,,,https://github.com/aws/aws-sdk-ruby,,,,https://github.com/aws/aws-sdk-ruby,https://github.com/aws/aws-sdk-ruby/tree/version-3/gems/aws-sdk-wafregional/CHANGELOG.md,https://rubygems.org/gems/aws-sdk-wafregional,79.0
aws-sdk-inspector,1.93.0,86878479,tool-generated; homepage,3,,https://rubydoc.info/gems/aws-sdk-inspector,,,,,https://github.com/aws/aws-sdk-ruby,,,,https://github.com/aws/aws-sdk-ruby,https://github.com/aws/aws-sdk-ruby/tree/version-3/gems/aws-sdk-inspector/CHANGELOG.md,https://rubygems.org/gems/aws-sdk-inspector,78.3
aws-sdk-translate,1.99.0,86858793,tool-generated; homepage,3,,https://rubydoc.info/gems/aws-sdk-translate,,,,,https://github.com/aws/aws-sdk-ruby,,,,https://github.com/aws/aws-sdk-ruby,https://github.com/aws/aws-sdk-ruby/tree/version-3/gems/aws-sdk-translate/CHANGELOG.md,https://rubygems.org/gems/aws-sdk-translate,62.9
aws-sdk-support,1.95.0,86820663,tool-generated; homepage,3,,https://rubydoc.info/gems/aws-sdk-support,,,,,https://github.com/aws/aws-sdk-ruby,,,,https://github.com/aws/aws-sdk-ruby,https://github.com/aws/aws-sdk-ruby/tree/version-3/gems/aws-sdk-support/CHANGELOG.md,https://rubygems.org/gems/aws-sdk-support,64.4
aws-sdk-workdocs,1.92.0,86789025,tool-generated; homepage,3,,https://rubydoc.info/gems/aws-sdk-workdocs,,,,,https://github.com/aws/aws-sdk-ruby,,,,https://github.com/aws/aws-sdk-ruby,https://github.com/aws/aws-sdk-ruby/tree/version-3/gems/aws-sdk-workdocs/CHANGELOG.md,https://rubygems.org/gems/aws-sdk-workdocs,68.2
aws-sdk-mturk,1.89.0,86749187,tool-generated; homepage,3,,https://rubydoc.info/gems/aws-sdk-mturk,,,,,https://github.com/aws/aws-sdk-ruby,,,,https://github.com/aws/aws-sdk-ruby,https://github.com/aws/aws-sdk-ruby/tree/version-3/gems/aws-sdk-mturk/CHANGELOG.md,https://rubygems.org/gems/aws-sdk-mturk,81.4
aws-sdk-eks,1.176.0,86706730,tool-generated; homepage,3,,https://rubydoc.info/gems/aws-sdk-eks,,,,,https://github.com/aws/aws-sdk-ruby,,,,https://github.com/aws/aws-sdk-ruby,https://github.com/aws/aws-sdk-ruby/tree/version-3/gems/aws-sdk-eks/CHANGELOG.md,https://rubygems.org/gems/aws-sdk-eks,79.8
aws-sdk-clouddirectory,1.93.0,86699826,tool-generated; homepage,3,,https://rubydoc.info/gems/aws-sdk-clouddirectory,,,,,https://github.com/aws/aws-sdk-ruby,,,,https://github.com/aws/aws-sdk-ruby,https://github.com/aws/aws-sdk-ruby/tree/version-3/gems/aws-sdk-clouddirectory/CHANGELOG.md,https://rubygems.org/gems/aws-sdk-clouddirectory,71.1
aws-sdk-marketplaceentitlementservice,1.89.0,86614756,tool-generated; homepage,3,,https://rubydoc.info/gems/aws-sdk-marketplaceentitlementservice,,,,,https://github.com/aws/aws-sdk-ruby,,,,https://github.com/aws/aws-sdk-ruby,https://github.com/aws/aws-sdk-ruby/tree/version-3/gems/aws-sdk-marketplaceentitlementservice/CHANGELOG.md,https://rubygems.org/gems/aws-sdk-marketplaceentitlementservice,42.9
aws-sdk-kinesisanalytics,1.89.0,86544026,tool-generated; homepage,3,,https://rubydoc.info/gems/aws-sdk-kinesisanalytics,,,,,https://github.com/aws/aws-sdk-ruby,,,,https://github.com/aws/aws-sdk-ruby,https://github.com/aws/aws-sdk-ruby/tree/version-3/gems/aws-sdk-kinesisanalytics/CHANGELOG.md,https://rubygems.org/gems/aws-sdk-kinesisanalytics,65.0
aws-sdk-datapipeline,1.85.0,86527210,tool-generated; homepage,3,,https://rubydoc.info/gems/aws-sdk-datapipeline,,,,,https://github.com/aws/aws-sdk-ruby,,,,https://github.com/aws/aws-sdk-ruby,https://github.com/aws/aws-sdk-ruby/tree/version-3/gems/aws-sdk-datapipeline/CHANGELOG.md,https://rubygems.org/gems/aws-sdk-datapipeline,67.4
aws-sdk-cognitosync,1.85.0,86489318,tool-generated; homepage,3,,https://rubydoc.info/gems/aws-sdk-cognitosync,,,,,https://github.com/aws/aws-sdk-ruby,,,,https://github.com/aws/aws-sdk-ruby,https://github.com/aws/aws-sdk-ruby/tree/version-3/gems/aws-sdk-cognitosync/CHANGELOG.md,https://rubygems.org/gems/aws-sdk-cognitosync,61.4
aws-sdk-appsync,1.125.0,86379362,tool-generated; homepage,3,,https://rubydoc.info/gems/aws-sdk-appsync,,,,,https://github.com/aws/aws-sdk-ruby,,,,https://github.com/aws/aws-sdk-ruby,https://github.com/aws/aws-sdk-ruby/tree/version-3/gems/aws-sdk-appsync/CHANGELOG.md,https://rubygems.org/gems/aws-sdk-appsync,81.0
aws-sdk-connect,1.275.0,86364734,tool-generated; homepage,3,,https://rubydoc.info/gems/aws-sdk-connect,,,,,https://github.com/aws/aws-sdk-ruby,,,,https://github.com/aws/aws-sdk-ruby,https://github.com/aws/aws-sdk-ruby/tree/version-3/gems/aws-sdk-connect/CHANGELOG.md,https://rubygems.org/gems/aws-sdk-connect,91.9
aws-sdk-importexport,1.74.0,86308953,tool-generated; homepage,3,,https://rubydoc.info/gems/aws-sdk-importexport,,,,,https://github.com/aws/aws-sdk-ruby,,,,https://github.com/aws/aws-sdk-ruby,https://github.com/aws/aws-sdk-ruby/tree/version-3/gems/aws-sdk-importexport/CHANGELOG.md,https://rubygems.org/gems/aws-sdk-importexport,59.6
aws-sdk-mq,1.100.0,86238562,tool-generated; homepage,3,,https://rubydoc.info/gems/aws-sdk-mq,,,,,https://github.com/aws/aws-sdk-ruby,,,,https://github.com/aws/aws-sdk-ruby,https://github.com/aws/aws-sdk-ruby/tree/version-3/gems/aws-sdk-mq/CHANGELOG.md,https://rubygems.org/gems/aws-sdk-mq,76.2
aws-sdk-mediapackage,1.106.0,86024648,tool-generated; homepage,3,,https://rubydoc.info/gems/aws-sdk-mediapackage,,,,,https://github.com/aws/aws-sdk-ruby,,,,https://github.com/aws/aws-sdk-ruby,https://github.com/aws/aws-sdk-ruby/tree/version-3/gems/aws-sdk-mediapackage/CHANGELOG.md,https://rubygems.org/gems/aws-sdk-mediapackage,66.7
aws-sdk-opsworkscm,1.89.0,85974387,tool-generated; homepage,3,,https://rubydoc.info/gems/aws-sdk-opsworkscm,,,,,https://github.com/aws/aws-sdk-ruby,,,,https://github.com/aws/aws-sdk-ruby,https://github.com/aws/aws-sdk-ruby/tree/version-3/gems/aws-sdk-opsworkscm/CHANGELOG.md,https://rubygems.org/gems/aws-sdk-opsworkscm,66.0
hiredis,0.6.3,85210762,tool-generated; github wiki; homepage,3,,https://www.rubydoc.info/gems/hiredis/0.6.3,,,,,https://github.com/redis/hiredis-rb,,https://github.com/redis/hiredis-rb/wiki,,http://github.com/redis/hiredis-rb,,https://rubygems.org/gems/hiredis,4.3
aws-sdk-kinesisvideo,1.97.0,85086411,tool-generated; homepage,3,,https://rubydoc.info/gems/aws-sdk-kinesisvideo,,,,,https://github.com/aws/aws-sdk-ruby,,,,https://github.com/aws/aws-sdk-ruby,https://github.com/aws/aws-sdk-ruby/tree/version-3/gems/aws-sdk-kinesisvideo/CHANGELOG.md,https://rubygems.org/gems/aws-sdk-kinesisvideo,68.4
aws-sdk-servicediscovery,1.104.0,85001452,tool-generated; homepage,3,,https://rubydoc.info/gems/aws-sdk-servicediscovery,,,,,https://github.com/aws/aws-sdk-ruby,,,,https://github.com/aws/aws-sdk-ruby,https://github.com/aws/aws-sdk-ruby/tree/version-3/gems/aws-sdk-servicediscovery/CHANGELOG.md,https://rubygems.org/gems/aws-sdk-servicediscovery,70.4
aws-sdk-pricing,1.95.0,84959296,tool-generated; homepage,3,,https://rubydoc.info/gems/aws-sdk-pricing,,,,,https://github.com/aws/aws-sdk-ruby,,,,https://github.com/aws/aws-sdk-ruby,https://github.com/aws/aws-sdk-ruby/tree/version-3/gems/aws-sdk-pricing/CHANGELOG.md,https://rubygems.org/gems/aws-sdk-pricing,47.4
aws-sdk-resourcegroups,1.100.0,84828844,tool-generated; homepage,3,,https://rubydoc.info/gems/aws-sdk-resourcegroups,,,,,https://github.com/aws/aws-sdk-ruby,,,,https://github.com/aws/aws-sdk-ruby,https://github.com/aws/aws-sdk-ruby/tree/version-3/gems/aws-sdk-resourcegroups/CHANGELOG.md,https://rubygems.org/gems/aws-sdk-resourcegroups,68.6
aws-sdk-workmail,1.101.0,84682777,tool-generated; homepage,3,,https://rubydoc.info/gems/aws-sdk-workmail,,,,,https://github.com/aws/aws-sdk-ruby,,,,https://github.com/aws/aws-sdk-ruby,https://github.com/aws/aws-sdk-ruby/tree/version-3/gems/aws-sdk-workmail/CHANGELOG.md,https://rubygems.org/gems/aws-sdk-workmail,79.3
aws-sdk-mediastore,1.90.0,84434184,tool-generated; homepage,3,,https://rubydoc.info/gems/aws-sdk-mediastore,,,,,https://github.com/aws/aws-sdk-ruby,,,,https://github.com/aws/aws-sdk-ruby,https://github.com/aws/aws-sdk-ruby/tree/version-3/gems/aws-sdk-mediastore/CHANGELOG.md,https://rubygems.org/gems/aws-sdk-mediastore,68.1
aws-sdk-kinesisvideoarchivedmedia,1.92.0,84343778,tool-generated; homepage,3,,https://rubydoc.info/gems/aws-sdk-kinesisvideoarchivedmedia,,,,,https://github.com/aws/aws-sdk-ruby,,,,https://github.com/aws/aws-sdk-ruby,https://github.com/aws/aws-sdk-ruby/tree/version-3/gems/aws-sdk-kinesisvideoarchivedmedia/CHANGELOG.md,https://rubygems.org/gems/aws-sdk-kinesisvideoarchivedmedia,52.6
aws-sdk-serverlessapplicationrepository,1.93.0,84207389,tool-generated; homepage,3,,https://rubydoc.info/gems/aws-sdk-serverlessapplicationrepository,,,,,https://github.com/aws/aws-sdk-ruby,,,,https://github.com/aws/aws-sdk-ruby,https://github.com/aws/aws-sdk-ruby/tree/version-3/gems/aws-sdk-serverlessapplicationrepository/CHANGELOG.md,https://rubygems.org/gems/aws-sdk-serverlessapplicationrepository,67.4
aws-sdk-cloud9,1.105.0,84085278,tool-generated; homepage,3,,https://rubydoc.info/gems/aws-sdk-cloud9,,,,,https://github.com/aws/aws-sdk-ruby,,,,https://github.com/aws/aws-sdk-ruby,https://github.com/aws/aws-sdk-ruby/tree/version-3/gems/aws-sdk-cloud9/CHANGELOG.md,https://rubygems.org/gems/aws-sdk-cloud9,51.4
aws-sdk-acmpca,1.113.0,83487185,tool-generated; homepage,3,,https://rubydoc.info/gems/aws-sdk-acmpca,,,,,https://github.com/aws/aws-sdk-ruby,,,,https://github.com/aws/aws-sdk-ruby,https://github.com/aws/aws-sdk-ruby/tree/version-3/gems/aws-sdk-acmpca/CHANGELOG.md,https://rubygems.org/gems/aws-sdk-acmpca,61.9
aws-sdk-iotjobsdataplane,1.83.0,83376549,tool-generated; homepage,3,,https://rubydoc.info/gems/aws-sdk-iotjobsdataplane,,,,,https://github.com/aws/aws-sdk-ruby,,,,https://github.com/aws/aws-sdk-ruby,https://github.com/aws/aws-sdk-ruby/tree/version-3/gems/aws-sdk-iotjobsdataplane/CHANGELOG.md,https://rubygems.org/gems/aws-sdk-iotjobsdataplane,53.5
aws-sdk-mediastoredata,1.86.0,83375100,tool-generated; homepage,3,,https://rubydoc.info/gems/aws-sdk-mediastoredata,,,,,https://github.com/aws/aws-sdk-ruby,,,,https://github.com/aws/aws-sdk-ruby,https://github.com/aws/aws-sdk-ruby/tree/version-3/gems/aws-sdk-mediastoredata/CHANGELOG.md,https://rubygems.org/gems/aws-sdk-mediastoredata,51.9
aws-sdk-kinesisvideomedia,1.85.0,83363831,tool-generated; homepage,3,,https://rubydoc.info/gems/aws-sdk-kinesisvideomedia,,,,,https://github.com/aws/aws-sdk-ruby,,,,https://github.com/aws/aws-sdk-ruby,https://github.com/aws/aws-sdk-ruby/tree/version-3/gems/aws-sdk-kinesisvideomedia/CHANGELOG.md,https://rubygems.org/gems/aws-sdk-kinesisvideomedia,44.4
aws-sdk-autoscalingplans,1.89.0,82963825,tool-generated; homepage,3,,https://rubydoc.info/gems/aws-sdk-autoscalingplans,,,,,https://github.com/aws/aws-sdk-ruby,,,,https://github.com/aws/aws-sdk-ruby,https://github.com/aws/aws-sdk-ruby/tree/version-3/gems/aws-sdk-autoscalingplans/CHANGELOG.md,https://rubygems.org/gems/aws-sdk-autoscalingplans,53.1
aws-sdk-fms,1.109.0,81995864,tool-generated; homepage,3,,https://rubydoc.info/gems/aws-sdk-fms,,,,,https://github.com/aws/aws-sdk-ruby,,,,https://github.com/aws/aws-sdk-ruby,https://github.com/aws/aws-sdk-ruby/tree/version-3/gems/aws-sdk-fms/CHANGELOG.md,https://rubygems.org/gems/aws-sdk-fms,77.9
spreadsheet,1.3.5,81894895,tool-generated; github wiki; homepage,4,,https://rubydoc.info/gems/spreadsheet,,,,,https://github.com/zdavatz/spreadsheet,,https://github.com/zdavatz/spreadsheet/wiki,,https://github.com/zdavatz/spreadsheet,https://github.com/zdavatz/spreadsheet/blob/master/History.md,https://rubygems.org/gems/spreadsheet,28.9
aws-sdk-neptune,1.108.0,80107269,tool-generated; homepage,3,,https://rubydoc.info/gems/aws-sdk-neptune,,,,,https://github.com/aws/aws-sdk-ruby,,,,https://github.com/aws/aws-sdk-ruby,https://github.com/aws/aws-sdk-ruby/tree/version-3/gems/aws-sdk-neptune/CHANGELOG.md,https://rubygems.org/gems/aws-sdk-neptune,49.1
aws-sdk-lambdapreview,1.50.0,79997063,tool-generated; homepage,3,,https://rubydoc.info/gems/aws-sdk-lambdapreview,,,,,https://github.com/aws/aws-sdk-ruby,,,,https://github.com/aws/aws-sdk-ruby,https://github.com/aws/aws-sdk-ruby/tree/version-3/gems/aws-sdk-lambdapreview/CHANGELOG.md,https://rubygems.org/gems/aws-sdk-lambdapreview,82.8
aws-sdk-codestar,1.59.0,79651056,tool-generated; homepage,3,,https://rubydoc.info/gems/aws-sdk-codestar,,,,,https://github.com/aws/aws-sdk-ruby,,,,https://github.com/aws/aws-sdk-ruby,https://github.com/aws/aws-sdk-ruby/tree/version-3/gems/aws-sdk-codestar/CHANGELOG.md,https://rubygems.org/gems/aws-sdk-codestar,37.7
aws-sdk-mediatailor,1.127.0,79524789,tool-generated; homepage,3,,https://rubydoc.info/gems/aws-sdk-mediatailor,,,,,https://github.com/aws/aws-sdk-ruby,,,,https://github.com/aws/aws-sdk-ruby,https://github.com/aws/aws-sdk-ruby/tree/version-3/gems/aws-sdk-mediatailor/CHANGELOG.md,https://rubygems.org/gems/aws-sdk-mediatailor,84.4
aws-sdk-iotanalytics,1.93.0,78870849,tool-generated; homepage,3,,https://rubydoc.info/gems/aws-sdk-iotanalytics,,,,,https://github.com/aws/aws-sdk-ruby,,,,https://github.com/aws/aws-sdk-ruby,https://github.com/aws/aws-sdk-ruby/tree/version-3/gems/aws-sdk-iotanalytics/CHANGELOG.md,https://rubygems.org/gems/aws-sdk-iotanalytics,75.0
aws-sdk-pi,1.98.0,78856825,tool-generated; homepage,3,,https://rubydoc.info/gems/aws-sdk-pi,,,,,https://github.com/aws/aws-sdk-ruby,,,,https://github.com/aws/aws-sdk-ruby,https://github.com/aws/aws-sdk-ruby/tree/version-3/gems/aws-sdk-pi/CHANGELOG.md,https://rubygems.org/gems/aws-sdk-pi,64.7
aws-sdk-alexaforbusiness,1.71.0,78820288,tool-generated; homepage,3,,https://rubydoc.info/gems/aws-sdk-alexaforbusiness,,,,,https://github.com/aws/aws-sdk-ruby,,,,https://github.com/aws/aws-sdk-ruby,https://github.com/aws/aws-sdk-ruby/tree/version-3/gems/aws-sdk-alexaforbusiness/CHANGELOG.md,https://rubygems.org/gems/aws-sdk-alexaforbusiness,49.8
socksify,1.8.1,78804071,tool-generated; docs folder; github wiki; homepage,3,,https://rubydoc.info/gems/socksify,,Yes,doc/index.css; doc/index.html,,https://github.com/astro/socksify-ruby,,https://github.com/astro/socksify-ruby/wiki,,https://github.com/astro/socksify-ruby,,https://rubygems.org/gems/socksify,4.2
aws-sdk-dlm,1.105.0,78740078,tool-generated; homepage,3,,https://rubydoc.info/gems/aws-sdk-dlm,,,,,https://github.com/aws/aws-sdk-ruby,,,,https://github.com/aws/aws-sdk-ruby,https://github.com/aws/aws-sdk-ruby/tree/version-3/gems/aws-sdk-dlm/CHANGELOG.md,https://rubygems.org/gems/aws-sdk-dlm,66.7
aws-sdk-mobile,1.55.0,78584515,tool-generated; homepage,3,,https://rubydoc.info/gems/aws-sdk-mobile,,,,,https://github.com/aws/aws-sdk-ruby,,,,https://github.com/aws/aws-sdk-ruby,https://github.com/aws/aws-sdk-ruby/tree/version-3/gems/aws-sdk-mobile/CHANGELOG.md,https://rubygems.org/gems/aws-sdk-mobile,51.0
aws-sdk-kafka,1.119.0,77249376,tool-generated; homepage,3,,https://rubydoc.info/gems/aws-sdk-kafka,,,,,https://github.com/aws/aws-sdk-ruby,,,,https://github.com/aws/aws-sdk-ruby,https://github.com/aws/aws-sdk-ruby/tree/version-3/gems/aws-sdk-kafka/CHANGELOG.md,https://rubygems.org/gems/aws-sdk-kafka,79.8
aws-sdk-s3control,1.134.0,77189232,tool-generated; homepage,3,,https://rubydoc.info/gems/aws-sdk-s3control,,,,,https://github.com/aws/aws-sdk-ruby,,,,https://github.com/aws/aws-sdk-ruby,https://github.com/aws/aws-sdk-ruby/tree/version-3/gems/aws-sdk-s3control/CHANGELOG.md,https://rubygems.org/gems/aws-sdk-s3control,47.2
aws-sdk-transfer,1.143.0,77123508,tool-generated; homepage,3,,https://rubydoc.info/gems/aws-sdk-transfer,,,,,https://github.com/aws/aws-sdk-ruby,,,,https://github.com/aws/aws-sdk-ruby,https://github.com/aws/aws-sdk-ruby/tree/version-3/gems/aws-sdk-transfer/CHANGELOG.md,https://rubygems.org/gems/aws-sdk-transfer,81.6
aws-sigv2,1.3.1,77116753,tool-generated; homepage,3,,https://rubydoc.info/gems/aws-sigv2,,,,,https://github.com/aws/aws-sdk-ruby,,,,https://github.com/aws/aws-sdk-ruby,https://github.com/aws/aws-sdk-ruby/tree/version-3/gems/aws-sigv2/CHANGELOG.md,https://rubygems.org/gems/aws-sigv2,57.1
aws-sdk-quicksight,1.196.0,76626835,tool-generated; homepage,3,,https://rubydoc.info/gems/aws-sdk-quicksight,,,,,https://github.com/aws/aws-sdk-ruby,,,,https://github.com/aws/aws-sdk-ruby,https://github.com/aws/aws-sdk-ruby/tree/version-3/gems/aws-sdk-quicksight/CHANGELOG.md,https://rubygems.org/gems/aws-sdk-quicksight,91.7
aws-sdk-securityhub,1.163.0,75841178,tool-generated; homepage,3,,https://rubydoc.info/gems/aws-sdk-securityhub,,,,,https://github.com/aws/aws-sdk-ruby,,,,https://github.com/aws/aws-sdk-ruby,https://github.com/aws/aws-sdk-ruby/tree/version-3/gems/aws-sdk-securityhub/CHANGELOG.md,https://rubygems.org/gems/aws-sdk-securityhub,86.4
aws-sdk-signer,1.87.0,75038934,tool-generated; homepage,3,,https://rubydoc.info/gems/aws-sdk-signer,,,,,https://github.com/aws/aws-sdk-ruby,,,,https://github.com/aws/aws-sdk-ruby,https://github.com/aws/aws-sdk-ruby/tree/version-3/gems/aws-sdk-signer/CHANGELOG.md,https://rubygems.org/gems/aws-sdk-signer,69.1
aws-sdk-route53resolver,1.102.0,74627850,tool-generated; homepage,3,,https://rubydoc.info/gems/aws-sdk-route53resolver,,,,,https://github.com/aws/aws-sdk-ruby,,,,https://github.com/aws/aws-sdk-ruby,https://github.com/aws/aws-sdk-ruby/tree/version-3/gems/aws-sdk-route53resolver/CHANGELOG.md,https://rubygems.org/gems/aws-sdk-route53resolver,79.4
mixlib-cli,2.1.8,74320309,tool-generated; github wiki; homepage,3,,https://www.rubydoc.info/gems/mixlib-cli/2.1.8,,,,,https://github.com/chef/mixlib-cli,,https://github.com/chef/mixlib-cli/wiki,,https://github.com/chef/mixlib-cli,,https://rubygems.org/gems/mixlib-cli,64.7
aws-sdk-ram,1.91.0,74220153,tool-generated; homepage,3,,https://rubydoc.info/gems/aws-sdk-ram,,,,,https://github.com/aws/aws-sdk-ruby,,,,https://github.com/aws/aws-sdk-ruby,https://github.com/aws/aws-sdk-ruby/tree/version-3/gems/aws-sdk-ram/CHANGELOG.md,https://rubygems.org/gems/aws-sdk-ram,64.8
aws-sdk-chime,1.120.0,73965509,tool-generated; homepage,3,,https://rubydoc.info/gems/aws-sdk-chime,,,,,https://github.com/aws/aws-sdk-ruby,,,,https://github.com/aws/aws-sdk-ruby,https://github.com/aws/aws-sdk-ruby/tree/version-3/gems/aws-sdk-chime/CHANGELOG.md,https://rubygems.org/gems/aws-sdk-chime,81.7
aws-sdk-iot1clickprojects,1.65.0,73040201,tool-generated; homepage,3,,https://rubydoc.info/gems/aws-sdk-iot1clickprojects,,,,,https://github.com/aws/aws-sdk-ruby,,,,https://github.com/aws/aws-sdk-ruby,https://github.com/aws/aws-sdk-ruby/tree/version-3/gems/aws-sdk-iot1clickprojects/CHANGELOG.md,https://rubygems.org/gems/aws-sdk-iot1clickprojects,68.9
aws-sdk-iot1clickdevicesservice,1.63.0,73030682,tool-generated; homepage,3,,https://rubydoc.info/gems/aws-sdk-iot1clickdevicesservice,,,,,https://github.com/aws/aws-sdk-ruby,,,,https://github.com/aws/aws-sdk-ruby,https://github.com/aws/aws-sdk-ruby/tree/version-3/gems/aws-sdk-iot1clickdevicesservice/CHANGELOG.md,https://rubygems.org/gems/aws-sdk-iot1clickdevicesservice,66.7
aws-sdk-datasync,1.127.0,72754246,tool-generated; homepage,3,,https://rubydoc.info/gems/aws-sdk-datasync,,,,,https://github.com/aws/aws-sdk-ruby,,,,https://github.com/aws/aws-sdk-ruby,https://github.com/aws/aws-sdk-ruby/tree/version-3/gems/aws-sdk-datasync/CHANGELOG.md,https://rubygems.org/gems/aws-sdk-datasync,85.1
aws-sdk-fsx,1.137.0,72581083,tool-generated; homepage,3,,https://rubydoc.info/gems/aws-sdk-fsx,,,,,https://github.com/aws/aws-sdk-ruby,,,,https://github.com/aws/aws-sdk-ruby,https://github.com/aws/aws-sdk-ruby/tree/version-3/gems/aws-sdk-fsx/CHANGELOG.md,https://rubygems.org/gems/aws-sdk-fsx,69.2
aws-sdk-amplify,1.106.0,72556936,tool-generated; homepage,3,,https://rubydoc.info/gems/aws-sdk-amplify,,,,,https://github.com/aws/aws-sdk-ruby,,,,https://github.com/aws/aws-sdk-ruby,https://github.com/aws/aws-sdk-ruby/tree/version-3/gems/aws-sdk-amplify/CHANGELOG.md,https://rubygems.org/gems/aws-sdk-amplify,75.8
aws-sdk-rdsdataservice,1.90.0,72485930,tool-generated; homepage,3,,https://rubydoc.info/gems/aws-sdk-rdsdataservice,,,,,https://github.com/aws/aws-sdk-ruby,,,,https://github.com/aws/aws-sdk-ruby,https://github.com/aws/aws-sdk-ruby/tree/version-3/gems/aws-sdk-rdsdataservice/CHANGELOG.md,https://rubygems.org/gems/aws-sdk-rdsdataservice,50.0
aws-sdk-apigatewayv2,1.96.0,71865018,tool-generated; homepage,3,,https://rubydoc.info/gems/aws-sdk-apigatewayv2,,,,,https://github.com/aws/aws-sdk-ruby,,,,https://github.com/aws/aws-sdk-ruby,https://github.com/aws/aws-sdk-ruby/tree/version-3/gems/aws-sdk-apigatewayv2/CHANGELOG.md,https://rubygems.org/gems/aws-sdk-apigatewayv2,89.1
aws-sdk-appmesh,1.95.0,71129712,tool-generated; homepage,3,,https://rubydoc.info/gems/aws-sdk-appmesh,,,,,https://github.com/aws/aws-sdk-ruby,,,,https://github.com/aws/aws-sdk-ruby,https://github.com/aws/aws-sdk-ruby/tree/version-3/gems/aws-sdk-appmesh/CHANGELOG.md,https://rubygems.org/gems/aws-sdk-appmesh,69.7
aws-sdk-globalaccelerator,1.94.0,71016780,tool-generated; homepage,3,,https://rubydoc.info/gems/aws-sdk-globalaccelerator,,,,,https://github.com/aws/aws-sdk-ruby,,,,https://github.com/aws/aws-sdk-ruby,https://github.com/aws/aws-sdk-ruby/tree/version-3/gems/aws-sdk-globalaccelerator/CHANGELOG.md,https://rubygems.org/gems/aws-sdk-globalaccelerator,73.6
mixlib-config,3.0.27,70681659,tool-generated; github wiki; homepage,3,,https://www.rubydoc.info/gems/mixlib-config/3.0.27,,,,,https://github.com/opscode/mixlib-config,,https://github.com/opscode/mixlib-config/wiki,,https://github.com/chef/mixlib-config,,https://rubygems.org/gems/mixlib-config,56.2
aws-sdk-pinpointemail,1.84.0,70430894,tool-generated; homepage,3,,https://rubydoc.info/gems/aws-sdk-pinpointemail,,,,,https://github.com/aws/aws-sdk-ruby,,,,https://github.com/aws/aws-sdk-ruby,https://github.com/aws/aws-sdk-ruby/tree/version-3/gems/aws-sdk-pinpointemail/CHANGELOG.md,https://rubygems.org/gems/aws-sdk-pinpointemail,71.2
aws-sdk-pinpointsmsvoice,1.80.0,70427192,tool-generated; homepage,3,,https://rubydoc.info/gems/aws-sdk-pinpointsmsvoice,,,,,https://github.com/aws/aws-sdk-ruby,,,,https://github.com/aws/aws-sdk-ruby,https://github.com/aws/aws-sdk-ruby/tree/version-3/gems/aws-sdk-pinpointsmsvoice/CHANGELOG.md,https://rubygems.org/gems/aws-sdk-pinpointsmsvoice,55.9
aws-sdk-licensemanager,1.94.0,70251982,tool-generated; homepage,3,,https://rubydoc.info/gems/aws-sdk-licensemanager,,,,,https://github.com/aws/aws-sdk-ruby,,,,https://github.com/aws/aws-sdk-ruby,https://github.com/aws/aws-sdk-ruby/tree/version-3/gems/aws-sdk-licensemanager/CHANGELOG.md,https://rubygems.org/gems/aws-sdk-licensemanager,76.8
aws-sdk-mediaconnect,1.105.0,70194795,tool-generated; homepage,3,,https://rubydoc.info/gems/aws-sdk-mediaconnect,,,,,https://github.com/aws/aws-sdk-ruby,,,,https://github.com/aws/aws-sdk-ruby,https://github.com/aws/aws-sdk-ruby/tree/version-3/gems/aws-sdk-mediaconnect/CHANGELOG.md,https://rubygems.org/gems/aws-sdk-mediaconnect,74.2
aws-sdk-kinesisanalyticsv2,1.95.0,70165722,tool-generated; homepage,3,,https://rubydoc.info/gems/aws-sdk-kinesisanalyticsv2,,,,,https://github.com/aws/aws-sdk-ruby,,,,https://github.com/aws/aws-sdk-ruby,https://github.com/aws/aws-sdk-ruby/tree/version-3/gems/aws-sdk-kinesisanalyticsv2/CHANGELOG.md,https://rubygems.org/gems/aws-sdk-kinesisanalyticsv2,70.7
aws-sdk-comprehendmedical,1.85.0,70110696,tool-generated; homepage,3,,https://rubydoc.info/gems/aws-sdk-comprehendmedical,,,,,https://github.com/aws/aws-sdk-ruby,,,,https://github.com/aws/aws-sdk-ruby,https://github.com/aws/aws-sdk-ruby/tree/version-3/gems/aws-sdk-comprehendmedical/CHANGELOG.md,https://rubygems.org/gems/aws-sdk-comprehendmedical,69.6
aws-sdk-textract,1.95.0,70051659,tool-generated; homepage,3,,https://rubydoc.info/gems/aws-sdk-textract,,,,,https://github.com/aws/aws-sdk-ruby,,,,https://github.com/aws/aws-sdk-ruby,https://github.com/aws/aws-sdk-ruby/tree/version-3/gems/aws-sdk-textract/CHANGELOG.md,https://rubygems.org/gems/aws-sdk-textract,55.0
acts-as-taggable-on,13.0.0,69952722,tool-generated; github wiki; homepage,4,,https://rubydoc.info/gems/acts-as-taggable-on,,,,,https://github.com/mbleigh/acts-as-taggable-on,,https://github.com/mbleigh/acts-as-taggable-on/wiki,,https://github.com/mbleigh/acts-as-taggable-on,https://github.com/mbleigh/acts-as-taggable-on/blob/master/CHANGELOG.md,https://rubygems.org/gems/acts-as-taggable-on,17.1
aws-sdk-backup,1.117.0,69289020,tool-generated; homepage,3,,https://rubydoc.info/gems/aws-sdk-backup,,,,,https://github.com/aws/aws-sdk-ruby,,,,https://github.com/aws/aws-sdk-ruby,https://github.com/aws/aws-sdk-ruby/tree/version-3/gems/aws-sdk-backup/CHANGELOG.md,https://rubygems.org/gems/aws-sdk-backup,89.5
aws-sdk-docdb,1.107.0,69025645,tool-generated; homepage,3,,https://rubydoc.info/gems/aws-sdk-docdb,,,,,https://github.com/aws/aws-sdk-ruby,,,,https://github.com/aws/aws-sdk-ruby,https://github.com/aws/aws-sdk-ruby/tree/version-3/gems/aws-sdk-docdb/CHANGELOG.md,https://rubygems.org/gems/aws-sdk-docdb,47.1
aws-sdk-robomaker,1.92.0,68714453,tool-generated; homepage,3,,https://rubydoc.info/gems/aws-sdk-robomaker,,,,,https://github.com/aws/aws-sdk-ruby,,,,https://github.com/aws/aws-sdk-ruby,https://github.com/aws/aws-sdk-ruby/tree/version-3/gems/aws-sdk-robomaker/CHANGELOG.md,https://rubygems.org/gems/aws-sdk-robomaker,79.8
aws-sdk-apigatewaymanagementapi,1.77.0,67912594,tool-generated; homepage,3,,https://rubydoc.info/gems/aws-sdk-apigatewaymanagementapi,,,,,https://github.com/aws/aws-sdk-ruby,,,,https://github.com/aws/aws-sdk-ruby,https://github.com/aws/aws-sdk-ruby/tree/version-3/gems/aws-sdk-apigatewaymanagementapi/CHANGELOG.md,https://rubygems.org/gems/aws-sdk-apigatewaymanagementapi,40.9
charlock_holmes,0.7.9,66126588,tool-generated; github wiki; homepage,3,,https://www.rubydoc.info/gems/charlock_holmes/0.7.9,,,,,https://github.com/brianmario/charlock_holmes,,https://github.com/brianmario/charlock_holmes/wiki,,https://github.com/brianmario/charlock_holmes,,https://rubygems.org/gems/charlock_holmes,36.4
mixlib-log,3.2.3,66114446,tool-generated; github wiki; homepage,3,,https://www.rubydoc.info/gems/mixlib-log/3.2.3,,,,,https://github.com/chef/mixlib-log,,https://github.com/chef/mixlib-log/wiki,,https://github.com/chef/mixlib-log,,https://rubygems.org/gems/mixlib-log,30.6
aws-sdk-sesv2,1.107.0,66029219,tool-generated; homepage,3,,https://rubydoc.info/gems/aws-sdk-sesv2,,,,,https://github.com/aws/aws-sdk-ruby,,,,https://github.com/aws/aws-sdk-ruby,https://github.com/aws/aws-sdk-ruby/tree/version-3/gems/aws-sdk-sesv2/CHANGELOG.md,https://rubygems.org/gems/aws-sdk-sesv2,83.4
aws-sdk-macie,1.48.0,66006990,tool-generated; homepage,3,,https://rubydoc.info/gems/aws-sdk-macie,,,,,https://github.com/aws/aws-sdk-ruby,,,,https://github.com/aws/aws-sdk-ruby,https://github.com/aws/aws-sdk-ruby/tree/version-3/gems/aws-sdk-macie/CHANGELOG.md,https://rubygems.org/gems/aws-sdk-macie,55.0
aws-sdk-eventbridge,1.102.0,65224671,tool-generated; homepage,3,,https://rubydoc.info/gems/aws-sdk-eventbridge,,,,,https://github.com/aws/aws-sdk-ruby,,,,https://github.com/aws/aws-sdk-ruby,https://github.com/aws/aws-sdk-ruby/tree/version-3/gems/aws-sdk-eventbridge/CHANGELOG.md,https://rubygems.org/gems/aws-sdk-eventbridge,72.9
aws-sdk-transcribestreamingservice,1.105.0,64377207,tool-generated; homepage,3,,https://rubydoc.info/gems/aws-sdk-transcribestreamingservice,,,,,https://github.com/aws/aws-sdk-ruby,,,,https://github.com/aws/aws-sdk-ruby,https://github.com/aws/aws-sdk-ruby/tree/version-3/gems/aws-sdk-transcribestreamingservice/CHANGELOG.md,https://rubygems.org/gems/aws-sdk-transcribestreamingservice,24.7
graphiql-rails,1.10.5,63029674,tool-generated; github wiki; homepage,3,,https://www.rubydoc.info/gems/graphiql-rails/1.10.5,,,,,https://github.com/rmosolgo/graphiql-rails,,https://github.com/rmosolgo/graphiql-rails/wiki,,http://github.com/rmosolgo/graphiql-rails,,https://rubygems.org/gems/graphiql-rails,25.0
aws-sdk-personalize,1.101.0,62519902,tool-generated; homepage,3,,https://rubydoc.info/gems/aws-sdk-personalize,,,,,https://github.com/aws/aws-sdk-ruby,,,,https://github.com/aws/aws-sdk-ruby,https://github.com/aws/aws-sdk-ruby/tree/version-3/gems/aws-sdk-personalize/CHANGELOG.md,https://rubygems.org/gems/aws-sdk-personalize,83.2
aws-sdk-mediapackagevod,1.88.0,61968789,tool-generated; homepage,3,,https://rubydoc.info/gems/aws-sdk-mediapackagevod,,,,,https://github.com/aws/aws-sdk-ruby,,,,https://github.com/aws/aws-sdk-ruby,https://github.com/aws/aws-sdk-ruby/tree/version-3/gems/aws-sdk-mediapackagevod/CHANGELOG.md,https://rubygems.org/gems/aws-sdk-mediapackagevod,65.1
aws-sdk-managedblockchain,1.88.0,61859505,tool-generated; homepage,3,,https://rubydoc.info/gems/aws-sdk-managedblockchain,,,,,https://github.com/aws/aws-sdk-ruby,,,,https://github.com/aws/aws-sdk-ruby,https://github.com/aws/aws-sdk-ruby/tree/version-3/gems/aws-sdk-managedblockchain/CHANGELOG.md,https://rubygems.org/gems/aws-sdk-managedblockchain,68.9
aws-sdk-personalizeruntime,1.86.0,61508681,tool-generated; homepage,3,,https://rubydoc.info/gems/aws-sdk-personalizeruntime,,,,,https://github.com/aws/aws-sdk-ruby,,,,https://github.com/aws/aws-sdk-ruby,https://github.com/aws/aws-sdk-ruby/tree/version-3/gems/aws-sdk-personalizeruntime/CHANGELOG.md,https://rubygems.org/gems/aws-sdk-personalizeruntime,47.6
aws-sdk-ioteventsdata,1.77.0,60624512,tool-generated; homepage,3,,https://rubydoc.info/gems/aws-sdk-ioteventsdata,,,,,https://github.com/aws/aws-sdk-ruby,,,,https://github.com/aws/aws-sdk-ruby,https://github.com/aws/aws-sdk-ruby/tree/version-3/gems/aws-sdk-ioteventsdata/CHANGELOG.md,https://rubygems.org/gems/aws-sdk-ioteventsdata,61.1
aws-sdk-iotevents,1.84.0,60520761,tool-generated; homepage,3,,https://rubydoc.info/gems/aws-sdk-iotevents,,,,,https://github.com/aws/aws-sdk-ruby,,,,https://github.com/aws/aws-sdk-ruby,https://github.com/aws/aws-sdk-ruby/tree/version-3/gems/aws-sdk-iotevents/CHANGELOG.md,https://rubygems.org/gems/aws-sdk-iotevents,70.0
aws-sdk-groundstation,1.88.0,60377942,tool-generated; homepage,3,,https://rubydoc.info/gems/aws-sdk-groundstation,,,,,https://github.com/aws/aws-sdk-ruby,,,,https://github.com/aws/aws-sdk-ruby,https://github.com/aws/aws-sdk-ruby/tree/version-3/gems/aws-sdk-groundstation/CHANGELOG.md,https://rubygems.org/gems/aws-sdk-groundstation,76.6
aws-sdk-iotthingsgraph,1.73.0,60237680,tool-generated; homepage,3,,https://rubydoc.info/gems/aws-sdk-iotthingsgraph,,,,,https://github.com/aws/aws-sdk-ruby,,,,https://github.com/aws/aws-sdk-ruby,https://github.com/aws/aws-sdk-ruby/tree/version-3/gems/aws-sdk-iotthingsgraph/CHANGELOG.md,https://rubygems.org/gems/aws-sdk-iotthingsgraph,74.6
aws-sdk-worklink,1.55.0,59923660,tool-generated; homepage,3,,https://rubydoc.info/gems/aws-sdk-worklink,,,,,https://github.com/aws/aws-sdk-ruby,,,,https://github.com/aws/aws-sdk-ruby,https://github.com/aws/aws-sdk-ruby/tree/version-3/gems/aws-sdk-worklink/CHANGELOG.md,https://rubygems.org/gems/aws-sdk-worklink,48.4
aws-sdk-ec2instanceconnect,1.74.0,59866001,tool-generated; homepage,3,,https://rubydoc.info/gems/aws-sdk-ec2instanceconnect,,,,,https://github.com/aws/aws-sdk-ruby,,,,https://github.com/aws/aws-sdk-ruby,https://github.com/aws/aws-sdk-ruby/tree/version-3/gems/aws-sdk-ec2instanceconnect/CHANGELOG.md,https://rubygems.org/gems/aws-sdk-ec2instanceconnect,47.5
aws-sdk-personalizeevents,1.79.0,59827895,tool-generated; homepage,3,,https://rubydoc.info/gems/aws-sdk-personalizeevents,,,,,https://github.com/aws/aws-sdk-ruby,,,,https://github.com/aws/aws-sdk-ruby,https://github.com/aws/aws-sdk-ruby/tree/version-3/gems/aws-sdk-personalizeevents/CHANGELOG.md,https://rubygems.org/gems/aws-sdk-personalizeevents,52.0
aws-sdk-applicationinsights,1.83.0,59763543,tool-generated; homepage,3,,https://rubydoc.info/gems/aws-sdk-applicationinsights,,,,,https://github.com/aws/aws-sdk-ruby,,,,https://github.com/aws/aws-sdk-ruby,https://github.com/aws/aws-sdk-ruby/tree/version-3/gems/aws-sdk-applicationinsights/CHANGELOG.md,https://rubygems.org/gems/aws-sdk-applicationinsights,73.4
aws-sdk-forecastservice,1.89.0,58952791,tool-generated; homepage,3,,https://rubydoc.info/gems/aws-sdk-forecastservice,,,,,https://github.com/aws/aws-sdk-ruby,,,,https://github.com/aws/aws-sdk-ruby,https://github.com/aws/aws-sdk-ruby/tree/version-3/gems/aws-sdk-forecastservice/CHANGELOG.md,https://rubygems.org/gems/aws-sdk-forecastservice,83.1
murmurhash3,0.1.7,58873013,tool-generated; github wiki; homepage,3,,https://www.rubydoc.info/gems/murmurhash3/0.1.7,,,,,https://github.com/funny-falcon/murmurhash3-ruby,,https://github.com/funny-falcon/murmurhash3-ruby/wiki,,https://github.com/funny-falcon/murmurhash3-ruby,,https://rubygems.org/gems/murmurhash3,0.0
aws-sdk-servicequotas,1.76.0,58117862,tool-generated; homepage,3,,https://rubydoc.info/gems/aws-sdk-servicequotas,,,,,https://github.com/aws/aws-sdk-ruby,,,,https://github.com/aws/aws-sdk-ruby,https://github.com/aws/aws-sdk-ruby/tree/version-3/gems/aws-sdk-servicequotas/CHANGELOG.md,https://rubygems.org/gems/aws-sdk-servicequotas,64.9
aws-sdk-lakeformation,1.93.0,57907747,tool-generated; homepage,3,,https://rubydoc.info/gems/aws-sdk-lakeformation,,,,,https://github.com/aws/aws-sdk-ruby,,,,https://github.com/aws/aws-sdk-ruby,https://github.com/aws/aws-sdk-ruby/tree/version-3/gems/aws-sdk-lakeformation/CHANGELOG.md,https://rubygems.org/gems/aws-sdk-lakeformation,73.9
licensee,10.1.0,57727936,tool-generated; github wiki; homepage,3,,https://www.rubydoc.info/gems/licensee/10.1.0,,,,,https://github.com/licensee/licensee,,https://github.com/licensee/licensee/wiki,,https://github.com/licensee/licensee,,https://rubygems.org/gems/licensee,22.3
gpgme,2.0.26,57229271,tool-generated; github wiki; homepage,3,,https://www.rubydoc.info/gems/gpgme/2.0.26,,,,,https://github.com/ueno/ruby-gpgme,,https://github.com/ueno/ruby-gpgme/wiki,,http://github.com/ueno/ruby-gpgme,,https://rubygems.org/gems/gpgme,58.6
aws-sdk-forecastqueryservice,1.71.0,56854894,tool-generated; homepage,3,,https://rubydoc.info/gems/aws-sdk-forecastqueryservice,,,,,https://github.com/aws/aws-sdk-ruby,,,,https://github.com/aws/aws-sdk-ruby,https://github.com/aws/aws-sdk-ruby/tree/version-3/gems/aws-sdk-forecastqueryservice/CHANGELOG.md,https://rubygems.org/gems/aws-sdk-forecastqueryservice,46.2
aws-sdk-appconfig,1.85.0,56851101,tool-generated; homepage,3,,https://rubydoc.info/gems/aws-sdk-appconfig,,,,,https://github.com/aws/aws-sdk-ruby,,,,https://github.com/aws/aws-sdk-ruby,https://github.com/aws/aws-sdk-ruby/tree/version-3/gems/aws-sdk-appconfig/CHANGELOG.md,https://rubygems.org/gems/aws-sdk-appconfig,81.1
aws-sdk-wafv2,1.137.0,56035518,tool-generated; homepage,3,,https://rubydoc.info/gems/aws-sdk-wafv2,,,,,https://github.com/aws/aws-sdk-ruby,,,,https://github.com/aws/aws-sdk-ruby,https://github.com/aws/aws-sdk-ruby/tree/version-3/gems/aws-sdk-wafv2/CHANGELOG.md,https://rubygems.org/gems/aws-sdk-wafv2,75.4
prawn-table,0.2.2,55340105,tool-generated; docs folder; github wiki; homepage,3,,https://www.rubydoc.info/gems/prawn-table/0.2.2,,Yes,manual/contents.rb; manual/example_helper.rb; manual/table/basic_block.rb; manual/table/before_rendering_page.rb; manual/table/cell_border_lines.rb; manual/table/cell_borders_and_bg.rb; manual/table/cell_dimensions.rb; manual/table/cell_text.rb; manual/table/column_widths.rb; manual/table/content_and_subtables.rb; manual/table/creation.rb; manual/table/filtering.rb; manual/table/flow_and_header.rb,,https://github.com/prawnpdf/prawn-table,,https://github.com/prawnpdf/prawn-table/wiki,,https://github.com/prawnpdf/prawn-table,,https://rubygems.org/gems/prawn-table,61.8
aws-sdk-workmailmessageflow,1.69.0,55300688,tool-generated; homepage,3,,https://rubydoc.info/gems/aws-sdk-workmailmessageflow,,,,,https://github.com/aws/aws-sdk-ruby,,,,https://github.com/aws/aws-sdk-ruby,https://github.com/aws/aws-sdk-ruby/tree/version-3/gems/aws-sdk-workmailmessageflow/CHANGELOG.md,https://rubygems.org/gems/aws-sdk-workmailmessageflow,45.8
aws-sdk-networkmanager,1.82.0,55202119,tool-generated; homepage,3,,https://rubydoc.info/gems/aws-sdk-networkmanager,,,,,https://github.com/aws/aws-sdk-ruby,,,,https://github.com/aws/aws-sdk-ruby,https://github.com/aws/aws-sdk-ruby/tree/version-3/gems/aws-sdk-networkmanager/CHANGELOG.md,https://rubygems.org/gems/aws-sdk-networkmanager,87.8
aws-sdk-kendra,1.117.0,54968962,tool-generated; homepage,3,,https://rubydoc.info/gems/aws-sdk-kendra,,,,,https://github.com/aws/aws-sdk-ruby,,,,https://github.com/aws/aws-sdk-ruby,https://github.com/aws/aws-sdk-ruby/tree/version-3/gems/aws-sdk-kendra/CHANGELOG.md,https://rubygems.org/gems/aws-sdk-kendra,80.0
aws-sdk-accessanalyzer,1.94.0,54660041,tool-generated; homepage,3,,https://rubydoc.info/gems/aws-sdk-accessanalyzer,,,,,https://github.com/aws/aws-sdk-ruby,,,,https://github.com/aws/aws-sdk-ruby,https://github.com/aws/aws-sdk-ruby/tree/version-3/gems/aws-sdk-accessanalyzer/CHANGELOG.md,https://rubygems.org/gems/aws-sdk-accessanalyzer,74.1
libyajl2,2.1.0,54577199,tool-generated; homepage,2,,https://www.rubydoc.info/gems/libyajl2/2.1.0,,,,,https://github.com/chef/libyajl2-gem,,,,https://github.com/chef/libyajl2-gem,,https://rubygems.org/gems/libyajl2,0.0
babel-source,5.8.35,54543826,tool-generated; homepage,2,,https://www.rubydoc.info/gems/babel-source/5.8.35,,,,,https://github.com/babel/ruby-babel-transpiler,,,,https://github.com/babel/ruby-babel-transpiler,,https://rubygems.org/gems/babel-source,
aws-sdk-qldbsession,1.62.0,54457069,tool-generated; homepage,3,,https://rubydoc.info/gems/aws-sdk-qldbsession,,,,,https://github.com/aws/aws-sdk-ruby,,,,https://github.com/aws/aws-sdk-ruby,https://github.com/aws/aws-sdk-ruby/tree/version-3/gems/aws-sdk-qldbsession/CHANGELOG.md,https://rubygems.org/gems/aws-sdk-qldbsession,48.3
aws-sdk-marketplacecatalog,1.84.0,54367895,tool-generated; homepage,3,,https://rubydoc.info/gems/aws-sdk-marketplacecatalog,,,,,https://github.com/aws/aws-sdk-ruby,,,,https://github.com/aws/aws-sdk-ruby,https://github.com/aws/aws-sdk-ruby/tree/version-3/gems/aws-sdk-marketplacecatalog/CHANGELOG.md,https://rubygems.org/gems/aws-sdk-marketplacecatalog,63.0
aws-sdk-qldb,1.67.0,54297755,tool-generated; homepage,3,,https://rubydoc.info/gems/aws-sdk-qldb,,,,,https://github.com/aws/aws-sdk-ruby,,,,https://github.com/aws/aws-sdk-ruby,https://github.com/aws/aws-sdk-ruby/tree/version-3/gems/aws-sdk-qldb/CHANGELOG.md,https://rubygems.org/gems/aws-sdk-qldb,73.2
aws-sdk-frauddetector,1.88.0,54202334,tool-generated; homepage,3,,https://rubydoc.info/gems/aws-sdk-frauddetector,,,,,https://github.com/aws/aws-sdk-ruby,,,,https://github.com/aws/aws-sdk-ruby,https://github.com/aws/aws-sdk-ruby/tree/version-3/gems/aws-sdk-frauddetector/CHANGELOG.md,https://rubygems.org/gems/aws-sdk-frauddetector,84.2
aws-sdk-codestarnotifications,1.69.0,53904432,tool-generated; homepage,3,,https://rubydoc.info/gems/aws-sdk-codestarnotifications,,,,,https://github.com/aws/aws-sdk-ruby,,,,https://github.com/aws/aws-sdk-ruby,https://github.com/aws/aws-sdk-ruby/tree/version-3/gems/aws-sdk-codestarnotifications/CHANGELOG.md,https://rubygems.org/gems/aws-sdk-codestarnotifications,60.5
wmi-lite,1.0.7,53811100,tool-generated; homepage,2,,https://www.rubydoc.info/gems/wmi-lite/1.0.7,,,,,https://github.com/chef/wmi-lite,,,,https://github.com/chef/wmi-lite,,https://rubygems.org/gems/wmi-lite,0.0
aws-sdk-outposts,1.109.0,53756842,tool-generated; homepage,3,,https://rubydoc.info/gems/aws-sdk-outposts,,,,,https://github.com/aws/aws-sdk-ruby,,,,https://github.com/aws/aws-sdk-ruby,https://github.com/aws/aws-sdk-ruby/tree/version-3/gems/aws-sdk-outposts/CHANGELOG.md,https://rubygems.org/gems/aws-sdk-outposts,79.5
aws-sdk-savingsplans,1.80.0,53633647,tool-generated; homepage,3,,https://rubydoc.info/gems/aws-sdk-savingsplans,,,,,https://github.com/aws/aws-sdk-ruby,,,,https://github.com/aws/aws-sdk-ruby,https://github.com/aws/aws-sdk-ruby/tree/version-3/gems/aws-sdk-savingsplans/CHANGELOG.md,https://rubygems.org/gems/aws-sdk-savingsplans,59.4
babel-transpiler,0.7.0,53483099,tool-generated; homepage,2,,https://www.rubydoc.info/gems/babel-transpiler/0.7.0,,,,,https://github.com/babel/ruby-babel-transpiler,,,,https://github.com/babel/ruby-babel-transpiler,,https://rubygems.org/gems/babel-transpiler,0.0
aws-sdk-dataexchange,1.87.0,53200820,tool-generated; homepage,3,,https://rubydoc.info/gems/aws-sdk-dataexchange,,,,,https://github.com/aws/aws-sdk-ruby,,,,https://github.com/aws/aws-sdk-ruby,https://github.com/aws/aws-sdk-ruby/tree/version-3/gems/aws-sdk-dataexchange/CHANGELOG.md,https://rubygems.org/gems/aws-sdk-dataexchange,77.8
aws-sdk-detective,1.85.0,53028459,tool-generated; homepage,3,,https://rubydoc.info/gems/aws-sdk-detective,,,,,https://github.com/aws/aws-sdk-ruby,,,,https://github.com/aws/aws-sdk-ruby,https://github.com/aws/aws-sdk-ruby/tree/version-3/gems/aws-sdk-detective/CHANGELOG.md,https://rubygems.org/gems/aws-sdk-detective,75.0
aws-sdk-computeoptimizer,1.100.0,53024597,tool-generated; homepage,3,,https://rubydoc.info/gems/aws-sdk-computeoptimizer,,,,,https://github.com/aws/aws-sdk-ruby,,,,https://github.com/aws/aws-sdk-ruby,https://github.com/aws/aws-sdk-ruby/tree/version-3/gems/aws-sdk-computeoptimizer/CHANGELOG.md,https://rubygems.org/gems/aws-sdk-computeoptimizer,70.0
aws-sdk-imagebuilder,1.109.0,52902117,tool-generated; homepage,3,,https://rubydoc.info/gems/aws-sdk-imagebuilder,,,,,https://github.com/aws/aws-sdk-ruby,,,,https://github.com/aws/aws-sdk-ruby,https://github.com/aws/aws-sdk-ruby/tree/version-3/gems/aws-sdk-imagebuilder/CHANGELOG.md,https://rubygems.org/gems/aws-sdk-imagebuilder,77.9
fuzzyurl,0.9.0,52876223,tool-generated; github wiki; homepage,3,,https://www.rubydoc.info/gems/fuzzyurl/0.9.0,,,,,https://github.com/gamache/fuzzyurl.rb,,https://github.com/gamache/fuzzyurl.rb/wiki,,https://github.com/gamache/fuzzyurl.rb,,https://rubygems.org/gems/fuzzyurl,73.9
aws-sdk-codegurureviewer,1.82.0,52831654,tool-generated; homepage,3,,https://rubydoc.info/gems/aws-sdk-codegurureviewer,,,,,https://github.com/aws/aws-sdk-ruby,,,,https://github.com/aws/aws-sdk-ruby,https://github.com/aws/aws-sdk-ruby/tree/version-3/gems/aws-sdk-codegurureviewer/CHANGELOG.md,https://rubygems.org/gems/aws-sdk-codegurureviewer,61.2
aws-sdk-augmentedairuntime,1.71.0,52771390,tool-generated; homepage,3,,https://rubydoc.info/gems/aws-sdk-augmentedairuntime,,,,,https://github.com/aws/aws-sdk-ruby,,,,https://github.com/aws/aws-sdk-ruby,https://github.com/aws/aws-sdk-ruby/tree/version-3/gems/aws-sdk-augmentedairuntime/CHANGELOG.md,https://rubygems.org/gems/aws-sdk-augmentedairuntime,51.6
aws-sdk-connectparticipant,1.82.0,52475675,tool-generated; homepage,3,,https://rubydoc.info/gems/aws-sdk-connectparticipant,,,,,https://github.com/aws/aws-sdk-ruby,,,,https://github.com/aws/aws-sdk-ruby,https://github.com/aws/aws-sdk-ruby/tree/version-3/gems/aws-sdk-connectparticipant/CHANGELOG.md,https://rubygems.org/gems/aws-sdk-connectparticipant,61.0
aws-sdk-iotsecuretunneling,1.70.0,52107065,tool-generated; homepage,3,,https://rubydoc.info/gems/aws-sdk-iotsecuretunneling,,,,,https://github.com/aws/aws-sdk-ruby,,,,https://github.com/aws/aws-sdk-ruby,https://github.com/aws/aws-sdk-ruby/tree/version-3/gems/aws-sdk-iotsecuretunneling/CHANGELOG.md,https://rubygems.org/gems/aws-sdk-iotsecuretunneling,57.7
aws-sdk-migrationhubconfig,1.68.0,52087300,tool-generated; homepage,3,,https://rubydoc.info/gems/aws-sdk-migrationhubconfig,,,,,https://github.com/aws/aws-sdk-ruby,,,,https://github.com/aws/aws-sdk-ruby,https://github.com/aws/aws-sdk-ruby/tree/version-3/gems/aws-sdk-migrationhubconfig/CHANGELOG.md,https://rubygems.org/gems/aws-sdk-migrationhubconfig,51.6
aws-sdk-ebs,1.76.0,52040105,tool-generated; homepage,3,,https://rubydoc.info/gems/aws-sdk-ebs,,,,,https://github.com/aws/aws-sdk-ruby,,,,https://github.com/aws/aws-sdk-ruby,https://github.com/aws/aws-sdk-ruby/tree/version-3/gems/aws-sdk-ebs/CHANGELOG.md,https://rubygems.org/gems/aws-sdk-ebs,58.5
aws-sdk-codeguruprofiler,1.71.0,52013781,tool-generated; homepage,3,,https://rubydoc.info/gems/aws-sdk-codeguruprofiler,,,,,https://github.com/aws/aws-sdk-ruby,,,,https://github.com/aws/aws-sdk-ruby,https://github.com/aws/aws-sdk-ruby/tree/version-3/gems/aws-sdk-codeguruprofiler/CHANGELOG.md,https://rubygems.org/gems/aws-sdk-codeguruprofiler,65.4
aws-sdk-schemas,1.70.0,51902584,tool-generated; homepage,3,,https://rubydoc.info/gems/aws-sdk-schemas,,,,,https://github.com/aws/aws-sdk-ruby,,,,https://github.com/aws/aws-sdk-ruby,https://github.com/aws/aws-sdk-ruby/tree/version-3/gems/aws-sdk-schemas/CHANGELOG.md,https://rubygems.org/gems/aws-sdk-schemas,73.8
aws-sdk-kinesisvideosignalingchannels,1.67.0,51647551,tool-generated; homepage,3,,https://rubydoc.info/gems/aws-sdk-kinesisvideosignalingchannels,,,,,https://github.com/aws/aws-sdk-ruby,,,,https://github.com/aws/aws-sdk-ruby,https://github.com/aws/aws-sdk-ruby/tree/version-3/gems/aws-sdk-kinesisvideosignalingchannels/CHANGELOG.md,https://rubygems.org/gems/aws-sdk-kinesisvideosignalingchannels,46.4
aws-sdk-codestarconnections,1.77.0,51492725,tool-generated; homepage,3,,https://rubydoc.info/gems/aws-sdk-codestarconnections,,,,,https://github.com/aws/aws-sdk-ruby,,,,https://github.com/aws/aws-sdk-ruby,https://github.com/aws/aws-sdk-ruby/tree/version-3/gems/aws-sdk-codestarconnections/CHANGELOG.md,https://rubygems.org/gems/aws-sdk-codestarconnections,65.3
rswag-ui,2.17.0,50933170,tool-generated; github wiki; homepage,3,,https://www.rubydoc.info/gems/rswag-ui/2.17.0,,,,,https://github.com/rswag/rswag,,https://github.com/rswag/rswag/wiki,,https://github.com/rswag/rswag,,https://rubygems.org/gems/rswag-ui,4.8
fpm,1.18.0,50784368,tool-generated; github wiki; homepage,3,,https://www.rubydoc.info/gems/fpm/1.18.0,,,,,https://github.com/jordansissel/fpm,,https://github.com/jordansissel/fpm/wiki,,https://github.com/jordansissel/fpm,,https://rubygems.org/gems/fpm,35.7
haml_lint,0.78.0,50457175,tool-generated; github wiki; homepage,4,,https://rubydoc.info/gems/haml_lint,,,,,https://github.com/sds/haml-lint,,https://github.com/sds/haml-lint/wiki,,https://github.com/sds/haml-lint,https://github.com/sds/haml-lint/blob/main/CHANGELOG.md,https://rubygems.org/gems/haml_lint,57.5
rswag-api,2.17.0,50181643,tool-generated; github wiki; homepage,3,,https://www.rubydoc.info/gems/rswag-api/2.17.0,,,,,https://github.com/rswag/rswag,,https://github.com/rswag/rswag/wiki,,https://github.com/rswag/rswag,,https://rubygems.org/gems/rswag-api,0.0
aws-sdk-synthetics,1.87.0,49837839,tool-generated; homepage,3,,https://rubydoc.info/gems/aws-sdk-synthetics,,,,,https://github.com/aws/aws-sdk-ruby,,,,https://github.com/aws/aws-sdk-ruby,https://github.com/aws/aws-sdk-ruby/tree/version-3/gems/aws-sdk-synthetics/CHANGELOG.md,https://rubygems.org/gems/aws-sdk-synthetics,65.5
aws-sdk-iotsitewise,1.108.0,49757091,tool-generated; homepage,3,,https://rubydoc.info/gems/aws-sdk-iotsitewise,,,,,https://github.com/aws/aws-sdk-ruby,,,,https://github.com/aws/aws-sdk-ruby,https://github.com/aws/aws-sdk-ruby/tree/version-3/gems/aws-sdk-iotsitewise/CHANGELOG.md,https://rubygems.org/gems/aws-sdk-iotsitewise,80.3
aws-sdk-macie2,1.105.0,49634953,tool-generated; homepage,3,,https://rubydoc.info/gems/aws-sdk-macie2,,,,,https://github.com/aws/aws-sdk-ruby,,,,https://github.com/aws/aws-sdk-ruby,https://github.com/aws/aws-sdk-ruby/tree/version-3/gems/aws-sdk-macie2/CHANGELOG.md,https://rubygems.org/gems/aws-sdk-macie2,83.6
rswag-specs,2.17.0,48527405,tool-generated; github wiki; homepage,3,,https://www.rubydoc.info/gems/rswag-specs/2.17.0,,,,,https://github.com/rswag/rswag,,https://github.com/rswag/rswag/wiki,,https://github.com/rswag/rswag,,https://rubygems.org/gems/rswag-specs,3.8
aws-sdk-codeartifact,1.78.0,48206532,tool-generated; homepage,3,,https://rubydoc.info/gems/aws-sdk-codeartifact,,,,,https://github.com/aws/aws-sdk-ruby,,,,https://github.com/aws/aws-sdk-ruby,https://github.com/aws/aws-sdk-ruby/tree/version-3/gems/aws-sdk-codeartifact/CHANGELOG.md,https://rubygems.org/gems/aws-sdk-codeartifact,81.0
aws-sdk-elasticinference,1.53.0,47250118,tool-generated; homepage,3,,https://rubydoc.info/gems/aws-sdk-elasticinference,,,,,https://github.com/aws/aws-sdk-ruby,,,,https://github.com/aws/aws-sdk-ruby,https://github.com/aws/aws-sdk-ruby/tree/version-3/gems/aws-sdk-elasticinference/CHANGELOG.md,https://rubygems.org/gems/aws-sdk-elasticinference,53.8
aws-sdk-ivs,1.91.0,46562729,tool-generated; homepage,3,,https://rubydoc.info/gems/aws-sdk-ivs,,,,,https://github.com/aws/aws-sdk-ruby,,,,https://github.com/aws/aws-sdk-ruby,https://github.com/aws/aws-sdk-ruby/tree/version-3/gems/aws-sdk-ivs/CHANGELOG.md,https://rubygems.org/gems/aws-sdk-ivs,87.9
train-core,3.16.5,45549567,tool-generated; github wiki; homepage,4,,https://rubydoc.info/gems/train-core,,,,,https://github.com/inspec/train,,https://github.com/inspec/train/wiki,,https://github.com/inspec/train,https://github.com/inspec/train/blob/master/CHANGELOG.md,https://rubygems.org/gems/train-core,23.8
logstash-event,1.2.02,45377041,tool-generated; github wiki; homepage,3,,https://www.rubydoc.info/gems/logstash-event/1.2.02,,,,,https://github.com/logstash/logstash,,https://github.com/logstash/logstash/wiki,,https://github.com/logstash/logstash,,https://rubygems.org/gems/logstash-event,10.3
aws-sdk-appflow,1.93.0,45092842,tool-generated; homepage,3,,https://rubydoc.info/gems/aws-sdk-appflow,,,,,https://github.com/aws/aws-sdk-ruby,,,,https://github.com/aws/aws-sdk-ruby,https://github.com/aws/aws-sdk-ruby/tree/version-3/gems/aws-sdk-appflow/CHANGELOG.md,https://rubygems.org/gems/aws-sdk-appflow,67.8
gettext_i18n_rails,2.2.0,45058781,tool-generated; github wiki; homepage,3,,https://www.rubydoc.info/gems/gettext_i18n_rails/2.2.0,,,,,https://github.com/grosser/gettext_i18n_rails,,https://github.com/grosser/gettext_i18n_rails/wiki,,http://github.com/grosser/gettext_i18n_rails,,https://rubygems.org/gems/gettext_i18n_rails,16.1
aws-sdk-locationservice,1.90.0,45058539,tool-generated; homepage,3,,https://rubydoc.info/gems/aws-sdk-locationservice,,,,,https://github.com/aws/aws-sdk-ruby,,,,https://github.com/aws/aws-sdk-ruby,https://github.com/aws/aws-sdk-ruby/tree/version-3/gems/aws-sdk-locationservice/CHANGELOG.md,https://rubygems.org/gems/aws-sdk-locationservice,80.2
aws-sdk-redshiftdataapiservice,1.78.0,44702321,tool-generated; homepage,3,,https://rubydoc.info/gems/aws-sdk-redshiftdataapiservice,,,,,https://github.com/aws/aws-sdk-ruby,,,,https://github.com/aws/aws-sdk-ruby,https://github.com/aws/aws-sdk-ruby/tree/version-3/gems/aws-sdk-redshiftdataapiservice/CHANGELOG.md,https://rubygems.org/gems/aws-sdk-redshiftdataapiservice,61.2
aws-sdk-networkfirewall,1.97.0,44578406,tool-generated; homepage,3,,https://rubydoc.info/gems/aws-sdk-networkfirewall,,,,,https://github.com/aws/aws-sdk-ruby,,,,https://github.com/aws/aws-sdk-ruby,https://github.com/aws/aws-sdk-ruby/tree/version-3/gems/aws-sdk-networkfirewall/CHANGELOG.md,https://rubygems.org/gems/aws-sdk-networkfirewall,82.9
aws-sdk-identitystore,1.72.0,44502322,tool-generated; homepage,3,,https://rubydoc.info/gems/aws-sdk-identitystore,,,,,https://github.com/aws/aws-sdk-ruby,,,,https://github.com/aws/aws-sdk-ruby,https://github.com/aws/aws-sdk-ruby/tree/version-3/gems/aws-sdk-identitystore/CHANGELOG.md,https://rubygems.org/gems/aws-sdk-identitystore,71.2
analytics-ruby,2.5.0,44288660,tool-generated; github wiki; homepage,3,,https://www.rubydoc.info/gems/analytics-ruby/2.5.0,,,,,https://github.com/segmentio/analytics-ruby,,https://github.com/segmentio/analytics-ruby/wiki,,https://github.com/segmentio/analytics-ruby,,https://rubygems.org/gems/analytics-ruby,41.7
aws-sdk-braket,1.74.0,44047459,tool-generated; homepage,3,,https://rubydoc.info/gems/aws-sdk-braket,,,,,https://github.com/aws/aws-sdk-ruby,,,,https://github.com/aws/aws-sdk-ruby,https://github.com/aws/aws-sdk-ruby/tree/version-3/gems/aws-sdk-braket/CHANGELOG.md,https://rubygems.org/gems/aws-sdk-braket,64.7
aws-sdk-ssoadmin,1.77.0,43985770,tool-generated; homepage,3,,https://rubydoc.info/gems/aws-sdk-ssoadmin,,,,,https://github.com/aws/aws-sdk-ruby,,,,https://github.com/aws/aws-sdk-ruby,https://github.com/aws/aws-sdk-ruby/tree/version-3/gems/aws-sdk-ssoadmin/CHANGELOG.md,https://rubygems.org/gems/aws-sdk-ssoadmin,85.6
user_agent_parser,2.21.0,42831830,tool-generated; github wiki; homepage,3,,https://www.rubydoc.info/gems/user_agent_parser/2.21.0,,,,,https://github.com/ua-parser/uap-ruby,,https://github.com/ua-parser/uap-ruby/wiki,,https://github.com/ua-parser/uap-ruby,,https://rubygems.org/gems/user_agent_parser,6.2
aws-sdk-timestreamquery,1.71.0,42331263,tool-generated; homepage,3,,https://rubydoc.info/gems/aws-sdk-timestreamquery,,,,,https://github.com/aws/aws-sdk-ruby,,,,https://github.com/aws/aws-sdk-ruby,https://github.com/aws/aws-sdk-ruby/tree/version-3/gems/aws-sdk-timestreamquery/CHANGELOG.md,https://rubygems.org/gems/aws-sdk-timestreamquery,62.5
aws-sdk-timestreamwrite,1.66.0,42314682,tool-generated; homepage,3,,https://rubydoc.info/gems/aws-sdk-timestreamwrite,,,,,https://github.com/aws/aws-sdk-ruby,,,,https://github.com/aws/aws-sdk-ruby,https://github.com/aws/aws-sdk-ruby/tree/version-3/gems/aws-sdk-timestreamwrite/CHANGELOG.md,https://rubygems.org/gems/aws-sdk-timestreamwrite,65.4
aws-sdk-s3outposts,1.64.0,42130257,tool-generated; homepage,3,,https://rubydoc.info/gems/aws-sdk-s3outposts,,,,,https://github.com/aws/aws-sdk-ruby,,,,https://github.com/aws/aws-sdk-ruby,https://github.com/aws/aws-sdk-ruby/tree/version-3/gems/aws-sdk-s3outposts/CHANGELOG.md,https://rubygems.org/gems/aws-sdk-s3outposts,51.5
aws-sdk-auditmanager,1.85.0,42100725,tool-generated; homepage,3,,https://rubydoc.info/gems/aws-sdk-auditmanager,,,,,https://github.com/aws/aws-sdk-ruby,,,,https://github.com/aws/aws-sdk-ruby,https://github.com/aws/aws-sdk-ruby/tree/version-3/gems/aws-sdk-auditmanager/CHANGELOG.md,https://rubygems.org/gems/aws-sdk-auditmanager,83.7
aws-sdk-ecrpublic,1.68.0,42065259,tool-generated; homepage,3,,https://rubydoc.info/gems/aws-sdk-ecrpublic,,,,,https://github.com/aws/aws-sdk-ruby,,,,https://github.com/aws/aws-sdk-ruby,https://github.com/aws/aws-sdk-ruby/tree/version-3/gems/aws-sdk-ecrpublic/CHANGELOG.md,https://rubygems.org/gems/aws-sdk-ecrpublic,62.9
aws-sdk-devopsguru,1.77.0,42060264,tool-generated; homepage,3,,https://rubydoc.info/gems/aws-sdk-devopsguru,,,,,https://github.com/aws/aws-sdk-ruby,,,,https://github.com/aws/aws-sdk-ruby,https://github.com/aws/aws-sdk-ruby/tree/version-3/gems/aws-sdk-devopsguru/CHANGELOG.md,https://rubygems.org/gems/aws-sdk-devopsguru,76.8
aws-sdk-appregistry,1.66.0,41933838,tool-generated; homepage,3,,https://rubydoc.info/gems/aws-sdk-appregistry,,,,,https://github.com/aws/aws-sdk-ruby,,,,https://github.com/aws/aws-sdk-ruby,https://github.com/aws/aws-sdk-ruby/tree/version-3/gems/aws-sdk-appregistry/CHANGELOG.md,https://rubygems.org/gems/aws-sdk-appregistry,70.6
aws-sdk-iotwireless,1.90.0,41799059,tool-generated; homepage,3,,https://rubydoc.info/gems/aws-sdk-iotwireless,,,,,https://github.com/aws/aws-sdk-ruby,,,,https://github.com/aws/aws-sdk-ruby,https://github.com/aws/aws-sdk-ruby/tree/version-3/gems/aws-sdk-iotwireless/CHANGELOG.md,https://rubygems.org/gems/aws-sdk-iotwireless,89.0
aws-sdk-prometheusservice,1.77.0,41646577,tool-generated; homepage,3,,https://rubydoc.info/gems/aws-sdk-prometheusservice,,,,,https://github.com/aws/aws-sdk-ruby,,,,https://github.com/aws/aws-sdk-ruby,https://github.com/aws/aws-sdk-ruby/tree/version-3/gems/aws-sdk-prometheusservice/CHANGELOG.md,https://rubygems.org/gems/aws-sdk-prometheusservice,75.7
aws-sdk-greengrassv2,1.74.0,41453654,tool-generated; homepage,3,,https://rubydoc.info/gems/aws-sdk-greengrassv2,,,,,https://github.com/aws/aws-sdk-ruby,,,,https://github.com/aws/aws-sdk-ruby,https://github.com/aws/aws-sdk-ruby/tree/version-3/gems/aws-sdk-greengrassv2/CHANGELOG.md,https://rubygems.org/gems/aws-sdk-greengrassv2,76.7
aws-sdk-customerprofiles,1.93.0,41359314,tool-generated; homepage,3,,https://rubydoc.info/gems/aws-sdk-customerprofiles,,,,,https://github.com/aws/aws-sdk-ruby,,,,https://github.com/aws/aws-sdk-ruby,https://github.com/aws/aws-sdk-ruby/tree/version-3/gems/aws-sdk-customerprofiles/CHANGELOG.md,https://rubygems.org/gems/aws-sdk-customerprofiles,89.9
js_regex,3.14.0,41258326,tool-generated; github wiki; homepage,3,,https://www.rubydoc.info/gems/js_regex/3.14.0,,,,,https://github.com/jaynetics/js_regex,,https://github.com/jaynetics/js_regex/wiki,,https://github.com/jaynetics/js_regex,,https://rubygems.org/gems/js_regex,4.4
aws-sdk-mwaa,1.79.0,41183487,tool-generated; homepage,3,,https://rubydoc.info/gems/aws-sdk-mwaa,,,,,https://github.com/aws/aws-sdk-ruby,,,,https://github.com/aws/aws-sdk-ruby,https://github.com/aws/aws-sdk-ruby/tree/version-3/gems/aws-sdk-mwaa/CHANGELOG.md,https://rubygems.org/gems/aws-sdk-mwaa,61.9
aws-sdk-gluedatabrew,1.72.0,41142103,tool-generated; homepage,3,,https://rubydoc.info/gems/aws-sdk-gluedatabrew,,,,,https://github.com/aws/aws-sdk-ruby,,,,https://github.com/aws/aws-sdk-ruby,https://github.com/aws/aws-sdk-ruby/tree/version-3/gems/aws-sdk-gluedatabrew/CHANGELOG.md,https://rubygems.org/gems/aws-sdk-gluedatabrew,78.6
aws-sdk-lexmodelsv2,1.95.0,41104443,tool-generated; homepage,3,,https://rubydoc.info/gems/aws-sdk-lexmodelsv2,,,,,https://github.com/aws/aws-sdk-ruby,,,,https://github.com/aws/aws-sdk-ruby,https://github.com/aws/aws-sdk-ruby/tree/version-3/gems/aws-sdk-lexmodelsv2/CHANGELOG.md,https://rubygems.org/gems/aws-sdk-lexmodelsv2,83.9
aws-sdk-iotdeviceadvisor,1.67.0,40996521,tool-generated; homepage,3,,https://rubydoc.info/gems/aws-sdk-iotdeviceadvisor,,,,,https://github.com/aws/aws-sdk-ruby,,,,https://github.com/aws/aws-sdk-ruby,https://github.com/aws/aws-sdk-ruby/tree/version-3/gems/aws-sdk-iotdeviceadvisor/CHANGELOG.md,https://rubygems.org/gems/aws-sdk-iotdeviceadvisor,63.9
aws-sdk-sagemakeredgemanager,1.61.0,40992644,tool-generated; homepage,3,,https://rubydoc.info/gems/aws-sdk-sagemakeredgemanager,,,,,https://github.com/aws/aws-sdk-ruby,,,,https://github.com/aws/aws-sdk-ruby,https://github.com/aws/aws-sdk-ruby/tree/version-3/gems/aws-sdk-sagemakeredgemanager/CHANGELOG.md,https://rubygems.org/gems/aws-sdk-sagemakeredgemanager,47.4
aws-sdk-emrcontainers,1.76.0,40973778,tool-generated; homepage,3,,https://rubydoc.info/gems/aws-sdk-emrcontainers,,,,,https://github.com/aws/aws-sdk-ruby,,,,https://github.com/aws/aws-sdk-ruby,https://github.com/aws/aws-sdk-ruby/tree/version-3/gems/aws-sdk-emrcontainers/CHANGELOG.md,https://rubygems.org/gems/aws-sdk-emrcontainers,71.4
aws-sdk-wellarchitected,1.72.0,40782528,tool-generated; homepage,3,,https://rubydoc.info/gems/aws-sdk-wellarchitected,,,,,https://github.com/aws/aws-sdk-ruby,,,,https://github.com/aws/aws-sdk-ruby,https://github.com/aws/aws-sdk-ruby/tree/version-3/gems/aws-sdk-wellarchitected/CHANGELOG.md,https://rubygems.org/gems/aws-sdk-wellarchitected,88.1
aws-sdk-amplifybackend,1.66.0,40227709,tool-generated; homepage,3,,https://rubydoc.info/gems/aws-sdk-amplifybackend,,,,,https://github.com/aws/aws-sdk-ruby,,,,https://github.com/aws/aws-sdk-ruby,https://github.com/aws/aws-sdk-ruby/tree/version-3/gems/aws-sdk-amplifybackend/CHANGELOG.md,https://rubygems.org/gems/aws-sdk-amplifybackend,76.4
aws-sdk-lexruntimev2,1.71.0,40192980,tool-generated; homepage,3,,https://rubydoc.info/gems/aws-sdk-lexruntimev2,,,,,https://github.com/aws/aws-sdk-ruby,,,,https://github.com/aws/aws-sdk-ruby,https://github.com/aws/aws-sdk-ruby/tree/version-3/gems/aws-sdk-lexruntimev2/CHANGELOG.md,https://rubygems.org/gems/aws-sdk-lexruntimev2,37.7
aws-sdk-healthlake,1.70.0,40157280,tool-generated; homepage,3,,https://rubydoc.info/gems/aws-sdk-healthlake,,,,,https://github.com/aws/aws-sdk-ruby,,,,https://github.com/aws/aws-sdk-ruby,https://github.com/aws/aws-sdk-ruby/tree/version-3/gems/aws-sdk-healthlake/CHANGELOG.md,https://rubygems.org/gems/aws-sdk-healthlake,64.6
aws-sdk-appintegrationsservice,1.72.0,40127909,tool-generated; homepage,3,,https://rubydoc.info/gems/aws-sdk-appintegrationsservice,,,,,https://github.com/aws/aws-sdk-ruby,,,,https://github.com/aws/aws-sdk-ruby,https://github.com/aws/aws-sdk-ruby/tree/version-3/gems/aws-sdk-appintegrationsservice/CHANGELOG.md,https://rubygems.org/gems/aws-sdk-appintegrationsservice,67.3
aws-sdk-sagemakerfeaturestoreruntime,1.68.0,40117019,tool-generated; homepage,3,,https://rubydoc.info/gems/aws-sdk-sagemakerfeaturestoreruntime,,,,,https://github.com/aws/aws-sdk-ruby,,,,https://github.com/aws/aws-sdk-ruby,https://github.com/aws/aws-sdk-ruby/tree/version-3/gems/aws-sdk-sagemakerfeaturestoreruntime/CHANGELOG.md,https://rubygems.org/gems/aws-sdk-sagemakerfeaturestoreruntime,54.5
aws-sdk-connectcontactlens,1.61.0,40044634,tool-generated; homepage,3,,https://rubydoc.info/gems/aws-sdk-connectcontactlens,,,,,https://github.com/aws/aws-sdk-ruby,,,,https://github.com/aws/aws-sdk-ruby,https://github.com/aws/aws-sdk-ruby/tree/version-3/gems/aws-sdk-connectcontactlens/CHANGELOG.md,https://rubygems.org/gems/aws-sdk-connectcontactlens,44.0
aws-sdk-lookoutforvision,1.57.0,39974050,tool-generated; homepage,3,,https://rubydoc.info/gems/aws-sdk-lookoutforvision,,,,,https://github.com/aws/aws-sdk-ruby,,,,https://github.com/aws/aws-sdk-ruby,https://github.com/aws/aws-sdk-ruby/tree/version-3/gems/aws-sdk-lookoutforvision/CHANGELOG.md,https://rubygems.org/gems/aws-sdk-lookoutforvision,74.2
business_time,0.13.0,39003767,tool-generated; github wiki; homepage,3,,https://www.rubydoc.info/gems/business_time/0.13.0,,,,,https://github.com/bokmann/business_time,,https://github.com/bokmann/business_time/wiki,,https://github.com/bokmann/business_time,,https://rubygems.org/gems/business_time,13.8
azure-storage-common,2.0.4,38871225,tool-generated; github wiki; homepage,3,,https://www.rubydoc.info/gems/azure-storage-common/2.0.4,,,,,https://github.com/azure/azure-storage-ruby,,https://github.com/azure/azure-storage-ruby/wiki,,http://github.com/azure/azure-storage-ruby,,https://rubygems.org/gems/azure-storage-common,36.2
mixlib-versioning,1.2.12,38485199,tool-generated; github wiki; homepage,3,,https://www.rubydoc.info/gems/mixlib-versioning/1.2.12,,,,,https://github.com/opscode/mixlib-versioning,,https://github.com/opscode/mixlib-versioning/wiki,,https://github.com/chef/mixlib-versioning,,https://rubygems.org/gems/mixlib-versioning,96.2
aws-sdk-iotfleethub,1.51.0,38482348,tool-generated; homepage,3,,https://rubydoc.info/gems/aws-sdk-iotfleethub,,,,,https://github.com/aws/aws-sdk-ruby,,,,https://github.com/aws/aws-sdk-ruby,https://github.com/aws/aws-sdk-ruby/tree/version-3/gems/aws-sdk-iotfleethub/CHANGELOG.md,https://rubygems.org/gems/aws-sdk-iotfleethub,55.9
aws-sdk-lookoutequipment,1.67.0,38411558,tool-generated; homepage,3,,https://rubydoc.info/gems/aws-sdk-lookoutequipment,,,,,https://github.com/aws/aws-sdk-ruby,,,,https://github.com/aws/aws-sdk-ruby,https://github.com/aws/aws-sdk-ruby/tree/version-3/gems/aws-sdk-lookoutequipment/CHANGELOG.md,https://rubygems.org/gems/aws-sdk-lookoutequipment,79.2
aws-sdk-mgn,1.74.0,38272943,tool-generated; homepage,3,,https://rubydoc.info/gems/aws-sdk-mgn,,,,,https://github.com/aws/aws-sdk-ruby,,,,https://github.com/aws/aws-sdk-ruby,https://github.com/aws/aws-sdk-ruby/tree/version-3/gems/aws-sdk-mgn/CHANGELOG.md,https://rubygems.org/gems/aws-sdk-mgn,88.4
polyamorous,2.3.2,38144426,tool-generated; github docs; github pages; homepage,4,,https://www.rubydoc.info/gems/polyamorous/2.3.2,,,,,https://github.com/activerecord-hackery/ransack,https://github.com/activerecord-hackery/ransack/tree/HEAD/docs,,https://activerecord-hackery.github.io/ransack/,https://github.com/activerecord-hackery/ransack/tree/master/polyamorous,,https://rubygems.org/gems/polyamorous,0.0
version_sorter,2.3.0,38111066,tool-generated; homepage,2,,https://www.rubydoc.info/gems/version_sorter/2.3.0,,,,,https://github.com/defunkt/version_sorter,,,,https://github.com/github/version_sorter#readme,,https://rubygems.org/gems/version_sorter,
asciidoctor-plantuml,0.1.1,37951868,tool-generated; github wiki; homepage,3,,https://www.rubydoc.info/gems/asciidoctor-plantuml/0.1.1,,,,,https://github.com/hsanson/asciidoctor-plantuml,,https://github.com/hsanson/asciidoctor-plantuml/wiki,,https://github.com/hsanson/asciidoctor-plantuml,,https://rubygems.org/gems/asciidoctor-plantuml,5.7
aws-sdk-lookoutmetrics,1.61.0,37866667,tool-generated; homepage,3,,https://rubydoc.info/gems/aws-sdk-lookoutmetrics,,,,,https://github.com/aws/aws-sdk-ruby,,,,https://github.com/aws/aws-sdk-ruby,https://github.com/aws/aws-sdk-ruby/tree/version-3/gems/aws-sdk-lookoutmetrics/CHANGELOG.md,https://rubygems.org/gems/aws-sdk-lookoutmetrics,76.5
aws-sdk-fis,1.68.0,37858172,tool-generated; homepage,3,,https://rubydoc.info/gems/aws-sdk-fis,,,,,https://github.com/aws/aws-sdk-ruby,,,,https://github.com/aws/aws-sdk-ruby,https://github.com/aws/aws-sdk-ruby/tree/version-3/gems/aws-sdk-fis/CHANGELOG.md,https://rubygems.org/gems/aws-sdk-fis,72.9
aws-sdk-apprunner,1.75.0,37739669,tool-generated; homepage,3,,https://rubydoc.info/gems/aws-sdk-apprunner,,,,,https://github.com/aws/aws-sdk-ruby,,,,https://github.com/aws/aws-sdk-ruby,https://github.com/aws/aws-sdk-ruby/tree/version-3/gems/aws-sdk-apprunner/CHANGELOG.md,https://rubygems.org/gems/aws-sdk-apprunner,77.0
aws-sdk-finspacedata,1.69.0,37608546,tool-generated; homepage,3,,https://rubydoc.info/gems/aws-sdk-finspacedata,,,,,https://github.com/aws/aws-sdk-ruby,,,,https://github.com/aws/aws-sdk-ruby,https://github.com/aws/aws-sdk-ruby/tree/version-3/gems/aws-sdk-finspacedata/CHANGELOG.md,https://rubygems.org/gems/aws-sdk-finspacedata,71.4
aws-sdk-ssmincidents,1.69.0,37535532,tool-generated; homepage,3,,https://rubydoc.info/gems/aws-sdk-ssmincidents,,,,,https://github.com/aws/aws-sdk-ruby,,,,https://github.com/aws/aws-sdk-ruby,https://github.com/aws/aws-sdk-ruby/tree/version-3/gems/aws-sdk-ssmincidents/CHANGELOG.md,https://rubygems.org/gems/aws-sdk-ssmincidents,75.3
jekyll-sass-converter,3.1.0,37471782,tool-generated; github wiki; homepage,3,,https://www.rubydoc.info/gems/jekyll-sass-converter/3.1.0,,,,,https://github.com/jekyll/jekyll-sass-converter,,https://github.com/jekyll/jekyll-sass-converter/wiki,,https://github.com/jekyll/jekyll-sass-converter,,https://rubygems.org/gems/jekyll-sass-converter,43.6
aws-sdk-honeycode,1.32.0,37345155,tool-generated; homepage,3,,https://rubydoc.info/gems/aws-sdk-honeycode,,,,,https://github.com/aws/aws-sdk-ruby,,,,https://github.com/aws/aws-sdk-ruby,https://github.com/aws/aws-sdk-ruby/tree/version-3/gems/aws-sdk-honeycode/CHANGELOG.md,https://rubygems.org/gems/aws-sdk-honeycode,48.4
zip-zip,0.3,36919061,tool-generated; homepage,2,,https://www.rubydoc.info/gems/zip-zip/0.3,,,,,https://github.com/orien/zip-zip,,,,https://github.com/orien/zip-zip,,https://rubygems.org/gems/zip-zip,0.0
aws-sdk-finspace,1.70.0,36630615,tool-generated; homepage,3,,https://rubydoc.info/gems/aws-sdk-finspace,,,,,https://github.com/aws/aws-sdk-ruby,,,,https://github.com/aws/aws-sdk-ruby,https://github.com/aws/aws-sdk-ruby/tree/version-3/gems/aws-sdk-finspace/CHANGELOG.md,https://rubygems.org/gems/aws-sdk-finspace,75.9
aws-sdk-ssmcontacts,1.64.0,36590800,tool-generated; homepage,3,,https://rubydoc.info/gems/aws-sdk-ssmcontacts,,,,,https://github.com/aws/aws-sdk-ruby,,,,https://github.com/aws/aws-sdk-ruby,https://github.com/aws/aws-sdk-ruby/tree/version-3/gems/aws-sdk-ssmcontacts/CHANGELOG.md,https://rubygems.org/gems/aws-sdk-ssmcontacts,79.8
aws-sdk-applicationcostprofiler,1.57.0,36253955,tool-generated; homepage,3,,https://rubydoc.info/gems/aws-sdk-applicationcostprofiler,,,,,https://github.com/aws/aws-sdk-ruby,,,,https://github.com/aws/aws-sdk-ruby,https://github.com/aws/aws-sdk-ruby/tree/version-3/gems/aws-sdk-applicationcostprofiler/CHANGELOG.md,https://rubygems.org/gems/aws-sdk-applicationcostprofiler,53.3
azure-storage-blob,2.0.3,35907309,tool-generated; github wiki; homepage,3,,https://www.rubydoc.info/gems/azure-storage-blob/2.0.3,,,,,https://github.com/azure/azure-storage-ruby,,https://github.com/azure/azure-storage-ruby/wiki,,http://github.com/azure/azure-storage-ruby,,https://rubygems.org/gems/azure-storage-blob,52.2
aws-sdk-proton,1.72.0,35430376,tool-generated; homepage,3,,https://rubydoc.info/gems/aws-sdk-proton,,,,,https://github.com/aws/aws-sdk-ruby,,,,https://github.com/aws/aws-sdk-ruby,https://github.com/aws/aws-sdk-ruby/tree/version-3/gems/aws-sdk-proton/CHANGELOG.md,https://rubygems.org/gems/aws-sdk-proton,78.7
slack-messenger,2.3.6,35429678,tool-generated; homepage,2,,https://www.rubydoc.info/gems/slack-messenger/2.3.6,,,,,,,,,https://gitlab.com/gitlab-org/slack-notifier,,https://rubygems.org/gems/slack-messenger,7.0
mixlib-install,3.19.2,34767415,tool-generated; github wiki; homepage,3,,https://www.rubydoc.info/gems/mixlib-install/3.19.2,,,,,https://github.com/chef/mixlib-install,,https://github.com/chef/mixlib-install/wiki,,https://github.com/chef/mixlib-install,,https://rubygems.org/gems/mixlib-install,47.8
active_record_query_trace,1.9,34425820,tool-generated; github wiki; homepage,3,,https://rubydoc.info/gems/active_record_query_trace,,,,,https://github.com/brunofacca/active-record-query-trace,,https://github.com/brunofacca/active-record-query-trace/wiki,,https://github.com/brunofacca/active-record-query-trace,,https://rubygems.org/gems/active_record_query_trace,33.3
aws-sdk-chimesdkmessaging,1.67.0,34093197,tool-generated; homepage,3,,https://rubydoc.info/gems/aws-sdk-chimesdkmessaging,,,,,https://github.com/aws/aws-sdk-ruby,,,,https://github.com/aws/aws-sdk-ruby,https://github.com/aws/aws-sdk-ruby/tree/version-3/gems/aws-sdk-chimesdkmessaging/CHANGELOG.md,https://rubygems.org/gems/aws-sdk-chimesdkmessaging,80.4
jekyll-watch,2.2.1,34073150,tool-generated; github wiki; homepage,3,,https://www.rubydoc.info/gems/jekyll-watch/2.2.1,,,,,https://github.com/jekyll/jekyll-watch,,https://github.com/jekyll/jekyll-watch/wiki,,https://github.com/jekyll/jekyll-watch,,https://rubygems.org/gems/jekyll-watch,25.0
ruby-debug-ide,0.7.5,33871844,tool-generated; github wiki; homepage,3,,https://www.rubydoc.info/gems/ruby-debug-ide/0.7.5,,,,,https://github.com/ruby-debug/ruby-debug-ide,,https://github.com/ruby-debug/ruby-debug-ide/wiki,,https://github.com/ruby-debug/ruby-debug-ide,,https://rubygems.org/gems/ruby-debug-ide,2.5
aws-sdk-opensearchservice,1.108.0,33712987,tool-generated; homepage,3,,https://rubydoc.info/gems/aws-sdk-opensearchservice,,,,,https://github.com/aws/aws-sdk-ruby,,,,https://github.com/aws/aws-sdk-ruby,https://github.com/aws/aws-sdk-ruby/tree/version-3/gems/aws-sdk-opensearchservice/CHANGELOG.md,https://rubygems.org/gems/aws-sdk-opensearchservice,81.1
aws-sdk-account,1.62.0,33407879,tool-generated; homepage,3,,https://rubydoc.info/gems/aws-sdk-account,,,,,https://github.com/aws/aws-sdk-ruby,,,,https://github.com/aws/aws-sdk-ruby,https://github.com/aws/aws-sdk-ruby/tree/version-3/gems/aws-sdk-account/CHANGELOG.md,https://rubygems.org/gems/aws-sdk-account,65.5
aws-sdk-route53recoverycluster,1.60.0,33065064,tool-generated; homepage,3,,https://rubydoc.info/gems/aws-sdk-route53recoverycluster,,,,,https://github.com/aws/aws-sdk-ruby,,,,https://github.com/aws/aws-sdk-ruby,https://github.com/aws/aws-sdk-ruby/tree/version-3/gems/aws-sdk-route53recoverycluster/CHANGELOG.md,https://rubygems.org/gems/aws-sdk-route53recoverycluster,63.0
aws-sdk-route53recoverycontrolconfig,1.60.0,33049247,tool-generated; homepage,3,,https://rubydoc.info/gems/aws-sdk-route53recoverycontrolconfig,,,,,https://github.com/aws/aws-sdk-ruby,,,,https://github.com/aws/aws-sdk-ruby,https://github.com/aws/aws-sdk-ruby/tree/version-3/gems/aws-sdk-route53recoverycontrolconfig/CHANGELOG.md,https://rubygems.org/gems/aws-sdk-route53recoverycontrolconfig,66.2
aws-sdk-route53recoveryreadiness,1.58.0,32981292,tool-generated; homepage,3,,https://rubydoc.info/gems/aws-sdk-route53recoveryreadiness,,,,,https://github.com/aws/aws-sdk-ruby,,,,https://github.com/aws/aws-sdk-ruby,https://github.com/aws/aws-sdk-ruby/tree/version-3/gems/aws-sdk-route53recoveryreadiness/CHANGELOG.md,https://rubygems.org/gems/aws-sdk-route53recoveryreadiness,74.1
aws-sdk-chimesdkidentity,1.60.0,32739070,tool-generated; homepage,3,,https://rubydoc.info/gems/aws-sdk-chimesdkidentity,,,,,https://github.com/aws/aws-sdk-ruby,,,,https://github.com/aws/aws-sdk-ruby,https://github.com/aws/aws-sdk-ruby/tree/version-3/gems/aws-sdk-chimesdkidentity/CHANGELOG.md,https://rubygems.org/gems/aws-sdk-chimesdkidentity,74.6
aws-sdk-voiceid,1.60.0,32526185,tool-generated; homepage,3,,https://rubydoc.info/gems/aws-sdk-voiceid,,,,,https://github.com/aws/aws-sdk-ruby,,,,https://github.com/aws/aws-sdk-ruby,https://github.com/aws/aws-sdk-ruby/tree/version-3/gems/aws-sdk-voiceid/CHANGELOG.md,https://rubygems.org/gems/aws-sdk-voiceid,72.9
aws-sdk-snowdevicemanagement,1.54.0,32484337,tool-generated; homepage,3,,https://rubydoc.info/gems/aws-sdk-snowdevicemanagement,,,,,https://github.com/aws/aws-sdk-ruby,,,,https://github.com/aws/aws-sdk-ruby,https://github.com/aws/aws-sdk-ruby/tree/version-3/gems/aws-sdk-snowdevicemanagement/CHANGELOG.md,https://rubygems.org/gems/aws-sdk-snowdevicemanagement,57.1
aws-sdk-memorydb,1.65.0,32433561,tool-generated; homepage,3,,https://rubydoc.info/gems/aws-sdk-memorydb,,,,,https://github.com/aws/aws-sdk-ruby,,,,https://github.com/aws/aws-sdk-ruby,https://github.com/aws/aws-sdk-ruby/tree/version-3/gems/aws-sdk-memorydb/CHANGELOG.md,https://rubygems.org/gems/aws-sdk-memorydb,44.1
aws-sdk-chimesdkmeetings,1.68.0,32427786,tool-generated; homepage,3,,https://rubydoc.info/gems/aws-sdk-chimesdkmeetings,,,,,https://github.com/aws/aws-sdk-ruby,,,,https://github.com/aws/aws-sdk-ruby,https://github.com/aws/aws-sdk-ruby/tree/version-3/gems/aws-sdk-chimesdkmeetings/CHANGELOG.md,https://rubygems.org/gems/aws-sdk-chimesdkmeetings,74.1
aws-sdk-connectwisdomservice,1.65.0,32264207,tool-generated; homepage,3,,https://rubydoc.info/gems/aws-sdk-connectwisdomservice,,,,,https://github.com/aws/aws-sdk-ruby,,,,https://github.com/aws/aws-sdk-ruby,https://github.com/aws/aws-sdk-ruby/tree/version-3/gems/aws-sdk-connectwisdomservice/CHANGELOG.md,https://rubygems.org/gems/aws-sdk-connectwisdomservice,75.7
popper_js,2.11.8,31989334,tool-generated; github wiki; homepage,3,,https://www.rubydoc.info/gems/popper_js/2.11.8,,,,,https://github.com/glebm/popper_js-rubygem,,https://github.com/glebm/popper_js-rubygem/wiki,,https://github.com/glebm/popper_js-rubygem,,https://rubygems.org/gems/popper_js,
aws-sdk-nimblestudio,1.41.0,31757186,tool-generated; homepage,3,,https://rubydoc.info/gems/aws-sdk-nimblestudio,,,,,https://github.com/aws/aws-sdk-ruby,,,,https://github.com/aws/aws-sdk-ruby,https://github.com/aws/aws-sdk-ruby/tree/version-3/gems/aws-sdk-nimblestudio/CHANGELOG.md,https://rubygems.org/gems/aws-sdk-nimblestudio,53.0
aws-sdk-cloudcontrolapi,1.56.0,31531723,tool-generated; homepage,3,,https://rubydoc.info/gems/aws-sdk-cloudcontrolapi,,,,,https://github.com/aws/aws-sdk-ruby,,,,https://github.com/aws/aws-sdk-ruby,https://github.com/aws/aws-sdk-ruby/tree/version-3/gems/aws-sdk-cloudcontrolapi/CHANGELOG.md,https://rubygems.org/gems/aws-sdk-cloudcontrolapi,53.6
aws-sdk-kafkaconnect,1.61.0,31531301,tool-generated; homepage,3,,https://rubydoc.info/gems/aws-sdk-kafkaconnect,,,,,https://github.com/aws/aws-sdk-ruby,,,,https://github.com/aws/aws-sdk-ruby,https://github.com/aws/aws-sdk-ruby/tree/version-3/gems/aws-sdk-kafkaconnect/CHANGELOG.md,https://rubygems.org/gems/aws-sdk-kafkaconnect,65.3
naught,2.3.0,31433509,tool-generated; github wiki; homepage,4,,https://rubydoc.info/gems/naught,,,,,https://github.com/avdi/naught,,https://github.com/avdi/naught/wiki,,https://github.com/avdi/naught,https://github.com/avdi/naught/blob/master/Changelog.md,https://rubygems.org/gems/naught,84.5
aws-sdk-managedgrafana,1.66.0,31376288,tool-generated; homepage,3,,https://rubydoc.info/gems/aws-sdk-managedgrafana,,,,,https://github.com/aws/aws-sdk-ruby,,,,https://github.com/aws/aws-sdk-ruby,https://github.com/aws/aws-sdk-ruby/tree/version-3/gems/aws-sdk-managedgrafana/CHANGELOG.md,https://rubygems.org/gems/aws-sdk-managedgrafana,73.9
pathutil,0.16.2,31370577,tool-generated; github wiki; homepage,3,,https://www.rubydoc.info/gems/pathutil/0.16.2,,,,,https://github.com/envygeeks/pathutil,,https://github.com/envygeeks/pathutil/wiki,,http://github.com/envygeeks/pathutil,,https://rubygems.org/gems/pathutil,83.1
aws-sdk-rails,5.2.0,31367641,tool-generated; github wiki; homepage,3,,https://www.rubydoc.info/gems/aws-sdk-rails/5.2.0,,,,,https://github.com/aws/aws-sdk-rails,,https://github.com/aws/aws-sdk-rails/wiki,,https://github.com/aws/aws-sdk-rails,,https://rubygems.org/gems/aws-sdk-rails,29.0
aws-sdk-panorama,1.59.0,31355874,tool-generated; homepage,3,,https://rubydoc.info/gems/aws-sdk-panorama,,,,,https://github.com/aws/aws-sdk-ruby,,,,https://github.com/aws/aws-sdk-ruby,https://github.com/aws/aws-sdk-ruby/tree/version-3/gems/aws-sdk-panorama/CHANGELOG.md,https://rubygems.org/gems/aws-sdk-panorama,80.0
aws-sdk-resiliencehub,1.68.0,31022014,tool-generated; homepage,3,,https://rubydoc.info/gems/aws-sdk-resiliencehub,,,,,https://github.com/aws/aws-sdk-ruby,,,,https://github.com/aws/aws-sdk-ruby,https://github.com/aws/aws-sdk-ruby/tree/version-3/gems/aws-sdk-resiliencehub/CHANGELOG.md,https://rubygems.org/gems/aws-sdk-resiliencehub,83.3
forwardable-extended,2.6.0,30959051,tool-generated; homepage,2,,https://www.rubydoc.info/gems/forwardable-extended/2.6.0,,,,,https://github.com/envygeeks/forwardable-extended,,,,http://github.com/envygeeks/forwardable-extended,,https://rubygems.org/gems/forwardable-extended,0.0
aws-sdk-drs,1.70.0,30699784,tool-generated; homepage,3,,https://rubydoc.info/gems/aws-sdk-drs,,,,,https://github.com/aws/aws-sdk-ruby,,,,https://github.com/aws/aws-sdk-ruby,https://github.com/aws/aws-sdk-ruby/tree/version-3/gems/aws-sdk-drs/CHANGELOG.md,https://rubygems.org/gems/aws-sdk-drs,85.8
discordrb-webhooks,3.8.0,30349542,tool-generated; github wiki; homepage,3,,https://www.rubydoc.info/gems/discordrb-webhooks/3.8.0,,,,,https://github.com/shardlab/discordrb,,https://github.com/shardlab/discordrb/wiki,,https://github.com/shardlab/discordrb,,https://rubygems.org/gems/discordrb-webhooks,83.2
spamcheck,1.3.3,30171964,tool-generated; homepage,2,,https://www.rubydoc.info/gems/spamcheck/1.3.3,,,,,,,,,https://gitlab.com/gitlab-org/gl-security/security-engineering/security-automation/spam/spamcheck,,https://rubygems.org/gems/spamcheck,
aws-sdk-inspector2,1.81.0,29892103,tool-generated; homepage,3,,https://rubydoc.info/gems/aws-sdk-inspector2,,,,,https://github.com/aws/aws-sdk-ruby,,,,https://github.com/aws/aws-sdk-ruby,https://github.com/aws/aws-sdk-ruby/tree/version-3/gems/aws-sdk-inspector2/CHANGELOG.md,https://rubygems.org/gems/aws-sdk-inspector2,81.5
aws-sdk-migrationhubrefactorspaces,1.57.0,29863839,tool-generated; homepage,3,,https://rubydoc.info/gems/aws-sdk-migrationhubrefactorspaces,,,,,https://github.com/aws/aws-sdk-ruby,,,,https://github.com/aws/aws-sdk-ruby,https://github.com/aws/aws-sdk-ruby/tree/version-3/gems/aws-sdk-migrationhubrefactorspaces/CHANGELOG.md,https://rubygems.org/gems/aws-sdk-migrationhubrefactorspaces,73.8
aws-sdk-appconfigdata,1.54.0,29829473,tool-generated; homepage,3,,https://rubydoc.info/gems/aws-sdk-appconfigdata,,,,,https://github.com/aws/aws-sdk-ruby,,,,https://github.com/aws/aws-sdk-ruby,https://github.com/aws/aws-sdk-ruby/tree/version-3/gems/aws-sdk-appconfigdata/CHANGELOG.md,https://rubygems.org/gems/aws-sdk-appconfigdata,53.6
aws-sdk-backupgateway,1.56.0,29702307,tool-generated; homepage,3,,https://rubydoc.info/gems/aws-sdk-backupgateway,,,,,https://github.com/aws/aws-sdk-ruby,,,,https://github.com/aws/aws-sdk-ruby,https://github.com/aws/aws-sdk-ruby/tree/version-3/gems/aws-sdk-backupgateway/CHANGELOG.md,https://rubygems.org/gems/aws-sdk-backupgateway,73.7
aws-sdk-cloudwatchevidently,1.53.0,29550460,tool-generated; homepage,3,,https://rubydoc.info/gems/aws-sdk-cloudwatchevidently,,,,,https://github.com/aws/aws-sdk-ruby,,,,https://github.com/aws/aws-sdk-ruby,https://github.com/aws/aws-sdk-ruby/tree/version-3/gems/aws-sdk-cloudwatchevidently/CHANGELOG.md,https://rubygems.org/gems/aws-sdk-cloudwatchevidently,78.8
ssh_data,2.0.0,29524560,tool-generated; github wiki; homepage,3,,https://www.rubydoc.info/gems/ssh_data/2.0.0,,,,,https://github.com/github/ssh_data,,https://github.com/github/ssh_data/wiki,,https://github.com/github/ssh_data,,https://rubygems.org/gems/ssh_data,71.8
aws-sdk-workspacesweb,1.66.0,29465446,tool-generated; homepage,3,,https://rubydoc.info/gems/aws-sdk-workspacesweb,,,,,https://github.com/aws/aws-sdk-ruby,,,,https://github.com/aws/aws-sdk-ruby,https://github.com/aws/aws-sdk-ruby/tree/version-3/gems/aws-sdk-workspacesweb/CHANGELOG.md,https://rubygems.org/gems/aws-sdk-workspacesweb,85.8
aws-sdk-migrationhubstrategyrecommendations,1.56.0,29221685,tool-generated; homepage,3,,https://rubydoc.info/gems/aws-sdk-migrationhubstrategyrecommendations,,,,,https://github.com/aws/aws-sdk-ruby,,,,https://github.com/aws/aws-sdk-ruby,https://github.com/aws/aws-sdk-ruby/tree/version-3/gems/aws-sdk-migrationhubstrategyrecommendations/CHANGELOG.md,https://rubygems.org/gems/aws-sdk-migrationhubstrategyrecommendations,66.7
aws-sdk-amplifyuibuilder,1.60.0,29107132,tool-generated; homepage,3,,https://rubydoc.info/gems/aws-sdk-amplifyuibuilder,,,,,https://github.com/aws/aws-sdk-ruby,,,,https://github.com/aws/aws-sdk-ruby,https://github.com/aws/aws-sdk-ruby/tree/version-3/gems/aws-sdk-amplifyuibuilder/CHANGELOG.md,https://rubygems.org/gems/aws-sdk-amplifyuibuilder,71.4
aws-sdk-cloudwatchrum,1.60.0,28807717,tool-generated; homepage,3,,https://rubydoc.info/gems/aws-sdk-cloudwatchrum,,,,,https://github.com/aws/aws-sdk-ruby,,,,https://github.com/aws/aws-sdk-ruby,https://github.com/aws/aws-sdk-ruby/tree/version-3/gems/aws-sdk-cloudwatchrum/CHANGELOG.md,https://rubygems.org/gems/aws-sdk-cloudwatchrum,65.7
aws-sdk-iottwinmaker,1.58.0,28778422,tool-generated; homepage,3,,https://rubydoc.info/gems/aws-sdk-iottwinmaker,,,,,https://github.com/aws/aws-sdk-ruby,,,,https://github.com/aws/aws-sdk-ruby,https://github.com/aws/aws-sdk-ruby/tree/version-3/gems/aws-sdk-iottwinmaker/CHANGELOG.md,https://rubygems.org/gems/aws-sdk-iottwinmaker,72.7
aws-sdk-recyclebin,1.57.0,28621817,tool-generated; homepage,3,,https://rubydoc.info/gems/aws-sdk-recyclebin,,,,,https://github.com/aws/aws-sdk-ruby,,,,https://github.com/aws/aws-sdk-ruby,https://github.com/aws/aws-sdk-ruby/tree/version-3/gems/aws-sdk-recyclebin/CHANGELOG.md,https://rubygems.org/gems/aws-sdk-recyclebin,63.2
chef-sugar,5.1.12,28120580,tool-generated; github wiki; homepage,3,,https://www.rubydoc.info/gems/chef-sugar/5.1.12,,,,,https://github.com/chef/chef-sugar,,https://github.com/chef/chef-sugar/wiki,,https://github.com/chef/chef-sugar,,https://rubygems.org/gems/chef-sugar,73.7
inspec,7.2.1,27433531,tool-generated; github wiki; github pages; homepage,4,,https://www.rubydoc.info/gems/inspec/7.1.7,,,,,https://github.com/inspec/inspec,,https://github.com/inspec/inspec/wiki,http://inspec.io,https://github.com/inspec/inspec,,https://rubygems.org/gems/inspec,
cabin,0.9.1,27211521,tool-generated; github wiki; homepage,3,,https://www.rubydoc.info/gems/cabin/0.9.1,,,,,https://github.com/jordansissel/ruby-cabin,,https://github.com/jordansissel/ruby-cabin/wiki,,https://github.com/jordansissel/ruby-cabin,,https://rubygems.org/gems/cabin,24.2
mixlib-authentication,3.0.10,27024086,tool-generated; github wiki; homepage,3,,https://www.rubydoc.info/gems/mixlib-authentication/3.0.10,,,,,https://github.com/chef/mixlib-authentication,,https://github.com/chef/mixlib-authentication/wiki,,https://github.com/chef/mixlib-authentication,,https://rubygems.org/gems/mixlib-authentication,29.5
rubocop-rails-omakase,1.1.0,26889020,tool-generated; github wiki; homepage,3,,https://www.rubydoc.info/gems/rubocop-rails-omakase/1.1.0,,,,,https://github.com/rails/rubocop-rails-omakase,,https://github.com/rails/rubocop-rails-omakase/wiki,,https://github.com/rails/rubocop-rails-omakase,,https://rubygems.org/gems/rubocop-rails-omakase,
train,3.16.5,26661779,tool-generated; github wiki; homepage,4,,https://rubydoc.info/gems/train,,,,,https://github.com/inspec/train,,https://github.com/inspec/train/wiki,,https://github.com/inspec/train,https://github.com/inspec/train/blob/master/CHANGELOG.md,https://rubygems.org/gems/train,11.7
concord,0.1.6,26459126,tool-generated; github wiki; homepage,3,,https://www.rubydoc.info/gems/concord/0.1.6,,,,,https://github.com/mbj/concord,,https://github.com/mbj/concord/wiki,,https://github.com/mbj/concord,,https://rubygems.org/gems/concord,85.7
spoon,0.0.6,26458006,tool-generated,1,,https://www.rubydoc.info/gems/spoon/0.0.6,,,,,,,,,,,https://rubygems.org/gems/spoon,0.0
aws-sdk-ivschat,1.60.0,26382393,tool-generated; homepage,3,,https://rubydoc.info/gems/aws-sdk-ivschat,,,,,https://github.com/aws/aws-sdk-ruby,,,,https://github.com/aws/aws-sdk-ruby,https://github.com/aws/aws-sdk-ruby/tree/version-3/gems/aws-sdk-ivschat/CHANGELOG.md,https://rubygems.org/gems/aws-sdk-ivschat,71.2
aws-sdk-keyspaces,1.60.0,26290576,tool-generated; homepage,3,,https://rubydoc.info/gems/aws-sdk-keyspaces,,,,,https://github.com/aws/aws-sdk-ruby,,,,https://github.com/aws/aws-sdk-ruby,https://github.com/aws/aws-sdk-ruby/tree/version-3/gems/aws-sdk-keyspaces/CHANGELOG.md,https://rubygems.org/gems/aws-sdk-keyspaces,67.4
aws-sdk-chimesdkmediapipelines,1.57.0,26237405,tool-generated; homepage,3,,https://rubydoc.info/gems/aws-sdk-chimesdkmediapipelines,,,,,https://github.com/aws/aws-sdk-ruby,,,,https://github.com/aws/aws-sdk-ruby,https://github.com/aws/aws-sdk-ruby/tree/version-3/gems/aws-sdk-chimesdkmediapipelines/CHANGELOG.md,https://rubygems.org/gems/aws-sdk-chimesdkmediapipelines,77.8
overcommit,0.73.0,26199837,tool-generated; github wiki; homepage,4,,https://rubydoc.info/gems/overcommit,,,,,https://github.com/sds/overcommit,,https://github.com/sds/overcommit/wiki,,https://github.com/sds/overcommit,https://github.com/sds/overcommit/blob/main/CHANGELOG.md,https://rubygems.org/gems/overcommit,31.2
activerecord-postgis-adapter,11.1.1,26014764,tool-generated; github wiki; homepage,3,,https://rubydoc.info/gems/activerecord-postgis-adapter,,,,,https://github.com/rgeo/activerecord-postgis-adapter,,https://github.com/rgeo/activerecord-postgis-adapter/wiki,,http://github.com/rgeo/activerecord-postgis-adapter,,https://rubygems.org/gems/activerecord-postgis-adapter,16.4
aws-sdk-billingconductor,1.60.0,25815938,tool-generated; homepage,3,,https://rubydoc.info/gems/aws-sdk-billingconductor,,,,,https://github.com/aws/aws-sdk-ruby,,,,https://github.com/aws/aws-sdk-ruby,https://github.com/aws/aws-sdk-ruby/tree/version-3/gems/aws-sdk-billingconductor/CHANGELOG.md,https://rubygems.org/gems/aws-sdk-billingconductor,78.1
aws-sdk-pinpointsmsvoicev2,1.61.0,25522347,tool-generated; homepage,3,,https://rubydoc.info/gems/aws-sdk-pinpointsmsvoicev2,,,,,https://github.com/aws/aws-sdk-ruby,,,,https://github.com/aws/aws-sdk-ruby,https://github.com/aws/aws-sdk-ruby/tree/version-3/gems/aws-sdk-pinpointsmsvoicev2/CHANGELOG.md,https://rubygems.org/gems/aws-sdk-pinpointsmsvoicev2,87.3
aws-sdk-emrserverless,1.70.0,25384162,tool-generated; homepage,3,,https://rubydoc.info/gems/aws-sdk-emrserverless,,,,,https://github.com/aws/aws-sdk-ruby,,,,https://github.com/aws/aws-sdk-ruby,https://github.com/aws/aws-sdk-ruby/tree/version-3/gems/aws-sdk-emrserverless/CHANGELOG.md,https://rubygems.org/gems/aws-sdk-emrserverless,69.6
aws-sdk-redshiftserverless,1.73.0,25089611,tool-generated; homepage,3,,https://rubydoc.info/gems/aws-sdk-redshiftserverless,,,,,https://github.com/aws/aws-sdk-ruby,,,,https://github.com/aws/aws-sdk-ruby,https://github.com/aws/aws-sdk-ruby/tree/version-3/gems/aws-sdk-redshiftserverless/CHANGELOG.md,https://rubygems.org/gems/aws-sdk-redshiftserverless,78.2
ffi-libarchive,1.1.14,24959991,tool-generated; github wiki; homepage,3,,https://www.rubydoc.info/gems/ffi-libarchive/1.1.14,,,,,https://github.com/chef/ffi-libarchive,,https://github.com/chef/ffi-libarchive/wiki,,https://github.com/chef/ffi-libarchive,,https://rubygems.org/gems/ffi-libarchive,3.5
aws-sdk-connectcampaignservice,1.51.0,24873996,tool-generated; homepage,3,,https://rubydoc.info/gems/aws-sdk-connectcampaignservice,,,,,https://github.com/aws/aws-sdk-ruby,,,,https://github.com/aws/aws-sdk-ruby,https://github.com/aws/aws-sdk-ruby/tree/version-3/gems/aws-sdk-connectcampaignservice/CHANGELOG.md,https://rubygems.org/gems/aws-sdk-connectcampaignservice,69.7
aws-sdk-mainframemodernization,1.54.0,24778895,tool-generated; homepage,3,,https://rubydoc.info/gems/aws-sdk-mainframemodernization,,,,,https://github.com/aws/aws-sdk-ruby,,,,https://github.com/aws/aws-sdk-ruby,https://github.com/aws/aws-sdk-ruby/tree/version-3/gems/aws-sdk-mainframemodernization/CHANGELOG.md,https://rubygems.org/gems/aws-sdk-mainframemodernization,73.9
aws-sdk-rolesanywhere,1.55.0,24092711,tool-generated; homepage,3,,https://rubydoc.info/gems/aws-sdk-rolesanywhere,,,,,https://github.com/aws/aws-sdk-ruby,,,,https://github.com/aws/aws-sdk-ruby,https://github.com/aws/aws-sdk-ruby/tree/version-3/gems/aws-sdk-rolesanywhere/CHANGELOG.md,https://rubygems.org/gems/aws-sdk-rolesanywhere,75.0
scss_lint,0.60.0,23747590,tool-generated; github wiki; homepage,3,,https://www.rubydoc.info/gems/scss_lint/0.60.0,,,,,https://github.com/sds/scss-lint,,https://github.com/sds/scss-lint/wiki,,https://github.com/sds/scss-lint,,https://rubygems.org/gems/scss_lint,26.3
db-query-matchers,0.15.0,23596901,tool-generated; github wiki; homepage,4,,https://rubydoc.info/gems/db-query-matchers,,,,,https://github.com/brigade/db-query-matchers,,https://github.com/brigade/db-query-matchers/wiki,,https://github.com/brigade/db-query-matchers,https://github.com/sds/db-query-matchers/blob/main/CHANGELOG.md,https://rubygems.org/gems/db-query-matchers,42.9
aws-sdk-licensemanagerusersubscriptions,1.54.0,23453764,tool-generated; homepage,3,,https://rubydoc.info/gems/aws-sdk-licensemanagerusersubscriptions,,,,,https://github.com/aws/aws-sdk-ruby,,,,https://github.com/aws/aws-sdk-ruby,https://github.com/aws/aws-sdk-ruby/tree/version-3/gems/aws-sdk-licensemanagerusersubscriptions/CHANGELOG.md,https://rubygems.org/gems/aws-sdk-licensemanagerusersubscriptions,64.4
telesign,4.0.2,23300682,tool-generated; homepage,2,,https://www.rubydoc.info/gems/telesign/4.0.2,,,,,,,,,http://rubygems.org/gems/telesign,,https://rubygems.org/gems/telesign,60.0
aws-sdk-supportapp,1.49.0,22830176,tool-generated; homepage,3,,https://rubydoc.info/gems/aws-sdk-supportapp,,,,,https://github.com/aws/aws-sdk-ruby,,,,https://github.com/aws/aws-sdk-ruby,https://github.com/aws/aws-sdk-ruby/tree/version-3/gems/aws-sdk-supportapp/CHANGELOG.md,https://rubygems.org/gems/aws-sdk-supportapp,58.3
aws-sdk-controltower,1.63.0,22720896,tool-generated; homepage,3,,https://rubydoc.info/gems/aws-sdk-controltower,,,,,https://github.com/aws/aws-sdk-ruby,,,,https://github.com/aws/aws-sdk-ruby,https://github.com/aws/aws-sdk-ruby/tree/version-3/gems/aws-sdk-controltower/CHANGELOG.md,https://rubygems.org/gems/aws-sdk-controltower,69.4
forwardable,1.4.0,22370991,tool-generated; github wiki; homepage,3,,https://www.rubydoc.info/gems/forwardable/1.4.0,,,,,https://github.com/ruby/forwardable,,https://github.com/ruby/forwardable/wiki,,https://github.com/ruby/forwardable,,https://rubygems.org/gems/forwardable,85.7
aws-sdk-iotfleetwise,1.66.0,22320760,tool-generated; homepage,3,,https://rubydoc.info/gems/aws-sdk-iotfleetwise,,,,,https://github.com/aws/aws-sdk-ruby,,,,https://github.com/aws/aws-sdk-ruby,https://github.com/aws/aws-sdk-ruby/tree/version-3/gems/aws-sdk-iotfleetwise/CHANGELOG.md,https://rubygems.org/gems/aws-sdk-iotfleetwise,82.4
graphlyte,1.0.0,22291459,tool-generated; homepage,2,,https://rubydoc.info/gems/graphlyte,,,,,,,,,https://rubygems.org/gems/graphlyte,,https://rubygems.org/gems/graphlyte,3.9
telesignenterprise,6.0.2,22290290,tool-generated; homepage,2,,https://www.rubydoc.info/gems/telesignenterprise/6.0.2,,,,,,,,,http://rubygems.org/gems/telesign,,https://rubygems.org/gems/telesignenterprise,60.6
aws-sdk-connectcases,1.71.0,22133407,tool-generated; homepage,3,,https://rubydoc.info/gems/aws-sdk-connectcases,,,,,https://github.com/aws/aws-sdk-ruby,,,,https://github.com/aws/aws-sdk-ruby,https://github.com/aws/aws-sdk-ruby/tree/version-3/gems/aws-sdk-connectcases/CHANGELOG.md,https://rubygems.org/gems/aws-sdk-connectcases,76.3
semver_dialects,4.1.3,22105167,tool-generated; homepage,3,,https://rubydoc.info/gems/semver_dialects,,,,,,,,,https://rubygems.org/gems/semver_dialects,https://gitlab.com/gitlab-org/ruby/gems/semver_dialects/-/blob/master/CHANGELOG.md,https://rubygems.org/gems/semver_dialects,16.5
aws-sdk-migrationhuborchestrator,1.48.0,22036812,tool-generated; homepage,3,,https://rubydoc.info/gems/aws-sdk-migrationhuborchestrator,,,,,https://github.com/aws/aws-sdk-ruby,,,,https://github.com/aws/aws-sdk-ruby,https://github.com/aws/aws-sdk-ruby/tree/version-3/gems/aws-sdk-migrationhuborchestrator/CHANGELOG.md,https://rubygems.org/gems/aws-sdk-migrationhuborchestrator,70.0
aws-sdk-scheduler,1.49.0,22033933,tool-generated; homepage,3,,https://rubydoc.info/gems/aws-sdk-scheduler,,,,,https://github.com/aws/aws-sdk-ruby,,,,https://github.com/aws/aws-sdk-ruby,https://github.com/aws/aws-sdk-ruby/tree/version-3/gems/aws-sdk-scheduler/CHANGELOG.md,https://rubygems.org/gems/aws-sdk-scheduler,60.5
duo_api,1.6.0,21384676,tool-generated; github wiki; homepage,3,,https://www.rubydoc.info/gems/duo_api/1.6.0,,,,,https://github.com/duosecurity/duo_api_ruby,,https://github.com/duosecurity/duo_api_ruby/wiki,,https://github.com/duosecurity/duo_api_ruby,,https://rubygems.org/gems/duo_api,22.4
aws-sdk-bedrockruntime,1.83.0,21346019,tool-generated; homepage,3,,https://rubydoc.info/gems/aws-sdk-bedrockruntime,,,,,https://github.com/aws/aws-sdk-ruby,,,,https://github.com/aws/aws-sdk-ruby,https://github.com/aws/aws-sdk-ruby/tree/version-3/gems/aws-sdk-bedrockruntime/CHANGELOG.md,https://rubygems.org/gems/aws-sdk-bedrockruntime,33.6
aws-record,2.15.2,20964176,tool-generated; github wiki; homepage,3,,https://www.rubydoc.info/gems/aws-record/2.15.2,,,,,https://github.com/aws/aws-sdk-ruby-record,,https://github.com/aws/aws-sdk-ruby-record/wiki,,https://github.com/aws/aws-sdk-ruby-record,,https://rubygems.org/gems/aws-record,38.9
erb_lint,0.9.0,20813898,tool-generated; github wiki; homepage,3,,https://www.rubydoc.info/gems/erb_lint/0.9.0,,,,,https://github.com/shopify/erb-lint,,https://github.com/shopify/erb-lint/wiki,,https://github.com/Shopify/erb-lint,,https://rubygems.org/gems/erb_lint,0.8
aws-sdk-resourceexplorer2,1.54.0,20677408,tool-generated; homepage,3,,https://rubydoc.info/gems/aws-sdk-resourceexplorer2,,,,,https://github.com/aws/aws-sdk-ruby,,,,https://github.com/aws/aws-sdk-ruby,https://github.com/aws/aws-sdk-ruby/tree/version-3/gems/aws-sdk-resourceexplorer2/CHANGELOG.md,https://rubygems.org/gems/aws-sdk-resourceexplorer2,73.8
aws-sdk-chimesdkvoice,1.60.0,20640989,tool-generated; homepage,3,,https://rubydoc.info/gems/aws-sdk-chimesdkvoice,,,,,https://github.com/aws/aws-sdk-ruby,,,,https://github.com/aws/aws-sdk-ruby,https://github.com/aws/aws-sdk-ruby/tree/version-3/gems/aws-sdk-chimesdkvoice/CHANGELOG.md,https://rubygems.org/gems/aws-sdk-chimesdkvoice,82.8
aws-sdk-ssmsap,1.56.0,20521925,tool-generated; homepage,3,,https://rubydoc.info/gems/aws-sdk-ssmsap,,,,,https://github.com/aws/aws-sdk-ruby,,,,https://github.com/aws/aws-sdk-ruby,https://github.com/aws/aws-sdk-ruby/tree/version-3/gems/aws-sdk-ssmsap/CHANGELOG.md,https://rubygems.org/gems/aws-sdk-ssmsap,72.5
aws-sdk-omics,1.76.0,20458447,tool-generated; homepage,3,,https://rubydoc.info/gems/aws-sdk-omics,,,,,https://github.com/aws/aws-sdk-ruby,,,,https://github.com/aws/aws-sdk-ruby,https://github.com/aws/aws-sdk-ruby/tree/version-3/gems/aws-sdk-omics/CHANGELOG.md,https://rubygems.org/gems/aws-sdk-omics,77.2
aws-sdk-codecatalyst,1.52.0,20337601,tool-generated; homepage,3,,https://rubydoc.info/gems/aws-sdk-codecatalyst,,,,,https://github.com/aws/aws-sdk-ruby,,,,https://github.com/aws/aws-sdk-ruby,https://github.com/aws/aws-sdk-ruby/tree/version-3/gems/aws-sdk-codecatalyst/CHANGELOG.md,https://rubygems.org/gems/aws-sdk-codecatalyst,75.4
aws-sdk-pipes,1.56.0,20302583,tool-generated; homepage,3,,https://rubydoc.info/gems/aws-sdk-pipes,,,,,https://github.com/aws/aws-sdk-ruby,,,,https://github.com/aws/aws-sdk-ruby,https://github.com/aws/aws-sdk-ruby/tree/version-3/gems/aws-sdk-pipes/CHANGELOG.md,https://rubygems.org/gems/aws-sdk-pipes,68.1
aws-sdk-arczonalshift,1.51.0,20288081,tool-generated; homepage,3,,https://rubydoc.info/gems/aws-sdk-arczonalshift,,,,,https://github.com/aws/aws-sdk-ruby,,,,https://github.com/aws/aws-sdk-ruby,https://github.com/aws/aws-sdk-ruby/tree/version-3/gems/aws-sdk-arczonalshift/CHANGELOG.md,https://rubygems.org/gems/aws-sdk-arczonalshift,65.9
aws-sdk-opensearchserverless,1.62.0,20277366,tool-generated; homepage,3,,https://rubydoc.info/gems/aws-sdk-opensearchserverless,,,,,https://github.com/aws/aws-sdk-ruby,,,,https://github.com/aws/aws-sdk-ruby,https://github.com/aws/aws-sdk-ruby/tree/version-3/gems/aws-sdk-opensearchserverless/CHANGELOG.md,https://rubygems.org/gems/aws-sdk-opensearchserverless,80.3
aws-sdk-securitylake,1.57.0,20269120,tool-generated; homepage,3,,https://rubydoc.info/gems/aws-sdk-securitylake,,,,,https://github.com/aws/aws-sdk-ruby,,,,https://github.com/aws/aws-sdk-ruby,https://github.com/aws/aws-sdk-ruby/tree/version-3/gems/aws-sdk-securitylake/CHANGELOG.md,https://rubygems.org/gems/aws-sdk-securitylake,73.5
aws-sdk-docdbelastic,1.48.0,20262964,tool-generated; homepage,3,,https://rubydoc.info/gems/aws-sdk-docdbelastic,,,,,https://github.com/aws/aws-sdk-ruby,,,,https://github.com/aws/aws-sdk-ruby,https://github.com/aws/aws-sdk-ruby/tree/version-3/gems/aws-sdk-docdbelastic/CHANGELOG.md,https://rubygems.org/gems/aws-sdk-docdbelastic,67.9
aws-sdk-oam,1.52.0,20259136,tool-generated; homepage,3,,https://rubydoc.info/gems/aws-sdk-oam,,,,,https://github.com/aws/aws-sdk-ruby,,,,https://github.com/aws/aws-sdk-ruby,https://github.com/aws/aws-sdk-ruby/tree/version-3/gems/aws-sdk-oam/CHANGELOG.md,https://rubygems.org/gems/aws-sdk-oam,66.7
aws-sdk-privatenetworks,1.33.0,20218597,tool-generated; homepage,3,,https://rubydoc.info/gems/aws-sdk-privatenetworks,,,,,https://github.com/aws/aws-sdk-ruby,,,,https://github.com/aws/aws-sdk-ruby,https://github.com/aws/aws-sdk-ruby/tree/version-3/gems/aws-sdk-privatenetworks/CHANGELOG.md,https://rubygems.org/gems/aws-sdk-privatenetworks,70.0
aws-sdk-sagemakergeospatial,1.48.0,20205450,tool-generated; homepage,3,,https://rubydoc.info/gems/aws-sdk-sagemakergeospatial,,,,,https://github.com/aws/aws-sdk-ruby,,,,https://github.com/aws/aws-sdk-ruby,https://github.com/aws/aws-sdk-ruby/tree/version-3/gems/aws-sdk-sagemakergeospatial/CHANGELOG.md,https://rubygems.org/gems/aws-sdk-sagemakergeospatial,69.8
aws-sdk-simspaceweaver,1.49.0,20131181,tool-generated; homepage,3,,https://rubydoc.info/gems/aws-sdk-simspaceweaver,,,,,https://github.com/aws/aws-sdk-ruby,,,,https://github.com/aws/aws-sdk-ruby,https://github.com/aws/aws-sdk-ruby/tree/version-3/gems/aws-sdk-simspaceweaver/CHANGELOG.md,https://rubygems.org/gems/aws-sdk-simspaceweaver,63.6
dependabot-python,0.395.0,19851130,tool-generated; homepage,3,,https://rubydoc.info/gems/dependabot-python,,,,,https://github.com/dependabot/dependabot-core,,,,https://github.com/dependabot/dependabot-core,https://github.com/dependabot/dependabot-core/releases/tag/v0.393.0,https://rubygems.org/gems/dependabot-python,0.1
aws-sdk-sagemakermetrics,1.49.0,19810202,tool-generated; homepage,3,,https://rubydoc.info/gems/aws-sdk-sagemakermetrics,,,,,https://github.com/aws/aws-sdk-ruby,,,,https://github.com/aws/aws-sdk-ruby,https://github.com/aws/aws-sdk-ruby/tree/version-3/gems/aws-sdk-sagemakermetrics/CHANGELOG.md,https://rubygems.org/gems/aws-sdk-sagemakermetrics,43.8
dependabot-bundler,0.395.0,19531499,tool-generated; homepage,3,,https://rubydoc.info/gems/dependabot-bundler,,,,,https://github.com/dependabot/dependabot-core,,,,https://github.com/dependabot/dependabot-core,https://github.com/dependabot/dependabot-core/releases/tag/v0.393.0,https://rubygems.org/gems/dependabot-bundler,2.4
aws-sdk-kinesisvideowebrtcstorage,1.48.0,19284006,tool-generated; homepage,3,,https://rubydoc.info/gems/aws-sdk-kinesisvideowebrtcstorage,,,,,https://github.com/aws/aws-sdk-ruby,,,,https://github.com/aws/aws-sdk-ruby,https://github.com/aws/aws-sdk-ruby/tree/version-3/gems/aws-sdk-kinesisvideowebrtcstorage/CHANGELOG.md,https://rubygems.org/gems/aws-sdk-kinesisvideowebrtcstorage,45.8
aws-sdk-licensemanagerlinuxsubscriptions,1.47.0,19157354,tool-generated; homepage,3,,https://rubydoc.info/gems/aws-sdk-licensemanagerlinuxsubscriptions,,,,,https://github.com/aws/aws-sdk-ruby,,,,https://github.com/aws/aws-sdk-ruby,https://github.com/aws/aws-sdk-ruby/tree/version-3/gems/aws-sdk-licensemanagerlinuxsubscriptions/CHANGELOG.md,https://rubygems.org/gems/aws-sdk-licensemanagerlinuxsubscriptions,60.6
ejson,1.5.3,19149774,tool-generated; github wiki; homepage,3,,https://www.rubydoc.info/gems/ejson/1.5.3,,,,,https://github.com/shopify/ejson,,https://github.com/shopify/ejson/wiki,,https://github.com/Shopify/ejson,,https://rubygems.org/gems/ejson,
aws-sdk-cleanrooms,1.79.0,18968005,tool-generated; homepage,3,,https://rubydoc.info/gems/aws-sdk-cleanrooms,,,,,https://github.com/aws/aws-sdk-ruby,,,,https://github.com/aws/aws-sdk-ruby,https://github.com/aws/aws-sdk-ruby/tree/version-3/gems/aws-sdk-cleanrooms/CHANGELOG.md,https://rubygems.org/gems/aws-sdk-cleanrooms,88.7
aws-sdk-kendraranking,1.48.0,18887547,tool-generated; homepage,3,,https://rubydoc.info/gems/aws-sdk-kendraranking,,,,,https://github.com/aws/aws-sdk-ruby,,,,https://github.com/aws/aws-sdk-ruby,https://github.com/aws/aws-sdk-ruby/tree/version-3/gems/aws-sdk-kendraranking/CHANGELOG.md,https://rubygems.org/gems/aws-sdk-kendraranking,56.4
hashie-forbidden_attributes,0.1.1,18721084,tool-generated; github wiki; homepage,3,,https://www.rubydoc.info/gems/hashie-forbidden_attributes/0.1.1,,,,,https://github.com/maxim-filimonov/hashie-forbidden_attributes,,https://github.com/maxim-filimonov/hashie-forbidden_attributes/wiki,,https://github.com/Maxim-Filimonov/hashie-forbidden_attributes,,https://rubygems.org/gems/hashie-forbidden_attributes,0.0
redis-cluster-client,0.17.1,18529097,tool-generated; github wiki; homepage,3,,https://www.rubydoc.info/gems/redis-cluster-client/0.17.1,,,,,https://github.com/redis-rb/redis-cluster-client,,https://github.com/redis-rb/redis-cluster-client/wiki,,https://github.com/redis-rb/redis-cluster-client,,https://rubygems.org/gems/redis-cluster-client,4.8
semverse,3.0.2,18175008,tool-generated; github wiki; homepage,3,,https://www.rubydoc.info/gems/semverse/3.0.2,,,,,https://github.com/chef/semverse,,https://github.com/chef/semverse/wiki,,https://github.com/chef/semverse/,,https://rubygems.org/gems/semverse,70.4
mixlib-archive,1.3.3,17993943,tool-generated; github wiki; homepage,3,,https://www.rubydoc.info/gems/mixlib-archive/1.3.3,,,,,https://github.com/chef/mixlib-archive,,https://github.com/chef/mixlib-archive/wiki,,https://github.com/chef/mixlib-archive,,https://rubygems.org/gems/mixlib-archive,29.4
github-linguist,9.7.0,16349897,tool-generated; github wiki; homepage,3,,https://www.rubydoc.info/gems/github-linguist/9.7.0,,,,,https://github.com/github-linguist/linguist,,https://github.com/github-linguist/linguist/wiki,,https://github.com/github-linguist/linguist,,https://rubygems.org/gems/github-linguist,71.8
hamster,3.0.0,13757419,tool-generated; github wiki; homepage,3,,https://rdoc.info/projects/hamstergem/hamster,,,,,https://github.com/hamstergem/hamster,,https://github.com/hamstergem/hamster/wiki,,https://github.com/hamstergem/hamster,,https://rubygems.org/gems/hamster,64.4
committee,5.6.3,13133731,tool-generated; github wiki; homepage,4,,https://rubydoc.info/gems/committee,,,,,https://github.com/interagent/committee,,https://github.com/interagent/committee/wiki,,https://github.com/interagent/committee,https://github.com/interagent/committee/blob/master/CHANGELOG.md,https://rubygems.org/gems/committee,28.3
solve,4.0.4,11158672,tool-generated; github wiki; homepage,3,,https://www.rubydoc.info/gems/solve/4.0.4,,,,,https://github.com/berkshelf/solve,,https://github.com/berkshelf/solve/wiki,,https://github.com/berkshelf/solve,,https://rubygems.org/gems/solve,61.3
pundit-matchers,4.0.0,11059955,tool-generated; github wiki; homepage,3,,https://www.rubydoc.info/gems/pundit-matchers/4.0.0,,,,,https://github.com/punditcommunity/pundit-matchers,,https://github.com/punditcommunity/pundit-matchers/wiki,,https://github.com/punditcommunity/pundit-matchers,,https://rubygems.org/gems/pundit-matchers,71.0
license-acceptance,2.1.13,10814888,tool-generated; github wiki; homepage,3,,https://www.rubydoc.info/gems/license-acceptance/2.1.13,,,,,https://github.com/chef/license-acceptance,,https://github.com/chef/license-acceptance/wiki,,https://github.com/chef/license-acceptance/,,https://rubygems.org/gems/license-acceptance,12.5
jar-dependencies,0.6.0,10742961,tool-generated; github wiki; homepage,3,,https://www.rubydoc.info/gems/jar-dependencies/0.5.7,,,,,https://github.com/jruby/jar-dependencies,,https://github.com/jruby/jar-dependencies/wiki,,https://github.com/jruby/jar-dependencies,,https://rubygems.org/gems/jar-dependencies,
inspec-core,7.2.1,9847584,tool-generated; docs folder; github wiki; github pages; homepage,4,,https://www.rubydoc.info/gems/inspec-core/7.1.7,,Yes,lib/plugins/inspec-init/templates/resources/basic/docs/resource-doc.erb; lib/plugins/inspec-init/templates/resources/plural/docs/resource-doc.erb,,https://github.com/inspec/inspec,,https://github.com/inspec/inspec/wiki,http://inspec.io,https://github.com/inspec/inspec,,https://rubygems.org/gems/inspec-core,16.6
scanf,1.0.0,9535850,tool-generated; github wiki; homepage,3,,https://www.rubydoc.info/gems/scanf/1.0.0,,,,,https://github.com/ruby/scanf,,https://github.com/ruby/scanf/wiki,,https://github.com/ruby/scanf,,https://rubygems.org/gems/scanf,7.1
easy_translate,0.5.2,9156577,tool-generated; github wiki; homepage,3,,https://www.rubydoc.info/gems/easy_translate/0.5.2,,,,,https://github.com/seejohnrun/easy_translate,,https://github.com/seejohnrun/easy_translate/wiki,,https://github.com/seejohnrun/easy_translate,,https://rubygems.org/gems/easy_translate,55.6
lefthook,2.1.12,8883060,tool-generated; github docs; github pages; homepage,4,,https://www.rubydoc.info/gems/lefthook/2.1.12,,,,,https://github.com/evilmartians/lefthook,https://github.com/evilmartians/lefthook/tree/HEAD/docs,,http://lefthook.dev/,https://github.com/evilmartians/lefthook,,https://rubygems.org/gems/lefthook,
versionist,2.0.1,8731064,tool-generated; github wiki; homepage,3,,https://www.rubydoc.info/gems/versionist/2.0.1,,,,,https://github.com/bploetz/versionist,,https://github.com/bploetz/versionist/wiki,,https://github.com/bploetz/versionist,,https://rubygems.org/gems/versionist,9.1
train-winrm,0.4.3,8625417,tool-generated; github wiki; homepage,3,,https://www.rubydoc.info/gems/train-winrm/0.4.3,,,,,https://github.com/inspec/train-winrm,,https://github.com/inspec/train-winrm/wiki,,https://github.com/inspec/train-winrm,,https://rubygems.org/gems/train-winrm,63.9
jemoji,0.13.0,8610197,tool-generated; github wiki; homepage,3,,https://www.rubydoc.info/gems/jemoji/0.13.0,,,,,https://github.com/jekyll/jemoji,,https://github.com/jekyll/jemoji/wiki,,https://github.com/jekyll/jemoji,,https://rubygems.org/gems/jemoji,57.1
jquery-datatables-rails,3.4.0,8559225,tool-generated; github wiki; homepage,3,,https://www.rubydoc.info/gems/jquery-datatables-rails/3.4.0,,,,,https://github.com/rweng/jquery-datatables-rails,,https://github.com/rweng/jquery-datatables-rails/wiki,,https://github.com/rweng/jquery-datatables-rails,,https://rubygems.org/gems/jquery-datatables-rails,0.0
maruku,0.7.3,8416240,tool-generated; docs folder; github wiki; homepage,3,,https://www.rubydoc.info/gems/maruku/0.7.3,,Yes,docs/div_syntax.md; docs/entity_test.md; docs/markdown_syntax.md; docs/maruku.md; docs/math.md; docs/other_stuff.md; docs/proposal.md,,https://github.com/bhollis/maruku,,https://github.com/bhollis/maruku/wiki,,http://github.com/bhollis/maruku,,https://rubygems.org/gems/maruku,26.7
html-proofer,5.2.2,8398008,tool-generated; github wiki; homepage,3,,https://rubydoc.info/gems/html-proofer,,,,,https://github.com/gjtorikian/html-proofer,,https://github.com/gjtorikian/html-proofer/wiki,,https://github.com/gjtorikian/html-proofer,,https://rubygems.org/gems/html-proofer,5.8
rack-openid,1.4.2,8266404,tool-generated; github wiki; homepage,3,,https://www.rubydoc.info/gems/rack-openid/1.4.2,,,,,https://github.com/grosser/rack-openid,,https://github.com/grosser/rack-openid/wiki,,https://github.com/grosser/rack-openid,,https://rubygems.org/gems/rack-openid,9.1
jekyll-remote-theme,0.5.2,8265665,tool-generated; github wiki; homepage,3,,https://www.rubydoc.info/gems/jekyll-remote-theme/0.5.2,,,,,https://github.com/benbalter/jekyll-remote-theme,,https://github.com/benbalter/jekyll-remote-theme/wiki,,https://github.com/benbalter/jekyll-remote-theme,,https://rubygems.org/gems/jekyll-remote-theme,18.1
jekyll-coffeescript,2.0.0,8167541,tool-generated; homepage,2,,https://www.rubydoc.info/gems/jekyll-coffeescript/2.0.0,,,,,https://github.com/jekyll/jekyll-coffeescript,,,,https://github.com/jekyll/jekyll-coffeescript,,https://rubygems.org/gems/jekyll-coffeescript,0.0
jekyll-include-cache,0.2.2,7685142,tool-generated; github docs; homepage,3,,https://www.rubydoc.info/gems/jekyll-include-cache/0.2.2,,,,,https://github.com/benbalter/jekyll-include-cache,https://github.com/benbalter/jekyll-include-cache/tree/HEAD/docs,,,https://github.com/benbalter/jekyll-include-cache,,https://rubygems.org/gems/jekyll-include-cache,0.0
jekyll-github-metadata,2.16.1,7537366,tool-generated; github wiki; homepage,3,,https://www.rubydoc.info/gems/jekyll-github-metadata/2.16.1,,,,,https://github.com/jekyll/github-metadata,,https://github.com/jekyll/github-metadata/wiki,,https://github.com/jekyll/github-metadata,,https://rubygems.org/gems/jekyll-github-metadata,10.9
mdl,0.18.1,7093134,tool-generated; github wiki; homepage,3,,https://www.rubydoc.info/gems/mdl/0.18.1,,,,,https://github.com/mivok/markdownlint,,https://github.com/mivok/markdownlint/wiki,,https://github.com/markdownlint/markdownlint,,https://rubygems.org/gems/mdl,7.8
jekyll-relative-links,0.8.0,6990895,tool-generated; github wiki; homepage,3,,https://www.rubydoc.info/gems/jekyll-relative-links/0.8.0,,,,,https://github.com/benbalter/jekyll-relative-links,,https://github.com/benbalter/jekyll-relative-links/wiki,,https://github.com/benbalter/jekyll-relative-links,,https://rubygems.org/gems/jekyll-relative-links,8.3
jekyll-mentions,1.6.0,6849969,tool-generated; github wiki; homepage,3,,https://www.rubydoc.info/gems/jekyll-mentions/1.6.0,,,,,https://github.com/jekyll/jekyll-mentions,,https://github.com/jekyll/jekyll-mentions/wiki,,https://github.com/jekyll/jekyll-mentions,,https://rubygems.org/gems/jekyll-mentions,50.0
chef-telemetry,1.1.1,6772596,tool-generated; github wiki; homepage,3,,https://www.rubydoc.info/gems/chef-telemetry/1.1.1,,,,,https://github.com/chef/chef-telemetry,,https://github.com/chef/chef-telemetry/wiki,,https://github.com/chef/chef-telemetry,,https://rubygems.org/gems/chef-telemetry,4.2
jekyll-optional-front-matter,0.3.3,6556767,tool-generated; github wiki; homepage,3,,https://www.rubydoc.info/gems/jekyll-optional-front-matter/0.3.3,,,,,https://github.com/benbalter/jekyll-optional-front-matter,,https://github.com/benbalter/jekyll-optional-front-matter/wiki,,https://github.com/benbalter/jekyll-optional-front-matter,,https://rubygems.org/gems/jekyll-optional-front-matter,46.7
jekyll-default-layout,0.2.0,6447857,tool-generated; github wiki; homepage,3,,https://www.rubydoc.info/gems/jekyll-default-layout/0.2.0,,,,,https://github.com/benbalter/jekyll-default-layout,,https://github.com/benbalter/jekyll-default-layout/wiki,,https://github.com/benbalter/jekyll-default-layout,,https://rubygems.org/gems/jekyll-default-layout,26.7
jekyll-readme-index,0.4.0,6402652,tool-generated; github wiki; homepage,3,,https://www.rubydoc.info/gems/jekyll-readme-index/0.4.0,,,,,https://github.com/benbalter/jekyll-readme-index,,https://github.com/benbalter/jekyll-readme-index/wiki,,https://github.com/benbalter/jekyll-readme-index,,https://rubygems.org/gems/jekyll-readme-index,41.2
activerecord-jdbc-adapter,72.1,5879599,tool-generated; github wiki; homepage,3,,https://www.rubydoc.info/gems/activerecord-jdbc-adapter/51.0,,,,,https://github.com/jruby/activerecord-jdbc-adapter,,https://github.com/jruby/activerecord-jdbc-adapter/wiki,,https://github.com/jruby/activerecord-jdbc-adapter,,https://rubygems.org/gems/activerecord-jdbc-adapter,
paypalhttp,2.0.1,4902857,tool-generated,1,,https://www.rubydoc.info/gems/paypalhttp/2.0.1,,,,,,,,,,,https://rubygems.org/gems/paypalhttp,0.0
jsobfu,0.4.2,4447945,tool-generated; github wiki; homepage,3,,https://www.rubydoc.info/gems/jsobfu/0.4.2,,,,,https://github.com/rapid7/jsobfu,,https://github.com/rapid7/jsobfu/wiki,,https://github.com/rapid7/jsobfu,,https://rubygems.org/gems/jsobfu,39.3
escape_code,0.2,4203864,tool-generated; github wiki; homepage,3,,https://www.rubydoc.info/gems/escape_code/0.2,,,,,https://github.com/javawizard/escape_code,,https://github.com/javawizard/escape_code/wiki,,https://github.com/javawizard/escape_code,,https://rubygems.org/gems/escape_code,0.0
corefoundation,0.3.19,3939533,tool-generated; github wiki; homepage,3,,https://www.rubydoc.info/gems/corefoundation/0.3.19,,,,,https://github.com/chef/corefoundation,,https://github.com/chef/corefoundation/wiki,,http://github.com/chef/corefoundation,,https://rubygems.org/gems/corefoundation,72.5
posthog-ruby,3.23.7,3914733,tool-generated; github wiki; homepage,3,,https://www.rubydoc.info/gems/posthog-ruby/3.23.5,,,,,https://github.com/posthog/posthog-ruby,,https://github.com/posthog/posthog-ruby/wiki,,https://github.com/PostHog/posthog-ruby,,https://rubygems.org/gems/posthog-ruby,52.9
kitchen-vagrant,2.4.1,3663272,tool-generated; github wiki; homepage,3,,https://www.rubydoc.info/gems/kitchen-vagrant/2.4.0,,,,,https://github.com/opscode/kitchen-vagrant,,https://github.com/opscode/kitchen-vagrant/wiki,,https://github.com/test-kitchen/kitchen-vagrant/,,https://rubygems.org/gems/kitchen-vagrant,98.5
protobug_well_known_protos,0.2.0,3591520,tool-generated; github wiki; homepage,3,,https://www.rubydoc.info/gems/protobug_well_known_protos/0.2.0,,,,,https://github.com/segiddins/protobug,,https://github.com/segiddins/protobug/wiki,,https://github.com/segiddins/protobug/blob/v0.2.0/gen/protobug_well_known_protos,,https://rubygems.org/gems/protobug_well_known_protos,0.0
protobug_googleapis_field_behavior_protos,0.2.0,3591259,tool-generated; github wiki; homepage,3,,https://www.rubydoc.info/gems/protobug_googleapis_field_behavior_protos/0.2.0,,,,,https://github.com/segiddins/protobug,,https://github.com/segiddins/protobug/wiki,,https://github.com/segiddins/protobug/blob/v0.2.0/gen/protobug_googleapis_field_behavior_protos,,https://rubygems.org/gems/protobug_googleapis_field_behavior_protos,0.0
protobug_sigstore_protos,0.2.0,3590619,tool-generated; github wiki; homepage,3,,https://www.rubydoc.info/gems/protobug_sigstore_protos/0.2.0,,,,,https://github.com/segiddins/protobug,,https://github.com/segiddins/protobug/wiki,,https://github.com/segiddins/protobug/blob/v0.2.0/gen/protobug_sigstore_protos,,https://rubygems.org/gems/protobug_sigstore_protos,0.0
fauxhai-ng,9.3.0,3385725,tool-generated; github wiki; homepage,3,,https://www.rubydoc.info/gems/fauxhai-ng/9.3.0,,,,,https://github.com/chefspec/fauxhai,,https://github.com/chefspec/fauxhai/wiki,,https://github.com/chefspec/fauxhai,,https://rubygems.org/gems/fauxhai-ng,8.5
rex-exploitation,0.1.44,3219060,tool-generated; github wiki; homepage,3,,https://www.rubydoc.info/gems/rex-exploitation/0.1.44,,,,,https://github.com/rapid7/rex-exploitation,,https://github.com/rapid7/rex-exploitation/wiki,,https://github.com/rapid7/rex-exploitation,,https://rubygems.org/gems/rex-exploitation,
win32-process,0.10.0,3163655,tool-generated; github wiki; homepage,3,,https://www.rubydoc.info/gems/win32-process/0.10.0,,,,,https://github.com/djberg96/win32-process,,https://github.com/djberg96/win32-process/wiki,,https://github.com/chef/win32-process,,https://rubygems.org/gems/win32-process,85.0
activerecord-jdbcpostgresql-adapter,72.1,2747463,tool-generated; github wiki; homepage,3,,https://www.rubydoc.info/gems/activerecord-jdbcpostgresql-adapter/50.0,,,,,https://github.com/jruby/activerecord-jdbc-adapter,,https://github.com/jruby/activerecord-jdbc-adapter/wiki,,https://github.com/jruby/activerecord-jdbc-adapter,,https://rubygems.org/gems/activerecord-jdbcpostgresql-adapter,
train-rest,0.5.0,2541416,tool-generated; github wiki; homepage,3,,https://www.rubydoc.info/gems/train-rest/0.5.0,,,,,https://github.com/tecracer-chef/train-rest,,https://github.com/tecracer-chef/train-rest/wiki,,https://github.com/tecracer-chef/train-rest,,https://rubygems.org/gems/train-rest,24.3
activerecord-jdbcmysql-adapter,72.1,2470523,tool-generated; github wiki; homepage,3,,https://www.rubydoc.info/gems/activerecord-jdbcmysql-adapter/51.0,,,,,https://github.com/jruby/activerecord-jdbc-adapter,,https://github.com/jruby/activerecord-jdbc-adapter/wiki,,https://github.com/jruby/activerecord-jdbc-adapter,,https://rubygems.org/gems/activerecord-jdbcmysql-adapter,
activerecord-jdbcsqlite3-adapter,72.1,2246404,tool-generated; github wiki; homepage,3,,https://www.rubydoc.info/gems/activerecord-jdbcsqlite3-adapter/51.0,,,,,https://github.com/jruby/activerecord-jdbc-adapter,,https://github.com/jruby/activerecord-jdbc-adapter/wiki,,https://github.com/jruby/activerecord-jdbc-adapter,,https://rubygems.org/gems/activerecord-jdbcsqlite3-adapter,
rack-host-redirect,1.3.0,2147322,tool-generated; github wiki; homepage,3,,https://www.rubydoc.info/gems/rack-host-redirect/1.3.0,,,,,https://github.com/gbuesing/rack-host-redirect,,https://github.com/gbuesing/rack-host-redirect/wiki,,https://github.com/gbuesing/rack-host-redirect,,https://rubygems.org/gems/rack-host-redirect,0.0
gergich,2.2.1,1929087,tool-generated; github wiki; homepage,3,,https://www.rubydoc.info/gems/gergich/2.2.1,,,,,https://github.com/instructure/gergich,,https://github.com/instructure/gergich/wiki,,https://github.com/instructure/gergich,,https://rubygems.org/gems/gergich,7.5
leaflet-rails,1.9.5,1785427,tool-generated,1,,https://www.rubydoc.info/gems/leaflet-rails/1.9.5,,,,,https://github.com/axyjo/leaflet-rails,,,,,,https://rubygems.org/gems/leaflet-rails,0.0
dm-sqlite-adapter,1.2.0,1763236,tool-generated; github wiki; homepage,3,,https://rubydoc.info/gems/dm-sqlite-adapter,,,,,https://github.com/datamapper/dm-sqlite-adapter,,https://github.com/datamapper/dm-sqlite-adapter/wiki,,http://github.com/datamapper/dm-sqlite-adapter,,https://rubygems.org/gems/dm-sqlite-adapter,33.3
appbundler,0.13.4,1617361,tool-generated; github wiki; homepage,3,,https://www.rubydoc.info/gems/appbundler/0.13.4,,,,,https://github.com/chef/appbundler,,https://github.com/chef/appbundler/wiki,,https://github.com/chef/appbundler,,https://rubygems.org/gems/appbundler,29.5
win32-service,2.4.0,1525466,tool-generated; github wiki; homepage,3,,https://www.rubydoc.info/gems/win32-service/2.4.0,,,,,https://github.com/djberg96/win32-service,,https://github.com/djberg96/win32-service/wiki,,https://github.com/chef/win32-service,,https://rubygems.org/gems/win32-service,91.2
aws-actionmailbox-ses,0.2.0,1352330,tool-generated; github wiki; homepage,3,,https://www.rubydoc.info/gems/aws-actionmailbox-ses/0.2.0,,,,,https://github.com/aws/aws-actionmailbox-ses-ruby,,https://github.com/aws/aws-actionmailbox-ses-ruby/wiki,,https://github.com/aws/aws-actionmailbox-ses-ruby,,https://rubygems.org/gems/aws-actionmailbox-ses,2.2
inst-jobs,3.3.2,1323192,tool-generated; github wiki; homepage,3,,https://www.rubydoc.info/gems/inst-jobs/3.3.2,,,,,https://github.com/instructure/inst-jobs,,https://github.com/instructure/inst-jobs/wiki,,https://github.com/instructure/inst-jobs,,https://rubygems.org/gems/inst-jobs,7.8
chef-licensing,1.4.1,1295870,tool-generated; github wiki; homepage,3,,https://rubydoc.info/gems/chef-licensing,,,,,https://github.com/chef/chef-licensing,,https://github.com/chef/chef-licensing/wiki,,https://github.com/chef/chef-licensing,,https://rubygems.org/gems/chef-licensing,15.5
aroi,1.0.0,1294420,tool-generated; github wiki; homepage,3,,https://www.rubydoc.info/gems/aroi/1.0.0,,,,,https://github.com/instructure/aroi,,https://github.com/instructure/aroi/wiki,,https://github.com/instructure/aroi,,https://rubygems.org/gems/aroi,0.0
saml2,3.3.1,1281532,tool-generated; github wiki; homepage,3,,https://www.rubydoc.info/gems/saml2/3.3.1,,,,,https://github.com/instructure/ruby-saml2,,https://github.com/instructure/ruby-saml2/wiki,,https://github.com/instructure/ruby-saml2,,https://rubygems.org/gems/saml2,69.1
moodle2cc,0.2.47,1021701,tool-generated; github wiki; homepage,3,,https://www.rubydoc.info/gems/moodle2cc/0.2.47,,,,,https://github.com/instructure/moodle2cc,,https://github.com/instructure/moodle2cc/wiki,,https://github.com/instructure/moodle2cc,,https://rubygems.org/gems/moodle2cc,1.8
nokogiri-xmlsec-instructure,0.12.0,958675,tool-generated; github wiki; homepage,3,,https://www.rubydoc.info/gems/nokogiri-xmlsec-instructure/0.12.0,,,,,https://github.com/instructure/nokogiri-xmlsec-instructure,,https://github.com/instructure/nokogiri-xmlsec-instructure/wiki,,https://github.com/instructure/nokogiri-xmlsec-instructure,,https://rubygems.org/gems/nokogiri-xmlsec-instructure,57.1
inst_statsd,3.4.0,838940,tool-generated; github wiki; homepage,3,,https://www.rubydoc.info/gems/inst_statsd/3.4.0,,,,,https://github.com/instructure/inst_statsd,,https://github.com/instructure/inst_statsd/wiki,,https://github.com/instructure/inst_statsd,,https://rubygems.org/gems/inst_statsd,4.3
switchman-inst-jobs,4.4.0,783890,tool-generated; github wiki; homepage,3,,https://www.rubydoc.info/gems/switchman-inst-jobs/4.4.0,,,,,https://github.com/instructure/switchman-inst-jobs,,https://github.com/instructure/switchman-inst-jobs/wiki,,https://github.com/instructure/switchman-inst-jobs,,https://rubygems.org/gems/switchman-inst-jobs,4.2
discourse-fonts,0.0.19,714148,tool-generated; homepage,2,,https://www.rubydoc.info/gems/discourse-fonts/0.0.19,,,,,https://github.com/discourse/discourse-fonts,,,,https://github.com/discourse/discourse-fonts,,https://rubygems.org/gems/discourse-fonts,0.0
academic_benchmarks,1.1.3,653001,tool-generated; github wiki; homepage,3,,https://www.rubydoc.info/gems/academic_benchmarks/1.1.3,,,,,https://github.com/instructure/academic_benchmarks,,https://github.com/instructure/academic_benchmarks/wiki,,https://github.com/instructure/academic_benchmarks,,https://rubygems.org/gems/academic_benchmarks,5.1
inst-jobs-statsd,4.0.2,635130,tool-generated; github wiki; homepage,3,,https://www.rubydoc.info/gems/inst-jobs-statsd/4.0.2,,,,,https://github.com/instructure/inst-jobs-statsd,,https://github.com/instructure/inst-jobs-statsd/wiki,,https://github.com/instructure/inst-jobs-statsd,,https://rubygems.org/gems/inst-jobs-statsd,13.3
outrigger,3.2.0,608518,tool-generated; github wiki; homepage,3,,https://www.rubydoc.info/gems/outrigger/3.2.0,,,,,https://github.com/instructure/outrigger,,https://github.com/instructure/outrigger/wiki,,https://github.com/instructure/outrigger,,https://rubygems.org/gems/outrigger,0.0
arabic-letter-connector,0.1.1,473849,tool-generated; github wiki; homepage,3,,https://www.rubydoc.info/gems/arabic-letter-connector/0.1.1,,,,,https://github.com/staii/arabic-letter-connector,,https://github.com/staii/arabic-letter-connector/wiki,,http://github.com/staii/arabic-letter-connector,,https://rubygems.org/gems/arabic-letter-connector,14.3
canvas_statsd,2.0.4,470949,tool-generated; github wiki; homepage,3,,https://www.rubydoc.info/gems/canvas_statsd/2.0.4,,,,,https://github.com/instructure/canvas_statsd,,https://github.com/instructure/canvas_statsd/wiki,,https://github.com/instructure/canvas_statsd,,https://rubygems.org/gems/canvas_statsd,0.0
win32-taskscheduler,2.0.4,456929,tool-generated; github wiki; homepage,3,,https://www.rubydoc.info/gems/win32-taskscheduler/2.0.4,,,,,https://github.com/chef/win32-taskscheduler,,https://github.com/chef/win32-taskscheduler/wiki,,https://github.com/chef/win32-taskscheduler,,https://rubygems.org/gems/win32-taskscheduler,82.4
discourse-emojis,1.0.46,405740,tool-generated; homepage,2,,https://www.rubydoc.info/gems/discourse-emojis/1.0.46,,,,,https://github.com/discourse/discourse-emojis,,,,https://github.com/discourse/discourse-emojis,,https://rubygems.org/gems/discourse-emojis,
win32-certstore,0.6.16,381246,tool-generated; github wiki; homepage,3,,https://www.rubydoc.info/gems/win32-certstore/0.6.16,,,,,https://github.com/chef/win32-certstore,,https://github.com/chef/win32-certstore/wiki,,https://github.com/chef/win32-certstore,,https://rubygems.org/gems/win32-certstore,78.2
rubysl,2.2.0,350280,tool-generated; homepage,2,,https://www.rubydoc.info/gems/rubysl/2.2.0,,,,,,,,,http://rubysl.github.com,,https://rubygems.org/gems/rubysl,
authie,5.0.0,231522,tool-generated; github wiki; homepage,3,,https://www.rubydoc.info/gems/authie/5.0.0,,,,,https://github.com/adamcooke/authie,,https://github.com/adamcooke/authie/wiki,,https://github.com/adamcooke/authie,,https://rubygems.org/gems/authie,38.7
posthog-rails,3.18.6,219683,tool-generated; github wiki; homepage,3,,https://www.rubydoc.info/gems/posthog-rails/3.18.4,,,,,https://github.com/posthog/posthog-ruby,,https://github.com/posthog/posthog-ruby/wiki,,https://github.com/PostHog/posthog-ruby,,https://rubygems.org/gems/posthog-rails,46.0
nifty-utils,1.1.7,202714,tool-generated; github wiki; homepage,3,,https://www.rubydoc.info/gems/nifty-utils/1.1.7,,,,,https://github.com/atech/nifty-utils,,https://github.com/atech/nifty-utils/wiki,,https://github.com/atech/nifty-utils,,https://rubygems.org/gems/nifty-utils,14.6
inst_access,0.4.4,187133,tool-generated; github wiki; homepage,3,,https://www.rubydoc.info/gems/inst_access/0.4.4,,,,,https://github.com/instructure/inst_access,,https://github.com/instructure/inst_access/wiki,,http://github.com/instructure/inst_access,,https://rubygems.org/gems/inst_access,17.4
kramdown-syntax-coderay,1.0.1,179552,tool-generated; github wiki; homepage,3,,https://www.rubydoc.info/gems/kramdown-syntax-coderay/1.0.1,,,,,https://github.com/kramdown/syntax-coderay,,https://github.com/kramdown/syntax-coderay/wiki,,https://github.com/kramdown/syntax-coderay,,https://rubygems.org/gems/kramdown-syntax-coderay,0.0
stormbreaker,1.0.0,145046,tool-generated,1,,https://www.rubydoc.info/gems/stormbreaker/1.0.0,,,,,,,,,,,https://rubygems.org/gems/stormbreaker,0.0
canvas_link_migrator,1.0.20,140972,tool-generated; github wiki,2,,https://rubydoc.info/gems/canvas_link_migrator,,,,,https://github.com/instructure/canvas_link_migrator,,https://github.com/instructure/canvas_link_migrator/wiki,,,,https://rubygems.org/gems/canvas_link_migrator,12.7
huginn_agent,0.6.4,111812,tool-generated; github docs; github wiki; homepage,4,,https://www.rubydoc.info/gems/huginn_agent/0.6.4,,,,,https://github.com/huginn/huginn,https://github.com/huginn/huginn/tree/HEAD/doc,https://github.com/huginn/huginn/wiki,,https://github.com/huginn/huginn,,https://rubygems.org/gems/huginn_agent,0.0
diaspora_federation-test,1.2.0,89977,tool-generated; github docs; homepage,3,,https://www.rubydoc.info/gems/diaspora_federation-test/1.2.0,,,,,https://github.com/diaspora/diaspora_federation,https://github.com/diaspora/diaspora_federation/tree/HEAD/docs,,,https://github.com/diaspora/diaspora_federation,,https://rubygems.org/gems/diaspora_federation-test,
js_image_paths,0.2.0,89183,tool-generated; github wiki; homepage,3,,https://www.rubydoc.info/gems/js_image_paths/0.2.0,,,,,https://github.com/jhass/js_image_paths,,https://github.com/jhass/js_image_paths/wiki,,https://github.com/jhass/js_image_paths,,https://rubygems.org/gems/js_image_paths,0.0
jgeoip,0.2.5,86456,tool-generated; github wiki; homepage,3,,https://www.rubydoc.info/gems/jgeoip/0.2.5,,,,,https://github.com/tobsch/jgeoip,,https://github.com/tobsch/jgeoip/wiki,,http://github.com/tobsch/jgeoip,,https://rubygems.org/gems/jgeoip,
rack3-brotli,1.0.1,85725,tool-generated; github wiki,2,,https://rubydoc.info/gems/rack3-brotli,,,,,https://github.com/instructure/rack3-brotli,,https://github.com/instructure/rack3-brotli/wiki,,,,https://rubygems.org/gems/rack3-brotli,42.9
diaspora_federation-json_schema,1.2.0,83480,tool-generated; github docs; homepage,3,,https://www.rubydoc.info/gems/diaspora_federation-json_schema/1.2.0,,,,,https://github.com/diaspora/diaspora_federation,https://github.com/diaspora/diaspora_federation/tree/HEAD/docs,,,https://github.com/diaspora/diaspora_federation,,https://rubygems.org/gems/diaspora_federation-json_schema,100.0
alterity,1.4.2,46957,tool-generated; github wiki; homepage,4,,https://rubydoc.info/gems/alterity,,,,,https://github.com/gumroad/alterity,,https://github.com/gumroad/alterity/wiki,,https://github.com/gumroad/alterity,https://github.com/gumroad/alterity/blob/master/CHANGELOG.md,https://rubygems.org/gems/alterity,16.7
jruby-openssl,0.19.1,40717,tool-generated; github wiki,2,,https://www.rubydoc.info/gems/jruby-openssl/0.9.4,,,,,https://github.com/jruby/jruby-openssl,,https://github.com/jruby/jruby-openssl/wiki,,,,https://rubygems.org/gems/jruby-openssl,
konfig-config,3.0.0,17316,tool-generated; github wiki; homepage,3,,https://www.rubydoc.info/gems/konfig-config/3.0.0,,,,,https://github.com/krystal/konfig,,https://github.com/krystal/konfig/wiki,,https://github.com/krystal/konfig,,https://rubygems.org/gems/konfig-config,6.5
markbridge,0.4.1,3326,tool-generated; github wiki; homepage,3,,https://rubydoc.info/gems/markbridge,,,,,https://github.com/discourse/markbridge,,https://github.com/discourse/markbridge/wiki,,https://github.com/discourse/markbridge,,https://rubygems.org/gems/markbridge,52.1
