repository,ranking,package,version,ecosystem
rails/rails,stars,base64,0.3.0,gem
rails/rails,stars,herb,>= 0.10,gem
rails/rails,stars,uri,>= 0.13.1,gem
rails/rails,stars,ast,2.4.3,gem
rails/rails,stars,terser,1.2.4,gem
rails/rails,stars,rdoc,6.15.0,gem
rails/rails,stars,rack-cache,1.17.0,gem
rails/rails,stars,aws-sdk-core,3.230.0,gem
rails/rails,stars,beaneater,1.1.3,gem
rails/rails,stars,i18n,1.14.8,gem
rails/rails,stars,bcrypt_pbkdf,1.1.1,gem
rails/rails,stars,rack-session,2.1.1,gem
rails/rails,stars,drb,2.2.3,gem
rails/rails,stars,nio4r,~> 2.0,gem
rails/rails,stars,puma,6.5.0,gem
rails/rails,stars,websocket-driver,0.7.7,gem
rails/rails,stars,zeitwerk,~> 2.6,gem
rails/rails,stars,websocket-driver,>= 0.6.1,gem
rails/rails,stars,capybara,~> 2.15,gem
rails/rails,stars,spring-watcher-listen,~> 2.0.0,gem
rails/rails,stars,bootsnap,>= 1.1.0,gem
rails/rails,stars,thor,1.3.2,gem
rails/rails,stars,jsbundling-rails,1.3.1,gem
rails/rails,stars,queue_classic,4.0.0,gem
rails/rails,stars,protobug,0.1.0,gem
rails/rails,stars,globalid,>= 1.4.0,gem
rails/rails,stars,rack-protection,4.1.1,gem
rails/rails,stars,rails-html-sanitizer,1.7.0,gem
rails/rails,stars,bindex,0.8.1,gem
rails/rails,stars,minitest,6.0.6,gem
rails/rails,stars,webmock,3.25.0,gem
rails/rails,stars,timeout,>= 0.4.0,gem
rails/rails,stars,marcel,~> 2.0,gem
rails/rails,stars,public_suffix,6.0.1,gem
rails/rails,stars,aws-sigv4,1.12.1,gem
rails/rails,stars,httpclient,2.9.0,gem
rails/rails,stars,mini_mime,1.1.5,gem
rails/rails,stars,bunny,2.23.0,gem
rails/rails,stars,event_emitter,0.2.6,gem
rails/rails,stars,sprockets,4.2.1,gem
rails/rails,stars,faraday-net_http,3.4.2,gem
rails/rails,stars,resque-scheduler,4.11.0,gem
rails/rails,stars,rubocop-rails-omakase,1.0.0,gem
rails/rails,stars,msgpack,1.7.5,gem
rails/rails,stars,representable,3.2.0,gem
rails/rails,stars,mustermann,3.0.4,gem
rails/rails,stars,builder,3.3.0,gem
rails/rails,stars,io-console,0.8.1,gem
rails/rails,stars,selenium-webdriver,4.32.0,gem
rails/rails,stars,ffi,1.17.1,gem
rails/rails,stars,rouge,4.6.1,gem
rails/rails,stars,sprockets-rails,3.5.2,gem
rails/rails,stars,parser,3.3.12.0,gem
rails/rails,stars,websocket,1.2.11,gem
rails/rails,stars,concurrent-ruby,1.3.8,gem
rails/rails,stars,stimulus-rails,1.3.4,gem
rails/rails,stars,concurrent-ruby,"~> 1.0,>= 1.3.1",gem
rails/rails,stars,multi_json,1.21.2,gem
rails/rails,stars,bcrypt,3.1.20,gem
rails/rails,stars,listen,">= 3.0.5,< 3.2",gem
rails/rails,stars,tzinfo,2.0.6,gem
rails/rails,stars,json,3.0.1,gem
rails/rails,stars,mysql2,0.5.6,gem
rails/rails,stars,net-http,0.9.1,gem
rails/rails,stars,launchy,3.0.1,gem
rails/rails,stars,rbtree,0.4.7,gem
rails/rails,stars,tsort,0.2.0,gem
rails/rails,stars,rubyzip,2.4.1,gem
rails/rails,stars,aws-sdk-s3,1.197.0,gem
rails/rails,stars,bigdecimal,>= 0,gem
rails/rails,stars,google-protobuf,4.29.3,gem
rails/rails,stars,crack,1.0.0,gem
rails/rails,stars,rubocop,1.90.0,gem
rails/rails,stars,uri,1.0.3,gem
rails/rails,stars,rake,13.3.0,gem
rails/rails,stars,set,1.1.2,gem
rails/rails,stars,faraday,2.14.0,gem
rails/rails,stars,protobug_sigstore_protos,0.1.0,gem
rails/rails,stars,erubi,~> 1.11,gem
rails/rails,stars,rails-dom-testing,~> 2.2,gem
rails/rails,stars,rake,~> 13.0,gem
rails/rails,stars,kramdown,2.5.1,gem
rails/rails,stars,net-http,0.6.0,gem
rails/rails,stars,uri,1.0.4,gem
rails/rails,stars,tzinfo-data,>= 0,gem
rails/rails,stars,pg,1.6.3,gem
rails/rails,stars,et-orbi,1.2.11,gem
rails/rails,stars,net-imap,0.5.5,gem
rails/rails,stars,dalli,5.0.6,gem
rails/rails,stars,thruster,0.1.16,gem
rails/rails,stars,dotenv,3.1.7,gem
rails/rails,stars,rubocop-minitest,0.37.1,gem
rails/rails,stars,debug,1.10.0,gem
rails/rails,stars,redis-namespace,1.11.0,gem
rails/rails,stars,ruby-vips,2.3.0,gem
rails/rails,stars,chef-utils,18.6.2,gem
rails/rails,stars,aws-eventstream,1.4.0,gem
rails/rails,stars,prism,1.9.0,gem
rails/rails,stars,hashdiff,1.1.2,gem
rails/rails,stars,base64,>= 0,gem
rails/rails,stars,thor,"~> 1.0,>= 1.2.2",gem
rails/rails,stars,google-apis-storage_v1,0.49.0,gem
rails/rails,stars,w3c_validators,1.3.7,gem
rails/rails,stars,retriable,3.1.2,gem
rails/rails,stars,bootsnap,1.18.4,gem
rails/rails,stars,protobug_well_known_protos,0.1.0,gem
rails/rails,stars,turbo-rails,2.0.11,gem
rails/rails,stars,nio4r,2.7.4,gem
rails/rails,stars,image_processing,2.0.1,gem
rails/rails,stars,rubocop-ast,1.50.0,gem
rails/rails,stars,minitest,5.25.1,gem
rails/rails,stars,backburner,1.7.0,gem
rails/rails,stars,ffi-compiler,1.3.2,gem
rails/rails,stars,herb,0.10.3,gem
rails/rails,stars,serverengine,2.0.7,gem
rails/rails,stars,dante,0.2.0,gem
rails/rails,stars,lint_roller,1.1.0,gem
rails/rails,stars,spring,>= 0,gem
rails/rails,stars,importmap-rails,2.1.0,gem
rails/rails,stars,marcel,2.1.0,gem
rails/rails,stars,google-cloud-env,2.2.1,gem
rails/rails,stars,timeout,0.4.3,gem
rails/rails,stars,tilt,2.6.1,gem
rails/rails,stars,useragent,0.16.11,gem
rails/rails,stars,solid_cable,3.0.5,gem
rails/rails,stars,rb-fsevent,0.11.2,gem
rails/rails,stars,jwt,2.10.1,gem
rails/rails,stars,libxml-ruby,6.0.0,gem
rails/rails,stars,chromedriver-helper,>= 0,gem
rails/rails,stars,mini_magick,5.3.1,gem
rails/rails,stars,tailwindcss-ruby,3.4.17,gem
rails/rails,stars,reline,0.6.1,gem
rails/rails,stars,selenium-webdriver,>= 0,gem
rails/rails,stars,psych,5.2.6,gem
rails/rails,stars,globalid,1.4.0,gem
rails/rails,stars,aws-partitions,1.1150.0,gem
rails/rails,stars,os,1.1.4,gem
rails/rails,stars,json,>= 0,gem
rails/rails,stars,sorted_set,1.0.3,gem
rails/rails,stars,rubocop-rails,2.30.3,gem
rails/rails,stars,prism,~> 1.2,gem
rails/rails,stars,rails-html-sanitizer,~> 1.7,gem
rails/rails,stars,racc,1.8.1,gem
rails/rails,stars,logger,1.7.0,gem
rails/rails,stars,sdoc,2.6.5,gem
rails/rails,stars,minitest-mock,5.27.0,gem
rails/rails,stars,nokogiri,>= 1.8.5,gem
rails/rails,stars,drb,>= 0,gem
rails/rails,stars,unicode-display_width,3.2.0,gem
rails/rails,stars,nokogiri,1.19.1,gem
rails/rails,stars,crass,1.0.6,gem
rails/rails,stars,redcarpet,3.6.1,gem
rails/rails,stars,childprocess,5.1.0,gem
rails/rails,stars,securerandom,0.4.1,gem
rails/rails,stars,trailblazer-option,0.1.2,gem
rails/rails,stars,mixlib-shellout,3.3.4,gem
rails/rails,stars,google-cloud-core,1.7.1,gem
rails/rails,stars,regexp_parser,2.12.0,gem
rails/rails,stars,i18n,">= 1.6,< 2",gem
rails/rails,stars,rake,>= 12.2,gem
rails/rails,stars,action_text-trix,~> 2.1.16,gem
rails/rails,stars,mail,>= 2.8.0,gem
rails/rails,stars,net-sftp,4.0.0,gem
rails/rails,stars,rufus-scheduler,3.9.2,gem
rails/rails,stars,aws-sdk-kms,1.110.0,gem
rails/rails,stars,web-console,>= 3.3.0,gem
rails/rails,stars,rack-test,>= 0.6.3,gem
rails/rails,stars,tomlrb,2.0.3,gem
rails/rails,stars,solid_queue,1.1.2,gem
rails/rails,stars,mail,2.8.1,gem
rails/rails,stars,sneakers,2.11.0,gem
rails/rails,stars,sshkit,1.23.2,gem
rails/rails,stars,ostruct,0.6.1,gem
rails/rails,stars,connection_pool,3.0.2,gem
rails/rails,stars,net-scp,4.0.0,gem
rails/rails,stars,signet,0.19.0,gem
rails/rails,stars,rexml,3.4.0,gem
rails/rails,stars,mono_logger,1.1.2,gem
rails/rails,stars,minitest,>= 5.1,gem
rails/rails,stars,google-cloud-errors,1.4.0,gem
rails/rails,stars,mixlib-cli,2.1.8,gem
rails/rails,stars,xpath,3.2.0,gem
rails/rails,stars,listen,3.9.0,gem
rails/rails,stars,tailwindcss-rails,3.2.0,gem
rails/rails,stars,builder,~> 3.1,gem
rails/rails,stars,rackup,>= 1.0.0,gem
rails/rails,stars,redis-client,0.28.0,gem
rails/rails,stars,google-logging-utils,0.1.0,gem
rails/rails,stars,rack-test,2.2.0,gem
rails/rails,stars,google-cloud-storage,1.54.0,gem
rails/rails,stars,sigdump,0.2.5,gem
rails/rails,stars,loofah,2.25.0,gem
rails/rails,stars,erubi,1.13.1,gem
rails/rails,stars,net-protocol,0.2.2,gem
rails/rails,stars,psych,>= 4,gem
rails/rails,stars,redis,5.4.1,gem
rails/rails,stars,aws-sdk-sns,1.92.0,gem
rails/rails,stars,net-pop,0.1.2,gem
rails/rails,stars,solid_cache,1.0.6,gem
rails/rails,stars,dartsass-rails,0.5.1,gem
rails/rails,stars,rack,3.2.1,gem
rails/rails,stars,protobug_googleapis_field_behavior_protos,0.1.0,gem
rails/rails,stars,cssbundling-rails,1.4.1,gem
rails/rails,stars,ractor-dispatch,>= 0.2.0,gem
rails/rails,stars,propshaft,1.3.1,gem
rails/rails,stars,sass-embedded,1.83.4,gem
rails/rails,stars,google-apis-iamcredentials_v1,0.22.0,gem
rails/rails,stars,stackprof,0.2.28,gem
rails/rails,stars,digest-crc,0.6.5,gem
rails/rails,stars,googleauth,1.12.2,gem
rails/rails,stars,rainbow,3.1.1,gem
rails/rails,stars,mixlib-config,3.0.27,gem
rails/rails,stars,bundler-audit,0.9.3,gem
rails/rails,stars,mdl,0.12.0,gem
rails/rails,stars,ruby2_keywords,0.0.5,gem
rails/rails,stars,mini_portile2,2.8.9,gem
rails/rails,stars,pp,0.6.2,gem
rails/rails,stars,resque,2.7.0,gem
rails/rails,stars,jmespath,1.6.2,gem
rails/rails,stars,rb-inotify,0.11.1,gem
rails/rails,stars,bundler,>= 1.15.0,gem
rails/rails,stars,securerandom,>= 0.3,gem
rails/rails,stars,irb,1.15.2,gem
rails/rails,stars,matrix,0.4.2,gem
rails/rails,stars,zeitwerk,2.7.3,gem
rails/rails,stars,rake,13.2.1,gem
rails/rails,stars,thor,1.4.0,gem
rails/rails,stars,rackup,2.2.1,gem
rails/rails,stars,prettyprint,0.2.0,gem
rails/rails,stars,kamal,2.4.0,gem
rails/rails,stars,web-console,4.2.1,gem
rails/rails,stars,stringio,3.1.7,gem
rails/rails,stars,ractor-dispatch,0.2.0,gem
rails/rails,stars,rubocop-performance,1.24.0,gem
rails/rails,stars,net-smtp,0.5.1,gem
rails/rails,stars,addressable,2.8.7,gem
rails/rails,stars,amq-protocol,2.3.2,gem
rails/rails,stars,ed25519,1.3.0,gem
rails/rails,stars,net-ssh,7.3.0,gem
rails/rails,stars,date,3.4.1,gem
rails/rails,stars,sigstore-cli,0.2.2,gem
rails/rails,stars,rack-session,>= 1.0.1,gem
rails/rails,stars,execjs,2.10.0,gem
rails/rails,stars,rails-dom-testing,2.3.0,gem
rails/rails,stars,uber,0.1.0,gem
rails/rails,stars,websocket-extensions,0.1.5,gem
rails/rails,stars,declarative,0.0.20,gem
rails/rails,stars,byebug,>= 0,gem
rails/rails,stars,logger,>= 1.4.2,gem
rails/rails,stars,tzinfo,"~> 2.0,>= 2.0.5",gem
rails/rails,stars,irb,~> 1.13,gem
rails/rails,stars,parallel,2.1.0,gem
rails/rails,stars,ruby-progressbar,1.13.0,gem
rails/rails,stars,rack,>= 2.2.4,gem
rails/rails,stars,sigstore,0.2.2,gem
rails/rails,stars,connection_pool,>= 2.2.5,gem
rails/rails,stars,trilogy,2.11.0,gem
rails/rails,stars,raabro,1.4.0,gem
rails/rails,stars,erb,5.1.1,gem
rails/rails,stars,minitest,>= 0,gem
rails/rails,stars,rubocop-md,2.0.4,gem
rails/rails,stars,kramdown-parser-gfm,1.1.0,gem
rails/rails,stars,webrick,1.9.1,gem
rails/rails,stars,google-apis-core,0.15.1,gem
rails/rails,stars,websocket-client-simple,0.9.0,gem
rails/rails,stars,language_server-protocol,3.17.0.6,gem
rails/rails,stars,rubocop-packaging,0.6.0,gem
rails/rails,stars,argon2,2.3.2,gem
rails/rails,stars,action_text-trix,2.1.16,gem
rails/rails,stars,minitest-retry,0.2.3,gem
rails/rails,stars,tsort,>= 0.2,gem
rails/rails,stars,thor,~> 1.0,gem
rails/rails,stars,sqlite3,2.5.0,gem
rails/rails,stars,useragent,~> 0.16,gem
rails/rails,stars,globalid,>= 0.6.0,gem
rails/rails,stars,mutex_m,0.3.0,gem
rails/rails,stars,jbuilder,2.13.0,gem
rails/rails,stars,capybara,3.40.0,gem
rails/rails,stars,unicode-emoji,4.2.0,gem
rails/rails,stars,sinatra,4.1.1,gem
rails/rails,stars,fugit,1.11.1,gem
rails/rails,stars,brakeman,7.0.0,gem
rails/rails,stars,bigdecimal,4.1.2,gem
jekyll/jekyll,stars,activesupport,< 7.1.0,gem
jekyll/jekyll,stars,rouge,">= 3.0,< 5.0",gem
jekyll/jekyll,stars,jekyll_test_plugin,>= 0,gem
jekyll/jekyll,stars,liquid-c,~> 4.0,gem
jekyll/jekyll,stars,jekyll-avatar,>= 0,gem
jekyll/jekyll,stars,liquid,~> 4.0,gem
jekyll/jekyll,stars,nokogiri,~> 1.7,gem
jekyll/jekyll,stars,stackprof,>= 0,gem
jekyll/jekyll,stars,terminal-table,">= 1.8,< 4.0",gem
jekyll/jekyll,stars,cucumber,~> 9.0,gem
jekyll/jekyll,stars,rubocop-performance,>= 0,gem
jekyll/jekyll,stars,addressable,~> 2.4,gem
jekyll/jekyll,stars,jekyll-seo-tag,>= 0,gem
jekyll/jekyll,stars,em-websocket,~> 0.5,gem
jekyll/jekyll,stars,rubocop-minitest,>= 0,gem
jekyll/jekyll,stars,memory_profiler,>= 0,gem
jekyll/jekyll,stars,jruby-openssl,>= 0,gem
jekyll/jekyll,stars,rubocop-rake,>= 0,gem
jekyll/jekyll,stars,jekyll-paginate,>= 0,gem
jekyll/jekyll,stars,jekyll_test_plugin_malicious,>= 0,gem
jekyll/jekyll,stars,mercenary,"~> 0.3,>= 0.3.6",gem
jekyll/jekyll,stars,json,~> 2.6,gem
jekyll/jekyll,stars,jekyll-feed,~> 0.9,gem
jekyll/jekyll,stars,tomlrb,>= 0,gem
jekyll/jekyll,stars,rdoc,~> 6.0,gem
jekyll/jekyll,stars,ruby-prof,>= 0,gem
jekyll/jekyll,stars,yajl-ruby,~> 1.4,gem
jekyll/jekyll,stars,jemoji,>= 0,gem
jekyll/jekyll,stars,jekyll-watch,~> 2.0,gem
jekyll/jekyll,stars,pry,>= 0,gem
jekyll/jekyll,stars,minitest,>= 0,gem
jekyll/jekyll,stars,kramdown,"~> 2.3,>= 2.3.1",gem
jekyll/jekyll,stars,jekyll-sass-converter,">= 2.0,< 4.0",gem
jekyll/jekyll,stars,psych,~> 4.0,gem
jekyll/jekyll,stars,rake,~> 13.0,gem
jekyll/jekyll,stars,simplecov,>= 0,gem
jekyll/jekyll,stars,mime-types,~> 3.0,gem
jekyll/jekyll,stars,logger,~> 1.3,gem
jekyll/jekyll,stars,rspec-mocks,>= 0,gem
jekyll/jekyll,stars,shoulda-context,>= 0,gem
jekyll/jekyll,stars,rubocop,~> 1.57.2,gem
jekyll/jekyll,stars,jekyll-redirect-from,>= 0,gem
jekyll/jekyll,stars,rspec,>= 0,gem
jekyll/jekyll,stars,base64,~> 0.2,gem
jekyll/jekyll,stars,safe_yaml,~> 1.0,gem
jekyll/jekyll,stars,pathutil,~> 0.9,gem
jekyll/jekyll,stars,classifier-reborn,~> 2.2,gem
jekyll/jekyll,stars,jekyll-mentions,>= 0,gem
jekyll/jekyll,stars,rbtrace,>= 0,gem
jekyll/jekyll,stars,rubocop-rspec,>= 0,gem
jekyll/jekyll,stars,launchy,~> 2.3,gem
jekyll/jekyll,stars,jekyll-gist,>= 0,gem
jekyll/jekyll,stars,matrix,>= 0,gem
jekyll/jekyll,stars,csv,~> 3.0,gem
jekyll/jekyll,stars,colorator,~> 1.0,gem
jekyll/jekyll,stars,http_parser.rb,~> 0.6.0,gem
jekyll/jekyll,stars,kramdown-syntax-coderay,>= 0,gem
jekyll/jekyll,stars,minitest-reporters,>= 0,gem
jekyll/jekyll,stars,jekyll-coffeescript,>= 0,gem
jekyll/jekyll,stars,i18n,~> 1.0,gem
jekyll/jekyll,stars,kramdown-parser-gfm,~> 1.0,gem
jekyll/jekyll,stars,benchmark-ips,>= 0,gem
jekyll/jekyll,stars,minitest-profile,>= 0,gem
jekyll/jekyll,stars,tzinfo-data,>= 0,gem
jekyll/jekyll,stars,webrick,~> 1.7,gem
jekyll/jekyll,stars,httpclient,>= 0,gem
jekyll/jekyll,stars,jekyll-sitemap,>= 0,gem
mastodon/mastodon,stars,regexp_parser,2.12.0,gem
mastodon/mastodon,stars,actionview,8.1.3.1,gem
mastodon/mastodon,stars,bigdecimal,3.3.1,gem
mastodon/mastodon,stars,omniauth,2.1.4,gem
mastodon/mastodon,stars,xorcist,1.1.3,gem
mastodon/mastodon,stars,annotaterb,4.23.0,gem
mastodon/mastodon,stars,inline_svg,1.10.0,gem
mastodon/mastodon,stars,playwright-ruby-client,1.62.0,gem
mastodon/mastodon,stars,crass,1.0.7,gem
mastodon/mastodon,stars,simplecov-lcov,0.9.0,gem
mastodon/mastodon,stars,azure-blob,0.5.9.1,gem
mastodon/mastodon,stars,sysexits,1.2.0,gem
mastodon/mastodon,stars,rack-oauth2,2.3.0,gem
mastodon/mastodon,stars,webmock,3.26.4,gem
mastodon/mastodon,stars,rack-cors,3.0.0,gem
mastodon/mastodon,stars,redis-client,0.30.1,gem
mastodon/mastodon,stars,css_parser,3.0.0,gem
mastodon/mastodon,stars,premailer-rails,1.12.0,gem
mastodon/mastodon,stars,tpm-key_attestation,0.14.2,gem
mastodon/mastodon,stars,tilt,2.9.0,gem
mastodon/mastodon,stars,devise-two-factor,6.4.1,gem
mastodon/mastodon,stars,rspec-sidekiq,5.3.0,gem
mastodon/mastodon,stars,nokogiri,1.19.4,gem
mastodon/mastodon,stars,i18n-tasks,1.1.2,gem
mastodon/mastodon,stars,tty-screen,0.8.2,gem
mastodon/mastodon,stars,redis,5.4.1,gem
mastodon/mastodon,stars,rouge,5.1.0,gem
mastodon/mastodon,stars,googleapis-common-protos-types,1.23.0,gem
mastodon/mastodon,stars,base58,0.2.3,gem
mastodon/mastodon,stars,rubocop-rails,2.37.0,gem
mastodon/mastodon,stars,reline,0.7.0,gem
mastodon/mastodon,stars,debug_inspector,1.2.0,gem
mastodon/mastodon,stars,sidekiq,8.1.7,gem
mastodon/mastodon,stars,json-schema,6.2.0,gem
mastodon/mastodon,stars,prometheus_exporter,2.3.1,gem
mastodon/mastodon,stars,puma,8.0.2,gem
mastodon/mastodon,stars,activejob,8.1.3.1,gem
mastodon/mastodon,stars,unf_ext,0.0.9.1,gem
mastodon/mastodon,stars,public_suffix,7.0.5,gem
mastodon/mastodon,stars,aws-sdk-kms,1.130.0,gem
mastodon/mastodon,stars,rubocop-ast,1.50.0,gem
mastodon/mastodon,stars,mail,2.9.1,gem
mastodon/mastodon,stars,http-cookie,1.1.6,gem
mastodon/mastodon,stars,validate_url,1.0.15,gem
mastodon/mastodon,stars,racc,1.8.1,gem
mastodon/mastodon,stars,linzer,0.8.1,gem
mastodon/mastodon,stars,rspec-expectations,3.13.5,gem
mastodon/mastodon,stars,faraday-follow_redirects,0.5.0,gem
mastodon/mastodon,stars,timeout,0.6.1,gem
mastodon/mastodon,stars,opentelemetry-instrumentation-active_job,0.13.0,gem
mastodon/mastodon,stars,ostruct,0.6.3,gem
mastodon/mastodon,stars,kaminari-activerecord,1.2.2,gem
mastodon/mastodon,stars,ssrf_filter,1.5.0,gem
mastodon/mastodon,stars,orm_adapter,0.5.0,gem
mastodon/mastodon,stars,rack,3.2.7,gem
mastodon/mastodon,stars,mime-types,3.7.0,gem
mastodon/mastodon,stars,xpath,3.2.0,gem
mastodon/mastodon,stars,net-protocol,0.3.0,gem
mastodon/mastodon,stars,opentelemetry-instrumentation-active_record,0.13.0,gem
mastodon/mastodon,stars,unf,0.1.4,gem
mastodon/mastodon,stars,safety_net_attestation,0.5.0,gem
mastodon/mastodon,stars,cocoon,1.2.15,gem
mastodon/mastodon,stars,rails,8.1.3.1,gem
mastodon/mastodon,stars,connection_pool,3.0.2,gem
mastodon/mastodon,stars,blurhash,0.1.8,gem
mastodon/mastodon,stars,websocket-extensions,0.1.5,gem
mastodon/mastodon,stars,childprocess,5.1.0,gem
mastodon/mastodon,stars,loofah,2.25.2,gem
mastodon/mastodon,stars,devise,5.0.4,gem
mastodon/mastodon,stars,json,2.21.2,gem
mastodon/mastodon,stars,tzinfo,2.0.6,gem
mastodon/mastodon,stars,memory_profiler,1.1.0,gem
mastodon/mastodon,stars,prettyprint,0.2.0,gem
mastodon/mastodon,stars,link_header,0.0.8,gem
mastodon/mastodon,stars,strscan,3.1.8,gem
mastodon/mastodon,stars,useragent,0.16.11,gem
mastodon/mastodon,stars,simple_form,5.4.1,gem
mastodon/mastodon,stars,net-imap,0.6.6,gem
mastodon/mastodon,stars,bootsnap,1.26.0,gem
mastodon/mastodon,stars,devise_pam_authenticatable2,9.2.0,gem
mastodon/mastodon,stars,activemodel,8.1.3.1,gem
mastodon/mastodon,stars,rexml,3.4.4,gem
mastodon/mastodon,stars,opentelemetry-instrumentation-action_mailer,0.8.1,gem
mastodon/mastodon,stars,elasticsearch,8.19.3,gem
mastodon/mastodon,stars,faraday-net_http,3.4.4,gem
mastodon/mastodon,stars,rails-html-sanitizer,1.7.1,gem
mastodon/mastodon,stars,opentelemetry-instrumentation-excon,0.29.1,gem
mastodon/mastodon,stars,terminal-table,4.0.0,gem
mastodon/mastodon,stars,opentelemetry-instrumentation-redis,0.29.0,gem
mastodon/mastodon,stars,opentelemetry-sdk,1.13.0,gem
mastodon/mastodon,stars,omniauth-rails_csrf_protection,2.0.1,gem
mastodon/mastodon,stars,rack-protection,4.2.1,gem
mastodon/mastodon,stars,rpam2,4.0.2,gem
mastodon/mastodon,stars,browser,6.2.0,gem
mastodon/mastodon,stars,lograge,0.15.0,gem
mastodon/mastodon,stars,ruby-saml,1.18.1,gem
mastodon/mastodon,stars,rackup,2.3.1,gem
mastodon/mastodon,stars,haml,7.5.1,gem
mastodon/mastodon,stars,brakeman,8.0.6,gem
mastodon/mastodon,stars,kaminari-core,1.2.2,gem
mastodon/mastodon,stars,responders,3.2.1,gem
mastodon/mastodon,stars,swd,2.0.3,gem
mastodon/mastodon,stars,opentelemetry-helpers-sql-processor,0.5.0,gem
mastodon/mastodon,stars,redcarpet,3.6.1,gem
mastodon/mastodon,stars,request_store,1.7.0,gem
mastodon/mastodon,stars,rdoc,8.0.0,gem
mastodon/mastodon,stars,htmlentities,4.4.2,gem
mastodon/mastodon,stars,faraday-httpclient,2.0.2,gem
mastodon/mastodon,stars,hcaptcha,7.1.0,gem
mastodon/mastodon,stars,opentelemetry-common,0.25.1,gem
mastodon/mastodon,stars,fastimage,2.4.1,gem
mastodon/mastodon,stars,hiredis-client,0.30.1,gem
mastodon/mastodon,stars,rack-session,2.1.2,gem
mastodon/mastodon,stars,opentelemetry-instrumentation-pg,0.37.0,gem
mastodon/mastodon,stars,lint_roller,1.1.0,gem
mastodon/mastodon,stars,minitest,6.0.6,gem
mastodon/mastodon,stars,actioncable,8.1.3.1,gem
mastodon/mastodon,stars,database_cleaner-active_record,2.2.2,gem
mastodon/mastodon,stars,parallel,2.1.0,gem
mastodon/mastodon,stars,et-orbi,1.4.2,gem
mastodon/mastodon,stars,opentelemetry-instrumentation-rails,0.42.0,gem
mastodon/mastodon,stars,rack-test,2.2.0,gem
mastodon/mastodon,stars,opentelemetry-instrumentation-action_pack,0.18.0,gem
mastodon/mastodon,stars,opentelemetry-semantic_conventions,1.44.0,gem
mastodon/mastodon,stars,matrix,0.4.3,gem
mastodon/mastodon,stars,database_cleaner-core,2.1.0,gem
mastodon/mastodon,stars,concurrent-ruby,1.3.8,gem
mastodon/mastodon,stars,mini_mime,1.1.5,gem
mastodon/mastodon,stars,mime-types-data,3.2026.0701,gem
mastodon/mastodon,stars,tty-cursor,0.7.1,gem
mastodon/mastodon,stars,aws-sdk-core,3.254.1,gem
mastodon/mastodon,stars,forwardable,1.4.0,gem
mastodon/mastodon,stars,propshaft,1.3.2,gem
mastodon/mastodon,stars,fast_blank,1.0.1,gem
mastodon/mastodon,stars,premailer,1.30.0,gem
mastodon/mastodon,stars,logger,1.7.0,gem
mastodon/mastodon,stars,activesupport,8.1.3.1,gem
mastodon/mastodon,stars,cgi,0.5.2,gem
mastodon/mastodon,stars,tzinfo-data,1.2026.3,gem
mastodon/mastodon,stars,opentelemetry-instrumentation-active_model_serializers,0.25.0,gem
mastodon/mastodon,stars,fabrication,3.0.0,gem
mastodon/mastodon,stars,websocket-driver,0.8.2,gem
mastodon/mastodon,stars,ruby-prof,2.0.5,gem
mastodon/mastodon,stars,haml_lint,0.78.0,gem
mastodon/mastodon,stars,io-console,0.9.2,gem
mastodon/mastodon,stars,openid_connect,2.5.0,gem
mastodon/mastodon,stars,multi_json,1.21.1,gem
mastodon/mastodon,stars,bundler-audit,0.9.3,gem
mastodon/mastodon,stars,rainbow,3.1.1,gem
mastodon/mastodon,stars,ffi,1.17.4,gem
mastodon/mastodon,stars,cose,1.3.1,gem
mastodon/mastodon,stars,hashie,5.1.0,gem
mastodon/mastodon,stars,sanitize,7.0.0,gem
mastodon/mastodon,stars,rails-i18n,8.1.0,gem
mastodon/mastodon,stars,android_key_attestation,0.3.0,gem
mastodon/mastodon,stars,capybara-playwright-driver,0.5.10,gem
mastodon/mastodon,stars,formatador,1.2.3,gem
mastodon/mastodon,stars,erubi,1.13.1,gem
mastodon/mastodon,stars,net-smtp,0.5.1,gem
mastodon/mastodon,stars,tty-reader,0.9.0,gem
mastodon/mastodon,stars,bindata,2.5.1,gem
mastodon/mastodon,stars,opentelemetry-instrumentation-active_support,0.12.1,gem
mastodon/mastodon,stars,omniauth_openid_connect,0.8.0,gem
mastodon/mastodon,stars,opentelemetry-instrumentation-faraday,0.33.0,gem
mastodon/mastodon,stars,pp,0.6.4,gem
mastodon/mastodon,stars,letter_opener_web,3.0.0,gem
mastodon/mastodon,stars,rspec,3.13.2,gem
mastodon/mastodon,stars,uri,1.1.1,gem
mastodon/mastodon,stars,excon,1.7.1,gem
mastodon/mastodon,stars,kt-paperclip,8.0.0,gem
mastodon/mastodon,stars,openssl,4.0.2,gem
mastodon/mastodon,stars,starry,0.2.0,gem
mastodon/mastodon,stars,opentelemetry-instrumentation-sidekiq,0.29.0,gem
mastodon/mastodon,stars,rspec-github,3.0.0,gem
mastodon/mastodon,stars,debug,1.11.1,gem
mastodon/mastodon,stars,opentelemetry-instrumentation-concurrent_ruby,0.25.0,gem
mastodon/mastodon,stars,rufus-scheduler,3.9.2,gem
mastodon/mastodon,stars,rspec-mocks,3.13.8,gem
mastodon/mastodon,stars,omniauth-cas,3.0.2,gem
mastodon/mastodon,stars,elasticsearch-api,8.19.3,gem
mastodon/mastodon,stars,rack-attack,6.8.0,gem
mastodon/mastodon,stars,openssl-signature_algorithm,1.3.0,gem
mastodon/mastodon,stars,opentelemetry-instrumentation-action_view,0.13.0,gem
mastodon/mastodon,stars,ipaddr,1.2.9,gem
mastodon/mastodon,stars,actiontext,8.1.3.1,gem
mastodon/mastodon,stars,pghero,4.0.1,gem
mastodon/mastodon,stars,httpclient,2.9.0,gem
mastodon/mastodon,stars,sidekiq-bulk,0.2.0,gem
mastodon/mastodon,stars,hkdf,0.3.0,gem
mastodon/mastodon,stars,base64,0.3.0,gem
mastodon/mastodon,stars,opentelemetry-api,1.11.0,gem
mastodon/mastodon,stars,json-canonicalization,1.0.0,gem
mastodon/mastodon,stars,hashdiff,1.2.1,gem
mastodon/mastodon,stars,dotenv,3.2.0,gem
mastodon/mastodon,stars,rotp,6.3.0,gem
mastodon/mastodon,stars,thor,1.5.0,gem
mastodon/mastodon,stars,case_transform,0.2,gem
mastodon/mastodon,stars,opentelemetry-instrumentation-base,0.26.1,gem
mastodon/mastodon,stars,zeitwerk,2.8.3,gem
mastodon/mastodon,stars,nio4r,2.7.5,gem
mastodon/mastodon,stars,twitter-text,3.1.0,gem
mastodon/mastodon,stars,benchmark,0.5.0,gem
mastodon/mastodon,stars,rubyzip,3.6.0,gem
mastodon/mastodon,stars,stackprof,0.2.28,gem
mastodon/mastodon,stars,rspec-core,3.13.6,gem
mastodon/mastodon,stars,warden,1.2.9,gem
mastodon/mastodon,stars,bcrypt,3.1.22,gem
mastodon/mastodon,stars,rails-dom-testing,2.3.0,gem
mastodon/mastodon,stars,jwt,2.10.3,gem
mastodon/mastodon,stars,kaminari-actionview,1.2.2,gem
mastodon/mastodon,stars,attr_required,1.0.2,gem
mastodon/mastodon,stars,aws-partitions,1.1283.0,gem
mastodon/mastodon,stars,globalid,1.4.0,gem
mastodon/mastodon,stars,action_text-trix,2.1.19,gem
mastodon/mastodon,stars,kaminari,1.2.2,gem
mastodon/mastodon,stars,marcel,1.2.1,gem
mastodon/mastodon,stars,pg,1.6.3,gem
mastodon/mastodon,stars,opentelemetry-instrumentation-http,0.30.0,gem
mastodon/mastodon,stars,rubocop-i18n,3.3.0,gem
mastodon/mastodon,stars,opentelemetry-helpers-sql,0.4.0,gem
mastodon/mastodon,stars,net-http,0.9.1,gem
mastodon/mastodon,stars,mario-redis-lock,1.2.1,gem
mastodon/mastodon,stars,tsort,0.2.0,gem
mastodon/mastodon,stars,rack-proxy,1.0.2,gem
mastodon/mastodon,stars,test-prof,1.6.3,gem
mastodon/mastodon,stars,chunky_png,1.4.0,gem
mastodon/mastodon,stars,pundit,2.5.2,gem
mastodon/mastodon,stars,i18n,1.15.2,gem
mastodon/mastodon,stars,irb,1.18.0,gem
mastodon/mastodon,stars,stoplight,5.8.3,gem
mastodon/mastodon,stars,webrick,1.9.2,gem
mastodon/mastodon,stars,chewy,8.4.1,gem
mastodon/mastodon,stars,color_diff,0.2,gem
mastodon/mastodon,stars,domain_name,0.6.20260829,gem
mastodon/mastodon,stars,llhttp-ffi,0.5.1,gem
mastodon/mastodon,stars,ruby-progressbar,1.13.0,gem
mastodon/mastodon,stars,faker,3.8.0,gem
mastodon/mastodon,stars,jsonapi-renderer,0.2.2,gem
mastodon/mastodon,stars,actionmailbox,8.1.3.1,gem
mastodon/mastodon,stars,rqrcode,3.2.0,gem
mastodon/mastodon,stars,cbor,0.5.10.3,gem
mastodon/mastodon,stars,http-form_data,2.3.0,gem
mastodon/mastodon,stars,bcp47_spec,0.2.1,gem
mastodon/mastodon,stars,rubocop-capybara,3.0.0,gem
mastodon/mastodon,stars,rubocop-rspec,3.10.2,gem
mastodon/mastodon,stars,erb,6.0.7,gem
mastodon/mastodon,stars,rubocop-performance,1.27.0,gem
mastodon/mastodon,stars,rbs,4.2.0,gem
mastodon/mastodon,stars,pastel,0.8.0,gem
mastodon/mastodon,stars,letter_opener,1.10.0,gem
mastodon/mastodon,stars,opentelemetry-instrumentation-rack,0.31.1,gem
mastodon/mastodon,stars,terrapin,1.1.1,gem
mastodon/mastodon,stars,activerecord,8.1.3.1,gem
mastodon/mastodon,stars,readline,0.0.4,gem
mastodon/mastodon,stars,idn-ruby,0.1.5,gem
mastodon/mastodon,stars,wisper,2.0.1,gem
mastodon/mastodon,stars,ffi-compiler,1.4.2,gem
mastodon/mastodon,stars,crack,1.0.1,gem
mastodon/mastodon,stars,rdf,3.3.4,gem
mastodon/mastodon,stars,drb,2.2.3,gem
mastodon/mastodon,stars,http,5.3.1,gem
mastodon/mastodon,stars,doorkeeper,5.9.6,gem
mastodon/mastodon,stars,json-ld-preloaded,3.3.2,gem
mastodon/mastodon,stars,mini_portile2,2.8.9,gem
mastodon/mastodon,stars,railties,8.1.3.1,gem
mastodon/mastodon,stars,httplog,1.8.0,gem
mastodon/mastodon,stars,opentelemetry-instrumentation-http_client,0.29.0,gem
mastodon/mastodon,stars,climate_control,1.2.0,gem
mastodon/mastodon,stars,sidekiq-scheduler,6.0.2,gem
mastodon/mastodon,stars,aws-sigv4,1.12.1,gem
mastodon/mastodon,stars,http_accept_language,2.1.1,gem
mastodon/mastodon,stars,webauthn,3.4.3,gem
mastodon/mastodon,stars,charlock_holmes,0.7.9,gem
mastodon/mastodon,stars,rubocop,1.90.0,gem
mastodon/mastodon,stars,builder,3.3.0,gem
mastodon/mastodon,stars,raabro,1.5.0,gem
mastodon/mastodon,stars,rake,13.4.2,gem
mastodon/mastodon,stars,discard,2.0.0,gem
mastodon/mastodon,stars,activestorage,8.1.3.1,gem
mastodon/mastodon,stars,faraday,2.14.3,gem
mastodon/mastodon,stars,fog-core,2.6.0,gem
mastodon/mastodon,stars,omniauth-saml,2.2.5,gem
mastodon/mastodon,stars,json-ld,3.3.2,gem
mastodon/mastodon,stars,simple-navigation,4.5.0,gem
mastodon/mastodon,stars,rdf-normalize,0.7.0,gem
mastodon/mastodon,stars,scenic,1.9.0,gem
mastodon/mastodon,stars,parser,3.3.12.0,gem
mastodon/mastodon,stars,opentelemetry-instrumentation-active_storage,0.5.1,gem
mastodon/mastodon,stars,msgpack,1.8.4,gem
mastodon/mastodon,stars,rubocop-rspec_rails,2.32.0,gem
mastodon/mastodon,stars,net-pop,0.1.2,gem
mastodon/mastodon,stars,ruby-vips,2.3.0,gem
mastodon/mastodon,stars,elasticsearch-dsl,0.1.10,gem
mastodon/mastodon,stars,unicode-emoji,4.2.0,gem
mastodon/mastodon,stars,actionpack,8.1.3.1,gem
mastodon/mastodon,stars,haml-rails,3.1.0,gem
mastodon/mastodon,stars,opentelemetry-instrumentation-net_http,0.29.0,gem
mastodon/mastodon,stars,rqrcode_core,2.1.0,gem
mastodon/mastodon,stars,diff-lcs,1.6.2,gem
mastodon/mastodon,stars,opentelemetry-registry,0.6.3,gem
mastodon/mastodon,stars,fugit,1.13.0,gem
mastodon/mastodon,stars,fog-json,1.4.0,gem
mastodon/mastodon,stars,sidekiq-unique-jobs,8.1.0,gem
mastodon/mastodon,stars,highline,3.1.2,gem
mastodon/mastodon,stars,language_server-protocol,3.17.0.6,gem
mastodon/mastodon,stars,launchy,3.1.1,gem
mastodon/mastodon,stars,aws-eventstream,1.4.0,gem
mastodon/mastodon,stars,flatware,2.4.0,gem
mastodon/mastodon,stars,aes_key_wrap,1.1.0,gem
mastodon/mastodon,stars,simplecov,1.1.1,gem
mastodon/mastodon,stars,date,3.5.1,gem
mastodon/mastodon,stars,actionmailer,8.1.3.1,gem
mastodon/mastodon,stars,tty-color,0.6.0,gem
mastodon/mastodon,stars,mutex_m,0.3.0,gem
mastodon/mastodon,stars,unicode-display_width,3.2.0,gem
mastodon/mastodon,stars,securerandom,0.4.1,gem
mastodon/mastodon,stars,capybara,3.40.0,gem
mastodon/mastodon,stars,shoulda-matchers,8.0.1,gem
mastodon/mastodon,stars,google-protobuf,4.36.1,gem
mastodon/mastodon,stars,net-ldap,0.20.0,gem
mastodon/mastodon,stars,strong_migrations,2.8.0,gem
mastodon/mastodon,stars,binding_of_caller,2.0.0,gem
mastodon/mastodon,stars,fog-openstack,1.1.5,gem
mastodon/mastodon,stars,ox,2.14.29,gem
mastodon/mastodon,stars,jmespath,1.6.2,gem
mastodon/mastodon,stars,temple,0.10.7,gem
mastodon/mastodon,stars,ast,2.4.3,gem
mastodon/mastodon,stars,opentelemetry-exporter-otlp,0.35.1,gem
mastodon/mastodon,stars,active_model_serializers,0.10.16,gem
mastodon/mastodon,stars,better_errors,2.10.1,gem
mastodon/mastodon,stars,prism,1.9.0,gem
mastodon/mastodon,stars,rspec-rails,8.0.4,gem
mastodon/mastodon,stars,parslet,2.0.0,gem
mastodon/mastodon,stars,json-jwt,1.17.2,gem
mastodon/mastodon,stars,elastic-transport,8.5.3,gem
mastodon/mastodon,stars,webfinger,2.1.3,gem
mastodon/mastodon,stars,tty-prompt,0.23.1,gem
mastodon/mastodon,stars,rspec-support,3.13.7,gem
mastodon/mastodon,stars,aws-sdk-s3,1.229.0,gem
mastodon/mastodon,stars,flatware-rspec,2.4.0,gem
mastodon/mastodon,stars,jd-paperclip-azure,3.0.0,gem
mastodon/mastodon,stars,csv,3.3.6,gem
mastodon/mastodon,stars,addressable,2.9.0,gem
huginn/huginn,stars,declarative,0.0.20,gem
huginn/huginn,stars,tilt,2.9.0,gem
huginn/huginn,stars,evernote-thrift,1.25.2,gem
huginn/huginn,stars,prettyprint,0.2.0,gem
huginn/huginn,stars,ace-rails-ap,4.5,gem
huginn/huginn,stars,buftok,1.0.1,gem
huginn/huginn,stars,useragent,0.16.11,gem
huginn/huginn,stars,kramdown,2.5.2,gem
huginn/huginn,stars,sassc-rails,2.1.2,gem
huginn/huginn,stars,uber,0.1.0,gem
huginn/huginn,stars,et-orbi,1.4.2,gem
huginn/huginn,stars,oauth,1.1.8,gem
huginn/huginn,stars,simple_oauth,0.4.1,gem
huginn/huginn,stars,minitest,6.0.6,gem
huginn/huginn,stars,aws-sdk-core,3.254.1,gem
huginn/huginn,stars,rails-controller-testing,1.0.5,gem
huginn/huginn,stars,rexml,3.4.4,gem
huginn/huginn,stars,httmultiparty,0.3.16,gem
huginn/huginn,stars,rubocop-ast,1.50.0,gem
huginn/huginn,stars,terser,1.2.8,gem
huginn/huginn,stars,bootstrap-kaminari-views,0.0.5,gem
huginn/huginn,stars,rake,13.4.2,gem
huginn/huginn,stars,omniauth-google-oauth2,1.2.3,gem
huginn/huginn,stars,pg,1.6.3,gem
huginn/huginn,stars,rspec-collection_matchers,1.2.1,gem
huginn/huginn,stars,google-cloud-env,2.4.0,gem
huginn/huginn,stars,spring-commands-rspec,1.0.4,gem
huginn/huginn,stars,rspec-mocks,3.13.8,gem
huginn/huginn,stars,google-cloud-core,1.9.0,gem
huginn/huginn,stars,capybara,3.40.0,gem
huginn/huginn,stars,retriable,4.2.0,gem
huginn/huginn,stars,unicode-emoji,4.2.0,gem
huginn/huginn,stars,activestorage,8.1.3.1,gem
huginn/huginn,stars,pdf-reader,2.16.0,gem
huginn/huginn,stars,Ascii85,2.0.1,gem
huginn/huginn,stars,faraday-follow_redirects,0.5.0,gem
huginn/huginn,stars,jsonpath,1.1.5,gem
huginn/huginn,stars,loofah,2.25.2,gem
huginn/huginn,stars,racc,1.8.1,gem
huginn/huginn,stars,afm,1.0.0,gem
huginn/huginn,stars,http,6.0.4,gem
huginn/huginn,stars,diff-lcs,1.6.2,gem
huginn/huginn,stars,rspec-core,3.13.6,gem
huginn/huginn,stars,mime-types,3.7.0,gem
huginn/huginn,stars,googleapis-common-protos,1.10.0,gem
huginn/huginn,stars,rbs,4.2.0,gem
huginn/huginn,stars,twitter,8.3.1,gem
huginn/huginn,stars,debug,1.11.1,gem
huginn/huginn,stars,google-apis-core,1.2.5,gem
huginn/huginn,stars,anonymous_loader,0.1.3,gem
huginn/huginn,stars,jwt,3.2.0,gem
huginn/huginn,stars,matrix,0.4.3,gem
huginn/huginn,stars,faraday-multipart,1.2.0,gem
huginn/huginn,stars,securerandom,0.4.1,gem
huginn/huginn,stars,foreman,0.90.0,gem
huginn/huginn,stars,devise,5.0.4,gem
huginn/huginn,stars,kaminari-core,1.2.2,gem
huginn/huginn,stars,pstore,0.2.1,gem
huginn/huginn,stars,sprockets-rails,3.5.2,gem
huginn/huginn,stars,http-cookie,1.1.6,gem
huginn/huginn,stars,net-ftp-list,3.4.1,gem
huginn/huginn,stars,geokit-rails,2.5.0,gem
huginn/huginn,stars,faraday,2.14.3,gem
huginn/huginn,stars,ast,2.4.3,gem
huginn/huginn,stars,language_server-protocol,3.17.0.6,gem
huginn/huginn,stars,actiontext,8.1.3.1,gem
huginn/huginn,stars,faraday-typhoeus,2.0.0,gem
huginn/huginn,stars,rspec-html-matchers,0.10.0,gem
huginn/huginn,stars,rackup,2.3.1,gem
huginn/huginn,stars,liquid,5.13.0,gem
huginn/huginn,stars,uri,1.1.1,gem
huginn/huginn,stars,activerecord,8.1.3.1,gem
huginn/huginn,stars,omniauth-dropbox2,2.0.6,gem
huginn/huginn,stars,multi_json,1.21.1,gem
huginn/huginn,stars,oauth2,2.0.25,gem
huginn/huginn,stars,net-http,0.9.1,gem
huginn/huginn,stars,execjs,2.10.2,gem
huginn/huginn,stars,faraday-gzip,3.1.0,gem
huginn/huginn,stars,selenium-webdriver,4.48.0,gem
huginn/huginn,stars,websocket-driver,0.8.2,gem
huginn/huginn,stars,benchmark,0.5.0,gem
huginn/huginn,stars,mqtt,0.7.0,gem
huginn/huginn,stars,twilio-ruby,7.11.1,gem
huginn/huginn,stars,date,3.5.1,gem
huginn/huginn,stars,ruby-progressbar,1.13.0,gem
huginn/huginn,stars,with_advisory_lock,7.6.0,gem
huginn/huginn,stars,launchy,3.1.1,gem
huginn/huginn,stars,websocket,1.2.11,gem
huginn/huginn,stars,rspec-support,3.13.7,gem
huginn/huginn,stars,representable,3.2.0,gem
huginn/huginn,stars,rubocop-performance,1.27.0,gem
huginn/huginn,stars,rack,3.2.7,gem
huginn/huginn,stars,connection_pool,3.0.2,gem
huginn/huginn,stars,activejob,8.1.3.1,gem
huginn/huginn,stars,xpath,3.2.0,gem
huginn/huginn,stars,parallel,2.1.0,gem
huginn/huginn,stars,rufus-scheduler,3.9.2,gem
huginn/huginn,stars,drb,2.2.3,gem
huginn/huginn,stars,csv,3.3.6,gem
huginn/huginn,stars,actionview,8.1.3.1,gem
huginn/huginn,stars,rails-html-sanitizer,1.7.1,gem
huginn/huginn,stars,builder,3.3.0,gem
huginn/huginn,stars,pp,0.6.4,gem
huginn/huginn,stars,sax-machine,1.3.2,gem
huginn/huginn,stars,xmpp4r,0.5.6,gem
huginn/huginn,stars,net-ftp,0.3.9,gem
huginn/huginn,stars,evernote_oauth,0.2.3,gem
huginn/huginn,stars,net-imap,0.6.6,gem
huginn/huginn,stars,spring,4.7.0,gem
huginn/huginn,stars,rack-session,2.1.2,gem
huginn/huginn,stars,bigdecimal,3.3.1,gem
huginn/huginn,stars,addressable,2.9.0,gem
huginn/huginn,stars,em-socksify,0.3.3,gem
huginn/huginn,stars,omniauth,2.1.4,gem
huginn/huginn,stars,i18n,1.15.2,gem
huginn/huginn,stars,rb-kqueue,0.2.8,gem
huginn/huginn,stars,mail,2.9.1,gem
huginn/huginn,stars,typhoeus,1.6.0,gem
huginn/huginn,stars,daemons,1.4.1,gem
huginn/huginn,stars,delayed_job_active_record,4.1.11,gem
huginn/huginn,stars,os,1.1.4,gem
huginn/huginn,stars,haversine,0.3.2,gem
huginn/huginn,stars,mini_racer,0.22.1,gem
huginn/huginn,stars,net-smtp,0.5.1,gem
huginn/huginn,stars,net-sftp,4.0.0,gem
huginn/huginn,stars,timeout,0.6.1,gem
huginn/huginn,stars,aws-eventstream,1.4.0,gem
huginn/huginn,stars,ttfunk,1.8.0,gem
huginn/huginn,stars,em-http-request,1.1.7,gem
huginn/huginn,stars,rb-fsevent,0.11.2,gem
huginn/huginn,stars,globalid,1.4.0,gem
huginn/huginn,stars,letter_opener_web,3.0.0,gem
huginn/huginn,stars,warden,1.2.9,gem
huginn/huginn,stars,rspec-rails,8.0.4,gem
huginn/huginn,stars,parser,3.3.12.0,gem
huginn/huginn,stars,sassc,2.4.0,gem
huginn/huginn,stars,actionmailbox,8.1.3.1,gem
huginn/huginn,stars,rr,3.1.2,gem
huginn/huginn,stars,capybara-select-2,0.5.1,gem
huginn/huginn,stars,aws-sdk-s3,1.229.0,gem
huginn/huginn,stars,kaminari-activerecord,1.2.2,gem
huginn/huginn,stars,kaminari,1.2.2,gem
huginn/huginn,stars,net-scp,4.1.0,gem
huginn/huginn,stars,concurrent-ruby,1.3.8,gem
huginn/huginn,stars,unicode-display_width,3.2.0,gem
huginn/huginn,stars,oauth-tty,1.0.13,gem
huginn/huginn,stars,simplecov,1.2.0,gem
huginn/huginn,stars,huginn_agent,0.6.4,gem
huginn/huginn,stars,bootsnap,1.26.0,gem
huginn/huginn,stars,rubyzip,3.6.0,gem
huginn/huginn,stars,activesupport,8.1.3.1,gem
huginn/huginn,stars,hipchat,1.6.0,gem
huginn/huginn,stars,snaky_hash,2.0.7,gem
huginn/huginn,stars,irb,1.18.0,gem
huginn/huginn,stars,rspec,3.13.2,gem
huginn/huginn,stars,googleapis-common-protos-types,1.23.0,gem
huginn/huginn,stars,google-cloud-translate-v2,1.2.0,gem
huginn/huginn,stars,kaminari-actionview,1.2.2,gem
huginn/huginn,stars,auth-sanitizer,0.2.3,gem
huginn/huginn,stars,select2-rails,4.0.13,gem
huginn/huginn,stars,google-apis-calendar_v3,0.57.0,gem
huginn/huginn,stars,rspec-expectations,3.13.5,gem
huginn/huginn,stars,base64,0.3.0,gem
huginn/huginn,stars,ffi,1.17.4,gem
huginn/huginn,stars,llhttp,0.6.2,gem
huginn/huginn,stars,omniauth-oauth2,1.9.0,gem
huginn/huginn,stars,aws-partitions,1.1283.0,gem
huginn/huginn,stars,google-protobuf,4.36.1,gem
huginn/huginn,stars,strscan,3.1.8,gem
huginn/huginn,stars,childprocess,5.1.0,gem
huginn/huginn,stars,sprockets,4.4.1,gem
huginn/huginn,stars,httparty,0.24.2,gem
huginn/huginn,stars,public_suffix,7.0.5,gem
huginn/huginn,stars,msgpack,1.8.4,gem
huginn/huginn,stars,ostruct,0.6.3,gem
huginn/huginn,stars,logger,1.7.0,gem
huginn/huginn,stars,sshkit,1.25.1,gem
huginn/huginn,stars,slack-notifier,2.4.0,gem
huginn/huginn,stars,actionmailer,8.1.3.1,gem
huginn/huginn,stars,erb,6.0.7,gem
huginn/huginn,stars,rspec-retry,0.6.2,gem
huginn/huginn,stars,equalizer,1.0.0,gem
huginn/huginn,stars,net-protocol,0.3.0,gem
huginn/huginn,stars,signet,0.22.0,gem
huginn/huginn,stars,mime-types-data,3.2026.0701,gem
huginn/huginn,stars,feedjira,4.0.2,gem
huginn/huginn,stars,reline,0.7.0,gem
huginn/huginn,stars,json,2.21.2,gem
huginn/huginn,stars,naught,2.3.0,gem
huginn/huginn,stars,fugit,1.13.0,gem
huginn/huginn,stars,net-ssh,7.3.3,gem
huginn/huginn,stars,vcr,6.4.0,gem
huginn/huginn,stars,pirate_weather_forecast_ruby,0.1.0,gem
huginn/huginn,stars,jmespath,1.6.2,gem
huginn/huginn,stars,zlib,3.2.3,gem
huginn/huginn,stars,version_gem,1.1.15,gem
huginn/huginn,stars,tzinfo,2.0.6,gem
huginn/huginn,stars,geokit,1.14.0,gem
huginn/huginn,stars,eventmachine,1.2.7,gem
huginn/huginn,stars,multipart-post,2.4.1,gem
huginn/huginn,stars,rainbow,3.1.1,gem
huginn/huginn,stars,gmail_xoauth,0.4.3,gem
huginn/huginn,stars,rdoc,8.0.0,gem
huginn/huginn,stars,letter_opener,1.10.0,gem
huginn/huginn,stars,railties,8.1.3.1,gem
huginn/huginn,stars,spectrum-rails,1.8.1,gem
huginn/huginn,stars,bcrypt,3.1.22,gem
huginn/huginn,stars,activemodel,8.1.3.1,gem
huginn/huginn,stars,google-cloud-errors,1.7.0,gem
huginn/huginn,stars,listen,3.10.0,gem
huginn/huginn,stars,hashie,5.1.0,gem
huginn/huginn,stars,rubocop-rspec,3.10.2,gem
huginn/huginn,stars,actionpack,8.1.3.1,gem
huginn/huginn,stars,puma,8.0.2,gem
huginn/huginn,stars,webmock,3.26.4,gem
huginn/huginn,stars,omniauth-evernote,1.2.1,gem
huginn/huginn,stars,libv8-node,24.12.0.1,gem
huginn/huginn,stars,nokogiri,1.19.4,gem
huginn/huginn,stars,airbrussh,1.6.2,gem
huginn/huginn,stars,rubocop,1.90.0,gem
huginn/huginn,stars,prism,1.9.0,gem
huginn/huginn,stars,capistrano-bundler,2.2.0,gem
huginn/huginn,stars,capistrano-rails,1.7.0,gem
huginn/huginn,stars,cgi,0.5.2,gem
huginn/huginn,stars,hashery,2.1.2,gem
huginn/huginn,stars,actioncable,8.1.3.1,gem
huginn/huginn,stars,omniauth-twitter,1.5.0,gem
huginn/huginn,stars,multi_xml,0.9.1,gem
huginn/huginn,stars,responders,3.2.1,gem
huginn/huginn,stars,nio4r,2.7.5,gem
huginn/huginn,stars,grpc,1.83.1,gem
huginn/huginn,stars,lint_roller,1.1.0,gem
huginn/huginn,stars,memoizable,0.5.1,gem
huginn/huginn,stars,googleauth,1.17.4,gem
huginn/huginn,stars,ethon,0.18.0,gem
huginn/huginn,stars,google-logging-utils,0.2.0,gem
huginn/huginn,stars,hashdiff,1.2.1,gem
huginn/huginn,stars,crass,1.0.7,gem
huginn/huginn,stars,trailblazer-option,0.1.2,gem
huginn/huginn,stars,mimemagic,0.4.3,gem
huginn/huginn,stars,rack-test,2.2.0,gem
huginn/huginn,stars,action_text-trix,2.1.19,gem
huginn/huginn,stars,jquery-rails,4.6.1,gem
huginn/huginn,stars,simplecov-lcov,0.9.0,gem
huginn/huginn,stars,faraday-net_http,3.4.4,gem
huginn/huginn,stars,aws-sigv4,1.12.1,gem
huginn/huginn,stars,rack-protection,4.2.1,gem
huginn/huginn,stars,delayed_job,4.2.0,gem
huginn/huginn,stars,rb-inotify,0.11.1,gem
huginn/huginn,stars,mini_magick,5.4.0,gem
huginn/huginn,stars,mysql2,0.5.7,gem
huginn/huginn,stars,io-console,0.9.2,gem
huginn/huginn,stars,thor,1.5.0,gem
huginn/huginn,stars,spring-watcher-listen,2.1.0,gem
huginn/huginn,stars,net-pop,0.1.2,gem
huginn/huginn,stars,raabro,1.5.0,gem
huginn/huginn,stars,crack,1.0.1,gem
huginn/huginn,stars,domain_name,0.6.20260902,gem
huginn/huginn,stars,cookiejar,0.3.4,gem
huginn/huginn,stars,erubi,1.13.1,gem
huginn/huginn,stars,rails-dom-testing,2.3.0,gem
huginn/huginn,stars,http_parser.rb,0.8.1,gem
huginn/huginn,stars,omniauth-oauth,1.2.1,gem
huginn/huginn,stars,mini_mime,1.1.5,gem
huginn/huginn,stars,marcel,1.2.1,gem
huginn/huginn,stars,websocket-extensions,0.1.5,gem
huginn/huginn,stars,aws-sdk-kms,1.130.0,gem
huginn/huginn,stars,tsort,0.2.0,gem
huginn/huginn,stars,orm_adapter,0.5.0,gem
huginn/huginn,stars,zeitwerk,2.8.3,gem
huginn/huginn,stars,rails,8.1.3.1,gem
huginn/huginn,stars,capistrano,3.20.1,gem
huginn/huginn,stars,regexp_parser,2.12.0,gem
huginn/huginn,stars,time,0.4.2,gem
Homebrew/brew,stars,fiber-annotation,0.2.0,gem
Homebrew/brew,stars,ast,2.4.3,gem
Homebrew/brew,stars,thor,1.5.0,gem
Homebrew/brew,stars,elftools,2.0.0,gem
Homebrew/brew,stars,unicode-emoji,4.2.0,gem
Homebrew/brew,stars,rouge,4.7.0,gem
Homebrew/brew,stars,rb-inotify,0.11.1,gem
Homebrew/brew,stars,pathutil,0.16.2,gem
Homebrew/brew,stars,public_suffix,7.0.5,gem
Homebrew/brew,stars,sass-embedded,1.103.1,gem
Homebrew/brew,stars,jekyll-seo-tag,2.9.0,gem
Homebrew/brew,stars,lint_roller,1.1.0,gem
Homebrew/brew,stars,mixlib-shellout,3.4.10,gem
Homebrew/brew,stars,async,2.45.1,gem
Homebrew/brew,stars,mdl,0.18.1,gem
Homebrew/brew,stars,kramdown-parser-gfm,1.1.0,gem
Homebrew/brew,stars,eventmachine,1.2.7,gem
Homebrew/brew,stars,webrick,1.9.2,gem
Homebrew/brew,stars,base64,0.3.0,gem
Homebrew/brew,stars,rubocop,1.90.0,gem
Homebrew/brew,stars,addressable,2.9.0,gem
Homebrew/brew,stars,sorbet-static-and-runtime,0.6.13454,gem
Homebrew/brew,stars,simpleidn,0.2.3,gem
Homebrew/brew,stars,diff-lcs,1.6.2,gem
Homebrew/brew,stars,yard,0.9.45,gem
Homebrew/brew,stars,prism,1.9.0,gem
Homebrew/brew,stars,jekyll-watch,2.2.1,gem
Homebrew/brew,stars,jekyll-relative-links,0.8.0,gem
Homebrew/brew,stars,rubocop-ast,1.50.0,gem
Homebrew/brew,stars,rubocop-performance,1.27.0,gem
Homebrew/brew,stars,jekyll-sass-converter,3.1.0,gem
Homebrew/brew,stars,rexml,3.4.4,gem
Homebrew/brew,stars,rainbow,3.1.1,gem
Homebrew/brew,stars,patchelf,1.6.2,gem
Homebrew/brew,stars,benchmark,0.5.0,gem
Homebrew/brew,stars,ostruct,0.6.3,gem
Homebrew/brew,stars,parallel,2.1.0,gem
Homebrew/brew,stars,rubocop-rspec,3.10.2,gem
Homebrew/brew,stars,rspec,3.13.2,gem
Homebrew/brew,stars,erubi,1.13.1,gem
Homebrew/brew,stars,tomlrb,2.0.4,gem
Homebrew/brew,stars,liquid,4.0.4,gem
Homebrew/brew,stars,rubocop-md,2.0.4,gem
Homebrew/brew,stars,google-protobuf,4.36.0,gem
Homebrew/brew,stars,concurrent-ruby,1.3.8,gem
Homebrew/brew,stars,ffi,1.17.4,gem
Homebrew/brew,stars,rake,13.4.2,gem
Homebrew/brew,stars,fiber-local,1.1.0,gem
Homebrew/brew,stars,parallel_tests,5.7.0,gem
Homebrew/brew,stars,rspec-expectations,3.13.5,gem
Homebrew/brew,stars,unicode-display_width,3.2.0,gem
Homebrew/brew,stars,minitest,6.0.6,gem
Homebrew/brew,stars,mixlib-cli,2.1.8,gem
Homebrew/brew,stars,bigdecimal,3.3.1,gem
Homebrew/brew,stars,i18n,1.15.2,gem
Homebrew/brew,stars,rspec-sorbet,1.9.2,gem
Homebrew/brew,stars,require-hooks,0.5.1,gem
Homebrew/brew,stars,logger,1.7.0,gem
Homebrew/brew,stars,unicode-display_width,2.6.0,gem
Homebrew/brew,stars,sorbet,0.6.13454,gem
Homebrew/brew,stars,bindata,3.0.0,gem
Homebrew/brew,stars,erb,6.0.7,gem
Homebrew/brew,stars,rspec-mocks,3.13.8,gem
Homebrew/brew,stars,terminal-table,3.0.2,gem
Homebrew/brew,stars,html-proofer,5.2.2,gem
Homebrew/brew,stars,reline,0.7.0,gem
Homebrew/brew,stars,yard-sorbet,0.9.0,gem
Homebrew/brew,stars,rspec_junit_formatter,0.6.0,gem
Homebrew/brew,stars,drb,2.2.3,gem
Homebrew/brew,stars,ruby-prof,2.0.5,gem
Homebrew/brew,stars,forwardable-extended,2.6.0,gem
Homebrew/brew,stars,jekyll-optional-front-matter,0.3.3,gem
Homebrew/brew,stars,racc,1.8.1,gem
Homebrew/brew,stars,language_server-protocol,3.17.0.6,gem
Homebrew/brew,stars,parser,3.3.12.0,gem
Homebrew/brew,stars,jekyll,4.4.1,gem
Homebrew/brew,stars,fiber-storage,1.0.1,gem
Homebrew/brew,stars,irb,1.18.0,gem
Homebrew/brew,stars,afm,1.0.0,gem
Homebrew/brew,stars,json_schemer,2.5.0,gem
Homebrew/brew,stars,rspec-github,3.0.0,gem
Homebrew/brew,stars,spoom,1.8.7,gem
Homebrew/brew,stars,mercenary,0.4.0,gem
Homebrew/brew,stars,csv,3.3.6,gem
Homebrew/brew,stars,sorbet-runtime,0.6.13454,gem
Homebrew/brew,stars,jekyll-titles-from-headings,0.5.4,gem
Homebrew/brew,stars,http_parser.rb,0.8.1,gem
Homebrew/brew,stars,rspec-retry,0.6.2,gem
Homebrew/brew,stars,jekyll-redirect-from,0.16.0,gem
Homebrew/brew,stars,tsort,0.2.0,gem
Homebrew/brew,stars,simplecov-cobertura,4.0.0,gem
Homebrew/brew,stars,plist,3.7.2,gem
Homebrew/brew,stars,test-prof,1.6.3,gem
Homebrew/brew,stars,netrc,0.11.0,gem
Homebrew/brew,stars,rb-fsevent,0.11.2,gem
Homebrew/brew,stars,safe_yaml,1.0.5,gem
Homebrew/brew,stars,mixlib-config,3.0.27,gem
Homebrew/brew,stars,sorbet-static,0.6.13454,gem
Homebrew/brew,stars,rdoc,8.0.0,gem
Homebrew/brew,stars,ttfunk,1.8.0,gem
Homebrew/brew,stars,tapioca,0.19.2,gem
Homebrew/brew,stars,rspec-core,3.13.6,gem
Homebrew/brew,stars,vernier,1.11.0,gem
Homebrew/brew,stars,rspec-support,3.13.7,gem
Homebrew/brew,stars,pdf-reader,2.16.0,gem
Homebrew/brew,stars,ethon,0.18.0,gem
Homebrew/brew,stars,ruby-lsp,0.26.11,gem
Homebrew/brew,stars,colorator,1.1.0,gem
Homebrew/brew,stars,io-console,0.9.2,gem
Homebrew/brew,stars,yell,2.2.2,gem
Homebrew/brew,stars,simplecov,1.1.1,gem
Homebrew/brew,stars,hashery,2.1.2,gem
Homebrew/brew,stars,rubydex,0.4.0,gem
Homebrew/brew,stars,stackprof,0.2.28,gem
Homebrew/brew,stars,bigdecimal,4.1.2,gem
Homebrew/brew,stars,nokogiri,1.19.4,gem
Homebrew/brew,stars,json,2.21.2,gem
Homebrew/brew,stars,jekyll-sitemap,1.4.0,gem
Homebrew/brew,stars,em-websocket,0.5.3,gem
Homebrew/brew,stars,rbs,4.2.0,gem
Homebrew/brew,stars,listen,3.10.0,gem
Homebrew/brew,stars,zeitwerk,2.8.3,gem
Homebrew/brew,stars,io-event,1.21.1,gem
Homebrew/brew,stars,console,1.37.0,gem
Homebrew/brew,stars,hana,1.3.7,gem
Homebrew/brew,stars,typhoeus,1.6.0,gem
Homebrew/brew,stars,prettyprint,0.2.0,gem
Homebrew/brew,stars,Ascii85,2.0.1,gem
Homebrew/brew,stars,chef-utils,19.3.15,gem
Homebrew/brew,stars,uri,1.1.1,gem
Homebrew/brew,stars,kramdown,2.5.2,gem
Homebrew/brew,stars,rbi,0.4.3,gem
Homebrew/brew,stars,pp,0.6.4,gem
Homebrew/brew,stars,regexp_parser,2.12.0,gem
Homebrew/brew,stars,ruby-progressbar,1.13.0,gem
Homebrew/brew,stars,rubocop-sorbet,0.15.0,gem
Homebrew/brew,stars,ruby-macho,6.0.0,gem
discourse/discourse,stars,aws-sdk-sts,1.12.0,gem
discourse/discourse,stars,oauth,1.1.8,gem
discourse/discourse,stars,redis-namespace,1.11.0,gem
discourse/discourse,stars,strscan,3.1.8,gem
discourse/discourse,stars,sshkey,3.0.0,gem
discourse/discourse,stars,rubyzip,3.5.0,gem
discourse/discourse,stars,aws-sdk-s3,1.227.0,gem
discourse/discourse,stars,rinku,2.0.6,gem
discourse/discourse,stars,activerecord,8.0.5.1,gem
discourse/discourse,stars,pg,1.6.3,gem
discourse/discourse,stars,sqlite3,2.9.6,gem
discourse/discourse,stars,minitest,6.0.6,gem
discourse/discourse,stars,rack,2.2.24,gem
discourse/discourse,stars,tty-screen,0.8.2,gem
discourse/discourse,stars,openssl-signature_algorithm,1.3.0,gem
discourse/discourse,stars,mocha,3.1.0,gem
discourse/discourse,stars,simplecov,1.1.1,gem
discourse/discourse,stars,hashery,2.1.2,gem
discourse/discourse,stars,pp,0.6.4,gem
discourse/discourse,stars,actionview_precompiler,0.4.0,gem
discourse/discourse,stars,rainbow,3.1.1,gem
discourse/discourse,stars,ffi,1.17.0,gem
discourse/discourse,stars,http_accept_language,2.1.1,gem
discourse/discourse,stars,ffi,1.17.4,gem
discourse/discourse,stars,pdf-reader,2.16.0,gem
discourse/discourse,stars,rspec-core,3.13.6,gem
discourse/discourse,stars,markbridge,>= 0.4.0,gem
discourse/discourse,stars,tty-reader,0.9.0,gem
discourse/discourse,stars,dry-initializer,3.2.0,gem
discourse/discourse,stars,activesupport,8.0.5.1,gem
discourse/discourse,stars,ruby-lsp,0.26.11,gem
discourse/discourse,stars,actionmailer,8.0.5.1,gem
discourse/discourse,stars,json-schema,6.2.0,gem
discourse/discourse,stars,mime-types-data,3.2026.0701,gem
discourse/discourse,stars,optimist,3.2.1,gem
discourse/discourse,stars,method_source,1.1.0,gem
discourse/discourse,stars,thor,1.5.0,gem
discourse/discourse,stars,debug,1.11.1,gem
discourse/discourse,stars,ssrf_filter,1.5.0,gem
discourse/discourse,stars,pastel,0.8.0,gem
discourse/discourse,stars,Ascii85,2.0.1,gem
discourse/discourse,stars,matrix,0.4.3,gem
discourse/discourse,stars,fiber-local,1.1.0,gem
discourse/discourse,stars,crack,1.0.1,gem
discourse/discourse,stars,irb,1.18.0,gem
discourse/discourse,stars,useragent,0.16.11,gem
discourse/discourse,stars,mustache,1.1.3,gem
discourse/discourse,stars,uniform_notifier,1.18.0,gem
discourse/discourse,stars,landlock,0.5.1,gem
discourse/discourse,stars,web-push,3.0.1,gem
discourse/discourse,stars,unicode-emoji,4.2.0,gem
discourse/discourse,stars,aws-sdk-bedrockruntime,1.83.0,gem
discourse/discourse,stars,yaml-lint,0.1.2,gem
discourse/discourse,stars,message_bus,4.6.0,gem
discourse/discourse,stars,faraday-multipart,1.2.0,gem
discourse/discourse,stars,faraday,2.14.3,gem
discourse/discourse,stars,discourse_dev_assets,0.0.6,gem
discourse/discourse,stars,zeitwerk,>= 0,gem
discourse/discourse,stars,faraday-retry,2.2.1,gem
discourse/discourse,stars,rack-mini-profiler,5.0.0,gem
discourse/discourse,stars,zendesk_api,3.1.2,gem
discourse/discourse,stars,rb-inotify,0.11.1,gem
discourse/discourse,stars,hashdiff,1.2.1,gem
discourse/discourse,stars,actionview,8.0.5.1,gem
discourse/discourse,stars,annotaterb,4.20.0,gem
discourse/discourse,stars,drb,2.2.3,gem
discourse/discourse,stars,pry-rails,0.3.11,gem
discourse/discourse,stars,lru_redux,>= 0,gem
discourse/discourse,stars,propshaft,1.3.2,gem
discourse/discourse,stars,uri,1.1.1,gem
discourse/discourse,stars,tiktoken_ruby,0.0.17,gem
discourse/discourse,stars,i18n,1.14.8,gem
discourse/discourse,stars,tokenizers,0.6.4,gem
discourse/discourse,stars,connection_pool,2.5.5,gem
discourse/discourse,stars,goldiloader,6.0.0,gem
discourse/discourse,stars,ruby-prof,2.0.5,gem
discourse/discourse,stars,rbtrace,0.5.5,gem
discourse/discourse,stars,version_gem,1.1.15,gem
discourse/discourse,stars,rspec-rails,8.0.4,gem
discourse/discourse,stars,multi_xml,0.9.1,gem
discourse/discourse,stars,octokit,10.0.0,gem
discourse/discourse,stars,rqrcode,3.2.0,gem
discourse/discourse,stars,rubocop-ast,1.50.0,gem
discourse/discourse,stars,diffy,3.4.4,gem
discourse/discourse,stars,logstash-event,1.2.02,gem
discourse/discourse,stars,racc,1.8.1,gem
discourse/discourse,stars,rspec-multi-mock,>= 0,gem
discourse/discourse,stars,aws-sdk-core,3.254.1,gem
discourse/discourse,stars,public_suffix,7.0.5,gem
discourse/discourse,stars,json_completer,1.2.0,gem
discourse/discourse,stars,aws-partitions,1.1283.0,gem
discourse/discourse,stars,concurrent-ruby,1.3.8,gem
discourse/discourse,stars,oauth2,1.4.11,gem
discourse/discourse,stars,parser,3.3.12.0,gem
discourse/discourse,stars,multipart-post,2.4.1,gem
discourse/discourse,stars,lint_roller,1.1.0,gem
discourse/discourse,stars,tty-cursor,0.7.1,gem
discourse/discourse,stars,exifr,1.5.1,gem
discourse/discourse,stars,rqrcode_core,2.1.0,gem
discourse/discourse,stars,better_errors,2.10.1,gem
discourse/discourse,stars,aws-eventstream,1.4.0,gem
discourse/discourse,stars,unicode-display_width,>= 0,gem
discourse/discourse,stars,puma,8.0.2,gem
discourse/discourse,stars,liquid,5.12.0,gem
discourse/discourse,stars,request_store,1.7.0,gem
discourse/discourse,stars,parallel_tests,5.7.0,gem
discourse/discourse,stars,messageformat-wrapper,1.1.0,gem
discourse/discourse,stars,rubocop-capybara,3.0.0,gem
discourse/discourse,stars,extralite-bundle,3.0.1,gem
discourse/discourse,stars,console,1.37.0,gem
discourse/discourse,stars,rubocop,1.90.0,gem
discourse/discourse,stars,sanitize,7.0.0,gem
discourse/discourse,stars,rspec-mocks,3.13.8,gem
discourse/discourse,stars,auth-sanitizer,0.2.3,gem
discourse/discourse,stars,colored2,4.0.3,gem
discourse/discourse,stars,logster,2.21.0,gem
discourse/discourse,stars,google-protobuf,4.36.1,gem
discourse/discourse,stars,digest-xxhash,0.2.9,gem
discourse/discourse,stars,iso8601,0.13.0,gem
discourse/discourse,stars,coderay,1.1.3,gem
discourse/discourse,stars,redis,6.0.0,gem
discourse/discourse,stars,discourse_voice_assets,0.1.0,gem
discourse/discourse,stars,samovar,2.5.1,gem
discourse/discourse,stars,activejob,8.0.5.1,gem
discourse/discourse,stars,afm,1.0.0,gem
discourse/discourse,stars,rubocop-discourse,3.20.0,gem
discourse/discourse,stars,digest-xxhash,>= 0,gem
discourse/discourse,stars,builder,3.3.0,gem
discourse/discourse,stars,chunky_png,1.4.0,gem
discourse/discourse,stars,omniauth-github,2.0.0,gem
discourse/discourse,stars,smarter_json,1.2.6,gem
discourse/discourse,stars,omniauth,2.1.2,gem
discourse/discourse,stars,ast,2.4.3,gem
discourse/discourse,stars,lograge,0.15.0,gem
discourse/discourse,stars,colored2,>= 0,gem
discourse/discourse,stars,json,2.21.2,gem
discourse/discourse,stars,xpath,3.2.0,gem
discourse/discourse,stars,oauth-tty,1.0.13,gem
discourse/discourse,stars,anonymous_loader,0.1.3,gem
discourse/discourse,stars,simpleidn,0.2.3,gem
discourse/discourse,stars,rspec-html-matchers,0.10.0,gem
discourse/discourse,stars,certified,1.0.0,gem
discourse/discourse,stars,memory_profiler,1.1.0,gem
discourse/discourse,stars,ruby-lsp-rails,0.4.8,gem
discourse/discourse,stars,timeout,0.6.1,gem
discourse/discourse,stars,sawyer,0.9.3,gem
discourse/discourse,stars,fiber-annotation,0.2.0,gem
discourse/discourse,stars,test-prof,1.6.3,gem
discourse/discourse,stars,faraday-net_http,3.4.4,gem
discourse/discourse,stars,cose,1.3.1,gem
discourse/discourse,stars,benchmark,0.5.0,gem
discourse/discourse,stars,mime-types,3.7.0,gem
discourse/discourse,stars,ruby-lsp-rspec,0.1.29,gem
discourse/discourse,stars,rb-fsevent,0.11.2,gem
discourse/discourse,stars,pg,>= 0,gem
discourse/discourse,stars,activesupport,>= 0,gem
discourse/discourse,stars,samovar,>= 0,gem
discourse/discourse,stars,json,>= 0,gem
discourse/discourse,stars,discourse_math_bundle,1.0.1,gem
discourse/discourse,stars,msgpack,1.8.4,gem
discourse/discourse,stars,rbs,4.2.0,gem
discourse/discourse,stars,aws-sdk-mediaconvert,1.165.0,gem
discourse/discourse,stars,ed25519,1.4.0,gem
discourse/discourse,stars,i18n,>= 0,gem
discourse/discourse,stars,fiber-storage,1.0.1,gem
discourse/discourse,stars,email_reply_trimmer,0.4.0,gem
discourse/discourse,stars,rubocop-rspec,3.10.2,gem
discourse/discourse,stars,activemodel,8.0.5.1,gem
discourse/discourse,stars,ruby-rc4,0.1.5,gem
discourse/discourse,stars,css_parser,3.0.0,gem
discourse/discourse,stars,aws-sdk-sns,1.96.0,gem
discourse/discourse,stars,omniauth-facebook,10.0.0,gem
discourse/discourse,stars,omniauth-oauth2,1.7.3,gem
discourse/discourse,stars,maxminddb,0.1.22,gem
discourse/discourse,stars,rubocop-rails,2.37.0,gem
discourse/discourse,stars,jmespath,1.6.2,gem
discourse/discourse,stars,rails-html-sanitizer,1.7.1,gem
discourse/discourse,stars,ruby-vips,2.3.0,gem
discourse/discourse,stars,language_server-protocol,3.17.0.6,gem
discourse/discourse,stars,rake,13.4.2,gem
discourse/discourse,stars,rspec-support,3.13.7,gem
discourse/discourse,stars,stripe,19.6.0,gem
discourse/discourse,stars,listen,3.9.0,gem
discourse/discourse,stars,discourse-emojis,1.0.46,gem
discourse/discourse,stars,addressable,2.9.0,gem
discourse/discourse,stars,net-imap,0.6.6,gem
discourse/discourse,stars,zeitwerk,2.8.3,gem
discourse/discourse,stars,fast_blank,1.0.1,gem
discourse/discourse,stars,prettyprint,0.2.0,gem
discourse/discourse,stars,rack-session,1.0.2,gem
discourse/discourse,stars,faker,3.5.3,gem
discourse/discourse,stars,rss,0.3.3,gem
discourse/discourse,stars,redcarpet,3.6.1,gem
discourse/discourse,stars,rrule,0.8.0,gem
discourse/discourse,stars,oj,3.17.6,gem
discourse/discourse,stars,mini_suffix,0.3.3,gem
discourse/discourse,stars,rspec,3.13.2,gem
discourse/discourse,stars,mini_scheduler,0.20.0,gem
discourse/discourse,stars,rack-protection,3.2.0,gem
discourse/discourse,stars,rtlcss,0.2.1,gem
discourse/discourse,stars,rack-test,2.2.0,gem
discourse/discourse,stars,actionpack,8.0.5.1,gem
discourse/discourse,stars,tty-color,0.6.0,gem
discourse/discourse,stars,hana,1.3.7,gem
discourse/discourse,stars,aws-sdk-kms,1.99.0,gem
discourse/discourse,stars,rails_multisite,9.0.0,gem
discourse/discourse,stars,stackprof,0.2.28,gem
discourse/discourse,stars,erb,6.0.7,gem
discourse/discourse,stars,minio_runner,1.1.0,gem
discourse/discourse,stars,globalid,1.4.0,gem
discourse/discourse,stars,net-smtp,0.5.1,gem
discourse/discourse,stars,json_schemer,2.5.0,gem
discourse/discourse,stars,pry,0.16.0,gem
discourse/discourse,stars,ttfunk,1.8.0,gem
discourse/discourse,stars,cppjieba_rb,0.4.4,gem
discourse/discourse,stars,markbridge,0.4.0,gem
discourse/discourse,stars,net-http,0.9.1,gem
discourse/discourse,stars,net-protocol,0.3.0,gem
discourse/discourse,stars,rubocop-factory_bot,2.28.0,gem
discourse/discourse,stars,date,3.5.1,gem
discourse/discourse,stars,activerecord,>= 0,gem
discourse/discourse,stars,concurrent-ruby,>= 0,gem
discourse/discourse,stars,digest,3.2.1,gem
discourse/discourse,stars,nokogiri,1.19.4,gem
discourse/discourse,stars,faraday-retry,2.4.0,gem
discourse/discourse,stars,bullet,8.2.0,gem
discourse/discourse,stars,parallel,2.1.0,gem
discourse/discourse,stars,extralite-bundle,>= 0,gem
discourse/discourse,stars,mini_racer,0.22.1,gem
discourse/discourse,stars,omniauth-twitter,1.5.0,gem
discourse/discourse,stars,rubocop-rspec_rails,2.32.0,gem
discourse/discourse,stars,wisper,2.0.1,gem
discourse/discourse,stars,ruby-readability,0.7.3,gem
discourse/discourse,stars,discourse_ai-tokenizers,0.4.2,gem
discourse/discourse,stars,unicode-display_width,3.2.0,gem
discourse/discourse,stars,mocha,>= 0,gem
discourse/discourse,stars,capybara-playwright-driver,0.5.10,gem
discourse/discourse,stars,tzinfo,2.0.6,gem
discourse/discourse,stars,fabrication,3.0.0,gem
discourse/discourse,stars,reline,0.7.0,gem
discourse/discourse,stars,nio4r,2.7.5,gem
discourse/discourse,stars,cbor,0.5.10.3,gem
discourse/discourse,stars,diff-lcs,1.6.2,gem
discourse/discourse,stars,rails-dom-testing,2.3.0,gem
discourse/discourse,stars,rubocop-discourse-base,1.0.0,gem
discourse/discourse,stars,literate_randomizer,0.4.0,gem
discourse/discourse,stars,fastimage,2.4.1,gem
discourse/discourse,stars,sass-embedded,1.104.0,gem
discourse/discourse,stars,mini_mime,1.1.5,gem
discourse/discourse,stars,railties,8.0.5.1,gem
discourse/discourse,stars,rotp,6.3.0,gem
discourse/discourse,stars,pitchfork,0.18.2,gem
discourse/discourse,stars,rails_failover,2.3.0,gem
discourse/discourse,stars,ruby-progressbar,1.13.0,gem
discourse/discourse,stars,crass,1.0.7,gem
discourse/discourse,stars,rdoc,8.0.0,gem
discourse/discourse,stars,rexml,3.4.4,gem
discourse/discourse,stars,faraday-multipart,1.0.4,gem
discourse/discourse,stars,tzinfo-data,1.2026.3,gem
discourse/discourse,stars,prism,1.9.0,gem
discourse/discourse,stars,bigdecimal,3.3.1,gem
discourse/discourse,stars,logger,1.7.0,gem
discourse/discourse,stars,securerandom,0.4.1,gem
discourse/discourse,stars,active_model_serializers,0.8.4,gem
discourse/discourse,stars,image_size,3.6.0,gem
discourse/discourse,stars,io-console,0.9.2,gem
discourse/discourse,stars,playwright-ruby-client,1.62.0,gem
discourse/discourse,stars,openssl,3.3.2,gem
discourse/discourse,stars,discourse-seed-fu,2.3.12,gem
discourse/discourse,stars,hashie,5.1.0,gem
discourse/discourse,stars,json,2.19.9,gem
discourse/discourse,stars,rspec,>= 0,gem
discourse/discourse,stars,lru_redux,1.1.0,gem
discourse/discourse,stars,rspec-multi-mock,0.3.1,gem
discourse/discourse,stars,rchardet,1.10.2,gem
discourse/discourse,stars,image_optim,0.32.0,gem
discourse/discourse,stars,listen,3.10.0,gem
discourse/discourse,stars,tty-prompt,0.23.1,gem
discourse/discourse,stars,lz4-ruby,0.3.3,gem
discourse/discourse,stars,htmlentities,4.4.2,gem
discourse/discourse,stars,cgi,0.5.2,gem
discourse/discourse,stars,progress,3.6.0,gem
discourse/discourse,stars,rouge,5.1.0,gem
discourse/discourse,stars,rackup,1.0.1,gem
discourse/discourse,stars,base64,0.3.0,gem
discourse/discourse,stars,excon,1.7.1,gem
discourse/discourse,stars,prettier_print,1.2.1,gem
discourse/discourse,stars,libv8-node,24.12.0.1,gem
discourse/discourse,stars,bootsnap,1.25.0,gem
discourse/discourse,stars,syntax_tree,6.3.0,gem
discourse/discourse,stars,regexp_parser,2.12.0,gem
discourse/discourse,stars,mail,2.9.1,gem
discourse/discourse,stars,jwt,2.10.3,gem
discourse/discourse,stars,erubi,1.13.1,gem
discourse/discourse,stars,net-pop,0.1.2,gem
discourse/discourse,stars,webmock,3.26.4,gem
discourse/discourse,stars,in_threads,1.6.0,gem
discourse/discourse,stars,inflection,1.0.0,gem
discourse/discourse,stars,aws-sigv4,1.12.1,gem
discourse/discourse,stars,redis-client,0.30.1,gem
discourse/discourse,stars,rswag-specs,2.17.0,gem
discourse/discourse,stars,mini_sql,1.6.0,gem
discourse/discourse,stars,guess_html_encoding,0.0.11,gem
discourse/discourse,stars,tsort,0.2.0,gem
discourse/discourse,stars,ostruct,0.6.3,gem
discourse/discourse,stars,capybara,3.40.0,gem
discourse/discourse,stars,migrations-core,>= 0,gem
discourse/discourse,stars,omniauth-google-oauth2,1.0.1,gem
discourse/discourse,stars,highline,3.1.2,gem
discourse/discourse,stars,omniauth-oauth,1.2.1,gem
discourse/discourse,stars,rspec-expectations,3.13.5,gem
discourse/discourse,stars,webrick,1.9.2,gem
discourse/discourse,stars,yard,0.9.45,gem
discourse/discourse,stars,csv,3.3.6,gem
discourse/discourse,stars,loofah,2.25.2,gem
discourse/discourse,stars,fspath,3.1.2,gem
discourse/discourse,stars,ruby2_keywords,0.0.5,gem
discourse/discourse,stars,shoulda-matchers,8.0.1,gem
discourse/discourse,stars,sassc-embedded,1.80.9,gem
discourse/discourse,stars,raindrops,0.20.1,gem
discourse/discourse,stars,sidekiq,7.3.10,gem
discourse/discourse,stars,snaky_hash,2.0.7,gem
discourse/discourse,stars,multi_json,1.21.1,gem
discourse/discourse,stars,unf,0.2.0,gem
discourse/discourse,stars,discourse-fonts,0.0.19,gem
fastlane/fastlane,stars,rspec-core,3.12.2,gem
fastlane/fastlane,stars,pry-stack_explorer,0.4.12,gem
fastlane/fastlane,stars,danger,9.6.0,gem
fastlane/fastlane,stars,google-logging-utils,0.1.0,gem
fastlane/fastlane,stars,rb-readline,0.5.5,gem
fastlane/fastlane,stars,terminal-notifier,2.0.0,gem
fastlane/fastlane,stars,ostruct,0.6.3,gem
fastlane/fastlane,stars,benchmark,0.5.0,gem
fastlane/fastlane,stars,rexml,3.4.4,gem
fastlane/fastlane,stars,nkf,~> 0.2,gem
fastlane/fastlane,stars,commander,~> 4.6,gem
fastlane/fastlane,stars,dotenv,">= 2.1.1,< 3.0.0",gem
fastlane/fastlane,stars,nanaimo,0.4.0,gem
fastlane/fastlane,stars,jwt,2.10.3,gem
fastlane/fastlane,stars,ruby-progressbar,1.13.0,gem
fastlane/fastlane,stars,aws-sdk-kms,1.75.0,gem
fastlane/fastlane,stars,abbrev,~> 0.1,gem
fastlane/fastlane,stars,xcpretty-travis-formatter,1.0.1,gem
fastlane/fastlane,stars,rspec-mocks,3.12.6,gem
fastlane/fastlane,stars,emoji_regex,">= 0.1,< 4.0",gem
fastlane/fastlane,stars,simctl,1.6.10,gem
fastlane/fastlane,stars,tins,1.28.0,gem
fastlane/fastlane,stars,retriable,3.4.1,gem
fastlane/fastlane,stars,colored,>= 0,gem
fastlane/fastlane,stars,logger,">= 1.6,< 2.0",gem
fastlane/fastlane,stars,cork,0.3.0,gem
fastlane/fastlane,stars,addressable,2.9.0,gem
fastlane/fastlane,stars,jmespath,1.6.2,gem
fastlane/fastlane,stars,xcode-install,2.6.8,gem
fastlane/fastlane,stars,colored2,3.1.2,gem
fastlane/fastlane,stars,prism,1.9.0,gem
fastlane/fastlane,stars,benchmark,>= 0.1.0,gem
fastlane/fastlane,stars,rubocop-performance,1.10.2,gem
fastlane/fastlane,stars,rack,3.2.6,gem
fastlane/fastlane,stars,sawyer,0.9.3,gem
fastlane/fastlane,stars,optparse,0.4.0,gem
fastlane/fastlane,stars,os,1.1.4,gem
fastlane/fastlane,stars,coveralls,0.8.23,gem
fastlane/fastlane,stars,mime-types-data,3.2024.0206,gem
fastlane/fastlane,stars,json,< 3.0.0,gem
fastlane/fastlane,stars,byebug,11.1.3,gem
fastlane/fastlane,stars,open4,1.3.4,gem
fastlane/fastlane,stars,mini_magick,4.12.0,gem
fastlane/fastlane,stars,psych,5.4.0,gem
fastlane/fastlane,stars,google-cloud-storage,~> 1.31,gem
fastlane/fastlane,stars,pry-rescue,1.5.2,gem
fastlane/fastlane,stars,aws-partitions,1.1209.0,gem
fastlane/fastlane,stars,uri,1.1.1,gem
fastlane/fastlane,stars,fakefs,2.8.0,gem
fastlane/fastlane,stars,faraday-multipart,1.2.0,gem
fastlane/fastlane,stars,commander,4.6.0,gem
fastlane/fastlane,stars,octokit,10.0.0,gem
fastlane/fastlane,stars,xcpretty,~> 0.4.1,gem
fastlane/fastlane,stars,irb,1.18.0,gem
fastlane/fastlane,stars,mime-types,3.5.2,gem
fastlane/fastlane,stars,http-cookie,1.0.8,gem
fastlane/fastlane,stars,aws-sigv4,1.12.1,gem
fastlane/fastlane,stars,google-cloud-errors,1.3.1,gem
fastlane/fastlane,stars,declarative,0.0.20,gem
fastlane/fastlane,stars,rspec-support,3.12.1,gem
fastlane/fastlane,stars,tty-screen,0.8.2,gem
fastlane/fastlane,stars,faraday-cookie_jar,0.0.8,gem
fastlane/fastlane,stars,google-apis-core,0.18.0,gem
fastlane/fastlane,stars,crack,1.0.1,gem
fastlane/fastlane,stars,faraday-follow_redirects,~> 0.3,gem
fastlane/fastlane,stars,domain_name,0.6.20240107,gem
fastlane/fastlane,stars,pry-byebug,3.8.0,gem
fastlane/fastlane,stars,terminal-table,~> 4,gem
fastlane/fastlane,stars,faraday-follow_redirects,0.5.0,gem
fastlane/fastlane,stars,google-apis-androidpublisher_v3,~> 0.99.0,gem
fastlane/fastlane,stars,naturally,~> 2.2,gem
fastlane/fastlane,stars,google-cloud-core,1.6.1,gem
fastlane/fastlane,stars,climate_control,0.2.0,gem
fastlane/fastlane,stars,ostruct,>= 0.1.0,gem
fastlane/fastlane,stars,jwt,">= 2.10.3,< 4",gem
fastlane/fastlane,stars,word_wrap,1.0.0,gem
fastlane/fastlane,stars,json,2.21.2,gem
fastlane/fastlane,stars,rake,13.4.2,gem
fastlane/fastlane,stars,irb,>= 1.8,gem
fastlane/fastlane,stars,fastimage,">= 2.1.0,< 3.0.0",gem
fastlane/fastlane,stars,cgi,0.5.2,gem
fastlane/fastlane,stars,base64,0.3.0,gem
fastlane/fastlane,stars,debug_inspector,1.0.0,gem
fastlane/fastlane,stars,erb,4.0.4.1,gem
fastlane/fastlane,stars,pry,>= 0,gem
fastlane/fastlane,stars,plist,">= 3.1.0,< 4.0.0",gem
fastlane/fastlane,stars,digest-crc,0.7.0,gem
fastlane/fastlane,stars,word_wrap,~> 1.0.0,gem
fastlane/fastlane,stars,pry,0.14.0,gem
fastlane/fastlane,stars,sync,0.5.0,gem
fastlane/fastlane,stars,faraday-retry,2.4.0,gem
fastlane/fastlane,stars,artifactory,3.0.15,gem
fastlane/fastlane,stars,xcpretty,0.4.1,gem
fastlane/fastlane,stars,git,1.18.0,gem
fastlane/fastlane,stars,simplecov-html,0.10.2,gem
fastlane/fastlane,stars,pstore,0.2.1,gem
fastlane/fastlane,stars,aws-eventstream,1.3.0,gem
fastlane/fastlane,stars,faraday-retry,~> 2.0,gem
fastlane/fastlane,stars,representable,3.2.0,gem
fastlane/fastlane,stars,fastimage,2.3.0,gem
fastlane/fastlane,stars,multi_json,1.19.1,gem
fastlane/fastlane,stars,slack-notifier,2.4.0,gem
fastlane/fastlane,stars,atomos,0.1.3,gem
fastlane/fastlane,stars,tty-cursor,0.7.1,gem
fastlane/fastlane,stars,gh_inspector,">= 1.1.2,< 2.0.0",gem
fastlane/fastlane,stars,CFPropertyList,">= 2.3,< 5.0.0",gem
fastlane/fastlane,stars,public_suffix,6.0.2,gem
fastlane/fastlane,stars,multipart-post,2.4.1,gem
fastlane/fastlane,stars,csv,~> 3.3,gem
fastlane/fastlane,stars,terminal-table,4.0.0,gem
fastlane/fastlane,stars,ast,2.4.2,gem
fastlane/fastlane,stars,coderay,1.1.3,gem
fastlane/fastlane,stars,bundler,">= 2.4.0,< 5.0.0",gem
fastlane/fastlane,stars,faraday-net_http,3.4.4,gem
fastlane/fastlane,stars,google-apis-iamcredentials_v1,0.17.0,gem
fastlane/fastlane,stars,faraday,2.14.3,gem
fastlane/fastlane,stars,stringio,3.2.0,gem
fastlane/fastlane,stars,sinatra,4.2.1,gem
fastlane/fastlane,stars,highline,2.0.3,gem
fastlane/fastlane,stars,rack-session,2.1.2,gem
fastlane/fastlane,stars,rubyzip,3.6.0,gem
fastlane/fastlane,stars,pp,0.6.4,gem
fastlane/fastlane,stars,google-apis-playcustomapp_v1,0.13.0,gem
fastlane/fastlane,stars,claide,1.0.3,gem
fastlane/fastlane,stars,tty-screen,">= 0.6.3,< 1.0.0",gem
fastlane/fastlane,stars,rspec-expectations,3.12.3,gem
fastlane/fastlane,stars,claide-plugins,0.9.2,gem
fastlane/fastlane,stars,mutex_m,0.3.0,gem
fastlane/fastlane,stars,uber,0.1.0,gem
fastlane/fastlane,stars,abbrev,0.1.2,gem
fastlane/fastlane,stars,aws-sdk-s3,1.212.0,gem
fastlane/fastlane,stars,csv,3.3.2,gem
fastlane/fastlane,stars,reline,0.6.3,gem
fastlane/fastlane,stars,racc,1.7.1,gem
fastlane/fastlane,stars,net-http,0.9.1,gem
fastlane/fastlane,stars,date,3.5.1,gem
fastlane/fastlane,stars,colored,1.2,gem
fastlane/fastlane,stars,mini_magick,~> 4.9.0,gem
fastlane/fastlane,stars,multi_json,~> 1.12,gem
fastlane/fastlane,stars,security,0.2.0,gem
fastlane/fastlane,stars,xcresult,0.2.4,gem
fastlane/fastlane,stars,rake,>= 0,gem
fastlane/fastlane,stars,google-apis-playcustomapp_v1,~> 0.1,gem
fastlane/fastlane,stars,google-cloud-env,">= 1.6.0,< 2.4.0",gem
fastlane/fastlane,stars,multipart-post,">= 2.0.0,< 3.0.0",gem
fastlane/fastlane,stars,yard,0.9.42,gem
fastlane/fastlane,stars,binding_of_caller,0.8.0,gem
fastlane/fastlane,stars,base64,~> 0.2,gem
fastlane/fastlane,stars,optparse,">= 0.1.1,< 1.0.0",gem
fastlane/fastlane,stars,addressable,">= 2.9.0,< 3.0.0",gem
fastlane/fastlane,stars,rchardet,1.8.0,gem
fastlane/fastlane,stars,faraday-http-cache,2.5.0,gem
fastlane/fastlane,stars,openssl,3.1.3,gem
fastlane/fastlane,stars,rainbow,3.1.1,gem
fastlane/fastlane,stars,excon,">= 0.71.0,< 2.0.0",gem
fastlane/fastlane,stars,gh_inspector,1.1.3,gem
fastlane/fastlane,stars,rouge,3.28.0,gem
fastlane/fastlane,stars,rubocop-ast,1.29.0,gem
fastlane/fastlane,stars,kramdown,2.5.2,gem
fastlane/fastlane,stars,CFPropertyList,3.0.8,gem
fastlane/fastlane,stars,httpclient,2.9.0,gem
fastlane/fastlane,stars,faraday-multipart,~> 1.0,gem
fastlane/fastlane,stars,trailblazer-option,0.1.2,gem
fastlane/fastlane,stars,regexp_parser,2.8.1,gem
fastlane/fastlane,stars,google-apis-storage_v1,0.29.0,gem
fastlane/fastlane,stars,dotenv,2.8.1,gem
fastlane/fastlane,stars,faraday,~> 2.7,gem
fastlane/fastlane,stars,highline,~> 2.0,gem
fastlane/fastlane,stars,bigdecimal,4.1.2,gem
fastlane/fastlane,stars,logger,1.7.0,gem
fastlane/fastlane,stars,method_source,1.0.0,gem
fastlane/fastlane,stars,babosa,1.0.4,gem
fastlane/fastlane,stars,rubocop-require_tools,0.1.2,gem
fastlane/fastlane,stars,xcov,1.9.0,gem
fastlane/fastlane,stars,thor,1.1.0,gem
fastlane/fastlane,stars,interception,0.5,gem
fastlane/fastlane,stars,mutex_m,~> 0.3,gem
fastlane/fastlane,stars,aws-sdk-s3,~> 1.197,gem
fastlane/fastlane,stars,xcodeproj,">= 1.13.0,< 2.0.0",gem
fastlane/fastlane,stars,faraday-cookie_jar,~> 0.0.8,gem
fastlane/fastlane,stars,tsort,0.2.0,gem
fastlane/fastlane,stars,unicode-display_width,2.6.0,gem
fastlane/fastlane,stars,fastlane-plugin-ruby,0.1.3,gem
fastlane/fastlane,stars,xcpretty-travis-formatter,">= 0.0.3,< 2.0.0",gem
fastlane/fastlane,stars,io-console,0.8.2,gem
fastlane/fastlane,stars,mini_mime,1.1.5,gem
fastlane/fastlane,stars,kramdown-parser-gfm,1.1.0,gem
fastlane/fastlane,stars,ox,2.14.16,gem
fastlane/fastlane,stars,docile,1.3.5,gem
fastlane/fastlane,stars,tilt,2.8.0,gem
fastlane/fastlane,stars,excon,0.112.0,gem
fastlane/fastlane,stars,rspec,3.12.0,gem
fastlane/fastlane,stars,rack-protection,4.2.1,gem
fastlane/fastlane,stars,simctl,~> 1.6.3,gem
fastlane/fastlane,stars,nap,1.1.0,gem
fastlane/fastlane,stars,webmock,3.26.2,gem
fastlane/fastlane,stars,naturally,2.2.1,gem
fastlane/fastlane,stars,mustermann,3.1.1,gem
fastlane/fastlane,stars,google-cloud-env,2.2.2,gem
fastlane/fastlane,stars,plist,3.7.2,gem
fastlane/fastlane,stars,diff-lcs,1.5.0,gem
fastlane/fastlane,stars,aws-sdk-core,3.241.4,gem
fastlane/fastlane,stars,babosa,">= 1.0.3,< 2.0.0",gem
fastlane/fastlane,stars,simplecov,0.16.1,gem
fastlane/fastlane,stars,parser,3.2.2.3,gem
fastlane/fastlane,stars,terminal-notifier,">= 2.0.0,< 3.0.0",gem
fastlane/fastlane,stars,fastlane-sirp,>= 1.1.0,gem
fastlane/fastlane,stars,term-ansicolor,1.7.1,gem
fastlane/fastlane,stars,xcodeproj,1.28.1,gem
fastlane/fastlane,stars,google-cloud-storage,1.45.0,gem
fastlane/fastlane,stars,rdoc,7.2.0,gem
fastlane/fastlane,stars,googleauth,1.16.2,gem
fastlane/fastlane,stars,tty-spinner,">= 0.8.0,< 1.0.0",gem
fastlane/fastlane,stars,colored,~> 1.2,gem
fastlane/fastlane,stars,mini_magick,">= 4.9.4,< 5.0.0",gem
fastlane/fastlane,stars,rubocop,1.50.2,gem
fastlane/fastlane,stars,emoji_regex,3.2.3,gem
fastlane/fastlane,stars,parallel,1.23.0,gem
fastlane/fastlane,stars,artifactory,~> 3.0,gem
fastlane/fastlane,stars,tty-spinner,0.9.3,gem
fastlane/fastlane,stars,prettyprint,0.2.0,gem
fastlane/fastlane,stars,hashdiff,1.2.1,gem
fastlane/fastlane,stars,google-apis-androidpublisher_v3,0.99.0,gem
fastlane/fastlane,stars,signet,0.21.0,gem
fastlane/fastlane,stars,fastlane-sirp,1.1.0,gem
fastlane/fastlane,stars,rubyzip,">= 3.4.0,< 4.0.0",gem
fastlane/fastlane,stars,nkf,0.2.0,gem
rapid7/metasploit-framework,stars,httpclient,2.9.0,gem
rapid7/metasploit-framework,stars,net-ssh,7.3.0,gem
rapid7/metasploit-framework,stars,allure-rspec,2.27.0,gem
rapid7/metasploit-framework,stars,rex-java,0.1.8,gem
rapid7/metasploit-framework,stars,rest-client,>= 0,gem
rapid7/metasploit-framework,stars,faraday,>= 0,gem
rapid7/metasploit-framework,stars,tzinfo,2.0.6,gem
rapid7/metasploit-framework,stars,sinatra,4.2.1,gem
rapid7/metasploit-framework,stars,metasploit_data_models,6.0.18,gem
rapid7/metasploit-framework,stars,strptime,0.2.5,gem
rapid7/metasploit-framework,stars,net-ldap,0.20.0,gem
rapid7/metasploit-framework,stars,daemons,1.4.1,gem
rapid7/metasploit-framework,stars,tomlrb,2.0.4,gem
rapid7/metasploit-framework,stars,openvas-omp,0.0.4,gem
rapid7/metasploit-framework,stars,mqtt,>= 0,gem
rapid7/metasploit-framework,stars,json,2.15.1,gem
rapid7/metasploit-framework,stars,prism,1.5.1,gem
rapid7/metasploit-framework,stars,rex-sslscan,0.1.13,gem
rapid7/metasploit-framework,stars,reline,0.6.2,gem
rapid7/metasploit-framework,stars,rex-ole,>= 0,gem
rapid7/metasploit-framework,stars,octokit,>= 0,gem
rapid7/metasploit-framework,stars,win32api,0.1.0,gem
rapid7/metasploit-framework,stars,rubyntlm,0.6.5,gem
rapid7/metasploit-framework,stars,with_env,1.1.0,gem
rapid7/metasploit-framework,stars,pry,0.14.2,gem
rapid7/metasploit-framework,stars,windows_error,>= 0,gem
rapid7/metasploit-framework,stars,msgpack,1.6.1,gem
rapid7/metasploit-framework,stars,forwardable,1.3.3,gem
rapid7/metasploit-framework,stars,chunky_png,1.4.0,gem
rapid7/metasploit-framework,stars,stringio,3.1.1,gem
rapid7/metasploit-framework,stars,aws-sdk-core,3.220.1,gem
rapid7/metasploit-framework,stars,irb,>= 0,gem
rapid7/metasploit-framework,stars,rex-core,>= 0,gem
rapid7/metasploit-framework,stars,rspec-support,3.13.6,gem
rapid7/metasploit-framework,stars,zeitwerk,2.7.3,gem
rapid7/metasploit-framework,stars,actionview,8.0.5,gem
rapid7/metasploit-framework,stars,railties,8.0.5,gem
rapid7/metasploit-framework,stars,rex-java,>= 0,gem
rapid7/metasploit-framework,stars,prettyprint,0.2.0,gem
rapid7/metasploit-framework,stars,rex-powershell,>= 0.1.105,gem
rapid7/metasploit-framework,stars,tzinfo,>= 0,gem
rapid7/metasploit-framework,stars,metasploit-model,>= 0,gem
rapid7/metasploit-framework,stars,openvas-omp,>= 0,gem
rapid7/metasploit-framework,stars,csv,3.3.5,gem
rapid7/metasploit-framework,stars,ruby-mysql,4.2.0,gem
rapid7/metasploit-framework,stars,rex-socket,>= 0,gem
rapid7/metasploit-framework,stars,concurrent-ruby,1.3.5,gem
rapid7/metasploit-framework,stars,bcrypt_pbkdf,1.1.1,gem
rapid7/metasploit-framework,stars,pdf-reader,2.14.1,gem
rapid7/metasploit-framework,stars,warden,1.2.9,gem
rapid7/metasploit-framework,stars,nexpose,7.3.0,gem
rapid7/metasploit-framework,stars,mini_portile2,2.8.9,gem
rapid7/metasploit-framework,stars,rspec,3.13.1,gem
rapid7/metasploit-framework,stars,liquid,4.0.4,gem
rapid7/metasploit-framework,stars,ffi,1.17.1,gem
rapid7/metasploit-framework,stars,bootsnap,>= 0,gem
rapid7/metasploit-framework,stars,hrr_rb_ssh-ed25519,>= 0,gem
rapid7/metasploit-framework,stars,bootsnap,1.18.4,gem
rapid7/metasploit-framework,stars,ostruct,0.6.1,gem
rapid7/metasploit-framework,stars,net-imap,>= 0,gem
rapid7/metasploit-framework,stars,json,>= 0,gem
rapid7/metasploit-framework,stars,rubyntlm,>= 0,gem
rapid7/metasploit-framework,stars,aarch64,2.1.0,gem
rapid7/metasploit-framework,stars,rasn1,0.14.0,gem
rapid7/metasploit-framework,stars,connection_pool,2.5.4,gem
rapid7/metasploit-framework,stars,rb-inotify,0.11.1,gem
rapid7/metasploit-framework,stars,rex-zip,>= 0,gem
rapid7/metasploit-framework,stars,net-sftp,>= 0,gem
rapid7/metasploit-framework,stars,rubocop,1.75.7,gem
rapid7/metasploit-framework,stars,rex-exploitation,0.1.44,gem
rapid7/metasploit-framework,stars,lru_redux,1.1.0,gem
rapid7/metasploit-framework,stars,unicode-emoji,4.1.0,gem
rapid7/metasploit-framework,stars,rex-registry,>= 0,gem
rapid7/metasploit-framework,stars,drb,2.2.3,gem
rapid7/metasploit-framework,stars,pry-byebug,3.11.0,gem
rapid7/metasploit-framework,stars,require_all,3.0.0,gem
rapid7/metasploit-framework,stars,method_source,1.1.0,gem
rapid7/metasploit-framework,stars,mime-types-data,3.2025.0924,gem
rapid7/metasploit-framework,stars,thor,1.5.0,gem
rapid7/metasploit-framework,stars,jsobfu,0.4.2,gem
rapid7/metasploit-framework,stars,http-cookie,>= 0,gem
rapid7/metasploit-framework,stars,netrc,0.11.0,gem
rapid7/metasploit-framework,stars,redcarpet,3.6.1,gem
rapid7/metasploit-framework,stars,rubocop-ast,1.47.1,gem
rapid7/metasploit-framework,stars,parallel,1.27.0,gem
rapid7/metasploit-framework,stars,simplecov-html,0.13.1,gem
rapid7/metasploit-framework,stars,ast,2.4.3,gem
rapid7/metasploit-framework,stars,gyoku,1.4.0,gem
rapid7/metasploit-framework,stars,jekyll-sass-converter,2.2.0,gem
rapid7/metasploit-framework,stars,zeitwerk,>= 0,gem
rapid7/metasploit-framework,stars,chunky_png,>= 0,gem
rapid7/metasploit-framework,stars,loofah,2.24.1,gem
rapid7/metasploit-framework,stars,aws-sdk-ec2,1.511.0,gem
rapid7/metasploit-framework,stars,pg,>= 0,gem
rapid7/metasploit-framework,stars,unix-crypt,>= 0,gem
rapid7/metasploit-framework,stars,openssl-cmac,2.0.2,gem
rapid7/metasploit-framework,stars,http-cookie,1.0.8,gem
rapid7/metasploit-framework,stars,rb-readline,0.5.5,gem
rapid7/metasploit-framework,stars,xmlrpc,0.3.3,gem
rapid7/metasploit-framework,stars,ruby_smb,3.3.21,gem
rapid7/metasploit-framework,stars,rex-arch,0.1.20,gem
rapid7/metasploit-framework,stars,pcaprub,>= 0,gem
rapid7/metasploit-framework,stars,metasm,>= 0,gem
rapid7/metasploit-framework,stars,dnsruby,>= 0,gem
rapid7/metasploit-framework,stars,rspec-expectations,3.13.5,gem
rapid7/metasploit-framework,stars,rex-random_identifier,0.1.21,gem
rapid7/metasploit-framework,stars,faye-websocket,0.11.3,gem
rapid7/metasploit-framework,stars,gssapi,1.3.1,gem
rapid7/metasploit-framework,stars,puma,>= 0,gem
rapid7/metasploit-framework,stars,net-smtp,>= 0,gem
rapid7/metasploit-framework,stars,xdr,3.0.1,gem
rapid7/metasploit-framework,stars,thin,2.0.1,gem
rapid7/metasploit-framework,stars,recog,3.1.14,gem
rapid7/metasploit-framework,stars,rouge,4.5.1,gem
rapid7/metasploit-framework,stars,rex-nop,>= 0,gem
rapid7/metasploit-framework,stars,rex-arch,>= 0,gem
rapid7/metasploit-framework,stars,language_server-protocol,3.17.0.5,gem
rapid7/metasploit-framework,stars,mqtt,0.7.0,gem
rapid7/metasploit-framework,stars,sassc,2.4.0,gem
rapid7/metasploit-framework,stars,aws-sdk-kms,1.99.0,gem
rapid7/metasploit-framework,stars,websocket-driver,0.7.7,gem
rapid7/metasploit-framework,stars,timecop,0.9.10,gem
rapid7/metasploit-framework,stars,aws-sdk-ec2,>= 0,gem
rapid7/metasploit-framework,stars,pdf-reader,>= 0,gem
rapid7/metasploit-framework,stars,xmlrpc,>= 0,gem
rapid7/metasploit-framework,stars,aws-sdk-iam,>= 0,gem
rapid7/metasploit-framework,stars,rackup,2.3.1,gem
rapid7/metasploit-framework,stars,rspec-rerun,1.1.0,gem
rapid7/metasploit-framework,stars,ruby-macho,4.1.0,gem
rapid7/metasploit-framework,stars,forwardable-extended,2.6.0,gem
rapid7/metasploit-framework,stars,aws-sdk-s3,>= 0,gem
rapid7/metasploit-framework,stars,openssl-ccm,>= 0,gem
rapid7/metasploit-framework,stars,nexpose,>= 0,gem
rapid7/metasploit-framework,stars,rspec-core,3.13.5,gem
rapid7/metasploit-framework,stars,erb,5.0.3,gem
rapid7/metasploit-framework,stars,erubi,1.13.1,gem
rapid7/metasploit-framework,stars,jekyll-sitemap,1.4.0,gem
rapid7/metasploit-framework,stars,hashdiff,1.2.1,gem
rapid7/metasploit-framework,stars,logging,2.4.0,gem
rapid7/metasploit-framework,stars,faker,3.5.1,gem
rapid7/metasploit-framework,stars,filesize,0.2.0,gem
rapid7/metasploit-framework,stars,sshkey,>= 0,gem
rapid7/metasploit-framework,stars,faraday-retry,>= 0,gem
rapid7/metasploit-framework,stars,winrm,2.3.9,gem
rapid7/metasploit-framework,stars,sshkey,3.0.0,gem
rapid7/metasploit-framework,stars,windows_error,0.1.6,gem
rapid7/metasploit-framework,stars,http-accept,1.7.0,gem
rapid7/metasploit-framework,stars,net-protocol,0.2.2,gem
rapid7/metasploit-framework,stars,rex-registry,0.1.6,gem
rapid7/metasploit-framework,stars,ruby-macho,>= 0,gem
rapid7/metasploit-framework,stars,win32api,>= 0,gem
rapid7/metasploit-framework,stars,rex-mime,>= 0,gem
rapid7/metasploit-framework,stars,arel-helpers,2.16.0,gem
rapid7/metasploit-framework,stars,sqlite3,2.9.4,gem
rapid7/metasploit-framework,stars,hashery,2.1.2,gem
rapid7/metasploit-framework,stars,rails-dom-testing,2.3.0,gem
rapid7/metasploit-framework,stars,pry-byebug,3.10.1,gem
rapid7/metasploit-framework,stars,byebug,12.0.0,gem
rapid7/metasploit-framework,stars,xml-simple,1.1.9,gem
rapid7/metasploit-framework,stars,rack-test,2.2.0,gem
rapid7/metasploit-framework,stars,base64,0.3.0,gem
rapid7/metasploit-framework,stars,date,3.4.1,gem
rapid7/metasploit-framework,stars,docile,1.4.1,gem
rapid7/metasploit-framework,stars,terminal-table,3.0.2,gem
rapid7/metasploit-framework,stars,rack,~> 3.1,gem
rapid7/metasploit-framework,stars,network_interface,>= 0,gem
rapid7/metasploit-framework,stars,pg,1.5.9,gem
rapid7/metasploit-framework,stars,activerecord,8.0.5,gem
rapid7/metasploit-framework,stars,rdoc,6.15.0,gem
rapid7/metasploit-framework,stars,nio4r,2.7.4,gem
rapid7/metasploit-framework,stars,faraday-retry,2.2.1,gem
rapid7/metasploit-framework,stars,rspec-rails,8.0.2,gem
rapid7/metasploit-framework,stars,coderay,1.1.3,gem
rapid7/metasploit-framework,stars,activesupport,8.0.5,gem
rapid7/metasploit-framework,stars,fivemat,1.3.7,gem
rapid7/metasploit-framework,stars,elftools,1.3.1,gem
rapid7/metasploit-framework,stars,rex-exploitation,>= 0,gem
rapid7/metasploit-framework,stars,xdr,~> 3.0,gem
rapid7/metasploit-framework,stars,metasploit-credential,6.0.25,gem
rapid7/metasploit-framework,stars,rest-client,2.1.0,gem
rapid7/metasploit-framework,stars,kramdown,2.5.1,gem
rapid7/metasploit-framework,stars,colorator,1.1.0,gem
rapid7/metasploit-framework,stars,redcarpet,>= 0,gem
rapid7/metasploit-framework,stars,packetfu,>= 0,gem
rapid7/metasploit-framework,stars,afm,0.2.2,gem
rapid7/metasploit-framework,stars,tilt,2.6.0,gem
rapid7/metasploit-framework,stars,unicode-display_width,2.6.0,gem
rapid7/metasploit-framework,stars,em-websocket,0.5.3,gem
rapid7/metasploit-framework,stars,net-ldap,>= 0,gem
rapid7/metasploit-framework,stars,mutex_m,0.3.0,gem
rapid7/metasploit-framework,stars,rex-socket,0.1.71,gem
rapid7/metasploit-framework,stars,rex-struct2,0.1.5,gem
rapid7/metasploit-framework,stars,kramdown-parser-gfm,1.1.0,gem
rapid7/metasploit-framework,stars,public_suffix,6.0.1,gem
rapid7/metasploit-framework,stars,jekyll-watch,2.2.1,gem
rapid7/metasploit-framework,stars,rex-encoder,>= 0,gem
rapid7/metasploit-framework,stars,elftools,>= 0,gem
rapid7/metasploit-framework,stars,rex-rop_builder,>= 0,gem
rapid7/metasploit-framework,stars,em-http-request,>= 0,gem
rapid7/metasploit-framework,stars,lru_redux,>= 0,gem
rapid7/metasploit-framework,stars,rake,13.2.1,gem
rapid7/metasploit-framework,stars,fiddle,1.1.6,gem
rapid7/metasploit-framework,stars,http_parser.rb,0.8.0,gem
rapid7/metasploit-framework,stars,ruby2_keywords,0.0.5,gem
rapid7/metasploit-framework,stars,lint_roller,1.1.0,gem
rapid7/metasploit-framework,stars,test-prof,1.4.4,gem
rapid7/metasploit-framework,stars,aws-sdk-iam,1.119.0,gem
rapid7/metasploit-framework,stars,io-console,0.8.1,gem
rapid7/metasploit-framework,stars,puma,6.6.0,gem
rapid7/metasploit-framework,stars,rex-ole,0.1.9,gem
rapid7/metasploit-framework,stars,rubyzip,3.3.0,gem
rapid7/metasploit-framework,stars,ed25519,1.4.0,gem
rapid7/metasploit-framework,stars,rainbow,3.1.1,gem
rapid7/metasploit-framework,stars,sinatra,~> 4.1,gem
rapid7/metasploit-framework,stars,em-socksify,0.3.3,gem
rapid7/metasploit-framework,stars,dnsruby,1.74.0,gem
rapid7/metasploit-framework,stars,logger,1.7.0,gem
rapid7/metasploit-framework,stars,simplecov,0.18.2,gem
rapid7/metasploit-framework,stars,ffi,< 1.17.0,gem
rapid7/metasploit-framework,stars,uri,1.1.1,gem
rapid7/metasploit-framework,stars,rb-readline,>= 0,gem
rapid7/metasploit-framework,stars,tzinfo-data,>= 0,gem
rapid7/metasploit-framework,stars,net-imap,0.5.6,gem
rapid7/metasploit-framework,stars,rinda,0.2.0,gem
rapid7/metasploit-framework,stars,aws-sdk-ssm,1.191.0,gem
rapid7/metasploit-framework,stars,abbrev,0.1.2,gem
rapid7/metasploit-framework,stars,rex-rop_builder,0.1.6,gem
rapid7/metasploit-framework,stars,jekyll,4.3.4,gem
rapid7/metasploit-framework,stars,bindata,2.4.15,gem
rapid7/metasploit-framework,stars,nokogiri,1.18.10,gem
rapid7/metasploit-framework,stars,unix-crypt,1.3.1,gem
rapid7/metasploit-framework,stars,webmock,3.26.2,gem
rapid7/metasploit-framework,stars,little-plugger,1.1.4,gem
rapid7/metasploit-framework,stars,em-http-request,1.1.7,gem
rapid7/metasploit-framework,stars,metasploit_payloads-mettle,1.0.48,gem
rapid7/metasploit-framework,stars,jekyll-include-cache,0.2.1,gem
rapid7/metasploit-framework,stars,net-ssh,>= 0,gem
rapid7/metasploit-framework,stars,metasploit_data_models,>= 6.0.15,gem
rapid7/metasploit-framework,stars,mime-types,3.7.0,gem
rapid7/metasploit-framework,stars,diff-lcs,1.6.2,gem
rapid7/metasploit-framework,stars,crass,1.0.6,gem
rapid7/metasploit-framework,stars,debug,1.11.0,gem
rapid7/metasploit-framework,stars,eventmachine,1.2.7,gem
rapid7/metasploit-framework,stars,ruby-progressbar,1.13.0,gem
rapid7/metasploit-framework,stars,octokit,10.0.0,gem
rapid7/metasploit-framework,stars,ttfunk,1.8.0,gem
rapid7/metasploit-framework,stars,openssl-ccm,1.2.3,gem
rapid7/metasploit-framework,stars,racc,1.8.1,gem
rapid7/metasploit-framework,stars,listen,3.9.0,gem
rapid7/metasploit-framework,stars,bcrypt_pbkdf,>= 0,gem
rapid7/metasploit-framework,stars,parallel,>= 0,gem
rapid7/metasploit-framework,stars,aws-sdk-ec2instanceconnect,1.55.0,gem
rapid7/metasploit-framework,stars,regexp_parser,2.11.3,gem
rapid7/metasploit-framework,stars,factory_bot,6.5.5,gem
rapid7/metasploit-framework,stars,pathutil,0.16.2,gem
rapid7/metasploit-framework,stars,ruby-mysql,>= 0,gem
rapid7/metasploit-framework,stars,rex-struct2,>= 0,gem
rapid7/metasploit-framework,stars,aarch64,>= 0,gem
rapid7/metasploit-framework,stars,multi_json,1.15.0,gem
rapid7/metasploit-framework,stars,addressable,2.8.7,gem
rapid7/metasploit-framework,stars,rex-bin_tools,0.1.17,gem
rapid7/metasploit-framework,stars,timeout,0.4.3,gem
rapid7/metasploit-framework,stars,metasploit-concern,>= 0,gem
rapid7/metasploit-framework,stars,allure-ruby-commons,2.27.0,gem
rapid7/metasploit-framework,stars,rex-powershell,0.1.105,gem
rapid7/metasploit-framework,stars,activemodel,8.0.5,gem
rapid7/metasploit-framework,stars,benchmark,0.4.1,gem
rapid7/metasploit-framework,stars,useragent,0.16.11,gem
rapid7/metasploit-framework,stars,net-smtp,0.5.1,gem
rapid7/metasploit-framework,stars,thin,~> 2.0,gem
rapid7/metasploit-framework,stars,faye-websocket,>= 0,gem
rapid7/metasploit-framework,stars,crack,1.0.1,gem
rapid7/metasploit-framework,stars,ipaddr,1.2.7,gem
rapid7/metasploit-framework,stars,nessus_rest,0.1.6,gem
rapid7/metasploit-framework,stars,syslog,0.3.0,gem
rapid7/metasploit-framework,stars,rex-random_identifier,>= 0,gem
rapid7/metasploit-framework,stars,pp,0.6.3,gem
rapid7/metasploit-framework,stars,rspec-mocks,3.13.5,gem
rapid7/metasploit-framework,stars,unicode-display_width,3.2.0,gem
rapid7/metasploit-framework,stars,aws-partitions,1.1065.0,gem
rapid7/metasploit-framework,stars,bcrypt,>= 0,gem
rapid7/metasploit-framework,stars,pcaprub,0.13.3,gem
rapid7/metasploit-framework,stars,rubyzip,>= 0,gem
rapid7/metasploit-framework,stars,sqlite3,~> 2.1,gem
rapid7/metasploit-framework,stars,network_interface,0.0.4,gem
rapid7/metasploit-framework,stars,builder,3.3.0,gem
rapid7/metasploit-framework,stars,mercenary,0.4.0,gem
rapid7/metasploit-framework,stars,ed25519,>= 0,gem
rapid7/metasploit-framework,stars,warden,>= 0,gem
rapid7/metasploit-framework,stars,rex-text,>= 0,gem
rapid7/metasploit-framework,stars,i18n,1.14.7,gem
rapid7/metasploit-framework,stars,domain_name,0.6.20240107,gem
rapid7/metasploit-framework,stars,rex-zip,0.1.6,gem
rapid7/metasploit-framework,stars,hrr_rb_ssh,0.4.2,gem
rapid7/metasploit-framework,stars,ruby_smb,~> 3.3.19,gem
rapid7/metasploit-framework,stars,recog,>= 0,gem
rapid7/metasploit-framework,stars,rex-text,0.2.63,gem
rapid7/metasploit-framework,stars,rake,13.3.0,gem
rapid7/metasploit-framework,stars,memory_profiler,1.1.0,gem
rapid7/metasploit-framework,stars,rex-encoder,0.1.10,gem
rapid7/metasploit-framework,stars,aws-sdk-s3,1.182.0,gem
rapid7/metasploit-framework,stars,bson,5.1.1,gem
rapid7/metasploit-framework,stars,mustermann,3.0.3,gem
rapid7/metasploit-framework,stars,rex-mime,0.1.11,gem
rapid7/metasploit-framework,stars,ruby-prof,1.7.2,gem
rapid7/metasploit-framework,stars,public_suffix,6.0.2,gem
rapid7/metasploit-framework,stars,rack-protection,4.2.1,gem
rapid7/metasploit-framework,stars,packetfu,2.0.0,gem
rapid7/metasploit-framework,stars,rex-nop,0.1.4,gem
rapid7/metasploit-framework,stars,securerandom,0.4.1,gem
rapid7/metasploit-framework,stars,msgpack,~> 1.6.0,gem
rapid7/metasploit-framework,stars,aws-sdk-ec2instanceconnect,>= 0,gem
rapid7/metasploit-framework,stars,rack-session,2.1.2,gem
rapid7/metasploit-framework,stars,factory_bot_rails,6.5.1,gem
rapid7/metasploit-framework,stars,bcrypt,3.1.20,gem
rapid7/metasploit-framework,stars,sawyer,0.9.2,gem
rapid7/metasploit-framework,stars,patch_finder,1.0.2,gem
rapid7/metasploit-framework,stars,cookiejar,0.3.4,gem
rapid7/metasploit-framework,stars,eventmachine,>= 0,gem
rapid7/metasploit-framework,stars,jsobfu,>= 0,gem
rapid7/metasploit-framework,stars,filesize,>= 0,gem
rapid7/metasploit-framework,stars,rex-bin_tools,>= 0,gem
rapid7/metasploit-framework,stars,reline,>= 0,gem
rapid7/metasploit-framework,stars,net-sftp,4.0.0,gem
rapid7/metasploit-framework,stars,yard,0.9.37,gem
rapid7/metasploit-framework,stars,safe_yaml,1.0.5,gem
rapid7/metasploit-framework,stars,patch_finder,>= 0,gem
rapid7/metasploit-framework,stars,winrm,>= 0,gem
rapid7/metasploit-framework,stars,parser,3.3.9.0,gem
rapid7/metasploit-framework,stars,aws-eventstream,1.3.2,gem
rapid7/metasploit-framework,stars,webrick,1.9.1,gem
rapid7/metasploit-framework,stars,rex-core,0.1.36,gem
rapid7/metasploit-framework,stars,getoptlong,0.2.1,gem
rapid7/metasploit-framework,stars,faraday,2.7.11,gem
rapid7/metasploit-framework,stars,rack,3.1.21,gem
rapid7/metasploit-framework,stars,json-schema,6.2.0,gem
rapid7/metasploit-framework,stars,Ascii85,2.0.1,gem
rapid7/metasploit-framework,stars,psych,5.3.1,gem
rapid7/metasploit-framework,stars,minitest,5.25.5,gem
rapid7/metasploit-framework,stars,faraday-net_http,3.0.2,gem
rapid7/metasploit-framework,stars,metasm,1.0.6,gem
rapid7/metasploit-framework,stars,byebug,11.1.3,gem
rapid7/metasploit-framework,stars,metasploit-credential,>= 6.0.21,gem
rapid7/metasploit-framework,stars,rkelly-remix,0.0.7,gem
rapid7/metasploit-framework,stars,actionpack,8.0.5,gem
rapid7/metasploit-framework,stars,jmespath,1.6.2,gem
rapid7/metasploit-framework,stars,pry,0.15.2,gem
rapid7/metasploit-framework,stars,bigdecimal,3.3.1,gem
rapid7/metasploit-framework,stars,rex-sslscan,>= 0,gem
rapid7/metasploit-framework,stars,nokogiri,>= 0,gem
rapid7/metasploit-framework,stars,faker,>= 0,gem
rapid7/metasploit-framework,stars,hrr_rb_ssh-ed25519,0.4.2,gem
rapid7/metasploit-framework,stars,simpleidn,0.2.3,gem
rapid7/metasploit-framework,stars,tzinfo-data,1.2025.1,gem
rapid7/metasploit-framework,stars,metasploit-concern,5.0.6,gem
rapid7/metasploit-framework,stars,rails-html-sanitizer,1.6.2,gem
rapid7/metasploit-framework,stars,nessus_rest,>= 0,gem
rapid7/metasploit-framework,stars,aws-sdk-ssm,>= 0,gem
rapid7/metasploit-framework,stars,ruby-rc4,0.1.5,gem
rapid7/metasploit-framework,stars,nori,2.7.1,gem
rapid7/metasploit-framework,stars,irb,1.15.2,gem
rapid7/metasploit-framework,stars,swagger-blocks,3.0.0,gem
rapid7/metasploit-framework,stars,ffi,1.16.3,gem
rapid7/metasploit-framework,stars,jekyll-seo-tag,2.8.0,gem
rapid7/metasploit-framework,stars,rb-fsevent,0.11.2,gem
rapid7/metasploit-framework,stars,swagger-blocks,>= 0,gem
rapid7/metasploit-framework,stars,metasploit-payloads,2.0.247,gem
rapid7/metasploit-framework,stars,tsort,0.2.0,gem
rapid7/metasploit-framework,stars,websocket-extensions,0.1.5,gem
rapid7/metasploit-framework,stars,aws-sigv4,1.11.0,gem
rapid7/metasploit-framework,stars,mcp,0.13.0,gem
rapid7/metasploit-framework,stars,bson,>= 0,gem
rapid7/metasploit-framework,stars,rexml,3.4.1,gem
rapid7/metasploit-framework,stars,metasploit-model,5.0.5,gem
kilimchoi/engineering-blogs,stars,nokogiri,1.13.8,gem
kilimchoi/engineering-blogs,stars,mini_portile2,2.8.0,gem
kilimchoi/engineering-blogs,stars,feedbag,0.10.1,gem
kilimchoi/engineering-blogs,stars,builder,3.2.4,gem
kilimchoi/engineering-blogs,stars,racc,1.6.0,gem
kilimchoi/engineering-blogs,stars,open_uri_redirections,0.2.1,gem
chatwoot/chatwoot,stars,netrc,0.11.0,gem
chatwoot/chatwoot,stars,ruby2_keywords,0.0.5,gem
chatwoot/chatwoot,stars,mini_magick,4.12.0,gem
chatwoot/chatwoot,stars,haikunator,1.1.1,gem
chatwoot/chatwoot,stars,prism,1.9.0,gem
chatwoot/chatwoot,stars,responders,3.1.1,gem
chatwoot/chatwoot,stars,ruby-openai,7.3.1,gem
chatwoot/chatwoot,stars,time_diff,0.3.0,gem
chatwoot/chatwoot,stars,aws-sigv4,1.12.1,gem
chatwoot/chatwoot,stars,uber,0.1.0,gem
chatwoot/chatwoot,stars,factory_bot_rails,6.4.3,gem
chatwoot/chatwoot,stars,rack-attack,6.7.0,gem
chatwoot/chatwoot,stars,google-apis-storage_v1,0.47.0,gem
chatwoot/chatwoot,stars,aws-sdk-s3,1.208.0,gem
chatwoot/chatwoot,stars,google-apis-core,0.15.1,gem
chatwoot/chatwoot,stars,fcm,1.0.8,gem
chatwoot/chatwoot,stars,searchkick,5.5.2,gem
chatwoot/chatwoot,stars,elastic-apm,4.6.2,gem
chatwoot/chatwoot,stars,ruby_parser,3.22.0,gem
chatwoot/chatwoot,stars,test-prof,1.6.3,gem
chatwoot/chatwoot,stars,activerecord-import,2.1.0,gem
chatwoot/chatwoot,stars,vite_ruby,3.10.2,gem
chatwoot/chatwoot,stars,irb,1.18.0,gem
chatwoot/chatwoot,stars,auth-sanitizer,0.2.1,gem
chatwoot/chatwoot,stars,http-form_data,2.3.0,gem
chatwoot/chatwoot,stars,google-cloud-dialogflow-v2,0.31.0,gem
chatwoot/chatwoot,stars,newrelic-sidekiq-metrics,1.6.2,gem
chatwoot/chatwoot,stars,rails,7.2.3.1,gem
chatwoot/chatwoot,stars,ecma-re-validator,0.4.0,gem
chatwoot/chatwoot,stars,builder,3.3.0,gem
chatwoot/chatwoot,stars,activemodel,7.2.3.1,gem
chatwoot/chatwoot,stars,hash_diff,1.1.1,gem
chatwoot/chatwoot,stars,timeout,0.6.1,gem
chatwoot/chatwoot,stars,rdoc,8.0.0,gem
chatwoot/chatwoot,stars,declarative,0.0.20,gem
chatwoot/chatwoot,stars,rainbow,3.1.1,gem
chatwoot/chatwoot,stars,request_store,1.5.1,gem
chatwoot/chatwoot,stars,addressable,2.9.0,gem
chatwoot/chatwoot,stars,net-protocol,0.2.2,gem
chatwoot/chatwoot,stars,reverse_markdown,2.1.1,gem
chatwoot/chatwoot,stars,snaky_hash,2.0.5,gem
chatwoot/chatwoot,stars,oauth-tty,1.0.8,gem
chatwoot/chatwoot,stars,mime-types,3.4.1,gem
chatwoot/chatwoot,stars,net-smtp,0.3.4,gem
chatwoot/chatwoot,stars,google-cloud-translate-v3,0.10.0,gem
chatwoot/chatwoot,stars,multi_json,1.15.0,gem
chatwoot/chatwoot,stars,loofah,2.25.2,gem
chatwoot/chatwoot,stars,datadog,2.38.0,gem
chatwoot/chatwoot,stars,vite_rails,3.10.0,gem
chatwoot/chatwoot,stars,kaminari,1.2.2,gem
chatwoot/chatwoot,stars,meta_request,0.8.5,gem
chatwoot/chatwoot,stars,newrelic_rpm,9.6.0,gem
chatwoot/chatwoot,stars,actiontext,7.2.3.1,gem
chatwoot/chatwoot,stars,trailblazer-option,0.1.2,gem
chatwoot/chatwoot,stars,faraday-net_http,3.4.4,gem
chatwoot/chatwoot,stars,html2text,0.4.0,gem
chatwoot/chatwoot,stars,devise_token_auth,1.2.5,gem
chatwoot/chatwoot,stars,scout_apm,5.3.3,gem
chatwoot/chatwoot,stars,dry-schema,1.14.1,gem
chatwoot/chatwoot,stars,json_skooma,0.2.5,gem
chatwoot/chatwoot,stars,openssl,3.2.0,gem
chatwoot/chatwoot,stars,administrate-field-belongs_to_search,0.10.0,gem
chatwoot/chatwoot,stars,redis-namespace,1.10.0,gem
chatwoot/chatwoot,stars,uri,1.1.1,gem
chatwoot/chatwoot,stars,administrate,0.20.1,gem
chatwoot/chatwoot,stars,aws-actionmailbox-ses,0.1.0,gem
chatwoot/chatwoot,stars,reline,0.6.3,gem
chatwoot/chatwoot,stars,unf,0.1.4,gem
chatwoot/chatwoot,stars,dry-cli,1.1.0,gem
chatwoot/chatwoot,stars,rspec-core,3.13.0,gem
chatwoot/chatwoot,stars,tzinfo,2.0.6,gem
chatwoot/chatwoot,stars,rack-session,2.1.2,gem
chatwoot/chatwoot,stars,webmock,3.23.1,gem
chatwoot/chatwoot,stars,ai-agents,0.12.0,gem
chatwoot/chatwoot,stars,jwt,2.10.3,gem
chatwoot/chatwoot,stars,working_hours,1.4.1,gem
chatwoot/chatwoot,stars,method_source,1.1.0,gem
chatwoot/chatwoot,stars,aws-eventstream,1.4.0,gem
chatwoot/chatwoot,stars,net-pop,0.1.2,gem
chatwoot/chatwoot,stars,rack-proxy,0.7.7,gem
chatwoot/chatwoot,stars,dry-core,1.1.0,gem
chatwoot/chatwoot,stars,warden,1.2.9,gem
chatwoot/chatwoot,stars,marcel,1.1.0,gem
chatwoot/chatwoot,stars,sexp_processor,4.17.0,gem
chatwoot/chatwoot,stars,sentry-sidekiq,5.19.0,gem
chatwoot/chatwoot,stars,rotp,6.3.0,gem
chatwoot/chatwoot,stars,aws-sdk-core,3.240.0,gem
chatwoot/chatwoot,stars,judoscale-ruby,1.8.2,gem
chatwoot/chatwoot,stars,wisper,2.0.0,gem
chatwoot/chatwoot,stars,shopify_api,14.8.0,gem
chatwoot/chatwoot,stars,attr_extras,7.1.0,gem
chatwoot/chatwoot,stars,aws-sdk-cloudwatch,1.126.0,gem
chatwoot/chatwoot,stars,web-console,4.2.1,gem
chatwoot/chatwoot,stars,kaminari-activerecord,1.2.2,gem
chatwoot/chatwoot,stars,aws-sdk-sns,1.70.0,gem
chatwoot/chatwoot,stars,rack-mini-profiler,4.0.1,gem
chatwoot/chatwoot,stars,oauth2,2.0.22,gem
chatwoot/chatwoot,stars,crack,1.0.0,gem
chatwoot/chatwoot,stars,nokogiri,1.19.4,gem
chatwoot/chatwoot,stars,http-cookie,1.0.5,gem
chatwoot/chatwoot,stars,ruby_llm-schema,0.3.0,gem
chatwoot/chatwoot,stars,puma,7.2.1,gem
chatwoot/chatwoot,stars,rb-inotify,0.10.1,gem
chatwoot/chatwoot,stars,csv,3.3.0,gem
chatwoot/chatwoot,stars,prettyprint,0.2.0,gem
chatwoot/chatwoot,stars,google-cloud-core,1.7.1,gem
chatwoot/chatwoot,stars,sass-listen,4.0.0,gem
chatwoot/chatwoot,stars,administrate-field-active_storage,1.0.3,gem
chatwoot/chatwoot,stars,active_record_query_trace,1.8,gem
chatwoot/chatwoot,stars,audited,5.4.1,gem
chatwoot/chatwoot,stars,redis-client,0.26.4,gem
chatwoot/chatwoot,stars,mock_redis,0.36.0,gem
chatwoot/chatwoot,stars,logger,1.7.0,gem
chatwoot/chatwoot,stars,database_cleaner-active_record,2.1.0,gem
chatwoot/chatwoot,stars,spring,4.1.1,gem
chatwoot/chatwoot,stars,securerandom,0.4.1,gem
chatwoot/chatwoot,stars,faraday_middleware-aws-sigv4,1.0.1,gem
chatwoot/chatwoot,stars,sidekiq,7.3.10,gem
chatwoot/chatwoot,stars,activerecord,7.2.3.1,gem
chatwoot/chatwoot,stars,lint_roller,1.1.0,gem
chatwoot/chatwoot,stars,brakeman,8.0.5,gem
chatwoot/chatwoot,stars,line-bot-api,1.28.0,gem
chatwoot/chatwoot,stars,bundler-audit,0.9.1,gem
chatwoot/chatwoot,stars,azure-blob,0.8.0,gem
chatwoot/chatwoot,stars,ruby-vips,2.1.4,gem
chatwoot/chatwoot,stars,database_cleaner-core,2.0.1,gem
chatwoot/chatwoot,stars,omniauth-saml,2.2.4,gem
chatwoot/chatwoot,stars,gmail_xoauth,0.4.3,gem
chatwoot/chatwoot,stars,faraday-multipart,1.2.0,gem
chatwoot/chatwoot,stars,hairtrigger,1.3.1,gem
chatwoot/chatwoot,stars,net-http,0.9.1,gem
chatwoot/chatwoot,stars,rack-test,2.1.0,gem
chatwoot/chatwoot,stars,json_schemer,0.2.24,gem
chatwoot/chatwoot,stars,rexml,3.4.4,gem
chatwoot/chatwoot,stars,bootsnap,1.16.0,gem
chatwoot/chatwoot,stars,et-orbi,1.2.11,gem
chatwoot/chatwoot,stars,unicode-emoji,4.0.4,gem
chatwoot/chatwoot,stars,skooma,0.3.7,gem
chatwoot/chatwoot,stars,base64,0.3.0,gem
chatwoot/chatwoot,stars,gapic-common,0.20.0,gem
chatwoot/chatwoot,stars,coderay,1.1.3,gem
chatwoot/chatwoot,stars,datadog-ruby_core_source,3.5.3,gem
chatwoot/chatwoot,stars,foreman,0.87.2,gem
chatwoot/chatwoot,stars,omniauth-rails_csrf_protection,1.0.2,gem
chatwoot/chatwoot,stars,ruby-saml,1.18.1,gem
chatwoot/chatwoot,stars,sprockets-rails,3.4.2,gem
chatwoot/chatwoot,stars,rspec_junit_formatter,0.6.0,gem
chatwoot/chatwoot,stars,listen,3.8.0,gem
chatwoot/chatwoot,stars,pundit,2.3.0,gem
chatwoot/chatwoot,stars,opentelemetry-semantic_conventions,1.36.0,gem
chatwoot/chatwoot,stars,googleauth,1.11.2,gem
chatwoot/chatwoot,stars,redis,5.0.6,gem
chatwoot/chatwoot,stars,simplecov,0.22.0,gem
chatwoot/chatwoot,stars,bullet,8.0.7,gem
chatwoot/chatwoot,stars,ffi,1.17.2,gem
chatwoot/chatwoot,stars,speedshop-cloudwatch,0.2.1,gem
chatwoot/chatwoot,stars,public_suffix,7.0.5,gem
chatwoot/chatwoot,stars,bigdecimal,4.1.2,gem
chatwoot/chatwoot,stars,bundle-audit,0.1.0,gem
chatwoot/chatwoot,stars,omniauth,2.1.4,gem
chatwoot/chatwoot,stars,seed_dump,3.3.1,gem
chatwoot/chatwoot,stars,browser,5.3.1,gem
chatwoot/chatwoot,stars,liquid,5.4.0,gem
chatwoot/chatwoot,stars,uri_template,0.7.0,gem
chatwoot/chatwoot,stars,rbs,4.0.3,gem
chatwoot/chatwoot,stars,scss_lint,0.60.0,gem
chatwoot/chatwoot,stars,google-cloud-storage,1.52.0,gem
chatwoot/chatwoot,stars,lograge,0.14.0,gem
chatwoot/chatwoot,stars,sorbet-runtime,0.5.11934,gem
chatwoot/chatwoot,stars,regexp_parser,2.10.0,gem
chatwoot/chatwoot,stars,sentry-ruby,5.19.0,gem
chatwoot/chatwoot,stars,rspec-mocks,3.13.1,gem
chatwoot/chatwoot,stars,spring-watcher-listen,2.1.0,gem
chatwoot/chatwoot,stars,dry-logic,1.6.0,gem
chatwoot/chatwoot,stars,fast-mcp,1.5.0,gem
chatwoot/chatwoot,stars,activejob,7.2.3.1,gem
chatwoot/chatwoot,stars,pg_search,2.3.6,gem
chatwoot/chatwoot,stars,rubocop-performance,1.25.0,gem
chatwoot/chatwoot,stars,i18n,1.15.2,gem
chatwoot/chatwoot,stars,libdatadog,36.0.0.1.0,gem
chatwoot/chatwoot,stars,opentelemetry-api,1.7.0,gem
chatwoot/chatwoot,stars,dry-initializer,3.2.0,gem
chatwoot/chatwoot,stars,email-provider-info,0.0.1,gem
chatwoot/chatwoot,stars,dotenv,3.1.2,gem
chatwoot/chatwoot,stars,erubi,1.13.1,gem
chatwoot/chatwoot,stars,docile,1.4.1,gem
chatwoot/chatwoot,stars,opentelemetry-common,0.23.0,gem
chatwoot/chatwoot,stars,diff-lcs,1.5.1,gem
chatwoot/chatwoot,stars,tzinfo-data,1.2023.3,gem
chatwoot/chatwoot,stars,annotaterb,4.20.0,gem
chatwoot/chatwoot,stars,sassc,2.4.0,gem
chatwoot/chatwoot,stars,acts-as-taggable-on,12.0.0,gem
chatwoot/chatwoot,stars,telephone_number,1.4.20,gem
chatwoot/chatwoot,stars,multi_xml,0.9.1,gem
chatwoot/chatwoot,stars,http,5.1.1,gem
chatwoot/chatwoot,stars,hashie,5.1.0,gem
chatwoot/chatwoot,stars,tsort,0.2.0,gem
chatwoot/chatwoot,stars,judoscale-sidekiq,1.8.2,gem
chatwoot/chatwoot,stars,crass,1.0.7,gem
chatwoot/chatwoot,stars,googleapis-common-protos,1.6.0,gem
chatwoot/chatwoot,stars,execjs,2.8.1,gem
chatwoot/chatwoot,stars,aws-partitions,1.1198.0,gem
chatwoot/chatwoot,stars,mime-types-data,3.2023.0218.1,gem
chatwoot/chatwoot,stars,rubocop,1.75.6,gem
chatwoot/chatwoot,stars,sentry-rails,5.19.0,gem
chatwoot/chatwoot,stars,unicode,0.4.4.5,gem
chatwoot/chatwoot,stars,judoscale-rails,1.8.2,gem
chatwoot/chatwoot,stars,pry-rails,0.3.9,gem
chatwoot/chatwoot,stars,parser,3.3.8.0,gem
chatwoot/chatwoot,stars,ostruct,0.6.3,gem
chatwoot/chatwoot,stars,os,1.1.4,gem
chatwoot/chatwoot,stars,neighbor,0.2.3,gem
chatwoot/chatwoot,stars,database_cleaner,2.0.2,gem
chatwoot/chatwoot,stars,rack-protection,4.2.1,gem
chatwoot/chatwoot,stars,sidekiq-cron,2.4.0,gem
chatwoot/chatwoot,stars,rubocop-rspec,3.6.0,gem
chatwoot/chatwoot,stars,activestorage,7.2.3.1,gem
chatwoot/chatwoot,stars,image_processing,1.12.2,gem
chatwoot/chatwoot,stars,childprocess,5.1.0,gem
chatwoot/chatwoot,stars,grpc,1.72.0,gem
chatwoot/chatwoot,stars,multipart-post,2.4.1,gem
chatwoot/chatwoot,stars,activesupport,7.2.3.1,gem
chatwoot/chatwoot,stars,debug,1.11.1,gem
chatwoot/chatwoot,stars,geocoder,1.8.1,gem
chatwoot/chatwoot,stars,gserver,0.0.1,gem
chatwoot/chatwoot,stars,rack-cors,2.0.0,gem
chatwoot/chatwoot,stars,actionmailer,7.2.3.1,gem
chatwoot/chatwoot,stars,climate_control,1.2.0,gem
chatwoot/chatwoot,stars,useragent,0.16.11,gem
chatwoot/chatwoot,stars,google-cloud-errors,1.3.1,gem
chatwoot/chatwoot,stars,aws-sdk-kms,1.118.0,gem
chatwoot/chatwoot,stars,concurrent-ruby,1.3.8,gem
chatwoot/chatwoot,stars,rack-timeout,0.6.3,gem
chatwoot/chatwoot,stars,commonmarker,0.23.12,gem
chatwoot/chatwoot,stars,minitest,5.27.0,gem
chatwoot/chatwoot,stars,squasher,0.7.2,gem
chatwoot/chatwoot,stars,dry-inflector,1.2.0,gem
chatwoot/chatwoot,stars,sprockets,4.2.1,gem
chatwoot/chatwoot,stars,rackup,2.2.1,gem
chatwoot/chatwoot,stars,digest-crc,0.6.5,gem
chatwoot/chatwoot,stars,rack,3.2.6,gem
chatwoot/chatwoot,stars,rake,13.2.1,gem
chatwoot/chatwoot,stars,uniform_notifier,1.17.0,gem
chatwoot/chatwoot,stars,racc,1.8.1,gem
chatwoot/chatwoot,stars,gli,2.22.2,gem
chatwoot/chatwoot,stars,stackprof,0.2.25,gem
chatwoot/chatwoot,stars,ast,2.4.3,gem
chatwoot/chatwoot,stars,jmespath,1.6.2,gem
chatwoot/chatwoot,stars,faraday-mashify,1.0.0,gem
chatwoot/chatwoot,stars,facebook-messenger,2.0.1,gem
chatwoot/chatwoot,stars,nio4r,2.7.5,gem
chatwoot/chatwoot,stars,groupdate,6.2.1,gem
chatwoot/chatwoot,stars,simplecov_json_formatter,0.1.4,gem
chatwoot/chatwoot,stars,railties,7.2.3.1,gem
chatwoot/chatwoot,stars,google-protobuf,3.25.7,gem
chatwoot/chatwoot,stars,googleapis-common-protos-types,1.20.0,gem
chatwoot/chatwoot,stars,actionpack,7.2.3.1,gem
chatwoot/chatwoot,stars,devise-secure_password,2.2.1,gem
chatwoot/chatwoot,stars,rspec-rails,7.0.1,gem
chatwoot/chatwoot,stars,slack-ruby-client,2.7.0,gem
chatwoot/chatwoot,stars,mail,2.9.1,gem
chatwoot/chatwoot,stars,http-accept,1.7.0,gem
chatwoot/chatwoot,stars,thor,1.4.0,gem
chatwoot/chatwoot,stars,fugit,1.11.1,gem
chatwoot/chatwoot,stars,google-cloud-location,0.6.0,gem
chatwoot/chatwoot,stars,pgvector,0.1.1,gem
chatwoot/chatwoot,stars,byebug,11.1.3,gem
chatwoot/chatwoot,stars,pg,1.5.3,gem
chatwoot/chatwoot,stars,erb,6.0.6,gem
chatwoot/chatwoot,stars,hana,1.3.7,gem
chatwoot/chatwoot,stars,omniauth-google-oauth2,1.1.3,gem
chatwoot/chatwoot,stars,rspec-support,3.13.1,gem
chatwoot/chatwoot,stars,actioncable,7.2.3.1,gem
chatwoot/chatwoot,stars,rubocop-factory_bot,2.27.1,gem
chatwoot/chatwoot,stars,rails-dom-testing,2.3.0,gem
chatwoot/chatwoot,stars,rubocop-rails,2.32.0,gem
chatwoot/chatwoot,stars,mutex_m,0.3.0,gem
chatwoot/chatwoot,stars,bindex,0.8.1,gem
chatwoot/chatwoot,stars,cgi,0.5.2,gem
chatwoot/chatwoot,stars,cld3,3.7.0,gem
chatwoot/chatwoot,stars,mini_mime,1.1.5,gem
chatwoot/chatwoot,stars,jquery-rails,4.6.0,gem
chatwoot/chatwoot,stars,tilt,2.3.0,gem
chatwoot/chatwoot,stars,tidewave,0.2.0,gem
chatwoot/chatwoot,stars,sass,3.7.4,gem
chatwoot/chatwoot,stars,domain_name,0.5.20190701,gem
chatwoot/chatwoot,stars,hashdiff,1.1.0,gem
chatwoot/chatwoot,stars,procore-sift,1.0.0,gem
chatwoot/chatwoot,stars,drb,2.2.3,gem
chatwoot/chatwoot,stars,faraday,2.14.3,gem
chatwoot/chatwoot,stars,orm_adapter,0.5.0,gem
chatwoot/chatwoot,stars,websocket-driver,0.8.2,gem
chatwoot/chatwoot,stars,msgpack,1.8.3,gem
chatwoot/chatwoot,stars,sidekiq_alive,2.5.0,gem
chatwoot/chatwoot,stars,opentelemetry-exporter-otlp,0.31.1,gem
chatwoot/chatwoot,stars,kaminari-actionview,1.2.2,gem
chatwoot/chatwoot,stars,down,5.4.0,gem
chatwoot/chatwoot,stars,rails-html-sanitizer,1.7.1,gem
chatwoot/chatwoot,stars,raabro,1.4.0,gem
chatwoot/chatwoot,stars,ruby_llm,1.15.0,gem
chatwoot/chatwoot,stars,signet,0.17.0,gem
chatwoot/chatwoot,stars,iso-639,0.3.8,gem
chatwoot/chatwoot,stars,dry-configurable,1.3.0,gem
chatwoot/chatwoot,stars,omniauth-oauth2,1.8.0,gem
chatwoot/chatwoot,stars,pry,0.14.2,gem
chatwoot/chatwoot,stars,faraday-retry,2.4.0,gem
chatwoot/chatwoot,stars,google-apis-iamcredentials_v1,0.22.0,gem
chatwoot/chatwoot,stars,shoulda-matchers,5.3.0,gem
chatwoot/chatwoot,stars,rspec-expectations,3.13.2,gem
chatwoot/chatwoot,stars,version_gem,1.1.11,gem
chatwoot/chatwoot,stars,dotenv-rails,3.1.2,gem
chatwoot/chatwoot,stars,rest-client,2.1.0,gem
chatwoot/chatwoot,stars,google-cloud-env,2.2.1,gem
chatwoot/chatwoot,stars,pp,0.6.4,gem
chatwoot/chatwoot,stars,rails-i18n,7.0.10,gem
chatwoot/chatwoot,stars,statsd-ruby,1.5.0,gem
chatwoot/chatwoot,stars,llhttp-ffi,0.4.0,gem
chatwoot/chatwoot,stars,unf_ext,0.0.8.2,gem
chatwoot/chatwoot,stars,kaminari-core,1.2.2,gem
chatwoot/chatwoot,stars,opensearch-ruby,3.4.0,gem
chatwoot/chatwoot,stars,representable,3.2.0,gem
chatwoot/chatwoot,stars,libddwaf,1.30.0.0.2,gem
chatwoot/chatwoot,stars,valid_email2,5.2.6,gem
chatwoot/chatwoot,stars,retriable,3.1.2,gem
chatwoot/chatwoot,stars,rubocop-ast,1.44.1,gem
chatwoot/chatwoot,stars,websocket-extensions,0.1.5,gem
chatwoot/chatwoot,stars,sassc-rails,2.1.2,gem
chatwoot/chatwoot,stars,httpclient,2.8.3,gem
chatwoot/chatwoot,stars,language_server-protocol,3.17.0.5,gem
chatwoot/chatwoot,stars,ruby-progressbar,1.13.0,gem
chatwoot/chatwoot,stars,json,2.19.9,gem
chatwoot/chatwoot,stars,barnes,0.0.9,gem
chatwoot/chatwoot,stars,ruby2ruby,2.5.0,gem
chatwoot/chatwoot,stars,event_stream_parser,1.0.0,gem
chatwoot/chatwoot,stars,letter_opener,1.10.0,gem
chatwoot/chatwoot,stars,httparty,0.24.0,gem
chatwoot/chatwoot,stars,oj,3.17.3,gem
chatwoot/chatwoot,stars,maxminddb,0.1.22,gem
chatwoot/chatwoot,stars,json_refs,0.1.8,gem
chatwoot/chatwoot,stars,opentelemetry-registry,0.4.0,gem
chatwoot/chatwoot,stars,twitty,0.1.5,gem
chatwoot/chatwoot,stars,uri-idna,0.3.1,gem
chatwoot/chatwoot,stars,bcrypt,3.1.22,gem
chatwoot/chatwoot,stars,dry-types,1.9.1,gem
chatwoot/chatwoot,stars,devise,4.9.4,gem
chatwoot/chatwoot,stars,io-console,0.8.2,gem
chatwoot/chatwoot,stars,factory_bot,6.4.5,gem
chatwoot/chatwoot,stars,net-imap,0.6.4.1,gem
chatwoot/chatwoot,stars,jbuilder,2.15.1,gem
chatwoot/chatwoot,stars,devise-two-factor,6.1.0,gem
chatwoot/chatwoot,stars,csv-safe,3.3.1,gem
chatwoot/chatwoot,stars,parallel,1.27.0,gem
chatwoot/chatwoot,stars,oauth,1.1.6,gem
chatwoot/chatwoot,stars,zeitwerk,2.7.5,gem
chatwoot/chatwoot,stars,launchy,3.1.1,gem
chatwoot/chatwoot,stars,globalid,1.2.1,gem
chatwoot/chatwoot,stars,ssrf_filter,1.5.0,gem
chatwoot/chatwoot,stars,actionmailbox,7.2.3.1,gem
chatwoot/chatwoot,stars,connection_pool,2.5.5,gem
chatwoot/chatwoot,stars,rack-contrib,2.5.0,gem
chatwoot/chatwoot,stars,web-push,3.0.1,gem
chatwoot/chatwoot,stars,flag_shih_tzu,0.3.23,gem
chatwoot/chatwoot,stars,gemoji,4.1.0,gem
chatwoot/chatwoot,stars,uglifier,4.2.0,gem
chatwoot/chatwoot,stars,ffi-compiler,1.0.1,gem
chatwoot/chatwoot,stars,faker,3.2.0,gem
chatwoot/chatwoot,stars,stripe,18.0.1,gem
chatwoot/chatwoot,stars,firecrawl-sdk,1.4.1,gem
chatwoot/chatwoot,stars,selectize-rails,0.12.6,gem
chatwoot/chatwoot,stars,email_reply_trimmer,0.1.13,gem
chatwoot/chatwoot,stars,cronex,0.15.0,gem
chatwoot/chatwoot,stars,actionview,7.2.3.1,gem
chatwoot/chatwoot,stars,simplecov-html,0.13.2,gem
chatwoot/chatwoot,stars,unicode-display_width,3.1.4,gem
chatwoot/chatwoot,stars,date,3.5.1,gem
chatwoot/chatwoot,stars,mini_portile2,2.8.9,gem
chatwoot/chatwoot,stars,rb-fsevent,0.11.2,gem
chatwoot/chatwoot,stars,twilio-ruby,7.6.0,gem
chatwoot/chatwoot,stars,benchmark,0.5.0,gem
chatwoot/chatwoot,stars,opentelemetry-sdk,1.10.0,gem
chatwoot/chatwoot,stars,koala,3.4.0,gem
hashicorp/vagrant,stars,ed25519,~> 1.3.0,gem
hashicorp/vagrant,stars,webrick,~> 1.7,gem
hashicorp/vagrant,stars,rake-compiler,>= 0,gem
hashicorp/vagrant,stars,hashicorp-checkpoint,~> 0.1.5,gem
hashicorp/vagrant,stars,rubyzip,~> 2.3.2,gem
hashicorp/vagrant,stars,erubi,>= 0,gem
hashicorp/vagrant,stars,rb-kqueue,~> 0.2.0,gem
hashicorp/vagrant,stars,rexml,~> 3.2,gem
hashicorp/vagrant,stars,rake,~> 13.0,gem
hashicorp/vagrant,stars,fake_ftp,~> 0.3.0,gem
hashicorp/vagrant,stars,winrm-elevated,">= 1.2.3,< 2.0",gem
hashicorp/vagrant,stars,childprocess,~> 5.1,gem
hashicorp/vagrant,stars,winrm,">= 2.3.9,< 3.0",gem
hashicorp/vagrant,stars,winrm-fs,">= 1.3.5,< 2.0",gem
hashicorp/vagrant,stars,mime-types,~> 3.3,gem
hashicorp/vagrant,stars,net-sftp,~> 4.0,gem
hashicorp/vagrant,stars,ipaddr,>= 1.2.4,gem
hashicorp/vagrant,stars,rspec-its,~> 1.3.0,gem
hashicorp/vagrant,stars,base64,~> 0.2.0,gem
hashicorp/vagrant,stars,i18n,~> 1.12,gem
hashicorp/vagrant,stars,rspec,~> 3.11,gem
hashicorp/vagrant,stars,log4r,"~> 1.1.9,< 1.1.11",gem
hashicorp/vagrant,stars,net-ssh,~> 7.0,gem
hashicorp/vagrant,stars,vagrant_cloud,~> 3.1.2,gem
hashicorp/vagrant,stars,vagrant-spec,>= 0,gem
hashicorp/vagrant,stars,listen,~> 3.7,gem
hashicorp/vagrant,stars,net-scp,~> 4.0,gem
hashicorp/vagrant,stars,logger,~> 1.0,gem
hashicorp/vagrant,stars,net-ftp,~> 0.2,gem
hashicorp/vagrant,stars,grpc-tools,~> 1.41,gem
hashicorp/vagrant,stars,csv,~> 3.3,gem
hashicorp/vagrant,stars,wdm,~> 0.2.0,gem
hashicorp/vagrant,stars,bcrypt_pbkdf,~> 1.1,gem
hashicorp/vagrant,stars,ostruct,~> 0.6.0,gem
gitlabhq/gitlabhq,stars,addressable,2.9.0,gem
gitlabhq/gitlabhq,stars,irb,1.18.0,gem
gitlabhq/gitlabhq,stars,rubyzip,2.3.2,gem
gitlabhq/gitlabhq,stars,ffi-yajl,2.6.0,gem
gitlabhq/gitlabhq,stars,multipart-post,2.2.3,gem
gitlabhq/gitlabhq,stars,opentelemetry-instrumentation-excon,0.29.1,gem
gitlabhq/gitlabhq,stars,rack-session,2.1.2,gem
gitlabhq/gitlabhq,stars,redis-client,0.30.0,gem
gitlabhq/gitlabhq,stars,google-apis-dns_v1,0.43.0,gem
gitlabhq/gitlabhq,stars,redis-cluster-client,0.17.1,gem
gitlabhq/gitlabhq,stars,activemodel,7.2.3.1,gem
gitlabhq/gitlabhq,stars,rspec,3.12.0,gem
gitlabhq/gitlabhq,stars,ffi-compiler,1.3.2,gem
gitlabhq/gitlabhq,stars,google-protobuf,4.36.0,gem
gitlabhq/gitlabhq,stars,timeout,0.4.1,gem
gitlabhq/gitlabhq,stars,recursive-open-struct,1.1.3,gem
gitlabhq/gitlabhq,stars,swd,2.0.3,gem
gitlabhq/gitlabhq,stars,grape-swagger-entity,0.7.1,gem
gitlabhq/gitlabhq,stars,json_schemer,2.5.0,gem
gitlabhq/gitlabhq,stars,mini_portile2,2.8.7,gem
gitlabhq/gitlabhq,stars,fog-xml,0.1.4,gem
gitlabhq/gitlabhq,stars,xml-simple,1.1.9,gem
gitlabhq/gitlabhq,stars,opentelemetry-registry,0.5.0,gem
gitlabhq/gitlabhq,stars,psych,5.3.1,gem
gitlabhq/gitlabhq,stars,flipper,1.3.6,gem
gitlabhq/gitlabhq,stars,faraday,2.14.3,gem
gitlabhq/gitlabhq,stars,rubocop-capybara,2.21.0,gem
gitlabhq/gitlabhq,stars,connection_pool,2.5.0,gem
gitlabhq/gitlabhq,stars,minitest,5.25.4,gem
gitlabhq/gitlabhq,stars,wisper,2.0.1,gem
gitlabhq/gitlabhq,stars,minitest,6.0.1,gem
gitlabhq/gitlabhq,stars,terminal-table,4.0.0,gem
gitlabhq/gitlabhq,stars,licensee,10.0.0,gem
gitlabhq/gitlabhq,stars,slack-messenger,2.3.6,gem
gitlabhq/gitlabhq,stars,timeout,0.4.3,gem
gitlabhq/gitlabhq,stars,fog-google,1.29.4,gem
gitlabhq/gitlabhq,stars,batch-loader,2.0.5,gem
gitlabhq/gitlabhq,stars,telesignenterprise,2.6.0,gem
gitlabhq/gitlabhq,stars,google-protobuf,4.31.1,gem
gitlabhq/gitlabhq,stars,connection_pool,2.4.1,gem
gitlabhq/gitlabhq,stars,opentelemetry-common,0.24.0,gem
gitlabhq/gitlabhq,stars,unparser,0.6.7,gem
gitlabhq/gitlabhq,stars,rqrcode,2.2.0,gem
gitlabhq/gitlabhq,stars,rspec,3.11.0,gem
gitlabhq/gitlabhq,stars,rspec-mocks,3.13.1,gem
gitlabhq/gitlabhq,stars,ice_cube,0.16.4,gem
gitlabhq/gitlabhq,stars,google-apis-androidpublisher_v3,0.107.0,gem
gitlabhq/gitlabhq,stars,gitlab-chronic,0.10.6,gem
gitlabhq/gitlabhq,stars,net-http,0.8.0,gem
gitlabhq/gitlabhq,stars,connection_pool,2.5.3,gem
gitlabhq/gitlabhq,stars,json,2.11.3,gem
gitlabhq/gitlabhq,stars,pact-mock_service,3.11.2,gem
gitlabhq/gitlabhq,stars,rack-cors,2.0.2,gem
gitlabhq/gitlabhq,stars,rubocop,1.68.0,gem
gitlabhq/gitlabhq,stars,webmock,3.26.4,gem
gitlabhq/gitlabhq,stars,activesupport,8.0.2,gem
gitlabhq/gitlabhq,stars,htmlbeautifier,1.4.2,gem
gitlabhq/gitlabhq,stars,simple_po_parser,1.1.6,gem
gitlabhq/gitlabhq,stars,googleauth,1.14.0,gem
gitlabhq/gitlabhq,stars,tty-screen,0.8.1,gem
gitlabhq/gitlabhq,stars,addressable,2.8.7,gem
gitlabhq/gitlabhq,stars,opentelemetry-instrumentation-sidekiq,0.28.1,gem
gitlabhq/gitlabhq,stars,anonymous_loader,0.1.2,gem
gitlabhq/gitlabhq,stars,json,2.6.3,gem
gitlabhq/gitlabhq,stars,rspec-support,3.13.6,gem
gitlabhq/gitlabhq,stars,rubocop-ast,1.40.0,gem
gitlabhq/gitlabhq,stars,thrift,0.22.0,gem
gitlabhq/gitlabhq,stars,debug,1.11.1,gem
gitlabhq/gitlabhq,stars,opentelemetry-instrumentation-koala,0.24.0,gem
gitlabhq/gitlabhq,stars,json,2.19.5,gem
gitlabhq/gitlabhq,stars,tzinfo,2.0.6,gem
gitlabhq/gitlabhq,stars,mime-types,3.5.1,gem
gitlabhq/gitlabhq,stars,snaky_hash,2.0.7,gem
gitlabhq/gitlabhq,stars,diffy,3.4.4,gem
gitlabhq/gitlabhq,stars,rspec-mocks,3.12.3,gem
gitlabhq/gitlabhq,stars,html-pipeline,2.14.3,gem
gitlabhq/gitlabhq,stars,net-imap,0.5.9,gem
gitlabhq/gitlabhq,stars,rspec-mocks,3.13.4,gem
gitlabhq/gitlabhq,stars,gitaly,19.2.0,gem
gitlabhq/gitlabhq,stars,google-logging-utils,0.2.0,gem
gitlabhq/gitlabhq,stars,rack,3.2.4,gem
gitlabhq/gitlabhq,stars,bcrypt,3.1.22,gem
gitlabhq/gitlabhq,stars,spring-commands-rspec,1.0.4,gem
gitlabhq/gitlabhq,stars,csv,3.3.0,gem
gitlabhq/gitlabhq,stars,opensearch-ruby,3.4.0,gem
gitlabhq/gitlabhq,stars,rqrcode_core,1.2.0,gem
gitlabhq/gitlabhq,stars,concurrent-ruby,1.3.4,gem
gitlabhq/gitlabhq,stars,googleapis-common-protos-types,1.23.0,gem
gitlabhq/gitlabhq,stars,get_process_mem,0.2.7,gem
gitlabhq/gitlabhq,stars,trailblazer-option,0.1.2,gem
gitlabhq/gitlabhq,stars,unparser,0.8.0,gem
gitlabhq/gitlabhq,stars,multi_json,1.17.0,gem
gitlabhq/gitlabhq,stars,ffi,1.17.4,gem
gitlabhq/gitlabhq,stars,crass,1.0.7,gem
gitlabhq/gitlabhq,stars,opentelemetry-instrumentation-aws_sdk,0.12.0,gem
gitlabhq/gitlabhq,stars,faraday-net_http,3.4.2,gem
gitlabhq/gitlabhq,stars,activesupport,7.0.8.7,gem
gitlabhq/gitlabhq,stars,rack,3.1.10,gem
gitlabhq/gitlabhq,stars,rake,13.1.0,gem
gitlabhq/gitlabhq,stars,rspec-support,3.13.2,gem
gitlabhq/gitlabhq,stars,zlib,3.2.3,gem
gitlabhq/gitlabhq,stars,opentelemetry-api,1.9.0,gem
gitlabhq/gitlabhq,stars,opentelemetry-exporter-otlp,0.31.1,gem
gitlabhq/gitlabhq,stars,rspec-mocks,3.13.8,gem
gitlabhq/gitlabhq,stars,google-apis-sqladmin_v1beta4,0.73.0,gem
gitlabhq/gitlabhq,stars,rubypants,0.2.0,gem
gitlabhq/gitlabhq,stars,minitest,6.0.6,gem
gitlabhq/gitlabhq,stars,mustermann-grape,1.1.0,gem
gitlabhq/gitlabhq,stars,google-apis-iamcredentials_v1,0.24.0,gem
gitlabhq/gitlabhq,stars,mixlib-config,3.0.27,gem
gitlabhq/gitlabhq,stars,rspec-support,3.13.4,gem
gitlabhq/gitlabhq,stars,activesupport,7.2.3,gem
gitlabhq/gitlabhq,stars,json,2.21.1,gem
gitlabhq/gitlabhq,stars,tpm-key_attestation,0.14.1,gem
gitlabhq/gitlabhq,stars,asciidoctor-include-ext,0.4.0,gem
gitlabhq/gitlabhq,stars,mustermann,3.0.4,gem
gitlabhq/gitlabhq,stars,elasticsearch,9.0.2,gem
gitlabhq/gitlabhq,stars,unicode,0.4.4.5,gem
gitlabhq/gitlabhq,stars,kubeclient,4.12.0,gem
gitlabhq/gitlabhq,stars,request_store,1.5.1,gem
gitlabhq/gitlabhq,stars,rubocop-factory_bot,2.24.0,gem
gitlabhq/gitlabhq,stars,keela,0.4.1,gem
gitlabhq/gitlabhq,stars,rdoc,7.2.0,gem
gitlabhq/gitlabhq,stars,opentelemetry-sdk,1.12.0,gem
gitlabhq/gitlabhq,stars,rake,13.2.1,gem
gitlabhq/gitlabhq,stars,opentelemetry-instrumentation-concurrent_ruby,0.24.0,gem
gitlabhq/gitlabhq,stars,simplecov_json_formatter,0.1.4,gem
gitlabhq/gitlabhq,stars,opentelemetry-instrumentation-concurrent_ruby,0.25.0,gem
gitlabhq/gitlabhq,stars,opentelemetry-instrumentation-racecar,0.6.1,gem
gitlabhq/gitlabhq,stars,observer,0.1.2,gem
gitlabhq/gitlabhq,stars,crass,1.0.6,gem
gitlabhq/gitlabhq,stars,redis-namespace,1.11.0,gem
gitlabhq/gitlabhq,stars,actionpack,7.2.3.1,gem
gitlabhq/gitlabhq,stars,opentelemetry-instrumentation-rake,0.5.0,gem
gitlabhq/gitlabhq,stars,globalid,1.1.0,gem
gitlabhq/gitlabhq,stars,CFPropertyList,3.0.7,gem
gitlabhq/gitlabhq,stars,rubocop-ast,1.44.1,gem
gitlabhq/gitlabhq,stars,spamcheck,1.3.3,gem
gitlabhq/gitlabhq,stars,opentelemetry-instrumentation-all,0.89.1,gem
gitlabhq/gitlabhq,stars,rubocop-rspec,2.22.0,gem
gitlabhq/gitlabhq,stars,csv,3.3.5,gem
gitlabhq/gitlabhq,stars,rspec-core,3.13.2,gem
gitlabhq/gitlabhq,stars,css_parser,1.22.0,gem
gitlabhq/gitlabhq,stars,ruby-statistics,4.1.0,gem
gitlabhq/gitlabhq,stars,net-imap,0.6.4.1,gem
gitlabhq/gitlabhq,stars,undercover,0.8.5,gem
gitlabhq/gitlabhq,stars,prawn,2.5.0,gem
gitlabhq/gitlabhq,stars,connection_pool,3.0.2,gem
gitlabhq/gitlabhq,stars,opentelemetry-instrumentation-ruby_kafka,0.25.0,gem
gitlabhq/gitlabhq,stars,date,3.4.1,gem
gitlabhq/gitlabhq,stars,pp,0.6.3,gem
gitlabhq/gitlabhq,stars,validates_hostname,1.0.13,gem
gitlabhq/gitlabhq,stars,rspec-mocks,3.13.5,gem
gitlabhq/gitlabhq,stars,google-logging-utils,0.1.0,gem
gitlabhq/gitlabhq,stars,benchmark-memory,0.2.0,gem
gitlabhq/gitlabhq,stars,guard-rspec,4.7.3,gem
gitlabhq/gitlabhq,stars,with_env,1.1.0,gem
gitlabhq/gitlabhq,stars,numerizer,0.2.0,gem
gitlabhq/gitlabhq,stars,simplecov,0.22.0,gem
gitlabhq/gitlabhq,stars,json,2.19.2,gem
gitlabhq/gitlabhq,stars,zeitwerk,2.7.1,gem
gitlabhq/gitlabhq,stars,json,2.7.2,gem
gitlabhq/gitlabhq,stars,google-apis-compute_v1,0.154.0,gem
gitlabhq/gitlabhq,stars,marcel,1.0.4,gem
gitlabhq/gitlabhq,stars,i18n,1.14.8,gem
gitlabhq/gitlabhq,stars,opentelemetry-instrumentation-action_pack,0.18.0,gem
gitlabhq/gitlabhq,stars,addressable,2.8.4,gem
gitlabhq/gitlabhq,stars,knapsack,4.0.0,gem
gitlabhq/gitlabhq,stars,guard,2.16.2,gem
gitlabhq/gitlabhq,stars,gitlab-rspec-metrics-exporter,0.2.0,gem
gitlabhq/gitlabhq,stars,opentelemetry-instrumentation-base,0.26.0,gem
gitlabhq/gitlabhq,stars,memory_profiler,1.0.0,gem
gitlabhq/gitlabhq,stars,net-scp,4.0.0,gem
gitlabhq/gitlabhq,stars,raabro,1.4.0,gem
gitlabhq/gitlabhq,stars,formatador,1.2.3,gem
gitlabhq/gitlabhq,stars,akismet,3.0.0,gem
gitlabhq/gitlabhq,stars,charlock_holmes,0.7.9,gem
gitlabhq/gitlabhq,stars,commonmarker,0.23.12,gem
gitlabhq/gitlabhq,stars,dry-cli,1.0.0,gem
gitlabhq/gitlabhq,stars,mixlib-cli,2.1.8,gem
gitlabhq/gitlabhq,stars,state_machines-activemodel,0.101.0,gem
gitlabhq/gitlabhq,stars,parallel_tests,5.7.0,gem
gitlabhq/gitlabhq,stars,semver_dialects,4.1.3,gem
gitlabhq/gitlabhq,stars,opentelemetry-instrumentation-trilogy,0.65.1,gem
gitlabhq/gitlabhq,stars,encryptor,3.0.0,gem
gitlabhq/gitlabhq,stars,rspec-rails,7.1.1,gem
gitlabhq/gitlabhq,stars,google-apis-cloudresourcemanager_v1,0.45.0,gem
gitlabhq/gitlabhq,stars,pg,1.5.9,gem
gitlabhq/gitlabhq,stars,danger-gitlab,8.0.0,gem
gitlabhq/gitlabhq,stars,gitlab,4.19.0,gem
gitlabhq/gitlabhq,stars,pry-byebug,3.12.0,gem
gitlabhq/gitlabhq,stars,rspec,3.13.1,gem
gitlabhq/gitlabhq,stars,docile,1.4.1,gem
gitlabhq/gitlabhq,stars,hashdiff,1.1.2,gem
gitlabhq/gitlabhq,stars,sysexits,1.2.0,gem
gitlabhq/gitlabhq,stars,io-console,0.8.2,gem
gitlabhq/gitlabhq,stars,actionpack,8.1.3,gem
gitlabhq/gitlabhq,stars,google-apis-compute_v1,0.136.0,gem
gitlabhq/gitlabhq,stars,ffi,1.17.2,gem
gitlabhq/gitlabhq,stars,citrus,3.0.2,gem
gitlabhq/gitlabhq,stars,io-event,1.16.2,gem
gitlabhq/gitlabhq,stars,opentelemetry-instrumentation-excon,0.26.1,gem
gitlabhq/gitlabhq,stars,derailed_benchmarks,2.2.1,gem
gitlabhq/gitlabhq,stars,unf_ext,0.0.8.2,gem
gitlabhq/gitlabhq,stars,method_source,1.1.0,gem
gitlabhq/gitlabhq,stars,uri,1.0.3,gem
gitlabhq/gitlabhq,stars,httparty,0.21.0,gem
gitlabhq/gitlabhq,stars,rack-oauth2,2.2.1,gem
gitlabhq/gitlabhq,stars,rspec-core,3.11.0,gem
gitlabhq/gitlabhq,stars,rspec,3.10.0,gem
gitlabhq/gitlabhq,stars,language_server-protocol,3.17.0.5,gem
gitlabhq/gitlabhq,stars,fuzzyurl,0.9.0,gem
gitlabhq/gitlabhq,stars,httparty,0.23.2,gem
gitlabhq/gitlabhq,stars,ostruct,0.6.1,gem
gitlabhq/gitlabhq,stars,gitlab-styles,10.1.0,gem
gitlabhq/gitlabhq,stars,concurrent-ruby,1.3.6,gem
gitlabhq/gitlabhq,stars,opentelemetry-instrumentation-pg,0.34.1,gem
gitlabhq/gitlabhq,stars,ffaker,2.25.0,gem
gitlabhq/gitlabhq,stars,ffi-compiler,1.0.1,gem
gitlabhq/gitlabhq,stars,netrc,0.11.0,gem
gitlabhq/gitlabhq,stars,climate_control,1.2.0,gem
gitlabhq/gitlabhq,stars,yajl-ruby,1.4.3,gem
gitlabhq/gitlabhq,stars,http-form_data,2.3.0,gem
gitlabhq/gitlabhq,stars,activejob,7.2.3.1,gem
gitlabhq/gitlabhq,stars,google-protobuf,4.35.1,gem
gitlabhq/gitlabhq,stars,diff-lcs,1.6.2,gem
gitlabhq/gitlabhq,stars,opentelemetry-instrumentation-que,0.13.0,gem
gitlabhq/gitlabhq,stars,opentelemetry-instrumentation-rdkafka,0.9.0,gem
gitlabhq/gitlabhq,stars,net-pop,0.1.2,gem
gitlabhq/gitlabhq,stars,pastel,0.8.0,gem
gitlabhq/gitlabhq,stars,attr_encrypted,4.2.0,gem
gitlabhq/gitlabhq,stars,oj-introspect,0.9.0,gem
gitlabhq/gitlabhq,stars,addressable,2.8.5,gem
gitlabhq/gitlabhq,stars,language_server-protocol,3.17.0.6,gem
gitlabhq/gitlabhq,stars,unicode-emoji,4.2.0,gem
gitlabhq/gitlabhq,stars,proc_to_ast,0.1.0,gem
gitlabhq/gitlabhq,stars,ruby-lsp-rails,0.4.8,gem
gitlabhq/gitlabhq,stars,ethon,0.16.0,gem
gitlabhq/gitlabhq,stars,rubocop-rspec,3.0.5,gem
gitlabhq/gitlabhq,stars,regexp_parser,2.10.0,gem
gitlabhq/gitlabhq,stars,parslet,1.8.2,gem
gitlabhq/gitlabhq,stars,sentry-ruby,5.23.0,gem
gitlabhq/gitlabhq,stars,rspec-expectations,3.11.0,gem
gitlabhq/gitlabhq,stars,mime-types,3.7.0,gem
gitlabhq/gitlabhq,stars,i18n,1.13.0,gem
gitlabhq/gitlabhq,stars,gitlab-grape-openapi,0.5.0,gem
gitlabhq/gitlabhq,stars,ast,2.4.3,gem
gitlabhq/gitlabhq,stars,rexml,3.4.4,gem
gitlabhq/gitlabhq,stars,reline,0.7.0,gem
gitlabhq/gitlabhq,stars,gitlab-qa,15.8.0,gem
gitlabhq/gitlabhq,stars,useragent,0.16.11,gem
gitlabhq/gitlabhq,stars,rack,3.1.16,gem
gitlabhq/gitlabhq,stars,multi_xml,0.7.2,gem
gitlabhq/gitlabhq,stars,factory_bot_rails,6.2.0,gem
gitlabhq/gitlabhq,stars,prism,1.4.0,gem
gitlabhq/gitlabhq,stars,tty-which,0.5.0,gem
gitlabhq/gitlabhq,stars,recaptcha,5.12.3,gem
gitlabhq/gitlabhq,stars,debug_inspector,1.1.0,gem
gitlabhq/gitlabhq,stars,grape-swagger,2.1.4,gem
gitlabhq/gitlabhq,stars,omniauth-saml,2.2.5,gem
gitlabhq/gitlabhq,stars,rack-session,2.0.0,gem
gitlabhq/gitlabhq,stars,proc_to_ast,0.2.0,gem
gitlabhq/gitlabhq,stars,opentelemetry-instrumentation-graphql,0.31.2,gem
gitlabhq/gitlabhq,stars,sys-filesystem,1.5.5,gem
gitlabhq/gitlabhq,stars,opentelemetry-instrumentation-mysql2,0.34.0,gem
gitlabhq/gitlabhq,stars,opentelemetry-instrumentation-sinatra,0.30.0,gem
gitlabhq/gitlabhq,stars,multi_xml,0.6.0,gem
gitlabhq/gitlabhq,stars,table_print,1.5.7,gem
gitlabhq/gitlabhq,stars,wikicloth,0.8.1,gem
gitlabhq/gitlabhq,stars,opentelemetry-instrumentation-anthropic,0.3.0,gem
gitlabhq/gitlabhq,stars,net-protocol,0.2.2,gem
gitlabhq/gitlabhq,stars,opentelemetry-instrumentation-lmdb,0.26.0,gem
gitlabhq/gitlabhq,stars,factory_bot,6.5.0,gem
gitlabhq/gitlabhq,stars,opentelemetry-instrumentation-faraday,0.33.0,gem
gitlabhq/gitlabhq,stars,nokogiri,1.18.8,gem
gitlabhq/gitlabhq,stars,rspec-support,3.13.0,gem
gitlabhq/gitlabhq,stars,llhttp-ffi,0.5.1,gem
gitlabhq/gitlabhq,stars,org-ruby,0.9.12,gem
gitlabhq/gitlabhq,stars,solargraph,0.58.3,gem
gitlabhq/gitlabhq,stars,gitlab-labkit,2.6.1,gem
gitlabhq/gitlabhq,stars,http,5.1.1,gem
gitlabhq/gitlabhq,stars,find_a_port,1.0.1,gem
gitlabhq/gitlabhq,stars,claide,1.1.0,gem
gitlabhq/gitlabhq,stars,htmlentities,4.3.4,gem
gitlabhq/gitlabhq,stars,erb,6.0.4,gem
gitlabhq/gitlabhq,stars,loofah,2.25.2,gem
gitlabhq/gitlabhq,stars,oauth,1.1.7,gem
gitlabhq/gitlabhq,stars,google-cloud-core,1.7.0,gem
gitlabhq/gitlabhq,stars,opentelemetry-instrumentation-resque,0.8.0,gem
gitlabhq/gitlabhq,stars,gitlab-fog-azure-rm,2.5.0,gem
gitlabhq/gitlabhq,stars,oauth-tty,1.0.12,gem
gitlabhq/gitlabhq,stars,sprite-factory,1.7.1,gem
gitlabhq/gitlabhq,stars,nenv,0.3.0,gem
gitlabhq/gitlabhq,stars,test-prof,1.6.1,gem
gitlabhq/gitlabhq,stars,rubocop-capybara,2.18.0,gem
gitlabhq/gitlabhq,stars,zeitwerk,2.8.1,gem
gitlabhq/gitlabhq,stars,rake,13.3.1,gem
gitlabhq/gitlabhq,stars,ethon,0.15.0,gem
gitlabhq/gitlabhq,stars,fog-json,1.2.0,gem
gitlabhq/gitlabhq,stars,grpc-tools,1.83.0,gem
gitlabhq/gitlabhq,stars,spring,4.3.0,gem
gitlabhq/gitlabhq,stars,opentelemetry-instrumentation-anthropic,0.5.0,gem
gitlabhq/gitlabhq,stars,webrick,1.8.2,gem
gitlabhq/gitlabhq,stars,aws-sdk-kms,1.76.0,gem
gitlabhq/gitlabhq,stars,term-ansicolor,1.7.1,gem
gitlabhq/gitlabhq,stars,fugit,1.11.2,gem
gitlabhq/gitlabhq,stars,actiontext,7.2.3.1,gem
gitlabhq/gitlabhq,stars,faraday-net_http_persistent,2.1.0,gem
gitlabhq/gitlabhq,stars,et-orbi,1.2.11,gem
gitlabhq/gitlabhq,stars,rspec-core,3.13.5,gem
gitlabhq/gitlabhq,stars,actionview,8.0.2,gem
gitlabhq/gitlabhq,stars,parser,3.3.7.0,gem
gitlabhq/gitlabhq,stars,git,1.19.1,gem
gitlabhq/gitlabhq,stars,nap,1.1.0,gem
gitlabhq/gitlabhq,stars,ruby-progressbar,1.13.0,gem
gitlabhq/gitlabhq,stars,aws-sdk-cloudformation,1.157.0,gem
gitlabhq/gitlabhq,stars,rubocop-graphql,0.19.0,gem
gitlabhq/gitlabhq,stars,crack,1.0.0,gem
gitlabhq/gitlabhq,stars,opentelemetry-instrumentation-redis,0.28.0,gem
gitlabhq/gitlabhq,stars,aws-sdk-s3,1.229.0,gem
gitlabhq/gitlabhq,stars,health_check,3.1.0,gem
gitlabhq/gitlabhq,stars,hana,1.3.7,gem
gitlabhq/gitlabhq,stars,opentelemetry-instrumentation-bunny,0.24.0,gem
gitlabhq/gitlabhq,stars,rubocop-ast,1.49.1,gem
gitlabhq/gitlabhq,stars,rubocop-factory_bot,2.25.1,gem
gitlabhq/gitlabhq,stars,tty-color,0.6.0,gem
gitlabhq/gitlabhq,stars,js_regex,3.14.0,gem
gitlabhq/gitlabhq,stars,benchmark,0.5.0,gem
gitlabhq/gitlabhq,stars,opentelemetry-instrumentation-rake,0.6.0,gem
gitlabhq/gitlabhq,stars,omniauth-auth0,3.1.1,gem
gitlabhq/gitlabhq,stars,aws-sigv4,1.9.1,gem
gitlabhq/gitlabhq,stars,flipper-active_record,1.3.6,gem
gitlabhq/gitlabhq,stars,jsonb_accessor,1.4.2,gem
gitlabhq/gitlabhq,stars,connection_pool,2.5.5,gem
gitlabhq/gitlabhq,stars,opentelemetry-instrumentation-lmdb,0.25.0,gem
gitlabhq/gitlabhq,stars,racc,1.7.1,gem
gitlabhq/gitlabhq,stars,aliyun-sdk,0.8.0,gem
gitlabhq/gitlabhq,stars,webfinger,2.1.3,gem
gitlabhq/gitlabhq,stars,peek,1.1.0,gem
gitlabhq/gitlabhq,stars,rack,2.2.17,gem
gitlabhq/gitlabhq,stars,oj,3.17.6,gem
gitlabhq/gitlabhq,stars,opentelemetry-instrumentation-gruf,0.5.0,gem
gitlabhq/gitlabhq,stars,minitest,5.17.0,gem
gitlabhq/gitlabhq,stars,thor,1.3.2,gem
gitlabhq/gitlabhq,stars,reline,0.6.1,gem
gitlabhq/gitlabhq,stars,rspec-expectations,3.13.4,gem
gitlabhq/gitlabhq,stars,rspec-parameterized-core,1.0.1,gem
gitlabhq/gitlabhq,stars,rspec-rails,8.0.0,gem
gitlabhq/gitlabhq,stars,nio4r,2.7.5,gem
gitlabhq/gitlabhq,stars,sixarm_ruby_unaccent,1.2.0,gem
gitlabhq/gitlabhq,stars,google-apis-monitoring_v3,0.83.0,gem
gitlabhq/gitlabhq,stars,validate_url,1.0.15,gem
gitlabhq/gitlabhq,stars,re2,2.27.0,gem
gitlabhq/gitlabhq,stars,stringio,3.2.0,gem
gitlabhq/gitlabhq,stars,activerecord,7.2.3,gem
gitlabhq/gitlabhq,stars,io-console,0.9.2,gem
gitlabhq/gitlabhq,stars,activemodel,8.0.2,gem
gitlabhq/gitlabhq,stars,google-apis-pubsub_v1,0.53.0,gem
gitlabhq/gitlabhq,stars,gitlab-markup,2.1.0,gem
gitlabhq/gitlabhq,stars,auth-sanitizer,0.2.3,gem
gitlabhq/gitlabhq,stars,locale,2.1.4,gem
gitlabhq/gitlabhq,stars,opentelemetry-instrumentation-action_mailer,0.7.0,gem
gitlabhq/gitlabhq,stars,rspec-parameterized-table_syntax,2.0.1,gem
gitlabhq/gitlabhq,stars,rspec-parameterized-core,2.0.0,gem
gitlabhq/gitlabhq,stars,hashie,5.0.0,gem
gitlabhq/gitlabhq,stars,timfel-krb5-auth,0.8.3,gem
gitlabhq/gitlabhq,stars,tomlrb,1.3.0,gem
gitlabhq/gitlabhq,stars,rubocop-ast,1.50.0,gem
gitlabhq/gitlabhq,stars,webmock,3.19.1,gem
gitlabhq/gitlabhq,stars,io-console,0.8.0,gem
gitlabhq/gitlabhq,stars,launchy,2.5.0,gem
gitlabhq/gitlabhq,stars,activerecord,7.2.2.1,gem
gitlabhq/gitlabhq,stars,mime-types-data,3.2025.0924,gem
gitlabhq/gitlabhq,stars,rugged,1.9.6,gem
gitlabhq/gitlabhq,stars,terminal-table,3.0.2,gem
gitlabhq/gitlabhq,stars,unicode-emoji,4.0.4,gem
gitlabhq/gitlabhq,stars,sd_notify,0.1.1,gem
gitlabhq/gitlabhq,stars,rack,2.2.23,gem
gitlabhq/gitlabhq,stars,opentelemetry-instrumentation-dalli,0.30.0,gem
gitlabhq/gitlabhq,stars,rspec-mocks,3.13.7,gem
gitlabhq/gitlabhq,stars,rack-proxy,0.7.7,gem
gitlabhq/gitlabhq,stars,faraday-follow_redirects,0.5.0,gem
gitlabhq/gitlabhq,stars,omniauth-oauth2,1.9.0,gem
gitlabhq/gitlabhq,stars,parser,3.3.8.0,gem
gitlabhq/gitlabhq,stars,pg,1.6.3,gem
gitlabhq/gitlabhq,stars,elasticsearch-rails,7.2.1,gem
gitlabhq/gitlabhq,stars,webauthn,3.4.3,gem
gitlabhq/gitlabhq,stars,rest-client,2.1.0,gem
gitlabhq/gitlabhq,stars,zeitwerk,2.7.3,gem
gitlabhq/gitlabhq,stars,version_gem,1.1.15,gem
gitlabhq/gitlabhq,stars,devise-two-factor,6.4.0,gem
gitlabhq/gitlabhq,stars,jira-ruby,3.2.0,gem
gitlabhq/gitlabhq,stars,rspec-expectations,3.13.5,gem
gitlabhq/gitlabhq,stars,public_suffix,5.0.3,gem
gitlabhq/gitlabhq,stars,carrierwave,1.3.4,gem
gitlabhq/gitlabhq,stars,opentelemetry-instrumentation-sinatra,0.28.0,gem
gitlabhq/gitlabhq,stars,rbtrace,0.5.5,gem
gitlabhq/gitlabhq,stars,opentelemetry-instrumentation-redis,0.29.0,gem
gitlabhq/gitlabhq,stars,regexp_parser,2.9.2,gem
gitlabhq/gitlabhq,stars,rouge,4.7.0,gem
gitlabhq/gitlabhq,stars,mize,0.6.1,gem
gitlabhq/gitlabhq,stars,valid_email,0.1.3,gem
gitlabhq/gitlabhq,stars,activesupport,7.2.3.1,gem
gitlabhq/gitlabhq,stars,test_file_finder,0.3.1,gem
gitlabhq/gitlabhq,stars,json,2.18.0,gem
gitlabhq/gitlabhq,stars,rspec-expectations,3.10.2,gem
gitlabhq/gitlabhq,stars,icalendar,2.12.4,gem
gitlabhq/gitlabhq,stars,responders,3.0.1,gem
gitlabhq/gitlabhq,stars,attr_required,1.0.2,gem
gitlabhq/gitlabhq,stars,zstd-ruby,2.0.8,gem
gitlabhq/gitlabhq,stars,elasticsearch-transport,7.17.11,gem
gitlabhq/gitlabhq,stars,json,2.21.2,gem
gitlabhq/gitlabhq,stars,parser,3.3.10.2,gem
gitlabhq/gitlabhq,stars,rdoc,8.0.0,gem
gitlabhq/gitlabhq,stars,mime-types-data,3.2024.0604,gem
gitlabhq/gitlabhq,stars,kaminari-core,1.2.2,gem
gitlabhq/gitlabhq,stars,sentry-sidekiq,5.23.0,gem
gitlabhq/gitlabhq,stars,ohai,19.1.40,gem
gitlabhq/gitlabhq,stars,aws-eventstream,1.3.0,gem
gitlabhq/gitlabhq,stars,gitlab-crystalball,1.1.3,gem
gitlabhq/gitlabhq,stars,rubocop-factory_bot,2.26.1,gem
gitlabhq/gitlabhq,stars,google-protobuf,3.25.4,gem
gitlabhq/gitlabhq,stars,i18n,1.14.7,gem
gitlabhq/gitlabhq,stars,google-cloud-storage_transfer-v1,0.8.0,gem
gitlabhq/gitlabhq,stars,irb,1.17.0,gem
gitlabhq/gitlabhq,stars,google-apis-monitoring_v3,0.64.0,gem
gitlabhq/gitlabhq,stars,opentelemetry-instrumentation-rails,0.39.1,gem
gitlabhq/gitlabhq,stars,elasticsearch-api,7.17.11,gem
gitlabhq/gitlabhq,stars,tanuki_emoji,0.13.0,gem
gitlabhq/gitlabhq,stars,rspec-parameterized-table_syntax,1.0.0,gem
gitlabhq/gitlabhq,stars,rack,3.2.5,gem
gitlabhq/gitlabhq,stars,tty-reader,0.9.0,gem
gitlabhq/gitlabhq,stars,crack,1.0.1,gem
gitlabhq/gitlabhq,stars,rubocop-ast,1.49.0,gem
gitlabhq/gitlabhq,stars,opentelemetry-instrumentation-koala,0.23.0,gem
gitlabhq/gitlabhq,stars,unicode-display_width,2.5.0,gem
gitlabhq/gitlabhq,stars,io-console,0.8.1,gem
gitlabhq/gitlabhq,stars,msgpack,1.8.4,gem
gitlabhq/gitlabhq,stars,prism,1.9.0,gem
gitlabhq/gitlabhq,stars,erb,6.0.3,gem
gitlabhq/gitlabhq,stars,securerandom,0.4.1,gem
gitlabhq/gitlabhq,stars,openssl,3.3.3,gem
gitlabhq/gitlabhq,stars,i18n,1.14.1,gem
gitlabhq/gitlabhq,stars,activesupport,7.2.2.1,gem
gitlabhq/gitlabhq,stars,rake,13.3.0,gem
gitlabhq/gitlabhq,stars,logger,1.6.6,gem
gitlabhq/gitlabhq,stars,factory_bot,6.4.6,gem
gitlabhq/gitlabhq,stars,dotenv,2.7.6,gem
gitlabhq/gitlabhq,stars,invisible_captcha,2.3.0,gem
gitlabhq/gitlabhq,stars,gitlab-security_report_schemas,0.2.1.min15.0.0.max15.2.4,gem
gitlabhq/gitlabhq,stars,rspec-rails,6.0.4,gem
gitlabhq/gitlabhq,stars,google-apis-iamcredentials_v1,0.26.0,gem
gitlabhq/gitlabhq,stars,actionpack,8.0.2,gem
gitlabhq/gitlabhq,stars,gitlab-dangerfiles,4.12.0,gem
gitlabhq/gitlabhq,stars,stringio,3.1.2,gem
gitlabhq/gitlabhq,stars,bigdecimal,3.2.2,gem
gitlabhq/gitlabhq,stars,rspec-parameterized-core,2.0.1,gem
gitlabhq/gitlabhq,stars,drb,2.2.1,gem
gitlabhq/gitlabhq,stars,digest-crc,0.6.5,gem
gitlabhq/gitlabhq,stars,google-cloud-location,0.6.0,gem
gitlabhq/gitlabhq,stars,rspec,3.13.0,gem
gitlabhq/gitlabhq,stars,gitlab-styles,13.0.1,gem
gitlabhq/gitlabhq,stars,claide-plugins,0.9.2,gem
gitlabhq/gitlabhq,stars,temple,0.8.2,gem
gitlabhq/gitlabhq,stars,tins,1.31.1,gem
gitlabhq/gitlabhq,stars,net-http,0.6.0,gem
gitlabhq/gitlabhq,stars,gitlab-glaz,1.1.0,gem
gitlabhq/gitlabhq,stars,gitlab-labkit,5.0.0,gem
gitlabhq/gitlabhq,stars,opentelemetry-instrumentation-http_client,0.29.0,gem
gitlabhq/gitlabhq,stars,opentelemetry-instrumentation-trilogy,0.69.0,gem
gitlabhq/gitlabhq,stars,backport,1.2.0,gem
gitlabhq/gitlabhq,stars,activestorage,7.2.3.1,gem
gitlabhq/gitlabhq,stars,grape-entity,1.1.0,gem
gitlabhq/gitlabhq,stars,parser,3.3.12.0,gem
gitlabhq/gitlabhq,stars,opentelemetry-instrumentation-resque,0.9.0,gem
gitlabhq/gitlabhq,stars,gitlab_quality-test_tooling,3.21.4,gem
gitlabhq/gitlabhq,stars,rspec-expectations,3.13.2,gem
gitlabhq/gitlabhq,stars,aws-partitions,1.1099.0,gem
gitlabhq/gitlabhq,stars,actionview,7.2.3.1,gem
gitlabhq/gitlabhq,stars,allure-rspec,2.28.0,gem
gitlabhq/gitlabhq,stars,actionmailer,7.2.3.1,gem
gitlabhq/gitlabhq,stars,opentelemetry-instrumentation-faraday,0.30.1,gem
gitlabhq/gitlabhq,stars,diff-lcs,1.5.0,gem
gitlabhq/gitlabhq,stars,mini_portile2,2.8.2,gem
gitlabhq/gitlabhq,stars,safe_yaml,1.0.4,gem
gitlabhq/gitlabhq,stars,erubi,1.13.0,gem
gitlabhq/gitlabhq,stars,grpc,1.75.0,gem
gitlabhq/gitlabhq,stars,google-apis-core,1.0.2,gem
gitlabhq/gitlabhq,stars,psych,5.2.4,gem
gitlabhq/gitlabhq,stars,lookbook,2.3.15,gem
gitlabhq/gitlabhq,stars,opentelemetry-common,0.25.0,gem
gitlabhq/gitlabhq,stars,unparser,0.6.8,gem
gitlabhq/gitlabhq,stars,rack-test,2.1.0,gem
gitlabhq/gitlabhq,stars,google-apis-iam_v1,0.79.0,gem
gitlabhq/gitlabhq,stars,activesupport,8.1.3.1,gem
gitlabhq/gitlabhq,stars,redis-client,0.24.0,gem
gitlabhq/gitlabhq,stars,tins,1.38.0,gem
gitlabhq/gitlabhq,stars,pact,1.64.0,gem
gitlabhq/gitlabhq,stars,singleton,0.3.0,gem
gitlabhq/gitlabhq,stars,sentry-rails,5.23.0,gem
gitlabhq/gitlabhq,stars,memory_profiler,1.1.0,gem
gitlabhq/gitlabhq,stars,actionpack,7.2.2.1,gem
gitlabhq/gitlabhq,stars,mime-types,3.5.2,gem
gitlabhq/gitlabhq,stars,libyajl2,2.1.0,gem
gitlabhq/gitlabhq,stars,rubocop-performance,1.23.1,gem
gitlabhq/gitlabhq,stars,opentelemetry-instrumentation-delayed_job,0.26.0,gem
gitlabhq/gitlabhq,stars,google-apis-sqladmin_v1beta4,0.94.0,gem
gitlabhq/gitlabhq,stars,google-apis-compute_v1,0.101.0,gem
gitlabhq/gitlabhq,stars,selenium-webdriver,4.42.0,gem
gitlabhq/gitlabhq,stars,view_component,4.12.0,gem
gitlabhq/gitlabhq,stars,axe-core-api,4.12.0,gem
gitlabhq/gitlabhq,stars,opentelemetry-instrumentation-action_view,0.13.0,gem
gitlabhq/gitlabhq,stars,reverse_markdown,3.0.0,gem
gitlabhq/gitlabhq,stars,gdk-toogle,1.0.2,gem
gitlabhq/gitlabhq,stars,rspec-mocks,3.12.6,gem
gitlabhq/gitlabhq,stars,gitlab-styles,11.0.0,gem
gitlabhq/gitlabhq,stars,regexp_parser,2.8.2,gem
gitlabhq/gitlabhq,stars,require_all,3.0.0,gem
gitlabhq/gitlabhq,stars,rspec-expectations,3.13.0,gem
gitlabhq/gitlabhq,stars,opentelemetry-sdk,1.11.0,gem
gitlabhq/gitlabhq,stars,declarative,0.0.20,gem
gitlabhq/gitlabhq,stars,net-http-persistent,4.0.5,gem
gitlabhq/gitlabhq,stars,google-apis-storage_v1,0.58.0,gem
gitlabhq/gitlabhq,stars,faraday-follow_redirects,0.4.0,gem
gitlabhq/gitlabhq,stars,minitest,5.25.5,gem
gitlabhq/gitlabhq,stars,email_validator,2.2.4,gem
gitlabhq/gitlabhq,stars,googleauth,1.16.0,gem
gitlabhq/gitlabhq,stars,rbs,4.0.3,gem
gitlabhq/gitlabhq,stars,typhoeus,1.5.0,gem
gitlabhq/gitlabhq,stars,opentelemetry-instrumentation-mongo,0.25.1,gem
gitlabhq/gitlabhq,stars,tty-cursor,0.7.1,gem
gitlabhq/gitlabhq,stars,bigdecimal,4.0.1,gem
gitlabhq/gitlabhq,stars,rdoc,6.10.0,gem
gitlabhq/gitlabhq,stars,factory_bot,6.2.0,gem
gitlabhq/gitlabhq,stars,puma,8.0.2,gem
gitlabhq/gitlabhq,stars,shoulda-matchers,6.4.0,gem
gitlabhq/gitlabhq,stars,ruby2_keywords,0.0.5,gem
gitlabhq/gitlabhq,stars,chef-config,18.3.0,gem
gitlabhq/gitlabhq,stars,pry,0.16.0,gem
gitlabhq/gitlabhq,stars,unicode-display_width,2.6.0,gem
gitlabhq/gitlabhq,stars,gitlab,6.1.0,gem
gitlabhq/gitlabhq,stars,docile,1.4.0,gem
gitlabhq/gitlabhq,stars,opentelemetry-instrumentation-aws_lambda,0.6.0,gem
gitlabhq/gitlabhq,stars,awesome_print,1.9.2,gem
gitlabhq/gitlabhq,stars,rack-session,2.1.1,gem
gitlabhq/gitlabhq,stars,public_suffix,5.0.1,gem
gitlabhq/gitlabhq,stars,diff-lcs,1.5.1,gem
gitlabhq/gitlabhq,stars,rails-dom-testing,2.2.0,gem
gitlabhq/gitlabhq,stars,junit_merge,0.1.2,gem
gitlabhq/gitlabhq,stars,reline,0.6.3,gem
gitlabhq/gitlabhq,stars,dry-types,1.8.3,gem
gitlabhq/gitlabhq,stars,base32,0.3.4,gem
gitlabhq/gitlabhq,stars,redis-rack,3.0.0,gem
gitlabhq/gitlabhq,stars,prometheus-client-mmap,1.6.1,gem
gitlabhq/gitlabhq,stars,google-cloud-env,2.2.1,gem
gitlabhq/gitlabhq,stars,rails-html-sanitizer,1.7.0,gem
gitlabhq/gitlabhq,stars,oj,3.17.3,gem
gitlabhq/gitlabhq,stars,opentelemetry-helpers-sql-processor,0.5.0,gem
gitlabhq/gitlabhq,stars,lefthook,1.13.6,gem
gitlabhq/gitlabhq,stars,opentelemetry-instrumentation-ethon,0.29.0,gem
gitlabhq/gitlabhq,stars,rubocop,1.71.1,gem
gitlabhq/gitlabhq,stars,timeout,0.6.0,gem
gitlabhq/gitlabhq,stars,irb,1.15.2,gem
gitlabhq/gitlabhq,stars,aws-sdk-sesv2,1.102.0,gem
gitlabhq/gitlabhq,stars,yard-activesupport-concern,0.0.1,gem
gitlabhq/gitlabhq,stars,rouge,5.1.0,gem
gitlabhq/gitlabhq,stars,google-apis-dns_v1,0.36.0,gem
gitlabhq/gitlabhq,stars,opentelemetry-api,1.10.0,gem
gitlabhq/gitlabhq,stars,actionpack,7.2.3,gem
gitlabhq/gitlabhq,stars,prism,1.6.0,gem
gitlabhq/gitlabhq,stars,faker,3.8.0,gem
gitlabhq/gitlabhq,stars,net-http2,0.19.0,gem
gitlabhq/gitlabhq,stars,tty-markdown-meinac,0.7.2,gem
gitlabhq/gitlabhq,stars,regexp_parser,2.8.1,gem
gitlabhq/gitlabhq,stars,webmock,3.26.2,gem
gitlabhq/gitlabhq,stars,rubocop-rails,2.26.2,gem
gitlabhq/gitlabhq,stars,kramdown,2.5.2,gem
gitlabhq/gitlabhq,stars,apollo_upload_server,2.1.8,gem
gitlabhq/gitlabhq,stars,simpleidn,0.2.3,gem
gitlabhq/gitlabhq,stars,i18n_data,0.13.1,gem
gitlabhq/gitlabhq,stars,rexml,3.3.9,gem
gitlabhq/gitlabhq,stars,rouge,4.5.2,gem
gitlabhq/gitlabhq,stars,android_key_attestation,0.3.0,gem
gitlabhq/gitlabhq,stars,omniauth-github,2.0.1,gem
gitlabhq/gitlabhq,stars,builder,3.3.0,gem
gitlabhq/gitlabhq,stars,lint_roller,1.1.0,gem
gitlabhq/gitlabhq,stars,sprockets-rails,3.5.2,gem
gitlabhq/gitlabhq,stars,public_suffix,5.0.0,gem
gitlabhq/gitlabhq,stars,bigdecimal,4.1.1,gem
gitlabhq/gitlabhq,stars,gitlab_quality-test_tooling,3.13.0,gem
gitlabhq/gitlabhq,stars,js-routes,2.3.7,gem
gitlabhq/gitlabhq,stars,oauth2,2.0.25,gem
gitlabhq/gitlabhq,stars,opentelemetry-instrumentation-pg,0.36.0,gem
gitlabhq/gitlabhq,stars,faraday-net_http,3.3.0,gem
gitlabhq/gitlabhq,stars,addressable,2.8.8,gem
gitlabhq/gitlabhq,stars,mixlib-log,3.2.3,gem
gitlabhq/gitlabhq,stars,faraday_middleware-aws-sigv4,1.0.1,gem
gitlabhq/gitlabhq,stars,graphql,2.6.3,gem
gitlabhq/gitlabhq,stars,minitest,6.0.4,gem
gitlabhq/gitlabhq,stars,rubocop-rails,2.20.0,gem
gitlabhq/gitlabhq,stars,sidekiq-cron,2.3.1,gem
gitlabhq/gitlabhq,stars,rubocop-rspec_rails,2.30.0,gem
gitlabhq/gitlabhq,stars,rails,7.2.3.1,gem
gitlabhq/gitlabhq,stars,rack-session,1.0.2,gem
gitlabhq/gitlabhq,stars,unf,0.1.4,gem
gitlabhq/gitlabhq,stars,opentelemetry-instrumentation-rdkafka,0.10.0,gem
gitlabhq/gitlabhq,stars,json,2.20.0,gem
gitlabhq/gitlabhq,stars,resolv,0.7.1,gem
gitlabhq/gitlabhq,stars,opentelemetry-instrumentation-httpx,0.5.1,gem
gitlabhq/gitlabhq,stars,opentelemetry-instrumentation-http,0.30.0,gem
gitlabhq/gitlabhq,stars,haml,5.2.2,gem
gitlabhq/gitlabhq,stars,mutex_m,0.3.0,gem
gitlabhq/gitlabhq,stars,public_suffix,6.0.1,gem
gitlabhq/gitlabhq,stars,gitlab-net-dns,0.15.0,gem
gitlabhq/gitlabhq,stars,character_set,1.8.0,gem
gitlabhq/gitlabhq,stars,rspec-core,3.12.2,gem
gitlabhq/gitlabhq,stars,parallel,1.27.0,gem
gitlabhq/gitlabhq,stars,actionview,7.2.3,gem
gitlabhq/gitlabhq,stars,rouge,4.3.0,gem
gitlabhq/gitlabhq,stars,rubocop-rails,2.22.2,gem
gitlabhq/gitlabhq,stars,zeitwerk,2.7.2,gem
gitlabhq/gitlabhq,stars,gitlab-experiment,2.0.0,gem
gitlabhq/gitlabhq,stars,no_proxy_fix,0.1.2,gem
gitlabhq/gitlabhq,stars,cose,1.3.1,gem
gitlabhq/gitlabhq,stars,diffy,3.4.2,gem
gitlabhq/gitlabhq,stars,zeitwerk,2.6.8,gem
gitlabhq/gitlabhq,stars,multi_json,1.15.0,gem
gitlabhq/gitlabhq,stars,google-apis-iamcredentials_v1,0.21.0,gem
gitlabhq/gitlabhq,stars,opentelemetry-instrumentation-mysql2,0.32.1,gem
gitlabhq/gitlabhq,stars,excon,1.3.0,gem
gitlabhq/gitlabhq,stars,dumb_delegator,1.0.0,gem
gitlabhq/gitlabhq,stars,email_reply_trimmer,0.4.0,gem
gitlabhq/gitlabhq,stars,opentelemetry-instrumentation-dalli,0.29.2,gem
gitlabhq/gitlabhq,stars,opentelemetry-instrumentation-all,0.94.0,gem
gitlabhq/gitlabhq,stars,nokogiri,1.18.9,gem
gitlabhq/gitlabhq,stars,rubocop-rails,2.20.2,gem
gitlabhq/gitlabhq,stars,diff-lcs,1.6.0,gem
gitlabhq/gitlabhq,stars,loofah,2.25.0,gem
gitlabhq/gitlabhq,stars,pry-shell,0.7.0,gem
gitlabhq/gitlabhq,stars,opentelemetry-semantic_conventions,1.41.0,gem
gitlabhq/gitlabhq,stars,rack,3.2.6,gem
gitlabhq/gitlabhq,stars,benchmark,0.4.1,gem
gitlabhq/gitlabhq,stars,yard-solargraph,0.1.0,gem
gitlabhq/gitlabhq,stars,expgen,0.1.1,gem
gitlabhq/gitlabhq,stars,nats-pure,2.5.0,gem
gitlabhq/gitlabhq,stars,fog-core,2.6.0,gem
gitlabhq/gitlabhq,stars,premailer,1.23.0,gem
gitlabhq/gitlabhq,stars,gitlab-styles,14.0.0,gem
gitlabhq/gitlabhq,stars,ruby-progressbar,1.11.0,gem
gitlabhq/gitlabhq,stars,zeitwerk,2.8.3,gem
gitlabhq/gitlabhq,stars,sorbet-runtime,0.6.12984,gem
gitlabhq/gitlabhq,stars,device_detector,1.1.3,gem
gitlabhq/gitlabhq,stars,google-cloud-env,2.3.1,gem
gitlabhq/gitlabhq,stars,public_suffix,7.0.0,gem
gitlabhq/gitlabhq,stars,railties,8.0.2,gem
gitlabhq/gitlabhq,stars,gon,6.6.0,gem
gitlabhq/gitlabhq,stars,opentelemetry-instrumentation-restclient,0.26.0,gem
gitlabhq/gitlabhq,stars,formatador,0.2.5,gem
gitlabhq/gitlabhq,stars,telesign,2.4.0,gem
gitlabhq/gitlabhq,stars,regexp_property_values,1.0.0,gem
gitlabhq/gitlabhq,stars,drb,2.2.3,gem
gitlabhq/gitlabhq,stars,aes_key_wrap,1.1.0,gem
gitlabhq/gitlabhq,stars,opentelemetry-instrumentation-restclient,0.28.0,gem
gitlabhq/gitlabhq,stars,async,2.44.1,gem
gitlabhq/gitlabhq,stars,opentelemetry-instrumentation-rack,0.31.1,gem
gitlabhq/gitlabhq,stars,rdoc,7.0.3,gem
gitlabhq/gitlabhq,stars,rubocop-capybara,2.19.0,gem
gitlabhq/gitlabhq,stars,factory_bot,6.5.1,gem
gitlabhq/gitlabhq,stars,nokogiri,1.19.4,gem
gitlabhq/gitlabhq,stars,faraday-http-cache,2.5.0,gem
gitlabhq/gitlabhq,stars,opentelemetry-instrumentation-active_support,0.12.0,gem
gitlabhq/gitlabhq,stars,hashie,5.1.0,gem
gitlabhq/gitlabhq,stars,psych,5.2.2,gem
gitlabhq/gitlabhq,stars,llhttp-ffi,0.4.0,gem
gitlabhq/gitlabhq,stars,wmi-lite,1.0.7,gem
gitlabhq/gitlabhq,stars,domain_name,0.5.20190701,gem
gitlabhq/gitlabhq,stars,expression_parser,0.9.0,gem
gitlabhq/gitlabhq,stars,opentelemetry-instrumentation-graphql,0.32.0,gem
gitlabhq/gitlabhq,stars,rubocop,1.50.2,gem
gitlabhq/gitlabhq,stars,unicode-display_width,3.1.4,gem
gitlabhq/gitlabhq,stars,redis-client,0.30.1,gem
gitlabhq/gitlabhq,stars,capybara,3.40.0,gem
gitlabhq/gitlabhq,stars,declarative_policy,2.1.0,gem
gitlabhq/gitlabhq,stars,opentelemetry-registry,0.6.0,gem
gitlabhq/gitlabhq,stars,json,2.7.1,gem
gitlabhq/gitlabhq,stars,google-apis-dns_v1,0.49.0,gem
gitlabhq/gitlabhq,stars,google-cloud-errors,1.4.0,gem
gitlabhq/gitlabhq,stars,fog-xml,0.1.5,gem
gitlabhq/gitlabhq,stars,ed25519,1.4.0,gem
gitlabhq/gitlabhq,stars,opentelemetry-instrumentation-grpc,0.4.1,gem
gitlabhq/gitlabhq,stars,opentelemetry-instrumentation-active_storage,0.5.1,gem
gitlabhq/gitlabhq,stars,rubocop-rspec,2.27.1,gem
gitlabhq/gitlabhq,stars,activesupport,7.2.3.2,gem
gitlabhq/gitlabhq,stars,tty-prompt,0.23.1,gem
gitlabhq/gitlabhq,stars,bootsnap,1.26.0,gem
gitlabhq/gitlabhq,stars,factory_bot,6.2.1,gem
gitlabhq/gitlabhq,stars,grpc_reflection,0.2.0,gem
gitlabhq/gitlabhq,stars,railties,7.2.3,gem
gitlabhq/gitlabhq,stars,rspec-mocks,3.13.0,gem
gitlabhq/gitlabhq,stars,execjs,2.8.1,gem
gitlabhq/gitlabhq,stars,request_store,1.7.0,gem
gitlabhq/gitlabhq,stars,google-apis-sqladmin_v1beta4,0.41.0,gem
gitlabhq/gitlabhq,stars,cronex,0.15.0,gem
gitlabhq/gitlabhq,stars,notiffany,0.1.3,gem
gitlabhq/gitlabhq,stars,acme-client,2.0.34,gem
gitlabhq/gitlabhq,stars,ttfunk,1.8.0,gem
gitlabhq/gitlabhq,stars,signet,0.21.0,gem
gitlabhq/gitlabhq,stars,i18n,1.15.2,gem
gitlabhq/gitlabhq,stars,parser,3.3.3.0,gem
gitlabhq/gitlabhq,stars,opentelemetry-instrumentation-net_http,0.26.1,gem
gitlabhq/gitlabhq,stars,hashdiff,1.2.1,gem
gitlabhq/gitlabhq,stars,warden,1.2.9,gem
gitlabhq/gitlabhq,stars,concurrent-ruby,1.3.8,gem
gitlabhq/gitlabhq,stars,thrift,0.23.0,gem
gitlabhq/gitlabhq,stars,tins,1.48.0,gem
gitlabhq/gitlabhq,stars,uri,0.13.1,gem
gitlabhq/gitlabhq,stars,rubocop-performance,1.19.1,gem
gitlabhq/gitlabhq,stars,net-smtp,0.5.1,gem
gitlabhq/gitlabhq,stars,ruby-lsp,0.26.9,gem
gitlabhq/gitlabhq,stars,jsonpath,1.1.2,gem
gitlabhq/gitlabhq,stars,cssbundling-rails,1.4.3,gem
gitlabhq/gitlabhq,stars,rspec-support,3.13.1,gem
gitlabhq/gitlabhq,stars,irb,1.14.3,gem
gitlabhq/gitlabhq,stars,faraday,2.11.0,gem
gitlabhq/gitlabhq,stars,license_finder,7.2.1,gem
gitlabhq/gitlabhq,stars,benchmark-malloc,0.2.0,gem
gitlabhq/gitlabhq,stars,opentelemetry-instrumentation-mongo,0.26.0,gem
gitlabhq/gitlabhq,stars,concurrent-ruby,1.3.7,gem
gitlabhq/gitlabhq,stars,http-2,1.2.1,gem
gitlabhq/gitlabhq,stars,typhoeus,1.4.1,gem
gitlabhq/gitlabhq,stars,rspec_profiling,0.0.9,gem
gitlabhq/gitlabhq,stars,net-ldap,0.20.0,gem
gitlabhq/gitlabhq,stars,websocket-extensions,0.1.5,gem
gitlabhq/gitlabhq,stars,httpclient,2.9.0,gem
gitlabhq/gitlabhq,stars,globalid,1.3.0,gem
gitlabhq/gitlabhq,stars,thor,1.2.2,gem
gitlabhq/gitlabhq,stars,mini_magick,4.13.2,gem
gitlabhq/gitlabhq,stars,resolv-replace,0.2.0,gem
gitlabhq/gitlabhq,stars,gitlab-styles,13.1.0,gem
gitlabhq/gitlabhq,stars,google-cloud-core,1.7.1,gem
gitlabhq/gitlabhq,stars,gettext_i18n_rails,1.13.0,gem
gitlabhq/gitlabhq,stars,gitlab-cloud-connector,1.53.0,gem
gitlabhq/gitlabhq,stars,prettyprint,0.2.0,gem
gitlabhq/gitlabhq,stars,seed-fu,2.3.9,gem
gitlabhq/gitlabhq,stars,bigdecimal,4.1.2,gem
gitlabhq/gitlabhq,stars,mixlib-shellout,3.3.9,gem
gitlabhq/gitlabhq,stars,google-apis-serviceusage_v1,0.28.0,gem
gitlabhq/gitlabhq,stars,pg_query,6.2.2,gem
gitlabhq/gitlabhq,stars,rubocop-rails,2.29.1,gem
gitlabhq/gitlabhq,stars,amatch,0.4.2,gem
gitlabhq/gitlabhq,stars,simplecov-cobertura,3.1.0,gem
gitlabhq/gitlabhq,stars,opentelemetry-instrumentation-rack,0.29.0,gem
gitlabhq/gitlabhq,stars,kaminari-activerecord,1.2.2,gem
gitlabhq/gitlabhq,stars,atlassian-jwt,0.2.1,gem
gitlabhq/gitlabhq,stars,kaminari,1.2.2,gem
gitlabhq/gitlabhq,stars,pg_query,6.1.0,gem
gitlabhq/gitlabhq,stars,rspec-parameterized-table_syntax,1.0.1,gem
gitlabhq/gitlabhq,stars,google-apis-container_v1,0.100.0,gem
gitlabhq/gitlabhq,stars,webrick,1.9.2,gem
gitlabhq/gitlabhq,stars,rack-protection,2.2.2,gem
gitlabhq/gitlabhq,stars,pry,0.14.2,gem
gitlabhq/gitlabhq,stars,securerandom,0.3.2,gem
gitlabhq/gitlabhq,stars,ruby-debug-ide,0.7.5,gem
gitlabhq/gitlabhq,stars,binding_of_caller,1.0.0,gem
gitlabhq/gitlabhq,stars,prometheus-client-mmap,1.6.0,gem
gitlabhq/gitlabhq,stars,nokogiri,1.19.3,gem
gitlabhq/gitlabhq,stars,unparser,0.9.0,gem
gitlabhq/gitlabhq,stars,public_suffix,6.0.0,gem
gitlabhq/gitlabhq,stars,allure-ruby-commons,2.28.0,gem
gitlabhq/gitlabhq,stars,gettext,3.5.2,gem
gitlabhq/gitlabhq,stars,addressable,2.8.1,gem
gitlabhq/gitlabhq,stars,webmock,3.18.1,gem
gitlabhq/gitlabhq,stars,rack-timeout,0.7.0,gem
gitlabhq/gitlabhq,stars,database_cleaner-core,2.0.1,gem
gitlabhq/gitlabhq,stars,rb-inotify,0.10.1,gem
gitlabhq/gitlabhq,stars,opentelemetry-instrumentation-base,0.26.1,gem
gitlabhq/gitlabhq,stars,apnotic,1.8.0,gem
gitlabhq/gitlabhq,stars,gitlab-sdk,0.3.1,gem
gitlabhq/gitlabhq,stars,gvltools,0.4.0,gem
gitlabhq/gitlabhq,stars,rspec-benchmark,0.6.0,gem
gitlabhq/gitlabhq,stars,jaro_winkler,1.6.1,gem
gitlabhq/gitlabhq,stars,activesupport,8.0.1,gem
gitlabhq/gitlabhq,stars,builder,3.2.4,gem
gitlabhq/gitlabhq,stars,asciidoctor-kroki,0.10.0,gem
gitlabhq/gitlabhq,stars,opentelemetry-instrumentation-http,0.27.1,gem
gitlabhq/gitlabhq,stars,launchy,2.5.2,gem
gitlabhq/gitlabhq,stars,rspec-rails,6.0.1,gem
gitlabhq/gitlabhq,stars,ostruct,0.6.3,gem
gitlabhq/gitlabhq,stars,regexp_parser,2.11.3,gem
gitlabhq/gitlabhq,stars,hashdiff,1.0.1,gem
gitlabhq/gitlabhq,stars,simplecov,1.1.1,gem
gitlabhq/gitlabhq,stars,asciidoctor,2.0.26,gem
gitlabhq/gitlabhq,stars,devfile,0.5.4,gem
gitlabhq/gitlabhq,stars,httparty,0.24.2,gem
gitlabhq/gitlabhq,stars,gpgme,2.0.26,gem
gitlabhq/gitlabhq,stars,shellany,0.0.1,gem
gitlabhq/gitlabhq,stars,activemodel,7.2.3,gem
gitlabhq/gitlabhq,stars,unparser,0.6.15,gem
gitlabhq/gitlabhq,stars,kramdown-parser-gfm,1.1.0,gem
gitlabhq/gitlabhq,stars,opentelemetry-instrumentation-active_model_serializers,0.24.0,gem
gitlabhq/gitlabhq,stars,gitlab_chronic_duration,0.12.0,gem
gitlabhq/gitlabhq,stars,json-jwt,1.16.6,gem
gitlabhq/gitlabhq,stars,openssl-signature_algorithm,1.3.0,gem
gitlabhq/gitlabhq,stars,rspec-rails,6.0.3,gem
gitlabhq/gitlabhq,stars,lockbox,1.4.1,gem
gitlabhq/gitlabhq,stars,coverband,6.2.2,gem
gitlabhq/gitlabhq,stars,rackup,2.3.1,gem
gitlabhq/gitlabhq,stars,rspec-core,3.10.2,gem
gitlabhq/gitlabhq,stars,minitest,5.11.3,gem
gitlabhq/gitlabhq,stars,truncato,0.7.13,gem
gitlabhq/gitlabhq,stars,rb-fsevent,0.11.2,gem
gitlabhq/gitlabhq,stars,benchmark-perf,0.6.0,gem
gitlabhq/gitlabhq,stars,mini_portile2,2.8.9,gem
gitlabhq/gitlabhq,stars,fog-aws,3.33.3,gem
gitlabhq/gitlabhq,stars,crack,0.4.5,gem
gitlabhq/gitlabhq,stars,rdoc,6.17.0,gem
gitlabhq/gitlabhq,stars,rspec-expectations,3.13.3,gem
gitlabhq/gitlabhq,stars,fiber-annotation,0.2.0,gem
gitlabhq/gitlabhq,stars,thor,1.5.0,gem
gitlabhq/gitlabhq,stars,jmespath,1.6.2,gem
gitlabhq/gitlabhq,stars,rspec-core,3.13.6,gem
gitlabhq/gitlabhq,stars,oj,3.16.10,gem
gitlabhq/gitlabhq,stars,crack,0.4.3,gem
gitlabhq/gitlabhq,stars,websocket-driver,0.8.2,gem
gitlabhq/gitlabhq,stars,jwt,3.2.0,gem
gitlabhq/gitlabhq,stars,mini_mime,1.1.2,gem
gitlabhq/gitlabhq,stars,faraday,2.13.1,gem
gitlabhq/gitlabhq,stars,faraday-multipart,1.2.0,gem
gitlabhq/gitlabhq,stars,hamlit,3.0.3,gem
gitlabhq/gitlabhq,stars,omniauth,2.1.4,gem
gitlabhq/gitlabhq,stars,opentelemetry-instrumentation-grape,0.7.0,gem
gitlabhq/gitlabhq,stars,parallel,1.22.1,gem
gitlabhq/gitlabhq,stars,minitest,5.19.0,gem
gitlabhq/gitlabhq,stars,pdf-core,0.10.0,gem
gitlabhq/gitlabhq,stars,google-cloud-storage,1.57.0,gem
gitlabhq/gitlabhq,stars,base64,0.2.0,gem
gitlabhq/gitlabhq,stars,websocket,1.2.10,gem
gitlabhq/gitlabhq,stars,benchmark-ips,2.15.1,gem
gitlabhq/gitlabhq,stars,plist,3.7.0,gem
gitlabhq/gitlabhq,stars,multi_xml,0.9.1,gem
gitlabhq/gitlabhq,stars,rails-html-sanitizer,1.6.1,gem
gitlabhq/gitlabhq,stars,drb,2.2.0,gem
gitlabhq/gitlabhq,stars,fast_blank,1.0.1,gem
gitlabhq/gitlabhq,stars,rails-controller-testing,1.0.5,gem
gitlabhq/gitlabhq,stars,actioncable,7.2.3.1,gem
gitlabhq/gitlabhq,stars,rubocop,1.67.0,gem
gitlabhq/gitlabhq,stars,bigdecimal,3.3.1,gem
gitlabhq/gitlabhq,stars,rotp,6.3.0,gem
gitlabhq/gitlabhq,stars,json,2.19.3,gem
gitlabhq/gitlabhq,stars,bigdecimal,3.1.4,gem
gitlabhq/gitlabhq,stars,deb_version,1.0.3,gem
gitlabhq/gitlabhq,stars,fiber-storage,0.1.2,gem
gitlabhq/gitlabhq,stars,pyu-ruby-sasl,0.0.3.3,gem
gitlabhq/gitlabhq,stars,nokogiri,1.18.10,gem
gitlabhq/gitlabhq,stars,regexp_parser,2.12.0,gem
gitlabhq/gitlabhq,stars,rspec-support,3.10.3,gem
gitlabhq/gitlabhq,stars,faraday-net_http,3.4.0,gem
gitlabhq/gitlabhq,stars,prawn-svg,0.37.0,gem
gitlabhq/gitlabhq,stars,faraday-net_http,3.1.0,gem
gitlabhq/gitlabhq,stars,google-cloud-errors,1.3.0,gem
gitlabhq/gitlabhq,stars,faraday-retry,2.4.0,gem
gitlabhq/gitlabhq,stars,rspec-support,3.13.7,gem
gitlabhq/gitlabhq,stars,net-imap,0.6.4,gem
gitlabhq/gitlabhq,stars,gitlab-styles,13.0.2,gem
gitlabhq/gitlabhq,stars,erb,6.0.1,gem
gitlabhq/gitlabhq,stars,diff-lcs,1.3,gem
gitlabhq/gitlabhq,stars,grpc-google-iam-v1,1.11.0,gem
gitlabhq/gitlabhq,stars,loofah,2.25.1,gem
gitlabhq/gitlabhq,stars,amazing_print,1.8.1,gem
gitlabhq/gitlabhq,stars,kaminari-actionview,1.2.2,gem
gitlabhq/gitlabhq,stars,parallel,1.28.0,gem
gitlabhq/gitlabhq,stars,click_house-client,0.12.0,gem
gitlabhq/gitlabhq,stars,zeitwerk,2.7.4,gem
gitlabhq/gitlabhq,stars,parallel,1.26.3,gem
gitlabhq/gitlabhq,stars,mini_portile2,2.8.8,gem
gitlabhq/gitlabhq,stars,redis,5.4.0,gem
gitlabhq/gitlabhq,stars,rails-i18n,7.0.10,gem
gitlabhq/gitlabhq,stars,mail,2.8.1,gem
gitlabhq/gitlabhq,stars,activemodel,7.2.3.2,gem
gitlabhq/gitlabhq,stars,rspec-core,3.13.0,gem
gitlabhq/gitlabhq,stars,retriable,3.1.2,gem
gitlabhq/gitlabhq,stars,gitlab_query_language,0.35.0,gem
gitlabhq/gitlabhq,stars,rinku,2.0.0,gem
gitlabhq/gitlabhq,stars,freezolite,0.6.0,gem
gitlabhq/gitlabhq,stars,httparty,0.22.0,gem
gitlabhq/gitlabhq,stars,fog-google,1.26.0,gem
gitlabhq/gitlabhq,stars,stringio,3.1.7,gem
gitlabhq/gitlabhq,stars,opentelemetry-semantic_conventions,1.37.0,gem
gitlabhq/gitlabhq,stars,parallel,1.23.0,gem
gitlabhq/gitlabhq,stars,rails-html-sanitizer,1.6.2,gem
gitlabhq/gitlabhq,stars,net-http,0.4.1,gem
gitlabhq/gitlabhq,stars,lograge,0.11.2,gem
gitlabhq/gitlabhq,stars,grape-path-helpers,2.1.0,gem
gitlabhq/gitlabhq,stars,byebug,12.0.0,gem
gitlabhq/gitlabhq,stars,faraday-typhoeus,1.1.0,gem
gitlabhq/gitlabhq,stars,rubocop-ast,1.46.0,gem
gitlabhq/gitlabhq,stars,net-ntp,2.1.3,gem
gitlabhq/gitlabhq,stars,state_machines-rspec,0.6.0,gem
gitlabhq/gitlabhq,stars,rails-dom-testing,2.3.0,gem
gitlabhq/gitlabhq,stars,omniauth_openid_connect,0.8.0,gem
gitlabhq/gitlabhq,stars,devise,4.9.4,gem
gitlabhq/gitlabhq,stars,cgi,0.5.0,gem
gitlabhq/gitlabhq,stars,unparser,0.6.5,gem
gitlabhq/gitlabhq,stars,doorkeeper,5.9.0,gem
gitlabhq/gitlabhq,stars,yard,0.9.44,gem
gitlabhq/gitlabhq,stars,flipper-active_support_cache_store,1.3.6,gem
gitlabhq/gitlabhq,stars,forwardable,1.3.3,gem
gitlabhq/gitlabhq,stars,net-http,0.9.1,gem
gitlabhq/gitlabhq,stars,email_spec,2.3.0,gem
gitlabhq/gitlabhq,stars,opentelemetry-instrumentation-active_support,0.11.0,gem
gitlabhq/gitlabhq,stars,ruby-magic,0.6.0,gem
gitlabhq/gitlabhq,stars,oauth2,2.0.24,gem
gitlabhq/gitlabhq,stars,activemodel,7.2.2.1,gem
gitlabhq/gitlabhq,stars,loofah,2.23.1,gem
gitlabhq/gitlabhq,stars,selenium-webdriver,4.48.0,gem
gitlabhq/gitlabhq,stars,anonymous_loader,0.1.3,gem
gitlabhq/gitlabhq,stars,opentelemetry-instrumentation-active_job,0.11.0,gem
gitlabhq/gitlabhq,stars,rackup,1.0.1,gem
gitlabhq/gitlabhq,stars,aws-sdk-ses,1.101.0,gem
gitlabhq/gitlabhq,stars,logger,1.6.1,gem
gitlabhq/gitlabhq,stars,bullet,8.0.8,gem
gitlabhq/gitlabhq,stars,opentelemetry-exporter-otlp,0.34.0,gem
gitlabhq/gitlabhq,stars,json,2.18.1,gem
gitlabhq/gitlabhq,stars,cgi,0.5.2,gem
gitlabhq/gitlabhq,stars,concurrent-ruby,1.3.5,gem
gitlabhq/gitlabhq,stars,debug_inspector,1.2.0,gem
gitlabhq/gitlabhq,stars,opentelemetry-instrumentation-action_pack,0.17.0,gem
gitlabhq/gitlabhq,stars,require-hooks,0.2.3,gem
gitlabhq/gitlabhq,stars,graphql-docs,5.2.0,gem
gitlabhq/gitlabhq,stars,opentelemetry-instrumentation-sidekiq,0.29.0,gem
gitlabhq/gitlabhq,stars,regexp_parser,2.8.3,gem
gitlabhq/gitlabhq,stars,jwt,2.8.2,gem
gitlabhq/gitlabhq,stars,tilt,2.0.11,gem
gitlabhq/gitlabhq,stars,pact-support,1.20.0,gem
gitlabhq/gitlabhq,stars,opentelemetry-instrumentation-racecar,0.7.0,gem
gitlabhq/gitlabhq,stars,base64,0.3.0,gem
gitlabhq/gitlabhq,stars,i18n,1.12.0,gem
gitlabhq/gitlabhq,stars,binding_of_caller,2.0.0,gem
gitlabhq/gitlabhq,stars,binding_of_caller,1.0.1,gem
gitlabhq/gitlabhq,stars,google-apis-storage_v1,0.40.0,gem
gitlabhq/gitlabhq,stars,unicode_utils,1.4.0,gem
gitlabhq/gitlabhq,stars,gitlab-kas-grpc,19.4.0.pre.rc1,gem
gitlabhq/gitlabhq,stars,faraday-retry,2.2.1,gem
gitlabhq/gitlabhq,stars,diff-lcs,1.6.1,gem
gitlabhq/gitlabhq,stars,tty-screen,0.8.2,gem
gitlabhq/gitlabhq,stars,benchmark-trend,0.4.0,gem
gitlabhq/gitlabhq,stars,sprockets,3.7.5,gem
gitlabhq/gitlabhq,stars,cvss-suite,4.1.3,gem
gitlabhq/gitlabhq,stars,rspec-core,3.13.1,gem
gitlabhq/gitlabhq,stars,rexml,3.4.1,gem
gitlabhq/gitlabhq,stars,toon-ruby,0.1.1,gem
gitlabhq/gitlabhq,stars,omniauth-shibboleth-redux,2.0.0,gem
gitlabhq/gitlabhq,stars,coderay,1.1.3,gem
gitlabhq/gitlabhq,stars,sigdump,0.2.5,gem
gitlabhq/gitlabhq,stars,rspec-parameterized,1.0.0,gem
gitlabhq/gitlabhq,stars,loofah,2.21.3,gem
gitlabhq/gitlabhq,stars,language_server-protocol,3.17.0.4,gem
gitlabhq/gitlabhq,stars,logger,1.7.0,gem
gitlabhq/gitlabhq,stars,gitlab-mail_room,1.1.0,gem
gitlabhq/gitlabhq,stars,openid_connect,2.3.1,gem
gitlabhq/gitlabhq,stars,opentelemetry-instrumentation-aws_sdk,0.11.0,gem
gitlabhq/gitlabhq,stars,rubocop-rspec,2.25.0,gem
gitlabhq/gitlabhq,stars,solargraph-rspec,0.6.0,gem
gitlabhq/gitlabhq,stars,snowplow-tracker,0.8.0,gem
gitlabhq/gitlabhq,stars,console,1.29.2,gem
gitlabhq/gitlabhq,stars,gitlab-secret_detection,0.45.0,gem
gitlabhq/gitlabhq,stars,strings-ansi,0.2.0,gem
gitlabhq/gitlabhq,stars,json_schemer,2.4.0,gem
gitlabhq/gitlabhq,stars,snaky_hash,2.0.6,gem
gitlabhq/gitlabhq,stars,prism,1.7.0,gem
gitlabhq/gitlabhq,stars,googleapis-common-protos-types,1.15.0,gem
gitlabhq/gitlabhq,stars,png_quantizator,0.2.1,gem
gitlabhq/gitlabhq,stars,rspec-expectations,3.12.2,gem
gitlabhq/gitlabhq,stars,parser,3.3.11.1,gem
gitlabhq/gitlabhq,stars,toml-rb,4.2.0,gem
gitlabhq/gitlabhq,stars,vite_ruby,3.10.2,gem
gitlabhq/gitlabhq,stars,google-apis-monitoring_v3,0.54.0,gem
gitlabhq/gitlabhq,stars,opentelemetry-instrumentation-que,0.12.0,gem
gitlabhq/gitlabhq,stars,paper_trail,16.0.0,gem
gitlabhq/gitlabhq,stars,lru_redux,1.1.0,gem
gitlabhq/gitlabhq,stars,rspec-support,3.12.0,gem
gitlabhq/gitlabhq,stars,rspec-rails,6.0.2,gem
gitlabhq/gitlabhq,stars,webmock,3.25.1,gem
gitlabhq/gitlabhq,stars,rubocop-graphql,1.5.4,gem
gitlabhq/gitlabhq,stars,mail,2.9.0,gem
gitlabhq/gitlabhq,stars,chef-utils,18.3.0,gem
gitlabhq/gitlabhq,stars,mini_histogram,0.3.1,gem
gitlabhq/gitlabhq,stars,safety_net_attestation,0.5.0,gem
gitlabhq/gitlabhq,stars,rake-compiler-dock,1.12.0,gem
gitlabhq/gitlabhq,stars,pry-byebug,3.11.0,gem
gitlabhq/gitlabhq,stars,google-apis-storage_v1,0.66.0,gem
gitlabhq/gitlabhq,stars,state_machines-activerecord,0.100.0,gem
gitlabhq/gitlabhq,stars,bindata,2.5.1,gem
gitlabhq/gitlabhq,stars,doorkeeper-device_authorization_grant,1.0.3,gem
gitlabhq/gitlabhq,stars,open3,0.2.1,gem
gitlabhq/gitlabhq,stars,rspec-mocks,3.12.5,gem
gitlabhq/gitlabhq,stars,rspec-support,3.12.1,gem
gitlabhq/gitlabhq,stars,pp,0.6.2,gem
gitlabhq/gitlabhq,stars,http-cookie,1.0.5,gem
gitlabhq/gitlabhq,stars,dry-inflector,1.2.0,gem
gitlabhq/gitlabhq,stars,rainbow,3.1.1,gem
gitlabhq/gitlabhq,stars,opentelemetry-instrumentation-httpx,0.8.0,gem
gitlabhq/gitlabhq,stars,rspec-rails,7.0.2,gem
gitlabhq/gitlabhq,stars,rspec-parameterized-table_syntax,2.0.0,gem
gitlabhq/gitlabhq,stars,train-core,3.10.8,gem
gitlabhq/gitlabhq,stars,rspec_junit_formatter,0.6.0,gem
gitlabhq/gitlabhq,stars,omniauth-alicloud,3.0.0,gem
gitlabhq/gitlabhq,stars,terser,1.0.2,gem
gitlabhq/gitlabhq,stars,stackprof,0.2.28,gem
gitlabhq/gitlabhq,stars,rubyzip,2.4.1,gem
gitlabhq/gitlabhq,stars,rake,13.4.2,gem
gitlabhq/gitlabhq,stars,omniauth-azure-activedirectory-v2,2.4.0,gem
gitlabhq/gitlabhq,stars,opentelemetry-instrumentation-active_storage,0.4.0,gem
gitlabhq/gitlabhq,stars,rack-test,2.2.0,gem
gitlabhq/gitlabhq,stars,nokogiri,1.19.0,gem
gitlabhq/gitlabhq,stars,aws-sigv4,1.11.0,gem
gitlabhq/gitlabhq,stars,coderay,1.1.2,gem
gitlabhq/gitlabhq,stars,timeout,0.6.1,gem
gitlabhq/gitlabhq,stars,sqlite3,1.6.3,gem
gitlabhq/gitlabhq,stars,pp,0.6.4,gem
gitlabhq/gitlabhq,stars,elasticsearch-api,9.0.2,gem
gitlabhq/gitlabhq,stars,method_source,1.0.0,gem
gitlabhq/gitlabhq,stars,factory_bot_rails,6.5.1,gem
gitlabhq/gitlabhq,stars,reline,0.6.0,gem
gitlabhq/gitlabhq,stars,tty-spinner,0.9.3,gem
gitlabhq/gitlabhq,stars,sawyer,0.9.2,gem
gitlabhq/gitlabhq,stars,letter_opener_web,3.0.0,gem
gitlabhq/gitlabhq,stars,test-prof,1.5.2,gem
gitlabhq/gitlabhq,stars,fiber-local,1.1.0,gem
gitlabhq/gitlabhq,stars,ruby-lsp-rspec,0.1.28,gem
gitlabhq/gitlabhq,stars,google-apis-pubsub_v1,0.63.0,gem
gitlabhq/gitlabhq,stars,google-cloud-artifact_registry-v1,0.11.0,gem
gitlabhq/gitlabhq,stars,irb,1.16.0,gem
gitlabhq/gitlabhq,stars,rspec-parameterized,2.0.1,gem
gitlabhq/gitlabhq,stars,http-cookie,1.1.0,gem
gitlabhq/gitlabhq,stars,regexp_parser,2.1.1,gem
gitlabhq/gitlabhq,stars,aws-actionmailer-ses,1.2.0,gem
gitlabhq/gitlabhq,stars,slack-notifier,2.4.0,gem
gitlabhq/gitlabhq,stars,date,3.5.1,gem
gitlabhq/gitlabhq,stars,opentelemetry-helpers-mysql,0.6.0,gem
gitlabhq/gitlabhq,stars,ast,2.4.2,gem
gitlabhq/gitlabhq,stars,gapic-common,0.20.0,gem
gitlabhq/gitlabhq,stars,amatch,0.4.1,gem
gitlabhq/gitlabhq,stars,opentelemetry-instrumentation-active_record,0.12.0,gem
gitlabhq/gitlabhq,stars,opentelemetry-instrumentation-grape,0.5.1,gem
gitlabhq/gitlabhq,stars,rspec-core,3.12.1,gem
gitlabhq/gitlabhq,stars,vmstat,2.3.1,gem
gitlabhq/gitlabhq,stars,fog-aliyun,0.4.1,gem
gitlabhq/gitlabhq,stars,octokit,9.2.0,gem
gitlabhq/gitlabhq,stars,google-cloud-storage_transfer,1.2.0,gem
gitlabhq/gitlabhq,stars,opentelemetry-instrumentation-net_http,0.29.0,gem
gitlabhq/gitlabhq,stars,railties,7.2.3.1,gem
gitlabhq/gitlabhq,stars,prime,0.1.3,gem
gitlabhq/gitlabhq,stars,dry-logic,1.6.0,gem
gitlabhq/gitlabhq,stars,tsort,0.2.0,gem
gitlabhq/gitlabhq,stars,redis-clustering,5.4.1,gem
gitlabhq/gitlabhq,stars,json,2.19.9,gem
gitlabhq/gitlabhq,stars,erubi,1.12.0,gem
gitlabhq/gitlabhq,stars,googleapis-common-protos,1.6.0,gem
gitlabhq/gitlabhq,stars,loofah,2.24.0,gem
gitlabhq/gitlabhq,stars,gitlab-license,2.6.0,gem
gitlabhq/gitlabhq,stars,xpath,3.2.0,gem
gitlabhq/gitlabhq,stars,opentelemetry-instrumentation-gruf,0.6.1,gem
gitlabhq/gitlabhq,stars,doorkeeper-openid_connect,1.9.0,gem
gitlabhq/gitlabhq,stars,strscan,3.1.8,gem
gitlabhq/gitlabhq,stars,ssh_data,2.0.0,gem
gitlabhq/gitlabhq,stars,signet,0.19.0,gem
gitlabhq/gitlabhq,stars,app_store_connect,0.38.0,gem
gitlabhq/gitlabhq,stars,elastic-transport,8.4.0,gem
gitlabhq/gitlabhq,stars,creole,0.5.0,gem
gitlabhq/gitlabhq,stars,haml_lint,0.75.0,gem
gitlabhq/gitlabhq,stars,ssrf_filter,1.0.8,gem
gitlabhq/gitlabhq,stars,countries,4.0.1,gem
gitlabhq/gitlabhq,stars,gitlab-orbit-proto,0.105.2,gem
gitlabhq/gitlabhq,stars,faraday-net_http,3.4.4,gem
gitlabhq/gitlabhq,stars,minitest,5.18.1,gem
gitlabhq/gitlabhq,stars,cork,0.3.0,gem
gitlabhq/gitlabhq,stars,aws-sdk-core,3.254.1,gem
gitlabhq/gitlabhq,stars,rspec-mocks,3.10.3,gem
gitlabhq/gitlabhq,stars,google-cloud-env,2.2.0,gem
gitlabhq/gitlabhq,stars,lumberjack,1.2.7,gem
gitlabhq/gitlabhq,stars,escape_utils,1.3.0,gem
gitlabhq/gitlabhq,stars,omniauth-oauth2,1.8.0,gem
gitlabhq/gitlabhq,stars,jwt,2.10.3,gem
gitlabhq/gitlabhq,stars,opentelemetry-instrumentation-active_model_serializers,0.25.0,gem
gitlabhq/gitlabhq,stars,grpc,1.81.1,gem
gitlabhq/gitlabhq,stars,gemoji,3.0.1,gem
gitlabhq/gitlabhq,stars,opentelemetry-instrumentation-ruby_kafka,0.24.0,gem
gitlabhq/gitlabhq,stars,batch-loader,2.0.6,gem
gitlabhq/gitlabhq,stars,google-apis-core,0.15.0,gem
gitlabhq/gitlabhq,stars,rbs,3.9.5,gem
gitlabhq/gitlabhq,stars,redis,5.4.1,gem
gitlabhq/gitlabhq,stars,version_gem,1.1.13,gem
gitlabhq/gitlabhq,stars,rouge,5.0.0,gem
gitlabhq/gitlabhq,stars,unparser,0.8.2,gem
gitlabhq/gitlabhq,stars,omniauth-atlassian-oauth2,0.2.0,gem
gitlabhq/gitlabhq,stars,elasticsearch-model,7.2.1,gem
gitlabhq/gitlabhq,stars,gapic-common,1.1.0,gem
gitlabhq/gitlabhq,stars,rubocop-performance,1.21.1,gem
gitlabhq/gitlabhq,stars,uri,0.13.0,gem
gitlabhq/gitlabhq,stars,duo_api,1.5.1,gem
gitlabhq/gitlabhq,stars,warning,1.5.0,gem
gitlabhq/gitlabhq,stars,orm_adapter,0.5.0,gem
gitlabhq/gitlabhq,stars,rspec,3.13.2,gem
gitlabhq/gitlabhq,stars,actionview,8.1.3,gem
gitlabhq/gitlabhq,stars,csv,3.3.2,gem
gitlabhq/gitlabhq,stars,erubi,1.13.1,gem
gitlabhq/gitlabhq,stars,sass-embedded,1.77.5,gem
gitlabhq/gitlabhq,stars,text,1.3.1,gem
gitlabhq/gitlabhq,stars,jwt,3.1.2,gem
gitlabhq/gitlabhq,stars,circuitbox,2.0.0,gem
gitlabhq/gitlabhq,stars,omniauth-google-oauth2,1.2.2,gem
gitlabhq/gitlabhq,stars,unicode-display_width,2.4.2,gem
gitlabhq/gitlabhq,stars,rspec-mocks,3.13.2,gem
gitlabhq/gitlabhq,stars,byebug,13.0.0,gem
gitlabhq/gitlabhq,stars,unicode-display_width,3.2.0,gem
gitlabhq/gitlabhq,stars,rspec-core,3.13.3,gem
gitlabhq/gitlabhq,stars,rack,3.2.7,gem
gitlabhq/gitlabhq,stars,danger,9.4.2,gem
gitlabhq/gitlabhq,stars,axe-core-rspec,4.12.0,gem
gitlabhq/gitlabhq,stars,google-cloud-compute-v1,2.6.0,gem
gitlabhq/gitlabhq,stars,uniform_notifier,1.16.0,gem
gitlabhq/gitlabhq,stars,fog-local,0.9.0,gem
gitlabhq/gitlabhq,stars,http-accept,1.7.0,gem
gitlabhq/gitlabhq,stars,opentelemetry-instrumentation-ethon,0.26.0,gem
gitlabhq/gitlabhq,stars,rubyntlm,0.6.3,gem
gitlabhq/gitlabhq,stars,database_cleaner-active_record,2.2.2,gem
gitlabhq/gitlabhq,stars,rspec-expectations,3.12.3,gem
gitlabhq/gitlabhq,stars,simplecov-html,0.13.1,gem
gitlabhq/gitlabhq,stars,rack-test,1.1.0,gem
gitlabhq/gitlabhq,stars,google-apis-core,0.18.0,gem
gitlabhq/gitlabhq,stars,concurrent-ruby,1.2.2,gem
gitlabhq/gitlabhq,stars,logger,1.6.4,gem
gitlabhq/gitlabhq,stars,minitest,5.27.0,gem
gitlabhq/gitlabhq,stars,nkf,0.2.0,gem
gitlabhq/gitlabhq,stars,simplecov-html,0.12.3,gem
gitlabhq/gitlabhq,stars,opentracing,0.5.0,gem
gitlabhq/gitlabhq,stars,activerecord,7.2.3.2,gem
gitlabhq/gitlabhq,stars,optimist,3.0.1,gem
gitlabhq/gitlabhq,stars,capybara-screenshot,1.0.27,gem
gitlabhq/gitlabhq,stars,rchardet,1.8.0,gem
gitlabhq/gitlabhq,stars,rubocop-rspec,3.4.0,gem
gitlabhq/gitlabhq,stars,html2text,0.4.0,gem
gitlabhq/gitlabhq,stars,opentelemetry-instrumentation-bunny,0.25.0,gem
gitlabhq/gitlabhq,stars,opentelemetry-instrumentation-active_record,0.13.0,gem
gitlabhq/gitlabhq,stars,rubocop,1.57.2,gem
gitlabhq/gitlabhq,stars,formatador,0.3.0,gem
gitlabhq/gitlabhq,stars,aws-partitions,1.1001.0,gem
gitlabhq/gitlabhq,stars,uri,1.1.1,gem
gitlabhq/gitlabhq,stars,letter_opener,1.10.0,gem
gitlabhq/gitlabhq,stars,rubocop,1.81.7,gem
gitlabhq/gitlabhq,stars,activesupport,8.1.3,gem
gitlabhq/gitlabhq,stars,auth-sanitizer,0.2.2,gem
gitlabhq/gitlabhq,stars,bigdecimal,3.1.9,gem
gitlabhq/gitlabhq,stars,activerecord,8.0.2,gem
gitlabhq/gitlabhq,stars,arr-pm,0.0.12,gem
gitlabhq/gitlabhq,stars,babosa,2.0.0,gem
gitlabhq/gitlabhq,stars,opentelemetry-instrumentation-http_client,0.26.1,gem
gitlabhq/gitlabhq,stars,strings,0.2.1,gem
gitlabhq/gitlabhq,stars,google-apis-container_v1beta1,0.91.0,gem
gitlabhq/gitlabhq,stars,google-apis-pubsub_v1,0.45.0,gem
gitlabhq/gitlabhq,stars,redis-actionpack,5.5.0,gem
gitlabhq/gitlabhq,stars,simplecov-lcov,0.8.0,gem
gitlabhq/gitlabhq,stars,elasticsearch,7.17.11,gem
gitlabhq/gitlabhq,stars,colored2,3.1.2,gem
gitlabhq/gitlabhq,stars,rb_sys,0.9.130,gem
gitlabhq/gitlabhq,stars,asciidoctor-plantuml,0.0.16,gem
gitlabhq/gitlabhq,stars,premailer-rails,1.12.0,gem
gitlabhq/gitlabhq,stars,toml-rb,4.1.0,gem
gitlabhq/gitlabhq,stars,faraday,2.9.2,gem
gitlabhq/gitlabhq,stars,heapy,0.2.0,gem
gitlabhq/gitlabhq,stars,net-ssh,7.3.0,gem
gitlabhq/gitlabhq,stars,representable,3.2.0,gem
gitlabhq/gitlabhq,stars,gitlab_omniauth-ldap,2.3.0,gem
gitlabhq/gitlabhq,stars,fast_gettext,4.1.0,gem
gitlabhq/gitlabhq,stars,opentelemetry-instrumentation-action_mailer,0.8.1,gem
gitlabhq/gitlabhq,stars,opentelemetry-instrumentation-grpc,0.5.1,gem
gitlabhq/gitlabhq,stars,language_server-protocol,3.17.0.3,gem
gitlabhq/gitlabhq,stars,tty-command,0.10.1,gem
gitlabhq/gitlabhq,stars,imagen,0.2.0,gem
gitlabhq/gitlabhq,stars,cbor,0.5.10.1,gem
gitlabhq/gitlabhq,stars,erb,5.1.3,gem
gitlabhq/gitlabhq,stars,faraday,2.14.0,gem
gitlabhq/gitlabhq,stars,excon,1.3.2,gem
gitlabhq/gitlabhq,stars,aws-sdk-core,3.223.0,gem
gitlabhq/gitlabhq,stars,version_sorter,2.3.0,gem
gitlabhq/gitlabhq,stars,grape_logging,3.0.0,gem
gitlabhq/gitlabhq,stars,mini_mime,1.1.5,gem
gitlabhq/gitlabhq,stars,rubocop-performance,1.18.0,gem
gitlabhq/gitlabhq,stars,rubocop-factory_bot,2.23.1,gem
gitlabhq/gitlabhq,stars,rack-protection,4.2.1,gem
gitlabhq/gitlabhq,stars,domain_name,0.6.20240107,gem
gitlabhq/gitlabhq,stars,pry-rails,0.3.11,gem
gitlabhq/gitlabhq,stars,guard-compat,1.2.1,gem
gitlabhq/gitlabhq,stars,os,1.1.4,gem
gitlabhq/gitlabhq,stars,opentelemetry-instrumentation-rails,0.42.0,gem
gitlabhq/gitlabhq,stars,test-prof,1.6.0,gem
gitlabhq/gitlabhq,stars,googleapis-common-protos,1.7.0,gem
gitlabhq/gitlabhq,stars,rake,13.0.6,gem
gitlabhq/gitlabhq,stars,aws-eventstream,1.3.2,gem
gitlabhq/gitlabhq,stars,gssapi,1.3.1,gem
gitlabhq/gitlabhq,stars,racc,1.8.1,gem
gitlabhq/gitlabhq,stars,extended-markdown-filter,0.7.0,gem
gitlabhq/gitlabhq,stars,mime-types-data,3.2023.1003,gem
gitlabhq/gitlabhq,stars,omniauth-oauth2-generic,0.2.8,gem
gitlabhq/gitlabhq,stars,pg,1.6.1,gem
gitlabhq/gitlabhq,stars,zeitwerk,2.6.18,gem
gitlabhq/gitlabhq,stars,browser,5.3.1,gem
gitlabhq/gitlabhq,stars,opentelemetry-instrumentation-aws_lambda,0.7.0,gem
gitlabhq/gitlabhq,stars,rspec-support,3.11.0,gem
gitlabhq/gitlabhq,stars,public_suffix,7.0.5,gem
gitlabhq/gitlabhq,stars,matrix,0.4.2,gem
gitlabhq/gitlabhq,stars,rspec-parameterized,1.0.2,gem
gitlabhq/gitlabhq,stars,dry-core,1.1.0,gem
gitlabhq/gitlabhq,stars,marcel,1.2.1,gem
gitlabhq/gitlabhq,stars,rackup,2.2.1,gem
gitlabhq/gitlabhq,stars,jaeger-client,1.1.0,gem
gitlabhq/gitlabhq,stars,graphlyte,1.0.0,gem
gitlabhq/gitlabhq,stars,opentelemetry-helpers-sql,0.4.0,gem
gitlabhq/gitlabhq,stars,rack-attack,6.8.0,gem
gitlabhq/gitlabhq,stars,activerecord,7.2.3.1,gem
gitlabhq/gitlabhq,stars,redis-store,1.11.0,gem
gitlabhq/gitlabhq,stars,rb_sys,0.9.128,gem
gitlabhq/gitlabhq,stars,actionview,7.2.2.1,gem
gitlabhq/gitlabhq,stars,sanitize,6.0.2,gem
gitlabhq/gitlabhq,stars,opentelemetry-instrumentation-active_job,0.13.0,gem
gitlabhq/gitlabhq,stars,unparser,0.8.1,gem
gitlabhq/gitlabhq,stars,minitest,5.18.0,gem
gitlabhq/gitlabhq,stars,thor,1.3.1,gem
gitlabhq/gitlabhq,stars,ruby-saml,1.18.1,gem
gitlabhq/gitlabhq,stars,multi_json,1.18.0,gem
gitlabhq/gitlabhq,stars,rspec-mocks,3.11.1,gem
gitlabhq/gitlabhq,stars,pry,0.14.1,gem
gitlabhq/gitlabhq,stars,json,2.10.1,gem
gitlabhq/gitlabhq,stars,redcarpet,3.6.0,gem
gitlabhq/gitlabhq,stars,RedCloth,4.3.4,gem
gitlabhq/gitlabhq,stars,chunky_png,1.4.0,gem
gitlabhq/gitlabhq,stars,sync,0.5.0,gem
gitlabhq/gitlabhq,stars,parser,3.3.10.0,gem
gitlabhq/gitlabhq,stars,railties,7.2.2.1,gem
gitlabhq/gitlabhq,stars,public_suffix,6.0.2,gem
gitlabhq/gitlabhq,stars,vite_rails,3.10.0,gem
gitlabhq/gitlabhq,stars,state_machines,0.100.4,gem
gitlabhq/gitlabhq,stars,gitlab-styles,14.1.0,gem
gitlabhq/gitlabhq,stars,open4,1.3.4,gem
gitlabhq/gitlabhq,stars,google-cloud-common,1.9.0,gem
gitlabhq/gitlabhq,stars,google-apis-cloudbilling_v1,0.40.0,gem
gitlabhq/gitlabhq,stars,listen,3.9.0,gem
gitlabhq/gitlabhq,stars,opentelemetry-instrumentation-action_view,0.12.0,gem
gitlabhq/gitlabhq,stars,benchmark,0.4.0,gem
gitlabhq/gitlabhq,stars,rspec-parameterized-core,1.0.0,gem
gitlabhq/gitlabhq,stars,ipaddress,0.8.3,gem
gitlabhq/gitlabhq,stars,bigdecimal,3.1.8,gem
gitlabhq/gitlabhq,stars,rouge,4.6.1,gem
gitlabhq/gitlabhq,stars,rexml,3.4.0,gem
gitlabhq/gitlabhq,stars,minitest,5.20.0,gem
gitlabhq/gitlabhq,stars,rdoc,6.13.1,gem
gitlabhq/gitlabhq,stars,warning,1.6.0,gem
gitlabhq/gitlabhq,stars,opentelemetry-instrumentation-delayed_job,0.25.1,gem
gitlabhq/gitlabhq,stars,uber,0.1.0,gem
gitlabhq/gitlabhq,stars,rspec-support,3.13.3,gem
gitlabhq/gitlabhq,stars,actionmailbox,7.2.3.1,gem
gitlabhq/gitlabhq,stars,http,5.3.1,gem
gitlabhq/gitlabhq,stars,gitlab-glfm-markdown,0.0.43,gem
gitlabhq/gitlabhq,stars,cgi,0.5.1,gem
gitlabhq/gitlabhq,stars,grape,2.4.0,gem
heartcombo/devise,stars,rails,8.1.3,gem
heartcombo/devise,stars,websocket-driver,0.8.0,gem
heartcombo/devise,stars,io-console,0.8.2,gem
heartcombo/devise,stars,responders,3.2.0,gem
heartcombo/devise,stars,activesupport,8.1.3,gem
heartcombo/devise,stars,psych,5.3.1,gem
heartcombo/devise,stars,stringio,3.2.0,gem
heartcombo/devise,stars,useragent,0.16.11,gem
heartcombo/devise,stars,version_gem,1.1.9,gem
heartcombo/devise,stars,net-http,0.9.1,gem
heartcombo/devise,stars,actionview,8.1.3,gem
heartcombo/devise,stars,ruby-openid,2.9.2,gem
heartcombo/devise,stars,tsort,0.2.0,gem
heartcombo/devise,stars,rack-protection,4.2.1,gem
heartcombo/devise,stars,tzinfo,2.0.6,gem
heartcombo/devise,stars,actionmailbox,8.1.3,gem
heartcombo/devise,stars,actiontext,8.1.3,gem
heartcombo/devise,stars,json,2.19.3,gem
heartcombo/devise,stars,jwt,3.1.2,gem
heartcombo/devise,stars,bson,5.2.0,gem
heartcombo/devise,stars,omniauth-oauth2,1.9.0,gem
heartcombo/devise,stars,hashie,5.1.0,gem
heartcombo/devise,stars,uri,1.1.1,gem
heartcombo/devise,stars,actionpack,8.1.3,gem
heartcombo/devise,stars,action_text-trix,2.1.18,gem
heartcombo/devise,stars,net-smtp,0.5.1,gem
heartcombo/devise,stars,timecop,0.9.10,gem
heartcombo/devise,stars,rack-session,2.1.1,gem
heartcombo/devise,stars,net-imap,0.6.3,gem
heartcombo/devise,stars,thor,1.5.0,gem
heartcombo/devise,stars,omniauth-openid,2.0.2,gem
heartcombo/devise,stars,loofah,2.25.1,gem
heartcombo/devise,stars,rails-controller-testing,1.0.5,gem
heartcombo/devise,stars,securerandom,0.4.1,gem
heartcombo/devise,stars,rexml,3.4.4,gem
heartcombo/devise,stars,bigdecimal,4.0.1,gem
heartcombo/devise,stars,connection_pool,3.0.2,gem
heartcombo/devise,stars,zeitwerk,2.7.5,gem
heartcombo/devise,stars,nokogiri,1.19.2,gem
heartcombo/devise,stars,oauth2,2.0.18,gem
heartcombo/devise,stars,actioncable,8.1.3,gem
heartcombo/devise,stars,rails-html-sanitizer,1.7.0,gem
heartcombo/devise,stars,drb,2.2.3,gem
heartcombo/devise,stars,timeout,0.6.1,gem
heartcombo/devise,stars,ruby2_keywords,0.0.5,gem
heartcombo/devise,stars,responders,>= 0,gem
heartcombo/devise,stars,warden,~> 1.2.3,gem
heartcombo/devise,stars,railties,>= 7.0,gem
heartcombo/devise,stars,sqlite3,2.9.2,gem
heartcombo/devise,stars,rails-dom-testing,2.3.0,gem
heartcombo/devise,stars,activerecord,8.1.3,gem
heartcombo/devise,stars,activejob,8.1.3,gem
heartcombo/devise,stars,rack-openid,1.4.2,gem
heartcombo/devise,stars,omniauth-facebook,10.0.0,gem
heartcombo/devise,stars,concurrent-ruby,1.3.6,gem
heartcombo/devise,stars,builder,3.3.0,gem
heartcombo/devise,stars,orm_adapter,~> 0.1,gem
heartcombo/devise,stars,prettyprint,0.2.0,gem
heartcombo/devise,stars,rackup,2.3.1,gem
heartcombo/devise,stars,bcrypt,~> 3.0,gem
heartcombo/devise,stars,activemodel,8.1.3,gem
heartcombo/devise,stars,irb,1.17.0,gem
heartcombo/devise,stars,snaky_hash,2.0.3,gem
heartcombo/devise,stars,base64,0.3.0,gem
heartcombo/devise,stars,mini_mime,1.1.5,gem
heartcombo/devise,stars,racc,1.8.1,gem
heartcombo/devise,stars,erb,6.0.2,gem
heartcombo/devise,stars,net-protocol,0.2.2,gem
heartcombo/devise,stars,webrat,0.7.3,gem
heartcombo/devise,stars,pp,0.6.3,gem
heartcombo/devise,stars,actionmailer,8.1.3,gem
heartcombo/devise,stars,mini_portile2,2.8.9,gem
heartcombo/devise,stars,crass,1.0.6,gem
heartcombo/devise,stars,rdoc,7.2.0,gem
heartcombo/devise,stars,websocket-extensions,0.1.5,gem
heartcombo/devise,stars,orm_adapter,0.5.0,gem
heartcombo/devise,stars,logger,1.7.0,gem
heartcombo/devise,stars,nio4r,2.7.5,gem
heartcombo/devise,stars,ostruct,0.6.3,gem
heartcombo/devise,stars,mocha,2.8.2,gem
heartcombo/devise,stars,faraday,2.14.1,gem
heartcombo/devise,stars,warden,1.2.9,gem
heartcombo/devise,stars,i18n,1.14.8,gem
heartcombo/devise,stars,activestorage,8.1.3,gem
heartcombo/devise,stars,mail,2.9.0,gem
heartcombo/devise,stars,faraday-net_http,3.4.2,gem
heartcombo/devise,stars,date,3.5.1,gem
heartcombo/devise,stars,rake,13.3.1,gem
heartcombo/devise,stars,reline,0.6.3,gem
heartcombo/devise,stars,globalid,1.3.0,gem
heartcombo/devise,stars,omniauth,2.1.4,gem
heartcombo/devise,stars,marcel,1.1.0,gem
heartcombo/devise,stars,minitest,5.27.0,gem
heartcombo/devise,stars,mongo,2.23.0,gem
heartcombo/devise,stars,multi_xml,0.8.1,gem
heartcombo/devise,stars,bcrypt,3.1.22,gem
heartcombo/devise,stars,rack,3.2.5,gem
heartcombo/devise,stars,net-pop,0.1.2,gem
heartcombo/devise,stars,railties,8.1.3,gem
heartcombo/devise,stars,rack-test,2.2.0,gem
heartcombo/devise,stars,erubi,1.13.1,gem
heartcombo/devise,stars,prism,1.9.0,gem
ruby/ruby,stars,sorbet,0.5.11725,gem
ruby/ruby,stars,prettyprint,>= 0,gem
ruby/ruby,stars,ostruct,0.6.3,gem
ruby/ruby,stars,chunky_png,1.3.8,gem
ruby/ruby,stars,rake,13.3.0,gem
ruby/ruby,stars,jruby-rack,1.2.7,gem
ruby/ruby,stars,timeout,>= 0,gem
ruby/ruby,stars,net-protocol,>= 0.3.0,gem
ruby/ruby,stars,diff-lcs,1.4.4,gem
ruby/ruby,stars,sorbet-static-and-runtime,0.5.11725,gem
ruby/ruby,stars,time,>= 0,gem
ruby/ruby,stars,yard-sorbet,0.9.0,gem
ruby/ruby,stars,rspec-support,3.10.2,gem
ruby/ruby,stars,matrix,0.4.2,gem
ruby/ruby,stars,netrc,0.11.0,gem
ruby/ruby,stars,jruby-openssl,>= 0,gem
ruby/ruby,stars,thor,1.4.0,gem
ruby/ruby,stars,rspec-mocks,3.10.2,gem
ruby/ruby,stars,warbler,2.1.0,gem
ruby/ruby,stars,tapioca,0.16.6,gem
ruby/ruby,stars,fileutils,>= 0,gem
ruby/ruby,stars,jar-dependencies,>= 0.1.7,gem
ruby/ruby,stars,rspec-core,3.10.1,gem
ruby/ruby,stars,sorbet-static,0.5.11725,gem
ruby/ruby,stars,delegate,>= 0,gem
ruby/ruby,stars,jruby-jars,10.0.0.1,gem
ruby/ruby,stars,erubi,1.13.1,gem
ruby/ruby,stars,uri,>= 0.11.1,gem
ruby/ruby,stars,rubyzip,3.3.0,gem
ruby/ruby,stars,date,>= 0,gem
ruby/ruby,stars,rbi,0.2.2,gem
ruby/ruby,stars,rspec,3.10.0,gem
ruby/ruby,stars,stringio,>= 0,gem
ruby/ruby,stars,rexml,3.4.2,gem
ruby/ruby,stars,rspec-expectations,3.10.1,gem
ruby/ruby,stars,rake,13.4.2,gem
ruby/ruby,stars,sorbet-runtime,0.5.11725,gem
ruby/ruby,stars,uri,>= 0,gem
ruby/ruby,stars,rake,~> 10.0,gem
ruby/ruby,stars,prism,1.3.0,gem
ruby/ruby,stars,rspec,~> 2.14.1,gem
ruby/ruby,stars,yard,0.9.44,gem
ruby/ruby,stars,parallel,1.26.3,gem
ruby/ruby,stars,spoom,1.5.0,gem
forem/forem,stars,mini_histogram,0.3.1,gem
forem/forem,stars,uniform_notifier,1.18.0,gem
forem/forem,stars,jsbundling-rails,1.3.1,gem
forem/forem,stars,acts-as-taggable-on,13.0.0,gem
forem/forem,stars,json,2.7.2,gem
forem/forem,stars,inline_svg,1.9.0,gem
forem/forem,stars,thread,0.2.2,gem
forem/forem,stars,ahoy_email,2.2.0,gem
forem/forem,stars,blazer,2.6.5,gem
forem/forem,stars,rb-fsevent,0.11.2,gem
forem/forem,stars,pstore,0.2.1,gem
forem/forem,stars,hashie,5.1.0,gem
forem/forem,stars,fog-json,1.2.0,gem
forem/forem,stars,bullet,8.1.3,gem
forem/forem,stars,dogstatsd-ruby,5.6.1,gem
forem/forem,stars,sawyer,0.9.2,gem
forem/forem,stars,net-sftp,4.0.0,gem
forem/forem,stars,ed25519,1.4.0,gem
forem/forem,stars,activemodel,8.0.5,gem
forem/forem,stars,flipper-ui,1.4.2,gem
forem/forem,stars,jsonapi-serializer,2.2.0,gem
forem/forem,stars,bindex,0.8.1,gem
forem/forem,stars,fastly,3.0.2,gem
forem/forem,stars,multi_json,1.21.1,gem
forem/forem,stars,js-routes,2.3.7,gem
forem/forem,stars,mini_portile2,2.8.9,gem
forem/forem,stars,s3_direct_upload,0.1.7,gem
forem/forem,stars,psych,5.4.0,gem
forem/forem,stars,http-accept,1.7.0,gem
forem/forem,stars,liquid,5.4.0,gem
forem/forem,stars,knapsack_pro,5.7.0,gem
forem/forem,stars,vault,0.20.1,gem
forem/forem,stars,net-scp,4.1.0,gem
forem/forem,stars,erb,6.0.4,gem
forem/forem,stars,sass-rails,6.0.0,gem
forem/forem,stars,cgi,0.3.7,gem
forem/forem,stars,web-console,4.2.1,gem
forem/forem,stars,rainbow,3.1.1,gem
forem/forem,stars,ffi,1.17.4,gem
forem/forem,stars,drb,2.2.3,gem
forem/forem,stars,simplecov_json_formatter,0.1.4,gem
forem/forem,stars,kaminari,1.2.2,gem
forem/forem,stars,ssrf_filter,1.5.0,gem
forem/forem,stars,pry,0.16.0,gem
forem/forem,stars,rpush,9.2.0,gem
forem/forem,stars,multi_xml,0.7.1,gem
forem/forem,stars,bootsnap,1.18.3,gem
forem/forem,stars,version_gem,1.1.4,gem
forem/forem,stars,sidekiq-throttled,1.5.2,gem
forem/forem,stars,better_errors,2.10.1,gem
forem/forem,stars,thor,1.5.0,gem
forem/forem,stars,kaminari-actionview,1.2.2,gem
forem/forem,stars,devise_invitable,2.0.9,gem
forem/forem,stars,actionmailbox,8.0.5,gem
forem/forem,stars,thread_safe,0.3.6,gem
forem/forem,stars,honeycomb-beeline,2.11.0,gem
forem/forem,stars,aws-sigv4,1.12.1,gem
forem/forem,stars,pg_search,2.3.7,gem
forem/forem,stars,strong_migrations,1.8.0,gem
forem/forem,stars,http-form_data,2.3.0,gem
forem/forem,stars,ast,2.4.2,gem
forem/forem,stars,net-protocol,0.2.2,gem
forem/forem,stars,warning,1.6.0,gem
forem/forem,stars,libddwaf,1.14.0.0.0,gem
forem/forem,stars,loofah,2.25.1,gem
forem/forem,stars,email_validator,2.2.4,gem
forem/forem,stars,parser,3.3.1.0,gem
forem/forem,stars,sanitize,7.0.0,gem
forem/forem,stars,rails-i18n,8.1.0,gem
forem/forem,stars,faker,3.5.1,gem
forem/forem,stars,stripe-ruby-mock,3.1.0.rc3,gem
forem/forem,stars,mime-types-data,3.2024.0305,gem
forem/forem,stars,faraday-retry,2.4.0,gem
forem/forem,stars,rack,2.2.23,gem
forem/forem,stars,method_source,1.1.0,gem
forem/forem,stars,rack-session,1.0.2,gem
forem/forem,stars,omniauth-facebook,9.0.0,gem
forem/forem,stars,jaro_winkler,1.5.6,gem
forem/forem,stars,launchy,2.5.2,gem
forem/forem,stars,sax-machine,1.3.2,gem
forem/forem,stars,bundler-audit,0.9.3,gem
forem/forem,stars,shellany,0.0.1,gem
forem/forem,stars,os,1.1.4,gem
forem/forem,stars,execjs,2.9.1,gem
forem/forem,stars,neighbor,0.5.2,gem
forem/forem,stars,oj,3.16.3,gem
forem/forem,stars,kaminari-activerecord,1.2.2,gem
forem/forem,stars,algoliasearch-rails,2.3.2,gem
forem/forem,stars,sidekiq-unique-jobs,7.1.33,gem
forem/forem,stars,front_matter_parser,1.0.1,gem
forem/forem,stars,chartkick,4.2.1,gem
forem/forem,stars,i18n-js,3.9.2,gem
forem/forem,stars,rspec-support,3.12.2,gem
forem/forem,stars,get_process_mem,0.2.7,gem
forem/forem,stars,terser,1.2.2,gem
forem/forem,stars,unicode-display_width,2.5.0,gem
forem/forem,stars,countries,5.7.1,gem
forem/forem,stars,fog-aws,3.21.0,gem
forem/forem,stars,rspec-expectations,3.12.4,gem
forem/forem,stars,cloudinary,1.29.0,gem
forem/forem,stars,redcarpet,3.6.1,gem
forem/forem,stars,rouge,4.2.1,gem
forem/forem,stars,gibbon,3.5.0,gem
forem/forem,stars,pg_query,6.2.2,gem
forem/forem,stars,rails-html-sanitizer,1.7.0,gem
forem/forem,stars,wcag_color_contrast,0.1.0,gem
forem/forem,stars,racc,1.8.1,gem
forem/forem,stars,sprockets,4.1.1,gem
forem/forem,stars,ddtrace,1.16.2,gem
forem/forem,stars,yard-activerecord,0.0.16,gem
forem/forem,stars,ruby-next-core,0.15.2,gem
forem/forem,stars,terminal-table,3.0.2,gem
forem/forem,stars,sterile,1.0.26,gem
forem/forem,stars,lumberjack,1.2.9,gem
forem/forem,stars,websocket-driver,0.7.7,gem
forem/forem,stars,ahoy_matey,5.0.2,gem
forem/forem,stars,warden,1.2.9,gem
forem/forem,stars,omniauth,2.1.4,gem
forem/forem,stars,rest-client,2.1.0,gem
forem/forem,stars,better_html,2.0.2,gem
forem/forem,stars,rack-cors,1.1.1,gem
forem/forem,stars,stackprof,0.2.26,gem
forem/forem,stars,ruby-vips,2.3.0,gem
forem/forem,stars,faraday,2.14.2,gem
forem/forem,stars,webmock,3.23.0,gem
forem/forem,stars,katex,0.9.0,gem
forem/forem,stars,diff-lcs,1.5.1,gem
forem/forem,stars,validate_url,1.0.15,gem
forem/forem,stars,net-http-persistent,4.0.8,gem
forem/forem,stars,flipper-active_support_cache_store,1.4.2,gem
forem/forem,stars,image_processing,1.14.0,gem
forem/forem,stars,responders,3.1.1,gem
forem/forem,stars,guard,2.18.1,gem
forem/forem,stars,google-protobuf,4.33.5,gem
forem/forem,stars,orm_adapter,0.5.0,gem
forem/forem,stars,highline,2.1.0,gem
forem/forem,stars,googleauth,1.17.0,gem
forem/forem,stars,heapy,0.2.0,gem
forem/forem,stars,unaccent,0.4.0,gem
forem/forem,stars,rspec-core,3.12.3,gem
forem/forem,stars,field_test,0.6.0,gem
forem/forem,stars,rake,13.4.2,gem
forem/forem,stars,rackup,1.0.1,gem
forem/forem,stars,timeout,0.6.1,gem
forem/forem,stars,easy_translate,0.5.1,gem
forem/forem,stars,safely_block,0.4.0,gem
forem/forem,stars,smart_properties,1.17.0,gem
forem/forem,stars,puma,5.6.9,gem
forem/forem,stars,metainspector,5.17.2,gem
forem/forem,stars,actiontext,8.0.5,gem
forem/forem,stars,redis-rack,3.0.0,gem
forem/forem,stars,rubocop-ast,1.31.2,gem
forem/forem,stars,ruby2ruby,2.6.1,gem
forem/forem,stars,exifr,1.5.1,gem
forem/forem,stars,matrix,0.4.2,gem
forem/forem,stars,rack-timeout,0.7.0,gem
forem/forem,stars,activesupport,8.0.5,gem
forem/forem,stars,prism,1.9.0,gem
forem/forem,stars,useragent,0.16.11,gem
forem/forem,stars,sassc-rails,2.1.2,gem
forem/forem,stars,addressable,2.9.0,gem
forem/forem,stars,slack-notifier,2.4.0,gem
forem/forem,stars,simple_oauth,0.3.1,gem
forem/forem,stars,gemoji,4.1.0,gem
forem/forem,stars,erubi,1.13.1,gem
forem/forem,stars,redis-store,1.11.0,gem
forem/forem,stars,uri,1.1.1,gem
forem/forem,stars,kramdown-parser-gfm,1.1.0,gem
forem/forem,stars,timecop,0.9.11,gem
forem/forem,stars,logger,1.7.0,gem
forem/forem,stars,pundit-matchers,1.9.0,gem
forem/forem,stars,faraday-gzip,3.1.0,gem
forem/forem,stars,carrierwave,3.1.3,gem
forem/forem,stars,net-ssh,7.3.2,gem
forem/forem,stars,http-cookie,1.1.6,gem
forem/forem,stars,faraday-encoding,0.0.6,gem
forem/forem,stars,google-cloud-env,2.3.1,gem
forem/forem,stars,pp,0.6.4,gem
forem/forem,stars,vcr,6.4.0,gem
forem/forem,stars,factory_bot,6.4.5,gem
forem/forem,stars,rubocop-rspec_rails,2.28.3,gem
forem/forem,stars,e2mmap,0.1.0,gem
forem/forem,stars,kaminari-core,1.2.2,gem
forem/forem,stars,rice,4.1.0,gem
forem/forem,stars,rubyzip,2.4.1,gem
forem/forem,stars,rspec,3.12.0,gem
forem/forem,stars,recaptcha,5.16.0,gem
forem/forem,stars,active_record_union,1.4.0,gem
forem/forem,stars,erb_lint,0.5.0,gem
forem/forem,stars,equalizer,0.0.11,gem
forem/forem,stars,net-pop,0.1.2,gem
forem/forem,stars,regexp_parser,2.9.0,gem
forem/forem,stars,rubocop-capybara,2.20.0,gem
forem/forem,stars,sorbet-runtime,0.6.13238,gem
forem/forem,stars,omniauth-apple,1.2.2,gem
forem/forem,stars,signet,0.22.0,gem
forem/forem,stars,zeitwerk,2.8.2,gem
forem/forem,stars,webrick,1.8.2,gem
forem/forem,stars,pghero,3.6.2,gem
forem/forem,stars,rdoc,7.2.0,gem
forem/forem,stars,fakeredis,0.8.0,gem
forem/forem,stars,sassc,2.4.0,gem
forem/forem,stars,faraday-follow_redirects,0.5.0,gem
forem/forem,stars,zlib,3.2.3,gem
forem/forem,stars,ostruct,0.6.3,gem
forem/forem,stars,hairtrigger,1.3.1,gem
forem/forem,stars,rubocop-factory_bot,2.25.1,gem
forem/forem,stars,xpath,3.2.0,gem
forem/forem,stars,tsort,0.2.0,gem
forem/forem,stars,rolify,6.0.1,gem
forem/forem,stars,fog-core,2.3.0,gem
forem/forem,stars,activestorage,8.0.5,gem
forem/forem,stars,httpclient,2.9.0,gem
forem/forem,stars,snaky_hash,2.0.1,gem
forem/forem,stars,formatador,1.1.0,gem
forem/forem,stars,actionmailer,8.0.5,gem
forem/forem,stars,hypershield,0.2.2,gem
forem/forem,stars,fugit,1.11.1,gem
forem/forem,stars,amazing_print,2.0.0,gem
forem/forem,stars,faraday-net_http_persistent,2.1.0,gem
forem/forem,stars,nenv,0.3.0,gem
forem/forem,stars,imgproxy,2.1.0,gem
forem/forem,stars,hashdiff,1.1.0,gem
forem/forem,stars,rspec-rails,6.1.1,gem
forem/forem,stars,actionview,8.0.5,gem
forem/forem,stars,actioncable,8.0.5,gem
forem/forem,stars,mini_mime,1.1.5,gem
forem/forem,stars,net-http2,0.19.0,gem
forem/forem,stars,modis,4.3.2,gem
forem/forem,stars,honeybadger,5.30.0,gem
forem/forem,stars,solargraph,0.48.0,gem
forem/forem,stars,excon,0.104.0,gem
forem/forem,stars,mutex_m,0.3.0,gem
forem/forem,stars,buftok,0.2.0,gem
forem/forem,stars,httparty,0.21.0,gem
forem/forem,stars,reverse_markdown,2.1.1,gem
forem/forem,stars,pundit,2.3.1,gem
forem/forem,stars,oauth2,2.0.9,gem
forem/forem,stars,flipper,1.4.2,gem
forem/forem,stars,faraday-http-cache,2.7.0,gem
forem/forem,stars,simplecov-html,0.12.3,gem
forem/forem,stars,capybara,3.37.1,gem
forem/forem,stars,jquery-fileupload-rails,0.4.7,gem
forem/forem,stars,http-parser,1.2.3,gem
forem/forem,stars,activejob,8.0.5,gem
forem/forem,stars,libdatadog,5.0.0.1.0,gem
forem/forem,stars,browser,5.3.1,gem
forem/forem,stars,rubocop-rails,2.24.1,gem
forem/forem,stars,public_suffix,6.0.2,gem
forem/forem,stars,aws-eventstream,1.4.0,gem
forem/forem,stars,actionpack,8.0.5,gem
forem/forem,stars,cuprite,0.15,gem
forem/forem,stars,rack-test,2.2.0,gem
forem/forem,stars,sidekiq,6.5.12,gem
forem/forem,stars,mime-types,3.5.2,gem
forem/forem,stars,rss,0.2.9,gem
forem/forem,stars,mini_magick,4.13.2,gem
forem/forem,stars,naught,1.1.0,gem
forem/forem,stars,zonebie,0.6.1,gem
forem/forem,stars,omniauth-github,2.0.1,gem
forem/forem,stars,cld3,3.6.0,gem
forem/forem,stars,listen,3.9.0,gem
forem/forem,stars,notiffany,0.1.3,gem
forem/forem,stars,mail,2.9.0,gem
forem/forem,stars,rspec-mocks,3.12.7,gem
forem/forem,stars,marcel,1.0.4,gem
forem/forem,stars,openssl,3.3.3,gem
forem/forem,stars,rack-host-redirect,1.3.0,gem
forem/forem,stars,connection_pool,2.5.5,gem
forem/forem,stars,aws_cf_signer,0.1.3,gem
forem/forem,stars,rswag-specs,2.17.0,gem
forem/forem,stars,backport,1.2.0,gem
forem/forem,stars,rubocop,1.63.4,gem
forem/forem,stars,coffee-script-source,1.12.2,gem
forem/forem,stars,benchmark-ips,2.10.0,gem
forem/forem,stars,rails-dom-testing,2.3.0,gem
forem/forem,stars,stripe,5.55.0,gem
forem/forem,stars,sass,3.7.4,gem
forem/forem,stars,rspec_junit_formatter,0.6.0,gem
forem/forem,stars,ferrum,0.14,gem
forem/forem,stars,dante,0.2.0,gem
forem/forem,stars,railties,8.0.5,gem
forem/forem,stars,kamal,2.11.0,gem
forem/forem,stars,omniauth-rails_csrf_protection,2.0.1,gem
forem/forem,stars,rspec-retry,0.6.2,gem
forem/forem,stars,yard,0.9.36,gem
forem/forem,stars,ruby-prof,1.7.0,gem
forem/forem,stars,ransack,4.4.1,gem
forem/forem,stars,pry-rails,0.3.11,gem
forem/forem,stars,rack-attack,6.8.0,gem
forem/forem,stars,nokogiri,1.19.4,gem
forem/forem,stars,request_store,1.7.0,gem
forem/forem,stars,html_truncator,0.4.2,gem
forem/forem,stars,docile,1.4.0,gem
forem/forem,stars,ffi-compiler,1.0.1,gem
forem/forem,stars,sidekiq-cron,1.12.0,gem
forem/forem,stars,shoulda-matchers,5.3.0,gem
forem/forem,stars,msgpack,1.8.3,gem
forem/forem,stars,fog-xml,0.1.4,gem
forem/forem,stars,sass-listen,4.0.0,gem
forem/forem,stars,rb-inotify,0.10.1,gem
forem/forem,stars,io-console,0.8.2,gem
forem/forem,stars,memory_profiler,1.0.1,gem
forem/forem,stars,rpush-redis,1.2.0,gem
forem/forem,stars,device_detector,1.1.1,gem
forem/forem,stars,brakeman,5.4.1,gem
forem/forem,stars,faraday-cookie_jar,0.0.8,gem
forem/forem,stars,customerio,6.1.0,gem
forem/forem,stars,globalid,1.4.0,gem
forem/forem,stars,omniauth-google-oauth2,1.1.2,gem
forem/forem,stars,octokit,5.6.1,gem
forem/forem,stars,minitest,6.0.6,gem
forem/forem,stars,i18n,1.15.2,gem
forem/forem,stars,datadog-ci,0.3.0,gem
forem/forem,stars,parallel,1.24.0,gem
forem/forem,stars,simplecov,0.21.2,gem
forem/forem,stars,redis,4.7.1,gem
forem/forem,stars,tzinfo,2.0.6,gem
forem/forem,stars,devise,4.9.4,gem
forem/forem,stars,dead_end,4.0.0,gem
forem/forem,stars,feedjira,3.2.3,gem
forem/forem,stars,ancestry,4.3.3,gem
forem/forem,stars,tilt,2.3.0,gem
forem/forem,stars,date,3.5.1,gem
forem/forem,stars,stringio,3.2.0,gem
forem/forem,stars,websocket-extensions,0.1.5,gem
forem/forem,stars,rubocop-rspec,2.29.1,gem
forem/forem,stars,domain_name,0.6.20240107,gem
forem/forem,stars,benchmark,0.5.0,gem
forem/forem,stars,test-prof,1.3.3,gem
forem/forem,stars,http,4.4.1,gem
forem/forem,stars,nio4r,2.7.5,gem
forem/forem,stars,memoizable,0.4.2,gem
forem/forem,stars,raabro,1.4.0,gem
forem/forem,stars,rails,8.0.5,gem
forem/forem,stars,google-logging-utils,0.2.0,gem
forem/forem,stars,brpoplpush-redis_script,0.1.3,gem
forem/forem,stars,bigdecimal,3.3.1,gem
forem/forem,stars,jbuilder,2.15.0,gem
forem/forem,stars,net-http,0.9.1,gem
forem/forem,stars,fastimage,2.4.1,gem
forem/forem,stars,yard-activesupport-concern,0.0.1,gem
forem/forem,stars,rack-protection,3.2.0,gem
forem/forem,stars,redis-prescription,2.6.0,gem
forem/forem,stars,rails-controller-testing,1.0.5,gem
forem/forem,stars,irb,1.18.0,gem
forem/forem,stars,securerandom,0.4.1,gem
forem/forem,stars,ruby-progressbar,1.13.0,gem
forem/forem,stars,multipart-post,2.2.3,gem
forem/forem,stars,libhoney,2.2.0,gem
forem/forem,stars,debase-ruby_core_source,3.2.2,gem
forem/forem,stars,sprockets-rails,3.4.2,gem
forem/forem,stars,factory_bot_rails,6.4.3,gem
forem/forem,stars,oauth,0.5.10,gem
forem/forem,stars,prettyprint,0.2.0,gem
forem/forem,stars,coffee-rails,5.0.0,gem
forem/forem,stars,flipper-active_record,1.4.2,gem
forem/forem,stars,coderay,1.1.3,gem
forem/forem,stars,guard-rspec,4.7.3,gem
forem/forem,stars,http-2,1.1.3,gem
forem/forem,stars,pg,1.6.3,gem
forem/forem,stars,anyway_config,2.3.0,gem
forem/forem,stars,sshkit,1.25.0,gem
forem/forem,stars,cypress-rails,0.7.0,gem
forem/forem,stars,json-schema,6.2.0,gem
forem/forem,stars,ruby_parser,3.22.0,gem
forem/forem,stars,ruby-statistics,3.0.0,gem
forem/forem,stars,sexp_processor,4.17.5,gem
forem/forem,stars,with_model,2.1.7,gem
forem/forem,stars,language_server-protocol,3.17.0.3,gem
forem/forem,stars,debug,1.9.2,gem
forem/forem,stars,kramdown,2.4.0,gem
forem/forem,stars,netrc,0.11.0,gem
forem/forem,stars,faraday-net_http,3.4.3,gem
forem/forem,stars,analytics-ruby,2.5.0,gem
forem/forem,stars,emoji_regex,3.2.3,gem
forem/forem,stars,solargraph-rails,0.3.1,gem
forem/forem,stars,rexml,3.4.0,gem
forem/forem,stars,web-push,3.0.1,gem
forem/forem,stars,omniauth-twitter,1.4.0,gem
forem/forem,stars,builder,3.3.0,gem
forem/forem,stars,nesty,1.0.2,gem
forem/forem,stars,bcrypt,3.1.20,gem
forem/forem,stars,bcrypt_pbkdf,1.1.2,gem
forem/forem,stars,carrierwave-bombshelter,0.2.2,gem
forem/forem,stars,derailed_benchmarks,2.1.2,gem
forem/forem,stars,rubocop-performance,1.21.0,gem
forem/forem,stars,net-smtp,0.5.1,gem
forem/forem,stars,omniauth-mlh,4.1.0,gem
forem/forem,stars,omniauth-oauth2,1.8.0,gem
forem/forem,stars,net-imap,0.6.4.1,gem
forem/forem,stars,dotenv-rails,3.2.0,gem
forem/forem,stars,i18n-tasks,1.0.15,gem
forem/forem,stars,twitter,7.0.0,gem
forem/forem,stars,omniauth-oauth,1.2.0,gem
forem/forem,stars,dotenv,3.2.0,gem
forem/forem,stars,jwt,2.10.3,gem
forem/forem,stars,guard-compat,1.2.1,gem
forem/forem,stars,et-orbi,1.2.11,gem
forem/forem,stars,concurrent-ruby,1.3.7,gem
forem/forem,stars,base64,0.3.0,gem
forem/forem,stars,reline,0.6.3,gem
forem/forem,stars,http_parser.rb,0.6.0,gem
forem/forem,stars,activerecord,8.0.5,gem
forem/forem,stars,algolia,2.3.4,gem
forem/forem,stars,redis-actionpack,5.5.0,gem
forem/forem,stars,crass,1.0.7,gem
forem/forem,stars,counter_culture,3.5.3,gem
forem/forem,stars,coffee-script,2.4.1,gem
forem/forem,stars,nakayoshi_fork,0.0.4,gem
forem/forem,stars,crack,1.0.0,gem
lewagon/setup,stars,ostruct,0.6.0,gem
lewagon/setup,stars,rspec-support,3.9.3,gem
lewagon/setup,stars,parser,2.7.1.4,gem
lewagon/setup,stars,domain_name,0.5.20190701,gem
lewagon/setup,stars,rexml,3.2.4,gem
lewagon/setup,stars,rainbow,3.0.0,gem
lewagon/setup,stars,bigdecimal,4.1.2,gem
lewagon/setup,stars,http,4.4.1,gem
lewagon/setup,stars,ffi,1.13.1,gem
lewagon/setup,stars,rubocop,0.90.0,gem
lewagon/setup,stars,pry,0.13.1,gem
lewagon/setup,stars,diff-lcs,1.4.4,gem
lewagon/setup,stars,addressable,2.7.0,gem
lewagon/setup,stars,coderay,1.1.3,gem
lewagon/setup,stars,unf,0.1.4,gem
lewagon/setup,stars,pry-byebug,3.9.0,gem
lewagon/setup,stars,rspec,3.9.0,gem
lewagon/setup,stars,http-form_data,2.3.0,gem
lewagon/setup,stars,cgi,0.5.1,gem
lewagon/setup,stars,ffi-compiler,1.0.1,gem
lewagon/setup,stars,unf_ext,0.0.7.7,gem
lewagon/setup,stars,rspec-expectations,3.9.2,gem
lewagon/setup,stars,regexp_parser,1.7.1,gem
lewagon/setup,stars,rspec-mocks,3.9.1,gem
lewagon/setup,stars,public_suffix,4.0.5,gem
lewagon/setup,stars,base64,0.3.0,gem
lewagon/setup,stars,parallel,1.19.2,gem
lewagon/setup,stars,liquid,5.12.0,gem
lewagon/setup,stars,method_source,1.0.0,gem
lewagon/setup,stars,strscan,3.1.8,gem
lewagon/setup,stars,colored,1.2,gem
lewagon/setup,stars,http-parser,1.2.1,gem
lewagon/setup,stars,unicode-display_width,1.7.0,gem
lewagon/setup,stars,rake,13.0.1,gem
lewagon/setup,stars,rubocop-ast,0.3.0,gem
lewagon/setup,stars,ast,2.4.1,gem
lewagon/setup,stars,byebug,11.1.3,gem
lewagon/setup,stars,http-cookie,1.0.3,gem
lewagon/setup,stars,rspec-core,3.9.2,gem
lewagon/setup,stars,ruby-progressbar,1.10.1,gem
docusealco/docuseal,stars,google-apis-core,1.0.2,gem
docusealco/docuseal,stars,bcrypt,3.1.22,gem
docusealco/docuseal,stars,tzinfo,2.0.6,gem
docusealco/docuseal,stars,webmock,3.26.2,gem
docusealco/docuseal,stars,google-cloud-errors,1.6.0,gem
docusealco/docuseal,stars,parser,3.3.11.1,gem
docusealco/docuseal,stars,faker,3.6.1,gem
docusealco/docuseal,stars,rubyXL,3.4.35,gem
docusealco/docuseal,stars,bigdecimal,4.1.2,gem
docusealco/docuseal,stars,net-smtp,0.5.1,gem
docusealco/docuseal,stars,warden,1.2.9,gem
docusealco/docuseal,stars,cuprite,0.17,gem
docusealco/docuseal,stars,rexml,3.4.4,gem
docusealco/docuseal,stars,email_typo,0.2.3,gem
docusealco/docuseal,stars,trailblazer-option,0.1.2,gem
docusealco/docuseal,stars,racc,1.8.1,gem
docusealco/docuseal,stars,aws-sdk-s3,1.218.0,gem
docusealco/docuseal,stars,turbo-rails,2.0.23,gem
docusealco/docuseal,stars,rspec-core,3.13.6,gem
docusealco/docuseal,stars,rspec-rails,8.0.4,gem
docusealco/docuseal,stars,google-cloud-storage,1.59.0,gem
docusealco/docuseal,stars,rake,13.4.2,gem
docusealco/docuseal,stars,timeout,0.6.1,gem
docusealco/docuseal,stars,package_json,0.2.0,gem
docusealco/docuseal,stars,launchy,3.1.1,gem
docusealco/docuseal,stars,diff-lcs,1.6.2,gem
docusealco/docuseal,stars,rspec-support,3.13.7,gem
docusealco/docuseal,stars,semantic_range,3.1.1,gem
docusealco/docuseal,stars,aws-sdk-kms,1.123.0,gem
docusealco/docuseal,stars,onnxruntime,0.10.1,gem
docusealco/docuseal,stars,rails-dom-testing,2.3.0,gem
docusealco/docuseal,stars,rubocop-rspec,3.9.0,gem
docusealco/docuseal,stars,actionmailer,8.1.3.1,gem
docusealco/docuseal,stars,websocket-driver,0.8.2,gem
docusealco/docuseal,stars,googleauth,1.16.2,gem
docusealco/docuseal,stars,faraday,2.14.3,gem
docusealco/docuseal,stars,request_store,1.7.0,gem
docusealco/docuseal,stars,rubocop-ast,1.49.1,gem
docusealco/docuseal,stars,jmespath,1.6.2,gem
docusealco/docuseal,stars,rotp,6.3.0,gem
docusealco/docuseal,stars,coderay,1.1.3,gem
docusealco/docuseal,stars,pg,1.6.3,gem
docusealco/docuseal,stars,camertron-eprun,1.1.1,gem
docusealco/docuseal,stars,rack-test,2.2.0,gem
docusealco/docuseal,stars,connection_pool,3.0.2,gem
docusealco/docuseal,stars,ferrum,0.17.2,gem
docusealco/docuseal,stars,thor,1.5.0,gem
docusealco/docuseal,stars,aws-sdk-secretsmanager,1.129.0,gem
docusealco/docuseal,stars,net-protocol,0.2.2,gem
docusealco/docuseal,stars,parallel,1.28.0,gem
docusealco/docuseal,stars,nokogiri,1.19.4,gem
docusealco/docuseal,stars,cmdparse,3.0.7,gem
docusealco/docuseal,stars,openssl,4.0.1,gem
docusealco/docuseal,stars,simplecov-html,0.13.2,gem
docusealco/docuseal,stars,msgpack,1.8.4,gem
docusealco/docuseal,stars,erb_lint,0.9.0,gem
docusealco/docuseal,stars,builder,3.3.0,gem
docusealco/docuseal,stars,aws-eventstream,1.4.0,gem
docusealco/docuseal,stars,responders,3.2.0,gem
docusealco/docuseal,stars,webrick,1.9.2,gem
docusealco/docuseal,stars,csv-safe,3.3.1,gem
docusealco/docuseal,stars,actionview,8.1.3.1,gem
docusealco/docuseal,stars,rack-session,2.1.2,gem
docusealco/docuseal,stars,loofah,2.25.2,gem
docusealco/docuseal,stars,sidekiq,8.1.6,gem
docusealco/docuseal,stars,pry-rails,0.3.11,gem
docusealco/docuseal,stars,uber,0.1.0,gem
docusealco/docuseal,stars,useragent,0.16.11,gem
docusealco/docuseal,stars,rubyzip,3.2.2,gem
docusealco/docuseal,stars,simplecov_json_formatter,0.1.4,gem
docusealco/docuseal,stars,tsort,0.2.0,gem
docusealco/docuseal,stars,brakeman,8.0.4,gem
docusealco/docuseal,stars,trilogy,2.12.2,gem
docusealco/docuseal,stars,rack-proxy,0.7.7,gem
docusealco/docuseal,stars,puma,8.0.2,gem
docusealco/docuseal,stars,chunky_png,1.4.0,gem
docusealco/docuseal,stars,lograge,0.14.0,gem
docusealco/docuseal,stars,google-apis-storage_v1,0.61.0,gem
docusealco/docuseal,stars,activerecord,8.1.3.1,gem
docusealco/docuseal,stars,bullet,8.1.0,gem
docusealco/docuseal,stars,declarative,0.0.20,gem
docusealco/docuseal,stars,hexapdf,1.7.0,gem
docusealco/docuseal,stars,ast,2.4.3,gem
docusealco/docuseal,stars,pp,0.6.4,gem
docusealco/docuseal,stars,shakapacker,9.7.0,gem
docusealco/docuseal,stars,uniform_notifier,1.18.0,gem
docusealco/docuseal,stars,marcel,1.2.1,gem
docusealco/docuseal,stars,logger,1.7.0,gem
docusealco/docuseal,stars,method_source,1.1.0,gem
docusealco/docuseal,stars,dotenv,3.2.0,gem
docusealco/docuseal,stars,representable,3.2.0,gem
docusealco/docuseal,stars,letter_opener,1.10.0,gem
docusealco/docuseal,stars,railties,8.1.3.1,gem
docusealco/docuseal,stars,regexp_parser,2.11.3,gem
docusealco/docuseal,stars,cldr-plurals-runtime-rb,1.1.0,gem
docusealco/docuseal,stars,unicode-emoji,4.2.0,gem
docusealco/docuseal,stars,concurrent-ruby,1.3.8,gem
docusealco/docuseal,stars,google-apis-iamcredentials_v1,0.26.0,gem
docusealco/docuseal,stars,twitter_cldr,6.14.0,gem
docusealco/docuseal,stars,rack,3.2.6,gem
docusealco/docuseal,stars,ruby-progressbar,1.13.0,gem
docusealco/docuseal,stars,rails-i18n,8.1.0,gem
docusealco/docuseal,stars,aws-sigv4,1.12.1,gem
docusealco/docuseal,stars,activestorage,8.1.3.1,gem
docusealco/docuseal,stars,date,3.5.1,gem
docusealco/docuseal,stars,azure-blob,0.8.0,gem
docusealco/docuseal,stars,actiontext,8.1.3.1,gem
docusealco/docuseal,stars,foreman,0.90.0,gem
docusealco/docuseal,stars,annotaterb,4.22.0,gem
docusealco/docuseal,stars,bootsnap,1.23.0,gem
docusealco/docuseal,stars,public_suffix,7.0.5,gem
docusealco/docuseal,stars,capybara,3.40.0,gem
docusealco/docuseal,stars,debug,1.11.1,gem
docusealco/docuseal,stars,arabic-letter-connector,0.1.1,gem
docusealco/docuseal,stars,aws-partitions,1.1233.0,gem
docusealco/docuseal,stars,digest-crc,0.7.0,gem
docusealco/docuseal,stars,tzinfo-data,1.2026.1,gem
docusealco/docuseal,stars,factory_bot,6.5.6,gem
docusealco/docuseal,stars,prism,1.9.0,gem
docusealco/docuseal,stars,lint_roller,1.1.0,gem
docusealco/docuseal,stars,devise,5.0.4,gem
docusealco/docuseal,stars,pagy,43.6.1,gem
docusealco/docuseal,stars,pretender,1.0.0,gem
docusealco/docuseal,stars,csv,3.3.5,gem
docusealco/docuseal,stars,xpath,3.2.0,gem
docusealco/docuseal,stars,globalid,1.4.0,gem
docusealco/docuseal,stars,signet,0.21.0,gem
docusealco/docuseal,stars,crack,1.0.1,gem
docusealco/docuseal,stars,redis-client,0.29.0,gem
docusealco/docuseal,stars,strip_attributes,2.0.1,gem
docusealco/docuseal,stars,rails-html-sanitizer,1.7.1,gem
docusealco/docuseal,stars,rubocop-performance,1.26.1,gem
docusealco/docuseal,stars,google-cloud-core,1.8.0,gem
docusealco/docuseal,stars,mail,2.9.1,gem
docusealco/docuseal,stars,childprocess,5.1.0,gem
docusealco/docuseal,stars,web-console,4.3.0,gem
docusealco/docuseal,stars,strscan,3.1.8,gem
docusealco/docuseal,stars,aws-sdk-core,3.244.0,gem
docusealco/docuseal,stars,sqlite3,2.9.5,gem
docusealco/docuseal,stars,json,2.21.2,gem
docusealco/docuseal,stars,nio4r,2.7.5,gem
docusealco/docuseal,stars,geom2d,0.4.1,gem
docusealco/docuseal,stars,google-logging-utils,0.2.0,gem
docusealco/docuseal,stars,rqrcode,3.2.0,gem
docusealco/docuseal,stars,unicode-display_width,3.2.0,gem
docusealco/docuseal,stars,faraday-net_http,3.4.4,gem
docusealco/docuseal,stars,actioncable,8.1.3.1,gem
docusealco/docuseal,stars,reline,0.6.3,gem
docusealco/docuseal,stars,ffi,1.17.4,gem
docusealco/docuseal,stars,io-console,0.8.2,gem
docusealco/docuseal,stars,activemodel,8.1.3.1,gem
docusealco/docuseal,stars,language_server-protocol,3.17.0.5,gem
docusealco/docuseal,stars,retriable,3.4.1,gem
docusealco/docuseal,stars,rbs,4.1.0,gem
docusealco/docuseal,stars,mini_mime,1.1.5,gem
docusealco/docuseal,stars,rspec-expectations,3.13.5,gem
docusealco/docuseal,stars,base64,0.3.0,gem
docusealco/docuseal,stars,rubocop,1.86.0,gem
docusealco/docuseal,stars,simplecov,0.22.0,gem
docusealco/docuseal,stars,rdoc,8.0.0,gem
docusealco/docuseal,stars,hashdiff,1.2.1,gem
docusealco/docuseal,stars,jwt,3.2.0,gem
docusealco/docuseal,stars,orm_adapter,0.5.0,gem
docusealco/docuseal,stars,pry,0.16.0,gem
docusealco/docuseal,stars,rspec-mocks,3.13.8,gem
docusealco/docuseal,stars,numo-narray-alt,0.10.3,gem
docusealco/docuseal,stars,better_html,2.2.0,gem
docusealco/docuseal,stars,os,1.1.4,gem
docusealco/docuseal,stars,factory_bot_rails,6.5.1,gem
docusealco/docuseal,stars,erubi,1.13.1,gem
docusealco/docuseal,stars,smart_properties,1.17.0,gem
docusealco/docuseal,stars,net-imap,0.6.6,gem
docusealco/docuseal,stars,addressable,2.9.0,gem
docusealco/docuseal,stars,rainbow,3.1.1,gem
docusealco/docuseal,stars,actionmailbox,8.1.3.1,gem
docusealco/docuseal,stars,yaml,0.4.0,gem
docusealco/docuseal,stars,multi_json,1.19.1,gem
docusealco/docuseal,stars,ruby-vips,2.3.0,gem
docusealco/docuseal,stars,websocket-extensions,0.1.5,gem
docusealco/docuseal,stars,activejob,8.1.3.1,gem
docusealco/docuseal,stars,minitest,6.0.6,gem
docusealco/docuseal,stars,google-cloud-env,2.3.1,gem
docusealco/docuseal,stars,net-pop,0.1.2,gem
docusealco/docuseal,stars,docile,1.4.1,gem
docusealco/docuseal,stars,faraday-follow_redirects,0.5.0,gem
docusealco/docuseal,stars,crass,1.0.7,gem
docusealco/docuseal,stars,irb,1.18.0,gem
docusealco/docuseal,stars,rubocop-rails,2.34.3,gem
docusealco/docuseal,stars,rackup,2.3.1,gem
docusealco/docuseal,stars,i18n,1.15.2,gem
docusealco/docuseal,stars,zeitwerk,2.8.2,gem
docusealco/docuseal,stars,letter_opener_web,3.0.0,gem
docusealco/docuseal,stars,cancancan,3.6.1,gem
docusealco/docuseal,stars,securerandom,0.4.1,gem
docusealco/docuseal,stars,actionpack,8.1.3.1,gem
docusealco/docuseal,stars,net-http,0.9.1,gem
docusealco/docuseal,stars,drb,2.2.3,gem
docusealco/docuseal,stars,activesupport,8.1.3.1,gem
docusealco/docuseal,stars,bindex,0.8.1,gem
docusealco/docuseal,stars,rqrcode_core,2.1.0,gem
docusealco/docuseal,stars,action_text-trix,2.1.19,gem
docusealco/docuseal,stars,erb,6.0.6,gem
docusealco/docuseal,stars,cgi,0.5.1,gem
docusealco/docuseal,stars,devise-two-factor,6.4.0,gem
docusealco/docuseal,stars,matrix,0.4.3,gem
docusealco/docuseal,stars,prettyprint,0.2.0,gem
docusealco/docuseal,stars,rails,8.1.3.1,gem
docusealco/docuseal,stars,uri,1.1.1,gem
docusealco/docuseal,stars,rouge,4.7.0,gem
postalserver/postal,stars,sprockets-rails,3.4.2,gem
postalserver/postal,stars,jquery-rails,4.5.1,gem
postalserver/postal,stars,swd,2.0.3,gem
postalserver/postal,stars,erb,6.0.4,gem
postalserver/postal,stars,sassc,2.4.0,gem
postalserver/postal,stars,actionmailer,7.1.6,gem
postalserver/postal,stars,mysql2,0.5.6,gem
postalserver/postal,stars,reline,0.6.3,gem
postalserver/postal,stars,tzinfo,2.0.6,gem
postalserver/postal,stars,omniauth-rails_csrf_protection,1.0.1,gem
postalserver/postal,stars,email_validator,2.2.4,gem
postalserver/postal,stars,io-console,0.8.2,gem
postalserver/postal,stars,base64,0.3.0,gem
postalserver/postal,stars,hashdiff,1.1.0,gem
postalserver/postal,stars,rspec,3.13.1,gem
postalserver/postal,stars,rspec-expectations,3.13.5,gem
postalserver/postal,stars,public_suffix,5.0.4,gem
postalserver/postal,stars,loofah,2.25.1,gem
postalserver/postal,stars,json-jwt,1.16.6,gem
postalserver/postal,stars,regexp_parser,2.7.0,gem
postalserver/postal,stars,ostruct,0.6.3,gem
postalserver/postal,stars,actionview,7.1.6,gem
postalserver/postal,stars,nilify_blanks,1.4.0,gem
postalserver/postal,stars,openid_connect,2.3.0,gem
postalserver/postal,stars,actionmailbox,7.1.6,gem
postalserver/postal,stars,net-pop,0.1.2,gem
postalserver/postal,stars,annotate,3.2.0,gem
postalserver/postal,stars,zeitwerk,2.8.2,gem
postalserver/postal,stars,activejob,7.1.6,gem
postalserver/postal,stars,coffee-rails,5.0.0,gem
postalserver/postal,stars,validate_url,1.0.15,gem
postalserver/postal,stars,kaminari-core,1.2.2,gem
postalserver/postal,stars,prettyprint,0.2.0,gem
postalserver/postal,stars,rouge,4.2.0,gem
postalserver/postal,stars,webmock,3.20.0,gem
postalserver/postal,stars,ruby-progressbar,1.13.0,gem
postalserver/postal,stars,aes_key_wrap,1.1.0,gem
postalserver/postal,stars,prism,1.9.0,gem
postalserver/postal,stars,parallel,1.22.1,gem
postalserver/postal,stars,railties,7.1.6,gem
postalserver/postal,stars,crack,1.0.0,gem
postalserver/postal,stars,net-smtp,0.5.1,gem
postalserver/postal,stars,rails,7.1.6,gem
postalserver/postal,stars,resolv,0.6.2,gem
postalserver/postal,stars,faraday-follow_redirects,0.3.0,gem
postalserver/postal,stars,sentry-ruby,5.16.1,gem
postalserver/postal,stars,kaminari-actionview,1.2.2,gem
postalserver/postal,stars,tsort,0.2.0,gem
postalserver/postal,stars,rails-dom-testing,2.3.0,gem
postalserver/postal,stars,rspec-support,3.13.6,gem
postalserver/postal,stars,ffi,1.15.5,gem
postalserver/postal,stars,net-imap,0.6.4,gem
postalserver/postal,stars,activesupport,7.1.6,gem
postalserver/postal,stars,rack,3.2.6,gem
postalserver/postal,stars,gelf,3.1.0,gem
postalserver/postal,stars,sentry-rails,5.16.1,gem
postalserver/postal,stars,faraday,2.9.0,gem
postalserver/postal,stars,rspec-core,3.13.5,gem
postalserver/postal,stars,nio4r,2.7.5,gem
postalserver/postal,stars,nokogiri,1.19.3,gem
postalserver/postal,stars,attr_required,1.0.2,gem
postalserver/postal,stars,dynamic_form,1.2.0,gem
postalserver/postal,stars,highline,2.1.0,gem
postalserver/postal,stars,sass-rails,6.0.0,gem
postalserver/postal,stars,net-protocol,0.2.2,gem
postalserver/postal,stars,rspec-mocks,3.13.5,gem
postalserver/postal,stars,database_cleaner-active_record,2.2.2,gem
postalserver/postal,stars,diff-lcs,1.6.2,gem
postalserver/postal,stars,authie,5.0.0,gem
postalserver/postal,stars,parser,3.2.1.1,gem
postalserver/postal,stars,rails-html-sanitizer,1.7.0,gem
postalserver/postal,stars,execjs,2.7.0,gem
postalserver/postal,stars,rack-test,2.2.0,gem
postalserver/postal,stars,timeout,0.6.1,gem
postalserver/postal,stars,rspec-rails,6.1.1,gem
postalserver/postal,stars,activemodel,7.1.6,gem
postalserver/postal,stars,benchmark,0.5.0,gem
postalserver/postal,stars,puma,7.0.4,gem
postalserver/postal,stars,rack-protection,4.1.1,gem
postalserver/postal,stars,nifty-utils,1.1.7,gem
postalserver/postal,stars,connection_pool,3.0.2,gem
postalserver/postal,stars,actionpack,7.1.6,gem
postalserver/postal,stars,klogger-logger,1.4.0,gem
postalserver/postal,stars,sassc-rails,2.1.2,gem
postalserver/postal,stars,domain_name,0.6.20240107,gem
postalserver/postal,stars,sprockets,4.2.0,gem
postalserver/postal,stars,uglifier,4.2.0,gem
postalserver/postal,stars,concurrent-ruby,1.3.6,gem
postalserver/postal,stars,haml,6.3.0,gem
postalserver/postal,stars,bindata,2.5.0,gem
postalserver/postal,stars,rack-oauth2,2.2.1,gem
postalserver/postal,stars,abbrev,0.1.2,gem
postalserver/postal,stars,pp,0.6.3,gem
postalserver/postal,stars,actiontext,7.1.6,gem
postalserver/postal,stars,stringio,3.2.0,gem
postalserver/postal,stars,rubocop-ast,1.27.0,gem
postalserver/postal,stars,json,2.7.1,gem
postalserver/postal,stars,cgi,0.5.1,gem
postalserver/postal,stars,turbolinks,5.2.1,gem
postalserver/postal,stars,actioncable,7.1.6,gem
postalserver/postal,stars,mini_mime,1.1.5,gem
postalserver/postal,stars,uri,1.0.3,gem
postalserver/postal,stars,racc,1.8.1,gem
postalserver/postal,stars,date,3.5.1,gem
postalserver/postal,stars,omniauth,2.1.2,gem
postalserver/postal,stars,rake,13.4.2,gem
postalserver/postal,stars,psych,5.4.0,gem
postalserver/postal,stars,globalid,1.3.0,gem
postalserver/postal,stars,tilt,2.3.0,gem
postalserver/postal,stars,bcrypt,3.1.20,gem
postalserver/postal,stars,drb,2.2.3,gem
postalserver/postal,stars,mutex_m,0.3.0,gem
postalserver/postal,stars,database_cleaner-core,2.0.1,gem
postalserver/postal,stars,webrick,1.9.1,gem
postalserver/postal,stars,webfinger,2.1.3,gem
postalserver/postal,stars,crass,1.0.6,gem
postalserver/postal,stars,omniauth_openid_connect,0.7.1,gem
postalserver/postal,stars,hashie,5.0.0,gem
postalserver/postal,stars,temple,0.10.3,gem
postalserver/postal,stars,autoprefixer-rails,10.4.13.0,gem
postalserver/postal,stars,dotenv,3.0.2,gem
postalserver/postal,stars,rackup,2.3.1,gem
postalserver/postal,stars,kaminari-activerecord,1.2.2,gem
postalserver/postal,stars,logger,1.7.0,gem
postalserver/postal,stars,erubi,1.13.1,gem
postalserver/postal,stars,thor,1.5.0,gem
postalserver/postal,stars,websocket-driver,0.8.0,gem
postalserver/postal,stars,i18n,1.14.8,gem
postalserver/postal,stars,rexml,3.4.4,gem
postalserver/postal,stars,rubocop-rails,2.18.0,gem
postalserver/postal,stars,activestorage,7.1.6,gem
postalserver/postal,stars,coffee-script-source,1.12.2,gem
postalserver/postal,stars,turbolinks-source,5.2.0,gem
postalserver/postal,stars,mail,2.9.0,gem
postalserver/postal,stars,chronic,0.10.2,gem
postalserver/postal,stars,jwt,2.8.1,gem
postalserver/postal,stars,unicode-display_width,2.4.2,gem
postalserver/postal,stars,rubocop,1.48.1,gem
postalserver/postal,stars,rainbow,3.1.1,gem
postalserver/postal,stars,marcel,1.2.1,gem
postalserver/postal,stars,shoulda-matchers,6.1.0,gem
postalserver/postal,stars,minitest,6.0.6,gem
postalserver/postal,stars,faraday-net_http,3.1.0,gem
postalserver/postal,stars,builder,3.3.0,gem
postalserver/postal,stars,kaminari,1.2.2,gem
postalserver/postal,stars,ast,2.4.2,gem
postalserver/postal,stars,prometheus-client,4.2.2,gem
postalserver/postal,stars,activerecord,7.1.6,gem
postalserver/postal,stars,secure_headers,6.5.0,gem
postalserver/postal,stars,rack-session,2.1.2,gem
postalserver/postal,stars,securerandom,0.4.1,gem
postalserver/postal,stars,coffee-script,2.4.1,gem
postalserver/postal,stars,timecop,0.9.8,gem
postalserver/postal,stars,websocket-extensions,0.1.5,gem
postalserver/postal,stars,konfig-config,3.0.0,gem
postalserver/postal,stars,net-http,0.4.1,gem
postalserver/postal,stars,irb,1.18.0,gem
postalserver/postal,stars,factory_bot_rails,6.4.3,gem
postalserver/postal,stars,addressable,2.8.6,gem
postalserver/postal,stars,bigdecimal,4.1.2,gem
postalserver/postal,stars,rdoc,7.2.0,gem
postalserver/postal,stars,factory_bot,6.4.6,gem
opf/openproject,stars,net-pop,0.1.2,gem
opf/openproject,stars,actionmailbox,8.1.3.1,gem
opf/openproject,stars,listen,3.10.0,gem
opf/openproject,stars,mcp,1.3.0,gem
opf/openproject,stars,lint_roller,1.1.0,gem
opf/openproject,stars,mustermann,4.0.0,gem
opf/openproject,stars,dotenv-rails,3.2.0,gem
opf/openproject,stars,sys-filesystem,1.6.0,gem
opf/openproject,stars,webfinger,2.1.3,gem
opf/openproject,stars,rubocop-rspec,3.10.2,gem
opf/openproject,stars,responders,3.2.0,gem
opf/openproject,stars,turbo_power,0.8.0,gem
opf/openproject,stars,spreadsheet,1.3.5,gem
opf/openproject,stars,flamegraph,0.9.5,gem
opf/openproject,stars,good_job,4.19.2,gem
opf/openproject,stars,opentelemetry-instrumentation-bunny,0.25.0,gem
opf/openproject,stars,redis-client,0.30.1,gem
opf/openproject,stars,opentelemetry-instrumentation-mysql2,0.34.0,gem
opf/openproject,stars,webauthn,~> 3.0,gem
opf/openproject,stars,aws-eventstream,1.4.0,gem
opf/openproject,stars,awesome_nested_set,3.9.0,gem
opf/openproject,stars,marcel,1.0.4,gem
opf/openproject,stars,opentelemetry-instrumentation-httpx,0.8.0,gem
opf/openproject,stars,diff-lcs,1.6.2,gem
opf/openproject,stars,mime-types-data,3.2026.0701,gem
opf/openproject,stars,opentelemetry-exporter-otlp,0.34.1,gem
opf/openproject,stars,highline,3.1.2,gem
opf/openproject,stars,prawn,2.4.0,gem
opf/openproject,stars,google-logging-utils,0.2.0,gem
opf/openproject,stars,faraday-follow_redirects,0.5.0,gem
opf/openproject,stars,afm,1.0.0,gem
opf/openproject,stars,faraday-net_http,3.4.4,gem
opf/openproject,stars,grape_logging,3.0.0,gem
opf/openproject,stars,activerecord-session_store,2.3.0,gem
opf/openproject,stars,i18n,1.15.2,gem
opf/openproject,stars,commonmarker,2.8.3,gem
opf/openproject,stars,dry-logic,1.6.0,gem
opf/openproject,stars,opentelemetry-instrumentation-aws_lambda,0.7.0,gem
opf/openproject,stars,escape_utils,1.3.0,gem
opf/openproject,stars,capybara,3.40.0,gem
opf/openproject,stars,yabeda-rails,0.11.0,gem
opf/openproject,stars,pp,0.6.4,gem
opf/openproject,stars,rb-inotify,0.11.1,gem
opf/openproject,stars,rbtrace,0.5.5,gem
opf/openproject,stars,selenium-devtools,0.151.0,gem
opf/openproject,stars,openproject-octicons,19.37.0,gem
opf/openproject,stars,json_spec,1.1.5,gem
opf/openproject,stars,tzinfo-data,1.2026.3,gem
opf/openproject,stars,test-prof,1.6.3,gem
opf/openproject,stars,pstore,0.2.1,gem
opf/openproject,stars,actionmailer,8.1.3.1,gem
opf/openproject,stars,rspec-expectations,3.13.5,gem
opf/openproject,stars,opentelemetry-instrumentation-resque,0.9.0,gem
opf/openproject,stars,aws-sdk-sns,~> 1.116,gem
opf/openproject,stars,rotp,6.3.0,gem
opf/openproject,stars,pry-rescue,1.6.0,gem
opf/openproject,stars,opentelemetry-instrumentation-http,0.30.0,gem
opf/openproject,stars,openproject-token,8.12.0,gem
opf/openproject,stars,opentelemetry-instrumentation-restclient,0.28.0,gem
opf/openproject,stars,zeitwerk,2.8.3,gem
opf/openproject,stars,compare-xml,1.0.0,gem
opf/openproject,stars,store_attribute,2.2.0,gem
opf/openproject,stars,warden-basic_auth,0.2.1,gem
opf/openproject,stars,bcrypt,3.1.22,gem
opf/openproject,stars,parallel_tests,4.10.1,gem
opf/openproject,stars,acts_as_list,1.2.6,gem
opf/openproject,stars,timeout,0.6.1,gem
opf/openproject,stars,acts_as_tree,2.9.1,gem
opf/openproject,stars,launchy,3.1.1,gem
opf/openproject,stars,better_html,2.2.0,gem
opf/openproject,stars,opentelemetry-helpers-sql,0.4.0,gem
opf/openproject,stars,structured_warnings,0.5.0,gem
opf/openproject,stars,openid_connect,2.2.1,gem
opf/openproject,stars,ruby-prof,2.0.5,gem
opf/openproject,stars,hashdiff,1.2.1,gem
opf/openproject,stars,google-apis-core,1.2.4,gem
opf/openproject,stars,representable,3.2.0,gem
opf/openproject,stars,timecop,0.9.11,gem
opf/openproject,stars,attr_required,1.0.2,gem
opf/openproject,stars,faraday,2.14.3,gem
opf/openproject,stars,google-apis-gmail_v1,0.52.0,gem
opf/openproject,stars,opentelemetry-instrumentation-lmdb,0.26.0,gem
opf/openproject,stars,mime-types,3.7.0,gem
opf/openproject,stars,formatador,1.2.3,gem
opf/openproject,stars,webauthn,3.4.3,gem
opf/openproject,stars,msgpack,1.8.4,gem
opf/openproject,stars,railties,8.1.3.1,gem
opf/openproject,stars,pdf-reader,2.15.1,gem
opf/openproject,stars,htmlentities,4.3.4,gem
opf/openproject,stars,with_advisory_lock,7.6.0,gem
opf/openproject,stars,opentelemetry-instrumentation-concurrent_ruby,0.25.0,gem
opf/openproject,stars,rubyzip,2.4.1,gem
opf/openproject,stars,json-jwt,1.17.1,gem
opf/openproject,stars,job-iteration,1.15.0,gem
opf/openproject,stars,equivalent-xml,0.6.0,gem
opf/openproject,stars,htmlbeautifier,1.4.3,gem
opf/openproject,stars,i18n-tasks,1.1.2,gem
opf/openproject,stars,google-cloud-env,2.4.0,gem
opf/openproject,stars,openproject-octicons_helper,19.37.0,gem
opf/openproject,stars,active_record_doctor,2.0.1,gem
opf/openproject,stars,pdf-inspector,1.3.0,gem
opf/openproject,stars,stackprof,0.2.28,gem
opf/openproject,stars,erubi,1.13.1,gem
opf/openproject,stars,irb,1.18.0,gem
opf/openproject,stars,opentelemetry-instrumentation-gruf,0.6.2,gem
opf/openproject,stars,openproject-auth_plugins,>= 0,gem
opf/openproject,stars,iso8601,0.13.0,gem
opf/openproject,stars,text-hyphen,1.5.0,gem
opf/openproject,stars,tzinfo,2.0.6,gem
opf/openproject,stars,hashery,2.1.2,gem
opf/openproject,stars,opentelemetry-instrumentation-net_http,0.29.0,gem
opf/openproject,stars,activesupport,8.1.3.1,gem
opf/openproject,stars,messagebird-rest,5.0.0,gem
opf/openproject,stars,openproject-webhooks,>= 0,gem
opf/openproject,stars,messagebird-rest,">= 1.4.2,< 5.1.0",gem
opf/openproject,stars,rb_sys,0.9.128,gem
opf/openproject,stars,fugit,1.13.0,gem
opf/openproject,stars,google-protobuf,4.35.1,gem
opf/openproject,stars,yaml,0.4.0,gem
opf/openproject,stars,opentelemetry-semantic_conventions,1.44.0,gem
opf/openproject,stars,puffing-billy,4.0.4,gem
opf/openproject,stars,plaintext,0.3.7,gem
opf/openproject,stars,opentelemetry-instrumentation-excon,0.29.1,gem
opf/openproject,stars,rack-attack,6.8.0,gem
opf/openproject,stars,Ascii85,2.0.1,gem
opf/openproject,stars,rspec,3.13.2,gem
opf/openproject,stars,letter_opener,1.10.0,gem
opf/openproject,stars,lobby_boy,~> 0.1.3,gem
opf/openproject,stars,paper_trail,17.0.0,gem
opf/openproject,stars,addressable,2.9.0,gem
opf/openproject,stars,rack-session,1.0.2,gem
opf/openproject,stars,dry-configurable,1.4.0,gem
opf/openproject,stars,public_suffix,7.0.5,gem
opf/openproject,stars,colored2,4.0.3,gem
opf/openproject,stars,factory_bot_rails,6.5.1,gem
opf/openproject,stars,rspec-wait,1.0.2,gem
opf/openproject,stars,actiontext,8.1.3.1,gem
opf/openproject,stars,vernier,1.10.1,gem
opf/openproject,stars,closure_tree,9.8.0,gem
opf/openproject,stars,warden,1.2.9,gem
opf/openproject,stars,friendly_id,5.7.0,gem
opf/openproject,stars,raabro,1.4.0,gem
opf/openproject,stars,cose,1.3.1,gem
opf/openproject,stars,simpleidn,0.2.3,gem
opf/openproject,stars,opentelemetry-instrumentation-sinatra,0.30.0,gem
opf/openproject,stars,letter_opener_web,3.0.0,gem
opf/openproject,stars,opentelemetry-instrumentation-action_view,0.13.0,gem
opf/openproject,stars,turbo-rails,2.0.23,gem
opf/openproject,stars,ox,2.14.29,gem
opf/openproject,stars,http-2,1.2.2,gem
opf/openproject,stars,gravatar_image_tag,~> 1.2.0,gem
opf/openproject,stars,rubocop-factory_bot,2.28.0,gem
opf/openproject,stars,opentelemetry-instrumentation-ethon,0.29.0,gem
opf/openproject,stars,grape,3.3.5,gem
opf/openproject,stars,net-smtp,0.5.1,gem
opf/openproject,stars,opentelemetry-sdk,1.13.0,gem
opf/openproject,stars,parallel,2.1.0,gem
opf/openproject,stars,spring-commands-rubocop,0.4.0,gem
opf/openproject,stars,css_parser,3.0.0,gem
opf/openproject,stars,spreadsheet,~> 1.3.0,gem
opf/openproject,stars,opentelemetry-helpers-sql-processor,0.5.0,gem
opf/openproject,stars,validate_url,1.0.15,gem
opf/openproject,stars,em-http-request,1.1.7,gem
opf/openproject,stars,method_source,1.1.0,gem
opf/openproject,stars,rinku,2.0.6,gem
opf/openproject,stars,counter_culture,3.14.0,gem
opf/openproject,stars,rainbow,3.1.1,gem
opf/openproject,stars,rb-fsevent,0.11.2,gem
opf/openproject,stars,dry-core,1.2.0,gem
opf/openproject,stars,glob,0.5.0,gem
opf/openproject,stars,rack-protection,3.2.0,gem
opf/openproject,stars,opentelemetry-instrumentation-http_client,0.29.0,gem
opf/openproject,stars,net-imap,0.6.4.1,gem
opf/openproject,stars,disposable,0.6.3,gem
opf/openproject,stars,ruby-vips,2.3.0,gem
opf/openproject,stars,rails-html-sanitizer,1.7.1,gem
opf/openproject,stars,openssl-signature_algorithm,1.3.0,gem
opf/openproject,stars,rack-test,2.2.0,gem
opf/openproject,stars,minitest,6.0.6,gem
opf/openproject,stars,roar,1.2.0,gem
opf/openproject,stars,ladle,>= 0,gem
opf/openproject,stars,multi_json,1.21.1,gem
opf/openproject,stars,dry-inflector,1.3.1,gem
opf/openproject,stars,em-synchrony,1.0.6,gem
opf/openproject,stars,html-pipeline,2.14.3,gem
opf/openproject,stars,scimitar,2.15.0,gem
opf/openproject,stars,os,1.1.4,gem
opf/openproject,stars,opentelemetry-instrumentation-active_support,0.12.1,gem
opf/openproject,stars,et-orbi,1.4.0,gem
opf/openproject,stars,rails-controller-testing,1.0.5,gem
opf/openproject,stars,mini_magick,5.3.3,gem
opf/openproject,stars,fog-core,2.6.0,gem
opf/openproject,stars,will_paginate,4.0.1,gem
opf/openproject,stars,rack-oauth2,2.3.0,gem
opf/openproject,stars,erb_lint,0.9.0,gem
opf/openproject,stars,mail,2.9.1,gem
opf/openproject,stars,rack_session_access,0.2.0,gem
opf/openproject,stars,dry-monads,1.10.0,gem
opf/openproject,stars,opentelemetry-instrumentation-koala,0.24.0,gem
opf/openproject,stars,globalid,1.4.0,gem
opf/openproject,stars,brakeman,8.0.6,gem
opf/openproject,stars,opentelemetry-common,0.25.1,gem
opf/openproject,stars,net-http,0.9.1,gem
opf/openproject,stars,actioncable,8.1.3.1,gem
opf/openproject,stars,aws-sdk-s3,1.229.0,gem
opf/openproject,stars,opentelemetry-instrumentation-all,0.95.0,gem
opf/openproject,stars,inline_svg,1.10.0,gem
opf/openproject,stars,opentelemetry-instrumentation-active_storage,0.5.1,gem
opf/openproject,stars,eventmachine,1.2.7,gem
opf/openproject,stars,aws-sdk-core,3.254.1,gem
opf/openproject,stars,date,3.5.1,gem
opf/openproject,stars,childprocess,5.1.0,gem
opf/openproject,stars,smart_properties,1.17.0,gem
opf/openproject,stars,doorkeeper,5.9.6,gem
opf/openproject,stars,sprockets,3.7.5,gem
opf/openproject,stars,opentelemetry-instrumentation-ruby_kafka,0.25.0,gem
opf/openproject,stars,pdf-core,0.9.0,gem
opf/openproject,stars,dumb_delegator,1.1.0,gem
opf/openproject,stars,rspec-core,3.13.6,gem
opf/openproject,stars,opentelemetry-instrumentation-grape,0.7.1,gem
opf/openproject,stars,concurrent-ruby,1.3.8,gem
opf/openproject,stars,auto_strip_attributes,2.6.0,gem
opf/openproject,stars,sanitize,7.0.0,gem
opf/openproject,stars,uri,1.1.1,gem
opf/openproject,stars,table_print,1.5.7,gem
opf/openproject,stars,omniauth-openid_connect-providers,~> 0.1,gem
opf/openproject,stars,shoulda-context,2.0.0,gem
opf/openproject,stars,aws-sigv4,1.12.1,gem
opf/openproject,stars,rubocop-ast,1.50.0,gem
opf/openproject,stars,rubocop-rspec_rails,2.32.0,gem
opf/openproject,stars,recaptcha,~> 5.7,gem
opf/openproject,stars,language_server-protocol,3.17.0.6,gem
opf/openproject,stars,rails-dom-testing,2.3.0,gem
opf/openproject,stars,connection_pool,3.0.2,gem
opf/openproject,stars,rack-mini-profiler,4.0.1,gem
opf/openproject,stars,opentelemetry-instrumentation-racecar,0.7.0,gem
opf/openproject,stars,rspec-mocks,3.13.8,gem
opf/openproject,stars,rbtree3,0.7.1,gem
opf/openproject,stars,googleapis-common-protos-types,1.23.0,gem
opf/openproject,stars,airbrake,13.0.5,gem
opf/openproject,stars,open4,1.3.4,gem
opf/openproject,stars,gravatar_image_tag,1.2.0,gem
opf/openproject,stars,opentelemetry-instrumentation-faraday,0.33.0,gem
opf/openproject,stars,anyway_config,2.8.0,gem
opf/openproject,stars,redis,6.0.0,gem
opf/openproject,stars,opentelemetry-instrumentation-active_job,0.13.0,gem
opf/openproject,stars,view_component,4.12.0,gem
opf/openproject,stars,op-clamav-client,3.4.2,gem
opf/openproject,stars,opentelemetry-instrumentation-trilogy,0.69.0,gem
opf/openproject,stars,pagy,43.6.2,gem
opf/openproject,stars,csv,3.3.6,gem
opf/openproject,stars,regexp_parser,2.12.0,gem
opf/openproject,stars,trailblazer-option,0.1.2,gem
opf/openproject,stars,yabeda-prometheus-mmap,0.4.0,gem
opf/openproject,stars,axe-core-rspec,4.13.0,gem
opf/openproject,stars,omniauth-saml,1.10.6,gem
opf/openproject,stars,selenium-webdriver,4.47.0,gem
opf/openproject,stars,rack-cors,2.0.2,gem
opf/openproject,stars,redcarpet,3.6.1,gem
opf/openproject,stars,prettyprint,0.2.0,gem
opf/openproject,stars,openproject-primer_view_components,0.91.1,gem
opf/openproject,stars,airbrake-ruby,6.2.2,gem
opf/openproject,stars,builder,3.3.0,gem
opf/openproject,stars,ruby-progressbar,1.13.0,gem
opf/openproject,stars,matrix,0.4.3,gem
opf/openproject,stars,rack,2.2.24,gem
opf/openproject,stars,costs,>= 0,gem
opf/openproject,stars,openssl,4.0.2,gem
opf/openproject,stars,rspec-retry,0.6.2,gem
opf/openproject,stars,meta-tags,2.23.0,gem
opf/openproject,stars,net-ldap,0.20.0,gem
opf/openproject,stars,opentelemetry-helpers-mysql,0.6.0,gem
opf/openproject,stars,front_matter_parser,1.0.1,gem
opf/openproject,stars,bigdecimal,4.1.2,gem
opf/openproject,stars,websocket-extensions,0.1.5,gem
opf/openproject,stars,grids,>= 0,gem
opf/openproject,stars,lograge,0.15.0,gem
opf/openproject,stars,yard,0.9.44,gem
opf/openproject,stars,vcr,6.4.0,gem
opf/openproject,stars,bindata,2.5.1,gem
opf/openproject,stars,axe-core-api,4.13.0,gem
opf/openproject,stars,json_schemer,2.5.0,gem
opf/openproject,stars,actionpack,8.1.3.1,gem
opf/openproject,stars,image_processing,1.14.0,gem
opf/openproject,stars,fog-json,1.4.0,gem
opf/openproject,stars,fuubar,2.5.1,gem
opf/openproject,stars,spring,4.7.0,gem
opf/openproject,stars,climate_control,1.2.0,gem
opf/openproject,stars,retriable,4.2.0,gem
opf/openproject,stars,net-protocol,0.2.2,gem
opf/openproject,stars,httpx,1.8.2,gem
opf/openproject,stars,opentelemetry-instrumentation-que,0.13.0,gem
opf/openproject,stars,opentelemetry-instrumentation-rails,0.42.0,gem
opf/openproject,stars,ice_cube,0.17.0,gem
opf/openproject,stars,dry-schema,1.16.0,gem
opf/openproject,stars,jmespath,1.6.2,gem
opf/openproject,stars,base64,0.3.0,gem
opf/openproject,stars,em-socksify,0.3.3,gem
opf/openproject,stars,rubocop-rails,2.37.0,gem
opf/openproject,stars,websocket,1.2.11,gem
opf/openproject,stars,markly,0.16.0,gem
opf/openproject,stars,activerecord-import,>= 0,gem
opf/openproject,stars,mini_mime,1.1.5,gem
opf/openproject,stars,rdoc,8.0.0,gem
opf/openproject,stars,ast,2.4.3,gem
opf/openproject,stars,fog-xml,0.1.5,gem
opf/openproject,stars,factory_girl_rails,~> 4.0,gem
opf/openproject,stars,reline,0.7.0,gem
opf/openproject,stars,rackup,1.0.1,gem
opf/openproject,stars,prism,1.9.0,gem
opf/openproject,stars,erblint-github,1.0.1,gem
opf/openproject,stars,email_validator,2.2.4,gem
opf/openproject,stars,deckar01-task_list,2.3.4,gem
opf/openproject,stars,opentelemetry-instrumentation-mongo,0.26.0,gem
opf/openproject,stars,fog-aws,3.33.2,gem
opf/openproject,stars,pry-rails,0.3.11,gem
opf/openproject,stars,xpath,3.2.0,gem
opf/openproject,stars,opentelemetry-instrumentation-dalli,0.30.0,gem
opf/openproject,stars,rails,8.1.3.1,gem
opf/openproject,stars,io-console,0.9.2,gem
opf/openproject,stars,yabeda-activerecord,0.1.2,gem
opf/openproject,stars,ruby-duration,3.2.3,gem
opf/openproject,stars,ferrum,0.18.0,gem
opf/openproject,stars,validate_email,0.1.6,gem
opf/openproject,stars,prometheus-client-mmap,1.6.0,gem
opf/openproject,stars,jwt,3.2.0,gem
opf/openproject,stars,cbor,0.5.10.3,gem
opf/openproject,stars,opentelemetry-instrumentation-base,0.26.1,gem
opf/openproject,stars,ffi,1.17.4,gem
opf/openproject,stars,opentelemetry-instrumentation-action_mailer,0.8.1,gem
opf/openproject,stars,activerecord-import,2.2.0,gem
opf/openproject,stars,opentelemetry-instrumentation-delayed_job,0.26.0,gem
opf/openproject,stars,dry-initializer,3.2.0,gem
opf/openproject,stars,interception,0.5,gem
opf/openproject,stars,lookbook,2.3.14,gem
opf/openproject,stars,actionpack-xml_parser,2.0.1,gem
opf/openproject,stars,declarative,0.0.20,gem
opf/openproject,stars,pry-byebug,3.12.0,gem
opf/openproject,stars,carrierwave_direct,3.0.0,gem
opf/openproject,stars,lobby_boy,0.1.3,gem
opf/openproject,stars,terminal-table,4.0.0,gem
opf/openproject,stars,omniauth-saml,~> 1.10.6,gem
opf/openproject,stars,yabeda-puma-plugin,0.9.0,gem
opf/openproject,stars,semantic,1.6.1,gem
opf/openproject,stars,rubytree,2.2.2,gem
opf/openproject,stars,acts_as_list,~> 1.2.0,gem
opf/openproject,stars,icalendar,">= 2.11.2,< 2.13.0",gem
opf/openproject,stars,activestorage,8.1.3.1,gem
opf/openproject,stars,safety_net_attestation,0.5.0,gem
opf/openproject,stars,http_parser.rb,0.8.1,gem
opf/openproject,stars,aws-sdk-sns,1.118.0,gem
opf/openproject,stars,crass,1.0.7,gem
opf/openproject,stars,opentelemetry-instrumentation-rack,0.31.1,gem
opf/openproject,stars,rbs,4.1.3,gem
opf/openproject,stars,dry-types,1.9.1,gem
opf/openproject,stars,aes_key_wrap,1.1.0,gem
opf/openproject,stars,ttfunk,1.7.0,gem
opf/openproject,stars,crack,1.0.1,gem
opf/openproject,stars,color_conversion,0.1.2,gem
opf/openproject,stars,loofah,2.25.2,gem
opf/openproject,stars,unicode-emoji,4.2.0,gem
opf/openproject,stars,googleauth,1.17.4,gem
opf/openproject,stars,rake-compiler-dock,1.12.0,gem
opf/openproject,stars,appsignal,4.10.1,gem
opf/openproject,stars,useragent,0.16.11,gem
opf/openproject,stars,rails-i18n,8.1.0,gem
opf/openproject,stars,rotp,~> 6.1,gem
opf/openproject,stars,aws-sdk-kms,1.130.0,gem
opf/openproject,stars,svg-graph,2.2.2,gem
opf/openproject,stars,opentelemetry-registry,0.6.3,gem
opf/openproject,stars,rubocop,1.90.0,gem
opf/openproject,stars,tsort,0.2.0,gem
opf/openproject,stars,parser,3.3.12.0,gem
opf/openproject,stars,optimist,3.2.1,gem
opf/openproject,stars,date_validator,0.12.0,gem
opf/openproject,stars,request_store,1.7.0,gem
opf/openproject,stars,rubyzip,">= 2.3,< 2.5",gem
opf/openproject,stars,dotenv,3.2.0,gem
opf/openproject,stars,browser,6.2.0,gem
opf/openproject,stars,aws-partitions,1.1280.0,gem
opf/openproject,stars,cgi,0.5.2,gem
opf/openproject,stars,rubocop-openproject,0.7.1,gem
opf/openproject,stars,ruby-saml,1.18.1,gem
opf/openproject,stars,excon,1.5.0,gem
opf/openproject,stars,spring-commands-rspec,1.0.4,gem
opf/openproject,stars,prawn-table,0.2.2,gem
opf/openproject,stars,swd,2.0.3,gem
opf/openproject,stars,opentelemetry-instrumentation-active_record,0.13.0,gem
opf/openproject,stars,json-schema,6.2.0,gem
opf/openproject,stars,carrierwave,2.2.7,gem
opf/openproject,stars,opentelemetry-instrumentation-sidekiq,0.29.0,gem
opf/openproject,stars,dry-validation,1.11.1,gem
opf/openproject,stars,logger,1.7.0,gem
opf/openproject,stars,ostruct,0.6.3,gem
opf/openproject,stars,tpm-key_attestation,0.14.1,gem
opf/openproject,stars,rubocop-capybara,3.0.0,gem
opf/openproject,stars,opentelemetry-instrumentation-grpc,0.5.2,gem
opf/openproject,stars,action_text-trix,2.1.19,gem
opf/openproject,stars,stringex,2.8.6,gem
opf/openproject,stars,opentelemetry-instrumentation-graphql,0.32.0,gem
opf/openproject,stars,opentelemetry-instrumentation-rake,0.6.0,gem
opf/openproject,stars,puma,8.0.2,gem
opf/openproject,stars,sprockets-rails,3.5.2,gem
opf/openproject,stars,ruby-rc4,0.1.5,gem
opf/openproject,stars,nio4r,2.7.5,gem
opf/openproject,stars,pg,1.6.3,gem
opf/openproject,stars,opentelemetry-instrumentation-rdkafka,0.10.0,gem
opf/openproject,stars,okcomputer,1.19.2,gem
opf/openproject,stars,recaptcha,5.21.2,gem
opf/openproject,stars,puma-plugin-statsd,2.8.0,gem
opf/openproject,stars,activerecord-nulldb-adapter,1.2.2,gem
opf/openproject,stars,rouge,4.7.0,gem
opf/openproject,stars,rexml,3.4.4,gem
opf/openproject,stars,activejob,8.1.3.1,gem
opf/openproject,stars,nokogiri,1.19.4,gem
opf/openproject,stars,opentelemetry-instrumentation-aws_sdk,0.12.0,gem
opf/openproject,stars,hana,1.3.7,gem
opf/openproject,stars,signet,0.22.0,gem
opf/openproject,stars,rubocop-performance,1.27.0,gem
opf/openproject,stars,unicode-display_width,3.2.0,gem
opf/openproject,stars,racc,1.8.1,gem
opf/openproject,stars,statesman,13.3.0,gem
opf/openproject,stars,ladle,1.0.1,gem
opf/openproject,stars,uber,0.1.0,gem
opf/openproject,stars,android_key_attestation,0.3.0,gem
opf/openproject,stars,webrick,1.9.2,gem
opf/openproject,stars,json,2.21.2,gem
opf/openproject,stars,securerandom,0.4.1,gem
opf/openproject,stars,actionview,8.1.3.1,gem
opf/openproject,stars,daemons,1.4.1,gem
opf/openproject,stars,activemodel,8.1.3.1,gem
opf/openproject,stars,cuprite,0.18,gem
opf/openproject,stars,ice_nine,0.11.2,gem
opf/openproject,stars,i18n-js,4.2.4,gem
opf/openproject,stars,rack-timeout,0.7.0,gem
opf/openproject,stars,opentelemetry-instrumentation-active_model_serializers,0.25.0,gem
opf/openproject,stars,yabeda,0.16.0,gem
opf/openproject,stars,eventmachine_httpserver,0.2.1,gem
opf/openproject,stars,erb,6.0.7,gem
opf/openproject,stars,opentelemetry-api,1.11.0,gem
opf/openproject,stars,webmock,3.26.3,gem
opf/openproject,stars,capybara-screenshot,1.0.27,gem
opf/openproject,stars,byebug,13.0.0,gem
opf/openproject,stars,drb,2.2.3,gem
opf/openproject,stars,benchmark,0.5.0,gem
opf/openproject,stars,cookiejar,0.3.4,gem
opf/openproject,stars,opentelemetry-instrumentation-anthropic,0.5.0,gem
opf/openproject,stars,ssrf_filter,1.5.0,gem
opf/openproject,stars,coderay,1.1.3,gem
opf/openproject,stars,factory_bot,6.6.0,gem
opf/openproject,stars,thor,1.5.0,gem
opf/openproject,stars,htmldiff,0.0.1,gem
opf/openproject,stars,websocket-driver,0.8.2,gem
opf/openproject,stars,ruby-ole,1.2.13.1,gem
opf/openproject,stars,icalendar,2.12.4,gem
opf/openproject,stars,rspec-support,3.13.7,gem
opf/openproject,stars,activerecord,8.1.3.1,gem
opf/openproject,stars,activemodel-serializers-xml,1.0.3,gem
opf/openproject,stars,opentelemetry-instrumentation-pg,0.37.0,gem
opf/openproject,stars,shoulda-matchers,8.0.1,gem
opf/openproject,stars,dalli,5.1.0,gem
opf/openproject,stars,opentelemetry-instrumentation-redis,0.29.0,gem
opf/openproject,stars,rake,13.4.2,gem
opf/openproject,stars,opentelemetry-instrumentation-action_pack,0.18.0,gem
opf/openproject,stars,rspec-rails,8.0.4,gem
opf/openproject,stars,hashie,5.1.0,gem
opf/openproject,stars,ruby-next-core,1.2.0,gem
spree/spree,stars,stringex,>= 0,gem
spree/spree,stars,spree,>= 0,gem
spree/spree,stars,vcr,>= 0,gem
spree/spree,stars,ostruct,>= 0,gem
spree/spree,stars,cancancan,~> 3.2,gem
spree/spree,stars,jwt,~> 3.1,gem
spree/spree,stars,ar_lazy_preload,~> 2.0,gem
spree/spree,stars,opentelemetry-instrumentation-concurrent_ruby,>= 0,gem
spree/spree,stars,opentelemetry-instrumentation-net_http,>= 0,gem
spree/spree,stars,oj,~> 3.16,gem
spree/spree,stars,typelizer,~> 0.11.0,gem
spree/spree,stars,acts-as-taggable-on,>= 0,gem
spree/spree,stars,opentelemetry-instrumentation-active_support,>= 0,gem
spree/spree,stars,nokogiri,~> 1.18,gem
spree/spree,stars,opentelemetry-instrumentation-action_pack,>= 0,gem
spree/spree,stars,opentelemetry-exporter-otlp,~> 0.26,gem
spree/spree,stars,opentelemetry-sdk,~> 1.0,gem
spree/spree,stars,easypost,~> 7.0,gem
spree/spree,stars,rails-html-sanitizer,~> 1.6,gem
spree/spree,stars,geocoder,>= 0,gem
spree/spree,stars,email_spec,~> 2.2,gem
spree/spree,stars,spree_core,>= 0,gem
spree/spree,stars,image_processing,~> 1.2,gem
spree/spree,stars,valvat,~> 2.0,gem
spree/spree,stars,safely_block,">= 0.4,< 2.0",gem
spree/spree,stars,friendly_id,"~> 5.2,>= 5.2.1",gem
spree/spree,stars,benchmark,>= 0,gem
spree/spree,stars,stripe,">= 10.1,< 19",gem
spree/spree,stars,awesome_nested_set,"~> 3.3,>= 3.3.1",gem
spree/spree,stars,loofah,~> 2.21,gem
spree/spree,stars,pagy,>= 43.3,gem
spree/spree,stars,monetize,~> 1.9,gem
spree/spree,stars,active_storage_validations,">= 1.3,< 4",gem
spree/spree,stars,i18n-tasks,>= 0,gem
spree/spree,stars,acts_as_list,>= 0.8,gem
spree/spree,stars,mobility-ransack,~> 1.2,gem
spree/spree,stars,rexml,>= 0,gem
spree/spree,stars,ransack,>= 4.1,gem
spree/spree,stars,name_of_person,~> 1.1,gem
spree/spree,stars,opentelemetry-instrumentation-active_record,>= 0,gem
spree/spree,stars,alba,~> 3.0,gem
spree/spree,stars,validates_zipcode,>= 0,gem
spree/spree,stars,bcrypt,~> 3.1,gem
spree/spree,stars,opentelemetry-instrumentation-action_mailer,>= 0,gem
spree/spree,stars,paranoia,>= 2.4,gem
spree/spree,stars,money,~> 6.13,gem
spree/spree,stars,rails,">= 8.1,< 8.2",gem
spree/spree,stars,meilisearch,>= 0.28,gem
spree/spree,stars,tracking_number,>= 0,gem
spree/spree,stars,wannabe_bool,>= 0,gem
spree/spree,stars,friendly_id-mobility,~> 1.0,gem
spree/spree,stars,sqids,~> 0.2,gem
spree/spree,stars,json,< 3,gem
spree/spree,stars,ssrf_filter,~> 1.0,gem
spree/spree,stars,request_store,~> 1.5,gem
spree/spree,stars,rswag-specs,>= 0,gem
spree/spree,stars,mobility,"~> 1.3,>= 1.3.2",gem
spree/spree,stars,phonelib,~> 0.10,gem
spree/spree,stars,countries,>= 0,gem
spree/spree,stars,highline,">= 2,< 4",gem
spree/spree,stars,opentelemetry-instrumentation-active_job,>= 0,gem
spree/spree,stars,opentelemetry-instrumentation-rack,>= 0,gem
CocoaPods/CocoaPods,stars,language_server-protocol,3.17.0.6,gem
CocoaPods/CocoaPods,stars,listen,1.3.1,gem
CocoaPods/CocoaPods,stars,lint_roller,1.1.0,gem
CocoaPods/CocoaPods,stars,netrc,0.11.0,gem
CocoaPods/CocoaPods,stars,faraday,1.10.6,gem
CocoaPods/CocoaPods,stars,rb-kqueue,0.2.8,gem
CocoaPods/CocoaPods,stars,simplecov_json_formatter,0.1.4,gem
CocoaPods/CocoaPods,stars,docile,1.4.1,gem
CocoaPods/CocoaPods,stars,sync,0.5.0,gem
CocoaPods/CocoaPods,stars,unicode-emoji,4.2.0,gem
CocoaPods/CocoaPods,stars,bacon,~> 1.1,gem
CocoaPods/CocoaPods,stars,claide,">= 1.0.2,< 2.0",gem
CocoaPods/CocoaPods,stars,bundler,~> 2.0,gem
CocoaPods/CocoaPods,stars,cocoapods_debug,0.1.0,gem
CocoaPods/CocoaPods,stars,rake,12.3.3,gem
CocoaPods/CocoaPods,stars,yard,0.9.37,gem
CocoaPods/CocoaPods,stars,faraday-net_http,1.0.2,gem
CocoaPods/CocoaPods,stars,fourflusher,">= 2.3.0,< 3.0",gem
CocoaPods/CocoaPods,stars,cocoapods-search,">= 1.0.0,< 2.0",gem
CocoaPods/CocoaPods,stars,nap,~> 1.0,gem
CocoaPods/CocoaPods,stars,cocoapods-trunk,">= 1.6.0,< 2.0",gem
CocoaPods/CocoaPods,stars,faraday-patron,1.0.0,gem
CocoaPods/CocoaPods,stars,prism,1.9.0,gem
CocoaPods/CocoaPods,stars,atomos,0.1.3,gem
CocoaPods/CocoaPods,stars,pry,0.10.3,gem
CocoaPods/CocoaPods,stars,sparkr,0.4.1,gem
CocoaPods/CocoaPods,stars,concurrent-ruby,1.3.4,gem
CocoaPods/CocoaPods,stars,ruby-progressbar,1.13.0,gem
CocoaPods/CocoaPods,stars,httpclient,2.8.3,gem
CocoaPods/CocoaPods,stars,pstore,0.2.1,gem
CocoaPods/CocoaPods,stars,colored2,3.1.2,gem
CocoaPods/CocoaPods,stars,tins,1.37.0,gem
CocoaPods/CocoaPods,stars,claide-plugins,0.9.2,gem
CocoaPods/CocoaPods,stars,sawyer,0.8.2,gem
CocoaPods/CocoaPods,stars,terminal-table,4.0.0,gem
CocoaPods/CocoaPods,stars,process_executer,4.0.4,gem
CocoaPods/CocoaPods,stars,cocoapods-try,">= 1.1.0,< 2.0",gem
CocoaPods/CocoaPods,stars,cocoapods-deintegrate,">= 1.0.3,< 2.0",gem
CocoaPods/CocoaPods,stars,tzinfo,2.0.6,gem
CocoaPods/CocoaPods,stars,json,2.7.5,gem
CocoaPods/CocoaPods,stars,mocha,1.4.0,gem
CocoaPods/CocoaPods,stars,faraday-retry,1.0.4,gem
CocoaPods/CocoaPods,stars,mocha-on-bacon,0.2.3,gem
CocoaPods/CocoaPods,stars,cocoapods-downloader,">= 2.1,< 3.0",gem
CocoaPods/CocoaPods,stars,gh_inspector,~> 1.0,gem
CocoaPods/CocoaPods,stars,ruby-prof,1.7.1,gem
CocoaPods/CocoaPods,stars,kicker,3.0.0,gem
CocoaPods/CocoaPods,stars,regexp_parser,2.12.0,gem
CocoaPods/CocoaPods,stars,algoliasearch,1.27.5,gem
CocoaPods/CocoaPods,stars,ffi,1.17.0,gem
CocoaPods/CocoaPods,stars,ast,2.4.3,gem
CocoaPods/CocoaPods,stars,rubocop-ast,1.49.1,gem
CocoaPods/CocoaPods,stars,nkf,0.3.0,gem
CocoaPods/CocoaPods,stars,open4,1.3.4,gem
CocoaPods/CocoaPods,stars,crack,1.0.0,gem
CocoaPods/CocoaPods,stars,i18n,1.14.6,gem
CocoaPods/CocoaPods,stars,track_open_instances,0.1.15,gem
CocoaPods/CocoaPods,stars,faraday-httpclient,1.0.1,gem
CocoaPods/CocoaPods,stars,term-ansicolor,1.11.2,gem
CocoaPods/CocoaPods,stars,public_suffix,4.0.7,gem
CocoaPods/CocoaPods,stars,cork,0.3.0,gem
CocoaPods/CocoaPods,stars,faraday-em_synchrony,1.0.1,gem
CocoaPods/CocoaPods,stars,faraday-em_http,1.0.0,gem
CocoaPods/CocoaPods,stars,simplecov-html,0.13.1,gem
CocoaPods/CocoaPods,stars,faraday-rack,1.0.0,gem
CocoaPods/CocoaPods,stars,slop,3.6.0,gem
CocoaPods/CocoaPods,stars,multipart-post,2.4.1,gem
CocoaPods/CocoaPods,stars,parser,3.3.11.1,gem
CocoaPods/CocoaPods,stars,mutex_m,0.3.0,gem
CocoaPods/CocoaPods,stars,gh_inspector,1.1.3,gem
CocoaPods/CocoaPods,stars,xcodeproj,">= 1.28.1,< 2.0",gem
CocoaPods/CocoaPods,stars,rb-fsevent,0.11.2,gem
CocoaPods/CocoaPods,stars,awesome_print,1.9.2,gem
CocoaPods/CocoaPods,stars,rexml,3.4.4,gem
CocoaPods/CocoaPods,stars,zeitwerk,2.6.18,gem
CocoaPods/CocoaPods,stars,bigdecimal,3.1.8,gem
CocoaPods/CocoaPods,stars,ethon,0.16.0,gem
CocoaPods/CocoaPods,stars,faraday-excon,1.1.0,gem
CocoaPods/CocoaPods,stars,addressable,2.9.0,gem
CocoaPods/CocoaPods,stars,kramdown,2.5.2,gem
CocoaPods/CocoaPods,stars,webmock,3.24.0,gem
CocoaPods/CocoaPods,stars,diffy,3.4.3,gem
CocoaPods/CocoaPods,stars,addressable,~> 2.8,gem
CocoaPods/CocoaPods,stars,hashdiff,1.1.1,gem
CocoaPods/CocoaPods,stars,prettybacon,0.0.2,gem
CocoaPods/CocoaPods,stars,rb-inotify,0.11.1,gem
CocoaPods/CocoaPods,stars,ruby-macho,4.1.0,gem
CocoaPods/CocoaPods,stars,method_source,0.8.2,gem
CocoaPods/CocoaPods,stars,octokit,4.18.0,gem
CocoaPods/CocoaPods,stars,rubocop,1.88.1,gem
CocoaPods/CocoaPods,stars,racc,1.8.1,gem
CocoaPods/CocoaPods,stars,ruby-graphviz,1.2.4,gem
CocoaPods/CocoaPods,stars,rchardet,1.10.2,gem
CocoaPods/CocoaPods,stars,cocoapods-dependencies,1.3.0,gem
CocoaPods/CocoaPods,stars,CFPropertyList,3.0.8,gem
CocoaPods/CocoaPods,stars,colored2,~> 3.1,gem
CocoaPods/CocoaPods,stars,coderay,1.1.3,gem
CocoaPods/CocoaPods,stars,fourflusher,2.3.1,gem
CocoaPods/CocoaPods,stars,rake,~> 12.3,gem
CocoaPods/CocoaPods,stars,molinillo,~> 0.8.0,gem
CocoaPods/CocoaPods,stars,cocoapods-plugins,">= 1.0.0,< 2.0",gem
CocoaPods/CocoaPods,stars,metaclass,0.0.4,gem
CocoaPods/CocoaPods,stars,activesupport,6.1.7.10,gem
CocoaPods/CocoaPods,stars,faraday-http-cache,2.7.0,gem
CocoaPods/CocoaPods,stars,inch,0.8.0,gem
CocoaPods/CocoaPods,stars,parallel,2.1.0,gem
CocoaPods/CocoaPods,stars,faraday-net_http_persistent,1.2.0,gem
CocoaPods/CocoaPods,stars,ruby-macho,~> 4.1.0,gem
CocoaPods/CocoaPods,stars,typhoeus,1.4.1,gem
CocoaPods/CocoaPods,stars,unicode-display_width,3.2.0,gem
CocoaPods/CocoaPods,stars,notify,0.5.2,gem
CocoaPods/CocoaPods,stars,simplecov,0.22.0,gem
CocoaPods/CocoaPods,stars,kramdown-parser-gfm,1.1.0,gem
CocoaPods/CocoaPods,stars,minitest,5.25.1,gem
CocoaPods/CocoaPods,stars,rainbow,3.1.1,gem
CocoaPods/CocoaPods,stars,base64,0.3.0,gem
CocoaPods/CocoaPods,stars,danger,9.6.0,gem
CocoaPods/CocoaPods,stars,faraday-multipart,1.2.0,gem
CocoaPods/CocoaPods,stars,ruby2_keywords,0.0.5,gem
CocoaPods/CocoaPods,stars,nap,1.1.0,gem
CocoaPods/CocoaPods,stars,git,4.3.2,gem
CocoaPods/CocoaPods,stars,fuzzy_match,2.0.4,gem
basecamp/kamal,stars,rbs,4.1.1,gem
basecamp/kamal,stars,sshkit,">= 1.23.0,< 2.0",gem
basecamp/kamal,stars,zeitwerk,">= 2.6.18,< 3.0",gem
basecamp/kamal,stars,ed25519,~> 1.4,gem
basecamp/kamal,stars,unicode-emoji,4.2.0,gem
basecamp/kamal,stars,json,2.21.1,gem
basecamp/kamal,stars,rdoc,8.0.0,gem
basecamp/kamal,stars,builder,3.3.0,gem
basecamp/kamal,stars,minitest,5.27.0,gem
basecamp/kamal,stars,drb,2.2.3,gem
basecamp/kamal,stars,rake,13.4.2,gem
basecamp/kamal,stars,minitest,< 6,gem
basecamp/kamal,stars,nokogiri,1.19.4,gem
basecamp/kamal,stars,bigdecimal,4.1.2,gem
basecamp/kamal,stars,ostruct,0.6.3,gem
basecamp/kamal,stars,activesupport,8.1.3.1,gem
basecamp/kamal,stars,erb,6.0.6,gem
basecamp/kamal,stars,concurrent-ruby,1.3.8,gem
basecamp/kamal,stars,rails-html-sanitizer,1.7.1,gem
basecamp/kamal,stars,irb,1.18.0,gem
basecamp/kamal,stars,lint_roller,1.1.0,gem
basecamp/kamal,stars,net-ssh,7.3.3,gem
basecamp/kamal,stars,activesupport,>= 7.0,gem
basecamp/kamal,stars,rack,3.2.6,gem
basecamp/kamal,stars,loofah,2.25.2,gem
basecamp/kamal,stars,ed25519,1.4.0,gem
basecamp/kamal,stars,pp,0.6.4,gem
basecamp/kamal,stars,bcrypt_pbkdf,1.1.2,gem
basecamp/kamal,stars,mocha,3.1.0,gem
basecamp/kamal,stars,mocha,>= 0,gem
basecamp/kamal,stars,rack-session,2.1.2,gem
basecamp/kamal,stars,net-sftp,4.0.0,gem
basecamp/kamal,stars,tzinfo,2.0.6,gem
basecamp/kamal,stars,rack-test,2.2.0,gem
basecamp/kamal,stars,actionview,8.1.3.1,gem
basecamp/kamal,stars,parser,3.3.10.0,gem
basecamp/kamal,stars,language_server-protocol,3.17.0.5,gem
basecamp/kamal,stars,racc,1.8.1,gem
basecamp/kamal,stars,rubocop-performance,1.26.1,gem
basecamp/kamal,stars,unicode-display_width,3.2.0,gem
basecamp/kamal,stars,io-console,0.8.2,gem
basecamp/kamal,stars,erubi,1.13.1,gem
basecamp/kamal,stars,useragent,0.16.11,gem
basecamp/kamal,stars,debug,>= 0,gem
basecamp/kamal,stars,bcrypt_pbkdf,~> 1.0,gem
basecamp/kamal,stars,ast,2.4.3,gem
basecamp/kamal,stars,ruby-progressbar,1.13.0,gem
basecamp/kamal,stars,thor,1.5.0,gem
basecamp/kamal,stars,prism,1.7.0,gem
basecamp/kamal,stars,reline,0.6.3,gem
basecamp/kamal,stars,concurrent-ruby,~> 1.2,gem
basecamp/kamal,stars,railties,>= 0,gem
basecamp/kamal,stars,dotenv,3.2.0,gem
basecamp/kamal,stars,rubocop-ast,1.49.0,gem
basecamp/kamal,stars,zeitwerk,2.8.2,gem
basecamp/kamal,stars,tsort,0.2.0,gem
basecamp/kamal,stars,prettyprint,0.2.0,gem
basecamp/kamal,stars,railties,8.1.3.1,gem
basecamp/kamal,stars,base64,~> 0.2,gem
basecamp/kamal,stars,dotenv,~> 3.1,gem
basecamp/kamal,stars,base64,0.3.0,gem
basecamp/kamal,stars,sshkit,1.25.1,gem
basecamp/kamal,stars,net-scp,4.1.0,gem
basecamp/kamal,stars,rubocop-rails-omakase,1.1.0,gem
basecamp/kamal,stars,regexp_parser,2.11.3,gem
basecamp/kamal,stars,rainbow,3.1.1,gem
basecamp/kamal,stars,parallel,1.27.0,gem
basecamp/kamal,stars,debug,1.11.1,gem
basecamp/kamal,stars,i18n,1.15.2,gem
basecamp/kamal,stars,logger,1.7.0,gem
basecamp/kamal,stars,crass,1.0.7,gem
basecamp/kamal,stars,actionpack,8.1.3.1,gem
basecamp/kamal,stars,rails-dom-testing,2.3.0,gem
basecamp/kamal,stars,ruby2_keywords,0.0.5,gem
basecamp/kamal,stars,connection_pool,3.0.2,gem
basecamp/kamal,stars,rackup,2.3.1,gem
basecamp/kamal,stars,net-ssh,~> 7.3,gem
basecamp/kamal,stars,thor,~> 1.3,gem
basecamp/kamal,stars,securerandom,0.4.1,gem
basecamp/kamal,stars,uri,1.1.1,gem
basecamp/kamal,stars,rubocop,1.82.1,gem
basecamp/kamal,stars,rubocop-rails,2.34.3,gem
neutraltone/awesome-stock-resources,stars,danger,>= 0,gem
neutraltone/awesome-stock-resources,stars,awesome_bot,>= 0,gem
gollum/gollum,stars,gemojione,~> 4.1,gem
gollum/gollum,stars,rack,>= 3.0,gem
gollum/gollum,stars,capybara,>= 0,gem
gollum/gollum,stars,selenium-webdriver,>= 0,gem
gollum/gollum,stars,rdoc,~> 6,gem
gollum/gollum,stars,rackup,~> 2.1,gem
gollum/gollum,stars,useragent,~> 0.16.2,gem
gollum/gollum,stars,kramdown-parser-gfm,~> 1.1.0,gem
gollum/gollum,stars,therubyrhino,~> 2.1.0,gem
gollum/gollum,stars,jar-dependencies,< 0.5,gem
gollum/gollum,stars,terser,~> 1.1,gem
gollum/gollum,stars,kramdown,~> 2.3,gem
gollum/gollum,stars,mocha,~> 2.0,gem
gollum/gollum,stars,sinatra-contrib,~> 4.0,gem
gollum/gollum,stars,sprockets-helpers,~> 1.2,gem
gollum/gollum,stars,rake,~> 13.0,gem
gollum/gollum,stars,sinatra,~> 4.0,gem
gollum/gollum,stars,mustache-sinatra,~> 2.0,gem
gollum/gollum,stars,webrick,~> 1.7,gem
gollum/gollum,stars,test-unit,~> 3.3.0,gem
gollum/gollum,stars,sassc-embedded,~> 1.80,gem
gollum/gollum,stars,rss,~> 0.3,gem
gollum/gollum,stars,i18n,~> 1.8,gem
gollum/gollum,stars,shoulda,~> 3.6.0,gem
gollum/gollum,stars,octicons,~> 19.0,gem
gollum/gollum,stars,gollum-lib,~> 6.0,gem
gollum/gollum,stars,minitest-reporters,~> 1.3.6,gem
gollum/gollum,stars,rack-test,~> 0.6.3,gem
gollum/gollum,stars,sprockets,~> 4.1,gem
tmuxinator/tmuxinator,stars,pry,~> 0.15,gem
tmuxinator/tmuxinator,stars,thor,~> 1.4.0,gem
tmuxinator/tmuxinator,stars,simplecov,~> 0.22,gem
tmuxinator/tmuxinator,stars,rspec,~> 3.13,gem
tmuxinator/tmuxinator,stars,factory_bot,~> 6.5,gem
tmuxinator/tmuxinator,stars,rubocop,~> 1.79,gem
tmuxinator/tmuxinator,stars,erubi,~> 1.13,gem
tmuxinator/tmuxinator,stars,amazing_print,~> 1.8,gem
tmuxinator/tmuxinator,stars,rake,~> 13.3,gem
tmuxinator/tmuxinator,stars,bundler,>= 1.3,gem
github-linguist/linguist,stars,rdoc,6.3.0,gem
github-linguist/linguist,stars,webdrivers,4.5.0,gem
github-linguist/linguist,stars,minitest-retry,0.2.1,gem
github-linguist/linguist,stars,json,2.5.1,gem
github-linguist/linguist,stars,cgi,>= 0,gem
github-linguist/linguist,stars,regexp_parser,1.8.2,gem
github-linguist/linguist,stars,delayed_job_active_record,4.1.5,gem
github-linguist/linguist,stars,method_source,1.0.0,gem
github-linguist/linguist,stars,path_expander,1.1.0,gem
github-linguist/linguist,stars,benchmark-ips,2.8.4,gem
github-linguist/linguist,stars,rb-inotify,0.10.1,gem
github-linguist/linguist,stars,qunit-selenium,0.0.4,gem
github-linguist/linguist,stars,multi_json,1.15.0,gem
github-linguist/linguist,stars,rb-fsevent,0.10.4,gem
github-linguist/linguist,stars,turbolinks,5.2.1,gem
github-linguist/linguist,stars,digest-crc,0.6.3,gem
github-linguist/linguist,stars,amq-protocol,2.3.2,gem
github-linguist/linguist,stars,blade,0.7.1,gem
github-linguist/linguist,stars,turbolinks-source,5.2.0,gem
github-linguist/linguist,stars,resque,2.0.0,gem
github-linguist/linguist,stars,mustache,1.1.1,gem
github-linguist/linguist,stars,aws-sdk-s3,1.87.0,gem
github-linguist/linguist,stars,image_processing,1.12.1,gem
github-linguist/linguist,stars,rails-dom-testing,2.0.3,gem
github-linguist/linguist,stars,parallel,1.20.1,gem
github-linguist/linguist,stars,sucker_punch,2.1.2,gem
github-linguist/linguist,stars,sigdump,0.2.4,gem
github-linguist/linguist,stars,jdbc-postgres,42.2.14,gem
github-linguist/linguist,stars,azure-storage-blob,2.0.1,gem
github-linguist/linguist,stars,redcarpet,3.2.3,gem
github-linguist/linguist,stars,rails-html-sanitizer,1.3.0,gem
github-linguist/linguist,stars,rack-cache,1.12.1,gem
github-linguist/linguist,stars,loofah,2.9.0,gem
github-linguist/linguist,stars,que,0.14.3,gem
github-linguist/linguist,stars,globalid,0.4.2,gem
github-linguist/linguist,stars,msgpack,1.3.3,gem
github-linguist/linguist,stars,em-http-request,1.1.7,gem
github-linguist/linguist,stars,delayed_job,4.1.9,gem
github-linguist/linguist,stars,aws-sdk-core,3.111.2,gem
github-linguist/linguist,stars,rubocop-rails,2.9.1,gem
github-linguist/linguist,stars,webpacker,5.2.1,gem
github-linguist/linguist,stars,sdoc,2.0.4,gem
github-linguist/linguist,stars,google-cloud-errors,1.0.1,gem
github-linguist/linguist,stars,webmock,3.11.1,gem
github-linguist/linguist,stars,sqlite3,1.4.2,gem
github-linguist/linguist,stars,declarative-option,0.1.0,gem
github-linguist/linguist,stars,sprockets-export,1.0.0,gem
github-linguist/linguist,stars,cookiejar,0.3.3,gem
github-linguist/linguist,stars,bcrypt,3.1.16,gem
github-linguist/linguist,stars,rubocop-ast,1.4.0,gem
github-linguist/linguist,stars,mini_portile2,2.5.0,gem
github-linguist/linguist,stars,mini_mime,~> 1.0,gem
github-linguist/linguist,stars,uber,0.1.0,gem
github-linguist/linguist,stars,sass-rails,6.0.0,gem
github-linguist/linguist,stars,rexml,3.2.4,gem
github-linguist/linguist,stars,sequel,5.40.0,gem
github-linguist/linguist,stars,aws-sdk-kms,1.41.0,gem
github-linguist/linguist,stars,websocket-extensions,0.1.5,gem
github-linguist/linguist,stars,multipart-post,2.1.1,gem
github-linguist/linguist,stars,sprockets-rails,3.2.2,gem
github-linguist/linguist,stars,mini_magick,4.11.0,gem
github-linguist/linguist,stars,google-cloud-core,1.5.0,gem
github-linguist/linguist,stars,rugged,~> 1.0,gem
github-linguist/linguist,stars,psych,3.3.0,gem
github-linguist/linguist,stars,mono_logger,1.1.0,gem
github-linguist/linguist,stars,daemons,1.3.1,gem
github-linguist/linguist,stars,event_emitter,0.2.6,gem
github-linguist/linguist,stars,mocha,~> 2.1,gem
github-linguist/linguist,stars,tzinfo-data,1.2020.6,gem
github-linguist/linguist,stars,rubocop,1.8.1,gem
github-linguist/linguist,stars,websocket-driver,0.7.3,gem
github-linguist/linguist,stars,signet,0.14.0,gem
github-linguist/linguist,stars,dante,0.2.0,gem
github-linguist/linguist,stars,uglifier,4.2.0,gem
github-linguist/linguist,stars,kindlerb,1.2.0,gem
github-linguist/linguist,stars,curses,1.0.2,gem
github-linguist/linguist,stars,licensee,~> 9.15,gem
github-linguist/linguist,stars,resque-scheduler,4.4.0,gem
github-linguist/linguist,stars,activerecord-jdbcsqlite3-adapter,61.0,gem
github-linguist/linguist,stars,rubocop-packaging,0.5.1,gem
github-linguist/linguist,stars,activerecord-jdbcpostgresql-adapter,61.0,gem
github-linguist/linguist,stars,rake-compiler,~> 0.9,gem
github-linguist/linguist,stars,webrick,1.7.0,gem
github-linguist/linguist,stars,tilt,2.0.10,gem
github-linguist/linguist,stars,ansi,1.5.0,gem
github-linguist/linguist,stars,nio4r,2.5.4,gem
github-linguist/linguist,stars,representable,3.0.4,gem
github-linguist/linguist,stars,w3c_validators,1.3.6,gem
github-linguist/linguist,stars,os,1.1.1,gem
github-linguist/linguist,stars,pry,~> 0.14,gem
github-linguist/linguist,stars,vegas,0.1.11,gem
github-linguist/linguist,stars,wdm,0.1.1,gem
github-linguist/linguist,stars,rake,~> 13.0,gem
github-linguist/linguist,stars,minitest-reporters,1.4.2,gem
github-linguist/linguist,stars,execjs,2.7.0,gem
github-linguist/linguist,stars,backburner,1.5.0,gem
github-linguist/linguist,stars,rouge,3.26.0,gem
github-linguist/linguist,stars,http_parser.rb,0.6.0,gem
github-linguist/linguist,stars,aws-eventstream,1.1.0,gem
github-linguist/linguist,stars,libxml-ruby,3.2.1,gem
github-linguist/linguist,stars,ruby-vips,2.0.17,gem
github-linguist/linguist,stars,tzinfo,2.0.4,gem
github-linguist/linguist,stars,nokogiri,1.11.1,gem
github-linguist/linguist,stars,crack,0.4.5,gem
github-linguist/linguist,stars,faraday_middleware,1.0.0,gem
github-linguist/linguist,stars,marcel,0.3.3,gem
github-linguist/linguist,stars,dalli,2.7.11,gem
github-linguist/linguist,stars,memoist,0.16.2,gem
github-linguist/linguist,stars,redis-namespace,1.8.1,gem
github-linguist/linguist,stars,minitest,~> 5.15,gem
github-linguist/linguist,stars,ffi,1.14.2,gem
github-linguist/linguist,stars,parser,3.0.0.0,gem
github-linguist/linguist,stars,sassc-rails,2.1.2,gem
github-linguist/linguist,stars,unicode-display_width,2.0.0,gem
github-linguist/linguist,stars,eventmachine,1.2.7,gem
github-linguist/linguist,stars,et-orbi,1.2.4,gem
github-linguist/linguist,stars,azure-storage-common,2.0.2,gem
github-linguist/linguist,stars,coffee-script-source,1.12.2,gem
github-linguist/linguist,stars,mini_mime,1.0.2,gem
github-linguist/linguist,stars,minitest-bisect,1.5.1,gem
github-linguist/linguist,stars,google-apis-iamcredentials_v1,0.1.0,gem
github-linguist/linguist,stars,bunny,2.17.0,gem
github-linguist/linguist,stars,faye-websocket,0.11.0,gem
github-linguist/linguist,stars,sinatra,2.1.0,gem
github-linguist/linguist,stars,ruby2_keywords,0.0.4,gem
github-linguist/linguist,stars,plist,~> 3.1,gem
github-linguist/linguist,stars,listen,3.4.1,gem
github-linguist/linguist,stars,puma,5.1.1,gem
github-linguist/linguist,stars,byebug,11.1.3,gem
github-linguist/linguist,stars,declarative,0.0.20,gem
github-linguist/linguist,stars,stackprof,0.2.16,gem
github-linguist/linguist,stars,rake,13.0.3,gem
github-linguist/linguist,stars,jwt,2.2.2,gem
github-linguist/linguist,stars,activerecord-jdbc-adapter,61.0,gem
github-linguist/linguist,stars,activerecord-jdbcmysql-adapter,61.0,gem
github-linguist/linguist,stars,coffee-script,2.4.1,gem
github-linguist/linguist,stars,useragent,0.16.10,gem
github-linguist/linguist,stars,hashdiff,1.0.1,gem
github-linguist/linguist,stars,rainbow,3.0.0,gem
github-linguist/linguist,stars,sneakers,2.11.0,gem
github-linguist/linguist,stars,childprocess,4.0.0,gem
github-linguist/linguist,stars,pg,1.2.3,gem
github-linguist/linguist,stars,faraday-net_http,1.0.1,gem
github-linguist/linguist,stars,faye,1.4.0,gem
github-linguist/linguist,stars,i18n,1.8.7,gem
github-linguist/linguist,stars,mimemagic,0.3.5,gem
github-linguist/linguist,stars,sprockets,4.0.2,gem
github-linguist/linguist,stars,google-apis-storage_v1,0.1.0,gem
github-linguist/linguist,stars,semantic_range,2.3.1,gem
github-linguist/linguist,stars,googleauth,0.14.0,gem
github-linguist/linguist,stars,selenium-webdriver,4.0.0.alpha7,gem
github-linguist/linguist,stars,google-cloud-env,1.4.0,gem
github-linguist/linguist,stars,mustermann,1.1.1,gem
github-linguist/linguist,stars,thin,1.8.0,gem
github-linguist/linguist,stars,retriable,3.1.2,gem
github-linguist/linguist,stars,mail,2.7.1,gem
github-linguist/linguist,stars,licensed,~> 5.0,gem
github-linguist/linguist,stars,aws-sigv4,1.2.2,gem
github-linguist/linguist,stars,rack,2.2.3,gem
github-linguist/linguist,stars,rack-proxy,0.6.5,gem
github-linguist/linguist,stars,zeitwerk,2.4.2,gem
github-linguist/linguist,stars,raabro,1.4.0,gem
github-linguist/linguist,stars,rack-protection,2.1.0,gem
github-linguist/linguist,stars,jdbc-sqlite3,3.28.0,gem
github-linguist/linguist,stars,public_suffix,4.0.6,gem
github-linguist/linguist,stars,blade-qunit_adapter,2.0.1,gem
github-linguist/linguist,stars,concurrent-ruby,1.1.8,gem
github-linguist/linguist,stars,charlock_holmes,~> 0.7.7,gem
github-linguist/linguist,stars,beaneater,1.0.0,gem
github-linguist/linguist,stars,serverengine,2.0.7,gem
github-linguist/linguist,stars,rubocop-performance,1.9.2,gem
github-linguist/linguist,stars,net-http-persistent,4.0.1,gem
github-linguist/linguist,stars,redis,4.2.5,gem
github-linguist/linguist,stars,rubyzip,2.3.0,gem
github-linguist/linguist,stars,thor,1.1.0,gem
github-linguist/linguist,stars,httpclient,2.8.3,gem
github-linguist/linguist,stars,em-socksify,0.3.2,gem
github-linguist/linguist,stars,jdbc-mysql,5.1.47,gem
github-linguist/linguist,stars,minitest-server,1.0.6,gem
github-linguist/linguist,stars,connection_pool,2.2.3,gem
github-linguist/linguist,stars,xpath,3.2.0,gem
github-linguist/linguist,stars,fugit,1.4.2,gem
github-linguist/linguist,stars,capybara,3.34.0,gem
github-linguist/linguist,stars,sassc,2.4.0,gem
github-linguist/linguist,stars,builder,3.2.4,gem
github-linguist/linguist,stars,sidekiq,6.1.3,gem
github-linguist/linguist,stars,minitest,5.14.3,gem
github-linguist/linguist,stars,google-apis-core,0.2.0,gem
github-linguist/linguist,stars,rack-test,1.1.0,gem
github-linguist/linguist,stars,google-cloud-storage,1.30.0,gem
github-linguist/linguist,stars,hiredis,0.6.3,gem
github-linguist/linguist,stars,jmespath,1.4.0,gem
github-linguist/linguist,stars,addressable,2.7.0,gem
github-linguist/linguist,stars,rufus-scheduler,3.7.0,gem
github-linguist/linguist,stars,yajl-ruby,~> 1.4,gem
github-linguist/linguist,stars,ast,2.4.1,gem
github-linguist/linguist,stars,websocket,1.2.9,gem
github-linguist/linguist,stars,faraday,1.3.0,gem
github-linguist/linguist,stars,racc,1.5.2,gem
github-linguist/linguist,stars,aws-partitions,1.417.0,gem
github-linguist/linguist,stars,bootsnap,1.5.1,gem
github-linguist/linguist,stars,crass,1.0.6,gem
github-linguist/linguist,stars,aws-sdk-sns,1.37.0,gem
github-linguist/linguist,stars,erubi,1.10.0,gem
github-linguist/linguist,stars,ruby-progressbar,1.11.0,gem
diaspora/diaspora,stars,activerecord,6.1.7.10,gem
diaspora/diaspora,stars,typhoeus,1.6.0,gem
diaspora/diaspora,stars,unf_ext,0.0.9.1,gem
diaspora/diaspora,stars,actionpack,6.1.7.10,gem
diaspora/diaspora,stars,crack,1.0.1,gem
diaspora/diaspora,stars,rotp,6.3.0,gem
diaspora/diaspora,stars,rubocop-rails,2.34.3,gem
diaspora/diaspora,stars,formatador,1.2.3,gem
diaspora/diaspora,stars,xpath,3.2.0,gem
diaspora/diaspora,stars,bootstrap-sass,3.4.1,gem
diaspora/diaspora,stars,rainbow,3.1.1,gem
diaspora/diaspora,stars,websocket-extensions,0.1.5,gem
diaspora/diaspora,stars,rack-rewrite,1.5.1,gem
diaspora/diaspora,stars,rexml,3.4.4,gem
diaspora/diaspora,stars,jquery-ui-rails,8.0.0,gem
diaspora/diaspora,stars,webfinger,2.1.3,gem
diaspora/diaspora,stars,asset_sync,2.19.3,gem
diaspora/diaspora,stars,unicode,0.4.4.5,gem
diaspora/diaspora,stars,memoist3,1.0.0,gem
diaspora/diaspora,stars,string-direction,1.2.2,gem
diaspora/diaspora,stars,jquery-rails,4.6.1,gem
diaspora/diaspora,stars,handlebars_assets,0.23.9,gem
diaspora/diaspora,stars,cucumber-messages,32.2.0,gem
diaspora/diaspora,stars,drb,2.2.3,gem
diaspora/diaspora,stars,httparty,0.24.2,gem
diaspora/diaspora,stars,hashie,5.1.0,gem
diaspora/diaspora,stars,chrome_remote,0.3.0,gem
diaspora/diaspora,stars,rb-fsevent,0.11.2,gem
diaspora/diaspora,stars,mini_magick,4.13.2,gem
diaspora/diaspora,stars,pronto,0.11.5,gem
diaspora/diaspora,stars,builder,3.3.0,gem
diaspora/diaspora,stars,sys-uname,1.5.1,gem
diaspora/diaspora,stars,rubyzip,2.4.1,gem
diaspora/diaspora,stars,parallel,1.28.0,gem
diaspora/diaspora,stars,ffi,1.17.4,gem
diaspora/diaspora,stars,reline,0.6.3,gem
diaspora/diaspora,stars,bootstrap-switch-rails,3.3.3,gem
diaspora/diaspora,stars,json-schema,6.2.0,gem
diaspora/diaspora,stars,rack,2.2.23,gem
diaspora/diaspora,stars,pronto-scss,0.11.0,gem
diaspora/diaspora,stars,mime-types,3.7.0,gem
diaspora/diaspora,stars,rack-protection,3.2.0,gem
diaspora/diaspora,stars,raabro,1.4.0,gem
diaspora/diaspora,stars,validate_url,1.0.15,gem
diaspora/diaspora,stars,autoprefixer-rails,10.4.21.0,gem
diaspora/diaspora,stars,public_suffix,7.0.5,gem
diaspora/diaspora,stars,babel-transpiler,0.7.0,gem
diaspora/diaspora,stars,gon,6.6.0,gem
diaspora/diaspora,stars,timeout,0.6.1,gem
diaspora/diaspora,stars,jsonpath,1.1.5,gem
diaspora/diaspora,stars,logging,2.4.0,gem
diaspora/diaspora,stars,globalid,1.3.0,gem
diaspora/diaspora,stars,listen,3.10.0,gem
diaspora/diaspora,stars,activesupport,6.1.7.10,gem
diaspora/diaspora,stars,tzinfo,2.0.6,gem
diaspora/diaspora,stars,diaspora_federation-json_schema,1.2.0,gem
diaspora/diaspora,stars,rails-controller-testing,1.0.5,gem
diaspora/diaspora,stars,fixture_builder,0.5.2,gem
diaspora/diaspora,stars,macaddr,1.7.2,gem
diaspora/diaspora,stars,sass,3.7.4,gem
diaspora/diaspora,stars,terser,1.2.7,gem
diaspora/diaspora,stars,rugged,1.9.0,gem
diaspora/diaspora,stars,unicode-emoji,4.2.0,gem
diaspora/diaspora,stars,valid,1.2.0,gem
diaspora/diaspora,stars,multi_json,1.15.0,gem
diaspora/diaspora,stars,toml-rb,4.1.0,gem
diaspora/diaspora,stars,net-protocol,0.2.2,gem
diaspora/diaspora,stars,attr_required,1.0.2,gem
diaspora/diaspora,stars,domain_name,0.6.20240107,gem
diaspora/diaspora,stars,shoulda-matchers,6.5.0,gem
diaspora/diaspora,stars,simple_captcha2,0.5.0,gem
diaspora/diaspora,stars,foreman,0.90.0,gem
diaspora/diaspora,stars,diff-lcs,1.6.2,gem
diaspora/diaspora,stars,fugit,1.12.1,gem
diaspora/diaspora,stars,crass,1.0.6,gem
diaspora/diaspora,stars,encryptor,3.0.0,gem
diaspora/diaspora,stars,rack-oauth2,2.3.0,gem
diaspora/diaspora,stars,sass-listen,4.0.0,gem
diaspora/diaspora,stars,mail,2.9.0,gem
diaspora/diaspora,stars,activestorage,6.1.7.10,gem
diaspora/diaspora,stars,date,3.5.1,gem
diaspora/diaspora,stars,addressable,2.9.0,gem
diaspora/diaspora,stars,faraday,2.14.1,gem
diaspora/diaspora,stars,pry-byebug,3.12.0,gem
diaspora/diaspora,stars,cucumber,10.2.0,gem
diaspora/diaspora,stars,ruby-vips,2.3.0,gem
diaspora/diaspora,stars,systemu,2.6.5,gem
diaspora/diaspora,stars,rails-dom-testing,2.3.0,gem
diaspora/diaspora,stars,cronex,0.15.0,gem
diaspora/diaspora,stars,loofah,2.25.1,gem
diaspora/diaspora,stars,rspec-expectations,3.13.5,gem
diaspora/diaspora,stars,erubi,1.13.1,gem
diaspora/diaspora,stars,versionist,2.0.1,gem
diaspora/diaspora,stars,regexp_parser,2.12.0,gem
diaspora/diaspora,stars,uri,1.1.1,gem
diaspora/diaspora,stars,logger,1.7.0,gem
diaspora/diaspora,stars,email_validator,2.2.4,gem
diaspora/diaspora,stars,rspec-json_expectations,2.2.0,gem
diaspora/diaspora,stars,bindata,2.5.1,gem
diaspora/diaspora,stars,mobile-fu,1.4.0,gem
diaspora/diaspora,stars,zeitwerk,2.7.5,gem
diaspora/diaspora,stars,leaflet-rails,1.9.5,gem
diaspora/diaspora,stars,bcrypt,3.1.22,gem
diaspora/diaspora,stars,idn-ruby,0.1.5,gem
diaspora/diaspora,stars,concurrent-ruby,1.3.4,gem
diaspora/diaspora,stars,mini_portile2,2.8.9,gem
diaspora/diaspora,stars,capybara,3.40.0,gem
diaspora/diaspora,stars,minitest,6.0.3,gem
diaspora/diaspora,stars,fog-core,2.6.0,gem
diaspora/diaspora,stars,cucumber-cucumber-expressions,19.0.0,gem
diaspora/diaspora,stars,rspec-core,3.13.6,gem
diaspora/diaspora,stars,et-orbi,1.4.0,gem
diaspora/diaspora,stars,method_source,1.1.0,gem
diaspora/diaspora,stars,babel-source,5.8.35,gem
diaspora/diaspora,stars,webrick,1.9.2,gem
diaspora/diaspora,stars,acts-as-taggable-on,10.0.0,gem
diaspora/diaspora,stars,active_model_serializers,0.9.13,gem
diaspora/diaspora,stars,rack-test,2.2.0,gem
diaspora/diaspora,stars,sinon-rails,1.15.0,gem
diaspora/diaspora,stars,turbo_dev_assets,0.0.2,gem
diaspora/diaspora,stars,rack-piwik,0.3.0,gem
diaspora/diaspora,stars,uuid,2.3.9,gem
diaspora/diaspora,stars,citrus,3.0.2,gem
diaspora/diaspora,stars,pronto-eslint,0.11.1,gem
diaspora/diaspora,stars,puma,7.2.0,gem
diaspora/diaspora,stars,haml,7.2.0,gem
diaspora/diaspora,stars,pronto-haml,0.11.1,gem
diaspora/diaspora,stars,jasmine-jquery-rails,2.0.3,gem
diaspora/diaspora,stars,language_server-protocol,3.17.0.5,gem
diaspora/diaspora,stars,ferrum,0.17.2,gem
diaspora/diaspora,stars,open_graph_reader,0.9.1,gem
diaspora/diaspora,stars,sorbet-runtime,0.6.13096,gem
diaspora/diaspora,stars,js_image_paths,0.2.0,gem
diaspora/diaspora,stars,rqrcode,3.2.0,gem
diaspora/diaspora,stars,omniauth,2.1.4,gem
diaspora/diaspora,stars,ethon,0.18.0,gem
diaspora/diaspora,stars,simplecov,0.22.0,gem
diaspora/diaspora,stars,gitlab,4.20.1,gem
diaspora/diaspora,stars,timecop,0.9.10,gem
diaspora/diaspora,stars,devise,4.9.4,gem
diaspora/diaspora,stars,pg,1.6.3,gem
diaspora/diaspora,stars,openid_connect,2.3.1,gem
diaspora/diaspora,stars,warden,1.2.9,gem
diaspora/diaspora,stars,thor,1.5.0,gem
diaspora/diaspora,stars,lint_roller,1.1.0,gem
diaspora/diaspora,stars,net-pop,0.1.2,gem
diaspora/diaspora,stars,execjs,2.10.1,gem
diaspora/diaspora,stars,diaspora_federation,1.2.0,gem
diaspora/diaspora,stars,will_paginate,4.0.1,gem
diaspora/diaspora,stars,http_accept_language,2.1.1,gem
diaspora/diaspora,stars,nokogiri,1.19.2,gem
diaspora/diaspora,stars,unicode-display_width,3.2.0,gem
diaspora/diaspora,stars,actionmailbox,6.1.7.10,gem
diaspora/diaspora,stars,factory_bot,6.5.6,gem
diaspora/diaspora,stars,mini_mime,1.1.5,gem
diaspora/diaspora,stars,carrierwave,3.1.2,gem
diaspora/diaspora,stars,matrix,0.4.3,gem
diaspora/diaspora,stars,phantomjs,2.1.1.0,gem
diaspora/diaspora,stars,jasmine,3.10.0,gem
diaspora/diaspora,stars,parser,3.3.11.1,gem
diaspora/diaspora,stars,actionmailer,6.1.7.10,gem
diaspora/diaspora,stars,pry,0.16.0,gem
diaspora/diaspora,stars,multi_test,1.1.0,gem
diaspora/diaspora,stars,attr_encrypted,4.2.0,gem
diaspora/diaspora,stars,request_store,1.7.0,gem
diaspora/diaspora,stars,sprockets,4.2.2,gem
diaspora/diaspora,stars,fog-aws,3.33.1,gem
diaspora/diaspora,stars,cgi,0.5.1,gem
diaspora/diaspora,stars,cucumber-rails,4.0.1,gem
diaspora/diaspora,stars,yajl-ruby,1.4.3,gem
diaspora/diaspora,stars,twitter-text,3.1.0,gem
diaspora/diaspora,stars,jasmine-core,3.10.1,gem
diaspora/diaspora,stars,sprockets-rails,3.5.2,gem
diaspora/diaspora,stars,cucumber-html-formatter,22.3.0,gem
diaspora/diaspora,stars,rqrcode_core,2.1.0,gem
diaspora/diaspora,stars,syslog,0.4.0,gem
diaspora/diaspora,stars,cucumber-api-steps,0.14.0,gem
diaspora/diaspora,stars,fog-json,1.2.0,gem
diaspora/diaspora,stars,marcel,1.0.4,gem
diaspora/diaspora,stars,database_cleaner-active_record,2.2.2,gem
diaspora/diaspora,stars,pronto-rubocop,0.11.6,gem
diaspora/diaspora,stars,temple,0.10.4,gem
diaspora/diaspora,stars,prism,1.9.0,gem
diaspora/diaspora,stars,simplecov-html,0.13.2,gem
diaspora/diaspora,stars,hashdiff,1.2.1,gem
diaspora/diaspora,stars,net-smtp,0.5.1,gem
diaspora/diaspora,stars,unf,0.1.4,gem
diaspora/diaspora,stars,ruby-progressbar,1.13.0,gem
diaspora/diaspora,stars,byebug,13.0.0,gem
diaspora/diaspora,stars,actiontext,6.1.7.10,gem
diaspora/diaspora,stars,ruby-oembed,0.18.1,gem
diaspora/diaspora,stars,tilt,2.7.0,gem
diaspora/diaspora,stars,webmock,3.26.2,gem
diaspora/diaspora,stars,secure_headers,7.2.0,gem
diaspora/diaspora,stars,activejob,6.1.7.10,gem
diaspora/diaspora,stars,rails,6.1.7.10,gem
diaspora/diaspora,stars,ostruct,0.6.3,gem
diaspora/diaspora,stars,faraday-net_http,3.4.2,gem
diaspora/diaspora,stars,rack-attack,6.8.0,gem
diaspora/diaspora,stars,actionview,6.1.7.10,gem
diaspora/diaspora,stars,rails-html-sanitizer,1.7.0,gem
diaspora/diaspora,stars,rails-i18n,7.0.10,gem
diaspora/diaspora,stars,terminal-table,4.0.0,gem
diaspora/diaspora,stars,rack-cors,2.0.2,gem
diaspora/diaspora,stars,acts_as_api,1.0.1,gem
diaspora/diaspora,stars,scss_lint,0.60.0,gem
diaspora/diaspora,stars,devise_lastseenable,0.0.6,gem
diaspora/diaspora,stars,eslintrb,2.1.0,gem
diaspora/diaspora,stars,ssrf_filter,1.5.0,gem
diaspora/diaspora,stars,chunky_png,1.4.0,gem
diaspora/diaspora,stars,haml_lint,0.72.0,gem
diaspora/diaspora,stars,csv,3.3.5,gem
diaspora/diaspora,stars,sawyer,0.9.3,gem
diaspora/diaspora,stars,actioncable,6.1.7.10,gem
diaspora/diaspora,stars,rspec-support,3.13.7,gem
diaspora/diaspora,stars,sidekiq-cron,2.3.1,gem
diaspora/diaspora,stars,nio4r,2.7.5,gem
diaspora/diaspora,stars,http-cookie,1.1.0,gem
diaspora/diaspora,stars,base64,0.3.0,gem
diaspora/diaspora,stars,sidekiq,7.3.10,gem
diaspora/diaspora,stars,mime-types-data,3.2026.0331,gem
diaspora/diaspora,stars,cucumber-ci-environment,11.0.0,gem
diaspora/diaspora,stars,logging-rails,0.6.0,gem
diaspora/diaspora,stars,cucumber-gherkin,39.0.0,gem
diaspora/diaspora,stars,faraday-retry,2.4.0,gem
diaspora/diaspora,stars,little-plugger,1.1.4,gem
diaspora/diaspora,stars,rspec-mocks,3.13.8,gem
diaspora/diaspora,stars,diaspora_federation-test,1.2.0,gem
diaspora/diaspora,stars,cuprite,0.17,gem
diaspora/diaspora,stars,json,2.19.3,gem
diaspora/diaspora,stars,rubocop-ast,1.49.1,gem
diaspora/diaspora,stars,racc,1.8.1,gem
diaspora/diaspora,stars,redcarpet,3.6.1,gem
diaspora/diaspora,stars,activemodel,6.1.7.10,gem
diaspora/diaspora,stars,mysql2,0.5.7,gem
diaspora/diaspora,stars,aes_key_wrap,1.1.0,gem
diaspora/diaspora,stars,octokit,10.0.0,gem
diaspora/diaspora,stars,orm_adapter,0.5.0,gem
diaspora/diaspora,stars,net-imap,0.6.3,gem
diaspora/diaspora,stars,ast,2.4.3,gem
diaspora/diaspora,stars,yard,0.9.38,gem
diaspora/diaspora,stars,omniauth-rails_csrf_protection,2.0.1,gem
diaspora/diaspora,stars,rack-mobile-detect,0.4.0,gem
diaspora/diaspora,stars,rake,13.3.1,gem
diaspora/diaspora,stars,sassc-rails,2.1.2,gem
diaspora/diaspora,stars,cucumber-tag-expressions,8.1.0,gem
diaspora/diaspora,stars,faraday-follow_redirects,0.5.0,gem
diaspora/diaspora,stars,docile,1.4.1,gem
diaspora/diaspora,stars,bigdecimal,4.1.1,gem
diaspora/diaspora,stars,railties,6.1.7.10,gem
diaspora/diaspora,stars,io-console,0.8.2,gem
diaspora/diaspora,stars,hamlit,4.0.0,gem
diaspora/diaspora,stars,database_cleaner-core,2.0.1,gem
diaspora/diaspora,stars,websocket-driver,0.8.0,gem
diaspora/diaspora,stars,activerecord-import,2.2.0,gem
diaspora/diaspora,stars,image_processing,1.14.0,gem
diaspora/diaspora,stars,rails-timeago,2.20.0,gem
diaspora/diaspora,stars,coderay,1.1.3,gem
diaspora/diaspora,stars,js-routes,2.3.6,gem
diaspora/diaspora,stars,fog-xml,0.1.5,gem
diaspora/diaspora,stars,connection_pool,2.5.5,gem
diaspora/diaspora,stars,fabrication,2.31.0,gem
diaspora/diaspora,stars,json-jwt,1.17.0,gem
diaspora/diaspora,stars,swd,2.0.3,gem
diaspora/diaspora,stars,rubocop,1.86.0,gem
diaspora/diaspora,stars,rb-inotify,0.11.1,gem
diaspora/diaspora,stars,factory_bot_rails,6.5.1,gem
diaspora/diaspora,stars,configurate,0.6.0,gem
diaspora/diaspora,stars,cucumber-core,16.2.0,gem
diaspora/diaspora,stars,faraday-typhoeus,2.0.0,gem
diaspora/diaspora,stars,diaspora_federation-rails,1.2.0,gem
diaspora/diaspora,stars,i18n,1.14.8,gem
diaspora/diaspora,stars,net-http,0.9.1,gem
diaspora/diaspora,stars,responders,3.1.1,gem
diaspora/diaspora,stars,fuubar,2.5.1,gem
diaspora/diaspora,stars,excon,1.4.2,gem
diaspora/diaspora,stars,redis-client,0.28.0,gem
diaspora/diaspora,stars,simplecov_json_formatter,0.1.4,gem
diaspora/diaspora,stars,multi_xml,0.8.1,gem
diaspora/diaspora,stars,sysexits,1.2.0,gem
diaspora/diaspora,stars,sassc,2.4.0,gem
diaspora/diaspora,stars,rspec-rails,6.1.5,gem
diaspora/diaspora,stars,faraday-cookie_jar,0.0.8,gem
diaspora/diaspora,stars,devise-two-factor,4.1.0,gem
fluent/fluentd,stars,zstd-ruby,~> 1.5,gem
fluent/fluentd,stars,aws-sdk-core,~> 3.191,gem
fluent/fluentd,stars,base64,~> 0.2,gem
fluent/fluentd,stars,cool.io,">= 1.4.5,< 2.0.0",gem
fluent/fluentd,stars,msgpack,">= 1.3.1,< 2.0.0",gem
fluent/fluentd,stars,win32-ipc,~> 0.7.0,gem
fluent/fluentd,stars,yajl-ruby,~> 1.0,gem
fluent/fluentd,stars,csv,~> 3.2,gem
fluent/fluentd,stars,webrick,~> 1.4,gem
fluent/fluentd,stars,ostruct,~> 0.6,gem
fluent/fluentd,stars,win32-service,~> 2.3.0,gem
fluent/fluentd,stars,tzinfo-data,~> 1.0,gem
fluent/fluentd,stars,certstore_c,~> 0.1.7,gem
fluent/fluentd,stars,fiddle,~> 1.1,gem
fluent/fluentd,stars,async-http,~> 0.86,gem
fluent/fluentd,stars,console,~> 1.30,gem
fluent/fluentd,stars,tzinfo,">= 1.0,< 3.0",gem
fluent/fluentd,stars,simplecov,~> 0.7,gem
fluent/fluentd,stars,parallel_tests,~> 0.15.3,gem
fluent/fluentd,stars,rexml,~> 3.2,gem
fluent/fluentd,stars,drb,~> 2.2,gem
fluent/fluentd,stars,serverengine,">= 2.3.2,< 3.0.0",gem
fluent/fluentd,stars,flexmock,~> 2.0,gem
fluent/fluentd,stars,http_parser.rb,">= 0.5.1,< 0.9.0",gem
fluent/fluentd,stars,logger,~> 1.6,gem
fluent/fluentd,stars,win32-registry,~> 0.1,gem
fluent/fluentd,stars,strptime,">= 0.2.4,< 1.0.0",gem
fluent/fluentd,stars,bundler,>= 0,gem
fluent/fluentd,stars,test-unit,~> 3.3,gem
fluent/fluentd,stars,test-unit-rr,~> 1.0,gem
fluent/fluentd,stars,rake,~> 13.0,gem
fluent/fluentd,stars,sigdump,~> 0.2.5,gem
fluent/fluentd,stars,uri,~> 1.0,gem
fluent/fluentd,stars,timecop,< 0.9.9,gem
fluent/fluentd,stars,rr,~> 3.0,gem
fluent/fluentd,stars,win32-event,~> 0.6.3,gem
fluent/fluentd,stars,json,>= 2.21,gem
fluent/fluentd,stars,benchmark,>= 0,gem
fluent/fluentd,stars,oj,">= 2.14,< 4",gem
fluent/fluentd,stars,aws-sigv4,~> 1.8,gem
fluent/fluentd,stars,net-http,~> 0.8,gem
sidekiq/sidekiq,stars,standard,>= 0,gem
sidekiq/sidekiq,stars,ruby-prof,>= 0,gem
sidekiq/sidekiq,stars,activerecord-jdbcsqlite3-adapter,>= 0,gem
sidekiq/sidekiq,stars,sqlite3,>= 0,gem
sidekiq/sidekiq,stars,toxiproxy,>= 0,gem
sidekiq/sidekiq,stars,ratatui_ruby,>= 0,gem
sidekiq/sidekiq,stars,msgpack,>= 0,gem
sidekiq/sidekiq,stars,debug,>= 0,gem
sidekiq/sidekiq,stars,redis-client,>= 0,gem
sidekiq/sidekiq,stars,csv,>= 0,gem
sidekiq/sidekiq,stars,minitest,< 6,gem
sidekiq/sidekiq,stars,vernier,>= 0,gem
sidekiq/sidekiq,stars,puma,>= 0,gem
sidekiq/sidekiq,stars,json,>= 2.16.0,gem
sidekiq/sidekiq,stars,connection_pool,>= 3.0.0,gem
sidekiq/sidekiq,stars,simplecov,>= 0,gem
sidekiq/sidekiq,stars,sidekiq,>= 0,gem
sidekiq/sidekiq,stars,logger,>= 1.7.0,gem
sidekiq/sidekiq,stars,rack,>= 3.2.0,gem
sidekiq/sidekiq,stars,redis-client,>= 0.29.0,gem
sidekiq/sidekiq,stars,after_commit_everywhere,>= 0,gem
sidekiq/sidekiq,stars,herb,>= 0,gem
sidekiq/sidekiq,stars,sidekiq-redis_info,>= 0,gem
sidekiq/sidekiq,stars,sqlite3,~> 2.2,gem
sidekiq/sidekiq,stars,json,>= 0,gem
capistrano/capistrano,stars,jekyll-redirect-from,0.14.0,gem
capistrano/capistrano,stars,unicode-display_width,1.4.0,gem
capistrano/capistrano,stars,tzinfo,1.2.5,gem
capistrano/capistrano,stars,terminal-table,1.8.0,gem
capistrano/capistrano,stars,jekyll-watch,2.0.0,gem
capistrano/capistrano,stars,jekyll-theme-modernist,0.1.1,gem
capistrano/capistrano,stars,rouge,2.2.1,gem
capistrano/capistrano,stars,jekyll-remote-theme,0.3.1,gem
capistrano/capistrano,stars,jekyll-coffeescript,1.1.1,gem
capistrano/capistrano,stars,activesupport,4.2.10,gem
capistrano/capistrano,stars,jekyll-commonmark-ghpages,0.1.5,gem
capistrano/capistrano,stars,sshkit,>= 1.9.0,gem
capistrano/capistrano,stars,http_parser.rb,0.6.0,gem
capistrano/capistrano,stars,jekyll-default-layout,0.1.4,gem
capistrano/capistrano,stars,jekyll-titles-from-headings,0.5.1,gem
capistrano/capistrano,stars,ruby_dep,1.5.0,gem
capistrano/capistrano,stars,jekyll-sitemap,1.2.0,gem
capistrano/capistrano,stars,cucumber,~> 11.0,gem
capistrano/capistrano,stars,em-websocket,0.5.1,gem
capistrano/capistrano,stars,sass-listen,4.0.0,gem
capistrano/capistrano,stars,eventmachine,1.2.7,gem
capistrano/capistrano,stars,jekyll-mentions,1.4.1,gem
capistrano/capistrano,stars,commonmarker,0.17.13,gem
capistrano/capistrano,stars,jekyll-theme-architect,0.1.1,gem
capistrano/capistrano,stars,octokit,4.12.0,gem
capistrano/capistrano,stars,jekyll-theme-time-machine,0.1.1,gem
capistrano/capistrano,stars,rake,>= 10.0.0,gem
capistrano/capistrano,stars,rspec,~> 3.13,gem
capistrano/capistrano,stars,jekyll-gist,1.5.0,gem
capistrano/capistrano,stars,ethon,0.11.0,gem
capistrano/capistrano,stars,jekyll-github-metadata,2.9.4,gem
capistrano/capistrano,stars,airbrussh,>= 1.0.0,gem
capistrano/capistrano,stars,public_suffix,2.0.5,gem
capistrano/capistrano,stars,i18n,0.9.5,gem
capistrano/capistrano,stars,ruby-enum,0.7.2,gem
capistrano/capistrano,stars,typhoeus,1.3.0,gem
capistrano/capistrano,stars,jekyll-swiss,0.4.0,gem
capistrano/capistrano,stars,rubyzip,2.2.0,gem
capistrano/capistrano,stars,sawyer,0.8.1,gem
capistrano/capistrano,stars,jekyll-commonmark,1.2.0,gem
capistrano/capistrano,stars,thread_safe,0.3.6,gem
capistrano/capistrano,stars,jekyll-avatar,0.6.0,gem
capistrano/capistrano,stars,liquid,4.0.0,gem
capistrano/capistrano,stars,execjs,2.7.0,gem
capistrano/capistrano,stars,mini_portile2,2.4.0,gem
capistrano/capistrano,stars,mercenary,0.3.6,gem
capistrano/capistrano,stars,sass,3.6.0,gem
capistrano/capistrano,stars,jemoji,0.10.1,gem
capistrano/capistrano,stars,minitest,5.11.3,gem
capistrano/capistrano,stars,jekyll-sass-converter,1.5.2,gem
capistrano/capistrano,stars,jekyll-theme-primer,0.5.3,gem
capistrano/capistrano,stars,jekyll-feed,0.10.0,gem
capistrano/capistrano,stars,jekyll-theme-leap-day,0.1.1,gem
capistrano/capistrano,stars,faraday,0.15.3,gem
capistrano/capistrano,stars,github-pages,192,gem
capistrano/capistrano,stars,multipart-post,2.0.0,gem
capistrano/capistrano,stars,jekyll-theme-merlot,0.1.1,gem
capistrano/capistrano,stars,jekyll-relative-links,0.5.3,gem
capistrano/capistrano,stars,rb-fsevent,0.10.3,gem
capistrano/capistrano,stars,github-pages-health-check,1.8.1,gem
capistrano/capistrano,stars,jekyll-theme-dinky,0.1.1,gem
capistrano/capistrano,stars,forwardable-extended,2.6.0,gem
capistrano/capistrano,stars,jekyll-theme-midnight,0.1.1,gem
capistrano/capistrano,stars,jekyll-theme-tactile,0.1.1,gem
capistrano/capistrano,stars,jekyll-theme-slate,0.1.1,gem
capistrano/capistrano,stars,pathutil,0.16.1,gem
capistrano/capistrano,stars,jekyll-paginate,1.1.0,gem
capistrano/capistrano,stars,minima,2.5.0,gem
capistrano/capistrano,stars,coffee-script-source,1.11.1,gem
capistrano/capistrano,stars,jekyll-seo-tag,2.5.0,gem
capistrano/capistrano,stars,dnsruby,1.61.2,gem
capistrano/capistrano,stars,rubocop,1.81.7,gem
capistrano/capistrano,stars,jekyll-theme-cayman,0.1.1,gem
capistrano/capistrano,stars,jekyll,3.7.4,gem
capistrano/capistrano,stars,coffee-script,2.4.1,gem
capistrano/capistrano,stars,jekyll-optional-front-matter,0.3.0,gem
capistrano/capistrano,stars,jekyll-theme-minimal,0.1.1,gem
capistrano/capistrano,stars,jekyll-readme-index,0.2.0,gem
capistrano/capistrano,stars,mocha,~> 3.0,gem
capistrano/capistrano,stars,colorator,1.1.0,gem
capistrano/capistrano,stars,addressable,2.5.2,gem
capistrano/capistrano,stars,i18n,>= 0,gem
capistrano/capistrano,stars,kramdown,1.17.0,gem
capistrano/capistrano,stars,ffi,1.9.25,gem
capistrano/capistrano,stars,concurrent-ruby,1.0.5,gem
capistrano/capistrano,stars,gemoji,3.0.0,gem
capistrano/capistrano,stars,html-pipeline,2.8.4,gem
capistrano/capistrano,stars,jekyll-theme-hacker,0.1.1,gem
capistrano/capistrano,stars,rb-inotify,0.9.10,gem
capistrano/capistrano,stars,listen,3.1.5,gem
capistrano/capistrano,stars,safe_yaml,1.0.4,gem
capistrano/capistrano,stars,nokogiri,1.10.8,gem
rubocop/rubocop,stars,json,>= 2.3,gem
rubocop/rubocop,stars,yard,~> 0.9,gem
rubocop/rubocop,stars,lint_roller,~> 1.1.0,gem
rubocop/rubocop,stars,parser,>= 3.3.0.2,gem
rubocop/rubocop,stars,unicode-display_width,">= 2.4.0,< 4.0",gem
rubocop/rubocop,stars,rubocop-ast,">= 1.49.0,< 2.0",gem
rubocop/rubocop,stars,bump,>= 0,gem
rubocop/rubocop,stars,regexp_parser,">= 2.9.3,< 3.0",gem
rubocop/rubocop,stars,rainbow,">= 2.2.2,< 4.0",gem
rubocop/rubocop,stars,webmock,>= 0,gem
rubocop/rubocop,stars,stackprof,>= 0,gem
rubocop/rubocop,stars,memory_profiler,1.0.2,gem
rubocop/rubocop,stars,irb,>= 0,gem
rubocop/rubocop,stars,test-queue,>= 0,gem
rubocop/rubocop,stars,language_server-protocol,~> 3.17.0.2,gem
rubocop/rubocop,stars,rubocop-rspec,~> 3.10.1,gem
rubocop/rubocop,stars,rubocop-performance,~> 1.27.0,gem
rubocop/rubocop,stars,rspec,~> 3.7,gem
rubocop/rubocop,stars,parallel,>= 1.10,gem
rubocop/rubocop,stars,mcp,~> 1.0,gem
rubocop/rubocop,stars,rake,~> 13.0,gem
rubocop/rubocop,stars,rubocop-rake,~> 0.7.0,gem
rubocop/rubocop,stars,asciidoctor,>= 0,gem
rubocop/rubocop,stars,ruby-progressbar,~> 1.7,gem
sinatra/sinatra,stars,kramdown,>= 0,gem
sinatra/sinatra,stars,sinatra,>= 0,gem
sinatra/sinatra,stars,rack,">= 3.0.0,< 4",gem
sinatra/sinatra,stars,rack-test,>= 0,gem
sinatra/sinatra,stars,webrick,>= 0,gem
sinatra/sinatra,stars,eventmachine,>= 0,gem
sinatra/sinatra,stars,childprocess,>= 5,gem
sinatra/sinatra,stars,slim,>= 0,gem
sinatra/sinatra,stars,multi_json,>= 0.0.2,gem
sinatra/sinatra,stars,minitest,~> 5.0,gem
sinatra/sinatra,stars,falcon,~> 0.40,gem
sinatra/sinatra,stars,rack-protection,>= 0,gem
sinatra/sinatra,stars,rake,>= 12.3.3,gem
sinatra/sinatra,stars,rack-session,">= 2.0.0,< 3",gem
sinatra/sinatra,stars,erubi,>= 0,gem
sinatra/sinatra,stars,slim,~> 5,gem
sinatra/sinatra,stars,rabl,>= 0,gem
sinatra/sinatra,stars,tilt,~> 2.0,gem
sinatra/sinatra,stars,yard,>= 0,gem
sinatra/sinatra,stars,rdoc,>= 0,gem
sinatra/sinatra,stars,markaby,>= 0,gem
sinatra/sinatra,stars,yajl-ruby,>= 0,gem
sinatra/sinatra,stars,rspec,~> 3,gem
sinatra/sinatra,stars,base64,>= 0.1.0,gem
sinatra/sinatra,stars,asciidoctor,>= 0,gem
sinatra/sinatra,stars,redcarpet,>= 0,gem
sinatra/sinatra,stars,builder,>= 0,gem
sinatra/sinatra,stars,simplecov,>= 0,gem
sinatra/sinatra,stars,hamlit,>= 3,gem
sinatra/sinatra,stars,sinatra-contrib,>= 0,gem
sinatra/sinatra,stars,rake,>= 0,gem
sinatra/sinatra,stars,nokogiri,> 1.5.0,gem
sinatra/sinatra,stars,haml,>= 0,gem
sinatra/sinatra,stars,rdiscount,>= 0,gem
sinatra/sinatra,stars,rubocop,~> 1.32.0,gem
sinatra/sinatra,stars,pandoc-ruby,~> 2.0.2,gem
sinatra/sinatra,stars,logger,>= 1.6.0,gem
sinatra/sinatra,stars,mustermann,~> 3.0,gem
sinatra/sinatra,stars,liquid,>= 0,gem
sinatra/sinatra,stars,rackup,>= 0,gem
sinatra/sinatra,stars,ostruct,>= 0,gem
ubicloud/ubicloud,stars,omniauth-oauth2,1.9.0,gem
ubicloud/ubicloud,stars,addressable,2.9.0,gem
ubicloud/ubicloud,stars,xpath,3.2.0,gem
ubicloud/ubicloud,stars,oauth2,2.0.25,gem
ubicloud/ubicloud,stars,perfect_toml,0.9.0,gem
ubicloud/ubicloud,stars,sawyer,0.9.3,gem
ubicloud/ubicloud,stars,ffi,1.17.4,gem
ubicloud/ubicloud,stars,language_server-protocol,3.17.0.6,gem
ubicloud/ubicloud,stars,aws-sdk-kms,1.130.0,gem
ubicloud/ubicloud,stars,standard,1.56.0,gem
ubicloud/ubicloud,stars,ansi,1.6.0,gem
ubicloud/ubicloud,stars,rspec-expectations,3.12.3,gem
ubicloud/ubicloud,stars,prawn-table,0.2.2,gem
ubicloud/ubicloud,stars,rubocop-performance,1.26.1,gem
ubicloud/ubicloud,stars,rqrcode_core,2.1.0,gem
ubicloud/ubicloud,stars,coderay,1.1.3,gem
ubicloud/ubicloud,stars,faraday-retry,2.4.0,gem
ubicloud/ubicloud,stars,rubocop-capybara,3.0.0,gem
ubicloud/ubicloud,stars,rotp,6.3.0,gem
ubicloud/ubicloud,stars,rubocop-rake,0.7.1,gem
ubicloud/ubicloud,stars,google-cloud-env,2.4.0,gem
ubicloud/ubicloud,stars,google-cloud-common,1.10.0,gem
ubicloud/ubicloud,stars,declarative,0.0.20,gem
ubicloud/ubicloud,stars,omniauth-github,2.0.1,gem
ubicloud/ubicloud,stars,standard-custom,1.0.2,gem
ubicloud/ubicloud,stars,google-protobuf,4.35.1,gem
ubicloud/ubicloud,stars,rack-protection,4.2.1,gem
ubicloud/ubicloud,stars,aws-sdk-s3,1.229.0,gem
ubicloud/ubicloud,stars,uri,1.1.1,gem
ubicloud/ubicloud,stars,simplecov,0.22.0,gem
ubicloud/ubicloud,stars,rspec-mocks,3.12.6,gem
ubicloud/ubicloud,stars,google-protobuf,4.36.0,gem
ubicloud/ubicloud,stars,chunky_png,1.4.0,gem
ubicloud/ubicloud,stars,google-cloud-storage,1.62.0,gem
ubicloud/ubicloud,stars,aws-sigv4,1.12.1,gem
ubicloud/ubicloud,stars,unicode-emoji,4.2.0,gem
ubicloud/ubicloud,stars,json_schema,0.21.0,gem
ubicloud/ubicloud,stars,unicode-display_width,3.2.0,gem
ubicloud/ubicloud,stars,logger,>= 0,gem
ubicloud/ubicloud,stars,rexml,3.4.4,gem
ubicloud/ubicloud,stars,google-cloud-compute-v1,3.9.1,gem
ubicloud/ubicloud,stars,rake,13.4.2,gem
ubicloud/ubicloud,stars,hashery,2.1.2,gem
ubicloud/ubicloud,stars,google-apis-cloudkms_v1,0.77.0,gem
ubicloud/ubicloud,stars,rspec-support,3.12.1,gem
ubicloud/ubicloud,stars,erubi,1.13.1,gem
ubicloud/ubicloud,stars,rubocop,1.88.2,gem
ubicloud/ubicloud,stars,puma,8.0.2,gem
ubicloud/ubicloud,stars,herb,0.10.3,gem
ubicloud/ubicloud,stars,crack,1.0.1,gem
ubicloud/ubicloud,stars,anonymous_loader,0.1.3,gem
ubicloud/ubicloud,stars,rack-test,2.2.0,gem
ubicloud/ubicloud,stars,committee,5.6.3,gem
ubicloud/ubicloud,stars,Ascii85,2.0.1,gem
ubicloud/ubicloud,stars,webauthn,3.4.3,gem
ubicloud/ubicloud,stars,rspec,3.12.0,gem
ubicloud/ubicloud,stars,gapic-common,1.3.0,gem
ubicloud/ubicloud,stars,hashdiff,1.2.1,gem
ubicloud/ubicloud,stars,matrix,0.4.3,gem
ubicloud/ubicloud,stars,cgi,0.5.2,gem
ubicloud/ubicloud,stars,faraday-follow_redirects,0.5.0,gem
ubicloud/ubicloud,stars,simplecov,~> 0.22,gem
ubicloud/ubicloud,stars,os,1.1.4,gem
ubicloud/ubicloud,stars,multi_xml,0.9.1,gem
ubicloud/ubicloud,stars,ttfunk,1.8.0,gem
ubicloud/ubicloud,stars,timeout,0.6.1,gem
ubicloud/ubicloud,stars,sequel,5.107.0,gem
ubicloud/ubicloud,stars,rack,3.2.6,gem
ubicloud/ubicloud,stars,hashie,5.1.0,gem
ubicloud/ubicloud,stars,pry,0.16.0,gem
ubicloud/ubicloud,stars,awesome_print,1.9.2,gem
ubicloud/ubicloud,stars,csv,3.3.6,gem
ubicloud/ubicloud,stars,ffi-compiler,1.4.2,gem
ubicloud/ubicloud,stars,bigdecimal,3.3.1,gem
ubicloud/ubicloud,stars,ast,2.4.3,gem
ubicloud/ubicloud,stars,rubocop-erb,0.7.1,gem
ubicloud/ubicloud,stars,rubocop-rspec,3.10.2,gem
ubicloud/ubicloud,stars,version_gem,1.1.15,gem
ubicloud/ubicloud,stars,aws-sdk-iam,1.151.0,gem
ubicloud/ubicloud,stars,enum_csv,1.2.0,gem
ubicloud/ubicloud,stars,tilt,2.8.0,gem
ubicloud/ubicloud,stars,jmespath,1.6.2,gem
ubicloud/ubicloud,stars,rainbow,3.1.1,gem
ubicloud/ubicloud,stars,net-ssh,7.3.3,gem
ubicloud/ubicloud,stars,faraday-net_http,3.4.4,gem
ubicloud/ubicloud,stars,rspec-mocks,3.13.8,gem
ubicloud/ubicloud,stars,mini_mime,1.1.5,gem
ubicloud/ubicloud,stars,jwt,3.2.0,gem
ubicloud/ubicloud,stars,capybara,3.40.0,gem
ubicloud/ubicloud,stars,logger,1.7.0,gem
ubicloud/ubicloud,stars,base64,0.2.0,gem
ubicloud/ubicloud,stars,json,2.21.2,gem
ubicloud/ubicloud,stars,ed25519,1.4.0,gem
ubicloud/ubicloud,stars,stripe,19.4.0,gem
ubicloud/ubicloud,stars,ruby-progressbar,1.13.0,gem
ubicloud/ubicloud,stars,turbo_tests,2.2.5,gem
ubicloud/ubicloud,stars,aws-sdk-core,3.254.1,gem
ubicloud/ubicloud,stars,rack-unreloader,2.1.0,gem
ubicloud/ubicloud,stars,rqrcode,3.2.0,gem
ubicloud/ubicloud,stars,uber,0.1.0,gem
ubicloud/ubicloud,stars,googleapis-common-protos-types,1.23.0,gem
ubicloud/ubicloud,stars,rspec,~> 3.12,gem
ubicloud/ubicloud,stars,retriable,4.2.0,gem
ubicloud/ubicloud,stars,thor,1.5.0,gem
ubicloud/ubicloud,stars,forme,2.7.0,gem
ubicloud/ubicloud,stars,websocket-extensions,0.1.5,gem
ubicloud/ubicloud,stars,pstore,0.2.1,gem
ubicloud/ubicloud,stars,simplecov_json_formatter,0.1.4,gem
ubicloud/ubicloud,stars,representable,3.2.0,gem
ubicloud/ubicloud,stars,pdf-reader,2.16.0,gem
ubicloud/ubicloud,stars,argon2,2.3.3,gem
ubicloud/ubicloud,stars,net-protocol,0.2.2,gem
ubicloud/ubicloud,stars,websocket-driver,0.8.2,gem
ubicloud/ubicloud,stars,openapi_parser,2.3.1,gem
ubicloud/ubicloud,stars,parser,3.3.12.0,gem
ubicloud/ubicloud,stars,webmock,3.26.3,gem
ubicloud/ubicloud,stars,reline,0.7.0,gem
ubicloud/ubicloud,stars,bigdecimal,4.1.2,gem
ubicloud/ubicloud,stars,method_source,1.1.0,gem
ubicloud/ubicloud,stars,omniauth,2.1.4,gem
ubicloud/ubicloud,stars,shellwords,0.2.2,gem
ubicloud/ubicloud,stars,cbor,0.5.10.3,gem
ubicloud/ubicloud,stars,google-logging-utils,0.2.0,gem
ubicloud/ubicloud,stars,google-apis-iam_v1,0.88.0,gem
ubicloud/ubicloud,stars,rubocop-sequel,0.4.1,gem
ubicloud/ubicloud,stars,net-http,0.9.1,gem
ubicloud/ubicloud,stars,prawn,2.5.0,gem
ubicloud/ubicloud,stars,net-smtp,0.5.1,gem
ubicloud/ubicloud,stars,google-apis-iamcredentials_v1,0.28.0,gem
ubicloud/ubicloud,stars,octokit,10.0.0,gem
ubicloud/ubicloud,stars,public_suffix,7.0.5,gem
ubicloud/ubicloud,stars,aws-eventstream,1.4.0,gem
ubicloud/ubicloud,stars,google-apis-storage_v1,0.65.0,gem
ubicloud/ubicloud,stars,capybara-validate_html5,2.1.0,gem
ubicloud/ubicloud,stars,rspec-expectations,3.13.5,gem
ubicloud/ubicloud,stars,by,1.1.0,gem
ubicloud/ubicloud,stars,foreman,0.90.0,gem
ubicloud/ubicloud,stars,google-apis-cloudresourcemanager_v3,0.62.0,gem
ubicloud/ubicloud,stars,autoforme,1.15.0,gem
ubicloud/ubicloud,stars,google-cloud-core,1.9.0,gem
ubicloud/ubicloud,stars,countries,8.1.0,gem
ubicloud/ubicloud,stars,bindata,2.5.1,gem
ubicloud/ubicloud,stars,simplecov-html,0.13.2,gem
ubicloud/ubicloud,stars,diff-lcs,1.5.0,gem
ubicloud/ubicloud,stars,bcrypt_pbkdf,1.1.2,gem
ubicloud/ubicloud,stars,signet,0.22.0,gem
ubicloud/ubicloud,stars,byebug,13.0.0,gem
ubicloud/ubicloud,stars,diff-lcs,1.6.2,gem
ubicloud/ubicloud,stars,parallel_tests,4.10.1,gem
ubicloud/ubicloud,stars,docile,1.4.1,gem
ubicloud/ubicloud,stars,cose,1.3.1,gem
ubicloud/ubicloud,stars,nokogiri,1.19.4,gem
ubicloud/ubicloud,stars,refrigerator,1.9.0,gem
ubicloud/ubicloud,stars,rspec-core,3.12.2,gem
ubicloud/ubicloud,stars,grpc,1.83.0,gem
ubicloud/ubicloud,stars,googleauth,1.17.3,gem
ubicloud/ubicloud,stars,prism,1.9.0,gem
ubicloud/ubicloud,stars,parallel,2.1.0,gem
ubicloud/ubicloud,stars,aws-sdk-rds,1.320.0,gem
ubicloud/ubicloud,stars,cuprite,0.18,gem
ubicloud/ubicloud,stars,racc,1.8.1,gem
ubicloud/ubicloud,stars,net-pop,0.1.2,gem
ubicloud/ubicloud,stars,auth-sanitizer,0.2.3,gem
ubicloud/ubicloud,stars,warning,1.6.0,gem
ubicloud/ubicloud,stars,aws-partitions,1.1281.0,gem
ubicloud/ubicloud,stars,ferrum,0.18.0,gem
ubicloud/ubicloud,stars,sequel_pg,1.19.0,gem
ubicloud/ubicloud,stars,openssl,4.0.2,gem
ubicloud/ubicloud,stars,faraday,2.14.3,gem
ubicloud/ubicloud,stars,android_key_attestation,0.3.0,gem
ubicloud/ubicloud,stars,pry-byebug,3.12.0,gem
ubicloud/ubicloud,stars,pdf-core,0.10.0,gem
ubicloud/ubicloud,stars,safety_net_attestation,0.5.0,gem
ubicloud/ubicloud,stars,trailblazer-option,0.1.2,gem
ubicloud/ubicloud,stars,googleapis-common-protos,1.10.0,gem
ubicloud/ubicloud,stars,mail,2.9.1,gem
ubicloud/ubicloud,stars,io-console,0.9.2,gem
ubicloud/ubicloud,stars,optparse,0.8.1,gem
ubicloud/ubicloud,stars,date,3.5.1,gem
ubicloud/ubicloud,stars,aws-sdk-ec2,1.636.0,gem
ubicloud/ubicloud,stars,simplecov-console,~> 0.9,gem
ubicloud/ubicloud,stars,argon2-kdf,1.0.0,gem
ubicloud/ubicloud,stars,acme-client,2.0.32,gem
ubicloud/ubicloud,stars,pagerduty,4.0.1,gem
ubicloud/ubicloud,stars,fiddle,1.1.8,gem
ubicloud/ubicloud,stars,regexp_parser,2.12.0,gem
ubicloud/ubicloud,stars,rspec-support,3.13.7,gem
ubicloud/ubicloud,stars,rspec-core,3.13.6,gem
ubicloud/ubicloud,stars,pg,1.6.3,gem
ubicloud/ubicloud,stars,digest-crc,0.7.0,gem
ubicloud/ubicloud,stars,net-imap,0.6.6,gem
ubicloud/ubicloud,stars,base64,0.3.0,gem
ubicloud/ubicloud,stars,rodauth-omniauth,0.6.2,gem
ubicloud/ubicloud,stars,standard-performance,1.9.0,gem
ubicloud/ubicloud,stars,openssl-signature_algorithm,1.3.0,gem
ubicloud/ubicloud,stars,google-cloud-errors,1.7.0,gem
ubicloud/ubicloud,stars,base64,>= 0,gem
ubicloud/ubicloud,stars,nio4r,2.7.5,gem
ubicloud/ubicloud,stars,tpm-key_attestation,0.14.2,gem
ubicloud/ubicloud,stars,rodish,2.0.1,gem
ubicloud/ubicloud,stars,excon,1.7.0,gem
ubicloud/ubicloud,stars,rspec,3.13.2,gem
ubicloud/ubicloud,stars,terminal-table,4.0.0,gem
ubicloud/ubicloud,stars,afm,1.0.0,gem
ubicloud/ubicloud,stars,sequel-annotate,1.7.0,gem
ubicloud/ubicloud,stars,netaddr,2.0.6,gem
ubicloud/ubicloud,stars,concurrent-ruby,1.3.8,gem
ubicloud/ubicloud,stars,simplecov-console,0.9.5,gem
ubicloud/ubicloud,stars,grpc-tools,1.83.0,gem
ubicloud/ubicloud,stars,rubocop-ast,1.50.0,gem
ubicloud/ubicloud,stars,unaccent,0.4.0,gem
ubicloud/ubicloud,stars,lint_roller,1.1.0,gem
ubicloud/ubicloud,stars,simplecov,1.2.0,gem
ubicloud/ubicloud,stars,multi_json,1.21.1,gem
ubicloud/ubicloud,stars,google-apis-core,1.2.5,gem
ubicloud/ubicloud,stars,omniauth-google-oauth2,1.2.2,gem
ubicloud/ubicloud,stars,snaky_hash,2.0.7,gem
faker-ruby/faker,stars,drb,2.2.3,gem
faker-ruby/faker,stars,minitest,6.0.6,gem
faker-ruby/faker,stars,coderay,1.1.3,gem
faker-ruby/faker,stars,minitest-mock,5.27.0,gem
faker-ruby/faker,stars,rainbow,3.1.1,gem
faker-ruby/faker,stars,tsort,0.2.0,gem
faker-ruby/faker,stars,i18n,1.15.2,gem
faker-ruby/faker,stars,yard,0.9.45,gem
faker-ruby/faker,stars,ruby-progressbar,1.13.0,gem
faker-ruby/faker,stars,timecop,0.9.11,gem
faker-ruby/faker,stars,benchmark-ips,2.15.1,gem
faker-ruby/faker,stars,simplecov,1.1.1,gem
faker-ruby/faker,stars,rake,13.4.2,gem
faker-ruby/faker,stars,concurrent-ruby,1.3.8,gem
faker-ruby/faker,stars,prettyprint,0.2.0,gem
faker-ruby/faker,stars,rubocop,1.90.0,gem
faker-ruby/faker,stars,i18n,>= 1.8.11,gem
faker-ruby/faker,stars,unicode-display_width,3.2.0,gem
faker-ruby/faker,stars,benchmark,0.5.0,gem
faker-ruby/faker,stars,erb,6.0.7,gem
faker-ruby/faker,stars,rubocop-ast,1.50.0,gem
faker-ruby/faker,stars,language_server-protocol,3.17.0.6,gem
faker-ruby/faker,stars,power_assert,3.1.0,gem
faker-ruby/faker,stars,lint_roller,1.1.0,gem
faker-ruby/faker,stars,ast,2.4.3,gem
faker-ruby/faker,stars,parser,3.3.12.0,gem
faker-ruby/faker,stars,rdoc,8.0.0,gem
faker-ruby/faker,stars,pp,0.6.4,gem
faker-ruby/faker,stars,rubocop-rake,0.7.1,gem
faker-ruby/faker,stars,irb,1.18.0,gem
faker-ruby/faker,stars,rbs,4.1.3,gem
faker-ruby/faker,stars,unicode-emoji,4.2.0,gem
faker-ruby/faker,stars,reline,0.7.0,gem
faker-ruby/faker,stars,prism,1.9.0,gem
faker-ruby/faker,stars,rubocop-minitest,0.40.0,gem
faker-ruby/faker,stars,test-unit,3.7.8,gem
faker-ruby/faker,stars,parallel,1.28.0,gem
faker-ruby/faker,stars,regexp_parser,2.12.0,gem
faker-ruby/faker,stars,io-console,0.9.2,gem
faker-ruby/faker,stars,json,2.21.2,gem
faker-ruby/faker,stars,method_source,1.1.0,gem
faker-ruby/faker,stars,racc,1.8.1,gem
faker-ruby/faker,stars,pry,0.16.0,gem
faker-ruby/faker,stars,logger,1.7.0,gem
Shopify/liquid,stars,terminal-table,>= 0,gem
Shopify/liquid,stars,benchmark,>= 0,gem
Shopify/liquid,stars,webrick,>= 0,gem
Shopify/liquid,stars,memory_profiler,>= 0,gem
Shopify/liquid,stars,benchmark-ips,>= 0,gem
Shopify/liquid,stars,lru_redux,>= 0,gem
Shopify/liquid,stars,rubocop,~> 1.82.0,gem
Shopify/liquid,stars,rubocop-performance,>= 0,gem
Shopify/liquid,stars,base64,>= 0,gem
Shopify/liquid,stars,rake,~> 13.0,gem
Shopify/liquid,stars,strscan,>= 3.1.1,gem
Shopify/liquid,stars,liquid-spec,>= 0,gem
Shopify/liquid,stars,activesupport,>= 0,gem
Shopify/liquid,stars,stackprof,>= 0,gem
Shopify/liquid,stars,bigdecimal,>= 0,gem
Shopify/liquid,stars,rubocop-shopify,~> 2.18.0,gem
Shopify/liquid,stars,minitest,>= 0,gem
jordansissel/fpm,stars,insist,~> 1.0.0,gem
jordansissel/fpm,stars,rspec,~> 3.13.0,gem
jordansissel/fpm,stars,pleaserun,~> 0.0.29,gem
jordansissel/fpm,stars,pry,>= 0,gem
jordansissel/fpm,stars,dependency1,>= 0,gem
jordansissel/fpm,stars,arr-pm,~> 0.0.11,gem
jordansissel/fpm,stars,rake,>= 0,gem
jordansissel/fpm,stars,clamp,>= 1.0.0,gem
jordansissel/fpm,stars,dependency2,>= 0,gem
jordansissel/fpm,stars,backports,>= 2.6.2,gem
jordansissel/fpm,stars,stud,>= 0,gem
jordansissel/fpm,stars,cabin,>= 0.9.1,gem
jordansissel/fpm,stars,rexml,>= 0,gem
Freika/dawarich,stars,crack,1.0.1,gem
Freika/dawarich,stars,omniauth-github,2.0.1,gem
Freika/dawarich,stars,brakeman,8.0.5,gem
Freika/dawarich,stars,stimulus-rails,1.3.4,gem
Freika/dawarich,stars,regexp_parser,2.12.0,gem
Freika/dawarich,stars,uri,1.1.1,gem
Freika/dawarich,stars,optimist,3.2.1,gem
Freika/dawarich,stars,activesupport,8.1.3.1,gem
Freika/dawarich,stars,mini_portile2,2.8.9,gem
Freika/dawarich,stars,multi_json,1.15.0,gem
Freika/dawarich,stars,aws-partitions,1.1262.0,gem
Freika/dawarich,stars,rack,3.2.6,gem
Freika/dawarich,stars,auth-sanitizer,0.2.1,gem
Freika/dawarich,stars,xpath,3.2.0,gem
Freika/dawarich,stars,puma,8.0.2,gem
Freika/dawarich,stars,posthog-rails,3.14.4,gem
Freika/dawarich,stars,icons,0.9.0,gem
Freika/dawarich,stars,thor,1.5.0,gem
Freika/dawarich,stars,bigdecimal,4.1.2,gem
Freika/dawarich,stars,rubocop-rails,2.35.5,gem
Freika/dawarich,stars,capybara,3.40.0,gem
Freika/dawarich,stars,faraday,2.14.3,gem
Freika/dawarich,stars,rspec-core,3.13.6,gem
Freika/dawarich,stars,flipper-active_record,1.4.2,gem
Freika/dawarich,stars,parser,3.3.11.1,gem
Freika/dawarich,stars,erubi,1.13.1,gem
Freika/dawarich,stars,rubyzip,3.4.1,gem
Freika/dawarich,stars,dotenv-rails,3.2.0,gem
Freika/dawarich,stars,ffaker,2.25.0,gem
Freika/dawarich,stars,language_server-protocol,3.17.0.5,gem
Freika/dawarich,stars,io-console,0.8.2,gem
Freika/dawarich,stars,i18n,1.15.2,gem
Freika/dawarich,stars,request_store,1.7.0,gem
Freika/dawarich,stars,pp,0.6.4,gem
Freika/dawarich,stars,validate_url,1.0.15,gem
Freika/dawarich,stars,cronex,0.15.0,gem
Freika/dawarich,stars,pry-rails,0.3.11,gem
Freika/dawarich,stars,rails_icons,1.9.0,gem
Freika/dawarich,stars,flipper,1.4.2,gem
Freika/dawarich,stars,chunky_png,1.4.0,gem
Freika/dawarich,stars,csv,3.3.5,gem
Freika/dawarich,stars,attr_required,1.0.2,gem
Freika/dawarich,stars,swd,2.0.3,gem
Freika/dawarich,stars,mail,2.9.1,gem
Freika/dawarich,stars,rack-oauth2,2.3.0,gem
Freika/dawarich,stars,minitest,6.0.6,gem
Freika/dawarich,stars,rake,13.4.2,gem
Freika/dawarich,stars,factory_bot_rails,6.5.1,gem
Freika/dawarich,stars,rotp,6.3.0,gem
Freika/dawarich,stars,drb,2.2.3,gem
Freika/dawarich,stars,useragent,0.16.11,gem
Freika/dawarich,stars,websocket-driver,0.8.2,gem
Freika/dawarich,stars,matrix,0.4.2,gem
Freika/dawarich,stars,pg,1.6.3,gem
Freika/dawarich,stars,activerecord-postgis-adapter,11.1.1,gem
Freika/dawarich,stars,yabeda-puma-plugin,0.9.0,gem
Freika/dawarich,stars,zlib,3.2.3,gem
Freika/dawarich,stars,aws-sdk-core,3.252.0,gem
Freika/dawarich,stars,google-id-token,1.4.2,gem
Freika/dawarich,stars,actionpack,8.1.3.1,gem
Freika/dawarich,stars,httparty,0.24.2,gem
Freika/dawarich,stars,fit4ruby,3.13.0,gem
Freika/dawarich,stars,rswag-api,2.17.0,gem
Freika/dawarich,stars,ffi,1.17.2,gem
Freika/dawarich,stars,faraday-follow_redirects,0.4.0,gem
Freika/dawarich,stars,irb,1.18.0,gem
Freika/dawarich,stars,pundit,2.5.2,gem
Freika/dawarich,stars,unicode-display_width,3.2.0,gem
Freika/dawarich,stars,actiontext,8.1.3.1,gem
Freika/dawarich,stars,ostruct,0.6.3,gem
Freika/dawarich,stars,aws-eventstream,1.4.0,gem
Freika/dawarich,stars,omniauth-google-oauth2,1.2.2,gem
Freika/dawarich,stars,rubocop,1.88.0,gem
Freika/dawarich,stars,kaminari-activerecord,1.2.2,gem
Freika/dawarich,stars,bindata,2.4.15,gem
Freika/dawarich,stars,sidekiq-cron,2.4.0,gem
Freika/dawarich,stars,json-jwt,1.17.0,gem
Freika/dawarich,stars,addressable,2.9.0,gem
Freika/dawarich,stars,loofah,2.25.2,gem
Freika/dawarich,stars,rqrcode_core,2.1.0,gem
Freika/dawarich,stars,posthog-ruby,3.14.3,gem
Freika/dawarich,stars,actioncable,8.1.3.1,gem
Freika/dawarich,stars,reline,0.6.3,gem
Freika/dawarich,stars,orm_adapter,0.5.0,gem
Freika/dawarich,stars,hashdiff,1.2.1,gem
Freika/dawarich,stars,tailwindcss-ruby,3.4.17,gem
Freika/dawarich,stars,coderay,1.1.3,gem
Freika/dawarich,stars,h3,3.7.4,gem
Freika/dawarich,stars,sidekiq,8.1.6,gem
Freika/dawarich,stars,railties,8.1.3.1,gem
Freika/dawarich,stars,simplecov_json_formatter,0.1.4,gem
Freika/dawarich,stars,kaminari-actionview,1.2.2,gem
Freika/dawarich,stars,activestorage,8.1.3.1,gem
Freika/dawarich,stars,sprockets-rails,3.5.2,gem
Freika/dawarich,stars,resolv,0.7.2,gem
Freika/dawarich,stars,erb,6.0.4,gem
Freika/dawarich,stars,actionview,8.1.3.1,gem
Freika/dawarich,stars,importmap-rails,2.2.3,gem
Freika/dawarich,stars,rspec-support,3.13.7,gem
Freika/dawarich,stars,activemodel,8.1.3.1,gem
Freika/dawarich,stars,with_advisory_lock,7.5.0,gem
Freika/dawarich,stars,unicode,0.4.4.5,gem
Freika/dawarich,stars,factory_bot,6.5.5,gem
Freika/dawarich,stars,chartkick,5.2.1,gem
Freika/dawarich,stars,rspec-mocks,3.13.8,gem
Freika/dawarich,stars,fakeredis,0.9.2,gem
Freika/dawarich,stars,parallel,2.1.0,gem
Freika/dawarich,stars,rgeo-geojson,2.2.0,gem
Freika/dawarich,stars,diff-lcs,1.6.2,gem
Freika/dawarich,stars,rack-test,2.2.0,gem
Freika/dawarich,stars,webrick,1.9.2,gem
Freika/dawarich,stars,rexml,3.4.4,gem
Freika/dawarich,stars,rackup,2.3.1,gem
Freika/dawarich,stars,bcrypt,3.1.22,gem
Freika/dawarich,stars,actionmailbox,8.1.3.1,gem
Freika/dawarich,stars,simplecov-html,0.13.1,gem
Freika/dawarich,stars,aws-sdk-kms,1.129.0,gem
Freika/dawarich,stars,rainbow,3.1.1,gem
Freika/dawarich,stars,rswag-specs,2.17.0,gem
Freika/dawarich,stars,net-pop,0.1.2,gem
Freika/dawarich,stars,prometheus-client,4.2.5,gem
Freika/dawarich,stars,crass,1.0.7,gem
Freika/dawarich,stars,debug,1.11.1,gem
Freika/dawarich,stars,turbo-rails,2.0.23,gem
Freika/dawarich,stars,data_migrate,11.3.1,gem
Freika/dawarich,stars,oauth2,2.0.22,gem
Freika/dawarich,stars,hashie,5.1.0,gem
Freika/dawarich,stars,webmock,3.26.2,gem
Freika/dawarich,stars,globalid,1.4.0,gem
Freika/dawarich,stars,rubocop-ast,1.49.1,gem
Freika/dawarich,stars,openid_connect,2.3.1,gem
Freika/dawarich,stars,apple_id,1.6.4,gem
Freika/dawarich,stars,fugit,1.12.2,gem
Freika/dawarich,stars,pry,0.16.0,gem
Freika/dawarich,stars,logger,1.7.0,gem
Freika/dawarich,stars,omniauth-oauth2,1.9.0,gem
Freika/dawarich,stars,yabeda-sidekiq,0.12.0,gem
Freika/dawarich,stars,rgeo,3.1.0,gem
Freika/dawarich,stars,net-protocol,0.2.2,gem
Freika/dawarich,stars,json-schema,5.0.1,gem
Freika/dawarich,stars,rack-protection,4.2.1,gem
Freika/dawarich,stars,redis,4.8.1,gem
Freika/dawarich,stars,webfinger,2.1.3,gem
Freika/dawarich,stars,msgpack,1.8.3,gem
Freika/dawarich,stars,ruby-next-core,1.2.0,gem
Freika/dawarich,stars,bundler-audit,0.9.3,gem
Freika/dawarich,stars,anyway_config,2.8.0,gem
Freika/dawarich,stars,yabeda-prometheus,0.9.1,gem
Freika/dawarich,stars,lint_roller,1.1.0,gem
Freika/dawarich,stars,shoulda-matchers,8.0.1,gem
Freika/dawarich,stars,tzinfo,2.0.6,gem
Freika/dawarich,stars,rqrcode,3.2.0,gem
Freika/dawarich,stars,ast,2.4.3,gem
Freika/dawarich,stars,mini_mime,1.1.5,gem
Freika/dawarich,stars,public_suffix,7.0.5,gem
Freika/dawarich,stars,rbs,4.0.3,gem
Freika/dawarich,stars,version_gem,1.1.11,gem
Freika/dawarich,stars,bootsnap,1.24.6,gem
Freika/dawarich,stars,websocket,1.2.11,gem
Freika/dawarich,stars,responders,3.2.0,gem
Freika/dawarich,stars,sentry-ruby,6.6.2,gem
Freika/dawarich,stars,sidekiq-limit_fetch,4.4.1,gem
Freika/dawarich,stars,rswag-ui,2.17.0,gem
Freika/dawarich,stars,rack-session,2.1.2,gem
Freika/dawarich,stars,attr_extras,7.1.0,gem
Freika/dawarich,stars,securerandom,0.4.1,gem
Freika/dawarich,stars,dotenv,3.2.0,gem
Freika/dawarich,stars,rspec-rails,8.0.4,gem
Freika/dawarich,stars,rdoc,8.0.0,gem
Freika/dawarich,stars,net-imap,0.6.4.1,gem
Freika/dawarich,stars,actionmailer,8.1.3.1,gem
Freika/dawarich,stars,yabeda-activerecord,0.1.2,gem
Freika/dawarich,stars,yabeda,0.16.0,gem
Freika/dawarich,stars,raabro,1.4.0,gem
Freika/dawarich,stars,timeout,0.6.1,gem
Freika/dawarich,stars,multi_xml,0.8.1,gem
Freika/dawarich,stars,connection_pool,3.0.2,gem
Freika/dawarich,stars,rack-cors,3.0.0,gem
Freika/dawarich,stars,kaminari,1.2.2,gem
Freika/dawarich,stars,warden,1.2.9,gem
Freika/dawarich,stars,method_source,1.1.0,gem
Freika/dawarich,stars,selenium-webdriver,4.45.0,gem
Freika/dawarich,stars,omniauth,2.1.4,gem
Freika/dawarich,stars,base64,0.3.0,gem
Freika/dawarich,stars,marcel,1.2.1,gem
Freika/dawarich,stars,jwt,3.2.0,gem
Freika/dawarich,stars,devise-two-factor,6.4.0,gem
Freika/dawarich,stars,nio4r,2.7.5,gem
Freika/dawarich,stars,lograge,0.14.0,gem
Freika/dawarich,stars,simplecov,0.22.0,gem
Freika/dawarich,stars,activerecord,8.1.3.1,gem
Freika/dawarich,stars,aes_key_wrap,1.1.0,gem
Freika/dawarich,stars,rspec-expectations,3.13.5,gem
Freika/dawarich,stars,prettyprint,0.2.0,gem
Freika/dawarich,stars,tailwindcss-rails,3.3.2,gem
Freika/dawarich,stars,patience_diff,1.2.0,gem
Freika/dawarich,stars,jmespath,1.6.2,gem
Freika/dawarich,stars,faraday-net_http,3.4.3,gem
Freika/dawarich,stars,yabeda-rails,0.11.0,gem
Freika/dawarich,stars,rails-html-sanitizer,1.7.1,gem
Freika/dawarich,stars,ruby-progressbar,1.13.0,gem
Freika/dawarich,stars,aws-sdk-s3,1.226.0,gem
Freika/dawarich,stars,resolv-replace,0.2.0,gem
Freika/dawarich,stars,email_validator,2.2.4,gem
Freika/dawarich,stars,net-smtp,0.5.1,gem
Freika/dawarich,stars,websocket-extensions,0.1.5,gem
Freika/dawarich,stars,nokogiri,1.19.4,gem
Freika/dawarich,stars,zeitwerk,2.8.2,gem
Freika/dawarich,stars,byebug,13.0.0,gem
Freika/dawarich,stars,sentry-rails,6.6.2,gem
Freika/dawarich,stars,tsort,0.2.0,gem
Freika/dawarich,stars,sanitize,7.0.0,gem
Freika/dawarich,stars,date,3.5.1,gem
Freika/dawarich,stars,omniauth-rails_csrf_protection,2.0.1,gem
Freika/dawarich,stars,builder,3.3.0,gem
Freika/dawarich,stars,devise,5.0.4,gem
Freika/dawarich,stars,dry-initializer,3.2.0,gem
Freika/dawarich,stars,activejob,8.1.3.1,gem
Freika/dawarich,stars,pry-byebug,3.12.0,gem
Freika/dawarich,stars,rails-dom-testing,2.3.0,gem
Freika/dawarich,stars,action_text-trix,2.1.19,gem
Freika/dawarich,stars,et-orbi,1.4.0,gem
Freika/dawarich,stars,docile,1.4.1,gem
Freika/dawarich,stars,rgeo-activerecord,8.1.0,gem
Freika/dawarich,stars,net-http,0.9.1,gem
Freika/dawarich,stars,oj,3.17.3,gem
Freika/dawarich,stars,racc,1.8.1,gem
Freika/dawarich,stars,flipper-ui,1.4.2,gem
Freika/dawarich,stars,rails,8.1.3.1,gem
Freika/dawarich,stars,sprockets,4.2.1,gem
Freika/dawarich,stars,unicode-emoji,4.2.0,gem
Freika/dawarich,stars,super_diff,0.19.0,gem
Freika/dawarich,stars,snaky_hash,2.0.5,gem
Freika/dawarich,stars,aws-sigv4,1.12.1,gem
Freika/dawarich,stars,foreman,0.90.0,gem
Freika/dawarich,stars,kaminari-core,1.2.2,gem
Freika/dawarich,stars,concurrent-ruby,1.3.7,gem
Freika/dawarich,stars,omniauth_openid_connect,0.8.0,gem
Freika/dawarich,stars,prism,1.9.0,gem
Freika/dawarich,stars,rack-attack,6.8.0,gem
Freika/dawarich,stars,json,2.21.2,gem
Freika/dawarich,stars,redis-client,0.29.0,gem
teamcapybara/capybara,stars,racc,>= 0,gem
teamcapybara/capybara,stars,launchy,>= 2.0.4,gem
teamcapybara/capybara,stars,rack,>= 1.6.0,gem
teamcapybara/capybara,stars,rubocop-minitest,>= 0,gem
teamcapybara/capybara,stars,mini_mime,>= 0.1.3,gem
teamcapybara/capybara,stars,irb,>= 0,gem
teamcapybara/capybara,stars,uglifier,>= 0,gem
teamcapybara/capybara,stars,selenium_statistics,>= 0,gem
teamcapybara/capybara,stars,erubi,>= 0,gem
teamcapybara/capybara,stars,puma,>= 0,gem
teamcapybara/capybara,stars,sinatra,>= 1.4.0,gem
teamcapybara/capybara,stars,redcarpet,>= 0,gem
teamcapybara/capybara,stars,bundler,>= 0,gem
teamcapybara/capybara,stars,rackup,>= 0,gem
teamcapybara/capybara,stars,regexp_parser,">= 1.5,< 3.0",gem
teamcapybara/capybara,stars,yard,>= 0.9.0,gem
teamcapybara/capybara,stars,selenium-webdriver,~> 4.8,gem
teamcapybara/capybara,stars,xpath,>= 0,gem
teamcapybara/capybara,stars,rubocop-capybara,>= 0,gem
teamcapybara/capybara,stars,rack-test,>= 0.6.3,gem
teamcapybara/capybara,stars,rspec,>= 3.5.0,gem
teamcapybara/capybara,stars,rubocop-performance,>= 0,gem
teamcapybara/capybara,stars,coveralls_reborn,>= 0,gem
teamcapybara/capybara,stars,rake,>= 0,gem
teamcapybara/capybara,stars,ostruct,>= 0,gem
teamcapybara/capybara,stars,xpath,~> 3.2,gem
teamcapybara/capybara,stars,rubocop-rspec,~> 3.0,gem
teamcapybara/capybara,stars,rubysl,>= 0,gem
teamcapybara/capybara,stars,rubocop,~> 1.1,gem
teamcapybara/capybara,stars,rspec-instafail,>= 0,gem
teamcapybara/capybara,stars,cucumber,>= 2.3.0,gem
teamcapybara/capybara,stars,matrix,>= 0,gem
teamcapybara/capybara,stars,minitest,>= 0,gem
teamcapybara/capybara,stars,rubocop-rake,>= 0,gem
teamcapybara/capybara,stars,benchmark,>= 0,gem
teamcapybara/capybara,stars,nokogiri,~> 1.11,gem
teamcapybara/capybara,stars,addressable,>= 0,gem
teamcapybara/capybara,stars,json,>= 0,gem
ruby-grape/grape,stars,rubocop-exception_messages,0.2.0,gem
ruby-grape/grape,stars,mustermann,>= 4.0,gem
ruby-grape/grape,stars,simplecov,~> 1.1,gem
ruby-grape/grape,stars,rubocop-performance,1.27.0,gem
ruby-grape/grape,stars,rspec,~> 3.13,gem
ruby-grape/grape,stars,dry-types,>= 1.1,gem
ruby-grape/grape,stars,dry-configurable,>= 1.0,gem
ruby-grape/grape,stars,benchmark-memory,>= 0,gem
ruby-grape/grape,stars,rack-test,~> 2.1,gem
ruby-grape/grape,stars,rubocop-rspec,3.10.2,gem
ruby-grape/grape,stars,danger-changelog,>= 0,gem
ruby-grape/grape,stars,irb,>= 0,gem
ruby-grape/grape,stars,racc,>= 0,gem
ruby-grape/grape,stars,danger,>= 0,gem
ruby-grape/grape,stars,simplecov-lcov,~> 0.8,gem
ruby-grape/grape,stars,danger-pr-comment,>= 0,gem
ruby-grape/grape,stars,rubocop,1.90.0,gem
ruby-grape/grape,stars,rack,>= 2.2.4,gem
ruby-grape/grape,stars,builder,>= 0,gem
ruby-grape/grape,stars,activesupport,>= 7.2,gem
ruby-grape/grape,stars,zeitwerk,>= 2.6,gem
ruby-grape/grape,stars,rake,>= 0,gem
ruby-grape/grape,stars,benchmark-ips,>= 0,gem
ruby-grape/grape,stars,rack-contrib,>= 0,gem
ruby-grape/grape,stars,bundler,>= 0,gem
wpscanteam/wpscan,stars,simplecov,~> 1.1.0,gem
wpscanteam/wpscan,stars,bundler,>= 1.6,gem
wpscanteam/wpscan,stars,ethon,">= 0.14,< 0.19",gem
wpscanteam/wpscan,stars,ostruct,~> 0.6,gem
wpscanteam/wpscan,stars,get_process_mem,">= 0.2.5,< 1.1.0",gem
wpscanteam/wpscan,stars,fiddle,~> 1.1,gem
wpscanteam/wpscan,stars,nokogiri,1.8.4,gem
wpscanteam/wpscan,stars,webmock,3.4.2,gem
wpscanteam/wpscan,stars,memory_profiler,~> 1.1.0,gem
wpscanteam/wpscan,stars,rubyzip,1.2.1,gem
wpscanteam/wpscan,stars,ruby-progressbar,1.9.0,gem
wpscanteam/wpscan,stars,activesupport,">= 7.1,< 8.2",gem
wpscanteam/wpscan,stars,unicode-display_width,1.4.0,gem
wpscanteam/wpscan,stars,ffi,1.9.25,gem
wpscanteam/wpscan,stars,terminal-table,1.8.0,gem
wpscanteam/wpscan,stars,rake,~> 13.0,gem
wpscanteam/wpscan,stars,simplecov,0.16.1,gem
wpscanteam/wpscan,stars,public_suffix,3.0.2,gem
wpscanteam/wpscan,stars,nokogiri,~> 1.16,gem
wpscanteam/wpscan,stars,xmlrpc,~> 0.3,gem
wpscanteam/wpscan,stars,public_suffix,">= 4.0.3,< 7.1",gem
wpscanteam/wpscan,stars,rspec-support,3.7.1,gem
wpscanteam/wpscan,stars,sys-proctable,">= 1.2.2,< 1.4.0",gem
wpscanteam/wpscan,stars,simplecov-html,0.10.2,gem
wpscanteam/wpscan,stars,safe_yaml,1.0.4,gem
wpscanteam/wpscan,stars,rspec-expectations,3.7.0,gem
wpscanteam/wpscan,stars,docile,1.3.1,gem
wpscanteam/wpscan,stars,rspec,~> 3.13.0,gem
wpscanteam/wpscan,stars,rubocop-performance,~> 1.26,gem
wpscanteam/wpscan,stars,simplecov-lcov,~> 0.9.0,gem
wpscanteam/wpscan,stars,typhoeus,1.3.0,gem
wpscanteam/wpscan,stars,yajl-ruby,1.4.0,gem
wpscanteam/wpscan,stars,ethon,0.11.0,gem
wpscanteam/wpscan,stars,typhoeus,">= 1.3,< 1.7",gem
wpscanteam/wpscan,stars,rspec-its,~> 2.0.0,gem
wpscanteam/wpscan,stars,crack,0.4.3,gem
wpscanteam/wpscan,stars,stackprof,~> 0.2.12,gem
wpscanteam/wpscan,stars,ruby-progressbar,">= 1.10,< 1.14",gem
wpscanteam/wpscan,stars,rubocop,~> 1.82,gem
wpscanteam/wpscan,stars,ferrum,~> 0.8,gem
wpscanteam/wpscan,stars,json,2.1.0,gem
wpscanteam/wpscan,stars,rspec-mocks,3.7.0,gem
wpscanteam/wpscan,stars,addressable,~> 2.9,gem
wpscanteam/wpscan,stars,addressable,2.5.2,gem
wpscanteam/wpscan,stars,diff-lcs,1.3,gem
wpscanteam/wpscan,stars,yajl-ruby,~> 1.4.1,gem
wpscanteam/wpscan,stars,webmock,~> 3.26.2,gem
wpscanteam/wpscan,stars,mini_portile2,2.3.0,gem
wpscanteam/wpscan,stars,rspec-core,3.7.1,gem
wpscanteam/wpscan,stars,hashdiff,0.3.7,gem
wpscanteam/wpscan,stars,rspec,3.7.0,gem
wpscanteam/wpscan,stars,rspec-its,1.2.0,gem
activeadmin/activeadmin,stars,formtastic_i18n,0.7.0,gem
activeadmin/activeadmin,stars,activerecord,8.1.3.1,gem
activeadmin/activeadmin,stars,ffi,1.17.4,gem
activeadmin/activeadmin,stars,rubocop-performance,1.27.0,gem
activeadmin/activeadmin,stars,bcrypt,3.1.22,gem
activeadmin/activeadmin,stars,responders,3.2.1,gem
activeadmin/activeadmin,stars,builder,3.3.0,gem
activeadmin/activeadmin,stars,cucumber-gherkin,39.1.0,gem
activeadmin/activeadmin,stars,actiontext,7.2.3.2,gem
activeadmin/activeadmin,stars,actionview,7.2.3.2,gem
activeadmin/activeadmin,stars,activerecord,7.2.3.2,gem
activeadmin/activeadmin,stars,benchmark,0.5.0,gem
activeadmin/activeadmin,stars,io-console,0.9.2,gem
activeadmin/activeadmin,stars,railties,8.1.3.1,gem
activeadmin/activeadmin,stars,rubocop-rails,2.37.0,gem
activeadmin/activeadmin,stars,memoist3,1.0.0,gem
activeadmin/activeadmin,stars,rubocop-rspec,3.10.2,gem
activeadmin/activeadmin,stars,actionmailbox,7.2.3.2,gem
activeadmin/activeadmin,stars,rails-i18n,7.0.10,gem
activeadmin/activeadmin,stars,formtastic_i18n,>= 0.7,gem
activeadmin/activeadmin,stars,activesupport,8.1.3.1,gem
activeadmin/activeadmin,stars,reline,0.7.0,gem
activeadmin/activeadmin,stars,arbre,2.2.1,gem
activeadmin/activeadmin,stars,railties,>= 7.2,gem
activeadmin/activeadmin,stars,uri,1.1.1,gem
activeadmin/activeadmin,stars,activestorage,8.1.3.1,gem
activeadmin/activeadmin,stars,rubocop-packaging,0.6.0,gem
activeadmin/activeadmin,stars,cucumber-cucumber-expressions,19.0.1,gem
activeadmin/activeadmin,stars,zeitwerk,2.8.3,gem
activeadmin/activeadmin,stars,kaminari,>= 1.2.1,gem
activeadmin/activeadmin,stars,ransack,4.4.1,gem
activeadmin/activeadmin,stars,importmap-rails,2.2.3,gem
activeadmin/activeadmin,stars,iso,0.4.0,gem
activeadmin/activeadmin,stars,cucumber-rails,4.1.0,gem
activeadmin/activeadmin,stars,rspec-expectations,3.13.5,gem
activeadmin/activeadmin,stars,cucumber-ci-environment,11.0.0,gem
activeadmin/activeadmin,stars,cgi,0.5.2,gem
activeadmin/activeadmin,stars,activesupport,7.2.3.2,gem
activeadmin/activeadmin,stars,loofah,2.25.2,gem
activeadmin/activeadmin,stars,capybara,3.40.0,gem
activeadmin/activeadmin,stars,i18n-tasks,1.1.2,gem
activeadmin/activeadmin,stars,rails-i18n,8.1.0,gem
activeadmin/activeadmin,stars,prettyprint,0.2.0,gem
activeadmin/activeadmin,stars,rake,13.4.2,gem
activeadmin/activeadmin,stars,formtastic,>= 6.0,gem
activeadmin/activeadmin,stars,lint_roller,1.1.0,gem
activeadmin/activeadmin,stars,unicode-display_width,3.2.0,gem
activeadmin/activeadmin,stars,logger,1.7.0,gem
activeadmin/activeadmin,stars,diff-lcs,1.6.2,gem
activeadmin/activeadmin,stars,rspec-mocks,3.13.8,gem
activeadmin/activeadmin,stars,concurrent-ruby,1.3.8,gem
activeadmin/activeadmin,stars,prism,1.9.0,gem
activeadmin/activeadmin,stars,has_scope,0.9.0,gem
activeadmin/activeadmin,stars,rainbow,3.1.1,gem
activeadmin/activeadmin,stars,activestorage,7.2.3.2,gem
activeadmin/activeadmin,stars,rbs,4.2.0,gem
activeadmin/activeadmin,stars,actiontext,8.1.3.1,gem
activeadmin/activeadmin,stars,net-protocol,0.3.0,gem
activeadmin/activeadmin,stars,net-smtp,0.5.1,gem
activeadmin/activeadmin,stars,globalid,1.4.0,gem
activeadmin/activeadmin,stars,kaminari-core,1.2.2,gem
activeadmin/activeadmin,stars,rubocop,1.90.0,gem
activeadmin/activeadmin,stars,kaminari-actionview,1.2.2,gem
activeadmin/activeadmin,stars,unicode-emoji,4.2.0,gem
activeadmin/activeadmin,stars,childprocess,5.1.0,gem
activeadmin/activeadmin,stars,simplecov-cobertura,4.0.0,gem
activeadmin/activeadmin,stars,terminal-table,4.0.0,gem
activeadmin/activeadmin,stars,i18n-spec,0.6.0,gem
activeadmin/activeadmin,stars,cucumber-tag-expressions,8.1.0,gem
activeadmin/activeadmin,stars,websocket-driver,0.8.2,gem
activeadmin/activeadmin,stars,action_text-trix,2.1.19,gem
activeadmin/activeadmin,stars,securerandom,0.4.1,gem
activeadmin/activeadmin,stars,matrix,0.4.3,gem
activeadmin/activeadmin,stars,launchy,3.1.1,gem
activeadmin/activeadmin,stars,tsort,0.2.0,gem
activeadmin/activeadmin,stars,rspec-rails,8.0.4,gem
activeadmin/activeadmin,stars,date,3.5.1,gem
activeadmin/activeadmin,stars,activejob,8.1.3.1,gem
activeadmin/activeadmin,stars,railties,8.0.5.1,gem
activeadmin/activeadmin,stars,tzinfo,2.0.6,gem
activeadmin/activeadmin,stars,cucumber-html-formatter,23.1.0,gem
activeadmin/activeadmin,stars,parallel_tests,5.7.0,gem
activeadmin/activeadmin,stars,cancancan,3.6.1,gem
activeadmin/activeadmin,stars,net-imap,0.6.6,gem
activeadmin/activeadmin,stars,parallel,2.1.0,gem
activeadmin/activeadmin,stars,mail,2.9.1,gem
activeadmin/activeadmin,stars,sys-uname,1.5.1,gem
activeadmin/activeadmin,stars,rackup,2.3.1,gem
activeadmin/activeadmin,stars,activejob,8.0.5.1,gem
activeadmin/activeadmin,stars,devise,5.0.4,gem
activeadmin/activeadmin,stars,database_cleaner-active_record,2.2.2,gem
activeadmin/activeadmin,stars,ferrum,0.17.2,gem
activeadmin/activeadmin,stars,actionmailbox,8.1.3.1,gem
activeadmin/activeadmin,stars,arbre,~> 2.0,gem
activeadmin/activeadmin,stars,rack-session,2.1.2,gem
activeadmin/activeadmin,stars,actioncable,8.1.3.1,gem
activeadmin/activeadmin,stars,activemodel,8.1.3.1,gem
activeadmin/activeadmin,stars,irb,1.18.0,gem
activeadmin/activeadmin,stars,crass,1.0.7,gem
activeadmin/activeadmin,stars,actiontext,8.0.5.1,gem
activeadmin/activeadmin,stars,draper,4.0.6,gem
activeadmin/activeadmin,stars,railties,7.2.3.2,gem
activeadmin/activeadmin,stars,csv,>= 0,gem
activeadmin/activeadmin,stars,rdoc,8.0.0,gem
activeadmin/activeadmin,stars,ruby2_keywords,0.0.5,gem
activeadmin/activeadmin,stars,xpath,3.2.0,gem
activeadmin/activeadmin,stars,net-pop,0.1.2,gem
activeadmin/activeadmin,stars,highline,3.1.2,gem
activeadmin/activeadmin,stars,websocket-extensions,0.1.5,gem
activeadmin/activeadmin,stars,nokogiri,1.19.4,gem
activeadmin/activeadmin,stars,multi_test,1.1.0,gem
activeadmin/activeadmin,stars,connection_pool,3.0.2,gem
activeadmin/activeadmin,stars,webrick,1.9.2,gem
activeadmin/activeadmin,stars,sprockets,4.4.1,gem
activeadmin/activeadmin,stars,actionmailbox,8.0.5.1,gem
activeadmin/activeadmin,stars,inherited_resources,2.1.0,gem
activeadmin/activeadmin,stars,rubocop-capybara,3.0.0,gem
activeadmin/activeadmin,stars,language_server-protocol,3.17.0.6,gem
activeadmin/activeadmin,stars,kaminari,1.2.2,gem
activeadmin/activeadmin,stars,rexml,3.4.4,gem
activeadmin/activeadmin,stars,erb,6.0.7,gem
activeadmin/activeadmin,stars,actionpack,8.0.5.1,gem
activeadmin/activeadmin,stars,actioncable,7.2.3.2,gem
activeadmin/activeadmin,stars,i18n,1.15.2,gem
activeadmin/activeadmin,stars,minitest,6.0.6,gem
activeadmin/activeadmin,stars,ast,2.4.3,gem
activeadmin/activeadmin,stars,rack,3.2.7,gem
activeadmin/activeadmin,stars,actionview,8.0.5.1,gem
activeadmin/activeadmin,stars,actioncable,8.0.5.1,gem
activeadmin/activeadmin,stars,minitest,5.27.0,gem
activeadmin/activeadmin,stars,inherited_resources,~> 2.0,gem
activeadmin/activeadmin,stars,actionpack,8.1.3.1,gem
activeadmin/activeadmin,stars,sqlite3,2.9.6,gem
activeadmin/activeadmin,stars,orm_adapter,0.5.0,gem
activeadmin/activeadmin,stars,actionmailer,8.0.5.1,gem
activeadmin/activeadmin,stars,activerecord,8.0.5.1,gem
activeadmin/activeadmin,stars,rspec-support,3.13.7,gem
activeadmin/activeadmin,stars,formtastic,6.0.0,gem
activeadmin/activeadmin,stars,activemodel-serializers-xml,1.0.3,gem
activeadmin/activeadmin,stars,rails-html-sanitizer,1.7.1,gem
activeadmin/activeadmin,stars,csv,3.3.6,gem
activeadmin/activeadmin,stars,rails,7.2.3.2,gem
activeadmin/activeadmin,stars,bigdecimal,4.1.2,gem
activeadmin/activeadmin,stars,nio4r,2.7.5,gem
activeadmin/activeadmin,stars,actionview,8.1.3.1,gem
activeadmin/activeadmin,stars,cucumber-messages,32.3.1,gem
activeadmin/activeadmin,stars,simplecov,1.1.1,gem
activeadmin/activeadmin,stars,activemodel,8.0.5.1,gem
activeadmin/activeadmin,stars,actionpack,7.2.3.2,gem
activeadmin/activeadmin,stars,thor,1.5.0,gem
activeadmin/activeadmin,stars,cucumber-core,16.2.0,gem
activeadmin/activeadmin,stars,cuprite,0.17,gem
activeadmin/activeadmin,stars,base64,0.3.0,gem
activeadmin/activeadmin,stars,sprockets-rails,3.5.2,gem
activeadmin/activeadmin,stars,addressable,2.9.0,gem
activeadmin/activeadmin,stars,activestorage,8.0.5.1,gem
activeadmin/activeadmin,stars,racc,1.8.1,gem
activeadmin/activeadmin,stars,activejob,7.2.3.2,gem
activeadmin/activeadmin,stars,cssbundling-rails,1.4.3,gem
activeadmin/activeadmin,stars,mini_mime,1.1.5,gem
activeadmin/activeadmin,stars,regexp_parser,2.12.0,gem
activeadmin/activeadmin,stars,pundit,2.5.2,gem
activeadmin/activeadmin,stars,activesupport,8.0.5.1,gem
activeadmin/activeadmin,stars,cucumber,11.1.1,gem
activeadmin/activeadmin,stars,actionmailer,7.2.3.2,gem
activeadmin/activeadmin,stars,erubi,1.13.1,gem
activeadmin/activeadmin,stars,database_cleaner-core,2.1.0,gem
activeadmin/activeadmin,stars,timeout,0.6.1,gem
activeadmin/activeadmin,stars,activemodel,7.2.3.2,gem
activeadmin/activeadmin,stars,marcel,1.2.1,gem
activeadmin/activeadmin,stars,rails-dom-testing,2.3.0,gem
activeadmin/activeadmin,stars,rails,8.1.3.1,gem
activeadmin/activeadmin,stars,drb,2.2.3,gem
activeadmin/activeadmin,stars,public_suffix,7.0.5,gem
activeadmin/activeadmin,stars,rubocop-ast,1.50.0,gem
activeadmin/activeadmin,stars,json,2.21.2,gem
activeadmin/activeadmin,stars,rack-test,2.2.0,gem
activeadmin/activeadmin,stars,rails,8.0.5.1,gem
activeadmin/activeadmin,stars,ransack,>= 4.0,gem
activeadmin/activeadmin,stars,rspec-core,3.13.6,gem
activeadmin/activeadmin,stars,parser,3.3.12.0,gem
activeadmin/activeadmin,stars,warden,1.2.9,gem
activeadmin/activeadmin,stars,kaminari-activerecord,1.2.2,gem
activeadmin/activeadmin,stars,actionmailer,8.1.3.1,gem
activeadmin/activeadmin,stars,pp,0.6.4,gem
activeadmin/activeadmin,stars,request_store,1.7.0,gem
activeadmin/activeadmin,stars,useragent,0.16.11,gem
activeadmin/activeadmin,stars,ruby-progressbar,1.13.0,gem
we-promise/sure,stars,dotenv,3.1.8,gem
we-promise/sure,stars,erb_lint,0.9.0,gem
we-promise/sure,stars,pp,0.6.3,gem
we-promise/sure,stars,aws-partitions,1.1196.0,gem
we-promise/sure,stars,rubocop-rails-omakase,1.1.0,gem
we-promise/sure,stars,aws-sdk-core,3.240.0,gem
we-promise/sure,stars,ruby2_keywords,0.0.5,gem
we-promise/sure,stars,htmlbeautifier,1.4.3,gem
we-promise/sure,stars,websocket-extensions,0.1.5,gem
we-promise/sure,stars,rack-mini-profiler,4.0.0,gem
we-promise/sure,stars,launchy,3.1.1,gem
we-promise/sure,stars,cose,1.3.1,gem
we-promise/sure,stars,google-cloud-core,1.8.0,gem
we-promise/sure,stars,rspec-expectations,3.13.5,gem
we-promise/sure,stars,rswag-ui,2.17.0,gem
we-promise/sure,stars,aasm,5.5.1,gem
we-promise/sure,stars,httparty,0.24.0,gem
we-promise/sure,stars,pg,1.5.9,gem
we-promise/sure,stars,msgpack,1.8.2,gem
we-promise/sure,stars,web-console,4.2.1,gem
we-promise/sure,stars,json,2.21.2,gem
we-promise/sure,stars,actionview,8.1.3.1,gem
we-promise/sure,stars,foreman,0.88.1,gem
we-promise/sure,stars,actiontext,8.1.3.1,gem
we-promise/sure,stars,date,3.5.1,gem
we-promise/sure,stars,logtail-rails,0.2.10,gem
we-promise/sure,stars,rspec-support,3.13.6,gem
we-promise/sure,stars,terminal-table,4.0.0,gem
we-promise/sure,stars,webauthn,3.4.3,gem
we-promise/sure,stars,rubocop-ast,1.45.1,gem
we-promise/sure,stars,derailed_benchmarks,2.2.1,gem
we-promise/sure,stars,rqrcode,3.1.0,gem
we-promise/sure,stars,highline,3.1.2,gem
we-promise/sure,stars,benchmark,0.5.0,gem
we-promise/sure,stars,json-jwt,1.16.7,gem
we-promise/sure,stars,minitest,5.27.0,gem
we-promise/sure,stars,doorkeeper,5.8.2,gem
we-promise/sure,stars,mini_histogram,0.3.1,gem
we-promise/sure,stars,rainbow,3.1.1,gem
we-promise/sure,stars,activejob,8.1.3.1,gem
we-promise/sure,stars,rspec-rails,8.0.2,gem
we-promise/sure,stars,bcrypt,3.1.22,gem
we-promise/sure,stars,chunky_png,1.4.0,gem
we-promise/sure,stars,parser,3.3.10.2,gem
we-promise/sure,stars,bindata,2.5.1,gem
we-promise/sure,stars,faker,3.5.2,gem
we-promise/sure,stars,ruby-rc4,0.1.5,gem
we-promise/sure,stars,crass,1.0.7,gem
we-promise/sure,stars,cbor,0.5.10.2,gem
we-promise/sure,stars,nokogiri,1.19.4,gem
we-promise/sure,stars,countries,8.0.3,gem
we-promise/sure,stars,declarative,0.0.20,gem
we-promise/sure,stars,base64,0.3.0,gem
we-promise/sure,stars,vcr,6.3.1,gem
we-promise/sure,stars,logtail-rack,0.2.6,gem
we-promise/sure,stars,mini_mime,1.1.5,gem
we-promise/sure,stars,rack-oauth2,2.2.1,gem
we-promise/sure,stars,rexml,3.4.2,gem
we-promise/sure,stars,raabro,1.4.0,gem
we-promise/sure,stars,actionpack,8.1.3.1,gem
we-promise/sure,stars,google-apis-core,1.0.2,gem
we-promise/sure,stars,hashie,5.1.0,gem
we-promise/sure,stars,faraday-net_http,3.4.4,gem
we-promise/sure,stars,public_suffix,7.0.5,gem
we-promise/sure,stars,parallel,1.27.0,gem
we-promise/sure,stars,activemodel,8.1.3.1,gem
we-promise/sure,stars,prism,1.4.0,gem
we-promise/sure,stars,rackup,2.3.1,gem
we-promise/sure,stars,google-apis-storage_v1,0.61.0,gem
we-promise/sure,stars,bindex,0.8.1,gem
we-promise/sure,stars,os,1.1.4,gem
we-promise/sure,stars,reline,0.6.3,gem
we-promise/sure,stars,builder,3.3.0,gem
we-promise/sure,stars,android_key_attestation,0.3.0,gem
we-promise/sure,stars,tsort,0.2.0,gem
we-promise/sure,stars,mini_magick,5.2.0,gem
we-promise/sure,stars,aws-sdk-kms,1.118.0,gem
we-promise/sure,stars,event_stream_parser,1.0.0,gem
we-promise/sure,stars,net-smtp,0.5.1,gem
we-promise/sure,stars,regexp_parser,2.10.0,gem
we-promise/sure,stars,json-schema,5.2.2,gem
we-promise/sure,stars,prettyprint,0.2.0,gem
we-promise/sure,stars,simplecov-html,0.13.1,gem
we-promise/sure,stars,aws-sdk-s3,1.208.0,gem
we-promise/sure,stars,redis,5.4.0,gem
we-promise/sure,stars,validate_url,1.0.15,gem
we-promise/sure,stars,multi_json,1.20.1,gem
we-promise/sure,stars,omniauth-rails_csrf_protection,2.0.1,gem
we-promise/sure,stars,faraday-follow_redirects,0.3.0,gem
we-promise/sure,stars,afm,1.0.0,gem
we-promise/sure,stars,sidekiq-unique-jobs,8.0.11,gem
we-promise/sure,stars,rswag-api,2.17.0,gem
we-promise/sure,stars,platform_agent,1.0.1,gem
we-promise/sure,stars,timeout,0.6.1,gem
we-promise/sure,stars,tpm-key_attestation,0.14.1,gem
we-promise/sure,stars,simplecov_json_formatter,0.1.4,gem
we-promise/sure,stars,rails,8.1.3.1,gem
we-promise/sure,stars,lint_roller,1.1.0,gem
we-promise/sure,stars,after_commit_everywhere,1.6.0,gem
we-promise/sure,stars,stimulus-rails,1.3.4,gem
we-promise/sure,stars,sentry-sidekiq,5.26.0,gem
we-promise/sure,stars,redis-client,0.25.0,gem
we-promise/sure,stars,addressable,2.9.0,gem
we-promise/sure,stars,propshaft,1.1.0,gem
we-promise/sure,stars,puma,7.2.1,gem
we-promise/sure,stars,octokit,10.0.0,gem
we-promise/sure,stars,rb-inotify,0.11.1,gem
we-promise/sure,stars,ruby-vips,2.2.4,gem
we-promise/sure,stars,auth-sanitizer,0.2.3,gem
we-promise/sure,stars,smart_properties,1.17.0,gem
we-promise/sure,stars,capybara,3.40.0,gem
we-promise/sure,stars,psych,5.4.0,gem
we-promise/sure,stars,dotenv-rails,3.1.8,gem
we-promise/sure,stars,crack,1.0.0,gem
we-promise/sure,stars,bigdecimal,3.3.1,gem
we-promise/sure,stars,ruby-lsp-rails,0.4.8,gem
we-promise/sure,stars,tzinfo,2.0.6,gem
we-promise/sure,stars,mutex_m,0.3.0,gem
we-promise/sure,stars,view_component,4.12.0,gem
we-promise/sure,stars,irb,1.18.0,gem
we-promise/sure,stars,ruby-lsp,0.26.9,gem
we-promise/sure,stars,googleauth,1.16.2,gem
we-promise/sure,stars,mail,2.9.1,gem
we-promise/sure,stars,rack,3.2.6,gem
we-promise/sure,stars,hotwire-livereload,2.0.0,gem
we-promise/sure,stars,actionmailer,8.1.3.1,gem
we-promise/sure,stars,rswag-specs,2.17.0,gem
we-promise/sure,stars,rbs,3.9.4,gem
we-promise/sure,stars,selenium-webdriver,4.34.0,gem
we-promise/sure,stars,rack-attack,6.7.0,gem
we-promise/sure,stars,concurrent-ruby,1.3.7,gem
we-promise/sure,stars,sidekiq-cron,2.3.0,gem
we-promise/sure,stars,rdoc,7.2.0,gem
we-promise/sure,stars,websocket,1.2.11,gem
we-promise/sure,stars,multi_xml,0.9.1,gem
we-promise/sure,stars,multipart-post,2.4.1,gem
we-promise/sure,stars,langfuse-ruby,0.1.4,gem
we-promise/sure,stars,hashdiff,1.2.0,gem
we-promise/sure,stars,climate_control,1.2.0,gem
we-promise/sure,stars,faraday-multipart,1.1.1,gem
we-promise/sure,stars,tailwindcss-rails,4.2.3,gem
we-promise/sure,stars,sawyer,0.9.2,gem
we-promise/sure,stars,fugit,1.11.1,gem
we-promise/sure,stars,google-logging-utils,0.2.0,gem
we-promise/sure,stars,get_process_mem,1.0.0,gem
we-promise/sure,stars,vernier,1.8.0,gem
we-promise/sure,stars,stringio,3.2.0,gem
we-promise/sure,stars,retriable,3.4.1,gem
we-promise/sure,stars,rubyzip,2.4.1,gem
we-promise/sure,stars,logger,1.7.0,gem
we-promise/sure,stars,net-http,0.9.1,gem
we-promise/sure,stars,i18n-tasks,1.0.15,gem
we-promise/sure,stars,ruby-progressbar,1.13.0,gem
we-promise/sure,stars,image_processing,1.14.0,gem
we-promise/sure,stars,net-pop,0.1.2,gem
we-promise/sure,stars,aes_key_wrap,1.1.0,gem
we-promise/sure,stars,actionmailbox,8.1.3.1,gem
we-promise/sure,stars,activesupport,8.1.3.1,gem
we-promise/sure,stars,rails-i18n,8.1.0,gem
we-promise/sure,stars,activerecord,8.1.3.1,gem
we-promise/sure,stars,google-cloud-storage,1.59.0,gem
we-promise/sure,stars,marcel,1.2.1,gem
we-promise/sure,stars,ssrf_filter,1.5.0,gem
we-promise/sure,stars,cgi,0.5.1,gem
we-promise/sure,stars,mocha,2.7.1,gem
we-promise/sure,stars,action_text-trix,2.1.19,gem
we-promise/sure,stars,rack-test,2.2.0,gem
we-promise/sure,stars,attr_required,1.0.2,gem
we-promise/sure,stars,net-http2,0.19.0,gem
we-promise/sure,stars,posthog-ruby,3.3.3,gem
we-promise/sure,stars,rails-dom-testing,2.3.0,gem
we-promise/sure,stars,pagy,9.3.5,gem
we-promise/sure,stars,openssl-signature_algorithm,1.3.0,gem
we-promise/sure,stars,bootsnap,1.18.6,gem
we-promise/sure,stars,standardwebhooks,1.1.0,gem
we-promise/sure,stars,ruby-statistics,4.1.0,gem
we-promise/sure,stars,cronex,0.15.0,gem
we-promise/sure,stars,listen,3.9.0,gem
we-promise/sure,stars,css_parser,3.0.0,gem
we-promise/sure,stars,uri,1.1.1,gem
we-promise/sure,stars,rubocop-performance,1.25.0,gem
we-promise/sure,stars,et-orbi,1.2.11,gem
we-promise/sure,stars,google-cloud-errors,1.6.0,gem
we-promise/sure,stars,rotp,6.3.0,gem
we-promise/sure,stars,logtail,0.1.17,gem
we-promise/sure,stars,erubi,1.13.1,gem
we-promise/sure,stars,omniauth_openid_connect,0.8.0,gem
we-promise/sure,stars,unaccent,0.4.0,gem
we-promise/sure,stars,letter_opener,1.10.0,gem
we-promise/sure,stars,csv,3.3.5,gem
we-promise/sure,stars,omniauth,2.1.3,gem
we-promise/sure,stars,sentry-rails,5.26.0,gem
we-promise/sure,stars,rack-cors,3.0.0,gem
we-promise/sure,stars,aws-eventstream,1.4.0,gem
we-promise/sure,stars,websocket-driver,0.8.2,gem
we-promise/sure,stars,snaky_hash,2.0.7,gem
we-promise/sure,stars,memory_profiler,1.1.0,gem
we-promise/sure,stars,pundit,2.5.2,gem
we-promise/sure,stars,webmock,3.25.1,gem
we-promise/sure,stars,omniauth-github,2.0.1,gem
we-promise/sure,stars,ruby-saml,1.18.1,gem
we-promise/sure,stars,rchardet,1.10.0,gem
we-promise/sure,stars,unicode-display_width,3.1.4,gem
we-promise/sure,stars,Ascii85,2.0.1,gem
we-promise/sure,stars,http-2,1.2.1,gem
we-promise/sure,stars,representable,3.2.0,gem
we-promise/sure,stars,yard,0.9.44,gem
we-promise/sure,stars,omniauth-oauth2,1.8.0,gem
we-promise/sure,stars,digest-crc,0.7.0,gem
we-promise/sure,stars,rack-session,2.1.2,gem
we-promise/sure,stars,ruby-openai,8.1.0,gem
we-promise/sure,stars,rubocop-rails,2.32.0,gem
we-promise/sure,stars,unicode,0.4.4.5,gem
we-promise/sure,stars,i18n,1.14.8,gem
we-promise/sure,stars,rspec-core,3.13.6,gem
we-promise/sure,stars,diff-lcs,1.6.2,gem
we-promise/sure,stars,google-apis-iamcredentials_v1,0.26.0,gem
we-promise/sure,stars,better_html,2.1.1,gem
we-promise/sure,stars,zeitwerk,2.8.2,gem
we-promise/sure,stars,rails-settings-cached,2.9.6,gem
we-promise/sure,stars,ostruct,0.6.2,gem
we-promise/sure,stars,connection_pool,2.5.5,gem
we-promise/sure,stars,importmap-rails,2.1.0,gem
we-promise/sure,stars,omniauth-saml,2.2.4,gem
we-promise/sure,stars,skylight,6.0.4,gem
we-promise/sure,stars,version_gem,1.1.14,gem
we-promise/sure,stars,rb-fsevent,0.11.2,gem
we-promise/sure,stars,docile,1.4.1,gem
we-promise/sure,stars,rake,13.4.2,gem
we-promise/sure,stars,rubocop,1.76.1,gem
we-promise/sure,stars,simplecov,0.22.0,gem
we-promise/sure,stars,anthropic,1.43.0,gem
we-promise/sure,stars,loofah,2.25.2,gem
we-promise/sure,stars,turbo-rails,2.0.16,gem
we-promise/sure,stars,redcarpet,3.6.1,gem
we-promise/sure,stars,safety_net_attestation,0.5.0,gem
we-promise/sure,stars,matrix,0.4.2,gem
we-promise/sure,stars,racc,1.8.1,gem
we-promise/sure,stars,xpath,3.2.0,gem
we-promise/sure,stars,net-protocol,0.3.0,gem
we-promise/sure,stars,plaid,41.0.0,gem
we-promise/sure,stars,debug,1.11.0,gem
we-promise/sure,stars,omniauth-google-oauth2,1.2.1,gem
we-promise/sure,stars,jbuilder,2.13.0,gem
we-promise/sure,stars,stripe,15.3.0,gem
we-promise/sure,stars,htmlentities,4.3.4,gem
we-promise/sure,stars,signet,0.21.0,gem
we-promise/sure,stars,jmespath,1.6.2,gem
we-promise/sure,stars,thor,1.5.0,gem
we-promise/sure,stars,activerecord-import,2.2.0,gem
we-promise/sure,stars,erb,6.0.4,gem
we-promise/sure,stars,lucide-rails,0.7.3,gem
we-promise/sure,stars,sidekiq,8.0.5,gem
we-promise/sure,stars,pdf-reader,2.15.1,gem
we-promise/sure,stars,securerandom,0.4.1,gem
we-promise/sure,stars,rspec-mocks,3.13.6,gem
we-promise/sure,stars,faraday-retry,2.3.2,gem
we-promise/sure,stars,sentry-ruby,5.26.0,gem
we-promise/sure,stars,google-cloud-env,2.3.1,gem
we-promise/sure,stars,jwt,2.10.3,gem
we-promise/sure,stars,nio4r,2.7.5,gem
we-promise/sure,stars,openid_connect,2.3.1,gem
we-promise/sure,stars,useragent,0.16.11,gem
we-promise/sure,stars,ttfunk,1.8.0,gem
we-promise/sure,stars,net-imap,0.6.6,gem
we-promise/sure,stars,brakeman,7.1.2,gem
we-promise/sure,stars,webfinger,2.1.3,gem
we-promise/sure,stars,activestorage,8.1.3.1,gem
we-promise/sure,stars,apnotic,1.8.0,gem
we-promise/sure,stars,heapy,0.2.0,gem
we-promise/sure,stars,actioncable,8.1.3.1,gem
we-promise/sure,stars,openssl,4.0.1,gem
we-promise/sure,stars,rqrcode_core,2.0.0,gem
we-promise/sure,stars,stackprof,0.2.27,gem
we-promise/sure,stars,trailblazer-option,0.1.2,gem
we-promise/sure,stars,swd,2.0.3,gem
we-promise/sure,stars,ffi,1.17.2,gem
we-promise/sure,stars,email_validator,2.2.4,gem
we-promise/sure,stars,rack-protection,4.1.1,gem
we-promise/sure,stars,childprocess,5.1.0,gem
we-promise/sure,stars,drb,2.2.3,gem
we-promise/sure,stars,hotwire_combobox,0.4.0,gem
we-promise/sure,stars,faraday,2.14.3,gem
we-promise/sure,stars,lookbook,2.3.11,gem
we-promise/sure,stars,rouge,4.5.2,gem
we-promise/sure,stars,oauth2,2.0.22,gem
we-promise/sure,stars,rails-html-sanitizer,1.7.1,gem
we-promise/sure,stars,io-console,0.8.2,gem
we-promise/sure,stars,tailwindcss-ruby,4.1.8,gem
we-promise/sure,stars,benchmark-ips,2.14.0,gem
we-promise/sure,stars,railties,8.1.3.1,gem
we-promise/sure,stars,uber,0.1.0,gem
we-promise/sure,stars,language_server-protocol,3.17.0.5,gem
we-promise/sure,stars,aws-sigv4,1.12.1,gem
we-promise/sure,stars,globalid,1.3.0,gem
we-promise/sure,stars,ast,2.4.3,gem
we-promise/sure,stars,inline_svg,1.10.0,gem
we-promise/sure,stars,unicode-emoji,4.0.4,gem
we-promise/sure,stars,hashery,2.1.2,gem
antiwork/gumroad,stars,prism,1.4.0,gem
antiwork/gumroad,stars,anycable-rails-core,1.5.6,gem
antiwork/gumroad,stars,websocket-client-simple,0.8.0,gem
antiwork/gumroad,stars,activesupport,7.1.6,gem
antiwork/gumroad,stars,anycable,1.5.2,gem
antiwork/gumroad,stars,rotp,6.3.0,gem
antiwork/gumroad,stars,afm,0.2.2,gem
antiwork/gumroad,stars,omniauth-twitter,1.4.0,gem
antiwork/gumroad,stars,rspec-support,3.13.1,gem
antiwork/gumroad,stars,kaminari,1.2.2,gem
antiwork/gumroad,stars,jwt,2.8.2,gem
antiwork/gumroad,stars,googleapis-common-protos-types,1.18.0,gem
antiwork/gumroad,stars,http_parser.rb,0.6.0,gem
antiwork/gumroad,stars,event_stream_parser,1.0.0,gem
antiwork/gumroad,stars,httparty,0.22.0,gem
antiwork/gumroad,stars,orm_adapter,0.5.0,gem
antiwork/gumroad,stars,mime-types-data,3.2024.0806,gem
antiwork/gumroad,stars,drb,2.2.3,gem
antiwork/gumroad,stars,declarative,0.0.20,gem
antiwork/gumroad,stars,crack,1.0.0,gem
antiwork/gumroad,stars,rqrcode_core,1.2.0,gem
antiwork/gumroad,stars,em-http-request,1.1.7,gem
antiwork/gumroad,stars,flipper-redis,1.3.0,gem
antiwork/gumroad,stars,cbor,0.5.9.8,gem
antiwork/gumroad,stars,rchardet,1.8.0,gem
antiwork/gumroad,stars,em-socksify,0.3.3,gem
antiwork/gumroad,stars,http,5.2.0,gem
antiwork/gumroad,stars,grpc,1.70.1,gem
antiwork/gumroad,stars,parser,3.3.9.0,gem
antiwork/gumroad,stars,strongbox,0.7.3,gem
antiwork/gumroad,stars,json,2.13.2,gem
antiwork/gumroad,stars,ancestry,4.3.3,gem
antiwork/gumroad,stars,prettyprint,0.2.0,gem
antiwork/gumroad,stars,suo,0.4.0,gem
antiwork/gumroad,stars,omniauth-apple,1.4.0,gem
antiwork/gumroad,stars,actionpack,7.1.6,gem
antiwork/gumroad,stars,faraday-excon,1.1.0,gem
antiwork/gumroad,stars,faraday,1.10.5,gem
antiwork/gumroad,stars,paypal-sdk-core,0.3.5,gem
antiwork/gumroad,stars,net-pop,0.1.2,gem
antiwork/gumroad,stars,discordrb,3.5.0,gem
antiwork/gumroad,stars,sitemap_generator,6.3.0,gem
antiwork/gumroad,stars,streamio-ffmpeg,3.0.2,gem
antiwork/gumroad,stars,stackprof,0.2.26,gem
antiwork/gumroad,stars,epub-cfi,0.1.3,gem
antiwork/gumroad,stars,bcrypt,3.1.22,gem
antiwork/gumroad,stars,rpush,9.2.0,gem
antiwork/gumroad,stars,aws-sdk-kms,1.88.0,gem
antiwork/gumroad,stars,image_processing,1.13.0,gem
antiwork/gumroad,stars,rubocop-rails,2.32.0,gem
antiwork/gumroad,stars,rack-attack,6.7.0,gem
antiwork/gumroad,stars,typhoeus,1.4.1,gem
antiwork/gumroad,stars,ethon,0.16.0,gem
antiwork/gumroad,stars,actiontext,7.1.6,gem
antiwork/gumroad,stars,activemodel,7.1.6,gem
antiwork/gumroad,stars,aws-eventstream,1.3.0,gem
antiwork/gumroad,stars,redcarpet,3.6.0,gem
antiwork/gumroad,stars,rspec,3.13.0,gem
antiwork/gumroad,stars,test-prof,1.6.1,gem
antiwork/gumroad,stars,rouge,4.3.0,gem
antiwork/gumroad,stars,pry-byebug,3.10.1,gem
antiwork/gumroad,stars,elasticsearch-transport,7.11.2,gem
antiwork/gumroad,stars,public_suffix,5.1.1,gem
antiwork/gumroad,stars,uniform_notifier,1.17.0,gem
antiwork/gumroad,stars,google-cloud-env,2.1.1,gem
antiwork/gumroad,stars,hashdiff,1.1.1,gem
antiwork/gumroad,stars,equalizer,0.0.11,gem
antiwork/gumroad,stars,matrix,0.4.2,gem
antiwork/gumroad,stars,net-smtp,0.5.1,gem
antiwork/gumroad,stars,devise-pwned_password,0.1.12,gem
antiwork/gumroad,stars,rspec-github,2.4.0,gem
antiwork/gumroad,stars,faraday-em_synchrony,1.0.1,gem
antiwork/gumroad,stars,diff-lcs,1.5.1,gem
antiwork/gumroad,stars,ruby-vips,2.2.2,gem
antiwork/gumroad,stars,rack-timeout,0.7.0,gem
antiwork/gumroad,stars,paypalhttp,1.0.1,gem
antiwork/gumroad,stars,coderay,1.1.3,gem
antiwork/gumroad,stars,omniauth-rails_csrf_protection,1.0.2,gem
antiwork/gumroad,stars,attr_extras,7.1.0,gem
antiwork/gumroad,stars,openssl,3.2.0,gem
antiwork/gumroad,stars,net-imap,0.5.14,gem
antiwork/gumroad,stars,bindata,2.5.0,gem
antiwork/gumroad,stars,builder,3.3.0,gem
antiwork/gumroad,stars,openid_connect,1.3.1,gem
antiwork/gumroad,stars,js-routes,2.2.8,gem
antiwork/gumroad,stars,rack-oauth2,1.21.3,gem
antiwork/gumroad,stars,activerecord,7.1.6,gem
antiwork/gumroad,stars,state_machines,0.6.0,gem
antiwork/gumroad,stars,capybara,3.40.0,gem
antiwork/gumroad,stars,rubocop-rake,0.7.1,gem
antiwork/gumroad,stars,doorkeeper,5.7.1,gem
antiwork/gumroad,stars,rack,3.2.6,gem
antiwork/gumroad,stars,rackup,2.3.1,gem
antiwork/gumroad,stars,dotenv,2.8.1,gem
antiwork/gumroad,stars,em-synchrony,1.0.6,gem
antiwork/gumroad,stars,vcr,6.2.0,gem
antiwork/gumroad,stars,sanitize,6.1.2,gem
antiwork/gumroad,stars,rspec-retry,0.6.2,gem
antiwork/gumroad,stars,lograge,0.14.0,gem
antiwork/gumroad,stars,kaminari-activerecord,1.2.2,gem
antiwork/gumroad,stars,premailer-rails,1.12.0,gem
antiwork/gumroad,stars,active_model_otp,2.3.4,gem
antiwork/gumroad,stars,vite_rails,3.11.0,gem
antiwork/gumroad,stars,mocha,2.8.2,gem
antiwork/gumroad,stars,json_schema,0.21.0,gem
antiwork/gumroad,stars,et-orbi,1.2.11,gem
antiwork/gumroad,stars,pdf-core,0.10.0,gem
antiwork/gumroad,stars,concurrent-ruby,1.3.6,gem
antiwork/gumroad,stars,net-http2,0.18.5,gem
antiwork/gumroad,stars,rspec_junit_formatter,0.6.0,gem
antiwork/gumroad,stars,ruby-next-core,1.1.1,gem
antiwork/gumroad,stars,nokogiri,1.19.3,gem
antiwork/gumroad,stars,method_source,1.1.0,gem
antiwork/gumroad,stars,state_machines-activemodel,0.9.0,gem
antiwork/gumroad,stars,pdfkit,0.8.7.3,gem
antiwork/gumroad,stars,minitest,5.27.0,gem
antiwork/gumroad,stars,closure_tree,7.4.0,gem
antiwork/gumroad,stars,rack-session,2.1.2,gem
antiwork/gumroad,stars,heapy,0.2.0,gem
antiwork/gumroad,stars,patience_diff,1.2.0,gem
antiwork/gumroad,stars,rspec-mocks,3.13.1,gem
antiwork/gumroad,stars,bigdecimal,3.3.1,gem
antiwork/gumroad,stars,language_server-protocol,3.17.0.5,gem
antiwork/gumroad,stars,os,1.1.4,gem
antiwork/gumroad,stars,faraday-net_http_persistent,1.2.0,gem
antiwork/gumroad,stars,base64,0.3.0,gem
antiwork/gumroad,stars,net-protocol,0.2.2,gem
antiwork/gumroad,stars,chunky_png,1.4.0,gem
antiwork/gumroad,stars,elasticsearch-api,7.11.2,gem
antiwork/gumroad,stars,uber,0.1.0,gem
antiwork/gumroad,stars,dalli,3.2.8,gem
antiwork/gumroad,stars,erb,6.0.1,gem
antiwork/gumroad,stars,anycable-rails,1.5.6,gem
antiwork/gumroad,stars,ruby2_keywords,0.0.5,gem
antiwork/gumroad,stars,attr_required,1.0.2,gem
antiwork/gumroad,stars,faraday-net_http,1.0.2,gem
antiwork/gumroad,stars,faraday-httpclient,1.0.1,gem
antiwork/gumroad,stars,with_advisory_lock,5.1.0,gem
antiwork/gumroad,stars,rpush-redis,1.2.0,gem
antiwork/gumroad,stars,vite_ruby,3.10.2,gem
antiwork/gumroad,stars,bootsnap,1.18.4,gem
antiwork/gumroad,stars,actionpack-cloudflare,1.1.0,gem
antiwork/gumroad,stars,google-apis-androidpublisher_v3,0.68.0,gem
antiwork/gumroad,stars,rails-dom-testing,2.3.0,gem
antiwork/gumroad,stars,faraday-em_http,1.0.0,gem
antiwork/gumroad,stars,http-2,0.12.0,gem
antiwork/gumroad,stars,aws-sdk-s3,1.157.0,gem
antiwork/gumroad,stars,faraday-patron,1.0.0,gem
antiwork/gumroad,stars,sidekiq-cron,1.12.0,gem
antiwork/gumroad,stars,fugit,1.11.1,gem
antiwork/gumroad,stars,mini_mime,1.1.5,gem
antiwork/gumroad,stars,Ascii85,1.1.1,gem
antiwork/gumroad,stars,sidekiq,7.3.0,gem
antiwork/gumroad,stars,thor,1.4.0,gem
antiwork/gumroad,stars,maxmind-db,1.2.0,gem
antiwork/gumroad,stars,sassc,2.4.0,gem
antiwork/gumroad,stars,spring-commands-rspec,1.0.4,gem
antiwork/gumroad,stars,csv,3.3.0,gem
antiwork/gumroad,stars,ruby_http_client,3.5.5,gem
antiwork/gumroad,stars,ttfunk,1.8.0,gem
antiwork/gumroad,stars,aes_key_wrap,1.1.0,gem
antiwork/gumroad,stars,mime-types,3.5.2,gem
antiwork/gumroad,stars,opus-ruby,1.0.1,gem
antiwork/gumroad,stars,representable,3.2.0,gem
antiwork/gumroad,stars,omniauth-google-oauth2,1.1.2,gem
antiwork/gumroad,stars,ruby-progressbar,1.13.0,gem
antiwork/gumroad,stars,trailblazer-option,0.1.2,gem
antiwork/gumroad,stars,actionmailbox,7.1.6,gem
antiwork/gumroad,stars,benchmark-ips,2.13.0,gem
antiwork/gumroad,stars,pry-rails,0.3.11,gem
antiwork/gumroad,stars,raabro,1.4.0,gem
antiwork/gumroad,stars,alterity,1.4.2,gem
antiwork/gumroad,stars,ruby-oembed,0.17.0,gem
antiwork/gumroad,stars,rainbow,3.1.1,gem
antiwork/gumroad,stars,optimist,3.1.0,gem
antiwork/gumroad,stars,rake,13.2.1,gem
antiwork/gumroad,stars,flag_shih_tzu,0.3.23,gem
antiwork/gumroad,stars,makara,0.6.0.pre,gem
antiwork/gumroad,stars,msgpack,1.7.2,gem
antiwork/gumroad,stars,xpath,3.2.0,gem
antiwork/gumroad,stars,paypal-sdk-merchant,1.117.3,gem
antiwork/gumroad,stars,ruby-limiter,2.3.0,gem
antiwork/gumroad,stars,hashie,5.0.0,gem
antiwork/gumroad,stars,aws-sdk-autoscaling,1.114.0,gem
antiwork/gumroad,stars,flipper,1.3.0,gem
antiwork/gumroad,stars,aws-sdk-mediaconvert,1.134.0,gem
antiwork/gumroad,stars,rqrcode,2.2.0,gem
antiwork/gumroad,stars,sidekiq-unique-jobs,8.0.10,gem
antiwork/gumroad,stars,sendgrid-ruby,6.7.0,gem
antiwork/gumroad,stars,premailer,1.29.0,gem
antiwork/gumroad,stars,activejob,7.1.6,gem
antiwork/gumroad,stars,redis-client,0.22.2,gem
antiwork/gumroad,stars,factory_bot_rails,6.4.3,gem
antiwork/gumroad,stars,activerecord-mysql-index-hint,0.0.4,gem
antiwork/gumroad,stars,http-accept,1.7.0,gem
antiwork/gumroad,stars,faraday-retry,1.0.4,gem
antiwork/gumroad,stars,ffi-compiler,1.3.2,gem
antiwork/gumroad,stars,resend,0.16.0,gem
antiwork/gumroad,stars,http_accept_language,2.1.1,gem
antiwork/gumroad,stars,shoulda-matchers,6.3.0,gem
antiwork/gumroad,stars,ruby-openai,7.1.0,gem
antiwork/gumroad,stars,ssrf_filter,1.5.0,gem
antiwork/gumroad,stars,paper_trail,15.1.0,gem
antiwork/gumroad,stars,prawn,2.5.0,gem
antiwork/gumroad,stars,ast,2.4.3,gem
antiwork/gumroad,stars,bullet,8.0.8,gem
antiwork/gumroad,stars,io-like,0.3.1,gem
antiwork/gumroad,stars,money,6.19.0,gem
antiwork/gumroad,stars,stripe,12.5.0,gem
antiwork/gumroad,stars,htmlentities,4.3.4,gem
antiwork/gumroad,stars,actioncable,7.1.6,gem
antiwork/gumroad,stars,omniauth,2.1.2,gem
antiwork/gumroad,stars,ratelimit,1.1.0,gem
antiwork/gumroad,stars,webauthn,3.4.3,gem
antiwork/gumroad,stars,version_gem,1.1.4,gem
antiwork/gumroad,stars,omniauth-oauth2,1.8.0,gem
antiwork/gumroad,stars,safety_net_attestation,0.5.0,gem
antiwork/gumroad,stars,epub-parser,0.4.8,gem
antiwork/gumroad,stars,oauth-tty,1.0.5,gem
antiwork/gumroad,stars,http-cookie,1.0.6,gem
antiwork/gumroad,stars,timeout,0.6.1,gem
antiwork/gumroad,stars,buftok,0.3.0,gem
antiwork/gumroad,stars,reline,0.6.3,gem
antiwork/gumroad,stars,xml-simple,1.1.9,gem
antiwork/gumroad,stars,i18n,1.14.8,gem
antiwork/gumroad,stars,maxmind-geoip2,1.2.0,gem
antiwork/gumroad,stars,http-form_data,2.3.0,gem
antiwork/gumroad,stars,faker,3.4.2,gem
antiwork/gumroad,stars,faraday_middleware,1.2.0,gem
antiwork/gumroad,stars,redis,5.2.0,gem
antiwork/gumroad,stars,private_address_check,0.5.0,gem
antiwork/gumroad,stars,multi_xml,0.7.1,gem
antiwork/gumroad,stars,rdoc,7.0.2,gem
antiwork/gumroad,stars,nio4r,2.7.5,gem
antiwork/gumroad,stars,spring,4.2.1,gem
antiwork/gumroad,stars,mysql2,0.5.6,gem
antiwork/gumroad,stars,rack-test,2.2.0,gem
antiwork/gumroad,stars,kaminari-actionview,1.2.2,gem
antiwork/gumroad,stars,twitter,8.2.0,gem
antiwork/gumroad,stars,sentry-ruby,6.5.0,gem
antiwork/gumroad,stars,rspec-core,3.13.0,gem
antiwork/gumroad,stars,rack-protection,4.0.0,gem
antiwork/gumroad,stars,ruby-rc4,0.1.5,gem
antiwork/gumroad,stars,koala,3.6.0,gem
antiwork/gumroad,stars,regexp_parser,2.11.1,gem
antiwork/gumroad,stars,faraday-rack,1.0.0,gem
antiwork/gumroad,stars,jmespath,1.6.2,gem
antiwork/gumroad,stars,activestorage,7.1.6,gem
antiwork/gumroad,stars,webmock,3.23.1,gem
antiwork/gumroad,stars,super_diff,0.12.1,gem
antiwork/gumroad,stars,apple_id,1.5.2,gem
antiwork/gumroad,stars,acme-client,2.0.18,gem
antiwork/gumroad,stars,json-jwt,1.15.3.1,gem
antiwork/gumroad,stars,friendly_id,5.5.1,gem
antiwork/gumroad,stars,derailed_benchmarks,2.1.2,gem
antiwork/gumroad,stars,rack-utf8_sanitizer,1.9.1,gem
antiwork/gumroad,stars,mutex_m,0.3.0,gem
antiwork/gumroad,stars,oauth2,2.0.9,gem
antiwork/gumroad,stars,rest-client,2.1.0,gem
antiwork/gumroad,stars,connection_pool,2.5.5,gem
antiwork/gumroad,stars,active_record_query_trace,1.8.3,gem
antiwork/gumroad,stars,ostruct,0.6.1,gem
antiwork/gumroad,stars,globalid,1.3.0,gem
antiwork/gumroad,stars,signet,0.19.0,gem
antiwork/gumroad,stars,json_matchers,0.11.1,gem
antiwork/gumroad,stars,archive-zip,0.12.0,gem
antiwork/gumroad,stars,byebug,11.1.3,gem
antiwork/gumroad,stars,websocket,1.2.11,gem
antiwork/gumroad,stars,model_attribute,3.2.0,gem
antiwork/gumroad,stars,rubyzip,2.3.2,gem
antiwork/gumroad,stars,pwned,2.4.1,gem
antiwork/gumroad,stars,crass,1.0.6,gem
antiwork/gumroad,stars,discordrb-webhooks,3.5.0,gem
antiwork/gumroad,stars,memoizable,0.4.2,gem
antiwork/gumroad,stars,css_parser,1.22.0,gem
antiwork/gumroad,stars,netrc,0.11.0,gem
antiwork/gumroad,stars,elasticsearch,7.11.2,gem
antiwork/gumroad,stars,pundit,2.3.2,gem
antiwork/gumroad,stars,rinku,2.0.6,gem
antiwork/gumroad,stars,thread_safe,0.3.6,gem
antiwork/gumroad,stars,rails-controller-testing,1.0.5,gem
antiwork/gumroad,stars,eventmachine,1.2.7,gem
antiwork/gumroad,stars,rspec-sidekiq,5.0.0,gem
antiwork/gumroad,stars,benchmark,0.5.0,gem
antiwork/gumroad,stars,rack-mini-profiler,4.0.0,gem
antiwork/gumroad,stars,unicode-display_width,3.1.4,gem
antiwork/gumroad,stars,omniauth-oauth,1.2.1,gem
antiwork/gumroad,stars,mini_magick,4.13.2,gem
antiwork/gumroad,stars,rspec-expectations,3.13.1,gem
antiwork/gumroad,stars,simple_oauth,0.3.1,gem
antiwork/gumroad,stars,multi_json,1.15.0,gem
antiwork/gumroad,stars,erubi,1.13.1,gem
antiwork/gumroad,stars,llhttp-ffi,0.5.0,gem
antiwork/gumroad,stars,faraday-multipart,1.2.0,gem
antiwork/gumroad,stars,cookiejar,0.3.4,gem
antiwork/gumroad,stars,google-protobuf,4.29.3,gem
antiwork/gumroad,stars,mail,2.9.0,gem
antiwork/gumroad,stars,memory_profiler,1.0.2,gem
antiwork/gumroad,stars,request_store,1.7.0,gem
antiwork/gumroad,stars,dead_end,4.0.0,gem
antiwork/gumroad,stars,lint_roller,1.1.0,gem
antiwork/gumroad,stars,validate_email,0.1.6,gem
antiwork/gumroad,stars,after_commit_everywhere,1.4.0,gem
antiwork/gumroad,stars,unicode-emoji,4.0.4,gem
antiwork/gumroad,stars,mini_histogram,0.3.1,gem
antiwork/gumroad,stars,io-console,0.8.2,gem
antiwork/gumroad,stars,selenium-webdriver,4.35.0,gem
antiwork/gumroad,stars,validate_url,1.0.15,gem
antiwork/gumroad,stars,kaminari-core,1.2.2,gem
antiwork/gumroad,stars,pdf-reader,2.12.0,gem
antiwork/gumroad,stars,aws-sdk-dynamodb,1.118.0,gem
antiwork/gumroad,stars,phony,2.20.12,gem
antiwork/gumroad,stars,puma,6.4.3,gem
antiwork/gumroad,stars,rexml,3.4.4,gem
antiwork/gumroad,stars,google-apis-core,0.15.1,gem
antiwork/gumroad,stars,responders,3.1.1,gem
antiwork/gumroad,stars,pry,0.14.2,gem
antiwork/gumroad,stars,inertia_rails,3.15.0,gem
antiwork/gumroad,stars,state_machines-activerecord,0.9.0,gem
antiwork/gumroad,stars,countries,6.0.1,gem
antiwork/gumroad,stars,swd,1.3.0,gem
antiwork/gumroad,stars,rails-html-sanitizer,1.6.2,gem
antiwork/gumroad,stars,irb,1.16.0,gem
antiwork/gumroad,stars,securerandom,0.4.1,gem
antiwork/gumroad,stars,cose,1.3.1,gem
antiwork/gumroad,stars,factory_bot,6.4.6,gem
antiwork/gumroad,stars,rack-proxy,0.7.7,gem
antiwork/gumroad,stars,mini_portile2,2.8.9,gem
antiwork/gumroad,stars,tsort,0.2.0,gem
antiwork/gumroad,stars,railties,7.1.6,gem
antiwork/gumroad,stars,pp,0.6.3,gem
antiwork/gumroad,stars,ruby-statistics,4.0.0,gem
antiwork/gumroad,stars,rack-ssl,1.4.1,gem
antiwork/gumroad,stars,rubocop-rspec,3.6.0,gem
antiwork/gumroad,stars,dry-cli,1.4.1,gem
antiwork/gumroad,stars,json-schema,5.0.0,gem
antiwork/gumroad,stars,stringio,3.2.0,gem
antiwork/gumroad,stars,marcel,1.1.0,gem
antiwork/gumroad,stars,webfinger,2.0.0,gem
antiwork/gumroad,stars,actionview,7.1.6,gem
antiwork/gumroad,stars,taxjar-ruby,3.0.4,gem
antiwork/gumroad,stars,warden,1.2.9,gem
antiwork/gumroad,stars,modis,4.3.1,gem
antiwork/gumroad,stars,anycable-core,1.5.2,gem
antiwork/gumroad,stars,hashery,2.1.2,gem
antiwork/gumroad,stars,logger,1.7.0,gem
antiwork/gumroad,stars,colorize,1.1.0,gem
antiwork/gumroad,stars,devise,4.9.4,gem
antiwork/gumroad,stars,pagy,9.0.5,gem
antiwork/gumroad,stars,secure_headers,7.3.0,gem
antiwork/gumroad,stars,flipper-ui,1.3.0,gem
antiwork/gumroad,stars,net-http-persistent,4.0.4,gem
antiwork/gumroad,stars,anyway_config,2.7.0,gem
antiwork/gumroad,stars,retriable,3.1.2,gem
antiwork/gumroad,stars,naught,1.1.0,gem
antiwork/gumroad,stars,elasticsearch-model,7.1.1,gem
antiwork/gumroad,stars,loofah,2.25.1,gem
antiwork/gumroad,stars,rubocop,1.79.2,gem
antiwork/gumroad,stars,puffing-billy,4.0.0,gem
antiwork/gumroad,stars,tpm-key_attestation,0.14.1,gem
antiwork/gumroad,stars,jbuilder,2.12.0,gem
antiwork/gumroad,stars,cgi,0.5.1,gem
antiwork/gumroad,stars,knapsack_pro,10.0.1,gem
antiwork/gumroad,stars,rspec-rails,6.1.3,gem
antiwork/gumroad,stars,tzinfo,2.0.6,gem
antiwork/gumroad,stars,openssl-signature_algorithm,1.3.0,gem
antiwork/gumroad,stars,ffi,1.17.0,gem
antiwork/gumroad,stars,rubocop-ast,1.46.0,gem
antiwork/gumroad,stars,dotenv-rails,2.8.1,gem
antiwork/gumroad,stars,redis-namespace,1.11.0,gem
antiwork/gumroad,stars,eventmachine_httpserver,0.2.1,gem
antiwork/gumroad,stars,rails,7.1.6,gem
antiwork/gumroad,stars,zeitwerk,2.7.4,gem
antiwork/gumroad,stars,websocket-driver,0.8.0,gem
antiwork/gumroad,stars,ibandit,1.26.1,gem
antiwork/gumroad,stars,aws-sdk-sqs,1.80.0,gem
antiwork/gumroad,stars,aws-sdk-sns,1.82.0,gem
antiwork/gumroad,stars,websocket-extensions,0.1.5,gem
antiwork/gumroad,stars,active_hash,3.3.1,gem
antiwork/gumroad,stars,googleauth,1.11.0,gem
antiwork/gumroad,stars,parallel,1.27.0,gem
antiwork/gumroad,stars,sidekiq-pro,7.3.3,gem
antiwork/gumroad,stars,psych,5.2.6,gem
antiwork/gumroad,stars,get_process_mem,0.2.7,gem
antiwork/gumroad,stars,aws-sdk-elastictranscoder,1.57.0,gem
antiwork/gumroad,stars,valvat,1.4.4,gem
antiwork/gumroad,stars,racc,1.8.1,gem
antiwork/gumroad,stars,domain_name,0.6.20240107,gem
antiwork/gumroad,stars,aws-sigv4,1.9.1,gem
antiwork/gumroad,stars,unaccent,0.4.0,gem
antiwork/gumroad,stars,snaky_hash,2.0.1,gem
antiwork/gumroad,stars,sentry-rails,6.5.0,gem
antiwork/gumroad,stars,actionmailer,7.1.6,gem
antiwork/gumroad,stars,date,3.5.1,gem
antiwork/gumroad,stars,addressable,2.9.0,gem
antiwork/gumroad,stars,aws-partitions,1.963.0,gem
antiwork/gumroad,stars,actionpack-action_caching,1.2.2,gem
antiwork/gumroad,stars,multipart-post,2.4.1,gem
antiwork/gumroad,stars,rack-cors,2.0.2,gem
antiwork/gumroad,stars,braintree,4.21.0,gem
antiwork/gumroad,stars,paypal-checkout-sdk,1.0.5,gem
antiwork/gumroad,stars,oauth,1.1.0,gem
antiwork/gumroad,stars,elasticsearch-dsl,0.1.10,gem
antiwork/gumroad,stars,event_emitter,0.2.6,gem
antiwork/gumroad,stars,aws-sdk-core,3.201.4,gem
antiwork/gumroad,stars,httpclient,2.8.3,gem
antiwork/gumroad,stars,elasticsearch-rails,7.1.1,gem
antiwork/gumroad,stars,rubocop-performance,1.25.0,gem
antiwork/gumroad,stars,web-push,3.0.1,gem
antiwork/gumroad,stars,android_key_attestation,0.3.0,gem
resque/resque,stars,puma,>= 0,gem
resque/resque,stars,rubocop,~> 0.80,gem
resque/resque,stars,pry,>= 0,gem
resque/resque,stars,ostruct,>= 0,gem
resque/resque,stars,json,>= 0,gem
resque/resque,stars,mono_logger,~> 1,gem
resque/resque,stars,mocha,~> 3.1,gem
resque/resque,stars,redis,~> 5.0,gem
resque/resque,stars,rackup,>= 0,gem
resque/resque,stars,webrick,>= 0,gem
resque/resque,stars,redis-namespace,~> 1.6,gem
resque/resque,stars,logger,>= 0,gem
resque/resque,stars,multi_json,~> 1.0,gem
resque/resque,stars,minitest,~> 5.11,gem
resque/resque,stars,benchmark,>= 0,gem
resque/resque,stars,rake,>= 0,gem
resque/resque,stars,base64,~> 0.1,gem
resque/resque,stars,redis,>= 4.0,gem
resque/resque,stars,sinatra,>= 2.0,gem
resque/resque,stars,rack-test,~> 2.0,gem
imathis/octopress,stars,sinatra,~> 1.4.2,gem
imathis/octopress,stars,jekyll-sitemap,>= 0,gem
imathis/octopress,stars,haml,~> 4.0,gem
imathis/octopress,stars,RedCloth,~> 4.2.9,gem
imathis/octopress,stars,stringex,~> 1.4.0,gem
imathis/octopress,stars,octopress-hooks,~> 2.2,gem
imathis/octopress,stars,octopress-date-format,~> 2.0,gem
imathis/octopress,stars,jekyll,~> 2.0,gem
imathis/octopress,stars,sass-globbing,~> 1.0.0,gem
imathis/octopress,stars,rb-fsevent,~> 0.9,gem
imathis/octopress,stars,compass,~> 1.0.1,gem
imathis/octopress,stars,rake,~> 10.0,gem
imathis/octopress,stars,rdiscount,~> 2.0,gem
thoughtbot/paperclip,stars,activesupport,>= 4.2.0,gem
thoughtbot/paperclip,stars,activerecord,>= 4.2.0,gem
thoughtbot/paperclip,stars,rspec,>= 0,gem
thoughtbot/paperclip,stars,appraisal,>= 0,gem
thoughtbot/paperclip,stars,mimemagic,~> 0.3.0,gem
thoughtbot/paperclip,stars,rspec,~> 3.0,gem
thoughtbot/paperclip,stars,generator_spec,>= 0,gem
thoughtbot/paperclip,stars,mocha,>= 0,gem
thoughtbot/paperclip,stars,fog-aws,>= 0,gem
thoughtbot/paperclip,stars,rubocop,>= 0,gem
thoughtbot/paperclip,stars,fakeweb,>= 0,gem
thoughtbot/paperclip,stars,shoulda,>= 0,gem
thoughtbot/paperclip,stars,launchy,>= 0,gem
thoughtbot/paperclip,stars,fog-local,>= 0,gem
thoughtbot/paperclip,stars,builder,>= 0,gem
thoughtbot/paperclip,stars,cucumber-rails,>= 0,gem
thoughtbot/paperclip,stars,railties,>= 0,gem
thoughtbot/paperclip,stars,aruba,~> 0.9.0,gem
thoughtbot/paperclip,stars,capybara,>= 0,gem
thoughtbot/paperclip,stars,sqlite3,~> 1.3.8,gem
thoughtbot/paperclip,stars,bundler,>= 0,gem
thoughtbot/paperclip,stars,terrapin,~> 0.6.0,gem
thoughtbot/paperclip,stars,nokogiri,>= 0,gem
thoughtbot/paperclip,stars,bourne,>= 0,gem
thoughtbot/paperclip,stars,activemodel,>= 4.2.0,gem
thoughtbot/paperclip,stars,pry,>= 0,gem
thoughtbot/paperclip,stars,activerecord-import,>= 0,gem
thoughtbot/paperclip,stars,timecop,>= 0,gem
thoughtbot/paperclip,stars,aws-sdk-s3,>= 0,gem
thoughtbot/paperclip,stars,rake,>= 0,gem
thoughtbot/paperclip,stars,cucumber-expressions,4.0.3,gem
thoughtbot/paperclip,stars,mime-types,>= 0,gem
ankane/pghero,stars,pg,>= 0,gem
ankane/pghero,stars,rake,>= 0,gem
ankane/pghero,stars,combustion,>= 0,gem
ankane/pghero,stars,activerecord,>= 7.2,gem
ankane/pghero,stars,tzinfo-data,>= 0,gem
ankane/pghero,stars,minitest,>= 0,gem
ankane/pghero,stars,pg_query,>= 0,gem
ankane/pghero,stars,activerecord,~> 8.1.0,gem
javan/whenever,stars,mocha,>= 0,gem
javan/whenever,stars,appraisal,>= 0,gem
javan/whenever,stars,rake,>= 0,gem
javan/whenever,stars,minitest,>= 0,gem
javan/whenever,stars,chronic,>= 0.6.3,gem
carrierwaveuploader/carrierwave,stars,timecop,>= 0,gem
carrierwaveuploader/carrierwave,stars,cucumber,>= 0,gem
carrierwaveuploader/carrierwave,stars,rmagick,>= 2.16,gem
carrierwaveuploader/carrierwave,stars,image_processing,">= 1.1,< 3",gem
carrierwaveuploader/carrierwave,stars,fog-google,"~> 1.7,= 1.12.1",gem
carrierwaveuploader/carrierwave,stars,marcel,">= 1.0.0,< 3",gem
carrierwaveuploader/carrierwave,stars,csv,~> 3.0,gem
carrierwaveuploader/carrierwave,stars,sqlite3,>= 0,gem
carrierwaveuploader/carrierwave,stars,webmock,>= 0,gem
carrierwaveuploader/carrierwave,stars,pry,>= 0,gem
carrierwaveuploader/carrierwave,stars,rspec-retry,>= 0,gem
carrierwaveuploader/carrierwave,stars,mini_magick,>= 0,gem
carrierwaveuploader/carrierwave,stars,fog-local,>= 0,gem
carrierwaveuploader/carrierwave,stars,ssrf_filter,~> 1.0,gem
carrierwaveuploader/carrierwave,stars,activemodel-serializers-xml,>= 0,gem
carrierwaveuploader/carrierwave,stars,activerecord-jdbcsqlite3-adapter,>= 0,gem
carrierwaveuploader/carrierwave,stars,rails,>= 7.0.0,gem
carrierwaveuploader/carrierwave,stars,activesupport,>= 7.0.0,gem
carrierwaveuploader/carrierwave,stars,rubocop,~> 1.28,gem
carrierwaveuploader/carrierwave,stars,activemodel,>= 7.0.0,gem
carrierwaveuploader/carrierwave,stars,addressable,~> 2.6,gem
carrierwaveuploader/carrierwave,stars,fog-aws,>= 0,gem
carrierwaveuploader/carrierwave,stars,rspec,~> 3.4,gem
carrierwaveuploader/carrierwave,stars,pry-byebug,>= 0,gem
carrierwaveuploader/carrierwave,stars,ruby-vips,>= 0,gem
carrierwaveuploader/carrierwave,stars,generator_spec,>= 0.9.1,gem
kaminari/kaminari,stars,sqlite3,< 2,gem
kaminari/kaminari,stars,rubinius-developer_tools,>= 0,gem
kaminari/kaminari,stars,mutex_m,>= 0,gem
kaminari/kaminari,stars,rr,>= 0,gem
kaminari/kaminari,stars,activesupport,>= 4.1.0,gem
kaminari/kaminari,stars,bundler,>= 1.13,gem
kaminari/kaminari,stars,actionview,>= 0,gem
kaminari/kaminari,stars,racc,>= 0,gem
kaminari/kaminari,stars,power_assert,>= 0,gem
kaminari/kaminari,stars,bundler,>= 1.12,gem
kaminari/kaminari,stars,sqlite3,< 1.4,gem
kaminari/kaminari,stars,sqlite3,1.5.1,gem
kaminari/kaminari,stars,rails,>= 0,gem
kaminari/kaminari,stars,railties,>= 0,gem
kaminari/kaminari,stars,bundler,>= 1.0.0,gem
kaminari/kaminari,stars,activerecord-jdbcpostgresql-adapter,>= 0,gem
kaminari/kaminari,stars,selenium-webdriver,>= 0,gem
kaminari/kaminari,stars,activerecord-jdbcsqlite3-adapter,>= 0,gem
kaminari/kaminari,stars,activerecord-jdbcmysql-adapter,>= 0,gem
kaminari/kaminari,stars,activerecord,>= 0,gem
kaminari/kaminari,stars,test-unit-rails,>= 0,gem
kaminari/kaminari,stars,sqlite3,< 1.5,gem
kaminari/kaminari,stars,bigdecimal,>= 0,gem
kaminari/kaminari,stars,sqlite3,>= 0,gem
kaminari/kaminari,stars,capybara,>= 1.0,gem
kaminari/kaminari,stars,rake,>= 10.0,gem
kaminari/kaminari,stars,power_assert,< 3,gem
kaminari/kaminari,stars,rubysl,~> 2.0,gem
varvet/pundit,stars,simplecov,>= 0.17.0,gem
varvet/pundit,stars,rspec,>= 3.0.0,gem
varvet/pundit,stars,railties,>= 3.0.0,gem
varvet/pundit,stars,activemodel,>= 3.0.0,gem
varvet/pundit,stars,actionpack,>= 3.0.0,gem
varvet/pundit,stars,yard,>= 0,gem
varvet/pundit,stars,rake,>= 0,gem
varvet/pundit,stars,logger,>= 0,gem
varvet/pundit,stars,zeitwerk,>= 0,gem
varvet/pundit,stars,standard,>= 0,gem
varvet/pundit,stars,bundler,>= 0,gem
varvet/pundit,stars,activesupport,>= 3.0.0,gem
chef/chef,stars,rack,2.2.9,gem
chef/chef,stars,rubyzip,2.3.2,gem
chef/chef,stars,rexml,3.4.4,gem
chef/chef,stars,aws-sigv4,1.12.1,gem
chef/chef,stars,mixlib-cli,2.1.8,gem
chef/chef,stars,net-protocol,0.2.2,gem
chef/chef,stars,parser,3.3.11.1,gem
chef/chef,stars,rackup,2.3.1,gem
chef/chef,stars,chef-config,18.4.12,gem
chef/chef,stars,chef-zero,15.1.11,gem
chef/chef,stars,concurrent-ruby,1.3.7,gem
chef/chef,stars,parallel,1.25.1,gem
chef/chef,stars,rake,>= 0,gem
chef/chef,stars,addressable,>= 2.9.0,gem
chef/chef,stars,chef-winrm-elevated,1.2.5,gem
chef/chef,stars,date,3.3.4,gem
chef/chef,stars,rexml,3.3.6,gem
chef/chef,stars,faraday-http-cache,2.7.0,gem
chef/chef,stars,win32-api,1.10.1,gem
chef/chef,stars,ruby-progressbar,1.13.0,gem
chef/chef,stars,sawyer,0.9.2,gem
chef/chef,stars,aws-sdk-secretsmanager,1.101.0,gem
chef/chef,stars,csv,~> 3.3.5,gem
chef/chef,stars,syslog-logger,1.6.8,gem
chef/chef,stars,aws-sdk-s3,1.116.0,gem
chef/chef,stars,win32-taskscheduler,~> 2.0,gem
chef/chef,stars,unicode_utils,1.4.0,gem
chef/chef,stars,chef-winrm,2.5.0,gem
chef/chef,stars,rainbow,3.1.1,gem
chef/chef,stars,tty-reader,0.9.0,gem
chef/chef,stars,parslet,2.0.0,gem
chef/chef,stars,mime-types,3.7.0,gem
chef/chef,stars,jmespath,1.6.2,gem
chef/chef,stars,bcrypt_pbkdf,~> 1.0,gem
chef/chef,stars,faraday-net_http,3.4.4,gem
chef/chef,stars,erubis,2.7.0,gem
chef/chef,stars,chef-cleanroom,1.0.5,gem
chef/chef,stars,rspec-mocks,3.11.2,gem
chef/chef,stars,nori,2.7.0,gem
chef/chef,stars,iso8601,">= 0.12.1,< 0.14",gem
chef/chef,stars,mixlib-cli,">= 2.1.1,< 3.0",gem
chef/chef,stars,mixlib-log,">= 2.0.3,< 4.0",gem
chef/chef,stars,mixlib-shellout,">= 3.3.8,< 3.5.0",gem
chef/chef,stars,webrick,1.9.2,gem
chef/chef,stars,syslog,0.4.0,gem
chef/chef,stars,crack,1.0.1,gem
chef/chef,stars,aws-sdk-s3,1.227.0,gem
chef/chef,stars,method_source,1.1.0,gem
chef/chef,stars,ohai,~> 19.0,gem
chef/chef,stars,faraday-follow_redirects,0.5.0,gem
chef/chef,stars,net-ssh,7.3.3,gem
chef/chef,stars,racc,1.8.1,gem
chef/chef,stars,winrm-fs,1.3.5,gem
chef/chef,stars,uuidtools,2.2.0,gem
chef/chef,stars,thor,1.3.1,gem
chef/chef,stars,uri,">= 1.0.4,< 1.2.0",gem
chef/chef,stars,cookstyle,8.7.6,gem
chef/chef,stars,logging,2.4.0,gem
chef/chef,stars,license-acceptance,2.1.13,gem
chef/chef,stars,win32-eventlog,0.6.3,gem
chef/chef,stars,chef-zero,~> 15.1.0,gem
chef/chef,stars,train-rest,>= 0.4.1,gem
chef/chef,stars,wmi-lite,1.0.7,gem
chef/chef,stars,mixlib-shellout,3.4.10,gem
chef/chef,stars,win32-event,0.6.3,gem
chef/chef,stars,rubocop-ast,1.50.0,gem
chef/chef,stars,tty-table,0.12.0,gem
chef/chef,stars,vault,0.18.2,gem
chef/chef,stars,train-winrm,>= 0.2.17,gem
chef/chef,stars,net-sftp,4.0.0,gem
chef/chef,stars,uuidtools,3.0.0,gem
chef/chef,stars,ffi-win32-extensions,1.0.4,gem
chef/chef,stars,aws-sdk-kms,1.130.0,gem
chef/chef,stars,iostruct,0.1.2,gem
chef/chef,stars,mixlib-shellout,3.2.8,gem
chef/chef,stars,retryable,3.0.5,gem
chef/chef,stars,tsort,0.2.0,gem
chef/chef,stars,tty-spinner,0.9.3,gem
chef/chef,stars,win32-service,2.3.2,gem
chef/chef,stars,aws-sdk-core,3.201.1,gem
chef/chef,stars,pry-byebug,3.12.0,gem
chef/chef,stars,pastel,0.8.0,gem
chef/chef,stars,pry,0.16.0,gem
chef/chef,stars,rspec-core,3.13.6,gem
chef/chef,stars,aws-sdk-core,3.254.0,gem
chef/chef,stars,ed25519,1.4.0,gem
chef/chef,stars,ostruct,0.6.3,gem
chef/chef,stars,diff-lcs,1.5.1,gem
chef/chef,stars,ed25519,1.3.0,gem
chef/chef,stars,erubi,1.13.0,gem
chef/chef,stars,concurrent-ruby,>= 1.3.7,gem
chef/chef,stars,unf_ext,0.0.9.1,gem
chef/chef,stars,csv,3.3.5,gem
chef/chef,stars,awesome_print,1.9.2,gem
chef/chef,stars,http-accept,1.7.0,gem
chef/chef,stars,concurrent-ruby,1.3.3,gem
chef/chef,stars,inspec-core,5.22.3,gem
chef/chef,stars,timeout,0.4.1,gem
chef/chef,stars,benchmark,0.5.0,gem
chef/chef,stars,pstore,0.1.4,gem
chef/chef,stars,rspec-its,1.3.0,gem
chef/chef,stars,mixlib-archive,1.1.7,gem
chef/chef,stars,tomlrb,2.0.4,gem
chef/chef,stars,rbs,4.0.3,gem
chef/chef,stars,structured_warnings,0.5.0,gem
chef/chef,stars,chef-zero,15.0.11,gem
chef/chef,stars,rspec,3.11.0,gem
chef/chef,stars,chef-powershell,~> 18.6.6,gem
chef/chef,stars,plist,~> 3.2,gem
chef/chef,stars,rspec,3.13.2,gem
chef/chef,stars,http-cookie,1.1.6,gem
chef/chef,stars,molinillo,0.8.0,gem
chef/chef,stars,toml-rb,2.2.0,gem
chef/chef,stars,ffi-yajl,2.6.0,gem
chef/chef,stars,octokit,4.25.1,gem
chef/chef,stars,tty-cursor,0.7.1,gem
chef/chef,stars,logger,1.7.0,gem
chef/chef,stars,tty-color,0.6.0,gem
chef/chef,stars,train-core,3.16.5,gem
chef/chef,stars,mixlib-authentication,3.0.10,gem
chef/chef,stars,prism,1.9.0,gem
chef/chef,stars,plist,3.7.2,gem
chef/chef,stars,faraday-follow_redirects,0.3.0,gem
chef/chef,stars,bcrypt_pbkdf,1.1.2,gem
chef/chef,stars,lint_roller,1.1.0,gem
chef/chef,stars,test-kitchen,3.6.0,gem
chef/chef,stars,win32-event,~> 0.6.1,gem
chef/chef,stars,racc,>= 0,gem
chef/chef,stars,diff-lcs,~> 1.6.0,gem
chef/chef,stars,chef-licensing,1.4.1,gem
chef/chef,stars,webrick,1.8.2,gem
chef/chef,stars,minitar,0.9,gem
chef/chef,stars,artifactory,3.0.17,gem
chef/chef,stars,ohai,18.1.3,gem
chef/chef,stars,unf_ext,0.0.8.2,gem
chef/chef,stars,mixlib-archive,">= 0.4,< 2.0",gem
chef/chef,stars,syslog-logger,~> 1.6,gem
chef/chef,stars,socksify,1.8.1,gem
chef/chef,stars,hashie,5.1.0,gem
chef/chef,stars,aws-sigv4,1.8.0,gem
chef/chef,stars,chef-powershell,18.1.0,gem
chef/chef,stars,aws-sdk-kms,1.88.0,gem
chef/chef,stars,train-winrm,0.4.3,gem
chef/chef,stars,chef-telemetry,1.1.1,gem
chef/chef,stars,corefoundation,0.3.13,gem
chef/chef,stars,time,0.3.0,gem
chef/chef,stars,unf_ext,~> 0.0.9.1,gem
chef/chef,stars,rake,13.4.2,gem
chef/chef,stars,aws-sdk-secretsmanager,1.134.0,gem
chef/chef,stars,win32-mmap,0.4.2,gem
chef/chef,stars,tty-screen,0.8.2,gem
chef/chef,stars,inspec-core,7.2.1,gem
chef/chef,stars,mixlib-log,3.2.3,gem
chef/chef,stars,net-http,0.4.1,gem
chef/chef,stars,aws-eventstream,1.3.0,gem
chef/chef,stars,win32-service,">= 2.1.5,< 3.0",gem
chef/chef,stars,chef-licensing,~> 1.3,gem
chef/chef,stars,debug_inspector,1.2.0,gem
chef/chef,stars,win32-ipc,0.7.0,gem
chef/chef,stars,domain_name,0.6.20240107,gem
chef/chef,stars,pedump,0.6.10,gem
chef/chef,stars,ed25519,~> 1.2,gem
chef/chef,stars,repl_type_completor,0.1.15,gem
chef/chef,stars,wisper,2.0.1,gem
chef/chef,stars,rack,3.2.6,gem
chef/chef,stars,chef-utils,18.4.12,gem
chef/chef,stars,win32-process,~> 0.9,gem
chef/chef,stars,syslog,>= 0,gem
chef/chef,stars,win32-eventlog,0.6.7,gem
chef/chef,stars,win32-mutex,0.4.3,gem
chef/chef,stars,corefoundation,0.3.19,gem
chef/chef,stars,faraday-net_http,3.1.0,gem
chef/chef,stars,multi_json,1.15.0,gem
chef/chef,stars,hashie,4.1.0,gem
chef/chef,stars,json,2.21.2,gem
chef/chef,stars,rubyntlm,0.6.5,gem
chef/chef,stars,citrus,3.0.2,gem
chef/chef,stars,aws-partitions,1.953.0,gem
chef/chef,stars,wmi-lite,~> 1.0,gem
chef/chef,stars,tomlrb,">= 1.2,< 3.0",gem
chef/chef,stars,erubis,~> 2.7,gem
chef/chef,stars,faraday,2.14.3,gem
chef/chef,stars,train-core,3.12.5,gem
chef/chef,stars,berkshelf,8.0.9,gem
chef/chef,stars,mixlib-config,3.0.27,gem
chef/chef,stars,train-rest,0.5.0,gem
chef/chef,stars,stringio,3.2.0,gem
chef/chef,stars,base64,0.3.0,gem
chef/chef,stars,rspec-support,3.13.7,gem
chef/chef,stars,net-ftp,0.3.9,gem
chef/chef,stars,ast,2.4.3,gem
chef/chef,stars,bigdecimal,3.1.8,gem
chef/chef,stars,license-acceptance,">= 1.0.5,< 3",gem
chef/chef,stars,mixlib-authentication,">= 2.1,< 4",gem
chef/chef,stars,vault,0.20.1,gem
chef/chef,stars,base64,0.2.0,gem
chef/chef,stars,logger,1.6.0,gem
chef/chef,stars,license_scout,1.3.14,gem
chef/chef,stars,pry,0.14.2,gem
chef/chef,stars,iso8601,0.13.0,gem
chef/chef,stars,net-http-persistent,4.0.8,gem
chef/chef,stars,openssl,3.3.3,gem
chef/chef,stars,gyoku,1.4.0,gem
chef/chef,stars,public_suffix,6.0.0,gem
chef/chef,stars,rake,>= 12.3.3,gem
chef/chef,stars,fauxhai-ng,>= 0,gem
chef/chef,stars,win32-taskscheduler,2.0.4,gem
chef/chef,stars,win32-api,~> 1.10.0,gem
chef/chef,stars,win32-mmap,~> 0.4.1,gem
chef/chef,stars,train-core,"~> 3.13,>= 3.13.4",gem
chef/chef,stars,mixlib-log,3.0.9,gem
chef/chef,stars,fuzzyurl,>= 0,gem
chef/chef,stars,win32-process,0.10.0,gem
chef/chef,stars,language_server-protocol,3.17.0.6,gem
chef/chef,stars,gssapi,1.3.1,gem
chef/chef,stars,date,3.5.1,gem
chef/chef,stars,erubi,1.13.1,gem
chef/chef,stars,rubocop,1.86.1,gem
chef/chef,stars,ffi-libarchive,1.1.14,gem
chef/chef,stars,reline,0.6.3,gem
chef/chef,stars,hashdiff,1.2.1,gem
chef/chef,stars,winrm-elevated,1.2.3,gem
chef/chef,stars,winrm,2.3.8,gem
chef/chef,stars,unicode-display_width,2.6.0,gem
chef/chef,stars,byebug,13.0.0,gem
chef/chef,stars,chef-vault,4.2.12,gem
chef/chef,stars,aws-sdk-secretsmanager,~> 1.46,gem
chef/chef,stars,strings-ansi,0.2.0,gem
chef/chef,stars,strings,0.2.1,gem
chef/chef,stars,binding_of_caller,2.0.0,gem
chef/chef,stars,builder,3.3.0,gem
chef/chef,stars,ffi,">= 1.15.5,< 1.18.0",gem
chef/chef,stars,netrc,0.11.0,gem
chef/chef,stars,multi_json,1.21.1,gem
chef/chef,stars,cleanroom,1.0.0,gem
chef/chef,stars,net-sftp,">= 2.1.2,< 5.0",gem
chef/chef,stars,rb-readline,0.5.5,gem
chef/chef,stars,chef-powershell,18.6.6,gem
chef/chef,stars,tty-box,0.7.0,gem
chef/chef,stars,chef-ruby-shadow,3.0.0,gem
chef/chef,stars,parslet,1.8.2,gem
chef/chef,stars,regexp_parser,2.12.0,gem
chef/chef,stars,fuzzyurl,0.9.0,gem
chef/chef,stars,diff-lcs,1.6.2,gem
chef/chef,stars,rspec-expectations,3.11.1,gem
chef/chef,stars,mixlib-versioning,1.2.12,gem
chef/chef,stars,rspec-support,3.11.1,gem
chef/chef,stars,vault,">= 0.18.2,< 0.21.0",gem
chef/chef,stars,iniparse,~> 1.4,gem
chef/chef,stars,parallel,1.28.0,gem
chef/chef,stars,nori,2.9.1,gem
chef/chef,stars,public_suffix,6.0.2,gem
chef/chef,stars,ipaddress,0.8.3,gem
chef/chef,stars,mixlib-config,">= 2.2.12,< 4.0",gem
chef/chef,stars,rubyzip,2.4.1,gem
chef/chef,stars,libyajl2,2.1.0,gem
chef/chef,stars,kitchen-vagrant,2.0.1,gem
chef/chef,stars,zhexdump,0.1.1,gem
chef/chef,stars,iniparse,1.5.0,gem
chef/chef,stars,appbundler,0.13.4,gem
chef/chef,stars,httpclient,2.9.0,gem
chef/chef,stars,faraday,2.10.0,gem
chef/chef,stars,tomlrb,1.3.0,gem
chef/chef,stars,chef-winrm-fs,1.4.2,gem
chef/chef,stars,rspec-its,2.0.0,gem
chef/chef,stars,mixlib-archive,1.3.3,gem
chef/chef,stars,net-ssh-gateway,2.0.0,gem
chef/chef,stars,solve,4.0.4,gem
chef/chef,stars,rest-client,2.1.0,gem
chef/chef,stars,unicode-display_width,2.5.0,gem
chef/chef,stars,win32-certstore,~> 0.6.15,gem
chef/chef,stars,structured_warnings,0.4.0,gem
chef/chef,stars,rspec-expectations,3.13.5,gem
chef/chef,stars,tty-prompt,0.23.1,gem
chef/chef,stars,uri,1.1.1,gem
chef/chef,stars,connection_pool,3.0.2,gem
chef/chef,stars,ffi-yajl,2.7.11,gem
chef/chef,stars,mixlib-install,3.12.30,gem
chef/chef,stars,webmock,3.26.3,gem
chef/chef,stars,chef-gyoku,1.5.0,gem
chef/chef,stars,aws-eventstream,1.4.0,gem
chef/chef,stars,rspec-core,3.11.0,gem
chef/chef,stars,http-cookie,1.0.6,gem
chef/chef,stars,httpclient,2.8.3,gem
chef/chef,stars,chef,18.4.12,gem
chef/chef,stars,ffi-libarchive,"~> 1.0,>= 1.0.3",gem
chef/chef,stars,corefoundation,~> 0.3.19,gem
chef/chef,stars,http-accept,2.1.1,gem
chef/chef,stars,pry-stack_explorer,0.6.3,gem
chef/chef,stars,aws-partitions,1.1268.0,gem
chef/chef,stars,mime-types-data,3.2026.0701,gem
chef/chef,stars,rspec-mocks,3.13.8,gem
chef/chef,stars,uri,0.13.0,gem
chef/chef,stars,bcrypt_pbkdf,1.1.1,gem
chef/chef,stars,plist,3.7.1,gem
chef/chef,stars,chef-vault,4.1.11,gem
chef/chef,stars,contracts,0.16.1,gem
chef/chef,stars,ffi,1.17.4,gem
chef/chef,stars,addressable,2.9.0,gem
chef/chef,stars,fauxhai-ng,9.3.0,gem
chef/chef,stars,mutex_m,0.3.0,gem
chef/chef,stars,thor,1.4.0,gem
chef/chef,stars,multipart-post,2.4.1,gem
chef/chef,stars,aws-sdk-s3,~> 1.91,gem
chef/chef,stars,semverse,3.0.2,gem
chef/chef,stars,bigdecimal,4.1.2,gem
chef/chef,stars,strscan,3.1.0,gem
chef/chef,stars,net-ssh,7.2.3,gem
chef/chef,stars,net-ftp,0.3.7,gem
chef/chef,stars,win32-mutex,~> 0.4.2,gem
chef/chef,stars,io-console,0.8.2,gem
chef/chef,stars,little-plugger,1.1.4,gem
chef/chef,stars,sslshake,1.3.1,gem
chef/chef,stars,ffi,1.16.3,gem
chef/chef,stars,addressable,2.8.7,gem
chef/chef,stars,mime-types-data,3.2024.0702,gem
chef/chef,stars,net-scp,4.0.0,gem
chef/chef,stars,mixlib-shellout,">= 2.0,< 4.0",gem
chef/chef,stars,proxifier2,~> 1.1,gem
chef/chef,stars,time,0.4.2,gem
chef/chef,stars,coderay,1.1.3,gem
chef/chef,stars,win32-certstore,0.6.16,gem
chef/chef,stars,timeout,0.6.1,gem
chef/chef,stars,inspec-core-bin,7.2.1,gem
chef/chef,stars,json,2.7.2,gem
chef/chef,stars,mime-types,3.5.2,gem
chef/chef,stars,chef-vault,>= 0,gem
chef/chef,stars,net-http,0.9.1,gem
chef/chef,stars,proxifier2,1.1.0,gem
chef/chef,stars,train-winrm,0.2.13,gem
chef/chef,stars,rspec,>= 0,gem
chef/chef,stars,net-ftp,>= 0,gem
chef/chef,stars,inspec-core,~> 7.2.1,gem
chef/chef,stars,net-scp,4.1.0,gem
heartcombo/simple_form,stars,stringio,3.2.0,gem
heartcombo/simple_form,stars,loofah,2.25.1,gem
heartcombo/simple_form,stars,rails-html-sanitizer,1.7.0,gem
heartcombo/simple_form,stars,connection_pool,3.0.2,gem
heartcombo/simple_form,stars,minitest,< 6,gem
heartcombo/simple_form,stars,activemodel,>= 7.0,gem
heartcombo/simple_form,stars,rack-session,2.1.1,gem
heartcombo/simple_form,stars,date,3.5.1,gem
heartcombo/simple_form,stars,tsort,0.2.0,gem
heartcombo/simple_form,stars,securerandom,0.4.1,gem
heartcombo/simple_form,stars,rails-dom-testing,2.3.0,gem
heartcombo/simple_form,stars,reline,0.6.3,gem
heartcombo/simple_form,stars,concurrent-ruby,1.3.6,gem
heartcombo/simple_form,stars,rack,3.2.5,gem
heartcombo/simple_form,stars,rake,13.3.1,gem
heartcombo/simple_form,stars,json,2.19.3,gem
heartcombo/simple_form,stars,useragent,0.16.11,gem
heartcombo/simple_form,stars,psych,5.3.1,gem
heartcombo/simple_form,stars,rdoc,>= 0,gem
heartcombo/simple_form,stars,io-console,0.8.2,gem
heartcombo/simple_form,stars,prism,1.9.0,gem
heartcombo/simple_form,stars,erubi,1.13.1,gem
heartcombo/simple_form,stars,tzinfo,2.0.6,gem
heartcombo/simple_form,stars,uri,1.1.1,gem
heartcombo/simple_form,stars,nokogiri,1.19.2,gem
heartcombo/simple_form,stars,prettyprint,0.2.0,gem
heartcombo/simple_form,stars,rack-test,2.2.0,gem
heartcombo/simple_form,stars,i18n,1.14.8,gem
heartcombo/simple_form,stars,rdoc,7.2.0,gem
heartcombo/simple_form,stars,erb,6.0.2,gem
heartcombo/simple_form,stars,activesupport,8.1.3,gem
heartcombo/simple_form,stars,railties,8.1.3,gem
heartcombo/simple_form,stars,crass,1.0.6,gem
heartcombo/simple_form,stars,thor,1.5.0,gem
heartcombo/simple_form,stars,actionpack,>= 7.0,gem
heartcombo/simple_form,stars,drb,2.2.3,gem
heartcombo/simple_form,stars,irb,1.17.0,gem
heartcombo/simple_form,stars,base64,0.3.0,gem
heartcombo/simple_form,stars,country_select,>= 0,gem
heartcombo/simple_form,stars,logger,1.7.0,gem
heartcombo/simple_form,stars,bigdecimal,4.0.1,gem
heartcombo/simple_form,stars,rackup,2.3.1,gem
heartcombo/simple_form,stars,activemodel,8.1.3,gem
heartcombo/simple_form,stars,racc,1.8.1,gem
heartcombo/simple_form,stars,pp,0.6.3,gem
heartcombo/simple_form,stars,minitest,5.27.0,gem
heartcombo/simple_form,stars,unaccent,0.4.0,gem
heartcombo/simple_form,stars,builder,3.3.0,gem
heartcombo/simple_form,stars,countries,8.1.0,gem
heartcombo/simple_form,stars,actionpack,8.1.3,gem
heartcombo/simple_form,stars,rake,>= 0,gem
heartcombo/simple_form,stars,zeitwerk,2.7.5,gem
heartcombo/simple_form,stars,country_select,11.0.0,gem
heartcombo/simple_form,stars,actionview,8.1.3,gem
heartcombo/simple_form,stars,mini_portile2,2.8.9,gem
thoughtbot/factory_bot,stars,simplecov-html,0.13.2,gem
thoughtbot/factory_bot,stars,base64,0.3.0,gem
thoughtbot/factory_bot,stars,timeout,0.4.3,gem
thoughtbot/factory_bot,stars,yard,>= 0,gem
thoughtbot/factory_bot,stars,memoist3,1.0.0,gem
thoughtbot/factory_bot,stars,tzinfo,2.0.6,gem
thoughtbot/factory_bot,stars,rake,13.3.0,gem
thoughtbot/factory_bot,stars,mutex_m,0.3.0,gem
thoughtbot/factory_bot,stars,json,2.15.1,gem
thoughtbot/factory_bot,stars,cucumber,10.1.1,gem
thoughtbot/factory_bot,stars,i18n,1.14.7,gem
thoughtbot/factory_bot,stars,standard-performance,1.8.0,gem
thoughtbot/factory_bot,stars,appraisal,2.5.0,gem
thoughtbot/factory_bot,stars,cucumber-core,15.2.1,gem
thoughtbot/factory_bot,stars,cucumber-messages,27.2.0,gem
thoughtbot/factory_bot,stars,rake,>= 0,gem
thoughtbot/factory_bot,stars,aruba,2.3.2,gem
thoughtbot/factory_bot,stars,rspec,3.13.1,gem
thoughtbot/factory_bot,stars,rspec-its,>= 0,gem
thoughtbot/factory_bot,stars,rubocop-ast,1.47.1,gem
thoughtbot/factory_bot,stars,builder,3.3.0,gem
thoughtbot/factory_bot,stars,ast,2.4.3,gem
thoughtbot/factory_bot,stars,ostruct,0.6.3,gem
thoughtbot/factory_bot,stars,drb,2.2.3,gem
thoughtbot/factory_bot,stars,activerecord,>= 0,gem
thoughtbot/factory_bot,stars,activesupport,>= 6.1.0,gem
thoughtbot/factory_bot,stars,yard,0.9.37,gem
thoughtbot/factory_bot,stars,rspec-mocks,3.13.5,gem
thoughtbot/factory_bot,stars,securerandom,0.4.1,gem
thoughtbot/factory_bot,stars,rspec-support,3.13.6,gem
thoughtbot/factory_bot,stars,regexp_parser,2.11.3,gem
thoughtbot/factory_bot,stars,ostruct,>= 0,gem
thoughtbot/factory_bot,stars,simplecov,0.22.0,gem
thoughtbot/factory_bot,stars,rspec-expectations,3.13.5,gem
thoughtbot/factory_bot,stars,cucumber-tag-expressions,6.1.2,gem
thoughtbot/factory_bot,stars,benchmark,0.4.1,gem
thoughtbot/factory_bot,stars,cucumber-html-formatter,21.15.1,gem
thoughtbot/factory_bot,stars,logger,1.7.0,gem
thoughtbot/factory_bot,stars,appraisal,>= 0,gem
thoughtbot/factory_bot,stars,multi_test,1.1.0,gem
thoughtbot/factory_bot,stars,mini_portile2,2.8.8,gem
thoughtbot/factory_bot,stars,thor,1.4.0,gem
thoughtbot/factory_bot,stars,unicode-display_width,3.2.0,gem
thoughtbot/factory_bot,stars,language_server-protocol,3.17.0.5,gem
thoughtbot/factory_bot,stars,cucumber-gherkin,32.2.0,gem
thoughtbot/factory_bot,stars,ffi,1.17.2,gem
thoughtbot/factory_bot,stars,racc,1.8.1,gem
thoughtbot/factory_bot,stars,parser,3.3.9.0,gem
thoughtbot/factory_bot,stars,rainbow,3.1.1,gem
thoughtbot/factory_bot,stars,rspec,>= 0,gem
thoughtbot/factory_bot,stars,rubocop-performance,1.25.0,gem
thoughtbot/factory_bot,stars,concurrent-ruby,1.3.5,gem
thoughtbot/factory_bot,stars,contracts,0.17.3,gem
thoughtbot/factory_bot,stars,mini_mime,1.1.5,gem
thoughtbot/factory_bot,stars,activerecord,8.0.3,gem
thoughtbot/factory_bot,stars,sys-uname,1.4.1,gem
thoughtbot/factory_bot,stars,connection_pool,2.5.4,gem
thoughtbot/factory_bot,stars,mutex_m,>= 0,gem
thoughtbot/factory_bot,stars,unicode-emoji,4.2.0,gem
thoughtbot/factory_bot,stars,sqlite3,2.5.0,gem
thoughtbot/factory_bot,stars,rubocop,1.80.2,gem
thoughtbot/factory_bot,stars,activemodel,8.0.3,gem
thoughtbot/factory_bot,stars,standard,>= 0,gem
thoughtbot/factory_bot,stars,aruba,>= 0,gem
thoughtbot/factory_bot,stars,simplecov,>= 0,gem
thoughtbot/factory_bot,stars,simplecov_json_formatter,0.1.4,gem
thoughtbot/factory_bot,stars,parallel,1.27.0,gem
thoughtbot/factory_bot,stars,activesupport,8.0.3,gem
thoughtbot/factory_bot,stars,standard,1.51.1,gem
thoughtbot/factory_bot,stars,docile,1.4.1,gem
thoughtbot/factory_bot,stars,diff-lcs,1.6.2,gem
thoughtbot/factory_bot,stars,ruby-progressbar,1.13.0,gem
thoughtbot/factory_bot,stars,rspec-its,2.0.0,gem
thoughtbot/factory_bot,stars,prism,1.5.2,gem
thoughtbot/factory_bot,stars,lint_roller,1.1.0,gem
thoughtbot/factory_bot,stars,minitest,6.0.6,gem
thoughtbot/factory_bot,stars,cucumber-cucumber-expressions,18.0.1,gem
thoughtbot/factory_bot,stars,cucumber-ci-environment,10.0.1,gem
thoughtbot/factory_bot,stars,rspec-core,3.13.5,gem
thoughtbot/factory_bot,stars,uri,1.0.4,gem
thoughtbot/factory_bot,stars,standard-custom,1.0.2,gem
thoughtbot/factory_bot,stars,bigdecimal,3.3.1,gem
basecamp/fizzy,stars,herb,0.10.3,gem
basecamp/fizzy,stars,solid_queue,1.7.0,gem
basecamp/fizzy,stars,yabeda-puma-plugin,>= 0,gem
basecamp/fizzy,stars,connection_pool,3.0.2,gem
basecamp/fizzy,stars,regexp_parser,2.11.3,gem
basecamp/fizzy,stars,dotenv,3.2.0,gem
basecamp/fizzy,stars,action_text-trix,2.1.19,gem
basecamp/fizzy,stars,sqlite3,2.9.6,gem
basecamp/fizzy,stars,thor,1.5.0,gem
basecamp/fizzy,stars,importmap-rails,2.2.3,gem
basecamp/fizzy,stars,bundler-audit,0.9.3,gem
basecamp/fizzy,stars,net-http-persistent,4.0.8,gem
basecamp/fizzy,stars,parallel,1.27.0,gem
basecamp/fizzy,stars,rack,3.2.7,gem
basecamp/fizzy,stars,ruby-vips,2.3.0,gem
basecamp/fizzy,stars,stackprof,0.2.28,gem
basecamp/fizzy,stars,image_processing,2.1.0,gem
basecamp/fizzy,stars,yabeda-http_requests,>= 0,gem
basecamp/fizzy,stars,image_processing,2.0.3,gem
basecamp/fizzy,stars,i18n,1.15.2,gem
basecamp/fizzy,stars,minitest-reporters,1.8.0,gem
basecamp/fizzy,stars,yabeda-gc,>= 0,gem
basecamp/fizzy,stars,propshaft,1.3.2,gem
basecamp/fizzy,stars,rack-session,2.1.2,gem
basecamp/fizzy,stars,ansi,1.6.0,gem
basecamp/fizzy,stars,kamal,2.12.0,gem
basecamp/fizzy,stars,yabeda-rails,>= 0.10,gem
basecamp/fizzy,stars,rbs,4.1.3,gem
basecamp/fizzy,stars,net-imap,0.6.6,gem
basecamp/fizzy,stars,queenbee,>= 0,gem
basecamp/fizzy,stars,unicode-display_width,3.2.0,gem
basecamp/fizzy,stars,uri,1.1.1,gem
basecamp/fizzy,stars,net-pop,0.1.2,gem
basecamp/fizzy,stars,aws-sdk-s3,1.229.0,gem
basecamp/fizzy,stars,rackup,2.3.1,gem
basecamp/fizzy,stars,chunky_png,1.4.0,gem
basecamp/fizzy,stars,rubocop-rails,2.34.0,gem
basecamp/fizzy,stars,raabro,1.4.0,gem
basecamp/fizzy,stars,aws-sdk-core,3.254.1,gem
basecamp/fizzy,stars,rack-mini-profiler,5.0.0,gem
basecamp/fizzy,stars,thruster,0.1.26,gem
basecamp/fizzy,stars,minitest,6.0.6,gem
basecamp/fizzy,stars,zeitwerk,2.8.3,gem
basecamp/fizzy,stars,rails-dom-testing,2.3.0,gem
basecamp/fizzy,stars,pp,0.6.4,gem
basecamp/fizzy,stars,yabeda-actioncable,>= 0,gem
basecamp/fizzy,stars,et-orbi,1.4.0,gem
basecamp/fizzy,stars,lexxy,0.9.31,gem
basecamp/fizzy,stars,irb,1.18.0,gem
basecamp/fizzy,stars,net-protocol,0.2.2,gem
basecamp/fizzy,stars,securerandom,0.4.1,gem
basecamp/fizzy,stars,bindex,0.8.1,gem
basecamp/fizzy,stars,jbuilder,2.15.1,gem
basecamp/fizzy,stars,rubocop-ast,1.48.0,gem
basecamp/fizzy,stars,rubocop-performance,1.26.1,gem
basecamp/fizzy,stars,web-push,3.1.0,gem
basecamp/fizzy,stars,lint_roller,1.1.0,gem
basecamp/fizzy,stars,mini_magick,5.4.0,gem
basecamp/fizzy,stars,unicode-emoji,4.1.0,gem
basecamp/fizzy,stars,rubocop,1.81.7,gem
basecamp/fizzy,stars,rails-html-sanitizer,1.7.1,gem
basecamp/fizzy,stars,tzinfo,2.0.6,gem
basecamp/fizzy,stars,tsort,0.2.0,gem
basecamp/fizzy,stars,capybara,3.40.0,gem
basecamp/fizzy,stars,mini_mime,1.1.5,gem
basecamp/fizzy,stars,json,2.21.2,gem
basecamp/fizzy,stars,websocket,1.2.11,gem
basecamp/fizzy,stars,websocket-extensions,0.1.5,gem
basecamp/fizzy,stars,console1984,>= 0,gem
basecamp/fizzy,stars,rails_structured_logging,>= 0,gem
basecamp/fizzy,stars,sentry-rails,>= 0,gem
basecamp/fizzy,stars,erubi,1.13.1,gem
basecamp/fizzy,stars,net-ssh,7.3.3,gem
basecamp/fizzy,stars,aws-sigv4,1.12.1,gem
basecamp/fizzy,stars,addressable,2.9.0,gem
basecamp/fizzy,stars,prism,1.9.0,gem
basecamp/fizzy,stars,jmespath,1.6.2,gem
basecamp/fizzy,stars,rubocop-rails-omakase,1.1.0,gem
basecamp/fizzy,stars,rqrcode_core,2.1.0,gem
basecamp/fizzy,stars,geared_pagination,1.2.0,gem
basecamp/fizzy,stars,hotcell-core,0.4.1,gem
basecamp/fizzy,stars,aws-eventstream,1.4.0,gem
basecamp/fizzy,stars,mocha,3.1.0,gem
basecamp/fizzy,stars,rails,>= 8.1.0.beta1,gem
basecamp/fizzy,stars,rouge,5.1.0,gem
basecamp/fizzy,stars,date,3.5.1,gem
basecamp/fizzy,stars,timeout,0.6.1,gem
basecamp/fizzy,stars,stringio,3.2.0,gem
basecamp/fizzy,stars,puma,8.0.2,gem
basecamp/fizzy,stars,debug,1.11.1,gem
basecamp/fizzy,stars,trilogy,2.13.0,gem
basecamp/fizzy,stars,webmock,3.26.4,gem
basecamp/fizzy,stars,faker,3.8.0,gem
basecamp/fizzy,stars,hashdiff,1.2.1,gem
basecamp/fizzy,stars,benchmark,0.5.0,gem
basecamp/fizzy,stars,rainbow,3.1.1,gem
basecamp/fizzy,stars,prettyprint,0.2.0,gem
basecamp/fizzy,stars,nokogiri,1.19.4,gem
basecamp/fizzy,stars,bootsnap,1.25.0,gem
basecamp/fizzy,stars,childprocess,5.1.0,gem
basecamp/fizzy,stars,audits1984,>= 0,gem
basecamp/fizzy,stars,rdoc,8.0.0,gem
basecamp/fizzy,stars,rack-test,2.2.0,gem
basecamp/fizzy,stars,rqrcode,3.2.0,gem
basecamp/fizzy,stars,mission_control-jobs,1.1.0,gem
basecamp/fizzy,stars,nio4r,2.7.5,gem
basecamp/fizzy,stars,concurrent-ruby,1.3.8,gem
basecamp/fizzy,stars,brakeman,8.0.6,gem
basecamp/fizzy,stars,crack,1.0.1,gem
basecamp/fizzy,stars,bigdecimal,4.1.2,gem
basecamp/fizzy,stars,globalid,1.4.0,gem
basecamp/fizzy,stars,parser,3.3.10.0,gem
basecamp/fizzy,stars,aws-partitions,1.1281.0,gem
basecamp/fizzy,stars,reline,0.7.0,gem
basecamp/fizzy,stars,platform_agent,1.0.1,gem
basecamp/fizzy,stars,net-scp,4.1.0,gem
basecamp/fizzy,stars,net-sftp,4.0.0,gem
basecamp/fizzy,stars,msgpack,1.8.4,gem
basecamp/fizzy,stars,openssl,4.0.0,gem
basecamp/fizzy,stars,aws-sdk-kms,1.130.0,gem
basecamp/fizzy,stars,fugit,1.12.1,gem
basecamp/fizzy,stars,builder,3.3.0,gem
basecamp/fizzy,stars,racc,1.8.1,gem
basecamp/fizzy,stars,bcrypt_pbkdf,1.1.2,gem
basecamp/fizzy,stars,yabeda-prometheus-mmap,>= 0,gem
basecamp/fizzy,stars,sshkit,1.25.1,gem
basecamp/fizzy,stars,crass,1.0.7,gem
basecamp/fizzy,stars,jwt,3.2.0,gem
basecamp/fizzy,stars,autotuner,1.1.0,gem
basecamp/fizzy,stars,base64,0.3.0,gem
basecamp/fizzy,stars,erb,6.0.7,gem
basecamp/fizzy,stars,psych,5.5.0,gem
basecamp/fizzy,stars,vcr,6.4.0,gem
basecamp/fizzy,stars,websocket-driver,0.8.2,gem
basecamp/fizzy,stars,ed25519,1.4.0,gem
basecamp/fizzy,stars,zip_kit,6.3.4,gem
basecamp/fizzy,stars,selenium-webdriver,4.48.0,gem
basecamp/fizzy,stars,matrix,0.4.3,gem
basecamp/fizzy,stars,io-console,0.9.2,gem
basecamp/fizzy,stars,ostruct,0.6.3,gem
basecamp/fizzy,stars,net-smtp,0.5.1,gem
basecamp/fizzy,stars,ruby-progressbar,1.13.0,gem
basecamp/fizzy,stars,ractor-dispatch,0.3.0,gem
basecamp/fizzy,stars,ffi,1.17.4,gem
basecamp/fizzy,stars,activestorage-hotcell-server,0.4.1,gem
basecamp/fizzy,stars,ruby2_keywords,0.0.5,gem
basecamp/fizzy,stars,solid_cache,1.0.10,gem
basecamp/fizzy,stars,public_suffix,7.0.5,gem
basecamp/fizzy,stars,solid_cable,4.0.2,gem
basecamp/fizzy,stars,launchy,3.1.1,gem
basecamp/fizzy,stars,mittens,0.3.4,gem
basecamp/fizzy,stars,rake,13.4.2,gem
basecamp/fizzy,stars,rexml,3.4.4,gem
basecamp/fizzy,stars,prometheus-client-mmap,~> 1.4.0,gem
basecamp/fizzy,stars,rubyzip,3.6.0,gem
basecamp/fizzy,stars,drb,2.2.3,gem
basecamp/fizzy,stars,mail,2.9.1,gem
basecamp/fizzy,stars,strscan,3.1.8,gem
basecamp/fizzy,stars,stimulus-rails,1.3.4,gem
basecamp/fizzy,stars,yabeda-activejob,>= 0,gem
basecamp/fizzy,stars,sentry-ruby,>= 0,gem
basecamp/fizzy,stars,loofah,2.25.2,gem
basecamp/fizzy,stars,xpath,3.2.0,gem
basecamp/fizzy,stars,letter_opener,1.10.0,gem
basecamp/fizzy,stars,logger,1.7.0,gem
basecamp/fizzy,stars,marcel,2.1.0,gem
basecamp/fizzy,stars,hotcell-server,0.4.1,gem
basecamp/fizzy,stars,ast,2.4.3,gem
basecamp/fizzy,stars,yabeda,>= 0,gem
basecamp/fizzy,stars,language_server-protocol,3.17.0.5,gem
basecamp/fizzy,stars,bcrypt,3.1.22,gem
omniauth/omniauth,stars,simplecov-lcov,>= 0,gem
omniauth/omniauth,stars,rake,>= 12.0,gem
omniauth/omniauth,stars,yard,>= 0.9.11,gem
omniauth/omniauth,stars,pry,>= 0,gem
omniauth/omniauth,stars,logger,>= 0,gem
omniauth/omniauth,stars,kramdown,>= 0,gem
omniauth/omniauth,stars,jruby-openssl,~> 0.10.5,gem
omniauth/omniauth,stars,coveralls_reborn,~> 0.19.0,gem
omniauth/omniauth,stars,rack,>= 2.2.3,gem
omniauth/omniauth,stars,rack-protection,>= 0,gem
omniauth/omniauth,stars,rake,~> 12.0,gem
omniauth/omniauth,stars,rspec,~> 3.5,gem
omniauth/omniauth,stars,bundler,>= 2.0,gem
omniauth/omniauth,stars,hashie,>= 3.4.6,gem
omniauth/omniauth,stars,memory_profiler,>= 0,gem
omniauth/omniauth,stars,cgi,>= 0,gem
omniauth/omniauth,stars,benchmark-ips,>= 0,gem
omniauth/omniauth,stars,rack-freeze,>= 0,gem
omniauth/omniauth,stars,rack-test,>= 0,gem
railsadminteam/rails_admin,stars,webrick,>= 0,gem
railsadminteam/rails_admin,stars,rails_admin,>= 0,gem
railsadminteam/rails_admin,stars,devise,>= 3.2,gem
railsadminteam/rails_admin,stars,paperclip,>= 3.4,gem
railsadminteam/rails_admin,stars,nested_form,~> 0.3,gem
railsadminteam/rails_admin,stars,kt-paperclip,>= 0,gem
railsadminteam/rails_admin,stars,rspec-rails,>= 4.0.0.beta2,gem
railsadminteam/rails_admin,stars,net-smtp,>= 0,gem
railsadminteam/rails_admin,stars,rails,>= 7.0.0,gem
railsadminteam/rails_admin,stars,mlb,>= 0.7,gem
railsadminteam/rails_admin,stars,bundler,>= 1.0,gem
railsadminteam/rails_admin,stars,launchy,>= 2.2,gem
railsadminteam/rails_admin,stars,rails,>= 0,gem
railsadminteam/rails_admin,stars,importmap-rails,>= 0,gem
railsadminteam/rails_admin,stars,database_cleaner-active_record,>= 2.0,gem
railsadminteam/rails_admin,stars,appraisal,>= 2.0,gem
railsadminteam/rails_admin,stars,webpacker,>= 0,gem
railsadminteam/rails_admin,stars,pg,>= 1.0.0,gem
railsadminteam/rails_admin,stars,mysql2,>= 0.3.14,gem
railsadminteam/rails_admin,stars,mini_magick,>= 3.4,gem
railsadminteam/rails_admin,stars,sassc-rails,~> 2.1,gem
railsadminteam/rails_admin,stars,timecop,>= 0.5,gem
railsadminteam/rails_admin,stars,pry,>= 0.9,gem
railsadminteam/rails_admin,stars,uglifier,>= 1.3,gem
railsadminteam/rails_admin,stars,cancancan,~> 3.0,gem
railsadminteam/rails_admin,stars,vite_rails,>= 0,gem
railsadminteam/rails_admin,stars,rails,">= 7.0,< 9",gem
railsadminteam/rails_admin,stars,activemodel-serializers-xml,>= 1.0,gem
railsadminteam/rails_admin,stars,sqlite3,>= 1.3.0,gem
railsadminteam/rails_admin,stars,activerecord-jdbcsqlite3-adapter,>= 1.2,gem
railsadminteam/rails_admin,stars,kaminari,">= 0.14,< 2.0",gem
railsadminteam/rails_admin,stars,rspec-retry,>= 0,gem
railsadminteam/rails_admin,stars,rubocop-performance,>= 0,gem
railsadminteam/rails_admin,stars,pundit,>= 0,gem
railsadminteam/rails_admin,stars,shrine,~> 3.0,gem
railsadminteam/rails_admin,stars,rack-cache,>= 0,gem
railsadminteam/rails_admin,stars,puma,>= 0,gem
railsadminteam/rails_admin,stars,simplecov,>= 0.9,gem
railsadminteam/rails_admin,stars,turbo-rails,>= 0,gem
railsadminteam/rails_admin,stars,csv,>= 0,gem
railsadminteam/rails_admin,stars,paper_trail,>= 12.0,gem
railsadminteam/rails_admin,stars,simplecov-lcov,>= 0,gem
railsadminteam/rails_admin,stars,dragonfly,~> 1.0,gem
railsadminteam/rails_admin,stars,rspec-expectations,3.8.3,gem
railsadminteam/rails_admin,stars,factory_bot,">= 4.2,= 6.4.5",gem
railsadminteam/rails_admin,stars,generator_spec,>= 0.8,gem
railsadminteam/rails_admin,stars,cuprite,0.15.1,gem
railsadminteam/rails_admin,stars,cssbundling-rails,>= 0,gem
railsadminteam/rails_admin,stars,carrierwave,">= 2.0.0.rc,< 3.0",gem
railsadminteam/rails_admin,stars,turbo-rails,">= 1.0,< 3",gem
railsadminteam/rails_admin,stars,devise,~> 4.7,gem
puppetlabs/puppet,stars,hocon,~> 1.0,gem
puppetlabs/puppet,stars,syslog,~> 0.1.1,gem
puppetlabs/puppet,stars,yard,>= 0,gem
puppetlabs/puppet,stars,webrick,~> 1.7,gem
puppetlabs/puppet,stars,ronn,~> 0.7.3,gem
puppetlabs/puppet,stars,rake,>= 12.3.3,gem
puppetlabs/puppet,stars,concurrent-ruby,~> 1.0,gem
puppetlabs/puppet,stars,pandoc-ruby,>= 0,gem
puppetlabs/puppet,stars,pry,>= 0,gem
puppetlabs/puppet,stars,rubocop-rake,~> 0.6,gem
puppetlabs/puppet,stars,rspec,~> 2.14.0,gem
puppetlabs/puppet,stars,fast_gettext,">= 2.1,< 4",gem
puppetlabs/puppet,stars,puppet-resource_api,~> 1.5,gem
puppetlabs/puppet,stars,rspec,~> 3.1,gem
puppetlabs/puppet,stars,rspec-its,~> 1.1,gem
puppetlabs/puppet,stars,deep_merge,~> 1.0,gem
puppetlabs/puppet,stars,scanf,~> 1.0,gem
puppetlabs/puppet,stars,CFPropertyList,">= 3.0.6,< 4",gem
puppetlabs/puppet,stars,locale,~> 2.1,gem
puppetlabs/puppet,stars,facter,">= 4.3.0,< 5",gem
puppetlabs/puppet,stars,minitar,~> 0.9,gem
puppetlabs/puppet,stars,rubocop,~> 1.0,gem
puppetlabs/puppet,stars,uuidtools,>= 0,gem
puppetlabs/puppet,stars,mocha,~> 0.10.5,gem
puppetlabs/puppet,stars,getoptlong,~> 0.2.0,gem
puppetlabs/puppet,stars,msgpack,~> 1.2,gem
puppetlabs/puppet,stars,ruby-prof,>= 0.16.0,gem
puppetlabs/puppet,stars,puppet-strings,>= 0,gem
puppetlabs/puppet,stars,memory_profiler,>= 0,gem
puppetlabs/puppet,stars,racc,1.5.2,gem
puppetlabs/puppet,stars,puppetserver-ca,~> 2.0,gem
puppetlabs/puppet,stars,rubocop-i18n,~> 3.0,gem
puppetlabs/puppet,stars,rubocop-rspec,~> 2.0,gem
puppetlabs/puppet,stars,rubocop-performance,~> 1.0,gem
puppetlabs/puppet,stars,vcr,~> 6.1,gem
puppetlabs/puppet,stars,json-schema,~> 2.0,gem
puppetlabs/puppet,stars,rake,~> 10.1,gem
puppetlabs/puppet,stars,multi_json,~> 1.13,gem
puppetlabs/puppet,stars,diff-lcs,~> 1.3,gem
puppetlabs/puppet,stars,gettext-setup,~> 1.0,gem
puppetlabs/puppet,stars,webmock,~> 3.0,gem
puppetlabs/puppet,stars,httparty,>= 0,gem
puppetlabs/puppet,stars,r10k,~> 2.6,gem
puppetlabs/puppet,stars,semantic_puppet,~> 1.0,gem
puma/puma,stars,localhost,>= 0,gem
puma/puma,stars,rack,~> 2.2,gem
puma/puma,stars,rackup,~> 2.3,gem
puma/puma,stars,json,~> 2.18,gem
puma/puma,stars,ostruct,>= 0.6.0,gem
puma/puma,stars,nio4r,2.7.2,gem
puma/puma,stars,minitest-retry,>= 0,gem
puma/puma,stars,rackup,~> 1.0,gem
puma/puma,stars,logger,>= 0,gem
puma/puma,stars,rubocop,>= 0,gem
puma/puma,stars,jruby-openssl,>= 0,gem
puma/puma,stars,rake-compiler,>= 0,gem
puma/puma,stars,nio4r,2.7.1,gem
puma/puma,stars,nio4r,~> 2.0,gem
puma/puma,stars,minitest-stub-const,>= 0,gem
puma/puma,stars,nio4r,~> 2.7,gem
puma/puma,stars,puma,>= 0,gem
puma/puma,stars,puma_worker_killer,>= 0,gem
puma/puma,stars,rubocop-performance,>= 0,gem
puma/puma,stars,m,>= 0,gem
puma/puma,stars,json,2.7.0,gem
puma/puma,stars,json,2.7.1,gem
puma/puma,stars,fiddle,>= 0,gem
puma/puma,stars,rack,~> 3.2,gem
puma/puma,stars,minitest,>= 5.26,gem
puma/puma,stars,minitest-mock,>= 0,gem
puma/puma,stars,minitest-proveit,>= 0,gem
puma/puma,stars,concurrent-ruby,~> 1.3,gem
puma/puma,stars,sinatra,>= 0,gem
github/scientist,stars,rake,>= 0,gem
github/scientist,stars,minitest,~> 5.8,gem
github-changelog-generator/github-changelog-generator,stars,rubocop,>= 1.75,gem
github-changelog-generator/github-changelog-generator,stars,rake,>= 0,gem
github-changelog-generator/github-changelog-generator,stars,rubocop-performance,>= 0,gem
github-changelog-generator/github-changelog-generator,stars,webmock,>= 0,gem
github-changelog-generator/github-changelog-generator,stars,overcommit,>= 0.60,gem
github-changelog-generator/github-changelog-generator,stars,bump,>= 0,gem
github-changelog-generator/github-changelog-generator,stars,faraday-http-cache,>= 0,gem
github-changelog-generator/github-changelog-generator,stars,rainbow,>= 2.2.1,gem
github-changelog-generator/github-changelog-generator,stars,activesupport,>= 0,gem
github-changelog-generator/github-changelog-generator,stars,simplecov,~> 0.10,gem
github-changelog-generator/github-changelog-generator,stars,vcr,~> 6,gem
github-changelog-generator/github-changelog-generator,stars,rspec,< 4,gem
github-changelog-generator/github-changelog-generator,stars,bundler,>= 0,gem
github-changelog-generator/github-changelog-generator,stars,rake,>= 10.0,gem
github-changelog-generator/github-changelog-generator,stars,benchmark,>= 0,gem
github-changelog-generator/github-changelog-generator,stars,octokit,~> 4.6,gem
github-changelog-generator/github-changelog-generator,stars,async,>= 1.25.0,gem
github-changelog-generator/github-changelog-generator,stars,rspec_junit_formatter,>= 0,gem
github-changelog-generator/github-changelog-generator,stars,codeclimate-test-reporter,~> 1.0,gem
github-changelog-generator/github-changelog-generator,stars,json,>= 0,gem
github-changelog-generator/github-changelog-generator,stars,yard-junk,>= 0,gem
github-changelog-generator/github-changelog-generator,stars,async-http-faraday,>= 0,gem
realm/jazzy,stars,cocoapods,~> 1.5,gem
realm/jazzy,stars,mustache,~> 1.1,gem
realm/jazzy,stars,open4,~> 1.3,gem
realm/jazzy,stars,uri,1.1.1,gem
realm/jazzy,stars,diffy,3.4.4,gem
realm/jazzy,stars,mocha,3.1.0,gem
realm/jazzy,stars,bundler,~> 2.1,gem
realm/jazzy,stars,sassc,~> 2.1,gem
realm/jazzy,stars,activesupport,">= 5.0,< 8",gem
realm/jazzy,stars,kramdown-parser-gfm,1.1.0,gem
realm/jazzy,stars,sqlite3,1.7.3,gem
realm/jazzy,stars,cocoapods-core,1.16.2,gem
realm/jazzy,stars,molinillo,0.8.0,gem
realm/jazzy,stars,cocoapods,1.16.2,gem
realm/jazzy,stars,addressable,2.9.0,gem
realm/jazzy,stars,faraday-http-cache,2.7.0,gem
realm/jazzy,stars,xcinvoke,~> 0.3.0,gem
realm/jazzy,stars,concurrent-ruby,1.3.7,gem
realm/jazzy,stars,httpclient,2.9.0,gem
realm/jazzy,stars,rake,13.4.2,gem
realm/jazzy,stars,rake,~> 13.0,gem
realm/jazzy,stars,rouge,">= 2.0.6,< 5.0",gem
realm/jazzy,stars,octokit,10.0.0,gem
realm/jazzy,stars,unicode-emoji,4.2.0,gem
realm/jazzy,stars,drb,2.2.3,gem
realm/jazzy,stars,claide,1.1.0,gem
realm/jazzy,stars,CFPropertyList,3.0.8,gem
realm/jazzy,stars,typhoeus,1.6.0,gem
realm/jazzy,stars,cocoapods-try,1.2.0,gem
realm/jazzy,stars,rubocop-ast,1.49.1,gem
realm/jazzy,stars,xcodeproj,1.27.0,gem
realm/jazzy,stars,netrc,0.11.0,gem
realm/jazzy,stars,cocoapods-downloader,2.1,gem
realm/jazzy,stars,base64,0.3.0,gem
realm/jazzy,stars,logger,>= 0,gem
realm/jazzy,stars,connection_pool,3.0.2,gem
realm/jazzy,stars,parallel,2.1.0,gem
realm/jazzy,stars,terminal-table,4.0.0,gem
realm/jazzy,stars,cocoapods-search,1.0.1,gem
realm/jazzy,stars,mini_portile2,2.8.9,gem
realm/jazzy,stars,rouge,4.7.0,gem
realm/jazzy,stars,ethon,0.18.0,gem
realm/jazzy,stars,fuzzy_match,2.0.4,gem
realm/jazzy,stars,gh_inspector,1.1.3,gem
realm/jazzy,stars,nanaimo,0.4.0,gem
realm/jazzy,stars,kramdown,2.5.2,gem
realm/jazzy,stars,rubocop,1.88.0,gem
realm/jazzy,stars,parser,3.3.11.1,gem
realm/jazzy,stars,ruby-macho,2.5.1,gem
realm/jazzy,stars,ast,2.4.3,gem
realm/jazzy,stars,faraday-net_http,3.4.4,gem
realm/jazzy,stars,json,2.20.0,gem
realm/jazzy,stars,ruby-progressbar,1.13.0,gem
realm/jazzy,stars,redcarpet,~> 3.4,gem
realm/jazzy,stars,rexml,">= 3.2.7,< 4.0",gem
realm/jazzy,stars,open4,1.3.4,gem
realm/jazzy,stars,redcarpet,3.6.1,gem
realm/jazzy,stars,git,4.3.2,gem
realm/jazzy,stars,algoliasearch,1.27.5,gem
realm/jazzy,stars,pstore,0.2.1,gem
realm/jazzy,stars,securerandom,0.4.1,gem
realm/jazzy,stars,process_executer,4.0.4,gem
realm/jazzy,stars,sqlite3,~> 1.3,gem
realm/jazzy,stars,bigdecimal,4.1.2,gem
realm/jazzy,stars,colored2,3.1.2,gem
realm/jazzy,stars,liferaft,0.0.6,gem
realm/jazzy,stars,sassc,2.4.0,gem
realm/jazzy,stars,benchmark,0.5.0,gem
realm/jazzy,stars,rainbow,3.1.1,gem
realm/jazzy,stars,prettybacon,0.0.2,gem
realm/jazzy,stars,activesupport,7.2.3.1,gem
realm/jazzy,stars,crack,1.0.1,gem
realm/jazzy,stars,claide-plugins,0.9.2,gem
realm/jazzy,stars,net-http,0.9.1,gem
realm/jazzy,stars,i18n,1.15.2,gem
realm/jazzy,stars,lint_roller,1.1.0,gem
realm/jazzy,stars,mustache,1.1.2,gem
realm/jazzy,stars,cork,0.3.0,gem
realm/jazzy,stars,xcinvoke,0.3.0,gem
realm/jazzy,stars,mutex_m,0.3.0,gem
realm/jazzy,stars,rchardet,1.10.2,gem
realm/jazzy,stars,language_server-protocol,3.17.0.5,gem
realm/jazzy,stars,webmock,3.26.2,gem
realm/jazzy,stars,cocoapods-plugins,1.0.0,gem
realm/jazzy,stars,atomos,0.1.3,gem
realm/jazzy,stars,ffi,1.17.4,gem
realm/jazzy,stars,cocoapods-deintegrate,1.0.5,gem
realm/jazzy,stars,regexp_parser,2.12.0,gem
realm/jazzy,stars,ruby2_keywords,0.0.5,gem
realm/jazzy,stars,danger,9.6.0,gem
realm/jazzy,stars,sawyer,0.9.3,gem
realm/jazzy,stars,public_suffix,4.0.7,gem
realm/jazzy,stars,prism,1.9.0,gem
realm/jazzy,stars,cocoapods-trunk,1.6.0,gem
realm/jazzy,stars,logger,1.7.0,gem
realm/jazzy,stars,tzinfo,2.0.6,gem
realm/jazzy,stars,rexml,3.4.4,gem
realm/jazzy,stars,bacon,1.2.0,gem
realm/jazzy,stars,escape,0.0.4,gem
realm/jazzy,stars,minitest,5.27.0,gem
realm/jazzy,stars,mocha-on-bacon,0.2.3,gem
realm/jazzy,stars,fourflusher,2.3.1,gem
realm/jazzy,stars,track_open_instances,0.1.15,gem
realm/jazzy,stars,racc,1.8.1,gem
realm/jazzy,stars,nap,1.1.0,gem
realm/jazzy,stars,unicode-display_width,3.2.0,gem
realm/jazzy,stars,faraday,2.14.3,gem
realm/jazzy,stars,hashdiff,1.2.1,gem
flyerhzm/bullet,stars,rspec,>= 0,gem
flyerhzm/bullet,stars,coveralls,>= 0,gem
flyerhzm/bullet,stars,activerecord-jdbcsqlite3-adapter,>= 0,gem
flyerhzm/bullet,stars,sqlite3,>= 0,gem
flyerhzm/bullet,stars,rubinius-developer_tools,>= 0,gem
flyerhzm/bullet,stars,guard-rspec,>= 0,gem
flyerhzm/bullet,stars,activesupport,>= 3.0.0,gem
flyerhzm/bullet,stars,ostruct,>= 0,gem
flyerhzm/bullet,stars,rubysl,~> 2.0,gem
flyerhzm/bullet,stars,activerecord-import,>= 0,gem
flyerhzm/bullet,stars,guard,>= 0,gem
flyerhzm/bullet,stars,uniform_notifier,~> 1.11,gem
flyerhzm/bullet,stars,rails,>= 0,gem
flyerhzm/bullet,stars,logger,>= 0,gem
presidentbeef/brakeman,stars,sqlite3,1.4.2,gem
presidentbeef/brakeman,stars,jbuilder,~> 2.0,gem
presidentbeef/brakeman,stars,activeresource,3.0.3,gem
presidentbeef/brakeman,stars,safe_yaml,>= 0,gem
presidentbeef/brakeman,stars,activeresource,3.2.9.rc2,gem
presidentbeef/brakeman,stars,sprockets-rails,3.0.0,gem
presidentbeef/brakeman,stars,railties,5.2.0.beta2,gem
presidentbeef/brakeman,stars,multi_json,1.0.3,gem
presidentbeef/brakeman,stars,json,1.8.3,gem
presidentbeef/brakeman,stars,coffee-rails,4.1.1,gem
presidentbeef/brakeman,stars,actionmailer,7.0.4,gem
presidentbeef/brakeman,stars,rails,4.0.0,gem
presidentbeef/brakeman,stars,railties,3.0.3,gem
presidentbeef/brakeman,stars,json_pure,1.6.4,gem
presidentbeef/brakeman,stars,thor,0.20.0,gem
presidentbeef/brakeman,stars,activemodel,5.2.0.beta2,gem
presidentbeef/brakeman,stars,websocket-extensions,0.1.2,gem
presidentbeef/brakeman,stars,globalid,0.4.1,gem
presidentbeef/brakeman,stars,sprockets,2.0.0,gem
presidentbeef/brakeman,stars,rake,>= 0,gem
presidentbeef/brakeman,stars,rack-mount,0.6.14,gem
presidentbeef/brakeman,stars,activesupport,3.0.3,gem
presidentbeef/brakeman,stars,rb-inotify,0.9.10,gem
presidentbeef/brakeman,stars,web-console,3.5.1,gem
presidentbeef/brakeman,stars,coffee-rails,3.1.0,gem
presidentbeef/brakeman,stars,thor,1.2.1,gem
presidentbeef/brakeman,stars,selenium-webdriver,>= 0,gem
presidentbeef/brakeman,stars,selenium-webdriver,3.8.0,gem
presidentbeef/brakeman,stars,erubi,1.7.0,gem
presidentbeef/brakeman,stars,railties,3.1.0,gem
presidentbeef/brakeman,stars,rack,1.4.1,gem
presidentbeef/brakeman,stars,eventmachine,1.0.9.1,gem
presidentbeef/brakeman,stars,rails,7.0.4,gem
presidentbeef/brakeman,stars,mime-types,1.16,gem
presidentbeef/brakeman,stars,rack,1.2.3,gem
presidentbeef/brakeman,stars,sqlite3,1.3.3,gem
presidentbeef/brakeman,stars,rack,2.0.3,gem
presidentbeef/brakeman,stars,sass,3.1.7,gem
presidentbeef/brakeman,stars,execjs,1.2.4,gem
presidentbeef/brakeman,stars,rails-deprecated_sanitizer,1.0.3,gem
presidentbeef/brakeman,stars,celluloid-essentials,0.20.5,gem
presidentbeef/brakeman,stars,addressable,2.8.0,gem
presidentbeef/brakeman,stars,puma,5.5.2,gem
presidentbeef/brakeman,stars,rails,5.2.0.beta2,gem
presidentbeef/brakeman,stars,rails,3.1.0,gem
presidentbeef/brakeman,stars,rdoc,3.12,gem
presidentbeef/brakeman,stars,i18n,0.6.1,gem
presidentbeef/brakeman,stars,multi_json,1.11.2,gem
presidentbeef/brakeman,stars,turbolinks,2.5.3,gem
presidentbeef/brakeman,stars,arel,7.0.0,gem
presidentbeef/brakeman,stars,mini_portile2,2.0.0,gem
presidentbeef/brakeman,stars,jbuilder,2.11.3,gem
presidentbeef/brakeman,stars,actionview,7.0.4,gem
presidentbeef/brakeman,stars,builder,3.2.4,gem
presidentbeef/brakeman,stars,pg,>= 0,gem
presidentbeef/brakeman,stars,rails-dom-testing,2.0.3,gem
presidentbeef/brakeman,stars,activesupport,5.0.0,gem
presidentbeef/brakeman,stars,coffee-script-source,1.10.0,gem
presidentbeef/brakeman,stars,nokogiri,1.13.8,gem
presidentbeef/brakeman,stars,actionmailer,3.0.3,gem
presidentbeef/brakeman,stars,bindex,0.5.0,gem
presidentbeef/brakeman,stars,tilt,1.3.3,gem
presidentbeef/brakeman,stars,jquery-rails,1.0.13,gem
presidentbeef/brakeman,stars,web-console,3.0.0,gem
presidentbeef/brakeman,stars,actionmailer,5.0.0,gem
presidentbeef/brakeman,stars,mini_mime,1.1.2,gem
presidentbeef/brakeman,stars,tzinfo,2.0.5,gem
presidentbeef/brakeman,stars,jquery-rails,>= 0,gem
presidentbeef/brakeman,stars,web-console,>= 3.3.0,gem
presidentbeef/brakeman,stars,turbolinks,~> 5,gem
presidentbeef/brakeman,stars,nio4r,2.1.0,gem
presidentbeef/brakeman,stars,turbolinks,>= 0,gem
presidentbeef/brakeman,stars,multi_json,1.12.2,gem
presidentbeef/brakeman,stars,rails,3.2.9.rc2,gem
presidentbeef/brakeman,stars,tzinfo,0.3.33,gem
presidentbeef/brakeman,stars,web-console,4.2.0,gem
presidentbeef/brakeman,stars,jbuilder,~> 2.5,gem
presidentbeef/brakeman,stars,propshaft,>= 0,gem
presidentbeef/brakeman,stars,activemodel,3.2.9.rc2,gem
presidentbeef/brakeman,stars,capybara,3.36.0,gem
presidentbeef/brakeman,stars,actionpack,3.0.3,gem
presidentbeef/brakeman,stars,sass-listen,4.0.0,gem
presidentbeef/brakeman,stars,activesupport,5.2.0.beta2,gem
presidentbeef/brakeman,stars,ruby_dep,1.5.0,gem
presidentbeef/brakeman,stars,xpath,3.2.0,gem
presidentbeef/brakeman,stars,net-protocol,0.1.3,gem
presidentbeef/brakeman,stars,msgpack,1.4.2,gem
presidentbeef/brakeman,stars,abstract,1.0.0,gem
presidentbeef/brakeman,stars,capybara,2.16.1,gem
presidentbeef/brakeman,stars,activejob,5.2.0.beta2,gem
presidentbeef/brakeman,stars,thread_safe,0.3.6,gem
presidentbeef/brakeman,stars,rack,1.3.2,gem
presidentbeef/brakeman,stars,redis,3.2.2,gem
presidentbeef/brakeman,stars,turbo-rails,0.9.0,gem
presidentbeef/brakeman,stars,arel,2.0.10,gem
presidentbeef/brakeman,stars,web-console,>= 0,gem
presidentbeef/brakeman,stars,rails-html-sanitizer,1.0.3,gem
presidentbeef/brakeman,stars,activerecord,3.2.9.rc2,gem
presidentbeef/brakeman,stars,erubis,2.6.6,gem
presidentbeef/brakeman,stars,coffee-script-source,1.12.2,gem
presidentbeef/brakeman,stars,therubyracer,0.9.4,gem
presidentbeef/brakeman,stars,polyglot,0.3.3,gem
presidentbeef/brakeman,stars,thread_safe,0.3.5,gem
presidentbeef/brakeman,stars,mime-types,2.99,gem
presidentbeef/brakeman,stars,rack-test,2.0.2,gem
presidentbeef/brakeman,stars,listen,3.1.5,gem
presidentbeef/brakeman,stars,io-like,0.3.0,gem
presidentbeef/brakeman,stars,sprockets,2.1.3,gem
presidentbeef/brakeman,stars,minitest,>= 6.0,gem
presidentbeef/brakeman,stars,execjs,2.6.0,gem
presidentbeef/brakeman,stars,websocket-driver,0.6.3,gem
presidentbeef/brakeman,stars,marcel,1.0.2,gem
presidentbeef/brakeman,stars,zeitwerk,2.6.0,gem
presidentbeef/brakeman,stars,sprockets-rails,3.4.1,gem
presidentbeef/brakeman,stars,rails,4.1.8,gem
presidentbeef/brakeman,stars,turbolinks,5.0.1,gem
presidentbeef/brakeman,stars,sqlite3,>= 1.4,gem
presidentbeef/brakeman,stars,rails,>= 4.1.8,gem
presidentbeef/brakeman,stars,spring-watcher-listen,~> 2.0.0,gem
presidentbeef/brakeman,stars,uglifier,4.0.1,gem
presidentbeef/brakeman,stars,libv8,3.3.10.2,gem
presidentbeef/brakeman,stars,multi_json,1.3.6,gem
presidentbeef/brakeman,stars,importmap-rails,0.9.3,gem
presidentbeef/brakeman,stars,i18n,0.6.0,gem
presidentbeef/brakeman,stars,sass-rails,~> 5.0,gem
presidentbeef/brakeman,stars,byebug,>= 0,gem
presidentbeef/brakeman,stars,jquery-rails,4.1.0,gem
presidentbeef/brakeman,stars,jbuilder,2.4.0,gem
presidentbeef/brakeman,stars,rails-dom-testing,1.0.7,gem
presidentbeef/brakeman,stars,hitimes,1.2.3,gem
presidentbeef/brakeman,stars,method_source,0.8.2,gem
presidentbeef/brakeman,stars,net-pop,0.1.1,gem
presidentbeef/brakeman,stars,mail,2.7.1,gem
presidentbeef/brakeman,stars,celluloid-fsm,0.20.5,gem
presidentbeef/brakeman,stars,i18n,0.7.0,gem
presidentbeef/brakeman,stars,rails-html-sanitizer,1.0.2,gem
presidentbeef/brakeman,stars,uglifier,>= 1.3.0,gem
presidentbeef/brakeman,stars,celluloid-pool,0.20.5,gem
presidentbeef/brakeman,stars,faye-websocket,0.10.2,gem
presidentbeef/brakeman,stars,reline,0.2.7,gem
presidentbeef/brakeman,stars,mail,2.2.19,gem
presidentbeef/brakeman,stars,rubyzip,1.2.1,gem
presidentbeef/brakeman,stars,actionmailer,5.2.0.beta2,gem
presidentbeef/brakeman,stars,mysql,2.9.1,gem
presidentbeef/brakeman,stars,actionpack,3.1.0,gem
presidentbeef/brakeman,stars,matrix,0.4.2,gem
presidentbeef/brakeman,stars,haml,>= 0,gem
presidentbeef/brakeman,stars,websocket-extensions,0.1.3,gem
presidentbeef/brakeman,stars,execjs,1.4.0,gem
presidentbeef/brakeman,stars,jquery-rails,2.1.2,gem
presidentbeef/brakeman,stars,concurrent-ruby,1.0.0,gem
presidentbeef/brakeman,stars,activerecord,5.0.0,gem
presidentbeef/brakeman,stars,rails-html-sanitizer,1.4.2,gem
presidentbeef/brakeman,stars,sass-rails,~> 4.0.3,gem
presidentbeef/brakeman,stars,spring,>= 0,gem
presidentbeef/brakeman,stars,tzinfo-data,>= 0,gem
presidentbeef/brakeman,stars,addressable,2.5.2,gem
presidentbeef/brakeman,stars,em-hiredis,0.3.0,gem
presidentbeef/brakeman,stars,childprocess,4.1.0,gem
presidentbeef/brakeman,stars,debug,1.3.4,gem
presidentbeef/brakeman,stars,actioncable,5.2.0.beta2,gem
presidentbeef/brakeman,stars,builder,3.2.3,gem
presidentbeef/brakeman,stars,sass,3.5.3,gem
presidentbeef/brakeman,stars,rack-mount,0.8.3,gem
presidentbeef/brakeman,stars,actionpack,3.2.9.rc2,gem
presidentbeef/brakeman,stars,stimulus-rails,0.7.3,gem
presidentbeef/brakeman,stars,chromedriver-helper,1.1.0,gem
presidentbeef/brakeman,stars,sqlite3,1.3.6,gem
presidentbeef/brakeman,stars,actionpack,5.0.0,gem
presidentbeef/brakeman,stars,minitest,5.8.3,gem
presidentbeef/brakeman,stars,celluloid-supervision,0.20.5,gem
presidentbeef/brakeman,stars,bootsnap,>= 1.4.1,gem
presidentbeef/brakeman,stars,nokogiri,1.8.1,gem
presidentbeef/brakeman,stars,activemodel,3.1.0,gem
presidentbeef/brakeman,stars,sass-rails,3.2.5,gem
presidentbeef/brakeman,stars,activemodel,5.0.0,gem
presidentbeef/brakeman,stars,tzinfo,1.2.2,gem
presidentbeef/brakeman,stars,sass-rails,5.0.7,gem
presidentbeef/brakeman,stars,mini_mime,1.0.0,gem
presidentbeef/brakeman,stars,rdoc,3.9.4,gem
presidentbeef/brakeman,stars,rack-ssl,1.3.2,gem
presidentbeef/brakeman,stars,actionmailer,3.2.9.rc2,gem
presidentbeef/brakeman,stars,byebug,9.1.0,gem
presidentbeef/brakeman,stars,actionview,5.2.0.beta2,gem
presidentbeef/brakeman,stars,rack-test,0.6.1,gem
presidentbeef/brakeman,stars,rack-cache,1.2,gem
presidentbeef/brakeman,stars,puma,2.15.3,gem
presidentbeef/brakeman,stars,activejob,7.0.4,gem
presidentbeef/brakeman,stars,public_suffix,4.0.6,gem
presidentbeef/brakeman,stars,uglifier,>= 1.0.3,gem
presidentbeef/brakeman,stars,concurrent-ruby,1.0.5,gem
presidentbeef/brakeman,stars,coffee-script,2.4.1,gem
presidentbeef/brakeman,stars,railties,7.0.4,gem
presidentbeef/brakeman,stars,actiontext,7.0.4,gem
presidentbeef/brakeman,stars,activemodel,3.0.3,gem
presidentbeef/brakeman,stars,actionpack,5.2.0.beta2,gem
presidentbeef/brakeman,stars,activesupport,3.1.0,gem
presidentbeef/brakeman,stars,activerecord,3.1.0,gem
presidentbeef/brakeman,stars,mail,2.4.4,gem
presidentbeef/brakeman,stars,selenium-webdriver,4.1.0,gem
presidentbeef/brakeman,stars,coffee-rails,~> 4.0.0,gem
presidentbeef/brakeman,stars,rails,~> 8.0.0.alpha,gem
presidentbeef/brakeman,stars,nio4r,2.5.8,gem
presidentbeef/brakeman,stars,io-console,0.5.9,gem
presidentbeef/brakeman,stars,globalid,1.0.0,gem
presidentbeef/brakeman,stars,ffi,1.9.18,gem
presidentbeef/brakeman,stars,activesupport,3.2.9.rc2,gem
presidentbeef/brakeman,stars,jbuilder,>= 0,gem
presidentbeef/brakeman,stars,coffee-script,2.2.0,gem
presidentbeef/brakeman,stars,mail,2.3.0,gem
presidentbeef/brakeman,stars,builder,3.0.0,gem
presidentbeef/brakeman,stars,sass,3.2.1,gem
presidentbeef/brakeman,stars,mini_portile2,2.8.0,gem
presidentbeef/brakeman,stars,sdoc,~> 0.4.0,gem
presidentbeef/brakeman,stars,treetop,1.4.10,gem
presidentbeef/brakeman,stars,uglifier,2.7.2,gem
presidentbeef/brakeman,stars,byebug,8.2.1,gem
presidentbeef/brakeman,stars,thor,0.19.1,gem
presidentbeef/brakeman,stars,hiredis,0.5.2,gem
presidentbeef/brakeman,stars,activestorage,7.0.4,gem
presidentbeef/brakeman,stars,sass-rails,~> 4.0.0,gem
presidentbeef/brakeman,stars,thor,0.14.6,gem
presidentbeef/brakeman,stars,arel,9.0.0,gem
presidentbeef/brakeman,stars,globalid,0.3.6,gem
presidentbeef/brakeman,stars,websocket-driver,0.7.5,gem
presidentbeef/brakeman,stars,websocket-extensions,0.1.5,gem
presidentbeef/brakeman,stars,rack-test,0.8.2,gem
presidentbeef/brakeman,stars,childprocess,0.8.0,gem
presidentbeef/brakeman,stars,redis,>= 4.0.1,gem
presidentbeef/brakeman,stars,activerecord,~> 5.2.4.3,gem
presidentbeef/brakeman,stars,turbo-rails,>= 0,gem
presidentbeef/brakeman,stars,minitest,5.10.3,gem
presidentbeef/brakeman,stars,bcrypt-ruby,3.0.0,gem
presidentbeef/brakeman,stars,thor,0.16.0,gem
presidentbeef/brakeman,stars,coffee-script-source,1.3.3,gem
presidentbeef/brakeman,stars,timeout,0.3.0,gem
presidentbeef/brakeman,stars,msgpack,1.2.0,gem
presidentbeef/brakeman,stars,uglifier,1.0.3,gem
presidentbeef/brakeman,stars,rake,0.9.2.2,gem
presidentbeef/brakeman,stars,activemodel,7.0.4,gem
presidentbeef/brakeman,stars,rb-fsevent,0.10.2,gem
presidentbeef/brakeman,stars,bindex,0.8.1,gem
presidentbeef/brakeman,stars,net-smtp,0.3.1,gem
presidentbeef/brakeman,stars,minitest,5.16.3,gem
presidentbeef/brakeman,stars,webdrivers,5.0.0,gem
presidentbeef/brakeman,stars,puma,3.11.0,gem
presidentbeef/brakeman,stars,archive-zip,0.7.0,gem
presidentbeef/brakeman,stars,debug_inspector,0.0.2,gem
presidentbeef/brakeman,stars,sprockets,3.5.2,gem
presidentbeef/brakeman,stars,celluloid,0.17.2,gem
presidentbeef/brakeman,stars,regexp_parser,2.2.0,gem
presidentbeef/brakeman,stars,actioncable,7.0.4,gem
presidentbeef/brakeman,stars,activesupport,7.0.4,gem
presidentbeef/brakeman,stars,json,1.1.0,gem
presidentbeef/brakeman,stars,rake,0.9.2,gem
presidentbeef/brakeman,stars,builder,3.2.2,gem
presidentbeef/brakeman,stars,actionmailbox,7.0.4,gem
presidentbeef/brakeman,stars,rake,13.0.6,gem
presidentbeef/brakeman,stars,sprockets,4.0.2,gem
presidentbeef/brakeman,stars,tzinfo,0.3.29,gem
presidentbeef/brakeman,stars,sqlite3,"~> 1.3,>= 1.3.6",gem
presidentbeef/brakeman,stars,capybara,>= 2.15,gem
presidentbeef/brakeman,stars,sprockets-rails,3.2.1,gem
presidentbeef/brakeman,stars,sqlite3,1.3.11,gem
presidentbeef/brakeman,stars,rubyzip,2.3.2,gem
presidentbeef/brakeman,stars,activerecord,7.0.4,gem
presidentbeef/brakeman,stars,rexml,3.2.5,gem
presidentbeef/brakeman,stars,rails,~> 6.0.0.beta2,gem
presidentbeef/brakeman,stars,bootsnap,1.1.5,gem
presidentbeef/brakeman,stars,sprockets,3.7.1,gem
presidentbeef/brakeman,stars,crass,1.0.3,gem
presidentbeef/brakeman,stars,spring-watcher-listen,2.0.1,gem
presidentbeef/brakeman,stars,nokogiri,1.6.7.1,gem
presidentbeef/brakeman,stars,loofah,2.0.3,gem
presidentbeef/brakeman,stars,mail,2.7.0,gem
presidentbeef/brakeman,stars,jbuilder,2.7.0,gem
presidentbeef/brakeman,stars,xpath,2.1.0,gem
presidentbeef/brakeman,stars,json,1.5.4,gem
presidentbeef/brakeman,stars,rails,5.0.0,gem
presidentbeef/brakeman,stars,rack-test,0.6.3,gem
presidentbeef/brakeman,stars,actionpack,7.0.4,gem
presidentbeef/brakeman,stars,execjs,2.7.0,gem
presidentbeef/brakeman,stars,websocket-driver,0.6.5,gem
presidentbeef/brakeman,stars,rack-cache,1.0.3,gem
presidentbeef/brakeman,stars,arel,3.0.2,gem
presidentbeef/brakeman,stars,polyglot,0.3.2,gem
presidentbeef/brakeman,stars,puma,>= 5.0,gem
presidentbeef/brakeman,stars,sqlite3,1.3.13,gem
presidentbeef/brakeman,stars,mini_portile2,2.3.0,gem
presidentbeef/brakeman,stars,mime-types,1.19,gem
presidentbeef/brakeman,stars,bootsnap,>= 0,gem
presidentbeef/brakeman,stars,ransack,3.0.1,gem
presidentbeef/brakeman,stars,concurrent-ruby,1.1.10,gem
presidentbeef/brakeman,stars,rack,2.2.4,gem
presidentbeef/brakeman,stars,crass,1.0.6,gem
presidentbeef/brakeman,stars,coffee-script-source,1.1.2,gem
presidentbeef/brakeman,stars,activeresource,3.1.0,gem
presidentbeef/brakeman,stars,puma,~> 3.11,gem
presidentbeef/brakeman,stars,spring,1.6.2,gem
presidentbeef/brakeman,stars,rails,3.0.3,gem
presidentbeef/brakeman,stars,rack-test,0.5.7,gem
presidentbeef/brakeman,stars,loofah,2.1.1,gem
presidentbeef/brakeman,stars,activestorage,5.2.0.beta2,gem
presidentbeef/brakeman,stars,activerecord,5.2.0.beta2,gem
presidentbeef/brakeman,stars,arel,2.2.1,gem
presidentbeef/brakeman,stars,strscan,3.0.4,gem
presidentbeef/brakeman,stars,rails,2.3.14,gem
presidentbeef/brakeman,stars,turbolinks-source,5.0.3,gem
presidentbeef/brakeman,stars,mail,2.6.3,gem
presidentbeef/brakeman,stars,racc,1.6.0,gem
presidentbeef/brakeman,stars,journey,1.0.4,gem
presidentbeef/brakeman,stars,coffee-rails,3.2.2,gem
presidentbeef/brakeman,stars,actioncable,5.0.0,gem
presidentbeef/brakeman,stars,i18n,1.12.0,gem
presidentbeef/brakeman,stars,digest,3.1.0,gem
presidentbeef/brakeman,stars,chromedriver-helper,>= 0,gem
presidentbeef/brakeman,stars,public_suffix,3.0.1,gem
presidentbeef/brakeman,stars,racc,>= 0,gem
presidentbeef/brakeman,stars,hike,1.2.1,gem
presidentbeef/brakeman,stars,irb,1.3.7,gem
presidentbeef/brakeman,stars,listen,">= 3.0.5,< 3.2",gem
presidentbeef/brakeman,stars,method_source,0.9.0,gem
presidentbeef/brakeman,stars,actionview,5.0.0,gem
presidentbeef/brakeman,stars,bootsnap,1.9.3,gem
presidentbeef/brakeman,stars,method_source,1.0.0,gem
presidentbeef/brakeman,stars,erubis,2.7.0,gem
presidentbeef/brakeman,stars,net-imap,0.2.3,gem
presidentbeef/brakeman,stars,builder,2.1.2,gem
presidentbeef/brakeman,stars,spring,2.0.2,gem
presidentbeef/brakeman,stars,json,1.7.5,gem
presidentbeef/brakeman,stars,rake,10.5.0,gem
presidentbeef/brakeman,stars,timers,4.1.1,gem
presidentbeef/brakeman,stars,sqlite3,>= 0,gem
presidentbeef/brakeman,stars,activerecord,3.0.3,gem
presidentbeef/brakeman,stars,stimulus-rails,>= 0,gem
presidentbeef/brakeman,stars,tilt,2.0.8,gem
presidentbeef/brakeman,stars,tzinfo,1.2.4,gem
presidentbeef/brakeman,stars,i18n,0.9.1,gem
presidentbeef/brakeman,stars,jbuilder,~> 1.0.1,gem
presidentbeef/brakeman,stars,importmap-rails,>= 0,gem
presidentbeef/brakeman,stars,rake,12.3.0,gem
presidentbeef/brakeman,stars,sass-rails,3.1.0,gem
presidentbeef/brakeman,stars,actionmailer,3.1.0,gem
presidentbeef/brakeman,stars,builder,3.0.3,gem
presidentbeef/brakeman,stars,railties,3.2.9.rc2,gem
presidentbeef/brakeman,stars,uglifier,1.3.0,gem
presidentbeef/brakeman,stars,railties,5.0.0,gem
presidentbeef/brakeman,stars,celluloid-extras,0.20.5,gem
presidentbeef/brakeman,stars,rack,2.0.0.alpha,gem
presidentbeef/brakeman,stars,activejob,5.0.0,gem
presidentbeef/brakeman,stars,erubi,1.11.0,gem
presidentbeef/brakeman,stars,loofah,2.19.0,gem
presidentbeef/brakeman,stars,webpacker,>= 4.0.0.rc.3,gem
presidentbeef/brakeman,stars,coffee-rails,4.2.2,gem
middleman/middleman,stars,tilt,2.7.0,gem
middleman/middleman,stars,toml,0.3.0,gem
middleman/middleman,stars,loofah,2.24.1,gem
middleman/middleman,stars,hashie,5.1.0,gem
middleman/middleman,stars,stringio,3.2.0,gem
middleman/middleman,stars,rubydns,1.0.3,gem
middleman/middleman,stars,yard,0.9.38,gem
middleman/middleman,stars,slim,5.2.1,gem
middleman/middleman,stars,haml,6.4.0,gem
middleman/middleman,stars,thor,">= 0.17.0,< 2",gem
middleman/middleman,stars,rackup,>= 0,gem
middleman/middleman,stars,rake,13.3.1,gem
middleman/middleman,stars,cucumber-ci-environment,11.0.0,gem
middleman/middleman,stars,dotenv,3.2.0,gem
middleman/middleman,stars,haml,>= 4.0.5,gem
middleman/middleman,stars,uglifier,4.2.1,gem
middleman/middleman,stars,padrino-helpers,0.16.0,gem
middleman/middleman,stars,coderay,1.1.3,gem
middleman/middleman,stars,cucumber-core,15.4.0,gem
middleman/middleman,stars,rb-fsevent,0.11.2,gem
middleman/middleman,stars,prism,1.9.0,gem
middleman/middleman,stars,rspec-core,3.13.6,gem
middleman/middleman,stars,matrix,0.4.3,gem
middleman/middleman,stars,simplecov-html,0.13.2,gem
middleman/middleman,stars,activesupport,>= 6.1,gem
middleman/middleman,stars,rack-test,2.2.0,gem
middleman/middleman,stars,multi_test,1.1.0,gem
middleman/middleman,stars,rails-html-sanitizer,1.6.2,gem
middleman/middleman,stars,json,2.19.2,gem
middleman/middleman,stars,cucumber,10.2.0,gem
middleman/middleman,stars,capybara,3.40.0,gem
middleman/middleman,stars,cucumber-tag-expressions,8.1.0,gem
middleman/middleman,stars,rack,3.2.5,gem
middleman/middleman,stars,activesupport,8.1.2.1,gem
middleman/middleman,stars,public_suffix,7.0.2,gem
middleman/middleman,stars,webrick,>= 0,gem
middleman/middleman,stars,hamster,~> 3.0,gem
middleman/middleman,stars,memoist3,1.0.0,gem
middleman/middleman,stars,rb-inotify,0.11.1,gem
middleman/middleman,stars,regexp_parser,2.11.0,gem
middleman/middleman,stars,rspec-expectations,3.13.5,gem
middleman/middleman,stars,fastimage,~> 2.0,gem
middleman/middleman,stars,rdoc,>= 0,gem
middleman/middleman,stars,kramdown,2.5.2,gem
middleman/middleman,stars,fast_blank,1.0.1,gem
middleman/middleman,stars,interception,0.5,gem
middleman/middleman,stars,memoist,0.16.2,gem
middleman/middleman,stars,irb,>= 0,gem
middleman/middleman,stars,parallel,>= 0,gem
middleman/middleman,stars,dotenv,>= 0,gem
middleman/middleman,stars,nokogiri,1.19.1,gem
middleman/middleman,stars,hamster,3.0.0,gem
middleman/middleman,stars,strscan,3.1.7,gem
middleman/middleman,stars,simplecov_json_formatter,0.1.4,gem
middleman/middleman,stars,docile,1.4.1,gem
middleman/middleman,stars,rack,>= 3,gem
middleman/middleman,stars,execjs,~> 2.0,gem
middleman/middleman,stars,cucumber-messages,29.0.1,gem
middleman/middleman,stars,listen,~> 3.0,gem
middleman/middleman,stars,yard,>= 0,gem
middleman/middleman,stars,cucumber-html-formatter,22.2.0,gem
middleman/middleman,stars,io-console,0.8.2,gem
middleman/middleman,stars,erubi,>= 0,gem
middleman/middleman,stars,toml,>= 0,gem
middleman/middleman,stars,execjs,2.10.0,gem
middleman/middleman,stars,simplecov,0.22.0,gem
middleman/middleman,stars,pp,0.6.3,gem
middleman/middleman,stars,contracts,>= 0,gem
middleman/middleman,stars,parallel,1.27.0,gem
middleman/middleman,stars,servolux,0.13.0,gem
middleman/middleman,stars,builder,3.3.0,gem
middleman/middleman,stars,ruby2_keywords,0.0.5,gem
middleman/middleman,stars,aruba,2.3.3,gem
middleman/middleman,stars,sassc,~> 2.0,gem
middleman/middleman,stars,tsort,0.2.0,gem
middleman/middleman,stars,irb,1.17.0,gem
middleman/middleman,stars,rackup,2.3.1,gem
middleman/middleman,stars,thor,1.5.0,gem
middleman/middleman,stars,listen,3.10.0,gem
middleman/middleman,stars,celluloid-io,0.16.2,gem
middleman/middleman,stars,fastimage,2.4.1,gem
middleman/middleman,stars,tzinfo,2.0.6,gem
middleman/middleman,stars,rake,>= 0,gem
middleman/middleman,stars,diff-lcs,1.6.2,gem
middleman/middleman,stars,sassc,2.4.0,gem
middleman/middleman,stars,byebug,13.0.0,gem
middleman/middleman,stars,bundler,> 2.0,gem
middleman/middleman,stars,i18n,">= 1.6,< 1.15",gem
middleman/middleman,stars,liquid,5.12.0,gem
middleman/middleman,stars,i18n,1.14.8,gem
middleman/middleman,stars,uri,1.1.1,gem
middleman/middleman,stars,concurrent-ruby,1.3.6,gem
middleman/middleman,stars,uglifier,">= 3,< 5",gem
middleman/middleman,stars,cucumber-cucumber-expressions,18.0.1,gem
middleman/middleman,stars,crass,1.0.6,gem
middleman/middleman,stars,mustermann,3.0.4,gem
middleman/middleman,stars,rspec-support,3.13.6,gem
middleman/middleman,stars,rspec,3.13.2,gem
middleman/middleman,stars,logger,1.7.0,gem
middleman/middleman,stars,coffee-script,~> 2.2,gem
middleman/middleman,stars,rdoc,7.2.0,gem
middleman/middleman,stars,xpath,3.2.0,gem
middleman/middleman,stars,psych,5.3.1,gem
middleman/middleman,stars,padrino-helpers,">= 0.15,< 0.17",gem
middleman/middleman,stars,rexml,3.4.4,gem
middleman/middleman,stars,timers,4.0.4,gem
middleman/middleman,stars,minitest,6.0.2,gem
middleman/middleman,stars,cucumber-gherkin,36.1.0,gem
middleman/middleman,stars,mini_mime,1.1.5,gem
middleman/middleman,stars,contracts,0.17.3,gem
middleman/middleman,stars,padrino-support,0.16.0,gem
middleman/middleman,stars,actionview,8.1.2.1,gem
middleman/middleman,stars,pry,0.16.0,gem
middleman/middleman,stars,erubi,1.13.1,gem
middleman/middleman,stars,servolux,>= 0,gem
middleman/middleman,stars,celluloid,0.16.0,gem
middleman/middleman,stars,fast_blank,>= 0,gem
middleman/middleman,stars,aruba,>= 0,gem
middleman/middleman,stars,sinatra,4.2.1,gem
middleman/middleman,stars,hashie,">= 3.4,< 6.0",gem
middleman/middleman,stars,redcarpet,3.6.1,gem
middleman/middleman,stars,temple,0.10.4,gem
middleman/middleman,stars,rack-session,2.1.1,gem
middleman/middleman,stars,ffi,1.17.3,gem
middleman/middleman,stars,addressable,~> 2.4,gem
middleman/middleman,stars,coffee-script-source,1.12.2,gem
middleman/middleman,stars,rspec-mocks,3.13.6,gem
middleman/middleman,stars,racc,1.8.1,gem
middleman/middleman,stars,kramdown,~> 2.4,gem
middleman/middleman,stars,erb,6.0.1,gem
middleman/middleman,stars,cucumber,>= 0,gem
middleman/middleman,stars,rack-protection,4.2.1,gem
middleman/middleman,stars,coffee-script,2.4.1,gem
middleman/middleman,stars,drb,2.2.3,gem
middleman/middleman,stars,memoist,~> 0.14,gem
middleman/middleman,stars,rspec,>= 0,gem
middleman/middleman,stars,method_source,1.1.0,gem
middleman/middleman,stars,prettyprint,0.2.0,gem
middleman/middleman,stars,bigdecimal,4.0.1,gem
middleman/middleman,stars,hitimes,3.1.0,gem
middleman/middleman,stars,reline,0.6.3,gem
middleman/middleman,stars,base64,0.3.0,gem
middleman/middleman,stars,sys-uname,1.4.1,gem
middleman/middleman,stars,addressable,2.8.9,gem
middleman/middleman,stars,date,3.5.1,gem
middleman/middleman,stars,tilt,~> 2.2,gem
middleman/middleman,stars,securerandom,0.4.1,gem
middleman/middleman,stars,pry-rescue,1.6.0,gem
middleman/middleman,stars,webrick,1.9.2,gem
middleman/middleman,stars,rails-dom-testing,2.3.0,gem
middleman/middleman,stars,parslet,2.0.0,gem
middleman/middleman,stars,connection_pool,3.0.2,gem
middleman/middleman,stars,nio4r,2.7.4,gem
paper-trail-gem/paper_trail,stars,ffaker,~> 2.20,gem
paper-trail-gem/paper_trail,stars,rubocop-packaging,~> 0.6.0,gem
paper-trail-gem/paper_trail,stars,appraisal,~> 2.5,gem
paper-trail-gem/paper_trail,stars,sqlite3,>= 1.4,gem
paper-trail-gem/paper_trail,stars,rubocop-rspec,~> 3.5.0,gem
paper-trail-gem/paper_trail,stars,mutex_m,~> 0.3.0,gem
paper-trail-gem/paper_trail,stars,rubocop,~> 1.75,gem
paper-trail-gem/paper_trail,stars,rubocop-performance,~> 1.24.0,gem
paper-trail-gem/paper_trail,stars,logger,~> 1.6,gem
paper-trail-gem/paper_trail,stars,rails-controller-testing,~> 1.0.5,gem
paper-trail-gem/paper_trail,stars,bigdecimal,~> 3.1,gem
paper-trail-gem/paper_trail,stars,rspec-rails,~> 7.1.1,gem
paper-trail-gem/paper_trail,stars,memory_profiler,~> 1.0.0,gem
paper-trail-gem/paper_trail,stars,rubocop-rails,~> 2.30.3,gem
paper-trail-gem/paper_trail,stars,mysql2,~> 0.5.3,gem
paper-trail-gem/paper_trail,stars,pg,~> 1.2,gem
paper-trail-gem/paper_trail,stars,benchmark,~> 0.4.0,gem
paper-trail-gem/paper_trail,stars,rake,~> 13.0,gem
paper-trail-gem/paper_trail,stars,simplecov,~> 0.21.2,gem
paper-trail-gem/paper_trail,stars,generator_spec,~> 0.9.4,gem
paper-trail-gem/paper_trail,stars,rubocop-rake,~> 0.7.1,gem
paper-trail-gem/paper_trail,stars,request_store,~> 1.4,gem
paper-trail-gem/paper_trail,stars,drb,~> 2.2,gem
paper-trail-gem/paper_trail,stars,byebug,~> 11.1,gem
chyingp/nodejs-learning-guide,stars,github-pages,>= 0,gem
BetterErrors/better_errors,stars,rspec-its,>= 0,gem
BetterErrors/better_errors,stars,simplecov,>= 0,gem
BetterErrors/better_errors,stars,simplecov-lcov,>= 0,gem
BetterErrors/better_errors,stars,erubi,>= 1.0.0,gem
BetterErrors/better_errors,stars,rspec,~> 3.5,gem
BetterErrors/better_errors,stars,rake,~> 10.0,gem
BetterErrors/better_errors,stars,sassc,>= 0,gem
BetterErrors/better_errors,stars,yard,>= 0,gem
BetterErrors/better_errors,stars,gem-release,>= 0,gem
BetterErrors/better_errors,stars,rack,>= 0.9.0,gem
BetterErrors/better_errors,stars,rspec-html-matchers,>= 0,gem
BetterErrors/better_errors,stars,rouge,>= 1.0.0,gem
pry/pry,stars,reline,>= 0.6.0,gem
pry/pry,stars,rspec,>= 0,gem
pry/pry,stars,prism,>= 0.25.0,gem
pry/pry,stars,rubocop,1.85.0,gem
pry/pry,stars,yard,>= 0,gem
pry/pry,stars,rake,>= 0,gem
pry/pry,stars,reline,>= 0,gem
pry/pry,stars,coderay,~> 1.1,gem
pry/pry,stars,irb,>= 0,gem
pry/pry,stars,rubocop,>= 0,gem
pry/pry,stars,method_source,~> 1.0,gem
urbanadventurer/WhatWeb,stars,addressable,>= 0,gem
urbanadventurer/WhatWeb,stars,rake,>= 0,gem
urbanadventurer/WhatWeb,stars,rubocop,~> 1.0,gem
urbanadventurer/WhatWeb,stars,simplecov,>= 0,gem
urbanadventurer/WhatWeb,stars,bundler-audit,>= 0,gem
urbanadventurer/WhatWeb,stars,json,>= 0,gem
urbanadventurer/WhatWeb,stars,rb-readline,>= 0,gem
urbanadventurer/WhatWeb,stars,pry,>= 0,gem
urbanadventurer/WhatWeb,stars,mongo,>= 0,gem
urbanadventurer/WhatWeb,stars,rdoc,>= 0,gem
urbanadventurer/WhatWeb,stars,rchardet,>= 0,gem
urbanadventurer/WhatWeb,stars,ipaddr,>= 0,gem
urbanadventurer/WhatWeb,stars,minitest,">= 5.14.2,< 6.0",gem
instructure/canvas-lms,stars,racc,1.8.1,gem
instructure/canvas-lms,stars,datadog-ruby_core_source,3.5.2,gem
instructure/canvas-lms,stars,websocket,1.2.11,gem
instructure/canvas-lms,stars,colorize,1.1.0,gem
instructure/canvas-lms,stars,unicode-emoji,4.2.0,gem
instructure/canvas-lms,stars,rspec-rails,8.0.4,gem
instructure/canvas-lms,stars,google-cloud-env,2.3.1,gem
instructure/canvas-lms,stars,parser,3.3.11.1,gem
instructure/canvas-lms,stars,active_record_query_trace,1.9,gem
instructure/canvas-lms,stars,activestorage,8.0.5,gem
instructure/canvas-lms,stars,activesupport,">= 3.2,< 5.2",gem
instructure/canvas-lms,stars,net-pop,0.1.2,gem
instructure/canvas-lms,stars,pdf-reader,2.15.1,gem
instructure/canvas-lms,stars,prettyprint,0.2.0,gem
instructure/canvas-lms,stars,switchman,4.2.4,gem
instructure/canvas-lms,stars,rails-html-sanitizer,1.7.0,gem
instructure/canvas-lms,stars,digest-murmurhash,1.1.1,gem
instructure/canvas-lms,stars,mime-types,3.7.0,gem
instructure/canvas-lms,stars,outrigger,3.2.0,gem
instructure/canvas-lms,stars,mimemagic,0.4.3,gem
instructure/canvas-lms,stars,activesupport,< 5.2,gem
instructure/canvas-lms,stars,nokogiri,>= 0,gem
instructure/canvas-lms,stars,ffi,1.17.4,gem
instructure/canvas-lms,stars,activerecord-pg-extensions,0.6.0,gem
instructure/canvas-lms,stars,multi_xml,0.8.1,gem
instructure/canvas-lms,stars,aws-sdk-sns,1.113.0,gem
instructure/canvas-lms,stars,twitter-text,3.1.0,gem
instructure/canvas-lms,stars,pdf-core,0.10.0,gem
instructure/canvas-lms,stars,academic_benchmarks,~> 0.0,gem
instructure/canvas-lms,stars,ice_cube,0.17.0,gem
instructure/canvas-lms,stars,dogstatsd-ruby,5.7.1,gem
instructure/canvas-lms,stars,oauth2,2.0.18,gem
instructure/canvas-lms,stars,faraday-net_http,3.4.2,gem
instructure/canvas-lms,stars,rainbow,3.1.1,gem
instructure/canvas-lms,stars,rack,3.2.6,gem
instructure/canvas-lms,stars,useragent,0.16.11,gem
instructure/canvas-lms,stars,webrick,1.9.2,gem
instructure/canvas-lms,stars,simplecov-html,0.13.2,gem
instructure/canvas-lms,stars,rspec_junit_formatter,0.6.0,gem
instructure/canvas-lms,stars,luminosity_contrast,0.2.1,gem
instructure/canvas-lms,stars,launchy,3.1.1,gem
instructure/canvas-lms,stars,rubocop,1.86.1,gem
instructure/canvas-lms,stars,icalendar,2.12.2,gem
instructure/canvas-lms,stars,i18n,1.14.8,gem
instructure/canvas-lms,stars,canvas_text_helper,>= 0,gem
instructure/canvas-lms,stars,guard-rspec,>= 0,gem
instructure/canvas-lms,stars,activerecord,8.0.5,gem
instructure/canvas-lms,stars,declarative,0.0.20,gem
instructure/canvas-lms,stars,actionmailbox,8.0.5,gem
instructure/canvas-lms,stars,sqlite3,>= 0,gem
instructure/canvas-lms,stars,will_paginate,4.0.1,gem
instructure/canvas-lms,stars,nokogiri,1.19.2,gem
instructure/canvas-lms,stars,axe-core-api,4.11.2,gem
instructure/canvas-lms,stars,simplecov_json_formatter,0.1.4,gem
instructure/canvas-lms,stars,ruby-lsp-rspec,0.1.29,gem
instructure/canvas-lms,stars,nokogiri-xmlsec-instructure,0.12.0,gem
instructure/canvas-lms,stars,canvas_statsd,>= 0,gem
instructure/canvas-lms,stars,axe-core-rspec,4.11.2,gem
instructure/canvas-lms,stars,descendants_tracker,0.0.4,gem
instructure/canvas-lms,stars,swearjar,1.4.0,gem
instructure/canvas-lms,stars,code_teams,1.3.0,gem
instructure/canvas-lms,stars,activesupport,8.0.5,gem
instructure/canvas-lms,stars,prawn-table,0.2.2,gem
instructure/canvas-lms,stars,net-http,0.9.1,gem
instructure/canvas-lms,stars,i18n,>= 0,gem
instructure/canvas-lms,stars,afm,1.0.0,gem
instructure/canvas-lms,stars,uber,0.1.0,gem
instructure/canvas-lms,stars,webmock,3.26.2,gem
instructure/canvas-lms,stars,pg,~> 0.17,gem
instructure/canvas-lms,stars,i18nliner,0.2.4,gem
instructure/canvas-lms,stars,spring-commands-parallel-rspec,1.1.0,gem
instructure/canvas-lms,stars,waterdrop,2.9.0,gem
instructure/canvas-lms,stars,yard-appendix,0.1.8,gem
instructure/canvas-lms,stars,json,2.19.4,gem
instructure/canvas-lms,stars,net-ldap,0.20.0,gem
instructure/canvas-lms,stars,google-apis-core,1.0.2,gem
instructure/canvas-lms,stars,RedCloth,>= 0,gem
instructure/canvas-lms,stars,pry,>= 0,gem
instructure/canvas-lms,stars,loofah,2.25.1,gem
instructure/canvas-lms,stars,mini_mime,1.1.5,gem
instructure/canvas-lms,stars,faraday,2.14.1,gem
instructure/canvas-lms,stars,ya2yaml,0.31,gem
instructure/canvas-lms,stars,os,1.1.4,gem
instructure/canvas-lms,stars,redis-client,0.28.0,gem
instructure/canvas-lms,stars,rubocop-rake,0.7.1,gem
instructure/canvas-lms,stars,fugit,1.12.1,gem
instructure/canvas-lms,stars,oauth-tty,1.0.6,gem
instructure/canvas-lms,stars,aws-sdk-bedrockruntime,1.75.0,gem
instructure/canvas-lms,stars,axe-core-selenium,4.11.2,gem
instructure/canvas-lms,stars,thread_safe,0.3.6,gem
instructure/canvas-lms,stars,spring-commands-rubocop,0.4.0,gem
instructure/canvas-lms,stars,aws-partitions,1.1240.0,gem
instructure/canvas-lms,stars,encrypted_cookie_store-instructure,1.2.15,gem
instructure/canvas-lms,stars,rubocop-rspec_rails,2.32.0,gem
instructure/canvas-lms,stars,globalid,1.3.0,gem
instructure/canvas-lms,stars,prosopite,2.2.0,gem
instructure/canvas-lms,stars,unf,0.1.4,gem
instructure/canvas-lms,stars,sanitize,2.1.0,gem
instructure/canvas-lms,stars,guard,>= 0,gem
instructure/canvas-lms,stars,multipart-post,2.4.1,gem
instructure/canvas-lms,stars,prawn-rails,1.6.0,gem
instructure/canvas-lms,stars,axiom-types,0.1.1,gem
instructure/canvas-lms,stars,version_gem,1.1.9,gem
instructure/canvas-lms,stars,diff-lcs,1.6.2,gem
instructure/canvas-lms,stars,rails,">= 4.2,< 5.2",gem
instructure/canvas-lms,stars,instructure-happymapper,0.5.10,gem
instructure/canvas-lms,stars,timecop,0.9.11,gem
instructure/canvas-lms,stars,activejob,8.0.5,gem
instructure/canvas-lms,stars,timeout,0.6.1,gem
instructure/canvas-lms,stars,rspec_around_all,0.2.0,gem
instructure/canvas-lms,stars,hashdiff,1.2.1,gem
instructure/canvas-lms,stars,unf_ext,0.0.9.1,gem
instructure/canvas-lms,stars,base64,0.3.0,gem
instructure/canvas-lms,stars,uri,1.1.1,gem
instructure/canvas-lms,stars,ims-lti,2.3.7,gem
instructure/canvas-lms,stars,will_paginate,~> 3.0,gem
instructure/canvas-lms,stars,canvas_sort,>= 0,gem
instructure/canvas-lms,stars,securerandom,0.4.1,gem
instructure/canvas-lms,stars,folio-pagination,0.0.12,gem
instructure/canvas-lms,stars,moodle2cc,0.2.47,gem
instructure/canvas-lms,stars,drb,2.2.3,gem
instructure/canvas-lms,stars,aws-sdk-dynamodb,1.165.0,gem
instructure/canvas-lms,stars,after_transaction_commit,2.2.2,gem
instructure/canvas-lms,stars,rails-dom-testing,2.3.0,gem
instructure/canvas-lms,stars,rqrcode_core,2.1.0,gem
instructure/canvas-lms,stars,rss,0.3.2,gem
instructure/canvas-lms,stars,terminal-notifier-guard,>= 0,gem
instructure/canvas-lms,stars,actioncable,8.0.5,gem
instructure/canvas-lms,stars,fiber-storage,1.0.1,gem
instructure/canvas-lms,stars,ruby2ruby,2.6.1,gem
instructure/canvas-lms,stars,rubocop-performance,1.26.1,gem
instructure/canvas-lms,stars,wcag_color_contrast,0.1.0,gem
instructure/canvas-lms,stars,debug_inspector,1.2.0,gem
instructure/canvas-lms,stars,oauth,1.1.3,gem
instructure/canvas-lms,stars,jwt,< 2.0,gem
instructure/canvas-lms,stars,addressable,2.9.0,gem
instructure/canvas-lms,stars,process_executer,4.0.2,gem
instructure/canvas-lms,stars,inst-jobs-statsd,4.0.2,gem
instructure/canvas-lms,stars,google-logging-utils,0.2.0,gem
instructure/canvas-lms,stars,ruby-duration,3.2.3,gem
instructure/canvas-lms,stars,rubocop-ast,1.49.1,gem
instructure/canvas-lms,stars,paginated_collection,>= 0,gem
instructure/canvas-lms,stars,flakey_spec_catcher,0.12.1,gem
instructure/canvas-lms,stars,faraday_middleware,~> 0.8,gem
instructure/canvas-lms,stars,rbs,4.0.2,gem
instructure/canvas-lms,stars,childprocess,5.1.0,gem
instructure/canvas-lms,stars,inst-jobs-autoscaling,2.1.1,gem
instructure/canvas-lms,stars,selenium-webdriver,4.43.0,gem
instructure/canvas-lms,stars,adobe_connect,1.0.12,gem
instructure/canvas-lms,stars,oj,3.17.0,gem
instructure/canvas-lms,stars,builder,3.3.0,gem
instructure/canvas-lms,stars,activerecord,>= 0,gem
instructure/canvas-lms,stars,pg_query,6.2.2,gem
instructure/canvas-lms,stars,json-jwt,1.17.0,gem
instructure/canvas-lms,stars,unicode-display_width,3.2.0,gem
instructure/canvas-lms,stars,request_store,1.7.0,gem
instructure/canvas-lms,stars,canvas_http,>= 0,gem
instructure/canvas-lms,stars,graphql,2.5.23,gem
instructure/canvas-lms,stars,db-query-matchers,0.15.0,gem
instructure/canvas-lms,stars,stormbreaker,1.0.0,gem
instructure/canvas-lms,stars,bcrypt,3.1.22,gem
instructure/canvas-lms,stars,headless,3.0.0,gem
instructure/canvas-lms,stars,scrypt,3.1.0,gem
instructure/canvas-lms,stars,activerecord,">= 3.2,< 5.2",gem
instructure/canvas-lms,stars,iconv,~> 1.0,gem
instructure/canvas-lms,stars,rspec-mocks,>= 0,gem
instructure/canvas-lms,stars,msgpack,1.8.0,gem
instructure/canvas-lms,stars,prawn-emoji,6.0.0,gem
instructure/canvas-lms,stars,rubocop-inst,1.2.3,gem
instructure/canvas-lms,stars,redis-cluster-client,0.15.0,gem
instructure/canvas-lms,stars,diplomat,2.6.6,gem
instructure/canvas-lms,stars,datadog,2.31.0,gem
instructure/canvas-lms,stars,karafka-core,2.5.13,gem
instructure/canvas-lms,stars,yard,0.9.38,gem
instructure/canvas-lms,stars,rails-controller-testing,1.0.5,gem
instructure/canvas-lms,stars,rails,8.0.5,gem
instructure/canvas-lms,stars,css_parser,2.0.0,gem
instructure/canvas-lms,stars,raabro,1.4.0,gem
instructure/canvas-lms,stars,listen,3.0.8,gem
instructure/canvas-lms,stars,spring,4.4.2,gem
instructure/canvas-lms,stars,vault,0.20.1,gem
instructure/canvas-lms,stars,parallel,1.27.0,gem
instructure/canvas-lms,stars,database_cleaner,2.1.0,gem
instructure/canvas-lms,stars,database_cleaner-active_record,2.2.2,gem
instructure/canvas-lms,stars,hashie,5.1.0,gem
instructure/canvas-lms,stars,inst_access,0.4.4,gem
instructure/canvas-lms,stars,brakeman,8.0.4,gem
instructure/canvas-lms,stars,benchmark,0.5.0,gem
instructure/canvas-lms,stars,sax-machine,1.3.2,gem
instructure/canvas-lms,stars,code_ownership,2.1.2,gem
instructure/canvas-lms,stars,business_time,0.13.0,gem
instructure/canvas-lms,stars,canvas_link_migrator,1.0.19,gem
instructure/canvas-lms,stars,karafka-rdkafka,0.26.1,gem
instructure/canvas-lms,stars,ast,2.4.3,gem
instructure/canvas-lms,stars,bookmarked_collection,>= 0,gem
instructure/canvas-lms,stars,json-schema,6.2.0,gem
instructure/canvas-lms,stars,i18nliner,0.3.0,gem
instructure/canvas-lms,stars,minitest,6.0.5,gem
instructure/canvas-lms,stars,chunky_png,1.4.0,gem
instructure/canvas-lms,stars,canvas_statsd,~> 2.0,gem
instructure/canvas-lms,stars,canvas_cassandra,>= 0,gem
instructure/canvas-lms,stars,pygments.rb,4.0.0,gem
instructure/canvas-lms,stars,brotli,0.8.0,gem
instructure/canvas-lms,stars,testrail_client,0.0.1,gem
instructure/canvas-lms,stars,swagger_yard,1.1.1,gem
instructure/canvas-lms,stars,irb,1.17.0,gem
instructure/canvas-lms,stars,stringio,3.2.0,gem
instructure/canvas-lms,stars,folio-pagination,~> 0.0.12,gem
instructure/canvas-lms,stars,minitest,>= 0,gem
instructure/canvas-lms,stars,gergich,0.1.15,gem
instructure/canvas-lms,stars,rrule,0.8.0,gem
instructure/canvas-lms,stars,statsd-ruby,1.5.0,gem
instructure/canvas-lms,stars,marcel,1.1.0,gem
instructure/canvas-lms,stars,aws-sdk-applicationautoscaling,1.119.0,gem
instructure/canvas-lms,stars,activemodel,8.0.5,gem
instructure/canvas-lms,stars,rack-test,2.2.0,gem
instructure/canvas-lms,stars,byebug,>= 0,gem
instructure/canvas-lms,stars,Ascii85,2.0.1,gem
instructure/canvas-lms,stars,rspec-core,3.13.6,gem
instructure/canvas-lms,stars,saml2,3.3.1,gem
instructure/canvas-lms,stars,guardrail,3.1.0,gem
instructure/canvas-lms,stars,track_open_instances,0.1.15,gem
instructure/canvas-lms,stars,simplecov-rcov,0.3.7,gem
instructure/canvas-lms,stars,websocket-extensions,0.1.5,gem
instructure/canvas-lms,stars,spring-commands-rspec,1.0.4,gem
instructure/canvas-lms,stars,bootsnap,1.23.0,gem
instructure/canvas-lms,stars,ruby-progressbar,1.13.0,gem
instructure/canvas-lms,stars,browser,6.2.0,gem
instructure/canvas-lms,stars,virtus,2.0.0,gem
instructure/canvas-lms,stars,mustache,1.1.2,gem
instructure/canvas-lms,stars,colored,1.2,gem
instructure/canvas-lms,stars,pp,0.6.3,gem
instructure/canvas-lms,stars,soap4r-ruby1.9,2.0.5,gem
instructure/canvas-lms,stars,mini_magick,5.3.1,gem
instructure/canvas-lms,stars,google-protobuf,4.34.1,gem
instructure/canvas-lms,stars,ruby_parser,3.22.0,gem
instructure/canvas-lms,stars,sqlite3,2.9.3,gem
instructure/canvas-lms,stars,net-http-persistent,4.0.8,gem
instructure/canvas-lms,stars,date,3.5.1,gem
instructure/canvas-lms,stars,erubi,1.13.1,gem
instructure/canvas-lms,stars,rchardet,1.10.0,gem
instructure/canvas-lms,stars,tzinfo,>= 0,gem
instructure/canvas-lms,stars,after_transaction_commit,>= 0,gem
instructure/canvas-lms,stars,google-apis-drive_v3,0.79.0,gem
instructure/canvas-lms,stars,feedjira,4.0.2,gem
instructure/canvas-lms,stars,rspec,3.13.2,gem
instructure/canvas-lms,stars,rails-observers,0.1.5,gem
instructure/canvas-lms,stars,public_suffix,7.0.5,gem
instructure/canvas-lms,stars,timecop,0.8.1,gem
instructure/canvas-lms,stars,actiontext,8.0.5,gem
instructure/canvas-lms,stars,websocket-driver,0.8.0,gem
instructure/canvas-lms,stars,jira_ref_parser,1.0.1,gem
instructure/canvas-lms,stars,json,>= 0,gem
instructure/canvas-lms,stars,inst_llm,0.2.4,gem
instructure/canvas-lms,stars,lint_roller,1.1.0,gem
instructure/canvas-lms,stars,logger,1.7.0,gem
instructure/canvas-lms,stars,method_source,1.1.0,gem
instructure/canvas-lms,stars,ruby-lsp,0.26.9,gem
instructure/canvas-lms,stars,connection_pool,3.0.2,gem
instructure/canvas-lms,stars,net-protocol,0.2.2,gem
instructure/canvas-lms,stars,iso8601,0.13.0,gem
instructure/canvas-lms,stars,rspec-expectations,3.13.5,gem
instructure/canvas-lms,stars,dress_code,1.2.1,gem
instructure/canvas-lms,stars,googleauth,1.16.2,gem
instructure/canvas-lms,stars,net-imap,0.6.3,gem
instructure/canvas-lms,stars,rails,">= 3.2,< 5.2",gem
instructure/canvas-lms,stars,webmock,2.3.1,gem
instructure/canvas-lms,stars,concurrent-ruby,1.3.6,gem
instructure/canvas-lms,stars,syslog,0.4.0,gem
instructure/canvas-lms,stars,actionview,8.0.5,gem
instructure/canvas-lms,stars,reline,0.6.3,gem
instructure/canvas-lms,stars,docx,0.10.0,gem
instructure/canvas-lms,stars,deep_merge,1.2.2,gem
instructure/canvas-lms,stars,net-smtp,0.5.1,gem
instructure/canvas-lms,stars,link_header,0.0.8,gem
instructure/canvas-lms,stars,canvas_webex,0.18.2,gem
instructure/canvas-lms,stars,rackup,2.3.1,gem
instructure/canvas-lms,stars,rspec-collection_matchers,1.2.1,gem
instructure/canvas-lms,stars,sentry-ruby,6.5.0,gem
instructure/canvas-lms,stars,representable,3.2.0,gem
instructure/canvas-lms,stars,trailblazer-option,0.1.2,gem
instructure/canvas-lms,stars,rubyzip,3.2.2,gem
instructure/canvas-lms,stars,zeitwerk,2.7.5,gem
instructure/canvas-lms,stars,multi_json,1.20.1,gem
instructure/canvas-lms,stars,tzinfo,2.0.6,gem
instructure/canvas-lms,stars,rspec-openapi,0.25.1,gem
instructure/canvas-lms,stars,language_server-protocol,3.17.0.5,gem
instructure/canvas-lms,stars,simple_oauth,0.2,gem
instructure/canvas-lms,stars,html_text_helper,>= 0,gem
instructure/canvas-lms,stars,pry-nav,>= 0,gem
instructure/canvas-lms,stars,idn-ruby,0.1.5,gem
instructure/canvas-lms,stars,database_cleaner-core,2.0.1,gem
instructure/canvas-lms,stars,rspec-mocks,3.13.8,gem
instructure/canvas-lms,stars,rdoc,7.2.0,gem
instructure/canvas-lms,stars,factory_bot,6.5.6,gem
instructure/canvas-lms,stars,rspec-support,3.13.7,gem
instructure/canvas-lms,stars,sexp_processor,4.17.5,gem
instructure/canvas-lms,stars,bluecloth,2.2.0,gem
instructure/canvas-lms,stars,sentry-inst_jobs,6.0.0,gem
instructure/canvas-lms,stars,mini_portile2,2.8.9,gem
instructure/canvas-lms,stars,libddwaf,1.30.0.0.2,gem
instructure/canvas-lms,stars,mail,2.9.0,gem
instructure/canvas-lms,stars,bigdecimal,3.3.1,gem
instructure/canvas-lms,stars,pg,1.6.3,gem
instructure/canvas-lms,stars,dumb_delegator,1.1.0,gem
instructure/canvas-lms,stars,canvas_connect,0.3.16,gem
instructure/canvas-lms,stars,matrix,0.4.3,gem
instructure/canvas-lms,stars,aws-sdk-kms,1.123.0,gem
instructure/canvas-lms,stars,ostruct,0.6.3,gem
instructure/canvas-lms,stars,json_token,>= 0,gem
instructure/canvas-lms,stars,prism,1.9.0,gem
instructure/canvas-lms,stars,aws-sdk-s3,1.219.0,gem
instructure/canvas-lms,stars,parslet,2.0.0,gem
instructure/canvas-lms,stars,aws-sdk-core,3.245.0,gem
instructure/canvas-lms,stars,jwt,3.1.2,gem
instructure/canvas-lms,stars,webmock,>= 0,gem
instructure/canvas-lms,stars,ffi-compiler,1.3.2,gem
instructure/canvas-lms,stars,rake,13.4.2,gem
instructure/canvas-lms,stars,aroi,1.0.0,gem
instructure/canvas-lms,stars,inst-jobs,3.3.2,gem
instructure/canvas-lms,stars,fakefs,0.11.0,gem
instructure/canvas-lms,stars,webmock,1.24.6,gem
instructure/canvas-lms,stars,graphql-batch,0.6.1,gem
instructure/canvas-lms,stars,sorbet-runtime,0.6.12897,gem
instructure/canvas-lms,stars,regexp_parser,2.12.0,gem
instructure/canvas-lms,stars,ruby-rc4,0.1.5,gem
instructure/canvas-lms,stars,moodle2cc,0.2.38,gem
instructure/canvas-lms,stars,rake,>= 0,gem
instructure/canvas-lms,stars,rubyzip,~> 1.2,gem
instructure/canvas-lms,stars,rdiscount,2.2.7.4,gem
instructure/canvas-lms,stars,faraday-follow_redirects,0.5.0,gem
instructure/canvas-lms,stars,bindata,2.5.1,gem
instructure/canvas-lms,stars,ritex,1.0.1,gem
instructure/canvas-lms,stars,coercible,1.0.0,gem
instructure/canvas-lms,stars,aws-sdk-kinesis,1.98.0,gem
instructure/canvas-lms,stars,canvas_slug,>= 0,gem
instructure/canvas-lms,stars,dotenv,3.2.0,gem
instructure/canvas-lms,stars,io-console,0.8.2,gem
instructure/canvas-lms,stars,prawn,2.5.0,gem
instructure/canvas-lms,stars,actionpack,8.0.5,gem
instructure/canvas-lms,stars,rexml,3.4.4,gem
instructure/canvas-lms,stars,multipart,>= 0,gem
instructure/canvas-lms,stars,ffi-icu,0.5.3,gem
instructure/canvas-lms,stars,redis-clustering,5.4.1,gem
instructure/canvas-lms,stars,simpleidn,0.2.3,gem
instructure/canvas-lms,stars,psych,5.3.1,gem
instructure/canvas-lms,stars,rake,~> 10.0,gem
instructure/canvas-lms,stars,activesupport,>= 0,gem
instructure/canvas-lms,stars,testrailtagging,0.3.8.7,gem
instructure/canvas-lms,stars,simple_oauth,0.4.1,gem
instructure/canvas-lms,stars,highline,3.1.2,gem
instructure/canvas-lms,stars,soap4r-middleware,0.8.7,gem
instructure/canvas-lms,stars,pstore,0.2.1,gem
instructure/canvas-lms,stars,aws-eventstream,1.4.0,gem
instructure/canvas-lms,stars,bundler,~> 1.8,gem
instructure/canvas-lms,stars,once-ler,2.2.0,gem
instructure/canvas-lms,stars,faraday-multipart,1.2.0,gem
instructure/canvas-lms,stars,aes_key_wrap,1.1.0,gem
instructure/canvas-lms,stars,aws-sigv4,1.12.1,gem
instructure/canvas-lms,stars,rubocop-factory_bot,2.28.0,gem
instructure/canvas-lms,stars,redis-scripting,1.0.1,gem
instructure/canvas-lms,stars,aws-sdk-autoscaling,1.157.0,gem
instructure/canvas-lms,stars,packs-specification,0.0.11,gem
instructure/canvas-lms,stars,gergich,2.2.1,gem
instructure/canvas-lms,stars,retriable,3.4.1,gem
instructure/canvas-lms,stars,jmespath,1.6.2,gem
instructure/canvas-lms,stars,railties,8.0.5,gem
instructure/canvas-lms,stars,timecop,>= 0,gem
instructure/canvas-lms,stars,rspec,~> 3.5.0,gem
instructure/canvas-lms,stars,actionmailer,8.0.5,gem
instructure/canvas-lms,stars,rubocop-rspec,3.9.0,gem
instructure/canvas-lms,stars,libdatadog,30.0.0.1.0,gem
instructure/canvas-lms,stars,signet,0.21.0,gem
instructure/canvas-lms,stars,escape_code,0.2,gem
instructure/canvas-lms,stars,webmock,1.21,gem
instructure/canvas-lms,stars,google-api-client,0.8.2,gem
instructure/canvas-lms,stars,rubocop-graphql,1.6.0,gem
instructure/canvas-lms,stars,simplecov,0.22.0,gem
instructure/canvas-lms,stars,active_model_serializers,0.9.9,gem
instructure/canvas-lms,stars,rqrcode,3.2.0,gem
instructure/canvas-lms,stars,crass,1.0.6,gem
instructure/canvas-lms,stars,promise.rb,0.7.4,gem
instructure/canvas-lms,stars,canvas_mimetype_fu,>= 0,gem
instructure/canvas-lms,stars,mime-types-data,3.2026.0414,gem
instructure/canvas-lms,stars,docile,1.4.1,gem
instructure/canvas-lms,stars,redcarpet,3.6.1,gem
instructure/canvas-lms,stars,erb,6.0.4,gem
instructure/canvas-lms,stars,debug,1.11.1,gem
instructure/canvas-lms,stars,tsort,0.2.0,gem
instructure/canvas-lms,stars,aws-sdk-sqs,1.112.0,gem
instructure/canvas-lms,stars,sanitize,~> 2.1.0,gem
instructure/canvas-lms,stars,globby,0.1.2,gem
instructure/canvas-lms,stars,sanitize,7.0.0,gem
instructure/canvas-lms,stars,csv,3.3.5,gem
instructure/canvas-lms,stars,gepub,2.0.1,gem
instructure/canvas-lms,stars,rack-session,2.1.2,gem
instructure/canvas-lms,stars,faraday,~> 0.8,gem
instructure/canvas-lms,stars,aws-sdk-kinesis,>= 0,gem
instructure/canvas-lms,stars,et-orbi,1.4.0,gem
instructure/canvas-lms,stars,switchman-inst-jobs,4.3.2,gem
instructure/canvas-lms,stars,cgi,0.5.1,gem
instructure/canvas-lms,stars,nio4r,2.7.5,gem
instructure/canvas-lms,stars,vericite_api,1.5.3,gem
instructure/canvas-lms,stars,inst_statsd,3.4.0,gem
instructure/canvas-lms,stars,bundler,~> 1.7,gem
instructure/canvas-lms,stars,bundler,~> 1.5,gem
instructure/canvas-lms,stars,puma,7.2.0,gem
instructure/canvas-lms,stars,hana,1.3.7,gem
instructure/canvas-lms,stars,hashery,2.1.2,gem
instructure/canvas-lms,stars,json_schemer,2.5.0,gem
instructure/canvas-lms,stars,httparty,0.24.2,gem
instructure/canvas-lms,stars,git,4.3.2,gem
instructure/canvas-lms,stars,letter_opener,1.10.0,gem
instructure/canvas-lms,stars,fakefs,1.9.0,gem
instructure/canvas-lms,stars,rack3-brotli,1.0.1,gem
instructure/canvas-lms,stars,redis,5.4.1,gem
instructure/canvas-lms,stars,academic_benchmarks,1.1.3,gem
instructure/canvas-lms,stars,rubocop-rails,2.34.3,gem
instructure/canvas-lms,stars,rubycas-client,2.3.9,gem
instructure/canvas-lms,stars,ice_nine,0.11.2,gem
instructure/canvas-lms,stars,thor,1.5.0,gem
instructure/canvas-lms,stars,snaky_hash,2.0.3,gem
instructure/canvas-lms,stars,rotp,6.3.0,gem
instructure/canvas-lms,stars,crack,1.0.1,gem
instructure/canvas-lms,stars,sentry-rails,6.5.0,gem
instructure/canvas-lms,stars,ttfunk,1.8.0,gem
sj26/mailcatcher,stars,capybara-screenshot,>= 0,gem
sj26/mailcatcher,stars,thin,~> 2.0,gem
sj26/mailcatcher,stars,rdoc,>= 0,gem
sj26/mailcatcher,stars,mail,~> 2.3,gem
sj26/mailcatcher,stars,eventmachine,~> 1.0,gem
sj26/mailcatcher,stars,net-smtp,>= 0,gem
sj26/mailcatcher,stars,selenium-webdriver,>= 0,gem
sj26/mailcatcher,stars,faye-websocket,~> 0.12.0,gem
sj26/mailcatcher,stars,rack,"~> 3.2,>= 3.2.6",gem
sj26/mailcatcher,stars,websocket-driver,~> 0.8.2,gem
sj26/mailcatcher,stars,sinatra,"~> 4.2,>= 4.2.1",gem
sj26/mailcatcher,stars,rspec,>= 0,gem
sj26/mailcatcher,stars,ostruct,>= 0,gem
sj26/mailcatcher,stars,rake,>= 0,gem
sj26/mailcatcher,stars,capybara,>= 0,gem
sj26/mailcatcher,stars,sqlite3,~> 2.0,gem
bkeepers/dotenv,stars,spring,>= 0,gem
bkeepers/dotenv,stars,standard,>= 0,gem
bkeepers/dotenv,stars,benchmark-ips,>= 0,gem
bkeepers/dotenv,stars,railties,>= 6.1,gem
bkeepers/dotenv,stars,rspec,>= 0,gem
bkeepers/dotenv,stars,rake,>= 0,gem
bkeepers/dotenv,stars,stackprof,>= 0,gem
bkeepers/dotenv,stars,guard-rspec,>= 0,gem
bkeepers/dotenv,stars,guard-bundler,>= 0,gem
bkeepers/dotenv,stars,rb-fsevent,>= 0,gem
ankane/searchkick,stars,activerecord,>= 0,gem
ankane/searchkick,stars,memory_profiler,>= 0,gem
ankane/searchkick,stars,connection_pool,>= 0,gem
ankane/searchkick,stars,rake,>= 0,gem
ankane/searchkick,stars,kaminari,>= 0,gem
ankane/searchkick,stars,sqlite3-ffi,>= 0,gem
ankane/searchkick,stars,activerecord,~> 8.0.0,gem
ankane/searchkick,stars,get_process_mem,>= 0,gem
ankane/searchkick,stars,benchmark-ips,>= 0,gem
ankane/searchkick,stars,opensearch-ruby,>= 0,gem
ankane/searchkick,stars,json,>= 0,gem
ankane/searchkick,stars,ruby-prof,>= 0,gem
ankane/searchkick,stars,activerecord,~> 8.1.0,gem
ankane/searchkick,stars,elasticsearch,~> 9,gem
ankane/searchkick,stars,gemoji-parser,>= 0,gem
ankane/searchkick,stars,activejob,~> 8.1.0,gem
ankane/searchkick,stars,activejob,>= 0,gem
ankane/searchkick,stars,oj,>= 0,gem
ankane/searchkick,stars,allocation_stats,>= 0,gem
ankane/searchkick,stars,activemodel,>= 8,gem
ankane/searchkick,stars,actionpack,~> 8.1.0,gem
ankane/searchkick,stars,sqlite3,>= 0,gem
ankane/searchkick,stars,parallel_tests,>= 0,gem
ankane/searchkick,stars,pg,>= 0,gem
ankane/searchkick,stars,redis,>= 0,gem
ankane/searchkick,stars,informers,>= 0,gem
ankane/searchkick,stars,minitest,>= 0,gem
ankane/searchkick,stars,redis-client,>= 0,gem
ankane/searchkick,stars,sidekiq,>= 0,gem
ankane/searchkick,stars,typhoeus,>= 0,gem
ankane/searchkick,stars,cgi,>= 0,gem
ankane/searchkick,stars,elasticsearch,>= 0,gem
kkuchta/css-only-chat,stars,concurrent-ruby,1.1.5,gem
kkuchta/css-only-chat,stars,rack,2.0.7,gem
kkuchta/css-only-chat,stars,byebug,11.0.1,gem
kkuchta/css-only-chat,stars,i18n,1.6.0,gem
kkuchta/css-only-chat,stars,redis,4.1.0,gem
kkuchta/css-only-chat,stars,coderay,1.1.2,gem
kkuchta/css-only-chat,stars,dotenv,2.7.2,gem
kkuchta/css-only-chat,stars,pry-byebug,3.7.0,gem
kkuchta/css-only-chat,stars,puma,3.12.1,gem
kkuchta/css-only-chat,stars,faker,1.9.3,gem
kkuchta/css-only-chat,stars,method_source,0.9.2,gem
kkuchta/css-only-chat,stars,pry,0.12.2,gem
busyloop/lolcat,stars,optimist,~> 3.0.0,gem
busyloop/lolcat,stars,rake,>= 0,gem
busyloop/lolcat,stars,paint,~> 2.1,gem
busyloop/lolcat,stars,manpages,~> 0.6.1,gem
ankane/chartkick,stars,rake,>= 0,gem
ankane/chartkick,stars,minitest,>= 0,gem
alexreisner/geocoder,stars,ostruct,>= 0,gem
alexreisner/geocoder,stars,sqlite3,>= 0,gem
alexreisner/geocoder,stars,test-unit,>= 0,gem
alexreisner/geocoder,stars,mongoid,>= 0,gem
alexreisner/geocoder,stars,jruby-openssl,>= 0,gem
alexreisner/geocoder,stars,pg,~> 1.5.9,gem
alexreisner/geocoder,stars,rails,~> 5.1.0,gem
alexreisner/geocoder,stars,bigdecimal,>= 0,gem
alexreisner/geocoder,stars,csv,>= 3.0.0,gem
alexreisner/geocoder,stars,base64,>= 0.1.0,gem
alexreisner/geocoder,stars,jdbc-sqlite3,>= 0,gem
alexreisner/geocoder,stars,logger,>= 0,gem
alexreisner/geocoder,stars,mysql2,~> 0.5.4,gem
alexreisner/geocoder,stars,activerecord-jdbcpostgresql-adapter,>= 0,gem
alexreisner/geocoder,stars,benchmark,>= 0,gem
alexreisner/geocoder,stars,jdbc-mysql,>= 0,gem
alexreisner/geocoder,stars,jgeoip,>= 0,gem
alexreisner/geocoder,stars,geoip,>= 0,gem
alexreisner/geocoder,stars,rubyzip,>= 0,gem
alexreisner/geocoder,stars,mutex_m,>= 0,gem
alexreisner/geocoder,stars,webmock,>= 0,gem
alexreisner/geocoder,stars,sqlite_ext,>= 0,gem
alexreisner/geocoder,stars,rdoc,>= 0,gem
alexreisner/geocoder,stars,rake,>= 0,gem
alexreisner/geocoder,stars,ip2location_ruby,>= 0,gem
guard/guard,stars,rubinius-coverage,>= 0,gem
guard/guard,stars,rubocop,0.83.0,gem
guard/guard,stars,gems,>= 0,gem
guard/guard,stars,lumberjack,">= 1.0.12,< 2.0",gem
guard/guard,stars,logger,~> 1.6,gem
guard/guard,stars,yard,>= 0,gem
guard/guard,stars,notiffany,>= 0.0.6,gem
guard/guard,stars,redcarpet,>= 0,gem
guard/guard,stars,guard-ronn,>= 0,gem
guard/guard,stars,octokit,>= 0,gem
guard/guard,stars,thor,>= 0.18.1,gem
guard/guard,stars,shellany,~> 0.0,gem
guard/guard,stars,racc,>= 0,gem
guard/guard,stars,guard-cucumber,~> 2.1,gem
guard/guard,stars,listen,">= 2.7,< 4.0",gem
guard/guard,stars,nenv,~> 0.1,gem
guard/guard,stars,notiffany,~> 0.0,gem
guard/guard,stars,psych,>= 0,gem
guard/guard,stars,guard-rubocop,>= 0,gem
guard/guard,stars,json,>= 0,gem
guard/guard,stars,guard-rspec,>= 0,gem
guard/guard,stars,pry,>= 0.13.0,gem
guard/guard,stars,rspec,>= 3.0.0,gem
guard/guard,stars,netrc,>= 0,gem
guard/guard,stars,aruba,~> 0.14,gem
guard/guard,stars,codecov,>= 0,gem
guard/guard,stars,rake,>= 0,gem
guard/guard,stars,formatador,>= 0.2.4,gem
hanami/hanami,stars,yard,>= 0,gem
hanami/hanami,stars,hanami-router,>= 0,gem
hanami/hanami,stars,bundler,>= 2.0,gem
hanami/hanami,stars,dry-logger,"~> 1.2,< 2",gem
hanami/hanami,stars,saharspec,>= 0,gem
hanami/hanami,stars,rdoc,< 8.0,gem
hanami/hanami,stars,yard-junk,>= 0,gem
hanami/hanami,stars,hanami-assets,>= 0,gem
hanami/hanami,stars,json,>= 2.7.2,gem
hanami/hanami,stars,capybara,>= 0,gem
hanami/hanami,stars,i18n,>= 0,gem
hanami/hanami,stars,dry-operation,>= 0,gem
hanami/hanami,stars,rake,~> 13.0,gem
hanami/hanami,stars,dry-system,~> 1.1,gem
hanami/hanami,stars,hanami-cli,>= 2.3.1,gem
hanami/hanami,stars,dry-types,>= 0,gem
hanami/hanami,stars,hanami-mailer,>= 0,gem
hanami/hanami,stars,hanami-view,>= 0,gem
hanami/hanami,stars,hanami-db,>= 0,gem
hanami/hanami,stars,rack-test,~> 2.0,gem
hanami/hanami,stars,dry-core,"~> 1.0,< 2",gem
hanami/hanami,stars,zeitwerk,~> 2.6,gem
hanami/hanami,stars,rack-session,>= 0,gem
hanami/hanami,stars,jdbc-sqlite3,>= 0,gem
hanami/hanami,stars,rspec,~> 3.8,gem
hanami/hanami,stars,hanami-webconsole,>= 0,gem
hanami/hanami,stars,hanami-action,>= 0,gem
hanami/hanami,stars,hanami-utils,>= 0,gem
hanami/hanami,stars,slim,>= 0,gem
hanami/hanami,stars,hanami-cli,>= 0,gem
hanami/hanami,stars,hanami-devtools,>= 0,gem
hanami/hanami,stars,dotenv,>= 0,gem
hanami/hanami,stars,sqlite3,>= 0,gem
hanami/hanami,stars,rouge,>= 0,gem
hanami/hanami,stars,hanami-utils,~> 3.0.0,gem
norman/friendly_id,stars,ffaker,>= 0,gem
norman/friendly_id,stars,i18n,>= 0,gem
norman/friendly_id,stars,mocha,~> 2.1,gem
norman/friendly_id,stars,pry,>= 0,gem
norman/friendly_id,stars,standard,>= 0,gem
norman/friendly_id,stars,sqlite3,>= 0,gem
norman/friendly_id,stars,byebug,>= 0,gem
norman/friendly_id,stars,yard,>= 0,gem
norman/friendly_id,stars,minitest,~> 5.3,gem
norman/friendly_id,stars,redcarpet,>= 0,gem
norman/friendly_id,stars,babosa,>= 0,gem
norman/friendly_id,stars,railties,>= 4.0,gem
norman/friendly_id,stars,activerecord-jdbcsqlite3-adapter,>= 1.3.0.beta2,gem
norman/friendly_id,stars,activerecord,>= 4.0.0,gem
norman/friendly_id,stars,rake,>= 0,gem
norman/friendly_id,stars,kramdown,>= 0,gem
norman/friendly_id,stars,simplecov,>= 0,gem
ryanb/cancan,stars,dm-core,~> 1.0.2,gem
ryanb/cancan,stars,mongoid,~> 2.0.0.beta.20,gem
ryanb/cancan,stars,dm-migrations,~> 1.0.2,gem
ryanb/cancan,stars,activerecord,~> 3.0.9,gem
ryanb/cancan,stars,rspec,~> 2.6.0,gem
ryanb/cancan,stars,rails,~> 3.0.9,gem
ryanb/cancan,stars,with_model,~> 0.2.5,gem
ryanb/cancan,stars,sqlite3,>= 0,gem
ryanb/cancan,stars,meta_where,>= 0,gem
ryanb/cancan,stars,bson_ext,~> 1.1,gem
ryanb/cancan,stars,dm-sqlite-adapter,~> 1.0.2,gem
ryanb/cancan,stars,supermodel,~> 0.1.4,gem
ryanb/cancan,stars,rr,~> 0.10.11,gem
ddollar/foreman,stars,yard,~> 0.9.11,gem
ddollar/foreman,stars,ronn-ng,>= 0,gem
ddollar/foreman,stars,fakefs,>= 0,gem
ddollar/foreman,stars,automatiek,>= 0,gem
ddollar/foreman,stars,simplecov,>= 0,gem
ddollar/foreman,stars,aws-s3,>= 0,gem
ddollar/foreman,stars,thor,~> 1.4,gem
ddollar/foreman,stars,rake,>= 0,gem
ddollar/foreman,stars,timecop,>= 0,gem
ddollar/foreman,stars,rspec,~> 3.5,gem
felixonmars/dnsmasq-china-list,stars,public_suffix,>= 0,gem
felixonmars/dnsmasq-china-list,stars,ipaddr,>= 0,gem
felixonmars/dnsmasq-china-list,stars,sus,>= 0,gem
felixonmars/dnsmasq-china-list,stars,colorize,>= 0,gem
felixonmars/dnsmasq-china-list,stars,concurrent-ruby,>= 0,gem
vcr/vcr,stars,excon,">= 0.62.0,< 1.0.0",gem
vcr/vcr,stars,rackup,>= 0,gem
vcr/vcr,stars,yard,>= 0,gem
vcr/vcr,stars,patron,0.6.3,gem
vcr/vcr,stars,hashdiff,">= 1.0.0.beta1,< 2.0.0",gem
vcr/vcr,stars,test-unit,~> 3.4.4,gem
vcr/vcr,stars,httpclient,>= 0,gem
vcr/vcr,stars,mime-types,>= 0,gem
vcr/vcr,stars,ethon,0.15.0,gem
vcr/vcr,stars,typhoeus,>= 1.1.0,gem
vcr/vcr,stars,codeclimate-test-reporter,~> 0.4,gem
vcr/vcr,stars,faraday,~> 2.0,gem
vcr/vcr,stars,sinatra,>= 0,gem
vcr/vcr,stars,rack,< 3,gem
vcr/vcr,stars,pry,~> 0.9,gem
vcr/vcr,stars,bigdecimal,>= 0,gem
vcr/vcr,stars,rspec,~> 3.0,gem
vcr/vcr,stars,faraday-typhoeus,>= 0,gem
vcr/vcr,stars,pry-doc,~> 0.6,gem
vcr/vcr,stars,faraday-multipart,>= 0,gem
vcr/vcr,stars,webrick,>= 0,gem
vcr/vcr,stars,aruba,~> 0.14.14,gem
vcr/vcr,stars,curb,~> 1.0.1,gem
vcr/vcr,stars,webmock,>= 0,gem
vcr/vcr,stars,mutex_m,>= 0,gem
vcr/vcr,stars,em-http-request,>= 0,gem
vcr/vcr,stars,timecop,>= 0,gem
vcr/vcr,stars,cucumber,~> 9.0,gem
vcr/vcr,stars,base64,>= 0,gem
vcr/vcr,stars,json,>= 0,gem
vcr/vcr,stars,rake,>= 12.3.3,gem
vcr/vcr,stars,faraday,~> 1.0,gem
vcr/vcr,stars,faraday-patron,~> 2.0,gem
vcr/vcr,stars,rack,~> 3.0,gem
rails/rails,forks,base64,0.3.0,gem
rails/rails,forks,herb,>= 0.10,gem
rails/rails,forks,uri,>= 0.13.1,gem
rails/rails,forks,ast,2.4.3,gem
rails/rails,forks,terser,1.2.4,gem
rails/rails,forks,rdoc,6.15.0,gem
rails/rails,forks,rack-cache,1.17.0,gem
rails/rails,forks,aws-sdk-core,3.230.0,gem
rails/rails,forks,beaneater,1.1.3,gem
rails/rails,forks,i18n,1.14.8,gem
rails/rails,forks,bcrypt_pbkdf,1.1.1,gem
rails/rails,forks,rack-session,2.1.1,gem
rails/rails,forks,drb,2.2.3,gem
rails/rails,forks,nio4r,~> 2.0,gem
rails/rails,forks,puma,6.5.0,gem
rails/rails,forks,websocket-driver,0.7.7,gem
rails/rails,forks,zeitwerk,~> 2.6,gem
rails/rails,forks,websocket-driver,>= 0.6.1,gem
rails/rails,forks,capybara,~> 2.15,gem
rails/rails,forks,spring-watcher-listen,~> 2.0.0,gem
rails/rails,forks,bootsnap,>= 1.1.0,gem
rails/rails,forks,thor,1.3.2,gem
rails/rails,forks,jsbundling-rails,1.3.1,gem
rails/rails,forks,queue_classic,4.0.0,gem
rails/rails,forks,protobug,0.1.0,gem
rails/rails,forks,globalid,>= 1.4.0,gem
rails/rails,forks,rack-protection,4.1.1,gem
rails/rails,forks,rails-html-sanitizer,1.7.0,gem
rails/rails,forks,bindex,0.8.1,gem
rails/rails,forks,minitest,6.0.6,gem
rails/rails,forks,webmock,3.25.0,gem
rails/rails,forks,timeout,>= 0.4.0,gem
rails/rails,forks,marcel,~> 2.0,gem
rails/rails,forks,public_suffix,6.0.1,gem
rails/rails,forks,aws-sigv4,1.12.1,gem
rails/rails,forks,httpclient,2.9.0,gem
rails/rails,forks,mini_mime,1.1.5,gem
rails/rails,forks,bunny,2.23.0,gem
rails/rails,forks,event_emitter,0.2.6,gem
rails/rails,forks,sprockets,4.2.1,gem
rails/rails,forks,faraday-net_http,3.4.2,gem
rails/rails,forks,resque-scheduler,4.11.0,gem
rails/rails,forks,rubocop-rails-omakase,1.0.0,gem
rails/rails,forks,msgpack,1.7.5,gem
rails/rails,forks,representable,3.2.0,gem
rails/rails,forks,mustermann,3.0.4,gem
rails/rails,forks,builder,3.3.0,gem
rails/rails,forks,io-console,0.8.1,gem
rails/rails,forks,selenium-webdriver,4.32.0,gem
rails/rails,forks,ffi,1.17.1,gem
rails/rails,forks,rouge,4.6.1,gem
rails/rails,forks,sprockets-rails,3.5.2,gem
rails/rails,forks,parser,3.3.12.0,gem
rails/rails,forks,websocket,1.2.11,gem
rails/rails,forks,concurrent-ruby,1.3.8,gem
rails/rails,forks,stimulus-rails,1.3.4,gem
rails/rails,forks,concurrent-ruby,"~> 1.0,>= 1.3.1",gem
rails/rails,forks,multi_json,1.21.2,gem
rails/rails,forks,bcrypt,3.1.20,gem
rails/rails,forks,listen,">= 3.0.5,< 3.2",gem
rails/rails,forks,tzinfo,2.0.6,gem
rails/rails,forks,json,3.0.1,gem
rails/rails,forks,mysql2,0.5.6,gem
rails/rails,forks,net-http,0.9.1,gem
rails/rails,forks,launchy,3.0.1,gem
rails/rails,forks,rbtree,0.4.7,gem
rails/rails,forks,tsort,0.2.0,gem
rails/rails,forks,rubyzip,2.4.1,gem
rails/rails,forks,aws-sdk-s3,1.197.0,gem
rails/rails,forks,bigdecimal,>= 0,gem
rails/rails,forks,google-protobuf,4.29.3,gem
rails/rails,forks,crack,1.0.0,gem
rails/rails,forks,rubocop,1.90.0,gem
rails/rails,forks,uri,1.0.3,gem
rails/rails,forks,rake,13.3.0,gem
rails/rails,forks,set,1.1.2,gem
rails/rails,forks,faraday,2.14.0,gem
rails/rails,forks,protobug_sigstore_protos,0.1.0,gem
rails/rails,forks,erubi,~> 1.11,gem
rails/rails,forks,rails-dom-testing,~> 2.2,gem
rails/rails,forks,rake,~> 13.0,gem
rails/rails,forks,kramdown,2.5.1,gem
rails/rails,forks,net-http,0.6.0,gem
rails/rails,forks,uri,1.0.4,gem
rails/rails,forks,tzinfo-data,>= 0,gem
rails/rails,forks,pg,1.6.3,gem
rails/rails,forks,et-orbi,1.2.11,gem
rails/rails,forks,net-imap,0.5.5,gem
rails/rails,forks,dalli,5.0.6,gem
rails/rails,forks,thruster,0.1.16,gem
rails/rails,forks,dotenv,3.1.7,gem
rails/rails,forks,rubocop-minitest,0.37.1,gem
rails/rails,forks,debug,1.10.0,gem
rails/rails,forks,redis-namespace,1.11.0,gem
rails/rails,forks,ruby-vips,2.3.0,gem
rails/rails,forks,chef-utils,18.6.2,gem
rails/rails,forks,aws-eventstream,1.4.0,gem
rails/rails,forks,prism,1.9.0,gem
rails/rails,forks,hashdiff,1.1.2,gem
rails/rails,forks,base64,>= 0,gem
rails/rails,forks,thor,"~> 1.0,>= 1.2.2",gem
rails/rails,forks,google-apis-storage_v1,0.49.0,gem
rails/rails,forks,w3c_validators,1.3.7,gem
rails/rails,forks,retriable,3.1.2,gem
rails/rails,forks,bootsnap,1.18.4,gem
rails/rails,forks,protobug_well_known_protos,0.1.0,gem
rails/rails,forks,turbo-rails,2.0.11,gem
rails/rails,forks,nio4r,2.7.4,gem
rails/rails,forks,image_processing,2.0.1,gem
rails/rails,forks,rubocop-ast,1.50.0,gem
rails/rails,forks,minitest,5.25.1,gem
rails/rails,forks,backburner,1.7.0,gem
rails/rails,forks,ffi-compiler,1.3.2,gem
rails/rails,forks,herb,0.10.3,gem
rails/rails,forks,serverengine,2.0.7,gem
rails/rails,forks,dante,0.2.0,gem
rails/rails,forks,lint_roller,1.1.0,gem
rails/rails,forks,spring,>= 0,gem
rails/rails,forks,importmap-rails,2.1.0,gem
rails/rails,forks,marcel,2.1.0,gem
rails/rails,forks,google-cloud-env,2.2.1,gem
rails/rails,forks,timeout,0.4.3,gem
rails/rails,forks,tilt,2.6.1,gem
rails/rails,forks,useragent,0.16.11,gem
rails/rails,forks,solid_cable,3.0.5,gem
rails/rails,forks,rb-fsevent,0.11.2,gem
rails/rails,forks,jwt,2.10.1,gem
rails/rails,forks,libxml-ruby,6.0.0,gem
rails/rails,forks,chromedriver-helper,>= 0,gem
rails/rails,forks,mini_magick,5.3.1,gem
rails/rails,forks,tailwindcss-ruby,3.4.17,gem
rails/rails,forks,reline,0.6.1,gem
rails/rails,forks,selenium-webdriver,>= 0,gem
rails/rails,forks,psych,5.2.6,gem
rails/rails,forks,globalid,1.4.0,gem
rails/rails,forks,aws-partitions,1.1150.0,gem
rails/rails,forks,os,1.1.4,gem
rails/rails,forks,json,>= 0,gem
rails/rails,forks,sorted_set,1.0.3,gem
rails/rails,forks,rubocop-rails,2.30.3,gem
rails/rails,forks,prism,~> 1.2,gem
rails/rails,forks,rails-html-sanitizer,~> 1.7,gem
rails/rails,forks,racc,1.8.1,gem
rails/rails,forks,logger,1.7.0,gem
rails/rails,forks,sdoc,2.6.5,gem
rails/rails,forks,minitest-mock,5.27.0,gem
rails/rails,forks,nokogiri,>= 1.8.5,gem
rails/rails,forks,drb,>= 0,gem
rails/rails,forks,unicode-display_width,3.2.0,gem
rails/rails,forks,nokogiri,1.19.1,gem
rails/rails,forks,crass,1.0.6,gem
rails/rails,forks,redcarpet,3.6.1,gem
rails/rails,forks,childprocess,5.1.0,gem
rails/rails,forks,securerandom,0.4.1,gem
rails/rails,forks,trailblazer-option,0.1.2,gem
rails/rails,forks,mixlib-shellout,3.3.4,gem
rails/rails,forks,google-cloud-core,1.7.1,gem
rails/rails,forks,regexp_parser,2.12.0,gem
rails/rails,forks,i18n,">= 1.6,< 2",gem
rails/rails,forks,rake,>= 12.2,gem
rails/rails,forks,action_text-trix,~> 2.1.16,gem
rails/rails,forks,mail,>= 2.8.0,gem
rails/rails,forks,net-sftp,4.0.0,gem
rails/rails,forks,rufus-scheduler,3.9.2,gem
rails/rails,forks,aws-sdk-kms,1.110.0,gem
rails/rails,forks,web-console,>= 3.3.0,gem
rails/rails,forks,rack-test,>= 0.6.3,gem
rails/rails,forks,tomlrb,2.0.3,gem
rails/rails,forks,solid_queue,1.1.2,gem
rails/rails,forks,mail,2.8.1,gem
rails/rails,forks,sneakers,2.11.0,gem
rails/rails,forks,sshkit,1.23.2,gem
rails/rails,forks,ostruct,0.6.1,gem
rails/rails,forks,connection_pool,3.0.2,gem
rails/rails,forks,net-scp,4.0.0,gem
rails/rails,forks,signet,0.19.0,gem
rails/rails,forks,rexml,3.4.0,gem
rails/rails,forks,mono_logger,1.1.2,gem
rails/rails,forks,minitest,>= 5.1,gem
rails/rails,forks,google-cloud-errors,1.4.0,gem
rails/rails,forks,mixlib-cli,2.1.8,gem
rails/rails,forks,xpath,3.2.0,gem
rails/rails,forks,listen,3.9.0,gem
rails/rails,forks,tailwindcss-rails,3.2.0,gem
rails/rails,forks,builder,~> 3.1,gem
rails/rails,forks,rackup,>= 1.0.0,gem
rails/rails,forks,redis-client,0.28.0,gem
rails/rails,forks,google-logging-utils,0.1.0,gem
rails/rails,forks,rack-test,2.2.0,gem
rails/rails,forks,google-cloud-storage,1.54.0,gem
rails/rails,forks,sigdump,0.2.5,gem
rails/rails,forks,loofah,2.25.0,gem
rails/rails,forks,erubi,1.13.1,gem
rails/rails,forks,net-protocol,0.2.2,gem
rails/rails,forks,psych,>= 4,gem
rails/rails,forks,redis,5.4.1,gem
rails/rails,forks,aws-sdk-sns,1.92.0,gem
rails/rails,forks,net-pop,0.1.2,gem
rails/rails,forks,solid_cache,1.0.6,gem
rails/rails,forks,dartsass-rails,0.5.1,gem
rails/rails,forks,rack,3.2.1,gem
rails/rails,forks,protobug_googleapis_field_behavior_protos,0.1.0,gem
rails/rails,forks,cssbundling-rails,1.4.1,gem
rails/rails,forks,ractor-dispatch,>= 0.2.0,gem
rails/rails,forks,propshaft,1.3.1,gem
rails/rails,forks,sass-embedded,1.83.4,gem
rails/rails,forks,google-apis-iamcredentials_v1,0.22.0,gem
rails/rails,forks,stackprof,0.2.28,gem
rails/rails,forks,digest-crc,0.6.5,gem
rails/rails,forks,googleauth,1.12.2,gem
rails/rails,forks,rainbow,3.1.1,gem
rails/rails,forks,mixlib-config,3.0.27,gem
rails/rails,forks,bundler-audit,0.9.3,gem
rails/rails,forks,mdl,0.12.0,gem
rails/rails,forks,ruby2_keywords,0.0.5,gem
rails/rails,forks,mini_portile2,2.8.9,gem
rails/rails,forks,pp,0.6.2,gem
rails/rails,forks,resque,2.7.0,gem
rails/rails,forks,jmespath,1.6.2,gem
rails/rails,forks,rb-inotify,0.11.1,gem
rails/rails,forks,bundler,>= 1.15.0,gem
rails/rails,forks,securerandom,>= 0.3,gem
rails/rails,forks,irb,1.15.2,gem
rails/rails,forks,matrix,0.4.2,gem
rails/rails,forks,zeitwerk,2.7.3,gem
rails/rails,forks,rake,13.2.1,gem
rails/rails,forks,thor,1.4.0,gem
rails/rails,forks,rackup,2.2.1,gem
rails/rails,forks,prettyprint,0.2.0,gem
rails/rails,forks,kamal,2.4.0,gem
rails/rails,forks,web-console,4.2.1,gem
rails/rails,forks,stringio,3.1.7,gem
rails/rails,forks,ractor-dispatch,0.2.0,gem
rails/rails,forks,rubocop-performance,1.24.0,gem
rails/rails,forks,net-smtp,0.5.1,gem
rails/rails,forks,addressable,2.8.7,gem
rails/rails,forks,amq-protocol,2.3.2,gem
rails/rails,forks,ed25519,1.3.0,gem
rails/rails,forks,net-ssh,7.3.0,gem
rails/rails,forks,date,3.4.1,gem
rails/rails,forks,sigstore-cli,0.2.2,gem
rails/rails,forks,rack-session,>= 1.0.1,gem
rails/rails,forks,execjs,2.10.0,gem
rails/rails,forks,rails-dom-testing,2.3.0,gem
rails/rails,forks,uber,0.1.0,gem
rails/rails,forks,websocket-extensions,0.1.5,gem
rails/rails,forks,declarative,0.0.20,gem
rails/rails,forks,byebug,>= 0,gem
rails/rails,forks,logger,>= 1.4.2,gem
rails/rails,forks,tzinfo,"~> 2.0,>= 2.0.5",gem
rails/rails,forks,irb,~> 1.13,gem
rails/rails,forks,parallel,2.1.0,gem
rails/rails,forks,ruby-progressbar,1.13.0,gem
rails/rails,forks,rack,>= 2.2.4,gem
rails/rails,forks,sigstore,0.2.2,gem
rails/rails,forks,connection_pool,>= 2.2.5,gem
rails/rails,forks,trilogy,2.11.0,gem
rails/rails,forks,raabro,1.4.0,gem
rails/rails,forks,erb,5.1.1,gem
rails/rails,forks,minitest,>= 0,gem
rails/rails,forks,rubocop-md,2.0.4,gem
rails/rails,forks,kramdown-parser-gfm,1.1.0,gem
rails/rails,forks,webrick,1.9.1,gem
rails/rails,forks,google-apis-core,0.15.1,gem
rails/rails,forks,websocket-client-simple,0.9.0,gem
rails/rails,forks,language_server-protocol,3.17.0.6,gem
rails/rails,forks,rubocop-packaging,0.6.0,gem
rails/rails,forks,argon2,2.3.2,gem
rails/rails,forks,action_text-trix,2.1.16,gem
rails/rails,forks,minitest-retry,0.2.3,gem
rails/rails,forks,tsort,>= 0.2,gem
rails/rails,forks,thor,~> 1.0,gem
rails/rails,forks,sqlite3,2.5.0,gem
rails/rails,forks,useragent,~> 0.16,gem
rails/rails,forks,globalid,>= 0.6.0,gem
rails/rails,forks,mutex_m,0.3.0,gem
rails/rails,forks,jbuilder,2.13.0,gem
rails/rails,forks,capybara,3.40.0,gem
rails/rails,forks,unicode-emoji,4.2.0,gem
rails/rails,forks,sinatra,4.1.1,gem
rails/rails,forks,fugit,1.11.1,gem
rails/rails,forks,brakeman,7.0.0,gem
rails/rails,forks,bigdecimal,4.1.2,gem
rapid7/metasploit-framework,forks,httpclient,2.9.0,gem
rapid7/metasploit-framework,forks,net-ssh,7.3.0,gem
rapid7/metasploit-framework,forks,allure-rspec,2.27.0,gem
rapid7/metasploit-framework,forks,rex-java,0.1.8,gem
rapid7/metasploit-framework,forks,rest-client,>= 0,gem
rapid7/metasploit-framework,forks,faraday,>= 0,gem
rapid7/metasploit-framework,forks,tzinfo,2.0.6,gem
rapid7/metasploit-framework,forks,sinatra,4.2.1,gem
rapid7/metasploit-framework,forks,metasploit_data_models,6.0.18,gem
rapid7/metasploit-framework,forks,strptime,0.2.5,gem
rapid7/metasploit-framework,forks,net-ldap,0.20.0,gem
rapid7/metasploit-framework,forks,daemons,1.4.1,gem
rapid7/metasploit-framework,forks,tomlrb,2.0.4,gem
rapid7/metasploit-framework,forks,openvas-omp,0.0.4,gem
rapid7/metasploit-framework,forks,mqtt,>= 0,gem
rapid7/metasploit-framework,forks,json,2.15.1,gem
rapid7/metasploit-framework,forks,prism,1.5.1,gem
rapid7/metasploit-framework,forks,rex-sslscan,0.1.13,gem
rapid7/metasploit-framework,forks,reline,0.6.2,gem
rapid7/metasploit-framework,forks,rex-ole,>= 0,gem
rapid7/metasploit-framework,forks,octokit,>= 0,gem
rapid7/metasploit-framework,forks,win32api,0.1.0,gem
rapid7/metasploit-framework,forks,rubyntlm,0.6.5,gem
rapid7/metasploit-framework,forks,with_env,1.1.0,gem
rapid7/metasploit-framework,forks,pry,0.14.2,gem
rapid7/metasploit-framework,forks,windows_error,>= 0,gem
rapid7/metasploit-framework,forks,msgpack,1.6.1,gem
rapid7/metasploit-framework,forks,forwardable,1.3.3,gem
rapid7/metasploit-framework,forks,chunky_png,1.4.0,gem
rapid7/metasploit-framework,forks,stringio,3.1.1,gem
rapid7/metasploit-framework,forks,aws-sdk-core,3.220.1,gem
rapid7/metasploit-framework,forks,irb,>= 0,gem
rapid7/metasploit-framework,forks,rex-core,>= 0,gem
rapid7/metasploit-framework,forks,rspec-support,3.13.6,gem
rapid7/metasploit-framework,forks,zeitwerk,2.7.3,gem
rapid7/metasploit-framework,forks,actionview,8.0.5,gem
rapid7/metasploit-framework,forks,railties,8.0.5,gem
rapid7/metasploit-framework,forks,rex-java,>= 0,gem
rapid7/metasploit-framework,forks,prettyprint,0.2.0,gem
rapid7/metasploit-framework,forks,rex-powershell,>= 0.1.105,gem
rapid7/metasploit-framework,forks,tzinfo,>= 0,gem
rapid7/metasploit-framework,forks,metasploit-model,>= 0,gem
rapid7/metasploit-framework,forks,openvas-omp,>= 0,gem
rapid7/metasploit-framework,forks,csv,3.3.5,gem
rapid7/metasploit-framework,forks,ruby-mysql,4.2.0,gem
rapid7/metasploit-framework,forks,rex-socket,>= 0,gem
rapid7/metasploit-framework,forks,concurrent-ruby,1.3.5,gem
rapid7/metasploit-framework,forks,bcrypt_pbkdf,1.1.1,gem
rapid7/metasploit-framework,forks,pdf-reader,2.14.1,gem
rapid7/metasploit-framework,forks,warden,1.2.9,gem
rapid7/metasploit-framework,forks,nexpose,7.3.0,gem
rapid7/metasploit-framework,forks,mini_portile2,2.8.9,gem
rapid7/metasploit-framework,forks,rspec,3.13.1,gem
rapid7/metasploit-framework,forks,liquid,4.0.4,gem
rapid7/metasploit-framework,forks,ffi,1.17.1,gem
rapid7/metasploit-framework,forks,bootsnap,>= 0,gem
rapid7/metasploit-framework,forks,hrr_rb_ssh-ed25519,>= 0,gem
rapid7/metasploit-framework,forks,bootsnap,1.18.4,gem
rapid7/metasploit-framework,forks,ostruct,0.6.1,gem
rapid7/metasploit-framework,forks,net-imap,>= 0,gem
rapid7/metasploit-framework,forks,json,>= 0,gem
rapid7/metasploit-framework,forks,rubyntlm,>= 0,gem
rapid7/metasploit-framework,forks,aarch64,2.1.0,gem
rapid7/metasploit-framework,forks,rasn1,0.14.0,gem
rapid7/metasploit-framework,forks,connection_pool,2.5.4,gem
rapid7/metasploit-framework,forks,rb-inotify,0.11.1,gem
rapid7/metasploit-framework,forks,rex-zip,>= 0,gem
rapid7/metasploit-framework,forks,net-sftp,>= 0,gem
rapid7/metasploit-framework,forks,rubocop,1.75.7,gem
rapid7/metasploit-framework,forks,rex-exploitation,0.1.44,gem
rapid7/metasploit-framework,forks,lru_redux,1.1.0,gem
rapid7/metasploit-framework,forks,unicode-emoji,4.1.0,gem
rapid7/metasploit-framework,forks,rex-registry,>= 0,gem
rapid7/metasploit-framework,forks,drb,2.2.3,gem
rapid7/metasploit-framework,forks,pry-byebug,3.11.0,gem
rapid7/metasploit-framework,forks,require_all,3.0.0,gem
rapid7/metasploit-framework,forks,method_source,1.1.0,gem
rapid7/metasploit-framework,forks,mime-types-data,3.2025.0924,gem
rapid7/metasploit-framework,forks,thor,1.5.0,gem
rapid7/metasploit-framework,forks,jsobfu,0.4.2,gem
rapid7/metasploit-framework,forks,http-cookie,>= 0,gem
rapid7/metasploit-framework,forks,netrc,0.11.0,gem
rapid7/metasploit-framework,forks,redcarpet,3.6.1,gem
rapid7/metasploit-framework,forks,rubocop-ast,1.47.1,gem
rapid7/metasploit-framework,forks,parallel,1.27.0,gem
rapid7/metasploit-framework,forks,simplecov-html,0.13.1,gem
rapid7/metasploit-framework,forks,ast,2.4.3,gem
rapid7/metasploit-framework,forks,gyoku,1.4.0,gem
rapid7/metasploit-framework,forks,jekyll-sass-converter,2.2.0,gem
rapid7/metasploit-framework,forks,zeitwerk,>= 0,gem
rapid7/metasploit-framework,forks,chunky_png,>= 0,gem
rapid7/metasploit-framework,forks,loofah,2.24.1,gem
rapid7/metasploit-framework,forks,aws-sdk-ec2,1.511.0,gem
rapid7/metasploit-framework,forks,pg,>= 0,gem
rapid7/metasploit-framework,forks,unix-crypt,>= 0,gem
rapid7/metasploit-framework,forks,openssl-cmac,2.0.2,gem
rapid7/metasploit-framework,forks,http-cookie,1.0.8,gem
rapid7/metasploit-framework,forks,rb-readline,0.5.5,gem
rapid7/metasploit-framework,forks,xmlrpc,0.3.3,gem
rapid7/metasploit-framework,forks,ruby_smb,3.3.21,gem
rapid7/metasploit-framework,forks,rex-arch,0.1.20,gem
rapid7/metasploit-framework,forks,pcaprub,>= 0,gem
rapid7/metasploit-framework,forks,metasm,>= 0,gem
rapid7/metasploit-framework,forks,dnsruby,>= 0,gem
rapid7/metasploit-framework,forks,rspec-expectations,3.13.5,gem
rapid7/metasploit-framework,forks,rex-random_identifier,0.1.21,gem
rapid7/metasploit-framework,forks,faye-websocket,0.11.3,gem
rapid7/metasploit-framework,forks,gssapi,1.3.1,gem
rapid7/metasploit-framework,forks,puma,>= 0,gem
rapid7/metasploit-framework,forks,net-smtp,>= 0,gem
rapid7/metasploit-framework,forks,xdr,3.0.1,gem
rapid7/metasploit-framework,forks,thin,2.0.1,gem
rapid7/metasploit-framework,forks,recog,3.1.14,gem
rapid7/metasploit-framework,forks,rouge,4.5.1,gem
rapid7/metasploit-framework,forks,rex-nop,>= 0,gem
rapid7/metasploit-framework,forks,rex-arch,>= 0,gem
rapid7/metasploit-framework,forks,language_server-protocol,3.17.0.5,gem
rapid7/metasploit-framework,forks,mqtt,0.7.0,gem
rapid7/metasploit-framework,forks,sassc,2.4.0,gem
rapid7/metasploit-framework,forks,aws-sdk-kms,1.99.0,gem
rapid7/metasploit-framework,forks,websocket-driver,0.7.7,gem
rapid7/metasploit-framework,forks,timecop,0.9.10,gem
rapid7/metasploit-framework,forks,aws-sdk-ec2,>= 0,gem
rapid7/metasploit-framework,forks,pdf-reader,>= 0,gem
rapid7/metasploit-framework,forks,xmlrpc,>= 0,gem
rapid7/metasploit-framework,forks,aws-sdk-iam,>= 0,gem
rapid7/metasploit-framework,forks,rackup,2.3.1,gem
rapid7/metasploit-framework,forks,rspec-rerun,1.1.0,gem
rapid7/metasploit-framework,forks,ruby-macho,4.1.0,gem
rapid7/metasploit-framework,forks,forwardable-extended,2.6.0,gem
rapid7/metasploit-framework,forks,aws-sdk-s3,>= 0,gem
rapid7/metasploit-framework,forks,openssl-ccm,>= 0,gem
rapid7/metasploit-framework,forks,nexpose,>= 0,gem
rapid7/metasploit-framework,forks,rspec-core,3.13.5,gem
rapid7/metasploit-framework,forks,erb,5.0.3,gem
rapid7/metasploit-framework,forks,erubi,1.13.1,gem
rapid7/metasploit-framework,forks,jekyll-sitemap,1.4.0,gem
rapid7/metasploit-framework,forks,hashdiff,1.2.1,gem
rapid7/metasploit-framework,forks,logging,2.4.0,gem
rapid7/metasploit-framework,forks,faker,3.5.1,gem
rapid7/metasploit-framework,forks,filesize,0.2.0,gem
rapid7/metasploit-framework,forks,sshkey,>= 0,gem
rapid7/metasploit-framework,forks,faraday-retry,>= 0,gem
rapid7/metasploit-framework,forks,winrm,2.3.9,gem
rapid7/metasploit-framework,forks,sshkey,3.0.0,gem
rapid7/metasploit-framework,forks,windows_error,0.1.6,gem
rapid7/metasploit-framework,forks,http-accept,1.7.0,gem
rapid7/metasploit-framework,forks,net-protocol,0.2.2,gem
rapid7/metasploit-framework,forks,rex-registry,0.1.6,gem
rapid7/metasploit-framework,forks,ruby-macho,>= 0,gem
rapid7/metasploit-framework,forks,win32api,>= 0,gem
rapid7/metasploit-framework,forks,rex-mime,>= 0,gem
rapid7/metasploit-framework,forks,arel-helpers,2.16.0,gem
rapid7/metasploit-framework,forks,sqlite3,2.9.4,gem
rapid7/metasploit-framework,forks,hashery,2.1.2,gem
rapid7/metasploit-framework,forks,rails-dom-testing,2.3.0,gem
rapid7/metasploit-framework,forks,pry-byebug,3.10.1,gem
rapid7/metasploit-framework,forks,byebug,12.0.0,gem
rapid7/metasploit-framework,forks,xml-simple,1.1.9,gem
rapid7/metasploit-framework,forks,rack-test,2.2.0,gem
rapid7/metasploit-framework,forks,base64,0.3.0,gem
rapid7/metasploit-framework,forks,date,3.4.1,gem
rapid7/metasploit-framework,forks,docile,1.4.1,gem
rapid7/metasploit-framework,forks,terminal-table,3.0.2,gem
rapid7/metasploit-framework,forks,rack,~> 3.1,gem
rapid7/metasploit-framework,forks,network_interface,>= 0,gem
rapid7/metasploit-framework,forks,pg,1.5.9,gem
rapid7/metasploit-framework,forks,activerecord,8.0.5,gem
rapid7/metasploit-framework,forks,rdoc,6.15.0,gem
rapid7/metasploit-framework,forks,nio4r,2.7.4,gem
rapid7/metasploit-framework,forks,faraday-retry,2.2.1,gem
rapid7/metasploit-framework,forks,rspec-rails,8.0.2,gem
rapid7/metasploit-framework,forks,coderay,1.1.3,gem
rapid7/metasploit-framework,forks,activesupport,8.0.5,gem
rapid7/metasploit-framework,forks,fivemat,1.3.7,gem
rapid7/metasploit-framework,forks,elftools,1.3.1,gem
rapid7/metasploit-framework,forks,rex-exploitation,>= 0,gem
rapid7/metasploit-framework,forks,xdr,~> 3.0,gem
rapid7/metasploit-framework,forks,metasploit-credential,6.0.25,gem
rapid7/metasploit-framework,forks,rest-client,2.1.0,gem
rapid7/metasploit-framework,forks,kramdown,2.5.1,gem
rapid7/metasploit-framework,forks,colorator,1.1.0,gem
rapid7/metasploit-framework,forks,redcarpet,>= 0,gem
rapid7/metasploit-framework,forks,packetfu,>= 0,gem
rapid7/metasploit-framework,forks,afm,0.2.2,gem
rapid7/metasploit-framework,forks,tilt,2.6.0,gem
rapid7/metasploit-framework,forks,unicode-display_width,2.6.0,gem
rapid7/metasploit-framework,forks,em-websocket,0.5.3,gem
rapid7/metasploit-framework,forks,net-ldap,>= 0,gem
rapid7/metasploit-framework,forks,mutex_m,0.3.0,gem
rapid7/metasploit-framework,forks,rex-socket,0.1.71,gem
rapid7/metasploit-framework,forks,rex-struct2,0.1.5,gem
rapid7/metasploit-framework,forks,kramdown-parser-gfm,1.1.0,gem
rapid7/metasploit-framework,forks,public_suffix,6.0.1,gem
rapid7/metasploit-framework,forks,jekyll-watch,2.2.1,gem
rapid7/metasploit-framework,forks,rex-encoder,>= 0,gem
rapid7/metasploit-framework,forks,elftools,>= 0,gem
rapid7/metasploit-framework,forks,rex-rop_builder,>= 0,gem
rapid7/metasploit-framework,forks,em-http-request,>= 0,gem
rapid7/metasploit-framework,forks,lru_redux,>= 0,gem
rapid7/metasploit-framework,forks,rake,13.2.1,gem
rapid7/metasploit-framework,forks,fiddle,1.1.6,gem
rapid7/metasploit-framework,forks,http_parser.rb,0.8.0,gem
rapid7/metasploit-framework,forks,ruby2_keywords,0.0.5,gem
rapid7/metasploit-framework,forks,lint_roller,1.1.0,gem
rapid7/metasploit-framework,forks,test-prof,1.4.4,gem
rapid7/metasploit-framework,forks,aws-sdk-iam,1.119.0,gem
rapid7/metasploit-framework,forks,io-console,0.8.1,gem
rapid7/metasploit-framework,forks,puma,6.6.0,gem
rapid7/metasploit-framework,forks,rex-ole,0.1.9,gem
rapid7/metasploit-framework,forks,rubyzip,3.3.0,gem
rapid7/metasploit-framework,forks,ed25519,1.4.0,gem
rapid7/metasploit-framework,forks,rainbow,3.1.1,gem
rapid7/metasploit-framework,forks,sinatra,~> 4.1,gem
rapid7/metasploit-framework,forks,em-socksify,0.3.3,gem
rapid7/metasploit-framework,forks,dnsruby,1.74.0,gem
rapid7/metasploit-framework,forks,logger,1.7.0,gem
rapid7/metasploit-framework,forks,simplecov,0.18.2,gem
rapid7/metasploit-framework,forks,ffi,< 1.17.0,gem
rapid7/metasploit-framework,forks,uri,1.1.1,gem
rapid7/metasploit-framework,forks,rb-readline,>= 0,gem
rapid7/metasploit-framework,forks,tzinfo-data,>= 0,gem
rapid7/metasploit-framework,forks,net-imap,0.5.6,gem
rapid7/metasploit-framework,forks,rinda,0.2.0,gem
rapid7/metasploit-framework,forks,aws-sdk-ssm,1.191.0,gem
rapid7/metasploit-framework,forks,abbrev,0.1.2,gem
rapid7/metasploit-framework,forks,rex-rop_builder,0.1.6,gem
rapid7/metasploit-framework,forks,jekyll,4.3.4,gem
rapid7/metasploit-framework,forks,bindata,2.4.15,gem
rapid7/metasploit-framework,forks,nokogiri,1.18.10,gem
rapid7/metasploit-framework,forks,unix-crypt,1.3.1,gem
rapid7/metasploit-framework,forks,webmock,3.26.2,gem
rapid7/metasploit-framework,forks,little-plugger,1.1.4,gem
rapid7/metasploit-framework,forks,em-http-request,1.1.7,gem
rapid7/metasploit-framework,forks,metasploit_payloads-mettle,1.0.48,gem
rapid7/metasploit-framework,forks,jekyll-include-cache,0.2.1,gem
rapid7/metasploit-framework,forks,net-ssh,>= 0,gem
rapid7/metasploit-framework,forks,metasploit_data_models,>= 6.0.15,gem
rapid7/metasploit-framework,forks,mime-types,3.7.0,gem
rapid7/metasploit-framework,forks,diff-lcs,1.6.2,gem
rapid7/metasploit-framework,forks,crass,1.0.6,gem
rapid7/metasploit-framework,forks,debug,1.11.0,gem
rapid7/metasploit-framework,forks,eventmachine,1.2.7,gem
rapid7/metasploit-framework,forks,ruby-progressbar,1.13.0,gem
rapid7/metasploit-framework,forks,octokit,10.0.0,gem
rapid7/metasploit-framework,forks,ttfunk,1.8.0,gem
rapid7/metasploit-framework,forks,openssl-ccm,1.2.3,gem
rapid7/metasploit-framework,forks,racc,1.8.1,gem
rapid7/metasploit-framework,forks,listen,3.9.0,gem
rapid7/metasploit-framework,forks,bcrypt_pbkdf,>= 0,gem
rapid7/metasploit-framework,forks,parallel,>= 0,gem
rapid7/metasploit-framework,forks,aws-sdk-ec2instanceconnect,1.55.0,gem
rapid7/metasploit-framework,forks,regexp_parser,2.11.3,gem
rapid7/metasploit-framework,forks,factory_bot,6.5.5,gem
rapid7/metasploit-framework,forks,pathutil,0.16.2,gem
rapid7/metasploit-framework,forks,ruby-mysql,>= 0,gem
rapid7/metasploit-framework,forks,rex-struct2,>= 0,gem
rapid7/metasploit-framework,forks,aarch64,>= 0,gem
rapid7/metasploit-framework,forks,multi_json,1.15.0,gem
rapid7/metasploit-framework,forks,addressable,2.8.7,gem
rapid7/metasploit-framework,forks,rex-bin_tools,0.1.17,gem
rapid7/metasploit-framework,forks,timeout,0.4.3,gem
rapid7/metasploit-framework,forks,metasploit-concern,>= 0,gem
rapid7/metasploit-framework,forks,allure-ruby-commons,2.27.0,gem
rapid7/metasploit-framework,forks,rex-powershell,0.1.105,gem
rapid7/metasploit-framework,forks,activemodel,8.0.5,gem
rapid7/metasploit-framework,forks,benchmark,0.4.1,gem
rapid7/metasploit-framework,forks,useragent,0.16.11,gem
rapid7/metasploit-framework,forks,net-smtp,0.5.1,gem
rapid7/metasploit-framework,forks,thin,~> 2.0,gem
rapid7/metasploit-framework,forks,faye-websocket,>= 0,gem
rapid7/metasploit-framework,forks,crack,1.0.1,gem
rapid7/metasploit-framework,forks,ipaddr,1.2.7,gem
rapid7/metasploit-framework,forks,nessus_rest,0.1.6,gem
rapid7/metasploit-framework,forks,syslog,0.3.0,gem
rapid7/metasploit-framework,forks,rex-random_identifier,>= 0,gem
rapid7/metasploit-framework,forks,pp,0.6.3,gem
rapid7/metasploit-framework,forks,rspec-mocks,3.13.5,gem
rapid7/metasploit-framework,forks,unicode-display_width,3.2.0,gem
rapid7/metasploit-framework,forks,aws-partitions,1.1065.0,gem
rapid7/metasploit-framework,forks,bcrypt,>= 0,gem
rapid7/metasploit-framework,forks,pcaprub,0.13.3,gem
rapid7/metasploit-framework,forks,rubyzip,>= 0,gem
rapid7/metasploit-framework,forks,sqlite3,~> 2.1,gem
rapid7/metasploit-framework,forks,network_interface,0.0.4,gem
rapid7/metasploit-framework,forks,builder,3.3.0,gem
rapid7/metasploit-framework,forks,mercenary,0.4.0,gem
rapid7/metasploit-framework,forks,ed25519,>= 0,gem
rapid7/metasploit-framework,forks,warden,>= 0,gem
rapid7/metasploit-framework,forks,rex-text,>= 0,gem
rapid7/metasploit-framework,forks,i18n,1.14.7,gem
rapid7/metasploit-framework,forks,domain_name,0.6.20240107,gem
rapid7/metasploit-framework,forks,rex-zip,0.1.6,gem
rapid7/metasploit-framework,forks,hrr_rb_ssh,0.4.2,gem
rapid7/metasploit-framework,forks,ruby_smb,~> 3.3.19,gem
rapid7/metasploit-framework,forks,recog,>= 0,gem
rapid7/metasploit-framework,forks,rex-text,0.2.63,gem
rapid7/metasploit-framework,forks,rake,13.3.0,gem
rapid7/metasploit-framework,forks,memory_profiler,1.1.0,gem
rapid7/metasploit-framework,forks,rex-encoder,0.1.10,gem
rapid7/metasploit-framework,forks,aws-sdk-s3,1.182.0,gem
rapid7/metasploit-framework,forks,bson,5.1.1,gem
rapid7/metasploit-framework,forks,mustermann,3.0.3,gem
rapid7/metasploit-framework,forks,rex-mime,0.1.11,gem
rapid7/metasploit-framework,forks,ruby-prof,1.7.2,gem
rapid7/metasploit-framework,forks,public_suffix,6.0.2,gem
rapid7/metasploit-framework,forks,rack-protection,4.2.1,gem
rapid7/metasploit-framework,forks,packetfu,2.0.0,gem
rapid7/metasploit-framework,forks,rex-nop,0.1.4,gem
rapid7/metasploit-framework,forks,securerandom,0.4.1,gem
rapid7/metasploit-framework,forks,msgpack,~> 1.6.0,gem
rapid7/metasploit-framework,forks,aws-sdk-ec2instanceconnect,>= 0,gem
rapid7/metasploit-framework,forks,rack-session,2.1.2,gem
rapid7/metasploit-framework,forks,factory_bot_rails,6.5.1,gem
rapid7/metasploit-framework,forks,bcrypt,3.1.20,gem
rapid7/metasploit-framework,forks,sawyer,0.9.2,gem
rapid7/metasploit-framework,forks,patch_finder,1.0.2,gem
rapid7/metasploit-framework,forks,cookiejar,0.3.4,gem
rapid7/metasploit-framework,forks,eventmachine,>= 0,gem
rapid7/metasploit-framework,forks,jsobfu,>= 0,gem
rapid7/metasploit-framework,forks,filesize,>= 0,gem
rapid7/metasploit-framework,forks,rex-bin_tools,>= 0,gem
rapid7/metasploit-framework,forks,reline,>= 0,gem
rapid7/metasploit-framework,forks,net-sftp,4.0.0,gem
rapid7/metasploit-framework,forks,yard,0.9.37,gem
rapid7/metasploit-framework,forks,safe_yaml,1.0.5,gem
rapid7/metasploit-framework,forks,patch_finder,>= 0,gem
rapid7/metasploit-framework,forks,winrm,>= 0,gem
rapid7/metasploit-framework,forks,parser,3.3.9.0,gem
rapid7/metasploit-framework,forks,aws-eventstream,1.3.2,gem
rapid7/metasploit-framework,forks,webrick,1.9.1,gem
rapid7/metasploit-framework,forks,rex-core,0.1.36,gem
rapid7/metasploit-framework,forks,getoptlong,0.2.1,gem
rapid7/metasploit-framework,forks,faraday,2.7.11,gem
rapid7/metasploit-framework,forks,rack,3.1.21,gem
rapid7/metasploit-framework,forks,json-schema,6.2.0,gem
rapid7/metasploit-framework,forks,Ascii85,2.0.1,gem
rapid7/metasploit-framework,forks,psych,5.3.1,gem
rapid7/metasploit-framework,forks,minitest,5.25.5,gem
rapid7/metasploit-framework,forks,faraday-net_http,3.0.2,gem
rapid7/metasploit-framework,forks,metasm,1.0.6,gem
rapid7/metasploit-framework,forks,byebug,11.1.3,gem
rapid7/metasploit-framework,forks,metasploit-credential,>= 6.0.21,gem
rapid7/metasploit-framework,forks,rkelly-remix,0.0.7,gem
rapid7/metasploit-framework,forks,actionpack,8.0.5,gem
rapid7/metasploit-framework,forks,jmespath,1.6.2,gem
rapid7/metasploit-framework,forks,pry,0.15.2,gem
rapid7/metasploit-framework,forks,bigdecimal,3.3.1,gem
rapid7/metasploit-framework,forks,rex-sslscan,>= 0,gem
rapid7/metasploit-framework,forks,nokogiri,>= 0,gem
rapid7/metasploit-framework,forks,faker,>= 0,gem
rapid7/metasploit-framework,forks,hrr_rb_ssh-ed25519,0.4.2,gem
rapid7/metasploit-framework,forks,simpleidn,0.2.3,gem
rapid7/metasploit-framework,forks,tzinfo-data,1.2025.1,gem
rapid7/metasploit-framework,forks,metasploit-concern,5.0.6,gem
rapid7/metasploit-framework,forks,rails-html-sanitizer,1.6.2,gem
rapid7/metasploit-framework,forks,nessus_rest,>= 0,gem
rapid7/metasploit-framework,forks,aws-sdk-ssm,>= 0,gem
rapid7/metasploit-framework,forks,ruby-rc4,0.1.5,gem
rapid7/metasploit-framework,forks,nori,2.7.1,gem
rapid7/metasploit-framework,forks,irb,1.15.2,gem
rapid7/metasploit-framework,forks,swagger-blocks,3.0.0,gem
rapid7/metasploit-framework,forks,ffi,1.16.3,gem
rapid7/metasploit-framework,forks,jekyll-seo-tag,2.8.0,gem
rapid7/metasploit-framework,forks,rb-fsevent,0.11.2,gem
rapid7/metasploit-framework,forks,swagger-blocks,>= 0,gem
rapid7/metasploit-framework,forks,metasploit-payloads,2.0.247,gem
rapid7/metasploit-framework,forks,tsort,0.2.0,gem
rapid7/metasploit-framework,forks,websocket-extensions,0.1.5,gem
rapid7/metasploit-framework,forks,aws-sigv4,1.11.0,gem
rapid7/metasploit-framework,forks,mcp,0.13.0,gem
rapid7/metasploit-framework,forks,bson,>= 0,gem
rapid7/metasploit-framework,forks,rexml,3.4.1,gem
rapid7/metasploit-framework,forks,metasploit-model,5.0.5,gem
github/explore,forks,racc,1.8.1,gem
github/explore,forks,forwardable-extended,2.6.0,gem
github/explore,forks,language_server-protocol,3.17.0.6,gem
github/explore,forks,jekyll-github-metadata,2.16.1,gem
github/explore,forks,rake,13.4.2,gem
github/explore,forks,sass,3.7.4,gem
github/explore,forks,base64,0.2.0,gem
github/explore,forks,github-pages,232,gem
github/explore,forks,rubocop,1.90.0,gem
github/explore,forks,terminal-table,1.6.0,gem
github/explore,forks,jekyll-theme-modernist,0.2.0,gem
github/explore,forks,logger,1.7.0,gem
github/explore,forks,jekyll-commonmark-ghpages,0.5.1,gem
github/explore,forks,tzinfo,2.0.6,gem
github/explore,forks,net-http,0.9.1,gem
github/explore,forks,safe_yaml,1.0.5,gem
github/explore,forks,json,2.21.2,gem
github/explore,forks,jekyll-paginate,1.1.0,gem
github/explore,forks,parser,3.3.12.0,gem
github/explore,forks,rubocop-ast,1.50.0,gem
github/explore,forks,bigdecimal,4.0.1,gem
github/explore,forks,ffi,1.17.2,gem
github/explore,forks,execjs,2.10.0,gem
github/explore,forks,benchmark,0.4.1,gem
github/explore,forks,jekyll-watch,2.2.1,gem
github/explore,forks,reline,0.6.3,gem
github/explore,forks,html-pipeline,2.14.3,gem
github/explore,forks,regexp_parser,2.12.0,gem
github/explore,forks,jekyll-default-layout,0.1.5,gem
github/explore,forks,jekyll-theme-tactile,0.2.0,gem
github/explore,forks,eventmachine,1.2.7,gem
github/explore,forks,jekyll-theme-cayman,0.2.0,gem
github/explore,forks,jekyll-readme-index,0.3.0,gem
github/explore,forks,jekyll-theme-slate,0.2.0,gem
github/explore,forks,method_source,1.1.0,gem
github/explore,forks,coffee-script,2.4.1,gem
github/explore,forks,sass-listen,4.0.0,gem
github/explore,forks,jekyll-remote-theme,0.4.3,gem
github/explore,forks,jekyll-theme-time-machine,0.2.0,gem
github/explore,forks,rubyzip,2.4.1,gem
github/explore,forks,jekyll-titles-from-headings,0.5.3,gem
github/explore,forks,jekyll-theme-merlot,0.2.0,gem
github/explore,forks,octokit,4.25.1,gem
github/explore,forks,parallel,2.1.0,gem
github/explore,forks,coffee-script-source,1.12.2,gem
github/explore,forks,listen,3.9.0,gem
github/explore,forks,rouge,3.30.0,gem
github/explore,forks,mercenary,0.3.6,gem
github/explore,forks,uri,1.1.1,gem
github/explore,forks,minima,2.5.1,gem
github/explore,forks,pry,0.16.0,gem
github/explore,forks,unicode-display_width,3.2.0,gem
github/explore,forks,jekyll-swiss,1.0.0,gem
github/explore,forks,rb-fsevent,0.11.2,gem
github/explore,forks,jekyll-theme-dinky,0.2.0,gem
github/explore,forks,jemoji,0.13.0,gem
github/explore,forks,drb,2.2.3,gem
github/explore,forks,unicode-emoji,4.2.0,gem
github/explore,forks,jekyll-sitemap,1.4.0,gem
github/explore,forks,jekyll-coffeescript,1.2.2,gem
github/explore,forks,webrick,1.9.2,gem
github/explore,forks,lint_roller,1.1.0,gem
github/explore,forks,jekyll-mentions,1.6.0,gem
github/explore,forks,jekyll-avatar,0.8.0,gem
github/explore,forks,commonmarker,0.23.11,gem
github/explore,forks,mini_mime,1.1.5,gem
github/explore,forks,jekyll-commonmark,1.4.0,gem
github/explore,forks,securerandom,0.4.1,gem
github/explore,forks,jekyll-theme-leap-day,0.2.0,gem
github/explore,forks,colorator,1.1.0,gem
github/explore,forks,ast,2.4.3,gem
github/explore,forks,dnsruby,1.72.3,gem
github/explore,forks,github-pages-health-check,1.18.2,gem
github/explore,forks,public_suffix,5.1.1,gem
github/explore,forks,httparty,0.24.2,gem
github/explore,forks,coderay,1.1.3,gem
github/explore,forks,ruby-progressbar,1.13.0,gem
github/explore,forks,io-console,0.8.2,gem
github/explore,forks,minitest,6.0.6,gem
github/explore,forks,jekyll-theme-midnight,0.2.0,gem
github/explore,forks,jekyll-redirect-from,0.16.0,gem
github/explore,forks,rb-inotify,0.11.1,gem
github/explore,forks,jekyll-include-cache,0.2.1,gem
github/explore,forks,pathutil,0.16.2,gem
github/explore,forks,nokogiri,1.19.4,gem
github/explore,forks,jekyll-optional-front-matter,0.3.2,gem
github/explore,forks,fastimage,2.4.1,gem
github/explore,forks,prism,1.9.0,gem
github/explore,forks,jekyll-relative-links,0.6.1,gem
github/explore,forks,jekyll-theme-primer,0.6.0,gem
github/explore,forks,jekyll-theme-minimal,0.2.0,gem
github/explore,forks,rubocop-performance,1.27.0,gem
github/explore,forks,jekyll-gist,1.5.0,gem
github/explore,forks,addressable,2.9.0,gem
github/explore,forks,mini_portile2,2.8.9,gem
github/explore,forks,simpleidn,0.2.3,gem
github/explore,forks,ethon,0.16.0,gem
github/explore,forks,liquid,4.0.4,gem
github/explore,forks,jekyll-theme-architect,0.2.0,gem
github/explore,forks,jekyll,3.10.0,gem
github/explore,forks,gemoji,4.1.0,gem
github/explore,forks,sawyer,0.9.2,gem
github/explore,forks,jekyll-seo-tag,2.8.0,gem
github/explore,forks,http_parser.rb,0.8.0,gem
github/explore,forks,kramdown-parser-gfm,1.1.0,gem
github/explore,forks,faraday,2.14.3,gem
github/explore,forks,rexml,3.4.2,gem
github/explore,forks,i18n,1.14.7,gem
github/explore,forks,activesupport,8.0.2,gem
github/explore,forks,rainbow,3.1.1,gem
github/explore,forks,concurrent-ruby,1.3.7,gem
github/explore,forks,jekyll-feed,0.17.0,gem
github/explore,forks,faraday-net_http,3.4.4,gem
github/explore,forks,faraday-retry,2.4.0,gem
github/explore,forks,jekyll-theme-hacker,0.2.0,gem
github/explore,forks,typhoeus,1.4.1,gem
github/explore,forks,csv,3.3.5,gem
github/explore,forks,multi_xml,0.8.1,gem
github/explore,forks,connection_pool,2.5.3,gem
github/explore,forks,em-websocket,0.5.3,gem
github/explore,forks,kramdown,2.4.0,gem
github/explore,forks,jekyll-sass-converter,1.5.2,gem
Homebrew/brew,forks,fiber-annotation,0.2.0,gem
Homebrew/brew,forks,ast,2.4.3,gem
Homebrew/brew,forks,thor,1.5.0,gem
Homebrew/brew,forks,elftools,2.0.0,gem
Homebrew/brew,forks,unicode-emoji,4.2.0,gem
Homebrew/brew,forks,rouge,4.7.0,gem
Homebrew/brew,forks,rb-inotify,0.11.1,gem
Homebrew/brew,forks,pathutil,0.16.2,gem
Homebrew/brew,forks,public_suffix,7.0.5,gem
Homebrew/brew,forks,sass-embedded,1.103.1,gem
Homebrew/brew,forks,jekyll-seo-tag,2.9.0,gem
Homebrew/brew,forks,lint_roller,1.1.0,gem
Homebrew/brew,forks,mixlib-shellout,3.4.10,gem
Homebrew/brew,forks,async,2.45.1,gem
Homebrew/brew,forks,mdl,0.18.1,gem
Homebrew/brew,forks,kramdown-parser-gfm,1.1.0,gem
Homebrew/brew,forks,eventmachine,1.2.7,gem
Homebrew/brew,forks,webrick,1.9.2,gem
Homebrew/brew,forks,base64,0.3.0,gem
Homebrew/brew,forks,rubocop,1.90.0,gem
Homebrew/brew,forks,addressable,2.9.0,gem
Homebrew/brew,forks,sorbet-static-and-runtime,0.6.13454,gem
Homebrew/brew,forks,simpleidn,0.2.3,gem
Homebrew/brew,forks,diff-lcs,1.6.2,gem
Homebrew/brew,forks,yard,0.9.45,gem
Homebrew/brew,forks,prism,1.9.0,gem
Homebrew/brew,forks,jekyll-watch,2.2.1,gem
Homebrew/brew,forks,jekyll-relative-links,0.8.0,gem
Homebrew/brew,forks,rubocop-ast,1.50.0,gem
Homebrew/brew,forks,rubocop-performance,1.27.0,gem
Homebrew/brew,forks,jekyll-sass-converter,3.1.0,gem
Homebrew/brew,forks,rexml,3.4.4,gem
Homebrew/brew,forks,rainbow,3.1.1,gem
Homebrew/brew,forks,patchelf,1.6.2,gem
Homebrew/brew,forks,benchmark,0.5.0,gem
Homebrew/brew,forks,ostruct,0.6.3,gem
Homebrew/brew,forks,parallel,2.1.0,gem
Homebrew/brew,forks,rubocop-rspec,3.10.2,gem
Homebrew/brew,forks,rspec,3.13.2,gem
Homebrew/brew,forks,erubi,1.13.1,gem
Homebrew/brew,forks,tomlrb,2.0.4,gem
Homebrew/brew,forks,liquid,4.0.4,gem
Homebrew/brew,forks,rubocop-md,2.0.4,gem
Homebrew/brew,forks,google-protobuf,4.36.0,gem
Homebrew/brew,forks,concurrent-ruby,1.3.8,gem
Homebrew/brew,forks,ffi,1.17.4,gem
Homebrew/brew,forks,rake,13.4.2,gem
Homebrew/brew,forks,fiber-local,1.1.0,gem
Homebrew/brew,forks,parallel_tests,5.7.0,gem
Homebrew/brew,forks,rspec-expectations,3.13.5,gem
Homebrew/brew,forks,unicode-display_width,3.2.0,gem
Homebrew/brew,forks,minitest,6.0.6,gem
Homebrew/brew,forks,mixlib-cli,2.1.8,gem
Homebrew/brew,forks,bigdecimal,3.3.1,gem
Homebrew/brew,forks,i18n,1.15.2,gem
Homebrew/brew,forks,rspec-sorbet,1.9.2,gem
Homebrew/brew,forks,require-hooks,0.5.1,gem
Homebrew/brew,forks,logger,1.7.0,gem
Homebrew/brew,forks,unicode-display_width,2.6.0,gem
Homebrew/brew,forks,sorbet,0.6.13454,gem
Homebrew/brew,forks,bindata,3.0.0,gem
Homebrew/brew,forks,erb,6.0.7,gem
Homebrew/brew,forks,rspec-mocks,3.13.8,gem
Homebrew/brew,forks,terminal-table,3.0.2,gem
Homebrew/brew,forks,html-proofer,5.2.2,gem
Homebrew/brew,forks,reline,0.7.0,gem
Homebrew/brew,forks,yard-sorbet,0.9.0,gem
Homebrew/brew,forks,rspec_junit_formatter,0.6.0,gem
Homebrew/brew,forks,drb,2.2.3,gem
Homebrew/brew,forks,ruby-prof,2.0.5,gem
Homebrew/brew,forks,forwardable-extended,2.6.0,gem
Homebrew/brew,forks,jekyll-optional-front-matter,0.3.3,gem
Homebrew/brew,forks,racc,1.8.1,gem
Homebrew/brew,forks,language_server-protocol,3.17.0.6,gem
Homebrew/brew,forks,parser,3.3.12.0,gem
Homebrew/brew,forks,jekyll,4.4.1,gem
Homebrew/brew,forks,fiber-storage,1.0.1,gem
Homebrew/brew,forks,irb,1.18.0,gem
Homebrew/brew,forks,afm,1.0.0,gem
Homebrew/brew,forks,json_schemer,2.5.0,gem
Homebrew/brew,forks,rspec-github,3.0.0,gem
Homebrew/brew,forks,spoom,1.8.7,gem
Homebrew/brew,forks,mercenary,0.4.0,gem
Homebrew/brew,forks,csv,3.3.6,gem
Homebrew/brew,forks,sorbet-runtime,0.6.13454,gem
Homebrew/brew,forks,jekyll-titles-from-headings,0.5.4,gem
Homebrew/brew,forks,http_parser.rb,0.8.1,gem
Homebrew/brew,forks,rspec-retry,0.6.2,gem
Homebrew/brew,forks,jekyll-redirect-from,0.16.0,gem
Homebrew/brew,forks,tsort,0.2.0,gem
Homebrew/brew,forks,simplecov-cobertura,4.0.0,gem
Homebrew/brew,forks,plist,3.7.2,gem
Homebrew/brew,forks,test-prof,1.6.3,gem
Homebrew/brew,forks,netrc,0.11.0,gem
Homebrew/brew,forks,rb-fsevent,0.11.2,gem
Homebrew/brew,forks,safe_yaml,1.0.5,gem
Homebrew/brew,forks,mixlib-config,3.0.27,gem
Homebrew/brew,forks,sorbet-static,0.6.13454,gem
Homebrew/brew,forks,rdoc,8.0.0,gem
Homebrew/brew,forks,ttfunk,1.8.0,gem
Homebrew/brew,forks,tapioca,0.19.2,gem
Homebrew/brew,forks,rspec-core,3.13.6,gem
Homebrew/brew,forks,vernier,1.11.0,gem
Homebrew/brew,forks,rspec-support,3.13.7,gem
Homebrew/brew,forks,pdf-reader,2.16.0,gem
Homebrew/brew,forks,ethon,0.18.0,gem
Homebrew/brew,forks,ruby-lsp,0.26.11,gem
Homebrew/brew,forks,colorator,1.1.0,gem
Homebrew/brew,forks,io-console,0.9.2,gem
Homebrew/brew,forks,yell,2.2.2,gem
Homebrew/brew,forks,simplecov,1.1.1,gem
Homebrew/brew,forks,hashery,2.1.2,gem
Homebrew/brew,forks,rubydex,0.4.0,gem
Homebrew/brew,forks,stackprof,0.2.28,gem
Homebrew/brew,forks,bigdecimal,4.1.2,gem
Homebrew/brew,forks,nokogiri,1.19.4,gem
Homebrew/brew,forks,json,2.21.2,gem
Homebrew/brew,forks,jekyll-sitemap,1.4.0,gem
Homebrew/brew,forks,em-websocket,0.5.3,gem
Homebrew/brew,forks,rbs,4.2.0,gem
Homebrew/brew,forks,listen,3.10.0,gem
Homebrew/brew,forks,zeitwerk,2.8.3,gem
Homebrew/brew,forks,io-event,1.21.1,gem
Homebrew/brew,forks,console,1.37.0,gem
Homebrew/brew,forks,hana,1.3.7,gem
Homebrew/brew,forks,typhoeus,1.6.0,gem
Homebrew/brew,forks,prettyprint,0.2.0,gem
Homebrew/brew,forks,Ascii85,2.0.1,gem
Homebrew/brew,forks,chef-utils,19.3.15,gem
Homebrew/brew,forks,uri,1.1.1,gem
Homebrew/brew,forks,kramdown,2.5.2,gem
Homebrew/brew,forks,rbi,0.4.3,gem
Homebrew/brew,forks,pp,0.6.4,gem
Homebrew/brew,forks,regexp_parser,2.12.0,gem
Homebrew/brew,forks,ruby-progressbar,1.13.0,gem
Homebrew/brew,forks,rubocop-sorbet,0.15.0,gem
Homebrew/brew,forks,ruby-macho,6.0.0,gem
jekyll/jekyll,forks,activesupport,< 7.1.0,gem
jekyll/jekyll,forks,rouge,">= 3.0,< 5.0",gem
jekyll/jekyll,forks,jekyll_test_plugin,>= 0,gem
jekyll/jekyll,forks,liquid-c,~> 4.0,gem
jekyll/jekyll,forks,jekyll-avatar,>= 0,gem
jekyll/jekyll,forks,liquid,~> 4.0,gem
jekyll/jekyll,forks,nokogiri,~> 1.7,gem
jekyll/jekyll,forks,stackprof,>= 0,gem
jekyll/jekyll,forks,terminal-table,">= 1.8,< 4.0",gem
jekyll/jekyll,forks,cucumber,~> 9.0,gem
jekyll/jekyll,forks,rubocop-performance,>= 0,gem
jekyll/jekyll,forks,addressable,~> 2.4,gem
jekyll/jekyll,forks,jekyll-seo-tag,>= 0,gem
jekyll/jekyll,forks,em-websocket,~> 0.5,gem
jekyll/jekyll,forks,rubocop-minitest,>= 0,gem
jekyll/jekyll,forks,memory_profiler,>= 0,gem
jekyll/jekyll,forks,jruby-openssl,>= 0,gem
jekyll/jekyll,forks,rubocop-rake,>= 0,gem
jekyll/jekyll,forks,jekyll-paginate,>= 0,gem
jekyll/jekyll,forks,jekyll_test_plugin_malicious,>= 0,gem
jekyll/jekyll,forks,mercenary,"~> 0.3,>= 0.3.6",gem
jekyll/jekyll,forks,json,~> 2.6,gem
jekyll/jekyll,forks,jekyll-feed,~> 0.9,gem
jekyll/jekyll,forks,tomlrb,>= 0,gem
jekyll/jekyll,forks,rdoc,~> 6.0,gem
jekyll/jekyll,forks,ruby-prof,>= 0,gem
jekyll/jekyll,forks,yajl-ruby,~> 1.4,gem
jekyll/jekyll,forks,jemoji,>= 0,gem
jekyll/jekyll,forks,jekyll-watch,~> 2.0,gem
jekyll/jekyll,forks,pry,>= 0,gem
jekyll/jekyll,forks,minitest,>= 0,gem
jekyll/jekyll,forks,kramdown,"~> 2.3,>= 2.3.1",gem
jekyll/jekyll,forks,jekyll-sass-converter,">= 2.0,< 4.0",gem
jekyll/jekyll,forks,psych,~> 4.0,gem
jekyll/jekyll,forks,rake,~> 13.0,gem
jekyll/jekyll,forks,simplecov,>= 0,gem
jekyll/jekyll,forks,mime-types,~> 3.0,gem
jekyll/jekyll,forks,logger,~> 1.3,gem
jekyll/jekyll,forks,rspec-mocks,>= 0,gem
jekyll/jekyll,forks,shoulda-context,>= 0,gem
jekyll/jekyll,forks,rubocop,~> 1.57.2,gem
jekyll/jekyll,forks,jekyll-redirect-from,>= 0,gem
jekyll/jekyll,forks,rspec,>= 0,gem
jekyll/jekyll,forks,base64,~> 0.2,gem
jekyll/jekyll,forks,safe_yaml,~> 1.0,gem
jekyll/jekyll,forks,pathutil,~> 0.9,gem
jekyll/jekyll,forks,classifier-reborn,~> 2.2,gem
jekyll/jekyll,forks,jekyll-mentions,>= 0,gem
jekyll/jekyll,forks,rbtrace,>= 0,gem
jekyll/jekyll,forks,rubocop-rspec,>= 0,gem
jekyll/jekyll,forks,launchy,~> 2.3,gem
jekyll/jekyll,forks,jekyll-gist,>= 0,gem
jekyll/jekyll,forks,matrix,>= 0,gem
jekyll/jekyll,forks,csv,~> 3.0,gem
jekyll/jekyll,forks,colorator,~> 1.0,gem
jekyll/jekyll,forks,http_parser.rb,~> 0.6.0,gem
jekyll/jekyll,forks,kramdown-syntax-coderay,>= 0,gem
jekyll/jekyll,forks,minitest-reporters,>= 0,gem
jekyll/jekyll,forks,jekyll-coffeescript,>= 0,gem
jekyll/jekyll,forks,i18n,~> 1.0,gem
jekyll/jekyll,forks,kramdown-parser-gfm,~> 1.0,gem
jekyll/jekyll,forks,benchmark-ips,>= 0,gem
jekyll/jekyll,forks,minitest-profile,>= 0,gem
jekyll/jekyll,forks,tzinfo-data,>= 0,gem
jekyll/jekyll,forks,webrick,~> 1.7,gem
jekyll/jekyll,forks,httpclient,>= 0,gem
jekyll/jekyll,forks,jekyll-sitemap,>= 0,gem
discourse/discourse,forks,aws-sdk-sts,1.12.0,gem
discourse/discourse,forks,oauth,1.1.8,gem
discourse/discourse,forks,redis-namespace,1.11.0,gem
discourse/discourse,forks,strscan,3.1.8,gem
discourse/discourse,forks,sshkey,3.0.0,gem
discourse/discourse,forks,rubyzip,3.5.0,gem
discourse/discourse,forks,aws-sdk-s3,1.227.0,gem
discourse/discourse,forks,rinku,2.0.6,gem
discourse/discourse,forks,activerecord,8.0.5.1,gem
discourse/discourse,forks,pg,1.6.3,gem
discourse/discourse,forks,sqlite3,2.9.6,gem
discourse/discourse,forks,minitest,6.0.6,gem
discourse/discourse,forks,rack,2.2.24,gem
discourse/discourse,forks,tty-screen,0.8.2,gem
discourse/discourse,forks,openssl-signature_algorithm,1.3.0,gem
discourse/discourse,forks,mocha,3.1.0,gem
discourse/discourse,forks,simplecov,1.1.1,gem
discourse/discourse,forks,hashery,2.1.2,gem
discourse/discourse,forks,pp,0.6.4,gem
discourse/discourse,forks,actionview_precompiler,0.4.0,gem
discourse/discourse,forks,rainbow,3.1.1,gem
discourse/discourse,forks,ffi,1.17.0,gem
discourse/discourse,forks,http_accept_language,2.1.1,gem
discourse/discourse,forks,ffi,1.17.4,gem
discourse/discourse,forks,pdf-reader,2.16.0,gem
discourse/discourse,forks,rspec-core,3.13.6,gem
discourse/discourse,forks,markbridge,>= 0.4.0,gem
discourse/discourse,forks,tty-reader,0.9.0,gem
discourse/discourse,forks,dry-initializer,3.2.0,gem
discourse/discourse,forks,activesupport,8.0.5.1,gem
discourse/discourse,forks,ruby-lsp,0.26.11,gem
discourse/discourse,forks,actionmailer,8.0.5.1,gem
discourse/discourse,forks,json-schema,6.2.0,gem
discourse/discourse,forks,mime-types-data,3.2026.0701,gem
discourse/discourse,forks,optimist,3.2.1,gem
discourse/discourse,forks,method_source,1.1.0,gem
discourse/discourse,forks,thor,1.5.0,gem
discourse/discourse,forks,debug,1.11.1,gem
discourse/discourse,forks,ssrf_filter,1.5.0,gem
discourse/discourse,forks,pastel,0.8.0,gem
discourse/discourse,forks,Ascii85,2.0.1,gem
discourse/discourse,forks,matrix,0.4.3,gem
discourse/discourse,forks,fiber-local,1.1.0,gem
discourse/discourse,forks,crack,1.0.1,gem
discourse/discourse,forks,irb,1.18.0,gem
discourse/discourse,forks,useragent,0.16.11,gem
discourse/discourse,forks,mustache,1.1.3,gem
discourse/discourse,forks,uniform_notifier,1.18.0,gem
discourse/discourse,forks,landlock,0.5.1,gem
discourse/discourse,forks,web-push,3.0.1,gem
discourse/discourse,forks,unicode-emoji,4.2.0,gem
discourse/discourse,forks,aws-sdk-bedrockruntime,1.83.0,gem
discourse/discourse,forks,yaml-lint,0.1.2,gem
discourse/discourse,forks,message_bus,4.6.0,gem
discourse/discourse,forks,faraday-multipart,1.2.0,gem
discourse/discourse,forks,faraday,2.14.3,gem
discourse/discourse,forks,discourse_dev_assets,0.0.6,gem
discourse/discourse,forks,zeitwerk,>= 0,gem
discourse/discourse,forks,faraday-retry,2.2.1,gem
discourse/discourse,forks,rack-mini-profiler,5.0.0,gem
discourse/discourse,forks,zendesk_api,3.1.2,gem
discourse/discourse,forks,rb-inotify,0.11.1,gem
discourse/discourse,forks,hashdiff,1.2.1,gem
discourse/discourse,forks,actionview,8.0.5.1,gem
discourse/discourse,forks,annotaterb,4.20.0,gem
discourse/discourse,forks,drb,2.2.3,gem
discourse/discourse,forks,pry-rails,0.3.11,gem
discourse/discourse,forks,lru_redux,>= 0,gem
discourse/discourse,forks,propshaft,1.3.2,gem
discourse/discourse,forks,uri,1.1.1,gem
discourse/discourse,forks,tiktoken_ruby,0.0.17,gem
discourse/discourse,forks,i18n,1.14.8,gem
discourse/discourse,forks,tokenizers,0.6.4,gem
discourse/discourse,forks,connection_pool,2.5.5,gem
discourse/discourse,forks,goldiloader,6.0.0,gem
discourse/discourse,forks,ruby-prof,2.0.5,gem
discourse/discourse,forks,rbtrace,0.5.5,gem
discourse/discourse,forks,version_gem,1.1.15,gem
discourse/discourse,forks,rspec-rails,8.0.4,gem
discourse/discourse,forks,multi_xml,0.9.1,gem
discourse/discourse,forks,octokit,10.0.0,gem
discourse/discourse,forks,rqrcode,3.2.0,gem
discourse/discourse,forks,rubocop-ast,1.50.0,gem
discourse/discourse,forks,diffy,3.4.4,gem
discourse/discourse,forks,logstash-event,1.2.02,gem
discourse/discourse,forks,racc,1.8.1,gem
discourse/discourse,forks,rspec-multi-mock,>= 0,gem
discourse/discourse,forks,aws-sdk-core,3.254.1,gem
discourse/discourse,forks,public_suffix,7.0.5,gem
discourse/discourse,forks,json_completer,1.2.0,gem
discourse/discourse,forks,aws-partitions,1.1283.0,gem
discourse/discourse,forks,concurrent-ruby,1.3.8,gem
discourse/discourse,forks,oauth2,1.4.11,gem
discourse/discourse,forks,parser,3.3.12.0,gem
discourse/discourse,forks,multipart-post,2.4.1,gem
discourse/discourse,forks,lint_roller,1.1.0,gem
discourse/discourse,forks,tty-cursor,0.7.1,gem
discourse/discourse,forks,exifr,1.5.1,gem
discourse/discourse,forks,rqrcode_core,2.1.0,gem
discourse/discourse,forks,better_errors,2.10.1,gem
discourse/discourse,forks,aws-eventstream,1.4.0,gem
discourse/discourse,forks,unicode-display_width,>= 0,gem
discourse/discourse,forks,puma,8.0.2,gem
discourse/discourse,forks,liquid,5.12.0,gem
discourse/discourse,forks,request_store,1.7.0,gem
discourse/discourse,forks,parallel_tests,5.7.0,gem
discourse/discourse,forks,messageformat-wrapper,1.1.0,gem
discourse/discourse,forks,rubocop-capybara,3.0.0,gem
discourse/discourse,forks,extralite-bundle,3.0.1,gem
discourse/discourse,forks,console,1.37.0,gem
discourse/discourse,forks,rubocop,1.90.0,gem
discourse/discourse,forks,sanitize,7.0.0,gem
discourse/discourse,forks,rspec-mocks,3.13.8,gem
discourse/discourse,forks,auth-sanitizer,0.2.3,gem
discourse/discourse,forks,colored2,4.0.3,gem
discourse/discourse,forks,logster,2.21.0,gem
discourse/discourse,forks,google-protobuf,4.36.1,gem
discourse/discourse,forks,digest-xxhash,0.2.9,gem
discourse/discourse,forks,iso8601,0.13.0,gem
discourse/discourse,forks,coderay,1.1.3,gem
discourse/discourse,forks,redis,6.0.0,gem
discourse/discourse,forks,discourse_voice_assets,0.1.0,gem
discourse/discourse,forks,samovar,2.5.1,gem
discourse/discourse,forks,activejob,8.0.5.1,gem
discourse/discourse,forks,afm,1.0.0,gem
discourse/discourse,forks,rubocop-discourse,3.20.0,gem
discourse/discourse,forks,digest-xxhash,>= 0,gem
discourse/discourse,forks,builder,3.3.0,gem
discourse/discourse,forks,chunky_png,1.4.0,gem
discourse/discourse,forks,omniauth-github,2.0.0,gem
discourse/discourse,forks,smarter_json,1.2.6,gem
discourse/discourse,forks,omniauth,2.1.2,gem
discourse/discourse,forks,ast,2.4.3,gem
discourse/discourse,forks,lograge,0.15.0,gem
discourse/discourse,forks,colored2,>= 0,gem
discourse/discourse,forks,json,2.21.2,gem
discourse/discourse,forks,xpath,3.2.0,gem
discourse/discourse,forks,oauth-tty,1.0.13,gem
discourse/discourse,forks,anonymous_loader,0.1.3,gem
discourse/discourse,forks,simpleidn,0.2.3,gem
discourse/discourse,forks,rspec-html-matchers,0.10.0,gem
discourse/discourse,forks,certified,1.0.0,gem
discourse/discourse,forks,memory_profiler,1.1.0,gem
discourse/discourse,forks,ruby-lsp-rails,0.4.8,gem
discourse/discourse,forks,timeout,0.6.1,gem
discourse/discourse,forks,sawyer,0.9.3,gem
discourse/discourse,forks,fiber-annotation,0.2.0,gem
discourse/discourse,forks,test-prof,1.6.3,gem
discourse/discourse,forks,faraday-net_http,3.4.4,gem
discourse/discourse,forks,cose,1.3.1,gem
discourse/discourse,forks,benchmark,0.5.0,gem
discourse/discourse,forks,mime-types,3.7.0,gem
discourse/discourse,forks,ruby-lsp-rspec,0.1.29,gem
discourse/discourse,forks,rb-fsevent,0.11.2,gem
discourse/discourse,forks,pg,>= 0,gem
discourse/discourse,forks,activesupport,>= 0,gem
discourse/discourse,forks,samovar,>= 0,gem
discourse/discourse,forks,json,>= 0,gem
discourse/discourse,forks,discourse_math_bundle,1.0.1,gem
discourse/discourse,forks,msgpack,1.8.4,gem
discourse/discourse,forks,rbs,4.2.0,gem
discourse/discourse,forks,aws-sdk-mediaconvert,1.165.0,gem
discourse/discourse,forks,ed25519,1.4.0,gem
discourse/discourse,forks,i18n,>= 0,gem
discourse/discourse,forks,fiber-storage,1.0.1,gem
discourse/discourse,forks,email_reply_trimmer,0.4.0,gem
discourse/discourse,forks,rubocop-rspec,3.10.2,gem
discourse/discourse,forks,activemodel,8.0.5.1,gem
discourse/discourse,forks,ruby-rc4,0.1.5,gem
discourse/discourse,forks,css_parser,3.0.0,gem
discourse/discourse,forks,aws-sdk-sns,1.96.0,gem
discourse/discourse,forks,omniauth-facebook,10.0.0,gem
discourse/discourse,forks,omniauth-oauth2,1.7.3,gem
discourse/discourse,forks,maxminddb,0.1.22,gem
discourse/discourse,forks,rubocop-rails,2.37.0,gem
discourse/discourse,forks,jmespath,1.6.2,gem
discourse/discourse,forks,rails-html-sanitizer,1.7.1,gem
discourse/discourse,forks,ruby-vips,2.3.0,gem
discourse/discourse,forks,language_server-protocol,3.17.0.6,gem
discourse/discourse,forks,rake,13.4.2,gem
discourse/discourse,forks,rspec-support,3.13.7,gem
discourse/discourse,forks,stripe,19.6.0,gem
discourse/discourse,forks,listen,3.9.0,gem
discourse/discourse,forks,discourse-emojis,1.0.46,gem
discourse/discourse,forks,addressable,2.9.0,gem
discourse/discourse,forks,net-imap,0.6.6,gem
discourse/discourse,forks,zeitwerk,2.8.3,gem
discourse/discourse,forks,fast_blank,1.0.1,gem
discourse/discourse,forks,prettyprint,0.2.0,gem
discourse/discourse,forks,rack-session,1.0.2,gem
discourse/discourse,forks,faker,3.5.3,gem
discourse/discourse,forks,rss,0.3.3,gem
discourse/discourse,forks,redcarpet,3.6.1,gem
discourse/discourse,forks,rrule,0.8.0,gem
discourse/discourse,forks,oj,3.17.6,gem
discourse/discourse,forks,mini_suffix,0.3.3,gem
discourse/discourse,forks,rspec,3.13.2,gem
discourse/discourse,forks,mini_scheduler,0.20.0,gem
discourse/discourse,forks,rack-protection,3.2.0,gem
discourse/discourse,forks,rtlcss,0.2.1,gem
discourse/discourse,forks,rack-test,2.2.0,gem
discourse/discourse,forks,actionpack,8.0.5.1,gem
discourse/discourse,forks,tty-color,0.6.0,gem
discourse/discourse,forks,hana,1.3.7,gem
discourse/discourse,forks,aws-sdk-kms,1.99.0,gem
discourse/discourse,forks,rails_multisite,9.0.0,gem
discourse/discourse,forks,stackprof,0.2.28,gem
discourse/discourse,forks,erb,6.0.7,gem
discourse/discourse,forks,minio_runner,1.1.0,gem
discourse/discourse,forks,globalid,1.4.0,gem
discourse/discourse,forks,net-smtp,0.5.1,gem
discourse/discourse,forks,json_schemer,2.5.0,gem
discourse/discourse,forks,pry,0.16.0,gem
discourse/discourse,forks,ttfunk,1.8.0,gem
discourse/discourse,forks,cppjieba_rb,0.4.4,gem
discourse/discourse,forks,markbridge,0.4.0,gem
discourse/discourse,forks,net-http,0.9.1,gem
discourse/discourse,forks,net-protocol,0.3.0,gem
discourse/discourse,forks,rubocop-factory_bot,2.28.0,gem
discourse/discourse,forks,date,3.5.1,gem
discourse/discourse,forks,activerecord,>= 0,gem
discourse/discourse,forks,concurrent-ruby,>= 0,gem
discourse/discourse,forks,digest,3.2.1,gem
discourse/discourse,forks,nokogiri,1.19.4,gem
discourse/discourse,forks,faraday-retry,2.4.0,gem
discourse/discourse,forks,bullet,8.2.0,gem
discourse/discourse,forks,parallel,2.1.0,gem
discourse/discourse,forks,extralite-bundle,>= 0,gem
discourse/discourse,forks,mini_racer,0.22.1,gem
discourse/discourse,forks,omniauth-twitter,1.5.0,gem
discourse/discourse,forks,rubocop-rspec_rails,2.32.0,gem
discourse/discourse,forks,wisper,2.0.1,gem
discourse/discourse,forks,ruby-readability,0.7.3,gem
discourse/discourse,forks,discourse_ai-tokenizers,0.4.2,gem
discourse/discourse,forks,unicode-display_width,3.2.0,gem
discourse/discourse,forks,mocha,>= 0,gem
discourse/discourse,forks,capybara-playwright-driver,0.5.10,gem
discourse/discourse,forks,tzinfo,2.0.6,gem
discourse/discourse,forks,fabrication,3.0.0,gem
discourse/discourse,forks,reline,0.7.0,gem
discourse/discourse,forks,nio4r,2.7.5,gem
discourse/discourse,forks,cbor,0.5.10.3,gem
discourse/discourse,forks,diff-lcs,1.6.2,gem
discourse/discourse,forks,rails-dom-testing,2.3.0,gem
discourse/discourse,forks,rubocop-discourse-base,1.0.0,gem
discourse/discourse,forks,literate_randomizer,0.4.0,gem
discourse/discourse,forks,fastimage,2.4.1,gem
discourse/discourse,forks,sass-embedded,1.104.0,gem
discourse/discourse,forks,mini_mime,1.1.5,gem
discourse/discourse,forks,railties,8.0.5.1,gem
discourse/discourse,forks,rotp,6.3.0,gem
discourse/discourse,forks,pitchfork,0.18.2,gem
discourse/discourse,forks,rails_failover,2.3.0,gem
discourse/discourse,forks,ruby-progressbar,1.13.0,gem
discourse/discourse,forks,crass,1.0.7,gem
discourse/discourse,forks,rdoc,8.0.0,gem
discourse/discourse,forks,rexml,3.4.4,gem
discourse/discourse,forks,faraday-multipart,1.0.4,gem
discourse/discourse,forks,tzinfo-data,1.2026.3,gem
discourse/discourse,forks,prism,1.9.0,gem
discourse/discourse,forks,bigdecimal,3.3.1,gem
discourse/discourse,forks,logger,1.7.0,gem
discourse/discourse,forks,securerandom,0.4.1,gem
discourse/discourse,forks,active_model_serializers,0.8.4,gem
discourse/discourse,forks,image_size,3.6.0,gem
discourse/discourse,forks,io-console,0.9.2,gem
discourse/discourse,forks,playwright-ruby-client,1.62.0,gem
discourse/discourse,forks,openssl,3.3.2,gem
discourse/discourse,forks,discourse-seed-fu,2.3.12,gem
discourse/discourse,forks,hashie,5.1.0,gem
discourse/discourse,forks,json,2.19.9,gem
discourse/discourse,forks,rspec,>= 0,gem
discourse/discourse,forks,lru_redux,1.1.0,gem
discourse/discourse,forks,rspec-multi-mock,0.3.1,gem
discourse/discourse,forks,rchardet,1.10.2,gem
discourse/discourse,forks,image_optim,0.32.0,gem
discourse/discourse,forks,listen,3.10.0,gem
discourse/discourse,forks,tty-prompt,0.23.1,gem
discourse/discourse,forks,lz4-ruby,0.3.3,gem
discourse/discourse,forks,htmlentities,4.4.2,gem
discourse/discourse,forks,cgi,0.5.2,gem
discourse/discourse,forks,progress,3.6.0,gem
discourse/discourse,forks,rouge,5.1.0,gem
discourse/discourse,forks,rackup,1.0.1,gem
discourse/discourse,forks,base64,0.3.0,gem
discourse/discourse,forks,excon,1.7.1,gem
discourse/discourse,forks,prettier_print,1.2.1,gem
discourse/discourse,forks,libv8-node,24.12.0.1,gem
discourse/discourse,forks,bootsnap,1.25.0,gem
discourse/discourse,forks,syntax_tree,6.3.0,gem
discourse/discourse,forks,regexp_parser,2.12.0,gem
discourse/discourse,forks,mail,2.9.1,gem
discourse/discourse,forks,jwt,2.10.3,gem
discourse/discourse,forks,erubi,1.13.1,gem
discourse/discourse,forks,net-pop,0.1.2,gem
discourse/discourse,forks,webmock,3.26.4,gem
discourse/discourse,forks,in_threads,1.6.0,gem
discourse/discourse,forks,inflection,1.0.0,gem
discourse/discourse,forks,aws-sigv4,1.12.1,gem
discourse/discourse,forks,redis-client,0.30.1,gem
discourse/discourse,forks,rswag-specs,2.17.0,gem
discourse/discourse,forks,mini_sql,1.6.0,gem
discourse/discourse,forks,guess_html_encoding,0.0.11,gem
discourse/discourse,forks,tsort,0.2.0,gem
discourse/discourse,forks,ostruct,0.6.3,gem
discourse/discourse,forks,capybara,3.40.0,gem
discourse/discourse,forks,migrations-core,>= 0,gem
discourse/discourse,forks,omniauth-google-oauth2,1.0.1,gem
discourse/discourse,forks,highline,3.1.2,gem
discourse/discourse,forks,omniauth-oauth,1.2.1,gem
discourse/discourse,forks,rspec-expectations,3.13.5,gem
discourse/discourse,forks,webrick,1.9.2,gem
discourse/discourse,forks,yard,0.9.45,gem
discourse/discourse,forks,csv,3.3.6,gem
discourse/discourse,forks,loofah,2.25.2,gem
discourse/discourse,forks,fspath,3.1.2,gem
discourse/discourse,forks,ruby2_keywords,0.0.5,gem
discourse/discourse,forks,shoulda-matchers,8.0.1,gem
discourse/discourse,forks,sassc-embedded,1.80.9,gem
discourse/discourse,forks,raindrops,0.20.1,gem
discourse/discourse,forks,sidekiq,7.3.10,gem
discourse/discourse,forks,snaky_hash,2.0.7,gem
discourse/discourse,forks,multi_json,1.21.1,gem
discourse/discourse,forks,unf,0.2.0,gem
discourse/discourse,forks,discourse-fonts,0.0.19,gem
chatwoot/chatwoot,forks,netrc,0.11.0,gem
chatwoot/chatwoot,forks,ruby2_keywords,0.0.5,gem
chatwoot/chatwoot,forks,mini_magick,4.12.0,gem
chatwoot/chatwoot,forks,haikunator,1.1.1,gem
chatwoot/chatwoot,forks,prism,1.9.0,gem
chatwoot/chatwoot,forks,responders,3.1.1,gem
chatwoot/chatwoot,forks,ruby-openai,7.3.1,gem
chatwoot/chatwoot,forks,time_diff,0.3.0,gem
chatwoot/chatwoot,forks,aws-sigv4,1.12.1,gem
chatwoot/chatwoot,forks,uber,0.1.0,gem
chatwoot/chatwoot,forks,factory_bot_rails,6.4.3,gem
chatwoot/chatwoot,forks,rack-attack,6.7.0,gem
chatwoot/chatwoot,forks,google-apis-storage_v1,0.47.0,gem
chatwoot/chatwoot,forks,aws-sdk-s3,1.208.0,gem
chatwoot/chatwoot,forks,google-apis-core,0.15.1,gem
chatwoot/chatwoot,forks,fcm,1.0.8,gem
chatwoot/chatwoot,forks,searchkick,5.5.2,gem
chatwoot/chatwoot,forks,elastic-apm,4.6.2,gem
chatwoot/chatwoot,forks,ruby_parser,3.22.0,gem
chatwoot/chatwoot,forks,test-prof,1.6.3,gem
chatwoot/chatwoot,forks,activerecord-import,2.1.0,gem
chatwoot/chatwoot,forks,vite_ruby,3.10.2,gem
chatwoot/chatwoot,forks,irb,1.18.0,gem
chatwoot/chatwoot,forks,auth-sanitizer,0.2.1,gem
chatwoot/chatwoot,forks,http-form_data,2.3.0,gem
chatwoot/chatwoot,forks,google-cloud-dialogflow-v2,0.31.0,gem
chatwoot/chatwoot,forks,newrelic-sidekiq-metrics,1.6.2,gem
chatwoot/chatwoot,forks,rails,7.2.3.1,gem
chatwoot/chatwoot,forks,ecma-re-validator,0.4.0,gem
chatwoot/chatwoot,forks,builder,3.3.0,gem
chatwoot/chatwoot,forks,activemodel,7.2.3.1,gem
chatwoot/chatwoot,forks,hash_diff,1.1.1,gem
chatwoot/chatwoot,forks,timeout,0.6.1,gem
chatwoot/chatwoot,forks,rdoc,8.0.0,gem
chatwoot/chatwoot,forks,declarative,0.0.20,gem
chatwoot/chatwoot,forks,rainbow,3.1.1,gem
chatwoot/chatwoot,forks,request_store,1.5.1,gem
chatwoot/chatwoot,forks,addressable,2.9.0,gem
chatwoot/chatwoot,forks,net-protocol,0.2.2,gem
chatwoot/chatwoot,forks,reverse_markdown,2.1.1,gem
chatwoot/chatwoot,forks,snaky_hash,2.0.5,gem
chatwoot/chatwoot,forks,oauth-tty,1.0.8,gem
chatwoot/chatwoot,forks,mime-types,3.4.1,gem
chatwoot/chatwoot,forks,net-smtp,0.3.4,gem
chatwoot/chatwoot,forks,google-cloud-translate-v3,0.10.0,gem
chatwoot/chatwoot,forks,multi_json,1.15.0,gem
chatwoot/chatwoot,forks,loofah,2.25.2,gem
chatwoot/chatwoot,forks,datadog,2.38.0,gem
chatwoot/chatwoot,forks,vite_rails,3.10.0,gem
chatwoot/chatwoot,forks,kaminari,1.2.2,gem
chatwoot/chatwoot,forks,meta_request,0.8.5,gem
chatwoot/chatwoot,forks,newrelic_rpm,9.6.0,gem
chatwoot/chatwoot,forks,actiontext,7.2.3.1,gem
chatwoot/chatwoot,forks,trailblazer-option,0.1.2,gem
chatwoot/chatwoot,forks,faraday-net_http,3.4.4,gem
chatwoot/chatwoot,forks,html2text,0.4.0,gem
chatwoot/chatwoot,forks,devise_token_auth,1.2.5,gem
chatwoot/chatwoot,forks,scout_apm,5.3.3,gem
chatwoot/chatwoot,forks,dry-schema,1.14.1,gem
chatwoot/chatwoot,forks,json_skooma,0.2.5,gem
chatwoot/chatwoot,forks,openssl,3.2.0,gem
chatwoot/chatwoot,forks,administrate-field-belongs_to_search,0.10.0,gem
chatwoot/chatwoot,forks,redis-namespace,1.10.0,gem
chatwoot/chatwoot,forks,uri,1.1.1,gem
chatwoot/chatwoot,forks,administrate,0.20.1,gem
chatwoot/chatwoot,forks,aws-actionmailbox-ses,0.1.0,gem
chatwoot/chatwoot,forks,reline,0.6.3,gem
chatwoot/chatwoot,forks,unf,0.1.4,gem
chatwoot/chatwoot,forks,dry-cli,1.1.0,gem
chatwoot/chatwoot,forks,rspec-core,3.13.0,gem
chatwoot/chatwoot,forks,tzinfo,2.0.6,gem
chatwoot/chatwoot,forks,rack-session,2.1.2,gem
chatwoot/chatwoot,forks,webmock,3.23.1,gem
chatwoot/chatwoot,forks,ai-agents,0.12.0,gem
chatwoot/chatwoot,forks,jwt,2.10.3,gem
chatwoot/chatwoot,forks,working_hours,1.4.1,gem
chatwoot/chatwoot,forks,method_source,1.1.0,gem
chatwoot/chatwoot,forks,aws-eventstream,1.4.0,gem
chatwoot/chatwoot,forks,net-pop,0.1.2,gem
chatwoot/chatwoot,forks,rack-proxy,0.7.7,gem
chatwoot/chatwoot,forks,dry-core,1.1.0,gem
chatwoot/chatwoot,forks,warden,1.2.9,gem
chatwoot/chatwoot,forks,marcel,1.1.0,gem
chatwoot/chatwoot,forks,sexp_processor,4.17.0,gem
chatwoot/chatwoot,forks,sentry-sidekiq,5.19.0,gem
chatwoot/chatwoot,forks,rotp,6.3.0,gem
chatwoot/chatwoot,forks,aws-sdk-core,3.240.0,gem
chatwoot/chatwoot,forks,judoscale-ruby,1.8.2,gem
chatwoot/chatwoot,forks,wisper,2.0.0,gem
chatwoot/chatwoot,forks,shopify_api,14.8.0,gem
chatwoot/chatwoot,forks,attr_extras,7.1.0,gem
chatwoot/chatwoot,forks,aws-sdk-cloudwatch,1.126.0,gem
chatwoot/chatwoot,forks,web-console,4.2.1,gem
chatwoot/chatwoot,forks,kaminari-activerecord,1.2.2,gem
chatwoot/chatwoot,forks,aws-sdk-sns,1.70.0,gem
chatwoot/chatwoot,forks,rack-mini-profiler,4.0.1,gem
chatwoot/chatwoot,forks,oauth2,2.0.22,gem
chatwoot/chatwoot,forks,crack,1.0.0,gem
chatwoot/chatwoot,forks,nokogiri,1.19.4,gem
chatwoot/chatwoot,forks,http-cookie,1.0.5,gem
chatwoot/chatwoot,forks,ruby_llm-schema,0.3.0,gem
chatwoot/chatwoot,forks,puma,7.2.1,gem
chatwoot/chatwoot,forks,rb-inotify,0.10.1,gem
chatwoot/chatwoot,forks,csv,3.3.0,gem
chatwoot/chatwoot,forks,prettyprint,0.2.0,gem
chatwoot/chatwoot,forks,google-cloud-core,1.7.1,gem
chatwoot/chatwoot,forks,sass-listen,4.0.0,gem
chatwoot/chatwoot,forks,administrate-field-active_storage,1.0.3,gem
chatwoot/chatwoot,forks,active_record_query_trace,1.8,gem
chatwoot/chatwoot,forks,audited,5.4.1,gem
chatwoot/chatwoot,forks,redis-client,0.26.4,gem
chatwoot/chatwoot,forks,mock_redis,0.36.0,gem
chatwoot/chatwoot,forks,logger,1.7.0,gem
chatwoot/chatwoot,forks,database_cleaner-active_record,2.1.0,gem
chatwoot/chatwoot,forks,spring,4.1.1,gem
chatwoot/chatwoot,forks,securerandom,0.4.1,gem
chatwoot/chatwoot,forks,faraday_middleware-aws-sigv4,1.0.1,gem
chatwoot/chatwoot,forks,sidekiq,7.3.10,gem
chatwoot/chatwoot,forks,activerecord,7.2.3.1,gem
chatwoot/chatwoot,forks,lint_roller,1.1.0,gem
chatwoot/chatwoot,forks,brakeman,8.0.5,gem
chatwoot/chatwoot,forks,line-bot-api,1.28.0,gem
chatwoot/chatwoot,forks,bundler-audit,0.9.1,gem
chatwoot/chatwoot,forks,azure-blob,0.8.0,gem
chatwoot/chatwoot,forks,ruby-vips,2.1.4,gem
chatwoot/chatwoot,forks,database_cleaner-core,2.0.1,gem
chatwoot/chatwoot,forks,omniauth-saml,2.2.4,gem
chatwoot/chatwoot,forks,gmail_xoauth,0.4.3,gem
chatwoot/chatwoot,forks,faraday-multipart,1.2.0,gem
chatwoot/chatwoot,forks,hairtrigger,1.3.1,gem
chatwoot/chatwoot,forks,net-http,0.9.1,gem
chatwoot/chatwoot,forks,rack-test,2.1.0,gem
chatwoot/chatwoot,forks,json_schemer,0.2.24,gem
chatwoot/chatwoot,forks,rexml,3.4.4,gem
chatwoot/chatwoot,forks,bootsnap,1.16.0,gem
chatwoot/chatwoot,forks,et-orbi,1.2.11,gem
chatwoot/chatwoot,forks,unicode-emoji,4.0.4,gem
chatwoot/chatwoot,forks,skooma,0.3.7,gem
chatwoot/chatwoot,forks,base64,0.3.0,gem
chatwoot/chatwoot,forks,gapic-common,0.20.0,gem
chatwoot/chatwoot,forks,coderay,1.1.3,gem
chatwoot/chatwoot,forks,datadog-ruby_core_source,3.5.3,gem
chatwoot/chatwoot,forks,foreman,0.87.2,gem
chatwoot/chatwoot,forks,omniauth-rails_csrf_protection,1.0.2,gem
chatwoot/chatwoot,forks,ruby-saml,1.18.1,gem
chatwoot/chatwoot,forks,sprockets-rails,3.4.2,gem
chatwoot/chatwoot,forks,rspec_junit_formatter,0.6.0,gem
chatwoot/chatwoot,forks,listen,3.8.0,gem
chatwoot/chatwoot,forks,pundit,2.3.0,gem
chatwoot/chatwoot,forks,opentelemetry-semantic_conventions,1.36.0,gem
chatwoot/chatwoot,forks,googleauth,1.11.2,gem
chatwoot/chatwoot,forks,redis,5.0.6,gem
chatwoot/chatwoot,forks,simplecov,0.22.0,gem
chatwoot/chatwoot,forks,bullet,8.0.7,gem
chatwoot/chatwoot,forks,ffi,1.17.2,gem
chatwoot/chatwoot,forks,speedshop-cloudwatch,0.2.1,gem
chatwoot/chatwoot,forks,public_suffix,7.0.5,gem
chatwoot/chatwoot,forks,bigdecimal,4.1.2,gem
chatwoot/chatwoot,forks,bundle-audit,0.1.0,gem
chatwoot/chatwoot,forks,omniauth,2.1.4,gem
chatwoot/chatwoot,forks,seed_dump,3.3.1,gem
chatwoot/chatwoot,forks,browser,5.3.1,gem
chatwoot/chatwoot,forks,liquid,5.4.0,gem
chatwoot/chatwoot,forks,uri_template,0.7.0,gem
chatwoot/chatwoot,forks,rbs,4.0.3,gem
chatwoot/chatwoot,forks,scss_lint,0.60.0,gem
chatwoot/chatwoot,forks,google-cloud-storage,1.52.0,gem
chatwoot/chatwoot,forks,lograge,0.14.0,gem
chatwoot/chatwoot,forks,sorbet-runtime,0.5.11934,gem
chatwoot/chatwoot,forks,regexp_parser,2.10.0,gem
chatwoot/chatwoot,forks,sentry-ruby,5.19.0,gem
chatwoot/chatwoot,forks,rspec-mocks,3.13.1,gem
chatwoot/chatwoot,forks,spring-watcher-listen,2.1.0,gem
chatwoot/chatwoot,forks,dry-logic,1.6.0,gem
chatwoot/chatwoot,forks,fast-mcp,1.5.0,gem
chatwoot/chatwoot,forks,activejob,7.2.3.1,gem
chatwoot/chatwoot,forks,pg_search,2.3.6,gem
chatwoot/chatwoot,forks,rubocop-performance,1.25.0,gem
chatwoot/chatwoot,forks,i18n,1.15.2,gem
chatwoot/chatwoot,forks,libdatadog,36.0.0.1.0,gem
chatwoot/chatwoot,forks,opentelemetry-api,1.7.0,gem
chatwoot/chatwoot,forks,dry-initializer,3.2.0,gem
chatwoot/chatwoot,forks,email-provider-info,0.0.1,gem
chatwoot/chatwoot,forks,dotenv,3.1.2,gem
chatwoot/chatwoot,forks,erubi,1.13.1,gem
chatwoot/chatwoot,forks,docile,1.4.1,gem
chatwoot/chatwoot,forks,opentelemetry-common,0.23.0,gem
chatwoot/chatwoot,forks,diff-lcs,1.5.1,gem
chatwoot/chatwoot,forks,tzinfo-data,1.2023.3,gem
chatwoot/chatwoot,forks,annotaterb,4.20.0,gem
chatwoot/chatwoot,forks,sassc,2.4.0,gem
chatwoot/chatwoot,forks,acts-as-taggable-on,12.0.0,gem
chatwoot/chatwoot,forks,telephone_number,1.4.20,gem
chatwoot/chatwoot,forks,multi_xml,0.9.1,gem
chatwoot/chatwoot,forks,http,5.1.1,gem
chatwoot/chatwoot,forks,hashie,5.1.0,gem
chatwoot/chatwoot,forks,tsort,0.2.0,gem
chatwoot/chatwoot,forks,judoscale-sidekiq,1.8.2,gem
chatwoot/chatwoot,forks,crass,1.0.7,gem
chatwoot/chatwoot,forks,googleapis-common-protos,1.6.0,gem
chatwoot/chatwoot,forks,execjs,2.8.1,gem
chatwoot/chatwoot,forks,aws-partitions,1.1198.0,gem
chatwoot/chatwoot,forks,mime-types-data,3.2023.0218.1,gem
chatwoot/chatwoot,forks,rubocop,1.75.6,gem
chatwoot/chatwoot,forks,sentry-rails,5.19.0,gem
chatwoot/chatwoot,forks,unicode,0.4.4.5,gem
chatwoot/chatwoot,forks,judoscale-rails,1.8.2,gem
chatwoot/chatwoot,forks,pry-rails,0.3.9,gem
chatwoot/chatwoot,forks,parser,3.3.8.0,gem
chatwoot/chatwoot,forks,ostruct,0.6.3,gem
chatwoot/chatwoot,forks,os,1.1.4,gem
chatwoot/chatwoot,forks,neighbor,0.2.3,gem
chatwoot/chatwoot,forks,database_cleaner,2.0.2,gem
chatwoot/chatwoot,forks,rack-protection,4.2.1,gem
chatwoot/chatwoot,forks,sidekiq-cron,2.4.0,gem
chatwoot/chatwoot,forks,rubocop-rspec,3.6.0,gem
chatwoot/chatwoot,forks,activestorage,7.2.3.1,gem
chatwoot/chatwoot,forks,image_processing,1.12.2,gem
chatwoot/chatwoot,forks,childprocess,5.1.0,gem
chatwoot/chatwoot,forks,grpc,1.72.0,gem
chatwoot/chatwoot,forks,multipart-post,2.4.1,gem
chatwoot/chatwoot,forks,activesupport,7.2.3.1,gem
chatwoot/chatwoot,forks,debug,1.11.1,gem
chatwoot/chatwoot,forks,geocoder,1.8.1,gem
chatwoot/chatwoot,forks,gserver,0.0.1,gem
chatwoot/chatwoot,forks,rack-cors,2.0.0,gem
chatwoot/chatwoot,forks,actionmailer,7.2.3.1,gem
chatwoot/chatwoot,forks,climate_control,1.2.0,gem
chatwoot/chatwoot,forks,useragent,0.16.11,gem
chatwoot/chatwoot,forks,google-cloud-errors,1.3.1,gem
chatwoot/chatwoot,forks,aws-sdk-kms,1.118.0,gem
chatwoot/chatwoot,forks,concurrent-ruby,1.3.8,gem
chatwoot/chatwoot,forks,rack-timeout,0.6.3,gem
chatwoot/chatwoot,forks,commonmarker,0.23.12,gem
chatwoot/chatwoot,forks,minitest,5.27.0,gem
chatwoot/chatwoot,forks,squasher,0.7.2,gem
chatwoot/chatwoot,forks,dry-inflector,1.2.0,gem
chatwoot/chatwoot,forks,sprockets,4.2.1,gem
chatwoot/chatwoot,forks,rackup,2.2.1,gem
chatwoot/chatwoot,forks,digest-crc,0.6.5,gem
chatwoot/chatwoot,forks,rack,3.2.6,gem
chatwoot/chatwoot,forks,rake,13.2.1,gem
chatwoot/chatwoot,forks,uniform_notifier,1.17.0,gem
chatwoot/chatwoot,forks,racc,1.8.1,gem
chatwoot/chatwoot,forks,gli,2.22.2,gem
chatwoot/chatwoot,forks,stackprof,0.2.25,gem
chatwoot/chatwoot,forks,ast,2.4.3,gem
chatwoot/chatwoot,forks,jmespath,1.6.2,gem
chatwoot/chatwoot,forks,faraday-mashify,1.0.0,gem
chatwoot/chatwoot,forks,facebook-messenger,2.0.1,gem
chatwoot/chatwoot,forks,nio4r,2.7.5,gem
chatwoot/chatwoot,forks,groupdate,6.2.1,gem
chatwoot/chatwoot,forks,simplecov_json_formatter,0.1.4,gem
chatwoot/chatwoot,forks,railties,7.2.3.1,gem
chatwoot/chatwoot,forks,google-protobuf,3.25.7,gem
chatwoot/chatwoot,forks,googleapis-common-protos-types,1.20.0,gem
chatwoot/chatwoot,forks,actionpack,7.2.3.1,gem
chatwoot/chatwoot,forks,devise-secure_password,2.2.1,gem
chatwoot/chatwoot,forks,rspec-rails,7.0.1,gem
chatwoot/chatwoot,forks,slack-ruby-client,2.7.0,gem
chatwoot/chatwoot,forks,mail,2.9.1,gem
chatwoot/chatwoot,forks,http-accept,1.7.0,gem
chatwoot/chatwoot,forks,thor,1.4.0,gem
chatwoot/chatwoot,forks,fugit,1.11.1,gem
chatwoot/chatwoot,forks,google-cloud-location,0.6.0,gem
chatwoot/chatwoot,forks,pgvector,0.1.1,gem
chatwoot/chatwoot,forks,byebug,11.1.3,gem
chatwoot/chatwoot,forks,pg,1.5.3,gem
chatwoot/chatwoot,forks,erb,6.0.6,gem
chatwoot/chatwoot,forks,hana,1.3.7,gem
chatwoot/chatwoot,forks,omniauth-google-oauth2,1.1.3,gem
chatwoot/chatwoot,forks,rspec-support,3.13.1,gem
chatwoot/chatwoot,forks,actioncable,7.2.3.1,gem
chatwoot/chatwoot,forks,rubocop-factory_bot,2.27.1,gem
chatwoot/chatwoot,forks,rails-dom-testing,2.3.0,gem
chatwoot/chatwoot,forks,rubocop-rails,2.32.0,gem
chatwoot/chatwoot,forks,mutex_m,0.3.0,gem
chatwoot/chatwoot,forks,bindex,0.8.1,gem
chatwoot/chatwoot,forks,cgi,0.5.2,gem
chatwoot/chatwoot,forks,cld3,3.7.0,gem
chatwoot/chatwoot,forks,mini_mime,1.1.5,gem
chatwoot/chatwoot,forks,jquery-rails,4.6.0,gem
chatwoot/chatwoot,forks,tilt,2.3.0,gem
chatwoot/chatwoot,forks,tidewave,0.2.0,gem
chatwoot/chatwoot,forks,sass,3.7.4,gem
chatwoot/chatwoot,forks,domain_name,0.5.20190701,gem
chatwoot/chatwoot,forks,hashdiff,1.1.0,gem
chatwoot/chatwoot,forks,procore-sift,1.0.0,gem
chatwoot/chatwoot,forks,drb,2.2.3,gem
chatwoot/chatwoot,forks,faraday,2.14.3,gem
chatwoot/chatwoot,forks,orm_adapter,0.5.0,gem
chatwoot/chatwoot,forks,websocket-driver,0.8.2,gem
chatwoot/chatwoot,forks,msgpack,1.8.3,gem
chatwoot/chatwoot,forks,sidekiq_alive,2.5.0,gem
chatwoot/chatwoot,forks,opentelemetry-exporter-otlp,0.31.1,gem
chatwoot/chatwoot,forks,kaminari-actionview,1.2.2,gem
chatwoot/chatwoot,forks,down,5.4.0,gem
chatwoot/chatwoot,forks,rails-html-sanitizer,1.7.1,gem
chatwoot/chatwoot,forks,raabro,1.4.0,gem
chatwoot/chatwoot,forks,ruby_llm,1.15.0,gem
chatwoot/chatwoot,forks,signet,0.17.0,gem
chatwoot/chatwoot,forks,iso-639,0.3.8,gem
chatwoot/chatwoot,forks,dry-configurable,1.3.0,gem
chatwoot/chatwoot,forks,omniauth-oauth2,1.8.0,gem
chatwoot/chatwoot,forks,pry,0.14.2,gem
chatwoot/chatwoot,forks,faraday-retry,2.4.0,gem
chatwoot/chatwoot,forks,google-apis-iamcredentials_v1,0.22.0,gem
chatwoot/chatwoot,forks,shoulda-matchers,5.3.0,gem
chatwoot/chatwoot,forks,rspec-expectations,3.13.2,gem
chatwoot/chatwoot,forks,version_gem,1.1.11,gem
chatwoot/chatwoot,forks,dotenv-rails,3.1.2,gem
chatwoot/chatwoot,forks,rest-client,2.1.0,gem
chatwoot/chatwoot,forks,google-cloud-env,2.2.1,gem
chatwoot/chatwoot,forks,pp,0.6.4,gem
chatwoot/chatwoot,forks,rails-i18n,7.0.10,gem
chatwoot/chatwoot,forks,statsd-ruby,1.5.0,gem
chatwoot/chatwoot,forks,llhttp-ffi,0.4.0,gem
chatwoot/chatwoot,forks,unf_ext,0.0.8.2,gem
chatwoot/chatwoot,forks,kaminari-core,1.2.2,gem
chatwoot/chatwoot,forks,opensearch-ruby,3.4.0,gem
chatwoot/chatwoot,forks,representable,3.2.0,gem
chatwoot/chatwoot,forks,libddwaf,1.30.0.0.2,gem
chatwoot/chatwoot,forks,valid_email2,5.2.6,gem
chatwoot/chatwoot,forks,retriable,3.1.2,gem
chatwoot/chatwoot,forks,rubocop-ast,1.44.1,gem
chatwoot/chatwoot,forks,websocket-extensions,0.1.5,gem
chatwoot/chatwoot,forks,sassc-rails,2.1.2,gem
chatwoot/chatwoot,forks,httpclient,2.8.3,gem
chatwoot/chatwoot,forks,language_server-protocol,3.17.0.5,gem
chatwoot/chatwoot,forks,ruby-progressbar,1.13.0,gem
chatwoot/chatwoot,forks,json,2.19.9,gem
chatwoot/chatwoot,forks,barnes,0.0.9,gem
chatwoot/chatwoot,forks,ruby2ruby,2.5.0,gem
chatwoot/chatwoot,forks,event_stream_parser,1.0.0,gem
chatwoot/chatwoot,forks,letter_opener,1.10.0,gem
chatwoot/chatwoot,forks,httparty,0.24.0,gem
chatwoot/chatwoot,forks,oj,3.17.3,gem
chatwoot/chatwoot,forks,maxminddb,0.1.22,gem
chatwoot/chatwoot,forks,json_refs,0.1.8,gem
chatwoot/chatwoot,forks,opentelemetry-registry,0.4.0,gem
chatwoot/chatwoot,forks,twitty,0.1.5,gem
chatwoot/chatwoot,forks,uri-idna,0.3.1,gem
chatwoot/chatwoot,forks,bcrypt,3.1.22,gem
chatwoot/chatwoot,forks,dry-types,1.9.1,gem
chatwoot/chatwoot,forks,devise,4.9.4,gem
chatwoot/chatwoot,forks,io-console,0.8.2,gem
chatwoot/chatwoot,forks,factory_bot,6.4.5,gem
chatwoot/chatwoot,forks,net-imap,0.6.4.1,gem
chatwoot/chatwoot,forks,jbuilder,2.15.1,gem
chatwoot/chatwoot,forks,devise-two-factor,6.1.0,gem
chatwoot/chatwoot,forks,csv-safe,3.3.1,gem
chatwoot/chatwoot,forks,parallel,1.27.0,gem
chatwoot/chatwoot,forks,oauth,1.1.6,gem
chatwoot/chatwoot,forks,zeitwerk,2.7.5,gem
chatwoot/chatwoot,forks,launchy,3.1.1,gem
chatwoot/chatwoot,forks,globalid,1.2.1,gem
chatwoot/chatwoot,forks,ssrf_filter,1.5.0,gem
chatwoot/chatwoot,forks,actionmailbox,7.2.3.1,gem
chatwoot/chatwoot,forks,connection_pool,2.5.5,gem
chatwoot/chatwoot,forks,rack-contrib,2.5.0,gem
chatwoot/chatwoot,forks,web-push,3.0.1,gem
chatwoot/chatwoot,forks,flag_shih_tzu,0.3.23,gem
chatwoot/chatwoot,forks,gemoji,4.1.0,gem
chatwoot/chatwoot,forks,uglifier,4.2.0,gem
chatwoot/chatwoot,forks,ffi-compiler,1.0.1,gem
chatwoot/chatwoot,forks,faker,3.2.0,gem
chatwoot/chatwoot,forks,stripe,18.0.1,gem
chatwoot/chatwoot,forks,firecrawl-sdk,1.4.1,gem
chatwoot/chatwoot,forks,selectize-rails,0.12.6,gem
chatwoot/chatwoot,forks,email_reply_trimmer,0.1.13,gem
chatwoot/chatwoot,forks,cronex,0.15.0,gem
chatwoot/chatwoot,forks,actionview,7.2.3.1,gem
chatwoot/chatwoot,forks,simplecov-html,0.13.2,gem
chatwoot/chatwoot,forks,unicode-display_width,3.1.4,gem
chatwoot/chatwoot,forks,date,3.5.1,gem
chatwoot/chatwoot,forks,mini_portile2,2.8.9,gem
chatwoot/chatwoot,forks,rb-fsevent,0.11.2,gem
chatwoot/chatwoot,forks,twilio-ruby,7.6.0,gem
chatwoot/chatwoot,forks,benchmark,0.5.0,gem
chatwoot/chatwoot,forks,opentelemetry-sdk,1.10.0,gem
chatwoot/chatwoot,forks,koala,3.4.0,gem
mastodon/mastodon,forks,regexp_parser,2.12.0,gem
mastodon/mastodon,forks,actionview,8.1.3.1,gem
mastodon/mastodon,forks,bigdecimal,3.3.1,gem
mastodon/mastodon,forks,omniauth,2.1.4,gem
mastodon/mastodon,forks,xorcist,1.1.3,gem
mastodon/mastodon,forks,annotaterb,4.23.0,gem
mastodon/mastodon,forks,inline_svg,1.10.0,gem
mastodon/mastodon,forks,playwright-ruby-client,1.62.0,gem
mastodon/mastodon,forks,crass,1.0.7,gem
mastodon/mastodon,forks,simplecov-lcov,0.9.0,gem
mastodon/mastodon,forks,azure-blob,0.5.9.1,gem
mastodon/mastodon,forks,sysexits,1.2.0,gem
mastodon/mastodon,forks,rack-oauth2,2.3.0,gem
mastodon/mastodon,forks,webmock,3.26.4,gem
mastodon/mastodon,forks,rack-cors,3.0.0,gem
mastodon/mastodon,forks,redis-client,0.30.1,gem
mastodon/mastodon,forks,css_parser,3.0.0,gem
mastodon/mastodon,forks,premailer-rails,1.12.0,gem
mastodon/mastodon,forks,tpm-key_attestation,0.14.2,gem
mastodon/mastodon,forks,tilt,2.9.0,gem
mastodon/mastodon,forks,devise-two-factor,6.4.1,gem
mastodon/mastodon,forks,rspec-sidekiq,5.3.0,gem
mastodon/mastodon,forks,nokogiri,1.19.4,gem
mastodon/mastodon,forks,i18n-tasks,1.1.2,gem
mastodon/mastodon,forks,tty-screen,0.8.2,gem
mastodon/mastodon,forks,redis,5.4.1,gem
mastodon/mastodon,forks,rouge,5.1.0,gem
mastodon/mastodon,forks,googleapis-common-protos-types,1.23.0,gem
mastodon/mastodon,forks,base58,0.2.3,gem
mastodon/mastodon,forks,rubocop-rails,2.37.0,gem
mastodon/mastodon,forks,reline,0.7.0,gem
mastodon/mastodon,forks,debug_inspector,1.2.0,gem
mastodon/mastodon,forks,sidekiq,8.1.7,gem
mastodon/mastodon,forks,json-schema,6.2.0,gem
mastodon/mastodon,forks,prometheus_exporter,2.3.1,gem
mastodon/mastodon,forks,puma,8.0.2,gem
mastodon/mastodon,forks,activejob,8.1.3.1,gem
mastodon/mastodon,forks,unf_ext,0.0.9.1,gem
mastodon/mastodon,forks,public_suffix,7.0.5,gem
mastodon/mastodon,forks,aws-sdk-kms,1.130.0,gem
mastodon/mastodon,forks,rubocop-ast,1.50.0,gem
mastodon/mastodon,forks,mail,2.9.1,gem
mastodon/mastodon,forks,http-cookie,1.1.6,gem
mastodon/mastodon,forks,validate_url,1.0.15,gem
mastodon/mastodon,forks,racc,1.8.1,gem
mastodon/mastodon,forks,linzer,0.8.1,gem
mastodon/mastodon,forks,rspec-expectations,3.13.5,gem
mastodon/mastodon,forks,faraday-follow_redirects,0.5.0,gem
mastodon/mastodon,forks,timeout,0.6.1,gem
mastodon/mastodon,forks,opentelemetry-instrumentation-active_job,0.13.0,gem
mastodon/mastodon,forks,ostruct,0.6.3,gem
mastodon/mastodon,forks,kaminari-activerecord,1.2.2,gem
mastodon/mastodon,forks,ssrf_filter,1.5.0,gem
mastodon/mastodon,forks,orm_adapter,0.5.0,gem
mastodon/mastodon,forks,rack,3.2.7,gem
mastodon/mastodon,forks,mime-types,3.7.0,gem
mastodon/mastodon,forks,xpath,3.2.0,gem
mastodon/mastodon,forks,net-protocol,0.3.0,gem
mastodon/mastodon,forks,opentelemetry-instrumentation-active_record,0.13.0,gem
mastodon/mastodon,forks,unf,0.1.4,gem
mastodon/mastodon,forks,safety_net_attestation,0.5.0,gem
mastodon/mastodon,forks,cocoon,1.2.15,gem
mastodon/mastodon,forks,rails,8.1.3.1,gem
mastodon/mastodon,forks,connection_pool,3.0.2,gem
mastodon/mastodon,forks,blurhash,0.1.8,gem
mastodon/mastodon,forks,websocket-extensions,0.1.5,gem
mastodon/mastodon,forks,childprocess,5.1.0,gem
mastodon/mastodon,forks,loofah,2.25.2,gem
mastodon/mastodon,forks,devise,5.0.4,gem
mastodon/mastodon,forks,json,2.21.2,gem
mastodon/mastodon,forks,tzinfo,2.0.6,gem
mastodon/mastodon,forks,memory_profiler,1.1.0,gem
mastodon/mastodon,forks,prettyprint,0.2.0,gem
mastodon/mastodon,forks,link_header,0.0.8,gem
mastodon/mastodon,forks,strscan,3.1.8,gem
mastodon/mastodon,forks,useragent,0.16.11,gem
mastodon/mastodon,forks,simple_form,5.4.1,gem
mastodon/mastodon,forks,net-imap,0.6.6,gem
mastodon/mastodon,forks,bootsnap,1.26.0,gem
mastodon/mastodon,forks,devise_pam_authenticatable2,9.2.0,gem
mastodon/mastodon,forks,activemodel,8.1.3.1,gem
mastodon/mastodon,forks,rexml,3.4.4,gem
mastodon/mastodon,forks,opentelemetry-instrumentation-action_mailer,0.8.1,gem
mastodon/mastodon,forks,elasticsearch,8.19.3,gem
mastodon/mastodon,forks,faraday-net_http,3.4.4,gem
mastodon/mastodon,forks,rails-html-sanitizer,1.7.1,gem
mastodon/mastodon,forks,opentelemetry-instrumentation-excon,0.29.1,gem
mastodon/mastodon,forks,terminal-table,4.0.0,gem
mastodon/mastodon,forks,opentelemetry-instrumentation-redis,0.29.0,gem
mastodon/mastodon,forks,opentelemetry-sdk,1.13.0,gem
mastodon/mastodon,forks,omniauth-rails_csrf_protection,2.0.1,gem
mastodon/mastodon,forks,rack-protection,4.2.1,gem
mastodon/mastodon,forks,rpam2,4.0.2,gem
mastodon/mastodon,forks,browser,6.2.0,gem
mastodon/mastodon,forks,lograge,0.15.0,gem
mastodon/mastodon,forks,ruby-saml,1.18.1,gem
mastodon/mastodon,forks,rackup,2.3.1,gem
mastodon/mastodon,forks,haml,7.5.1,gem
mastodon/mastodon,forks,brakeman,8.0.6,gem
mastodon/mastodon,forks,kaminari-core,1.2.2,gem
mastodon/mastodon,forks,responders,3.2.1,gem
mastodon/mastodon,forks,swd,2.0.3,gem
mastodon/mastodon,forks,opentelemetry-helpers-sql-processor,0.5.0,gem
mastodon/mastodon,forks,redcarpet,3.6.1,gem
mastodon/mastodon,forks,request_store,1.7.0,gem
mastodon/mastodon,forks,rdoc,8.0.0,gem
mastodon/mastodon,forks,htmlentities,4.4.2,gem
mastodon/mastodon,forks,faraday-httpclient,2.0.2,gem
mastodon/mastodon,forks,hcaptcha,7.1.0,gem
mastodon/mastodon,forks,opentelemetry-common,0.25.1,gem
mastodon/mastodon,forks,fastimage,2.4.1,gem
mastodon/mastodon,forks,hiredis-client,0.30.1,gem
mastodon/mastodon,forks,rack-session,2.1.2,gem
mastodon/mastodon,forks,opentelemetry-instrumentation-pg,0.37.0,gem
mastodon/mastodon,forks,lint_roller,1.1.0,gem
mastodon/mastodon,forks,minitest,6.0.6,gem
mastodon/mastodon,forks,actioncable,8.1.3.1,gem
mastodon/mastodon,forks,database_cleaner-active_record,2.2.2,gem
mastodon/mastodon,forks,parallel,2.1.0,gem
mastodon/mastodon,forks,et-orbi,1.4.2,gem
mastodon/mastodon,forks,opentelemetry-instrumentation-rails,0.42.0,gem
mastodon/mastodon,forks,rack-test,2.2.0,gem
mastodon/mastodon,forks,opentelemetry-instrumentation-action_pack,0.18.0,gem
mastodon/mastodon,forks,opentelemetry-semantic_conventions,1.44.0,gem
mastodon/mastodon,forks,matrix,0.4.3,gem
mastodon/mastodon,forks,database_cleaner-core,2.1.0,gem
mastodon/mastodon,forks,concurrent-ruby,1.3.8,gem
mastodon/mastodon,forks,mini_mime,1.1.5,gem
mastodon/mastodon,forks,mime-types-data,3.2026.0701,gem
mastodon/mastodon,forks,tty-cursor,0.7.1,gem
mastodon/mastodon,forks,aws-sdk-core,3.254.1,gem
mastodon/mastodon,forks,forwardable,1.4.0,gem
mastodon/mastodon,forks,propshaft,1.3.2,gem
mastodon/mastodon,forks,fast_blank,1.0.1,gem
mastodon/mastodon,forks,premailer,1.30.0,gem
mastodon/mastodon,forks,logger,1.7.0,gem
mastodon/mastodon,forks,activesupport,8.1.3.1,gem
mastodon/mastodon,forks,cgi,0.5.2,gem
mastodon/mastodon,forks,tzinfo-data,1.2026.3,gem
mastodon/mastodon,forks,opentelemetry-instrumentation-active_model_serializers,0.25.0,gem
mastodon/mastodon,forks,fabrication,3.0.0,gem
mastodon/mastodon,forks,websocket-driver,0.8.2,gem
mastodon/mastodon,forks,ruby-prof,2.0.5,gem
mastodon/mastodon,forks,haml_lint,0.78.0,gem
mastodon/mastodon,forks,io-console,0.9.2,gem
mastodon/mastodon,forks,openid_connect,2.5.0,gem
mastodon/mastodon,forks,multi_json,1.21.1,gem
mastodon/mastodon,forks,bundler-audit,0.9.3,gem
mastodon/mastodon,forks,rainbow,3.1.1,gem
mastodon/mastodon,forks,ffi,1.17.4,gem
mastodon/mastodon,forks,cose,1.3.1,gem
mastodon/mastodon,forks,hashie,5.1.0,gem
mastodon/mastodon,forks,sanitize,7.0.0,gem
mastodon/mastodon,forks,rails-i18n,8.1.0,gem
mastodon/mastodon,forks,android_key_attestation,0.3.0,gem
mastodon/mastodon,forks,capybara-playwright-driver,0.5.10,gem
mastodon/mastodon,forks,formatador,1.2.3,gem
mastodon/mastodon,forks,erubi,1.13.1,gem
mastodon/mastodon,forks,net-smtp,0.5.1,gem
mastodon/mastodon,forks,tty-reader,0.9.0,gem
mastodon/mastodon,forks,bindata,2.5.1,gem
mastodon/mastodon,forks,opentelemetry-instrumentation-active_support,0.12.1,gem
mastodon/mastodon,forks,omniauth_openid_connect,0.8.0,gem
mastodon/mastodon,forks,opentelemetry-instrumentation-faraday,0.33.0,gem
mastodon/mastodon,forks,pp,0.6.4,gem
mastodon/mastodon,forks,letter_opener_web,3.0.0,gem
mastodon/mastodon,forks,rspec,3.13.2,gem
mastodon/mastodon,forks,uri,1.1.1,gem
mastodon/mastodon,forks,excon,1.7.1,gem
mastodon/mastodon,forks,kt-paperclip,8.0.0,gem
mastodon/mastodon,forks,openssl,4.0.2,gem
mastodon/mastodon,forks,starry,0.2.0,gem
mastodon/mastodon,forks,opentelemetry-instrumentation-sidekiq,0.29.0,gem
mastodon/mastodon,forks,rspec-github,3.0.0,gem
mastodon/mastodon,forks,debug,1.11.1,gem
mastodon/mastodon,forks,opentelemetry-instrumentation-concurrent_ruby,0.25.0,gem
mastodon/mastodon,forks,rufus-scheduler,3.9.2,gem
mastodon/mastodon,forks,rspec-mocks,3.13.8,gem
mastodon/mastodon,forks,omniauth-cas,3.0.2,gem
mastodon/mastodon,forks,elasticsearch-api,8.19.3,gem
mastodon/mastodon,forks,rack-attack,6.8.0,gem
mastodon/mastodon,forks,openssl-signature_algorithm,1.3.0,gem
mastodon/mastodon,forks,opentelemetry-instrumentation-action_view,0.13.0,gem
mastodon/mastodon,forks,ipaddr,1.2.9,gem
mastodon/mastodon,forks,actiontext,8.1.3.1,gem
mastodon/mastodon,forks,pghero,4.0.1,gem
mastodon/mastodon,forks,httpclient,2.9.0,gem
mastodon/mastodon,forks,sidekiq-bulk,0.2.0,gem
mastodon/mastodon,forks,hkdf,0.3.0,gem
mastodon/mastodon,forks,base64,0.3.0,gem
mastodon/mastodon,forks,opentelemetry-api,1.11.0,gem
mastodon/mastodon,forks,json-canonicalization,1.0.0,gem
mastodon/mastodon,forks,hashdiff,1.2.1,gem
mastodon/mastodon,forks,dotenv,3.2.0,gem
mastodon/mastodon,forks,rotp,6.3.0,gem
mastodon/mastodon,forks,thor,1.5.0,gem
mastodon/mastodon,forks,case_transform,0.2,gem
mastodon/mastodon,forks,opentelemetry-instrumentation-base,0.26.1,gem
mastodon/mastodon,forks,zeitwerk,2.8.3,gem
mastodon/mastodon,forks,nio4r,2.7.5,gem
mastodon/mastodon,forks,twitter-text,3.1.0,gem
mastodon/mastodon,forks,benchmark,0.5.0,gem
mastodon/mastodon,forks,rubyzip,3.6.0,gem
mastodon/mastodon,forks,stackprof,0.2.28,gem
mastodon/mastodon,forks,rspec-core,3.13.6,gem
mastodon/mastodon,forks,warden,1.2.9,gem
mastodon/mastodon,forks,bcrypt,3.1.22,gem
mastodon/mastodon,forks,rails-dom-testing,2.3.0,gem
mastodon/mastodon,forks,jwt,2.10.3,gem
mastodon/mastodon,forks,kaminari-actionview,1.2.2,gem
mastodon/mastodon,forks,attr_required,1.0.2,gem
mastodon/mastodon,forks,aws-partitions,1.1283.0,gem
mastodon/mastodon,forks,globalid,1.4.0,gem
mastodon/mastodon,forks,action_text-trix,2.1.19,gem
mastodon/mastodon,forks,kaminari,1.2.2,gem
mastodon/mastodon,forks,marcel,1.2.1,gem
mastodon/mastodon,forks,pg,1.6.3,gem
mastodon/mastodon,forks,opentelemetry-instrumentation-http,0.30.0,gem
mastodon/mastodon,forks,rubocop-i18n,3.3.0,gem
mastodon/mastodon,forks,opentelemetry-helpers-sql,0.4.0,gem
mastodon/mastodon,forks,net-http,0.9.1,gem
mastodon/mastodon,forks,mario-redis-lock,1.2.1,gem
mastodon/mastodon,forks,tsort,0.2.0,gem
mastodon/mastodon,forks,rack-proxy,1.0.2,gem
mastodon/mastodon,forks,test-prof,1.6.3,gem
mastodon/mastodon,forks,chunky_png,1.4.0,gem
mastodon/mastodon,forks,pundit,2.5.2,gem
mastodon/mastodon,forks,i18n,1.15.2,gem
mastodon/mastodon,forks,irb,1.18.0,gem
mastodon/mastodon,forks,stoplight,5.8.3,gem
mastodon/mastodon,forks,webrick,1.9.2,gem
mastodon/mastodon,forks,chewy,8.4.1,gem
mastodon/mastodon,forks,color_diff,0.2,gem
mastodon/mastodon,forks,domain_name,0.6.20260829,gem
mastodon/mastodon,forks,llhttp-ffi,0.5.1,gem
mastodon/mastodon,forks,ruby-progressbar,1.13.0,gem
mastodon/mastodon,forks,faker,3.8.0,gem
mastodon/mastodon,forks,jsonapi-renderer,0.2.2,gem
mastodon/mastodon,forks,actionmailbox,8.1.3.1,gem
mastodon/mastodon,forks,rqrcode,3.2.0,gem
mastodon/mastodon,forks,cbor,0.5.10.3,gem
mastodon/mastodon,forks,http-form_data,2.3.0,gem
mastodon/mastodon,forks,bcp47_spec,0.2.1,gem
mastodon/mastodon,forks,rubocop-capybara,3.0.0,gem
mastodon/mastodon,forks,rubocop-rspec,3.10.2,gem
mastodon/mastodon,forks,erb,6.0.7,gem
mastodon/mastodon,forks,rubocop-performance,1.27.0,gem
mastodon/mastodon,forks,rbs,4.2.0,gem
mastodon/mastodon,forks,pastel,0.8.0,gem
mastodon/mastodon,forks,letter_opener,1.10.0,gem
mastodon/mastodon,forks,opentelemetry-instrumentation-rack,0.31.1,gem
mastodon/mastodon,forks,terrapin,1.1.1,gem
mastodon/mastodon,forks,activerecord,8.1.3.1,gem
mastodon/mastodon,forks,readline,0.0.4,gem
mastodon/mastodon,forks,idn-ruby,0.1.5,gem
mastodon/mastodon,forks,wisper,2.0.1,gem
mastodon/mastodon,forks,ffi-compiler,1.4.2,gem
mastodon/mastodon,forks,crack,1.0.1,gem
mastodon/mastodon,forks,rdf,3.3.4,gem
mastodon/mastodon,forks,drb,2.2.3,gem
mastodon/mastodon,forks,http,5.3.1,gem
mastodon/mastodon,forks,doorkeeper,5.9.6,gem
mastodon/mastodon,forks,json-ld-preloaded,3.3.2,gem
mastodon/mastodon,forks,mini_portile2,2.8.9,gem
mastodon/mastodon,forks,railties,8.1.3.1,gem
mastodon/mastodon,forks,httplog,1.8.0,gem
mastodon/mastodon,forks,opentelemetry-instrumentation-http_client,0.29.0,gem
mastodon/mastodon,forks,climate_control,1.2.0,gem
mastodon/mastodon,forks,sidekiq-scheduler,6.0.2,gem
mastodon/mastodon,forks,aws-sigv4,1.12.1,gem
mastodon/mastodon,forks,http_accept_language,2.1.1,gem
mastodon/mastodon,forks,webauthn,3.4.3,gem
mastodon/mastodon,forks,charlock_holmes,0.7.9,gem
mastodon/mastodon,forks,rubocop,1.90.0,gem
mastodon/mastodon,forks,builder,3.3.0,gem
mastodon/mastodon,forks,raabro,1.5.0,gem
mastodon/mastodon,forks,rake,13.4.2,gem
mastodon/mastodon,forks,discard,2.0.0,gem
mastodon/mastodon,forks,activestorage,8.1.3.1,gem
mastodon/mastodon,forks,faraday,2.14.3,gem
mastodon/mastodon,forks,fog-core,2.6.0,gem
mastodon/mastodon,forks,omniauth-saml,2.2.5,gem
mastodon/mastodon,forks,json-ld,3.3.2,gem
mastodon/mastodon,forks,simple-navigation,4.5.0,gem
mastodon/mastodon,forks,rdf-normalize,0.7.0,gem
mastodon/mastodon,forks,scenic,1.9.0,gem
mastodon/mastodon,forks,parser,3.3.12.0,gem
mastodon/mastodon,forks,opentelemetry-instrumentation-active_storage,0.5.1,gem
mastodon/mastodon,forks,msgpack,1.8.4,gem
mastodon/mastodon,forks,rubocop-rspec_rails,2.32.0,gem
mastodon/mastodon,forks,net-pop,0.1.2,gem
mastodon/mastodon,forks,ruby-vips,2.3.0,gem
mastodon/mastodon,forks,elasticsearch-dsl,0.1.10,gem
mastodon/mastodon,forks,unicode-emoji,4.2.0,gem
mastodon/mastodon,forks,actionpack,8.1.3.1,gem
mastodon/mastodon,forks,haml-rails,3.1.0,gem
mastodon/mastodon,forks,opentelemetry-instrumentation-net_http,0.29.0,gem
mastodon/mastodon,forks,rqrcode_core,2.1.0,gem
mastodon/mastodon,forks,diff-lcs,1.6.2,gem
mastodon/mastodon,forks,opentelemetry-registry,0.6.3,gem
mastodon/mastodon,forks,fugit,1.13.0,gem
mastodon/mastodon,forks,fog-json,1.4.0,gem
mastodon/mastodon,forks,sidekiq-unique-jobs,8.1.0,gem
mastodon/mastodon,forks,highline,3.1.2,gem
mastodon/mastodon,forks,language_server-protocol,3.17.0.6,gem
mastodon/mastodon,forks,launchy,3.1.1,gem
mastodon/mastodon,forks,aws-eventstream,1.4.0,gem
mastodon/mastodon,forks,flatware,2.4.0,gem
mastodon/mastodon,forks,aes_key_wrap,1.1.0,gem
mastodon/mastodon,forks,simplecov,1.1.1,gem
mastodon/mastodon,forks,date,3.5.1,gem
mastodon/mastodon,forks,actionmailer,8.1.3.1,gem
mastodon/mastodon,forks,tty-color,0.6.0,gem
mastodon/mastodon,forks,mutex_m,0.3.0,gem
mastodon/mastodon,forks,unicode-display_width,3.2.0,gem
mastodon/mastodon,forks,securerandom,0.4.1,gem
mastodon/mastodon,forks,capybara,3.40.0,gem
mastodon/mastodon,forks,shoulda-matchers,8.0.1,gem
mastodon/mastodon,forks,google-protobuf,4.36.1,gem
mastodon/mastodon,forks,net-ldap,0.20.0,gem
mastodon/mastodon,forks,strong_migrations,2.8.0,gem
mastodon/mastodon,forks,binding_of_caller,2.0.0,gem
mastodon/mastodon,forks,fog-openstack,1.1.5,gem
mastodon/mastodon,forks,ox,2.14.29,gem
mastodon/mastodon,forks,jmespath,1.6.2,gem
mastodon/mastodon,forks,temple,0.10.7,gem
mastodon/mastodon,forks,ast,2.4.3,gem
mastodon/mastodon,forks,opentelemetry-exporter-otlp,0.35.1,gem
mastodon/mastodon,forks,active_model_serializers,0.10.16,gem
mastodon/mastodon,forks,better_errors,2.10.1,gem
mastodon/mastodon,forks,prism,1.9.0,gem
mastodon/mastodon,forks,rspec-rails,8.0.4,gem
mastodon/mastodon,forks,parslet,2.0.0,gem
mastodon/mastodon,forks,json-jwt,1.17.2,gem
mastodon/mastodon,forks,elastic-transport,8.5.3,gem
mastodon/mastodon,forks,webfinger,2.1.3,gem
mastodon/mastodon,forks,tty-prompt,0.23.1,gem
mastodon/mastodon,forks,rspec-support,3.13.7,gem
mastodon/mastodon,forks,aws-sdk-s3,1.229.0,gem
mastodon/mastodon,forks,flatware-rspec,2.4.0,gem
mastodon/mastodon,forks,jd-paperclip-azure,3.0.0,gem
mastodon/mastodon,forks,csv,3.3.6,gem
mastodon/mastodon,forks,addressable,2.9.0,gem
fastlane/fastlane,forks,rspec-core,3.12.2,gem
fastlane/fastlane,forks,pry-stack_explorer,0.4.12,gem
fastlane/fastlane,forks,danger,9.6.0,gem
fastlane/fastlane,forks,google-logging-utils,0.1.0,gem
fastlane/fastlane,forks,rb-readline,0.5.5,gem
fastlane/fastlane,forks,terminal-notifier,2.0.0,gem
fastlane/fastlane,forks,ostruct,0.6.3,gem
fastlane/fastlane,forks,benchmark,0.5.0,gem
fastlane/fastlane,forks,rexml,3.4.4,gem
fastlane/fastlane,forks,nkf,~> 0.2,gem
fastlane/fastlane,forks,commander,~> 4.6,gem
fastlane/fastlane,forks,dotenv,">= 2.1.1,< 3.0.0",gem
fastlane/fastlane,forks,nanaimo,0.4.0,gem
fastlane/fastlane,forks,jwt,2.10.3,gem
fastlane/fastlane,forks,ruby-progressbar,1.13.0,gem
fastlane/fastlane,forks,aws-sdk-kms,1.75.0,gem
fastlane/fastlane,forks,abbrev,~> 0.1,gem
fastlane/fastlane,forks,xcpretty-travis-formatter,1.0.1,gem
fastlane/fastlane,forks,rspec-mocks,3.12.6,gem
fastlane/fastlane,forks,emoji_regex,">= 0.1,< 4.0",gem
fastlane/fastlane,forks,simctl,1.6.10,gem
fastlane/fastlane,forks,tins,1.28.0,gem
fastlane/fastlane,forks,retriable,3.4.1,gem
fastlane/fastlane,forks,colored,>= 0,gem
fastlane/fastlane,forks,logger,">= 1.6,< 2.0",gem
fastlane/fastlane,forks,cork,0.3.0,gem
fastlane/fastlane,forks,addressable,2.9.0,gem
fastlane/fastlane,forks,jmespath,1.6.2,gem
fastlane/fastlane,forks,xcode-install,2.6.8,gem
fastlane/fastlane,forks,colored2,3.1.2,gem
fastlane/fastlane,forks,prism,1.9.0,gem
fastlane/fastlane,forks,benchmark,>= 0.1.0,gem
fastlane/fastlane,forks,rubocop-performance,1.10.2,gem
fastlane/fastlane,forks,rack,3.2.6,gem
fastlane/fastlane,forks,sawyer,0.9.3,gem
fastlane/fastlane,forks,optparse,0.4.0,gem
fastlane/fastlane,forks,os,1.1.4,gem
fastlane/fastlane,forks,coveralls,0.8.23,gem
fastlane/fastlane,forks,mime-types-data,3.2024.0206,gem
fastlane/fastlane,forks,json,< 3.0.0,gem
fastlane/fastlane,forks,byebug,11.1.3,gem
fastlane/fastlane,forks,open4,1.3.4,gem
fastlane/fastlane,forks,mini_magick,4.12.0,gem
fastlane/fastlane,forks,psych,5.4.0,gem
fastlane/fastlane,forks,google-cloud-storage,~> 1.31,gem
fastlane/fastlane,forks,pry-rescue,1.5.2,gem
fastlane/fastlane,forks,aws-partitions,1.1209.0,gem
fastlane/fastlane,forks,uri,1.1.1,gem
fastlane/fastlane,forks,fakefs,2.8.0,gem
fastlane/fastlane,forks,faraday-multipart,1.2.0,gem
fastlane/fastlane,forks,commander,4.6.0,gem
fastlane/fastlane,forks,octokit,10.0.0,gem
fastlane/fastlane,forks,xcpretty,~> 0.4.1,gem
fastlane/fastlane,forks,irb,1.18.0,gem
fastlane/fastlane,forks,mime-types,3.5.2,gem
fastlane/fastlane,forks,http-cookie,1.0.8,gem
fastlane/fastlane,forks,aws-sigv4,1.12.1,gem
fastlane/fastlane,forks,google-cloud-errors,1.3.1,gem
fastlane/fastlane,forks,declarative,0.0.20,gem
fastlane/fastlane,forks,rspec-support,3.12.1,gem
fastlane/fastlane,forks,tty-screen,0.8.2,gem
fastlane/fastlane,forks,faraday-cookie_jar,0.0.8,gem
fastlane/fastlane,forks,google-apis-core,0.18.0,gem
fastlane/fastlane,forks,crack,1.0.1,gem
fastlane/fastlane,forks,faraday-follow_redirects,~> 0.3,gem
fastlane/fastlane,forks,domain_name,0.6.20240107,gem
fastlane/fastlane,forks,pry-byebug,3.8.0,gem
fastlane/fastlane,forks,terminal-table,~> 4,gem
fastlane/fastlane,forks,faraday-follow_redirects,0.5.0,gem
fastlane/fastlane,forks,google-apis-androidpublisher_v3,~> 0.99.0,gem
fastlane/fastlane,forks,naturally,~> 2.2,gem
fastlane/fastlane,forks,google-cloud-core,1.6.1,gem
fastlane/fastlane,forks,climate_control,0.2.0,gem
fastlane/fastlane,forks,ostruct,>= 0.1.0,gem
fastlane/fastlane,forks,jwt,">= 2.10.3,< 4",gem
fastlane/fastlane,forks,word_wrap,1.0.0,gem
fastlane/fastlane,forks,json,2.21.2,gem
fastlane/fastlane,forks,rake,13.4.2,gem
fastlane/fastlane,forks,irb,>= 1.8,gem
fastlane/fastlane,forks,fastimage,">= 2.1.0,< 3.0.0",gem
fastlane/fastlane,forks,cgi,0.5.2,gem
fastlane/fastlane,forks,base64,0.3.0,gem
fastlane/fastlane,forks,debug_inspector,1.0.0,gem
fastlane/fastlane,forks,erb,4.0.4.1,gem
fastlane/fastlane,forks,pry,>= 0,gem
fastlane/fastlane,forks,plist,">= 3.1.0,< 4.0.0",gem
fastlane/fastlane,forks,digest-crc,0.7.0,gem
fastlane/fastlane,forks,word_wrap,~> 1.0.0,gem
fastlane/fastlane,forks,pry,0.14.0,gem
fastlane/fastlane,forks,sync,0.5.0,gem
fastlane/fastlane,forks,faraday-retry,2.4.0,gem
fastlane/fastlane,forks,artifactory,3.0.15,gem
fastlane/fastlane,forks,xcpretty,0.4.1,gem
fastlane/fastlane,forks,git,1.18.0,gem
fastlane/fastlane,forks,simplecov-html,0.10.2,gem
fastlane/fastlane,forks,pstore,0.2.1,gem
fastlane/fastlane,forks,aws-eventstream,1.3.0,gem
fastlane/fastlane,forks,faraday-retry,~> 2.0,gem
fastlane/fastlane,forks,representable,3.2.0,gem
fastlane/fastlane,forks,fastimage,2.3.0,gem
fastlane/fastlane,forks,multi_json,1.19.1,gem
fastlane/fastlane,forks,slack-notifier,2.4.0,gem
fastlane/fastlane,forks,atomos,0.1.3,gem
fastlane/fastlane,forks,tty-cursor,0.7.1,gem
fastlane/fastlane,forks,gh_inspector,">= 1.1.2,< 2.0.0",gem
fastlane/fastlane,forks,CFPropertyList,">= 2.3,< 5.0.0",gem
fastlane/fastlane,forks,public_suffix,6.0.2,gem
fastlane/fastlane,forks,multipart-post,2.4.1,gem
fastlane/fastlane,forks,csv,~> 3.3,gem
fastlane/fastlane,forks,terminal-table,4.0.0,gem
fastlane/fastlane,forks,ast,2.4.2,gem
fastlane/fastlane,forks,coderay,1.1.3,gem
fastlane/fastlane,forks,bundler,">= 2.4.0,< 5.0.0",gem
fastlane/fastlane,forks,faraday-net_http,3.4.4,gem
fastlane/fastlane,forks,google-apis-iamcredentials_v1,0.17.0,gem
fastlane/fastlane,forks,faraday,2.14.3,gem
fastlane/fastlane,forks,stringio,3.2.0,gem
fastlane/fastlane,forks,sinatra,4.2.1,gem
fastlane/fastlane,forks,highline,2.0.3,gem
fastlane/fastlane,forks,rack-session,2.1.2,gem
fastlane/fastlane,forks,rubyzip,3.6.0,gem
fastlane/fastlane,forks,pp,0.6.4,gem
fastlane/fastlane,forks,google-apis-playcustomapp_v1,0.13.0,gem
fastlane/fastlane,forks,claide,1.0.3,gem
fastlane/fastlane,forks,tty-screen,">= 0.6.3,< 1.0.0",gem
fastlane/fastlane,forks,rspec-expectations,3.12.3,gem
fastlane/fastlane,forks,claide-plugins,0.9.2,gem
fastlane/fastlane,forks,mutex_m,0.3.0,gem
fastlane/fastlane,forks,uber,0.1.0,gem
fastlane/fastlane,forks,abbrev,0.1.2,gem
fastlane/fastlane,forks,aws-sdk-s3,1.212.0,gem
fastlane/fastlane,forks,csv,3.3.2,gem
fastlane/fastlane,forks,reline,0.6.3,gem
fastlane/fastlane,forks,racc,1.7.1,gem
fastlane/fastlane,forks,net-http,0.9.1,gem
fastlane/fastlane,forks,date,3.5.1,gem
fastlane/fastlane,forks,colored,1.2,gem
fastlane/fastlane,forks,mini_magick,~> 4.9.0,gem
fastlane/fastlane,forks,multi_json,~> 1.12,gem
fastlane/fastlane,forks,security,0.2.0,gem
fastlane/fastlane,forks,xcresult,0.2.4,gem
fastlane/fastlane,forks,rake,>= 0,gem
fastlane/fastlane,forks,google-apis-playcustomapp_v1,~> 0.1,gem
fastlane/fastlane,forks,google-cloud-env,">= 1.6.0,< 2.4.0",gem
fastlane/fastlane,forks,multipart-post,">= 2.0.0,< 3.0.0",gem
fastlane/fastlane,forks,yard,0.9.42,gem
fastlane/fastlane,forks,binding_of_caller,0.8.0,gem
fastlane/fastlane,forks,base64,~> 0.2,gem
fastlane/fastlane,forks,optparse,">= 0.1.1,< 1.0.0",gem
fastlane/fastlane,forks,addressable,">= 2.9.0,< 3.0.0",gem
fastlane/fastlane,forks,rchardet,1.8.0,gem
fastlane/fastlane,forks,faraday-http-cache,2.5.0,gem
fastlane/fastlane,forks,openssl,3.1.3,gem
fastlane/fastlane,forks,rainbow,3.1.1,gem
fastlane/fastlane,forks,excon,">= 0.71.0,< 2.0.0",gem
fastlane/fastlane,forks,gh_inspector,1.1.3,gem
fastlane/fastlane,forks,rouge,3.28.0,gem
fastlane/fastlane,forks,rubocop-ast,1.29.0,gem
fastlane/fastlane,forks,kramdown,2.5.2,gem
fastlane/fastlane,forks,CFPropertyList,3.0.8,gem
fastlane/fastlane,forks,httpclient,2.9.0,gem
fastlane/fastlane,forks,faraday-multipart,~> 1.0,gem
fastlane/fastlane,forks,trailblazer-option,0.1.2,gem
fastlane/fastlane,forks,regexp_parser,2.8.1,gem
fastlane/fastlane,forks,google-apis-storage_v1,0.29.0,gem
fastlane/fastlane,forks,dotenv,2.8.1,gem
fastlane/fastlane,forks,faraday,~> 2.7,gem
fastlane/fastlane,forks,highline,~> 2.0,gem
fastlane/fastlane,forks,bigdecimal,4.1.2,gem
fastlane/fastlane,forks,logger,1.7.0,gem
fastlane/fastlane,forks,method_source,1.0.0,gem
fastlane/fastlane,forks,babosa,1.0.4,gem
fastlane/fastlane,forks,rubocop-require_tools,0.1.2,gem
fastlane/fastlane,forks,xcov,1.9.0,gem
fastlane/fastlane,forks,thor,1.1.0,gem
fastlane/fastlane,forks,interception,0.5,gem
fastlane/fastlane,forks,mutex_m,~> 0.3,gem
fastlane/fastlane,forks,aws-sdk-s3,~> 1.197,gem
fastlane/fastlane,forks,xcodeproj,">= 1.13.0,< 2.0.0",gem
fastlane/fastlane,forks,faraday-cookie_jar,~> 0.0.8,gem
fastlane/fastlane,forks,tsort,0.2.0,gem
fastlane/fastlane,forks,unicode-display_width,2.6.0,gem
fastlane/fastlane,forks,fastlane-plugin-ruby,0.1.3,gem
fastlane/fastlane,forks,xcpretty-travis-formatter,">= 0.0.3,< 2.0.0",gem
fastlane/fastlane,forks,io-console,0.8.2,gem
fastlane/fastlane,forks,mini_mime,1.1.5,gem
fastlane/fastlane,forks,kramdown-parser-gfm,1.1.0,gem
fastlane/fastlane,forks,ox,2.14.16,gem
fastlane/fastlane,forks,docile,1.3.5,gem
fastlane/fastlane,forks,tilt,2.8.0,gem
fastlane/fastlane,forks,excon,0.112.0,gem
fastlane/fastlane,forks,rspec,3.12.0,gem
fastlane/fastlane,forks,rack-protection,4.2.1,gem
fastlane/fastlane,forks,simctl,~> 1.6.3,gem
fastlane/fastlane,forks,nap,1.1.0,gem
fastlane/fastlane,forks,webmock,3.26.2,gem
fastlane/fastlane,forks,naturally,2.2.1,gem
fastlane/fastlane,forks,mustermann,3.1.1,gem
fastlane/fastlane,forks,google-cloud-env,2.2.2,gem
fastlane/fastlane,forks,plist,3.7.2,gem
fastlane/fastlane,forks,diff-lcs,1.5.0,gem
fastlane/fastlane,forks,aws-sdk-core,3.241.4,gem
fastlane/fastlane,forks,babosa,">= 1.0.3,< 2.0.0",gem
fastlane/fastlane,forks,simplecov,0.16.1,gem
fastlane/fastlane,forks,parser,3.2.2.3,gem
fastlane/fastlane,forks,terminal-notifier,">= 2.0.0,< 3.0.0",gem
fastlane/fastlane,forks,fastlane-sirp,>= 1.1.0,gem
fastlane/fastlane,forks,term-ansicolor,1.7.1,gem
fastlane/fastlane,forks,xcodeproj,1.28.1,gem
fastlane/fastlane,forks,google-cloud-storage,1.45.0,gem
fastlane/fastlane,forks,rdoc,7.2.0,gem
fastlane/fastlane,forks,googleauth,1.16.2,gem
fastlane/fastlane,forks,tty-spinner,">= 0.8.0,< 1.0.0",gem
fastlane/fastlane,forks,colored,~> 1.2,gem
fastlane/fastlane,forks,mini_magick,">= 4.9.4,< 5.0.0",gem
fastlane/fastlane,forks,rubocop,1.50.2,gem
fastlane/fastlane,forks,emoji_regex,3.2.3,gem
fastlane/fastlane,forks,parallel,1.23.0,gem
fastlane/fastlane,forks,artifactory,~> 3.0,gem
fastlane/fastlane,forks,tty-spinner,0.9.3,gem
fastlane/fastlane,forks,prettyprint,0.2.0,gem
fastlane/fastlane,forks,hashdiff,1.2.1,gem
fastlane/fastlane,forks,google-apis-androidpublisher_v3,0.99.0,gem
fastlane/fastlane,forks,signet,0.21.0,gem
fastlane/fastlane,forks,fastlane-sirp,1.1.0,gem
fastlane/fastlane,forks,rubyzip,">= 3.4.0,< 4.0.0",gem
fastlane/fastlane,forks,nkf,0.2.0,gem
gitlabhq/gitlabhq,forks,addressable,2.9.0,gem
gitlabhq/gitlabhq,forks,irb,1.18.0,gem
gitlabhq/gitlabhq,forks,rubyzip,2.3.2,gem
gitlabhq/gitlabhq,forks,ffi-yajl,2.6.0,gem
gitlabhq/gitlabhq,forks,multipart-post,2.2.3,gem
gitlabhq/gitlabhq,forks,opentelemetry-instrumentation-excon,0.29.1,gem
gitlabhq/gitlabhq,forks,rack-session,2.1.2,gem
gitlabhq/gitlabhq,forks,redis-client,0.30.0,gem
gitlabhq/gitlabhq,forks,google-apis-dns_v1,0.43.0,gem
gitlabhq/gitlabhq,forks,redis-cluster-client,0.17.1,gem
gitlabhq/gitlabhq,forks,activemodel,7.2.3.1,gem
gitlabhq/gitlabhq,forks,rspec,3.12.0,gem
gitlabhq/gitlabhq,forks,ffi-compiler,1.3.2,gem
gitlabhq/gitlabhq,forks,google-protobuf,4.36.0,gem
gitlabhq/gitlabhq,forks,timeout,0.4.1,gem
gitlabhq/gitlabhq,forks,recursive-open-struct,1.1.3,gem
gitlabhq/gitlabhq,forks,swd,2.0.3,gem
gitlabhq/gitlabhq,forks,grape-swagger-entity,0.7.1,gem
gitlabhq/gitlabhq,forks,json_schemer,2.5.0,gem
gitlabhq/gitlabhq,forks,mini_portile2,2.8.7,gem
gitlabhq/gitlabhq,forks,fog-xml,0.1.4,gem
gitlabhq/gitlabhq,forks,xml-simple,1.1.9,gem
gitlabhq/gitlabhq,forks,opentelemetry-registry,0.5.0,gem
gitlabhq/gitlabhq,forks,psych,5.3.1,gem
gitlabhq/gitlabhq,forks,flipper,1.3.6,gem
gitlabhq/gitlabhq,forks,faraday,2.14.3,gem
gitlabhq/gitlabhq,forks,rubocop-capybara,2.21.0,gem
gitlabhq/gitlabhq,forks,connection_pool,2.5.0,gem
gitlabhq/gitlabhq,forks,minitest,5.25.4,gem
gitlabhq/gitlabhq,forks,wisper,2.0.1,gem
gitlabhq/gitlabhq,forks,minitest,6.0.1,gem
gitlabhq/gitlabhq,forks,terminal-table,4.0.0,gem
gitlabhq/gitlabhq,forks,licensee,10.0.0,gem
gitlabhq/gitlabhq,forks,slack-messenger,2.3.6,gem
gitlabhq/gitlabhq,forks,timeout,0.4.3,gem
gitlabhq/gitlabhq,forks,fog-google,1.29.4,gem
gitlabhq/gitlabhq,forks,batch-loader,2.0.5,gem
gitlabhq/gitlabhq,forks,telesignenterprise,2.6.0,gem
gitlabhq/gitlabhq,forks,google-protobuf,4.31.1,gem
gitlabhq/gitlabhq,forks,connection_pool,2.4.1,gem
gitlabhq/gitlabhq,forks,opentelemetry-common,0.24.0,gem
gitlabhq/gitlabhq,forks,unparser,0.6.7,gem
gitlabhq/gitlabhq,forks,rqrcode,2.2.0,gem
gitlabhq/gitlabhq,forks,rspec,3.11.0,gem
gitlabhq/gitlabhq,forks,rspec-mocks,3.13.1,gem
gitlabhq/gitlabhq,forks,ice_cube,0.16.4,gem
gitlabhq/gitlabhq,forks,google-apis-androidpublisher_v3,0.107.0,gem
gitlabhq/gitlabhq,forks,gitlab-chronic,0.10.6,gem
gitlabhq/gitlabhq,forks,net-http,0.8.0,gem
gitlabhq/gitlabhq,forks,connection_pool,2.5.3,gem
gitlabhq/gitlabhq,forks,json,2.11.3,gem
gitlabhq/gitlabhq,forks,pact-mock_service,3.11.2,gem
gitlabhq/gitlabhq,forks,rack-cors,2.0.2,gem
gitlabhq/gitlabhq,forks,rubocop,1.68.0,gem
gitlabhq/gitlabhq,forks,webmock,3.26.4,gem
gitlabhq/gitlabhq,forks,activesupport,8.0.2,gem
gitlabhq/gitlabhq,forks,htmlbeautifier,1.4.2,gem
gitlabhq/gitlabhq,forks,simple_po_parser,1.1.6,gem
gitlabhq/gitlabhq,forks,googleauth,1.14.0,gem
gitlabhq/gitlabhq,forks,tty-screen,0.8.1,gem
gitlabhq/gitlabhq,forks,addressable,2.8.7,gem
gitlabhq/gitlabhq,forks,opentelemetry-instrumentation-sidekiq,0.28.1,gem
gitlabhq/gitlabhq,forks,anonymous_loader,0.1.2,gem
gitlabhq/gitlabhq,forks,json,2.6.3,gem
gitlabhq/gitlabhq,forks,rspec-support,3.13.6,gem
gitlabhq/gitlabhq,forks,rubocop-ast,1.40.0,gem
gitlabhq/gitlabhq,forks,thrift,0.22.0,gem
gitlabhq/gitlabhq,forks,debug,1.11.1,gem
gitlabhq/gitlabhq,forks,opentelemetry-instrumentation-koala,0.24.0,gem
gitlabhq/gitlabhq,forks,json,2.19.5,gem
gitlabhq/gitlabhq,forks,tzinfo,2.0.6,gem
gitlabhq/gitlabhq,forks,mime-types,3.5.1,gem
gitlabhq/gitlabhq,forks,snaky_hash,2.0.7,gem
gitlabhq/gitlabhq,forks,diffy,3.4.4,gem
gitlabhq/gitlabhq,forks,rspec-mocks,3.12.3,gem
gitlabhq/gitlabhq,forks,html-pipeline,2.14.3,gem
gitlabhq/gitlabhq,forks,net-imap,0.5.9,gem
gitlabhq/gitlabhq,forks,rspec-mocks,3.13.4,gem
gitlabhq/gitlabhq,forks,gitaly,19.2.0,gem
gitlabhq/gitlabhq,forks,google-logging-utils,0.2.0,gem
gitlabhq/gitlabhq,forks,rack,3.2.4,gem
gitlabhq/gitlabhq,forks,bcrypt,3.1.22,gem
gitlabhq/gitlabhq,forks,spring-commands-rspec,1.0.4,gem
gitlabhq/gitlabhq,forks,csv,3.3.0,gem
gitlabhq/gitlabhq,forks,opensearch-ruby,3.4.0,gem
gitlabhq/gitlabhq,forks,rqrcode_core,1.2.0,gem
gitlabhq/gitlabhq,forks,concurrent-ruby,1.3.4,gem
gitlabhq/gitlabhq,forks,googleapis-common-protos-types,1.23.0,gem
gitlabhq/gitlabhq,forks,get_process_mem,0.2.7,gem
gitlabhq/gitlabhq,forks,trailblazer-option,0.1.2,gem
gitlabhq/gitlabhq,forks,unparser,0.8.0,gem
gitlabhq/gitlabhq,forks,multi_json,1.17.0,gem
gitlabhq/gitlabhq,forks,ffi,1.17.4,gem
gitlabhq/gitlabhq,forks,crass,1.0.7,gem
gitlabhq/gitlabhq,forks,opentelemetry-instrumentation-aws_sdk,0.12.0,gem
gitlabhq/gitlabhq,forks,faraday-net_http,3.4.2,gem
gitlabhq/gitlabhq,forks,activesupport,7.0.8.7,gem
gitlabhq/gitlabhq,forks,rack,3.1.10,gem
gitlabhq/gitlabhq,forks,rake,13.1.0,gem
gitlabhq/gitlabhq,forks,rspec-support,3.13.2,gem
gitlabhq/gitlabhq,forks,zlib,3.2.3,gem
gitlabhq/gitlabhq,forks,opentelemetry-api,1.9.0,gem
gitlabhq/gitlabhq,forks,opentelemetry-exporter-otlp,0.31.1,gem
gitlabhq/gitlabhq,forks,rspec-mocks,3.13.8,gem
gitlabhq/gitlabhq,forks,google-apis-sqladmin_v1beta4,0.73.0,gem
gitlabhq/gitlabhq,forks,rubypants,0.2.0,gem
gitlabhq/gitlabhq,forks,minitest,6.0.6,gem
gitlabhq/gitlabhq,forks,mustermann-grape,1.1.0,gem
gitlabhq/gitlabhq,forks,google-apis-iamcredentials_v1,0.24.0,gem
gitlabhq/gitlabhq,forks,mixlib-config,3.0.27,gem
gitlabhq/gitlabhq,forks,rspec-support,3.13.4,gem
gitlabhq/gitlabhq,forks,activesupport,7.2.3,gem
gitlabhq/gitlabhq,forks,json,2.21.1,gem
gitlabhq/gitlabhq,forks,tpm-key_attestation,0.14.1,gem
gitlabhq/gitlabhq,forks,asciidoctor-include-ext,0.4.0,gem
gitlabhq/gitlabhq,forks,mustermann,3.0.4,gem
gitlabhq/gitlabhq,forks,elasticsearch,9.0.2,gem
gitlabhq/gitlabhq,forks,unicode,0.4.4.5,gem
gitlabhq/gitlabhq,forks,kubeclient,4.12.0,gem
gitlabhq/gitlabhq,forks,request_store,1.5.1,gem
gitlabhq/gitlabhq,forks,rubocop-factory_bot,2.24.0,gem
gitlabhq/gitlabhq,forks,keela,0.4.1,gem
gitlabhq/gitlabhq,forks,rdoc,7.2.0,gem
gitlabhq/gitlabhq,forks,opentelemetry-sdk,1.12.0,gem
gitlabhq/gitlabhq,forks,rake,13.2.1,gem
gitlabhq/gitlabhq,forks,opentelemetry-instrumentation-concurrent_ruby,0.24.0,gem
gitlabhq/gitlabhq,forks,simplecov_json_formatter,0.1.4,gem
gitlabhq/gitlabhq,forks,opentelemetry-instrumentation-concurrent_ruby,0.25.0,gem
gitlabhq/gitlabhq,forks,opentelemetry-instrumentation-racecar,0.6.1,gem
gitlabhq/gitlabhq,forks,observer,0.1.2,gem
gitlabhq/gitlabhq,forks,crass,1.0.6,gem
gitlabhq/gitlabhq,forks,redis-namespace,1.11.0,gem
gitlabhq/gitlabhq,forks,actionpack,7.2.3.1,gem
gitlabhq/gitlabhq,forks,opentelemetry-instrumentation-rake,0.5.0,gem
gitlabhq/gitlabhq,forks,globalid,1.1.0,gem
gitlabhq/gitlabhq,forks,CFPropertyList,3.0.7,gem
gitlabhq/gitlabhq,forks,rubocop-ast,1.44.1,gem
gitlabhq/gitlabhq,forks,spamcheck,1.3.3,gem
gitlabhq/gitlabhq,forks,opentelemetry-instrumentation-all,0.89.1,gem
gitlabhq/gitlabhq,forks,rubocop-rspec,2.22.0,gem
gitlabhq/gitlabhq,forks,csv,3.3.5,gem
gitlabhq/gitlabhq,forks,rspec-core,3.13.2,gem
gitlabhq/gitlabhq,forks,css_parser,1.22.0,gem
gitlabhq/gitlabhq,forks,ruby-statistics,4.1.0,gem
gitlabhq/gitlabhq,forks,net-imap,0.6.4.1,gem
gitlabhq/gitlabhq,forks,undercover,0.8.5,gem
gitlabhq/gitlabhq,forks,prawn,2.5.0,gem
gitlabhq/gitlabhq,forks,connection_pool,3.0.2,gem
gitlabhq/gitlabhq,forks,opentelemetry-instrumentation-ruby_kafka,0.25.0,gem
gitlabhq/gitlabhq,forks,date,3.4.1,gem
gitlabhq/gitlabhq,forks,pp,0.6.3,gem
gitlabhq/gitlabhq,forks,validates_hostname,1.0.13,gem
gitlabhq/gitlabhq,forks,rspec-mocks,3.13.5,gem
gitlabhq/gitlabhq,forks,google-logging-utils,0.1.0,gem
gitlabhq/gitlabhq,forks,benchmark-memory,0.2.0,gem
gitlabhq/gitlabhq,forks,guard-rspec,4.7.3,gem
gitlabhq/gitlabhq,forks,with_env,1.1.0,gem
gitlabhq/gitlabhq,forks,numerizer,0.2.0,gem
gitlabhq/gitlabhq,forks,simplecov,0.22.0,gem
gitlabhq/gitlabhq,forks,json,2.19.2,gem
gitlabhq/gitlabhq,forks,zeitwerk,2.7.1,gem
gitlabhq/gitlabhq,forks,json,2.7.2,gem
gitlabhq/gitlabhq,forks,google-apis-compute_v1,0.154.0,gem
gitlabhq/gitlabhq,forks,marcel,1.0.4,gem
gitlabhq/gitlabhq,forks,i18n,1.14.8,gem
gitlabhq/gitlabhq,forks,opentelemetry-instrumentation-action_pack,0.18.0,gem
gitlabhq/gitlabhq,forks,addressable,2.8.4,gem
gitlabhq/gitlabhq,forks,knapsack,4.0.0,gem
gitlabhq/gitlabhq,forks,guard,2.16.2,gem
gitlabhq/gitlabhq,forks,gitlab-rspec-metrics-exporter,0.2.0,gem
gitlabhq/gitlabhq,forks,opentelemetry-instrumentation-base,0.26.0,gem
gitlabhq/gitlabhq,forks,memory_profiler,1.0.0,gem
gitlabhq/gitlabhq,forks,net-scp,4.0.0,gem
gitlabhq/gitlabhq,forks,raabro,1.4.0,gem
gitlabhq/gitlabhq,forks,formatador,1.2.3,gem
gitlabhq/gitlabhq,forks,akismet,3.0.0,gem
gitlabhq/gitlabhq,forks,charlock_holmes,0.7.9,gem
gitlabhq/gitlabhq,forks,commonmarker,0.23.12,gem
gitlabhq/gitlabhq,forks,dry-cli,1.0.0,gem
gitlabhq/gitlabhq,forks,mixlib-cli,2.1.8,gem
gitlabhq/gitlabhq,forks,state_machines-activemodel,0.101.0,gem
gitlabhq/gitlabhq,forks,parallel_tests,5.7.0,gem
gitlabhq/gitlabhq,forks,semver_dialects,4.1.3,gem
gitlabhq/gitlabhq,forks,opentelemetry-instrumentation-trilogy,0.65.1,gem
gitlabhq/gitlabhq,forks,encryptor,3.0.0,gem
gitlabhq/gitlabhq,forks,rspec-rails,7.1.1,gem
gitlabhq/gitlabhq,forks,google-apis-cloudresourcemanager_v1,0.45.0,gem
gitlabhq/gitlabhq,forks,pg,1.5.9,gem
gitlabhq/gitlabhq,forks,danger-gitlab,8.0.0,gem
gitlabhq/gitlabhq,forks,gitlab,4.19.0,gem
gitlabhq/gitlabhq,forks,pry-byebug,3.12.0,gem
gitlabhq/gitlabhq,forks,rspec,3.13.1,gem
gitlabhq/gitlabhq,forks,docile,1.4.1,gem
gitlabhq/gitlabhq,forks,hashdiff,1.1.2,gem
gitlabhq/gitlabhq,forks,sysexits,1.2.0,gem
gitlabhq/gitlabhq,forks,io-console,0.8.2,gem
gitlabhq/gitlabhq,forks,actionpack,8.1.3,gem
gitlabhq/gitlabhq,forks,google-apis-compute_v1,0.136.0,gem
gitlabhq/gitlabhq,forks,ffi,1.17.2,gem
gitlabhq/gitlabhq,forks,citrus,3.0.2,gem
gitlabhq/gitlabhq,forks,io-event,1.16.2,gem
gitlabhq/gitlabhq,forks,opentelemetry-instrumentation-excon,0.26.1,gem
gitlabhq/gitlabhq,forks,derailed_benchmarks,2.2.1,gem
gitlabhq/gitlabhq,forks,unf_ext,0.0.8.2,gem
gitlabhq/gitlabhq,forks,method_source,1.1.0,gem
gitlabhq/gitlabhq,forks,uri,1.0.3,gem
gitlabhq/gitlabhq,forks,httparty,0.21.0,gem
gitlabhq/gitlabhq,forks,rack-oauth2,2.2.1,gem
gitlabhq/gitlabhq,forks,rspec-core,3.11.0,gem
gitlabhq/gitlabhq,forks,rspec,3.10.0,gem
gitlabhq/gitlabhq,forks,language_server-protocol,3.17.0.5,gem
gitlabhq/gitlabhq,forks,fuzzyurl,0.9.0,gem
gitlabhq/gitlabhq,forks,httparty,0.23.2,gem
gitlabhq/gitlabhq,forks,ostruct,0.6.1,gem
gitlabhq/gitlabhq,forks,gitlab-styles,10.1.0,gem
gitlabhq/gitlabhq,forks,concurrent-ruby,1.3.6,gem
gitlabhq/gitlabhq,forks,opentelemetry-instrumentation-pg,0.34.1,gem
gitlabhq/gitlabhq,forks,ffaker,2.25.0,gem
gitlabhq/gitlabhq,forks,ffi-compiler,1.0.1,gem
gitlabhq/gitlabhq,forks,netrc,0.11.0,gem
gitlabhq/gitlabhq,forks,climate_control,1.2.0,gem
gitlabhq/gitlabhq,forks,yajl-ruby,1.4.3,gem
gitlabhq/gitlabhq,forks,http-form_data,2.3.0,gem
gitlabhq/gitlabhq,forks,activejob,7.2.3.1,gem
gitlabhq/gitlabhq,forks,google-protobuf,4.35.1,gem
gitlabhq/gitlabhq,forks,diff-lcs,1.6.2,gem
gitlabhq/gitlabhq,forks,opentelemetry-instrumentation-que,0.13.0,gem
gitlabhq/gitlabhq,forks,opentelemetry-instrumentation-rdkafka,0.9.0,gem
gitlabhq/gitlabhq,forks,net-pop,0.1.2,gem
gitlabhq/gitlabhq,forks,pastel,0.8.0,gem
gitlabhq/gitlabhq,forks,attr_encrypted,4.2.0,gem
gitlabhq/gitlabhq,forks,oj-introspect,0.9.0,gem
gitlabhq/gitlabhq,forks,addressable,2.8.5,gem
gitlabhq/gitlabhq,forks,language_server-protocol,3.17.0.6,gem
gitlabhq/gitlabhq,forks,unicode-emoji,4.2.0,gem
gitlabhq/gitlabhq,forks,proc_to_ast,0.1.0,gem
gitlabhq/gitlabhq,forks,ruby-lsp-rails,0.4.8,gem
gitlabhq/gitlabhq,forks,ethon,0.16.0,gem
gitlabhq/gitlabhq,forks,rubocop-rspec,3.0.5,gem
gitlabhq/gitlabhq,forks,regexp_parser,2.10.0,gem
gitlabhq/gitlabhq,forks,parslet,1.8.2,gem
gitlabhq/gitlabhq,forks,sentry-ruby,5.23.0,gem
gitlabhq/gitlabhq,forks,rspec-expectations,3.11.0,gem
gitlabhq/gitlabhq,forks,mime-types,3.7.0,gem
gitlabhq/gitlabhq,forks,i18n,1.13.0,gem
gitlabhq/gitlabhq,forks,gitlab-grape-openapi,0.5.0,gem
gitlabhq/gitlabhq,forks,ast,2.4.3,gem
gitlabhq/gitlabhq,forks,rexml,3.4.4,gem
gitlabhq/gitlabhq,forks,reline,0.7.0,gem
gitlabhq/gitlabhq,forks,gitlab-qa,15.8.0,gem
gitlabhq/gitlabhq,forks,useragent,0.16.11,gem
gitlabhq/gitlabhq,forks,rack,3.1.16,gem
gitlabhq/gitlabhq,forks,multi_xml,0.7.2,gem
gitlabhq/gitlabhq,forks,factory_bot_rails,6.2.0,gem
gitlabhq/gitlabhq,forks,prism,1.4.0,gem
gitlabhq/gitlabhq,forks,tty-which,0.5.0,gem
gitlabhq/gitlabhq,forks,recaptcha,5.12.3,gem
gitlabhq/gitlabhq,forks,debug_inspector,1.1.0,gem
gitlabhq/gitlabhq,forks,grape-swagger,2.1.4,gem
gitlabhq/gitlabhq,forks,omniauth-saml,2.2.5,gem
gitlabhq/gitlabhq,forks,rack-session,2.0.0,gem
gitlabhq/gitlabhq,forks,proc_to_ast,0.2.0,gem
gitlabhq/gitlabhq,forks,opentelemetry-instrumentation-graphql,0.31.2,gem
gitlabhq/gitlabhq,forks,sys-filesystem,1.5.5,gem
gitlabhq/gitlabhq,forks,opentelemetry-instrumentation-mysql2,0.34.0,gem
gitlabhq/gitlabhq,forks,opentelemetry-instrumentation-sinatra,0.30.0,gem
gitlabhq/gitlabhq,forks,multi_xml,0.6.0,gem
gitlabhq/gitlabhq,forks,table_print,1.5.7,gem
gitlabhq/gitlabhq,forks,wikicloth,0.8.1,gem
gitlabhq/gitlabhq,forks,opentelemetry-instrumentation-anthropic,0.3.0,gem
gitlabhq/gitlabhq,forks,net-protocol,0.2.2,gem
gitlabhq/gitlabhq,forks,opentelemetry-instrumentation-lmdb,0.26.0,gem
gitlabhq/gitlabhq,forks,factory_bot,6.5.0,gem
gitlabhq/gitlabhq,forks,opentelemetry-instrumentation-faraday,0.33.0,gem
gitlabhq/gitlabhq,forks,nokogiri,1.18.8,gem
gitlabhq/gitlabhq,forks,rspec-support,3.13.0,gem
gitlabhq/gitlabhq,forks,llhttp-ffi,0.5.1,gem
gitlabhq/gitlabhq,forks,org-ruby,0.9.12,gem
gitlabhq/gitlabhq,forks,solargraph,0.58.3,gem
gitlabhq/gitlabhq,forks,gitlab-labkit,2.6.1,gem
gitlabhq/gitlabhq,forks,http,5.1.1,gem
gitlabhq/gitlabhq,forks,find_a_port,1.0.1,gem
gitlabhq/gitlabhq,forks,claide,1.1.0,gem
gitlabhq/gitlabhq,forks,htmlentities,4.3.4,gem
gitlabhq/gitlabhq,forks,erb,6.0.4,gem
gitlabhq/gitlabhq,forks,loofah,2.25.2,gem
gitlabhq/gitlabhq,forks,oauth,1.1.7,gem
gitlabhq/gitlabhq,forks,google-cloud-core,1.7.0,gem
gitlabhq/gitlabhq,forks,opentelemetry-instrumentation-resque,0.8.0,gem
gitlabhq/gitlabhq,forks,gitlab-fog-azure-rm,2.5.0,gem
gitlabhq/gitlabhq,forks,oauth-tty,1.0.12,gem
gitlabhq/gitlabhq,forks,sprite-factory,1.7.1,gem
gitlabhq/gitlabhq,forks,nenv,0.3.0,gem
gitlabhq/gitlabhq,forks,test-prof,1.6.1,gem
gitlabhq/gitlabhq,forks,rubocop-capybara,2.18.0,gem
gitlabhq/gitlabhq,forks,zeitwerk,2.8.1,gem
gitlabhq/gitlabhq,forks,rake,13.3.1,gem
gitlabhq/gitlabhq,forks,ethon,0.15.0,gem
gitlabhq/gitlabhq,forks,fog-json,1.2.0,gem
gitlabhq/gitlabhq,forks,grpc-tools,1.83.0,gem
gitlabhq/gitlabhq,forks,spring,4.3.0,gem
gitlabhq/gitlabhq,forks,opentelemetry-instrumentation-anthropic,0.5.0,gem
gitlabhq/gitlabhq,forks,webrick,1.8.2,gem
gitlabhq/gitlabhq,forks,aws-sdk-kms,1.76.0,gem
gitlabhq/gitlabhq,forks,term-ansicolor,1.7.1,gem
gitlabhq/gitlabhq,forks,fugit,1.11.2,gem
gitlabhq/gitlabhq,forks,actiontext,7.2.3.1,gem
gitlabhq/gitlabhq,forks,faraday-net_http_persistent,2.1.0,gem
gitlabhq/gitlabhq,forks,et-orbi,1.2.11,gem
gitlabhq/gitlabhq,forks,rspec-core,3.13.5,gem
gitlabhq/gitlabhq,forks,actionview,8.0.2,gem
gitlabhq/gitlabhq,forks,parser,3.3.7.0,gem
gitlabhq/gitlabhq,forks,git,1.19.1,gem
gitlabhq/gitlabhq,forks,nap,1.1.0,gem
gitlabhq/gitlabhq,forks,ruby-progressbar,1.13.0,gem
gitlabhq/gitlabhq,forks,aws-sdk-cloudformation,1.157.0,gem
gitlabhq/gitlabhq,forks,rubocop-graphql,0.19.0,gem
gitlabhq/gitlabhq,forks,crack,1.0.0,gem
gitlabhq/gitlabhq,forks,opentelemetry-instrumentation-redis,0.28.0,gem
gitlabhq/gitlabhq,forks,aws-sdk-s3,1.229.0,gem
gitlabhq/gitlabhq,forks,health_check,3.1.0,gem
gitlabhq/gitlabhq,forks,hana,1.3.7,gem
gitlabhq/gitlabhq,forks,opentelemetry-instrumentation-bunny,0.24.0,gem
gitlabhq/gitlabhq,forks,rubocop-ast,1.49.1,gem
gitlabhq/gitlabhq,forks,rubocop-factory_bot,2.25.1,gem
gitlabhq/gitlabhq,forks,tty-color,0.6.0,gem
gitlabhq/gitlabhq,forks,js_regex,3.14.0,gem
gitlabhq/gitlabhq,forks,benchmark,0.5.0,gem
gitlabhq/gitlabhq,forks,opentelemetry-instrumentation-rake,0.6.0,gem
gitlabhq/gitlabhq,forks,omniauth-auth0,3.1.1,gem
gitlabhq/gitlabhq,forks,aws-sigv4,1.9.1,gem
gitlabhq/gitlabhq,forks,flipper-active_record,1.3.6,gem
gitlabhq/gitlabhq,forks,jsonb_accessor,1.4.2,gem
gitlabhq/gitlabhq,forks,connection_pool,2.5.5,gem
gitlabhq/gitlabhq,forks,opentelemetry-instrumentation-lmdb,0.25.0,gem
gitlabhq/gitlabhq,forks,racc,1.7.1,gem
gitlabhq/gitlabhq,forks,aliyun-sdk,0.8.0,gem
gitlabhq/gitlabhq,forks,webfinger,2.1.3,gem
gitlabhq/gitlabhq,forks,peek,1.1.0,gem
gitlabhq/gitlabhq,forks,rack,2.2.17,gem
gitlabhq/gitlabhq,forks,oj,3.17.6,gem
gitlabhq/gitlabhq,forks,opentelemetry-instrumentation-gruf,0.5.0,gem
gitlabhq/gitlabhq,forks,minitest,5.17.0,gem
gitlabhq/gitlabhq,forks,thor,1.3.2,gem
gitlabhq/gitlabhq,forks,reline,0.6.1,gem
gitlabhq/gitlabhq,forks,rspec-expectations,3.13.4,gem
gitlabhq/gitlabhq,forks,rspec-parameterized-core,1.0.1,gem
gitlabhq/gitlabhq,forks,rspec-rails,8.0.0,gem
gitlabhq/gitlabhq,forks,nio4r,2.7.5,gem
gitlabhq/gitlabhq,forks,sixarm_ruby_unaccent,1.2.0,gem
gitlabhq/gitlabhq,forks,google-apis-monitoring_v3,0.83.0,gem
gitlabhq/gitlabhq,forks,validate_url,1.0.15,gem
gitlabhq/gitlabhq,forks,re2,2.27.0,gem
gitlabhq/gitlabhq,forks,stringio,3.2.0,gem
gitlabhq/gitlabhq,forks,activerecord,7.2.3,gem
gitlabhq/gitlabhq,forks,io-console,0.9.2,gem
gitlabhq/gitlabhq,forks,activemodel,8.0.2,gem
gitlabhq/gitlabhq,forks,google-apis-pubsub_v1,0.53.0,gem
gitlabhq/gitlabhq,forks,gitlab-markup,2.1.0,gem
gitlabhq/gitlabhq,forks,auth-sanitizer,0.2.3,gem
gitlabhq/gitlabhq,forks,locale,2.1.4,gem
gitlabhq/gitlabhq,forks,opentelemetry-instrumentation-action_mailer,0.7.0,gem
gitlabhq/gitlabhq,forks,rspec-parameterized-table_syntax,2.0.1,gem
gitlabhq/gitlabhq,forks,rspec-parameterized-core,2.0.0,gem
gitlabhq/gitlabhq,forks,hashie,5.0.0,gem
gitlabhq/gitlabhq,forks,timfel-krb5-auth,0.8.3,gem
gitlabhq/gitlabhq,forks,tomlrb,1.3.0,gem
gitlabhq/gitlabhq,forks,rubocop-ast,1.50.0,gem
gitlabhq/gitlabhq,forks,webmock,3.19.1,gem
gitlabhq/gitlabhq,forks,io-console,0.8.0,gem
gitlabhq/gitlabhq,forks,launchy,2.5.0,gem
gitlabhq/gitlabhq,forks,activerecord,7.2.2.1,gem
gitlabhq/gitlabhq,forks,mime-types-data,3.2025.0924,gem
gitlabhq/gitlabhq,forks,rugged,1.9.6,gem
gitlabhq/gitlabhq,forks,terminal-table,3.0.2,gem
gitlabhq/gitlabhq,forks,unicode-emoji,4.0.4,gem
gitlabhq/gitlabhq,forks,sd_notify,0.1.1,gem
gitlabhq/gitlabhq,forks,rack,2.2.23,gem
gitlabhq/gitlabhq,forks,opentelemetry-instrumentation-dalli,0.30.0,gem
gitlabhq/gitlabhq,forks,rspec-mocks,3.13.7,gem
gitlabhq/gitlabhq,forks,rack-proxy,0.7.7,gem
gitlabhq/gitlabhq,forks,faraday-follow_redirects,0.5.0,gem
gitlabhq/gitlabhq,forks,omniauth-oauth2,1.9.0,gem
gitlabhq/gitlabhq,forks,parser,3.3.8.0,gem
gitlabhq/gitlabhq,forks,pg,1.6.3,gem
gitlabhq/gitlabhq,forks,elasticsearch-rails,7.2.1,gem
gitlabhq/gitlabhq,forks,webauthn,3.4.3,gem
gitlabhq/gitlabhq,forks,rest-client,2.1.0,gem
gitlabhq/gitlabhq,forks,zeitwerk,2.7.3,gem
gitlabhq/gitlabhq,forks,version_gem,1.1.15,gem
gitlabhq/gitlabhq,forks,devise-two-factor,6.4.0,gem
gitlabhq/gitlabhq,forks,jira-ruby,3.2.0,gem
gitlabhq/gitlabhq,forks,rspec-expectations,3.13.5,gem
gitlabhq/gitlabhq,forks,public_suffix,5.0.3,gem
gitlabhq/gitlabhq,forks,carrierwave,1.3.4,gem
gitlabhq/gitlabhq,forks,opentelemetry-instrumentation-sinatra,0.28.0,gem
gitlabhq/gitlabhq,forks,rbtrace,0.5.5,gem
gitlabhq/gitlabhq,forks,opentelemetry-instrumentation-redis,0.29.0,gem
gitlabhq/gitlabhq,forks,regexp_parser,2.9.2,gem
gitlabhq/gitlabhq,forks,rouge,4.7.0,gem
gitlabhq/gitlabhq,forks,mize,0.6.1,gem
gitlabhq/gitlabhq,forks,valid_email,0.1.3,gem
gitlabhq/gitlabhq,forks,activesupport,7.2.3.1,gem
gitlabhq/gitlabhq,forks,test_file_finder,0.3.1,gem
gitlabhq/gitlabhq,forks,json,2.18.0,gem
gitlabhq/gitlabhq,forks,rspec-expectations,3.10.2,gem
gitlabhq/gitlabhq,forks,icalendar,2.12.4,gem
gitlabhq/gitlabhq,forks,responders,3.0.1,gem
gitlabhq/gitlabhq,forks,attr_required,1.0.2,gem
gitlabhq/gitlabhq,forks,zstd-ruby,2.0.8,gem
gitlabhq/gitlabhq,forks,elasticsearch-transport,7.17.11,gem
gitlabhq/gitlabhq,forks,json,2.21.2,gem
gitlabhq/gitlabhq,forks,parser,3.3.10.2,gem
gitlabhq/gitlabhq,forks,rdoc,8.0.0,gem
gitlabhq/gitlabhq,forks,mime-types-data,3.2024.0604,gem
gitlabhq/gitlabhq,forks,kaminari-core,1.2.2,gem
gitlabhq/gitlabhq,forks,sentry-sidekiq,5.23.0,gem
gitlabhq/gitlabhq,forks,ohai,19.1.40,gem
gitlabhq/gitlabhq,forks,aws-eventstream,1.3.0,gem
gitlabhq/gitlabhq,forks,gitlab-crystalball,1.1.3,gem
gitlabhq/gitlabhq,forks,rubocop-factory_bot,2.26.1,gem
gitlabhq/gitlabhq,forks,google-protobuf,3.25.4,gem
gitlabhq/gitlabhq,forks,i18n,1.14.7,gem
gitlabhq/gitlabhq,forks,google-cloud-storage_transfer-v1,0.8.0,gem
gitlabhq/gitlabhq,forks,irb,1.17.0,gem
gitlabhq/gitlabhq,forks,google-apis-monitoring_v3,0.64.0,gem
gitlabhq/gitlabhq,forks,opentelemetry-instrumentation-rails,0.39.1,gem
gitlabhq/gitlabhq,forks,elasticsearch-api,7.17.11,gem
gitlabhq/gitlabhq,forks,tanuki_emoji,0.13.0,gem
gitlabhq/gitlabhq,forks,rspec-parameterized-table_syntax,1.0.0,gem
gitlabhq/gitlabhq,forks,rack,3.2.5,gem
gitlabhq/gitlabhq,forks,tty-reader,0.9.0,gem
gitlabhq/gitlabhq,forks,crack,1.0.1,gem
gitlabhq/gitlabhq,forks,rubocop-ast,1.49.0,gem
gitlabhq/gitlabhq,forks,opentelemetry-instrumentation-koala,0.23.0,gem
gitlabhq/gitlabhq,forks,unicode-display_width,2.5.0,gem
gitlabhq/gitlabhq,forks,io-console,0.8.1,gem
gitlabhq/gitlabhq,forks,msgpack,1.8.4,gem
gitlabhq/gitlabhq,forks,prism,1.9.0,gem
gitlabhq/gitlabhq,forks,erb,6.0.3,gem
gitlabhq/gitlabhq,forks,securerandom,0.4.1,gem
gitlabhq/gitlabhq,forks,openssl,3.3.3,gem
gitlabhq/gitlabhq,forks,i18n,1.14.1,gem
gitlabhq/gitlabhq,forks,activesupport,7.2.2.1,gem
gitlabhq/gitlabhq,forks,rake,13.3.0,gem
gitlabhq/gitlabhq,forks,logger,1.6.6,gem
gitlabhq/gitlabhq,forks,factory_bot,6.4.6,gem
gitlabhq/gitlabhq,forks,dotenv,2.7.6,gem
gitlabhq/gitlabhq,forks,invisible_captcha,2.3.0,gem
gitlabhq/gitlabhq,forks,gitlab-security_report_schemas,0.2.1.min15.0.0.max15.2.4,gem
gitlabhq/gitlabhq,forks,rspec-rails,6.0.4,gem
gitlabhq/gitlabhq,forks,google-apis-iamcredentials_v1,0.26.0,gem
gitlabhq/gitlabhq,forks,actionpack,8.0.2,gem
gitlabhq/gitlabhq,forks,gitlab-dangerfiles,4.12.0,gem
gitlabhq/gitlabhq,forks,stringio,3.1.2,gem
gitlabhq/gitlabhq,forks,bigdecimal,3.2.2,gem
gitlabhq/gitlabhq,forks,rspec-parameterized-core,2.0.1,gem
gitlabhq/gitlabhq,forks,drb,2.2.1,gem
gitlabhq/gitlabhq,forks,digest-crc,0.6.5,gem
gitlabhq/gitlabhq,forks,google-cloud-location,0.6.0,gem
gitlabhq/gitlabhq,forks,rspec,3.13.0,gem
gitlabhq/gitlabhq,forks,gitlab-styles,13.0.1,gem
gitlabhq/gitlabhq,forks,claide-plugins,0.9.2,gem
gitlabhq/gitlabhq,forks,temple,0.8.2,gem
gitlabhq/gitlabhq,forks,tins,1.31.1,gem
gitlabhq/gitlabhq,forks,net-http,0.6.0,gem
gitlabhq/gitlabhq,forks,gitlab-glaz,1.1.0,gem
gitlabhq/gitlabhq,forks,gitlab-labkit,5.0.0,gem
gitlabhq/gitlabhq,forks,opentelemetry-instrumentation-http_client,0.29.0,gem
gitlabhq/gitlabhq,forks,opentelemetry-instrumentation-trilogy,0.69.0,gem
gitlabhq/gitlabhq,forks,backport,1.2.0,gem
gitlabhq/gitlabhq,forks,activestorage,7.2.3.1,gem
gitlabhq/gitlabhq,forks,grape-entity,1.1.0,gem
gitlabhq/gitlabhq,forks,parser,3.3.12.0,gem
gitlabhq/gitlabhq,forks,opentelemetry-instrumentation-resque,0.9.0,gem
gitlabhq/gitlabhq,forks,gitlab_quality-test_tooling,3.21.4,gem
gitlabhq/gitlabhq,forks,rspec-expectations,3.13.2,gem
gitlabhq/gitlabhq,forks,aws-partitions,1.1099.0,gem
gitlabhq/gitlabhq,forks,actionview,7.2.3.1,gem
gitlabhq/gitlabhq,forks,allure-rspec,2.28.0,gem
gitlabhq/gitlabhq,forks,actionmailer,7.2.3.1,gem
gitlabhq/gitlabhq,forks,opentelemetry-instrumentation-faraday,0.30.1,gem
gitlabhq/gitlabhq,forks,diff-lcs,1.5.0,gem
gitlabhq/gitlabhq,forks,mini_portile2,2.8.2,gem
gitlabhq/gitlabhq,forks,safe_yaml,1.0.4,gem
gitlabhq/gitlabhq,forks,erubi,1.13.0,gem
gitlabhq/gitlabhq,forks,grpc,1.75.0,gem
gitlabhq/gitlabhq,forks,google-apis-core,1.0.2,gem
gitlabhq/gitlabhq,forks,psych,5.2.4,gem
gitlabhq/gitlabhq,forks,lookbook,2.3.15,gem
gitlabhq/gitlabhq,forks,opentelemetry-common,0.25.0,gem
gitlabhq/gitlabhq,forks,unparser,0.6.8,gem
gitlabhq/gitlabhq,forks,rack-test,2.1.0,gem
gitlabhq/gitlabhq,forks,google-apis-iam_v1,0.79.0,gem
gitlabhq/gitlabhq,forks,activesupport,8.1.3.1,gem
gitlabhq/gitlabhq,forks,redis-client,0.24.0,gem
gitlabhq/gitlabhq,forks,tins,1.38.0,gem
gitlabhq/gitlabhq,forks,pact,1.64.0,gem
gitlabhq/gitlabhq,forks,singleton,0.3.0,gem
gitlabhq/gitlabhq,forks,sentry-rails,5.23.0,gem
gitlabhq/gitlabhq,forks,memory_profiler,1.1.0,gem
gitlabhq/gitlabhq,forks,actionpack,7.2.2.1,gem
gitlabhq/gitlabhq,forks,mime-types,3.5.2,gem
gitlabhq/gitlabhq,forks,libyajl2,2.1.0,gem
gitlabhq/gitlabhq,forks,rubocop-performance,1.23.1,gem
gitlabhq/gitlabhq,forks,opentelemetry-instrumentation-delayed_job,0.26.0,gem
gitlabhq/gitlabhq,forks,google-apis-sqladmin_v1beta4,0.94.0,gem
gitlabhq/gitlabhq,forks,google-apis-compute_v1,0.101.0,gem
gitlabhq/gitlabhq,forks,selenium-webdriver,4.42.0,gem
gitlabhq/gitlabhq,forks,view_component,4.12.0,gem
gitlabhq/gitlabhq,forks,axe-core-api,4.12.0,gem
gitlabhq/gitlabhq,forks,opentelemetry-instrumentation-action_view,0.13.0,gem
gitlabhq/gitlabhq,forks,reverse_markdown,3.0.0,gem
gitlabhq/gitlabhq,forks,gdk-toogle,1.0.2,gem
gitlabhq/gitlabhq,forks,rspec-mocks,3.12.6,gem
gitlabhq/gitlabhq,forks,gitlab-styles,11.0.0,gem
gitlabhq/gitlabhq,forks,regexp_parser,2.8.2,gem
gitlabhq/gitlabhq,forks,require_all,3.0.0,gem
gitlabhq/gitlabhq,forks,rspec-expectations,3.13.0,gem
gitlabhq/gitlabhq,forks,opentelemetry-sdk,1.11.0,gem
gitlabhq/gitlabhq,forks,declarative,0.0.20,gem
gitlabhq/gitlabhq,forks,net-http-persistent,4.0.5,gem
gitlabhq/gitlabhq,forks,google-apis-storage_v1,0.58.0,gem
gitlabhq/gitlabhq,forks,faraday-follow_redirects,0.4.0,gem
gitlabhq/gitlabhq,forks,minitest,5.25.5,gem
gitlabhq/gitlabhq,forks,email_validator,2.2.4,gem
gitlabhq/gitlabhq,forks,googleauth,1.16.0,gem
gitlabhq/gitlabhq,forks,rbs,4.0.3,gem
gitlabhq/gitlabhq,forks,typhoeus,1.5.0,gem
gitlabhq/gitlabhq,forks,opentelemetry-instrumentation-mongo,0.25.1,gem
gitlabhq/gitlabhq,forks,tty-cursor,0.7.1,gem
gitlabhq/gitlabhq,forks,bigdecimal,4.0.1,gem
gitlabhq/gitlabhq,forks,rdoc,6.10.0,gem
gitlabhq/gitlabhq,forks,factory_bot,6.2.0,gem
gitlabhq/gitlabhq,forks,puma,8.0.2,gem
gitlabhq/gitlabhq,forks,shoulda-matchers,6.4.0,gem
gitlabhq/gitlabhq,forks,ruby2_keywords,0.0.5,gem
gitlabhq/gitlabhq,forks,chef-config,18.3.0,gem
gitlabhq/gitlabhq,forks,pry,0.16.0,gem
gitlabhq/gitlabhq,forks,unicode-display_width,2.6.0,gem
gitlabhq/gitlabhq,forks,gitlab,6.1.0,gem
gitlabhq/gitlabhq,forks,docile,1.4.0,gem
gitlabhq/gitlabhq,forks,opentelemetry-instrumentation-aws_lambda,0.6.0,gem
gitlabhq/gitlabhq,forks,awesome_print,1.9.2,gem
gitlabhq/gitlabhq,forks,rack-session,2.1.1,gem
gitlabhq/gitlabhq,forks,public_suffix,5.0.1,gem
gitlabhq/gitlabhq,forks,diff-lcs,1.5.1,gem
gitlabhq/gitlabhq,forks,rails-dom-testing,2.2.0,gem
gitlabhq/gitlabhq,forks,junit_merge,0.1.2,gem
gitlabhq/gitlabhq,forks,reline,0.6.3,gem
gitlabhq/gitlabhq,forks,dry-types,1.8.3,gem
gitlabhq/gitlabhq,forks,base32,0.3.4,gem
gitlabhq/gitlabhq,forks,redis-rack,3.0.0,gem
gitlabhq/gitlabhq,forks,prometheus-client-mmap,1.6.1,gem
gitlabhq/gitlabhq,forks,google-cloud-env,2.2.1,gem
gitlabhq/gitlabhq,forks,rails-html-sanitizer,1.7.0,gem
gitlabhq/gitlabhq,forks,oj,3.17.3,gem
gitlabhq/gitlabhq,forks,opentelemetry-helpers-sql-processor,0.5.0,gem
gitlabhq/gitlabhq,forks,lefthook,1.13.6,gem
gitlabhq/gitlabhq,forks,opentelemetry-instrumentation-ethon,0.29.0,gem
gitlabhq/gitlabhq,forks,rubocop,1.71.1,gem
gitlabhq/gitlabhq,forks,timeout,0.6.0,gem
gitlabhq/gitlabhq,forks,irb,1.15.2,gem
gitlabhq/gitlabhq,forks,aws-sdk-sesv2,1.102.0,gem
gitlabhq/gitlabhq,forks,yard-activesupport-concern,0.0.1,gem
gitlabhq/gitlabhq,forks,rouge,5.1.0,gem
gitlabhq/gitlabhq,forks,google-apis-dns_v1,0.36.0,gem
gitlabhq/gitlabhq,forks,opentelemetry-api,1.10.0,gem
gitlabhq/gitlabhq,forks,actionpack,7.2.3,gem
gitlabhq/gitlabhq,forks,prism,1.6.0,gem
gitlabhq/gitlabhq,forks,faker,3.8.0,gem
gitlabhq/gitlabhq,forks,net-http2,0.19.0,gem
gitlabhq/gitlabhq,forks,tty-markdown-meinac,0.7.2,gem
gitlabhq/gitlabhq,forks,regexp_parser,2.8.1,gem
gitlabhq/gitlabhq,forks,webmock,3.26.2,gem
gitlabhq/gitlabhq,forks,rubocop-rails,2.26.2,gem
gitlabhq/gitlabhq,forks,kramdown,2.5.2,gem
gitlabhq/gitlabhq,forks,apollo_upload_server,2.1.8,gem
gitlabhq/gitlabhq,forks,simpleidn,0.2.3,gem
gitlabhq/gitlabhq,forks,i18n_data,0.13.1,gem
gitlabhq/gitlabhq,forks,rexml,3.3.9,gem
gitlabhq/gitlabhq,forks,rouge,4.5.2,gem
gitlabhq/gitlabhq,forks,android_key_attestation,0.3.0,gem
gitlabhq/gitlabhq,forks,omniauth-github,2.0.1,gem
gitlabhq/gitlabhq,forks,builder,3.3.0,gem
gitlabhq/gitlabhq,forks,lint_roller,1.1.0,gem
gitlabhq/gitlabhq,forks,sprockets-rails,3.5.2,gem
gitlabhq/gitlabhq,forks,public_suffix,5.0.0,gem
gitlabhq/gitlabhq,forks,bigdecimal,4.1.1,gem
gitlabhq/gitlabhq,forks,gitlab_quality-test_tooling,3.13.0,gem
gitlabhq/gitlabhq,forks,js-routes,2.3.7,gem
gitlabhq/gitlabhq,forks,oauth2,2.0.25,gem
gitlabhq/gitlabhq,forks,opentelemetry-instrumentation-pg,0.36.0,gem
gitlabhq/gitlabhq,forks,faraday-net_http,3.3.0,gem
gitlabhq/gitlabhq,forks,addressable,2.8.8,gem
gitlabhq/gitlabhq,forks,mixlib-log,3.2.3,gem
gitlabhq/gitlabhq,forks,faraday_middleware-aws-sigv4,1.0.1,gem
gitlabhq/gitlabhq,forks,graphql,2.6.3,gem
gitlabhq/gitlabhq,forks,minitest,6.0.4,gem
gitlabhq/gitlabhq,forks,rubocop-rails,2.20.0,gem
gitlabhq/gitlabhq,forks,sidekiq-cron,2.3.1,gem
gitlabhq/gitlabhq,forks,rubocop-rspec_rails,2.30.0,gem
gitlabhq/gitlabhq,forks,rails,7.2.3.1,gem
gitlabhq/gitlabhq,forks,rack-session,1.0.2,gem
gitlabhq/gitlabhq,forks,unf,0.1.4,gem
gitlabhq/gitlabhq,forks,opentelemetry-instrumentation-rdkafka,0.10.0,gem
gitlabhq/gitlabhq,forks,json,2.20.0,gem
gitlabhq/gitlabhq,forks,resolv,0.7.1,gem
gitlabhq/gitlabhq,forks,opentelemetry-instrumentation-httpx,0.5.1,gem
gitlabhq/gitlabhq,forks,opentelemetry-instrumentation-http,0.30.0,gem
gitlabhq/gitlabhq,forks,haml,5.2.2,gem
gitlabhq/gitlabhq,forks,mutex_m,0.3.0,gem
gitlabhq/gitlabhq,forks,public_suffix,6.0.1,gem
gitlabhq/gitlabhq,forks,gitlab-net-dns,0.15.0,gem
gitlabhq/gitlabhq,forks,character_set,1.8.0,gem
gitlabhq/gitlabhq,forks,rspec-core,3.12.2,gem
gitlabhq/gitlabhq,forks,parallel,1.27.0,gem
gitlabhq/gitlabhq,forks,actionview,7.2.3,gem
gitlabhq/gitlabhq,forks,rouge,4.3.0,gem
gitlabhq/gitlabhq,forks,rubocop-rails,2.22.2,gem
gitlabhq/gitlabhq,forks,zeitwerk,2.7.2,gem
gitlabhq/gitlabhq,forks,gitlab-experiment,2.0.0,gem
gitlabhq/gitlabhq,forks,no_proxy_fix,0.1.2,gem
gitlabhq/gitlabhq,forks,cose,1.3.1,gem
gitlabhq/gitlabhq,forks,diffy,3.4.2,gem
gitlabhq/gitlabhq,forks,zeitwerk,2.6.8,gem
gitlabhq/gitlabhq,forks,multi_json,1.15.0,gem
gitlabhq/gitlabhq,forks,google-apis-iamcredentials_v1,0.21.0,gem
gitlabhq/gitlabhq,forks,opentelemetry-instrumentation-mysql2,0.32.1,gem
gitlabhq/gitlabhq,forks,excon,1.3.0,gem
gitlabhq/gitlabhq,forks,dumb_delegator,1.0.0,gem
gitlabhq/gitlabhq,forks,email_reply_trimmer,0.4.0,gem
gitlabhq/gitlabhq,forks,opentelemetry-instrumentation-dalli,0.29.2,gem
gitlabhq/gitlabhq,forks,opentelemetry-instrumentation-all,0.94.0,gem
gitlabhq/gitlabhq,forks,nokogiri,1.18.9,gem
gitlabhq/gitlabhq,forks,rubocop-rails,2.20.2,gem
gitlabhq/gitlabhq,forks,diff-lcs,1.6.0,gem
gitlabhq/gitlabhq,forks,loofah,2.25.0,gem
gitlabhq/gitlabhq,forks,pry-shell,0.7.0,gem
gitlabhq/gitlabhq,forks,opentelemetry-semantic_conventions,1.41.0,gem
gitlabhq/gitlabhq,forks,rack,3.2.6,gem
gitlabhq/gitlabhq,forks,benchmark,0.4.1,gem
gitlabhq/gitlabhq,forks,yard-solargraph,0.1.0,gem
gitlabhq/gitlabhq,forks,expgen,0.1.1,gem
gitlabhq/gitlabhq,forks,nats-pure,2.5.0,gem
gitlabhq/gitlabhq,forks,fog-core,2.6.0,gem
gitlabhq/gitlabhq,forks,premailer,1.23.0,gem
gitlabhq/gitlabhq,forks,gitlab-styles,14.0.0,gem
gitlabhq/gitlabhq,forks,ruby-progressbar,1.11.0,gem
gitlabhq/gitlabhq,forks,zeitwerk,2.8.3,gem
gitlabhq/gitlabhq,forks,sorbet-runtime,0.6.12984,gem
gitlabhq/gitlabhq,forks,device_detector,1.1.3,gem
gitlabhq/gitlabhq,forks,google-cloud-env,2.3.1,gem
gitlabhq/gitlabhq,forks,public_suffix,7.0.0,gem
gitlabhq/gitlabhq,forks,railties,8.0.2,gem
gitlabhq/gitlabhq,forks,gon,6.6.0,gem
gitlabhq/gitlabhq,forks,opentelemetry-instrumentation-restclient,0.26.0,gem
gitlabhq/gitlabhq,forks,formatador,0.2.5,gem
gitlabhq/gitlabhq,forks,telesign,2.4.0,gem
gitlabhq/gitlabhq,forks,regexp_property_values,1.0.0,gem
gitlabhq/gitlabhq,forks,drb,2.2.3,gem
gitlabhq/gitlabhq,forks,aes_key_wrap,1.1.0,gem
gitlabhq/gitlabhq,forks,opentelemetry-instrumentation-restclient,0.28.0,gem
gitlabhq/gitlabhq,forks,async,2.44.1,gem
gitlabhq/gitlabhq,forks,opentelemetry-instrumentation-rack,0.31.1,gem
gitlabhq/gitlabhq,forks,rdoc,7.0.3,gem
gitlabhq/gitlabhq,forks,rubocop-capybara,2.19.0,gem
gitlabhq/gitlabhq,forks,factory_bot,6.5.1,gem
gitlabhq/gitlabhq,forks,nokogiri,1.19.4,gem
gitlabhq/gitlabhq,forks,faraday-http-cache,2.5.0,gem
gitlabhq/gitlabhq,forks,opentelemetry-instrumentation-active_support,0.12.0,gem
gitlabhq/gitlabhq,forks,hashie,5.1.0,gem
gitlabhq/gitlabhq,forks,psych,5.2.2,gem
gitlabhq/gitlabhq,forks,llhttp-ffi,0.4.0,gem
gitlabhq/gitlabhq,forks,wmi-lite,1.0.7,gem
gitlabhq/gitlabhq,forks,domain_name,0.5.20190701,gem
gitlabhq/gitlabhq,forks,expression_parser,0.9.0,gem
gitlabhq/gitlabhq,forks,opentelemetry-instrumentation-graphql,0.32.0,gem
gitlabhq/gitlabhq,forks,rubocop,1.50.2,gem
gitlabhq/gitlabhq,forks,unicode-display_width,3.1.4,gem
gitlabhq/gitlabhq,forks,redis-client,0.30.1,gem
gitlabhq/gitlabhq,forks,capybara,3.40.0,gem
gitlabhq/gitlabhq,forks,declarative_policy,2.1.0,gem
gitlabhq/gitlabhq,forks,opentelemetry-registry,0.6.0,gem
gitlabhq/gitlabhq,forks,json,2.7.1,gem
gitlabhq/gitlabhq,forks,google-apis-dns_v1,0.49.0,gem
gitlabhq/gitlabhq,forks,google-cloud-errors,1.4.0,gem
gitlabhq/gitlabhq,forks,fog-xml,0.1.5,gem
gitlabhq/gitlabhq,forks,ed25519,1.4.0,gem
gitlabhq/gitlabhq,forks,opentelemetry-instrumentation-grpc,0.4.1,gem
gitlabhq/gitlabhq,forks,opentelemetry-instrumentation-active_storage,0.5.1,gem
gitlabhq/gitlabhq,forks,rubocop-rspec,2.27.1,gem
gitlabhq/gitlabhq,forks,activesupport,7.2.3.2,gem
gitlabhq/gitlabhq,forks,tty-prompt,0.23.1,gem
gitlabhq/gitlabhq,forks,bootsnap,1.26.0,gem
gitlabhq/gitlabhq,forks,factory_bot,6.2.1,gem
gitlabhq/gitlabhq,forks,grpc_reflection,0.2.0,gem
gitlabhq/gitlabhq,forks,railties,7.2.3,gem
gitlabhq/gitlabhq,forks,rspec-mocks,3.13.0,gem
gitlabhq/gitlabhq,forks,execjs,2.8.1,gem
gitlabhq/gitlabhq,forks,request_store,1.7.0,gem
gitlabhq/gitlabhq,forks,google-apis-sqladmin_v1beta4,0.41.0,gem
gitlabhq/gitlabhq,forks,cronex,0.15.0,gem
gitlabhq/gitlabhq,forks,notiffany,0.1.3,gem
gitlabhq/gitlabhq,forks,acme-client,2.0.34,gem
gitlabhq/gitlabhq,forks,ttfunk,1.8.0,gem
gitlabhq/gitlabhq,forks,signet,0.21.0,gem
gitlabhq/gitlabhq,forks,i18n,1.15.2,gem
gitlabhq/gitlabhq,forks,parser,3.3.3.0,gem
gitlabhq/gitlabhq,forks,opentelemetry-instrumentation-net_http,0.26.1,gem
gitlabhq/gitlabhq,forks,hashdiff,1.2.1,gem
gitlabhq/gitlabhq,forks,warden,1.2.9,gem
gitlabhq/gitlabhq,forks,concurrent-ruby,1.3.8,gem
gitlabhq/gitlabhq,forks,thrift,0.23.0,gem
gitlabhq/gitlabhq,forks,tins,1.48.0,gem
gitlabhq/gitlabhq,forks,uri,0.13.1,gem
gitlabhq/gitlabhq,forks,rubocop-performance,1.19.1,gem
gitlabhq/gitlabhq,forks,net-smtp,0.5.1,gem
gitlabhq/gitlabhq,forks,ruby-lsp,0.26.9,gem
gitlabhq/gitlabhq,forks,jsonpath,1.1.2,gem
gitlabhq/gitlabhq,forks,cssbundling-rails,1.4.3,gem
gitlabhq/gitlabhq,forks,rspec-support,3.13.1,gem
gitlabhq/gitlabhq,forks,irb,1.14.3,gem
gitlabhq/gitlabhq,forks,faraday,2.11.0,gem
gitlabhq/gitlabhq,forks,license_finder,7.2.1,gem
gitlabhq/gitlabhq,forks,benchmark-malloc,0.2.0,gem
gitlabhq/gitlabhq,forks,opentelemetry-instrumentation-mongo,0.26.0,gem
gitlabhq/gitlabhq,forks,concurrent-ruby,1.3.7,gem
gitlabhq/gitlabhq,forks,http-2,1.2.1,gem
gitlabhq/gitlabhq,forks,typhoeus,1.4.1,gem
gitlabhq/gitlabhq,forks,rspec_profiling,0.0.9,gem
gitlabhq/gitlabhq,forks,net-ldap,0.20.0,gem
gitlabhq/gitlabhq,forks,websocket-extensions,0.1.5,gem
gitlabhq/gitlabhq,forks,httpclient,2.9.0,gem
gitlabhq/gitlabhq,forks,globalid,1.3.0,gem
gitlabhq/gitlabhq,forks,thor,1.2.2,gem
gitlabhq/gitlabhq,forks,mini_magick,4.13.2,gem
gitlabhq/gitlabhq,forks,resolv-replace,0.2.0,gem
gitlabhq/gitlabhq,forks,gitlab-styles,13.1.0,gem
gitlabhq/gitlabhq,forks,google-cloud-core,1.7.1,gem
gitlabhq/gitlabhq,forks,gettext_i18n_rails,1.13.0,gem
gitlabhq/gitlabhq,forks,gitlab-cloud-connector,1.53.0,gem
gitlabhq/gitlabhq,forks,prettyprint,0.2.0,gem
gitlabhq/gitlabhq,forks,seed-fu,2.3.9,gem
gitlabhq/gitlabhq,forks,bigdecimal,4.1.2,gem
gitlabhq/gitlabhq,forks,mixlib-shellout,3.3.9,gem
gitlabhq/gitlabhq,forks,google-apis-serviceusage_v1,0.28.0,gem
gitlabhq/gitlabhq,forks,pg_query,6.2.2,gem
gitlabhq/gitlabhq,forks,rubocop-rails,2.29.1,gem
gitlabhq/gitlabhq,forks,amatch,0.4.2,gem
gitlabhq/gitlabhq,forks,simplecov-cobertura,3.1.0,gem
gitlabhq/gitlabhq,forks,opentelemetry-instrumentation-rack,0.29.0,gem
gitlabhq/gitlabhq,forks,kaminari-activerecord,1.2.2,gem
gitlabhq/gitlabhq,forks,atlassian-jwt,0.2.1,gem
gitlabhq/gitlabhq,forks,kaminari,1.2.2,gem
gitlabhq/gitlabhq,forks,pg_query,6.1.0,gem
gitlabhq/gitlabhq,forks,rspec-parameterized-table_syntax,1.0.1,gem
gitlabhq/gitlabhq,forks,google-apis-container_v1,0.100.0,gem
gitlabhq/gitlabhq,forks,webrick,1.9.2,gem
gitlabhq/gitlabhq,forks,rack-protection,2.2.2,gem
gitlabhq/gitlabhq,forks,pry,0.14.2,gem
gitlabhq/gitlabhq,forks,securerandom,0.3.2,gem
gitlabhq/gitlabhq,forks,ruby-debug-ide,0.7.5,gem
gitlabhq/gitlabhq,forks,binding_of_caller,1.0.0,gem
gitlabhq/gitlabhq,forks,prometheus-client-mmap,1.6.0,gem
gitlabhq/gitlabhq,forks,nokogiri,1.19.3,gem
gitlabhq/gitlabhq,forks,unparser,0.9.0,gem
gitlabhq/gitlabhq,forks,public_suffix,6.0.0,gem
gitlabhq/gitlabhq,forks,allure-ruby-commons,2.28.0,gem
gitlabhq/gitlabhq,forks,gettext,3.5.2,gem
gitlabhq/gitlabhq,forks,addressable,2.8.1,gem
gitlabhq/gitlabhq,forks,webmock,3.18.1,gem
gitlabhq/gitlabhq,forks,rack-timeout,0.7.0,gem
gitlabhq/gitlabhq,forks,database_cleaner-core,2.0.1,gem
gitlabhq/gitlabhq,forks,rb-inotify,0.10.1,gem
gitlabhq/gitlabhq,forks,opentelemetry-instrumentation-base,0.26.1,gem
gitlabhq/gitlabhq,forks,apnotic,1.8.0,gem
gitlabhq/gitlabhq,forks,gitlab-sdk,0.3.1,gem
gitlabhq/gitlabhq,forks,gvltools,0.4.0,gem
gitlabhq/gitlabhq,forks,rspec-benchmark,0.6.0,gem
gitlabhq/gitlabhq,forks,jaro_winkler,1.6.1,gem
gitlabhq/gitlabhq,forks,activesupport,8.0.1,gem
gitlabhq/gitlabhq,forks,builder,3.2.4,gem
gitlabhq/gitlabhq,forks,asciidoctor-kroki,0.10.0,gem
gitlabhq/gitlabhq,forks,opentelemetry-instrumentation-http,0.27.1,gem
gitlabhq/gitlabhq,forks,launchy,2.5.2,gem
gitlabhq/gitlabhq,forks,rspec-rails,6.0.1,gem
gitlabhq/gitlabhq,forks,ostruct,0.6.3,gem
gitlabhq/gitlabhq,forks,regexp_parser,2.11.3,gem
gitlabhq/gitlabhq,forks,hashdiff,1.0.1,gem
gitlabhq/gitlabhq,forks,simplecov,1.1.1,gem
gitlabhq/gitlabhq,forks,asciidoctor,2.0.26,gem
gitlabhq/gitlabhq,forks,devfile,0.5.4,gem
gitlabhq/gitlabhq,forks,httparty,0.24.2,gem
gitlabhq/gitlabhq,forks,gpgme,2.0.26,gem
gitlabhq/gitlabhq,forks,shellany,0.0.1,gem
gitlabhq/gitlabhq,forks,activemodel,7.2.3,gem
gitlabhq/gitlabhq,forks,unparser,0.6.15,gem
gitlabhq/gitlabhq,forks,kramdown-parser-gfm,1.1.0,gem
gitlabhq/gitlabhq,forks,opentelemetry-instrumentation-active_model_serializers,0.24.0,gem
gitlabhq/gitlabhq,forks,gitlab_chronic_duration,0.12.0,gem
gitlabhq/gitlabhq,forks,json-jwt,1.16.6,gem
gitlabhq/gitlabhq,forks,openssl-signature_algorithm,1.3.0,gem
gitlabhq/gitlabhq,forks,rspec-rails,6.0.3,gem
gitlabhq/gitlabhq,forks,lockbox,1.4.1,gem
gitlabhq/gitlabhq,forks,coverband,6.2.2,gem
gitlabhq/gitlabhq,forks,rackup,2.3.1,gem
gitlabhq/gitlabhq,forks,rspec-core,3.10.2,gem
gitlabhq/gitlabhq,forks,minitest,5.11.3,gem
gitlabhq/gitlabhq,forks,truncato,0.7.13,gem
gitlabhq/gitlabhq,forks,rb-fsevent,0.11.2,gem
gitlabhq/gitlabhq,forks,benchmark-perf,0.6.0,gem
gitlabhq/gitlabhq,forks,mini_portile2,2.8.9,gem
gitlabhq/gitlabhq,forks,fog-aws,3.33.3,gem
gitlabhq/gitlabhq,forks,crack,0.4.5,gem
gitlabhq/gitlabhq,forks,rdoc,6.17.0,gem
gitlabhq/gitlabhq,forks,rspec-expectations,3.13.3,gem
gitlabhq/gitlabhq,forks,fiber-annotation,0.2.0,gem
gitlabhq/gitlabhq,forks,thor,1.5.0,gem
gitlabhq/gitlabhq,forks,jmespath,1.6.2,gem
gitlabhq/gitlabhq,forks,rspec-core,3.13.6,gem
gitlabhq/gitlabhq,forks,oj,3.16.10,gem
gitlabhq/gitlabhq,forks,crack,0.4.3,gem
gitlabhq/gitlabhq,forks,websocket-driver,0.8.2,gem
gitlabhq/gitlabhq,forks,jwt,3.2.0,gem
gitlabhq/gitlabhq,forks,mini_mime,1.1.2,gem
gitlabhq/gitlabhq,forks,faraday,2.13.1,gem
gitlabhq/gitlabhq,forks,faraday-multipart,1.2.0,gem
gitlabhq/gitlabhq,forks,hamlit,3.0.3,gem
gitlabhq/gitlabhq,forks,omniauth,2.1.4,gem
gitlabhq/gitlabhq,forks,opentelemetry-instrumentation-grape,0.7.0,gem
gitlabhq/gitlabhq,forks,parallel,1.22.1,gem
gitlabhq/gitlabhq,forks,minitest,5.19.0,gem
gitlabhq/gitlabhq,forks,pdf-core,0.10.0,gem
gitlabhq/gitlabhq,forks,google-cloud-storage,1.57.0,gem
gitlabhq/gitlabhq,forks,base64,0.2.0,gem
gitlabhq/gitlabhq,forks,websocket,1.2.10,gem
gitlabhq/gitlabhq,forks,benchmark-ips,2.15.1,gem
gitlabhq/gitlabhq,forks,plist,3.7.0,gem
gitlabhq/gitlabhq,forks,multi_xml,0.9.1,gem
gitlabhq/gitlabhq,forks,rails-html-sanitizer,1.6.1,gem
gitlabhq/gitlabhq,forks,drb,2.2.0,gem
gitlabhq/gitlabhq,forks,fast_blank,1.0.1,gem
gitlabhq/gitlabhq,forks,rails-controller-testing,1.0.5,gem
gitlabhq/gitlabhq,forks,actioncable,7.2.3.1,gem
gitlabhq/gitlabhq,forks,rubocop,1.67.0,gem
gitlabhq/gitlabhq,forks,bigdecimal,3.3.1,gem
gitlabhq/gitlabhq,forks,rotp,6.3.0,gem
gitlabhq/gitlabhq,forks,json,2.19.3,gem
gitlabhq/gitlabhq,forks,bigdecimal,3.1.4,gem
gitlabhq/gitlabhq,forks,deb_version,1.0.3,gem
gitlabhq/gitlabhq,forks,fiber-storage,0.1.2,gem
gitlabhq/gitlabhq,forks,pyu-ruby-sasl,0.0.3.3,gem
gitlabhq/gitlabhq,forks,nokogiri,1.18.10,gem
gitlabhq/gitlabhq,forks,regexp_parser,2.12.0,gem
gitlabhq/gitlabhq,forks,rspec-support,3.10.3,gem
gitlabhq/gitlabhq,forks,faraday-net_http,3.4.0,gem
gitlabhq/gitlabhq,forks,prawn-svg,0.37.0,gem
gitlabhq/gitlabhq,forks,faraday-net_http,3.1.0,gem
gitlabhq/gitlabhq,forks,google-cloud-errors,1.3.0,gem
gitlabhq/gitlabhq,forks,faraday-retry,2.4.0,gem
gitlabhq/gitlabhq,forks,rspec-support,3.13.7,gem
gitlabhq/gitlabhq,forks,net-imap,0.6.4,gem
gitlabhq/gitlabhq,forks,gitlab-styles,13.0.2,gem
gitlabhq/gitlabhq,forks,erb,6.0.1,gem
gitlabhq/gitlabhq,forks,diff-lcs,1.3,gem
gitlabhq/gitlabhq,forks,grpc-google-iam-v1,1.11.0,gem
gitlabhq/gitlabhq,forks,loofah,2.25.1,gem
gitlabhq/gitlabhq,forks,amazing_print,1.8.1,gem
gitlabhq/gitlabhq,forks,kaminari-actionview,1.2.2,gem
gitlabhq/gitlabhq,forks,parallel,1.28.0,gem
gitlabhq/gitlabhq,forks,click_house-client,0.12.0,gem
gitlabhq/gitlabhq,forks,zeitwerk,2.7.4,gem
gitlabhq/gitlabhq,forks,parallel,1.26.3,gem
gitlabhq/gitlabhq,forks,mini_portile2,2.8.8,gem
gitlabhq/gitlabhq,forks,redis,5.4.0,gem
gitlabhq/gitlabhq,forks,rails-i18n,7.0.10,gem
gitlabhq/gitlabhq,forks,mail,2.8.1,gem
gitlabhq/gitlabhq,forks,activemodel,7.2.3.2,gem
gitlabhq/gitlabhq,forks,rspec-core,3.13.0,gem
gitlabhq/gitlabhq,forks,retriable,3.1.2,gem
gitlabhq/gitlabhq,forks,gitlab_query_language,0.35.0,gem
gitlabhq/gitlabhq,forks,rinku,2.0.0,gem
gitlabhq/gitlabhq,forks,freezolite,0.6.0,gem
gitlabhq/gitlabhq,forks,httparty,0.22.0,gem
gitlabhq/gitlabhq,forks,fog-google,1.26.0,gem
gitlabhq/gitlabhq,forks,stringio,3.1.7,gem
gitlabhq/gitlabhq,forks,opentelemetry-semantic_conventions,1.37.0,gem
gitlabhq/gitlabhq,forks,parallel,1.23.0,gem
gitlabhq/gitlabhq,forks,rails-html-sanitizer,1.6.2,gem
gitlabhq/gitlabhq,forks,net-http,0.4.1,gem
gitlabhq/gitlabhq,forks,lograge,0.11.2,gem
gitlabhq/gitlabhq,forks,grape-path-helpers,2.1.0,gem
gitlabhq/gitlabhq,forks,byebug,12.0.0,gem
gitlabhq/gitlabhq,forks,faraday-typhoeus,1.1.0,gem
gitlabhq/gitlabhq,forks,rubocop-ast,1.46.0,gem
gitlabhq/gitlabhq,forks,net-ntp,2.1.3,gem
gitlabhq/gitlabhq,forks,state_machines-rspec,0.6.0,gem
gitlabhq/gitlabhq,forks,rails-dom-testing,2.3.0,gem
gitlabhq/gitlabhq,forks,omniauth_openid_connect,0.8.0,gem
gitlabhq/gitlabhq,forks,devise,4.9.4,gem
gitlabhq/gitlabhq,forks,cgi,0.5.0,gem
gitlabhq/gitlabhq,forks,unparser,0.6.5,gem
gitlabhq/gitlabhq,forks,doorkeeper,5.9.0,gem
gitlabhq/gitlabhq,forks,yard,0.9.44,gem
gitlabhq/gitlabhq,forks,flipper-active_support_cache_store,1.3.6,gem
gitlabhq/gitlabhq,forks,forwardable,1.3.3,gem
gitlabhq/gitlabhq,forks,net-http,0.9.1,gem
gitlabhq/gitlabhq,forks,email_spec,2.3.0,gem
gitlabhq/gitlabhq,forks,opentelemetry-instrumentation-active_support,0.11.0,gem
gitlabhq/gitlabhq,forks,ruby-magic,0.6.0,gem
gitlabhq/gitlabhq,forks,oauth2,2.0.24,gem
gitlabhq/gitlabhq,forks,activemodel,7.2.2.1,gem
gitlabhq/gitlabhq,forks,loofah,2.23.1,gem
gitlabhq/gitlabhq,forks,selenium-webdriver,4.48.0,gem
gitlabhq/gitlabhq,forks,anonymous_loader,0.1.3,gem
gitlabhq/gitlabhq,forks,opentelemetry-instrumentation-active_job,0.11.0,gem
gitlabhq/gitlabhq,forks,rackup,1.0.1,gem
gitlabhq/gitlabhq,forks,aws-sdk-ses,1.101.0,gem
gitlabhq/gitlabhq,forks,logger,1.6.1,gem
gitlabhq/gitlabhq,forks,bullet,8.0.8,gem
gitlabhq/gitlabhq,forks,opentelemetry-exporter-otlp,0.34.0,gem
gitlabhq/gitlabhq,forks,json,2.18.1,gem
gitlabhq/gitlabhq,forks,cgi,0.5.2,gem
gitlabhq/gitlabhq,forks,concurrent-ruby,1.3.5,gem
gitlabhq/gitlabhq,forks,debug_inspector,1.2.0,gem
gitlabhq/gitlabhq,forks,opentelemetry-instrumentation-action_pack,0.17.0,gem
gitlabhq/gitlabhq,forks,require-hooks,0.2.3,gem
gitlabhq/gitlabhq,forks,graphql-docs,5.2.0,gem
gitlabhq/gitlabhq,forks,opentelemetry-instrumentation-sidekiq,0.29.0,gem
gitlabhq/gitlabhq,forks,regexp_parser,2.8.3,gem
gitlabhq/gitlabhq,forks,jwt,2.8.2,gem
gitlabhq/gitlabhq,forks,tilt,2.0.11,gem
gitlabhq/gitlabhq,forks,pact-support,1.20.0,gem
gitlabhq/gitlabhq,forks,opentelemetry-instrumentation-racecar,0.7.0,gem
gitlabhq/gitlabhq,forks,base64,0.3.0,gem
gitlabhq/gitlabhq,forks,i18n,1.12.0,gem
gitlabhq/gitlabhq,forks,binding_of_caller,2.0.0,gem
gitlabhq/gitlabhq,forks,binding_of_caller,1.0.1,gem
gitlabhq/gitlabhq,forks,google-apis-storage_v1,0.40.0,gem
gitlabhq/gitlabhq,forks,unicode_utils,1.4.0,gem
gitlabhq/gitlabhq,forks,gitlab-kas-grpc,19.4.0.pre.rc1,gem
gitlabhq/gitlabhq,forks,faraday-retry,2.2.1,gem
gitlabhq/gitlabhq,forks,diff-lcs,1.6.1,gem
gitlabhq/gitlabhq,forks,tty-screen,0.8.2,gem
gitlabhq/gitlabhq,forks,benchmark-trend,0.4.0,gem
gitlabhq/gitlabhq,forks,sprockets,3.7.5,gem
gitlabhq/gitlabhq,forks,cvss-suite,4.1.3,gem
gitlabhq/gitlabhq,forks,rspec-core,3.13.1,gem
gitlabhq/gitlabhq,forks,rexml,3.4.1,gem
gitlabhq/gitlabhq,forks,toon-ruby,0.1.1,gem
gitlabhq/gitlabhq,forks,omniauth-shibboleth-redux,2.0.0,gem
gitlabhq/gitlabhq,forks,coderay,1.1.3,gem
gitlabhq/gitlabhq,forks,sigdump,0.2.5,gem
gitlabhq/gitlabhq,forks,rspec-parameterized,1.0.0,gem
gitlabhq/gitlabhq,forks,loofah,2.21.3,gem
gitlabhq/gitlabhq,forks,language_server-protocol,3.17.0.4,gem
gitlabhq/gitlabhq,forks,logger,1.7.0,gem
gitlabhq/gitlabhq,forks,gitlab-mail_room,1.1.0,gem
gitlabhq/gitlabhq,forks,openid_connect,2.3.1,gem
gitlabhq/gitlabhq,forks,opentelemetry-instrumentation-aws_sdk,0.11.0,gem
gitlabhq/gitlabhq,forks,rubocop-rspec,2.25.0,gem
gitlabhq/gitlabhq,forks,solargraph-rspec,0.6.0,gem
gitlabhq/gitlabhq,forks,snowplow-tracker,0.8.0,gem
gitlabhq/gitlabhq,forks,console,1.29.2,gem
gitlabhq/gitlabhq,forks,gitlab-secret_detection,0.45.0,gem
gitlabhq/gitlabhq,forks,strings-ansi,0.2.0,gem
gitlabhq/gitlabhq,forks,json_schemer,2.4.0,gem
gitlabhq/gitlabhq,forks,snaky_hash,2.0.6,gem
gitlabhq/gitlabhq,forks,prism,1.7.0,gem
gitlabhq/gitlabhq,forks,googleapis-common-protos-types,1.15.0,gem
gitlabhq/gitlabhq,forks,png_quantizator,0.2.1,gem
gitlabhq/gitlabhq,forks,rspec-expectations,3.12.2,gem
gitlabhq/gitlabhq,forks,parser,3.3.11.1,gem
gitlabhq/gitlabhq,forks,toml-rb,4.2.0,gem
gitlabhq/gitlabhq,forks,vite_ruby,3.10.2,gem
gitlabhq/gitlabhq,forks,google-apis-monitoring_v3,0.54.0,gem
gitlabhq/gitlabhq,forks,opentelemetry-instrumentation-que,0.12.0,gem
gitlabhq/gitlabhq,forks,paper_trail,16.0.0,gem
gitlabhq/gitlabhq,forks,lru_redux,1.1.0,gem
gitlabhq/gitlabhq,forks,rspec-support,3.12.0,gem
gitlabhq/gitlabhq,forks,rspec-rails,6.0.2,gem
gitlabhq/gitlabhq,forks,webmock,3.25.1,gem
gitlabhq/gitlabhq,forks,rubocop-graphql,1.5.4,gem
gitlabhq/gitlabhq,forks,mail,2.9.0,gem
gitlabhq/gitlabhq,forks,chef-utils,18.3.0,gem
gitlabhq/gitlabhq,forks,mini_histogram,0.3.1,gem
gitlabhq/gitlabhq,forks,safety_net_attestation,0.5.0,gem
gitlabhq/gitlabhq,forks,rake-compiler-dock,1.12.0,gem
gitlabhq/gitlabhq,forks,pry-byebug,3.11.0,gem
gitlabhq/gitlabhq,forks,google-apis-storage_v1,0.66.0,gem
gitlabhq/gitlabhq,forks,state_machines-activerecord,0.100.0,gem
gitlabhq/gitlabhq,forks,bindata,2.5.1,gem
gitlabhq/gitlabhq,forks,doorkeeper-device_authorization_grant,1.0.3,gem
gitlabhq/gitlabhq,forks,open3,0.2.1,gem
gitlabhq/gitlabhq,forks,rspec-mocks,3.12.5,gem
gitlabhq/gitlabhq,forks,rspec-support,3.12.1,gem
gitlabhq/gitlabhq,forks,pp,0.6.2,gem
gitlabhq/gitlabhq,forks,http-cookie,1.0.5,gem
gitlabhq/gitlabhq,forks,dry-inflector,1.2.0,gem
gitlabhq/gitlabhq,forks,rainbow,3.1.1,gem
gitlabhq/gitlabhq,forks,opentelemetry-instrumentation-httpx,0.8.0,gem
gitlabhq/gitlabhq,forks,rspec-rails,7.0.2,gem
gitlabhq/gitlabhq,forks,rspec-parameterized-table_syntax,2.0.0,gem
gitlabhq/gitlabhq,forks,train-core,3.10.8,gem
gitlabhq/gitlabhq,forks,rspec_junit_formatter,0.6.0,gem
gitlabhq/gitlabhq,forks,omniauth-alicloud,3.0.0,gem
gitlabhq/gitlabhq,forks,terser,1.0.2,gem
gitlabhq/gitlabhq,forks,stackprof,0.2.28,gem
gitlabhq/gitlabhq,forks,rubyzip,2.4.1,gem
gitlabhq/gitlabhq,forks,rake,13.4.2,gem
gitlabhq/gitlabhq,forks,omniauth-azure-activedirectory-v2,2.4.0,gem
gitlabhq/gitlabhq,forks,opentelemetry-instrumentation-active_storage,0.4.0,gem
gitlabhq/gitlabhq,forks,rack-test,2.2.0,gem
gitlabhq/gitlabhq,forks,nokogiri,1.19.0,gem
gitlabhq/gitlabhq,forks,aws-sigv4,1.11.0,gem
gitlabhq/gitlabhq,forks,coderay,1.1.2,gem
gitlabhq/gitlabhq,forks,timeout,0.6.1,gem
gitlabhq/gitlabhq,forks,sqlite3,1.6.3,gem
gitlabhq/gitlabhq,forks,pp,0.6.4,gem
gitlabhq/gitlabhq,forks,elasticsearch-api,9.0.2,gem
gitlabhq/gitlabhq,forks,method_source,1.0.0,gem
gitlabhq/gitlabhq,forks,factory_bot_rails,6.5.1,gem
gitlabhq/gitlabhq,forks,reline,0.6.0,gem
gitlabhq/gitlabhq,forks,tty-spinner,0.9.3,gem
gitlabhq/gitlabhq,forks,sawyer,0.9.2,gem
gitlabhq/gitlabhq,forks,letter_opener_web,3.0.0,gem
gitlabhq/gitlabhq,forks,test-prof,1.5.2,gem
gitlabhq/gitlabhq,forks,fiber-local,1.1.0,gem
gitlabhq/gitlabhq,forks,ruby-lsp-rspec,0.1.28,gem
gitlabhq/gitlabhq,forks,google-apis-pubsub_v1,0.63.0,gem
gitlabhq/gitlabhq,forks,google-cloud-artifact_registry-v1,0.11.0,gem
gitlabhq/gitlabhq,forks,irb,1.16.0,gem
gitlabhq/gitlabhq,forks,rspec-parameterized,2.0.1,gem
gitlabhq/gitlabhq,forks,http-cookie,1.1.0,gem
gitlabhq/gitlabhq,forks,regexp_parser,2.1.1,gem
gitlabhq/gitlabhq,forks,aws-actionmailer-ses,1.2.0,gem
gitlabhq/gitlabhq,forks,slack-notifier,2.4.0,gem
gitlabhq/gitlabhq,forks,date,3.5.1,gem
gitlabhq/gitlabhq,forks,opentelemetry-helpers-mysql,0.6.0,gem
gitlabhq/gitlabhq,forks,ast,2.4.2,gem
gitlabhq/gitlabhq,forks,gapic-common,0.20.0,gem
gitlabhq/gitlabhq,forks,amatch,0.4.1,gem
gitlabhq/gitlabhq,forks,opentelemetry-instrumentation-active_record,0.12.0,gem
gitlabhq/gitlabhq,forks,opentelemetry-instrumentation-grape,0.5.1,gem
gitlabhq/gitlabhq,forks,rspec-core,3.12.1,gem
gitlabhq/gitlabhq,forks,vmstat,2.3.1,gem
gitlabhq/gitlabhq,forks,fog-aliyun,0.4.1,gem
gitlabhq/gitlabhq,forks,octokit,9.2.0,gem
gitlabhq/gitlabhq,forks,google-cloud-storage_transfer,1.2.0,gem
gitlabhq/gitlabhq,forks,opentelemetry-instrumentation-net_http,0.29.0,gem
gitlabhq/gitlabhq,forks,railties,7.2.3.1,gem
gitlabhq/gitlabhq,forks,prime,0.1.3,gem
gitlabhq/gitlabhq,forks,dry-logic,1.6.0,gem
gitlabhq/gitlabhq,forks,tsort,0.2.0,gem
gitlabhq/gitlabhq,forks,redis-clustering,5.4.1,gem
gitlabhq/gitlabhq,forks,json,2.19.9,gem
gitlabhq/gitlabhq,forks,erubi,1.12.0,gem
gitlabhq/gitlabhq,forks,googleapis-common-protos,1.6.0,gem
gitlabhq/gitlabhq,forks,loofah,2.24.0,gem
gitlabhq/gitlabhq,forks,gitlab-license,2.6.0,gem
gitlabhq/gitlabhq,forks,xpath,3.2.0,gem
gitlabhq/gitlabhq,forks,opentelemetry-instrumentation-gruf,0.6.1,gem
gitlabhq/gitlabhq,forks,doorkeeper-openid_connect,1.9.0,gem
gitlabhq/gitlabhq,forks,strscan,3.1.8,gem
gitlabhq/gitlabhq,forks,ssh_data,2.0.0,gem
gitlabhq/gitlabhq,forks,signet,0.19.0,gem
gitlabhq/gitlabhq,forks,app_store_connect,0.38.0,gem
gitlabhq/gitlabhq,forks,elastic-transport,8.4.0,gem
gitlabhq/gitlabhq,forks,creole,0.5.0,gem
gitlabhq/gitlabhq,forks,haml_lint,0.75.0,gem
gitlabhq/gitlabhq,forks,ssrf_filter,1.0.8,gem
gitlabhq/gitlabhq,forks,countries,4.0.1,gem
gitlabhq/gitlabhq,forks,gitlab-orbit-proto,0.105.2,gem
gitlabhq/gitlabhq,forks,faraday-net_http,3.4.4,gem
gitlabhq/gitlabhq,forks,minitest,5.18.1,gem
gitlabhq/gitlabhq,forks,cork,0.3.0,gem
gitlabhq/gitlabhq,forks,aws-sdk-core,3.254.1,gem
gitlabhq/gitlabhq,forks,rspec-mocks,3.10.3,gem
gitlabhq/gitlabhq,forks,google-cloud-env,2.2.0,gem
gitlabhq/gitlabhq,forks,lumberjack,1.2.7,gem
gitlabhq/gitlabhq,forks,escape_utils,1.3.0,gem
gitlabhq/gitlabhq,forks,omniauth-oauth2,1.8.0,gem
gitlabhq/gitlabhq,forks,jwt,2.10.3,gem
gitlabhq/gitlabhq,forks,opentelemetry-instrumentation-active_model_serializers,0.25.0,gem
gitlabhq/gitlabhq,forks,grpc,1.81.1,gem
gitlabhq/gitlabhq,forks,gemoji,3.0.1,gem
gitlabhq/gitlabhq,forks,opentelemetry-instrumentation-ruby_kafka,0.24.0,gem
gitlabhq/gitlabhq,forks,batch-loader,2.0.6,gem
gitlabhq/gitlabhq,forks,google-apis-core,0.15.0,gem
gitlabhq/gitlabhq,forks,rbs,3.9.5,gem
gitlabhq/gitlabhq,forks,redis,5.4.1,gem
gitlabhq/gitlabhq,forks,version_gem,1.1.13,gem
gitlabhq/gitlabhq,forks,rouge,5.0.0,gem
gitlabhq/gitlabhq,forks,unparser,0.8.2,gem
gitlabhq/gitlabhq,forks,omniauth-atlassian-oauth2,0.2.0,gem
gitlabhq/gitlabhq,forks,elasticsearch-model,7.2.1,gem
gitlabhq/gitlabhq,forks,gapic-common,1.1.0,gem
gitlabhq/gitlabhq,forks,rubocop-performance,1.21.1,gem
gitlabhq/gitlabhq,forks,uri,0.13.0,gem
gitlabhq/gitlabhq,forks,duo_api,1.5.1,gem
gitlabhq/gitlabhq,forks,warning,1.5.0,gem
gitlabhq/gitlabhq,forks,orm_adapter,0.5.0,gem
gitlabhq/gitlabhq,forks,rspec,3.13.2,gem
gitlabhq/gitlabhq,forks,actionview,8.1.3,gem
gitlabhq/gitlabhq,forks,csv,3.3.2,gem
gitlabhq/gitlabhq,forks,erubi,1.13.1,gem
gitlabhq/gitlabhq,forks,sass-embedded,1.77.5,gem
gitlabhq/gitlabhq,forks,text,1.3.1,gem
gitlabhq/gitlabhq,forks,jwt,3.1.2,gem
gitlabhq/gitlabhq,forks,circuitbox,2.0.0,gem
gitlabhq/gitlabhq,forks,omniauth-google-oauth2,1.2.2,gem
gitlabhq/gitlabhq,forks,unicode-display_width,2.4.2,gem
gitlabhq/gitlabhq,forks,rspec-mocks,3.13.2,gem
gitlabhq/gitlabhq,forks,byebug,13.0.0,gem
gitlabhq/gitlabhq,forks,unicode-display_width,3.2.0,gem
gitlabhq/gitlabhq,forks,rspec-core,3.13.3,gem
gitlabhq/gitlabhq,forks,rack,3.2.7,gem
gitlabhq/gitlabhq,forks,danger,9.4.2,gem
gitlabhq/gitlabhq,forks,axe-core-rspec,4.12.0,gem
gitlabhq/gitlabhq,forks,google-cloud-compute-v1,2.6.0,gem
gitlabhq/gitlabhq,forks,uniform_notifier,1.16.0,gem
gitlabhq/gitlabhq,forks,fog-local,0.9.0,gem
gitlabhq/gitlabhq,forks,http-accept,1.7.0,gem
gitlabhq/gitlabhq,forks,opentelemetry-instrumentation-ethon,0.26.0,gem
gitlabhq/gitlabhq,forks,rubyntlm,0.6.3,gem
gitlabhq/gitlabhq,forks,database_cleaner-active_record,2.2.2,gem
gitlabhq/gitlabhq,forks,rspec-expectations,3.12.3,gem
gitlabhq/gitlabhq,forks,simplecov-html,0.13.1,gem
gitlabhq/gitlabhq,forks,rack-test,1.1.0,gem
gitlabhq/gitlabhq,forks,google-apis-core,0.18.0,gem
gitlabhq/gitlabhq,forks,concurrent-ruby,1.2.2,gem
gitlabhq/gitlabhq,forks,logger,1.6.4,gem
gitlabhq/gitlabhq,forks,minitest,5.27.0,gem
gitlabhq/gitlabhq,forks,nkf,0.2.0,gem
gitlabhq/gitlabhq,forks,simplecov-html,0.12.3,gem
gitlabhq/gitlabhq,forks,opentracing,0.5.0,gem
gitlabhq/gitlabhq,forks,activerecord,7.2.3.2,gem
gitlabhq/gitlabhq,forks,optimist,3.0.1,gem
gitlabhq/gitlabhq,forks,capybara-screenshot,1.0.27,gem
gitlabhq/gitlabhq,forks,rchardet,1.8.0,gem
gitlabhq/gitlabhq,forks,rubocop-rspec,3.4.0,gem
gitlabhq/gitlabhq,forks,html2text,0.4.0,gem
gitlabhq/gitlabhq,forks,opentelemetry-instrumentation-bunny,0.25.0,gem
gitlabhq/gitlabhq,forks,opentelemetry-instrumentation-active_record,0.13.0,gem
gitlabhq/gitlabhq,forks,rubocop,1.57.2,gem
gitlabhq/gitlabhq,forks,formatador,0.3.0,gem
gitlabhq/gitlabhq,forks,aws-partitions,1.1001.0,gem
gitlabhq/gitlabhq,forks,uri,1.1.1,gem
gitlabhq/gitlabhq,forks,letter_opener,1.10.0,gem
gitlabhq/gitlabhq,forks,rubocop,1.81.7,gem
gitlabhq/gitlabhq,forks,activesupport,8.1.3,gem
gitlabhq/gitlabhq,forks,auth-sanitizer,0.2.2,gem
gitlabhq/gitlabhq,forks,bigdecimal,3.1.9,gem
gitlabhq/gitlabhq,forks,activerecord,8.0.2,gem
gitlabhq/gitlabhq,forks,arr-pm,0.0.12,gem
gitlabhq/gitlabhq,forks,babosa,2.0.0,gem
gitlabhq/gitlabhq,forks,opentelemetry-instrumentation-http_client,0.26.1,gem
gitlabhq/gitlabhq,forks,strings,0.2.1,gem
gitlabhq/gitlabhq,forks,google-apis-container_v1beta1,0.91.0,gem
gitlabhq/gitlabhq,forks,google-apis-pubsub_v1,0.45.0,gem
gitlabhq/gitlabhq,forks,redis-actionpack,5.5.0,gem
gitlabhq/gitlabhq,forks,simplecov-lcov,0.8.0,gem
gitlabhq/gitlabhq,forks,elasticsearch,7.17.11,gem
gitlabhq/gitlabhq,forks,colored2,3.1.2,gem
gitlabhq/gitlabhq,forks,rb_sys,0.9.130,gem
gitlabhq/gitlabhq,forks,asciidoctor-plantuml,0.0.16,gem
gitlabhq/gitlabhq,forks,premailer-rails,1.12.0,gem
gitlabhq/gitlabhq,forks,toml-rb,4.1.0,gem
gitlabhq/gitlabhq,forks,faraday,2.9.2,gem
gitlabhq/gitlabhq,forks,heapy,0.2.0,gem
gitlabhq/gitlabhq,forks,net-ssh,7.3.0,gem
gitlabhq/gitlabhq,forks,representable,3.2.0,gem
gitlabhq/gitlabhq,forks,gitlab_omniauth-ldap,2.3.0,gem
gitlabhq/gitlabhq,forks,fast_gettext,4.1.0,gem
gitlabhq/gitlabhq,forks,opentelemetry-instrumentation-action_mailer,0.8.1,gem
gitlabhq/gitlabhq,forks,opentelemetry-instrumentation-grpc,0.5.1,gem
gitlabhq/gitlabhq,forks,language_server-protocol,3.17.0.3,gem
gitlabhq/gitlabhq,forks,tty-command,0.10.1,gem
gitlabhq/gitlabhq,forks,imagen,0.2.0,gem
gitlabhq/gitlabhq,forks,cbor,0.5.10.1,gem
gitlabhq/gitlabhq,forks,erb,5.1.3,gem
gitlabhq/gitlabhq,forks,faraday,2.14.0,gem
gitlabhq/gitlabhq,forks,excon,1.3.2,gem
gitlabhq/gitlabhq,forks,aws-sdk-core,3.223.0,gem
gitlabhq/gitlabhq,forks,version_sorter,2.3.0,gem
gitlabhq/gitlabhq,forks,grape_logging,3.0.0,gem
gitlabhq/gitlabhq,forks,mini_mime,1.1.5,gem
gitlabhq/gitlabhq,forks,rubocop-performance,1.18.0,gem
gitlabhq/gitlabhq,forks,rubocop-factory_bot,2.23.1,gem
gitlabhq/gitlabhq,forks,rack-protection,4.2.1,gem
gitlabhq/gitlabhq,forks,domain_name,0.6.20240107,gem
gitlabhq/gitlabhq,forks,pry-rails,0.3.11,gem
gitlabhq/gitlabhq,forks,guard-compat,1.2.1,gem
gitlabhq/gitlabhq,forks,os,1.1.4,gem
gitlabhq/gitlabhq,forks,opentelemetry-instrumentation-rails,0.42.0,gem
gitlabhq/gitlabhq,forks,test-prof,1.6.0,gem
gitlabhq/gitlabhq,forks,googleapis-common-protos,1.7.0,gem
gitlabhq/gitlabhq,forks,rake,13.0.6,gem
gitlabhq/gitlabhq,forks,aws-eventstream,1.3.2,gem
gitlabhq/gitlabhq,forks,gssapi,1.3.1,gem
gitlabhq/gitlabhq,forks,racc,1.8.1,gem
gitlabhq/gitlabhq,forks,extended-markdown-filter,0.7.0,gem
gitlabhq/gitlabhq,forks,mime-types-data,3.2023.1003,gem
gitlabhq/gitlabhq,forks,omniauth-oauth2-generic,0.2.8,gem
gitlabhq/gitlabhq,forks,pg,1.6.1,gem
gitlabhq/gitlabhq,forks,zeitwerk,2.6.18,gem
gitlabhq/gitlabhq,forks,browser,5.3.1,gem
gitlabhq/gitlabhq,forks,opentelemetry-instrumentation-aws_lambda,0.7.0,gem
gitlabhq/gitlabhq,forks,rspec-support,3.11.0,gem
gitlabhq/gitlabhq,forks,public_suffix,7.0.5,gem
gitlabhq/gitlabhq,forks,matrix,0.4.2,gem
gitlabhq/gitlabhq,forks,rspec-parameterized,1.0.2,gem
gitlabhq/gitlabhq,forks,dry-core,1.1.0,gem
gitlabhq/gitlabhq,forks,marcel,1.2.1,gem
gitlabhq/gitlabhq,forks,rackup,2.2.1,gem
gitlabhq/gitlabhq,forks,jaeger-client,1.1.0,gem
gitlabhq/gitlabhq,forks,graphlyte,1.0.0,gem
gitlabhq/gitlabhq,forks,opentelemetry-helpers-sql,0.4.0,gem
gitlabhq/gitlabhq,forks,rack-attack,6.8.0,gem
gitlabhq/gitlabhq,forks,activerecord,7.2.3.1,gem
gitlabhq/gitlabhq,forks,redis-store,1.11.0,gem
gitlabhq/gitlabhq,forks,rb_sys,0.9.128,gem
gitlabhq/gitlabhq,forks,actionview,7.2.2.1,gem
gitlabhq/gitlabhq,forks,sanitize,6.0.2,gem
gitlabhq/gitlabhq,forks,opentelemetry-instrumentation-active_job,0.13.0,gem
gitlabhq/gitlabhq,forks,unparser,0.8.1,gem
gitlabhq/gitlabhq,forks,minitest,5.18.0,gem
gitlabhq/gitlabhq,forks,thor,1.3.1,gem
gitlabhq/gitlabhq,forks,ruby-saml,1.18.1,gem
gitlabhq/gitlabhq,forks,multi_json,1.18.0,gem
gitlabhq/gitlabhq,forks,rspec-mocks,3.11.1,gem
gitlabhq/gitlabhq,forks,pry,0.14.1,gem
gitlabhq/gitlabhq,forks,json,2.10.1,gem
gitlabhq/gitlabhq,forks,redcarpet,3.6.0,gem
gitlabhq/gitlabhq,forks,RedCloth,4.3.4,gem
gitlabhq/gitlabhq,forks,chunky_png,1.4.0,gem
gitlabhq/gitlabhq,forks,sync,0.5.0,gem
gitlabhq/gitlabhq,forks,parser,3.3.10.0,gem
gitlabhq/gitlabhq,forks,railties,7.2.2.1,gem
gitlabhq/gitlabhq,forks,public_suffix,6.0.2,gem
gitlabhq/gitlabhq,forks,vite_rails,3.10.0,gem
gitlabhq/gitlabhq,forks,state_machines,0.100.4,gem
gitlabhq/gitlabhq,forks,gitlab-styles,14.1.0,gem
gitlabhq/gitlabhq,forks,open4,1.3.4,gem
gitlabhq/gitlabhq,forks,google-cloud-common,1.9.0,gem
gitlabhq/gitlabhq,forks,google-apis-cloudbilling_v1,0.40.0,gem
gitlabhq/gitlabhq,forks,listen,3.9.0,gem
gitlabhq/gitlabhq,forks,opentelemetry-instrumentation-action_view,0.12.0,gem
gitlabhq/gitlabhq,forks,benchmark,0.4.0,gem
gitlabhq/gitlabhq,forks,rspec-parameterized-core,1.0.0,gem
gitlabhq/gitlabhq,forks,ipaddress,0.8.3,gem
gitlabhq/gitlabhq,forks,bigdecimal,3.1.8,gem
gitlabhq/gitlabhq,forks,rouge,4.6.1,gem
gitlabhq/gitlabhq,forks,rexml,3.4.0,gem
gitlabhq/gitlabhq,forks,minitest,5.20.0,gem
gitlabhq/gitlabhq,forks,rdoc,6.13.1,gem
gitlabhq/gitlabhq,forks,warning,1.6.0,gem
gitlabhq/gitlabhq,forks,opentelemetry-instrumentation-delayed_job,0.25.1,gem
gitlabhq/gitlabhq,forks,uber,0.1.0,gem
gitlabhq/gitlabhq,forks,rspec-support,3.13.3,gem
gitlabhq/gitlabhq,forks,actionmailbox,7.2.3.1,gem
gitlabhq/gitlabhq,forks,http,5.3.1,gem
gitlabhq/gitlabhq,forks,gitlab-glfm-markdown,0.0.43,gem
gitlabhq/gitlabhq,forks,cgi,0.5.1,gem
gitlabhq/gitlabhq,forks,grape,2.4.0,gem
learn-co-students/first-ide-lab-bootcamp-prep-000,forks,rspec-mocks,3.6.0,gem
learn-co-students/first-ide-lab-bootcamp-prep-000,forks,method_source,0.8.2,gem
learn-co-students/first-ide-lab-bootcamp-prep-000,forks,pry,0.10.4,gem
learn-co-students/first-ide-lab-bootcamp-prep-000,forks,rspec-core,3.6.0,gem
learn-co-students/first-ide-lab-bootcamp-prep-000,forks,rspec-expectations,3.6.0,gem
learn-co-students/first-ide-lab-bootcamp-prep-000,forks,diff-lcs,1.3,gem
learn-co-students/first-ide-lab-bootcamp-prep-000,forks,coderay,1.1.1,gem
learn-co-students/first-ide-lab-bootcamp-prep-000,forks,rspec-support,3.6.0,gem
learn-co-students/first-ide-lab-bootcamp-prep-000,forks,slop,3.6.0,gem
learn-co-students/first-ide-lab-bootcamp-prep-000,forks,rspec,3.6.0,gem
ruby/ruby,forks,sorbet,0.5.11725,gem
ruby/ruby,forks,prettyprint,>= 0,gem
ruby/ruby,forks,ostruct,0.6.3,gem
ruby/ruby,forks,chunky_png,1.3.8,gem
ruby/ruby,forks,rake,13.3.0,gem
ruby/ruby,forks,jruby-rack,1.2.7,gem
ruby/ruby,forks,timeout,>= 0,gem
ruby/ruby,forks,net-protocol,>= 0.3.0,gem
ruby/ruby,forks,diff-lcs,1.4.4,gem
ruby/ruby,forks,sorbet-static-and-runtime,0.5.11725,gem
ruby/ruby,forks,time,>= 0,gem
ruby/ruby,forks,yard-sorbet,0.9.0,gem
ruby/ruby,forks,rspec-support,3.10.2,gem
ruby/ruby,forks,matrix,0.4.2,gem
ruby/ruby,forks,netrc,0.11.0,gem
ruby/ruby,forks,jruby-openssl,>= 0,gem
ruby/ruby,forks,thor,1.4.0,gem
ruby/ruby,forks,rspec-mocks,3.10.2,gem
ruby/ruby,forks,warbler,2.1.0,gem
ruby/ruby,forks,tapioca,0.16.6,gem
ruby/ruby,forks,fileutils,>= 0,gem
ruby/ruby,forks,jar-dependencies,>= 0.1.7,gem
ruby/ruby,forks,rspec-core,3.10.1,gem
ruby/ruby,forks,sorbet-static,0.5.11725,gem
ruby/ruby,forks,delegate,>= 0,gem
ruby/ruby,forks,jruby-jars,10.0.0.1,gem
ruby/ruby,forks,erubi,1.13.1,gem
ruby/ruby,forks,uri,>= 0.11.1,gem
ruby/ruby,forks,rubyzip,3.3.0,gem
ruby/ruby,forks,date,>= 0,gem
ruby/ruby,forks,rbi,0.2.2,gem
ruby/ruby,forks,rspec,3.10.0,gem
ruby/ruby,forks,stringio,>= 0,gem
ruby/ruby,forks,rexml,3.4.2,gem
ruby/ruby,forks,rspec-expectations,3.10.1,gem
ruby/ruby,forks,rake,13.4.2,gem
ruby/ruby,forks,sorbet-runtime,0.5.11725,gem
ruby/ruby,forks,uri,>= 0,gem
ruby/ruby,forks,rake,~> 10.0,gem
ruby/ruby,forks,prism,1.3.0,gem
ruby/ruby,forks,rspec,~> 2.14.1,gem
ruby/ruby,forks,yard,0.9.44,gem
ruby/ruby,forks,parallel,1.26.3,gem
ruby/ruby,forks,spoom,1.5.0,gem
heartcombo/devise,forks,rails,8.1.3,gem
heartcombo/devise,forks,websocket-driver,0.8.0,gem
heartcombo/devise,forks,io-console,0.8.2,gem
heartcombo/devise,forks,responders,3.2.0,gem
heartcombo/devise,forks,activesupport,8.1.3,gem
heartcombo/devise,forks,psych,5.3.1,gem
heartcombo/devise,forks,stringio,3.2.0,gem
heartcombo/devise,forks,useragent,0.16.11,gem
heartcombo/devise,forks,version_gem,1.1.9,gem
heartcombo/devise,forks,net-http,0.9.1,gem
heartcombo/devise,forks,actionview,8.1.3,gem
heartcombo/devise,forks,ruby-openid,2.9.2,gem
heartcombo/devise,forks,tsort,0.2.0,gem
heartcombo/devise,forks,rack-protection,4.2.1,gem
heartcombo/devise,forks,tzinfo,2.0.6,gem
heartcombo/devise,forks,actionmailbox,8.1.3,gem
heartcombo/devise,forks,actiontext,8.1.3,gem
heartcombo/devise,forks,json,2.19.3,gem
heartcombo/devise,forks,jwt,3.1.2,gem
heartcombo/devise,forks,bson,5.2.0,gem
heartcombo/devise,forks,omniauth-oauth2,1.9.0,gem
heartcombo/devise,forks,hashie,5.1.0,gem
heartcombo/devise,forks,uri,1.1.1,gem
heartcombo/devise,forks,actionpack,8.1.3,gem
heartcombo/devise,forks,action_text-trix,2.1.18,gem
heartcombo/devise,forks,net-smtp,0.5.1,gem
heartcombo/devise,forks,timecop,0.9.10,gem
heartcombo/devise,forks,rack-session,2.1.1,gem
heartcombo/devise,forks,net-imap,0.6.3,gem
heartcombo/devise,forks,thor,1.5.0,gem
heartcombo/devise,forks,omniauth-openid,2.0.2,gem
heartcombo/devise,forks,loofah,2.25.1,gem
heartcombo/devise,forks,rails-controller-testing,1.0.5,gem
heartcombo/devise,forks,securerandom,0.4.1,gem
heartcombo/devise,forks,rexml,3.4.4,gem
heartcombo/devise,forks,bigdecimal,4.0.1,gem
heartcombo/devise,forks,connection_pool,3.0.2,gem
heartcombo/devise,forks,zeitwerk,2.7.5,gem
heartcombo/devise,forks,nokogiri,1.19.2,gem
heartcombo/devise,forks,oauth2,2.0.18,gem
heartcombo/devise,forks,actioncable,8.1.3,gem
heartcombo/devise,forks,rails-html-sanitizer,1.7.0,gem
heartcombo/devise,forks,drb,2.2.3,gem
heartcombo/devise,forks,timeout,0.6.1,gem
heartcombo/devise,forks,ruby2_keywords,0.0.5,gem
heartcombo/devise,forks,responders,>= 0,gem
heartcombo/devise,forks,warden,~> 1.2.3,gem
heartcombo/devise,forks,railties,>= 7.0,gem
heartcombo/devise,forks,sqlite3,2.9.2,gem
heartcombo/devise,forks,rails-dom-testing,2.3.0,gem
heartcombo/devise,forks,activerecord,8.1.3,gem
heartcombo/devise,forks,activejob,8.1.3,gem
heartcombo/devise,forks,rack-openid,1.4.2,gem
heartcombo/devise,forks,omniauth-facebook,10.0.0,gem
heartcombo/devise,forks,concurrent-ruby,1.3.6,gem
heartcombo/devise,forks,builder,3.3.0,gem
heartcombo/devise,forks,orm_adapter,~> 0.1,gem
heartcombo/devise,forks,prettyprint,0.2.0,gem
heartcombo/devise,forks,rackup,2.3.1,gem
heartcombo/devise,forks,bcrypt,~> 3.0,gem
heartcombo/devise,forks,activemodel,8.1.3,gem
heartcombo/devise,forks,irb,1.17.0,gem
heartcombo/devise,forks,snaky_hash,2.0.3,gem
heartcombo/devise,forks,base64,0.3.0,gem
heartcombo/devise,forks,mini_mime,1.1.5,gem
heartcombo/devise,forks,racc,1.8.1,gem
heartcombo/devise,forks,erb,6.0.2,gem
heartcombo/devise,forks,net-protocol,0.2.2,gem
heartcombo/devise,forks,webrat,0.7.3,gem
heartcombo/devise,forks,pp,0.6.3,gem
heartcombo/devise,forks,actionmailer,8.1.3,gem
heartcombo/devise,forks,mini_portile2,2.8.9,gem
heartcombo/devise,forks,crass,1.0.6,gem
heartcombo/devise,forks,rdoc,7.2.0,gem
heartcombo/devise,forks,websocket-extensions,0.1.5,gem
heartcombo/devise,forks,orm_adapter,0.5.0,gem
heartcombo/devise,forks,logger,1.7.0,gem
heartcombo/devise,forks,nio4r,2.7.5,gem
heartcombo/devise,forks,ostruct,0.6.3,gem
heartcombo/devise,forks,mocha,2.8.2,gem
heartcombo/devise,forks,faraday,2.14.1,gem
heartcombo/devise,forks,warden,1.2.9,gem
heartcombo/devise,forks,i18n,1.14.8,gem
heartcombo/devise,forks,activestorage,8.1.3,gem
heartcombo/devise,forks,mail,2.9.0,gem
heartcombo/devise,forks,faraday-net_http,3.4.2,gem
heartcombo/devise,forks,date,3.5.1,gem
heartcombo/devise,forks,rake,13.3.1,gem
heartcombo/devise,forks,reline,0.6.3,gem
heartcombo/devise,forks,globalid,1.3.0,gem
heartcombo/devise,forks,omniauth,2.1.4,gem
heartcombo/devise,forks,marcel,1.1.0,gem
heartcombo/devise,forks,minitest,5.27.0,gem
heartcombo/devise,forks,mongo,2.23.0,gem
heartcombo/devise,forks,multi_xml,0.8.1,gem
heartcombo/devise,forks,bcrypt,3.1.22,gem
heartcombo/devise,forks,rack,3.2.5,gem
heartcombo/devise,forks,net-pop,0.1.2,gem
heartcombo/devise,forks,railties,8.1.3,gem
heartcombo/devise,forks,rack-test,2.2.0,gem
heartcombo/devise,forks,erubi,1.13.1,gem
heartcombo/devise,forks,prism,1.9.0,gem
github-linguist/linguist,forks,rdoc,6.3.0,gem
github-linguist/linguist,forks,webdrivers,4.5.0,gem
github-linguist/linguist,forks,minitest-retry,0.2.1,gem
github-linguist/linguist,forks,json,2.5.1,gem
github-linguist/linguist,forks,cgi,>= 0,gem
github-linguist/linguist,forks,regexp_parser,1.8.2,gem
github-linguist/linguist,forks,delayed_job_active_record,4.1.5,gem
github-linguist/linguist,forks,method_source,1.0.0,gem
github-linguist/linguist,forks,path_expander,1.1.0,gem
github-linguist/linguist,forks,benchmark-ips,2.8.4,gem
github-linguist/linguist,forks,rb-inotify,0.10.1,gem
github-linguist/linguist,forks,qunit-selenium,0.0.4,gem
github-linguist/linguist,forks,multi_json,1.15.0,gem
github-linguist/linguist,forks,rb-fsevent,0.10.4,gem
github-linguist/linguist,forks,turbolinks,5.2.1,gem
github-linguist/linguist,forks,digest-crc,0.6.3,gem
github-linguist/linguist,forks,amq-protocol,2.3.2,gem
github-linguist/linguist,forks,blade,0.7.1,gem
github-linguist/linguist,forks,turbolinks-source,5.2.0,gem
github-linguist/linguist,forks,resque,2.0.0,gem
github-linguist/linguist,forks,mustache,1.1.1,gem
github-linguist/linguist,forks,aws-sdk-s3,1.87.0,gem
github-linguist/linguist,forks,image_processing,1.12.1,gem
github-linguist/linguist,forks,rails-dom-testing,2.0.3,gem
github-linguist/linguist,forks,parallel,1.20.1,gem
github-linguist/linguist,forks,sucker_punch,2.1.2,gem
github-linguist/linguist,forks,sigdump,0.2.4,gem
github-linguist/linguist,forks,jdbc-postgres,42.2.14,gem
github-linguist/linguist,forks,azure-storage-blob,2.0.1,gem
github-linguist/linguist,forks,redcarpet,3.2.3,gem
github-linguist/linguist,forks,rails-html-sanitizer,1.3.0,gem
github-linguist/linguist,forks,rack-cache,1.12.1,gem
github-linguist/linguist,forks,loofah,2.9.0,gem
github-linguist/linguist,forks,que,0.14.3,gem
github-linguist/linguist,forks,globalid,0.4.2,gem
github-linguist/linguist,forks,msgpack,1.3.3,gem
github-linguist/linguist,forks,em-http-request,1.1.7,gem
github-linguist/linguist,forks,delayed_job,4.1.9,gem
github-linguist/linguist,forks,aws-sdk-core,3.111.2,gem
github-linguist/linguist,forks,rubocop-rails,2.9.1,gem
github-linguist/linguist,forks,webpacker,5.2.1,gem
github-linguist/linguist,forks,sdoc,2.0.4,gem
github-linguist/linguist,forks,google-cloud-errors,1.0.1,gem
github-linguist/linguist,forks,webmock,3.11.1,gem
github-linguist/linguist,forks,sqlite3,1.4.2,gem
github-linguist/linguist,forks,declarative-option,0.1.0,gem
github-linguist/linguist,forks,sprockets-export,1.0.0,gem
github-linguist/linguist,forks,cookiejar,0.3.3,gem
github-linguist/linguist,forks,bcrypt,3.1.16,gem
github-linguist/linguist,forks,rubocop-ast,1.4.0,gem
github-linguist/linguist,forks,mini_portile2,2.5.0,gem
github-linguist/linguist,forks,mini_mime,~> 1.0,gem
github-linguist/linguist,forks,uber,0.1.0,gem
github-linguist/linguist,forks,sass-rails,6.0.0,gem
github-linguist/linguist,forks,rexml,3.2.4,gem
github-linguist/linguist,forks,sequel,5.40.0,gem
github-linguist/linguist,forks,aws-sdk-kms,1.41.0,gem
github-linguist/linguist,forks,websocket-extensions,0.1.5,gem
github-linguist/linguist,forks,multipart-post,2.1.1,gem
github-linguist/linguist,forks,sprockets-rails,3.2.2,gem
github-linguist/linguist,forks,mini_magick,4.11.0,gem
github-linguist/linguist,forks,google-cloud-core,1.5.0,gem
github-linguist/linguist,forks,rugged,~> 1.0,gem
github-linguist/linguist,forks,psych,3.3.0,gem
github-linguist/linguist,forks,mono_logger,1.1.0,gem
github-linguist/linguist,forks,daemons,1.3.1,gem
github-linguist/linguist,forks,event_emitter,0.2.6,gem
github-linguist/linguist,forks,mocha,~> 2.1,gem
github-linguist/linguist,forks,tzinfo-data,1.2020.6,gem
github-linguist/linguist,forks,rubocop,1.8.1,gem
github-linguist/linguist,forks,websocket-driver,0.7.3,gem
github-linguist/linguist,forks,signet,0.14.0,gem
github-linguist/linguist,forks,dante,0.2.0,gem
github-linguist/linguist,forks,uglifier,4.2.0,gem
github-linguist/linguist,forks,kindlerb,1.2.0,gem
github-linguist/linguist,forks,curses,1.0.2,gem
github-linguist/linguist,forks,licensee,~> 9.15,gem
github-linguist/linguist,forks,resque-scheduler,4.4.0,gem
github-linguist/linguist,forks,activerecord-jdbcsqlite3-adapter,61.0,gem
github-linguist/linguist,forks,rubocop-packaging,0.5.1,gem
github-linguist/linguist,forks,activerecord-jdbcpostgresql-adapter,61.0,gem
github-linguist/linguist,forks,rake-compiler,~> 0.9,gem
github-linguist/linguist,forks,webrick,1.7.0,gem
github-linguist/linguist,forks,tilt,2.0.10,gem
github-linguist/linguist,forks,ansi,1.5.0,gem
github-linguist/linguist,forks,nio4r,2.5.4,gem
github-linguist/linguist,forks,representable,3.0.4,gem
github-linguist/linguist,forks,w3c_validators,1.3.6,gem
github-linguist/linguist,forks,os,1.1.1,gem
github-linguist/linguist,forks,pry,~> 0.14,gem
github-linguist/linguist,forks,vegas,0.1.11,gem
github-linguist/linguist,forks,wdm,0.1.1,gem
github-linguist/linguist,forks,rake,~> 13.0,gem
github-linguist/linguist,forks,minitest-reporters,1.4.2,gem
github-linguist/linguist,forks,execjs,2.7.0,gem
github-linguist/linguist,forks,backburner,1.5.0,gem
github-linguist/linguist,forks,rouge,3.26.0,gem
github-linguist/linguist,forks,http_parser.rb,0.6.0,gem
github-linguist/linguist,forks,aws-eventstream,1.1.0,gem
github-linguist/linguist,forks,libxml-ruby,3.2.1,gem
github-linguist/linguist,forks,ruby-vips,2.0.17,gem
github-linguist/linguist,forks,tzinfo,2.0.4,gem
github-linguist/linguist,forks,nokogiri,1.11.1,gem
github-linguist/linguist,forks,crack,0.4.5,gem
github-linguist/linguist,forks,faraday_middleware,1.0.0,gem
github-linguist/linguist,forks,marcel,0.3.3,gem
github-linguist/linguist,forks,dalli,2.7.11,gem
github-linguist/linguist,forks,memoist,0.16.2,gem
github-linguist/linguist,forks,redis-namespace,1.8.1,gem
github-linguist/linguist,forks,minitest,~> 5.15,gem
github-linguist/linguist,forks,ffi,1.14.2,gem
github-linguist/linguist,forks,parser,3.0.0.0,gem
github-linguist/linguist,forks,sassc-rails,2.1.2,gem
github-linguist/linguist,forks,unicode-display_width,2.0.0,gem
github-linguist/linguist,forks,eventmachine,1.2.7,gem
github-linguist/linguist,forks,et-orbi,1.2.4,gem
github-linguist/linguist,forks,azure-storage-common,2.0.2,gem
github-linguist/linguist,forks,coffee-script-source,1.12.2,gem
github-linguist/linguist,forks,mini_mime,1.0.2,gem
github-linguist/linguist,forks,minitest-bisect,1.5.1,gem
github-linguist/linguist,forks,google-apis-iamcredentials_v1,0.1.0,gem
github-linguist/linguist,forks,bunny,2.17.0,gem
github-linguist/linguist,forks,faye-websocket,0.11.0,gem
github-linguist/linguist,forks,sinatra,2.1.0,gem
github-linguist/linguist,forks,ruby2_keywords,0.0.4,gem
github-linguist/linguist,forks,plist,~> 3.1,gem
github-linguist/linguist,forks,listen,3.4.1,gem
github-linguist/linguist,forks,puma,5.1.1,gem
github-linguist/linguist,forks,byebug,11.1.3,gem
github-linguist/linguist,forks,declarative,0.0.20,gem
github-linguist/linguist,forks,stackprof,0.2.16,gem
github-linguist/linguist,forks,rake,13.0.3,gem
github-linguist/linguist,forks,jwt,2.2.2,gem
github-linguist/linguist,forks,activerecord-jdbc-adapter,61.0,gem
github-linguist/linguist,forks,activerecord-jdbcmysql-adapter,61.0,gem
github-linguist/linguist,forks,coffee-script,2.4.1,gem
github-linguist/linguist,forks,useragent,0.16.10,gem
github-linguist/linguist,forks,hashdiff,1.0.1,gem
github-linguist/linguist,forks,rainbow,3.0.0,gem
github-linguist/linguist,forks,sneakers,2.11.0,gem
github-linguist/linguist,forks,childprocess,4.0.0,gem
github-linguist/linguist,forks,pg,1.2.3,gem
github-linguist/linguist,forks,faraday-net_http,1.0.1,gem
github-linguist/linguist,forks,faye,1.4.0,gem
github-linguist/linguist,forks,i18n,1.8.7,gem
github-linguist/linguist,forks,mimemagic,0.3.5,gem
github-linguist/linguist,forks,sprockets,4.0.2,gem
github-linguist/linguist,forks,google-apis-storage_v1,0.1.0,gem
github-linguist/linguist,forks,semantic_range,2.3.1,gem
github-linguist/linguist,forks,googleauth,0.14.0,gem
github-linguist/linguist,forks,selenium-webdriver,4.0.0.alpha7,gem
github-linguist/linguist,forks,google-cloud-env,1.4.0,gem
github-linguist/linguist,forks,mustermann,1.1.1,gem
github-linguist/linguist,forks,thin,1.8.0,gem
github-linguist/linguist,forks,retriable,3.1.2,gem
github-linguist/linguist,forks,mail,2.7.1,gem
github-linguist/linguist,forks,licensed,~> 5.0,gem
github-linguist/linguist,forks,aws-sigv4,1.2.2,gem
github-linguist/linguist,forks,rack,2.2.3,gem
github-linguist/linguist,forks,rack-proxy,0.6.5,gem
github-linguist/linguist,forks,zeitwerk,2.4.2,gem
github-linguist/linguist,forks,raabro,1.4.0,gem
github-linguist/linguist,forks,rack-protection,2.1.0,gem
github-linguist/linguist,forks,jdbc-sqlite3,3.28.0,gem
github-linguist/linguist,forks,public_suffix,4.0.6,gem
github-linguist/linguist,forks,blade-qunit_adapter,2.0.1,gem
github-linguist/linguist,forks,concurrent-ruby,1.1.8,gem
github-linguist/linguist,forks,charlock_holmes,~> 0.7.7,gem
github-linguist/linguist,forks,beaneater,1.0.0,gem
github-linguist/linguist,forks,serverengine,2.0.7,gem
github-linguist/linguist,forks,rubocop-performance,1.9.2,gem
github-linguist/linguist,forks,net-http-persistent,4.0.1,gem
github-linguist/linguist,forks,redis,4.2.5,gem
github-linguist/linguist,forks,rubyzip,2.3.0,gem
github-linguist/linguist,forks,thor,1.1.0,gem
github-linguist/linguist,forks,httpclient,2.8.3,gem
github-linguist/linguist,forks,em-socksify,0.3.2,gem
github-linguist/linguist,forks,jdbc-mysql,5.1.47,gem
github-linguist/linguist,forks,minitest-server,1.0.6,gem
github-linguist/linguist,forks,connection_pool,2.2.3,gem
github-linguist/linguist,forks,xpath,3.2.0,gem
github-linguist/linguist,forks,fugit,1.4.2,gem
github-linguist/linguist,forks,capybara,3.34.0,gem
github-linguist/linguist,forks,sassc,2.4.0,gem
github-linguist/linguist,forks,builder,3.2.4,gem
github-linguist/linguist,forks,sidekiq,6.1.3,gem
github-linguist/linguist,forks,minitest,5.14.3,gem
github-linguist/linguist,forks,google-apis-core,0.2.0,gem
github-linguist/linguist,forks,rack-test,1.1.0,gem
github-linguist/linguist,forks,google-cloud-storage,1.30.0,gem
github-linguist/linguist,forks,hiredis,0.6.3,gem
github-linguist/linguist,forks,jmespath,1.4.0,gem
github-linguist/linguist,forks,addressable,2.7.0,gem
github-linguist/linguist,forks,rufus-scheduler,3.7.0,gem
github-linguist/linguist,forks,yajl-ruby,~> 1.4,gem
github-linguist/linguist,forks,ast,2.4.1,gem
github-linguist/linguist,forks,websocket,1.2.9,gem
github-linguist/linguist,forks,faraday,1.3.0,gem
github-linguist/linguist,forks,racc,1.5.2,gem
github-linguist/linguist,forks,aws-partitions,1.417.0,gem
github-linguist/linguist,forks,bootsnap,1.5.1,gem
github-linguist/linguist,forks,crass,1.0.6,gem
github-linguist/linguist,forks,aws-sdk-sns,1.37.0,gem
github-linguist/linguist,forks,erubi,1.10.0,gem
github-linguist/linguist,forks,ruby-progressbar,1.11.0,gem
spree/spree,forks,stringex,>= 0,gem
spree/spree,forks,spree,>= 0,gem
spree/spree,forks,vcr,>= 0,gem
spree/spree,forks,ostruct,>= 0,gem
spree/spree,forks,cancancan,~> 3.2,gem
spree/spree,forks,jwt,~> 3.1,gem
spree/spree,forks,ar_lazy_preload,~> 2.0,gem
spree/spree,forks,opentelemetry-instrumentation-concurrent_ruby,>= 0,gem
spree/spree,forks,opentelemetry-instrumentation-net_http,>= 0,gem
spree/spree,forks,oj,~> 3.16,gem
spree/spree,forks,typelizer,~> 0.11.0,gem
spree/spree,forks,acts-as-taggable-on,>= 0,gem
spree/spree,forks,opentelemetry-instrumentation-active_support,>= 0,gem
spree/spree,forks,nokogiri,~> 1.18,gem
spree/spree,forks,opentelemetry-instrumentation-action_pack,>= 0,gem
spree/spree,forks,opentelemetry-exporter-otlp,~> 0.26,gem
spree/spree,forks,opentelemetry-sdk,~> 1.0,gem
spree/spree,forks,easypost,~> 7.0,gem
spree/spree,forks,rails-html-sanitizer,~> 1.6,gem
spree/spree,forks,geocoder,>= 0,gem
spree/spree,forks,email_spec,~> 2.2,gem
spree/spree,forks,spree_core,>= 0,gem
spree/spree,forks,image_processing,~> 1.2,gem
spree/spree,forks,valvat,~> 2.0,gem
spree/spree,forks,safely_block,">= 0.4,< 2.0",gem
spree/spree,forks,friendly_id,"~> 5.2,>= 5.2.1",gem
spree/spree,forks,benchmark,>= 0,gem
spree/spree,forks,stripe,">= 10.1,< 19",gem
spree/spree,forks,awesome_nested_set,"~> 3.3,>= 3.3.1",gem
spree/spree,forks,loofah,~> 2.21,gem
spree/spree,forks,pagy,>= 43.3,gem
spree/spree,forks,monetize,~> 1.9,gem
spree/spree,forks,active_storage_validations,">= 1.3,< 4",gem
spree/spree,forks,i18n-tasks,>= 0,gem
spree/spree,forks,acts_as_list,>= 0.8,gem
spree/spree,forks,mobility-ransack,~> 1.2,gem
spree/spree,forks,rexml,>= 0,gem
spree/spree,forks,ransack,>= 4.1,gem
spree/spree,forks,name_of_person,~> 1.1,gem
spree/spree,forks,opentelemetry-instrumentation-active_record,>= 0,gem
spree/spree,forks,alba,~> 3.0,gem
spree/spree,forks,validates_zipcode,>= 0,gem
spree/spree,forks,bcrypt,~> 3.1,gem
spree/spree,forks,opentelemetry-instrumentation-action_mailer,>= 0,gem
spree/spree,forks,paranoia,>= 2.4,gem
spree/spree,forks,money,~> 6.13,gem
spree/spree,forks,rails,">= 8.1,< 8.2",gem
spree/spree,forks,meilisearch,>= 0.28,gem
spree/spree,forks,tracking_number,>= 0,gem
spree/spree,forks,wannabe_bool,>= 0,gem
spree/spree,forks,friendly_id-mobility,~> 1.0,gem
spree/spree,forks,sqids,~> 0.2,gem
spree/spree,forks,json,< 3,gem
spree/spree,forks,ssrf_filter,~> 1.0,gem
spree/spree,forks,request_store,~> 1.5,gem
spree/spree,forks,rswag-specs,>= 0,gem
spree/spree,forks,mobility,"~> 1.3,>= 1.3.2",gem
spree/spree,forks,phonelib,~> 0.10,gem
spree/spree,forks,countries,>= 0,gem
spree/spree,forks,highline,">= 2,< 4",gem
spree/spree,forks,opentelemetry-instrumentation-active_job,>= 0,gem
spree/spree,forks,opentelemetry-instrumentation-rack,>= 0,gem
dependabot/demo,forks,business,1.0.0,gem
dependabot/demo,forks,uk_phone_numbers,0.1.0,gem
hashicorp/vagrant,forks,ed25519,~> 1.3.0,gem
hashicorp/vagrant,forks,webrick,~> 1.7,gem
hashicorp/vagrant,forks,rake-compiler,>= 0,gem
hashicorp/vagrant,forks,hashicorp-checkpoint,~> 0.1.5,gem
hashicorp/vagrant,forks,rubyzip,~> 2.3.2,gem
hashicorp/vagrant,forks,erubi,>= 0,gem
hashicorp/vagrant,forks,rb-kqueue,~> 0.2.0,gem
hashicorp/vagrant,forks,rexml,~> 3.2,gem
hashicorp/vagrant,forks,rake,~> 13.0,gem
hashicorp/vagrant,forks,fake_ftp,~> 0.3.0,gem
hashicorp/vagrant,forks,winrm-elevated,">= 1.2.3,< 2.0",gem
hashicorp/vagrant,forks,childprocess,~> 5.1,gem
hashicorp/vagrant,forks,winrm,">= 2.3.9,< 3.0",gem
hashicorp/vagrant,forks,winrm-fs,">= 1.3.5,< 2.0",gem
hashicorp/vagrant,forks,mime-types,~> 3.3,gem
hashicorp/vagrant,forks,net-sftp,~> 4.0,gem
hashicorp/vagrant,forks,ipaddr,>= 1.2.4,gem
hashicorp/vagrant,forks,rspec-its,~> 1.3.0,gem
hashicorp/vagrant,forks,base64,~> 0.2.0,gem
hashicorp/vagrant,forks,i18n,~> 1.12,gem
hashicorp/vagrant,forks,rspec,~> 3.11,gem
hashicorp/vagrant,forks,log4r,"~> 1.1.9,< 1.1.11",gem
hashicorp/vagrant,forks,net-ssh,~> 7.0,gem
hashicorp/vagrant,forks,vagrant_cloud,~> 3.1.2,gem
hashicorp/vagrant,forks,vagrant-spec,>= 0,gem
hashicorp/vagrant,forks,listen,~> 3.7,gem
hashicorp/vagrant,forks,net-scp,~> 4.0,gem
hashicorp/vagrant,forks,logger,~> 1.0,gem
hashicorp/vagrant,forks,net-ftp,~> 0.2,gem
hashicorp/vagrant,forks,grpc-tools,~> 1.41,gem
hashicorp/vagrant,forks,csv,~> 3.3,gem
hashicorp/vagrant,forks,wdm,~> 0.2.0,gem
hashicorp/vagrant,forks,bcrypt_pbkdf,~> 1.1,gem
hashicorp/vagrant,forks,ostruct,~> 0.6.0,gem
huginn/huginn,forks,declarative,0.0.20,gem
huginn/huginn,forks,tilt,2.9.0,gem
huginn/huginn,forks,evernote-thrift,1.25.2,gem
huginn/huginn,forks,prettyprint,0.2.0,gem
huginn/huginn,forks,ace-rails-ap,4.5,gem
huginn/huginn,forks,buftok,1.0.1,gem
huginn/huginn,forks,useragent,0.16.11,gem
huginn/huginn,forks,kramdown,2.5.2,gem
huginn/huginn,forks,sassc-rails,2.1.2,gem
huginn/huginn,forks,uber,0.1.0,gem
huginn/huginn,forks,et-orbi,1.4.2,gem
huginn/huginn,forks,oauth,1.1.8,gem
huginn/huginn,forks,simple_oauth,0.4.1,gem
huginn/huginn,forks,minitest,6.0.6,gem
huginn/huginn,forks,aws-sdk-core,3.254.1,gem
huginn/huginn,forks,rails-controller-testing,1.0.5,gem
huginn/huginn,forks,rexml,3.4.4,gem
huginn/huginn,forks,httmultiparty,0.3.16,gem
huginn/huginn,forks,rubocop-ast,1.50.0,gem
huginn/huginn,forks,terser,1.2.8,gem
huginn/huginn,forks,bootstrap-kaminari-views,0.0.5,gem
huginn/huginn,forks,rake,13.4.2,gem
huginn/huginn,forks,omniauth-google-oauth2,1.2.3,gem
huginn/huginn,forks,pg,1.6.3,gem
huginn/huginn,forks,rspec-collection_matchers,1.2.1,gem
huginn/huginn,forks,google-cloud-env,2.4.0,gem
huginn/huginn,forks,spring-commands-rspec,1.0.4,gem
huginn/huginn,forks,rspec-mocks,3.13.8,gem
huginn/huginn,forks,google-cloud-core,1.9.0,gem
huginn/huginn,forks,capybara,3.40.0,gem
huginn/huginn,forks,retriable,4.2.0,gem
huginn/huginn,forks,unicode-emoji,4.2.0,gem
huginn/huginn,forks,activestorage,8.1.3.1,gem
huginn/huginn,forks,pdf-reader,2.16.0,gem
huginn/huginn,forks,Ascii85,2.0.1,gem
huginn/huginn,forks,faraday-follow_redirects,0.5.0,gem
huginn/huginn,forks,jsonpath,1.1.5,gem
huginn/huginn,forks,loofah,2.25.2,gem
huginn/huginn,forks,racc,1.8.1,gem
huginn/huginn,forks,afm,1.0.0,gem
huginn/huginn,forks,http,6.0.4,gem
huginn/huginn,forks,diff-lcs,1.6.2,gem
huginn/huginn,forks,rspec-core,3.13.6,gem
huginn/huginn,forks,mime-types,3.7.0,gem
huginn/huginn,forks,googleapis-common-protos,1.10.0,gem
huginn/huginn,forks,rbs,4.2.0,gem
huginn/huginn,forks,twitter,8.3.1,gem
huginn/huginn,forks,debug,1.11.1,gem
huginn/huginn,forks,google-apis-core,1.2.5,gem
huginn/huginn,forks,anonymous_loader,0.1.3,gem
huginn/huginn,forks,jwt,3.2.0,gem
huginn/huginn,forks,matrix,0.4.3,gem
huginn/huginn,forks,faraday-multipart,1.2.0,gem
huginn/huginn,forks,securerandom,0.4.1,gem
huginn/huginn,forks,foreman,0.90.0,gem
huginn/huginn,forks,devise,5.0.4,gem
huginn/huginn,forks,kaminari-core,1.2.2,gem
huginn/huginn,forks,pstore,0.2.1,gem
huginn/huginn,forks,sprockets-rails,3.5.2,gem
huginn/huginn,forks,http-cookie,1.1.6,gem
huginn/huginn,forks,net-ftp-list,3.4.1,gem
huginn/huginn,forks,geokit-rails,2.5.0,gem
huginn/huginn,forks,faraday,2.14.3,gem
huginn/huginn,forks,ast,2.4.3,gem
huginn/huginn,forks,language_server-protocol,3.17.0.6,gem
huginn/huginn,forks,actiontext,8.1.3.1,gem
huginn/huginn,forks,faraday-typhoeus,2.0.0,gem
huginn/huginn,forks,rspec-html-matchers,0.10.0,gem
huginn/huginn,forks,rackup,2.3.1,gem
huginn/huginn,forks,liquid,5.13.0,gem
huginn/huginn,forks,uri,1.1.1,gem
huginn/huginn,forks,activerecord,8.1.3.1,gem
huginn/huginn,forks,omniauth-dropbox2,2.0.6,gem
huginn/huginn,forks,multi_json,1.21.1,gem
huginn/huginn,forks,oauth2,2.0.25,gem
huginn/huginn,forks,net-http,0.9.1,gem
huginn/huginn,forks,execjs,2.10.2,gem
huginn/huginn,forks,faraday-gzip,3.1.0,gem
huginn/huginn,forks,selenium-webdriver,4.48.0,gem
huginn/huginn,forks,websocket-driver,0.8.2,gem
huginn/huginn,forks,benchmark,0.5.0,gem
huginn/huginn,forks,mqtt,0.7.0,gem
huginn/huginn,forks,twilio-ruby,7.11.1,gem
huginn/huginn,forks,date,3.5.1,gem
huginn/huginn,forks,ruby-progressbar,1.13.0,gem
huginn/huginn,forks,with_advisory_lock,7.6.0,gem
huginn/huginn,forks,launchy,3.1.1,gem
huginn/huginn,forks,websocket,1.2.11,gem
huginn/huginn,forks,rspec-support,3.13.7,gem
huginn/huginn,forks,representable,3.2.0,gem
huginn/huginn,forks,rubocop-performance,1.27.0,gem
huginn/huginn,forks,rack,3.2.7,gem
huginn/huginn,forks,connection_pool,3.0.2,gem
huginn/huginn,forks,activejob,8.1.3.1,gem
huginn/huginn,forks,xpath,3.2.0,gem
huginn/huginn,forks,parallel,2.1.0,gem
huginn/huginn,forks,rufus-scheduler,3.9.2,gem
huginn/huginn,forks,drb,2.2.3,gem
huginn/huginn,forks,csv,3.3.6,gem
huginn/huginn,forks,actionview,8.1.3.1,gem
huginn/huginn,forks,rails-html-sanitizer,1.7.1,gem
huginn/huginn,forks,builder,3.3.0,gem
huginn/huginn,forks,pp,0.6.4,gem
huginn/huginn,forks,sax-machine,1.3.2,gem
huginn/huginn,forks,xmpp4r,0.5.6,gem
huginn/huginn,forks,net-ftp,0.3.9,gem
huginn/huginn,forks,evernote_oauth,0.2.3,gem
huginn/huginn,forks,net-imap,0.6.6,gem
huginn/huginn,forks,spring,4.7.0,gem
huginn/huginn,forks,rack-session,2.1.2,gem
huginn/huginn,forks,bigdecimal,3.3.1,gem
huginn/huginn,forks,addressable,2.9.0,gem
huginn/huginn,forks,em-socksify,0.3.3,gem
huginn/huginn,forks,omniauth,2.1.4,gem
huginn/huginn,forks,i18n,1.15.2,gem
huginn/huginn,forks,rb-kqueue,0.2.8,gem
huginn/huginn,forks,mail,2.9.1,gem
huginn/huginn,forks,typhoeus,1.6.0,gem
huginn/huginn,forks,daemons,1.4.1,gem
huginn/huginn,forks,delayed_job_active_record,4.1.11,gem
huginn/huginn,forks,os,1.1.4,gem
huginn/huginn,forks,haversine,0.3.2,gem
huginn/huginn,forks,mini_racer,0.22.1,gem
huginn/huginn,forks,net-smtp,0.5.1,gem
huginn/huginn,forks,net-sftp,4.0.0,gem
huginn/huginn,forks,timeout,0.6.1,gem
huginn/huginn,forks,aws-eventstream,1.4.0,gem
huginn/huginn,forks,ttfunk,1.8.0,gem
huginn/huginn,forks,em-http-request,1.1.7,gem
huginn/huginn,forks,rb-fsevent,0.11.2,gem
huginn/huginn,forks,globalid,1.4.0,gem
huginn/huginn,forks,letter_opener_web,3.0.0,gem
huginn/huginn,forks,warden,1.2.9,gem
huginn/huginn,forks,rspec-rails,8.0.4,gem
huginn/huginn,forks,parser,3.3.12.0,gem
huginn/huginn,forks,sassc,2.4.0,gem
huginn/huginn,forks,actionmailbox,8.1.3.1,gem
huginn/huginn,forks,rr,3.1.2,gem
huginn/huginn,forks,capybara-select-2,0.5.1,gem
huginn/huginn,forks,aws-sdk-s3,1.229.0,gem
huginn/huginn,forks,kaminari-activerecord,1.2.2,gem
huginn/huginn,forks,kaminari,1.2.2,gem
huginn/huginn,forks,net-scp,4.1.0,gem
huginn/huginn,forks,concurrent-ruby,1.3.8,gem
huginn/huginn,forks,unicode-display_width,3.2.0,gem
huginn/huginn,forks,oauth-tty,1.0.13,gem
huginn/huginn,forks,simplecov,1.2.0,gem
huginn/huginn,forks,huginn_agent,0.6.4,gem
huginn/huginn,forks,bootsnap,1.26.0,gem
huginn/huginn,forks,rubyzip,3.6.0,gem
huginn/huginn,forks,activesupport,8.1.3.1,gem
huginn/huginn,forks,hipchat,1.6.0,gem
huginn/huginn,forks,snaky_hash,2.0.7,gem
huginn/huginn,forks,irb,1.18.0,gem
huginn/huginn,forks,rspec,3.13.2,gem
huginn/huginn,forks,googleapis-common-protos-types,1.23.0,gem
huginn/huginn,forks,google-cloud-translate-v2,1.2.0,gem
huginn/huginn,forks,kaminari-actionview,1.2.2,gem
huginn/huginn,forks,auth-sanitizer,0.2.3,gem
huginn/huginn,forks,select2-rails,4.0.13,gem
huginn/huginn,forks,google-apis-calendar_v3,0.57.0,gem
huginn/huginn,forks,rspec-expectations,3.13.5,gem
huginn/huginn,forks,base64,0.3.0,gem
huginn/huginn,forks,ffi,1.17.4,gem
huginn/huginn,forks,llhttp,0.6.2,gem
huginn/huginn,forks,omniauth-oauth2,1.9.0,gem
huginn/huginn,forks,aws-partitions,1.1283.0,gem
huginn/huginn,forks,google-protobuf,4.36.1,gem
huginn/huginn,forks,strscan,3.1.8,gem
huginn/huginn,forks,childprocess,5.1.0,gem
huginn/huginn,forks,sprockets,4.4.1,gem
huginn/huginn,forks,httparty,0.24.2,gem
huginn/huginn,forks,public_suffix,7.0.5,gem
huginn/huginn,forks,msgpack,1.8.4,gem
huginn/huginn,forks,ostruct,0.6.3,gem
huginn/huginn,forks,logger,1.7.0,gem
huginn/huginn,forks,sshkit,1.25.1,gem
huginn/huginn,forks,slack-notifier,2.4.0,gem
huginn/huginn,forks,actionmailer,8.1.3.1,gem
huginn/huginn,forks,erb,6.0.7,gem
huginn/huginn,forks,rspec-retry,0.6.2,gem
huginn/huginn,forks,equalizer,1.0.0,gem
huginn/huginn,forks,net-protocol,0.3.0,gem
huginn/huginn,forks,signet,0.22.0,gem
huginn/huginn,forks,mime-types-data,3.2026.0701,gem
huginn/huginn,forks,feedjira,4.0.2,gem
huginn/huginn,forks,reline,0.7.0,gem
huginn/huginn,forks,json,2.21.2,gem
huginn/huginn,forks,naught,2.3.0,gem
huginn/huginn,forks,fugit,1.13.0,gem
huginn/huginn,forks,net-ssh,7.3.3,gem
huginn/huginn,forks,vcr,6.4.0,gem
huginn/huginn,forks,pirate_weather_forecast_ruby,0.1.0,gem
huginn/huginn,forks,jmespath,1.6.2,gem
huginn/huginn,forks,zlib,3.2.3,gem
huginn/huginn,forks,version_gem,1.1.15,gem
huginn/huginn,forks,tzinfo,2.0.6,gem
huginn/huginn,forks,geokit,1.14.0,gem
huginn/huginn,forks,eventmachine,1.2.7,gem
huginn/huginn,forks,multipart-post,2.4.1,gem
huginn/huginn,forks,rainbow,3.1.1,gem
huginn/huginn,forks,gmail_xoauth,0.4.3,gem
huginn/huginn,forks,rdoc,8.0.0,gem
huginn/huginn,forks,letter_opener,1.10.0,gem
huginn/huginn,forks,railties,8.1.3.1,gem
huginn/huginn,forks,spectrum-rails,1.8.1,gem
huginn/huginn,forks,bcrypt,3.1.22,gem
huginn/huginn,forks,activemodel,8.1.3.1,gem
huginn/huginn,forks,google-cloud-errors,1.7.0,gem
huginn/huginn,forks,listen,3.10.0,gem
huginn/huginn,forks,hashie,5.1.0,gem
huginn/huginn,forks,rubocop-rspec,3.10.2,gem
huginn/huginn,forks,actionpack,8.1.3.1,gem
huginn/huginn,forks,puma,8.0.2,gem
huginn/huginn,forks,webmock,3.26.4,gem
huginn/huginn,forks,omniauth-evernote,1.2.1,gem
huginn/huginn,forks,libv8-node,24.12.0.1,gem
huginn/huginn,forks,nokogiri,1.19.4,gem
huginn/huginn,forks,airbrussh,1.6.2,gem
huginn/huginn,forks,rubocop,1.90.0,gem
huginn/huginn,forks,prism,1.9.0,gem
huginn/huginn,forks,capistrano-bundler,2.2.0,gem
huginn/huginn,forks,capistrano-rails,1.7.0,gem
huginn/huginn,forks,cgi,0.5.2,gem
huginn/huginn,forks,hashery,2.1.2,gem
huginn/huginn,forks,actioncable,8.1.3.1,gem
huginn/huginn,forks,omniauth-twitter,1.5.0,gem
huginn/huginn,forks,multi_xml,0.9.1,gem
huginn/huginn,forks,responders,3.2.1,gem
huginn/huginn,forks,nio4r,2.7.5,gem
huginn/huginn,forks,grpc,1.83.1,gem
huginn/huginn,forks,lint_roller,1.1.0,gem
huginn/huginn,forks,memoizable,0.5.1,gem
huginn/huginn,forks,googleauth,1.17.4,gem
huginn/huginn,forks,ethon,0.18.0,gem
huginn/huginn,forks,google-logging-utils,0.2.0,gem
huginn/huginn,forks,hashdiff,1.2.1,gem
huginn/huginn,forks,crass,1.0.7,gem
huginn/huginn,forks,trailblazer-option,0.1.2,gem
huginn/huginn,forks,mimemagic,0.4.3,gem
huginn/huginn,forks,rack-test,2.2.0,gem
huginn/huginn,forks,action_text-trix,2.1.19,gem
huginn/huginn,forks,jquery-rails,4.6.1,gem
huginn/huginn,forks,simplecov-lcov,0.9.0,gem
huginn/huginn,forks,faraday-net_http,3.4.4,gem
huginn/huginn,forks,aws-sigv4,1.12.1,gem
huginn/huginn,forks,rack-protection,4.2.1,gem
huginn/huginn,forks,delayed_job,4.2.0,gem
huginn/huginn,forks,rb-inotify,0.11.1,gem
huginn/huginn,forks,mini_magick,5.4.0,gem
huginn/huginn,forks,mysql2,0.5.7,gem
huginn/huginn,forks,io-console,0.9.2,gem
huginn/huginn,forks,thor,1.5.0,gem
huginn/huginn,forks,spring-watcher-listen,2.1.0,gem
huginn/huginn,forks,net-pop,0.1.2,gem
huginn/huginn,forks,raabro,1.5.0,gem
huginn/huginn,forks,crack,1.0.1,gem
huginn/huginn,forks,domain_name,0.6.20260902,gem
huginn/huginn,forks,cookiejar,0.3.4,gem
huginn/huginn,forks,erubi,1.13.1,gem
huginn/huginn,forks,rails-dom-testing,2.3.0,gem
huginn/huginn,forks,http_parser.rb,0.8.1,gem
huginn/huginn,forks,omniauth-oauth,1.2.1,gem
huginn/huginn,forks,mini_mime,1.1.5,gem
huginn/huginn,forks,marcel,1.2.1,gem
huginn/huginn,forks,websocket-extensions,0.1.5,gem
huginn/huginn,forks,aws-sdk-kms,1.130.0,gem
huginn/huginn,forks,tsort,0.2.0,gem
huginn/huginn,forks,orm_adapter,0.5.0,gem
huginn/huginn,forks,zeitwerk,2.8.3,gem
huginn/huginn,forks,rails,8.1.3.1,gem
huginn/huginn,forks,capistrano,3.20.1,gem
huginn/huginn,forks,regexp_parser,2.12.0,gem
huginn/huginn,forks,time,0.4.2,gem
forem/forem,forks,mini_histogram,0.3.1,gem
forem/forem,forks,uniform_notifier,1.18.0,gem
forem/forem,forks,jsbundling-rails,1.3.1,gem
forem/forem,forks,acts-as-taggable-on,13.0.0,gem
forem/forem,forks,json,2.7.2,gem
forem/forem,forks,inline_svg,1.9.0,gem
forem/forem,forks,thread,0.2.2,gem
forem/forem,forks,ahoy_email,2.2.0,gem
forem/forem,forks,blazer,2.6.5,gem
forem/forem,forks,rb-fsevent,0.11.2,gem
forem/forem,forks,pstore,0.2.1,gem
forem/forem,forks,hashie,5.1.0,gem
forem/forem,forks,fog-json,1.2.0,gem
forem/forem,forks,bullet,8.1.3,gem
forem/forem,forks,dogstatsd-ruby,5.6.1,gem
forem/forem,forks,sawyer,0.9.2,gem
forem/forem,forks,net-sftp,4.0.0,gem
forem/forem,forks,ed25519,1.4.0,gem
forem/forem,forks,activemodel,8.0.5,gem
forem/forem,forks,flipper-ui,1.4.2,gem
forem/forem,forks,jsonapi-serializer,2.2.0,gem
forem/forem,forks,bindex,0.8.1,gem
forem/forem,forks,fastly,3.0.2,gem
forem/forem,forks,multi_json,1.21.1,gem
forem/forem,forks,js-routes,2.3.7,gem
forem/forem,forks,mini_portile2,2.8.9,gem
forem/forem,forks,s3_direct_upload,0.1.7,gem
forem/forem,forks,psych,5.4.0,gem
forem/forem,forks,http-accept,1.7.0,gem
forem/forem,forks,liquid,5.4.0,gem
forem/forem,forks,knapsack_pro,5.7.0,gem
forem/forem,forks,vault,0.20.1,gem
forem/forem,forks,net-scp,4.1.0,gem
forem/forem,forks,erb,6.0.4,gem
forem/forem,forks,sass-rails,6.0.0,gem
forem/forem,forks,cgi,0.3.7,gem
forem/forem,forks,web-console,4.2.1,gem
forem/forem,forks,rainbow,3.1.1,gem
forem/forem,forks,ffi,1.17.4,gem
forem/forem,forks,drb,2.2.3,gem
forem/forem,forks,simplecov_json_formatter,0.1.4,gem
forem/forem,forks,kaminari,1.2.2,gem
forem/forem,forks,ssrf_filter,1.5.0,gem
forem/forem,forks,pry,0.16.0,gem
forem/forem,forks,rpush,9.2.0,gem
forem/forem,forks,multi_xml,0.7.1,gem
forem/forem,forks,bootsnap,1.18.3,gem
forem/forem,forks,version_gem,1.1.4,gem
forem/forem,forks,sidekiq-throttled,1.5.2,gem
forem/forem,forks,better_errors,2.10.1,gem
forem/forem,forks,thor,1.5.0,gem
forem/forem,forks,kaminari-actionview,1.2.2,gem
forem/forem,forks,devise_invitable,2.0.9,gem
forem/forem,forks,actionmailbox,8.0.5,gem
forem/forem,forks,thread_safe,0.3.6,gem
forem/forem,forks,honeycomb-beeline,2.11.0,gem
forem/forem,forks,aws-sigv4,1.12.1,gem
forem/forem,forks,pg_search,2.3.7,gem
forem/forem,forks,strong_migrations,1.8.0,gem
forem/forem,forks,http-form_data,2.3.0,gem
forem/forem,forks,ast,2.4.2,gem
forem/forem,forks,net-protocol,0.2.2,gem
forem/forem,forks,warning,1.6.0,gem
forem/forem,forks,libddwaf,1.14.0.0.0,gem
forem/forem,forks,loofah,2.25.1,gem
forem/forem,forks,email_validator,2.2.4,gem
forem/forem,forks,parser,3.3.1.0,gem
forem/forem,forks,sanitize,7.0.0,gem
forem/forem,forks,rails-i18n,8.1.0,gem
forem/forem,forks,faker,3.5.1,gem
forem/forem,forks,stripe-ruby-mock,3.1.0.rc3,gem
forem/forem,forks,mime-types-data,3.2024.0305,gem
forem/forem,forks,faraday-retry,2.4.0,gem
forem/forem,forks,rack,2.2.23,gem
forem/forem,forks,method_source,1.1.0,gem
forem/forem,forks,rack-session,1.0.2,gem
forem/forem,forks,omniauth-facebook,9.0.0,gem
forem/forem,forks,jaro_winkler,1.5.6,gem
forem/forem,forks,launchy,2.5.2,gem
forem/forem,forks,sax-machine,1.3.2,gem
forem/forem,forks,bundler-audit,0.9.3,gem
forem/forem,forks,shellany,0.0.1,gem
forem/forem,forks,os,1.1.4,gem
forem/forem,forks,execjs,2.9.1,gem
forem/forem,forks,neighbor,0.5.2,gem
forem/forem,forks,oj,3.16.3,gem
forem/forem,forks,kaminari-activerecord,1.2.2,gem
forem/forem,forks,algoliasearch-rails,2.3.2,gem
forem/forem,forks,sidekiq-unique-jobs,7.1.33,gem
forem/forem,forks,front_matter_parser,1.0.1,gem
forem/forem,forks,chartkick,4.2.1,gem
forem/forem,forks,i18n-js,3.9.2,gem
forem/forem,forks,rspec-support,3.12.2,gem
forem/forem,forks,get_process_mem,0.2.7,gem
forem/forem,forks,terser,1.2.2,gem
forem/forem,forks,unicode-display_width,2.5.0,gem
forem/forem,forks,countries,5.7.1,gem
forem/forem,forks,fog-aws,3.21.0,gem
forem/forem,forks,rspec-expectations,3.12.4,gem
forem/forem,forks,cloudinary,1.29.0,gem
forem/forem,forks,redcarpet,3.6.1,gem
forem/forem,forks,rouge,4.2.1,gem
forem/forem,forks,gibbon,3.5.0,gem
forem/forem,forks,pg_query,6.2.2,gem
forem/forem,forks,rails-html-sanitizer,1.7.0,gem
forem/forem,forks,wcag_color_contrast,0.1.0,gem
forem/forem,forks,racc,1.8.1,gem
forem/forem,forks,sprockets,4.1.1,gem
forem/forem,forks,ddtrace,1.16.2,gem
forem/forem,forks,yard-activerecord,0.0.16,gem
forem/forem,forks,ruby-next-core,0.15.2,gem
forem/forem,forks,terminal-table,3.0.2,gem
forem/forem,forks,sterile,1.0.26,gem
forem/forem,forks,lumberjack,1.2.9,gem
forem/forem,forks,websocket-driver,0.7.7,gem
forem/forem,forks,ahoy_matey,5.0.2,gem
forem/forem,forks,warden,1.2.9,gem
forem/forem,forks,omniauth,2.1.4,gem
forem/forem,forks,rest-client,2.1.0,gem
forem/forem,forks,better_html,2.0.2,gem
forem/forem,forks,rack-cors,1.1.1,gem
forem/forem,forks,stackprof,0.2.26,gem
forem/forem,forks,ruby-vips,2.3.0,gem
forem/forem,forks,faraday,2.14.2,gem
forem/forem,forks,webmock,3.23.0,gem
forem/forem,forks,katex,0.9.0,gem
forem/forem,forks,diff-lcs,1.5.1,gem
forem/forem,forks,validate_url,1.0.15,gem
forem/forem,forks,net-http-persistent,4.0.8,gem
forem/forem,forks,flipper-active_support_cache_store,1.4.2,gem
forem/forem,forks,image_processing,1.14.0,gem
forem/forem,forks,responders,3.1.1,gem
forem/forem,forks,guard,2.18.1,gem
forem/forem,forks,google-protobuf,4.33.5,gem
forem/forem,forks,orm_adapter,0.5.0,gem
forem/forem,forks,highline,2.1.0,gem
forem/forem,forks,googleauth,1.17.0,gem
forem/forem,forks,heapy,0.2.0,gem
forem/forem,forks,unaccent,0.4.0,gem
forem/forem,forks,rspec-core,3.12.3,gem
forem/forem,forks,field_test,0.6.0,gem
forem/forem,forks,rake,13.4.2,gem
forem/forem,forks,rackup,1.0.1,gem
forem/forem,forks,timeout,0.6.1,gem
forem/forem,forks,easy_translate,0.5.1,gem
forem/forem,forks,safely_block,0.4.0,gem
forem/forem,forks,smart_properties,1.17.0,gem
forem/forem,forks,puma,5.6.9,gem
forem/forem,forks,metainspector,5.17.2,gem
forem/forem,forks,actiontext,8.0.5,gem
forem/forem,forks,redis-rack,3.0.0,gem
forem/forem,forks,rubocop-ast,1.31.2,gem
forem/forem,forks,ruby2ruby,2.6.1,gem
forem/forem,forks,exifr,1.5.1,gem
forem/forem,forks,matrix,0.4.2,gem
forem/forem,forks,rack-timeout,0.7.0,gem
forem/forem,forks,activesupport,8.0.5,gem
forem/forem,forks,prism,1.9.0,gem
forem/forem,forks,useragent,0.16.11,gem
forem/forem,forks,sassc-rails,2.1.2,gem
forem/forem,forks,addressable,2.9.0,gem
forem/forem,forks,slack-notifier,2.4.0,gem
forem/forem,forks,simple_oauth,0.3.1,gem
forem/forem,forks,gemoji,4.1.0,gem
forem/forem,forks,erubi,1.13.1,gem
forem/forem,forks,redis-store,1.11.0,gem
forem/forem,forks,uri,1.1.1,gem
forem/forem,forks,kramdown-parser-gfm,1.1.0,gem
forem/forem,forks,timecop,0.9.11,gem
forem/forem,forks,logger,1.7.0,gem
forem/forem,forks,pundit-matchers,1.9.0,gem
forem/forem,forks,faraday-gzip,3.1.0,gem
forem/forem,forks,carrierwave,3.1.3,gem
forem/forem,forks,net-ssh,7.3.2,gem
forem/forem,forks,http-cookie,1.1.6,gem
forem/forem,forks,faraday-encoding,0.0.6,gem
forem/forem,forks,google-cloud-env,2.3.1,gem
forem/forem,forks,pp,0.6.4,gem
forem/forem,forks,vcr,6.4.0,gem
forem/forem,forks,factory_bot,6.4.5,gem
forem/forem,forks,rubocop-rspec_rails,2.28.3,gem
forem/forem,forks,e2mmap,0.1.0,gem
forem/forem,forks,kaminari-core,1.2.2,gem
forem/forem,forks,rice,4.1.0,gem
forem/forem,forks,rubyzip,2.4.1,gem
forem/forem,forks,rspec,3.12.0,gem
forem/forem,forks,recaptcha,5.16.0,gem
forem/forem,forks,active_record_union,1.4.0,gem
forem/forem,forks,erb_lint,0.5.0,gem
forem/forem,forks,equalizer,0.0.11,gem
forem/forem,forks,net-pop,0.1.2,gem
forem/forem,forks,regexp_parser,2.9.0,gem
forem/forem,forks,rubocop-capybara,2.20.0,gem
forem/forem,forks,sorbet-runtime,0.6.13238,gem
forem/forem,forks,omniauth-apple,1.2.2,gem
forem/forem,forks,signet,0.22.0,gem
forem/forem,forks,zeitwerk,2.8.2,gem
forem/forem,forks,webrick,1.8.2,gem
forem/forem,forks,pghero,3.6.2,gem
forem/forem,forks,rdoc,7.2.0,gem
forem/forem,forks,fakeredis,0.8.0,gem
forem/forem,forks,sassc,2.4.0,gem
forem/forem,forks,faraday-follow_redirects,0.5.0,gem
forem/forem,forks,zlib,3.2.3,gem
forem/forem,forks,ostruct,0.6.3,gem
forem/forem,forks,hairtrigger,1.3.1,gem
forem/forem,forks,rubocop-factory_bot,2.25.1,gem
forem/forem,forks,xpath,3.2.0,gem
forem/forem,forks,tsort,0.2.0,gem
forem/forem,forks,rolify,6.0.1,gem
forem/forem,forks,fog-core,2.3.0,gem
forem/forem,forks,activestorage,8.0.5,gem
forem/forem,forks,httpclient,2.9.0,gem
forem/forem,forks,snaky_hash,2.0.1,gem
forem/forem,forks,formatador,1.1.0,gem
forem/forem,forks,actionmailer,8.0.5,gem
forem/forem,forks,hypershield,0.2.2,gem
forem/forem,forks,fugit,1.11.1,gem
forem/forem,forks,amazing_print,2.0.0,gem
forem/forem,forks,faraday-net_http_persistent,2.1.0,gem
forem/forem,forks,nenv,0.3.0,gem
forem/forem,forks,imgproxy,2.1.0,gem
forem/forem,forks,hashdiff,1.1.0,gem
forem/forem,forks,rspec-rails,6.1.1,gem
forem/forem,forks,actionview,8.0.5,gem
forem/forem,forks,actioncable,8.0.5,gem
forem/forem,forks,mini_mime,1.1.5,gem
forem/forem,forks,net-http2,0.19.0,gem
forem/forem,forks,modis,4.3.2,gem
forem/forem,forks,honeybadger,5.30.0,gem
forem/forem,forks,solargraph,0.48.0,gem
forem/forem,forks,excon,0.104.0,gem
forem/forem,forks,mutex_m,0.3.0,gem
forem/forem,forks,buftok,0.2.0,gem
forem/forem,forks,httparty,0.21.0,gem
forem/forem,forks,reverse_markdown,2.1.1,gem
forem/forem,forks,pundit,2.3.1,gem
forem/forem,forks,oauth2,2.0.9,gem
forem/forem,forks,flipper,1.4.2,gem
forem/forem,forks,faraday-http-cache,2.7.0,gem
forem/forem,forks,simplecov-html,0.12.3,gem
forem/forem,forks,capybara,3.37.1,gem
forem/forem,forks,jquery-fileupload-rails,0.4.7,gem
forem/forem,forks,http-parser,1.2.3,gem
forem/forem,forks,activejob,8.0.5,gem
forem/forem,forks,libdatadog,5.0.0.1.0,gem
forem/forem,forks,browser,5.3.1,gem
forem/forem,forks,rubocop-rails,2.24.1,gem
forem/forem,forks,public_suffix,6.0.2,gem
forem/forem,forks,aws-eventstream,1.4.0,gem
forem/forem,forks,actionpack,8.0.5,gem
forem/forem,forks,cuprite,0.15,gem
forem/forem,forks,rack-test,2.2.0,gem
forem/forem,forks,sidekiq,6.5.12,gem
forem/forem,forks,mime-types,3.5.2,gem
forem/forem,forks,rss,0.2.9,gem
forem/forem,forks,mini_magick,4.13.2,gem
forem/forem,forks,naught,1.1.0,gem
forem/forem,forks,zonebie,0.6.1,gem
forem/forem,forks,omniauth-github,2.0.1,gem
forem/forem,forks,cld3,3.6.0,gem
forem/forem,forks,listen,3.9.0,gem
forem/forem,forks,notiffany,0.1.3,gem
forem/forem,forks,mail,2.9.0,gem
forem/forem,forks,rspec-mocks,3.12.7,gem
forem/forem,forks,marcel,1.0.4,gem
forem/forem,forks,openssl,3.3.3,gem
forem/forem,forks,rack-host-redirect,1.3.0,gem
forem/forem,forks,connection_pool,2.5.5,gem
forem/forem,forks,aws_cf_signer,0.1.3,gem
forem/forem,forks,rswag-specs,2.17.0,gem
forem/forem,forks,backport,1.2.0,gem
forem/forem,forks,rubocop,1.63.4,gem
forem/forem,forks,coffee-script-source,1.12.2,gem
forem/forem,forks,benchmark-ips,2.10.0,gem
forem/forem,forks,rails-dom-testing,2.3.0,gem
forem/forem,forks,stripe,5.55.0,gem
forem/forem,forks,sass,3.7.4,gem
forem/forem,forks,rspec_junit_formatter,0.6.0,gem
forem/forem,forks,ferrum,0.14,gem
forem/forem,forks,dante,0.2.0,gem
forem/forem,forks,railties,8.0.5,gem
forem/forem,forks,kamal,2.11.0,gem
forem/forem,forks,omniauth-rails_csrf_protection,2.0.1,gem
forem/forem,forks,rspec-retry,0.6.2,gem
forem/forem,forks,yard,0.9.36,gem
forem/forem,forks,ruby-prof,1.7.0,gem
forem/forem,forks,ransack,4.4.1,gem
forem/forem,forks,pry-rails,0.3.11,gem
forem/forem,forks,rack-attack,6.8.0,gem
forem/forem,forks,nokogiri,1.19.4,gem
forem/forem,forks,request_store,1.7.0,gem
forem/forem,forks,html_truncator,0.4.2,gem
forem/forem,forks,docile,1.4.0,gem
forem/forem,forks,ffi-compiler,1.0.1,gem
forem/forem,forks,sidekiq-cron,1.12.0,gem
forem/forem,forks,shoulda-matchers,5.3.0,gem
forem/forem,forks,msgpack,1.8.3,gem
forem/forem,forks,fog-xml,0.1.4,gem
forem/forem,forks,sass-listen,4.0.0,gem
forem/forem,forks,rb-inotify,0.10.1,gem
forem/forem,forks,io-console,0.8.2,gem
forem/forem,forks,memory_profiler,1.0.1,gem
forem/forem,forks,rpush-redis,1.2.0,gem
forem/forem,forks,device_detector,1.1.1,gem
forem/forem,forks,brakeman,5.4.1,gem
forem/forem,forks,faraday-cookie_jar,0.0.8,gem
forem/forem,forks,customerio,6.1.0,gem
forem/forem,forks,globalid,1.4.0,gem
forem/forem,forks,omniauth-google-oauth2,1.1.2,gem
forem/forem,forks,octokit,5.6.1,gem
forem/forem,forks,minitest,6.0.6,gem
forem/forem,forks,i18n,1.15.2,gem
forem/forem,forks,datadog-ci,0.3.0,gem
forem/forem,forks,parallel,1.24.0,gem
forem/forem,forks,simplecov,0.21.2,gem
forem/forem,forks,redis,4.7.1,gem
forem/forem,forks,tzinfo,2.0.6,gem
forem/forem,forks,devise,4.9.4,gem
forem/forem,forks,dead_end,4.0.0,gem
forem/forem,forks,feedjira,3.2.3,gem
forem/forem,forks,ancestry,4.3.3,gem
forem/forem,forks,tilt,2.3.0,gem
forem/forem,forks,date,3.5.1,gem
forem/forem,forks,stringio,3.2.0,gem
forem/forem,forks,websocket-extensions,0.1.5,gem
forem/forem,forks,rubocop-rspec,2.29.1,gem
forem/forem,forks,domain_name,0.6.20240107,gem
forem/forem,forks,benchmark,0.5.0,gem
forem/forem,forks,test-prof,1.3.3,gem
forem/forem,forks,http,4.4.1,gem
forem/forem,forks,nio4r,2.7.5,gem
forem/forem,forks,memoizable,0.4.2,gem
forem/forem,forks,raabro,1.4.0,gem
forem/forem,forks,rails,8.0.5,gem
forem/forem,forks,google-logging-utils,0.2.0,gem
forem/forem,forks,brpoplpush-redis_script,0.1.3,gem
forem/forem,forks,bigdecimal,3.3.1,gem
forem/forem,forks,jbuilder,2.15.0,gem
forem/forem,forks,net-http,0.9.1,gem
forem/forem,forks,fastimage,2.4.1,gem
forem/forem,forks,yard-activesupport-concern,0.0.1,gem
forem/forem,forks,rack-protection,3.2.0,gem
forem/forem,forks,redis-prescription,2.6.0,gem
forem/forem,forks,rails-controller-testing,1.0.5,gem
forem/forem,forks,irb,1.18.0,gem
forem/forem,forks,securerandom,0.4.1,gem
forem/forem,forks,ruby-progressbar,1.13.0,gem
forem/forem,forks,multipart-post,2.2.3,gem
forem/forem,forks,libhoney,2.2.0,gem
forem/forem,forks,debase-ruby_core_source,3.2.2,gem
forem/forem,forks,sprockets-rails,3.4.2,gem
forem/forem,forks,factory_bot_rails,6.4.3,gem
forem/forem,forks,oauth,0.5.10,gem
forem/forem,forks,prettyprint,0.2.0,gem
forem/forem,forks,coffee-rails,5.0.0,gem
forem/forem,forks,flipper-active_record,1.4.2,gem
forem/forem,forks,coderay,1.1.3,gem
forem/forem,forks,guard-rspec,4.7.3,gem
forem/forem,forks,http-2,1.1.3,gem
forem/forem,forks,pg,1.6.3,gem
forem/forem,forks,anyway_config,2.3.0,gem
forem/forem,forks,sshkit,1.25.0,gem
forem/forem,forks,cypress-rails,0.7.0,gem
forem/forem,forks,json-schema,6.2.0,gem
forem/forem,forks,ruby_parser,3.22.0,gem
forem/forem,forks,ruby-statistics,3.0.0,gem
forem/forem,forks,sexp_processor,4.17.5,gem
forem/forem,forks,with_model,2.1.7,gem
forem/forem,forks,language_server-protocol,3.17.0.3,gem
forem/forem,forks,debug,1.9.2,gem
forem/forem,forks,kramdown,2.4.0,gem
forem/forem,forks,netrc,0.11.0,gem
forem/forem,forks,faraday-net_http,3.4.3,gem
forem/forem,forks,analytics-ruby,2.5.0,gem
forem/forem,forks,emoji_regex,3.2.3,gem
forem/forem,forks,solargraph-rails,0.3.1,gem
forem/forem,forks,rexml,3.4.0,gem
forem/forem,forks,web-push,3.0.1,gem
forem/forem,forks,omniauth-twitter,1.4.0,gem
forem/forem,forks,builder,3.3.0,gem
forem/forem,forks,nesty,1.0.2,gem
forem/forem,forks,bcrypt,3.1.20,gem
forem/forem,forks,bcrypt_pbkdf,1.1.2,gem
forem/forem,forks,carrierwave-bombshelter,0.2.2,gem
forem/forem,forks,derailed_benchmarks,2.1.2,gem
forem/forem,forks,rubocop-performance,1.21.0,gem
forem/forem,forks,net-smtp,0.5.1,gem
forem/forem,forks,omniauth-mlh,4.1.0,gem
forem/forem,forks,omniauth-oauth2,1.8.0,gem
forem/forem,forks,net-imap,0.6.4.1,gem
forem/forem,forks,dotenv-rails,3.2.0,gem
forem/forem,forks,i18n-tasks,1.0.15,gem
forem/forem,forks,twitter,7.0.0,gem
forem/forem,forks,omniauth-oauth,1.2.0,gem
forem/forem,forks,dotenv,3.2.0,gem
forem/forem,forks,jwt,2.10.3,gem
forem/forem,forks,guard-compat,1.2.1,gem
forem/forem,forks,et-orbi,1.2.11,gem
forem/forem,forks,concurrent-ruby,1.3.7,gem
forem/forem,forks,base64,0.3.0,gem
forem/forem,forks,reline,0.6.3,gem
forem/forem,forks,http_parser.rb,0.6.0,gem
forem/forem,forks,activerecord,8.0.5,gem
forem/forem,forks,algolia,2.3.4,gem
forem/forem,forks,redis-actionpack,5.5.0,gem
forem/forem,forks,crass,1.0.7,gem
forem/forem,forks,counter_culture,3.5.3,gem
forem/forem,forks,coffee-script,2.4.1,gem
forem/forem,forks,nakayoshi_fork,0.0.4,gem
forem/forem,forks,crack,1.0.0,gem
citation-style-language/styles,forks,json,2.19.9,gem
citation-style-language/styles,forks,uri,1.0.4,gem
citation-style-language/styles,forks,octokit,4.25.1,gem
citation-style-language/styles,forks,fuubar,2.5.1,gem
citation-style-language/styles,forks,time,0.4.1,gem
citation-style-language/styles,forks,rspec-expectations,3.13.3,gem
citation-style-language/styles,forks,reverse_markdown,3.0.0,gem
citation-style-language/styles,forks,observer,0.1.2,gem
citation-style-language/styles,forks,racc,1.8.1,gem
citation-style-language/styles,forks,citeproc,1.1.0,gem
citation-style-language/styles,forks,csl-styles,2.0.1,gem
citation-style-language/styles,forks,hashdiff,0.3.7,gem
citation-style-language/styles,forks,csl,2.1.0,gem
citation-style-language/styles,forks,nokogiri,1.19.4,gem
citation-style-language/styles,forks,rspec-core,3.13.2,gem
citation-style-language/styles,forks,erubis,2.7.0,gem
citation-style-language/styles,forks,dotenv,3.1.8,gem
citation-style-language/styles,forks,date,3.4.1,gem
citation-style-language/styles,forks,stringio,3.1.6,gem
citation-style-language/styles,forks,ruby-progressbar,1.13.0,gem
citation-style-language/styles,forks,faraday_middleware,1.2.0,gem
citation-style-language/styles,forks,public_suffix,7.0.5,gem
citation-style-language/styles,forks,rexml,3.4.2,gem
citation-style-language/styles,forks,faraday,1.0.1,gem
citation-style-language/styles,forks,rspec-mocks,3.13.2,gem
citation-style-language/styles,forks,diffy,3.4.3,gem
citation-style-language/styles,forks,git_diff,0.4.3,gem
citation-style-language/styles,forks,multipart-post,2.4.1,gem
citation-style-language/styles,forks,singleton,0.3.0,gem
citation-style-language/styles,forks,rake,13.2.1,gem
citation-style-language/styles,forks,ostruct,0.6.1,gem
citation-style-language/styles,forks,set,1.1.1,gem
citation-style-language/styles,forks,forwardable,1.3.3,gem
citation-style-language/styles,forks,rspec-support,3.13.2,gem
citation-style-language/styles,forks,addressable,2.9.0,gem
citation-style-language/styles,forks,citeproc-ruby,2.1.1,gem
citation-style-language/styles,forks,mini_portile2,2.8.9,gem
citation-style-language/styles,forks,diff-lcs,1.5.1,gem
citation-style-language/styles,forks,namae,1.2.0,gem
citation-style-language/styles,forks,open-uri,0.5.0,gem
citation-style-language/styles,forks,sawyer,0.9.2,gem
citation-style-language/styles,forks,rspec,3.13.0,gem
saasbook/hw-ruby-intro,forks,byebug,~> 12.0,gem
saasbook/hw-ruby-intro,forks,rspec,~> 3.13,gem
saasbook/hw-ruby-intro,forks,cucumber,~> 9.2,gem
bigbluebutton/greenlight,forks,globalid,1.4.0,gem
bigbluebutton/greenlight,forks,prism,1.6.0,gem
bigbluebutton/greenlight,forks,websocket-driver,0.8.2,gem
bigbluebutton/greenlight,forks,ruby-progressbar,1.13.0,gem
bigbluebutton/greenlight,forks,nkf,0.2.0,gem
bigbluebutton/greenlight,forks,jwt,3.2.0,gem
bigbluebutton/greenlight,forks,request_store,1.5.1,gem
bigbluebutton/greenlight,forks,minitest,5.27.0,gem
bigbluebutton/greenlight,forks,date,3.5.1,gem
bigbluebutton/greenlight,forks,parallel,1.27.0,gem
bigbluebutton/greenlight,forks,google-apis-iamcredentials_v1,0.26.0,gem
bigbluebutton/greenlight,forks,googleauth,1.16.1,gem
bigbluebutton/greenlight,forks,aws-eventstream,1.4.0,gem
bigbluebutton/greenlight,forks,rails,7.2.3.2,gem
bigbluebutton/greenlight,forks,erubi,1.13.1,gem
bigbluebutton/greenlight,forks,psych,5.2.6,gem
bigbluebutton/greenlight,forks,loofah,2.25.2,gem
bigbluebutton/greenlight,forks,irb,1.15.3,gem
bigbluebutton/greenlight,forks,net-pop,0.1.2,gem
bigbluebutton/greenlight,forks,representable,3.2.0,gem
bigbluebutton/greenlight,forks,webmock,3.24.0,gem
bigbluebutton/greenlight,forks,matrix,0.4.3,gem
bigbluebutton/greenlight,forks,bcrypt,3.1.22,gem
bigbluebutton/greenlight,forks,ffi,1.17.2,gem
bigbluebutton/greenlight,forks,dotenv,3.2.0,gem
bigbluebutton/greenlight,forks,timeout,0.6.1,gem
bigbluebutton/greenlight,forks,mail,2.9.1,gem
bigbluebutton/greenlight,forks,faraday-net_http,3.4.4,gem
bigbluebutton/greenlight,forks,rails-dom-testing,2.3.0,gem
bigbluebutton/greenlight,forks,hashdiff,1.1.2,gem
bigbluebutton/greenlight,forks,rubocop-rspec,2.9.0,gem
bigbluebutton/greenlight,forks,faker,3.1.1,gem
bigbluebutton/greenlight,forks,google-cloud-storage,1.58.0,gem
bigbluebutton/greenlight,forks,net-smtp,0.5.1,gem
bigbluebutton/greenlight,forks,data_migrate,11.3.1,gem
bigbluebutton/greenlight,forks,racc,1.8.1,gem
bigbluebutton/greenlight,forks,websocket,1.2.9,gem
bigbluebutton/greenlight,forks,rubocop-capybara,2.19.0,gem
bigbluebutton/greenlight,forks,base64,0.3.0,gem
bigbluebutton/greenlight,forks,mini_mime,1.1.5,gem
bigbluebutton/greenlight,forks,ast,2.4.3,gem
bigbluebutton/greenlight,forks,redis,4.8.0,gem
bigbluebutton/greenlight,forks,i18n,1.15.2,gem
bigbluebutton/greenlight,forks,rubocop-rails,2.34.2,gem
bigbluebutton/greenlight,forks,benchmark,0.5.0,gem
bigbluebutton/greenlight,forks,tzinfo,2.0.6,gem
bigbluebutton/greenlight,forks,active_model_serializers,0.10.15,gem
bigbluebutton/greenlight,forks,google-cloud-core,1.8.0,gem
bigbluebutton/greenlight,forks,pg,1.4.5,gem
bigbluebutton/greenlight,forks,cssbundling-rails,1.4.3,gem
bigbluebutton/greenlight,forks,bindata,2.5.1,gem
bigbluebutton/greenlight,forks,omniauth_openid_connect,0.8.0,gem
bigbluebutton/greenlight,forks,rack-session,2.1.2,gem
bigbluebutton/greenlight,forks,crass,1.0.7,gem
bigbluebutton/greenlight,forks,capybara,3.40.0,gem
bigbluebutton/greenlight,forks,jbuilder,2.13.0,gem
bigbluebutton/greenlight,forks,rack,3.2.6,gem
bigbluebutton/greenlight,forks,openid_connect,2.3.1,gem
bigbluebutton/greenlight,forks,web-console,4.2.1,gem
bigbluebutton/greenlight,forks,remote_syslog_logger,1.0.4,gem
bigbluebutton/greenlight,forks,case_transform,0.2,gem
bigbluebutton/greenlight,forks,i18n-language-mapping,0.1.3.1,gem
bigbluebutton/greenlight,forks,parser,3.3.10.0,gem
bigbluebutton/greenlight,forks,jsbundling-rails,1.3.1,gem
bigbluebutton/greenlight,forks,rack-test,2.2.0,gem
bigbluebutton/greenlight,forks,declarative,0.0.20,gem
bigbluebutton/greenlight,forks,aws-sdk-core,3.240.0,gem
bigbluebutton/greenlight,forks,rubocop-factory_bot,2.24.0,gem
bigbluebutton/greenlight,forks,rainbow,3.1.1,gem
bigbluebutton/greenlight,forks,diff-lcs,1.6.2,gem
bigbluebutton/greenlight,forks,actionmailer,7.2.3.2,gem
bigbluebutton/greenlight,forks,activemodel,7.2.3.2,gem
bigbluebutton/greenlight,forks,xml-simple,1.1.9,gem
bigbluebutton/greenlight,forks,google-apis-core,1.0.2,gem
bigbluebutton/greenlight,forks,os,1.1.4,gem
bigbluebutton/greenlight,forks,webfinger,2.1.3,gem
bigbluebutton/greenlight,forks,dotenv-rails,3.2.0,gem
bigbluebutton/greenlight,forks,lint_roller,1.1.0,gem
bigbluebutton/greenlight,forks,active_storage_validations,3.0.2,gem
bigbluebutton/greenlight,forks,net-http,0.9.1,gem
bigbluebutton/greenlight,forks,hcaptcha,7.1.0,gem
bigbluebutton/greenlight,forks,builder,3.3.0,gem
bigbluebutton/greenlight,forks,actionmailbox,7.2.3.2,gem
bigbluebutton/greenlight,forks,puma,7.2.1,gem
bigbluebutton/greenlight,forks,crack,1.0.0,gem
bigbluebutton/greenlight,forks,pagy,6.0.4,gem
bigbluebutton/greenlight,forks,google-apis-storage_v1,0.60.0,gem
bigbluebutton/greenlight,forks,cgi,0.5.2,gem
bigbluebutton/greenlight,forks,debug,1.11.0,gem
bigbluebutton/greenlight,forks,json-jwt,1.17.0,gem
bigbluebutton/greenlight,forks,jmespath,1.6.2,gem
bigbluebutton/greenlight,forks,prettyprint,0.2.0,gem
bigbluebutton/greenlight,forks,public_suffix,7.0.5,gem
bigbluebutton/greenlight,forks,nio4r,2.7.5,gem
bigbluebutton/greenlight,forks,actionview,7.2.3.2,gem
bigbluebutton/greenlight,forks,useragent,0.16.11,gem
bigbluebutton/greenlight,forks,mini_magick,4.12.0,gem
bigbluebutton/greenlight,forks,nokogiri,1.19.4,gem
bigbluebutton/greenlight,forks,activestorage,7.2.3.2,gem
bigbluebutton/greenlight,forks,rspec-core,3.13.6,gem
bigbluebutton/greenlight,forks,google-logging-utils,0.2.0,gem
bigbluebutton/greenlight,forks,actioncable,7.2.3.2,gem
bigbluebutton/greenlight,forks,json,2.19.9,gem
bigbluebutton/greenlight,forks,connection_pool,2.5.5,gem
bigbluebutton/greenlight,forks,factory_bot,6.5.6,gem
bigbluebutton/greenlight,forks,uri,1.1.1,gem
bigbluebutton/greenlight,forks,webdrivers,5.2.0,gem
bigbluebutton/greenlight,forks,io-console,0.8.1,gem
bigbluebutton/greenlight,forks,pp,0.6.3,gem
bigbluebutton/greenlight,forks,rails-html-sanitizer,1.7.1,gem
bigbluebutton/greenlight,forks,xpath,3.2.0,gem
bigbluebutton/greenlight,forks,sprockets,4.2.2,gem
bigbluebutton/greenlight,forks,actiontext,7.2.3.2,gem
bigbluebutton/greenlight,forks,aws-sigv4,1.12.1,gem
bigbluebutton/greenlight,forks,thor,1.4.0,gem
bigbluebutton/greenlight,forks,activerecord,7.2.3.2,gem
bigbluebutton/greenlight,forks,unicode-display_width,3.2.0,gem
bigbluebutton/greenlight,forks,google-cloud-errors,1.5.0,gem
bigbluebutton/greenlight,forks,msgpack,1.8.2,gem
bigbluebutton/greenlight,forks,clamby,1.6.10,gem
bigbluebutton/greenlight,forks,stringio,3.1.9,gem
bigbluebutton/greenlight,forks,uber,0.1.0,gem
bigbluebutton/greenlight,forks,lograge,0.14.0,gem
bigbluebutton/greenlight,forks,activesupport,7.2.3.2,gem
bigbluebutton/greenlight,forks,trailblazer-option,0.1.2,gem
bigbluebutton/greenlight,forks,drb,2.2.3,gem
bigbluebutton/greenlight,forks,rspec-rails,7.1.1,gem
bigbluebutton/greenlight,forks,hashie,5.0.0,gem
bigbluebutton/greenlight,forks,attr_required,1.0.2,gem
bigbluebutton/greenlight,forks,actionpack,7.2.3.2,gem
bigbluebutton/greenlight,forks,sprockets-rails,3.5.2,gem
bigbluebutton/greenlight,forks,addressable,2.9.0,gem
bigbluebutton/greenlight,forks,rdoc,6.16.1,gem
bigbluebutton/greenlight,forks,mini_portile2,2.8.9,gem
bigbluebutton/greenlight,forks,zeitwerk,2.7.3,gem
bigbluebutton/greenlight,forks,validate_url,1.0.15,gem
bigbluebutton/greenlight,forks,syslog_protocol,0.9.2,gem
bigbluebutton/greenlight,forks,aes_key_wrap,1.1.0,gem
bigbluebutton/greenlight,forks,faraday-follow_redirects,0.4.0,gem
bigbluebutton/greenlight,forks,activejob,7.2.3.2,gem
bigbluebutton/greenlight,forks,image_processing,1.12.2,gem
bigbluebutton/greenlight,forks,digest-crc,0.7.0,gem
bigbluebutton/greenlight,forks,bigbluebutton-api-ruby,2.0.0,gem
bigbluebutton/greenlight,forks,omniauth,2.1.4,gem
bigbluebutton/greenlight,forks,google-cloud-env,2.3.1,gem
bigbluebutton/greenlight,forks,signet,0.21.0,gem
bigbluebutton/greenlight,forks,selenium-webdriver,4.8.0,gem
bigbluebutton/greenlight,forks,rubocop-performance,1.16.0,gem
bigbluebutton/greenlight,forks,concurrent-ruby,1.3.8,gem
bigbluebutton/greenlight,forks,bindex,0.8.1,gem
bigbluebutton/greenlight,forks,tsort,0.2.0,gem
bigbluebutton/greenlight,forks,multi_json,1.19.1,gem
bigbluebutton/greenlight,forks,net-protocol,0.3.0,gem
bigbluebutton/greenlight,forks,email_validator,2.2.4,gem
bigbluebutton/greenlight,forks,retriable,3.1.2,gem
bigbluebutton/greenlight,forks,net-imap,0.6.6,gem
bigbluebutton/greenlight,forks,rspec-mocks,3.13.7,gem
bigbluebutton/greenlight,forks,unicode-emoji,4.1.0,gem
bigbluebutton/greenlight,forks,rake,13.3.1,gem
bigbluebutton/greenlight,forks,rack-protection,4.2.1,gem
bigbluebutton/greenlight,forks,reline,0.6.3,gem
bigbluebutton/greenlight,forks,aws-partitions,1.1196.0,gem
bigbluebutton/greenlight,forks,erb,6.0.1.1,gem
bigbluebutton/greenlight,forks,factory_bot_rails,6.5.1,gem
bigbluebutton/greenlight,forks,bigdecimal,4.1.2,gem
bigbluebutton/greenlight,forks,rack-oauth2,2.3.0,gem
bigbluebutton/greenlight,forks,rubocop-ast,1.48.0,gem
bigbluebutton/greenlight,forks,websocket-extensions,0.1.5,gem
bigbluebutton/greenlight,forks,rubyzip,2.4.1,gem
bigbluebutton/greenlight,forks,jsonapi-renderer,0.2.2,gem
bigbluebutton/greenlight,forks,rexml,3.4.4,gem
bigbluebutton/greenlight,forks,marcel,1.2.1,gem
bigbluebutton/greenlight,forks,bootsnap,1.16.0,gem
bigbluebutton/greenlight,forks,ruby-vips,2.1.4,gem
bigbluebutton/greenlight,forks,rubocop,1.81.7,gem
bigbluebutton/greenlight,forks,aws-sdk-kms,1.118.0,gem
bigbluebutton/greenlight,forks,rackup,2.2.1,gem
bigbluebutton/greenlight,forks,swd,2.0.3,gem
bigbluebutton/greenlight,forks,securerandom,0.4.1,gem
bigbluebutton/greenlight,forks,faraday,2.14.3,gem
bigbluebutton/greenlight,forks,language_server-protocol,3.17.0.5,gem
bigbluebutton/greenlight,forks,regexp_parser,2.11.3,gem
bigbluebutton/greenlight,forks,logger,1.7.0,gem
bigbluebutton/greenlight,forks,rspec-support,3.13.6,gem
bigbluebutton/greenlight,forks,aws-sdk-s3,1.208.0,gem
bigbluebutton/greenlight,forks,omniauth-rails_csrf_protection,2.0.0,gem
bigbluebutton/greenlight,forks,rspec-expectations,3.13.5,gem
bigbluebutton/greenlight,forks,railties,7.2.3.2,gem
bigbluebutton/greenlight,forks,shoulda-matchers,5.3.0,gem
opf/openproject,forks,net-pop,0.1.2,gem
opf/openproject,forks,actionmailbox,8.1.3.1,gem
opf/openproject,forks,listen,3.10.0,gem
opf/openproject,forks,mcp,1.3.0,gem
opf/openproject,forks,lint_roller,1.1.0,gem
opf/openproject,forks,mustermann,4.0.0,gem
opf/openproject,forks,dotenv-rails,3.2.0,gem
opf/openproject,forks,sys-filesystem,1.6.0,gem
opf/openproject,forks,webfinger,2.1.3,gem
opf/openproject,forks,rubocop-rspec,3.10.2,gem
opf/openproject,forks,responders,3.2.0,gem
opf/openproject,forks,turbo_power,0.8.0,gem
opf/openproject,forks,spreadsheet,1.3.5,gem
opf/openproject,forks,flamegraph,0.9.5,gem
opf/openproject,forks,good_job,4.19.2,gem
opf/openproject,forks,opentelemetry-instrumentation-bunny,0.25.0,gem
opf/openproject,forks,redis-client,0.30.1,gem
opf/openproject,forks,opentelemetry-instrumentation-mysql2,0.34.0,gem
opf/openproject,forks,webauthn,~> 3.0,gem
opf/openproject,forks,aws-eventstream,1.4.0,gem
opf/openproject,forks,awesome_nested_set,3.9.0,gem
opf/openproject,forks,marcel,1.0.4,gem
opf/openproject,forks,opentelemetry-instrumentation-httpx,0.8.0,gem
opf/openproject,forks,diff-lcs,1.6.2,gem
opf/openproject,forks,mime-types-data,3.2026.0701,gem
opf/openproject,forks,opentelemetry-exporter-otlp,0.34.1,gem
opf/openproject,forks,highline,3.1.2,gem
opf/openproject,forks,prawn,2.4.0,gem
opf/openproject,forks,google-logging-utils,0.2.0,gem
opf/openproject,forks,faraday-follow_redirects,0.5.0,gem
opf/openproject,forks,afm,1.0.0,gem
opf/openproject,forks,faraday-net_http,3.4.4,gem
opf/openproject,forks,grape_logging,3.0.0,gem
opf/openproject,forks,activerecord-session_store,2.3.0,gem
opf/openproject,forks,i18n,1.15.2,gem
opf/openproject,forks,commonmarker,2.8.3,gem
opf/openproject,forks,dry-logic,1.6.0,gem
opf/openproject,forks,opentelemetry-instrumentation-aws_lambda,0.7.0,gem
opf/openproject,forks,escape_utils,1.3.0,gem
opf/openproject,forks,capybara,3.40.0,gem
opf/openproject,forks,yabeda-rails,0.11.0,gem
opf/openproject,forks,pp,0.6.4,gem
opf/openproject,forks,rb-inotify,0.11.1,gem
opf/openproject,forks,rbtrace,0.5.5,gem
opf/openproject,forks,selenium-devtools,0.151.0,gem
opf/openproject,forks,openproject-octicons,19.37.0,gem
opf/openproject,forks,json_spec,1.1.5,gem
opf/openproject,forks,tzinfo-data,1.2026.3,gem
opf/openproject,forks,test-prof,1.6.3,gem
opf/openproject,forks,pstore,0.2.1,gem
opf/openproject,forks,actionmailer,8.1.3.1,gem
opf/openproject,forks,rspec-expectations,3.13.5,gem
opf/openproject,forks,opentelemetry-instrumentation-resque,0.9.0,gem
opf/openproject,forks,aws-sdk-sns,~> 1.116,gem
opf/openproject,forks,rotp,6.3.0,gem
opf/openproject,forks,pry-rescue,1.6.0,gem
opf/openproject,forks,opentelemetry-instrumentation-http,0.30.0,gem
opf/openproject,forks,openproject-token,8.12.0,gem
opf/openproject,forks,opentelemetry-instrumentation-restclient,0.28.0,gem
opf/openproject,forks,zeitwerk,2.8.3,gem
opf/openproject,forks,compare-xml,1.0.0,gem
opf/openproject,forks,store_attribute,2.2.0,gem
opf/openproject,forks,warden-basic_auth,0.2.1,gem
opf/openproject,forks,bcrypt,3.1.22,gem
opf/openproject,forks,parallel_tests,4.10.1,gem
opf/openproject,forks,acts_as_list,1.2.6,gem
opf/openproject,forks,timeout,0.6.1,gem
opf/openproject,forks,acts_as_tree,2.9.1,gem
opf/openproject,forks,launchy,3.1.1,gem
opf/openproject,forks,better_html,2.2.0,gem
opf/openproject,forks,opentelemetry-helpers-sql,0.4.0,gem
opf/openproject,forks,structured_warnings,0.5.0,gem
opf/openproject,forks,openid_connect,2.2.1,gem
opf/openproject,forks,ruby-prof,2.0.5,gem
opf/openproject,forks,hashdiff,1.2.1,gem
opf/openproject,forks,google-apis-core,1.2.4,gem
opf/openproject,forks,representable,3.2.0,gem
opf/openproject,forks,timecop,0.9.11,gem
opf/openproject,forks,attr_required,1.0.2,gem
opf/openproject,forks,faraday,2.14.3,gem
opf/openproject,forks,google-apis-gmail_v1,0.52.0,gem
opf/openproject,forks,opentelemetry-instrumentation-lmdb,0.26.0,gem
opf/openproject,forks,mime-types,3.7.0,gem
opf/openproject,forks,formatador,1.2.3,gem
opf/openproject,forks,webauthn,3.4.3,gem
opf/openproject,forks,msgpack,1.8.4,gem
opf/openproject,forks,railties,8.1.3.1,gem
opf/openproject,forks,pdf-reader,2.15.1,gem
opf/openproject,forks,htmlentities,4.3.4,gem
opf/openproject,forks,with_advisory_lock,7.6.0,gem
opf/openproject,forks,opentelemetry-instrumentation-concurrent_ruby,0.25.0,gem
opf/openproject,forks,rubyzip,2.4.1,gem
opf/openproject,forks,json-jwt,1.17.1,gem
opf/openproject,forks,job-iteration,1.15.0,gem
opf/openproject,forks,equivalent-xml,0.6.0,gem
opf/openproject,forks,htmlbeautifier,1.4.3,gem
opf/openproject,forks,i18n-tasks,1.1.2,gem
opf/openproject,forks,google-cloud-env,2.4.0,gem
opf/openproject,forks,openproject-octicons_helper,19.37.0,gem
opf/openproject,forks,active_record_doctor,2.0.1,gem
opf/openproject,forks,pdf-inspector,1.3.0,gem
opf/openproject,forks,stackprof,0.2.28,gem
opf/openproject,forks,erubi,1.13.1,gem
opf/openproject,forks,irb,1.18.0,gem
opf/openproject,forks,opentelemetry-instrumentation-gruf,0.6.2,gem
opf/openproject,forks,openproject-auth_plugins,>= 0,gem
opf/openproject,forks,iso8601,0.13.0,gem
opf/openproject,forks,text-hyphen,1.5.0,gem
opf/openproject,forks,tzinfo,2.0.6,gem
opf/openproject,forks,hashery,2.1.2,gem
opf/openproject,forks,opentelemetry-instrumentation-net_http,0.29.0,gem
opf/openproject,forks,activesupport,8.1.3.1,gem
opf/openproject,forks,messagebird-rest,5.0.0,gem
opf/openproject,forks,openproject-webhooks,>= 0,gem
opf/openproject,forks,messagebird-rest,">= 1.4.2,< 5.1.0",gem
opf/openproject,forks,rb_sys,0.9.128,gem
opf/openproject,forks,fugit,1.13.0,gem
opf/openproject,forks,google-protobuf,4.35.1,gem
opf/openproject,forks,yaml,0.4.0,gem
opf/openproject,forks,opentelemetry-semantic_conventions,1.44.0,gem
opf/openproject,forks,puffing-billy,4.0.4,gem
opf/openproject,forks,plaintext,0.3.7,gem
opf/openproject,forks,opentelemetry-instrumentation-excon,0.29.1,gem
opf/openproject,forks,rack-attack,6.8.0,gem
opf/openproject,forks,Ascii85,2.0.1,gem
opf/openproject,forks,rspec,3.13.2,gem
opf/openproject,forks,letter_opener,1.10.0,gem
opf/openproject,forks,lobby_boy,~> 0.1.3,gem
opf/openproject,forks,paper_trail,17.0.0,gem
opf/openproject,forks,addressable,2.9.0,gem
opf/openproject,forks,rack-session,1.0.2,gem
opf/openproject,forks,dry-configurable,1.4.0,gem
opf/openproject,forks,public_suffix,7.0.5,gem
opf/openproject,forks,colored2,4.0.3,gem
opf/openproject,forks,factory_bot_rails,6.5.1,gem
opf/openproject,forks,rspec-wait,1.0.2,gem
opf/openproject,forks,actiontext,8.1.3.1,gem
opf/openproject,forks,vernier,1.10.1,gem
opf/openproject,forks,closure_tree,9.8.0,gem
opf/openproject,forks,warden,1.2.9,gem
opf/openproject,forks,friendly_id,5.7.0,gem
opf/openproject,forks,raabro,1.4.0,gem
opf/openproject,forks,cose,1.3.1,gem
opf/openproject,forks,simpleidn,0.2.3,gem
opf/openproject,forks,opentelemetry-instrumentation-sinatra,0.30.0,gem
opf/openproject,forks,letter_opener_web,3.0.0,gem
opf/openproject,forks,opentelemetry-instrumentation-action_view,0.13.0,gem
opf/openproject,forks,turbo-rails,2.0.23,gem
opf/openproject,forks,ox,2.14.29,gem
opf/openproject,forks,http-2,1.2.2,gem
opf/openproject,forks,gravatar_image_tag,~> 1.2.0,gem
opf/openproject,forks,rubocop-factory_bot,2.28.0,gem
opf/openproject,forks,opentelemetry-instrumentation-ethon,0.29.0,gem
opf/openproject,forks,grape,3.3.5,gem
opf/openproject,forks,net-smtp,0.5.1,gem
opf/openproject,forks,opentelemetry-sdk,1.13.0,gem
opf/openproject,forks,parallel,2.1.0,gem
opf/openproject,forks,spring-commands-rubocop,0.4.0,gem
opf/openproject,forks,css_parser,3.0.0,gem
opf/openproject,forks,spreadsheet,~> 1.3.0,gem
opf/openproject,forks,opentelemetry-helpers-sql-processor,0.5.0,gem
opf/openproject,forks,validate_url,1.0.15,gem
opf/openproject,forks,em-http-request,1.1.7,gem
opf/openproject,forks,method_source,1.1.0,gem
opf/openproject,forks,rinku,2.0.6,gem
opf/openproject,forks,counter_culture,3.14.0,gem
opf/openproject,forks,rainbow,3.1.1,gem
opf/openproject,forks,rb-fsevent,0.11.2,gem
opf/openproject,forks,dry-core,1.2.0,gem
opf/openproject,forks,glob,0.5.0,gem
opf/openproject,forks,rack-protection,3.2.0,gem
opf/openproject,forks,opentelemetry-instrumentation-http_client,0.29.0,gem
opf/openproject,forks,net-imap,0.6.4.1,gem
opf/openproject,forks,disposable,0.6.3,gem
opf/openproject,forks,ruby-vips,2.3.0,gem
opf/openproject,forks,rails-html-sanitizer,1.7.1,gem
opf/openproject,forks,openssl-signature_algorithm,1.3.0,gem
opf/openproject,forks,rack-test,2.2.0,gem
opf/openproject,forks,minitest,6.0.6,gem
opf/openproject,forks,roar,1.2.0,gem
opf/openproject,forks,ladle,>= 0,gem
opf/openproject,forks,multi_json,1.21.1,gem
opf/openproject,forks,dry-inflector,1.3.1,gem
opf/openproject,forks,em-synchrony,1.0.6,gem
opf/openproject,forks,html-pipeline,2.14.3,gem
opf/openproject,forks,scimitar,2.15.0,gem
opf/openproject,forks,os,1.1.4,gem
opf/openproject,forks,opentelemetry-instrumentation-active_support,0.12.1,gem
opf/openproject,forks,et-orbi,1.4.0,gem
opf/openproject,forks,rails-controller-testing,1.0.5,gem
opf/openproject,forks,mini_magick,5.3.3,gem
opf/openproject,forks,fog-core,2.6.0,gem
opf/openproject,forks,will_paginate,4.0.1,gem
opf/openproject,forks,rack-oauth2,2.3.0,gem
opf/openproject,forks,erb_lint,0.9.0,gem
opf/openproject,forks,mail,2.9.1,gem
opf/openproject,forks,rack_session_access,0.2.0,gem
opf/openproject,forks,dry-monads,1.10.0,gem
opf/openproject,forks,opentelemetry-instrumentation-koala,0.24.0,gem
opf/openproject,forks,globalid,1.4.0,gem
opf/openproject,forks,brakeman,8.0.6,gem
opf/openproject,forks,opentelemetry-common,0.25.1,gem
opf/openproject,forks,net-http,0.9.1,gem
opf/openproject,forks,actioncable,8.1.3.1,gem
opf/openproject,forks,aws-sdk-s3,1.229.0,gem
opf/openproject,forks,opentelemetry-instrumentation-all,0.95.0,gem
opf/openproject,forks,inline_svg,1.10.0,gem
opf/openproject,forks,opentelemetry-instrumentation-active_storage,0.5.1,gem
opf/openproject,forks,eventmachine,1.2.7,gem
opf/openproject,forks,aws-sdk-core,3.254.1,gem
opf/openproject,forks,date,3.5.1,gem
opf/openproject,forks,childprocess,5.1.0,gem
opf/openproject,forks,smart_properties,1.17.0,gem
opf/openproject,forks,doorkeeper,5.9.6,gem
opf/openproject,forks,sprockets,3.7.5,gem
opf/openproject,forks,opentelemetry-instrumentation-ruby_kafka,0.25.0,gem
opf/openproject,forks,pdf-core,0.9.0,gem
opf/openproject,forks,dumb_delegator,1.1.0,gem
opf/openproject,forks,rspec-core,3.13.6,gem
opf/openproject,forks,opentelemetry-instrumentation-grape,0.7.1,gem
opf/openproject,forks,concurrent-ruby,1.3.8,gem
opf/openproject,forks,auto_strip_attributes,2.6.0,gem
opf/openproject,forks,sanitize,7.0.0,gem
opf/openproject,forks,uri,1.1.1,gem
opf/openproject,forks,table_print,1.5.7,gem
opf/openproject,forks,omniauth-openid_connect-providers,~> 0.1,gem
opf/openproject,forks,shoulda-context,2.0.0,gem
opf/openproject,forks,aws-sigv4,1.12.1,gem
opf/openproject,forks,rubocop-ast,1.50.0,gem
opf/openproject,forks,rubocop-rspec_rails,2.32.0,gem
opf/openproject,forks,recaptcha,~> 5.7,gem
opf/openproject,forks,language_server-protocol,3.17.0.6,gem
opf/openproject,forks,rails-dom-testing,2.3.0,gem
opf/openproject,forks,connection_pool,3.0.2,gem
opf/openproject,forks,rack-mini-profiler,4.0.1,gem
opf/openproject,forks,opentelemetry-instrumentation-racecar,0.7.0,gem
opf/openproject,forks,rspec-mocks,3.13.8,gem
opf/openproject,forks,rbtree3,0.7.1,gem
opf/openproject,forks,googleapis-common-protos-types,1.23.0,gem
opf/openproject,forks,airbrake,13.0.5,gem
opf/openproject,forks,open4,1.3.4,gem
opf/openproject,forks,gravatar_image_tag,1.2.0,gem
opf/openproject,forks,opentelemetry-instrumentation-faraday,0.33.0,gem
opf/openproject,forks,anyway_config,2.8.0,gem
opf/openproject,forks,redis,6.0.0,gem
opf/openproject,forks,opentelemetry-instrumentation-active_job,0.13.0,gem
opf/openproject,forks,view_component,4.12.0,gem
opf/openproject,forks,op-clamav-client,3.4.2,gem
opf/openproject,forks,opentelemetry-instrumentation-trilogy,0.69.0,gem
opf/openproject,forks,pagy,43.6.2,gem
opf/openproject,forks,csv,3.3.6,gem
opf/openproject,forks,regexp_parser,2.12.0,gem
opf/openproject,forks,trailblazer-option,0.1.2,gem
opf/openproject,forks,yabeda-prometheus-mmap,0.4.0,gem
opf/openproject,forks,axe-core-rspec,4.13.0,gem
opf/openproject,forks,omniauth-saml,1.10.6,gem
opf/openproject,forks,selenium-webdriver,4.47.0,gem
opf/openproject,forks,rack-cors,2.0.2,gem
opf/openproject,forks,redcarpet,3.6.1,gem
opf/openproject,forks,prettyprint,0.2.0,gem
opf/openproject,forks,openproject-primer_view_components,0.91.1,gem
opf/openproject,forks,airbrake-ruby,6.2.2,gem
opf/openproject,forks,builder,3.3.0,gem
opf/openproject,forks,ruby-progressbar,1.13.0,gem
opf/openproject,forks,matrix,0.4.3,gem
opf/openproject,forks,rack,2.2.24,gem
opf/openproject,forks,costs,>= 0,gem
opf/openproject,forks,openssl,4.0.2,gem
opf/openproject,forks,rspec-retry,0.6.2,gem
opf/openproject,forks,meta-tags,2.23.0,gem
opf/openproject,forks,net-ldap,0.20.0,gem
opf/openproject,forks,opentelemetry-helpers-mysql,0.6.0,gem
opf/openproject,forks,front_matter_parser,1.0.1,gem
opf/openproject,forks,bigdecimal,4.1.2,gem
opf/openproject,forks,websocket-extensions,0.1.5,gem
opf/openproject,forks,grids,>= 0,gem
opf/openproject,forks,lograge,0.15.0,gem
opf/openproject,forks,yard,0.9.44,gem
opf/openproject,forks,vcr,6.4.0,gem
opf/openproject,forks,bindata,2.5.1,gem
opf/openproject,forks,axe-core-api,4.13.0,gem
opf/openproject,forks,json_schemer,2.5.0,gem
opf/openproject,forks,actionpack,8.1.3.1,gem
opf/openproject,forks,image_processing,1.14.0,gem
opf/openproject,forks,fog-json,1.4.0,gem
opf/openproject,forks,fuubar,2.5.1,gem
opf/openproject,forks,spring,4.7.0,gem
opf/openproject,forks,climate_control,1.2.0,gem
opf/openproject,forks,retriable,4.2.0,gem
opf/openproject,forks,net-protocol,0.2.2,gem
opf/openproject,forks,httpx,1.8.2,gem
opf/openproject,forks,opentelemetry-instrumentation-que,0.13.0,gem
opf/openproject,forks,opentelemetry-instrumentation-rails,0.42.0,gem
opf/openproject,forks,ice_cube,0.17.0,gem
opf/openproject,forks,dry-schema,1.16.0,gem
opf/openproject,forks,jmespath,1.6.2,gem
opf/openproject,forks,base64,0.3.0,gem
opf/openproject,forks,em-socksify,0.3.3,gem
opf/openproject,forks,rubocop-rails,2.37.0,gem
opf/openproject,forks,websocket,1.2.11,gem
opf/openproject,forks,markly,0.16.0,gem
opf/openproject,forks,activerecord-import,>= 0,gem
opf/openproject,forks,mini_mime,1.1.5,gem
opf/openproject,forks,rdoc,8.0.0,gem
opf/openproject,forks,ast,2.4.3,gem
opf/openproject,forks,fog-xml,0.1.5,gem
opf/openproject,forks,factory_girl_rails,~> 4.0,gem
opf/openproject,forks,reline,0.7.0,gem
opf/openproject,forks,rackup,1.0.1,gem
opf/openproject,forks,prism,1.9.0,gem
opf/openproject,forks,erblint-github,1.0.1,gem
opf/openproject,forks,email_validator,2.2.4,gem
opf/openproject,forks,deckar01-task_list,2.3.4,gem
opf/openproject,forks,opentelemetry-instrumentation-mongo,0.26.0,gem
opf/openproject,forks,fog-aws,3.33.2,gem
opf/openproject,forks,pry-rails,0.3.11,gem
opf/openproject,forks,xpath,3.2.0,gem
opf/openproject,forks,opentelemetry-instrumentation-dalli,0.30.0,gem
opf/openproject,forks,rails,8.1.3.1,gem
opf/openproject,forks,io-console,0.9.2,gem
opf/openproject,forks,yabeda-activerecord,0.1.2,gem
opf/openproject,forks,ruby-duration,3.2.3,gem
opf/openproject,forks,ferrum,0.18.0,gem
opf/openproject,forks,validate_email,0.1.6,gem
opf/openproject,forks,prometheus-client-mmap,1.6.0,gem
opf/openproject,forks,jwt,3.2.0,gem
opf/openproject,forks,cbor,0.5.10.3,gem
opf/openproject,forks,opentelemetry-instrumentation-base,0.26.1,gem
opf/openproject,forks,ffi,1.17.4,gem
opf/openproject,forks,opentelemetry-instrumentation-action_mailer,0.8.1,gem
opf/openproject,forks,activerecord-import,2.2.0,gem
opf/openproject,forks,opentelemetry-instrumentation-delayed_job,0.26.0,gem
opf/openproject,forks,dry-initializer,3.2.0,gem
opf/openproject,forks,interception,0.5,gem
opf/openproject,forks,lookbook,2.3.14,gem
opf/openproject,forks,actionpack-xml_parser,2.0.1,gem
opf/openproject,forks,declarative,0.0.20,gem
opf/openproject,forks,pry-byebug,3.12.0,gem
opf/openproject,forks,carrierwave_direct,3.0.0,gem
opf/openproject,forks,lobby_boy,0.1.3,gem
opf/openproject,forks,terminal-table,4.0.0,gem
opf/openproject,forks,omniauth-saml,~> 1.10.6,gem
opf/openproject,forks,yabeda-puma-plugin,0.9.0,gem
opf/openproject,forks,semantic,1.6.1,gem
opf/openproject,forks,rubytree,2.2.2,gem
opf/openproject,forks,acts_as_list,~> 1.2.0,gem
opf/openproject,forks,icalendar,">= 2.11.2,< 2.13.0",gem
opf/openproject,forks,activestorage,8.1.3.1,gem
opf/openproject,forks,safety_net_attestation,0.5.0,gem
opf/openproject,forks,http_parser.rb,0.8.1,gem
opf/openproject,forks,aws-sdk-sns,1.118.0,gem
opf/openproject,forks,crass,1.0.7,gem
opf/openproject,forks,opentelemetry-instrumentation-rack,0.31.1,gem
opf/openproject,forks,rbs,4.1.3,gem
opf/openproject,forks,dry-types,1.9.1,gem
opf/openproject,forks,aes_key_wrap,1.1.0,gem
opf/openproject,forks,ttfunk,1.7.0,gem
opf/openproject,forks,crack,1.0.1,gem
opf/openproject,forks,color_conversion,0.1.2,gem
opf/openproject,forks,loofah,2.25.2,gem
opf/openproject,forks,unicode-emoji,4.2.0,gem
opf/openproject,forks,googleauth,1.17.4,gem
opf/openproject,forks,rake-compiler-dock,1.12.0,gem
opf/openproject,forks,appsignal,4.10.1,gem
opf/openproject,forks,useragent,0.16.11,gem
opf/openproject,forks,rails-i18n,8.1.0,gem
opf/openproject,forks,rotp,~> 6.1,gem
opf/openproject,forks,aws-sdk-kms,1.130.0,gem
opf/openproject,forks,svg-graph,2.2.2,gem
opf/openproject,forks,opentelemetry-registry,0.6.3,gem
opf/openproject,forks,rubocop,1.90.0,gem
opf/openproject,forks,tsort,0.2.0,gem
opf/openproject,forks,parser,3.3.12.0,gem
opf/openproject,forks,optimist,3.2.1,gem
opf/openproject,forks,date_validator,0.12.0,gem
opf/openproject,forks,request_store,1.7.0,gem
opf/openproject,forks,rubyzip,">= 2.3,< 2.5",gem
opf/openproject,forks,dotenv,3.2.0,gem
opf/openproject,forks,browser,6.2.0,gem
opf/openproject,forks,aws-partitions,1.1280.0,gem
opf/openproject,forks,cgi,0.5.2,gem
opf/openproject,forks,rubocop-openproject,0.7.1,gem
opf/openproject,forks,ruby-saml,1.18.1,gem
opf/openproject,forks,excon,1.5.0,gem
opf/openproject,forks,spring-commands-rspec,1.0.4,gem
opf/openproject,forks,prawn-table,0.2.2,gem
opf/openproject,forks,swd,2.0.3,gem
opf/openproject,forks,opentelemetry-instrumentation-active_record,0.13.0,gem
opf/openproject,forks,json-schema,6.2.0,gem
opf/openproject,forks,carrierwave,2.2.7,gem
opf/openproject,forks,opentelemetry-instrumentation-sidekiq,0.29.0,gem
opf/openproject,forks,dry-validation,1.11.1,gem
opf/openproject,forks,logger,1.7.0,gem
opf/openproject,forks,ostruct,0.6.3,gem
opf/openproject,forks,tpm-key_attestation,0.14.1,gem
opf/openproject,forks,rubocop-capybara,3.0.0,gem
opf/openproject,forks,opentelemetry-instrumentation-grpc,0.5.2,gem
opf/openproject,forks,action_text-trix,2.1.19,gem
opf/openproject,forks,stringex,2.8.6,gem
opf/openproject,forks,opentelemetry-instrumentation-graphql,0.32.0,gem
opf/openproject,forks,opentelemetry-instrumentation-rake,0.6.0,gem
opf/openproject,forks,puma,8.0.2,gem
opf/openproject,forks,sprockets-rails,3.5.2,gem
opf/openproject,forks,ruby-rc4,0.1.5,gem
opf/openproject,forks,nio4r,2.7.5,gem
opf/openproject,forks,pg,1.6.3,gem
opf/openproject,forks,opentelemetry-instrumentation-rdkafka,0.10.0,gem
opf/openproject,forks,okcomputer,1.19.2,gem
opf/openproject,forks,recaptcha,5.21.2,gem
opf/openproject,forks,puma-plugin-statsd,2.8.0,gem
opf/openproject,forks,activerecord-nulldb-adapter,1.2.2,gem
opf/openproject,forks,rouge,4.7.0,gem
opf/openproject,forks,rexml,3.4.4,gem
opf/openproject,forks,activejob,8.1.3.1,gem
opf/openproject,forks,nokogiri,1.19.4,gem
opf/openproject,forks,opentelemetry-instrumentation-aws_sdk,0.12.0,gem
opf/openproject,forks,hana,1.3.7,gem
opf/openproject,forks,signet,0.22.0,gem
opf/openproject,forks,rubocop-performance,1.27.0,gem
opf/openproject,forks,unicode-display_width,3.2.0,gem
opf/openproject,forks,racc,1.8.1,gem
opf/openproject,forks,statesman,13.3.0,gem
opf/openproject,forks,ladle,1.0.1,gem
opf/openproject,forks,uber,0.1.0,gem
opf/openproject,forks,android_key_attestation,0.3.0,gem
opf/openproject,forks,webrick,1.9.2,gem
opf/openproject,forks,json,2.21.2,gem
opf/openproject,forks,securerandom,0.4.1,gem
opf/openproject,forks,actionview,8.1.3.1,gem
opf/openproject,forks,daemons,1.4.1,gem
opf/openproject,forks,activemodel,8.1.3.1,gem
opf/openproject,forks,cuprite,0.18,gem
opf/openproject,forks,ice_nine,0.11.2,gem
opf/openproject,forks,i18n-js,4.2.4,gem
opf/openproject,forks,rack-timeout,0.7.0,gem
opf/openproject,forks,opentelemetry-instrumentation-active_model_serializers,0.25.0,gem
opf/openproject,forks,yabeda,0.16.0,gem
opf/openproject,forks,eventmachine_httpserver,0.2.1,gem
opf/openproject,forks,erb,6.0.7,gem
opf/openproject,forks,opentelemetry-api,1.11.0,gem
opf/openproject,forks,webmock,3.26.3,gem
opf/openproject,forks,capybara-screenshot,1.0.27,gem
opf/openproject,forks,byebug,13.0.0,gem
opf/openproject,forks,drb,2.2.3,gem
opf/openproject,forks,benchmark,0.5.0,gem
opf/openproject,forks,cookiejar,0.3.4,gem
opf/openproject,forks,opentelemetry-instrumentation-anthropic,0.5.0,gem
opf/openproject,forks,ssrf_filter,1.5.0,gem
opf/openproject,forks,coderay,1.1.3,gem
opf/openproject,forks,factory_bot,6.6.0,gem
opf/openproject,forks,thor,1.5.0,gem
opf/openproject,forks,htmldiff,0.0.1,gem
opf/openproject,forks,websocket-driver,0.8.2,gem
opf/openproject,forks,ruby-ole,1.2.13.1,gem
opf/openproject,forks,icalendar,2.12.4,gem
opf/openproject,forks,rspec-support,3.13.7,gem
opf/openproject,forks,activerecord,8.1.3.1,gem
opf/openproject,forks,activemodel-serializers-xml,1.0.3,gem
opf/openproject,forks,opentelemetry-instrumentation-pg,0.37.0,gem
opf/openproject,forks,shoulda-matchers,8.0.1,gem
opf/openproject,forks,dalli,5.1.0,gem
opf/openproject,forks,opentelemetry-instrumentation-redis,0.29.0,gem
opf/openproject,forks,rake,13.4.2,gem
opf/openproject,forks,opentelemetry-instrumentation-action_pack,0.18.0,gem
opf/openproject,forks,rspec-rails,8.0.4,gem
opf/openproject,forks,hashie,5.1.0,gem
opf/openproject,forks,ruby-next-core,1.2.0,gem
saasbook/rottenpotatoes-rails-intro,forks,sass-listen,4.0.0,gem
saasbook/rottenpotatoes-rails-intro,forks,pg,0.21.0,gem
saasbook/rottenpotatoes-rails-intro,forks,guard,2.17.0,gem
saasbook/rottenpotatoes-rails-intro,forks,rack,1.6.13,gem
saasbook/rottenpotatoes-rails-intro,forks,rspec-mocks,3.10.2,gem
saasbook/rottenpotatoes-rails-intro,forks,sass-rails,5.0.7,gem
saasbook/rottenpotatoes-rails-intro,forks,uglifier,4.2.0,gem
saasbook/rottenpotatoes-rails-intro,forks,globalid,0.4.2,gem
saasbook/rottenpotatoes-rails-intro,forks,byebug,11.1.3,gem
saasbook/rottenpotatoes-rails-intro,forks,activesupport,4.2.11,gem
saasbook/rottenpotatoes-rails-intro,forks,web-console,2.3.0,gem
saasbook/rottenpotatoes-rails-intro,forks,erubis,2.7.0,gem
saasbook/rottenpotatoes-rails-intro,forks,listen,3.5.1,gem
saasbook/rottenpotatoes-rails-intro,forks,multi_xml,0.6.0,gem
saasbook/rottenpotatoes-rails-intro,forks,method_source,1.0.0,gem
saasbook/rottenpotatoes-rails-intro,forks,crass,1.0.6,gem
saasbook/rottenpotatoes-rails-intro,forks,shellany,0.0.1,gem
saasbook/rottenpotatoes-rails-intro,forks,loofah,2.10.0,gem
saasbook/rottenpotatoes-rails-intro,forks,railties,4.2.11,gem
saasbook/rottenpotatoes-rails-intro,forks,rails_serve_static_assets,0.0.5,gem
saasbook/rottenpotatoes-rails-intro,forks,actionmailer,4.2.11,gem
saasbook/rottenpotatoes-rails-intro,forks,mime-types-data,3.2021.0704,gem
saasbook/rottenpotatoes-rails-intro,forks,guard-compat,1.2.1,gem
saasbook/rottenpotatoes-rails-intro,forks,rb-fsevent,0.11.0,gem
saasbook/rottenpotatoes-rails-intro,forks,minitest,5.14.4,gem
saasbook/rottenpotatoes-rails-intro,forks,themoviedb,1.0.1,gem
saasbook/rottenpotatoes-rails-intro,forks,rake,13.0.6,gem
saasbook/rottenpotatoes-rails-intro,forks,lumberjack,1.2.8,gem
saasbook/rottenpotatoes-rails-intro,forks,jquery-rails,4.4.0,gem
saasbook/rottenpotatoes-rails-intro,forks,arel,6.0.4,gem
saasbook/rottenpotatoes-rails-intro,forks,execjs,2.8.1,gem
saasbook/rottenpotatoes-rails-intro,forks,sass,3.7.4,gem
saasbook/rottenpotatoes-rails-intro,forks,rails-deprecated_sanitizer,1.0.4,gem
saasbook/rottenpotatoes-rails-intro,forks,tilt,2.0.10,gem
saasbook/rottenpotatoes-rails-intro,forks,guard-rspec,4.7.3,gem
saasbook/rottenpotatoes-rails-intro,forks,rails-html-sanitizer,1.3.0,gem
saasbook/rottenpotatoes-rails-intro,forks,rails_stdout_logging,0.0.5,gem
saasbook/rottenpotatoes-rails-intro,forks,actionpack,4.2.11,gem
saasbook/rottenpotatoes-rails-intro,forks,concurrent-ruby,1.1.9,gem
saasbook/rottenpotatoes-rails-intro,forks,activemodel,4.2.11,gem
saasbook/rottenpotatoes-rails-intro,forks,rails_12factor,0.0.3,gem
saasbook/rottenpotatoes-rails-intro,forks,rails-dom-testing,1.0.9,gem
saasbook/rottenpotatoes-rails-intro,forks,rspec-core,3.10.1,gem
saasbook/rottenpotatoes-rails-intro,forks,activerecord,4.2.11,gem
saasbook/rottenpotatoes-rails-intro,forks,i18n,0.9.5,gem
saasbook/rottenpotatoes-rails-intro,forks,coderay,1.1.3,gem
saasbook/rottenpotatoes-rails-intro,forks,notiffany,0.1.3,gem
saasbook/rottenpotatoes-rails-intro,forks,mini_mime,1.1.0,gem
saasbook/rottenpotatoes-rails-intro,forks,rb-inotify,0.10.1,gem
saasbook/rottenpotatoes-rails-intro,forks,debug_inspector,1.1.0,gem
saasbook/rottenpotatoes-rails-intro,forks,builder,3.2.4,gem
saasbook/rottenpotatoes-rails-intro,forks,mime-types,3.3.1,gem
saasbook/rottenpotatoes-rails-intro,forks,sprockets,3.7.2,gem
saasbook/rottenpotatoes-rails-intro,forks,tzinfo,1.2.9,gem
saasbook/rottenpotatoes-rails-intro,forks,actionview,4.2.11,gem
saasbook/rottenpotatoes-rails-intro,forks,nenv,0.3.0,gem
saasbook/rottenpotatoes-rails-intro,forks,racc,1.5.2,gem
saasbook/rottenpotatoes-rails-intro,forks,rspec-rails,4.1.2,gem
saasbook/rottenpotatoes-rails-intro,forks,thread_safe,0.3.6,gem
saasbook/rottenpotatoes-rails-intro,forks,activejob,4.2.11,gem
saasbook/rottenpotatoes-rails-intro,forks,rspec-support,3.10.2,gem
saasbook/rottenpotatoes-rails-intro,forks,rack-test,0.6.3,gem
saasbook/rottenpotatoes-rails-intro,forks,diff-lcs,1.4.4,gem
saasbook/rottenpotatoes-rails-intro,forks,rails,4.2.11,gem
saasbook/rottenpotatoes-rails-intro,forks,ffi,1.15.3,gem
saasbook/rottenpotatoes-rails-intro,forks,httparty,0.18.1,gem
saasbook/rottenpotatoes-rails-intro,forks,formatador,0.3.0,gem
saasbook/rottenpotatoes-rails-intro,forks,pry,0.14.1,gem
saasbook/rottenpotatoes-rails-intro,forks,sqlite3,1.3.13,gem
saasbook/rottenpotatoes-rails-intro,forks,rspec,3.10.0,gem
saasbook/rottenpotatoes-rails-intro,forks,sprockets-rails,3.2.2,gem
saasbook/rottenpotatoes-rails-intro,forks,rspec-expectations,3.10.1,gem
saasbook/rottenpotatoes-rails-intro,forks,nokogiri,1.11.7,gem
saasbook/rottenpotatoes-rails-intro,forks,mail,2.7.1,gem
saasbook/rottenpotatoes-rails-intro,forks,binding_of_caller,1.0.0,gem
saasbook/rottenpotatoes-rails-intro,forks,mini_portile2,2.5.3,gem
saasbook/rottenpotatoes-rails-intro,forks,thor,1.1.0,gem
github/markup,forks,concurrent-ruby,1.3.6,gem
github/markup,forks,psych,5.3.1,gem
github/markup,forks,simplecov,0.22.0,gem
github/markup,forks,tzinfo,2.0.6,gem
github/markup,forks,nokogiri,~> 1.19.2,gem
github/markup,forks,rb_sys,0.9.128,gem
github/markup,forks,docile,1.4.1,gem
github/markup,forks,connection_pool,3.0.2,gem
github/markup,forks,htmlentities,4.3.4,gem
github/markup,forks,wikicloth,0.8.3,gem
github/markup,forks,RedCloth,4.3.4,gem
github/markup,forks,date,3.5.1,gem
github/markup,forks,redcarpet,3.6.1,gem
github/markup,forks,creole,0.5.0,gem
github/markup,forks,cgi,0.5.1,gem
github/markup,forks,simplecov,~> 0.22,gem
github/markup,forks,uri,1.1.1,gem
github/markup,forks,mini_mime,1.1.5,gem
github/markup,forks,minitest,6.0.6,gem
github/markup,forks,mini_portile2,2.8.9,gem
github/markup,forks,rake,13.4.2,gem
github/markup,forks,asciidoctor,2.0.26,gem
github/markup,forks,github-linguist,>= 7.1.3,gem
github/markup,forks,i18n,1.14.8,gem
github/markup,forks,nokogiri-diff,0.3.0,gem
github/markup,forks,rexml,3.4.4,gem
github/markup,forks,commonmarker,2.8.2,gem
github/markup,forks,activesupport,~> 8.1.3,gem
github/markup,forks,minitest,">= 5.4.3,~> 6.0",gem
github/markup,forks,nokogiri-diff,~> 0.3.0,gem
github/markup,forks,html-pipeline,~> 3.2,gem
github/markup,forks,prism,1.9.0,gem
github/markup,forks,builder,3.3.0,gem
github/markup,forks,racc,1.8.1,gem
github/markup,forks,simplecov-html,0.13.2,gem
github/markup,forks,logger,1.7.0,gem
github/markup,forks,securerandom,0.4.1,gem
github/markup,forks,drb,2.2.3,gem
github/markup,forks,rake-compiler-dock,1.12.0,gem
github/markup,forks,simplecov_json_formatter,0.1.4,gem
github/markup,forks,zeitwerk,2.8.2,gem
github/markup,forks,rubypants,0.7.1,gem
github/markup,forks,nokogiri,1.19.3,gem
github/markup,forks,tdiff,0.4.0,gem
github/markup,forks,rugged,1.9.0,gem
github/markup,forks,bigdecimal,4.1.2,gem
github/markup,forks,charlock_holmes,0.7.9,gem
github/markup,forks,unf_ext,0.0.9.1,gem
github/markup,forks,twitter-text,1.14.7,gem
github/markup,forks,html-pipeline,3.2.4,gem
github/markup,forks,json,2.19.5,gem
github/markup,forks,selma,0.5.0,gem
github/markup,forks,base64,0.3.0,gem
github/markup,forks,github-linguist,9.5.0,gem
github/markup,forks,unf,0.1.4,gem
github/markup,forks,rake,~> 13,gem
github/markup,forks,org-ruby,0.9.12,gem
github/markup,forks,stringio,3.2.0,gem
github/markup,forks,tsort,0.2.0,gem
github/markup,forks,rdoc,7.2.0,gem
github/markup,forks,erb,6.0.4,gem
github/markup,forks,activesupport,8.1.3,gem
github/markup,forks,expression_parser,0.9.0,gem
lighthouse-labs/ar-exercises,forks,coderay,1.1.3,gem
lighthouse-labs/ar-exercises,forks,pry,0.14.1,gem
lighthouse-labs/ar-exercises,forks,pg,1.3.5,gem
lighthouse-labs/ar-exercises,forks,activemodel,6.1.5.1,gem
lighthouse-labs/ar-exercises,forks,minitest,5.15.0,gem
lighthouse-labs/ar-exercises,forks,zeitwerk,2.5.4,gem
lighthouse-labs/ar-exercises,forks,i18n,1.10.0,gem
lighthouse-labs/ar-exercises,forks,activerecord,6.1.5.1,gem
lighthouse-labs/ar-exercises,forks,activesupport,6.1.5.1,gem
lighthouse-labs/ar-exercises,forks,tzinfo,2.0.4,gem
lighthouse-labs/ar-exercises,forks,method_source,1.0.0,gem
lighthouse-labs/ar-exercises,forks,concurrent-ruby,1.1.10,gem
activeadmin/activeadmin,forks,formtastic_i18n,0.7.0,gem
activeadmin/activeadmin,forks,activerecord,8.1.3.1,gem
activeadmin/activeadmin,forks,ffi,1.17.4,gem
activeadmin/activeadmin,forks,rubocop-performance,1.27.0,gem
activeadmin/activeadmin,forks,bcrypt,3.1.22,gem
activeadmin/activeadmin,forks,responders,3.2.1,gem
activeadmin/activeadmin,forks,builder,3.3.0,gem
activeadmin/activeadmin,forks,cucumber-gherkin,39.1.0,gem
activeadmin/activeadmin,forks,actiontext,7.2.3.2,gem
activeadmin/activeadmin,forks,actionview,7.2.3.2,gem
activeadmin/activeadmin,forks,activerecord,7.2.3.2,gem
activeadmin/activeadmin,forks,benchmark,0.5.0,gem
activeadmin/activeadmin,forks,io-console,0.9.2,gem
activeadmin/activeadmin,forks,railties,8.1.3.1,gem
activeadmin/activeadmin,forks,rubocop-rails,2.37.0,gem
activeadmin/activeadmin,forks,memoist3,1.0.0,gem
activeadmin/activeadmin,forks,rubocop-rspec,3.10.2,gem
activeadmin/activeadmin,forks,actionmailbox,7.2.3.2,gem
activeadmin/activeadmin,forks,rails-i18n,7.0.10,gem
activeadmin/activeadmin,forks,formtastic_i18n,>= 0.7,gem
activeadmin/activeadmin,forks,activesupport,8.1.3.1,gem
activeadmin/activeadmin,forks,reline,0.7.0,gem
activeadmin/activeadmin,forks,arbre,2.2.1,gem
activeadmin/activeadmin,forks,railties,>= 7.2,gem
activeadmin/activeadmin,forks,uri,1.1.1,gem
activeadmin/activeadmin,forks,activestorage,8.1.3.1,gem
activeadmin/activeadmin,forks,rubocop-packaging,0.6.0,gem
activeadmin/activeadmin,forks,cucumber-cucumber-expressions,19.0.1,gem
activeadmin/activeadmin,forks,zeitwerk,2.8.3,gem
activeadmin/activeadmin,forks,kaminari,>= 1.2.1,gem
activeadmin/activeadmin,forks,ransack,4.4.1,gem
activeadmin/activeadmin,forks,importmap-rails,2.2.3,gem
activeadmin/activeadmin,forks,iso,0.4.0,gem
activeadmin/activeadmin,forks,cucumber-rails,4.1.0,gem
activeadmin/activeadmin,forks,rspec-expectations,3.13.5,gem
activeadmin/activeadmin,forks,cucumber-ci-environment,11.0.0,gem
activeadmin/activeadmin,forks,cgi,0.5.2,gem
activeadmin/activeadmin,forks,activesupport,7.2.3.2,gem
activeadmin/activeadmin,forks,loofah,2.25.2,gem
activeadmin/activeadmin,forks,capybara,3.40.0,gem
activeadmin/activeadmin,forks,i18n-tasks,1.1.2,gem
activeadmin/activeadmin,forks,rails-i18n,8.1.0,gem
activeadmin/activeadmin,forks,prettyprint,0.2.0,gem
activeadmin/activeadmin,forks,rake,13.4.2,gem
activeadmin/activeadmin,forks,formtastic,>= 6.0,gem
activeadmin/activeadmin,forks,lint_roller,1.1.0,gem
activeadmin/activeadmin,forks,unicode-display_width,3.2.0,gem
activeadmin/activeadmin,forks,logger,1.7.0,gem
activeadmin/activeadmin,forks,diff-lcs,1.6.2,gem
activeadmin/activeadmin,forks,rspec-mocks,3.13.8,gem
activeadmin/activeadmin,forks,concurrent-ruby,1.3.8,gem
activeadmin/activeadmin,forks,prism,1.9.0,gem
activeadmin/activeadmin,forks,has_scope,0.9.0,gem
activeadmin/activeadmin,forks,rainbow,3.1.1,gem
activeadmin/activeadmin,forks,activestorage,7.2.3.2,gem
activeadmin/activeadmin,forks,rbs,4.2.0,gem
activeadmin/activeadmin,forks,actiontext,8.1.3.1,gem
activeadmin/activeadmin,forks,net-protocol,0.3.0,gem
activeadmin/activeadmin,forks,net-smtp,0.5.1,gem
activeadmin/activeadmin,forks,globalid,1.4.0,gem
activeadmin/activeadmin,forks,kaminari-core,1.2.2,gem
activeadmin/activeadmin,forks,rubocop,1.90.0,gem
activeadmin/activeadmin,forks,kaminari-actionview,1.2.2,gem
activeadmin/activeadmin,forks,unicode-emoji,4.2.0,gem
activeadmin/activeadmin,forks,childprocess,5.1.0,gem
activeadmin/activeadmin,forks,simplecov-cobertura,4.0.0,gem
activeadmin/activeadmin,forks,terminal-table,4.0.0,gem
activeadmin/activeadmin,forks,i18n-spec,0.6.0,gem
activeadmin/activeadmin,forks,cucumber-tag-expressions,8.1.0,gem
activeadmin/activeadmin,forks,websocket-driver,0.8.2,gem
activeadmin/activeadmin,forks,action_text-trix,2.1.19,gem
activeadmin/activeadmin,forks,securerandom,0.4.1,gem
activeadmin/activeadmin,forks,matrix,0.4.3,gem
activeadmin/activeadmin,forks,launchy,3.1.1,gem
activeadmin/activeadmin,forks,tsort,0.2.0,gem
activeadmin/activeadmin,forks,rspec-rails,8.0.4,gem
activeadmin/activeadmin,forks,date,3.5.1,gem
activeadmin/activeadmin,forks,activejob,8.1.3.1,gem
activeadmin/activeadmin,forks,railties,8.0.5.1,gem
activeadmin/activeadmin,forks,tzinfo,2.0.6,gem
activeadmin/activeadmin,forks,cucumber-html-formatter,23.1.0,gem
activeadmin/activeadmin,forks,parallel_tests,5.7.0,gem
activeadmin/activeadmin,forks,cancancan,3.6.1,gem
activeadmin/activeadmin,forks,net-imap,0.6.6,gem
activeadmin/activeadmin,forks,parallel,2.1.0,gem
activeadmin/activeadmin,forks,mail,2.9.1,gem
activeadmin/activeadmin,forks,sys-uname,1.5.1,gem
activeadmin/activeadmin,forks,rackup,2.3.1,gem
activeadmin/activeadmin,forks,activejob,8.0.5.1,gem
activeadmin/activeadmin,forks,devise,5.0.4,gem
activeadmin/activeadmin,forks,database_cleaner-active_record,2.2.2,gem
activeadmin/activeadmin,forks,ferrum,0.17.2,gem
activeadmin/activeadmin,forks,actionmailbox,8.1.3.1,gem
activeadmin/activeadmin,forks,arbre,~> 2.0,gem
activeadmin/activeadmin,forks,rack-session,2.1.2,gem
activeadmin/activeadmin,forks,actioncable,8.1.3.1,gem
activeadmin/activeadmin,forks,activemodel,8.1.3.1,gem
activeadmin/activeadmin,forks,irb,1.18.0,gem
activeadmin/activeadmin,forks,crass,1.0.7,gem
activeadmin/activeadmin,forks,actiontext,8.0.5.1,gem
activeadmin/activeadmin,forks,draper,4.0.6,gem
activeadmin/activeadmin,forks,railties,7.2.3.2,gem
activeadmin/activeadmin,forks,csv,>= 0,gem
activeadmin/activeadmin,forks,rdoc,8.0.0,gem
activeadmin/activeadmin,forks,ruby2_keywords,0.0.5,gem
activeadmin/activeadmin,forks,xpath,3.2.0,gem
activeadmin/activeadmin,forks,net-pop,0.1.2,gem
activeadmin/activeadmin,forks,highline,3.1.2,gem
activeadmin/activeadmin,forks,websocket-extensions,0.1.5,gem
activeadmin/activeadmin,forks,nokogiri,1.19.4,gem
activeadmin/activeadmin,forks,multi_test,1.1.0,gem
activeadmin/activeadmin,forks,connection_pool,3.0.2,gem
activeadmin/activeadmin,forks,webrick,1.9.2,gem
activeadmin/activeadmin,forks,sprockets,4.4.1,gem
activeadmin/activeadmin,forks,actionmailbox,8.0.5.1,gem
activeadmin/activeadmin,forks,inherited_resources,2.1.0,gem
activeadmin/activeadmin,forks,rubocop-capybara,3.0.0,gem
activeadmin/activeadmin,forks,language_server-protocol,3.17.0.6,gem
activeadmin/activeadmin,forks,kaminari,1.2.2,gem
activeadmin/activeadmin,forks,rexml,3.4.4,gem
activeadmin/activeadmin,forks,erb,6.0.7,gem
activeadmin/activeadmin,forks,actionpack,8.0.5.1,gem
activeadmin/activeadmin,forks,actioncable,7.2.3.2,gem
activeadmin/activeadmin,forks,i18n,1.15.2,gem
activeadmin/activeadmin,forks,minitest,6.0.6,gem
activeadmin/activeadmin,forks,ast,2.4.3,gem
activeadmin/activeadmin,forks,rack,3.2.7,gem
activeadmin/activeadmin,forks,actionview,8.0.5.1,gem
activeadmin/activeadmin,forks,actioncable,8.0.5.1,gem
activeadmin/activeadmin,forks,minitest,5.27.0,gem
activeadmin/activeadmin,forks,inherited_resources,~> 2.0,gem
activeadmin/activeadmin,forks,actionpack,8.1.3.1,gem
activeadmin/activeadmin,forks,sqlite3,2.9.6,gem
activeadmin/activeadmin,forks,orm_adapter,0.5.0,gem
activeadmin/activeadmin,forks,actionmailer,8.0.5.1,gem
activeadmin/activeadmin,forks,activerecord,8.0.5.1,gem
activeadmin/activeadmin,forks,rspec-support,3.13.7,gem
activeadmin/activeadmin,forks,formtastic,6.0.0,gem
activeadmin/activeadmin,forks,activemodel-serializers-xml,1.0.3,gem
activeadmin/activeadmin,forks,rails-html-sanitizer,1.7.1,gem
activeadmin/activeadmin,forks,csv,3.3.6,gem
activeadmin/activeadmin,forks,rails,7.2.3.2,gem
activeadmin/activeadmin,forks,bigdecimal,4.1.2,gem
activeadmin/activeadmin,forks,nio4r,2.7.5,gem
activeadmin/activeadmin,forks,actionview,8.1.3.1,gem
activeadmin/activeadmin,forks,cucumber-messages,32.3.1,gem
activeadmin/activeadmin,forks,simplecov,1.1.1,gem
activeadmin/activeadmin,forks,activemodel,8.0.5.1,gem
activeadmin/activeadmin,forks,actionpack,7.2.3.2,gem
activeadmin/activeadmin,forks,thor,1.5.0,gem
activeadmin/activeadmin,forks,cucumber-core,16.2.0,gem
activeadmin/activeadmin,forks,cuprite,0.17,gem
activeadmin/activeadmin,forks,base64,0.3.0,gem
activeadmin/activeadmin,forks,sprockets-rails,3.5.2,gem
activeadmin/activeadmin,forks,addressable,2.9.0,gem
activeadmin/activeadmin,forks,activestorage,8.0.5.1,gem
activeadmin/activeadmin,forks,racc,1.8.1,gem
activeadmin/activeadmin,forks,activejob,7.2.3.2,gem
activeadmin/activeadmin,forks,cssbundling-rails,1.4.3,gem
activeadmin/activeadmin,forks,mini_mime,1.1.5,gem
activeadmin/activeadmin,forks,regexp_parser,2.12.0,gem
activeadmin/activeadmin,forks,pundit,2.5.2,gem
activeadmin/activeadmin,forks,activesupport,8.0.5.1,gem
activeadmin/activeadmin,forks,cucumber,11.1.1,gem
activeadmin/activeadmin,forks,actionmailer,7.2.3.2,gem
activeadmin/activeadmin,forks,erubi,1.13.1,gem
activeadmin/activeadmin,forks,database_cleaner-core,2.1.0,gem
activeadmin/activeadmin,forks,timeout,0.6.1,gem
activeadmin/activeadmin,forks,activemodel,7.2.3.2,gem
activeadmin/activeadmin,forks,marcel,1.2.1,gem
activeadmin/activeadmin,forks,rails-dom-testing,2.3.0,gem
activeadmin/activeadmin,forks,rails,8.1.3.1,gem
activeadmin/activeadmin,forks,drb,2.2.3,gem
activeadmin/activeadmin,forks,public_suffix,7.0.5,gem
activeadmin/activeadmin,forks,rubocop-ast,1.50.0,gem
activeadmin/activeadmin,forks,json,2.21.2,gem
activeadmin/activeadmin,forks,rack-test,2.2.0,gem
activeadmin/activeadmin,forks,rails,8.0.5.1,gem
activeadmin/activeadmin,forks,ransack,>= 4.0,gem
activeadmin/activeadmin,forks,rspec-core,3.13.6,gem
activeadmin/activeadmin,forks,parser,3.3.12.0,gem
activeadmin/activeadmin,forks,warden,1.2.9,gem
activeadmin/activeadmin,forks,kaminari-activerecord,1.2.2,gem
activeadmin/activeadmin,forks,actionmailer,8.1.3.1,gem
activeadmin/activeadmin,forks,pp,0.6.4,gem
activeadmin/activeadmin,forks,request_store,1.7.0,gem
activeadmin/activeadmin,forks,useragent,0.16.11,gem
activeadmin/activeadmin,forks,ruby-progressbar,1.13.0,gem
lukes/ISO-3166-Countries-with-Regional-Codes,forks,racc,1.6.0,gem
lukes/ISO-3166-Countries-with-Regional-Codes,forks,json,2.3.1,gem
lukes/ISO-3166-Countries-with-Regional-Codes,forks,activesupport,6.0.3.4,gem
lukes/ISO-3166-Countries-with-Regional-Codes,forks,tzinfo,1.2.8,gem
lukes/ISO-3166-Countries-with-Regional-Codes,forks,builder,3.2.4,gem
lukes/ISO-3166-Countries-with-Regional-Codes,forks,thread_safe,0.3.6,gem
lukes/ISO-3166-Countries-with-Regional-Codes,forks,mini_portile2,2.8.0,gem
lukes/ISO-3166-Countries-with-Regional-Codes,forks,concurrent-ruby,1.1.7,gem
lukes/ISO-3166-Countries-with-Regional-Codes,forks,i18n,1.8.5,gem
lukes/ISO-3166-Countries-with-Regional-Codes,forks,minitest,5.24.0,gem
lukes/ISO-3166-Countries-with-Regional-Codes,forks,zeitwerk,2.4.2,gem
lukes/ISO-3166-Countries-with-Regional-Codes,forks,nokogiri,1.13.9,gem
lukes/ISO-3166-Countries-with-Regional-Codes,forks,htmlentities,4.3.4,gem
faker-ruby/faker,forks,drb,2.2.3,gem
faker-ruby/faker,forks,minitest,6.0.6,gem
faker-ruby/faker,forks,coderay,1.1.3,gem
faker-ruby/faker,forks,minitest-mock,5.27.0,gem
faker-ruby/faker,forks,rainbow,3.1.1,gem
faker-ruby/faker,forks,tsort,0.2.0,gem
faker-ruby/faker,forks,i18n,1.15.2,gem
faker-ruby/faker,forks,yard,0.9.45,gem
faker-ruby/faker,forks,ruby-progressbar,1.13.0,gem
faker-ruby/faker,forks,timecop,0.9.11,gem
faker-ruby/faker,forks,benchmark-ips,2.15.1,gem
faker-ruby/faker,forks,simplecov,1.1.1,gem
faker-ruby/faker,forks,rake,13.4.2,gem
faker-ruby/faker,forks,concurrent-ruby,1.3.8,gem
faker-ruby/faker,forks,prettyprint,0.2.0,gem
faker-ruby/faker,forks,rubocop,1.90.0,gem
faker-ruby/faker,forks,i18n,>= 1.8.11,gem
faker-ruby/faker,forks,unicode-display_width,3.2.0,gem
faker-ruby/faker,forks,benchmark,0.5.0,gem
faker-ruby/faker,forks,erb,6.0.7,gem
faker-ruby/faker,forks,rubocop-ast,1.50.0,gem
faker-ruby/faker,forks,language_server-protocol,3.17.0.6,gem
faker-ruby/faker,forks,power_assert,3.1.0,gem
faker-ruby/faker,forks,lint_roller,1.1.0,gem
faker-ruby/faker,forks,ast,2.4.3,gem
faker-ruby/faker,forks,parser,3.3.12.0,gem
faker-ruby/faker,forks,rdoc,8.0.0,gem
faker-ruby/faker,forks,pp,0.6.4,gem
faker-ruby/faker,forks,rubocop-rake,0.7.1,gem
faker-ruby/faker,forks,irb,1.18.0,gem
faker-ruby/faker,forks,rbs,4.1.3,gem
faker-ruby/faker,forks,unicode-emoji,4.2.0,gem
faker-ruby/faker,forks,reline,0.7.0,gem
faker-ruby/faker,forks,prism,1.9.0,gem
faker-ruby/faker,forks,rubocop-minitest,0.40.0,gem
faker-ruby/faker,forks,test-unit,3.7.8,gem
faker-ruby/faker,forks,parallel,1.28.0,gem
faker-ruby/faker,forks,regexp_parser,2.12.0,gem
faker-ruby/faker,forks,io-console,0.9.2,gem
faker-ruby/faker,forks,json,2.21.2,gem
faker-ruby/faker,forks,method_source,1.1.0,gem
faker-ruby/faker,forks,racc,1.8.1,gem
faker-ruby/faker,forks,pry,0.16.0,gem
faker-ruby/faker,forks,logger,1.7.0,gem
rubocop/rubocop,forks,json,>= 2.3,gem
rubocop/rubocop,forks,yard,~> 0.9,gem
rubocop/rubocop,forks,lint_roller,~> 1.1.0,gem
rubocop/rubocop,forks,parser,>= 3.3.0.2,gem
rubocop/rubocop,forks,unicode-display_width,">= 2.4.0,< 4.0",gem
rubocop/rubocop,forks,rubocop-ast,">= 1.49.0,< 2.0",gem
rubocop/rubocop,forks,bump,>= 0,gem
rubocop/rubocop,forks,regexp_parser,">= 2.9.3,< 3.0",gem
rubocop/rubocop,forks,rainbow,">= 2.2.2,< 4.0",gem
rubocop/rubocop,forks,webmock,>= 0,gem
rubocop/rubocop,forks,stackprof,>= 0,gem
rubocop/rubocop,forks,memory_profiler,1.0.2,gem
rubocop/rubocop,forks,irb,>= 0,gem
rubocop/rubocop,forks,test-queue,>= 0,gem
rubocop/rubocop,forks,language_server-protocol,~> 3.17.0.2,gem
rubocop/rubocop,forks,rubocop-rspec,~> 3.10.1,gem
rubocop/rubocop,forks,rubocop-performance,~> 1.27.0,gem
rubocop/rubocop,forks,rspec,~> 3.7,gem
rubocop/rubocop,forks,parallel,>= 1.10,gem
rubocop/rubocop,forks,mcp,~> 1.0,gem
rubocop/rubocop,forks,rake,~> 13.0,gem
rubocop/rubocop,forks,rubocop-rake,~> 0.7.0,gem
rubocop/rubocop,forks,asciidoctor,>= 0,gem
rubocop/rubocop,forks,ruby-progressbar,~> 1.7,gem
instructure/canvas-lms,forks,racc,1.8.1,gem
instructure/canvas-lms,forks,datadog-ruby_core_source,3.5.2,gem
instructure/canvas-lms,forks,websocket,1.2.11,gem
instructure/canvas-lms,forks,colorize,1.1.0,gem
instructure/canvas-lms,forks,unicode-emoji,4.2.0,gem
instructure/canvas-lms,forks,rspec-rails,8.0.4,gem
instructure/canvas-lms,forks,google-cloud-env,2.3.1,gem
instructure/canvas-lms,forks,parser,3.3.11.1,gem
instructure/canvas-lms,forks,active_record_query_trace,1.9,gem
instructure/canvas-lms,forks,activestorage,8.0.5,gem
instructure/canvas-lms,forks,activesupport,">= 3.2,< 5.2",gem
instructure/canvas-lms,forks,net-pop,0.1.2,gem
instructure/canvas-lms,forks,pdf-reader,2.15.1,gem
instructure/canvas-lms,forks,prettyprint,0.2.0,gem
instructure/canvas-lms,forks,switchman,4.2.4,gem
instructure/canvas-lms,forks,rails-html-sanitizer,1.7.0,gem
instructure/canvas-lms,forks,digest-murmurhash,1.1.1,gem
instructure/canvas-lms,forks,mime-types,3.7.0,gem
instructure/canvas-lms,forks,outrigger,3.2.0,gem
instructure/canvas-lms,forks,mimemagic,0.4.3,gem
instructure/canvas-lms,forks,activesupport,< 5.2,gem
instructure/canvas-lms,forks,nokogiri,>= 0,gem
instructure/canvas-lms,forks,ffi,1.17.4,gem
instructure/canvas-lms,forks,activerecord-pg-extensions,0.6.0,gem
instructure/canvas-lms,forks,multi_xml,0.8.1,gem
instructure/canvas-lms,forks,aws-sdk-sns,1.113.0,gem
instructure/canvas-lms,forks,twitter-text,3.1.0,gem
instructure/canvas-lms,forks,pdf-core,0.10.0,gem
instructure/canvas-lms,forks,academic_benchmarks,~> 0.0,gem
instructure/canvas-lms,forks,ice_cube,0.17.0,gem
instructure/canvas-lms,forks,dogstatsd-ruby,5.7.1,gem
instructure/canvas-lms,forks,oauth2,2.0.18,gem
instructure/canvas-lms,forks,faraday-net_http,3.4.2,gem
instructure/canvas-lms,forks,rainbow,3.1.1,gem
instructure/canvas-lms,forks,rack,3.2.6,gem
instructure/canvas-lms,forks,useragent,0.16.11,gem
instructure/canvas-lms,forks,webrick,1.9.2,gem
instructure/canvas-lms,forks,simplecov-html,0.13.2,gem
instructure/canvas-lms,forks,rspec_junit_formatter,0.6.0,gem
instructure/canvas-lms,forks,luminosity_contrast,0.2.1,gem
instructure/canvas-lms,forks,launchy,3.1.1,gem
instructure/canvas-lms,forks,rubocop,1.86.1,gem
instructure/canvas-lms,forks,icalendar,2.12.2,gem
instructure/canvas-lms,forks,i18n,1.14.8,gem
instructure/canvas-lms,forks,canvas_text_helper,>= 0,gem
instructure/canvas-lms,forks,guard-rspec,>= 0,gem
instructure/canvas-lms,forks,activerecord,8.0.5,gem
instructure/canvas-lms,forks,declarative,0.0.20,gem
instructure/canvas-lms,forks,actionmailbox,8.0.5,gem
instructure/canvas-lms,forks,sqlite3,>= 0,gem
instructure/canvas-lms,forks,will_paginate,4.0.1,gem
instructure/canvas-lms,forks,nokogiri,1.19.2,gem
instructure/canvas-lms,forks,axe-core-api,4.11.2,gem
instructure/canvas-lms,forks,simplecov_json_formatter,0.1.4,gem
instructure/canvas-lms,forks,ruby-lsp-rspec,0.1.29,gem
instructure/canvas-lms,forks,nokogiri-xmlsec-instructure,0.12.0,gem
instructure/canvas-lms,forks,canvas_statsd,>= 0,gem
instructure/canvas-lms,forks,axe-core-rspec,4.11.2,gem
instructure/canvas-lms,forks,descendants_tracker,0.0.4,gem
instructure/canvas-lms,forks,swearjar,1.4.0,gem
instructure/canvas-lms,forks,code_teams,1.3.0,gem
instructure/canvas-lms,forks,activesupport,8.0.5,gem
instructure/canvas-lms,forks,prawn-table,0.2.2,gem
instructure/canvas-lms,forks,net-http,0.9.1,gem
instructure/canvas-lms,forks,i18n,>= 0,gem
instructure/canvas-lms,forks,afm,1.0.0,gem
instructure/canvas-lms,forks,uber,0.1.0,gem
instructure/canvas-lms,forks,webmock,3.26.2,gem
instructure/canvas-lms,forks,pg,~> 0.17,gem
instructure/canvas-lms,forks,i18nliner,0.2.4,gem
instructure/canvas-lms,forks,spring-commands-parallel-rspec,1.1.0,gem
instructure/canvas-lms,forks,waterdrop,2.9.0,gem
instructure/canvas-lms,forks,yard-appendix,0.1.8,gem
instructure/canvas-lms,forks,json,2.19.4,gem
instructure/canvas-lms,forks,net-ldap,0.20.0,gem
instructure/canvas-lms,forks,google-apis-core,1.0.2,gem
instructure/canvas-lms,forks,RedCloth,>= 0,gem
instructure/canvas-lms,forks,pry,>= 0,gem
instructure/canvas-lms,forks,loofah,2.25.1,gem
instructure/canvas-lms,forks,mini_mime,1.1.5,gem
instructure/canvas-lms,forks,faraday,2.14.1,gem
instructure/canvas-lms,forks,ya2yaml,0.31,gem
instructure/canvas-lms,forks,os,1.1.4,gem
instructure/canvas-lms,forks,redis-client,0.28.0,gem
instructure/canvas-lms,forks,rubocop-rake,0.7.1,gem
instructure/canvas-lms,forks,fugit,1.12.1,gem
instructure/canvas-lms,forks,oauth-tty,1.0.6,gem
instructure/canvas-lms,forks,aws-sdk-bedrockruntime,1.75.0,gem
instructure/canvas-lms,forks,axe-core-selenium,4.11.2,gem
instructure/canvas-lms,forks,thread_safe,0.3.6,gem
instructure/canvas-lms,forks,spring-commands-rubocop,0.4.0,gem
instructure/canvas-lms,forks,aws-partitions,1.1240.0,gem
instructure/canvas-lms,forks,encrypted_cookie_store-instructure,1.2.15,gem
instructure/canvas-lms,forks,rubocop-rspec_rails,2.32.0,gem
instructure/canvas-lms,forks,globalid,1.3.0,gem
instructure/canvas-lms,forks,prosopite,2.2.0,gem
instructure/canvas-lms,forks,unf,0.1.4,gem
instructure/canvas-lms,forks,sanitize,2.1.0,gem
instructure/canvas-lms,forks,guard,>= 0,gem
instructure/canvas-lms,forks,multipart-post,2.4.1,gem
instructure/canvas-lms,forks,prawn-rails,1.6.0,gem
instructure/canvas-lms,forks,axiom-types,0.1.1,gem
instructure/canvas-lms,forks,version_gem,1.1.9,gem
instructure/canvas-lms,forks,diff-lcs,1.6.2,gem
instructure/canvas-lms,forks,rails,">= 4.2,< 5.2",gem
instructure/canvas-lms,forks,instructure-happymapper,0.5.10,gem
instructure/canvas-lms,forks,timecop,0.9.11,gem
instructure/canvas-lms,forks,activejob,8.0.5,gem
instructure/canvas-lms,forks,timeout,0.6.1,gem
instructure/canvas-lms,forks,rspec_around_all,0.2.0,gem
instructure/canvas-lms,forks,hashdiff,1.2.1,gem
instructure/canvas-lms,forks,unf_ext,0.0.9.1,gem
instructure/canvas-lms,forks,base64,0.3.0,gem
instructure/canvas-lms,forks,uri,1.1.1,gem
instructure/canvas-lms,forks,ims-lti,2.3.7,gem
instructure/canvas-lms,forks,will_paginate,~> 3.0,gem
instructure/canvas-lms,forks,canvas_sort,>= 0,gem
instructure/canvas-lms,forks,securerandom,0.4.1,gem
instructure/canvas-lms,forks,folio-pagination,0.0.12,gem
instructure/canvas-lms,forks,moodle2cc,0.2.47,gem
instructure/canvas-lms,forks,drb,2.2.3,gem
instructure/canvas-lms,forks,aws-sdk-dynamodb,1.165.0,gem
instructure/canvas-lms,forks,after_transaction_commit,2.2.2,gem
instructure/canvas-lms,forks,rails-dom-testing,2.3.0,gem
instructure/canvas-lms,forks,rqrcode_core,2.1.0,gem
instructure/canvas-lms,forks,rss,0.3.2,gem
instructure/canvas-lms,forks,terminal-notifier-guard,>= 0,gem
instructure/canvas-lms,forks,actioncable,8.0.5,gem
instructure/canvas-lms,forks,fiber-storage,1.0.1,gem
instructure/canvas-lms,forks,ruby2ruby,2.6.1,gem
instructure/canvas-lms,forks,rubocop-performance,1.26.1,gem
instructure/canvas-lms,forks,wcag_color_contrast,0.1.0,gem
instructure/canvas-lms,forks,debug_inspector,1.2.0,gem
instructure/canvas-lms,forks,oauth,1.1.3,gem
instructure/canvas-lms,forks,jwt,< 2.0,gem
instructure/canvas-lms,forks,addressable,2.9.0,gem
instructure/canvas-lms,forks,process_executer,4.0.2,gem
instructure/canvas-lms,forks,inst-jobs-statsd,4.0.2,gem
instructure/canvas-lms,forks,google-logging-utils,0.2.0,gem
instructure/canvas-lms,forks,ruby-duration,3.2.3,gem
instructure/canvas-lms,forks,rubocop-ast,1.49.1,gem
instructure/canvas-lms,forks,paginated_collection,>= 0,gem
instructure/canvas-lms,forks,flakey_spec_catcher,0.12.1,gem
instructure/canvas-lms,forks,faraday_middleware,~> 0.8,gem
instructure/canvas-lms,forks,rbs,4.0.2,gem
instructure/canvas-lms,forks,childprocess,5.1.0,gem
instructure/canvas-lms,forks,inst-jobs-autoscaling,2.1.1,gem
instructure/canvas-lms,forks,selenium-webdriver,4.43.0,gem
instructure/canvas-lms,forks,adobe_connect,1.0.12,gem
instructure/canvas-lms,forks,oj,3.17.0,gem
instructure/canvas-lms,forks,builder,3.3.0,gem
instructure/canvas-lms,forks,activerecord,>= 0,gem
instructure/canvas-lms,forks,pg_query,6.2.2,gem
instructure/canvas-lms,forks,json-jwt,1.17.0,gem
instructure/canvas-lms,forks,unicode-display_width,3.2.0,gem
instructure/canvas-lms,forks,request_store,1.7.0,gem
instructure/canvas-lms,forks,canvas_http,>= 0,gem
instructure/canvas-lms,forks,graphql,2.5.23,gem
instructure/canvas-lms,forks,db-query-matchers,0.15.0,gem
instructure/canvas-lms,forks,stormbreaker,1.0.0,gem
instructure/canvas-lms,forks,bcrypt,3.1.22,gem
instructure/canvas-lms,forks,headless,3.0.0,gem
instructure/canvas-lms,forks,scrypt,3.1.0,gem
instructure/canvas-lms,forks,activerecord,">= 3.2,< 5.2",gem
instructure/canvas-lms,forks,iconv,~> 1.0,gem
instructure/canvas-lms,forks,rspec-mocks,>= 0,gem
instructure/canvas-lms,forks,msgpack,1.8.0,gem
instructure/canvas-lms,forks,prawn-emoji,6.0.0,gem
instructure/canvas-lms,forks,rubocop-inst,1.2.3,gem
instructure/canvas-lms,forks,redis-cluster-client,0.15.0,gem
instructure/canvas-lms,forks,diplomat,2.6.6,gem
instructure/canvas-lms,forks,datadog,2.31.0,gem
instructure/canvas-lms,forks,karafka-core,2.5.13,gem
instructure/canvas-lms,forks,yard,0.9.38,gem
instructure/canvas-lms,forks,rails-controller-testing,1.0.5,gem
instructure/canvas-lms,forks,rails,8.0.5,gem
instructure/canvas-lms,forks,css_parser,2.0.0,gem
instructure/canvas-lms,forks,raabro,1.4.0,gem
instructure/canvas-lms,forks,listen,3.0.8,gem
instructure/canvas-lms,forks,spring,4.4.2,gem
instructure/canvas-lms,forks,vault,0.20.1,gem
instructure/canvas-lms,forks,parallel,1.27.0,gem
instructure/canvas-lms,forks,database_cleaner,2.1.0,gem
instructure/canvas-lms,forks,database_cleaner-active_record,2.2.2,gem
instructure/canvas-lms,forks,hashie,5.1.0,gem
instructure/canvas-lms,forks,inst_access,0.4.4,gem
instructure/canvas-lms,forks,brakeman,8.0.4,gem
instructure/canvas-lms,forks,benchmark,0.5.0,gem
instructure/canvas-lms,forks,sax-machine,1.3.2,gem
instructure/canvas-lms,forks,code_ownership,2.1.2,gem
instructure/canvas-lms,forks,business_time,0.13.0,gem
instructure/canvas-lms,forks,canvas_link_migrator,1.0.19,gem
instructure/canvas-lms,forks,karafka-rdkafka,0.26.1,gem
instructure/canvas-lms,forks,ast,2.4.3,gem
instructure/canvas-lms,forks,bookmarked_collection,>= 0,gem
instructure/canvas-lms,forks,json-schema,6.2.0,gem
instructure/canvas-lms,forks,i18nliner,0.3.0,gem
instructure/canvas-lms,forks,minitest,6.0.5,gem
instructure/canvas-lms,forks,chunky_png,1.4.0,gem
instructure/canvas-lms,forks,canvas_statsd,~> 2.0,gem
instructure/canvas-lms,forks,canvas_cassandra,>= 0,gem
instructure/canvas-lms,forks,pygments.rb,4.0.0,gem
instructure/canvas-lms,forks,brotli,0.8.0,gem
instructure/canvas-lms,forks,testrail_client,0.0.1,gem
instructure/canvas-lms,forks,swagger_yard,1.1.1,gem
instructure/canvas-lms,forks,irb,1.17.0,gem
instructure/canvas-lms,forks,stringio,3.2.0,gem
instructure/canvas-lms,forks,folio-pagination,~> 0.0.12,gem
instructure/canvas-lms,forks,minitest,>= 0,gem
instructure/canvas-lms,forks,gergich,0.1.15,gem
instructure/canvas-lms,forks,rrule,0.8.0,gem
instructure/canvas-lms,forks,statsd-ruby,1.5.0,gem
instructure/canvas-lms,forks,marcel,1.1.0,gem
instructure/canvas-lms,forks,aws-sdk-applicationautoscaling,1.119.0,gem
instructure/canvas-lms,forks,activemodel,8.0.5,gem
instructure/canvas-lms,forks,rack-test,2.2.0,gem
instructure/canvas-lms,forks,byebug,>= 0,gem
instructure/canvas-lms,forks,Ascii85,2.0.1,gem
instructure/canvas-lms,forks,rspec-core,3.13.6,gem
instructure/canvas-lms,forks,saml2,3.3.1,gem
instructure/canvas-lms,forks,guardrail,3.1.0,gem
instructure/canvas-lms,forks,track_open_instances,0.1.15,gem
instructure/canvas-lms,forks,simplecov-rcov,0.3.7,gem
instructure/canvas-lms,forks,websocket-extensions,0.1.5,gem
instructure/canvas-lms,forks,spring-commands-rspec,1.0.4,gem
instructure/canvas-lms,forks,bootsnap,1.23.0,gem
instructure/canvas-lms,forks,ruby-progressbar,1.13.0,gem
instructure/canvas-lms,forks,browser,6.2.0,gem
instructure/canvas-lms,forks,virtus,2.0.0,gem
instructure/canvas-lms,forks,mustache,1.1.2,gem
instructure/canvas-lms,forks,colored,1.2,gem
instructure/canvas-lms,forks,pp,0.6.3,gem
instructure/canvas-lms,forks,soap4r-ruby1.9,2.0.5,gem
instructure/canvas-lms,forks,mini_magick,5.3.1,gem
instructure/canvas-lms,forks,google-protobuf,4.34.1,gem
instructure/canvas-lms,forks,ruby_parser,3.22.0,gem
instructure/canvas-lms,forks,sqlite3,2.9.3,gem
instructure/canvas-lms,forks,net-http-persistent,4.0.8,gem
instructure/canvas-lms,forks,date,3.5.1,gem
instructure/canvas-lms,forks,erubi,1.13.1,gem
instructure/canvas-lms,forks,rchardet,1.10.0,gem
instructure/canvas-lms,forks,tzinfo,>= 0,gem
instructure/canvas-lms,forks,after_transaction_commit,>= 0,gem
instructure/canvas-lms,forks,google-apis-drive_v3,0.79.0,gem
instructure/canvas-lms,forks,feedjira,4.0.2,gem
instructure/canvas-lms,forks,rspec,3.13.2,gem
instructure/canvas-lms,forks,rails-observers,0.1.5,gem
instructure/canvas-lms,forks,public_suffix,7.0.5,gem
instructure/canvas-lms,forks,timecop,0.8.1,gem
instructure/canvas-lms,forks,actiontext,8.0.5,gem
instructure/canvas-lms,forks,websocket-driver,0.8.0,gem
instructure/canvas-lms,forks,jira_ref_parser,1.0.1,gem
instructure/canvas-lms,forks,json,>= 0,gem
instructure/canvas-lms,forks,inst_llm,0.2.4,gem
instructure/canvas-lms,forks,lint_roller,1.1.0,gem
instructure/canvas-lms,forks,logger,1.7.0,gem
instructure/canvas-lms,forks,method_source,1.1.0,gem
instructure/canvas-lms,forks,ruby-lsp,0.26.9,gem
instructure/canvas-lms,forks,connection_pool,3.0.2,gem
instructure/canvas-lms,forks,net-protocol,0.2.2,gem
instructure/canvas-lms,forks,iso8601,0.13.0,gem
instructure/canvas-lms,forks,rspec-expectations,3.13.5,gem
instructure/canvas-lms,forks,dress_code,1.2.1,gem
instructure/canvas-lms,forks,googleauth,1.16.2,gem
instructure/canvas-lms,forks,net-imap,0.6.3,gem
instructure/canvas-lms,forks,rails,">= 3.2,< 5.2",gem
instructure/canvas-lms,forks,webmock,2.3.1,gem
instructure/canvas-lms,forks,concurrent-ruby,1.3.6,gem
instructure/canvas-lms,forks,syslog,0.4.0,gem
instructure/canvas-lms,forks,actionview,8.0.5,gem
instructure/canvas-lms,forks,reline,0.6.3,gem
instructure/canvas-lms,forks,docx,0.10.0,gem
instructure/canvas-lms,forks,deep_merge,1.2.2,gem
instructure/canvas-lms,forks,net-smtp,0.5.1,gem
instructure/canvas-lms,forks,link_header,0.0.8,gem
instructure/canvas-lms,forks,canvas_webex,0.18.2,gem
instructure/canvas-lms,forks,rackup,2.3.1,gem
instructure/canvas-lms,forks,rspec-collection_matchers,1.2.1,gem
instructure/canvas-lms,forks,sentry-ruby,6.5.0,gem
instructure/canvas-lms,forks,representable,3.2.0,gem
instructure/canvas-lms,forks,trailblazer-option,0.1.2,gem
instructure/canvas-lms,forks,rubyzip,3.2.2,gem
instructure/canvas-lms,forks,zeitwerk,2.7.5,gem
instructure/canvas-lms,forks,multi_json,1.20.1,gem
instructure/canvas-lms,forks,tzinfo,2.0.6,gem
instructure/canvas-lms,forks,rspec-openapi,0.25.1,gem
instructure/canvas-lms,forks,language_server-protocol,3.17.0.5,gem
instructure/canvas-lms,forks,simple_oauth,0.2,gem
instructure/canvas-lms,forks,html_text_helper,>= 0,gem
instructure/canvas-lms,forks,pry-nav,>= 0,gem
instructure/canvas-lms,forks,idn-ruby,0.1.5,gem
instructure/canvas-lms,forks,database_cleaner-core,2.0.1,gem
instructure/canvas-lms,forks,rspec-mocks,3.13.8,gem
instructure/canvas-lms,forks,rdoc,7.2.0,gem
instructure/canvas-lms,forks,factory_bot,6.5.6,gem
instructure/canvas-lms,forks,rspec-support,3.13.7,gem
instructure/canvas-lms,forks,sexp_processor,4.17.5,gem
instructure/canvas-lms,forks,bluecloth,2.2.0,gem
instructure/canvas-lms,forks,sentry-inst_jobs,6.0.0,gem
instructure/canvas-lms,forks,mini_portile2,2.8.9,gem
instructure/canvas-lms,forks,libddwaf,1.30.0.0.2,gem
instructure/canvas-lms,forks,mail,2.9.0,gem
instructure/canvas-lms,forks,bigdecimal,3.3.1,gem
instructure/canvas-lms,forks,pg,1.6.3,gem
instructure/canvas-lms,forks,dumb_delegator,1.1.0,gem
instructure/canvas-lms,forks,canvas_connect,0.3.16,gem
instructure/canvas-lms,forks,matrix,0.4.3,gem
instructure/canvas-lms,forks,aws-sdk-kms,1.123.0,gem
instructure/canvas-lms,forks,ostruct,0.6.3,gem
instructure/canvas-lms,forks,json_token,>= 0,gem
instructure/canvas-lms,forks,prism,1.9.0,gem
instructure/canvas-lms,forks,aws-sdk-s3,1.219.0,gem
instructure/canvas-lms,forks,parslet,2.0.0,gem
instructure/canvas-lms,forks,aws-sdk-core,3.245.0,gem
instructure/canvas-lms,forks,jwt,3.1.2,gem
instructure/canvas-lms,forks,webmock,>= 0,gem
instructure/canvas-lms,forks,ffi-compiler,1.3.2,gem
instructure/canvas-lms,forks,rake,13.4.2,gem
instructure/canvas-lms,forks,aroi,1.0.0,gem
instructure/canvas-lms,forks,inst-jobs,3.3.2,gem
instructure/canvas-lms,forks,fakefs,0.11.0,gem
instructure/canvas-lms,forks,webmock,1.24.6,gem
instructure/canvas-lms,forks,graphql-batch,0.6.1,gem
instructure/canvas-lms,forks,sorbet-runtime,0.6.12897,gem
instructure/canvas-lms,forks,regexp_parser,2.12.0,gem
instructure/canvas-lms,forks,ruby-rc4,0.1.5,gem
instructure/canvas-lms,forks,moodle2cc,0.2.38,gem
instructure/canvas-lms,forks,rake,>= 0,gem
instructure/canvas-lms,forks,rubyzip,~> 1.2,gem
instructure/canvas-lms,forks,rdiscount,2.2.7.4,gem
instructure/canvas-lms,forks,faraday-follow_redirects,0.5.0,gem
instructure/canvas-lms,forks,bindata,2.5.1,gem
instructure/canvas-lms,forks,ritex,1.0.1,gem
instructure/canvas-lms,forks,coercible,1.0.0,gem
instructure/canvas-lms,forks,aws-sdk-kinesis,1.98.0,gem
instructure/canvas-lms,forks,canvas_slug,>= 0,gem
instructure/canvas-lms,forks,dotenv,3.2.0,gem
instructure/canvas-lms,forks,io-console,0.8.2,gem
instructure/canvas-lms,forks,prawn,2.5.0,gem
instructure/canvas-lms,forks,actionpack,8.0.5,gem
instructure/canvas-lms,forks,rexml,3.4.4,gem
instructure/canvas-lms,forks,multipart,>= 0,gem
instructure/canvas-lms,forks,ffi-icu,0.5.3,gem
instructure/canvas-lms,forks,redis-clustering,5.4.1,gem
instructure/canvas-lms,forks,simpleidn,0.2.3,gem
instructure/canvas-lms,forks,psych,5.3.1,gem
instructure/canvas-lms,forks,rake,~> 10.0,gem
instructure/canvas-lms,forks,activesupport,>= 0,gem
instructure/canvas-lms,forks,testrailtagging,0.3.8.7,gem
instructure/canvas-lms,forks,simple_oauth,0.4.1,gem
instructure/canvas-lms,forks,highline,3.1.2,gem
instructure/canvas-lms,forks,soap4r-middleware,0.8.7,gem
instructure/canvas-lms,forks,pstore,0.2.1,gem
instructure/canvas-lms,forks,aws-eventstream,1.4.0,gem
instructure/canvas-lms,forks,bundler,~> 1.8,gem
instructure/canvas-lms,forks,once-ler,2.2.0,gem
instructure/canvas-lms,forks,faraday-multipart,1.2.0,gem
instructure/canvas-lms,forks,aes_key_wrap,1.1.0,gem
instructure/canvas-lms,forks,aws-sigv4,1.12.1,gem
instructure/canvas-lms,forks,rubocop-factory_bot,2.28.0,gem
instructure/canvas-lms,forks,redis-scripting,1.0.1,gem
instructure/canvas-lms,forks,aws-sdk-autoscaling,1.157.0,gem
instructure/canvas-lms,forks,packs-specification,0.0.11,gem
instructure/canvas-lms,forks,gergich,2.2.1,gem
instructure/canvas-lms,forks,retriable,3.4.1,gem
instructure/canvas-lms,forks,jmespath,1.6.2,gem
instructure/canvas-lms,forks,railties,8.0.5,gem
instructure/canvas-lms,forks,timecop,>= 0,gem
instructure/canvas-lms,forks,rspec,~> 3.5.0,gem
instructure/canvas-lms,forks,actionmailer,8.0.5,gem
instructure/canvas-lms,forks,rubocop-rspec,3.9.0,gem
instructure/canvas-lms,forks,libdatadog,30.0.0.1.0,gem
instructure/canvas-lms,forks,signet,0.21.0,gem
instructure/canvas-lms,forks,escape_code,0.2,gem
instructure/canvas-lms,forks,webmock,1.21,gem
instructure/canvas-lms,forks,google-api-client,0.8.2,gem
instructure/canvas-lms,forks,rubocop-graphql,1.6.0,gem
instructure/canvas-lms,forks,simplecov,0.22.0,gem
instructure/canvas-lms,forks,active_model_serializers,0.9.9,gem
instructure/canvas-lms,forks,rqrcode,3.2.0,gem
instructure/canvas-lms,forks,crass,1.0.6,gem
instructure/canvas-lms,forks,promise.rb,0.7.4,gem
instructure/canvas-lms,forks,canvas_mimetype_fu,>= 0,gem
instructure/canvas-lms,forks,mime-types-data,3.2026.0414,gem
instructure/canvas-lms,forks,docile,1.4.1,gem
instructure/canvas-lms,forks,redcarpet,3.6.1,gem
instructure/canvas-lms,forks,erb,6.0.4,gem
instructure/canvas-lms,forks,debug,1.11.1,gem
instructure/canvas-lms,forks,tsort,0.2.0,gem
instructure/canvas-lms,forks,aws-sdk-sqs,1.112.0,gem
instructure/canvas-lms,forks,sanitize,~> 2.1.0,gem
instructure/canvas-lms,forks,globby,0.1.2,gem
instructure/canvas-lms,forks,sanitize,7.0.0,gem
instructure/canvas-lms,forks,csv,3.3.5,gem
instructure/canvas-lms,forks,gepub,2.0.1,gem
instructure/canvas-lms,forks,rack-session,2.1.2,gem
instructure/canvas-lms,forks,faraday,~> 0.8,gem
instructure/canvas-lms,forks,aws-sdk-kinesis,>= 0,gem
instructure/canvas-lms,forks,et-orbi,1.4.0,gem
instructure/canvas-lms,forks,switchman-inst-jobs,4.3.2,gem
instructure/canvas-lms,forks,cgi,0.5.1,gem
instructure/canvas-lms,forks,nio4r,2.7.5,gem
instructure/canvas-lms,forks,vericite_api,1.5.3,gem
instructure/canvas-lms,forks,inst_statsd,3.4.0,gem
instructure/canvas-lms,forks,bundler,~> 1.7,gem
instructure/canvas-lms,forks,bundler,~> 1.5,gem
instructure/canvas-lms,forks,puma,7.2.0,gem
instructure/canvas-lms,forks,hana,1.3.7,gem
instructure/canvas-lms,forks,hashery,2.1.2,gem
instructure/canvas-lms,forks,json_schemer,2.5.0,gem
instructure/canvas-lms,forks,httparty,0.24.2,gem
instructure/canvas-lms,forks,git,4.3.2,gem
instructure/canvas-lms,forks,letter_opener,1.10.0,gem
instructure/canvas-lms,forks,fakefs,1.9.0,gem
instructure/canvas-lms,forks,rack3-brotli,1.0.1,gem
instructure/canvas-lms,forks,redis,5.4.1,gem
instructure/canvas-lms,forks,academic_benchmarks,1.1.3,gem
instructure/canvas-lms,forks,rubocop-rails,2.34.3,gem
instructure/canvas-lms,forks,rubycas-client,2.3.9,gem
instructure/canvas-lms,forks,ice_nine,0.11.2,gem
instructure/canvas-lms,forks,thor,1.5.0,gem
instructure/canvas-lms,forks,snaky_hash,2.0.3,gem
instructure/canvas-lms,forks,rotp,6.3.0,gem
instructure/canvas-lms,forks,crack,1.0.1,gem
instructure/canvas-lms,forks,sentry-rails,6.5.0,gem
instructure/canvas-lms,forks,ttfunk,1.8.0,gem
learn-co-curriculum/phase-4-rails-and-active-record-lab,forks,rspec-support,3.10.2,gem
learn-co-curriculum/phase-4-rails-and-active-record-lab,forks,rake,13.0.3,gem
learn-co-curriculum/phase-4-rails-and-active-record-lab,forks,rb-fsevent,0.10.4,gem
learn-co-curriculum/phase-4-rails-and-active-record-lab,forks,method_source,1.0.0,gem
learn-co-curriculum/phase-4-rails-and-active-record-lab,forks,builder,3.2.4,gem
learn-co-curriculum/phase-4-rails-and-active-record-lab,forks,rails-html-sanitizer,1.3.0,gem
learn-co-curriculum/phase-4-rails-and-active-record-lab,forks,concurrent-ruby,1.1.8,gem
learn-co-curriculum/phase-4-rails-and-active-record-lab,forks,puma,5.2.2,gem
learn-co-curriculum/phase-4-rails-and-active-record-lab,forks,activejob,6.1.3.1,gem
learn-co-curriculum/phase-4-rails-and-active-record-lab,forks,nokogiri,1.11.3-x86_64-darwin,gem
learn-co-curriculum/phase-4-rails-and-active-record-lab,forks,actiontext,6.1.3.1,gem
learn-co-curriculum/phase-4-rails-and-active-record-lab,forks,mail,2.7.1,gem
learn-co-curriculum/phase-4-rails-and-active-record-lab,forks,actioncable,6.1.3.1,gem
learn-co-curriculum/phase-4-rails-and-active-record-lab,forks,rb-inotify,0.10.1,gem
learn-co-curriculum/phase-4-rails-and-active-record-lab,forks,activesupport,6.1.3.1,gem
learn-co-curriculum/phase-4-rails-and-active-record-lab,forks,tzinfo,2.0.4,gem
learn-co-curriculum/phase-4-rails-and-active-record-lab,forks,racc,1.5.2,gem
learn-co-curriculum/phase-4-rails-and-active-record-lab,forks,sprockets,4.0.2,gem
learn-co-curriculum/phase-4-rails-and-active-record-lab,forks,loofah,2.9.1,gem
learn-co-curriculum/phase-4-rails-and-active-record-lab,forks,listen,3.5.1,gem
learn-co-curriculum/phase-4-rails-and-active-record-lab,forks,actionmailer,6.1.3.1,gem
learn-co-curriculum/phase-4-rails-and-active-record-lab,forks,nio4r,2.5.7,gem
learn-co-curriculum/phase-4-rails-and-active-record-lab,forks,rack,2.2.3,gem
learn-co-curriculum/phase-4-rails-and-active-record-lab,forks,ffi,1.15.0,gem
learn-co-curriculum/phase-4-rails-and-active-record-lab,forks,diff-lcs,1.4.4,gem
learn-co-curriculum/phase-4-rails-and-active-record-lab,forks,shoulda-matchers,4.5.1,gem
learn-co-curriculum/phase-4-rails-and-active-record-lab,forks,actionview,6.1.3.1,gem
learn-co-curriculum/phase-4-rails-and-active-record-lab,forks,rack-test,1.1.0,gem
learn-co-curriculum/phase-4-rails-and-active-record-lab,forks,rspec-expectations,3.10.1,gem
learn-co-curriculum/phase-4-rails-and-active-record-lab,forks,i18n,1.8.10,gem
learn-co-curriculum/phase-4-rails-and-active-record-lab,forks,rails-dom-testing,2.0.3,gem
learn-co-curriculum/phase-4-rails-and-active-record-lab,forks,rspec-json_expectations,2.2.0,gem
learn-co-curriculum/phase-4-rails-and-active-record-lab,forks,activemodel,6.1.3.1,gem
learn-co-curriculum/phase-4-rails-and-active-record-lab,forks,sprockets-rails,3.2.2,gem
learn-co-curriculum/phase-4-rails-and-active-record-lab,forks,railties,6.1.3.1,gem
learn-co-curriculum/phase-4-rails-and-active-record-lab,forks,crass,1.0.6,gem
learn-co-curriculum/phase-4-rails-and-active-record-lab,forks,minitest,5.14.4,gem
learn-co-curriculum/phase-4-rails-and-active-record-lab,forks,rspec-mocks,3.10.2,gem
learn-co-curriculum/phase-4-rails-and-active-record-lab,forks,byebug,11.1.3,gem
learn-co-curriculum/phase-4-rails-and-active-record-lab,forks,zeitwerk,2.4.2,gem
learn-co-curriculum/phase-4-rails-and-active-record-lab,forks,websocket-driver,0.7.3,gem
learn-co-curriculum/phase-4-rails-and-active-record-lab,forks,rails,6.1.3.1,gem
learn-co-curriculum/phase-4-rails-and-active-record-lab,forks,globalid,0.4.2,gem
learn-co-curriculum/phase-4-rails-and-active-record-lab,forks,sqlite3,1.4.2,gem
learn-co-curriculum/phase-4-rails-and-active-record-lab,forks,actionmailbox,6.1.3.1,gem
learn-co-curriculum/phase-4-rails-and-active-record-lab,forks,rspec-rails,5.0.1,gem
learn-co-curriculum/phase-4-rails-and-active-record-lab,forks,activestorage,6.1.3.1,gem
learn-co-curriculum/phase-4-rails-and-active-record-lab,forks,rspec-core,3.10.1,gem
learn-co-curriculum/phase-4-rails-and-active-record-lab,forks,rack-cors,1.1.1,gem
learn-co-curriculum/phase-4-rails-and-active-record-lab,forks,mini_mime,1.0.3,gem
learn-co-curriculum/phase-4-rails-and-active-record-lab,forks,marcel,1.0.1,gem
learn-co-curriculum/phase-4-rails-and-active-record-lab,forks,erubi,1.10.0,gem
learn-co-curriculum/phase-4-rails-and-active-record-lab,forks,thor,1.1.0,gem
learn-co-curriculum/phase-4-rails-and-active-record-lab,forks,actionpack,6.1.3.1,gem
learn-co-curriculum/phase-4-rails-and-active-record-lab,forks,activerecord,6.1.3.1,gem
learn-co-curriculum/phase-4-rails-and-active-record-lab,forks,websocket-extensions,0.1.5,gem
learn-co-curriculum/phase-4-rails-routing-basics-lab,forks,loofah,2.9.1,gem
learn-co-curriculum/phase-4-rails-routing-basics-lab,forks,rake,13.0.3,gem
learn-co-curriculum/phase-4-rails-routing-basics-lab,forks,websocket-driver,0.7.3,gem
learn-co-curriculum/phase-4-rails-routing-basics-lab,forks,activejob,6.1.3.1,gem
learn-co-curriculum/phase-4-rails-routing-basics-lab,forks,marcel,1.0.1,gem
learn-co-curriculum/phase-4-rails-routing-basics-lab,forks,sprockets,4.0.2,gem
learn-co-curriculum/phase-4-rails-routing-basics-lab,forks,mail,2.7.1,gem
learn-co-curriculum/phase-4-rails-routing-basics-lab,forks,activerecord,6.1.3.1,gem
learn-co-curriculum/phase-4-rails-routing-basics-lab,forks,rspec-json_expectations,2.2.0,gem
learn-co-curriculum/phase-4-rails-routing-basics-lab,forks,rspec-core,3.10.1,gem
learn-co-curriculum/phase-4-rails-routing-basics-lab,forks,builder,3.2.4,gem
learn-co-curriculum/phase-4-rails-routing-basics-lab,forks,i18n,1.8.10,gem
learn-co-curriculum/phase-4-rails-routing-basics-lab,forks,activesupport,6.1.3.1,gem
learn-co-curriculum/phase-4-rails-routing-basics-lab,forks,actionpack,6.1.3.1,gem
learn-co-curriculum/phase-4-rails-routing-basics-lab,forks,activestorage,6.1.3.1,gem
learn-co-curriculum/phase-4-rails-routing-basics-lab,forks,sqlite3,1.4.2,gem
learn-co-curriculum/phase-4-rails-routing-basics-lab,forks,rb-fsevent,0.10.4,gem
learn-co-curriculum/phase-4-rails-routing-basics-lab,forks,shoulda-matchers,4.5.1,gem
learn-co-curriculum/phase-4-rails-routing-basics-lab,forks,diff-lcs,1.4.4,gem
learn-co-curriculum/phase-4-rails-routing-basics-lab,forks,erubi,1.10.0,gem
learn-co-curriculum/phase-4-rails-routing-basics-lab,forks,rack-test,1.1.0,gem
learn-co-curriculum/phase-4-rails-routing-basics-lab,forks,concurrent-ruby,1.1.8,gem
learn-co-curriculum/phase-4-rails-routing-basics-lab,forks,railties,6.1.3.1,gem
learn-co-curriculum/phase-4-rails-routing-basics-lab,forks,rspec-mocks,3.10.2,gem
learn-co-curriculum/phase-4-rails-routing-basics-lab,forks,listen,3.5.1,gem
learn-co-curriculum/phase-4-rails-routing-basics-lab,forks,globalid,0.4.2,gem
learn-co-curriculum/phase-4-rails-routing-basics-lab,forks,actionmailbox,6.1.3.1,gem
learn-co-curriculum/phase-4-rails-routing-basics-lab,forks,method_source,1.0.0,gem
learn-co-curriculum/phase-4-rails-routing-basics-lab,forks,rails-dom-testing,2.0.3,gem
learn-co-curriculum/phase-4-rails-routing-basics-lab,forks,ffi,1.15.0,gem
learn-co-curriculum/phase-4-rails-routing-basics-lab,forks,activemodel,6.1.3.1,gem
learn-co-curriculum/phase-4-rails-routing-basics-lab,forks,actionmailer,6.1.3.1,gem
learn-co-curriculum/phase-4-rails-routing-basics-lab,forks,rspec-support,3.10.2,gem
learn-co-curriculum/phase-4-rails-routing-basics-lab,forks,sprockets-rails,3.2.2,gem
learn-co-curriculum/phase-4-rails-routing-basics-lab,forks,rspec-expectations,3.10.1,gem
learn-co-curriculum/phase-4-rails-routing-basics-lab,forks,rails-html-sanitizer,1.3.0,gem
learn-co-curriculum/phase-4-rails-routing-basics-lab,forks,rack,2.2.3,gem
learn-co-curriculum/phase-4-rails-routing-basics-lab,forks,crass,1.0.6,gem
learn-co-curriculum/phase-4-rails-routing-basics-lab,forks,rails,6.1.3.1,gem
learn-co-curriculum/phase-4-rails-routing-basics-lab,forks,mini_mime,1.0.3,gem
learn-co-curriculum/phase-4-rails-routing-basics-lab,forks,thor,1.1.0,gem
learn-co-curriculum/phase-4-rails-routing-basics-lab,forks,actionview,6.1.3.1,gem
learn-co-curriculum/phase-4-rails-routing-basics-lab,forks,byebug,11.1.3,gem
learn-co-curriculum/phase-4-rails-routing-basics-lab,forks,actiontext,6.1.3.1,gem
learn-co-curriculum/phase-4-rails-routing-basics-lab,forks,nokogiri,1.11.3-x86_64-darwin,gem
learn-co-curriculum/phase-4-rails-routing-basics-lab,forks,zeitwerk,2.4.2,gem
learn-co-curriculum/phase-4-rails-routing-basics-lab,forks,rb-inotify,0.10.1,gem
learn-co-curriculum/phase-4-rails-routing-basics-lab,forks,actioncable,6.1.3.1,gem
learn-co-curriculum/phase-4-rails-routing-basics-lab,forks,minitest,5.14.4,gem
learn-co-curriculum/phase-4-rails-routing-basics-lab,forks,nio4r,2.5.7,gem
learn-co-curriculum/phase-4-rails-routing-basics-lab,forks,rack-cors,1.1.1,gem
learn-co-curriculum/phase-4-rails-routing-basics-lab,forks,puma,5.2.2,gem
learn-co-curriculum/phase-4-rails-routing-basics-lab,forks,tzinfo,2.0.4,gem
learn-co-curriculum/phase-4-rails-routing-basics-lab,forks,websocket-extensions,0.1.5,gem
learn-co-curriculum/phase-4-rails-routing-basics-lab,forks,racc,1.5.2,gem
learn-co-curriculum/phase-4-rails-routing-basics-lab,forks,rspec-rails,5.0.1,gem
diaspora/diaspora,forks,activerecord,6.1.7.10,gem
diaspora/diaspora,forks,typhoeus,1.6.0,gem
diaspora/diaspora,forks,unf_ext,0.0.9.1,gem
diaspora/diaspora,forks,actionpack,6.1.7.10,gem
diaspora/diaspora,forks,crack,1.0.1,gem
diaspora/diaspora,forks,rotp,6.3.0,gem
diaspora/diaspora,forks,rubocop-rails,2.34.3,gem
diaspora/diaspora,forks,formatador,1.2.3,gem
diaspora/diaspora,forks,xpath,3.2.0,gem
diaspora/diaspora,forks,bootstrap-sass,3.4.1,gem
diaspora/diaspora,forks,rainbow,3.1.1,gem
diaspora/diaspora,forks,websocket-extensions,0.1.5,gem
diaspora/diaspora,forks,rack-rewrite,1.5.1,gem
diaspora/diaspora,forks,rexml,3.4.4,gem
diaspora/diaspora,forks,jquery-ui-rails,8.0.0,gem
diaspora/diaspora,forks,webfinger,2.1.3,gem
diaspora/diaspora,forks,asset_sync,2.19.3,gem
diaspora/diaspora,forks,unicode,0.4.4.5,gem
diaspora/diaspora,forks,memoist3,1.0.0,gem
diaspora/diaspora,forks,string-direction,1.2.2,gem
diaspora/diaspora,forks,jquery-rails,4.6.1,gem
diaspora/diaspora,forks,handlebars_assets,0.23.9,gem
diaspora/diaspora,forks,cucumber-messages,32.2.0,gem
diaspora/diaspora,forks,drb,2.2.3,gem
diaspora/diaspora,forks,httparty,0.24.2,gem
diaspora/diaspora,forks,hashie,5.1.0,gem
diaspora/diaspora,forks,chrome_remote,0.3.0,gem
diaspora/diaspora,forks,rb-fsevent,0.11.2,gem
diaspora/diaspora,forks,mini_magick,4.13.2,gem
diaspora/diaspora,forks,pronto,0.11.5,gem
diaspora/diaspora,forks,builder,3.3.0,gem
diaspora/diaspora,forks,sys-uname,1.5.1,gem
diaspora/diaspora,forks,rubyzip,2.4.1,gem
diaspora/diaspora,forks,parallel,1.28.0,gem
diaspora/diaspora,forks,ffi,1.17.4,gem
diaspora/diaspora,forks,reline,0.6.3,gem
diaspora/diaspora,forks,bootstrap-switch-rails,3.3.3,gem
diaspora/diaspora,forks,json-schema,6.2.0,gem
diaspora/diaspora,forks,rack,2.2.23,gem
diaspora/diaspora,forks,pronto-scss,0.11.0,gem
diaspora/diaspora,forks,mime-types,3.7.0,gem
diaspora/diaspora,forks,rack-protection,3.2.0,gem
diaspora/diaspora,forks,raabro,1.4.0,gem
diaspora/diaspora,forks,validate_url,1.0.15,gem
diaspora/diaspora,forks,autoprefixer-rails,10.4.21.0,gem
diaspora/diaspora,forks,public_suffix,7.0.5,gem
diaspora/diaspora,forks,babel-transpiler,0.7.0,gem
diaspora/diaspora,forks,gon,6.6.0,gem
diaspora/diaspora,forks,timeout,0.6.1,gem
diaspora/diaspora,forks,jsonpath,1.1.5,gem
diaspora/diaspora,forks,logging,2.4.0,gem
diaspora/diaspora,forks,globalid,1.3.0,gem
diaspora/diaspora,forks,listen,3.10.0,gem
diaspora/diaspora,forks,activesupport,6.1.7.10,gem
diaspora/diaspora,forks,tzinfo,2.0.6,gem
diaspora/diaspora,forks,diaspora_federation-json_schema,1.2.0,gem
diaspora/diaspora,forks,rails-controller-testing,1.0.5,gem
diaspora/diaspora,forks,fixture_builder,0.5.2,gem
diaspora/diaspora,forks,macaddr,1.7.2,gem
diaspora/diaspora,forks,sass,3.7.4,gem
diaspora/diaspora,forks,terser,1.2.7,gem
diaspora/diaspora,forks,rugged,1.9.0,gem
diaspora/diaspora,forks,unicode-emoji,4.2.0,gem
diaspora/diaspora,forks,valid,1.2.0,gem
diaspora/diaspora,forks,multi_json,1.15.0,gem
diaspora/diaspora,forks,toml-rb,4.1.0,gem
diaspora/diaspora,forks,net-protocol,0.2.2,gem
diaspora/diaspora,forks,attr_required,1.0.2,gem
diaspora/diaspora,forks,domain_name,0.6.20240107,gem
diaspora/diaspora,forks,shoulda-matchers,6.5.0,gem
diaspora/diaspora,forks,simple_captcha2,0.5.0,gem
diaspora/diaspora,forks,foreman,0.90.0,gem
diaspora/diaspora,forks,diff-lcs,1.6.2,gem
diaspora/diaspora,forks,fugit,1.12.1,gem
diaspora/diaspora,forks,crass,1.0.6,gem
diaspora/diaspora,forks,encryptor,3.0.0,gem
diaspora/diaspora,forks,rack-oauth2,2.3.0,gem
diaspora/diaspora,forks,sass-listen,4.0.0,gem
diaspora/diaspora,forks,mail,2.9.0,gem
diaspora/diaspora,forks,activestorage,6.1.7.10,gem
diaspora/diaspora,forks,date,3.5.1,gem
diaspora/diaspora,forks,addressable,2.9.0,gem
diaspora/diaspora,forks,faraday,2.14.1,gem
diaspora/diaspora,forks,pry-byebug,3.12.0,gem
diaspora/diaspora,forks,cucumber,10.2.0,gem
diaspora/diaspora,forks,ruby-vips,2.3.0,gem
diaspora/diaspora,forks,systemu,2.6.5,gem
diaspora/diaspora,forks,rails-dom-testing,2.3.0,gem
diaspora/diaspora,forks,cronex,0.15.0,gem
diaspora/diaspora,forks,loofah,2.25.1,gem
diaspora/diaspora,forks,rspec-expectations,3.13.5,gem
diaspora/diaspora,forks,erubi,1.13.1,gem
diaspora/diaspora,forks,versionist,2.0.1,gem
diaspora/diaspora,forks,regexp_parser,2.12.0,gem
diaspora/diaspora,forks,uri,1.1.1,gem
diaspora/diaspora,forks,logger,1.7.0,gem
diaspora/diaspora,forks,email_validator,2.2.4,gem
diaspora/diaspora,forks,rspec-json_expectations,2.2.0,gem
diaspora/diaspora,forks,bindata,2.5.1,gem
diaspora/diaspora,forks,mobile-fu,1.4.0,gem
diaspora/diaspora,forks,zeitwerk,2.7.5,gem
diaspora/diaspora,forks,leaflet-rails,1.9.5,gem
diaspora/diaspora,forks,bcrypt,3.1.22,gem
diaspora/diaspora,forks,idn-ruby,0.1.5,gem
diaspora/diaspora,forks,concurrent-ruby,1.3.4,gem
diaspora/diaspora,forks,mini_portile2,2.8.9,gem
diaspora/diaspora,forks,capybara,3.40.0,gem
diaspora/diaspora,forks,minitest,6.0.3,gem
diaspora/diaspora,forks,fog-core,2.6.0,gem
diaspora/diaspora,forks,cucumber-cucumber-expressions,19.0.0,gem
diaspora/diaspora,forks,rspec-core,3.13.6,gem
diaspora/diaspora,forks,et-orbi,1.4.0,gem
diaspora/diaspora,forks,method_source,1.1.0,gem
diaspora/diaspora,forks,babel-source,5.8.35,gem
diaspora/diaspora,forks,webrick,1.9.2,gem
diaspora/diaspora,forks,acts-as-taggable-on,10.0.0,gem
diaspora/diaspora,forks,active_model_serializers,0.9.13,gem
diaspora/diaspora,forks,rack-test,2.2.0,gem
diaspora/diaspora,forks,sinon-rails,1.15.0,gem
diaspora/diaspora,forks,turbo_dev_assets,0.0.2,gem
diaspora/diaspora,forks,rack-piwik,0.3.0,gem
diaspora/diaspora,forks,uuid,2.3.9,gem
diaspora/diaspora,forks,citrus,3.0.2,gem
diaspora/diaspora,forks,pronto-eslint,0.11.1,gem
diaspora/diaspora,forks,puma,7.2.0,gem
diaspora/diaspora,forks,haml,7.2.0,gem
diaspora/diaspora,forks,pronto-haml,0.11.1,gem
diaspora/diaspora,forks,jasmine-jquery-rails,2.0.3,gem
diaspora/diaspora,forks,language_server-protocol,3.17.0.5,gem
diaspora/diaspora,forks,ferrum,0.17.2,gem
diaspora/diaspora,forks,open_graph_reader,0.9.1,gem
diaspora/diaspora,forks,sorbet-runtime,0.6.13096,gem
diaspora/diaspora,forks,js_image_paths,0.2.0,gem
diaspora/diaspora,forks,rqrcode,3.2.0,gem
diaspora/diaspora,forks,omniauth,2.1.4,gem
diaspora/diaspora,forks,ethon,0.18.0,gem
diaspora/diaspora,forks,simplecov,0.22.0,gem
diaspora/diaspora,forks,gitlab,4.20.1,gem
diaspora/diaspora,forks,timecop,0.9.10,gem
diaspora/diaspora,forks,devise,4.9.4,gem
diaspora/diaspora,forks,pg,1.6.3,gem
diaspora/diaspora,forks,openid_connect,2.3.1,gem
diaspora/diaspora,forks,warden,1.2.9,gem
diaspora/diaspora,forks,thor,1.5.0,gem
diaspora/diaspora,forks,lint_roller,1.1.0,gem
diaspora/diaspora,forks,net-pop,0.1.2,gem
diaspora/diaspora,forks,execjs,2.10.1,gem
diaspora/diaspora,forks,diaspora_federation,1.2.0,gem
diaspora/diaspora,forks,will_paginate,4.0.1,gem
diaspora/diaspora,forks,http_accept_language,2.1.1,gem
diaspora/diaspora,forks,nokogiri,1.19.2,gem
diaspora/diaspora,forks,unicode-display_width,3.2.0,gem
diaspora/diaspora,forks,actionmailbox,6.1.7.10,gem
diaspora/diaspora,forks,factory_bot,6.5.6,gem
diaspora/diaspora,forks,mini_mime,1.1.5,gem
diaspora/diaspora,forks,carrierwave,3.1.2,gem
diaspora/diaspora,forks,matrix,0.4.3,gem
diaspora/diaspora,forks,phantomjs,2.1.1.0,gem
diaspora/diaspora,forks,jasmine,3.10.0,gem
diaspora/diaspora,forks,parser,3.3.11.1,gem
diaspora/diaspora,forks,actionmailer,6.1.7.10,gem
diaspora/diaspora,forks,pry,0.16.0,gem
diaspora/diaspora,forks,multi_test,1.1.0,gem
diaspora/diaspora,forks,attr_encrypted,4.2.0,gem
diaspora/diaspora,forks,request_store,1.7.0,gem
diaspora/diaspora,forks,sprockets,4.2.2,gem
diaspora/diaspora,forks,fog-aws,3.33.1,gem
diaspora/diaspora,forks,cgi,0.5.1,gem
diaspora/diaspora,forks,cucumber-rails,4.0.1,gem
diaspora/diaspora,forks,yajl-ruby,1.4.3,gem
diaspora/diaspora,forks,twitter-text,3.1.0,gem
diaspora/diaspora,forks,jasmine-core,3.10.1,gem
diaspora/diaspora,forks,sprockets-rails,3.5.2,gem
diaspora/diaspora,forks,cucumber-html-formatter,22.3.0,gem
diaspora/diaspora,forks,rqrcode_core,2.1.0,gem
diaspora/diaspora,forks,syslog,0.4.0,gem
diaspora/diaspora,forks,cucumber-api-steps,0.14.0,gem
diaspora/diaspora,forks,fog-json,1.2.0,gem
diaspora/diaspora,forks,marcel,1.0.4,gem
diaspora/diaspora,forks,database_cleaner-active_record,2.2.2,gem
diaspora/diaspora,forks,pronto-rubocop,0.11.6,gem
diaspora/diaspora,forks,temple,0.10.4,gem
diaspora/diaspora,forks,prism,1.9.0,gem
diaspora/diaspora,forks,simplecov-html,0.13.2,gem
diaspora/diaspora,forks,hashdiff,1.2.1,gem
diaspora/diaspora,forks,net-smtp,0.5.1,gem
diaspora/diaspora,forks,unf,0.1.4,gem
diaspora/diaspora,forks,ruby-progressbar,1.13.0,gem
diaspora/diaspora,forks,byebug,13.0.0,gem
diaspora/diaspora,forks,actiontext,6.1.7.10,gem
diaspora/diaspora,forks,ruby-oembed,0.18.1,gem
diaspora/diaspora,forks,tilt,2.7.0,gem
diaspora/diaspora,forks,webmock,3.26.2,gem
diaspora/diaspora,forks,secure_headers,7.2.0,gem
diaspora/diaspora,forks,activejob,6.1.7.10,gem
diaspora/diaspora,forks,rails,6.1.7.10,gem
diaspora/diaspora,forks,ostruct,0.6.3,gem
diaspora/diaspora,forks,faraday-net_http,3.4.2,gem
diaspora/diaspora,forks,rack-attack,6.8.0,gem
diaspora/diaspora,forks,actionview,6.1.7.10,gem
diaspora/diaspora,forks,rails-html-sanitizer,1.7.0,gem
diaspora/diaspora,forks,rails-i18n,7.0.10,gem
diaspora/diaspora,forks,terminal-table,4.0.0,gem
diaspora/diaspora,forks,rack-cors,2.0.2,gem
diaspora/diaspora,forks,acts_as_api,1.0.1,gem
diaspora/diaspora,forks,scss_lint,0.60.0,gem
diaspora/diaspora,forks,devise_lastseenable,0.0.6,gem
diaspora/diaspora,forks,eslintrb,2.1.0,gem
diaspora/diaspora,forks,ssrf_filter,1.5.0,gem
diaspora/diaspora,forks,chunky_png,1.4.0,gem
diaspora/diaspora,forks,haml_lint,0.72.0,gem
diaspora/diaspora,forks,csv,3.3.5,gem
diaspora/diaspora,forks,sawyer,0.9.3,gem
diaspora/diaspora,forks,actioncable,6.1.7.10,gem
diaspora/diaspora,forks,rspec-support,3.13.7,gem
diaspora/diaspora,forks,sidekiq-cron,2.3.1,gem
diaspora/diaspora,forks,nio4r,2.7.5,gem
diaspora/diaspora,forks,http-cookie,1.1.0,gem
diaspora/diaspora,forks,base64,0.3.0,gem
diaspora/diaspora,forks,sidekiq,7.3.10,gem
diaspora/diaspora,forks,mime-types-data,3.2026.0331,gem
diaspora/diaspora,forks,cucumber-ci-environment,11.0.0,gem
diaspora/diaspora,forks,logging-rails,0.6.0,gem
diaspora/diaspora,forks,cucumber-gherkin,39.0.0,gem
diaspora/diaspora,forks,faraday-retry,2.4.0,gem
diaspora/diaspora,forks,little-plugger,1.1.4,gem
diaspora/diaspora,forks,rspec-mocks,3.13.8,gem
diaspora/diaspora,forks,diaspora_federation-test,1.2.0,gem
diaspora/diaspora,forks,cuprite,0.17,gem
diaspora/diaspora,forks,json,2.19.3,gem
diaspora/diaspora,forks,rubocop-ast,1.49.1,gem
diaspora/diaspora,forks,racc,1.8.1,gem
diaspora/diaspora,forks,redcarpet,3.6.1,gem
diaspora/diaspora,forks,activemodel,6.1.7.10,gem
diaspora/diaspora,forks,mysql2,0.5.7,gem
diaspora/diaspora,forks,aes_key_wrap,1.1.0,gem
diaspora/diaspora,forks,octokit,10.0.0,gem
diaspora/diaspora,forks,orm_adapter,0.5.0,gem
diaspora/diaspora,forks,net-imap,0.6.3,gem
diaspora/diaspora,forks,ast,2.4.3,gem
diaspora/diaspora,forks,yard,0.9.38,gem
diaspora/diaspora,forks,omniauth-rails_csrf_protection,2.0.1,gem
diaspora/diaspora,forks,rack-mobile-detect,0.4.0,gem
diaspora/diaspora,forks,rake,13.3.1,gem
diaspora/diaspora,forks,sassc-rails,2.1.2,gem
diaspora/diaspora,forks,cucumber-tag-expressions,8.1.0,gem
diaspora/diaspora,forks,faraday-follow_redirects,0.5.0,gem
diaspora/diaspora,forks,docile,1.4.1,gem
diaspora/diaspora,forks,bigdecimal,4.1.1,gem
diaspora/diaspora,forks,railties,6.1.7.10,gem
diaspora/diaspora,forks,io-console,0.8.2,gem
diaspora/diaspora,forks,hamlit,4.0.0,gem
diaspora/diaspora,forks,database_cleaner-core,2.0.1,gem
diaspora/diaspora,forks,websocket-driver,0.8.0,gem
diaspora/diaspora,forks,activerecord-import,2.2.0,gem
diaspora/diaspora,forks,image_processing,1.14.0,gem
diaspora/diaspora,forks,rails-timeago,2.20.0,gem
diaspora/diaspora,forks,coderay,1.1.3,gem
diaspora/diaspora,forks,js-routes,2.3.6,gem
diaspora/diaspora,forks,fog-xml,0.1.5,gem
diaspora/diaspora,forks,connection_pool,2.5.5,gem
diaspora/diaspora,forks,fabrication,2.31.0,gem
diaspora/diaspora,forks,json-jwt,1.17.0,gem
diaspora/diaspora,forks,swd,2.0.3,gem
diaspora/diaspora,forks,rubocop,1.86.0,gem
diaspora/diaspora,forks,rb-inotify,0.11.1,gem
diaspora/diaspora,forks,factory_bot_rails,6.5.1,gem
diaspora/diaspora,forks,configurate,0.6.0,gem
diaspora/diaspora,forks,cucumber-core,16.2.0,gem
diaspora/diaspora,forks,faraday-typhoeus,2.0.0,gem
diaspora/diaspora,forks,diaspora_federation-rails,1.2.0,gem
diaspora/diaspora,forks,i18n,1.14.8,gem
diaspora/diaspora,forks,net-http,0.9.1,gem
diaspora/diaspora,forks,responders,3.1.1,gem
diaspora/diaspora,forks,fuubar,2.5.1,gem
diaspora/diaspora,forks,excon,1.4.2,gem
diaspora/diaspora,forks,redis-client,0.28.0,gem
diaspora/diaspora,forks,simplecov_json_formatter,0.1.4,gem
diaspora/diaspora,forks,multi_xml,0.8.1,gem
diaspora/diaspora,forks,sysexits,1.2.0,gem
diaspora/diaspora,forks,sassc,2.4.0,gem
diaspora/diaspora,forks,rspec-rails,6.1.5,gem
diaspora/diaspora,forks,faraday-cookie_jar,0.0.8,gem
diaspora/diaspora,forks,devise-two-factor,4.1.0,gem
alexch/learn_ruby,forks,rake,>= 0,gem
alexch/learn_ruby,forks,rspec,~> 2.0,gem
learn-co-curriculum/phase-4-rails-create-read-lab,forks,railties,6.1.3.2,gem
learn-co-curriculum/phase-4-rails-create-read-lab,forks,zeitwerk,2.4.2,gem
learn-co-curriculum/phase-4-rails-create-read-lab,forks,erubi,1.10.0,gem
learn-co-curriculum/phase-4-rails-create-read-lab,forks,actionmailbox,6.1.3.2,gem
learn-co-curriculum/phase-4-rails-create-read-lab,forks,rb-fsevent,0.11.0,gem
learn-co-curriculum/phase-4-rails-create-read-lab,forks,activemodel,6.1.3.2,gem
learn-co-curriculum/phase-4-rails-create-read-lab,forks,activestorage,6.1.3.2,gem
learn-co-curriculum/phase-4-rails-create-read-lab,forks,sprockets,4.0.2,gem
learn-co-curriculum/phase-4-rails-create-read-lab,forks,actioncable,6.1.3.2,gem
learn-co-curriculum/phase-4-rails-create-read-lab,forks,activejob,6.1.3.2,gem
learn-co-curriculum/phase-4-rails-create-read-lab,forks,shoulda-matchers,4.5.1,gem
learn-co-curriculum/phase-4-rails-create-read-lab,forks,rspec-support,3.10.2,gem
learn-co-curriculum/phase-4-rails-create-read-lab,forks,sqlite3,1.4.2,gem
learn-co-curriculum/phase-4-rails-create-read-lab,forks,nio4r,2.5.7,gem
learn-co-curriculum/phase-4-rails-create-read-lab,forks,diff-lcs,1.4.4,gem
learn-co-curriculum/phase-4-rails-create-read-lab,forks,foreman,0.87.2,gem
learn-co-curriculum/phase-4-rails-create-read-lab,forks,activesupport,6.1.3.2,gem
learn-co-curriculum/phase-4-rails-create-read-lab,forks,builder,3.2.4,gem
learn-co-curriculum/phase-4-rails-create-read-lab,forks,crass,1.0.6,gem
learn-co-curriculum/phase-4-rails-create-read-lab,forks,rb-inotify,0.10.1,gem
learn-co-curriculum/phase-4-rails-create-read-lab,forks,method_source,1.0.0,gem
learn-co-curriculum/phase-4-rails-create-read-lab,forks,rails-html-sanitizer,1.3.0,gem
learn-co-curriculum/phase-4-rails-create-read-lab,forks,byebug,11.1.3,gem
learn-co-curriculum/phase-4-rails-create-read-lab,forks,globalid,0.4.2,gem
learn-co-curriculum/phase-4-rails-create-read-lab,forks,i18n,1.8.10,gem
learn-co-curriculum/phase-4-rails-create-read-lab,forks,loofah,2.9.1,gem
learn-co-curriculum/phase-4-rails-create-read-lab,forks,minitest,5.14.4,gem
learn-co-curriculum/phase-4-rails-create-read-lab,forks,actionpack,6.1.3.2,gem
learn-co-curriculum/phase-4-rails-create-read-lab,forks,rspec-core,3.10.1,gem
learn-co-curriculum/phase-4-rails-create-read-lab,forks,ffi,1.15.0,gem
learn-co-curriculum/phase-4-rails-create-read-lab,forks,mail,2.7.1,gem
learn-co-curriculum/phase-4-rails-create-read-lab,forks,concurrent-ruby,1.1.8,gem
learn-co-curriculum/phase-4-rails-create-read-lab,forks,thor,1.1.0,gem
learn-co-curriculum/phase-4-rails-create-read-lab,forks,rack,2.2.3,gem
learn-co-curriculum/phase-4-rails-create-read-lab,forks,rspec-rails,5.0.1,gem
learn-co-curriculum/phase-4-rails-create-read-lab,forks,puma,5.3.1,gem
learn-co-curriculum/phase-4-rails-create-read-lab,forks,rake,13.0.3,gem
learn-co-curriculum/phase-4-rails-create-read-lab,forks,mini_mime,1.0.3,gem
learn-co-curriculum/phase-4-rails-create-read-lab,forks,racc,1.5.2,gem
learn-co-curriculum/phase-4-rails-create-read-lab,forks,rspec-json_expectations,2.2.0,gem
learn-co-curriculum/phase-4-rails-create-read-lab,forks,rails-dom-testing,2.0.3,gem
learn-co-curriculum/phase-4-rails-create-read-lab,forks,websocket-extensions,0.1.5,gem
learn-co-curriculum/phase-4-rails-create-read-lab,forks,rspec-expectations,3.10.1,gem
learn-co-curriculum/phase-4-rails-create-read-lab,forks,rails,6.1.3.2,gem
learn-co-curriculum/phase-4-rails-create-read-lab,forks,actiontext,6.1.3.2,gem
learn-co-curriculum/phase-4-rails-create-read-lab,forks,activerecord,6.1.3.2,gem
learn-co-curriculum/phase-4-rails-create-read-lab,forks,marcel,1.0.1,gem
learn-co-curriculum/phase-4-rails-create-read-lab,forks,rspec-mocks,3.10.2,gem
learn-co-curriculum/phase-4-rails-create-read-lab,forks,actionview,6.1.3.2,gem
learn-co-curriculum/phase-4-rails-create-read-lab,forks,listen,3.5.1,gem
learn-co-curriculum/phase-4-rails-create-read-lab,forks,tzinfo,2.0.4,gem
learn-co-curriculum/phase-4-rails-create-read-lab,forks,nokogiri,1.11.3-x86_64-darwin,gem
learn-co-curriculum/phase-4-rails-create-read-lab,forks,sprockets-rails,3.2.2,gem
learn-co-curriculum/phase-4-rails-create-read-lab,forks,actionmailer,6.1.3.2,gem
learn-co-curriculum/phase-4-rails-create-read-lab,forks,rack-test,1.1.0,gem
learn-co-curriculum/phase-4-rails-create-read-lab,forks,websocket-driver,0.7.3,gem
hpyhacking/peatio,forks,omniauth,1.2.2,gem
hpyhacking/peatio,forks,jbuilder,2.0.2,gem
hpyhacking/peatio,forks,meta_request,0.2.8,gem
hpyhacking/peatio,forks,slim,2.0.2,gem
hpyhacking/peatio,forks,rubytree,0.8.3,gem
hpyhacking/peatio,forks,multi_xml,0.5.5,gem
hpyhacking/peatio,forks,rack,1.5.2,gem
hpyhacking/peatio,forks,structured_warnings,0.1.4,gem
hpyhacking/peatio,forks,byebug,2.7.0,gem
hpyhacking/peatio,forks,eventmachine,1.0.4,gem
hpyhacking/peatio,forks,sass-rails,4.0.3,gem
hpyhacking/peatio,forks,activemodel,4.0.12,gem
hpyhacking/peatio,forks,mime-types,1.25.1,gem
hpyhacking/peatio,forks,rails-observers,0.1.2,gem
hpyhacking/peatio,forks,bunny,1.2.1,gem
hpyhacking/peatio,forks,temple,0.6.7,gem
hpyhacking/peatio,forks,minitest,4.7.5,gem
hpyhacking/peatio,forks,sprockets,2.11.0,gem
hpyhacking/peatio,forks,datagrid,1.0.5,gem
hpyhacking/peatio,forks,rails-i18n,4.0.1,gem
hpyhacking/peatio,forks,paper_trail,3.0.1,gem
hpyhacking/peatio,forks,metaclass,0.0.2,gem
hpyhacking/peatio,forks,rspec-expectations,2.14.5,gem
hpyhacking/peatio,forks,cancancan,1.7.1,gem
hpyhacking/peatio,forks,poltergeist,1.5.1,gem
hpyhacking/peatio,forks,phonelib,0.3.5,gem
hpyhacking/peatio,forks,selenium-webdriver,2.39.0,gem
hpyhacking/peatio,forks,twilio-ruby,3.11.5,gem
hpyhacking/peatio,forks,aasm,3.4.0,gem
hpyhacking/peatio,forks,jquery-datatables-rails,1.12.2,gem
hpyhacking/peatio,forks,currencies,0.4.2,gem
hpyhacking/peatio,forks,eco-source,1.1.0.rc.1,gem
hpyhacking/peatio,forks,tilt,1.4.1,gem
hpyhacking/peatio,forks,websocket,1.0.7,gem
hpyhacking/peatio,forks,request_store,1.1.0,gem
hpyhacking/peatio,forks,http_parser.rb,0.6.0,gem
hpyhacking/peatio,forks,faker,1.4.3,gem
hpyhacking/peatio,forks,omniauth-identity,1.1.1,gem
hpyhacking/peatio,forks,json,1.8.1,gem
hpyhacking/peatio,forks,callsite,0.0.11,gem
hpyhacking/peatio,forks,mina,0.3.0,gem
hpyhacking/peatio,forks,capybara,2.4.4,gem
hpyhacking/peatio,forks,kaminari,0.15.1,gem
hpyhacking/peatio,forks,childprocess,0.4.0,gem
hpyhacking/peatio,forks,angularjs-rails,1.3.15,gem
hpyhacking/peatio,forks,redis-actionpack,4.0.0,gem
hpyhacking/peatio,forks,atomic,1.1.99,gem
hpyhacking/peatio,forks,tzinfo,0.3.42,gem
hpyhacking/peatio,forks,actionmailer,4.0.12,gem
hpyhacking/peatio,forks,country_select,2.1.0,gem
hpyhacking/peatio,forks,columnize,0.3.6,gem
hpyhacking/peatio,forks,mails_viewer,0.1.2,gem
hpyhacking/peatio,forks,em-websocket,0.5.1,gem
hpyhacking/peatio,forks,axiom-types,0.1.0,gem
hpyhacking/peatio,forks,rspec-rails,2.14.1,gem
hpyhacking/peatio,forks,mail,2.6.3,gem
hpyhacking/peatio,forks,active_hash,1.3.0,gem
hpyhacking/peatio,forks,arel,4.0.2,gem
hpyhacking/peatio,forks,execjs,2.2.1,gem
hpyhacking/peatio,forks,sprockets-rails,2.2.2,gem
hpyhacking/peatio,forks,equalizer,0.0.9,gem
hpyhacking/peatio,forks,rotp,1.6.1,gem
hpyhacking/peatio,forks,oauth2,1.0.0,gem
hpyhacking/peatio,forks,websocket-extensions,0.1.1,gem
hpyhacking/peatio,forks,xpath,2.0.0,gem
hpyhacking/peatio,forks,grape-swagger,0.7.2,gem
hpyhacking/peatio,forks,figaro,0.7.0,gem
hpyhacking/peatio,forks,slop,3.4.7,gem
hpyhacking/peatio,forks,cliver,0.3.2,gem
hpyhacking/peatio,forks,multi_json,1.10.1,gem
hpyhacking/peatio,forks,bootstrap-wysihtml5-rails,0.3.1.23,gem
hpyhacking/peatio,forks,bourbon,3.2.3,gem
hpyhacking/peatio,forks,pry,0.9.12.6,gem
hpyhacking/peatio,forks,ice_nine,0.11.0,gem
hpyhacking/peatio,forks,kramdown,1.3.3,gem
hpyhacking/peatio,forks,jquery-rails,3.1.0,gem
hpyhacking/peatio,forks,whenever,0.9.2,gem
hpyhacking/peatio,forks,redis-rails,4.0.0,gem
hpyhacking/peatio,forks,method_source,0.8.2,gem
hpyhacking/peatio,forks,enumerize,0.8.0,gem
hpyhacking/peatio,forks,actionpack,4.0.12,gem
hpyhacking/peatio,forks,httpclient,2.3.4.1,gem
hpyhacking/peatio,forks,launchy,2.4.2,gem
hpyhacking/peatio,forks,thread_safe,0.1.3,gem
hpyhacking/peatio,forks,carrierwave,0.10.0,gem
hpyhacking/peatio,forks,rbtree,0.4.2,gem
hpyhacking/peatio,forks,database_cleaner,1.2.0,gem
hpyhacking/peatio,forks,rest-client,1.6.8,gem
hpyhacking/peatio,forks,quiet_assets,1.0.2,gem
hpyhacking/peatio,forks,binding_of_caller,0.7.2,gem
hpyhacking/peatio,forks,ffi,1.9.3,gem
hpyhacking/peatio,forks,amq-protocol,1.9.2,gem
hpyhacking/peatio,forks,omniauth-weibo-oauth2,0.4.0,gem
hpyhacking/peatio,forks,countries,0.9.3,gem
hpyhacking/peatio,forks,doorkeeper,1.4.1,gem
hpyhacking/peatio,forks,acts-as-taggable-on,3.0.1,gem
hpyhacking/peatio,forks,websocket-driver,0.5.1,gem
hpyhacking/peatio,forks,rdoc,4.1.1,gem
hpyhacking/peatio,forks,i18n,0.7.0,gem
hpyhacking/peatio,forks,multipart-post,2.0.0,gem
hpyhacking/peatio,forks,descendants_tracker,0.0.3,gem
hpyhacking/peatio,forks,rack-test,0.6.3,gem
hpyhacking/peatio,forks,rake,10.4.2,gem
hpyhacking/peatio,forks,test-unit,3.0.8,gem
hpyhacking/peatio,forks,mocha,1.0.0,gem
hpyhacking/peatio,forks,bootstrap-sass,3.2.0.2,gem
hpyhacking/peatio,forks,daemons-rails,1.2.1,gem
hpyhacking/peatio,forks,activerecord,4.0.12,gem
hpyhacking/peatio,forks,railties,4.0.12,gem
hpyhacking/peatio,forks,sass,3.2.19,gem
hpyhacking/peatio,forks,daemons,1.1.9,gem
hpyhacking/peatio,forks,redis-activesupport,4.0.0,gem
hpyhacking/peatio,forks,coffee-script,2.2.0,gem
hpyhacking/peatio,forks,liability-proof,0.0.9,gem
hpyhacking/peatio,forks,virtus,1.0.2,gem
hpyhacking/peatio,forks,slim-rails,2.1.0,gem
hpyhacking/peatio,forks,shoulda-matchers,2.5.0,gem
hpyhacking/peatio,forks,grape-entity,0.4.2,gem
hpyhacking/peatio,forks,paranoid2,1.1.3,gem
hpyhacking/peatio,forks,power_assert,0.2.2,gem
hpyhacking/peatio,forks,redis-rack,1.5.0,gem
hpyhacking/peatio,forks,activesupport,4.0.12,gem
hpyhacking/peatio,forks,rack-mount,0.8.3,gem
hpyhacking/peatio,forks,rspec-mocks,2.14.5,gem
hpyhacking/peatio,forks,pusher,0.12.0,gem
hpyhacking/peatio,forks,better_errors,1.1.0,gem
hpyhacking/peatio,forks,mysql2,0.3.15,gem
hpyhacking/peatio,forks,momentjs-rails,2.5.1,gem
hpyhacking/peatio,forks,debug_inspector,0.0.2,gem
hpyhacking/peatio,forks,dotenv,0.9.0,gem
hpyhacking/peatio,forks,mini_portile,0.6.2,gem
hpyhacking/peatio,forks,coffee-rails,4.0.1,gem
hpyhacking/peatio,forks,builder,3.1.4,gem
hpyhacking/peatio,forks,rack-contrib,1.1.0,gem
hpyhacking/peatio,forks,easy_table,0.0.6,gem
hpyhacking/peatio,forks,redis,3.0.7,gem
hpyhacking/peatio,forks,awesome_print,1.2.0,gem
hpyhacking/peatio,forks,erubis,2.7.0,gem
hpyhacking/peatio,forks,hike,1.2.3,gem
hpyhacking/peatio,forks,factory_girl_rails,4.3.0,gem
hpyhacking/peatio,forks,signature,0.1.7,gem
hpyhacking/peatio,forks,redis-store,1.1.4,gem
hpyhacking/peatio,forks,diff-lcs,1.2.5,gem
hpyhacking/peatio,forks,pry-rails,0.3.2,gem
hpyhacking/peatio,forks,nokogiri,1.6.5,gem
hpyhacking/peatio,forks,gon,5.2.0,gem
hpyhacking/peatio,forks,jwt,1.2.0,gem
hpyhacking/peatio,forks,timecop,0.7.1,gem
hpyhacking/peatio,forks,coffee-script-source,1.7.0,gem
hpyhacking/peatio,forks,thor,0.19.1,gem
hpyhacking/peatio,forks,http_accept_language,2.0.1,gem
hpyhacking/peatio,forks,simple_form,3.1.0,gem
hpyhacking/peatio,forks,dotenv-rails,0.9.0,gem
hpyhacking/peatio,forks,coderay,1.1.0,gem
hpyhacking/peatio,forks,rails,4.0.12,gem
hpyhacking/peatio,forks,uglifier,2.4.0,gem
hpyhacking/peatio,forks,addressable,2.3.5,gem
hpyhacking/peatio,forks,rack-attack,3.0.0,gem
hpyhacking/peatio,forks,rack-accept,0.4.5,gem
hpyhacking/peatio,forks,debugger-linecache,1.2.0,gem
hpyhacking/peatio,forks,eco,1.0.0,gem
hpyhacking/peatio,forks,amqp,1.3.0,gem
hpyhacking/peatio,forks,hashie,3.3.2,gem
hpyhacking/peatio,forks,globalize,4.0.0,gem
hpyhacking/peatio,forks,faraday,0.9.0,gem
hpyhacking/peatio,forks,omniauth-oauth2,1.2.0,gem
hpyhacking/peatio,forks,open4,1.3.0,gem
hpyhacking/peatio,forks,rspec-core,2.14.7,gem
hpyhacking/peatio,forks,bcrypt-ruby,3.1.2,gem
hpyhacking/peatio,forks,simple_captcha2,0.2.2,gem
hpyhacking/peatio,forks,coercible,1.0.0,gem
hpyhacking/peatio,forks,rubyzip,1.1.0,gem
hpyhacking/peatio,forks,browser,0.8.0,gem
hpyhacking/peatio,forks,font-awesome-sass,4.2.0,gem
hpyhacking/peatio,forks,chronic,0.10.2,gem
hpyhacking/peatio,forks,grape,0.7.0,gem
hpyhacking/peatio,forks,factory_girl,4.3.0,gem
hpyhacking/peatio,forks,activerecord-deprecated_finders,1.0.3,gem
learn-co-curriculum/phase-4-rails-and-active-record-readme,forks,nio4r,2.5.7,gem
learn-co-curriculum/phase-4-rails-and-active-record-readme,forks,i18n,1.8.10,gem
learn-co-curriculum/phase-4-rails-and-active-record-readme,forks,concurrent-ruby,1.1.8,gem
learn-co-curriculum/phase-4-rails-and-active-record-readme,forks,builder,3.2.4,gem
learn-co-curriculum/phase-4-rails-and-active-record-readme,forks,globalid,0.4.2,gem
learn-co-curriculum/phase-4-rails-and-active-record-readme,forks,actioncable,6.1.3.1,gem
learn-co-curriculum/phase-4-rails-and-active-record-readme,forks,rack-test,1.1.0,gem
learn-co-curriculum/phase-4-rails-and-active-record-readme,forks,actionmailer,6.1.3.1,gem
learn-co-curriculum/phase-4-rails-and-active-record-readme,forks,loofah,2.9.1,gem
learn-co-curriculum/phase-4-rails-and-active-record-readme,forks,activestorage,6.1.3.1,gem
learn-co-curriculum/phase-4-rails-and-active-record-readme,forks,sqlite3,1.4.2,gem
learn-co-curriculum/phase-4-rails-and-active-record-readme,forks,rack,2.2.3,gem
learn-co-curriculum/phase-4-rails-and-active-record-readme,forks,zeitwerk,2.4.2,gem
learn-co-curriculum/phase-4-rails-and-active-record-readme,forks,activerecord,6.1.3.1,gem
learn-co-curriculum/phase-4-rails-and-active-record-readme,forks,sprockets,4.0.2,gem
learn-co-curriculum/phase-4-rails-and-active-record-readme,forks,sprockets-rails,3.2.2,gem
learn-co-curriculum/phase-4-rails-and-active-record-readme,forks,thor,1.1.0,gem
learn-co-curriculum/phase-4-rails-and-active-record-readme,forks,listen,3.5.1,gem
learn-co-curriculum/phase-4-rails-and-active-record-readme,forks,rails-html-sanitizer,1.3.0,gem
learn-co-curriculum/phase-4-rails-and-active-record-readme,forks,shoulda-matchers,4.5.1,gem
learn-co-curriculum/phase-4-rails-and-active-record-readme,forks,racc,1.5.2,gem
learn-co-curriculum/phase-4-rails-and-active-record-readme,forks,puma,5.2.2,gem
learn-co-curriculum/phase-4-rails-and-active-record-readme,forks,rb-inotify,0.10.1,gem
learn-co-curriculum/phase-4-rails-and-active-record-readme,forks,erubi,1.10.0,gem
learn-co-curriculum/phase-4-rails-and-active-record-readme,forks,crass,1.0.6,gem
learn-co-curriculum/phase-4-rails-and-active-record-readme,forks,activemodel,6.1.3.1,gem
learn-co-curriculum/phase-4-rails-and-active-record-readme,forks,activesupport,6.1.3.1,gem
learn-co-curriculum/phase-4-rails-and-active-record-readme,forks,rspec-rails,5.0.1,gem
learn-co-curriculum/phase-4-rails-and-active-record-readme,forks,byebug,11.1.3,gem
learn-co-curriculum/phase-4-rails-and-active-record-readme,forks,rspec-json_expectations,2.2.0,gem
learn-co-curriculum/phase-4-rails-and-active-record-readme,forks,actionpack,6.1.3.1,gem
learn-co-curriculum/phase-4-rails-and-active-record-readme,forks,method_source,1.0.0,gem
learn-co-curriculum/phase-4-rails-and-active-record-readme,forks,mail,2.7.1,gem
learn-co-curriculum/phase-4-rails-and-active-record-readme,forks,rails-dom-testing,2.0.3,gem
learn-co-curriculum/phase-4-rails-and-active-record-readme,forks,activejob,6.1.3.1,gem
learn-co-curriculum/phase-4-rails-and-active-record-readme,forks,actionmailbox,6.1.3.1,gem
learn-co-curriculum/phase-4-rails-and-active-record-readme,forks,rspec-support,3.10.2,gem
learn-co-curriculum/phase-4-rails-and-active-record-readme,forks,minitest,5.14.4,gem
learn-co-curriculum/phase-4-rails-and-active-record-readme,forks,websocket-extensions,0.1.5,gem
learn-co-curriculum/phase-4-rails-and-active-record-readme,forks,rb-fsevent,0.10.4,gem
learn-co-curriculum/phase-4-rails-and-active-record-readme,forks,rspec-expectations,3.10.1,gem
learn-co-curriculum/phase-4-rails-and-active-record-readme,forks,tzinfo,2.0.4,gem
learn-co-curriculum/phase-4-rails-and-active-record-readme,forks,mini_mime,1.0.3,gem
learn-co-curriculum/phase-4-rails-and-active-record-readme,forks,rake,13.0.3,gem
learn-co-curriculum/phase-4-rails-and-active-record-readme,forks,railties,6.1.3.1,gem
learn-co-curriculum/phase-4-rails-and-active-record-readme,forks,rack-cors,1.1.1,gem
learn-co-curriculum/phase-4-rails-and-active-record-readme,forks,actiontext,6.1.3.1,gem
learn-co-curriculum/phase-4-rails-and-active-record-readme,forks,rspec-mocks,3.10.2,gem
learn-co-curriculum/phase-4-rails-and-active-record-readme,forks,diff-lcs,1.4.4,gem
learn-co-curriculum/phase-4-rails-and-active-record-readme,forks,websocket-driver,0.7.3,gem
learn-co-curriculum/phase-4-rails-and-active-record-readme,forks,rails,6.1.3.1,gem
learn-co-curriculum/phase-4-rails-and-active-record-readme,forks,marcel,1.0.1,gem
learn-co-curriculum/phase-4-rails-and-active-record-readme,forks,ffi,1.15.0,gem
learn-co-curriculum/phase-4-rails-and-active-record-readme,forks,actionview,6.1.3.1,gem
learn-co-curriculum/phase-4-rails-and-active-record-readme,forks,nokogiri,1.11.3-x86_64-darwin,gem
learn-co-curriculum/phase-4-rails-and-active-record-readme,forks,rspec-core,3.10.1,gem
svenfuchs/rails-i18n,forks,reline,0.6.2,gem
svenfuchs/rails-i18n,forks,prettyprint,0.2.0,gem
svenfuchs/rails-i18n,forks,diff-lcs,1.6.2,gem
svenfuchs/rails-i18n,forks,rspec-support,3.9.4,gem
svenfuchs/rails-i18n,forks,drb,2.2.3,gem
svenfuchs/rails-i18n,forks,rackup,2.2.1,gem
svenfuchs/rails-i18n,forks,rack,3.2.0,gem
svenfuchs/rails-i18n,forks,erubi,1.13.1,gem
svenfuchs/rails-i18n,forks,date,3.4.1,gem
svenfuchs/rails-i18n,forks,erb,5.0.2,gem
svenfuchs/rails-i18n,forks,rdoc,6.14.2,gem
svenfuchs/rails-i18n,forks,connection_pool,2.5.3,gem
svenfuchs/rails-i18n,forks,crass,1.0.6,gem
svenfuchs/rails-i18n,forks,securerandom,0.4.1,gem
svenfuchs/rails-i18n,forks,pp,0.6.2,gem
svenfuchs/rails-i18n,forks,nokogiri,1.18.9,gem
svenfuchs/rails-i18n,forks,rake,13.3.0,gem
svenfuchs/rails-i18n,forks,base64,0.3.0,gem
svenfuchs/rails-i18n,forks,i18n-tasks,1.1.2,gem
svenfuchs/rails-i18n,forks,rainbow,3.1.1,gem
svenfuchs/rails-i18n,forks,rspec-expectations,3.9.4,gem
svenfuchs/rails-i18n,forks,i18n-spec,0.6.0,gem
svenfuchs/rails-i18n,forks,rails-dom-testing,2.3.0,gem
svenfuchs/rails-i18n,forks,minitest,6.0.3,gem
svenfuchs/rails-i18n,forks,activesupport,8.0.2.1,gem
svenfuchs/rails-i18n,forks,rspec-mocks,3.9.1,gem
svenfuchs/rails-i18n,forks,iso,0.4.0,gem
svenfuchs/rails-i18n,forks,builder,3.3.0,gem
svenfuchs/rails-i18n,forks,zeitwerk,2.7.3,gem
svenfuchs/rails-i18n,forks,stringio,3.1.7,gem
svenfuchs/rails-i18n,forks,actionpack,8.0.2.1,gem
svenfuchs/rails-i18n,forks,ast,2.4.3,gem
svenfuchs/rails-i18n,forks,highline,3.1.2,gem
svenfuchs/rails-i18n,forks,railties,8.0.2.1,gem
svenfuchs/rails-i18n,forks,terminal-table,4.0.0,gem
svenfuchs/rails-i18n,forks,prism,1.9.0,gem
svenfuchs/rails-i18n,forks,rails-html-sanitizer,1.6.2,gem
svenfuchs/rails-i18n,forks,bigdecimal,3.2.2,gem
svenfuchs/rails-i18n,forks,rspec-rails,3.9.1,gem
svenfuchs/rails-i18n,forks,tsort,0.2.0,gem
svenfuchs/rails-i18n,forks,tzinfo,2.0.6,gem
svenfuchs/rails-i18n,forks,loofah,2.24.1,gem
svenfuchs/rails-i18n,forks,io-console,0.8.1,gem
svenfuchs/rails-i18n,forks,i18n,">= 0.7,< 2",gem
svenfuchs/rails-i18n,forks,irb,1.15.2,gem
svenfuchs/rails-i18n,forks,unicode-emoji,4.2.0,gem
svenfuchs/rails-i18n,forks,rack-session,2.1.1,gem
svenfuchs/rails-i18n,forks,i18n-spec,~> 0.6.0,gem
svenfuchs/rails-i18n,forks,railties,">= 8.0.0,< 9",gem
svenfuchs/rails-i18n,forks,i18n,1.14.7,gem
svenfuchs/rails-i18n,forks,parser,3.3.9.0,gem
svenfuchs/rails-i18n,forks,rack-test,2.2.0,gem
svenfuchs/rails-i18n,forks,i18n-tasks,~> 1.0,gem
svenfuchs/rails-i18n,forks,benchmark,0.4.1,gem
svenfuchs/rails-i18n,forks,useragent,0.16.11,gem
svenfuchs/rails-i18n,forks,thor,1.4.0,gem
svenfuchs/rails-i18n,forks,mini_portile2,2.8.9,gem
svenfuchs/rails-i18n,forks,rspec-core,3.9.3,gem
svenfuchs/rails-i18n,forks,concurrent-ruby,1.3.5,gem
svenfuchs/rails-i18n,forks,uri,1.0.3,gem
svenfuchs/rails-i18n,forks,psych,5.2.6,gem
svenfuchs/rails-i18n,forks,ruby-progressbar,1.13.0,gem
svenfuchs/rails-i18n,forks,rspec-rails,~> 3.7,gem
svenfuchs/rails-i18n,forks,tsort,>= 0,gem
svenfuchs/rails-i18n,forks,unicode-display_width,3.1.5,gem
svenfuchs/rails-i18n,forks,actionview,8.0.2.1,gem
svenfuchs/rails-i18n,forks,racc,1.8.1,gem
svenfuchs/rails-i18n,forks,logger,1.7.0,gem
CocoaPods/CocoaPods,forks,language_server-protocol,3.17.0.6,gem
CocoaPods/CocoaPods,forks,listen,1.3.1,gem
CocoaPods/CocoaPods,forks,lint_roller,1.1.0,gem
CocoaPods/CocoaPods,forks,netrc,0.11.0,gem
CocoaPods/CocoaPods,forks,faraday,1.10.6,gem
CocoaPods/CocoaPods,forks,rb-kqueue,0.2.8,gem
CocoaPods/CocoaPods,forks,simplecov_json_formatter,0.1.4,gem
CocoaPods/CocoaPods,forks,docile,1.4.1,gem
CocoaPods/CocoaPods,forks,sync,0.5.0,gem
CocoaPods/CocoaPods,forks,unicode-emoji,4.2.0,gem
CocoaPods/CocoaPods,forks,bacon,~> 1.1,gem
CocoaPods/CocoaPods,forks,claide,">= 1.0.2,< 2.0",gem
CocoaPods/CocoaPods,forks,bundler,~> 2.0,gem
CocoaPods/CocoaPods,forks,cocoapods_debug,0.1.0,gem
CocoaPods/CocoaPods,forks,rake,12.3.3,gem
CocoaPods/CocoaPods,forks,yard,0.9.37,gem
CocoaPods/CocoaPods,forks,faraday-net_http,1.0.2,gem
CocoaPods/CocoaPods,forks,fourflusher,">= 2.3.0,< 3.0",gem
CocoaPods/CocoaPods,forks,cocoapods-search,">= 1.0.0,< 2.0",gem
CocoaPods/CocoaPods,forks,nap,~> 1.0,gem
CocoaPods/CocoaPods,forks,cocoapods-trunk,">= 1.6.0,< 2.0",gem
CocoaPods/CocoaPods,forks,faraday-patron,1.0.0,gem
CocoaPods/CocoaPods,forks,prism,1.9.0,gem
CocoaPods/CocoaPods,forks,atomos,0.1.3,gem
CocoaPods/CocoaPods,forks,pry,0.10.3,gem
CocoaPods/CocoaPods,forks,sparkr,0.4.1,gem
CocoaPods/CocoaPods,forks,concurrent-ruby,1.3.4,gem
CocoaPods/CocoaPods,forks,ruby-progressbar,1.13.0,gem
CocoaPods/CocoaPods,forks,httpclient,2.8.3,gem
CocoaPods/CocoaPods,forks,pstore,0.2.1,gem
CocoaPods/CocoaPods,forks,colored2,3.1.2,gem
CocoaPods/CocoaPods,forks,tins,1.37.0,gem
CocoaPods/CocoaPods,forks,claide-plugins,0.9.2,gem
CocoaPods/CocoaPods,forks,sawyer,0.8.2,gem
CocoaPods/CocoaPods,forks,terminal-table,4.0.0,gem
CocoaPods/CocoaPods,forks,process_executer,4.0.4,gem
CocoaPods/CocoaPods,forks,cocoapods-try,">= 1.1.0,< 2.0",gem
CocoaPods/CocoaPods,forks,cocoapods-deintegrate,">= 1.0.3,< 2.0",gem
CocoaPods/CocoaPods,forks,tzinfo,2.0.6,gem
CocoaPods/CocoaPods,forks,json,2.7.5,gem
CocoaPods/CocoaPods,forks,mocha,1.4.0,gem
CocoaPods/CocoaPods,forks,faraday-retry,1.0.4,gem
CocoaPods/CocoaPods,forks,mocha-on-bacon,0.2.3,gem
CocoaPods/CocoaPods,forks,cocoapods-downloader,">= 2.1,< 3.0",gem
CocoaPods/CocoaPods,forks,gh_inspector,~> 1.0,gem
CocoaPods/CocoaPods,forks,ruby-prof,1.7.1,gem
CocoaPods/CocoaPods,forks,kicker,3.0.0,gem
CocoaPods/CocoaPods,forks,regexp_parser,2.12.0,gem
CocoaPods/CocoaPods,forks,algoliasearch,1.27.5,gem
CocoaPods/CocoaPods,forks,ffi,1.17.0,gem
CocoaPods/CocoaPods,forks,ast,2.4.3,gem
CocoaPods/CocoaPods,forks,rubocop-ast,1.49.1,gem
CocoaPods/CocoaPods,forks,nkf,0.3.0,gem
CocoaPods/CocoaPods,forks,open4,1.3.4,gem
CocoaPods/CocoaPods,forks,crack,1.0.0,gem
CocoaPods/CocoaPods,forks,i18n,1.14.6,gem
CocoaPods/CocoaPods,forks,track_open_instances,0.1.15,gem
CocoaPods/CocoaPods,forks,faraday-httpclient,1.0.1,gem
CocoaPods/CocoaPods,forks,term-ansicolor,1.11.2,gem
CocoaPods/CocoaPods,forks,public_suffix,4.0.7,gem
CocoaPods/CocoaPods,forks,cork,0.3.0,gem
CocoaPods/CocoaPods,forks,faraday-em_synchrony,1.0.1,gem
CocoaPods/CocoaPods,forks,faraday-em_http,1.0.0,gem
CocoaPods/CocoaPods,forks,simplecov-html,0.13.1,gem
CocoaPods/CocoaPods,forks,faraday-rack,1.0.0,gem
CocoaPods/CocoaPods,forks,slop,3.6.0,gem
CocoaPods/CocoaPods,forks,multipart-post,2.4.1,gem
CocoaPods/CocoaPods,forks,parser,3.3.11.1,gem
CocoaPods/CocoaPods,forks,mutex_m,0.3.0,gem
CocoaPods/CocoaPods,forks,gh_inspector,1.1.3,gem
CocoaPods/CocoaPods,forks,xcodeproj,">= 1.28.1,< 2.0",gem
CocoaPods/CocoaPods,forks,rb-fsevent,0.11.2,gem
CocoaPods/CocoaPods,forks,awesome_print,1.9.2,gem
CocoaPods/CocoaPods,forks,rexml,3.4.4,gem
CocoaPods/CocoaPods,forks,zeitwerk,2.6.18,gem
CocoaPods/CocoaPods,forks,bigdecimal,3.1.8,gem
CocoaPods/CocoaPods,forks,ethon,0.16.0,gem
CocoaPods/CocoaPods,forks,faraday-excon,1.1.0,gem
CocoaPods/CocoaPods,forks,addressable,2.9.0,gem
CocoaPods/CocoaPods,forks,kramdown,2.5.2,gem
CocoaPods/CocoaPods,forks,webmock,3.24.0,gem
CocoaPods/CocoaPods,forks,diffy,3.4.3,gem
CocoaPods/CocoaPods,forks,addressable,~> 2.8,gem
CocoaPods/CocoaPods,forks,hashdiff,1.1.1,gem
CocoaPods/CocoaPods,forks,prettybacon,0.0.2,gem
CocoaPods/CocoaPods,forks,rb-inotify,0.11.1,gem
CocoaPods/CocoaPods,forks,ruby-macho,4.1.0,gem
CocoaPods/CocoaPods,forks,method_source,0.8.2,gem
CocoaPods/CocoaPods,forks,octokit,4.18.0,gem
CocoaPods/CocoaPods,forks,rubocop,1.88.1,gem
CocoaPods/CocoaPods,forks,racc,1.8.1,gem
CocoaPods/CocoaPods,forks,ruby-graphviz,1.2.4,gem
CocoaPods/CocoaPods,forks,rchardet,1.10.2,gem
CocoaPods/CocoaPods,forks,cocoapods-dependencies,1.3.0,gem
CocoaPods/CocoaPods,forks,CFPropertyList,3.0.8,gem
CocoaPods/CocoaPods,forks,colored2,~> 3.1,gem
CocoaPods/CocoaPods,forks,coderay,1.1.3,gem
CocoaPods/CocoaPods,forks,fourflusher,2.3.1,gem
CocoaPods/CocoaPods,forks,rake,~> 12.3,gem
CocoaPods/CocoaPods,forks,molinillo,~> 0.8.0,gem
CocoaPods/CocoaPods,forks,cocoapods-plugins,">= 1.0.0,< 2.0",gem
CocoaPods/CocoaPods,forks,metaclass,0.0.4,gem
CocoaPods/CocoaPods,forks,activesupport,6.1.7.10,gem
CocoaPods/CocoaPods,forks,faraday-http-cache,2.7.0,gem
CocoaPods/CocoaPods,forks,inch,0.8.0,gem
CocoaPods/CocoaPods,forks,parallel,2.1.0,gem
CocoaPods/CocoaPods,forks,faraday-net_http_persistent,1.2.0,gem
CocoaPods/CocoaPods,forks,ruby-macho,~> 4.1.0,gem
CocoaPods/CocoaPods,forks,typhoeus,1.4.1,gem
CocoaPods/CocoaPods,forks,unicode-display_width,3.2.0,gem
CocoaPods/CocoaPods,forks,notify,0.5.2,gem
CocoaPods/CocoaPods,forks,simplecov,0.22.0,gem
CocoaPods/CocoaPods,forks,kramdown-parser-gfm,1.1.0,gem
CocoaPods/CocoaPods,forks,minitest,5.25.1,gem
CocoaPods/CocoaPods,forks,rainbow,3.1.1,gem
CocoaPods/CocoaPods,forks,base64,0.3.0,gem
CocoaPods/CocoaPods,forks,danger,9.6.0,gem
CocoaPods/CocoaPods,forks,faraday-multipart,1.2.0,gem
CocoaPods/CocoaPods,forks,ruby2_keywords,0.0.5,gem
CocoaPods/CocoaPods,forks,nap,1.1.0,gem
CocoaPods/CocoaPods,forks,git,4.3.2,gem
CocoaPods/CocoaPods,forks,fuzzy_match,2.0.4,gem
learn-co-curriculum/phase-3-active-record-writing-migrations-lab,forks,rspec-mocks,3.10.2,gem
learn-co-curriculum/phase-3-active-record-writing-migrations-lab,forks,rake,13.0.6,gem
learn-co-curriculum/phase-3-active-record-writing-migrations-lab,forks,activemodel,6.1.4,gem
learn-co-curriculum/phase-3-active-record-writing-migrations-lab,forks,pry,0.14.1,gem
learn-co-curriculum/phase-3-active-record-writing-migrations-lab,forks,require_all,3.0.0,gem
learn-co-curriculum/phase-3-active-record-writing-migrations-lab,forks,rspec,3.10.0,gem
learn-co-curriculum/phase-3-active-record-writing-migrations-lab,forks,activerecord,6.1.4,gem
learn-co-curriculum/phase-3-active-record-writing-migrations-lab,forks,tilt,2.0.10,gem
learn-co-curriculum/phase-3-active-record-writing-migrations-lab,forks,sinatra-activerecord,2.0.23,gem
learn-co-curriculum/phase-3-active-record-writing-migrations-lab,forks,concurrent-ruby,1.1.9,gem
learn-co-curriculum/phase-3-active-record-writing-migrations-lab,forks,database_cleaner-active_record,2.0.1,gem
learn-co-curriculum/phase-3-active-record-writing-migrations-lab,forks,i18n,1.8.10,gem
learn-co-curriculum/phase-3-active-record-writing-migrations-lab,forks,rack,2.2.3,gem
learn-co-curriculum/phase-3-active-record-writing-migrations-lab,forks,rspec-support,3.10.2,gem
learn-co-curriculum/phase-3-active-record-writing-migrations-lab,forks,sqlite3,1.4.2,gem
learn-co-curriculum/phase-3-active-record-writing-migrations-lab,forks,ruby2_keywords,0.0.5,gem
learn-co-curriculum/phase-3-active-record-writing-migrations-lab,forks,method_source,1.0.0,gem
learn-co-curriculum/phase-3-active-record-writing-migrations-lab,forks,sinatra,2.1.0,gem
learn-co-curriculum/phase-3-active-record-writing-migrations-lab,forks,activesupport,6.1.4,gem
learn-co-curriculum/phase-3-active-record-writing-migrations-lab,forks,minitest,5.14.4,gem
learn-co-curriculum/phase-3-active-record-writing-migrations-lab,forks,database_cleaner-core,2.0.1,gem
learn-co-curriculum/phase-3-active-record-writing-migrations-lab,forks,database_cleaner,2.0.1,gem
learn-co-curriculum/phase-3-active-record-writing-migrations-lab,forks,rspec-expectations,3.10.1,gem
learn-co-curriculum/phase-3-active-record-writing-migrations-lab,forks,rspec-core,3.10.1,gem
learn-co-curriculum/phase-3-active-record-writing-migrations-lab,forks,diff-lcs,1.4.4,gem
learn-co-curriculum/phase-3-active-record-writing-migrations-lab,forks,tzinfo,2.0.4,gem
learn-co-curriculum/phase-3-active-record-writing-migrations-lab,forks,zeitwerk,2.4.2,gem
learn-co-curriculum/phase-3-active-record-writing-migrations-lab,forks,coderay,1.1.3,gem
learn-co-curriculum/phase-3-active-record-writing-migrations-lab,forks,rack-protection,2.1.0,gem
learn-co-curriculum/phase-3-active-record-writing-migrations-lab,forks,mustermann,1.1.1,gem
learn-co-curriculum/phase-4-rails-routing-basics-readme,forks,crass,1.0.6,gem
learn-co-curriculum/phase-4-rails-routing-basics-readme,forks,rspec-expectations,3.10.1,gem
learn-co-curriculum/phase-4-rails-routing-basics-readme,forks,rails-html-sanitizer,1.3.0,gem
learn-co-curriculum/phase-4-rails-routing-basics-readme,forks,shoulda-matchers,4.5.1,gem
learn-co-curriculum/phase-4-rails-routing-basics-readme,forks,mini_mime,1.0.3,gem
learn-co-curriculum/phase-4-rails-routing-basics-readme,forks,rspec-rails,5.0.1,gem
learn-co-curriculum/phase-4-rails-routing-basics-readme,forks,actioncable,6.1.3.1,gem
learn-co-curriculum/phase-4-rails-routing-basics-readme,forks,mail,2.7.1,gem
learn-co-curriculum/phase-4-rails-routing-basics-readme,forks,rb-fsevent,0.10.4,gem
learn-co-curriculum/phase-4-rails-routing-basics-readme,forks,ffi,1.15.0,gem
learn-co-curriculum/phase-4-rails-routing-basics-readme,forks,websocket-extensions,0.1.5,gem
learn-co-curriculum/phase-4-rails-routing-basics-readme,forks,sprockets,4.0.2,gem
learn-co-curriculum/phase-4-rails-routing-basics-readme,forks,activestorage,6.1.3.1,gem
learn-co-curriculum/phase-4-rails-routing-basics-readme,forks,puma,5.2.2,gem
learn-co-curriculum/phase-4-rails-routing-basics-readme,forks,concurrent-ruby,1.1.8,gem
learn-co-curriculum/phase-4-rails-routing-basics-readme,forks,rspec-mocks,3.10.2,gem
learn-co-curriculum/phase-4-rails-routing-basics-readme,forks,loofah,2.9.1,gem
learn-co-curriculum/phase-4-rails-routing-basics-readme,forks,globalid,0.4.2,gem
learn-co-curriculum/phase-4-rails-routing-basics-readme,forks,sprockets-rails,3.2.2,gem
learn-co-curriculum/phase-4-rails-routing-basics-readme,forks,sqlite3,1.4.2,gem
learn-co-curriculum/phase-4-rails-routing-basics-readme,forks,rails,6.1.3.1,gem
learn-co-curriculum/phase-4-rails-routing-basics-readme,forks,byebug,11.1.3,gem
learn-co-curriculum/phase-4-rails-routing-basics-readme,forks,erubi,1.10.0,gem
learn-co-curriculum/phase-4-rails-routing-basics-readme,forks,rake,13.0.3,gem
learn-co-curriculum/phase-4-rails-routing-basics-readme,forks,activemodel,6.1.3.1,gem
learn-co-curriculum/phase-4-rails-routing-basics-readme,forks,activerecord,6.1.3.1,gem
learn-co-curriculum/phase-4-rails-routing-basics-readme,forks,nio4r,2.5.7,gem
learn-co-curriculum/phase-4-rails-routing-basics-readme,forks,racc,1.5.2,gem
learn-co-curriculum/phase-4-rails-routing-basics-readme,forks,rack-cors,1.1.1,gem
learn-co-curriculum/phase-4-rails-routing-basics-readme,forks,builder,3.2.4,gem
learn-co-curriculum/phase-4-rails-routing-basics-readme,forks,activesupport,6.1.3.1,gem
learn-co-curriculum/phase-4-rails-routing-basics-readme,forks,thor,1.1.0,gem
learn-co-curriculum/phase-4-rails-routing-basics-readme,forks,websocket-driver,0.7.3,gem
learn-co-curriculum/phase-4-rails-routing-basics-readme,forks,activejob,6.1.3.1,gem
learn-co-curriculum/phase-4-rails-routing-basics-readme,forks,minitest,5.14.4,gem
learn-co-curriculum/phase-4-rails-routing-basics-readme,forks,marcel,1.0.1,gem
learn-co-curriculum/phase-4-rails-routing-basics-readme,forks,diff-lcs,1.4.4,gem
learn-co-curriculum/phase-4-rails-routing-basics-readme,forks,rspec-core,3.10.1,gem
learn-co-curriculum/phase-4-rails-routing-basics-readme,forks,actiontext,6.1.3.1,gem
learn-co-curriculum/phase-4-rails-routing-basics-readme,forks,actionmailer,6.1.3.1,gem
learn-co-curriculum/phase-4-rails-routing-basics-readme,forks,rspec-json_expectations,2.2.0,gem
learn-co-curriculum/phase-4-rails-routing-basics-readme,forks,method_source,1.0.0,gem
learn-co-curriculum/phase-4-rails-routing-basics-readme,forks,listen,3.5.1,gem
learn-co-curriculum/phase-4-rails-routing-basics-readme,forks,nokogiri,1.11.3-x86_64-darwin,gem
learn-co-curriculum/phase-4-rails-routing-basics-readme,forks,actionmailbox,6.1.3.1,gem
learn-co-curriculum/phase-4-rails-routing-basics-readme,forks,actionview,6.1.3.1,gem
learn-co-curriculum/phase-4-rails-routing-basics-readme,forks,actionpack,6.1.3.1,gem
learn-co-curriculum/phase-4-rails-routing-basics-readme,forks,tzinfo,2.0.4,gem
learn-co-curriculum/phase-4-rails-routing-basics-readme,forks,i18n,1.8.10,gem
learn-co-curriculum/phase-4-rails-routing-basics-readme,forks,railties,6.1.3.1,gem
learn-co-curriculum/phase-4-rails-routing-basics-readme,forks,rack,2.2.3,gem
learn-co-curriculum/phase-4-rails-routing-basics-readme,forks,rack-test,1.1.0,gem
learn-co-curriculum/phase-4-rails-routing-basics-readme,forks,rails-dom-testing,2.0.3,gem
learn-co-curriculum/phase-4-rails-routing-basics-readme,forks,zeitwerk,2.4.2,gem
learn-co-curriculum/phase-4-rails-routing-basics-readme,forks,rb-inotify,0.10.1,gem
learn-co-curriculum/phase-4-rails-routing-basics-readme,forks,rspec-support,3.10.2,gem
learn-co-curriculum/phase-3-active-record-migrations,forks,rack,2.2.3,gem
learn-co-curriculum/phase-3-active-record-migrations,forks,sqlite3,1.4.2,gem
learn-co-curriculum/phase-3-active-record-migrations,forks,sinatra,2.1.0,gem
learn-co-curriculum/phase-3-active-record-migrations,forks,rspec-support,3.10.2,gem
learn-co-curriculum/phase-3-active-record-migrations,forks,pry,0.14.1,gem
learn-co-curriculum/phase-3-active-record-migrations,forks,database_cleaner-active_record,2.0.1,gem
learn-co-curriculum/phase-3-active-record-migrations,forks,rspec-expectations,3.10.1,gem
learn-co-curriculum/phase-3-active-record-migrations,forks,ruby2_keywords,0.0.5,gem
learn-co-curriculum/phase-3-active-record-migrations,forks,activesupport,6.1.4,gem
learn-co-curriculum/phase-3-active-record-migrations,forks,rspec-core,3.10.1,gem
learn-co-curriculum/phase-3-active-record-migrations,forks,rake,13.0.6,gem
learn-co-curriculum/phase-3-active-record-migrations,forks,database_cleaner,2.0.1,gem
learn-co-curriculum/phase-3-active-record-migrations,forks,rspec,3.10.0,gem
learn-co-curriculum/phase-3-active-record-migrations,forks,diff-lcs,1.4.4,gem
learn-co-curriculum/phase-3-active-record-migrations,forks,i18n,1.8.10,gem
learn-co-curriculum/phase-3-active-record-migrations,forks,method_source,1.0.0,gem
learn-co-curriculum/phase-3-active-record-migrations,forks,tilt,2.0.10,gem
learn-co-curriculum/phase-3-active-record-migrations,forks,activerecord,6.1.4,gem
learn-co-curriculum/phase-3-active-record-migrations,forks,database_cleaner-core,2.0.1,gem
learn-co-curriculum/phase-3-active-record-migrations,forks,sinatra-activerecord,2.0.23,gem
learn-co-curriculum/phase-3-active-record-migrations,forks,mustermann,1.1.1,gem
learn-co-curriculum/phase-3-active-record-migrations,forks,require_all,3.0.0,gem
learn-co-curriculum/phase-3-active-record-migrations,forks,activemodel,6.1.4,gem
learn-co-curriculum/phase-3-active-record-migrations,forks,rspec-mocks,3.10.2,gem
learn-co-curriculum/phase-3-active-record-migrations,forks,coderay,1.1.3,gem
learn-co-curriculum/phase-3-active-record-migrations,forks,zeitwerk,2.4.2,gem
learn-co-curriculum/phase-3-active-record-migrations,forks,rack-protection,2.1.0,gem
learn-co-curriculum/phase-3-active-record-migrations,forks,minitest,5.14.4,gem
learn-co-curriculum/phase-3-active-record-migrations,forks,concurrent-ruby,1.1.9,gem
learn-co-curriculum/phase-3-active-record-migrations,forks,tzinfo,2.0.4,gem
imathis/octopress,forks,sinatra,~> 1.4.2,gem
imathis/octopress,forks,jekyll-sitemap,>= 0,gem
imathis/octopress,forks,haml,~> 4.0,gem
imathis/octopress,forks,RedCloth,~> 4.2.9,gem
imathis/octopress,forks,stringex,~> 1.4.0,gem
imathis/octopress,forks,octopress-hooks,~> 2.2,gem
imathis/octopress,forks,octopress-date-format,~> 2.0,gem
imathis/octopress,forks,jekyll,~> 2.0,gem
imathis/octopress,forks,sass-globbing,~> 1.0.0,gem
imathis/octopress,forks,rb-fsevent,~> 0.9,gem
imathis/octopress,forks,compass,~> 1.0.1,gem
imathis/octopress,forks,rake,~> 10.0,gem
imathis/octopress,forks,rdiscount,~> 2.0,gem
thoughtbot/factory_bot,forks,simplecov-html,0.13.2,gem
thoughtbot/factory_bot,forks,base64,0.3.0,gem
thoughtbot/factory_bot,forks,timeout,0.4.3,gem
thoughtbot/factory_bot,forks,yard,>= 0,gem
thoughtbot/factory_bot,forks,memoist3,1.0.0,gem
thoughtbot/factory_bot,forks,tzinfo,2.0.6,gem
thoughtbot/factory_bot,forks,rake,13.3.0,gem
thoughtbot/factory_bot,forks,mutex_m,0.3.0,gem
thoughtbot/factory_bot,forks,json,2.15.1,gem
thoughtbot/factory_bot,forks,cucumber,10.1.1,gem
thoughtbot/factory_bot,forks,i18n,1.14.7,gem
thoughtbot/factory_bot,forks,standard-performance,1.8.0,gem
thoughtbot/factory_bot,forks,appraisal,2.5.0,gem
thoughtbot/factory_bot,forks,cucumber-core,15.2.1,gem
thoughtbot/factory_bot,forks,cucumber-messages,27.2.0,gem
thoughtbot/factory_bot,forks,rake,>= 0,gem
thoughtbot/factory_bot,forks,aruba,2.3.2,gem
thoughtbot/factory_bot,forks,rspec,3.13.1,gem
thoughtbot/factory_bot,forks,rspec-its,>= 0,gem
thoughtbot/factory_bot,forks,rubocop-ast,1.47.1,gem
thoughtbot/factory_bot,forks,builder,3.3.0,gem
thoughtbot/factory_bot,forks,ast,2.4.3,gem
thoughtbot/factory_bot,forks,ostruct,0.6.3,gem
thoughtbot/factory_bot,forks,drb,2.2.3,gem
thoughtbot/factory_bot,forks,activerecord,>= 0,gem
thoughtbot/factory_bot,forks,activesupport,>= 6.1.0,gem
thoughtbot/factory_bot,forks,yard,0.9.37,gem
thoughtbot/factory_bot,forks,rspec-mocks,3.13.5,gem
thoughtbot/factory_bot,forks,securerandom,0.4.1,gem
thoughtbot/factory_bot,forks,rspec-support,3.13.6,gem
thoughtbot/factory_bot,forks,regexp_parser,2.11.3,gem
thoughtbot/factory_bot,forks,ostruct,>= 0,gem
thoughtbot/factory_bot,forks,simplecov,0.22.0,gem
thoughtbot/factory_bot,forks,rspec-expectations,3.13.5,gem
thoughtbot/factory_bot,forks,cucumber-tag-expressions,6.1.2,gem
thoughtbot/factory_bot,forks,benchmark,0.4.1,gem
thoughtbot/factory_bot,forks,cucumber-html-formatter,21.15.1,gem
thoughtbot/factory_bot,forks,logger,1.7.0,gem
thoughtbot/factory_bot,forks,appraisal,>= 0,gem
thoughtbot/factory_bot,forks,multi_test,1.1.0,gem
thoughtbot/factory_bot,forks,mini_portile2,2.8.8,gem
thoughtbot/factory_bot,forks,thor,1.4.0,gem
thoughtbot/factory_bot,forks,unicode-display_width,3.2.0,gem
thoughtbot/factory_bot,forks,language_server-protocol,3.17.0.5,gem
thoughtbot/factory_bot,forks,cucumber-gherkin,32.2.0,gem
thoughtbot/factory_bot,forks,ffi,1.17.2,gem
thoughtbot/factory_bot,forks,racc,1.8.1,gem
thoughtbot/factory_bot,forks,parser,3.3.9.0,gem
thoughtbot/factory_bot,forks,rainbow,3.1.1,gem
thoughtbot/factory_bot,forks,rspec,>= 0,gem
thoughtbot/factory_bot,forks,rubocop-performance,1.25.0,gem
thoughtbot/factory_bot,forks,concurrent-ruby,1.3.5,gem
thoughtbot/factory_bot,forks,contracts,0.17.3,gem
thoughtbot/factory_bot,forks,mini_mime,1.1.5,gem
thoughtbot/factory_bot,forks,activerecord,8.0.3,gem
thoughtbot/factory_bot,forks,sys-uname,1.4.1,gem
thoughtbot/factory_bot,forks,connection_pool,2.5.4,gem
thoughtbot/factory_bot,forks,mutex_m,>= 0,gem
thoughtbot/factory_bot,forks,unicode-emoji,4.2.0,gem
thoughtbot/factory_bot,forks,sqlite3,2.5.0,gem
thoughtbot/factory_bot,forks,rubocop,1.80.2,gem
thoughtbot/factory_bot,forks,activemodel,8.0.3,gem
thoughtbot/factory_bot,forks,standard,>= 0,gem
thoughtbot/factory_bot,forks,aruba,>= 0,gem
thoughtbot/factory_bot,forks,simplecov,>= 0,gem
thoughtbot/factory_bot,forks,simplecov_json_formatter,0.1.4,gem
thoughtbot/factory_bot,forks,parallel,1.27.0,gem
thoughtbot/factory_bot,forks,activesupport,8.0.3,gem
thoughtbot/factory_bot,forks,standard,1.51.1,gem
thoughtbot/factory_bot,forks,docile,1.4.1,gem
thoughtbot/factory_bot,forks,diff-lcs,1.6.2,gem
thoughtbot/factory_bot,forks,ruby-progressbar,1.13.0,gem
thoughtbot/factory_bot,forks,rspec-its,2.0.0,gem
thoughtbot/factory_bot,forks,prism,1.5.2,gem
thoughtbot/factory_bot,forks,lint_roller,1.1.0,gem
thoughtbot/factory_bot,forks,minitest,6.0.6,gem
thoughtbot/factory_bot,forks,cucumber-cucumber-expressions,18.0.1,gem
thoughtbot/factory_bot,forks,cucumber-ci-environment,10.0.1,gem
thoughtbot/factory_bot,forks,rspec-core,3.13.5,gem
thoughtbot/factory_bot,forks,uri,1.0.4,gem
thoughtbot/factory_bot,forks,standard-custom,1.0.2,gem
thoughtbot/factory_bot,forks,bigdecimal,3.3.1,gem
learn-co-curriculum/phase-3-active-record-translating-from-orm-to-ar,forks,activemodel,6.1.4,gem
learn-co-curriculum/phase-3-active-record-translating-from-orm-to-ar,forks,activesupport,6.1.4,gem
learn-co-curriculum/phase-3-active-record-translating-from-orm-to-ar,forks,rspec,3.10.0,gem
learn-co-curriculum/phase-3-active-record-translating-from-orm-to-ar,forks,database_cleaner,2.0.1,gem
learn-co-curriculum/phase-3-active-record-translating-from-orm-to-ar,forks,method_source,1.0.0,gem
learn-co-curriculum/phase-3-active-record-translating-from-orm-to-ar,forks,database_cleaner-active_record,2.0.1,gem
learn-co-curriculum/phase-3-active-record-translating-from-orm-to-ar,forks,minitest,5.14.4,gem
learn-co-curriculum/phase-3-active-record-translating-from-orm-to-ar,forks,rspec-core,3.10.1,gem
learn-co-curriculum/phase-3-active-record-translating-from-orm-to-ar,forks,rspec-mocks,3.10.2,gem
learn-co-curriculum/phase-3-active-record-translating-from-orm-to-ar,forks,zeitwerk,2.4.2,gem
learn-co-curriculum/phase-3-active-record-translating-from-orm-to-ar,forks,rspec-support,3.10.2,gem
learn-co-curriculum/phase-3-active-record-translating-from-orm-to-ar,forks,tzinfo,2.0.4,gem
learn-co-curriculum/phase-3-active-record-translating-from-orm-to-ar,forks,sqlite3,1.4.2,gem
learn-co-curriculum/phase-3-active-record-translating-from-orm-to-ar,forks,activerecord,6.1.4,gem
learn-co-curriculum/phase-3-active-record-translating-from-orm-to-ar,forks,json,1.8.6,gem
learn-co-curriculum/phase-3-active-record-translating-from-orm-to-ar,forks,rake,13.0.6,gem
learn-co-curriculum/phase-3-active-record-translating-from-orm-to-ar,forks,database_cleaner-core,2.0.1,gem
learn-co-curriculum/phase-3-active-record-translating-from-orm-to-ar,forks,i18n,1.8.10,gem
learn-co-curriculum/phase-3-active-record-translating-from-orm-to-ar,forks,coderay,1.1.3,gem
learn-co-curriculum/phase-3-active-record-translating-from-orm-to-ar,forks,concurrent-ruby,1.1.9,gem
learn-co-curriculum/phase-3-active-record-translating-from-orm-to-ar,forks,diff-lcs,1.4.4,gem
learn-co-curriculum/phase-3-active-record-translating-from-orm-to-ar,forks,pry,0.14.1,gem
learn-co-curriculum/phase-3-active-record-translating-from-orm-to-ar,forks,rspec-expectations,3.10.1,gem
chef/chef,forks,rack,2.2.9,gem
chef/chef,forks,rubyzip,2.3.2,gem
chef/chef,forks,rexml,3.4.4,gem
chef/chef,forks,aws-sigv4,1.12.1,gem
chef/chef,forks,mixlib-cli,2.1.8,gem
chef/chef,forks,net-protocol,0.2.2,gem
chef/chef,forks,parser,3.3.11.1,gem
chef/chef,forks,rackup,2.3.1,gem
chef/chef,forks,chef-config,18.4.12,gem
chef/chef,forks,chef-zero,15.1.11,gem
chef/chef,forks,concurrent-ruby,1.3.7,gem
chef/chef,forks,parallel,1.25.1,gem
chef/chef,forks,rake,>= 0,gem
chef/chef,forks,addressable,>= 2.9.0,gem
chef/chef,forks,chef-winrm-elevated,1.2.5,gem
chef/chef,forks,date,3.3.4,gem
chef/chef,forks,rexml,3.3.6,gem
chef/chef,forks,faraday-http-cache,2.7.0,gem
chef/chef,forks,win32-api,1.10.1,gem
chef/chef,forks,ruby-progressbar,1.13.0,gem
chef/chef,forks,sawyer,0.9.2,gem
chef/chef,forks,aws-sdk-secretsmanager,1.101.0,gem
chef/chef,forks,csv,~> 3.3.5,gem
chef/chef,forks,syslog-logger,1.6.8,gem
chef/chef,forks,aws-sdk-s3,1.116.0,gem
chef/chef,forks,win32-taskscheduler,~> 2.0,gem
chef/chef,forks,unicode_utils,1.4.0,gem
chef/chef,forks,chef-winrm,2.5.0,gem
chef/chef,forks,rainbow,3.1.1,gem
chef/chef,forks,tty-reader,0.9.0,gem
chef/chef,forks,parslet,2.0.0,gem
chef/chef,forks,mime-types,3.7.0,gem
chef/chef,forks,jmespath,1.6.2,gem
chef/chef,forks,bcrypt_pbkdf,~> 1.0,gem
chef/chef,forks,faraday-net_http,3.4.4,gem
chef/chef,forks,erubis,2.7.0,gem
chef/chef,forks,chef-cleanroom,1.0.5,gem
chef/chef,forks,rspec-mocks,3.11.2,gem
chef/chef,forks,nori,2.7.0,gem
chef/chef,forks,iso8601,">= 0.12.1,< 0.14",gem
chef/chef,forks,mixlib-cli,">= 2.1.1,< 3.0",gem
chef/chef,forks,mixlib-log,">= 2.0.3,< 4.0",gem
chef/chef,forks,mixlib-shellout,">= 3.3.8,< 3.5.0",gem
chef/chef,forks,webrick,1.9.2,gem
chef/chef,forks,syslog,0.4.0,gem
chef/chef,forks,crack,1.0.1,gem
chef/chef,forks,aws-sdk-s3,1.227.0,gem
chef/chef,forks,method_source,1.1.0,gem
chef/chef,forks,ohai,~> 19.0,gem
chef/chef,forks,faraday-follow_redirects,0.5.0,gem
chef/chef,forks,net-ssh,7.3.3,gem
chef/chef,forks,racc,1.8.1,gem
chef/chef,forks,winrm-fs,1.3.5,gem
chef/chef,forks,uuidtools,2.2.0,gem
chef/chef,forks,thor,1.3.1,gem
chef/chef,forks,uri,">= 1.0.4,< 1.2.0",gem
chef/chef,forks,cookstyle,8.7.6,gem
chef/chef,forks,logging,2.4.0,gem
chef/chef,forks,license-acceptance,2.1.13,gem
chef/chef,forks,win32-eventlog,0.6.3,gem
chef/chef,forks,chef-zero,~> 15.1.0,gem
chef/chef,forks,train-rest,>= 0.4.1,gem
chef/chef,forks,wmi-lite,1.0.7,gem
chef/chef,forks,mixlib-shellout,3.4.10,gem
chef/chef,forks,win32-event,0.6.3,gem
chef/chef,forks,rubocop-ast,1.50.0,gem
chef/chef,forks,tty-table,0.12.0,gem
chef/chef,forks,vault,0.18.2,gem
chef/chef,forks,train-winrm,>= 0.2.17,gem
chef/chef,forks,net-sftp,4.0.0,gem
chef/chef,forks,uuidtools,3.0.0,gem
chef/chef,forks,ffi-win32-extensions,1.0.4,gem
chef/chef,forks,aws-sdk-kms,1.130.0,gem
chef/chef,forks,iostruct,0.1.2,gem
chef/chef,forks,mixlib-shellout,3.2.8,gem
chef/chef,forks,retryable,3.0.5,gem
chef/chef,forks,tsort,0.2.0,gem
chef/chef,forks,tty-spinner,0.9.3,gem
chef/chef,forks,win32-service,2.3.2,gem
chef/chef,forks,aws-sdk-core,3.201.1,gem
chef/chef,forks,pry-byebug,3.12.0,gem
chef/chef,forks,pastel,0.8.0,gem
chef/chef,forks,pry,0.16.0,gem
chef/chef,forks,rspec-core,3.13.6,gem
chef/chef,forks,aws-sdk-core,3.254.0,gem
chef/chef,forks,ed25519,1.4.0,gem
chef/chef,forks,ostruct,0.6.3,gem
chef/chef,forks,diff-lcs,1.5.1,gem
chef/chef,forks,ed25519,1.3.0,gem
chef/chef,forks,erubi,1.13.0,gem
chef/chef,forks,concurrent-ruby,>= 1.3.7,gem
chef/chef,forks,unf_ext,0.0.9.1,gem
chef/chef,forks,csv,3.3.5,gem
chef/chef,forks,awesome_print,1.9.2,gem
chef/chef,forks,http-accept,1.7.0,gem
chef/chef,forks,concurrent-ruby,1.3.3,gem
chef/chef,forks,inspec-core,5.22.3,gem
chef/chef,forks,timeout,0.4.1,gem
chef/chef,forks,benchmark,0.5.0,gem
chef/chef,forks,pstore,0.1.4,gem
chef/chef,forks,rspec-its,1.3.0,gem
chef/chef,forks,mixlib-archive,1.1.7,gem
chef/chef,forks,tomlrb,2.0.4,gem
chef/chef,forks,rbs,4.0.3,gem
chef/chef,forks,structured_warnings,0.5.0,gem
chef/chef,forks,chef-zero,15.0.11,gem
chef/chef,forks,rspec,3.11.0,gem
chef/chef,forks,chef-powershell,~> 18.6.6,gem
chef/chef,forks,plist,~> 3.2,gem
chef/chef,forks,rspec,3.13.2,gem
chef/chef,forks,http-cookie,1.1.6,gem
chef/chef,forks,molinillo,0.8.0,gem
chef/chef,forks,toml-rb,2.2.0,gem
chef/chef,forks,ffi-yajl,2.6.0,gem
chef/chef,forks,octokit,4.25.1,gem
chef/chef,forks,tty-cursor,0.7.1,gem
chef/chef,forks,logger,1.7.0,gem
chef/chef,forks,tty-color,0.6.0,gem
chef/chef,forks,train-core,3.16.5,gem
chef/chef,forks,mixlib-authentication,3.0.10,gem
chef/chef,forks,prism,1.9.0,gem
chef/chef,forks,plist,3.7.2,gem
chef/chef,forks,faraday-follow_redirects,0.3.0,gem
chef/chef,forks,bcrypt_pbkdf,1.1.2,gem
chef/chef,forks,lint_roller,1.1.0,gem
chef/chef,forks,test-kitchen,3.6.0,gem
chef/chef,forks,win32-event,~> 0.6.1,gem
chef/chef,forks,racc,>= 0,gem
chef/chef,forks,diff-lcs,~> 1.6.0,gem
chef/chef,forks,chef-licensing,1.4.1,gem
chef/chef,forks,webrick,1.8.2,gem
chef/chef,forks,minitar,0.9,gem
chef/chef,forks,artifactory,3.0.17,gem
chef/chef,forks,ohai,18.1.3,gem
chef/chef,forks,unf_ext,0.0.8.2,gem
chef/chef,forks,mixlib-archive,">= 0.4,< 2.0",gem
chef/chef,forks,syslog-logger,~> 1.6,gem
chef/chef,forks,socksify,1.8.1,gem
chef/chef,forks,hashie,5.1.0,gem
chef/chef,forks,aws-sigv4,1.8.0,gem
chef/chef,forks,chef-powershell,18.1.0,gem
chef/chef,forks,aws-sdk-kms,1.88.0,gem
chef/chef,forks,train-winrm,0.4.3,gem
chef/chef,forks,chef-telemetry,1.1.1,gem
chef/chef,forks,corefoundation,0.3.13,gem
chef/chef,forks,time,0.3.0,gem
chef/chef,forks,unf_ext,~> 0.0.9.1,gem
chef/chef,forks,rake,13.4.2,gem
chef/chef,forks,aws-sdk-secretsmanager,1.134.0,gem
chef/chef,forks,win32-mmap,0.4.2,gem
chef/chef,forks,tty-screen,0.8.2,gem
chef/chef,forks,inspec-core,7.2.1,gem
chef/chef,forks,mixlib-log,3.2.3,gem
chef/chef,forks,net-http,0.4.1,gem
chef/chef,forks,aws-eventstream,1.3.0,gem
chef/chef,forks,win32-service,">= 2.1.5,< 3.0",gem
chef/chef,forks,chef-licensing,~> 1.3,gem
chef/chef,forks,debug_inspector,1.2.0,gem
chef/chef,forks,win32-ipc,0.7.0,gem
chef/chef,forks,domain_name,0.6.20240107,gem
chef/chef,forks,pedump,0.6.10,gem
chef/chef,forks,ed25519,~> 1.2,gem
chef/chef,forks,repl_type_completor,0.1.15,gem
chef/chef,forks,wisper,2.0.1,gem
chef/chef,forks,rack,3.2.6,gem
chef/chef,forks,chef-utils,18.4.12,gem
chef/chef,forks,win32-process,~> 0.9,gem
chef/chef,forks,syslog,>= 0,gem
chef/chef,forks,win32-eventlog,0.6.7,gem
chef/chef,forks,win32-mutex,0.4.3,gem
chef/chef,forks,corefoundation,0.3.19,gem
chef/chef,forks,faraday-net_http,3.1.0,gem
chef/chef,forks,multi_json,1.15.0,gem
chef/chef,forks,hashie,4.1.0,gem
chef/chef,forks,json,2.21.2,gem
chef/chef,forks,rubyntlm,0.6.5,gem
chef/chef,forks,citrus,3.0.2,gem
chef/chef,forks,aws-partitions,1.953.0,gem
chef/chef,forks,wmi-lite,~> 1.0,gem
chef/chef,forks,tomlrb,">= 1.2,< 3.0",gem
chef/chef,forks,erubis,~> 2.7,gem
chef/chef,forks,faraday,2.14.3,gem
chef/chef,forks,train-core,3.12.5,gem
chef/chef,forks,berkshelf,8.0.9,gem
chef/chef,forks,mixlib-config,3.0.27,gem
chef/chef,forks,train-rest,0.5.0,gem
chef/chef,forks,stringio,3.2.0,gem
chef/chef,forks,base64,0.3.0,gem
chef/chef,forks,rspec-support,3.13.7,gem
chef/chef,forks,net-ftp,0.3.9,gem
chef/chef,forks,ast,2.4.3,gem
chef/chef,forks,bigdecimal,3.1.8,gem
chef/chef,forks,license-acceptance,">= 1.0.5,< 3",gem
chef/chef,forks,mixlib-authentication,">= 2.1,< 4",gem
chef/chef,forks,vault,0.20.1,gem
chef/chef,forks,base64,0.2.0,gem
chef/chef,forks,logger,1.6.0,gem
chef/chef,forks,license_scout,1.3.14,gem
chef/chef,forks,pry,0.14.2,gem
chef/chef,forks,iso8601,0.13.0,gem
chef/chef,forks,net-http-persistent,4.0.8,gem
chef/chef,forks,openssl,3.3.3,gem
chef/chef,forks,gyoku,1.4.0,gem
chef/chef,forks,public_suffix,6.0.0,gem
chef/chef,forks,rake,>= 12.3.3,gem
chef/chef,forks,fauxhai-ng,>= 0,gem
chef/chef,forks,win32-taskscheduler,2.0.4,gem
chef/chef,forks,win32-api,~> 1.10.0,gem
chef/chef,forks,win32-mmap,~> 0.4.1,gem
chef/chef,forks,train-core,"~> 3.13,>= 3.13.4",gem
chef/chef,forks,mixlib-log,3.0.9,gem
chef/chef,forks,fuzzyurl,>= 0,gem
chef/chef,forks,win32-process,0.10.0,gem
chef/chef,forks,language_server-protocol,3.17.0.6,gem
chef/chef,forks,gssapi,1.3.1,gem
chef/chef,forks,date,3.5.1,gem
chef/chef,forks,erubi,1.13.1,gem
chef/chef,forks,rubocop,1.86.1,gem
chef/chef,forks,ffi-libarchive,1.1.14,gem
chef/chef,forks,reline,0.6.3,gem
chef/chef,forks,hashdiff,1.2.1,gem
chef/chef,forks,winrm-elevated,1.2.3,gem
chef/chef,forks,winrm,2.3.8,gem
chef/chef,forks,unicode-display_width,2.6.0,gem
chef/chef,forks,byebug,13.0.0,gem
chef/chef,forks,chef-vault,4.2.12,gem
chef/chef,forks,aws-sdk-secretsmanager,~> 1.46,gem
chef/chef,forks,strings-ansi,0.2.0,gem
chef/chef,forks,strings,0.2.1,gem
chef/chef,forks,binding_of_caller,2.0.0,gem
chef/chef,forks,builder,3.3.0,gem
chef/chef,forks,ffi,">= 1.15.5,< 1.18.0",gem
chef/chef,forks,netrc,0.11.0,gem
chef/chef,forks,multi_json,1.21.1,gem
chef/chef,forks,cleanroom,1.0.0,gem
chef/chef,forks,net-sftp,">= 2.1.2,< 5.0",gem
chef/chef,forks,rb-readline,0.5.5,gem
chef/chef,forks,chef-powershell,18.6.6,gem
chef/chef,forks,tty-box,0.7.0,gem
chef/chef,forks,chef-ruby-shadow,3.0.0,gem
chef/chef,forks,parslet,1.8.2,gem
chef/chef,forks,regexp_parser,2.12.0,gem
chef/chef,forks,fuzzyurl,0.9.0,gem
chef/chef,forks,diff-lcs,1.6.2,gem
chef/chef,forks,rspec-expectations,3.11.1,gem
chef/chef,forks,mixlib-versioning,1.2.12,gem
chef/chef,forks,rspec-support,3.11.1,gem
chef/chef,forks,vault,">= 0.18.2,< 0.21.0",gem
chef/chef,forks,iniparse,~> 1.4,gem
chef/chef,forks,parallel,1.28.0,gem
chef/chef,forks,nori,2.9.1,gem
chef/chef,forks,public_suffix,6.0.2,gem
chef/chef,forks,ipaddress,0.8.3,gem
chef/chef,forks,mixlib-config,">= 2.2.12,< 4.0",gem
chef/chef,forks,rubyzip,2.4.1,gem
chef/chef,forks,libyajl2,2.1.0,gem
chef/chef,forks,kitchen-vagrant,2.0.1,gem
chef/chef,forks,zhexdump,0.1.1,gem
chef/chef,forks,iniparse,1.5.0,gem
chef/chef,forks,appbundler,0.13.4,gem
chef/chef,forks,httpclient,2.9.0,gem
chef/chef,forks,faraday,2.10.0,gem
chef/chef,forks,tomlrb,1.3.0,gem
chef/chef,forks,chef-winrm-fs,1.4.2,gem
chef/chef,forks,rspec-its,2.0.0,gem
chef/chef,forks,mixlib-archive,1.3.3,gem
chef/chef,forks,net-ssh-gateway,2.0.0,gem
chef/chef,forks,solve,4.0.4,gem
chef/chef,forks,rest-client,2.1.0,gem
chef/chef,forks,unicode-display_width,2.5.0,gem
chef/chef,forks,win32-certstore,~> 0.6.15,gem
chef/chef,forks,structured_warnings,0.4.0,gem
chef/chef,forks,rspec-expectations,3.13.5,gem
chef/chef,forks,tty-prompt,0.23.1,gem
chef/chef,forks,uri,1.1.1,gem
chef/chef,forks,connection_pool,3.0.2,gem
chef/chef,forks,ffi-yajl,2.7.11,gem
chef/chef,forks,mixlib-install,3.12.30,gem
chef/chef,forks,webmock,3.26.3,gem
chef/chef,forks,chef-gyoku,1.5.0,gem
chef/chef,forks,aws-eventstream,1.4.0,gem
chef/chef,forks,rspec-core,3.11.0,gem
chef/chef,forks,http-cookie,1.0.6,gem
chef/chef,forks,httpclient,2.8.3,gem
chef/chef,forks,chef,18.4.12,gem
chef/chef,forks,ffi-libarchive,"~> 1.0,>= 1.0.3",gem
chef/chef,forks,corefoundation,~> 0.3.19,gem
chef/chef,forks,http-accept,2.1.1,gem
chef/chef,forks,pry-stack_explorer,0.6.3,gem
chef/chef,forks,aws-partitions,1.1268.0,gem
chef/chef,forks,mime-types-data,3.2026.0701,gem
chef/chef,forks,rspec-mocks,3.13.8,gem
chef/chef,forks,uri,0.13.0,gem
chef/chef,forks,bcrypt_pbkdf,1.1.1,gem
chef/chef,forks,plist,3.7.1,gem
chef/chef,forks,chef-vault,4.1.11,gem
chef/chef,forks,contracts,0.16.1,gem
chef/chef,forks,ffi,1.17.4,gem
chef/chef,forks,addressable,2.9.0,gem
chef/chef,forks,fauxhai-ng,9.3.0,gem
chef/chef,forks,mutex_m,0.3.0,gem
chef/chef,forks,thor,1.4.0,gem
chef/chef,forks,multipart-post,2.4.1,gem
chef/chef,forks,aws-sdk-s3,~> 1.91,gem
chef/chef,forks,semverse,3.0.2,gem
chef/chef,forks,bigdecimal,4.1.2,gem
chef/chef,forks,strscan,3.1.0,gem
chef/chef,forks,net-ssh,7.2.3,gem
chef/chef,forks,net-ftp,0.3.7,gem
chef/chef,forks,win32-mutex,~> 0.4.2,gem
chef/chef,forks,io-console,0.8.2,gem
chef/chef,forks,little-plugger,1.1.4,gem
chef/chef,forks,sslshake,1.3.1,gem
chef/chef,forks,ffi,1.16.3,gem
chef/chef,forks,addressable,2.8.7,gem
chef/chef,forks,mime-types-data,3.2024.0702,gem
chef/chef,forks,net-scp,4.0.0,gem
chef/chef,forks,mixlib-shellout,">= 2.0,< 4.0",gem
chef/chef,forks,proxifier2,~> 1.1,gem
chef/chef,forks,time,0.4.2,gem
chef/chef,forks,coderay,1.1.3,gem
chef/chef,forks,win32-certstore,0.6.16,gem
chef/chef,forks,timeout,0.6.1,gem
chef/chef,forks,inspec-core-bin,7.2.1,gem
chef/chef,forks,json,2.7.2,gem
chef/chef,forks,mime-types,3.5.2,gem
chef/chef,forks,chef-vault,>= 0,gem
chef/chef,forks,net-http,0.9.1,gem
chef/chef,forks,proxifier2,1.1.0,gem
chef/chef,forks,train-winrm,0.2.13,gem
chef/chef,forks,rspec,>= 0,gem
chef/chef,forks,net-ftp,>= 0,gem
chef/chef,forks,inspec-core,~> 7.2.1,gem
chef/chef,forks,net-scp,4.1.0,gem
learn-co-curriculum/phase-4-rails-resources-index-show,forks,activemodel,6.1.3.1,gem
learn-co-curriculum/phase-4-rails-resources-index-show,forks,minitest,5.14.4,gem
learn-co-curriculum/phase-4-rails-resources-index-show,forks,websocket-driver,0.7.3,gem
learn-co-curriculum/phase-4-rails-resources-index-show,forks,nokogiri,1.11.3-x86_64-darwin,gem
learn-co-curriculum/phase-4-rails-resources-index-show,forks,rails-html-sanitizer,1.3.0,gem
learn-co-curriculum/phase-4-rails-resources-index-show,forks,rspec-support,3.10.2,gem
learn-co-curriculum/phase-4-rails-resources-index-show,forks,globalid,0.4.2,gem
learn-co-curriculum/phase-4-rails-resources-index-show,forks,activesupport,6.1.3.1,gem
learn-co-curriculum/phase-4-rails-resources-index-show,forks,loofah,2.9.1,gem
learn-co-curriculum/phase-4-rails-resources-index-show,forks,rake,13.0.3,gem
learn-co-curriculum/phase-4-rails-resources-index-show,forks,actionpack,6.1.3.1,gem
learn-co-curriculum/phase-4-rails-resources-index-show,forks,rails,6.1.3.1,gem
learn-co-curriculum/phase-4-rails-resources-index-show,forks,i18n,1.8.10,gem
learn-co-curriculum/phase-4-rails-resources-index-show,forks,mail,2.7.1,gem
learn-co-curriculum/phase-4-rails-resources-index-show,forks,concurrent-ruby,1.1.8,gem
learn-co-curriculum/phase-4-rails-resources-index-show,forks,rb-fsevent,0.10.4,gem
learn-co-curriculum/phase-4-rails-resources-index-show,forks,activejob,6.1.3.1,gem
learn-co-curriculum/phase-4-rails-resources-index-show,forks,rb-inotify,0.10.1,gem
learn-co-curriculum/phase-4-rails-resources-index-show,forks,rspec-rails,5.0.1,gem
learn-co-curriculum/phase-4-rails-resources-index-show,forks,rspec-json_expectations,2.2.0,gem
learn-co-curriculum/phase-4-rails-resources-index-show,forks,actionmailer,6.1.3.1,gem
learn-co-curriculum/phase-4-rails-resources-index-show,forks,crass,1.0.6,gem
learn-co-curriculum/phase-4-rails-resources-index-show,forks,actioncable,6.1.3.1,gem
learn-co-curriculum/phase-4-rails-resources-index-show,forks,rack,2.2.3,gem
learn-co-curriculum/phase-4-rails-resources-index-show,forks,actiontext,6.1.3.1,gem
learn-co-curriculum/phase-4-rails-resources-index-show,forks,diff-lcs,1.4.4,gem
learn-co-curriculum/phase-4-rails-resources-index-show,forks,method_source,1.0.0,gem
learn-co-curriculum/phase-4-rails-resources-index-show,forks,rails-dom-testing,2.0.3,gem
learn-co-curriculum/phase-4-rails-resources-index-show,forks,erubi,1.10.0,gem
learn-co-curriculum/phase-4-rails-resources-index-show,forks,rspec-core,3.10.1,gem
learn-co-curriculum/phase-4-rails-resources-index-show,forks,racc,1.5.2,gem
learn-co-curriculum/phase-4-rails-resources-index-show,forks,shoulda-matchers,4.5.1,gem
learn-co-curriculum/phase-4-rails-resources-index-show,forks,thor,1.1.0,gem
learn-co-curriculum/phase-4-rails-resources-index-show,forks,rack-cors,1.1.1,gem
learn-co-curriculum/phase-4-rails-resources-index-show,forks,rspec-expectations,3.10.1,gem
learn-co-curriculum/phase-4-rails-resources-index-show,forks,listen,3.5.1,gem
learn-co-curriculum/phase-4-rails-resources-index-show,forks,puma,5.2.2,gem
learn-co-curriculum/phase-4-rails-resources-index-show,forks,ffi,1.15.0,gem
learn-co-curriculum/phase-4-rails-resources-index-show,forks,rack-test,1.1.0,gem
learn-co-curriculum/phase-4-rails-resources-index-show,forks,marcel,1.0.1,gem
learn-co-curriculum/phase-4-rails-resources-index-show,forks,builder,3.2.4,gem
learn-co-curriculum/phase-4-rails-resources-index-show,forks,rspec-mocks,3.10.2,gem
learn-co-curriculum/phase-4-rails-resources-index-show,forks,railties,6.1.3.1,gem
learn-co-curriculum/phase-4-rails-resources-index-show,forks,sqlite3,1.4.2,gem
learn-co-curriculum/phase-4-rails-resources-index-show,forks,actionview,6.1.3.1,gem
learn-co-curriculum/phase-4-rails-resources-index-show,forks,websocket-extensions,0.1.5,gem
learn-co-curriculum/phase-4-rails-resources-index-show,forks,byebug,11.1.3,gem
learn-co-curriculum/phase-4-rails-resources-index-show,forks,sprockets-rails,3.2.2,gem
learn-co-curriculum/phase-4-rails-resources-index-show,forks,tzinfo,2.0.4,gem
learn-co-curriculum/phase-4-rails-resources-index-show,forks,actionmailbox,6.1.3.1,gem
learn-co-curriculum/phase-4-rails-resources-index-show,forks,sprockets,4.0.2,gem
learn-co-curriculum/phase-4-rails-resources-index-show,forks,activerecord,6.1.3.1,gem
learn-co-curriculum/phase-4-rails-resources-index-show,forks,nio4r,2.5.7,gem
learn-co-curriculum/phase-4-rails-resources-index-show,forks,mini_mime,1.0.3,gem
learn-co-curriculum/phase-4-rails-resources-index-show,forks,activestorage,6.1.3.1,gem
learn-co-curriculum/phase-4-rails-resources-index-show,forks,zeitwerk,2.4.2,gem
saasbook/hw-bdd-cucumber,forks,loofah,2.24.1,gem
saasbook/hw-bdd-cucumber,forks,i18n,1.14.7,gem
saasbook/hw-bdd-cucumber,forks,capybara,>= 0,gem
saasbook/hw-bdd-cucumber,forks,selenium-webdriver,4.34.0,gem
saasbook/hw-bdd-cucumber,forks,sprockets-rails,3.5.2,gem
saasbook/hw-bdd-cucumber,forks,activemodel,7.1.5.1,gem
saasbook/hw-bdd-cucumber,forks,mini_mime,1.1.5,gem
saasbook/hw-bdd-cucumber,forks,rspec-expectations,3.13.5,gem
saasbook/hw-bdd-cucumber,forks,net-imap,0.5.9,gem
saasbook/hw-bdd-cucumber,forks,puma,6.6.0,gem
saasbook/hw-bdd-cucumber,forks,pg,>= 0,gem
saasbook/hw-bdd-cucumber,forks,rackup,2.2.1,gem
saasbook/hw-bdd-cucumber,forks,logger,1.7.0,gem
saasbook/hw-bdd-cucumber,forks,xpath,3.2.0,gem
saasbook/hw-bdd-cucumber,forks,zeitwerk,2.7.3,gem
saasbook/hw-bdd-cucumber,forks,addressable,2.8.7,gem
saasbook/hw-bdd-cucumber,forks,cucumber-rails,3.1.1,gem
saasbook/hw-bdd-cucumber,forks,activesupport,7.1.5.1,gem
saasbook/hw-bdd-cucumber,forks,cucumber-ci-environment,10.0.1,gem
saasbook/hw-bdd-cucumber,forks,ffi,1.17.2,gem
saasbook/hw-bdd-cucumber,forks,activerecord,7.1.5.1,gem
saasbook/hw-bdd-cucumber,forks,net-smtp,0.5.1,gem
saasbook/hw-bdd-cucumber,forks,actionmailbox,7.1.5.1,gem
saasbook/hw-bdd-cucumber,forks,regexp_parser,2.10.0,gem
saasbook/hw-bdd-cucumber,forks,msgpack,1.8.0,gem
saasbook/hw-bdd-cucumber,forks,byebug,>= 0,gem
saasbook/hw-bdd-cucumber,forks,cucumber-rails,>= 0,gem
saasbook/hw-bdd-cucumber,forks,reline,0.6.1,gem
saasbook/hw-bdd-cucumber,forks,cucumber-cucumber-expressions,17.1.0,gem
saasbook/hw-bdd-cucumber,forks,psych,5.2.6,gem
saasbook/hw-bdd-cucumber,forks,stimulus-rails,1.3.4,gem
saasbook/hw-bdd-cucumber,forks,uglifier,>= 2.7.1,gem
saasbook/hw-bdd-cucumber,forks,sqlite3,~> 1.3.0,gem
saasbook/hw-bdd-cucumber,forks,crass,1.0.6,gem
saasbook/hw-bdd-cucumber,forks,rexml,3.4.1,gem
saasbook/hw-bdd-cucumber,forks,actionmailer,7.1.5.1,gem
saasbook/hw-bdd-cucumber,forks,globalid,1.2.1,gem
saasbook/hw-bdd-cucumber,forks,multi_test,1.1.0,gem
saasbook/hw-bdd-cucumber,forks,websocket-driver,0.8.0,gem
saasbook/hw-bdd-cucumber,forks,actionpack,7.1.5.1,gem
saasbook/hw-bdd-cucumber,forks,web-console,4.2.1,gem
saasbook/hw-bdd-cucumber,forks,protected_attributes,>= 0,gem
saasbook/hw-bdd-cucumber,forks,irb,1.15.2,gem
saasbook/hw-bdd-cucumber,forks,bigdecimal,3.2.2,gem
saasbook/hw-bdd-cucumber,forks,sprockets,4.2.2,gem
saasbook/hw-bdd-cucumber,forks,importmap-rails,2.1.0,gem
saasbook/hw-bdd-cucumber,forks,turbo-rails,2.0.16,gem
saasbook/hw-bdd-cucumber,forks,nio4r,2.7.4,gem
saasbook/hw-bdd-cucumber,forks,activestorage,7.1.5.1,gem
saasbook/hw-bdd-cucumber,forks,io-console,0.8.0,gem
saasbook/hw-bdd-cucumber,forks,capybara,3.40.0,gem
saasbook/hw-bdd-cucumber,forks,cucumber-core,13.0.3,gem
saasbook/hw-bdd-cucumber,forks,tzinfo,2.0.6,gem
saasbook/hw-bdd-cucumber,forks,net-pop,0.1.2,gem
saasbook/hw-bdd-cucumber,forks,thor,1.3.2,gem
saasbook/hw-bdd-cucumber,forks,prettyprint,0.2.0,gem
saasbook/hw-bdd-cucumber,forks,pp,0.6.2,gem
saasbook/hw-bdd-cucumber,forks,pg,1.6.0.rc1,gem
saasbook/hw-bdd-cucumber,forks,sass-rails,~> 5.0.3,gem
saasbook/hw-bdd-cucumber,forks,rails,4.2.11,gem
saasbook/hw-bdd-cucumber,forks,cucumber-rails-training-wheels,>= 0,gem
saasbook/hw-bdd-cucumber,forks,rspec-mocks,3.13.5,gem
saasbook/hw-bdd-cucumber,forks,drb,2.2.3,gem
saasbook/hw-bdd-cucumber,forks,rspec-rails,7.1.1,gem
saasbook/hw-bdd-cucumber,forks,coffee-rails,~> 4.1.0,gem
saasbook/hw-bdd-cucumber,forks,timeout,0.4.3,gem
saasbook/hw-bdd-cucumber,forks,cucumber-gherkin,27.0.0,gem
saasbook/hw-bdd-cucumber,forks,base64,0.3.0,gem
saasbook/hw-bdd-cucumber,forks,connection_pool,2.5.3,gem
saasbook/hw-bdd-cucumber,forks,date,3.4.1,gem
saasbook/hw-bdd-cucumber,forks,railties,7.1.5.1,gem
saasbook/hw-bdd-cucumber,forks,rdoc,6.14.1,gem
saasbook/hw-bdd-cucumber,forks,launchy,>= 0,gem
saasbook/hw-bdd-cucumber,forks,jquery-rails,>= 0,gem
saasbook/hw-bdd-cucumber,forks,cucumber-html-formatter,21.13.0,gem
saasbook/hw-bdd-cucumber,forks,erubi,1.13.1,gem
saasbook/hw-bdd-cucumber,forks,rack-test,2.2.0,gem
saasbook/hw-bdd-cucumber,forks,rspec-support,3.13.4,gem
saasbook/hw-bdd-cucumber,forks,cucumber-messages,22.0.0,gem
saasbook/hw-bdd-cucumber,forks,actiontext,7.1.5.1,gem
saasbook/hw-bdd-cucumber,forks,database_cleaner-active_record,2.2.1,gem
saasbook/hw-bdd-cucumber,forks,rake,13.3.0,gem
saasbook/hw-bdd-cucumber,forks,cucumber,9.2.1,gem
saasbook/hw-bdd-cucumber,forks,public_suffix,6.0.2,gem
saasbook/hw-bdd-cucumber,forks,haml,>= 0,gem
saasbook/hw-bdd-cucumber,forks,pry,>= 0,gem
saasbook/hw-bdd-cucumber,forks,bootsnap,1.18.6,gem
saasbook/hw-bdd-cucumber,forks,nokogiri,1.18.8,gem
saasbook/hw-bdd-cucumber,forks,diff-lcs,1.6.2,gem
saasbook/hw-bdd-cucumber,forks,minitest,5.25.5,gem
saasbook/hw-bdd-cucumber,forks,websocket,1.2.11,gem
saasbook/hw-bdd-cucumber,forks,rails-dom-testing,2.3.0,gem
saasbook/hw-bdd-cucumber,forks,jbuilder,2.13.0,gem
saasbook/hw-bdd-cucumber,forks,pry-byebug,>= 0,gem
saasbook/hw-bdd-cucumber,forks,benchmark,0.4.1,gem
saasbook/hw-bdd-cucumber,forks,database_cleaner-core,2.0.1,gem
saasbook/hw-bdd-cucumber,forks,net-protocol,0.2.2,gem
saasbook/hw-bdd-cucumber,forks,actionview,7.1.5.1,gem
saasbook/hw-bdd-cucumber,forks,concurrent-ruby,1.3.5,gem
saasbook/hw-bdd-cucumber,forks,websocket-extensions,0.1.5,gem
saasbook/hw-bdd-cucumber,forks,sqlite3,2.7.1,gem
saasbook/hw-bdd-cucumber,forks,marcel,1.0.4,gem
saasbook/hw-bdd-cucumber,forks,rubyzip,2.4.1,gem
saasbook/hw-bdd-cucumber,forks,activejob,7.1.5.1,gem
saasbook/hw-bdd-cucumber,forks,matrix,0.4.3,gem
saasbook/hw-bdd-cucumber,forks,stringio,3.1.7,gem
saasbook/hw-bdd-cucumber,forks,database_cleaner,>= 0,gem
saasbook/hw-bdd-cucumber,forks,rspec-core,3.13.5,gem
saasbook/hw-bdd-cucumber,forks,mail,2.8.1,gem
saasbook/hw-bdd-cucumber,forks,rack-session,2.1.1,gem
saasbook/hw-bdd-cucumber,forks,actioncable,7.1.5.1,gem
saasbook/hw-bdd-cucumber,forks,bindex,0.8.1,gem
saasbook/hw-bdd-cucumber,forks,erb,5.0.1,gem
saasbook/hw-bdd-cucumber,forks,rails-html-sanitizer,1.6.2,gem
saasbook/hw-bdd-cucumber,forks,sys-uname,1.3.1,gem
saasbook/hw-bdd-cucumber,forks,builder,3.3.0,gem
saasbook/hw-bdd-cucumber,forks,rspec-rails,>= 0,gem
saasbook/hw-bdd-cucumber,forks,mutex_m,0.3.0,gem
saasbook/hw-bdd-cucumber,forks,rails,7.1.5.1,gem
saasbook/hw-bdd-cucumber,forks,database_cleaner,2.1.0,gem
saasbook/hw-bdd-cucumber,forks,racc,1.8.1,gem
saasbook/hw-bdd-cucumber,forks,debug,1.11.0,gem
saasbook/hw-bdd-cucumber,forks,securerandom,0.4.1,gem
saasbook/hw-bdd-cucumber,forks,rack,3.1.16,gem
saasbook/hw-bdd-cucumber,forks,cucumber-tag-expressions,6.1.2,gem
learn-co-curriculum/phase-4-rails-route-params-lab,forks,sprockets,4.0.2,gem
learn-co-curriculum/phase-4-rails-route-params-lab,forks,rspec-rails,5.0.1,gem
learn-co-curriculum/phase-4-rails-route-params-lab,forks,tzinfo,2.0.4,gem
learn-co-curriculum/phase-4-rails-route-params-lab,forks,activemodel,6.1.3.1,gem
learn-co-curriculum/phase-4-rails-route-params-lab,forks,activestorage,6.1.3.1,gem
learn-co-curriculum/phase-4-rails-route-params-lab,forks,rake,13.0.3,gem
learn-co-curriculum/phase-4-rails-route-params-lab,forks,globalid,0.4.2,gem
learn-co-curriculum/phase-4-rails-route-params-lab,forks,sqlite3,1.4.2,gem
learn-co-curriculum/phase-4-rails-route-params-lab,forks,ffi,1.15.0,gem
learn-co-curriculum/phase-4-rails-route-params-lab,forks,rb-fsevent,0.10.4,gem
learn-co-curriculum/phase-4-rails-route-params-lab,forks,activejob,6.1.3.1,gem
learn-co-curriculum/phase-4-rails-route-params-lab,forks,nokogiri,1.11.3-x86_64-darwin,gem
learn-co-curriculum/phase-4-rails-route-params-lab,forks,actionmailer,6.1.3.1,gem
learn-co-curriculum/phase-4-rails-route-params-lab,forks,concurrent-ruby,1.1.8,gem
learn-co-curriculum/phase-4-rails-route-params-lab,forks,mini_mime,1.0.3,gem
learn-co-curriculum/phase-4-rails-route-params-lab,forks,rails-dom-testing,2.0.3,gem
learn-co-curriculum/phase-4-rails-route-params-lab,forks,minitest,5.14.4,gem
learn-co-curriculum/phase-4-rails-route-params-lab,forks,diff-lcs,1.4.4,gem
learn-co-curriculum/phase-4-rails-route-params-lab,forks,rspec-support,3.10.2,gem
learn-co-curriculum/phase-4-rails-route-params-lab,forks,erubi,1.10.0,gem
learn-co-curriculum/phase-4-rails-route-params-lab,forks,actionpack,6.1.3.1,gem
learn-co-curriculum/phase-4-rails-route-params-lab,forks,rack,2.2.3,gem
learn-co-curriculum/phase-4-rails-route-params-lab,forks,rspec-core,3.10.1,gem
learn-co-curriculum/phase-4-rails-route-params-lab,forks,rails,6.1.3.1,gem
learn-co-curriculum/phase-4-rails-route-params-lab,forks,activerecord,6.1.3.1,gem
learn-co-curriculum/phase-4-rails-route-params-lab,forks,rb-inotify,0.10.1,gem
learn-co-curriculum/phase-4-rails-route-params-lab,forks,i18n,1.8.10,gem
learn-co-curriculum/phase-4-rails-route-params-lab,forks,shoulda-matchers,4.5.1,gem
learn-co-curriculum/phase-4-rails-route-params-lab,forks,actiontext,6.1.3.1,gem
learn-co-curriculum/phase-4-rails-route-params-lab,forks,rspec-json_expectations,2.2.0,gem
learn-co-curriculum/phase-4-rails-route-params-lab,forks,byebug,11.1.3,gem
learn-co-curriculum/phase-4-rails-route-params-lab,forks,rails-html-sanitizer,1.3.0,gem
learn-co-curriculum/phase-4-rails-route-params-lab,forks,rspec-mocks,3.10.2,gem
learn-co-curriculum/phase-4-rails-route-params-lab,forks,rack-cors,1.1.1,gem
learn-co-curriculum/phase-4-rails-route-params-lab,forks,racc,1.5.2,gem
learn-co-curriculum/phase-4-rails-route-params-lab,forks,method_source,1.0.0,gem
learn-co-curriculum/phase-4-rails-route-params-lab,forks,mail,2.7.1,gem
learn-co-curriculum/phase-4-rails-route-params-lab,forks,loofah,2.9.1,gem
learn-co-curriculum/phase-4-rails-route-params-lab,forks,zeitwerk,2.4.2,gem
learn-co-curriculum/phase-4-rails-route-params-lab,forks,crass,1.0.6,gem
learn-co-curriculum/phase-4-rails-route-params-lab,forks,actioncable,6.1.3.1,gem
learn-co-curriculum/phase-4-rails-route-params-lab,forks,websocket-driver,0.7.3,gem
learn-co-curriculum/phase-4-rails-route-params-lab,forks,marcel,1.0.1,gem
learn-co-curriculum/phase-4-rails-route-params-lab,forks,actionview,6.1.3.1,gem
learn-co-curriculum/phase-4-rails-route-params-lab,forks,rspec-expectations,3.10.1,gem
learn-co-curriculum/phase-4-rails-route-params-lab,forks,rack-test,1.1.0,gem
learn-co-curriculum/phase-4-rails-route-params-lab,forks,puma,5.2.2,gem
learn-co-curriculum/phase-4-rails-route-params-lab,forks,nio4r,2.5.7,gem
learn-co-curriculum/phase-4-rails-route-params-lab,forks,websocket-extensions,0.1.5,gem
learn-co-curriculum/phase-4-rails-route-params-lab,forks,thor,1.1.0,gem
learn-co-curriculum/phase-4-rails-route-params-lab,forks,railties,6.1.3.1,gem
learn-co-curriculum/phase-4-rails-route-params-lab,forks,builder,3.2.4,gem
learn-co-curriculum/phase-4-rails-route-params-lab,forks,sprockets-rails,3.2.2,gem
learn-co-curriculum/phase-4-rails-route-params-lab,forks,actionmailbox,6.1.3.1,gem
learn-co-curriculum/phase-4-rails-route-params-lab,forks,activesupport,6.1.3.1,gem
learn-co-curriculum/phase-4-rails-route-params-lab,forks,listen,3.5.1,gem
brentley/ecsdemo-frontend,forks,json,1.8.6,gem
brentley/ecsdemo-frontend,forks,rails,4.2.10,gem
brentley/ecsdemo-frontend,forks,coffee-script-source,1.12.2,gem
brentley/ecsdemo-frontend,forks,coffee-script,2.4.1,gem
brentley/ecsdemo-frontend,forks,activesupport,4.2.10,gem
brentley/ecsdemo-frontend,forks,railties,4.2.10,gem
brentley/ecsdemo-frontend,forks,turbolinks,5.2.0,gem
brentley/ecsdemo-frontend,forks,mail,2.7.1,gem
brentley/ecsdemo-frontend,forks,rails-deprecated_sanitizer,1.0.3,gem
brentley/ecsdemo-frontend,forks,i18n,0.9.5,gem
brentley/ecsdemo-frontend,forks,rdoc,4.3.0,gem
brentley/ecsdemo-frontend,forks,rails-html-sanitizer,1.2.0,gem
brentley/ecsdemo-frontend,forks,builder,3.2.3,gem
brentley/ecsdemo-frontend,forks,racc,1.5.2,gem
brentley/ecsdemo-frontend,forks,minitest,5.11.3,gem
brentley/ecsdemo-frontend,forks,nokogiri,1.11.2,gem
brentley/ecsdemo-frontend,forks,sqlite3,1.3.13,gem
brentley/ecsdemo-frontend,forks,uglifier,4.1.20,gem
brentley/ecsdemo-frontend,forks,turbolinks-source,5.2.0,gem
brentley/ecsdemo-frontend,forks,mini_portile2,2.5.0,gem
brentley/ecsdemo-frontend,forks,rake,12.3.3,gem
brentley/ecsdemo-frontend,forks,rails-dom-testing,1.0.9,gem
brentley/ecsdemo-frontend,forks,activerecord,4.2.10,gem
brentley/ecsdemo-frontend,forks,arel,6.0.4,gem
brentley/ecsdemo-frontend,forks,daemons,1.3.1,gem
brentley/ecsdemo-frontend,forks,ref,2.0.0,gem
brentley/ecsdemo-frontend,forks,sprockets-rails,3.2.1,gem
brentley/ecsdemo-frontend,forks,sass-rails,5.0.7,gem
brentley/ecsdemo-frontend,forks,byebug,11.0.1,gem
brentley/ecsdemo-frontend,forks,jquery-rails,4.3.5,gem
brentley/ecsdemo-frontend,forks,spring,2.1.0,gem
brentley/ecsdemo-frontend,forks,debug_inspector,0.0.3,gem
brentley/ecsdemo-frontend,forks,ffi,1.11.1,gem
brentley/ecsdemo-frontend,forks,coffee-rails,4.1.1,gem
brentley/ecsdemo-frontend,forks,tilt,2.0.9,gem
brentley/ecsdemo-frontend,forks,rack-test,0.6.3,gem
brentley/ecsdemo-frontend,forks,loofah,2.3.1,gem
brentley/ecsdemo-frontend,forks,thin,1.7.2,gem
brentley/ecsdemo-frontend,forks,sass-listen,4.0.0,gem
brentley/ecsdemo-frontend,forks,concurrent-ruby,1.1.5,gem
brentley/ecsdemo-frontend,forks,libv8,3.16.14.19,gem
brentley/ecsdemo-frontend,forks,sprockets,3.7.2,gem
brentley/ecsdemo-frontend,forks,tzinfo,1.2.5,gem
brentley/ecsdemo-frontend,forks,web-console,2.3.0,gem
brentley/ecsdemo-frontend,forks,therubyracer,0.12.3,gem
brentley/ecsdemo-frontend,forks,actionview,4.2.10,gem
brentley/ecsdemo-frontend,forks,sass,3.7.4,gem
brentley/ecsdemo-frontend,forks,activemodel,4.2.10,gem
brentley/ecsdemo-frontend,forks,eventmachine,1.2.7,gem
brentley/ecsdemo-frontend,forks,thor,0.20.3,gem
brentley/ecsdemo-frontend,forks,rb-inotify,0.10.0,gem
brentley/ecsdemo-frontend,forks,thread_safe,0.3.6,gem
brentley/ecsdemo-frontend,forks,globalid,0.4.2,gem
brentley/ecsdemo-frontend,forks,mini_mime,1.0.2,gem
brentley/ecsdemo-frontend,forks,crass,1.0.5,gem
brentley/ecsdemo-frontend,forks,rb-fsevent,0.10.3,gem
brentley/ecsdemo-frontend,forks,erubis,2.7.0,gem
brentley/ecsdemo-frontend,forks,sdoc,0.4.2,gem
brentley/ecsdemo-frontend,forks,execjs,2.7.0,gem
brentley/ecsdemo-frontend,forks,jbuilder,2.9.1,gem
brentley/ecsdemo-frontend,forks,actionmailer,4.2.10,gem
brentley/ecsdemo-frontend,forks,rack,1.6.13,gem
brentley/ecsdemo-frontend,forks,activejob,4.2.10,gem
brentley/ecsdemo-frontend,forks,actionpack,4.2.10,gem
brentley/ecsdemo-frontend,forks,binding_of_caller,0.8.0,gem
activemerchant/active_merchant,forks,timecop,>= 0,gem
activemerchant/active_merchant,forks,mechanize,>= 0,gem
activemerchant/active_merchant,forks,builder,">= 2.1.2,< 4.0.0",gem
activemerchant/active_merchant,forks,rexml,"~> 3.3,>= 3.3.8",gem
activemerchant/active_merchant,forks,thor,>= 0,gem
activemerchant/active_merchant,forks,jose,~> 1.2.0,gem
activemerchant/active_merchant,forks,concurrent-ruby,1.3.4,gem
activemerchant/active_merchant,forks,nokogiri,~> 1.4,gem
activemerchant/active_merchant,forks,pry,>= 0,gem
activemerchant/active_merchant,forks,jwe,>= 0,gem
activemerchant/active_merchant,forks,jruby-openssl,>= 0,gem
activemerchant/active_merchant,forks,mocha,~> 1,gem
activemerchant/active_merchant,forks,i18n,>= 0.6.9,gem
activemerchant/active_merchant,forks,rubocop,~> 1.26.0,gem
activemerchant/active_merchant,forks,braintree,>= 4.26.0,gem
activemerchant/active_merchant,forks,pry-byebug,>= 0,gem
activemerchant/active_merchant,forks,activesupport,>= 4.2,gem
activemerchant/active_merchant,forks,rake,>= 0,gem
activemerchant/active_merchant,forks,test-unit,~> 3,gem
sidekiq/sidekiq,forks,standard,>= 0,gem
sidekiq/sidekiq,forks,ruby-prof,>= 0,gem
sidekiq/sidekiq,forks,activerecord-jdbcsqlite3-adapter,>= 0,gem
sidekiq/sidekiq,forks,sqlite3,>= 0,gem
sidekiq/sidekiq,forks,toxiproxy,>= 0,gem
sidekiq/sidekiq,forks,ratatui_ruby,>= 0,gem
sidekiq/sidekiq,forks,msgpack,>= 0,gem
sidekiq/sidekiq,forks,debug,>= 0,gem
sidekiq/sidekiq,forks,redis-client,>= 0,gem
sidekiq/sidekiq,forks,csv,>= 0,gem
sidekiq/sidekiq,forks,minitest,< 6,gem
sidekiq/sidekiq,forks,vernier,>= 0,gem
sidekiq/sidekiq,forks,puma,>= 0,gem
sidekiq/sidekiq,forks,json,>= 2.16.0,gem
sidekiq/sidekiq,forks,connection_pool,>= 3.0.0,gem
sidekiq/sidekiq,forks,simplecov,>= 0,gem
sidekiq/sidekiq,forks,sidekiq,>= 0,gem
sidekiq/sidekiq,forks,logger,>= 1.7.0,gem
sidekiq/sidekiq,forks,rack,>= 3.2.0,gem
sidekiq/sidekiq,forks,redis-client,>= 0.29.0,gem
sidekiq/sidekiq,forks,after_commit_everywhere,>= 0,gem
sidekiq/sidekiq,forks,herb,>= 0,gem
sidekiq/sidekiq,forks,sidekiq-redis_info,>= 0,gem
sidekiq/sidekiq,forks,sqlite3,~> 2.2,gem
sidekiq/sidekiq,forks,json,>= 0,gem
redmine/redmine,forks,yard,>= 0,gem
redmine/redmine,forks,mini_magick,~> 5.3.3,gem
redmine/redmine,forks,bcrypt,>= 0,gem
redmine/redmine,forks,rouge,~> 5.0,gem
redmine/redmine,forks,nokogiri,~> 1.19.1,gem
redmine/redmine,forks,capybara,>= 3.39,gem
redmine/redmine,forks,debug,>= 0,gem
redmine/redmine,forks,bullet,>= 0,gem
redmine/redmine,forks,mysql2,~> 0.5.0,gem
redmine/redmine,forks,roadie-rails,~> 3.4.0,gem
redmine/redmine,forks,net-smtp,~> 0.5.1,gem
redmine/redmine,forks,commonmarker,~> 2.10.0,gem
redmine/redmine,forks,ffi,>= 0,gem
redmine/redmine,forks,activerecord-sqlserver-adapter,~> 8.1.2,gem
redmine/redmine,forks,propshaft,~> 1.3.0,gem
redmine/redmine,forks,net-ldap,~> 0.20.0,gem
redmine/redmine,forks,i18n,~> 1.15.2,gem
redmine/redmine,forks,puma,>= 0,gem
redmine/redmine,forks,rails,8.1.3.1,gem
redmine/redmine,forks,actionpack-xml_parser,>= 0,gem
redmine/redmine,forks,requestjs-rails,~> 0.0.13,gem
redmine/redmine,forks,doorkeeper,~> 5.9.6,gem
redmine/redmine,forks,sanitize,~> 7.0,gem
redmine/redmine,forks,importmap-rails,~> 2.0,gem
redmine/redmine,forks,oauth2,>= 0,gem
redmine/redmine,forks,sqlite3,~> 2.9.4,gem
redmine/redmine,forks,net-imap,~> 0.6.1,gem
redmine/redmine,forks,rubocop-performance,~> 1.27.0,gem
redmine/redmine,forks,addressable,>= 0,gem
redmine/redmine,forks,marcel,>= 0,gem
redmine/redmine,forks,rbpdf,~> 1.21.4,gem
redmine/redmine,forks,rotp,>= 5.0.0,gem
redmine/redmine,forks,csv,~> 3.3.5,gem
redmine/redmine,forks,tzinfo-data,>= 0,gem
redmine/redmine,forks,with_advisory_lock,>= 0,gem
redmine/redmine,forks,tiny_tds,~> 3.4,gem
redmine/redmine,forks,doorkeeper-i18n,~> 5.2,gem
redmine/redmine,forks,rubocop-rails,~> 2.37.0,gem
redmine/redmine,forks,selenium-webdriver,>= 4.11.0,gem
redmine/redmine,forks,trilogy,~> 2.12.4,gem
redmine/redmine,forks,rails-dom-testing,>= 2.3.0,gem
redmine/redmine,forks,rack,>= 3.1.3,gem
redmine/redmine,forks,rubyzip,~> 3.6.0,gem
redmine/redmine,forks,bundle-audit,>= 0,gem
redmine/redmine,forks,pg,~> 1.6.2,gem
redmine/redmine,forks,ostruct,>= 0,gem
redmine/redmine,forks,mail,~> 2.9.0,gem
redmine/redmine,forks,net-pop,~> 0.1.2,gem
redmine/redmine,forks,webrick,>= 0,gem
redmine/redmine,forks,rubocop,~> 1.90.0,gem
redmine/redmine,forks,simplecov,~> 1.1.1,gem
redmine/redmine,forks,json,< 3.0,gem
redmine/redmine,forks,mocha,>= 2.0.1,gem
redmine/redmine,forks,stimulus-rails,~> 1.3,gem
redmine/redmine,forks,svg_sprite,>= 0,gem
redmine/redmine,forks,rqrcode,>= 0,gem
redmine/redmine,forks,listen,~> 3.3,gem
learn-co-curriculum/phase-3-active-record-intro-to-rake,forks,method_source,1.0.0,gem
learn-co-curriculum/phase-3-active-record-intro-to-rake,forks,diff-lcs,1.4.4,gem
learn-co-curriculum/phase-3-active-record-intro-to-rake,forks,rspec-expectations,3.10.1,gem
learn-co-curriculum/phase-3-active-record-intro-to-rake,forks,rspec-mocks,3.10.2,gem
learn-co-curriculum/phase-3-active-record-intro-to-rake,forks,coderay,1.1.3,gem
learn-co-curriculum/phase-3-active-record-intro-to-rake,forks,pry,0.14.1,gem
learn-co-curriculum/phase-3-active-record-intro-to-rake,forks,rake,13.0.6,gem
learn-co-curriculum/phase-3-active-record-intro-to-rake,forks,rspec-support,3.10.2,gem
learn-co-curriculum/phase-3-active-record-intro-to-rake,forks,rspec,3.10.0,gem
learn-co-curriculum/phase-3-active-record-intro-to-rake,forks,rspec-core,3.10.1,gem
learn-co-curriculum/phase-3-active-record-intro-to-rake,forks,sqlite3,1.4.2,gem
learn-co-curriculum/phase-3-active-record-associations-tvland-lab,forks,coderay,1.1.3,gem
learn-co-curriculum/phase-3-active-record-associations-tvland-lab,forks,rack-protection,2.1.0,gem
learn-co-curriculum/phase-3-active-record-associations-tvland-lab,forks,ruby2_keywords,0.0.5,gem
learn-co-curriculum/phase-3-active-record-associations-tvland-lab,forks,rspec,3.10.0,gem
learn-co-curriculum/phase-3-active-record-associations-tvland-lab,forks,zeitwerk,2.4.2,gem
learn-co-curriculum/phase-3-active-record-associations-tvland-lab,forks,rspec-support,3.10.2,gem
learn-co-curriculum/phase-3-active-record-associations-tvland-lab,forks,concurrent-ruby,1.1.9,gem
learn-co-curriculum/phase-3-active-record-associations-tvland-lab,forks,i18n,1.8.10,gem
learn-co-curriculum/phase-3-active-record-associations-tvland-lab,forks,diff-lcs,1.4.4,gem
learn-co-curriculum/phase-3-active-record-associations-tvland-lab,forks,method_source,1.0.0,gem
learn-co-curriculum/phase-3-active-record-associations-tvland-lab,forks,database_cleaner,2.0.1,gem
learn-co-curriculum/phase-3-active-record-associations-tvland-lab,forks,sinatra,2.1.0,gem
learn-co-curriculum/phase-3-active-record-associations-tvland-lab,forks,rspec-expectations,3.10.1,gem
learn-co-curriculum/phase-3-active-record-associations-tvland-lab,forks,activesupport,6.1.4,gem
learn-co-curriculum/phase-3-active-record-associations-tvland-lab,forks,minitest,5.14.4,gem
learn-co-curriculum/phase-3-active-record-associations-tvland-lab,forks,rspec-mocks,3.10.2,gem
learn-co-curriculum/phase-3-active-record-associations-tvland-lab,forks,sinatra-activerecord,2.0.23,gem
learn-co-curriculum/phase-3-active-record-associations-tvland-lab,forks,database_cleaner-core,2.0.1,gem
learn-co-curriculum/phase-3-active-record-associations-tvland-lab,forks,sqlite3,1.4.2,gem
learn-co-curriculum/phase-3-active-record-associations-tvland-lab,forks,mustermann,1.1.1,gem
learn-co-curriculum/phase-3-active-record-associations-tvland-lab,forks,tilt,2.0.10,gem
learn-co-curriculum/phase-3-active-record-associations-tvland-lab,forks,pry,0.14.1,gem
learn-co-curriculum/phase-3-active-record-associations-tvland-lab,forks,rack,2.2.3,gem
learn-co-curriculum/phase-3-active-record-associations-tvland-lab,forks,activerecord,6.1.4,gem
learn-co-curriculum/phase-3-active-record-associations-tvland-lab,forks,rake,13.0.6,gem
learn-co-curriculum/phase-3-active-record-associations-tvland-lab,forks,database_cleaner-active_record,2.0.1,gem
learn-co-curriculum/phase-3-active-record-associations-tvland-lab,forks,tzinfo,2.0.4,gem
learn-co-curriculum/phase-3-active-record-associations-tvland-lab,forks,rspec-core,3.10.1,gem
learn-co-curriculum/phase-3-active-record-associations-tvland-lab,forks,require_all,3.0.0,gem
learn-co-curriculum/phase-3-active-record-associations-tvland-lab,forks,activemodel,6.1.4,gem
learn-co-curriculum/phase-3-active-record-crud-operations-lab,forks,i18n,1.8.10,gem
learn-co-curriculum/phase-3-active-record-crud-operations-lab,forks,zeitwerk,2.4.2,gem
learn-co-curriculum/phase-3-active-record-crud-operations-lab,forks,pry,0.14.1,gem
learn-co-curriculum/phase-3-active-record-crud-operations-lab,forks,rack,2.2.3,gem
learn-co-curriculum/phase-3-active-record-crud-operations-lab,forks,rack-protection,2.1.0,gem
learn-co-curriculum/phase-3-active-record-crud-operations-lab,forks,database_cleaner-active_record,2.0.1,gem
learn-co-curriculum/phase-3-active-record-crud-operations-lab,forks,database_cleaner-core,2.0.1,gem
learn-co-curriculum/phase-3-active-record-crud-operations-lab,forks,activemodel,6.1.4,gem
learn-co-curriculum/phase-3-active-record-crud-operations-lab,forks,activerecord,6.1.4,gem
learn-co-curriculum/phase-3-active-record-crud-operations-lab,forks,rspec,3.10.0,gem
learn-co-curriculum/phase-3-active-record-crud-operations-lab,forks,mustermann,1.1.1,gem
learn-co-curriculum/phase-3-active-record-crud-operations-lab,forks,coderay,1.1.3,gem
learn-co-curriculum/phase-3-active-record-crud-operations-lab,forks,concurrent-ruby,1.1.9,gem
learn-co-curriculum/phase-3-active-record-crud-operations-lab,forks,tzinfo,2.0.4,gem
learn-co-curriculum/phase-3-active-record-crud-operations-lab,forks,rspec-support,3.10.2,gem
learn-co-curriculum/phase-3-active-record-crud-operations-lab,forks,tilt,2.0.10,gem
learn-co-curriculum/phase-3-active-record-crud-operations-lab,forks,require_all,3.0.0,gem
learn-co-curriculum/phase-3-active-record-crud-operations-lab,forks,activesupport,6.1.4,gem
learn-co-curriculum/phase-3-active-record-crud-operations-lab,forks,sinatra-activerecord,2.0.23,gem
learn-co-curriculum/phase-3-active-record-crud-operations-lab,forks,ruby2_keywords,0.0.5,gem
learn-co-curriculum/phase-3-active-record-crud-operations-lab,forks,rspec-expectations,3.10.1,gem
learn-co-curriculum/phase-3-active-record-crud-operations-lab,forks,minitest,5.14.4,gem
learn-co-curriculum/phase-3-active-record-crud-operations-lab,forks,diff-lcs,1.4.4,gem
learn-co-curriculum/phase-3-active-record-crud-operations-lab,forks,database_cleaner,2.0.1,gem
learn-co-curriculum/phase-3-active-record-crud-operations-lab,forks,method_source,1.0.0,gem
learn-co-curriculum/phase-3-active-record-crud-operations-lab,forks,sinatra,2.1.0,gem
learn-co-curriculum/phase-3-active-record-crud-operations-lab,forks,rake,13.0.6,gem
learn-co-curriculum/phase-3-active-record-crud-operations-lab,forks,rspec-core,3.10.1,gem
learn-co-curriculum/phase-3-active-record-crud-operations-lab,forks,sqlite3,1.4.2,gem
learn-co-curriculum/phase-3-active-record-crud-operations-lab,forks,rspec-mocks,3.10.2,gem
learn-co-curriculum/phase-4-rails-resources-create,forks,sprockets,4.0.2,gem
learn-co-curriculum/phase-4-rails-resources-create,forks,erubi,1.10.0,gem
learn-co-curriculum/phase-4-rails-resources-create,forks,nokogiri,1.11.3-x86_64-darwin,gem
learn-co-curriculum/phase-4-rails-resources-create,forks,rails-dom-testing,2.0.3,gem
learn-co-curriculum/phase-4-rails-resources-create,forks,shoulda-matchers,4.5.1,gem
learn-co-curriculum/phase-4-rails-resources-create,forks,rspec-core,3.10.1,gem
learn-co-curriculum/phase-4-rails-resources-create,forks,rb-fsevent,0.10.4,gem
learn-co-curriculum/phase-4-rails-resources-create,forks,sprockets-rails,3.2.2,gem
learn-co-curriculum/phase-4-rails-resources-create,forks,rails,6.1.3.1,gem
learn-co-curriculum/phase-4-rails-resources-create,forks,loofah,2.9.1,gem
learn-co-curriculum/phase-4-rails-resources-create,forks,rack-cors,1.1.1,gem
learn-co-curriculum/phase-4-rails-resources-create,forks,rspec-expectations,3.10.1,gem
learn-co-curriculum/phase-4-rails-resources-create,forks,rspec-support,3.10.2,gem
learn-co-curriculum/phase-4-rails-resources-create,forks,rspec-rails,5.0.1,gem
learn-co-curriculum/phase-4-rails-resources-create,forks,sqlite3,1.4.2,gem
learn-co-curriculum/phase-4-rails-resources-create,forks,rb-inotify,0.10.1,gem
learn-co-curriculum/phase-4-rails-resources-create,forks,websocket-extensions,0.1.5,gem
learn-co-curriculum/phase-4-rails-resources-create,forks,mini_mime,1.0.3,gem
learn-co-curriculum/phase-4-rails-resources-create,forks,actionpack,6.1.3.1,gem
learn-co-curriculum/phase-4-rails-resources-create,forks,activestorage,6.1.3.1,gem
learn-co-curriculum/phase-4-rails-resources-create,forks,tzinfo,2.0.4,gem
learn-co-curriculum/phase-4-rails-resources-create,forks,activejob,6.1.3.1,gem
learn-co-curriculum/phase-4-rails-resources-create,forks,rails-html-sanitizer,1.3.0,gem
learn-co-curriculum/phase-4-rails-resources-create,forks,rspec-mocks,3.10.2,gem
learn-co-curriculum/phase-4-rails-resources-create,forks,marcel,1.0.1,gem
learn-co-curriculum/phase-4-rails-resources-create,forks,activesupport,6.1.3.1,gem
learn-co-curriculum/phase-4-rails-resources-create,forks,ffi,1.15.0,gem
learn-co-curriculum/phase-4-rails-resources-create,forks,railties,6.1.3.1,gem
learn-co-curriculum/phase-4-rails-resources-create,forks,rspec-json_expectations,2.2.0,gem
learn-co-curriculum/phase-4-rails-resources-create,forks,concurrent-ruby,1.1.8,gem
learn-co-curriculum/phase-4-rails-resources-create,forks,actionview,6.1.3.1,gem
learn-co-curriculum/phase-4-rails-resources-create,forks,globalid,0.4.2,gem
learn-co-curriculum/phase-4-rails-resources-create,forks,thor,1.1.0,gem
learn-co-curriculum/phase-4-rails-resources-create,forks,websocket-driver,0.7.3,gem
learn-co-curriculum/phase-4-rails-resources-create,forks,actionmailer,6.1.3.1,gem
learn-co-curriculum/phase-4-rails-resources-create,forks,crass,1.0.6,gem
learn-co-curriculum/phase-4-rails-resources-create,forks,actionmailbox,6.1.3.1,gem
learn-co-curriculum/phase-4-rails-resources-create,forks,racc,1.5.2,gem
learn-co-curriculum/phase-4-rails-resources-create,forks,listen,3.5.1,gem
learn-co-curriculum/phase-4-rails-resources-create,forks,actioncable,6.1.3.1,gem
learn-co-curriculum/phase-4-rails-resources-create,forks,i18n,1.8.10,gem
learn-co-curriculum/phase-4-rails-resources-create,forks,zeitwerk,2.4.2,gem
learn-co-curriculum/phase-4-rails-resources-create,forks,activerecord,6.1.3.1,gem
learn-co-curriculum/phase-4-rails-resources-create,forks,actiontext,6.1.3.1,gem
learn-co-curriculum/phase-4-rails-resources-create,forks,byebug,11.1.3,gem
learn-co-curriculum/phase-4-rails-resources-create,forks,builder,3.2.4,gem
learn-co-curriculum/phase-4-rails-resources-create,forks,mail,2.7.1,gem
learn-co-curriculum/phase-4-rails-resources-create,forks,rake,13.0.3,gem
learn-co-curriculum/phase-4-rails-resources-create,forks,diff-lcs,1.4.4,gem
learn-co-curriculum/phase-4-rails-resources-create,forks,activemodel,6.1.3.1,gem
learn-co-curriculum/phase-4-rails-resources-create,forks,puma,5.2.2,gem
learn-co-curriculum/phase-4-rails-resources-create,forks,rack,2.2.3,gem
learn-co-curriculum/phase-4-rails-resources-create,forks,minitest,5.14.4,gem
learn-co-curriculum/phase-4-rails-resources-create,forks,method_source,1.0.0,gem
learn-co-curriculum/phase-4-rails-resources-create,forks,rack-test,1.1.0,gem
learn-co-curriculum/phase-4-rails-resources-create,forks,nio4r,2.5.7,gem
learn-co-curriculum/phase-3-sql-organizing-bears-lab,forks,sqlite3,1.4.2,gem
learn-co-curriculum/phase-3-sql-organizing-bears-lab,forks,method_source,0.9.2,gem
learn-co-curriculum/phase-3-sql-organizing-bears-lab,forks,pry,0.12.2,gem
learn-co-curriculum/phase-3-sql-organizing-bears-lab,forks,diff-lcs,1.3,gem
learn-co-curriculum/phase-3-sql-organizing-bears-lab,forks,rspec-support,3.8.0,gem
learn-co-curriculum/phase-3-sql-organizing-bears-lab,forks,rspec-core,3.8.0,gem
learn-co-curriculum/phase-3-sql-organizing-bears-lab,forks,rspec-mocks,3.8.0,gem
learn-co-curriculum/phase-3-sql-organizing-bears-lab,forks,coderay,1.1.2,gem
learn-co-curriculum/phase-3-sql-organizing-bears-lab,forks,rspec,3.8.0,gem
learn-co-curriculum/phase-3-sql-organizing-bears-lab,forks,rspec-expectations,3.8.2,gem
thoughtbot/paperclip,forks,activesupport,>= 4.2.0,gem
thoughtbot/paperclip,forks,activerecord,>= 4.2.0,gem
thoughtbot/paperclip,forks,rspec,>= 0,gem
thoughtbot/paperclip,forks,appraisal,>= 0,gem
thoughtbot/paperclip,forks,mimemagic,~> 0.3.0,gem
thoughtbot/paperclip,forks,rspec,~> 3.0,gem
thoughtbot/paperclip,forks,generator_spec,>= 0,gem
thoughtbot/paperclip,forks,mocha,>= 0,gem
thoughtbot/paperclip,forks,fog-aws,>= 0,gem
thoughtbot/paperclip,forks,rubocop,>= 0,gem
thoughtbot/paperclip,forks,fakeweb,>= 0,gem
thoughtbot/paperclip,forks,shoulda,>= 0,gem
thoughtbot/paperclip,forks,launchy,>= 0,gem
thoughtbot/paperclip,forks,fog-local,>= 0,gem
thoughtbot/paperclip,forks,builder,>= 0,gem
thoughtbot/paperclip,forks,cucumber-rails,>= 0,gem
thoughtbot/paperclip,forks,railties,>= 0,gem
thoughtbot/paperclip,forks,aruba,~> 0.9.0,gem
thoughtbot/paperclip,forks,capybara,>= 0,gem
thoughtbot/paperclip,forks,sqlite3,~> 1.3.8,gem
thoughtbot/paperclip,forks,bundler,>= 0,gem
thoughtbot/paperclip,forks,terrapin,~> 0.6.0,gem
thoughtbot/paperclip,forks,nokogiri,>= 0,gem
thoughtbot/paperclip,forks,bourne,>= 0,gem
thoughtbot/paperclip,forks,activemodel,>= 4.2.0,gem
thoughtbot/paperclip,forks,pry,>= 0,gem
thoughtbot/paperclip,forks,activerecord-import,>= 0,gem
thoughtbot/paperclip,forks,timecop,>= 0,gem
thoughtbot/paperclip,forks,aws-sdk-s3,>= 0,gem
thoughtbot/paperclip,forks,rake,>= 0,gem
thoughtbot/paperclip,forks,cucumber-expressions,4.0.3,gem
thoughtbot/paperclip,forks,mime-types,>= 0,gem
learn-co-curriculum/phase-4-rails-route-params-readme,forks,rack-cors,1.1.1,gem
learn-co-curriculum/phase-4-rails-route-params-readme,forks,minitest,5.14.4,gem
learn-co-curriculum/phase-4-rails-route-params-readme,forks,actioncable,6.1.3.1,gem
learn-co-curriculum/phase-4-rails-route-params-readme,forks,crass,1.0.6,gem
learn-co-curriculum/phase-4-rails-route-params-readme,forks,listen,3.5.1,gem
learn-co-curriculum/phase-4-rails-route-params-readme,forks,zeitwerk,2.4.2,gem
learn-co-curriculum/phase-4-rails-route-params-readme,forks,i18n,1.8.10,gem
learn-co-curriculum/phase-4-rails-route-params-readme,forks,sprockets-rails,3.2.2,gem
learn-co-curriculum/phase-4-rails-route-params-readme,forks,diff-lcs,1.4.4,gem
learn-co-curriculum/phase-4-rails-route-params-readme,forks,actionview,6.1.3.1,gem
learn-co-curriculum/phase-4-rails-route-params-readme,forks,rack-test,1.1.0,gem
learn-co-curriculum/phase-4-rails-route-params-readme,forks,rspec-mocks,3.10.2,gem
learn-co-curriculum/phase-4-rails-route-params-readme,forks,nokogiri,1.11.3-x86_64-darwin,gem
learn-co-curriculum/phase-4-rails-route-params-readme,forks,puma,5.2.2,gem
learn-co-curriculum/phase-4-rails-route-params-readme,forks,websocket-extensions,0.1.5,gem
learn-co-curriculum/phase-4-rails-route-params-readme,forks,mail,2.7.1,gem
learn-co-curriculum/phase-4-rails-route-params-readme,forks,rack,2.2.3,gem
learn-co-curriculum/phase-4-rails-route-params-readme,forks,rb-inotify,0.10.1,gem
learn-co-curriculum/phase-4-rails-route-params-readme,forks,concurrent-ruby,1.1.8,gem
learn-co-curriculum/phase-4-rails-route-params-readme,forks,activejob,6.1.3.1,gem
learn-co-curriculum/phase-4-rails-route-params-readme,forks,globalid,0.4.2,gem
learn-co-curriculum/phase-4-rails-route-params-readme,forks,actionmailer,6.1.3.1,gem
learn-co-curriculum/phase-4-rails-route-params-readme,forks,shoulda-matchers,4.5.1,gem
learn-co-curriculum/phase-4-rails-route-params-readme,forks,activestorage,6.1.3.1,gem
learn-co-curriculum/phase-4-rails-route-params-readme,forks,mini_portile2,2.5.1,gem
learn-co-curriculum/phase-4-rails-route-params-readme,forks,byebug,11.1.3,gem
learn-co-curriculum/phase-4-rails-route-params-readme,forks,racc,1.5.2,gem
learn-co-curriculum/phase-4-rails-route-params-readme,forks,websocket-driver,0.7.3,gem
learn-co-curriculum/phase-4-rails-route-params-readme,forks,marcel,1.0.1,gem
learn-co-curriculum/phase-4-rails-route-params-readme,forks,rspec-expectations,3.10.1,gem
learn-co-curriculum/phase-4-rails-route-params-readme,forks,activerecord,6.1.3.1,gem
learn-co-curriculum/phase-4-rails-route-params-readme,forks,activemodel,6.1.3.1,gem
learn-co-curriculum/phase-4-rails-route-params-readme,forks,rspec-core,3.10.1,gem
learn-co-curriculum/phase-4-rails-route-params-readme,forks,ffi,1.15.0,gem
learn-co-curriculum/phase-4-rails-route-params-readme,forks,railties,6.1.3.1,gem
learn-co-curriculum/phase-4-rails-route-params-readme,forks,sqlite3,1.4.2,gem
learn-co-curriculum/phase-4-rails-route-params-readme,forks,sprockets,4.0.2,gem
learn-co-curriculum/phase-4-rails-route-params-readme,forks,erubi,1.10.0,gem
learn-co-curriculum/phase-4-rails-route-params-readme,forks,rails-html-sanitizer,1.3.0,gem
learn-co-curriculum/phase-4-rails-route-params-readme,forks,actiontext,6.1.3.1,gem
learn-co-curriculum/phase-4-rails-route-params-readme,forks,rb-fsevent,0.10.4,gem
learn-co-curriculum/phase-4-rails-route-params-readme,forks,actionmailbox,6.1.3.1,gem
learn-co-curriculum/phase-4-rails-route-params-readme,forks,rails-dom-testing,2.0.3,gem
learn-co-curriculum/phase-4-rails-route-params-readme,forks,loofah,2.9.1,gem
learn-co-curriculum/phase-4-rails-route-params-readme,forks,mini_mime,1.0.3,gem
learn-co-curriculum/phase-4-rails-route-params-readme,forks,builder,3.2.4,gem
learn-co-curriculum/phase-4-rails-route-params-readme,forks,tzinfo,2.0.4,gem
learn-co-curriculum/phase-4-rails-route-params-readme,forks,nio4r,2.5.7,gem
learn-co-curriculum/phase-4-rails-route-params-readme,forks,method_source,1.0.0,gem
learn-co-curriculum/phase-4-rails-route-params-readme,forks,rails,6.1.3.1,gem
learn-co-curriculum/phase-4-rails-route-params-readme,forks,rspec-support,3.10.2,gem
learn-co-curriculum/phase-4-rails-route-params-readme,forks,rspec-rails,5.0.1,gem
learn-co-curriculum/phase-4-rails-route-params-readme,forks,activesupport,6.1.3.1,gem
learn-co-curriculum/phase-4-rails-route-params-readme,forks,thor,1.1.0,gem
learn-co-curriculum/phase-4-rails-route-params-readme,forks,rake,13.0.3,gem
learn-co-curriculum/phase-4-rails-route-params-readme,forks,actionpack,6.1.3.1,gem
learn-co-curriculum/phase-4-rails-route-params-readme,forks,rspec-json_expectations,2.2.0,gem
progit/progit,forks,maruku,0.7.1,gem
progit/progit,forks,parallel,>= 0,gem
progit/progit,forks,redcarpet,>= 0,gem
learn-co-curriculum/phase-3-active-record-associations-many-to-many,forks,tzinfo,2.0.4,gem
learn-co-curriculum/phase-3-active-record-associations-many-to-many,forks,faker,2.18.0,gem
learn-co-curriculum/phase-3-active-record-associations-many-to-many,forks,coderay,1.1.3,gem
learn-co-curriculum/phase-3-active-record-associations-many-to-many,forks,database_cleaner-active_record,2.0.1,gem
learn-co-curriculum/phase-3-active-record-associations-many-to-many,forks,rspec-core,3.10.1,gem
learn-co-curriculum/phase-3-active-record-associations-many-to-many,forks,rspec-support,3.10.2,gem
learn-co-curriculum/phase-3-active-record-associations-many-to-many,forks,concurrent-ruby,1.1.9,gem
learn-co-curriculum/phase-3-active-record-associations-many-to-many,forks,rspec-expectations,3.10.1,gem
learn-co-curriculum/phase-3-active-record-associations-many-to-many,forks,minitest,5.14.4,gem
learn-co-curriculum/phase-3-active-record-associations-many-to-many,forks,mustermann,1.1.1,gem
learn-co-curriculum/phase-3-active-record-associations-many-to-many,forks,database_cleaner,2.0.1,gem
learn-co-curriculum/phase-3-active-record-associations-many-to-many,forks,zeitwerk,2.4.2,gem
learn-co-curriculum/phase-3-active-record-associations-many-to-many,forks,diff-lcs,1.4.4,gem
learn-co-curriculum/phase-3-active-record-associations-many-to-many,forks,sinatra,2.1.0,gem
learn-co-curriculum/phase-3-active-record-associations-many-to-many,forks,ruby2_keywords,0.0.5,gem
learn-co-curriculum/phase-3-active-record-associations-many-to-many,forks,rack-protection,2.1.0,gem
learn-co-curriculum/phase-3-active-record-associations-many-to-many,forks,method_source,1.0.0,gem
learn-co-curriculum/phase-3-active-record-associations-many-to-many,forks,activesupport,6.1.4,gem
learn-co-curriculum/phase-3-active-record-associations-many-to-many,forks,require_all,3.0.0,gem
learn-co-curriculum/phase-3-active-record-associations-many-to-many,forks,rack,2.2.3,gem
learn-co-curriculum/phase-3-active-record-associations-many-to-many,forks,i18n,1.8.10,gem
learn-co-curriculum/phase-3-active-record-associations-many-to-many,forks,rspec-mocks,3.10.2,gem
learn-co-curriculum/phase-3-active-record-associations-many-to-many,forks,activerecord,6.1.4,gem
learn-co-curriculum/phase-3-active-record-associations-many-to-many,forks,pry,0.14.1,gem
learn-co-curriculum/phase-3-active-record-associations-many-to-many,forks,database_cleaner-core,2.0.1,gem
learn-co-curriculum/phase-3-active-record-associations-many-to-many,forks,sqlite3,1.4.2,gem
learn-co-curriculum/phase-3-active-record-associations-many-to-many,forks,rake,13.0.6,gem
learn-co-curriculum/phase-3-active-record-associations-many-to-many,forks,activemodel,6.1.4,gem
learn-co-curriculum/phase-3-active-record-associations-many-to-many,forks,sinatra-activerecord,2.0.23,gem
learn-co-curriculum/phase-3-active-record-associations-many-to-many,forks,tilt,2.0.10,gem
learn-co-curriculum/phase-3-active-record-associations-many-to-many,forks,rspec,3.10.0,gem
learn-co-curriculum/phase-4-rails-strong-params,forks,rspec-rails,5.0.1,gem
learn-co-curriculum/phase-4-rails-strong-params,forks,rack-cors,1.1.1,gem
learn-co-curriculum/phase-4-rails-strong-params,forks,sprockets-rails,3.2.2,gem
learn-co-curriculum/phase-4-rails-strong-params,forks,rb-fsevent,0.10.4,gem
learn-co-curriculum/phase-4-rails-strong-params,forks,rspec-mocks,3.10.2,gem
learn-co-curriculum/phase-4-rails-strong-params,forks,ffi,1.15.0,gem
learn-co-curriculum/phase-4-rails-strong-params,forks,activestorage,6.1.3.1,gem
learn-co-curriculum/phase-4-rails-strong-params,forks,mail,2.7.1,gem
learn-co-curriculum/phase-4-rails-strong-params,forks,marcel,1.0.1,gem
learn-co-curriculum/phase-4-rails-strong-params,forks,puma,5.2.2,gem
learn-co-curriculum/phase-4-rails-strong-params,forks,rails-dom-testing,2.0.3,gem
learn-co-curriculum/phase-4-rails-strong-params,forks,activejob,6.1.3.1,gem
learn-co-curriculum/phase-4-rails-strong-params,forks,rack,2.2.3,gem
learn-co-curriculum/phase-4-rails-strong-params,forks,mini_mime,1.0.3,gem
learn-co-curriculum/phase-4-rails-strong-params,forks,sprockets,4.0.2,gem
learn-co-curriculum/phase-4-rails-strong-params,forks,tzinfo,2.0.4,gem
learn-co-curriculum/phase-4-rails-strong-params,forks,shoulda-matchers,4.5.1,gem
learn-co-curriculum/phase-4-rails-strong-params,forks,actionmailer,6.1.3.1,gem
learn-co-curriculum/phase-4-rails-strong-params,forks,minitest,5.14.4,gem
learn-co-curriculum/phase-4-rails-strong-params,forks,listen,3.5.1,gem
learn-co-curriculum/phase-4-rails-strong-params,forks,rb-inotify,0.10.1,gem
learn-co-curriculum/phase-4-rails-strong-params,forks,rspec-core,3.10.1,gem
learn-co-curriculum/phase-4-rails-strong-params,forks,rspec-support,3.10.2,gem
learn-co-curriculum/phase-4-rails-strong-params,forks,activerecord,6.1.3.1,gem
learn-co-curriculum/phase-4-rails-strong-params,forks,globalid,0.4.2,gem
learn-co-curriculum/phase-4-rails-strong-params,forks,actionmailbox,6.1.3.1,gem
learn-co-curriculum/phase-4-rails-strong-params,forks,sqlite3,1.4.2,gem
learn-co-curriculum/phase-4-rails-strong-params,forks,activesupport,6.1.3.1,gem
learn-co-curriculum/phase-4-rails-strong-params,forks,rails,6.1.3.1,gem
learn-co-curriculum/phase-4-rails-strong-params,forks,websocket-extensions,0.1.5,gem
learn-co-curriculum/phase-4-rails-strong-params,forks,builder,3.2.4,gem
learn-co-curriculum/phase-4-rails-strong-params,forks,loofah,2.9.1,gem
learn-co-curriculum/phase-4-rails-strong-params,forks,thor,1.1.0,gem
learn-co-curriculum/phase-4-rails-strong-params,forks,method_source,1.0.0,gem
learn-co-curriculum/phase-4-rails-strong-params,forks,nio4r,2.5.7,gem
learn-co-curriculum/phase-4-rails-strong-params,forks,rails-html-sanitizer,1.3.0,gem
learn-co-curriculum/phase-4-rails-strong-params,forks,rspec-json_expectations,2.2.0,gem
learn-co-curriculum/phase-4-rails-strong-params,forks,concurrent-ruby,1.1.8,gem
learn-co-curriculum/phase-4-rails-strong-params,forks,rack-test,1.1.0,gem
learn-co-curriculum/phase-4-rails-strong-params,forks,activemodel,6.1.3.1,gem
learn-co-curriculum/phase-4-rails-strong-params,forks,nokogiri,1.11.3-x86_64-darwin,gem
learn-co-curriculum/phase-4-rails-strong-params,forks,zeitwerk,2.4.2,gem
learn-co-curriculum/phase-4-rails-strong-params,forks,actionview,6.1.3.1,gem
learn-co-curriculum/phase-4-rails-strong-params,forks,crass,1.0.6,gem
learn-co-curriculum/phase-4-rails-strong-params,forks,i18n,1.8.10,gem
learn-co-curriculum/phase-4-rails-strong-params,forks,racc,1.5.2,gem
learn-co-curriculum/phase-4-rails-strong-params,forks,rake,13.0.3,gem
learn-co-curriculum/phase-4-rails-strong-params,forks,actioncable,6.1.3.1,gem
learn-co-curriculum/phase-4-rails-strong-params,forks,erubi,1.10.0,gem
learn-co-curriculum/phase-4-rails-strong-params,forks,websocket-driver,0.7.3,gem
learn-co-curriculum/phase-4-rails-strong-params,forks,actionpack,6.1.3.1,gem
learn-co-curriculum/phase-4-rails-strong-params,forks,railties,6.1.3.1,gem
learn-co-curriculum/phase-4-rails-strong-params,forks,diff-lcs,1.4.4,gem
learn-co-curriculum/phase-4-rails-strong-params,forks,rspec-expectations,3.10.1,gem
learn-co-curriculum/phase-4-rails-strong-params,forks,actiontext,6.1.3.1,gem
learn-co-curriculum/phase-4-rails-strong-params,forks,byebug,11.1.3,gem
sclorg/ruby-ex,forks,nio4r,2.5.9,gem
sclorg/ruby-ex,forks,puma,4.3.5,gem
sclorg/ruby-ex,forks,rack,2.2.10,gem
learn-co-curriculum/phase-4-active-record-validations-lab,forks,railties,6.1.3.1,gem
learn-co-curriculum/phase-4-active-record-validations-lab,forks,actioncable,6.1.3.1,gem
learn-co-curriculum/phase-4-active-record-validations-lab,forks,rack,2.2.3,gem
learn-co-curriculum/phase-4-active-record-validations-lab,forks,tzinfo,2.0.4,gem
learn-co-curriculum/phase-4-active-record-validations-lab,forks,rspec-mocks,3.10.2,gem
learn-co-curriculum/phase-4-active-record-validations-lab,forks,i18n,1.8.10,gem
learn-co-curriculum/phase-4-active-record-validations-lab,forks,rake,13.0.3,gem
learn-co-curriculum/phase-4-active-record-validations-lab,forks,websocket-driver,0.7.3,gem
learn-co-curriculum/phase-4-active-record-validations-lab,forks,actionview,6.1.3.1,gem
learn-co-curriculum/phase-4-active-record-validations-lab,forks,rspec-support,3.10.2,gem
learn-co-curriculum/phase-4-active-record-validations-lab,forks,rack-test,1.1.0,gem
learn-co-curriculum/phase-4-active-record-validations-lab,forks,diff-lcs,1.4.4,gem
learn-co-curriculum/phase-4-active-record-validations-lab,forks,activerecord,6.1.3.1,gem
learn-co-curriculum/phase-4-active-record-validations-lab,forks,sqlite3,1.4.2,gem
learn-co-curriculum/phase-4-active-record-validations-lab,forks,actiontext,6.1.3.1,gem
learn-co-curriculum/phase-4-active-record-validations-lab,forks,puma,5.2.2,gem
learn-co-curriculum/phase-4-active-record-validations-lab,forks,sprockets,4.0.2,gem
learn-co-curriculum/phase-4-active-record-validations-lab,forks,rails,6.1.3.1,gem
learn-co-curriculum/phase-4-active-record-validations-lab,forks,mini_mime,1.0.3,gem
learn-co-curriculum/phase-4-active-record-validations-lab,forks,rspec-expectations,3.10.1,gem
learn-co-curriculum/phase-4-active-record-validations-lab,forks,method_source,1.0.0,gem
learn-co-curriculum/phase-4-active-record-validations-lab,forks,listen,3.5.1,gem
learn-co-curriculum/phase-4-active-record-validations-lab,forks,rails-html-sanitizer,1.3.0,gem
learn-co-curriculum/phase-4-active-record-validations-lab,forks,loofah,2.9.1,gem
learn-co-curriculum/phase-4-active-record-validations-lab,forks,activesupport,6.1.3.1,gem
learn-co-curriculum/phase-4-active-record-validations-lab,forks,rspec-core,3.10.1,gem
learn-co-curriculum/phase-4-active-record-validations-lab,forks,concurrent-ruby,1.1.8,gem
learn-co-curriculum/phase-4-active-record-validations-lab,forks,actionpack,6.1.3.1,gem
learn-co-curriculum/phase-4-active-record-validations-lab,forks,shoulda-matchers,4.5.1,gem
learn-co-curriculum/phase-4-active-record-validations-lab,forks,activemodel,6.1.3.1,gem
learn-co-curriculum/phase-4-active-record-validations-lab,forks,globalid,0.4.2,gem
learn-co-curriculum/phase-4-active-record-validations-lab,forks,sprockets-rails,3.2.2,gem
learn-co-curriculum/phase-4-active-record-validations-lab,forks,rb-fsevent,0.10.4,gem
learn-co-curriculum/phase-4-active-record-validations-lab,forks,rb-inotify,0.10.1,gem
learn-co-curriculum/phase-4-active-record-validations-lab,forks,rspec-rails,5.0.1,gem
learn-co-curriculum/phase-4-active-record-validations-lab,forks,rack-cors,1.1.1,gem
learn-co-curriculum/phase-4-active-record-validations-lab,forks,activejob,6.1.3.1,gem
learn-co-curriculum/phase-4-active-record-validations-lab,forks,zeitwerk,2.4.2,gem
learn-co-curriculum/phase-4-active-record-validations-lab,forks,erubi,1.10.0,gem
learn-co-curriculum/phase-4-active-record-validations-lab,forks,marcel,1.0.1,gem
learn-co-curriculum/phase-4-active-record-validations-lab,forks,mail,2.7.1,gem
learn-co-curriculum/phase-4-active-record-validations-lab,forks,minitest,5.14.4,gem
learn-co-curriculum/phase-4-active-record-validations-lab,forks,rspec-json_expectations,2.2.0,gem
learn-co-curriculum/phase-4-active-record-validations-lab,forks,nokogiri,1.11.3-x86_64-darwin,gem
learn-co-curriculum/phase-4-active-record-validations-lab,forks,byebug,11.1.3,gem
learn-co-curriculum/phase-4-active-record-validations-lab,forks,actionmailer,6.1.3.1,gem
learn-co-curriculum/phase-4-active-record-validations-lab,forks,thor,1.1.0,gem
learn-co-curriculum/phase-4-active-record-validations-lab,forks,activestorage,6.1.3.1,gem
learn-co-curriculum/phase-4-active-record-validations-lab,forks,builder,3.2.4,gem
learn-co-curriculum/phase-4-active-record-validations-lab,forks,crass,1.0.6,gem
learn-co-curriculum/phase-4-active-record-validations-lab,forks,rails-dom-testing,2.0.3,gem
learn-co-curriculum/phase-4-active-record-validations-lab,forks,actionmailbox,6.1.3.1,gem
learn-co-curriculum/phase-4-active-record-validations-lab,forks,nio4r,2.5.7,gem
learn-co-curriculum/phase-4-active-record-validations-lab,forks,ffi,1.15.0,gem
learn-co-curriculum/phase-4-active-record-validations-lab,forks,racc,1.5.2,gem
learn-co-curriculum/phase-4-active-record-validations-lab,forks,websocket-extensions,0.1.5,gem
